Machine model: Mac16,5
OS version: 24G419
Boot arguments: 
Boot time: Sun Jan 18 19:40:49 2026



*** Sampled system activity (Tue Jan 20 15:17:03 2026 +0100) (1017.08ms elapsed) ***


**** Processor usage ****

E-Cluster Online: 100%
E-Cluster HW active frequency: 2058 MHz
E-Cluster HW active residency:  61.02% (1020 MHz:  17% 1404 MHz: 1.9% 1788 MHz: 2.9% 2112 MHz: 1.8% 2352 MHz: 1.6% 2532 MHz: 8.1% 2592 MHz:  28%)
E-Cluster idle residency:  38.98%
E-Cluster down residency:   0.00%
CPU 0 frequency: 2026 MHz
CPU 0 active residency:  30.07% (1020 MHz: 8.9% 1404 MHz: .76% 1788 MHz: 1.6% 2112 MHz: .80% 2352 MHz: .90% 2532 MHz: 3.5% 2592 MHz:  14%)
CPU 0 idle residency:  69.93%
CPU 0 down residency:   0.00%
CPU 1 frequency: 2023 MHz
CPU 1 active residency:  17.23% (1020 MHz: 4.6% 1404 MHz: .71% 1788 MHz: 1.1% 2112 MHz: 1.1% 2352 MHz: .59% 2532 MHz: 2.8% 2592 MHz: 6.3%)
CPU 1 idle residency:  82.77%
CPU 1 down residency:   0.00%
CPU 2 frequency: 2037 MHz
CPU 2 active residency:   9.99% (1020 MHz: 2.6% 1404 MHz: .20% 1788 MHz: .97% 2112 MHz: .65% 2352 MHz: .17% 2532 MHz: 1.3% 2592 MHz: 4.1%)
CPU 2 idle residency:  90.01%
CPU 2 down residency:   0.00%
CPU 3 frequency: 2098 MHz
CPU 3 active residency:   6.04% (1020 MHz: 1.5% 1404 MHz: .17% 1788 MHz: .28% 2112 MHz: .43% 2352 MHz: .09% 2532 MHz: .75% 2592 MHz: 2.9%)
CPU 3 idle residency:  93.96%
CPU 3 down residency:   0.00%

P0-Cluster Online: 100%
P0-Cluster HW active frequency: 4071 MHz
P0-Cluster HW active residency:  99.16% (1260 MHz:   0% 1512 MHz:   0% 1800 MHz:   0% 2088 MHz:   0% 2352 MHz:   0% 2616 MHz:   0% 2868 MHz:   0% 3096 MHz:   0% 3300 MHz:   0% 3468 MHz:   0% 3624 MHz:   0% 3756 MHz:   0% 3828 MHz:   0% 3888 MHz:  29% 3948 MHz:  36% 3996 MHz: 5.4% 4044 MHz: 3.5% 4104 MHz:   0% 4416 MHz: 9.4% 4512 MHz:  16%)
P0-Cluster idle residency:   0.84%
P0-Cluster down residency:   0.00%
CPU 4 frequency: 4512 MHz
CPU 4 active residency:  57.45% (1260 MHz:   0% 1512 MHz:   0% 1800 MHz:   0% 2088 MHz:   0% 2352 MHz:   0% 2616 MHz:   0% 2868 MHz:   0% 3096 MHz:   0% 3300 MHz:   0% 3468 MHz:   0% 3624 MHz:   0% 3756 MHz:   0% 3828 MHz:   0% 3888 MHz:   0% 3948 MHz:   0% 3996 MHz:   0% 4044 MHz:   0% 4104 MHz:   0% 4416 MHz:   0% 4512 MHz:  57%)
CPU 4 idle residency:  42.55%
CPU 4 down residency:   0.00%
CPU 5 frequency: 4512 MHz
CPU 5 active residency:  45.89% (1260 MHz:   0% 1512 MHz:   0% 1800 MHz:   0% 2088 MHz:   0% 2352 MHz:   0% 2616 MHz:   0% 2868 MHz:   0% 3096 MHz:   0% 3300 MHz:   0% 3468 MHz:   0% 3624 MHz:   0% 3756 MHz:   0% 3828 MHz:   0% 3888 MHz:   0% 3948 MHz:   0% 3996 MHz:   0% 4044 MHz:   0% 4104 MHz:   0% 4416 MHz:   0% 4512 MHz:  46%)
CPU 5 idle residency:  54.11%
CPU 5 down residency:   0.00%
CPU 6 frequency: 4512 MHz
CPU 6 active residency:  52.77% (1260 MHz:   0% 1512 MHz:   0% 1800 MHz:   0% 2088 MHz:   0% 2352 MHz:   0% 2616 MHz:   0% 2868 MHz:   0% 3096 MHz:   0% 3300 MHz:   0% 3468 MHz:   0% 3624 MHz:   0% 3756 MHz:   0% 3828 MHz:   0% 3888 MHz:   0% 3948 MHz:   0% 3996 MHz:   0% 4044 MHz:   0% 4104 MHz:   0% 4416 MHz:   0% 4512 MHz:  53%)
CPU 6 idle residency:  47.23%
CPU 6 down residency:   0.00%
CPU 7 frequency: 4512 MHz
CPU 7 active residency:  47.85% (1260 MHz:   0% 1512 MHz:   0% 1800 MHz:   0% 2088 MHz:   0% 2352 MHz:   0% 2616 MHz:   0% 2868 MHz:   0% 3096 MHz:   0% 3300 MHz:   0% 3468 MHz:   0% 3624 MHz:   0% 3756 MHz:   0% 3828 MHz:   0% 3888 MHz:   0% 3948 MHz:   0% 3996 MHz:   0% 4044 MHz:   0% 4104 MHz:   0% 4416 MHz:   0% 4512 MHz:  48%)
CPU 7 idle residency:  52.15%
CPU 7 down residency:   0.00%
CPU 8 frequency: 4512 MHz
CPU 8 active residency:  55.29% (1260 MHz:   0% 1512 MHz:   0% 1800 MHz:   0% 2088 MHz:   0% 2352 MHz:   0% 2616 MHz:   0% 2868 MHz:   0% 3096 MHz:   0% 3300 MHz:   0% 3468 MHz:   0% 3624 MHz:   0% 3756 MHz:   0% 3828 MHz:   0% 3888 MHz:   0% 3948 MHz:   0% 3996 MHz:   0% 4044 MHz:   0% 4104 MHz:   0% 4416 MHz:   0% 4512 MHz:  55%)
CPU 8 idle residency:  44.71%
CPU 8 down residency:   0.00%
CPU 9 frequency: 4512 MHz
CPU 9 active residency:  58.89% (1260 MHz:   0% 1512 MHz:   0% 1800 MHz:   0% 2088 MHz:   0% 2352 MHz:   0% 2616 MHz:   0% 2868 MHz:   0% 3096 MHz:   0% 3300 MHz:   0% 3468 MHz:   0% 3624 MHz:   0% 3756 MHz:   0% 3828 MHz:   0% 3888 MHz:   0% 3948 MHz:   0% 3996 MHz:   0% 4044 MHz:   0% 4104 MHz:   0% 4416 MHz:   0% 4512 MHz:  59%)
CPU 9 idle residency:  41.11%
CPU 9 down residency:   0.00%

P1-Cluster HW active frequency: 2486 MHz
P1-Cluster HW active residency:  10.15% (1260 MHz: 5.4% 1512 MHz: .31% 1800 MHz:   0% 2088 MHz: .05% 2352 MHz:   0% 2616 MHz:   0% 2868 MHz:   0% 3096 MHz:   0% 3300 MHz:   0% 3468 MHz:   0% 3624 MHz:   0% 3756 MHz:   0% 3828 MHz:   0% 3888 MHz: .71% 3948 MHz: 1.9% 3996 MHz: .21% 4044 MHz: .65% 4104 MHz:   0% 4416 MHz: .14% 4512 MHz: .78%)
P1-Cluster idle residency:  13.74%
P1-Cluster down residency:  76.11%
CPU 10 frequency: 4186 MHz
CPU 10 active residency:  11.26% (1260 MHz: .74% 1512 MHz: .40% 1800 MHz: .02% 2088 MHz:   0% 2352 MHz:   0% 2616 MHz:   0% 2868 MHz:   0% 3096 MHz:   0% 3300 MHz:   0% 3468 MHz:   0% 3624 MHz: .00% 3756 MHz:   0% 3828 MHz:   0% 3888 MHz:   0% 3948 MHz:   0% 3996 MHz:   0% 4044 MHz:   0% 4104 MHz:   0% 4416 MHz: .03% 4512 MHz:  10%)
CPU 10 idle residency:  19.18%
CPU 10 down residency:  69.56%
CPU 11 frequency: 3565 MHz
CPU 11 active residency:   5.01% (1260 MHz: .78% 1512 MHz: .43% 1800 MHz: .03% 2088 MHz: .02% 2352 MHz:   0% 2616 MHz:   0% 2868 MHz:   0% 3096 MHz:   0% 3300 MHz:   0% 3468 MHz:   0% 3624 MHz: .55% 3756 MHz: .38% 3828 MHz: .03% 3888 MHz:   0% 3948 MHz:   0% 3996 MHz:   0% 4044 MHz:   0% 4104 MHz:   0% 4416 MHz: .03% 4512 MHz: 2.8%)
CPU 11 idle residency:  20.09%
CPU 11 down residency:  74.90%
CPU 12 frequency: 4087 MHz
CPU 12 active residency:   8.41% (1260 MHz: .71% 1512 MHz: .40% 1800 MHz: .02% 2088 MHz:   0% 2352 MHz:   0% 2616 MHz:   0% 2868 MHz:   0% 3096 MHz:   0% 3300 MHz:   0% 3468 MHz:   0% 3624 MHz:   0% 3756 MHz:   0% 3828 MHz:   0% 3888 MHz:   0% 3948 MHz:   0% 3996 MHz:   0% 4044 MHz:   0% 4104 MHz:   0% 4416 MHz: .03% 4512 MHz: 7.2%)
CPU 12 idle residency:  20.49%
CPU 12 down residency:  71.11%
CPU 13 frequency: 3925 MHz
CPU 13 active residency:   6.21% (1260 MHz: .72% 1512 MHz: .41% 1800 MHz: .02% 2088 MHz:   0% 2352 MHz:   0% 2616 MHz:   0% 2868 MHz:   0% 3096 MHz:   0% 3300 MHz:   0% 3468 MHz:   0% 3624 MHz:   0% 3756 MHz:   0% 3828 MHz:   0% 3888 MHz:   0% 3948 MHz:   0% 3996 MHz:   0% 4044 MHz:   0% 4104 MHz:   0% 4416 MHz: .03% 4512 MHz: 5.0%)
CPU 13 idle residency:  21.30%
CPU 13 down residency:  72.50%
CPU 14 frequency: 4059 MHz
CPU 14 active residency:   8.83% (1260 MHz: .75% 1512 MHz: .43% 1800 MHz: .03% 2088 MHz: .00% 2352 MHz:   0% 2616 MHz:   0% 2868 MHz:   0% 3096 MHz:   0% 3300 MHz:   0% 3468 MHz:   0% 3624 MHz: .22% 3756 MHz:   0% 3828 MHz:   0% 3888 MHz:   0% 3948 MHz:   0% 3996 MHz:   0% 4044 MHz:   0% 4104 MHz:   0% 4416 MHz: .03% 4512 MHz: 7.4%)
CPU 14 idle residency:  19.16%
CPU 14 down residency:  72.02%
CPU 15 frequency: 3840 MHz
CPU 15 active residency:   5.46% (1260 MHz: .73% 1512 MHz: .41% 1800 MHz: .02% 2088 MHz:   0% 2352 MHz:   0% 2616 MHz:   0% 2868 MHz:   0% 3096 MHz:   0% 3300 MHz:   0% 3468 MHz:   0% 3624 MHz:   0% 3756 MHz:   0% 3828 MHz:   0% 3888 MHz:   0% 3948 MHz:   0% 3996 MHz:   0% 4044 MHz:   0% 4104 MHz:   0% 4416 MHz: .03% 4512 MHz: 4.3%)
CPU 15 idle residency:  22.27%
CPU 15 down residency:  72.27%

CPU Power: 7407 mW
GPU Power: 22058 mW
ANE Power: 0 mW
Combined Power (CPU + GPU + ANE): 29466 mW

**** GPU usage ****

GPU HW active frequency: 1578 MHz
GPU HW active residency: 100.00% (338 MHz:   0% 618 MHz:   0% 796 MHz:   0% 924 MHz:   0% 952 MHz:   0% 1056 MHz:   0% 1062 MHz:   0% 1182 MHz:   0% 1182 MHz:   0% 1312 MHz:   0% 1242 MHz:   0% 1380 MHz:   0% 1326 MHz:   0% 1470 MHz:   0% 1578 MHz: 100%)
GPU SW requested state: (P1 :   0% P2 :   0% P3 :   0% P4 :   0% P5 :   0% P6 :   0% P7 :   0% P8 :   0% P9 :   0% P10 : 100% P11 :   0% P12 :   0% P13 :   0% P14 :   0% P15 :   0%)
GPU SW state: (SW_P1 :   0% SW_P2 :   0% SW_P3 :   0% SW_P4 :   0% SW_P5 :   0% SW_P6 :   0% SW_P7 :   0% SW_P8 :   0% SW_P9 :   0% SW_P10 : 100% SW_P11 :   0% SW_P12 :   0% SW_P13 :   0% SW_P14 :   0% SW_P15 :   0%)
GPU idle residency:   0.00%
GPU Power: 22084 mW



*** Sampled system activity (Tue Jan 20 15:17:04 2026 +0100) (1020.09ms elapsed) ***


**** Processor usage ****

E-Cluster Online: 100%
E-Cluster HW active frequency: 2266 MHz
E-Cluster HW active residency:  63.00% (1020 MHz: 9.6% 1404 MHz: .67% 1788 MHz: 4.7% 2112 MHz: .61% 2352 MHz: .64% 2532 MHz: 7.5% 2592 MHz:  39%)
E-Cluster idle residency:  37.00%
E-Cluster down residency:   0.00%
CPU 0 frequency: 2314 MHz
CPU 0 active residency:  29.18% (1020 MHz: 3.5% 1404 MHz: .32% 1788 MHz: 2.1% 2112 MHz: .45% 2352 MHz: .16% 2532 MHz: 5.0% 2592 MHz:  18%)
CPU 0 idle residency:  70.82%
CPU 0 down residency:   0.00%
CPU 1 frequency: 2224 MHz
CPU 1 active residency:  15.82% (1020 MHz: 2.4% 1404 MHz: .37% 1788 MHz: 1.5% 2112 MHz: .25% 2352 MHz: .49% 2532 MHz: 2.4% 2592 MHz: 8.4%)
CPU 1 idle residency:  84.18%
CPU 1 down residency:   0.00%
CPU 2 frequency: 2185 MHz
CPU 2 active residency:  10.96% (1020 MHz: 1.7% 1404 MHz: .34% 1788 MHz: 1.5% 2112 MHz: .04% 2352 MHz: .10% 2532 MHz: 1.8% 2592 MHz: 5.5%)
CPU 2 idle residency:  89.04%
CPU 2 down residency:   0.00%
CPU 3 frequency: 2231 MHz
CPU 3 active residency:   5.73% (1020 MHz: .95% 1404 MHz: .03% 1788 MHz: .52% 2112 MHz: .02% 2352 MHz: .23% 2532 MHz: 1.1% 2592 MHz: 2.9%)
CPU 3 idle residency:  94.27%
CPU 3 down residency:   0.00%

P0-Cluster Online: 26%
P0-Cluster HW active frequency: 3751 MHz
P0-Cluster HW active residency:  22.34% (1260 MHz: 1.5% 1512 MHz: .32% 1800 MHz:   0% 2088 MHz: .18% 2352 MHz:   0% 2616 MHz:   0% 2868 MHz:   0% 3096 MHz:   0% 3300 MHz:   0% 3468 MHz:   0% 3624 MHz:   0% 3756 MHz:   0% 3828 MHz:   0% 3888 MHz:  10% 3948 MHz: 4.5% 3996 MHz: 2.7% 4044 MHz: .89% 4104 MHz:   0% 4416 MHz: 1.0% 4512 MHz: .96%)
P0-Cluster idle residency:   3.49%
P0-Cluster down residency:  74.17%
CPU 4 frequency: 4477 MHz
CPU 4 active residency:  12.96% (1260 MHz: .04% 1512 MHz: .10% 1800 MHz:   0% 2088 MHz: .01% 2352 MHz:   0% 2616 MHz:   0% 2868 MHz:   0% 3096 MHz:   0% 3300 MHz:   0% 3468 MHz:   0% 3624 MHz:   0% 3756 MHz:   0% 3828 MHz:   0% 3888 MHz:   0% 3948 MHz:   0% 3996 MHz:   0% 4044 MHz:   0% 4104 MHz:   0% 4416 MHz:   0% 4512 MHz:  13%)
CPU 4 idle residency:  12.71%
CPU 4 down residency:  74.33%
CPU 5 frequency: 4487 MHz
CPU 5 active residency:  13.65% (1260 MHz: .01% 1512 MHz: .10% 1800 MHz:   0% 2088 MHz: .01% 2352 MHz:   0% 2616 MHz:   0% 2868 MHz:   0% 3096 MHz:   0% 3300 MHz:   0% 3468 MHz:   0% 3624 MHz:   0% 3756 MHz:   0% 3828 MHz:   0% 3888 MHz:   0% 3948 MHz:   0% 3996 MHz:   0% 4044 MHz:   0% 4104 MHz:   0% 4416 MHz:   0% 4512 MHz:  14%)
CPU 5 idle residency:  12.02%
CPU 5 down residency:  74.33%
CPU 6 frequency: 4487 MHz
CPU 6 active residency:  13.56% (1260 MHz: .00% 1512 MHz: .10% 1800 MHz:   0% 2088 MHz: .01% 2352 MHz:   0% 2616 MHz:   0% 2868 MHz:   0% 3096 MHz:   0% 3300 MHz:   0% 3468 MHz:   0% 3624 MHz:   0% 3756 MHz:   0% 3828 MHz:   0% 3888 MHz:   0% 3948 MHz:   0% 3996 MHz:   0% 4044 MHz:   0% 4104 MHz:   0% 4416 MHz:   0% 4512 MHz:  13%)
CPU 6 idle residency:  12.11%
CPU 6 down residency:  74.33%
CPU 7 frequency: 4484 MHz
CPU 7 active residency:  11.77% (1260 MHz:   0% 1512 MHz: .10% 1800 MHz:   0% 2088 MHz: .01% 2352 MHz:   0% 2616 MHz:   0% 2868 MHz:   0% 3096 MHz:   0% 3300 MHz:   0% 3468 MHz:   0% 3624 MHz:   0% 3756 MHz:   0% 3828 MHz:   0% 3888 MHz:   0% 3948 MHz:   0% 3996 MHz:   0% 4044 MHz:   0% 4104 MHz:   0% 4416 MHz:   0% 4512 MHz:  12%)
CPU 7 idle residency:  13.91%
CPU 7 down residency:  74.33%
CPU 8 frequency: 4472 MHz
CPU 8 active residency:  18.02% (1260 MHz: .03% 1512 MHz: .10% 1800 MHz:   0% 2088 MHz: .13% 2352 MHz:   0% 2616 MHz:   0% 2868 MHz:   0% 3096 MHz:   0% 3300 MHz:   0% 3468 MHz:   0% 3624 MHz:   0% 3756 MHz:   0% 3828 MHz:   0% 3888 MHz:   0% 3948 MHz:   0% 3996 MHz:   0% 4044 MHz:   0% 4104 MHz:   0% 4416 MHz:   0% 4512 MHz:  18%)
CPU 8 idle residency:   7.65%
CPU 8 down residency:  74.33%
CPU 9 frequency: 4478 MHz
CPU 9 active residency:  10.02% (1260 MHz: .00% 1512 MHz: .10% 1800 MHz:   0% 2088 MHz: .02% 2352 MHz:   0% 2616 MHz:   0% 2868 MHz:   0% 3096 MHz:   0% 3300 MHz:   0% 3468 MHz:   0% 3624 MHz:   0% 3756 MHz:   0% 3828 MHz:   0% 3888 MHz:   0% 3948 MHz:   0% 3996 MHz:   0% 4044 MHz:   0% 4104 MHz:   0% 4416 MHz:   0% 4512 MHz: 9.9%)
CPU 9 idle residency:  15.65%
CPU 9 down residency:  74.33%

P1-Cluster HW active frequency: 4047 MHz
P1-Cluster HW active residency:  80.64% (1260 MHz: 1.3% 1512 MHz: .03% 1800 MHz: .31% 2088 MHz:   0% 2352 MHz:   0% 2616 MHz:   0% 2868 MHz:   0% 3096 MHz:   0% 3300 MHz:   0% 3468 MHz:   0% 3624 MHz:   0% 3756 MHz:   0% 3828 MHz:   0% 3888 MHz:  14% 3948 MHz:  33% 3996 MHz: 5.4% 4044 MHz: 3.6% 4104 MHz:   0% 4416 MHz: 9.3% 4512 MHz:  14%)
P1-Cluster idle residency:   3.81%
P1-Cluster down residency:  15.55%
CPU 10 frequency: 4494 MHz
CPU 10 active residency:  41.37% (1260 MHz: .01% 1512 MHz: .20% 1800 MHz: .05% 2088 MHz:   0% 2352 MHz:   0% 2616 MHz:   0% 2868 MHz:   0% 3096 MHz:   0% 3300 MHz:   0% 3468 MHz:   0% 3624 MHz:   0% 3756 MHz:   0% 3828 MHz:   0% 3888 MHz:   0% 3948 MHz:   0% 3996 MHz:   0% 4044 MHz:   0% 4104 MHz:   0% 4416 MHz:   0% 4512 MHz:  41%)
CPU 10 idle residency:  43.56%
CPU 10 down residency:  15.07%
CPU 11 frequency: 4483 MHz
CPU 11 active residency:  32.78% (1260 MHz: .01% 1512 MHz: .20% 1800 MHz: .11% 2088 MHz:   0% 2352 MHz:   0% 2616 MHz:   0% 2868 MHz:   0% 3096 MHz:   0% 3300 MHz:   0% 3468 MHz:   0% 3624 MHz:   0% 3756 MHz:   0% 3828 MHz:   0% 3888 MHz:   0% 3948 MHz:   0% 3996 MHz:   0% 4044 MHz:   0% 4104 MHz:   0% 4416 MHz:   0% 4512 MHz:  32%)
CPU 11 idle residency:  52.14%
CPU 11 down residency:  15.08%
CPU 12 frequency: 4480 MHz
CPU 12 active residency:  39.29% (1260 MHz: .03% 1512 MHz: .20% 1800 MHz: .20% 2088 MHz:   0% 2352 MHz:   0% 2616 MHz:   0% 2868 MHz:   0% 3096 MHz:   0% 3300 MHz:   0% 3468 MHz:   0% 3624 MHz:   0% 3756 MHz:   0% 3828 MHz:   0% 3888 MHz:   0% 3948 MHz:   0% 3996 MHz:   0% 4044 MHz:   0% 4104 MHz:   0% 4416 MHz:   0% 4512 MHz:  39%)
CPU 12 idle residency:  45.50%
CPU 12 down residency:  15.21%
CPU 13 frequency: 4474 MHz
CPU 13 active residency:  38.30% (1260 MHz: .02% 1512 MHz: .20% 1800 MHz: .29% 2088 MHz:   0% 2352 MHz:   0% 2616 MHz:   0% 2868 MHz:   0% 3096 MHz:   0% 3300 MHz:   0% 3468 MHz:   0% 3624 MHz:   0% 3756 MHz:   0% 3828 MHz:   0% 3888 MHz:   0% 3948 MHz:   0% 3996 MHz:   0% 4044 MHz:   0% 4104 MHz:   0% 4416 MHz:   0% 4512 MHz:  38%)
CPU 13 idle residency:  46.43%
CPU 13 down residency:  15.28%
CPU 14 frequency: 4496 MHz
CPU 14 active residency:  37.42% (1260 MHz: .01% 1512 MHz: .19% 1800 MHz:   0% 2088 MHz:   0% 2352 MHz:   0% 2616 MHz:   0% 2868 MHz:   0% 3096 MHz:   0% 3300 MHz:   0% 3468 MHz:   0% 3624 MHz:   0% 3756 MHz:   0% 3828 MHz:   0% 3888 MHz:   0% 3948 MHz:   0% 3996 MHz:   0% 4044 MHz:   0% 4104 MHz:   0% 4416 MHz:   0% 4512 MHz:  37%)
CPU 14 idle residency:  47.61%
CPU 14 down residency:  14.96%
CPU 15 frequency: 4481 MHz
CPU 15 active residency:  40.33% (1260 MHz: .02% 1512 MHz: .20% 1800 MHz: .23% 2088 MHz:   0% 2352 MHz:   0% 2616 MHz:   0% 2868 MHz:   0% 3096 MHz:   0% 3300 MHz:   0% 3468 MHz:   0% 3624 MHz:   0% 3756 MHz:   0% 3828 MHz:   0% 3888 MHz:   0% 3948 MHz:   0% 3996 MHz:   0% 4044 MHz:   0% 4104 MHz:   0% 4416 MHz:   0% 4512 MHz:  40%)
CPU 15 idle residency:  44.23%
CPU 15 down residency:  15.44%

CPU Power: 7044 mW
GPU Power: 22703 mW
ANE Power: 0 mW
Combined Power (CPU + GPU + ANE): 29746 mW

**** GPU usage ****

GPU HW active frequency: 1578 MHz
GPU HW active residency: 100.00% (338 MHz:   0% 618 MHz:   0% 796 MHz:   0% 924 MHz:   0% 952 MHz:   0% 1056 MHz:   0% 1062 MHz:   0% 1182 MHz:   0% 1182 MHz:   0% 1312 MHz:   0% 1242 MHz:   0% 1380 MHz:   0% 1326 MHz:   0% 1470 MHz:   0% 1578 MHz: 100%)
GPU SW requested state: (P1 :   0% P2 :   0% P3 :   0% P4 :   0% P5 :   0% P6 :   0% P7 :   0% P8 :   0% P9 :   0% P10 : 100% P11 :   0% P12 :   0% P13 :   0% P14 :   0% P15 :   0%)
GPU SW state: (SW_P1 :   0% SW_P2 :   0% SW_P3 :   0% SW_P4 :   0% SW_P5 :   0% SW_P6 :   0% SW_P7 :   0% SW_P8 :   0% SW_P9 :   0% SW_P10 : 100% SW_P11 :   0% SW_P12 :   0% SW_P13 :   0% SW_P14 :   0% SW_P15 :   0%)
GPU idle residency:   0.00%
GPU Power: 22510 mW



*** Sampled system activity (Tue Jan 20 15:17:05 2026 +0100) (1020.08ms elapsed) ***


**** Processor usage ****

E-Cluster Online: 100%
E-Cluster HW active frequency: 2409 MHz
E-Cluster HW active residency:  60.95% (1020 MHz: 6.4% 1404 MHz: .23% 1788 MHz:   0% 2112 MHz: .33% 2352 MHz: 1.4% 2532 MHz: 5.4% 2592 MHz:  47%)
E-Cluster idle residency:  39.05%
E-Cluster down residency:   0.00%
CPU 0 frequency: 2437 MHz
CPU 0 active residency:  25.51% (1020 MHz: 2.3% 1404 MHz: .09% 1788 MHz:   0% 2112 MHz: .04% 2352 MHz: .48% 2532 MHz: 2.7% 2592 MHz:  20%)
CPU 0 idle residency:  74.49%
CPU 0 down residency:   0.00%
CPU 1 frequency: 2420 MHz
CPU 1 active residency:  14.73% (1020 MHz: 1.5% 1404 MHz: .01% 1788 MHz:   0% 2112 MHz: .20% 2352 MHz: .18% 2532 MHz: 1.0% 2592 MHz:  12%)
CPU 1 idle residency:  85.27%
CPU 1 down residency:   0.00%
CPU 2 frequency: 2435 MHz
CPU 2 active residency:   6.90% (1020 MHz: .59% 1404 MHz: .03% 1788 MHz:   0% 2112 MHz: .15% 2352 MHz: .14% 2532 MHz: .45% 2592 MHz: 5.5%)
CPU 2 idle residency:  93.10%
CPU 2 down residency:   0.00%
CPU 3 frequency: 2442 MHz
CPU 3 active residency:   3.61% (1020 MHz: .30% 1404 MHz: .01% 1788 MHz:   0% 2112 MHz: .01% 2352 MHz: .04% 2532 MHz: .55% 2592 MHz: 2.7%)
CPU 3 idle residency:  96.39%
CPU 3 down residency:   0.00%

P0-Cluster Online: 9%
P0-Cluster HW active frequency: 2453 MHz
P0-Cluster HW active residency:   4.28% (1260 MHz: 1.6% 1512 MHz: .22% 1800 MHz: .31% 2088 MHz: .08% 2352 MHz: .06% 2616 MHz: .61% 2868 MHz:   0% 3096 MHz: .01% 3300 MHz: .28% 3468 MHz:   0% 3624 MHz:   0% 3756 MHz:   0% 3828 MHz:   0% 3888 MHz: .00% 3948 MHz: .00% 3996 MHz: .01% 4044 MHz: .52% 4104 MHz:   0% 4416 MHz: .01% 4512 MHz: .56%)
P0-Cluster idle residency:   3.42%
P0-Cluster down residency:  92.31%
CPU 4 frequency: 0 MHz
CPU 4 active residency:   0.00% (1260 MHz:   0% 1512 MHz:   0% 1800 MHz:   0% 2088 MHz:   0% 2352 MHz:   0% 2616 MHz:   0% 2868 MHz:   0% 3096 MHz:   0% 3300 MHz:   0% 3468 MHz:   0% 3624 MHz:   0% 3756 MHz:   0% 3828 MHz:   0% 3888 MHz:   0% 3948 MHz:   0% 3996 MHz:   0% 4044 MHz:   0% 4104 MHz:   0% 4416 MHz:   0% 4512 MHz:   0%)
CPU 4 idle residency:   7.52%
CPU 4 down residency:  92.48%
CPU 5 frequency: 0 MHz
CPU 5 active residency:   0.00% (1260 MHz:   0% 1512 MHz:   0% 1800 MHz:   0% 2088 MHz:   0% 2352 MHz:   0% 2616 MHz:   0% 2868 MHz:   0% 3096 MHz:   0% 3300 MHz:   0% 3468 MHz:   0% 3624 MHz:   0% 3756 MHz:   0% 3828 MHz:   0% 3888 MHz:   0% 3948 MHz:   0% 3996 MHz:   0% 4044 MHz:   0% 4104 MHz:   0% 4416 MHz:   0% 4512 MHz:   0%)
CPU 5 idle residency:   6.54%
CPU 5 down residency:  93.46%
CPU 6 frequency: 0 MHz
CPU 6 active residency:   0.00% (1260 MHz:   0% 1512 MHz:   0% 1800 MHz:   0% 2088 MHz:   0% 2352 MHz:   0% 2616 MHz:   0% 2868 MHz:   0% 3096 MHz:   0% 3300 MHz:   0% 3468 MHz:   0% 3624 MHz:   0% 3756 MHz:   0% 3828 MHz:   0% 3888 MHz:   0% 3948 MHz:   0% 3996 MHz:   0% 4044 MHz:   0% 4104 MHz:   0% 4416 MHz:   0% 4512 MHz:   0%)
CPU 6 idle residency:   7.10%
CPU 6 down residency:  92.90%
CPU 7 frequency: 0 MHz
CPU 7 active residency:   0.00% (1260 MHz:   0% 1512 MHz:   0% 1800 MHz:   0% 2088 MHz:   0% 2352 MHz:   0% 2616 MHz:   0% 2868 MHz:   0% 3096 MHz:   0% 3300 MHz:   0% 3468 MHz:   0% 3624 MHz:   0% 3756 MHz:   0% 3828 MHz:   0% 3888 MHz:   0% 3948 MHz:   0% 3996 MHz:   0% 4044 MHz:   0% 4104 MHz:   0% 4416 MHz:   0% 4512 MHz:   0%)
CPU 7 idle residency:   7.41%
CPU 7 down residency:  92.59%
CPU 8 frequency: 0 MHz
CPU 8 active residency:   0.00% (1260 MHz:   0% 1512 MHz:   0% 1800 MHz:   0% 2088 MHz:   0% 2352 MHz:   0% 2616 MHz:   0% 2868 MHz:   0% 3096 MHz:   0% 3300 MHz:   0% 3468 MHz:   0% 3624 MHz:   0% 3756 MHz:   0% 3828 MHz:   0% 3888 MHz:   0% 3948 MHz:   0% 3996 MHz:   0% 4044 MHz:   0% 4104 MHz:   0% 4416 MHz:   0% 4512 MHz:   0%)
CPU 8 idle residency:   7.53%
CPU 8 down residency:  92.47%
CPU 9 frequency: 0 MHz
CPU 9 active residency:   0.00% (1260 MHz:   0% 1512 MHz:   0% 1800 MHz:   0% 2088 MHz:   0% 2352 MHz:   0% 2616 MHz:   0% 2868 MHz:   0% 3096 MHz:   0% 3300 MHz:   0% 3468 MHz:   0% 3624 MHz:   0% 3756 MHz:   0% 3828 MHz:   0% 3888 MHz:   0% 3948 MHz:   0% 3996 MHz:   0% 4044 MHz:   0% 4104 MHz:   0% 4416 MHz:   0% 4512 MHz:   0%)
CPU 9 idle residency:   7.48%
CPU 9 down residency:  92.52%

P1-Cluster HW active frequency: 4075 MHz
P1-Cluster HW active residency:  99.16% (1260 MHz:   0% 1512 MHz:   0% 1800 MHz:   0% 2088 MHz:   0% 2352 MHz:   0% 2616 MHz:   0% 2868 MHz:   0% 3096 MHz:   0% 3300 MHz:   0% 3468 MHz:   0% 3624 MHz:   0% 3756 MHz:   0% 3828 MHz:   0% 3888 MHz:  15% 3948 MHz:  46% 3996 MHz: 9.0% 4044 MHz: 5.6% 4104 MHz:   0% 4416 MHz: 9.5% 4512 MHz:  14%)
P1-Cluster idle residency:   0.84%
P1-Cluster down residency:   0.00%
CPU 10 frequency: 4512 MHz
CPU 10 active residency:  55.08% (1260 MHz:   0% 1512 MHz:   0% 1800 MHz:   0% 2088 MHz:   0% 2352 MHz:   0% 2616 MHz:   0% 2868 MHz:   0% 3096 MHz:   0% 3300 MHz:   0% 3468 MHz:   0% 3624 MHz:   0% 3756 MHz:   0% 3828 MHz:   0% 3888 MHz:   0% 3948 MHz:   0% 3996 MHz:   0% 4044 MHz:   0% 4104 MHz:   0% 4416 MHz:   0% 4512 MHz:  55%)
CPU 10 idle residency:  44.92%
CPU 10 down residency:   0.00%
CPU 11 frequency: 4512 MHz
CPU 11 active residency:  51.25% (1260 MHz:   0% 1512 MHz:   0% 1800 MHz:   0% 2088 MHz:   0% 2352 MHz:   0% 2616 MHz:   0% 2868 MHz:   0% 3096 MHz:   0% 3300 MHz:   0% 3468 MHz:   0% 3624 MHz:   0% 3756 MHz:   0% 3828 MHz:   0% 3888 MHz:   0% 3948 MHz:   0% 3996 MHz:   0% 4044 MHz:   0% 4104 MHz:   0% 4416 MHz:   0% 4512 MHz:  51%)
CPU 11 idle residency:  48.75%
CPU 11 down residency:   0.00%
CPU 12 frequency: 4512 MHz
CPU 12 active residency:  44.48% (1260 MHz:   0% 1512 MHz:   0% 1800 MHz:   0% 2088 MHz:   0% 2352 MHz:   0% 2616 MHz:   0% 2868 MHz:   0% 3096 MHz:   0% 3300 MHz:   0% 3468 MHz:   0% 3624 MHz:   0% 3756 MHz:   0% 3828 MHz:   0% 3888 MHz:   0% 3948 MHz:   0% 3996 MHz:   0% 4044 MHz:   0% 4104 MHz:   0% 4416 MHz:   0% 4512 MHz:  44%)
CPU 12 idle residency:  55.52%
CPU 12 down residency:   0.00%
CPU 13 frequency: 4512 MHz
CPU 13 active residency:  41.55% (1260 MHz:   0% 1512 MHz:   0% 1800 MHz:   0% 2088 MHz:   0% 2352 MHz:   0% 2616 MHz:   0% 2868 MHz:   0% 3096 MHz:   0% 3300 MHz:   0% 3468 MHz:   0% 3624 MHz:   0% 3756 MHz:   0% 3828 MHz:   0% 3888 MHz:   0% 3948 MHz:   0% 3996 MHz:   0% 4044 MHz:   0% 4104 MHz:   0% 4416 MHz:   0% 4512 MHz:  42%)
CPU 13 idle residency:  58.45%
CPU 13 down residency:   0.00%
CPU 14 frequency: 4512 MHz
CPU 14 active residency:  51.15% (1260 MHz:   0% 1512 MHz:   0% 1800 MHz:   0% 2088 MHz:   0% 2352 MHz:   0% 2616 MHz:   0% 2868 MHz:   0% 3096 MHz:   0% 3300 MHz:   0% 3468 MHz:   0% 3624 MHz:   0% 3756 MHz:   0% 3828 MHz:   0% 3888 MHz:   0% 3948 MHz:   0% 3996 MHz:   0% 4044 MHz:   0% 4104 MHz:   0% 4416 MHz:   0% 4512 MHz:  51%)
CPU 14 idle residency:  48.85%
CPU 14 down residency:   0.00%
CPU 15 frequency: 4512 MHz
CPU 15 active residency:  37.17% (1260 MHz:   0% 1512 MHz:   0% 1800 MHz:   0% 2088 MHz:   0% 2352 MHz:   0% 2616 MHz:   0% 2868 MHz:   0% 3096 MHz:   0% 3300 MHz:   0% 3468 MHz:   0% 3624 MHz:   0% 3756 MHz:   0% 3828 MHz:   0% 3888 MHz:   0% 3948 MHz:   0% 3996 MHz:   0% 4044 MHz:   0% 4104 MHz:   0% 4416 MHz:   0% 4512 MHz:  37%)
CPU 15 idle residency:  62.83%
CPU 15 down residency:   0.00%

CPU Power: 6876 mW
GPU Power: 22365 mW
ANE Power: 0 mW
Combined Power (CPU + GPU + ANE): 29241 mW

**** GPU usage ****

GPU HW active frequency: 1578 MHz
GPU HW active residency: 100.00% (338 MHz:   0% 618 MHz:   0% 796 MHz:   0% 924 MHz:   0% 952 MHz:   0% 1056 MHz:   0% 1062 MHz:   0% 1182 MHz:   0% 1182 MHz:   0% 1312 MHz:   0% 1242 MHz:   0% 1380 MHz:   0% 1326 MHz:   0% 1470 MHz:   0% 1578 MHz: 100%)
GPU SW requested state: (P1 :   0% P2 :   0% P3 :   0% P4 :   0% P5 :   0% P6 :   0% P7 :   0% P8 :   0% P9 :   0% P10 : 100% P11 :   0% P12 :   0% P13 :   0% P14 :   0% P15 :   0%)
GPU SW state: (SW_P1 :   0% SW_P2 :   0% SW_P3 :   0% SW_P4 :   0% SW_P5 :   0% SW_P6 :   0% SW_P7 :   0% SW_P8 :   0% SW_P9 :   0% SW_P10 : 100% SW_P11 :   0% SW_P12 :   0% SW_P13 :   0% SW_P14 :   0% SW_P15 :   0%)
GPU idle residency:   0.00%
GPU Power: 22550 mW



*** Sampled system activity (Tue Jan 20 15:17:06 2026 +0100) (1020.97ms elapsed) ***


**** Processor usage ****

E-Cluster Online: 100%
E-Cluster HW active frequency: 2592 MHz
E-Cluster HW active residency:  69.07% (1020 MHz:   0% 1404 MHz:   0% 1788 MHz:   0% 2112 MHz:   0% 2352 MHz:   0% 2532 MHz: .00% 2592 MHz:  69%)
E-Cluster idle residency:  30.93%
E-Cluster down residency:   0.00%
CPU 0 frequency: 2592 MHz
CPU 0 active residency:  31.41% (1020 MHz:   0% 1404 MHz:   0% 1788 MHz:   0% 2112 MHz:   0% 2352 MHz:   0% 2532 MHz:   0% 2592 MHz:  31%)
CPU 0 idle residency:  68.59%
CPU 0 down residency:   0.00%
CPU 1 frequency: 2592 MHz
CPU 1 active residency:  17.20% (1020 MHz:   0% 1404 MHz:   0% 1788 MHz:   0% 2112 MHz:   0% 2352 MHz:   0% 2532 MHz:   0% 2592 MHz:  17%)
CPU 1 idle residency:  82.80%
CPU 1 down residency:   0.00%
CPU 2 frequency: 2592 MHz
CPU 2 active residency:   8.67% (1020 MHz:   0% 1404 MHz:   0% 1788 MHz:   0% 2112 MHz:   0% 2352 MHz:   0% 2532 MHz:   0% 2592 MHz: 8.7%)
CPU 2 idle residency:  91.33%
CPU 2 down residency:   0.00%
CPU 3 frequency: 2592 MHz
CPU 3 active residency:   6.61% (1020 MHz:   0% 1404 MHz:   0% 1788 MHz:   0% 2112 MHz:   0% 2352 MHz:   0% 2532 MHz:   0% 2592 MHz: 6.6%)
CPU 3 idle residency:  93.39%
CPU 3 down residency:   0.00%

P0-Cluster Online: 9%
P0-Cluster HW active frequency: 2138 MHz
P0-Cluster HW active residency:   2.87% (1260 MHz: 2.0% 1512 MHz:   0% 1800 MHz: .08% 2088 MHz:   0% 2352 MHz:   0% 2616 MHz:   0% 2868 MHz:   0% 3096 MHz:   0% 3300 MHz:   0% 3468 MHz:   0% 3624 MHz:   0% 3756 MHz:   0% 3828 MHz:   0% 3888 MHz: .01% 3948 MHz: .03% 3996 MHz: .00% 4044 MHz: .31% 4104 MHz:   0% 4416 MHz: .07% 4512 MHz: .39%)
P0-Cluster idle residency:   4.95%
P0-Cluster down residency:  92.18%
CPU 4 frequency: 0 MHz
CPU 4 active residency:   0.00% (1260 MHz:   0% 1512 MHz:   0% 1800 MHz:   0% 2088 MHz:   0% 2352 MHz:   0% 2616 MHz:   0% 2868 MHz:   0% 3096 MHz:   0% 3300 MHz:   0% 3468 MHz:   0% 3624 MHz:   0% 3756 MHz:   0% 3828 MHz:   0% 3888 MHz:   0% 3948 MHz:   0% 3996 MHz:   0% 4044 MHz:   0% 4104 MHz:   0% 4416 MHz:   0% 4512 MHz:   0%)
CPU 4 idle residency:   7.02%
CPU 4 down residency:  92.98%
CPU 5 frequency: 0 MHz
CPU 5 active residency:   0.00% (1260 MHz:   0% 1512 MHz:   0% 1800 MHz:   0% 2088 MHz:   0% 2352 MHz:   0% 2616 MHz:   0% 2868 MHz:   0% 3096 MHz:   0% 3300 MHz:   0% 3468 MHz:   0% 3624 MHz:   0% 3756 MHz:   0% 3828 MHz:   0% 3888 MHz:   0% 3948 MHz:   0% 3996 MHz:   0% 4044 MHz:   0% 4104 MHz:   0% 4416 MHz:   0% 4512 MHz:   0%)
CPU 5 idle residency:   7.53%
CPU 5 down residency:  92.47%
CPU 6 frequency: 0 MHz
CPU 6 active residency:   0.00% (1260 MHz:   0% 1512 MHz:   0% 1800 MHz:   0% 2088 MHz:   0% 2352 MHz:   0% 2616 MHz:   0% 2868 MHz:   0% 3096 MHz:   0% 3300 MHz:   0% 3468 MHz:   0% 3624 MHz:   0% 3756 MHz:   0% 3828 MHz:   0% 3888 MHz:   0% 3948 MHz:   0% 3996 MHz:   0% 4044 MHz:   0% 4104 MHz:   0% 4416 MHz:   0% 4512 MHz:   0%)
CPU 6 idle residency:   7.63%
CPU 6 down residency:  92.37%
CPU 7 frequency: 0 MHz
CPU 7 active residency:   0.00% (1260 MHz:   0% 1512 MHz:   0% 1800 MHz:   0% 2088 MHz:   0% 2352 MHz:   0% 2616 MHz:   0% 2868 MHz:   0% 3096 MHz:   0% 3300 MHz:   0% 3468 MHz:   0% 3624 MHz:   0% 3756 MHz:   0% 3828 MHz:   0% 3888 MHz:   0% 3948 MHz:   0% 3996 MHz:   0% 4044 MHz:   0% 4104 MHz:   0% 4416 MHz:   0% 4512 MHz:   0%)
CPU 7 idle residency:   7.62%
CPU 7 down residency:  92.38%
CPU 8 frequency: 0 MHz
CPU 8 active residency:   0.00% (1260 MHz:   0% 1512 MHz:   0% 1800 MHz:   0% 2088 MHz:   0% 2352 MHz:   0% 2616 MHz:   0% 2868 MHz:   0% 3096 MHz:   0% 3300 MHz:   0% 3468 MHz:   0% 3624 MHz:   0% 3756 MHz:   0% 3828 MHz:   0% 3888 MHz:   0% 3948 MHz:   0% 3996 MHz:   0% 4044 MHz:   0% 4104 MHz:   0% 4416 MHz:   0% 4512 MHz:   0%)
CPU 8 idle residency:   7.59%
CPU 8 down residency:  92.41%
CPU 9 frequency: 0 MHz
CPU 9 active residency:   0.00% (1260 MHz:   0% 1512 MHz:   0% 1800 MHz:   0% 2088 MHz:   0% 2352 MHz:   0% 2616 MHz:   0% 2868 MHz:   0% 3096 MHz:   0% 3300 MHz:   0% 3468 MHz:   0% 3624 MHz:   0% 3756 MHz:   0% 3828 MHz:   0% 3888 MHz:   0% 3948 MHz:   0% 3996 MHz:   0% 4044 MHz:   0% 4104 MHz:   0% 4416 MHz:   0% 4512 MHz:   0%)
CPU 9 idle residency:   7.61%
CPU 9 down residency:  92.39%

P1-Cluster HW active frequency: 4073 MHz
P1-Cluster HW active residency:  99.11% (1260 MHz:   0% 1512 MHz:   0% 1800 MHz:   0% 2088 MHz:   0% 2352 MHz:   0% 2616 MHz:   0% 2868 MHz:   0% 3096 MHz:   0% 3300 MHz:   0% 3468 MHz:   0% 3624 MHz:   0% 3756 MHz:   0% 3828 MHz:   0% 3888 MHz: 8.1% 3948 MHz:  51% 3996 MHz:  12% 4044 MHz: 6.6% 4104 MHz:   0% 4416 MHz: 8.0% 4512 MHz:  14%)
P1-Cluster idle residency:   0.89%
P1-Cluster down residency:   0.00%
CPU 10 frequency: 4512 MHz
CPU 10 active residency:  41.44% (1260 MHz:   0% 1512 MHz:   0% 1800 MHz:   0% 2088 MHz:   0% 2352 MHz:   0% 2616 MHz:   0% 2868 MHz:   0% 3096 MHz:   0% 3300 MHz:   0% 3468 MHz:   0% 3624 MHz:   0% 3756 MHz:   0% 3828 MHz:   0% 3888 MHz:   0% 3948 MHz:   0% 3996 MHz:   0% 4044 MHz:   0% 4104 MHz:   0% 4416 MHz:   0% 4512 MHz:  41%)
CPU 10 idle residency:  58.56%
CPU 10 down residency:   0.00%
CPU 11 frequency: 4512 MHz
CPU 11 active residency:  48.72% (1260 MHz:   0% 1512 MHz:   0% 1800 MHz:   0% 2088 MHz:   0% 2352 MHz:   0% 2616 MHz:   0% 2868 MHz:   0% 3096 MHz:   0% 3300 MHz:   0% 3468 MHz:   0% 3624 MHz:   0% 3756 MHz:   0% 3828 MHz:   0% 3888 MHz:   0% 3948 MHz:   0% 3996 MHz:   0% 4044 MHz:   0% 4104 MHz:   0% 4416 MHz:   0% 4512 MHz:  49%)
CPU 11 idle residency:  51.28%
CPU 11 down residency:   0.00%
CPU 12 frequency: 4512 MHz
CPU 12 active residency:  48.53% (1260 MHz:   0% 1512 MHz:   0% 1800 MHz:   0% 2088 MHz:   0% 2352 MHz:   0% 2616 MHz:   0% 2868 MHz:   0% 3096 MHz:   0% 3300 MHz:   0% 3468 MHz:   0% 3624 MHz:   0% 3756 MHz:   0% 3828 MHz:   0% 3888 MHz:   0% 3948 MHz:   0% 3996 MHz:   0% 4044 MHz:   0% 4104 MHz:   0% 4416 MHz:   0% 4512 MHz:  49%)
CPU 12 idle residency:  51.47%
CPU 12 down residency:   0.00%
CPU 13 frequency: 4512 MHz
CPU 13 active residency:  46.74% (1260 MHz:   0% 1512 MHz:   0% 1800 MHz:   0% 2088 MHz:   0% 2352 MHz:   0% 2616 MHz:   0% 2868 MHz:   0% 3096 MHz:   0% 3300 MHz:   0% 3468 MHz:   0% 3624 MHz:   0% 3756 MHz:   0% 3828 MHz:   0% 3888 MHz:   0% 3948 MHz:   0% 3996 MHz:   0% 4044 MHz:   0% 4104 MHz:   0% 4416 MHz:   0% 4512 MHz:  47%)
CPU 13 idle residency:  53.26%
CPU 13 down residency:   0.00%
CPU 14 frequency: 4512 MHz
CPU 14 active residency:  42.24% (1260 MHz:   0% 1512 MHz:   0% 1800 MHz:   0% 2088 MHz:   0% 2352 MHz:   0% 2616 MHz:   0% 2868 MHz:   0% 3096 MHz:   0% 3300 MHz:   0% 3468 MHz:   0% 3624 MHz:   0% 3756 MHz:   0% 3828 MHz:   0% 3888 MHz:   0% 3948 MHz:   0% 3996 MHz:   0% 4044 MHz:   0% 4104 MHz:   0% 4416 MHz:   0% 4512 MHz:  42%)
CPU 14 idle residency:  57.76%
CPU 14 down residency:   0.00%
CPU 15 frequency: 4512 MHz
CPU 15 active residency:  33.79% (1260 MHz:   0% 1512 MHz:   0% 1800 MHz:   0% 2088 MHz:   0% 2352 MHz:   0% 2616 MHz:   0% 2868 MHz:   0% 3096 MHz:   0% 3300 MHz:   0% 3468 MHz:   0% 3624 MHz:   0% 3756 MHz:   0% 3828 MHz:   0% 3888 MHz:   0% 3948 MHz:   0% 3996 MHz:   0% 4044 MHz:   0% 4104 MHz:   0% 4416 MHz:   0% 4512 MHz:  34%)
CPU 15 idle residency:  66.21%
CPU 15 down residency:   0.00%

CPU Power: 6772 mW
GPU Power: 22659 mW
ANE Power: 0 mW
Combined Power (CPU + GPU + ANE): 29431 mW

**** GPU usage ****

GPU HW active frequency: 1578 MHz
GPU HW active residency: 100.00% (338 MHz:   0% 618 MHz:   0% 796 MHz:   0% 924 MHz:   0% 952 MHz:   0% 1056 MHz:   0% 1062 MHz:   0% 1182 MHz:   0% 1182 MHz:   0% 1312 MHz:   0% 1242 MHz:   0% 1380 MHz:   0% 1326 MHz:   0% 1470 MHz:   0% 1578 MHz: 100%)
GPU SW requested state: (P1 :   0% P2 :   0% P3 :   0% P4 :   0% P5 :   0% P6 :   0% P7 :   0% P8 :   0% P9 :   0% P10 : 100% P11 :   0% P12 :   0% P13 :   0% P14 :   0% P15 :   0%)
GPU SW state: (SW_P1 :   0% SW_P2 :   0% SW_P3 :   0% SW_P4 :   0% SW_P5 :   0% SW_P6 :   0% SW_P7 :   0% SW_P8 :   0% SW_P9 :   0% SW_P10 : 100% SW_P11 :   0% SW_P12 :   0% SW_P13 :   0% SW_P14 :   0% SW_P15 :   0%)
GPU idle residency:   0.00%
GPU Power: 22659 mW



*** Sampled system activity (Tue Jan 20 15:17:07 2026 +0100) (1019.52ms elapsed) ***


**** Processor usage ****

E-Cluster Online: 100%
E-Cluster HW active frequency: 2592 MHz
E-Cluster HW active residency:  65.83% (1020 MHz:   0% 1404 MHz:   0% 1788 MHz:   0% 2112 MHz:   0% 2352 MHz:   0% 2532 MHz:   0% 2592 MHz:  66%)
E-Cluster idle residency:  34.17%
E-Cluster down residency:   0.00%
CPU 0 frequency: 2592 MHz
CPU 0 active residency:  26.87% (1020 MHz:   0% 1404 MHz:   0% 1788 MHz:   0% 2112 MHz:   0% 2352 MHz:   0% 2532 MHz:   0% 2592 MHz:  27%)
CPU 0 idle residency:  73.13%
CPU 0 down residency:   0.00%
CPU 1 frequency: 2592 MHz
CPU 1 active residency:  15.92% (1020 MHz:   0% 1404 MHz:   0% 1788 MHz:   0% 2112 MHz:   0% 2352 MHz:   0% 2532 MHz:   0% 2592 MHz:  16%)
CPU 1 idle residency:  84.08%
CPU 1 down residency:   0.00%
CPU 2 frequency: 2592 MHz
CPU 2 active residency:   7.76% (1020 MHz:   0% 1404 MHz:   0% 1788 MHz:   0% 2112 MHz:   0% 2352 MHz:   0% 2532 MHz:   0% 2592 MHz: 7.8%)
CPU 2 idle residency:  92.24%
CPU 2 down residency:   0.00%
CPU 3 frequency: 2592 MHz
CPU 3 active residency:   4.84% (1020 MHz:   0% 1404 MHz:   0% 1788 MHz:   0% 2112 MHz:   0% 2352 MHz:   0% 2532 MHz:   0% 2592 MHz: 4.8%)
CPU 3 idle residency:  95.16%
CPU 3 down residency:   0.00%

P0-Cluster Online: 5%
P0-Cluster HW active frequency: 1260 MHz
P0-Cluster HW active residency:   0.73% (1260 MHz: .73% 1512 MHz:   0% 1800 MHz:   0% 2088 MHz:   0% 2352 MHz:   0% 2616 MHz:   0% 2868 MHz:   0% 3096 MHz:   0% 3300 MHz:   0% 3468 MHz:   0% 3624 MHz:   0% 3756 MHz:   0% 3828 MHz:   0% 3888 MHz:   0% 3948 MHz:   0% 3996 MHz:   0% 4044 MHz:   0% 4104 MHz:   0% 4416 MHz:   0% 4512 MHz:   0%)
P0-Cluster idle residency:   3.73%
P0-Cluster down residency:  95.54%
CPU 4 frequency: 3358 MHz
CPU 4 active residency:   1.05% (1260 MHz: .23% 1512 MHz: .13% 1800 MHz: .01% 2088 MHz: .01% 2352 MHz:   0% 2616 MHz:   0% 2868 MHz:   0% 3096 MHz:   0% 3300 MHz:   0% 3468 MHz:   0% 3624 MHz:   0% 3756 MHz:   0% 3828 MHz:   0% 3888 MHz:   0% 3948 MHz:   0% 3996 MHz:   0% 4044 MHz:   0% 4104 MHz:   0% 4416 MHz:   0% 4512 MHz: .66%)
CPU 4 idle residency:   4.20%
CPU 4 down residency:  94.74%
CPU 5 frequency: 3630 MHz
CPU 5 active residency:   1.55% (1260 MHz: .24% 1512 MHz: .13% 1800 MHz: .03% 2088 MHz: .01% 2352 MHz: .04% 2616 MHz:   0% 2868 MHz:   0% 3096 MHz: .01% 3300 MHz: .01% 3468 MHz:   0% 3624 MHz:   0% 3756 MHz:   0% 3828 MHz:   0% 3888 MHz:   0% 3948 MHz:   0% 3996 MHz:   0% 4044 MHz:   0% 4104 MHz:   0% 4416 MHz:   0% 4512 MHz: 1.1%)
CPU 5 idle residency:   4.19%
CPU 5 down residency:  94.27%
CPU 6 frequency: 2186 MHz
CPU 6 active residency:   0.87% (1260 MHz: .24% 1512 MHz: .14% 1800 MHz: .02% 2088 MHz: .01% 2352 MHz: .01% 2616 MHz: .38% 2868 MHz:   0% 3096 MHz: .00% 3300 MHz: .00% 3468 MHz:   0% 3624 MHz:   0% 3756 MHz:   0% 3828 MHz:   0% 3888 MHz:   0% 3948 MHz:   0% 3996 MHz:   0% 4044 MHz:   0% 4104 MHz:   0% 4416 MHz:   0% 4512 MHz: .07%)
CPU 6 idle residency:   4.22%
CPU 6 down residency:  94.91%
CPU 7 frequency: 1861 MHz
CPU 7 active residency:   0.55% (1260 MHz: .23% 1512 MHz: .13% 1800 MHz: .02% 2088 MHz: .01% 2352 MHz: .02% 2616 MHz: .10% 2868 MHz:   0% 3096 MHz:   0% 3300 MHz:   0% 3468 MHz:   0% 3624 MHz:   0% 3756 MHz:   0% 3828 MHz:   0% 3888 MHz:   0% 3948 MHz:   0% 3996 MHz:   0% 4044 MHz:   0% 4104 MHz:   0% 4416 MHz:   0% 4512 MHz: .04%)
CPU 7 idle residency:   4.23%
CPU 7 down residency:  95.22%
CPU 8 frequency: 1541 MHz
CPU 8 active residency:   0.46% (1260 MHz: .22% 1512 MHz: .14% 1800 MHz: .07% 2088 MHz: .01% 2352 MHz:   0% 2616 MHz:   0% 2868 MHz:   0% 3096 MHz:   0% 3300 MHz:   0% 3468 MHz:   0% 3624 MHz:   0% 3756 MHz:   0% 3828 MHz:   0% 3888 MHz:   0% 3948 MHz:   0% 3996 MHz:   0% 4044 MHz:   0% 4104 MHz:   0% 4416 MHz:   0% 4512 MHz: .01%)
CPU 8 idle residency:   4.24%
CPU 8 down residency:  95.31%
CPU 9 frequency: 1748 MHz
CPU 9 active residency:   0.49% (1260 MHz: .24% 1512 MHz: .13% 1800 MHz: .02% 2088 MHz: .02% 2352 MHz: .02% 2616 MHz: .00% 2868 MHz:   0% 3096 MHz: .00% 3300 MHz: .01% 3468 MHz:   0% 3624 MHz:   0% 3756 MHz:   0% 3828 MHz:   0% 3888 MHz:   0% 3948 MHz:   0% 3996 MHz:   0% 4044 MHz:   0% 4104 MHz:   0% 4416 MHz:   0% 4512 MHz: .04%)
CPU 9 idle residency:   4.23%
CPU 9 down residency:  95.28%

P1-Cluster HW active frequency: 4080 MHz
P1-Cluster HW active residency:  99.10% (1260 MHz:   0% 1512 MHz:   0% 1800 MHz:   0% 2088 MHz:   0% 2352 MHz:   0% 2616 MHz:   0% 2868 MHz:   0% 3096 MHz:   0% 3300 MHz:   0% 3468 MHz:   0% 3624 MHz:   0% 3756 MHz:   0% 3828 MHz: .00% 3888 MHz: 5.6% 3948 MHz:  50% 3996 MHz:  13% 4044 MHz: 7.9% 4104 MHz:   0% 4416 MHz: 8.5% 4512 MHz:  14%)
P1-Cluster idle residency:   0.90%
P1-Cluster down residency:   0.00%
CPU 10 frequency: 4512 MHz
CPU 10 active residency:  59.33% (1260 MHz:   0% 1512 MHz:   0% 1800 MHz:   0% 2088 MHz:   0% 2352 MHz:   0% 2616 MHz:   0% 2868 MHz:   0% 3096 MHz:   0% 3300 MHz:   0% 3468 MHz:   0% 3624 MHz:   0% 3756 MHz:   0% 3828 MHz:   0% 3888 MHz:   0% 3948 MHz:   0% 3996 MHz:   0% 4044 MHz:   0% 4104 MHz:   0% 4416 MHz:   0% 4512 MHz:  59%)
CPU 10 idle residency:  40.67%
CPU 10 down residency:   0.00%
CPU 11 frequency: 4512 MHz
CPU 11 active residency:  47.00% (1260 MHz:   0% 1512 MHz:   0% 1800 MHz:   0% 2088 MHz:   0% 2352 MHz:   0% 2616 MHz:   0% 2868 MHz:   0% 3096 MHz:   0% 3300 MHz:   0% 3468 MHz:   0% 3624 MHz:   0% 3756 MHz:   0% 3828 MHz:   0% 3888 MHz:   0% 3948 MHz:   0% 3996 MHz:   0% 4044 MHz:   0% 4104 MHz:   0% 4416 MHz:   0% 4512 MHz:  47%)
CPU 11 idle residency:  53.00%
CPU 11 down residency:   0.00%
CPU 12 frequency: 4512 MHz
CPU 12 active residency:  40.14% (1260 MHz:   0% 1512 MHz:   0% 1800 MHz:   0% 2088 MHz:   0% 2352 MHz:   0% 2616 MHz:   0% 2868 MHz:   0% 3096 MHz:   0% 3300 MHz:   0% 3468 MHz:   0% 3624 MHz:   0% 3756 MHz:   0% 3828 MHz:   0% 3888 MHz:   0% 3948 MHz:   0% 3996 MHz:   0% 4044 MHz:   0% 4104 MHz:   0% 4416 MHz:   0% 4512 MHz:  40%)
CPU 12 idle residency:  59.86%
CPU 12 down residency:   0.00%
CPU 13 frequency: 4512 MHz
CPU 13 active residency:  30.55% (1260 MHz:   0% 1512 MHz:   0% 1800 MHz:   0% 2088 MHz:   0% 2352 MHz:   0% 2616 MHz:   0% 2868 MHz:   0% 3096 MHz:   0% 3300 MHz:   0% 3468 MHz:   0% 3624 MHz:   0% 3756 MHz:   0% 3828 MHz:   0% 3888 MHz:   0% 3948 MHz:   0% 3996 MHz:   0% 4044 MHz:   0% 4104 MHz:   0% 4416 MHz:   0% 4512 MHz:  31%)
CPU 13 idle residency:  69.45%
CPU 13 down residency:   0.00%
CPU 14 frequency: 4512 MHz
CPU 14 active residency:  25.73% (1260 MHz:   0% 1512 MHz:   0% 1800 MHz:   0% 2088 MHz:   0% 2352 MHz:   0% 2616 MHz:   0% 2868 MHz:   0% 3096 MHz:   0% 3300 MHz:   0% 3468 MHz:   0% 3624 MHz:   0% 3756 MHz:   0% 3828 MHz:   0% 3888 MHz:   0% 3948 MHz:   0% 3996 MHz:   0% 4044 MHz:   0% 4104 MHz:   0% 4416 MHz:   0% 4512 MHz:  26%)
CPU 14 idle residency:  74.27%
CPU 14 down residency:   0.00%
CPU 15 frequency: 4512 MHz
CPU 15 active residency:  44.78% (1260 MHz:   0% 1512 MHz:   0% 1800 MHz:   0% 2088 MHz:   0% 2352 MHz:   0% 2616 MHz:   0% 2868 MHz:   0% 3096 MHz:   0% 3300 MHz:   0% 3468 MHz:   0% 3624 MHz:   0% 3756 MHz:   0% 3828 MHz:   0% 3888 MHz:   0% 3948 MHz:   0% 3996 MHz:   0% 4044 MHz:   0% 4104 MHz:   0% 4416 MHz:   0% 4512 MHz:  45%)
CPU 15 idle residency:  55.22%
CPU 15 down residency:   0.00%

CPU Power: 6424 mW
GPU Power: 22859 mW
ANE Power: 0 mW
Combined Power (CPU + GPU + ANE): 29282 mW

**** GPU usage ****

GPU HW active frequency: 1578 MHz
GPU HW active residency: 100.00% (338 MHz:   0% 618 MHz:   0% 796 MHz:   0% 924 MHz:   0% 952 MHz:   0% 1056 MHz:   0% 1062 MHz:   0% 1182 MHz:   0% 1182 MHz:   0% 1312 MHz:   0% 1242 MHz:   0% 1380 MHz:   0% 1326 MHz:   0% 1470 MHz:   0% 1578 MHz: 100%)
GPU SW requested state: (P1 :   0% P2 :   0% P3 :   0% P4 :   0% P5 :   0% P6 :   0% P7 :   0% P8 :   0% P9 :   0% P10 : 100% P11 :   0% P12 :   0% P13 :   0% P14 :   0% P15 :   0%)
GPU SW state: (SW_P1 :   0% SW_P2 :   0% SW_P3 :   0% SW_P4 :   0% SW_P5 :   0% SW_P6 :   0% SW_P7 :   0% SW_P8 :   0% SW_P9 :   0% SW_P10 : 100% SW_P11 :   0% SW_P12 :   0% SW_P13 :   0% SW_P14 :   0% SW_P15 :   0%)
GPU idle residency:   0.00%
GPU Power: 22859 mW



*** Sampled system activity (Tue Jan 20 15:17:08 2026 +0100) (1020.16ms elapsed) ***


**** Processor usage ****

E-Cluster Online: 100%
E-Cluster HW active frequency: 2592 MHz
E-Cluster HW active residency:  68.25% (1020 MHz:   0% 1404 MHz:   0% 1788 MHz:   0% 2112 MHz:   0% 2352 MHz:   0% 2532 MHz:   0% 2592 MHz:  68%)
E-Cluster idle residency:  31.75%
E-Cluster down residency:   0.00%
CPU 0 frequency: 2592 MHz
CPU 0 active residency:  31.41% (1020 MHz:   0% 1404 MHz:   0% 1788 MHz:   0% 2112 MHz:   0% 2352 MHz:   0% 2532 MHz:   0% 2592 MHz:  31%)
CPU 0 idle residency:  68.59%
CPU 0 down residency:   0.00%
CPU 1 frequency: 2592 MHz
CPU 1 active residency:  15.78% (1020 MHz:   0% 1404 MHz:   0% 1788 MHz:   0% 2112 MHz:   0% 2352 MHz:   0% 2532 MHz:   0% 2592 MHz:  16%)
CPU 1 idle residency:  84.22%
CPU 1 down residency:   0.00%
CPU 2 frequency: 2592 MHz
CPU 2 active residency:  10.68% (1020 MHz:   0% 1404 MHz:   0% 1788 MHz:   0% 2112 MHz:   0% 2352 MHz:   0% 2532 MHz:   0% 2592 MHz:  11%)
CPU 2 idle residency:  89.32%
CPU 2 down residency:   0.00%
CPU 3 frequency: 2592 MHz
CPU 3 active residency:   5.56% (1020 MHz:   0% 1404 MHz:   0% 1788 MHz:   0% 2112 MHz:   0% 2352 MHz:   0% 2532 MHz:   0% 2592 MHz: 5.6%)
CPU 3 idle residency:  94.44%
CPU 3 down residency:   0.00%

P0-Cluster Online: 41%
P0-Cluster HW active frequency: 3908 MHz
P0-Cluster HW active residency:  30.39% (1260 MHz: 2.0% 1512 MHz: .05% 1800 MHz: .06% 2088 MHz:   0% 2352 MHz:   0% 2616 MHz:   0% 2868 MHz:   0% 3096 MHz:   0% 3300 MHz:   0% 3468 MHz:   0% 3624 MHz:   0% 3756 MHz:   0% 3828 MHz:   0% 3888 MHz: 1.1% 3948 MHz:  15% 3996 MHz: 1.9% 4044 MHz: 2.8% 4104 MHz:   0% 4416 MHz: 2.7% 4512 MHz: 4.8%)
P0-Cluster idle residency:   8.12%
P0-Cluster down residency:  61.49%
CPU 4 frequency: 4409 MHz
CPU 4 active residency:  11.83% (1260 MHz: .38% 1512 MHz: .00% 1800 MHz: .00% 2088 MHz:   0% 2352 MHz:   0% 2616 MHz:   0% 2868 MHz:   0% 3096 MHz:   0% 3300 MHz:   0% 3468 MHz:   0% 3624 MHz:   0% 3756 MHz:   0% 3828 MHz:   0% 3888 MHz:   0% 3948 MHz:   0% 3996 MHz:   0% 4044 MHz:   0% 4104 MHz:   0% 4416 MHz:   0% 4512 MHz:  11%)
CPU 4 idle residency:  26.80%
CPU 4 down residency:  61.37%
CPU 5 frequency: 4424 MHz
CPU 5 active residency:  14.73% (1260 MHz: .38% 1512 MHz: .01% 1800 MHz: .01% 2088 MHz:   0% 2352 MHz:   0% 2616 MHz:   0% 2868 MHz:   0% 3096 MHz:   0% 3300 MHz:   0% 3468 MHz:   0% 3624 MHz:   0% 3756 MHz:   0% 3828 MHz:   0% 3888 MHz:   0% 3948 MHz:   0% 3996 MHz:   0% 4044 MHz:   0% 4104 MHz:   0% 4416 MHz:   0% 4512 MHz:  14%)
CPU 5 idle residency:  23.90%
CPU 5 down residency:  61.37%
CPU 6 frequency: 4421 MHz
CPU 6 active residency:  15.39% (1260 MHz: .38% 1512 MHz: .02% 1800 MHz: .05% 2088 MHz:   0% 2352 MHz:   0% 2616 MHz:   0% 2868 MHz:   0% 3096 MHz:   0% 3300 MHz:   0% 3468 MHz:   0% 3624 MHz:   0% 3756 MHz:   0% 3828 MHz:   0% 3888 MHz:   0% 3948 MHz:   0% 3996 MHz:   0% 4044 MHz:   0% 4104 MHz:   0% 4416 MHz:   0% 4512 MHz:  15%)
CPU 6 idle residency:  23.24%
CPU 6 down residency:  61.37%
CPU 7 frequency: 4363 MHz
CPU 7 active residency:   8.20% (1260 MHz: .37% 1512 MHz: .00% 1800 MHz: .00% 2088 MHz:   0% 2352 MHz:   0% 2616 MHz:   0% 2868 MHz:   0% 3096 MHz:   0% 3300 MHz:   0% 3468 MHz:   0% 3624 MHz:   0% 3756 MHz:   0% 3828 MHz:   0% 3888 MHz:   0% 3948 MHz:   0% 3996 MHz:   0% 4044 MHz:   0% 4104 MHz:   0% 4416 MHz:   0% 4512 MHz: 7.8%)
CPU 7 idle residency:  30.43%
CPU 7 down residency:  61.37%
CPU 8 frequency: 4342 MHz
CPU 8 active residency:   7.10% (1260 MHz: .37% 1512 MHz:   0% 1800 MHz:   0% 2088 MHz:   0% 2352 MHz:   0% 2616 MHz:   0% 2868 MHz:   0% 3096 MHz:   0% 3300 MHz:   0% 3468 MHz:   0% 3624 MHz:   0% 3756 MHz:   0% 3828 MHz:   0% 3888 MHz:   0% 3948 MHz:   0% 3996 MHz:   0% 4044 MHz:   0% 4104 MHz:   0% 4416 MHz:   0% 4512 MHz: 6.7%)
CPU 8 idle residency:  31.53%
CPU 8 down residency:  61.37%
CPU 9 frequency: 4416 MHz
CPU 9 active residency:  13.33% (1260 MHz: .38% 1512 MHz: .00% 1800 MHz: .02% 2088 MHz:   0% 2352 MHz:   0% 2616 MHz:   0% 2868 MHz:   0% 3096 MHz:   0% 3300 MHz:   0% 3468 MHz:   0% 3624 MHz:   0% 3756 MHz:   0% 3828 MHz:   0% 3888 MHz:   0% 3948 MHz:   0% 3996 MHz:   0% 4044 MHz:   0% 4104 MHz:   0% 4416 MHz:   0% 4512 MHz:  13%)
CPU 9 idle residency:  25.30%
CPU 9 down residency:  61.37%

P1-Cluster HW active frequency: 4058 MHz
P1-Cluster HW active residency:  72.60% (1260 MHz:   0% 1512 MHz:   0% 1800 MHz:   0% 2088 MHz:   0% 2352 MHz:   0% 2616 MHz:   0% 2868 MHz:   0% 3096 MHz:   0% 3300 MHz:   0% 3468 MHz:   0% 3624 MHz:   0% 3756 MHz:   0% 3828 MHz:   0% 3888 MHz: 6.5% 3948 MHz:  36% 3996 MHz:  10% 4044 MHz: 6.0% 4104 MHz:   0% 4416 MHz: 5.2% 4512 MHz: 8.6%)
P1-Cluster idle residency:   0.57%
P1-Cluster down residency:  26.83%
CPU 10 frequency: 4512 MHz
CPU 10 active residency:  16.61% (1260 MHz:   0% 1512 MHz:   0% 1800 MHz:   0% 2088 MHz:   0% 2352 MHz:   0% 2616 MHz:   0% 2868 MHz:   0% 3096 MHz:   0% 3300 MHz:   0% 3468 MHz:   0% 3624 MHz:   0% 3756 MHz:   0% 3828 MHz:   0% 3888 MHz:   0% 3948 MHz:   0% 3996 MHz:   0% 4044 MHz:   0% 4104 MHz:   0% 4416 MHz:   0% 4512 MHz:  17%)
CPU 10 idle residency:  52.57%
CPU 10 down residency:  30.82%
CPU 11 frequency: 4512 MHz
CPU 11 active residency:  22.83% (1260 MHz:   0% 1512 MHz:   0% 1800 MHz:   0% 2088 MHz:   0% 2352 MHz:   0% 2616 MHz:   0% 2868 MHz:   0% 3096 MHz:   0% 3300 MHz:   0% 3468 MHz:   0% 3624 MHz:   0% 3756 MHz:   0% 3828 MHz:   0% 3888 MHz:   0% 3948 MHz:   0% 3996 MHz:   0% 4044 MHz:   0% 4104 MHz:   0% 4416 MHz:   0% 4512 MHz:  23%)
CPU 11 idle residency:  50.18%
CPU 11 down residency:  26.99%
CPU 12 frequency: 4512 MHz
CPU 12 active residency:  24.79% (1260 MHz:   0% 1512 MHz:   0% 1800 MHz:   0% 2088 MHz:   0% 2352 MHz:   0% 2616 MHz:   0% 2868 MHz:   0% 3096 MHz:   0% 3300 MHz:   0% 3468 MHz:   0% 3624 MHz:   0% 3756 MHz:   0% 3828 MHz:   0% 3888 MHz:   0% 3948 MHz:   0% 3996 MHz:   0% 4044 MHz:   0% 4104 MHz:   0% 4416 MHz:   0% 4512 MHz:  25%)
CPU 12 idle residency:  41.56%
CPU 12 down residency:  33.65%
CPU 13 frequency: 4512 MHz
CPU 13 active residency:  22.26% (1260 MHz:   0% 1512 MHz:   0% 1800 MHz:   0% 2088 MHz:   0% 2352 MHz:   0% 2616 MHz:   0% 2868 MHz:   0% 3096 MHz:   0% 3300 MHz:   0% 3468 MHz:   0% 3624 MHz:   0% 3756 MHz:   0% 3828 MHz:   0% 3888 MHz:   0% 3948 MHz:   0% 3996 MHz:   0% 4044 MHz:   0% 4104 MHz:   0% 4416 MHz:   0% 4512 MHz:  22%)
CPU 13 idle residency:  45.50%
CPU 13 down residency:  32.24%
CPU 14 frequency: 4512 MHz
CPU 14 active residency:  23.23% (1260 MHz:   0% 1512 MHz:   0% 1800 MHz:   0% 2088 MHz:   0% 2352 MHz:   0% 2616 MHz:   0% 2868 MHz:   0% 3096 MHz:   0% 3300 MHz:   0% 3468 MHz:   0% 3624 MHz:   0% 3756 MHz:   0% 3828 MHz:   0% 3888 MHz:   0% 3948 MHz:   0% 3996 MHz:   0% 4044 MHz:   0% 4104 MHz:   0% 4416 MHz:   0% 4512 MHz:  23%)
CPU 14 idle residency:  44.04%
CPU 14 down residency:  32.73%
CPU 15 frequency: 4512 MHz
CPU 15 active residency:  21.18% (1260 MHz:   0% 1512 MHz:   0% 1800 MHz:   0% 2088 MHz:   0% 2352 MHz:   0% 2616 MHz:   0% 2868 MHz:   0% 3096 MHz:   0% 3300 MHz:   0% 3468 MHz:   0% 3624 MHz:   0% 3756 MHz:   0% 3828 MHz:   0% 3888 MHz:   0% 3948 MHz:   0% 3996 MHz:   0% 4044 MHz:   0% 4104 MHz:   0% 4416 MHz:   0% 4512 MHz:  21%)
CPU 15 idle residency:  47.65%
CPU 15 down residency:  31.17%

CPU Power: 6593 mW
GPU Power: 22720 mW
ANE Power: 0 mW
Combined Power (CPU + GPU + ANE): 29313 mW

**** GPU usage ****

GPU HW active frequency: 1578 MHz
GPU HW active residency: 100.00% (338 MHz:   0% 618 MHz:   0% 796 MHz:   0% 924 MHz:   0% 952 MHz:   0% 1056 MHz:   0% 1062 MHz:   0% 1182 MHz:   0% 1182 MHz:   0% 1312 MHz:   0% 1242 MHz:   0% 1380 MHz:   0% 1326 MHz:   0% 1470 MHz:   0% 1578 MHz: 100%)
GPU SW requested state: (P1 :   0% P2 :   0% P3 :   0% P4 :   0% P5 :   0% P6 :   0% P7 :   0% P8 :   0% P9 :   0% P10 : 100% P11 :   0% P12 :   0% P13 :   0% P14 :   0% P15 :   0%)
GPU SW state: (SW_P1 :   0% SW_P2 :   0% SW_P3 :   0% SW_P4 :   0% SW_P5 :   0% SW_P6 :   0% SW_P7 :   0% SW_P8 :   0% SW_P9 :   0% SW_P10 : 100% SW_P11 :   0% SW_P12 :   0% SW_P13 :   0% SW_P14 :   0% SW_P15 :   0%)
GPU idle residency:   0.00%
GPU Power: 22719 mW



*** Sampled system activity (Tue Jan 20 15:17:09 2026 +0100) (1018.95ms elapsed) ***


**** Processor usage ****

E-Cluster Online: 100%
E-Cluster HW active frequency: 2592 MHz
E-Cluster HW active residency:  67.48% (1020 MHz:   0% 1404 MHz:   0% 1788 MHz:   0% 2112 MHz:   0% 2352 MHz:   0% 2532 MHz: .00% 2592 MHz:  67%)
E-Cluster idle residency:  32.52%
E-Cluster down residency:   0.00%
CPU 0 frequency: 2592 MHz
CPU 0 active residency:  30.35% (1020 MHz:   0% 1404 MHz:   0% 1788 MHz:   0% 2112 MHz:   0% 2352 MHz:   0% 2532 MHz:   0% 2592 MHz:  30%)
CPU 0 idle residency:  69.65%
CPU 0 down residency:   0.00%
CPU 1 frequency: 2592 MHz
CPU 1 active residency:  14.97% (1020 MHz:   0% 1404 MHz:   0% 1788 MHz:   0% 2112 MHz:   0% 2352 MHz:   0% 2532 MHz:   0% 2592 MHz:  15%)
CPU 1 idle residency:  85.03%
CPU 1 down residency:   0.00%
CPU 2 frequency: 2592 MHz
CPU 2 active residency:   7.71% (1020 MHz:   0% 1404 MHz:   0% 1788 MHz:   0% 2112 MHz:   0% 2352 MHz:   0% 2532 MHz:   0% 2592 MHz: 7.7%)
CPU 2 idle residency:  92.29%
CPU 2 down residency:   0.00%
CPU 3 frequency: 2592 MHz
CPU 3 active residency:   4.20% (1020 MHz:   0% 1404 MHz:   0% 1788 MHz:   0% 2112 MHz:   0% 2352 MHz:   0% 2532 MHz:   0% 2592 MHz: 4.2%)
CPU 3 idle residency:  95.80%
CPU 3 down residency:   0.00%

P0-Cluster Online: 100%
P0-Cluster HW active frequency: 4061 MHz
P0-Cluster HW active residency:  99.25% (1260 MHz:   0% 1512 MHz:   0% 1800 MHz:   0% 2088 MHz:   0% 2352 MHz:   0% 2616 MHz:   0% 2868 MHz:   0% 3096 MHz:   0% 3300 MHz:   0% 3468 MHz:   0% 3624 MHz:   0% 3756 MHz:   0% 3828 MHz:   0% 3888 MHz: 9.2% 3948 MHz:  50% 3996 MHz:  12% 4044 MHz: 7.6% 4104 MHz:   0% 4416 MHz: 7.9% 4512 MHz:  12%)
P0-Cluster idle residency:   0.75%
P0-Cluster down residency:   0.00%
CPU 4 frequency: 4512 MHz
CPU 4 active residency:  38.33% (1260 MHz:   0% 1512 MHz:   0% 1800 MHz:   0% 2088 MHz:   0% 2352 MHz:   0% 2616 MHz:   0% 2868 MHz:   0% 3096 MHz:   0% 3300 MHz:   0% 3468 MHz:   0% 3624 MHz:   0% 3756 MHz:   0% 3828 MHz:   0% 3888 MHz:   0% 3948 MHz:   0% 3996 MHz:   0% 4044 MHz:   0% 4104 MHz:   0% 4416 MHz:   0% 4512 MHz:  38%)
CPU 4 idle residency:  61.67%
CPU 4 down residency:   0.00%
CPU 5 frequency: 4512 MHz
CPU 5 active residency:  47.72% (1260 MHz:   0% 1512 MHz:   0% 1800 MHz:   0% 2088 MHz:   0% 2352 MHz:   0% 2616 MHz:   0% 2868 MHz:   0% 3096 MHz:   0% 3300 MHz:   0% 3468 MHz:   0% 3624 MHz:   0% 3756 MHz:   0% 3828 MHz:   0% 3888 MHz:   0% 3948 MHz:   0% 3996 MHz:   0% 4044 MHz:   0% 4104 MHz:   0% 4416 MHz:   0% 4512 MHz:  48%)
CPU 5 idle residency:  52.28%
CPU 5 down residency:   0.00%
CPU 6 frequency: 4512 MHz
CPU 6 active residency:  46.73% (1260 MHz:   0% 1512 MHz:   0% 1800 MHz:   0% 2088 MHz:   0% 2352 MHz:   0% 2616 MHz:   0% 2868 MHz:   0% 3096 MHz:   0% 3300 MHz:   0% 3468 MHz:   0% 3624 MHz:   0% 3756 MHz:   0% 3828 MHz:   0% 3888 MHz:   0% 3948 MHz:   0% 3996 MHz:   0% 4044 MHz:   0% 4104 MHz:   0% 4416 MHz:   0% 4512 MHz:  47%)
CPU 6 idle residency:  53.27%
CPU 6 down residency:   0.00%
CPU 7 frequency: 4512 MHz
CPU 7 active residency:  36.25% (1260 MHz:   0% 1512 MHz:   0% 1800 MHz:   0% 2088 MHz:   0% 2352 MHz:   0% 2616 MHz:   0% 2868 MHz:   0% 3096 MHz:   0% 3300 MHz:   0% 3468 MHz:   0% 3624 MHz:   0% 3756 MHz:   0% 3828 MHz:   0% 3888 MHz:   0% 3948 MHz:   0% 3996 MHz:   0% 4044 MHz:   0% 4104 MHz:   0% 4416 MHz:   0% 4512 MHz:  36%)
CPU 7 idle residency:  63.75%
CPU 7 down residency:   0.00%
CPU 8 frequency: 4512 MHz
CPU 8 active residency:  42.83% (1260 MHz:   0% 1512 MHz:   0% 1800 MHz:   0% 2088 MHz:   0% 2352 MHz:   0% 2616 MHz:   0% 2868 MHz:   0% 3096 MHz:   0% 3300 MHz:   0% 3468 MHz:   0% 3624 MHz:   0% 3756 MHz:   0% 3828 MHz:   0% 3888 MHz:   0% 3948 MHz:   0% 3996 MHz:   0% 4044 MHz:   0% 4104 MHz:   0% 4416 MHz:   0% 4512 MHz:  43%)
CPU 8 idle residency:  57.17%
CPU 8 down residency:   0.00%
CPU 9 frequency: 4512 MHz
CPU 9 active residency:  54.14% (1260 MHz:   0% 1512 MHz:   0% 1800 MHz:   0% 2088 MHz:   0% 2352 MHz:   0% 2616 MHz:   0% 2868 MHz:   0% 3096 MHz:   0% 3300 MHz:   0% 3468 MHz:   0% 3624 MHz:   0% 3756 MHz:   0% 3828 MHz:   0% 3888 MHz:   0% 3948 MHz:   0% 3996 MHz:   0% 4044 MHz:   0% 4104 MHz:   0% 4416 MHz:   0% 4512 MHz:  54%)
CPU 9 idle residency:  45.86%
CPU 9 down residency:   0.00%

P1-Cluster HW active frequency: 1683 MHz
P1-Cluster HW active residency:   1.97% (1260 MHz: 1.3% 1512 MHz: .04% 1800 MHz: .17% 2088 MHz: .24% 2352 MHz:   0% 2616 MHz:   0% 2868 MHz:   0% 3096 MHz:   0% 3300 MHz:   0% 3468 MHz:   0% 3624 MHz:   0% 3756 MHz:   0% 3828 MHz:   0% 3888 MHz: .01% 3948 MHz: .00% 3996 MHz:   0% 4044 MHz:   0% 4104 MHz:   0% 4416 MHz: .00% 4512 MHz: .15%)
P1-Cluster idle residency:   4.79%
P1-Cluster down residency:  93.25%
CPU 10 frequency: 4512 MHz
CPU 10 active residency:  12.49% (1260 MHz:   0% 1512 MHz:   0% 1800 MHz:   0% 2088 MHz:   0% 2352 MHz:   0% 2616 MHz:   0% 2868 MHz:   0% 3096 MHz:   0% 3300 MHz:   0% 3468 MHz:   0% 3624 MHz:   0% 3756 MHz:   0% 3828 MHz:   0% 3888 MHz:   0% 3948 MHz:   0% 3996 MHz:   0% 4044 MHz:   0% 4104 MHz:   0% 4416 MHz:   0% 4512 MHz:  12%)
CPU 10 idle residency:   5.67%
CPU 10 down residency:  81.84%
CPU 11 frequency: 4512 MHz
CPU 11 active residency:   1.83% (1260 MHz:   0% 1512 MHz:   0% 1800 MHz:   0% 2088 MHz:   0% 2352 MHz:   0% 2616 MHz:   0% 2868 MHz:   0% 3096 MHz:   0% 3300 MHz:   0% 3468 MHz:   0% 3624 MHz:   0% 3756 MHz:   0% 3828 MHz:   0% 3888 MHz:   0% 3948 MHz:   0% 3996 MHz:   0% 4044 MHz:   0% 4104 MHz:   0% 4416 MHz:   0% 4512 MHz: 1.8%)
CPU 11 idle residency:   6.03%
CPU 11 down residency:  92.14%
CPU 12 frequency: 4512 MHz
CPU 12 active residency:  17.79% (1260 MHz:   0% 1512 MHz:   0% 1800 MHz:   0% 2088 MHz:   0% 2352 MHz:   0% 2616 MHz:   0% 2868 MHz:   0% 3096 MHz:   0% 3300 MHz:   0% 3468 MHz:   0% 3624 MHz:   0% 3756 MHz:   0% 3828 MHz:   0% 3888 MHz:   0% 3948 MHz:   0% 3996 MHz:   0% 4044 MHz:   0% 4104 MHz:   0% 4416 MHz:   0% 4512 MHz:  18%)
CPU 12 idle residency:   5.33%
CPU 12 down residency:  76.88%
CPU 13 frequency: 4512 MHz
CPU 13 active residency:  15.35% (1260 MHz:   0% 1512 MHz:   0% 1800 MHz:   0% 2088 MHz:   0% 2352 MHz:   0% 2616 MHz:   0% 2868 MHz:   0% 3096 MHz:   0% 3300 MHz:   0% 3468 MHz:   0% 3624 MHz:   0% 3756 MHz:   0% 3828 MHz:   0% 3888 MHz:   0% 3948 MHz:   0% 3996 MHz:   0% 4044 MHz:   0% 4104 MHz:   0% 4416 MHz:   0% 4512 MHz:  15%)
CPU 13 idle residency:   5.49%
CPU 13 down residency:  79.16%
CPU 14 frequency: 4512 MHz
CPU 14 active residency:  16.24% (1260 MHz:   0% 1512 MHz:   0% 1800 MHz:   0% 2088 MHz:   0% 2352 MHz:   0% 2616 MHz:   0% 2868 MHz:   0% 3096 MHz:   0% 3300 MHz:   0% 3468 MHz:   0% 3624 MHz:   0% 3756 MHz:   0% 3828 MHz:   0% 3888 MHz:   0% 3948 MHz:   0% 3996 MHz:   0% 4044 MHz:   0% 4104 MHz:   0% 4416 MHz:   0% 4512 MHz:  16%)
CPU 14 idle residency:   5.43%
CPU 14 down residency:  78.32%
CPU 15 frequency: 4512 MHz
CPU 15 active residency:  12.16% (1260 MHz:   0% 1512 MHz:   0% 1800 MHz:   0% 2088 MHz:   0% 2352 MHz:   0% 2616 MHz:   0% 2868 MHz:   0% 3096 MHz:   0% 3300 MHz:   0% 3468 MHz:   0% 3624 MHz:   0% 3756 MHz:   0% 3828 MHz:   0% 3888 MHz:   0% 3948 MHz:   0% 3996 MHz:   0% 4044 MHz:   0% 4104 MHz:   0% 4416 MHz:   0% 4512 MHz:  12%)
CPU 15 idle residency:   5.70%
CPU 15 down residency:  82.14%

CPU Power: 6686 mW
GPU Power: 22900 mW
ANE Power: 0 mW
Combined Power (CPU + GPU + ANE): 29586 mW

**** GPU usage ****

GPU HW active frequency: 1578 MHz
GPU HW active residency: 100.00% (338 MHz:   0% 618 MHz:   0% 796 MHz:   0% 924 MHz:   0% 952 MHz:   0% 1056 MHz:   0% 1062 MHz:   0% 1182 MHz:   0% 1182 MHz:   0% 1312 MHz:   0% 1242 MHz:   0% 1380 MHz:   0% 1326 MHz:   0% 1470 MHz:   0% 1578 MHz: 100%)
GPU SW requested state: (P1 :   0% P2 :   0% P3 :   0% P4 :   0% P5 :   0% P6 :   0% P7 :   0% P8 :   0% P9 :   0% P10 : 100% P11 :   0% P12 :   0% P13 :   0% P14 :   0% P15 :   0%)
GPU SW state: (SW_P1 :   0% SW_P2 :   0% SW_P3 :   0% SW_P4 :   0% SW_P5 :   0% SW_P6 :   0% SW_P7 :   0% SW_P8 :   0% SW_P9 :   0% SW_P10 : 100% SW_P11 :   0% SW_P12 :   0% SW_P13 :   0% SW_P14 :   0% SW_P15 :   0%)
GPU idle residency:   0.00%
GPU Power: 22717 mW



*** Sampled system activity (Tue Jan 20 15:17:10 2026 +0100) (1020.97ms elapsed) ***


**** Processor usage ****

E-Cluster Online: 100%
E-Cluster HW active frequency: 2422 MHz
E-Cluster HW active residency:  73.74% (1020 MHz: 7.5% 1404 MHz: .10% 1788 MHz: .44% 2112 MHz: .13% 2352 MHz: .39% 2532 MHz: 1.6% 2592 MHz:  64%)
E-Cluster idle residency:  26.26%
E-Cluster down residency:   0.00%
CPU 0 frequency: 2421 MHz
CPU 0 active residency:  32.68% (1020 MHz: 3.2% 1404 MHz: .03% 1788 MHz: .39% 2112 MHz: .10% 2352 MHz: .21% 2532 MHz: .62% 2592 MHz:  28%)
CPU 0 idle residency:  67.32%
CPU 0 down residency:   0.00%
CPU 1 frequency: 2458 MHz
CPU 1 active residency:  26.70% (1020 MHz: 2.2% 1404 MHz: .03% 1788 MHz: .05% 2112 MHz: .09% 2352 MHz: .05% 2532 MHz: .48% 2592 MHz:  24%)
CPU 1 idle residency:  73.30%
CPU 1 down residency:   0.00%
CPU 2 frequency: 2456 MHz
CPU 2 active residency:  19.01% (1020 MHz: 1.6% 1404 MHz: .01% 1788 MHz: .11% 2112 MHz: .02% 2352 MHz: .03% 2532 MHz: .25% 2592 MHz:  17%)
CPU 2 idle residency:  80.99%
CPU 2 down residency:   0.00%
CPU 3 frequency: 2360 MHz
CPU 3 active residency:   9.24% (1020 MHz: 1.2% 1404 MHz: .01% 1788 MHz: .22% 2112 MHz: .00% 2352 MHz: .01% 2532 MHz: .20% 2592 MHz: 7.6%)
CPU 3 idle residency:  90.76%
CPU 3 down residency:   0.00%

P0-Cluster Online: 100%
P0-Cluster HW active frequency: 4019 MHz
P0-Cluster HW active residency:  99.48% (1260 MHz:   0% 1512 MHz:   0% 1800 MHz:   0% 2088 MHz:   0% 2352 MHz:   0% 2616 MHz:   0% 2868 MHz:   0% 3096 MHz:   0% 3300 MHz:   0% 3468 MHz:   0% 3624 MHz:   0% 3756 MHz:   0% 3828 MHz: .00% 3888 MHz:  15% 3948 MHz:  55% 3996 MHz:  10% 4044 MHz: 5.5% 4104 MHz:   0% 4416 MHz: 5.9% 4512 MHz: 7.4%)
P0-Cluster idle residency:   0.52%
P0-Cluster down residency:   0.00%
CPU 4 frequency: 4512 MHz
CPU 4 active residency:  62.80% (1260 MHz:   0% 1512 MHz:   0% 1800 MHz:   0% 2088 MHz:   0% 2352 MHz:   0% 2616 MHz:   0% 2868 MHz:   0% 3096 MHz:   0% 3300 MHz:   0% 3468 MHz:   0% 3624 MHz:   0% 3756 MHz:   0% 3828 MHz:   0% 3888 MHz:   0% 3948 MHz:   0% 3996 MHz:   0% 4044 MHz:   0% 4104 MHz:   0% 4416 MHz:   0% 4512 MHz:  63%)
CPU 4 idle residency:  37.20%
CPU 4 down residency:   0.00%
CPU 5 frequency: 4512 MHz
CPU 5 active residency:  50.44% (1260 MHz:   0% 1512 MHz:   0% 1800 MHz:   0% 2088 MHz:   0% 2352 MHz:   0% 2616 MHz:   0% 2868 MHz:   0% 3096 MHz:   0% 3300 MHz:   0% 3468 MHz:   0% 3624 MHz:   0% 3756 MHz:   0% 3828 MHz:   0% 3888 MHz:   0% 3948 MHz:   0% 3996 MHz:   0% 4044 MHz:   0% 4104 MHz:   0% 4416 MHz:   0% 4512 MHz:  50%)
CPU 5 idle residency:  49.56%
CPU 5 down residency:   0.00%
CPU 6 frequency: 4512 MHz
CPU 6 active residency:  43.40% (1260 MHz:   0% 1512 MHz:   0% 1800 MHz:   0% 2088 MHz:   0% 2352 MHz:   0% 2616 MHz:   0% 2868 MHz:   0% 3096 MHz:   0% 3300 MHz:   0% 3468 MHz:   0% 3624 MHz:   0% 3756 MHz:   0% 3828 MHz:   0% 3888 MHz:   0% 3948 MHz:   0% 3996 MHz:   0% 4044 MHz:   0% 4104 MHz:   0% 4416 MHz:   0% 4512 MHz:  43%)
CPU 6 idle residency:  56.60%
CPU 6 down residency:   0.00%
CPU 7 frequency: 4512 MHz
CPU 7 active residency:  51.84% (1260 MHz:   0% 1512 MHz:   0% 1800 MHz:   0% 2088 MHz:   0% 2352 MHz:   0% 2616 MHz:   0% 2868 MHz:   0% 3096 MHz:   0% 3300 MHz:   0% 3468 MHz:   0% 3624 MHz:   0% 3756 MHz:   0% 3828 MHz:   0% 3888 MHz:   0% 3948 MHz:   0% 3996 MHz:   0% 4044 MHz:   0% 4104 MHz:   0% 4416 MHz:   0% 4512 MHz:  52%)
CPU 7 idle residency:  48.16%
CPU 7 down residency:   0.00%
CPU 8 frequency: 4512 MHz
CPU 8 active residency:  55.12% (1260 MHz:   0% 1512 MHz:   0% 1800 MHz:   0% 2088 MHz:   0% 2352 MHz:   0% 2616 MHz:   0% 2868 MHz:   0% 3096 MHz:   0% 3300 MHz:   0% 3468 MHz:   0% 3624 MHz:   0% 3756 MHz:   0% 3828 MHz:   0% 3888 MHz:   0% 3948 MHz:   0% 3996 MHz:   0% 4044 MHz:   0% 4104 MHz:   0% 4416 MHz:   0% 4512 MHz:  55%)
CPU 8 idle residency:  44.88%
CPU 8 down residency:   0.00%
CPU 9 frequency: 4512 MHz
CPU 9 active residency:  45.43% (1260 MHz:   0% 1512 MHz:   0% 1800 MHz:   0% 2088 MHz:   0% 2352 MHz:   0% 2616 MHz:   0% 2868 MHz:   0% 3096 MHz:   0% 3300 MHz:   0% 3468 MHz:   0% 3624 MHz:   0% 3756 MHz:   0% 3828 MHz:   0% 3888 MHz:   0% 3948 MHz:   0% 3996 MHz:   0% 4044 MHz:   0% 4104 MHz:   0% 4416 MHz:   0% 4512 MHz:  45%)
CPU 9 idle residency:  54.57%
CPU 9 down residency:   0.00%

P1-Cluster HW active frequency: 1933 MHz
P1-Cluster HW active residency:   1.18% (1260 MHz: .77% 1512 MHz:   0% 1800 MHz: .04% 2088 MHz: .06% 2352 MHz:   0% 2616 MHz: .03% 2868 MHz: .13% 3096 MHz:   0% 3300 MHz:   0% 3468 MHz:   0% 3624 MHz:   0% 3756 MHz:   0% 3828 MHz:   0% 3888 MHz: .02% 3948 MHz: .01% 3996 MHz:   0% 4044 MHz:   0% 4104 MHz:   0% 4416 MHz: .01% 4512 MHz: .12%)
P1-Cluster idle residency:   2.92%
P1-Cluster down residency:  95.89%
CPU 10 frequency: 0 MHz
CPU 10 active residency:   0.00% (1260 MHz:   0% 1512 MHz:   0% 1800 MHz:   0% 2088 MHz:   0% 2352 MHz:   0% 2616 MHz:   0% 2868 MHz:   0% 3096 MHz:   0% 3300 MHz:   0% 3468 MHz:   0% 3624 MHz:   0% 3756 MHz:   0% 3828 MHz:   0% 3888 MHz:   0% 3948 MHz:   0% 3996 MHz:   0% 4044 MHz:   0% 4104 MHz:   0% 4416 MHz:   0% 4512 MHz:   0%)
CPU 10 idle residency:   3.87%
CPU 10 down residency:  96.13%
CPU 11 frequency: 0 MHz
CPU 11 active residency:   0.00% (1260 MHz:   0% 1512 MHz:   0% 1800 MHz:   0% 2088 MHz:   0% 2352 MHz:   0% 2616 MHz:   0% 2868 MHz:   0% 3096 MHz:   0% 3300 MHz:   0% 3468 MHz:   0% 3624 MHz:   0% 3756 MHz:   0% 3828 MHz:   0% 3888 MHz:   0% 3948 MHz:   0% 3996 MHz:   0% 4044 MHz:   0% 4104 MHz:   0% 4416 MHz:   0% 4512 MHz:   0%)
CPU 11 idle residency:   3.86%
CPU 11 down residency:  96.14%
CPU 12 frequency: 0 MHz
CPU 12 active residency:   0.00% (1260 MHz:   0% 1512 MHz:   0% 1800 MHz:   0% 2088 MHz:   0% 2352 MHz:   0% 2616 MHz:   0% 2868 MHz:   0% 3096 MHz:   0% 3300 MHz:   0% 3468 MHz:   0% 3624 MHz:   0% 3756 MHz:   0% 3828 MHz:   0% 3888 MHz:   0% 3948 MHz:   0% 3996 MHz:   0% 4044 MHz:   0% 4104 MHz:   0% 4416 MHz:   0% 4512 MHz:   0%)
CPU 12 idle residency:   3.80%
CPU 12 down residency:  96.20%
CPU 13 frequency: 0 MHz
CPU 13 active residency:   0.00% (1260 MHz:   0% 1512 MHz:   0% 1800 MHz:   0% 2088 MHz:   0% 2352 MHz:   0% 2616 MHz:   0% 2868 MHz:   0% 3096 MHz:   0% 3300 MHz:   0% 3468 MHz:   0% 3624 MHz:   0% 3756 MHz:   0% 3828 MHz:   0% 3888 MHz:   0% 3948 MHz:   0% 3996 MHz:   0% 4044 MHz:   0% 4104 MHz:   0% 4416 MHz:   0% 4512 MHz:   0%)
CPU 13 idle residency:   3.87%
CPU 13 down residency:  96.13%
CPU 14 frequency: 0 MHz
CPU 14 active residency:   0.00% (1260 MHz:   0% 1512 MHz:   0% 1800 MHz:   0% 2088 MHz:   0% 2352 MHz:   0% 2616 MHz:   0% 2868 MHz:   0% 3096 MHz:   0% 3300 MHz:   0% 3468 MHz:   0% 3624 MHz:   0% 3756 MHz:   0% 3828 MHz:   0% 3888 MHz:   0% 3948 MHz:   0% 3996 MHz:   0% 4044 MHz:   0% 4104 MHz:   0% 4416 MHz:   0% 4512 MHz:   0%)
CPU 14 idle residency:   3.88%
CPU 14 down residency:  96.12%
CPU 15 frequency: 0 MHz
CPU 15 active residency:   0.00% (1260 MHz:   0% 1512 MHz:   0% 1800 MHz:   0% 2088 MHz:   0% 2352 MHz:   0% 2616 MHz:   0% 2868 MHz:   0% 3096 MHz:   0% 3300 MHz:   0% 3468 MHz:   0% 3624 MHz:   0% 3756 MHz:   0% 3828 MHz:   0% 3888 MHz:   0% 3948 MHz:   0% 3996 MHz:   0% 4044 MHz:   0% 4104 MHz:   0% 4416 MHz:   0% 4512 MHz:   0%)
CPU 15 idle residency:   3.85%
CPU 15 down residency:  96.15%

CPU Power: 6938 mW
GPU Power: 22198 mW
ANE Power: 0 mW
Combined Power (CPU + GPU + ANE): 29137 mW

**** GPU usage ****

GPU HW active frequency: 1578 MHz
GPU HW active residency: 100.00% (338 MHz:   0% 618 MHz:   0% 796 MHz:   0% 924 MHz:   0% 952 MHz:   0% 1056 MHz:   0% 1062 MHz:   0% 1182 MHz:   0% 1182 MHz:   0% 1312 MHz:   0% 1242 MHz:   0% 1380 MHz:   0% 1326 MHz:   0% 1470 MHz:   0% 1578 MHz: 100%)
GPU SW requested state: (P1 :   0% P2 :   0% P3 :   0% P4 :   0% P5 :   0% P6 :   0% P7 :   0% P8 :   0% P9 :   0% P10 : 100% P11 :   0% P12 :   0% P13 :   0% P14 :   0% P15 :   0%)
GPU SW state: (SW_P1 :   0% SW_P2 :   0% SW_P3 :   0% SW_P4 :   0% SW_P5 :   0% SW_P6 :   0% SW_P7 :   0% SW_P8 :   0% SW_P9 :   0% SW_P10 : 100% SW_P11 :   0% SW_P12 :   0% SW_P13 :   0% SW_P14 :   0% SW_P15 :   0%)
GPU idle residency:   0.00%
GPU Power: 22389 mW



*** Sampled system activity (Tue Jan 20 15:17:11 2026 +0100) (1019.86ms elapsed) ***


**** Processor usage ****

E-Cluster Online: 100%
E-Cluster HW active frequency: 2592 MHz
E-Cluster HW active residency:  65.73% (1020 MHz:   0% 1404 MHz:   0% 1788 MHz:   0% 2112 MHz:   0% 2352 MHz:   0% 2532 MHz: .00% 2592 MHz:  66%)
E-Cluster idle residency:  34.27%
E-Cluster down residency:   0.00%
CPU 0 frequency: 2592 MHz
CPU 0 active residency:  30.41% (1020 MHz:   0% 1404 MHz:   0% 1788 MHz:   0% 2112 MHz:   0% 2352 MHz:   0% 2532 MHz:   0% 2592 MHz:  30%)
CPU 0 idle residency:  69.59%
CPU 0 down residency:   0.00%
CPU 1 frequency: 2592 MHz
CPU 1 active residency:  12.64% (1020 MHz:   0% 1404 MHz:   0% 1788 MHz:   0% 2112 MHz:   0% 2352 MHz:   0% 2532 MHz:   0% 2592 MHz:  13%)
CPU 1 idle residency:  87.36%
CPU 1 down residency:   0.00%
CPU 2 frequency: 2592 MHz
CPU 2 active residency:   7.45% (1020 MHz:   0% 1404 MHz:   0% 1788 MHz:   0% 2112 MHz:   0% 2352 MHz:   0% 2532 MHz:   0% 2592 MHz: 7.5%)
CPU 2 idle residency:  92.55%
CPU 2 down residency:   0.00%
CPU 3 frequency: 2592 MHz
CPU 3 active residency:   4.46% (1020 MHz:   0% 1404 MHz:   0% 1788 MHz:   0% 2112 MHz:   0% 2352 MHz:   0% 2532 MHz:   0% 2592 MHz: 4.5%)
CPU 3 idle residency:  95.54%
CPU 3 down residency:   0.00%

P0-Cluster Online: 100%
P0-Cluster HW active frequency: 4044 MHz
P0-Cluster HW active residency:  99.34% (1260 MHz:   0% 1512 MHz:   0% 1800 MHz:   0% 2088 MHz:   0% 2352 MHz:   0% 2616 MHz:   0% 2868 MHz:   0% 3096 MHz:   0% 3300 MHz:   0% 3468 MHz:   0% 3624 MHz:   0% 3756 MHz:   0% 3828 MHz:   0% 3888 MHz: 9.2% 3948 MHz:  59% 3996 MHz: 8.2% 4044 MHz: 5.8% 4104 MHz:   0% 4416 MHz: 6.7% 4512 MHz:  11%)
P0-Cluster idle residency:   0.66%
P0-Cluster down residency:   0.00%
CPU 4 frequency: 4512 MHz
CPU 4 active residency:  56.37% (1260 MHz:   0% 1512 MHz:   0% 1800 MHz:   0% 2088 MHz:   0% 2352 MHz:   0% 2616 MHz:   0% 2868 MHz:   0% 3096 MHz:   0% 3300 MHz:   0% 3468 MHz:   0% 3624 MHz:   0% 3756 MHz:   0% 3828 MHz:   0% 3888 MHz:   0% 3948 MHz:   0% 3996 MHz:   0% 4044 MHz:   0% 4104 MHz:   0% 4416 MHz:   0% 4512 MHz:  56%)
CPU 4 idle residency:  43.63%
CPU 4 down residency:   0.00%
CPU 5 frequency: 4512 MHz
CPU 5 active residency:  54.26% (1260 MHz:   0% 1512 MHz:   0% 1800 MHz:   0% 2088 MHz:   0% 2352 MHz:   0% 2616 MHz:   0% 2868 MHz:   0% 3096 MHz:   0% 3300 MHz:   0% 3468 MHz:   0% 3624 MHz:   0% 3756 MHz:   0% 3828 MHz:   0% 3888 MHz:   0% 3948 MHz:   0% 3996 MHz:   0% 4044 MHz:   0% 4104 MHz:   0% 4416 MHz:   0% 4512 MHz:  54%)
CPU 5 idle residency:  45.74%
CPU 5 down residency:   0.00%
CPU 6 frequency: 4512 MHz
CPU 6 active residency:  33.18% (1260 MHz:   0% 1512 MHz:   0% 1800 MHz:   0% 2088 MHz:   0% 2352 MHz:   0% 2616 MHz:   0% 2868 MHz:   0% 3096 MHz:   0% 3300 MHz:   0% 3468 MHz:   0% 3624 MHz:   0% 3756 MHz:   0% 3828 MHz:   0% 3888 MHz:   0% 3948 MHz:   0% 3996 MHz:   0% 4044 MHz:   0% 4104 MHz:   0% 4416 MHz:   0% 4512 MHz:  33%)
CPU 6 idle residency:  66.82%
CPU 6 down residency:   0.00%
CPU 7 frequency: 4512 MHz
CPU 7 active residency:  52.76% (1260 MHz:   0% 1512 MHz:   0% 1800 MHz:   0% 2088 MHz:   0% 2352 MHz:   0% 2616 MHz:   0% 2868 MHz:   0% 3096 MHz:   0% 3300 MHz:   0% 3468 MHz:   0% 3624 MHz:   0% 3756 MHz:   0% 3828 MHz:   0% 3888 MHz:   0% 3948 MHz:   0% 3996 MHz:   0% 4044 MHz:   0% 4104 MHz:   0% 4416 MHz:   0% 4512 MHz:  53%)
CPU 7 idle residency:  47.24%
CPU 7 down residency:   0.00%
CPU 8 frequency: 4512 MHz
CPU 8 active residency:  32.35% (1260 MHz:   0% 1512 MHz:   0% 1800 MHz:   0% 2088 MHz:   0% 2352 MHz:   0% 2616 MHz:   0% 2868 MHz:   0% 3096 MHz:   0% 3300 MHz:   0% 3468 MHz:   0% 3624 MHz:   0% 3756 MHz:   0% 3828 MHz:   0% 3888 MHz:   0% 3948 MHz:   0% 3996 MHz:   0% 4044 MHz:   0% 4104 MHz:   0% 4416 MHz:   0% 4512 MHz:  32%)
CPU 8 idle residency:  67.65%
CPU 8 down residency:   0.00%
CPU 9 frequency: 4512 MHz
CPU 9 active residency:  58.50% (1260 MHz:   0% 1512 MHz:   0% 1800 MHz:   0% 2088 MHz:   0% 2352 MHz:   0% 2616 MHz:   0% 2868 MHz:   0% 3096 MHz:   0% 3300 MHz:   0% 3468 MHz:   0% 3624 MHz:   0% 3756 MHz:   0% 3828 MHz:   0% 3888 MHz:   0% 3948 MHz:   0% 3996 MHz:   0% 4044 MHz:   0% 4104 MHz:   0% 4416 MHz:   0% 4512 MHz:  58%)
CPU 9 idle residency:  41.50%
CPU 9 down residency:   0.00%

P1-Cluster HW active frequency: 1260 MHz
P1-Cluster HW active residency:   0.57% (1260 MHz: .57% 1512 MHz:   0% 1800 MHz:   0% 2088 MHz:   0% 2352 MHz:   0% 2616 MHz:   0% 2868 MHz:   0% 3096 MHz:   0% 3300 MHz:   0% 3468 MHz:   0% 3624 MHz:   0% 3756 MHz:   0% 3828 MHz:   0% 3888 MHz:   0% 3948 MHz:   0% 3996 MHz:   0% 4044 MHz:   0% 4104 MHz:   0% 4416 MHz:   0% 4512 MHz:   0%)
P1-Cluster idle residency:   2.29%
P1-Cluster down residency:  97.14%
CPU 10 frequency: 1687 MHz
CPU 10 active residency:   0.45% (1260 MHz: .30% 1512 MHz: .01% 1800 MHz: .03% 2088 MHz: .06% 2352 MHz:   0% 2616 MHz:   0% 2868 MHz: .01% 3096 MHz:   0% 3300 MHz:   0% 3468 MHz:   0% 3624 MHz:   0% 3756 MHz:   0% 3828 MHz:   0% 3888 MHz:   0% 3948 MHz:   0% 3996 MHz:   0% 4044 MHz:   0% 4104 MHz:   0% 4416 MHz:   0% 4512 MHz: .03%)
CPU 10 idle residency:   2.73%
CPU 10 down residency:  96.83%
CPU 11 frequency: 1823 MHz
CPU 11 active residency:   0.82% (1260 MHz: .30% 1512 MHz: .01% 1800 MHz: .21% 2088 MHz: .24% 2352 MHz:   0% 2616 MHz: .00% 2868 MHz: .02% 3096 MHz:   0% 3300 MHz:   0% 3468 MHz:   0% 3624 MHz:   0% 3756 MHz:   0% 3828 MHz:   0% 3888 MHz:   0% 3948 MHz:   0% 3996 MHz:   0% 4044 MHz:   0% 4104 MHz:   0% 4416 MHz:   0% 4512 MHz: .04%)
CPU 11 idle residency:   2.72%
CPU 11 down residency:  96.46%
CPU 12 frequency: 1847 MHz
CPU 12 active residency:   0.52% (1260 MHz: .30% 1512 MHz: .01% 1800 MHz: .03% 2088 MHz: .06% 2352 MHz:   0% 2616 MHz: .03% 2868 MHz: .05% 3096 MHz:   0% 3300 MHz:   0% 3468 MHz:   0% 3624 MHz:   0% 3756 MHz:   0% 3828 MHz:   0% 3888 MHz:   0% 3948 MHz:   0% 3996 MHz:   0% 4044 MHz:   0% 4104 MHz:   0% 4416 MHz:   0% 4512 MHz: .04%)
CPU 12 idle residency:   2.73%
CPU 12 down residency:  96.75%
CPU 13 frequency: 1691 MHz
CPU 13 active residency:   0.45% (1260 MHz: .30% 1512 MHz: .01% 1800 MHz: .03% 2088 MHz: .06% 2352 MHz:   0% 2616 MHz: .00% 2868 MHz: .01% 3096 MHz:   0% 3300 MHz:   0% 3468 MHz:   0% 3624 MHz:   0% 3756 MHz:   0% 3828 MHz:   0% 3888 MHz:   0% 3948 MHz:   0% 3996 MHz:   0% 4044 MHz:   0% 4104 MHz:   0% 4416 MHz:   0% 4512 MHz: .03%)
CPU 13 idle residency:   2.73%
CPU 13 down residency:  96.82%
CPU 14 frequency: 1687 MHz
CPU 14 active residency:   0.44% (1260 MHz: .30% 1512 MHz: .01% 1800 MHz: .04% 2088 MHz: .06% 2352 MHz:   0% 2616 MHz:   0% 2868 MHz: .00% 3096 MHz:   0% 3300 MHz:   0% 3468 MHz:   0% 3624 MHz:   0% 3756 MHz:   0% 3828 MHz:   0% 3888 MHz:   0% 3948 MHz:   0% 3996 MHz:   0% 4044 MHz:   0% 4104 MHz:   0% 4416 MHz:   0% 4512 MHz: .03%)
CPU 14 idle residency:   2.73%
CPU 14 down residency:  96.83%
CPU 15 frequency: 1893 MHz
CPU 15 active residency:   0.47% (1260 MHz: .30% 1512 MHz: .01% 1800 MHz: .03% 2088 MHz: .06% 2352 MHz:   0% 2616 MHz:   0% 2868 MHz: .00% 3096 MHz:   0% 3300 MHz:   0% 3468 MHz:   0% 3624 MHz:   0% 3756 MHz:   0% 3828 MHz:   0% 3888 MHz:   0% 3948 MHz:   0% 3996 MHz:   0% 4044 MHz:   0% 4104 MHz:   0% 4416 MHz:   0% 4512 MHz: .07%)
CPU 15 idle residency:   2.73%
CPU 15 down residency:  96.80%

CPU Power: 6835 mW
GPU Power: 22378 mW
ANE Power: 0 mW
Combined Power (CPU + GPU + ANE): 29213 mW

**** GPU usage ****

GPU HW active frequency: 1578 MHz
GPU HW active residency: 100.00% (338 MHz:   0% 618 MHz:   0% 796 MHz:   0% 924 MHz:   0% 952 MHz:   0% 1056 MHz:   0% 1062 MHz:   0% 1182 MHz:   0% 1182 MHz:   0% 1312 MHz:   0% 1242 MHz:   0% 1380 MHz:   0% 1326 MHz:   0% 1470 MHz:   0% 1578 MHz: 100%)
GPU SW requested state: (P1 :   0% P2 :   0% P3 :   0% P4 :   0% P5 :   0% P6 :   0% P7 :   0% P8 :   0% P9 :   0% P10 : 100% P11 :   0% P12 :   0% P13 :   0% P14 :   0% P15 :   0%)
GPU SW state: (SW_P1 :   0% SW_P2 :   0% SW_P3 :   0% SW_P4 :   0% SW_P5 :   0% SW_P6 :   0% SW_P7 :   0% SW_P8 :   0% SW_P9 :   0% SW_P10 : 100% SW_P11 :   0% SW_P12 :   0% SW_P13 :   0% SW_P14 :   0% SW_P15 :   0%)
GPU idle residency:   0.00%
GPU Power: 22186 mW



*** Sampled system activity (Tue Jan 20 15:17:12 2026 +0100) (1020.77ms elapsed) ***


**** Processor usage ****

E-Cluster Online: 100%
E-Cluster HW active frequency: 2592 MHz
E-Cluster HW active residency:  66.28% (1020 MHz:   0% 1404 MHz:   0% 1788 MHz:   0% 2112 MHz:   0% 2352 MHz:   0% 2532 MHz: .00% 2592 MHz:  66%)
E-Cluster idle residency:  33.72%
E-Cluster down residency:   0.00%
CPU 0 frequency: 2592 MHz
CPU 0 active residency:  29.37% (1020 MHz:   0% 1404 MHz:   0% 1788 MHz:   0% 2112 MHz:   0% 2352 MHz:   0% 2532 MHz:   0% 2592 MHz:  29%)
CPU 0 idle residency:  70.63%
CPU 0 down residency:   0.00%
CPU 1 frequency: 2592 MHz
CPU 1 active residency:  12.35% (1020 MHz:   0% 1404 MHz:   0% 1788 MHz:   0% 2112 MHz:   0% 2352 MHz:   0% 2532 MHz:   0% 2592 MHz:  12%)
CPU 1 idle residency:  87.65%
CPU 1 down residency:   0.00%
CPU 2 frequency: 2592 MHz
CPU 2 active residency:   7.85% (1020 MHz:   0% 1404 MHz:   0% 1788 MHz:   0% 2112 MHz:   0% 2352 MHz:   0% 2532 MHz:   0% 2592 MHz: 7.9%)
CPU 2 idle residency:  92.15%
CPU 2 down residency:   0.00%
CPU 3 frequency: 2592 MHz
CPU 3 active residency:   7.33% (1020 MHz:   0% 1404 MHz:   0% 1788 MHz:   0% 2112 MHz:   0% 2352 MHz:   0% 2532 MHz:   0% 2592 MHz: 7.3%)
CPU 3 idle residency:  92.67%
CPU 3 down residency:   0.00%

P0-Cluster Online: 100%
P0-Cluster HW active frequency: 4036 MHz
P0-Cluster HW active residency:  99.33% (1260 MHz:   0% 1512 MHz:   0% 1800 MHz:   0% 2088 MHz:   0% 2352 MHz:   0% 2616 MHz:   0% 2868 MHz:   0% 3096 MHz:   0% 3300 MHz:   0% 3468 MHz:   0% 3624 MHz:   0% 3756 MHz:   0% 3828 MHz:   0% 3888 MHz: 8.5% 3948 MHz:  58% 3996 MHz:  11% 4044 MHz: 7.2% 4104 MHz:   0% 4416 MHz: 5.8% 4512 MHz: 9.4%)
P0-Cluster idle residency:   0.67%
P0-Cluster down residency:   0.00%
CPU 4 frequency: 4512 MHz
CPU 4 active residency:  58.48% (1260 MHz:   0% 1512 MHz:   0% 1800 MHz:   0% 2088 MHz:   0% 2352 MHz:   0% 2616 MHz:   0% 2868 MHz:   0% 3096 MHz:   0% 3300 MHz:   0% 3468 MHz:   0% 3624 MHz:   0% 3756 MHz:   0% 3828 MHz:   0% 3888 MHz:   0% 3948 MHz:   0% 3996 MHz:   0% 4044 MHz:   0% 4104 MHz:   0% 4416 MHz:   0% 4512 MHz:  58%)
CPU 4 idle residency:  41.52%
CPU 4 down residency:   0.00%
CPU 5 frequency: 4512 MHz
CPU 5 active residency:  57.62% (1260 MHz:   0% 1512 MHz:   0% 1800 MHz:   0% 2088 MHz:   0% 2352 MHz:   0% 2616 MHz:   0% 2868 MHz:   0% 3096 MHz:   0% 3300 MHz:   0% 3468 MHz:   0% 3624 MHz:   0% 3756 MHz:   0% 3828 MHz:   0% 3888 MHz:   0% 3948 MHz:   0% 3996 MHz:   0% 4044 MHz:   0% 4104 MHz:   0% 4416 MHz:   0% 4512 MHz:  58%)
CPU 5 idle residency:  42.38%
CPU 5 down residency:   0.00%
CPU 6 frequency: 4512 MHz
CPU 6 active residency:  50.12% (1260 MHz:   0% 1512 MHz:   0% 1800 MHz:   0% 2088 MHz:   0% 2352 MHz:   0% 2616 MHz:   0% 2868 MHz:   0% 3096 MHz:   0% 3300 MHz:   0% 3468 MHz:   0% 3624 MHz:   0% 3756 MHz:   0% 3828 MHz:   0% 3888 MHz:   0% 3948 MHz:   0% 3996 MHz:   0% 4044 MHz:   0% 4104 MHz:   0% 4416 MHz:   0% 4512 MHz:  50%)
CPU 6 idle residency:  49.88%
CPU 6 down residency:   0.00%
CPU 7 frequency: 4512 MHz
CPU 7 active residency:  50.53% (1260 MHz:   0% 1512 MHz:   0% 1800 MHz:   0% 2088 MHz:   0% 2352 MHz:   0% 2616 MHz:   0% 2868 MHz:   0% 3096 MHz:   0% 3300 MHz:   0% 3468 MHz:   0% 3624 MHz:   0% 3756 MHz:   0% 3828 MHz:   0% 3888 MHz:   0% 3948 MHz:   0% 3996 MHz:   0% 4044 MHz:   0% 4104 MHz:   0% 4416 MHz:   0% 4512 MHz:  51%)
CPU 7 idle residency:  49.47%
CPU 7 down residency:   0.00%
CPU 8 frequency: 4512 MHz
CPU 8 active residency:  36.82% (1260 MHz:   0% 1512 MHz:   0% 1800 MHz:   0% 2088 MHz:   0% 2352 MHz:   0% 2616 MHz:   0% 2868 MHz:   0% 3096 MHz:   0% 3300 MHz:   0% 3468 MHz:   0% 3624 MHz:   0% 3756 MHz:   0% 3828 MHz:   0% 3888 MHz:   0% 3948 MHz:   0% 3996 MHz:   0% 4044 MHz:   0% 4104 MHz:   0% 4416 MHz:   0% 4512 MHz:  37%)
CPU 8 idle residency:  63.18%
CPU 8 down residency:   0.00%
CPU 9 frequency: 4512 MHz
CPU 9 active residency:  29.26% (1260 MHz:   0% 1512 MHz:   0% 1800 MHz:   0% 2088 MHz:   0% 2352 MHz:   0% 2616 MHz:   0% 2868 MHz:   0% 3096 MHz:   0% 3300 MHz:   0% 3468 MHz:   0% 3624 MHz:   0% 3756 MHz:   0% 3828 MHz:   0% 3888 MHz:   0% 3948 MHz:   0% 3996 MHz:   0% 4044 MHz:   0% 4104 MHz:   0% 4416 MHz:   0% 4512 MHz:  29%)
CPU 9 idle residency:  70.74%
CPU 9 down residency:   0.00%

P1-Cluster HW active frequency: 1703 MHz
P1-Cluster HW active residency:   1.32% (1260 MHz: 1.1% 1512 MHz:   0% 1800 MHz:   0% 2088 MHz: .02% 2352 MHz: .07% 2616 MHz:   0% 2868 MHz:   0% 3096 MHz:   0% 3300 MHz:   0% 3468 MHz:   0% 3624 MHz:   0% 3756 MHz:   0% 3828 MHz:   0% 3888 MHz: .00% 3948 MHz:   0% 3996 MHz:   0% 4044 MHz:   0% 4104 MHz: .03% 4416 MHz: .01% 4512 MHz: .11%)
P1-Cluster idle residency:   3.23%
P1-Cluster down residency:  95.45%
CPU 10 frequency: 0 MHz
CPU 10 active residency:   0.00% (1260 MHz:   0% 1512 MHz:   0% 1800 MHz:   0% 2088 MHz:   0% 2352 MHz:   0% 2616 MHz:   0% 2868 MHz:   0% 3096 MHz:   0% 3300 MHz:   0% 3468 MHz:   0% 3624 MHz:   0% 3756 MHz:   0% 3828 MHz:   0% 3888 MHz:   0% 3948 MHz:   0% 3996 MHz:   0% 4044 MHz:   0% 4104 MHz:   0% 4416 MHz:   0% 4512 MHz:   0%)
CPU 10 idle residency:   4.30%
CPU 10 down residency:  95.70%
CPU 11 frequency: 0 MHz
CPU 11 active residency:   0.00% (1260 MHz:   0% 1512 MHz:   0% 1800 MHz:   0% 2088 MHz:   0% 2352 MHz:   0% 2616 MHz:   0% 2868 MHz:   0% 3096 MHz:   0% 3300 MHz:   0% 3468 MHz:   0% 3624 MHz:   0% 3756 MHz:   0% 3828 MHz:   0% 3888 MHz:   0% 3948 MHz:   0% 3996 MHz:   0% 4044 MHz:   0% 4104 MHz:   0% 4416 MHz:   0% 4512 MHz:   0%)
CPU 11 idle residency:   4.35%
CPU 11 down residency:  95.65%
CPU 12 frequency: 0 MHz
CPU 12 active residency:   0.00% (1260 MHz:   0% 1512 MHz:   0% 1800 MHz:   0% 2088 MHz:   0% 2352 MHz:   0% 2616 MHz:   0% 2868 MHz:   0% 3096 MHz:   0% 3300 MHz:   0% 3468 MHz:   0% 3624 MHz:   0% 3756 MHz:   0% 3828 MHz:   0% 3888 MHz:   0% 3948 MHz:   0% 3996 MHz:   0% 4044 MHz:   0% 4104 MHz:   0% 4416 MHz:   0% 4512 MHz:   0%)
CPU 12 idle residency:   4.30%
CPU 12 down residency:  95.70%
CPU 13 frequency: 0 MHz
CPU 13 active residency:   0.00% (1260 MHz:   0% 1512 MHz:   0% 1800 MHz:   0% 2088 MHz:   0% 2352 MHz:   0% 2616 MHz:   0% 2868 MHz:   0% 3096 MHz:   0% 3300 MHz:   0% 3468 MHz:   0% 3624 MHz:   0% 3756 MHz:   0% 3828 MHz:   0% 3888 MHz:   0% 3948 MHz:   0% 3996 MHz:   0% 4044 MHz:   0% 4104 MHz:   0% 4416 MHz:   0% 4512 MHz:   0%)
CPU 13 idle residency:   4.35%
CPU 13 down residency:  95.65%
CPU 14 frequency: 0 MHz
CPU 14 active residency:   0.00% (1260 MHz:   0% 1512 MHz:   0% 1800 MHz:   0% 2088 MHz:   0% 2352 MHz:   0% 2616 MHz:   0% 2868 MHz:   0% 3096 MHz:   0% 3300 MHz:   0% 3468 MHz:   0% 3624 MHz:   0% 3756 MHz:   0% 3828 MHz:   0% 3888 MHz:   0% 3948 MHz:   0% 3996 MHz:   0% 4044 MHz:   0% 4104 MHz:   0% 4416 MHz:   0% 4512 MHz:   0%)
CPU 14 idle residency:   4.37%
CPU 14 down residency:  95.63%
CPU 15 frequency: 0 MHz
CPU 15 active residency:   0.00% (1260 MHz:   0% 1512 MHz:   0% 1800 MHz:   0% 2088 MHz:   0% 2352 MHz:   0% 2616 MHz:   0% 2868 MHz:   0% 3096 MHz:   0% 3300 MHz:   0% 3468 MHz:   0% 3624 MHz:   0% 3756 MHz:   0% 3828 MHz:   0% 3888 MHz:   0% 3948 MHz:   0% 3996 MHz:   0% 4044 MHz:   0% 4104 MHz:   0% 4416 MHz:   0% 4512 MHz:   0%)
CPU 15 idle residency:   4.38%
CPU 15 down residency:  95.62%

CPU Power: 6610 mW
GPU Power: 22217 mW
ANE Power: 0 mW
Combined Power (CPU + GPU + ANE): 28826 mW

**** GPU usage ****

GPU HW active frequency: 1578 MHz
GPU HW active residency: 100.00% (338 MHz:   0% 618 MHz:   0% 796 MHz:   0% 924 MHz:   0% 952 MHz:   0% 1056 MHz:   0% 1062 MHz:   0% 1182 MHz:   0% 1182 MHz:   0% 1312 MHz:   0% 1242 MHz:   0% 1380 MHz:   0% 1326 MHz:   0% 1470 MHz:   0% 1578 MHz: 100%)
GPU SW requested state: (P1 :   0% P2 :   0% P3 :   0% P4 :   0% P5 :   0% P6 :   0% P7 :   0% P8 :   0% P9 :   0% P10 : 100% P11 :   0% P12 :   0% P13 :   0% P14 :   0% P15 :   0%)
GPU SW state: (SW_P1 :   0% SW_P2 :   0% SW_P3 :   0% SW_P4 :   0% SW_P5 :   0% SW_P6 :   0% SW_P7 :   0% SW_P8 :   0% SW_P9 :   0% SW_P10 : 100% SW_P11 :   0% SW_P12 :   0% SW_P13 :   0% SW_P14 :   0% SW_P15 :   0%)
GPU idle residency:   0.00%
GPU Power: 22404 mW



*** Sampled system activity (Tue Jan 20 15:17:13 2026 +0100) (1020.38ms elapsed) ***


**** Processor usage ****

E-Cluster Online: 100%
E-Cluster HW active frequency: 2572 MHz
E-Cluster HW active residency:  65.36% (1020 MHz: .44% 1404 MHz: .24% 1788 MHz: .22% 2112 MHz: .22% 2352 MHz: .19% 2532 MHz: .20% 2592 MHz:  64%)
E-Cluster idle residency:  34.64%
E-Cluster down residency:   0.00%
CPU 0 frequency: 2571 MHz
CPU 0 active residency:  29.99% (1020 MHz: .22% 1404 MHz: .12% 1788 MHz: .09% 2112 MHz: .08% 2352 MHz: .06% 2532 MHz: .07% 2592 MHz:  29%)
CPU 0 idle residency:  70.01%
CPU 0 down residency:   0.00%
CPU 1 frequency: 2578 MHz
CPU 1 active residency:  14.32% (1020 MHz: .08% 1404 MHz: .03% 1788 MHz: .03% 2112 MHz: .03% 2352 MHz: .03% 2532 MHz: .03% 2592 MHz:  14%)
CPU 1 idle residency:  85.68%
CPU 1 down residency:   0.00%
CPU 2 frequency: 2581 MHz
CPU 2 active residency:   8.33% (1020 MHz: .03% 1404 MHz: .02% 1788 MHz: .02% 2112 MHz: .02% 2352 MHz: .01% 2532 MHz: .00% 2592 MHz: 8.2%)
CPU 2 idle residency:  91.67%
CPU 2 down residency:   0.00%
CPU 3 frequency: 2587 MHz
CPU 3 active residency:   4.77% (1020 MHz: .01% 1404 MHz: .00% 1788 MHz: .01% 2112 MHz: .01% 2352 MHz: .00% 2532 MHz: .01% 2592 MHz: 4.7%)
CPU 3 idle residency:  95.23%
CPU 3 down residency:   0.00%

P0-Cluster Online: 35%
P0-Cluster HW active frequency: 3852 MHz
P0-Cluster HW active residency:  29.91% (1260 MHz: 1.6% 1512 MHz:   0% 1800 MHz:   0% 2088 MHz:   0% 2352 MHz:   0% 2616 MHz:   0% 2868 MHz:   0% 3096 MHz:   0% 3300 MHz:   0% 3468 MHz:   0% 3624 MHz:   0% 3756 MHz:   0% 3828 MHz:   0% 3888 MHz: 2.5% 3948 MHz:  18% 3996 MHz: 3.7% 4044 MHz: 1.3% 4104 MHz:   0% 4416 MHz: .67% 4512 MHz: 1.7%)
P0-Cluster idle residency:   5.84%
P0-Cluster down residency:  64.25%
CPU 4 frequency: 4512 MHz
CPU 4 active residency:  20.83% (1260 MHz:   0% 1512 MHz:   0% 1800 MHz:   0% 2088 MHz:   0% 2352 MHz:   0% 2616 MHz:   0% 2868 MHz:   0% 3096 MHz:   0% 3300 MHz:   0% 3468 MHz:   0% 3624 MHz:   0% 3756 MHz:   0% 3828 MHz:   0% 3888 MHz:   0% 3948 MHz:   0% 3996 MHz:   0% 4044 MHz:   0% 4104 MHz:   0% 4416 MHz:   0% 4512 MHz:  21%)
CPU 4 idle residency:  13.69%
CPU 4 down residency:  65.48%
CPU 5 frequency: 4512 MHz
CPU 5 active residency:  10.78% (1260 MHz:   0% 1512 MHz:   0% 1800 MHz:   0% 2088 MHz:   0% 2352 MHz:   0% 2616 MHz:   0% 2868 MHz:   0% 3096 MHz:   0% 3300 MHz:   0% 3468 MHz:   0% 3624 MHz:   0% 3756 MHz:   0% 3828 MHz:   0% 3888 MHz:   0% 3948 MHz:   0% 3996 MHz:   0% 4044 MHz:   0% 4104 MHz:   0% 4416 MHz:   0% 4512 MHz:  11%)
CPU 5 idle residency:  24.80%
CPU 5 down residency:  64.42%
CPU 6 frequency: 4512 MHz
CPU 6 active residency:  18.81% (1260 MHz:   0% 1512 MHz:   0% 1800 MHz:   0% 2088 MHz:   0% 2352 MHz:   0% 2616 MHz:   0% 2868 MHz:   0% 3096 MHz:   0% 3300 MHz:   0% 3468 MHz:   0% 3624 MHz:   0% 3756 MHz:   0% 3828 MHz:   0% 3888 MHz:   0% 3948 MHz:   0% 3996 MHz:   0% 4044 MHz:   0% 4104 MHz:   0% 4416 MHz:   0% 4512 MHz:  19%)
CPU 6 idle residency:  16.02%
CPU 6 down residency:  65.17%
CPU 7 frequency: 4512 MHz
CPU 7 active residency:   6.26% (1260 MHz:   0% 1512 MHz:   0% 1800 MHz:   0% 2088 MHz:   0% 2352 MHz:   0% 2616 MHz:   0% 2868 MHz:   0% 3096 MHz:   0% 3300 MHz:   0% 3468 MHz:   0% 3624 MHz:   0% 3756 MHz:   0% 3828 MHz:   0% 3888 MHz:   0% 3948 MHz:   0% 3996 MHz:   0% 4044 MHz:   0% 4104 MHz:   0% 4416 MHz:   0% 4512 MHz: 6.3%)
CPU 7 idle residency:  29.34%
CPU 7 down residency:  64.40%
CPU 8 frequency: 4512 MHz
CPU 8 active residency:  16.16% (1260 MHz:   0% 1512 MHz:   0% 1800 MHz:   0% 2088 MHz:   0% 2352 MHz:   0% 2616 MHz:   0% 2868 MHz:   0% 3096 MHz:   0% 3300 MHz:   0% 3468 MHz:   0% 3624 MHz:   0% 3756 MHz:   0% 3828 MHz:   0% 3888 MHz:   0% 3948 MHz:   0% 3996 MHz:   0% 4044 MHz:   0% 4104 MHz:   0% 4416 MHz:   0% 4512 MHz:  16%)
CPU 8 idle residency:  19.47%
CPU 8 down residency:  64.38%
CPU 9 frequency: 4512 MHz
CPU 9 active residency:  16.59% (1260 MHz:   0% 1512 MHz:   0% 1800 MHz:   0% 2088 MHz:   0% 2352 MHz:   0% 2616 MHz:   0% 2868 MHz:   0% 3096 MHz:   0% 3300 MHz:   0% 3468 MHz:   0% 3624 MHz:   0% 3756 MHz:   0% 3828 MHz:   0% 3888 MHz:   0% 3948 MHz:   0% 3996 MHz:   0% 4044 MHz:   0% 4104 MHz:   0% 4416 MHz:   0% 4512 MHz:  17%)
CPU 9 idle residency:  18.53%
CPU 9 down residency:  64.89%

P1-Cluster HW active frequency: 4050 MHz
P1-Cluster HW active residency:  73.65% (1260 MHz: .09% 1512 MHz:   0% 1800 MHz:   0% 2088 MHz:   0% 2352 MHz:   0% 2616 MHz:   0% 2868 MHz:   0% 3096 MHz:   0% 3300 MHz:   0% 3468 MHz:   0% 3624 MHz:   0% 3756 MHz:   0% 3828 MHz:   0% 3888 MHz: 7.2% 3948 MHz:  39% 3996 MHz: 7.3% 4044 MHz: 5.9% 4104 MHz:   0% 4416 MHz: 5.2% 4512 MHz: 8.5%)
P1-Cluster idle residency:   1.21%
P1-Cluster down residency:  25.14%
CPU 10 frequency: 4489 MHz
CPU 10 active residency:  35.62% (1260 MHz: .25% 1512 MHz:   0% 1800 MHz:   0% 2088 MHz: .01% 2352 MHz:   0% 2616 MHz:   0% 2868 MHz:   0% 3096 MHz:   0% 3300 MHz:   0% 3468 MHz:   0% 3624 MHz:   0% 3756 MHz:   0% 3828 MHz:   0% 3888 MHz:   0% 3948 MHz:   0% 3996 MHz:   0% 4044 MHz:   0% 4104 MHz:   0% 4416 MHz: .03% 4512 MHz:  35%)
CPU 10 idle residency:  39.35%
CPU 10 down residency:  25.03%
CPU 11 frequency: 4489 MHz
CPU 11 active residency:  36.12% (1260 MHz: .25% 1512 MHz:   0% 1800 MHz:   0% 2088 MHz: .01% 2352 MHz: .01% 2616 MHz:   0% 2868 MHz:   0% 3096 MHz:   0% 3300 MHz:   0% 3468 MHz:   0% 3624 MHz:   0% 3756 MHz:   0% 3828 MHz:   0% 3888 MHz:   0% 3948 MHz:   0% 3996 MHz:   0% 4044 MHz:   0% 4104 MHz:   0% 4416 MHz: .03% 4512 MHz:  36%)
CPU 11 idle residency:  38.85%
CPU 11 down residency:  25.04%
CPU 12 frequency: 4489 MHz
CPU 12 active residency:  38.24% (1260 MHz: .25% 1512 MHz:   0% 1800 MHz:   0% 2088 MHz: .01% 2352 MHz: .02% 2616 MHz:   0% 2868 MHz:   0% 3096 MHz:   0% 3300 MHz:   0% 3468 MHz:   0% 3624 MHz:   0% 3756 MHz:   0% 3828 MHz:   0% 3888 MHz:   0% 3948 MHz:   0% 3996 MHz:   0% 4044 MHz:   0% 4104 MHz: .03% 4416 MHz: .03% 4512 MHz:  38%)
CPU 12 idle residency:  36.73%
CPU 12 down residency:  25.03%
CPU 13 frequency: 4488 MHz
CPU 13 active residency:  35.47% (1260 MHz: .25% 1512 MHz:   0% 1800 MHz:   0% 2088 MHz: .01% 2352 MHz: .00% 2616 MHz:   0% 2868 MHz:   0% 3096 MHz:   0% 3300 MHz:   0% 3468 MHz:   0% 3624 MHz:   0% 3756 MHz:   0% 3828 MHz:   0% 3888 MHz:   0% 3948 MHz:   0% 3996 MHz:   0% 4044 MHz:   0% 4104 MHz:   0% 4416 MHz: .03% 4512 MHz:  35%)
CPU 13 idle residency:  39.49%
CPU 13 down residency:  25.04%
CPU 14 frequency: 4486 MHz
CPU 14 active residency:  30.67% (1260 MHz: .25% 1512 MHz:   0% 1800 MHz:   0% 2088 MHz: .00% 2352 MHz:   0% 2616 MHz:   0% 2868 MHz:   0% 3096 MHz:   0% 3300 MHz:   0% 3468 MHz:   0% 3624 MHz:   0% 3756 MHz:   0% 3828 MHz:   0% 3888 MHz:   0% 3948 MHz:   0% 3996 MHz:   0% 4044 MHz:   0% 4104 MHz:   0% 4416 MHz: .03% 4512 MHz:  30%)
CPU 14 idle residency:  44.28%
CPU 14 down residency:  25.04%
CPU 15 frequency: 4484 MHz
CPU 15 active residency:  28.66% (1260 MHz: .24% 1512 MHz:   0% 1800 MHz:   0% 2088 MHz:   0% 2352 MHz:   0% 2616 MHz:   0% 2868 MHz:   0% 3096 MHz:   0% 3300 MHz:   0% 3468 MHz:   0% 3624 MHz:   0% 3756 MHz:   0% 3828 MHz:   0% 3888 MHz:   0% 3948 MHz:   0% 3996 MHz:   0% 4044 MHz:   0% 4104 MHz:   0% 4416 MHz: .03% 4512 MHz:  28%)
CPU 15 idle residency:  46.30%
CPU 15 down residency:  25.04%

CPU Power: 7111 mW
GPU Power: 22227 mW
ANE Power: 0 mW
Combined Power (CPU + GPU + ANE): 29338 mW

**** GPU usage ****

GPU HW active frequency: 1578 MHz
GPU HW active residency:  99.98% (338 MHz: .01% 618 MHz:   0% 796 MHz:   0% 924 MHz:   0% 952 MHz:   0% 1056 MHz:   0% 1062 MHz:   0% 1182 MHz:   0% 1182 MHz:   0% 1312 MHz:   0% 1242 MHz:   0% 1380 MHz:   0% 1326 MHz:   0% 1470 MHz:   0% 1578 MHz: 100%)
GPU SW requested state: (P1 :   0% P2 :   0% P3 :   0% P4 :   0% P5 :   0% P6 :   0% P7 :   0% P8 :   0% P9 :   0% P10 : 100% P11 :   0% P12 :   0% P13 :   0% P14 :   0% P15 :   0%)
GPU SW state: (SW_P1 : .01% SW_P2 :   0% SW_P3 :   0% SW_P4 :   0% SW_P5 :   0% SW_P6 :   0% SW_P7 :   0% SW_P8 :   0% SW_P9 :   0% SW_P10 : 100% SW_P11 :   0% SW_P12 :   0% SW_P13 :   0% SW_P14 :   0% SW_P15 :   0%)
GPU idle residency:   0.02%
GPU Power: 22039 mW



*** Sampled system activity (Tue Jan 20 15:17:14 2026 +0100) (1021.05ms elapsed) ***


**** Processor usage ****

E-Cluster Online: 100%
E-Cluster HW active frequency: 2592 MHz
E-Cluster HW active residency:  64.97% (1020 MHz:   0% 1404 MHz:   0% 1788 MHz:   0% 2112 MHz:   0% 2352 MHz:   0% 2532 MHz: .00% 2592 MHz:  65%)
E-Cluster idle residency:  35.03%
E-Cluster down residency:   0.00%
CPU 0 frequency: 2592 MHz
CPU 0 active residency:  27.33% (1020 MHz:   0% 1404 MHz:   0% 1788 MHz:   0% 2112 MHz:   0% 2352 MHz:   0% 2532 MHz:   0% 2592 MHz:  27%)
CPU 0 idle residency:  72.67%
CPU 0 down residency:   0.00%
CPU 1 frequency: 2592 MHz
CPU 1 active residency:  16.64% (1020 MHz:   0% 1404 MHz:   0% 1788 MHz:   0% 2112 MHz:   0% 2352 MHz:   0% 2532 MHz:   0% 2592 MHz:  17%)
CPU 1 idle residency:  83.36%
CPU 1 down residency:   0.00%
CPU 2 frequency: 2592 MHz
CPU 2 active residency:   7.93% (1020 MHz:   0% 1404 MHz:   0% 1788 MHz:   0% 2112 MHz:   0% 2352 MHz:   0% 2532 MHz:   0% 2592 MHz: 7.9%)
CPU 2 idle residency:  92.07%
CPU 2 down residency:   0.00%
CPU 3 frequency: 2592 MHz
CPU 3 active residency:   5.00% (1020 MHz:   0% 1404 MHz:   0% 1788 MHz:   0% 2112 MHz:   0% 2352 MHz:   0% 2532 MHz:   0% 2592 MHz: 5.0%)
CPU 3 idle residency:  95.00%
CPU 3 down residency:   0.00%

P0-Cluster Online: 5%
P0-Cluster HW active frequency: 1573 MHz
P0-Cluster HW active residency:   1.49% (1260 MHz: 1.2% 1512 MHz:   0% 1800 MHz: .19% 2088 MHz:   0% 2352 MHz:   0% 2616 MHz:   0% 2868 MHz:   0% 3096 MHz:   0% 3300 MHz:   0% 3468 MHz:   0% 3624 MHz:   0% 3756 MHz:   0% 3828 MHz:   0% 3888 MHz:   0% 3948 MHz:   0% 3996 MHz:   0% 4044 MHz:   0% 4104 MHz:   0% 4416 MHz:   0% 4512 MHz: .11%)
P0-Cluster idle residency:   2.39%
P0-Cluster down residency:  96.12%
CPU 4 frequency: 0 MHz
CPU 4 active residency:   0.00% (1260 MHz:   0% 1512 MHz:   0% 1800 MHz:   0% 2088 MHz:   0% 2352 MHz:   0% 2616 MHz:   0% 2868 MHz:   0% 3096 MHz:   0% 3300 MHz:   0% 3468 MHz:   0% 3624 MHz:   0% 3756 MHz:   0% 3828 MHz:   0% 3888 MHz:   0% 3948 MHz:   0% 3996 MHz:   0% 4044 MHz:   0% 4104 MHz:   0% 4416 MHz:   0% 4512 MHz:   0%)
CPU 4 idle residency:   3.64%
CPU 4 down residency:  96.36%
CPU 5 frequency: 0 MHz
CPU 5 active residency:   0.00% (1260 MHz:   0% 1512 MHz:   0% 1800 MHz:   0% 2088 MHz:   0% 2352 MHz:   0% 2616 MHz:   0% 2868 MHz:   0% 3096 MHz:   0% 3300 MHz:   0% 3468 MHz:   0% 3624 MHz:   0% 3756 MHz:   0% 3828 MHz:   0% 3888 MHz:   0% 3948 MHz:   0% 3996 MHz:   0% 4044 MHz:   0% 4104 MHz:   0% 4416 MHz:   0% 4512 MHz:   0%)
CPU 5 idle residency:   3.69%
CPU 5 down residency:  96.31%
CPU 6 frequency: 0 MHz
CPU 6 active residency:   0.00% (1260 MHz:   0% 1512 MHz:   0% 1800 MHz:   0% 2088 MHz:   0% 2352 MHz:   0% 2616 MHz:   0% 2868 MHz:   0% 3096 MHz:   0% 3300 MHz:   0% 3468 MHz:   0% 3624 MHz:   0% 3756 MHz:   0% 3828 MHz:   0% 3888 MHz:   0% 3948 MHz:   0% 3996 MHz:   0% 4044 MHz:   0% 4104 MHz:   0% 4416 MHz:   0% 4512 MHz:   0%)
CPU 6 idle residency:   3.68%
CPU 6 down residency:  96.32%
CPU 7 frequency: 0 MHz
CPU 7 active residency:   0.00% (1260 MHz:   0% 1512 MHz:   0% 1800 MHz:   0% 2088 MHz:   0% 2352 MHz:   0% 2616 MHz:   0% 2868 MHz:   0% 3096 MHz:   0% 3300 MHz:   0% 3468 MHz:   0% 3624 MHz:   0% 3756 MHz:   0% 3828 MHz:   0% 3888 MHz:   0% 3948 MHz:   0% 3996 MHz:   0% 4044 MHz:   0% 4104 MHz:   0% 4416 MHz:   0% 4512 MHz:   0%)
CPU 7 idle residency:   3.70%
CPU 7 down residency:  96.30%
CPU 8 frequency: 0 MHz
CPU 8 active residency:   0.00% (1260 MHz:   0% 1512 MHz:   0% 1800 MHz:   0% 2088 MHz:   0% 2352 MHz:   0% 2616 MHz:   0% 2868 MHz:   0% 3096 MHz:   0% 3300 MHz:   0% 3468 MHz:   0% 3624 MHz:   0% 3756 MHz:   0% 3828 MHz:   0% 3888 MHz:   0% 3948 MHz:   0% 3996 MHz:   0% 4044 MHz:   0% 4104 MHz:   0% 4416 MHz:   0% 4512 MHz:   0%)
CPU 8 idle residency:   3.70%
CPU 8 down residency:  96.30%
CPU 9 frequency: 0 MHz
CPU 9 active residency:   0.00% (1260 MHz:   0% 1512 MHz:   0% 1800 MHz:   0% 2088 MHz:   0% 2352 MHz:   0% 2616 MHz:   0% 2868 MHz:   0% 3096 MHz:   0% 3300 MHz:   0% 3468 MHz:   0% 3624 MHz:   0% 3756 MHz:   0% 3828 MHz:   0% 3888 MHz:   0% 3948 MHz:   0% 3996 MHz:   0% 4044 MHz:   0% 4104 MHz:   0% 4416 MHz:   0% 4512 MHz:   0%)
CPU 9 idle residency:   3.69%
CPU 9 down residency:  96.31%

P1-Cluster HW active frequency: 4034 MHz
P1-Cluster HW active residency:  99.33% (1260 MHz:   0% 1512 MHz:   0% 1800 MHz:   0% 2088 MHz:   0% 2352 MHz:   0% 2616 MHz:   0% 2868 MHz:   0% 3096 MHz:   0% 3300 MHz:   0% 3468 MHz:   0% 3624 MHz:   0% 3756 MHz:   0% 3828 MHz:   0% 3888 MHz: 6.9% 3948 MHz:  58% 3996 MHz:  12% 4044 MHz: 9.1% 4104 MHz:   0% 4416 MHz: 5.4% 4512 MHz: 8.9%)
P1-Cluster idle residency:   0.67%
P1-Cluster down residency:   0.00%
CPU 10 frequency: 4512 MHz
CPU 10 active residency:  58.41% (1260 MHz:   0% 1512 MHz:   0% 1800 MHz:   0% 2088 MHz:   0% 2352 MHz:   0% 2616 MHz:   0% 2868 MHz:   0% 3096 MHz:   0% 3300 MHz:   0% 3468 MHz:   0% 3624 MHz:   0% 3756 MHz:   0% 3828 MHz:   0% 3888 MHz:   0% 3948 MHz:   0% 3996 MHz:   0% 4044 MHz:   0% 4104 MHz:   0% 4416 MHz:   0% 4512 MHz:  58%)
CPU 10 idle residency:  41.59%
CPU 10 down residency:   0.00%
CPU 11 frequency: 4512 MHz
CPU 11 active residency:  56.24% (1260 MHz:   0% 1512 MHz:   0% 1800 MHz:   0% 2088 MHz:   0% 2352 MHz:   0% 2616 MHz:   0% 2868 MHz:   0% 3096 MHz:   0% 3300 MHz:   0% 3468 MHz:   0% 3624 MHz:   0% 3756 MHz:   0% 3828 MHz:   0% 3888 MHz:   0% 3948 MHz:   0% 3996 MHz:   0% 4044 MHz:   0% 4104 MHz:   0% 4416 MHz:   0% 4512 MHz:  56%)
CPU 11 idle residency:  43.76%
CPU 11 down residency:   0.00%
CPU 12 frequency: 4512 MHz
CPU 12 active residency:  41.74% (1260 MHz:   0% 1512 MHz:   0% 1800 MHz:   0% 2088 MHz:   0% 2352 MHz:   0% 2616 MHz:   0% 2868 MHz:   0% 3096 MHz:   0% 3300 MHz:   0% 3468 MHz:   0% 3624 MHz:   0% 3756 MHz:   0% 3828 MHz:   0% 3888 MHz:   0% 3948 MHz:   0% 3996 MHz:   0% 4044 MHz:   0% 4104 MHz:   0% 4416 MHz:   0% 4512 MHz:  42%)
CPU 12 idle residency:  58.26%
CPU 12 down residency:   0.00%
CPU 13 frequency: 4512 MHz
CPU 13 active residency:  35.33% (1260 MHz:   0% 1512 MHz:   0% 1800 MHz:   0% 2088 MHz:   0% 2352 MHz:   0% 2616 MHz:   0% 2868 MHz:   0% 3096 MHz:   0% 3300 MHz:   0% 3468 MHz:   0% 3624 MHz:   0% 3756 MHz:   0% 3828 MHz:   0% 3888 MHz:   0% 3948 MHz:   0% 3996 MHz:   0% 4044 MHz:   0% 4104 MHz:   0% 4416 MHz:   0% 4512 MHz:  35%)
CPU 13 idle residency:  64.67%
CPU 13 down residency:   0.00%
CPU 14 frequency: 4512 MHz
CPU 14 active residency:  32.96% (1260 MHz:   0% 1512 MHz:   0% 1800 MHz:   0% 2088 MHz:   0% 2352 MHz:   0% 2616 MHz:   0% 2868 MHz:   0% 3096 MHz:   0% 3300 MHz:   0% 3468 MHz:   0% 3624 MHz:   0% 3756 MHz:   0% 3828 MHz:   0% 3888 MHz:   0% 3948 MHz:   0% 3996 MHz:   0% 4044 MHz:   0% 4104 MHz:   0% 4416 MHz:   0% 4512 MHz:  33%)
CPU 14 idle residency:  67.04%
CPU 14 down residency:   0.00%
CPU 15 frequency: 4512 MHz
CPU 15 active residency:  51.72% (1260 MHz:   0% 1512 MHz:   0% 1800 MHz:   0% 2088 MHz:   0% 2352 MHz:   0% 2616 MHz:   0% 2868 MHz:   0% 3096 MHz:   0% 3300 MHz:   0% 3468 MHz:   0% 3624 MHz:   0% 3756 MHz:   0% 3828 MHz:   0% 3888 MHz:   0% 3948 MHz:   0% 3996 MHz:   0% 4044 MHz:   0% 4104 MHz:   0% 4416 MHz:   0% 4512 MHz:  52%)
CPU 15 idle residency:  48.28%
CPU 15 down residency:   0.00%

CPU Power: 6512 mW
GPU Power: 22295 mW
ANE Power: 0 mW
Combined Power (CPU + GPU + ANE): 28807 mW

**** GPU usage ****

GPU HW active frequency: 1578 MHz
GPU HW active residency: 100.00% (338 MHz:   0% 618 MHz:   0% 796 MHz:   0% 924 MHz:   0% 952 MHz:   0% 1056 MHz:   0% 1062 MHz:   0% 1182 MHz:   0% 1182 MHz:   0% 1312 MHz:   0% 1242 MHz:   0% 1380 MHz:   0% 1326 MHz:   0% 1470 MHz:   0% 1578 MHz: 100%)
GPU SW requested state: (P1 :   0% P2 :   0% P3 :   0% P4 :   0% P5 :   0% P6 :   0% P7 :   0% P8 :   0% P9 :   0% P10 : 100% P11 :   0% P12 :   0% P13 :   0% P14 :   0% P15 :   0%)
GPU SW state: (SW_P1 :   0% SW_P2 :   0% SW_P3 :   0% SW_P4 :   0% SW_P5 :   0% SW_P6 :   0% SW_P7 :   0% SW_P8 :   0% SW_P9 :   0% SW_P10 : 100% SW_P11 :   0% SW_P12 :   0% SW_P13 :   0% SW_P14 :   0% SW_P15 :   0%)
GPU idle residency:   0.00%
GPU Power: 22482 mW



*** Sampled system activity (Tue Jan 20 15:17:15 2026 +0100) (1020.71ms elapsed) ***


**** Processor usage ****

E-Cluster Online: 100%
E-Cluster HW active frequency: 2592 MHz
E-Cluster HW active residency:  66.32% (1020 MHz:   0% 1404 MHz:   0% 1788 MHz:   0% 2112 MHz:   0% 2352 MHz:   0% 2532 MHz: .00% 2592 MHz:  66%)
E-Cluster idle residency:  33.68%
E-Cluster down residency:   0.00%
CPU 0 frequency: 2592 MHz
CPU 0 active residency:  29.45% (1020 MHz:   0% 1404 MHz:   0% 1788 MHz:   0% 2112 MHz:   0% 2352 MHz:   0% 2532 MHz:   0% 2592 MHz:  29%)
CPU 0 idle residency:  70.55%
CPU 0 down residency:   0.00%
CPU 1 frequency: 2592 MHz
CPU 1 active residency:  14.76% (1020 MHz:   0% 1404 MHz:   0% 1788 MHz:   0% 2112 MHz:   0% 2352 MHz:   0% 2532 MHz:   0% 2592 MHz:  15%)
CPU 1 idle residency:  85.24%
CPU 1 down residency:   0.00%
CPU 2 frequency: 2592 MHz
CPU 2 active residency:   8.08% (1020 MHz:   0% 1404 MHz:   0% 1788 MHz:   0% 2112 MHz:   0% 2352 MHz:   0% 2532 MHz:   0% 2592 MHz: 8.1%)
CPU 2 idle residency:  91.92%
CPU 2 down residency:   0.00%
CPU 3 frequency: 2592 MHz
CPU 3 active residency:   5.45% (1020 MHz:   0% 1404 MHz:   0% 1788 MHz:   0% 2112 MHz:   0% 2352 MHz:   0% 2532 MHz:   0% 2592 MHz: 5.5%)
CPU 3 idle residency:  94.55%
CPU 3 down residency:   0.00%

P0-Cluster Online: 4%
P0-Cluster HW active frequency: 1484 MHz
P0-Cluster HW active residency:   0.80% (1260 MHz: .74% 1512 MHz:   0% 1800 MHz:   0% 2088 MHz:   0% 2352 MHz:   0% 2616 MHz:   0% 2868 MHz:   0% 3096 MHz:   0% 3300 MHz:   0% 3468 MHz:   0% 3624 MHz:   0% 3756 MHz:   0% 3828 MHz:   0% 3888 MHz:   0% 3948 MHz: .00% 3996 MHz:   0% 4044 MHz:   0% 4104 MHz:   0% 4416 MHz:   0% 4512 MHz: .05%)
P0-Cluster idle residency:   2.00%
P0-Cluster down residency:  97.20%
CPU 4 frequency: 0 MHz
CPU 4 active residency:   0.00% (1260 MHz:   0% 1512 MHz:   0% 1800 MHz:   0% 2088 MHz:   0% 2352 MHz:   0% 2616 MHz:   0% 2868 MHz:   0% 3096 MHz:   0% 3300 MHz:   0% 3468 MHz:   0% 3624 MHz:   0% 3756 MHz:   0% 3828 MHz:   0% 3888 MHz:   0% 3948 MHz:   0% 3996 MHz:   0% 4044 MHz:   0% 4104 MHz:   0% 4416 MHz:   0% 4512 MHz:   0%)
CPU 4 idle residency:   2.66%
CPU 4 down residency:  97.34%
CPU 5 frequency: 0 MHz
CPU 5 active residency:   0.00% (1260 MHz:   0% 1512 MHz:   0% 1800 MHz:   0% 2088 MHz:   0% 2352 MHz:   0% 2616 MHz:   0% 2868 MHz:   0% 3096 MHz:   0% 3300 MHz:   0% 3468 MHz:   0% 3624 MHz:   0% 3756 MHz:   0% 3828 MHz:   0% 3888 MHz:   0% 3948 MHz:   0% 3996 MHz:   0% 4044 MHz:   0% 4104 MHz:   0% 4416 MHz:   0% 4512 MHz:   0%)
CPU 5 idle residency:   2.66%
CPU 5 down residency:  97.34%
CPU 6 frequency: 0 MHz
CPU 6 active residency:   0.00% (1260 MHz:   0% 1512 MHz:   0% 1800 MHz:   0% 2088 MHz:   0% 2352 MHz:   0% 2616 MHz:   0% 2868 MHz:   0% 3096 MHz:   0% 3300 MHz:   0% 3468 MHz:   0% 3624 MHz:   0% 3756 MHz:   0% 3828 MHz:   0% 3888 MHz:   0% 3948 MHz:   0% 3996 MHz:   0% 4044 MHz:   0% 4104 MHz:   0% 4416 MHz:   0% 4512 MHz:   0%)
CPU 6 idle residency:   2.66%
CPU 6 down residency:  97.34%
CPU 7 frequency: 0 MHz
CPU 7 active residency:   0.00% (1260 MHz:   0% 1512 MHz:   0% 1800 MHz:   0% 2088 MHz:   0% 2352 MHz:   0% 2616 MHz:   0% 2868 MHz:   0% 3096 MHz:   0% 3300 MHz:   0% 3468 MHz:   0% 3624 MHz:   0% 3756 MHz:   0% 3828 MHz:   0% 3888 MHz:   0% 3948 MHz:   0% 3996 MHz:   0% 4044 MHz:   0% 4104 MHz:   0% 4416 MHz:   0% 4512 MHz:   0%)
CPU 7 idle residency:   2.67%
CPU 7 down residency:  97.33%
CPU 8 frequency: 0 MHz
CPU 8 active residency:   0.00% (1260 MHz:   0% 1512 MHz:   0% 1800 MHz:   0% 2088 MHz:   0% 2352 MHz:   0% 2616 MHz:   0% 2868 MHz:   0% 3096 MHz:   0% 3300 MHz:   0% 3468 MHz:   0% 3624 MHz:   0% 3756 MHz:   0% 3828 MHz:   0% 3888 MHz:   0% 3948 MHz:   0% 3996 MHz:   0% 4044 MHz:   0% 4104 MHz:   0% 4416 MHz:   0% 4512 MHz:   0%)
CPU 8 idle residency:   2.67%
CPU 8 down residency:  97.33%
CPU 9 frequency: 0 MHz
CPU 9 active residency:   0.00% (1260 MHz:   0% 1512 MHz:   0% 1800 MHz:   0% 2088 MHz:   0% 2352 MHz:   0% 2616 MHz:   0% 2868 MHz:   0% 3096 MHz:   0% 3300 MHz:   0% 3468 MHz:   0% 3624 MHz:   0% 3756 MHz:   0% 3828 MHz:   0% 3888 MHz:   0% 3948 MHz:   0% 3996 MHz:   0% 4044 MHz:   0% 4104 MHz:   0% 4416 MHz:   0% 4512 MHz:   0%)
CPU 9 idle residency:   2.66%
CPU 9 down residency:  97.34%

P1-Cluster HW active frequency: 4024 MHz
P1-Cluster HW active residency:  99.31% (1260 MHz:   0% 1512 MHz:   0% 1800 MHz:   0% 2088 MHz:   0% 2352 MHz:   0% 2616 MHz:   0% 2868 MHz:   0% 3096 MHz:   0% 3300 MHz:   0% 3468 MHz:   0% 3624 MHz:   0% 3756 MHz:   0% 3828 MHz:   0% 3888 MHz: 9.2% 3948 MHz:  59% 3996 MHz:  11% 4044 MHz: 7.0% 4104 MHz:   0% 4416 MHz: 5.7% 4512 MHz: 7.5%)
P1-Cluster idle residency:   0.69%
P1-Cluster down residency:   0.00%
CPU 10 frequency: 4512 MHz
CPU 10 active residency:  56.04% (1260 MHz:   0% 1512 MHz:   0% 1800 MHz:   0% 2088 MHz:   0% 2352 MHz:   0% 2616 MHz:   0% 2868 MHz:   0% 3096 MHz:   0% 3300 MHz:   0% 3468 MHz:   0% 3624 MHz:   0% 3756 MHz:   0% 3828 MHz:   0% 3888 MHz:   0% 3948 MHz:   0% 3996 MHz:   0% 4044 MHz:   0% 4104 MHz:   0% 4416 MHz:   0% 4512 MHz:  56%)
CPU 10 idle residency:  43.96%
CPU 10 down residency:   0.00%
CPU 11 frequency: 4512 MHz
CPU 11 active residency:  38.83% (1260 MHz:   0% 1512 MHz:   0% 1800 MHz:   0% 2088 MHz:   0% 2352 MHz:   0% 2616 MHz:   0% 2868 MHz:   0% 3096 MHz:   0% 3300 MHz:   0% 3468 MHz:   0% 3624 MHz:   0% 3756 MHz:   0% 3828 MHz:   0% 3888 MHz:   0% 3948 MHz:   0% 3996 MHz:   0% 4044 MHz:   0% 4104 MHz:   0% 4416 MHz:   0% 4512 MHz:  39%)
CPU 11 idle residency:  61.17%
CPU 11 down residency:   0.00%
CPU 12 frequency: 4512 MHz
CPU 12 active residency:  56.20% (1260 MHz:   0% 1512 MHz:   0% 1800 MHz:   0% 2088 MHz:   0% 2352 MHz:   0% 2616 MHz:   0% 2868 MHz:   0% 3096 MHz:   0% 3300 MHz:   0% 3468 MHz:   0% 3624 MHz:   0% 3756 MHz:   0% 3828 MHz:   0% 3888 MHz:   0% 3948 MHz:   0% 3996 MHz:   0% 4044 MHz:   0% 4104 MHz:   0% 4416 MHz:   0% 4512 MHz:  56%)
CPU 12 idle residency:  43.80%
CPU 12 down residency:   0.00%
CPU 13 frequency: 4512 MHz
CPU 13 active residency:  59.88% (1260 MHz:   0% 1512 MHz:   0% 1800 MHz:   0% 2088 MHz:   0% 2352 MHz:   0% 2616 MHz:   0% 2868 MHz:   0% 3096 MHz:   0% 3300 MHz:   0% 3468 MHz:   0% 3624 MHz:   0% 3756 MHz:   0% 3828 MHz:   0% 3888 MHz:   0% 3948 MHz:   0% 3996 MHz:   0% 4044 MHz:   0% 4104 MHz:   0% 4416 MHz:   0% 4512 MHz:  60%)
CPU 13 idle residency:  40.12%
CPU 13 down residency:   0.00%
CPU 14 frequency: 4512 MHz
CPU 14 active residency:  24.97% (1260 MHz:   0% 1512 MHz:   0% 1800 MHz:   0% 2088 MHz:   0% 2352 MHz:   0% 2616 MHz:   0% 2868 MHz:   0% 3096 MHz:   0% 3300 MHz:   0% 3468 MHz:   0% 3624 MHz:   0% 3756 MHz:   0% 3828 MHz:   0% 3888 MHz:   0% 3948 MHz:   0% 3996 MHz:   0% 4044 MHz:   0% 4104 MHz:   0% 4416 MHz:   0% 4512 MHz:  25%)
CPU 14 idle residency:  75.03%
CPU 14 down residency:   0.00%
CPU 15 frequency: 4512 MHz
CPU 15 active residency:  53.22% (1260 MHz:   0% 1512 MHz:   0% 1800 MHz:   0% 2088 MHz:   0% 2352 MHz:   0% 2616 MHz:   0% 2868 MHz:   0% 3096 MHz:   0% 3300 MHz:   0% 3468 MHz:   0% 3624 MHz:   0% 3756 MHz:   0% 3828 MHz:   0% 3888 MHz:   0% 3948 MHz:   0% 3996 MHz:   0% 4044 MHz:   0% 4104 MHz:   0% 4416 MHz:   0% 4512 MHz:  53%)
CPU 15 idle residency:  46.78%
CPU 15 down residency:   0.00%

CPU Power: 6659 mW
GPU Power: 22512 mW
ANE Power: 0 mW
Combined Power (CPU + GPU + ANE): 29171 mW

**** GPU usage ****

GPU HW active frequency: 1578 MHz
GPU HW active residency: 100.00% (338 MHz:   0% 618 MHz:   0% 796 MHz:   0% 924 MHz:   0% 952 MHz:   0% 1056 MHz:   0% 1062 MHz:   0% 1182 MHz:   0% 1182 MHz:   0% 1312 MHz:   0% 1242 MHz:   0% 1380 MHz:   0% 1326 MHz:   0% 1470 MHz:   0% 1578 MHz: 100%)
GPU SW requested state: (P1 :   0% P2 :   0% P3 :   0% P4 :   0% P5 :   0% P6 :   0% P7 :   0% P8 :   0% P9 :   0% P10 : 100% P11 :   0% P12 :   0% P13 :   0% P14 :   0% P15 :   0%)
GPU SW state: (SW_P1 :   0% SW_P2 :   0% SW_P3 :   0% SW_P4 :   0% SW_P5 :   0% SW_P6 :   0% SW_P7 :   0% SW_P8 :   0% SW_P9 :   0% SW_P10 : 100% SW_P11 :   0% SW_P12 :   0% SW_P13 :   0% SW_P14 :   0% SW_P15 :   0%)
GPU idle residency:   0.00%
GPU Power: 22511 mW



*** Sampled system activity (Tue Jan 20 15:17:16 2026 +0100) (1019.04ms elapsed) ***


**** Processor usage ****

E-Cluster Online: 100%
E-Cluster HW active frequency: 2592 MHz
E-Cluster HW active residency:  69.48% (1020 MHz:   0% 1404 MHz:   0% 1788 MHz:   0% 2112 MHz:   0% 2352 MHz:   0% 2532 MHz: .00% 2592 MHz:  69%)
E-Cluster idle residency:  30.52%
E-Cluster down residency:   0.00%
CPU 0 frequency: 2592 MHz
CPU 0 active residency:  32.99% (1020 MHz:   0% 1404 MHz:   0% 1788 MHz:   0% 2112 MHz:   0% 2352 MHz:   0% 2532 MHz:   0% 2592 MHz:  33%)
CPU 0 idle residency:  67.01%
CPU 0 down residency:   0.00%
CPU 1 frequency: 2592 MHz
CPU 1 active residency:  18.92% (1020 MHz:   0% 1404 MHz:   0% 1788 MHz:   0% 2112 MHz:   0% 2352 MHz:   0% 2532 MHz:   0% 2592 MHz:  19%)
CPU 1 idle residency:  81.08%
CPU 1 down residency:   0.00%
CPU 2 frequency: 2592 MHz
CPU 2 active residency:  10.88% (1020 MHz:   0% 1404 MHz:   0% 1788 MHz:   0% 2112 MHz:   0% 2352 MHz:   0% 2532 MHz:   0% 2592 MHz:  11%)
CPU 2 idle residency:  89.12%
CPU 2 down residency:   0.00%
CPU 3 frequency: 2592 MHz
CPU 3 active residency:   7.17% (1020 MHz:   0% 1404 MHz:   0% 1788 MHz:   0% 2112 MHz:   0% 2352 MHz:   0% 2532 MHz:   0% 2592 MHz: 7.2%)
CPU 3 idle residency:  92.83%
CPU 3 down residency:   0.00%

P0-Cluster Online: 11%
P0-Cluster HW active frequency: 2668 MHz
P0-Cluster HW active residency:   4.35% (1260 MHz: 2.1% 1512 MHz: .06% 1800 MHz: .24% 2088 MHz:   0% 2352 MHz:   0% 2616 MHz:   0% 2868 MHz:   0% 3096 MHz:   0% 3300 MHz:   0% 3468 MHz:   0% 3624 MHz:   0% 3756 MHz:   0% 3828 MHz:   0% 3888 MHz: .05% 3948 MHz: .02% 3996 MHz: .01% 4044 MHz: .64% 4104 MHz:   0% 4416 MHz: .22% 4512 MHz: 1.0%)
P0-Cluster idle residency:   4.49%
P0-Cluster down residency:  91.16%
CPU 4 frequency: 4476 MHz
CPU 4 active residency:  28.86% (1260 MHz: .30% 1512 MHz:   0% 1800 MHz: .04% 2088 MHz:   0% 2352 MHz:   0% 2616 MHz:   0% 2868 MHz:   0% 3096 MHz:   0% 3300 MHz:   0% 3468 MHz:   0% 3624 MHz:   0% 3756 MHz:   0% 3828 MHz:   0% 3888 MHz:   0% 3948 MHz:   0% 3996 MHz:   0% 4044 MHz:   0% 4104 MHz:   0% 4416 MHz:   0% 4512 MHz:  29%)
CPU 4 idle residency:   5.45%
CPU 4 down residency:  65.69%
CPU 5 frequency: 4482 MHz
CPU 5 active residency:  27.83% (1260 MHz: .24% 1512 MHz:   0% 1800 MHz: .03% 2088 MHz:   0% 2352 MHz:   0% 2616 MHz:   0% 2868 MHz:   0% 3096 MHz:   0% 3300 MHz:   0% 3468 MHz:   0% 3624 MHz:   0% 3756 MHz:   0% 3828 MHz:   0% 3888 MHz:   0% 3948 MHz:   0% 3996 MHz:   0% 4044 MHz:   0% 4104 MHz:   0% 4416 MHz:   0% 4512 MHz:  28%)
CPU 5 idle residency:   6.09%
CPU 5 down residency:  66.07%
CPU 6 frequency: 4472 MHz
CPU 6 active residency:  28.01% (1260 MHz: .32% 1512 MHz:   0% 1800 MHz: .04% 2088 MHz:   0% 2352 MHz:   0% 2616 MHz:   0% 2868 MHz:   0% 3096 MHz:   0% 3300 MHz:   0% 3468 MHz:   0% 3624 MHz:   0% 3756 MHz:   0% 3828 MHz:   0% 3888 MHz:   0% 3948 MHz:   0% 3996 MHz:   0% 4044 MHz:   0% 4104 MHz:   0% 4416 MHz:   0% 4512 MHz:  28%)
CPU 6 idle residency:   5.80%
CPU 6 down residency:  66.20%
CPU 7 frequency: 4483 MHz
CPU 7 active residency:  27.84% (1260 MHz: .24% 1512 MHz:   0% 1800 MHz: .02% 2088 MHz:   0% 2352 MHz:   0% 2616 MHz:   0% 2868 MHz:   0% 3096 MHz:   0% 3300 MHz:   0% 3468 MHz:   0% 3624 MHz:   0% 3756 MHz:   0% 3828 MHz:   0% 3888 MHz:   0% 3948 MHz:   0% 3996 MHz:   0% 4044 MHz:   0% 4104 MHz:   0% 4416 MHz:   0% 4512 MHz:  28%)
CPU 7 idle residency:   6.09%
CPU 7 down residency:  66.06%
CPU 8 frequency: 4483 MHz
CPU 8 active residency:  27.83% (1260 MHz: .23% 1512 MHz:   0% 1800 MHz: .02% 2088 MHz:   0% 2352 MHz:   0% 2616 MHz:   0% 2868 MHz:   0% 3096 MHz:   0% 3300 MHz:   0% 3468 MHz:   0% 3624 MHz:   0% 3756 MHz:   0% 3828 MHz:   0% 3888 MHz:   0% 3948 MHz:   0% 3996 MHz:   0% 4044 MHz:   0% 4104 MHz:   0% 4416 MHz:   0% 4512 MHz:  28%)
CPU 8 idle residency:   6.09%
CPU 8 down residency:  66.09%
CPU 9 frequency: 4477 MHz
CPU 9 active residency:  28.24% (1260 MHz: .28% 1512 MHz:   0% 1800 MHz: .02% 2088 MHz:   0% 2352 MHz:   0% 2616 MHz:   0% 2868 MHz:   0% 3096 MHz:   0% 3300 MHz:   0% 3468 MHz:   0% 3624 MHz:   0% 3756 MHz:   0% 3828 MHz:   0% 3888 MHz:   0% 3948 MHz:   0% 3996 MHz:   0% 4044 MHz:   0% 4104 MHz:   0% 4416 MHz:   0% 4512 MHz:  28%)
CPU 9 idle residency:   5.73%
CPU 9 down residency:  66.04%

P1-Cluster HW active frequency: 4018 MHz
P1-Cluster HW active residency:  99.37% (1260 MHz:   0% 1512 MHz:   0% 1800 MHz:   0% 2088 MHz:   0% 2352 MHz:   0% 2616 MHz:   0% 2868 MHz:   0% 3096 MHz:   0% 3300 MHz:   0% 3468 MHz:   0% 3624 MHz:   0% 3756 MHz:   0% 3828 MHz:   0% 3888 MHz:  13% 3948 MHz:  58% 3996 MHz: 9.7% 4044 MHz: 6.5% 4104 MHz:   0% 4416 MHz: 5.3% 4512 MHz: 7.4%)
P1-Cluster idle residency:   0.63%
P1-Cluster down residency:   0.00%
CPU 10 frequency: 4512 MHz
CPU 10 active residency:  66.92% (1260 MHz:   0% 1512 MHz:   0% 1800 MHz:   0% 2088 MHz:   0% 2352 MHz:   0% 2616 MHz:   0% 2868 MHz:   0% 3096 MHz:   0% 3300 MHz:   0% 3468 MHz:   0% 3624 MHz:   0% 3756 MHz:   0% 3828 MHz:   0% 3888 MHz:   0% 3948 MHz:   0% 3996 MHz:   0% 4044 MHz:   0% 4104 MHz:   0% 4416 MHz:   0% 4512 MHz:  67%)
CPU 10 idle residency:  33.08%
CPU 10 down residency:   0.00%
CPU 11 frequency: 4512 MHz
CPU 11 active residency:  63.04% (1260 MHz:   0% 1512 MHz:   0% 1800 MHz:   0% 2088 MHz:   0% 2352 MHz:   0% 2616 MHz:   0% 2868 MHz:   0% 3096 MHz:   0% 3300 MHz:   0% 3468 MHz:   0% 3624 MHz:   0% 3756 MHz:   0% 3828 MHz:   0% 3888 MHz:   0% 3948 MHz:   0% 3996 MHz:   0% 4044 MHz:   0% 4104 MHz:   0% 4416 MHz:   0% 4512 MHz:  63%)
CPU 11 idle residency:  36.96%
CPU 11 down residency:   0.00%
CPU 12 frequency: 4512 MHz
CPU 12 active residency:  33.81% (1260 MHz:   0% 1512 MHz:   0% 1800 MHz:   0% 2088 MHz:   0% 2352 MHz:   0% 2616 MHz:   0% 2868 MHz:   0% 3096 MHz:   0% 3300 MHz:   0% 3468 MHz:   0% 3624 MHz:   0% 3756 MHz:   0% 3828 MHz:   0% 3888 MHz:   0% 3948 MHz:   0% 3996 MHz:   0% 4044 MHz:   0% 4104 MHz:   0% 4416 MHz:   0% 4512 MHz:  34%)
CPU 12 idle residency:  66.19%
CPU 12 down residency:   0.00%
CPU 13 frequency: 4512 MHz
CPU 13 active residency:  30.38% (1260 MHz:   0% 1512 MHz:   0% 1800 MHz:   0% 2088 MHz:   0% 2352 MHz:   0% 2616 MHz:   0% 2868 MHz:   0% 3096 MHz:   0% 3300 MHz:   0% 3468 MHz:   0% 3624 MHz:   0% 3756 MHz:   0% 3828 MHz:   0% 3888 MHz:   0% 3948 MHz:   0% 3996 MHz:   0% 4044 MHz:   0% 4104 MHz:   0% 4416 MHz:   0% 4512 MHz:  30%)
CPU 13 idle residency:  69.62%
CPU 13 down residency:   0.00%
CPU 14 frequency: 4512 MHz
CPU 14 active residency:  49.08% (1260 MHz:   0% 1512 MHz:   0% 1800 MHz:   0% 2088 MHz:   0% 2352 MHz:   0% 2616 MHz:   0% 2868 MHz:   0% 3096 MHz:   0% 3300 MHz:   0% 3468 MHz:   0% 3624 MHz:   0% 3756 MHz:   0% 3828 MHz:   0% 3888 MHz:   0% 3948 MHz:   0% 3996 MHz:   0% 4044 MHz:   0% 4104 MHz:   0% 4416 MHz:   0% 4512 MHz:  49%)
CPU 14 idle residency:  50.92%
CPU 14 down residency:   0.00%
CPU 15 frequency: 4512 MHz
CPU 15 active residency:  58.96% (1260 MHz:   0% 1512 MHz:   0% 1800 MHz:   0% 2088 MHz:   0% 2352 MHz:   0% 2616 MHz:   0% 2868 MHz:   0% 3096 MHz:   0% 3300 MHz:   0% 3468 MHz:   0% 3624 MHz:   0% 3756 MHz:   0% 3828 MHz:   0% 3888 MHz:   0% 3948 MHz:   0% 3996 MHz:   0% 4044 MHz:   0% 4104 MHz:   0% 4416 MHz:   0% 4512 MHz:  59%)
CPU 15 idle residency:  41.04%
CPU 15 down residency:   0.00%

CPU Power: 6860 mW
GPU Power: 22800 mW
ANE Power: 0 mW
Combined Power (CPU + GPU + ANE): 29660 mW

**** GPU usage ****

GPU HW active frequency: 1578 MHz
GPU HW active residency:  99.95% (338 MHz: .02% 618 MHz:   0% 796 MHz:   0% 924 MHz:   0% 952 MHz:   0% 1056 MHz:   0% 1062 MHz:   0% 1182 MHz:   0% 1182 MHz:   0% 1312 MHz:   0% 1242 MHz:   0% 1380 MHz:   0% 1326 MHz:   0% 1470 MHz:   0% 1578 MHz: 100%)
GPU SW requested state: (P1 :   0% P2 :   0% P3 :   0% P4 :   0% P5 :   0% P6 :   0% P7 :   0% P8 :   0% P9 :   0% P10 : 100% P11 :   0% P12 :   0% P13 :   0% P14 :   0% P15 :   0%)
GPU SW state: (SW_P1 : .02% SW_P2 :   0% SW_P3 :   0% SW_P4 :   0% SW_P5 :   0% SW_P6 :   0% SW_P7 :   0% SW_P8 :   0% SW_P9 :   0% SW_P10 : 100% SW_P11 :   0% SW_P12 :   0% SW_P13 :   0% SW_P14 :   0% SW_P15 :   0%)
GPU idle residency:   0.05%
GPU Power: 22795 mW



*** Sampled system activity (Tue Jan 20 15:17:17 2026 +0100) (1020.81ms elapsed) ***


**** Processor usage ****

E-Cluster Online: 100%
E-Cluster HW active frequency: 2592 MHz
E-Cluster HW active residency:  65.07% (1020 MHz:   0% 1404 MHz:   0% 1788 MHz:   0% 2112 MHz:   0% 2352 MHz:   0% 2532 MHz: .00% 2592 MHz:  65%)
E-Cluster idle residency:  34.93%
E-Cluster down residency:   0.00%
CPU 0 frequency: 2592 MHz
CPU 0 active residency:  27.77% (1020 MHz:   0% 1404 MHz:   0% 1788 MHz:   0% 2112 MHz:   0% 2352 MHz:   0% 2532 MHz:   0% 2592 MHz:  28%)
CPU 0 idle residency:  72.23%
CPU 0 down residency:   0.00%
CPU 1 frequency: 2592 MHz
CPU 1 active residency:  13.82% (1020 MHz:   0% 1404 MHz:   0% 1788 MHz:   0% 2112 MHz:   0% 2352 MHz:   0% 2532 MHz:   0% 2592 MHz:  14%)
CPU 1 idle residency:  86.18%
CPU 1 down residency:   0.00%
CPU 2 frequency: 2592 MHz
CPU 2 active residency:   8.68% (1020 MHz:   0% 1404 MHz:   0% 1788 MHz:   0% 2112 MHz:   0% 2352 MHz:   0% 2532 MHz:   0% 2592 MHz: 8.7%)
CPU 2 idle residency:  91.32%
CPU 2 down residency:   0.00%
CPU 3 frequency: 2592 MHz
CPU 3 active residency:   4.67% (1020 MHz:   0% 1404 MHz:   0% 1788 MHz:   0% 2112 MHz:   0% 2352 MHz:   0% 2532 MHz:   0% 2592 MHz: 4.7%)
CPU 3 idle residency:  95.33%
CPU 3 down residency:   0.00%

P0-Cluster Online: 25%
P0-Cluster HW active frequency: 3911 MHz
P0-Cluster HW active residency:  22.24% (1260 MHz: .45% 1512 MHz:   0% 1800 MHz:   0% 2088 MHz:   0% 2352 MHz:   0% 2616 MHz:   0% 2868 MHz:   0% 3096 MHz:   0% 3300 MHz:   0% 3468 MHz:   0% 3624 MHz:   0% 3756 MHz:   0% 3828 MHz:   0% 3888 MHz: 3.1% 3948 MHz:  13% 3996 MHz: 3.8% 4044 MHz: 1.7% 4104 MHz:   0% 4416 MHz: .29% 4512 MHz: .18%)
P0-Cluster idle residency:   1.11%
P0-Cluster down residency:  76.66%
CPU 4 frequency: 4452 MHz
CPU 4 active residency:  18.08% (1260 MHz: .30% 1512 MHz:   0% 1800 MHz: .03% 2088 MHz:   0% 2352 MHz:   0% 2616 MHz:   0% 2868 MHz:   0% 3096 MHz:   0% 3300 MHz:   0% 3468 MHz:   0% 3624 MHz:   0% 3756 MHz:   0% 3828 MHz:   0% 3888 MHz:   0% 3948 MHz:   0% 3996 MHz:   0% 4044 MHz:   0% 4104 MHz:   0% 4416 MHz: .10% 4512 MHz:  18%)
CPU 4 idle residency:   6.20%
CPU 4 down residency:  75.73%
CPU 5 frequency: 4437 MHz
CPU 5 active residency:  12.30% (1260 MHz: .27% 1512 MHz:   0% 1800 MHz: .02% 2088 MHz:   0% 2352 MHz:   0% 2616 MHz:   0% 2868 MHz:   0% 3096 MHz:   0% 3300 MHz:   0% 3468 MHz:   0% 3624 MHz:   0% 3756 MHz:   0% 3828 MHz:   0% 3888 MHz:   0% 3948 MHz:   0% 3996 MHz:   0% 4044 MHz:   0% 4104 MHz:   0% 4416 MHz:   0% 4512 MHz:  12%)
CPU 5 idle residency:  11.64%
CPU 5 down residency:  76.06%
CPU 6 frequency: 4436 MHz
CPU 6 active residency:  13.44% (1260 MHz: .29% 1512 MHz:   0% 1800 MHz: .03% 2088 MHz:   0% 2352 MHz:   0% 2616 MHz:   0% 2868 MHz:   0% 3096 MHz:   0% 3300 MHz:   0% 3468 MHz:   0% 3624 MHz:   0% 3756 MHz:   0% 3828 MHz:   0% 3888 MHz:   0% 3948 MHz:   0% 3996 MHz:   0% 4044 MHz:   0% 4104 MHz:   0% 4416 MHz:   0% 4512 MHz:  13%)
CPU 6 idle residency:  10.58%
CPU 6 down residency:  75.98%
CPU 7 frequency: 4411 MHz
CPU 7 active residency:   9.13% (1260 MHz: .27% 1512 MHz:   0% 1800 MHz: .02% 2088 MHz:   0% 2352 MHz:   0% 2616 MHz:   0% 2868 MHz:   0% 3096 MHz:   0% 3300 MHz:   0% 3468 MHz:   0% 3624 MHz:   0% 3756 MHz:   0% 3828 MHz:   0% 3888 MHz:   0% 3948 MHz:   0% 3996 MHz:   0% 4044 MHz:   0% 4104 MHz:   0% 4416 MHz:   0% 4512 MHz: 8.8%)
CPU 7 idle residency:  14.81%
CPU 7 down residency:  76.06%
CPU 8 frequency: 4418 MHz
CPU 8 active residency:  10.27% (1260 MHz: .27% 1512 MHz: .02% 1800 MHz: .01% 2088 MHz:   0% 2352 MHz:   0% 2616 MHz:   0% 2868 MHz:   0% 3096 MHz:   0% 3300 MHz:   0% 3468 MHz:   0% 3624 MHz:   0% 3756 MHz:   0% 3828 MHz:   0% 3888 MHz:   0% 3948 MHz:   0% 3996 MHz:   0% 4044 MHz:   0% 4104 MHz:   0% 4416 MHz:   0% 4512 MHz:  10%)
CPU 8 idle residency:  13.68%
CPU 8 down residency:  76.05%
CPU 9 frequency: 4437 MHz
CPU 9 active residency:  13.43% (1260 MHz: .29% 1512 MHz:   0% 1800 MHz: .03% 2088 MHz:   0% 2352 MHz:   0% 2616 MHz:   0% 2868 MHz:   0% 3096 MHz:   0% 3300 MHz:   0% 3468 MHz:   0% 3624 MHz:   0% 3756 MHz:   0% 3828 MHz:   0% 3888 MHz:   0% 3948 MHz:   0% 3996 MHz:   0% 4044 MHz:   0% 4104 MHz:   0% 4416 MHz:   0% 4512 MHz:  13%)
CPU 9 idle residency:  10.57%
CPU 9 down residency:  76.00%

P1-Cluster HW active frequency: 4046 MHz
P1-Cluster HW active residency:  77.98% (1260 MHz: .51% 1512 MHz:   0% 1800 MHz:   0% 2088 MHz:   0% 2352 MHz:   0% 2616 MHz:   0% 2868 MHz:   0% 3096 MHz:   0% 3300 MHz:   0% 3468 MHz:   0% 3624 MHz:   0% 3756 MHz:   0% 3828 MHz:   0% 3888 MHz: 5.0% 3948 MHz:  40% 3996 MHz: 9.8% 4044 MHz: 7.8% 4104 MHz:   0% 4416 MHz: 5.5% 4512 MHz: 9.7%)
P1-Cluster idle residency:   1.55%
P1-Cluster down residency:  20.47%
CPU 10 frequency: 4512 MHz
CPU 10 active residency:  34.63% (1260 MHz:   0% 1512 MHz:   0% 1800 MHz:   0% 2088 MHz:   0% 2352 MHz:   0% 2616 MHz:   0% 2868 MHz:   0% 3096 MHz:   0% 3300 MHz:   0% 3468 MHz:   0% 3624 MHz:   0% 3756 MHz:   0% 3828 MHz:   0% 3888 MHz:   0% 3948 MHz:   0% 3996 MHz:   0% 4044 MHz:   0% 4104 MHz:   0% 4416 MHz:   0% 4512 MHz:  35%)
CPU 10 idle residency:  43.75%
CPU 10 down residency:  21.63%
CPU 11 frequency: 4512 MHz
CPU 11 active residency:  15.34% (1260 MHz:   0% 1512 MHz:   0% 1800 MHz:   0% 2088 MHz:   0% 2352 MHz:   0% 2616 MHz:   0% 2868 MHz:   0% 3096 MHz:   0% 3300 MHz:   0% 3468 MHz:   0% 3624 MHz:   0% 3756 MHz:   0% 3828 MHz:   0% 3888 MHz:   0% 3948 MHz:   0% 3996 MHz:   0% 4044 MHz:   0% 4104 MHz:   0% 4416 MHz:   0% 4512 MHz:  15%)
CPU 11 idle residency:  63.80%
CPU 11 down residency:  20.86%
CPU 12 frequency: 4512 MHz
CPU 12 active residency:  41.44% (1260 MHz:   0% 1512 MHz:   0% 1800 MHz:   0% 2088 MHz:   0% 2352 MHz:   0% 2616 MHz:   0% 2868 MHz:   0% 3096 MHz:   0% 3300 MHz:   0% 3468 MHz:   0% 3624 MHz:   0% 3756 MHz:   0% 3828 MHz:   0% 3888 MHz:   0% 3948 MHz:   0% 3996 MHz:   0% 4044 MHz:   0% 4104 MHz:   0% 4416 MHz:   0% 4512 MHz:  41%)
CPU 12 idle residency:  37.02%
CPU 12 down residency:  21.54%
CPU 13 frequency: 4512 MHz
CPU 13 active residency:  31.83% (1260 MHz:   0% 1512 MHz:   0% 1800 MHz:   0% 2088 MHz:   0% 2352 MHz:   0% 2616 MHz:   0% 2868 MHz:   0% 3096 MHz:   0% 3300 MHz:   0% 3468 MHz:   0% 3624 MHz:   0% 3756 MHz:   0% 3828 MHz:   0% 3888 MHz:   0% 3948 MHz:   0% 3996 MHz:   0% 4044 MHz:   0% 4104 MHz:   0% 4416 MHz:   0% 4512 MHz:  32%)
CPU 13 idle residency:  46.96%
CPU 13 down residency:  21.21%
CPU 14 frequency: 4512 MHz
CPU 14 active residency:  30.73% (1260 MHz:   0% 1512 MHz:   0% 1800 MHz:   0% 2088 MHz:   0% 2352 MHz:   0% 2616 MHz:   0% 2868 MHz:   0% 3096 MHz:   0% 3300 MHz:   0% 3468 MHz:   0% 3624 MHz:   0% 3756 MHz:   0% 3828 MHz:   0% 3888 MHz:   0% 3948 MHz:   0% 3996 MHz:   0% 4044 MHz:   0% 4104 MHz:   0% 4416 MHz:   0% 4512 MHz:  31%)
CPU 14 idle residency:  48.09%
CPU 14 down residency:  21.18%
CPU 15 frequency: 4512 MHz
CPU 15 active residency:  30.21% (1260 MHz:   0% 1512 MHz:   0% 1800 MHz:   0% 2088 MHz:   0% 2352 MHz:   0% 2616 MHz:   0% 2868 MHz:   0% 3096 MHz:   0% 3300 MHz:   0% 3468 MHz:   0% 3624 MHz:   0% 3756 MHz:   0% 3828 MHz:   0% 3888 MHz:   0% 3948 MHz:   0% 3996 MHz:   0% 4044 MHz:   0% 4104 MHz:   0% 4416 MHz:   0% 4512 MHz:  30%)
CPU 15 idle residency:  48.56%
CPU 15 down residency:  21.23%

CPU Power: 6528 mW
GPU Power: 22436 mW
ANE Power: 0 mW
Combined Power (CPU + GPU + ANE): 28964 mW

**** GPU usage ****

GPU HW active frequency: 1578 MHz
GPU HW active residency: 100.00% (338 MHz:   0% 618 MHz:   0% 796 MHz:   0% 924 MHz:   0% 952 MHz:   0% 1056 MHz:   0% 1062 MHz:   0% 1182 MHz:   0% 1182 MHz:   0% 1312 MHz:   0% 1242 MHz:   0% 1380 MHz:   0% 1326 MHz:   0% 1470 MHz:   0% 1578 MHz: 100%)
GPU SW requested state: (P1 :   0% P2 :   0% P3 :   0% P4 :   0% P5 :   0% P6 :   0% P7 :   0% P8 :   0% P9 :   0% P10 : 100% P11 :   0% P12 :   0% P13 :   0% P14 :   0% P15 :   0%)
GPU SW state: (SW_P1 :   0% SW_P2 :   0% SW_P3 :   0% SW_P4 :   0% SW_P5 :   0% SW_P6 :   0% SW_P7 :   0% SW_P8 :   0% SW_P9 :   0% SW_P10 : 100% SW_P11 :   0% SW_P12 :   0% SW_P13 :   0% SW_P14 :   0% SW_P15 :   0%)
GPU idle residency:   0.00%
GPU Power: 22441 mW



*** Sampled system activity (Tue Jan 20 15:17:18 2026 +0100) (1018.01ms elapsed) ***


**** Processor usage ****

E-Cluster Online: 100%
E-Cluster HW active frequency: 2592 MHz
E-Cluster HW active residency:  65.29% (1020 MHz:   0% 1404 MHz:   0% 1788 MHz:   0% 2112 MHz:   0% 2352 MHz:   0% 2532 MHz: .00% 2592 MHz:  65%)
E-Cluster idle residency:  34.71%
E-Cluster down residency:   0.00%
CPU 0 frequency: 2592 MHz
CPU 0 active residency:  31.21% (1020 MHz:   0% 1404 MHz:   0% 1788 MHz:   0% 2112 MHz:   0% 2352 MHz:   0% 2532 MHz:   0% 2592 MHz:  31%)
CPU 0 idle residency:  68.79%
CPU 0 down residency:   0.00%
CPU 1 frequency: 2592 MHz
CPU 1 active residency:  16.99% (1020 MHz:   0% 1404 MHz:   0% 1788 MHz:   0% 2112 MHz:   0% 2352 MHz:   0% 2532 MHz:   0% 2592 MHz:  17%)
CPU 1 idle residency:  83.01%
CPU 1 down residency:   0.00%
CPU 2 frequency: 2592 MHz
CPU 2 active residency:   8.81% (1020 MHz:   0% 1404 MHz:   0% 1788 MHz:   0% 2112 MHz:   0% 2352 MHz:   0% 2532 MHz:   0% 2592 MHz: 8.8%)
CPU 2 idle residency:  91.19%
CPU 2 down residency:   0.00%
CPU 3 frequency: 2592 MHz
CPU 3 active residency:   6.99% (1020 MHz:   0% 1404 MHz:   0% 1788 MHz:   0% 2112 MHz:   0% 2352 MHz:   0% 2532 MHz:   0% 2592 MHz: 7.0%)
CPU 3 idle residency:  93.01%
CPU 3 down residency:   0.00%

P0-Cluster Online: 100%
P0-Cluster HW active frequency: 4023 MHz
P0-Cluster HW active residency:  99.30% (1260 MHz:   0% 1512 MHz:   0% 1800 MHz:   0% 2088 MHz:   0% 2352 MHz:   0% 2616 MHz:   0% 2868 MHz:   0% 3096 MHz:   0% 3300 MHz:   0% 3468 MHz:   0% 3624 MHz:   0% 3756 MHz:   0% 3828 MHz:   0% 3888 MHz:  10% 3948 MHz:  60% 3996 MHz:  10% 4044 MHz: 5.8% 4104 MHz:   0% 4416 MHz: 6.4% 4512 MHz: 7.0%)
P0-Cluster idle residency:   0.70%
P0-Cluster down residency:   0.00%
CPU 4 frequency: 4512 MHz
CPU 4 active residency:  36.51% (1260 MHz:   0% 1512 MHz:   0% 1800 MHz:   0% 2088 MHz:   0% 2352 MHz:   0% 2616 MHz:   0% 2868 MHz:   0% 3096 MHz:   0% 3300 MHz:   0% 3468 MHz:   0% 3624 MHz:   0% 3756 MHz:   0% 3828 MHz:   0% 3888 MHz:   0% 3948 MHz:   0% 3996 MHz:   0% 4044 MHz:   0% 4104 MHz:   0% 4416 MHz:   0% 4512 MHz:  37%)
CPU 4 idle residency:  63.49%
CPU 4 down residency:   0.00%
CPU 5 frequency: 4512 MHz
CPU 5 active residency:  48.74% (1260 MHz:   0% 1512 MHz:   0% 1800 MHz:   0% 2088 MHz:   0% 2352 MHz:   0% 2616 MHz:   0% 2868 MHz:   0% 3096 MHz:   0% 3300 MHz:   0% 3468 MHz:   0% 3624 MHz:   0% 3756 MHz:   0% 3828 MHz:   0% 3888 MHz:   0% 3948 MHz:   0% 3996 MHz:   0% 4044 MHz:   0% 4104 MHz:   0% 4416 MHz:   0% 4512 MHz:  49%)
CPU 5 idle residency:  51.26%
CPU 5 down residency:   0.00%
CPU 6 frequency: 4512 MHz
CPU 6 active residency:  40.97% (1260 MHz:   0% 1512 MHz:   0% 1800 MHz:   0% 2088 MHz:   0% 2352 MHz:   0% 2616 MHz:   0% 2868 MHz:   0% 3096 MHz:   0% 3300 MHz:   0% 3468 MHz:   0% 3624 MHz:   0% 3756 MHz:   0% 3828 MHz:   0% 3888 MHz:   0% 3948 MHz:   0% 3996 MHz:   0% 4044 MHz:   0% 4104 MHz:   0% 4416 MHz:   0% 4512 MHz:  41%)
CPU 6 idle residency:  59.03%
CPU 6 down residency:   0.00%
CPU 7 frequency: 4512 MHz
CPU 7 active residency:  51.24% (1260 MHz:   0% 1512 MHz:   0% 1800 MHz:   0% 2088 MHz:   0% 2352 MHz:   0% 2616 MHz:   0% 2868 MHz:   0% 3096 MHz:   0% 3300 MHz:   0% 3468 MHz:   0% 3624 MHz:   0% 3756 MHz:   0% 3828 MHz:   0% 3888 MHz:   0% 3948 MHz:   0% 3996 MHz:   0% 4044 MHz:   0% 4104 MHz:   0% 4416 MHz:   0% 4512 MHz:  51%)
CPU 7 idle residency:  48.76%
CPU 7 down residency:   0.00%
CPU 8 frequency: 4512 MHz
CPU 8 active residency:  57.03% (1260 MHz:   0% 1512 MHz:   0% 1800 MHz:   0% 2088 MHz:   0% 2352 MHz:   0% 2616 MHz:   0% 2868 MHz:   0% 3096 MHz:   0% 3300 MHz:   0% 3468 MHz:   0% 3624 MHz:   0% 3756 MHz:   0% 3828 MHz:   0% 3888 MHz:   0% 3948 MHz:   0% 3996 MHz:   0% 4044 MHz:   0% 4104 MHz:   0% 4416 MHz:   0% 4512 MHz:  57%)
CPU 8 idle residency:  42.97%
CPU 8 down residency:   0.00%
CPU 9 frequency: 4512 MHz
CPU 9 active residency:  61.68% (1260 MHz:   0% 1512 MHz:   0% 1800 MHz:   0% 2088 MHz:   0% 2352 MHz:   0% 2616 MHz:   0% 2868 MHz:   0% 3096 MHz:   0% 3300 MHz:   0% 3468 MHz:   0% 3624 MHz:   0% 3756 MHz:   0% 3828 MHz:   0% 3888 MHz:   0% 3948 MHz:   0% 3996 MHz:   0% 4044 MHz:   0% 4104 MHz:   0% 4416 MHz:   0% 4512 MHz:  62%)
CPU 9 idle residency:  38.32%
CPU 9 down residency:   0.00%

P1-Cluster HW active frequency: 1592 MHz
P1-Cluster HW active residency:   1.23% (1260 MHz: .93% 1512 MHz:   0% 1800 MHz: .21% 2088 MHz:   0% 2352 MHz:   0% 2616 MHz:   0% 2868 MHz:   0% 3096 MHz:   0% 3300 MHz:   0% 3468 MHz:   0% 3624 MHz:   0% 3756 MHz:   0% 3828 MHz:   0% 3888 MHz:   0% 3948 MHz:   0% 3996 MHz:   0% 4044 MHz:   0% 4104 MHz:   0% 4416 MHz:   0% 4512 MHz: .09%)
P1-Cluster idle residency:   3.01%
P1-Cluster down residency:  95.76%
CPU 10 frequency: 0 MHz
CPU 10 active residency:   0.00% (1260 MHz:   0% 1512 MHz:   0% 1800 MHz:   0% 2088 MHz:   0% 2352 MHz:   0% 2616 MHz:   0% 2868 MHz:   0% 3096 MHz:   0% 3300 MHz:   0% 3468 MHz:   0% 3624 MHz:   0% 3756 MHz:   0% 3828 MHz:   0% 3888 MHz:   0% 3948 MHz:   0% 3996 MHz:   0% 4044 MHz:   0% 4104 MHz:   0% 4416 MHz:   0% 4512 MHz:   0%)
CPU 10 idle residency:   3.97%
CPU 10 down residency:  96.03%
CPU 11 frequency: 0 MHz
CPU 11 active residency:   0.00% (1260 MHz:   0% 1512 MHz:   0% 1800 MHz:   0% 2088 MHz:   0% 2352 MHz:   0% 2616 MHz:   0% 2868 MHz:   0% 3096 MHz:   0% 3300 MHz:   0% 3468 MHz:   0% 3624 MHz:   0% 3756 MHz:   0% 3828 MHz:   0% 3888 MHz:   0% 3948 MHz:   0% 3996 MHz:   0% 4044 MHz:   0% 4104 MHz:   0% 4416 MHz:   0% 4512 MHz:   0%)
CPU 11 idle residency:   3.94%
CPU 11 down residency:  96.06%
CPU 12 frequency: 0 MHz
CPU 12 active residency:   0.00% (1260 MHz:   0% 1512 MHz:   0% 1800 MHz:   0% 2088 MHz:   0% 2352 MHz:   0% 2616 MHz:   0% 2868 MHz:   0% 3096 MHz:   0% 3300 MHz:   0% 3468 MHz:   0% 3624 MHz:   0% 3756 MHz:   0% 3828 MHz:   0% 3888 MHz:   0% 3948 MHz:   0% 3996 MHz:   0% 4044 MHz:   0% 4104 MHz:   0% 4416 MHz:   0% 4512 MHz:   0%)
CPU 12 idle residency:   3.99%
CPU 12 down residency:  96.01%
CPU 13 frequency: 0 MHz
CPU 13 active residency:   0.00% (1260 MHz:   0% 1512 MHz:   0% 1800 MHz:   0% 2088 MHz:   0% 2352 MHz:   0% 2616 MHz:   0% 2868 MHz:   0% 3096 MHz:   0% 3300 MHz:   0% 3468 MHz:   0% 3624 MHz:   0% 3756 MHz:   0% 3828 MHz:   0% 3888 MHz:   0% 3948 MHz:   0% 3996 MHz:   0% 4044 MHz:   0% 4104 MHz:   0% 4416 MHz:   0% 4512 MHz:   0%)
CPU 13 idle residency:   3.98%
CPU 13 down residency:  96.02%
CPU 14 frequency: 0 MHz
CPU 14 active residency:   0.00% (1260 MHz:   0% 1512 MHz:   0% 1800 MHz:   0% 2088 MHz:   0% 2352 MHz:   0% 2616 MHz:   0% 2868 MHz:   0% 3096 MHz:   0% 3300 MHz:   0% 3468 MHz:   0% 3624 MHz:   0% 3756 MHz:   0% 3828 MHz:   0% 3888 MHz:   0% 3948 MHz:   0% 3996 MHz:   0% 4044 MHz:   0% 4104 MHz:   0% 4416 MHz:   0% 4512 MHz:   0%)
CPU 14 idle residency:   3.98%
CPU 14 down residency:  96.02%
CPU 15 frequency: 0 MHz
CPU 15 active residency:   0.00% (1260 MHz:   0% 1512 MHz:   0% 1800 MHz:   0% 2088 MHz:   0% 2352 MHz:   0% 2616 MHz:   0% 2868 MHz:   0% 3096 MHz:   0% 3300 MHz:   0% 3468 MHz:   0% 3624 MHz:   0% 3756 MHz:   0% 3828 MHz:   0% 3888 MHz:   0% 3948 MHz:   0% 3996 MHz:   0% 4044 MHz:   0% 4104 MHz:   0% 4416 MHz:   0% 4512 MHz:   0%)
CPU 15 idle residency:   4.00%
CPU 15 down residency:  96.00%

CPU Power: 6647 mW
GPU Power: 22678 mW
ANE Power: 0 mW
Combined Power (CPU + GPU + ANE): 29325 mW

**** GPU usage ****

GPU HW active frequency: 1578 MHz
GPU HW active residency: 100.00% (338 MHz:   0% 618 MHz:   0% 796 MHz:   0% 924 MHz:   0% 952 MHz:   0% 1056 MHz:   0% 1062 MHz:   0% 1182 MHz:   0% 1182 MHz:   0% 1312 MHz:   0% 1242 MHz:   0% 1380 MHz:   0% 1326 MHz:   0% 1470 MHz:   0% 1578 MHz: 100%)
GPU SW requested state: (P1 :   0% P2 :   0% P3 :   0% P4 :   0% P5 :   0% P6 :   0% P7 :   0% P8 :   0% P9 :   0% P10 : 100% P11 :   0% P12 :   0% P13 :   0% P14 :   0% P15 :   0%)
GPU SW state: (SW_P1 :   0% SW_P2 :   0% SW_P3 :   0% SW_P4 :   0% SW_P5 :   0% SW_P6 :   0% SW_P7 :   0% SW_P8 :   0% SW_P9 :   0% SW_P10 : 100% SW_P11 :   0% SW_P12 :   0% SW_P13 :   0% SW_P14 :   0% SW_P15 :   0%)
GPU idle residency:   0.00%
GPU Power: 22672 mW



*** Sampled system activity (Tue Jan 20 15:17:19 2026 +0100) (1020.88ms elapsed) ***


**** Processor usage ****

E-Cluster Online: 100%
E-Cluster HW active frequency: 2592 MHz
E-Cluster HW active residency:  65.31% (1020 MHz:   0% 1404 MHz:   0% 1788 MHz:   0% 2112 MHz:   0% 2352 MHz:   0% 2532 MHz: .00% 2592 MHz:  65%)
E-Cluster idle residency:  34.69%
E-Cluster down residency:   0.00%
CPU 0 frequency: 2592 MHz
CPU 0 active residency:  31.49% (1020 MHz:   0% 1404 MHz:   0% 1788 MHz:   0% 2112 MHz:   0% 2352 MHz:   0% 2532 MHz:   0% 2592 MHz:  31%)
CPU 0 idle residency:  68.51%
CPU 0 down residency:   0.00%
CPU 1 frequency: 2592 MHz
CPU 1 active residency:  14.54% (1020 MHz:   0% 1404 MHz:   0% 1788 MHz:   0% 2112 MHz:   0% 2352 MHz:   0% 2532 MHz:   0% 2592 MHz:  15%)
CPU 1 idle residency:  85.46%
CPU 1 down residency:   0.00%
CPU 2 frequency: 2592 MHz
CPU 2 active residency:   8.49% (1020 MHz:   0% 1404 MHz:   0% 1788 MHz:   0% 2112 MHz:   0% 2352 MHz:   0% 2532 MHz:   0% 2592 MHz: 8.5%)
CPU 2 idle residency:  91.51%
CPU 2 down residency:   0.00%
CPU 3 frequency: 2592 MHz
CPU 3 active residency:   5.32% (1020 MHz:   0% 1404 MHz:   0% 1788 MHz:   0% 2112 MHz:   0% 2352 MHz:   0% 2532 MHz:   0% 2592 MHz: 5.3%)
CPU 3 idle residency:  94.68%
CPU 3 down residency:   0.00%

P0-Cluster Online: 100%
P0-Cluster HW active frequency: 4028 MHz
P0-Cluster HW active residency:  99.21% (1260 MHz:   0% 1512 MHz:   0% 1800 MHz:   0% 2088 MHz:   0% 2352 MHz:   0% 2616 MHz:   0% 2868 MHz:   0% 3096 MHz:   0% 3300 MHz:   0% 3468 MHz:   0% 3624 MHz:   0% 3756 MHz:   0% 3828 MHz:   0% 3888 MHz: 6.7% 3948 MHz:  60% 3996 MHz:  12% 4044 MHz: 7.2% 4104 MHz:   0% 4416 MHz: 6.0% 4512 MHz: 7.6%)
P0-Cluster idle residency:   0.79%
P0-Cluster down residency:   0.00%
CPU 4 frequency: 4512 MHz
CPU 4 active residency:  58.18% (1260 MHz:   0% 1512 MHz:   0% 1800 MHz:   0% 2088 MHz:   0% 2352 MHz:   0% 2616 MHz:   0% 2868 MHz:   0% 3096 MHz:   0% 3300 MHz:   0% 3468 MHz:   0% 3624 MHz:   0% 3756 MHz:   0% 3828 MHz:   0% 3888 MHz:   0% 3948 MHz:   0% 3996 MHz:   0% 4044 MHz:   0% 4104 MHz:   0% 4416 MHz:   0% 4512 MHz:  58%)
CPU 4 idle residency:  41.82%
CPU 4 down residency:   0.00%
CPU 5 frequency: 4512 MHz
CPU 5 active residency:  44.09% (1260 MHz:   0% 1512 MHz:   0% 1800 MHz:   0% 2088 MHz:   0% 2352 MHz:   0% 2616 MHz:   0% 2868 MHz:   0% 3096 MHz:   0% 3300 MHz:   0% 3468 MHz:   0% 3624 MHz:   0% 3756 MHz:   0% 3828 MHz:   0% 3888 MHz:   0% 3948 MHz:   0% 3996 MHz:   0% 4044 MHz:   0% 4104 MHz:   0% 4416 MHz:   0% 4512 MHz:  44%)
CPU 5 idle residency:  55.91%
CPU 5 down residency:   0.00%
CPU 6 frequency: 4512 MHz
CPU 6 active residency:  41.41% (1260 MHz:   0% 1512 MHz:   0% 1800 MHz:   0% 2088 MHz:   0% 2352 MHz:   0% 2616 MHz:   0% 2868 MHz:   0% 3096 MHz:   0% 3300 MHz:   0% 3468 MHz:   0% 3624 MHz:   0% 3756 MHz:   0% 3828 MHz:   0% 3888 MHz:   0% 3948 MHz:   0% 3996 MHz:   0% 4044 MHz:   0% 4104 MHz:   0% 4416 MHz:   0% 4512 MHz:  41%)
CPU 6 idle residency:  58.59%
CPU 6 down residency:   0.00%
CPU 7 frequency: 4512 MHz
CPU 7 active residency:  45.83% (1260 MHz:   0% 1512 MHz:   0% 1800 MHz:   0% 2088 MHz:   0% 2352 MHz:   0% 2616 MHz:   0% 2868 MHz:   0% 3096 MHz:   0% 3300 MHz:   0% 3468 MHz:   0% 3624 MHz:   0% 3756 MHz:   0% 3828 MHz:   0% 3888 MHz:   0% 3948 MHz:   0% 3996 MHz:   0% 4044 MHz:   0% 4104 MHz:   0% 4416 MHz:   0% 4512 MHz:  46%)
CPU 7 idle residency:  54.17%
CPU 7 down residency:   0.00%
CPU 8 frequency: 4512 MHz
CPU 8 active residency:  56.87% (1260 MHz:   0% 1512 MHz:   0% 1800 MHz:   0% 2088 MHz:   0% 2352 MHz:   0% 2616 MHz:   0% 2868 MHz:   0% 3096 MHz:   0% 3300 MHz:   0% 3468 MHz:   0% 3624 MHz:   0% 3756 MHz:   0% 3828 MHz:   0% 3888 MHz:   0% 3948 MHz:   0% 3996 MHz:   0% 4044 MHz:   0% 4104 MHz:   0% 4416 MHz:   0% 4512 MHz:  57%)
CPU 8 idle residency:  43.13%
CPU 8 down residency:   0.00%
CPU 9 frequency: 4512 MHz
CPU 9 active residency:  35.69% (1260 MHz:   0% 1512 MHz:   0% 1800 MHz:   0% 2088 MHz:   0% 2352 MHz:   0% 2616 MHz:   0% 2868 MHz:   0% 3096 MHz:   0% 3300 MHz:   0% 3468 MHz:   0% 3624 MHz:   0% 3756 MHz:   0% 3828 MHz:   0% 3888 MHz:   0% 3948 MHz:   0% 3996 MHz:   0% 4044 MHz:   0% 4104 MHz:   0% 4416 MHz:   0% 4512 MHz:  36%)
CPU 9 idle residency:  64.31%
CPU 9 down residency:   0.00%

P1-Cluster HW active frequency: 1496 MHz
P1-Cluster HW active residency:   0.98% (1260 MHz: .91% 1512 MHz:   0% 1800 MHz:   0% 2088 MHz:   0% 2352 MHz:   0% 2616 MHz:   0% 2868 MHz:   0% 3096 MHz:   0% 3300 MHz:   0% 3468 MHz:   0% 3624 MHz:   0% 3756 MHz:   0% 3828 MHz:   0% 3888 MHz:   0% 3948 MHz:   0% 3996 MHz:   0% 4044 MHz:   0% 4104 MHz:   0% 4416 MHz:   0% 4512 MHz: .07%)
P1-Cluster idle residency:   2.77%
P1-Cluster down residency:  96.25%
CPU 10 frequency: 4182 MHz
CPU 10 active residency:   3.60% (1260 MHz: .33% 1512 MHz:   0% 1800 MHz: .04% 2088 MHz:   0% 2352 MHz:   0% 2616 MHz:   0% 2868 MHz:   0% 3096 MHz:   0% 3300 MHz:   0% 3468 MHz:   0% 3624 MHz:   0% 3756 MHz:   0% 3828 MHz:   0% 3888 MHz:   0% 3948 MHz:   0% 3996 MHz:   0% 4044 MHz:   0% 4104 MHz:   0% 4416 MHz:   0% 4512 MHz: 3.2%)
CPU 10 idle residency:   3.42%
CPU 10 down residency:  92.99%
CPU 11 frequency: 3868 MHz
CPU 11 active residency:   2.01% (1260 MHz: .34% 1512 MHz:   0% 1800 MHz: .07% 2088 MHz:   0% 2352 MHz:   0% 2616 MHz:   0% 2868 MHz:   0% 3096 MHz:   0% 3300 MHz:   0% 3468 MHz:   0% 3624 MHz:   0% 3756 MHz:   0% 3828 MHz:   0% 3888 MHz:   0% 3948 MHz:   0% 3996 MHz:   0% 4044 MHz:   0% 4104 MHz:   0% 4416 MHz:   0% 4512 MHz: 1.6%)
CPU 11 idle residency:   3.49%
CPU 11 down residency:  94.51%
CPU 12 frequency: 4253 MHz
CPU 12 active residency:   4.37% (1260 MHz: .32% 1512 MHz:   0% 1800 MHz: .03% 2088 MHz:   0% 2352 MHz:   0% 2616 MHz:   0% 2868 MHz:   0% 3096 MHz:   0% 3300 MHz:   0% 3468 MHz:   0% 3624 MHz:   0% 3756 MHz:   0% 3828 MHz:   0% 3888 MHz:   0% 3948 MHz:   0% 3996 MHz:   0% 4044 MHz:   0% 4104 MHz:   0% 4416 MHz:   0% 4512 MHz: 4.0%)
CPU 12 idle residency:   3.41%
CPU 12 down residency:  92.22%
CPU 13 frequency: 4168 MHz
CPU 13 active residency:   3.44% (1260 MHz: .33% 1512 MHz:   0% 1800 MHz: .04% 2088 MHz:   0% 2352 MHz:   0% 2616 MHz:   0% 2868 MHz:   0% 3096 MHz:   0% 3300 MHz:   0% 3468 MHz:   0% 3624 MHz:   0% 3756 MHz:   0% 3828 MHz:   0% 3888 MHz:   0% 3948 MHz:   0% 3996 MHz:   0% 4044 MHz:   0% 4104 MHz:   0% 4416 MHz:   0% 4512 MHz: 3.1%)
CPU 13 idle residency:   3.44%
CPU 13 down residency:  93.12%
CPU 14 frequency: 4160 MHz
CPU 14 active residency:   3.36% (1260 MHz: .33% 1512 MHz:   0% 1800 MHz: .04% 2088 MHz:   0% 2352 MHz:   0% 2616 MHz:   0% 2868 MHz:   0% 3096 MHz:   0% 3300 MHz:   0% 3468 MHz:   0% 3624 MHz:   0% 3756 MHz:   0% 3828 MHz:   0% 3888 MHz:   0% 3948 MHz:   0% 3996 MHz:   0% 4044 MHz:   0% 4104 MHz:   0% 4416 MHz:   0% 4512 MHz: 3.0%)
CPU 14 idle residency:   3.44%
CPU 14 down residency:  93.20%
CPU 15 frequency: 4200 MHz
CPU 15 active residency:   3.58% (1260 MHz: .33% 1512 MHz:   0% 1800 MHz: .02% 2088 MHz:   0% 2352 MHz:   0% 2616 MHz:   0% 2868 MHz:   0% 3096 MHz:   0% 3300 MHz:   0% 3468 MHz:   0% 3624 MHz:   0% 3756 MHz:   0% 3828 MHz:   0% 3888 MHz:   0% 3948 MHz:   0% 3996 MHz:   0% 4044 MHz:   0% 4104 MHz:   0% 4416 MHz:   0% 4512 MHz: 3.2%)
CPU 15 idle residency:   3.43%
CPU 15 down residency:  92.99%

CPU Power: 6575 mW
GPU Power: 22828 mW
ANE Power: 0 mW
Combined Power (CPU + GPU + ANE): 29403 mW

**** GPU usage ****

GPU HW active frequency: 1578 MHz
GPU HW active residency: 100.00% (338 MHz:   0% 618 MHz:   0% 796 MHz:   0% 924 MHz:   0% 952 MHz:   0% 1056 MHz:   0% 1062 MHz:   0% 1182 MHz:   0% 1182 MHz:   0% 1312 MHz:   0% 1242 MHz:   0% 1380 MHz:   0% 1326 MHz:   0% 1470 MHz:   0% 1578 MHz: 100%)
GPU SW requested state: (P1 :   0% P2 :   0% P3 :   0% P4 :   0% P5 :   0% P6 :   0% P7 :   0% P8 :   0% P9 :   0% P10 : 100% P11 :   0% P12 :   0% P13 :   0% P14 :   0% P15 :   0%)
GPU SW state: (SW_P1 :   0% SW_P2 :   0% SW_P3 :   0% SW_P4 :   0% SW_P5 :   0% SW_P6 :   0% SW_P7 :   0% SW_P8 :   0% SW_P9 :   0% SW_P10 : 100% SW_P11 :   0% SW_P12 :   0% SW_P13 :   0% SW_P14 :   0% SW_P15 :   0%)
GPU idle residency:   0.00%
GPU Power: 22837 mW



*** Sampled system activity (Tue Jan 20 15:17:20 2026 +0100) (1019.75ms elapsed) ***


**** Processor usage ****

E-Cluster Online: 100%
E-Cluster HW active frequency: 2592 MHz
E-Cluster HW active residency:  65.22% (1020 MHz:   0% 1404 MHz:   0% 1788 MHz:   0% 2112 MHz:   0% 2352 MHz:   0% 2532 MHz: .00% 2592 MHz:  65%)
E-Cluster idle residency:  34.78%
E-Cluster down residency:   0.00%
CPU 0 frequency: 2592 MHz
CPU 0 active residency:  29.47% (1020 MHz:   0% 1404 MHz:   0% 1788 MHz:   0% 2112 MHz:   0% 2352 MHz:   0% 2532 MHz:   0% 2592 MHz:  29%)
CPU 0 idle residency:  70.53%
CPU 0 down residency:   0.00%
CPU 1 frequency: 2592 MHz
CPU 1 active residency:  14.13% (1020 MHz:   0% 1404 MHz:   0% 1788 MHz:   0% 2112 MHz:   0% 2352 MHz:   0% 2532 MHz:   0% 2592 MHz:  14%)
CPU 1 idle residency:  85.87%
CPU 1 down residency:   0.00%
CPU 2 frequency: 2592 MHz
CPU 2 active residency:   7.69% (1020 MHz:   0% 1404 MHz:   0% 1788 MHz:   0% 2112 MHz:   0% 2352 MHz:   0% 2532 MHz:   0% 2592 MHz: 7.7%)
CPU 2 idle residency:  92.31%
CPU 2 down residency:   0.00%
CPU 3 frequency: 2592 MHz
CPU 3 active residency:   6.81% (1020 MHz:   0% 1404 MHz:   0% 1788 MHz:   0% 2112 MHz:   0% 2352 MHz:   0% 2532 MHz:   0% 2592 MHz: 6.8%)
CPU 3 idle residency:  93.19%
CPU 3 down residency:   0.00%

P0-Cluster Online: 100%
P0-Cluster HW active frequency: 4028 MHz
P0-Cluster HW active residency:  99.12% (1260 MHz:   0% 1512 MHz:   0% 1800 MHz:   0% 2088 MHz:   0% 2352 MHz:   0% 2616 MHz:   0% 2868 MHz:   0% 3096 MHz:   0% 3300 MHz:   0% 3468 MHz:   0% 3624 MHz:   0% 3756 MHz:   0% 3828 MHz:   0% 3888 MHz: 7.2% 3948 MHz:  60% 3996 MHz:  11% 4044 MHz: 7.5% 4104 MHz:   0% 4416 MHz: 5.9% 4512 MHz: 7.7%)
P0-Cluster idle residency:   0.88%
P0-Cluster down residency:   0.00%
CPU 4 frequency: 4512 MHz
CPU 4 active residency:  45.77% (1260 MHz:   0% 1512 MHz:   0% 1800 MHz:   0% 2088 MHz:   0% 2352 MHz:   0% 2616 MHz:   0% 2868 MHz:   0% 3096 MHz:   0% 3300 MHz:   0% 3468 MHz:   0% 3624 MHz:   0% 3756 MHz:   0% 3828 MHz:   0% 3888 MHz:   0% 3948 MHz:   0% 3996 MHz:   0% 4044 MHz:   0% 4104 MHz:   0% 4416 MHz:   0% 4512 MHz:  46%)
CPU 4 idle residency:  54.23%
CPU 4 down residency:   0.00%
CPU 5 frequency: 4512 MHz
CPU 5 active residency:  43.27% (1260 MHz:   0% 1512 MHz:   0% 1800 MHz:   0% 2088 MHz:   0% 2352 MHz:   0% 2616 MHz:   0% 2868 MHz:   0% 3096 MHz:   0% 3300 MHz:   0% 3468 MHz:   0% 3624 MHz:   0% 3756 MHz:   0% 3828 MHz:   0% 3888 MHz:   0% 3948 MHz:   0% 3996 MHz:   0% 4044 MHz:   0% 4104 MHz:   0% 4416 MHz:   0% 4512 MHz:  43%)
CPU 5 idle residency:  56.73%
CPU 5 down residency:   0.00%
CPU 6 frequency: 4512 MHz
CPU 6 active residency:  54.99% (1260 MHz:   0% 1512 MHz:   0% 1800 MHz:   0% 2088 MHz:   0% 2352 MHz:   0% 2616 MHz:   0% 2868 MHz:   0% 3096 MHz:   0% 3300 MHz:   0% 3468 MHz:   0% 3624 MHz:   0% 3756 MHz:   0% 3828 MHz:   0% 3888 MHz:   0% 3948 MHz:   0% 3996 MHz:   0% 4044 MHz:   0% 4104 MHz:   0% 4416 MHz:   0% 4512 MHz:  55%)
CPU 6 idle residency:  45.01%
CPU 6 down residency:   0.00%
CPU 7 frequency: 4512 MHz
CPU 7 active residency:  49.52% (1260 MHz:   0% 1512 MHz:   0% 1800 MHz:   0% 2088 MHz:   0% 2352 MHz:   0% 2616 MHz:   0% 2868 MHz:   0% 3096 MHz:   0% 3300 MHz:   0% 3468 MHz:   0% 3624 MHz:   0% 3756 MHz:   0% 3828 MHz:   0% 3888 MHz:   0% 3948 MHz:   0% 3996 MHz:   0% 4044 MHz:   0% 4104 MHz:   0% 4416 MHz:   0% 4512 MHz:  50%)
CPU 7 idle residency:  50.48%
CPU 7 down residency:   0.00%
CPU 8 frequency: 4512 MHz
CPU 8 active residency:  55.81% (1260 MHz:   0% 1512 MHz:   0% 1800 MHz:   0% 2088 MHz:   0% 2352 MHz:   0% 2616 MHz:   0% 2868 MHz:   0% 3096 MHz:   0% 3300 MHz:   0% 3468 MHz:   0% 3624 MHz:   0% 3756 MHz:   0% 3828 MHz:   0% 3888 MHz:   0% 3948 MHz:   0% 3996 MHz:   0% 4044 MHz:   0% 4104 MHz:   0% 4416 MHz:   0% 4512 MHz:  56%)
CPU 8 idle residency:  44.19%
CPU 8 down residency:   0.00%
CPU 9 frequency: 4512 MHz
CPU 9 active residency:  34.51% (1260 MHz:   0% 1512 MHz:   0% 1800 MHz:   0% 2088 MHz:   0% 2352 MHz:   0% 2616 MHz:   0% 2868 MHz:   0% 3096 MHz:   0% 3300 MHz:   0% 3468 MHz:   0% 3624 MHz:   0% 3756 MHz:   0% 3828 MHz:   0% 3888 MHz:   0% 3948 MHz:   0% 3996 MHz:   0% 4044 MHz:   0% 4104 MHz:   0% 4416 MHz:   0% 4512 MHz:  35%)
CPU 9 idle residency:  65.49%
CPU 9 down residency:   0.00%

P1-Cluster HW active frequency: 1690 MHz
P1-Cluster HW active residency:   3.16% (1260 MHz: 2.6% 1512 MHz:   0% 1800 MHz: .10% 2088 MHz:   0% 2352 MHz:   0% 2616 MHz:   0% 2868 MHz:   0% 3096 MHz:   0% 3300 MHz:   0% 3468 MHz:   0% 3624 MHz:   0% 3756 MHz:   0% 3828 MHz:   0% 3888 MHz: .01% 3948 MHz: .02% 3996 MHz:   0% 4044 MHz:   0% 4104 MHz:   0% 4416 MHz: .06% 4512 MHz: .32%)
P1-Cluster idle residency:   5.35%
P1-Cluster down residency:  91.49%
CPU 10 frequency: 1260 MHz
CPU 10 active residency:   0.08% (1260 MHz: .08% 1512 MHz:   0% 1800 MHz:   0% 2088 MHz:   0% 2352 MHz:   0% 2616 MHz:   0% 2868 MHz:   0% 3096 MHz:   0% 3300 MHz:   0% 3468 MHz:   0% 3624 MHz:   0% 3756 MHz:   0% 3828 MHz:   0% 3888 MHz:   0% 3948 MHz:   0% 3996 MHz:   0% 4044 MHz:   0% 4104 MHz:   0% 4416 MHz:   0% 4512 MHz:   0%)
CPU 10 idle residency:   8.29%
CPU 10 down residency:  91.63%
CPU 11 frequency: 1276 MHz
CPU 11 active residency:   0.09% (1260 MHz: .09% 1512 MHz:   0% 1800 MHz:   0% 2088 MHz:   0% 2352 MHz:   0% 2616 MHz:   0% 2868 MHz:   0% 3096 MHz:   0% 3300 MHz:   0% 3468 MHz:   0% 3624 MHz:   0% 3756 MHz:   0% 3828 MHz:   0% 3888 MHz:   0% 3948 MHz:   0% 3996 MHz:   0% 4044 MHz:   0% 4104 MHz:   0% 4416 MHz:   0% 4512 MHz: .00%)
CPU 11 idle residency:   8.18%
CPU 11 down residency:  91.73%
CPU 12 frequency: 1260 MHz
CPU 12 active residency:   0.08% (1260 MHz: .08% 1512 MHz:   0% 1800 MHz:   0% 2088 MHz:   0% 2352 MHz:   0% 2616 MHz:   0% 2868 MHz:   0% 3096 MHz:   0% 3300 MHz:   0% 3468 MHz:   0% 3624 MHz:   0% 3756 MHz:   0% 3828 MHz:   0% 3888 MHz:   0% 3948 MHz:   0% 3996 MHz:   0% 4044 MHz:   0% 4104 MHz:   0% 4416 MHz:   0% 4512 MHz:   0%)
CPU 12 idle residency:   8.30%
CPU 12 down residency:  91.62%
CPU 13 frequency: 1260 MHz
CPU 13 active residency:   0.08% (1260 MHz: .08% 1512 MHz:   0% 1800 MHz:   0% 2088 MHz:   0% 2352 MHz:   0% 2616 MHz:   0% 2868 MHz:   0% 3096 MHz:   0% 3300 MHz:   0% 3468 MHz:   0% 3624 MHz:   0% 3756 MHz:   0% 3828 MHz:   0% 3888 MHz:   0% 3948 MHz:   0% 3996 MHz:   0% 4044 MHz:   0% 4104 MHz:   0% 4416 MHz:   0% 4512 MHz:   0%)
CPU 13 idle residency:   8.23%
CPU 13 down residency:  91.68%
CPU 14 frequency: 1260 MHz
CPU 14 active residency:   0.08% (1260 MHz: .08% 1512 MHz:   0% 1800 MHz:   0% 2088 MHz:   0% 2352 MHz:   0% 2616 MHz:   0% 2868 MHz:   0% 3096 MHz:   0% 3300 MHz:   0% 3468 MHz:   0% 3624 MHz:   0% 3756 MHz:   0% 3828 MHz:   0% 3888 MHz:   0% 3948 MHz:   0% 3996 MHz:   0% 4044 MHz:   0% 4104 MHz:   0% 4416 MHz:   0% 4512 MHz:   0%)
CPU 14 idle residency:   8.20%
CPU 14 down residency:  91.72%
CPU 15 frequency: 1260 MHz
CPU 15 active residency:   0.08% (1260 MHz: .08% 1512 MHz:   0% 1800 MHz:   0% 2088 MHz:   0% 2352 MHz:   0% 2616 MHz:   0% 2868 MHz:   0% 3096 MHz:   0% 3300 MHz:   0% 3468 MHz:   0% 3624 MHz:   0% 3756 MHz:   0% 3828 MHz:   0% 3888 MHz:   0% 3948 MHz:   0% 3996 MHz:   0% 4044 MHz:   0% 4104 MHz:   0% 4416 MHz:   0% 4512 MHz:   0%)
CPU 15 idle residency:   8.31%
CPU 15 down residency:  91.61%

CPU Power: 6473 mW
GPU Power: 22847 mW
ANE Power: 0 mW
Combined Power (CPU + GPU + ANE): 29320 mW

**** GPU usage ****

GPU HW active frequency: 1578 MHz
GPU HW active residency: 100.00% (338 MHz:   0% 618 MHz:   0% 796 MHz:   0% 924 MHz:   0% 952 MHz:   0% 1056 MHz:   0% 1062 MHz:   0% 1182 MHz:   0% 1182 MHz:   0% 1312 MHz:   0% 1242 MHz:   0% 1380 MHz:   0% 1326 MHz:   0% 1470 MHz:   0% 1578 MHz: 100%)
GPU SW requested state: (P1 :   0% P2 :   0% P3 :   0% P4 :   0% P5 :   0% P6 :   0% P7 :   0% P8 :   0% P9 :   0% P10 : 100% P11 :   0% P12 :   0% P13 :   0% P14 :   0% P15 :   0%)
GPU SW state: (SW_P1 :   0% SW_P2 :   0% SW_P3 :   0% SW_P4 :   0% SW_P5 :   0% SW_P6 :   0% SW_P7 :   0% SW_P8 :   0% SW_P9 :   0% SW_P10 : 100% SW_P11 :   0% SW_P12 :   0% SW_P13 :   0% SW_P14 :   0% SW_P15 :   0%)
GPU idle residency:   0.00%
GPU Power: 22847 mW



*** Sampled system activity (Tue Jan 20 15:17:21 2026 +0100) (1019.79ms elapsed) ***


**** Processor usage ****

E-Cluster Online: 100%
E-Cluster HW active frequency: 2592 MHz
E-Cluster HW active residency:  65.20% (1020 MHz:   0% 1404 MHz:   0% 1788 MHz:   0% 2112 MHz:   0% 2352 MHz:   0% 2532 MHz: .00% 2592 MHz:  65%)
E-Cluster idle residency:  34.80%
E-Cluster down residency:   0.00%
CPU 0 frequency: 2592 MHz
CPU 0 active residency:  28.88% (1020 MHz:   0% 1404 MHz:   0% 1788 MHz:   0% 2112 MHz:   0% 2352 MHz:   0% 2532 MHz:   0% 2592 MHz:  29%)
CPU 0 idle residency:  71.12%
CPU 0 down residency:   0.00%
CPU 1 frequency: 2592 MHz
CPU 1 active residency:  16.78% (1020 MHz:   0% 1404 MHz:   0% 1788 MHz:   0% 2112 MHz:   0% 2352 MHz:   0% 2532 MHz:   0% 2592 MHz:  17%)
CPU 1 idle residency:  83.22%
CPU 1 down residency:   0.00%
CPU 2 frequency: 2592 MHz
CPU 2 active residency:   9.47% (1020 MHz:   0% 1404 MHz:   0% 1788 MHz:   0% 2112 MHz:   0% 2352 MHz:   0% 2532 MHz:   0% 2592 MHz: 9.5%)
CPU 2 idle residency:  90.53%
CPU 2 down residency:   0.00%
CPU 3 frequency: 2592 MHz
CPU 3 active residency:   6.17% (1020 MHz:   0% 1404 MHz:   0% 1788 MHz:   0% 2112 MHz:   0% 2352 MHz:   0% 2532 MHz:   0% 2592 MHz: 6.2%)
CPU 3 idle residency:  93.83%
CPU 3 down residency:   0.00%

P0-Cluster Online: 100%
P0-Cluster HW active frequency: 4030 MHz
P0-Cluster HW active residency:  98.84% (1260 MHz:   0% 1512 MHz:   0% 1800 MHz:   0% 2088 MHz:   0% 2352 MHz:   0% 2616 MHz:   0% 2868 MHz:   0% 3096 MHz:   0% 3300 MHz:   0% 3468 MHz:   0% 3624 MHz:   0% 3756 MHz:   0% 3828 MHz:   0% 3888 MHz: 9.9% 3948 MHz:  57% 3996 MHz:  11% 4044 MHz: 7.6% 4104 MHz:   0% 4416 MHz: 5.3% 4512 MHz: 8.7%)
P0-Cluster idle residency:   1.16%
P0-Cluster down residency:   0.00%
CPU 4 frequency: 4512 MHz
CPU 4 active residency:  29.06% (1260 MHz:   0% 1512 MHz:   0% 1800 MHz:   0% 2088 MHz:   0% 2352 MHz:   0% 2616 MHz:   0% 2868 MHz:   0% 3096 MHz:   0% 3300 MHz:   0% 3468 MHz:   0% 3624 MHz:   0% 3756 MHz:   0% 3828 MHz:   0% 3888 MHz:   0% 3948 MHz:   0% 3996 MHz:   0% 4044 MHz:   0% 4104 MHz:   0% 4416 MHz:   0% 4512 MHz:  29%)
CPU 4 idle residency:  70.94%
CPU 4 down residency:   0.00%
CPU 5 frequency: 4512 MHz
CPU 5 active residency:  43.16% (1260 MHz:   0% 1512 MHz:   0% 1800 MHz:   0% 2088 MHz:   0% 2352 MHz:   0% 2616 MHz:   0% 2868 MHz:   0% 3096 MHz:   0% 3300 MHz:   0% 3468 MHz:   0% 3624 MHz:   0% 3756 MHz:   0% 3828 MHz:   0% 3888 MHz:   0% 3948 MHz:   0% 3996 MHz:   0% 4044 MHz:   0% 4104 MHz:   0% 4416 MHz:   0% 4512 MHz:  43%)
CPU 5 idle residency:  56.84%
CPU 5 down residency:   0.00%
CPU 6 frequency: 4512 MHz
CPU 6 active residency:  60.20% (1260 MHz:   0% 1512 MHz:   0% 1800 MHz:   0% 2088 MHz:   0% 2352 MHz:   0% 2616 MHz:   0% 2868 MHz:   0% 3096 MHz:   0% 3300 MHz:   0% 3468 MHz:   0% 3624 MHz:   0% 3756 MHz:   0% 3828 MHz:   0% 3888 MHz:   0% 3948 MHz:   0% 3996 MHz:   0% 4044 MHz:   0% 4104 MHz:   0% 4416 MHz:   0% 4512 MHz:  60%)
CPU 6 idle residency:  39.80%
CPU 6 down residency:   0.00%
CPU 7 frequency: 4512 MHz
CPU 7 active residency:  40.87% (1260 MHz:   0% 1512 MHz:   0% 1800 MHz:   0% 2088 MHz:   0% 2352 MHz:   0% 2616 MHz:   0% 2868 MHz:   0% 3096 MHz:   0% 3300 MHz:   0% 3468 MHz:   0% 3624 MHz:   0% 3756 MHz:   0% 3828 MHz:   0% 3888 MHz:   0% 3948 MHz:   0% 3996 MHz:   0% 4044 MHz:   0% 4104 MHz:   0% 4416 MHz:   0% 4512 MHz:  41%)
CPU 7 idle residency:  59.13%
CPU 7 down residency:   0.00%
CPU 8 frequency: 4512 MHz
CPU 8 active residency:  56.37% (1260 MHz:   0% 1512 MHz:   0% 1800 MHz:   0% 2088 MHz:   0% 2352 MHz:   0% 2616 MHz:   0% 2868 MHz:   0% 3096 MHz:   0% 3300 MHz:   0% 3468 MHz:   0% 3624 MHz:   0% 3756 MHz:   0% 3828 MHz:   0% 3888 MHz:   0% 3948 MHz:   0% 3996 MHz:   0% 4044 MHz:   0% 4104 MHz:   0% 4416 MHz:   0% 4512 MHz:  56%)
CPU 8 idle residency:  43.63%
CPU 8 down residency:   0.00%
CPU 9 frequency: 4512 MHz
CPU 9 active residency:  53.58% (1260 MHz:   0% 1512 MHz:   0% 1800 MHz:   0% 2088 MHz:   0% 2352 MHz:   0% 2616 MHz:   0% 2868 MHz:   0% 3096 MHz:   0% 3300 MHz:   0% 3468 MHz:   0% 3624 MHz:   0% 3756 MHz:   0% 3828 MHz:   0% 3888 MHz:   0% 3948 MHz:   0% 3996 MHz:   0% 4044 MHz:   0% 4104 MHz:   0% 4416 MHz:   0% 4512 MHz:  54%)
CPU 9 idle residency:  46.42%
CPU 9 down residency:   0.00%

P1-Cluster HW active frequency: 1405 MHz
P1-Cluster HW active residency:   0.88% (1260 MHz: .84% 1512 MHz:   0% 1800 MHz:   0% 2088 MHz:   0% 2352 MHz:   0% 2616 MHz:   0% 2868 MHz:   0% 3096 MHz:   0% 3300 MHz:   0% 3468 MHz:   0% 3624 MHz:   0% 3756 MHz:   0% 3828 MHz:   0% 3888 MHz:   0% 3948 MHz:   0% 3996 MHz:   0% 4044 MHz:   0% 4104 MHz:   0% 4416 MHz:   0% 4512 MHz: .04%)
P1-Cluster idle residency:   2.59%
P1-Cluster down residency:  96.53%
CPU 10 frequency: 0 MHz
CPU 10 active residency:   0.00% (1260 MHz:   0% 1512 MHz:   0% 1800 MHz:   0% 2088 MHz:   0% 2352 MHz:   0% 2616 MHz:   0% 2868 MHz:   0% 3096 MHz:   0% 3300 MHz:   0% 3468 MHz:   0% 3624 MHz:   0% 3756 MHz:   0% 3828 MHz:   0% 3888 MHz:   0% 3948 MHz:   0% 3996 MHz:   0% 4044 MHz:   0% 4104 MHz:   0% 4416 MHz:   0% 4512 MHz:   0%)
CPU 10 idle residency:   3.28%
CPU 10 down residency:  96.72%
CPU 11 frequency: 0 MHz
CPU 11 active residency:   0.00% (1260 MHz:   0% 1512 MHz:   0% 1800 MHz:   0% 2088 MHz:   0% 2352 MHz:   0% 2616 MHz:   0% 2868 MHz:   0% 3096 MHz:   0% 3300 MHz:   0% 3468 MHz:   0% 3624 MHz:   0% 3756 MHz:   0% 3828 MHz:   0% 3888 MHz:   0% 3948 MHz:   0% 3996 MHz:   0% 4044 MHz:   0% 4104 MHz:   0% 4416 MHz:   0% 4512 MHz:   0%)
CPU 11 idle residency:   3.28%
CPU 11 down residency:  96.72%
CPU 12 frequency: 0 MHz
CPU 12 active residency:   0.00% (1260 MHz:   0% 1512 MHz:   0% 1800 MHz:   0% 2088 MHz:   0% 2352 MHz:   0% 2616 MHz:   0% 2868 MHz:   0% 3096 MHz:   0% 3300 MHz:   0% 3468 MHz:   0% 3624 MHz:   0% 3756 MHz:   0% 3828 MHz:   0% 3888 MHz:   0% 3948 MHz:   0% 3996 MHz:   0% 4044 MHz:   0% 4104 MHz:   0% 4416 MHz:   0% 4512 MHz:   0%)
CPU 12 idle residency:   3.28%
CPU 12 down residency:  96.72%
CPU 13 frequency: 0 MHz
CPU 13 active residency:   0.00% (1260 MHz:   0% 1512 MHz:   0% 1800 MHz:   0% 2088 MHz:   0% 2352 MHz:   0% 2616 MHz:   0% 2868 MHz:   0% 3096 MHz:   0% 3300 MHz:   0% 3468 MHz:   0% 3624 MHz:   0% 3756 MHz:   0% 3828 MHz:   0% 3888 MHz:   0% 3948 MHz:   0% 3996 MHz:   0% 4044 MHz:   0% 4104 MHz:   0% 4416 MHz:   0% 4512 MHz:   0%)
CPU 13 idle residency:   3.28%
CPU 13 down residency:  96.72%
CPU 14 frequency: 0 MHz
CPU 14 active residency:   0.00% (1260 MHz:   0% 1512 MHz:   0% 1800 MHz:   0% 2088 MHz:   0% 2352 MHz:   0% 2616 MHz:   0% 2868 MHz:   0% 3096 MHz:   0% 3300 MHz:   0% 3468 MHz:   0% 3624 MHz:   0% 3756 MHz:   0% 3828 MHz:   0% 3888 MHz:   0% 3948 MHz:   0% 3996 MHz:   0% 4044 MHz:   0% 4104 MHz:   0% 4416 MHz:   0% 4512 MHz:   0%)
CPU 14 idle residency:   3.28%
CPU 14 down residency:  96.72%
CPU 15 frequency: 0 MHz
CPU 15 active residency:   0.00% (1260 MHz:   0% 1512 MHz:   0% 1800 MHz:   0% 2088 MHz:   0% 2352 MHz:   0% 2616 MHz:   0% 2868 MHz:   0% 3096 MHz:   0% 3300 MHz:   0% 3468 MHz:   0% 3624 MHz:   0% 3756 MHz:   0% 3828 MHz:   0% 3888 MHz:   0% 3948 MHz:   0% 3996 MHz:   0% 4044 MHz:   0% 4104 MHz:   0% 4416 MHz:   0% 4512 MHz:   0%)
CPU 15 idle residency:   3.28%
CPU 15 down residency:  96.72%

CPU Power: 6540 mW
GPU Power: 22633 mW
ANE Power: 0 mW
Combined Power (CPU + GPU + ANE): 29173 mW

**** GPU usage ****

GPU HW active frequency: 1578 MHz
GPU HW active residency: 100.00% (338 MHz:   0% 618 MHz:   0% 796 MHz:   0% 924 MHz:   0% 952 MHz:   0% 1056 MHz:   0% 1062 MHz:   0% 1182 MHz:   0% 1182 MHz:   0% 1312 MHz:   0% 1242 MHz:   0% 1380 MHz:   0% 1326 MHz:   0% 1470 MHz:   0% 1578 MHz: 100%)
GPU SW requested state: (P1 :   0% P2 :   0% P3 :   0% P4 :   0% P5 :   0% P6 :   0% P7 :   0% P8 :   0% P9 :   0% P10 : 100% P11 :   0% P12 :   0% P13 :   0% P14 :   0% P15 :   0%)
GPU SW state: (SW_P1 :   0% SW_P2 :   0% SW_P3 :   0% SW_P4 :   0% SW_P5 :   0% SW_P6 :   0% SW_P7 :   0% SW_P8 :   0% SW_P9 :   0% SW_P10 : 100% SW_P11 :   0% SW_P12 :   0% SW_P13 :   0% SW_P14 :   0% SW_P15 :   0%)
GPU idle residency:   0.00%
GPU Power: 22444 mW



*** Sampled system activity (Tue Jan 20 15:17:22 2026 +0100) (1020.76ms elapsed) ***


**** Processor usage ****

E-Cluster Online: 100%
E-Cluster HW active frequency: 2592 MHz
E-Cluster HW active residency:  61.87% (1020 MHz:   0% 1404 MHz:   0% 1788 MHz:   0% 2112 MHz:   0% 2352 MHz:   0% 2532 MHz: .00% 2592 MHz:  62%)
E-Cluster idle residency:  38.13%
E-Cluster down residency:   0.00%
CPU 0 frequency: 2592 MHz
CPU 0 active residency:  28.42% (1020 MHz:   0% 1404 MHz:   0% 1788 MHz:   0% 2112 MHz:   0% 2352 MHz:   0% 2532 MHz:   0% 2592 MHz:  28%)
CPU 0 idle residency:  71.58%
CPU 0 down residency:   0.00%
CPU 1 frequency: 2592 MHz
CPU 1 active residency:  15.09% (1020 MHz:   0% 1404 MHz:   0% 1788 MHz:   0% 2112 MHz:   0% 2352 MHz:   0% 2532 MHz:   0% 2592 MHz:  15%)
CPU 1 idle residency:  84.91%
CPU 1 down residency:   0.00%
CPU 2 frequency: 2592 MHz
CPU 2 active residency:   8.74% (1020 MHz:   0% 1404 MHz:   0% 1788 MHz:   0% 2112 MHz:   0% 2352 MHz:   0% 2532 MHz:   0% 2592 MHz: 8.7%)
CPU 2 idle residency:  91.26%
CPU 2 down residency:   0.00%
CPU 3 frequency: 2592 MHz
CPU 3 active residency:   4.70% (1020 MHz:   0% 1404 MHz:   0% 1788 MHz:   0% 2112 MHz:   0% 2352 MHz:   0% 2532 MHz:   0% 2592 MHz: 4.7%)
CPU 3 idle residency:  95.30%
CPU 3 down residency:   0.00%

P0-Cluster Online: 33%
P0-Cluster HW active frequency: 4028 MHz
P0-Cluster HW active residency:  32.50% (1260 MHz: .29% 1512 MHz:   0% 1800 MHz: .24% 2088 MHz:   0% 2352 MHz:   0% 2616 MHz:   0% 2868 MHz:   0% 3096 MHz:   0% 3300 MHz:   0% 3468 MHz:   0% 3624 MHz:   0% 3756 MHz:   0% 3828 MHz:   0% 3888 MHz: .77% 3948 MHz:  18% 3996 MHz: 3.5% 4044 MHz: 3.6% 4104 MHz:   0% 4416 MHz: 2.4% 4512 MHz: 4.1%)
P0-Cluster idle residency:   1.46%
P0-Cluster down residency:  66.05%
CPU 4 frequency: 4512 MHz
CPU 4 active residency:   5.69% (1260 MHz:   0% 1512 MHz:   0% 1800 MHz:   0% 2088 MHz:   0% 2352 MHz:   0% 2616 MHz:   0% 2868 MHz:   0% 3096 MHz:   0% 3300 MHz:   0% 3468 MHz:   0% 3624 MHz:   0% 3756 MHz:   0% 3828 MHz:   0% 3888 MHz:   0% 3948 MHz:   0% 3996 MHz:   0% 4044 MHz:   0% 4104 MHz:   0% 4416 MHz:   0% 4512 MHz: 5.7%)
CPU 4 idle residency:  14.08%
CPU 4 down residency:  80.23%
CPU 5 frequency: 4512 MHz
CPU 5 active residency:   0.88% (1260 MHz:   0% 1512 MHz:   0% 1800 MHz:   0% 2088 MHz:   0% 2352 MHz:   0% 2616 MHz:   0% 2868 MHz:   0% 3096 MHz:   0% 3300 MHz:   0% 3468 MHz:   0% 3624 MHz:   0% 3756 MHz:   0% 3828 MHz:   0% 3888 MHz:   0% 3948 MHz:   0% 3996 MHz:   0% 4044 MHz:   0% 4104 MHz:   0% 4416 MHz:   0% 4512 MHz: .88%)
CPU 5 idle residency:  27.28%
CPU 5 down residency:  71.84%
CPU 6 frequency: 4512 MHz
CPU 6 active residency:   6.33% (1260 MHz:   0% 1512 MHz:   0% 1800 MHz:   0% 2088 MHz:   0% 2352 MHz:   0% 2616 MHz:   0% 2868 MHz:   0% 3096 MHz:   0% 3300 MHz:   0% 3468 MHz:   0% 3624 MHz:   0% 3756 MHz:   0% 3828 MHz:   0% 3888 MHz:   0% 3948 MHz:   0% 3996 MHz:   0% 4044 MHz:   0% 4104 MHz:   0% 4416 MHz:   0% 4512 MHz: 6.3%)
CPU 6 idle residency:  17.64%
CPU 6 down residency:  76.03%
CPU 7 frequency: 4512 MHz
CPU 7 active residency:   6.73% (1260 MHz:   0% 1512 MHz:   0% 1800 MHz:   0% 2088 MHz:   0% 2352 MHz:   0% 2616 MHz:   0% 2868 MHz:   0% 3096 MHz:   0% 3300 MHz:   0% 3468 MHz:   0% 3624 MHz:   0% 3756 MHz:   0% 3828 MHz:   0% 3888 MHz:   0% 3948 MHz:   0% 3996 MHz:   0% 4044 MHz:   0% 4104 MHz:   0% 4416 MHz:   0% 4512 MHz: 6.7%)
CPU 7 idle residency:  26.87%
CPU 7 down residency:  66.40%
CPU 8 frequency: 4512 MHz
CPU 8 active residency:   0.06% (1260 MHz:   0% 1512 MHz:   0% 1800 MHz:   0% 2088 MHz:   0% 2352 MHz:   0% 2616 MHz:   0% 2868 MHz:   0% 3096 MHz:   0% 3300 MHz:   0% 3468 MHz:   0% 3624 MHz:   0% 3756 MHz:   0% 3828 MHz:   0% 3888 MHz:   0% 3948 MHz:   0% 3996 MHz:   0% 4044 MHz:   0% 4104 MHz:   0% 4416 MHz:   0% 4512 MHz: .06%)
CPU 8 idle residency:  31.41%
CPU 8 down residency:  68.53%
CPU 9 frequency: 4512 MHz
CPU 9 active residency:   5.72% (1260 MHz:   0% 1512 MHz:   0% 1800 MHz:   0% 2088 MHz:   0% 2352 MHz:   0% 2616 MHz:   0% 2868 MHz:   0% 3096 MHz:   0% 3300 MHz:   0% 3468 MHz:   0% 3624 MHz:   0% 3756 MHz:   0% 3828 MHz:   0% 3888 MHz:   0% 3948 MHz:   0% 3996 MHz:   0% 4044 MHz:   0% 4104 MHz:   0% 4416 MHz:   0% 4512 MHz: 5.7%)
CPU 9 idle residency:  19.56%
CPU 9 down residency:  74.72%

P1-Cluster HW active frequency: 4038 MHz
P1-Cluster HW active residency:  68.15% (1260 MHz: .02% 1512 MHz:   0% 1800 MHz:   0% 2088 MHz:   0% 2352 MHz:   0% 2616 MHz:   0% 2868 MHz:   0% 3096 MHz:   0% 3300 MHz:   0% 3468 MHz:   0% 3624 MHz:   0% 3756 MHz:   0% 3828 MHz:   0% 3888 MHz: 4.3% 3948 MHz:  39% 3996 MHz: 8.6% 4044 MHz: 6.1% 4104 MHz:   0% 4416 MHz: 3.6% 4512 MHz: 6.6%)
P1-Cluster idle residency:   0.73%
P1-Cluster down residency:  31.12%
CPU 10 frequency: 4478 MHz
CPU 10 active residency:  29.41% (1260 MHz: .30% 1512 MHz:   0% 1800 MHz: .02% 2088 MHz:   0% 2352 MHz:   0% 2616 MHz:   0% 2868 MHz:   0% 3096 MHz:   0% 3300 MHz:   0% 3468 MHz:   0% 3624 MHz:   0% 3756 MHz:   0% 3828 MHz:   0% 3888 MHz:   0% 3948 MHz:   0% 3996 MHz:   0% 4044 MHz:   0% 4104 MHz:   0% 4416 MHz:   0% 4512 MHz:  29%)
CPU 10 idle residency:  39.61%
CPU 10 down residency:  30.98%
CPU 11 frequency: 4478 MHz
CPU 11 active residency:  30.78% (1260 MHz: .30% 1512 MHz:   0% 1800 MHz: .03% 2088 MHz:   0% 2352 MHz:   0% 2616 MHz:   0% 2868 MHz:   0% 3096 MHz:   0% 3300 MHz:   0% 3468 MHz:   0% 3624 MHz:   0% 3756 MHz:   0% 3828 MHz:   0% 3888 MHz:   0% 3948 MHz:   0% 3996 MHz:   0% 4044 MHz:   0% 4104 MHz:   0% 4416 MHz:   0% 4512 MHz:  30%)
CPU 11 idle residency:  38.28%
CPU 11 down residency:  30.94%
CPU 12 frequency: 4478 MHz
CPU 12 active residency:  30.60% (1260 MHz: .29% 1512 MHz:   0% 1800 MHz: .03% 2088 MHz:   0% 2352 MHz:   0% 2616 MHz:   0% 2868 MHz:   0% 3096 MHz:   0% 3300 MHz:   0% 3468 MHz:   0% 3624 MHz:   0% 3756 MHz:   0% 3828 MHz:   0% 3888 MHz:   0% 3948 MHz:   0% 3996 MHz:   0% 4044 MHz:   0% 4104 MHz:   0% 4416 MHz:   0% 4512 MHz:  30%)
CPU 12 idle residency:  38.42%
CPU 12 down residency:  30.98%
CPU 13 frequency: 4477 MHz
CPU 13 active residency:  33.55% (1260 MHz: .30% 1512 MHz:   0% 1800 MHz: .08% 2088 MHz:   0% 2352 MHz:   0% 2616 MHz:   0% 2868 MHz:   0% 3096 MHz:   0% 3300 MHz:   0% 3468 MHz:   0% 3624 MHz:   0% 3756 MHz:   0% 3828 MHz:   0% 3888 MHz:   0% 3948 MHz:   0% 3996 MHz:   0% 4044 MHz:   0% 4104 MHz:   0% 4416 MHz:   0% 4512 MHz:  33%)
CPU 13 idle residency:  35.49%
CPU 13 down residency:  30.96%
CPU 14 frequency: 4478 MHz
CPU 14 active residency:  32.40% (1260 MHz: .30% 1512 MHz:   0% 1800 MHz: .04% 2088 MHz:   0% 2352 MHz:   0% 2616 MHz:   0% 2868 MHz:   0% 3096 MHz:   0% 3300 MHz:   0% 3468 MHz:   0% 3624 MHz:   0% 3756 MHz:   0% 3828 MHz:   0% 3888 MHz:   0% 3948 MHz:   0% 3996 MHz:   0% 4044 MHz:   0% 4104 MHz:   0% 4416 MHz:   0% 4512 MHz:  32%)
CPU 14 idle residency:  36.65%
CPU 14 down residency:  30.95%
CPU 15 frequency: 4482 MHz
CPU 15 active residency:  33.56% (1260 MHz: .30% 1512 MHz:   0% 1800 MHz: .02% 2088 MHz:   0% 2352 MHz:   0% 2616 MHz:   0% 2868 MHz:   0% 3096 MHz:   0% 3300 MHz:   0% 3468 MHz:   0% 3624 MHz:   0% 3756 MHz:   0% 3828 MHz:   0% 3888 MHz:   0% 3948 MHz:   0% 3996 MHz:   0% 4044 MHz:   0% 4104 MHz:   0% 4416 MHz:   0% 4512 MHz:  33%)
CPU 15 idle residency:  35.45%
CPU 15 down residency:  30.98%

CPU Power: 6320 mW
GPU Power: 22292 mW
ANE Power: 0 mW
Combined Power (CPU + GPU + ANE): 28612 mW

**** GPU usage ****

GPU HW active frequency: 1578 MHz
GPU HW active residency: 100.00% (338 MHz:   0% 618 MHz:   0% 796 MHz:   0% 924 MHz:   0% 952 MHz:   0% 1056 MHz:   0% 1062 MHz:   0% 1182 MHz:   0% 1182 MHz:   0% 1312 MHz:   0% 1242 MHz:   0% 1380 MHz:   0% 1326 MHz:   0% 1470 MHz:   0% 1578 MHz: 100%)
GPU SW requested state: (P1 :   0% P2 :   0% P3 :   0% P4 :   0% P5 :   0% P6 :   0% P7 :   0% P8 :   0% P9 :   0% P10 : 100% P11 :   0% P12 :   0% P13 :   0% P14 :   0% P15 :   0%)
GPU SW state: (SW_P1 :   0% SW_P2 :   0% SW_P3 :   0% SW_P4 :   0% SW_P5 :   0% SW_P6 :   0% SW_P7 :   0% SW_P8 :   0% SW_P9 :   0% SW_P10 : 100% SW_P11 :   0% SW_P12 :   0% SW_P13 :   0% SW_P14 :   0% SW_P15 :   0%)
GPU idle residency:   0.00%
GPU Power: 22480 mW



*** Sampled system activity (Tue Jan 20 15:17:23 2026 +0100) (1020.03ms elapsed) ***


**** Processor usage ****

E-Cluster Online: 100%
E-Cluster HW active frequency: 2592 MHz
E-Cluster HW active residency:  61.87% (1020 MHz:   0% 1404 MHz:   0% 1788 MHz:   0% 2112 MHz:   0% 2352 MHz:   0% 2532 MHz: .00% 2592 MHz:  62%)
E-Cluster idle residency:  38.13%
E-Cluster down residency:   0.00%
CPU 0 frequency: 2592 MHz
CPU 0 active residency:  26.61% (1020 MHz:   0% 1404 MHz:   0% 1788 MHz:   0% 2112 MHz:   0% 2352 MHz:   0% 2532 MHz:   0% 2592 MHz:  27%)
CPU 0 idle residency:  73.39%
CPU 0 down residency:   0.00%
CPU 1 frequency: 2592 MHz
CPU 1 active residency:  11.95% (1020 MHz:   0% 1404 MHz:   0% 1788 MHz:   0% 2112 MHz:   0% 2352 MHz:   0% 2532 MHz:   0% 2592 MHz:  12%)
CPU 1 idle residency:  88.05%
CPU 1 down residency:   0.00%
CPU 2 frequency: 2592 MHz
CPU 2 active residency:   6.35% (1020 MHz:   0% 1404 MHz:   0% 1788 MHz:   0% 2112 MHz:   0% 2352 MHz:   0% 2532 MHz:   0% 2592 MHz: 6.3%)
CPU 2 idle residency:  93.65%
CPU 2 down residency:   0.00%
CPU 3 frequency: 2592 MHz
CPU 3 active residency:   6.13% (1020 MHz:   0% 1404 MHz:   0% 1788 MHz:   0% 2112 MHz:   0% 2352 MHz:   0% 2532 MHz:   0% 2592 MHz: 6.1%)
CPU 3 idle residency:  93.87%
CPU 3 down residency:   0.00%

P0-Cluster Online: 2%
P0-Cluster HW active frequency: 1260 MHz
P0-Cluster HW active residency:   0.30% (1260 MHz: .30% 1512 MHz:   0% 1800 MHz:   0% 2088 MHz:   0% 2352 MHz:   0% 2616 MHz:   0% 2868 MHz:   0% 3096 MHz:   0% 3300 MHz:   0% 3468 MHz:   0% 3624 MHz:   0% 3756 MHz:   0% 3828 MHz:   0% 3888 MHz:   0% 3948 MHz:   0% 3996 MHz:   0% 4044 MHz:   0% 4104 MHz:   0% 4416 MHz:   0% 4512 MHz:   0%)
P0-Cluster idle residency:   0.92%
P0-Cluster down residency:  98.78%
CPU 4 frequency: 0 MHz
CPU 4 active residency:   0.00% (1260 MHz:   0% 1512 MHz:   0% 1800 MHz:   0% 2088 MHz:   0% 2352 MHz:   0% 2616 MHz:   0% 2868 MHz:   0% 3096 MHz:   0% 3300 MHz:   0% 3468 MHz:   0% 3624 MHz:   0% 3756 MHz:   0% 3828 MHz:   0% 3888 MHz:   0% 3948 MHz:   0% 3996 MHz:   0% 4044 MHz:   0% 4104 MHz:   0% 4416 MHz:   0% 4512 MHz:   0%)
CPU 4 idle residency:   1.17%
CPU 4 down residency:  98.83%
CPU 5 frequency: 0 MHz
CPU 5 active residency:   0.00% (1260 MHz:   0% 1512 MHz:   0% 1800 MHz:   0% 2088 MHz:   0% 2352 MHz:   0% 2616 MHz:   0% 2868 MHz:   0% 3096 MHz:   0% 3300 MHz:   0% 3468 MHz:   0% 3624 MHz:   0% 3756 MHz:   0% 3828 MHz:   0% 3888 MHz:   0% 3948 MHz:   0% 3996 MHz:   0% 4044 MHz:   0% 4104 MHz:   0% 4416 MHz:   0% 4512 MHz:   0%)
CPU 5 idle residency:   1.17%
CPU 5 down residency:  98.83%
CPU 6 frequency: 0 MHz
CPU 6 active residency:   0.00% (1260 MHz:   0% 1512 MHz:   0% 1800 MHz:   0% 2088 MHz:   0% 2352 MHz:   0% 2616 MHz:   0% 2868 MHz:   0% 3096 MHz:   0% 3300 MHz:   0% 3468 MHz:   0% 3624 MHz:   0% 3756 MHz:   0% 3828 MHz:   0% 3888 MHz:   0% 3948 MHz:   0% 3996 MHz:   0% 4044 MHz:   0% 4104 MHz:   0% 4416 MHz:   0% 4512 MHz:   0%)
CPU 6 idle residency:   1.17%
CPU 6 down residency:  98.83%
CPU 7 frequency: 0 MHz
CPU 7 active residency:   0.00% (1260 MHz:   0% 1512 MHz:   0% 1800 MHz:   0% 2088 MHz:   0% 2352 MHz:   0% 2616 MHz:   0% 2868 MHz:   0% 3096 MHz:   0% 3300 MHz:   0% 3468 MHz:   0% 3624 MHz:   0% 3756 MHz:   0% 3828 MHz:   0% 3888 MHz:   0% 3948 MHz:   0% 3996 MHz:   0% 4044 MHz:   0% 4104 MHz:   0% 4416 MHz:   0% 4512 MHz:   0%)
CPU 7 idle residency:   1.17%
CPU 7 down residency:  98.83%
CPU 8 frequency: 0 MHz
CPU 8 active residency:   0.00% (1260 MHz:   0% 1512 MHz:   0% 1800 MHz:   0% 2088 MHz:   0% 2352 MHz:   0% 2616 MHz:   0% 2868 MHz:   0% 3096 MHz:   0% 3300 MHz:   0% 3468 MHz:   0% 3624 MHz:   0% 3756 MHz:   0% 3828 MHz:   0% 3888 MHz:   0% 3948 MHz:   0% 3996 MHz:   0% 4044 MHz:   0% 4104 MHz:   0% 4416 MHz:   0% 4512 MHz:   0%)
CPU 8 idle residency:   1.17%
CPU 8 down residency:  98.83%
CPU 9 frequency: 0 MHz
CPU 9 active residency:   0.00% (1260 MHz:   0% 1512 MHz:   0% 1800 MHz:   0% 2088 MHz:   0% 2352 MHz:   0% 2616 MHz:   0% 2868 MHz:   0% 3096 MHz:   0% 3300 MHz:   0% 3468 MHz:   0% 3624 MHz:   0% 3756 MHz:   0% 3828 MHz:   0% 3888 MHz:   0% 3948 MHz:   0% 3996 MHz:   0% 4044 MHz:   0% 4104 MHz:   0% 4416 MHz:   0% 4512 MHz:   0%)
CPU 9 idle residency:   1.17%
CPU 9 down residency:  98.83%

P1-Cluster HW active frequency: 4036 MHz
P1-Cluster HW active residency:  98.75% (1260 MHz:   0% 1512 MHz:   0% 1800 MHz:   0% 2088 MHz:   0% 2352 MHz:   0% 2616 MHz:   0% 2868 MHz:   0% 3096 MHz:   0% 3300 MHz:   0% 3468 MHz:   0% 3624 MHz:   0% 3756 MHz:   0% 3828 MHz:   0% 3888 MHz: 5.7% 3948 MHz:  57% 3996 MHz:  13% 4044 MHz: 8.7% 4104 MHz:   0% 4416 MHz: 5.2% 4512 MHz: 9.0%)
P1-Cluster idle residency:   1.25%
P1-Cluster down residency:   0.00%
CPU 10 frequency: 4512 MHz
CPU 10 active residency:  57.15% (1260 MHz:   0% 1512 MHz:   0% 1800 MHz:   0% 2088 MHz:   0% 2352 MHz:   0% 2616 MHz:   0% 2868 MHz:   0% 3096 MHz:   0% 3300 MHz:   0% 3468 MHz:   0% 3624 MHz:   0% 3756 MHz:   0% 3828 MHz:   0% 3888 MHz:   0% 3948 MHz:   0% 3996 MHz:   0% 4044 MHz:   0% 4104 MHz:   0% 4416 MHz:   0% 4512 MHz:  57%)
CPU 10 idle residency:  42.85%
CPU 10 down residency:   0.00%
CPU 11 frequency: 4512 MHz
CPU 11 active residency:  38.94% (1260 MHz:   0% 1512 MHz:   0% 1800 MHz:   0% 2088 MHz:   0% 2352 MHz:   0% 2616 MHz:   0% 2868 MHz:   0% 3096 MHz:   0% 3300 MHz:   0% 3468 MHz:   0% 3624 MHz:   0% 3756 MHz:   0% 3828 MHz:   0% 3888 MHz:   0% 3948 MHz:   0% 3996 MHz:   0% 4044 MHz:   0% 4104 MHz:   0% 4416 MHz:   0% 4512 MHz:  39%)
CPU 11 idle residency:  61.06%
CPU 11 down residency:   0.00%
CPU 12 frequency: 4512 MHz
CPU 12 active residency:  48.61% (1260 MHz:   0% 1512 MHz:   0% 1800 MHz:   0% 2088 MHz:   0% 2352 MHz:   0% 2616 MHz:   0% 2868 MHz:   0% 3096 MHz:   0% 3300 MHz:   0% 3468 MHz:   0% 3624 MHz:   0% 3756 MHz:   0% 3828 MHz:   0% 3888 MHz:   0% 3948 MHz:   0% 3996 MHz:   0% 4044 MHz:   0% 4104 MHz:   0% 4416 MHz:   0% 4512 MHz:  49%)
CPU 12 idle residency:  51.39%
CPU 12 down residency:   0.00%
CPU 13 frequency: 4512 MHz
CPU 13 active residency:  43.37% (1260 MHz:   0% 1512 MHz:   0% 1800 MHz:   0% 2088 MHz:   0% 2352 MHz:   0% 2616 MHz:   0% 2868 MHz:   0% 3096 MHz:   0% 3300 MHz:   0% 3468 MHz:   0% 3624 MHz:   0% 3756 MHz:   0% 3828 MHz:   0% 3888 MHz:   0% 3948 MHz:   0% 3996 MHz:   0% 4044 MHz:   0% 4104 MHz:   0% 4416 MHz:   0% 4512 MHz:  43%)
CPU 13 idle residency:  56.63%
CPU 13 down residency:   0.00%
CPU 14 frequency: 4512 MHz
CPU 14 active residency:  51.18% (1260 MHz:   0% 1512 MHz:   0% 1800 MHz:   0% 2088 MHz:   0% 2352 MHz:   0% 2616 MHz:   0% 2868 MHz:   0% 3096 MHz:   0% 3300 MHz:   0% 3468 MHz:   0% 3624 MHz:   0% 3756 MHz:   0% 3828 MHz:   0% 3888 MHz:   0% 3948 MHz:   0% 3996 MHz:   0% 4044 MHz:   0% 4104 MHz:   0% 4416 MHz:   0% 4512 MHz:  51%)
CPU 14 idle residency:  48.82%
CPU 14 down residency:   0.00%
CPU 15 frequency: 4512 MHz
CPU 15 active residency:  27.72% (1260 MHz:   0% 1512 MHz:   0% 1800 MHz:   0% 2088 MHz:   0% 2352 MHz:   0% 2616 MHz:   0% 2868 MHz:   0% 3096 MHz:   0% 3300 MHz:   0% 3468 MHz:   0% 3624 MHz:   0% 3756 MHz:   0% 3828 MHz:   0% 3888 MHz:   0% 3948 MHz:   0% 3996 MHz:   0% 4044 MHz:   0% 4104 MHz:   0% 4416 MHz:   0% 4512 MHz:  28%)
CPU 15 idle residency:  72.28%
CPU 15 down residency:   0.00%

CPU Power: 6152 mW
GPU Power: 22794 mW
ANE Power: 0 mW
Combined Power (CPU + GPU + ANE): 28946 mW

**** GPU usage ****

GPU HW active frequency: 1578 MHz
GPU HW active residency: 100.00% (338 MHz:   0% 618 MHz:   0% 796 MHz:   0% 924 MHz:   0% 952 MHz:   0% 1056 MHz:   0% 1062 MHz:   0% 1182 MHz:   0% 1182 MHz:   0% 1312 MHz:   0% 1242 MHz:   0% 1380 MHz:   0% 1326 MHz:   0% 1470 MHz:   0% 1578 MHz: 100%)
GPU SW requested state: (P1 :   0% P2 :   0% P3 :   0% P4 :   0% P5 :   0% P6 :   0% P7 :   0% P8 :   0% P9 :   0% P10 : 100% P11 :   0% P12 :   0% P13 :   0% P14 :   0% P15 :   0%)
GPU SW state: (SW_P1 :   0% SW_P2 :   0% SW_P3 :   0% SW_P4 :   0% SW_P5 :   0% SW_P6 :   0% SW_P7 :   0% SW_P8 :   0% SW_P9 :   0% SW_P10 : 100% SW_P11 :   0% SW_P12 :   0% SW_P13 :   0% SW_P14 :   0% SW_P15 :   0%)
GPU idle residency:   0.00%
GPU Power: 22793 mW



*** Sampled system activity (Tue Jan 20 15:17:24 2026 +0100) (1020.82ms elapsed) ***


**** Processor usage ****

E-Cluster Online: 100%
E-Cluster HW active frequency: 2566 MHz
E-Cluster HW active residency:  66.97% (1020 MHz: .44% 1404 MHz: .43% 1788 MHz: .40% 2112 MHz: .32% 2352 MHz: .20% 2532 MHz: .26% 2592 MHz:  65%)
E-Cluster idle residency:  33.03%
E-Cluster down residency:   0.00%
CPU 0 frequency: 2561 MHz
CPU 0 active residency:  31.08% (1020 MHz: .23% 1404 MHz: .27% 1788 MHz: .19% 2112 MHz: .25% 2352 MHz: .06% 2532 MHz: .14% 2592 MHz:  30%)
CPU 0 idle residency:  68.92%
CPU 0 down residency:   0.00%
CPU 1 frequency: 2551 MHz
CPU 1 active residency:  16.81% (1020 MHz: .13% 1404 MHz: .23% 1788 MHz: .18% 2112 MHz: .15% 2352 MHz: .02% 2532 MHz: .05% 2592 MHz:  16%)
CPU 1 idle residency:  83.19%
CPU 1 down residency:   0.00%
CPU 2 frequency: 2547 MHz
CPU 2 active residency:   8.92% (1020 MHz: .06% 1404 MHz: .16% 1788 MHz: .07% 2112 MHz: .10% 2352 MHz: .01% 2532 MHz: .03% 2592 MHz: 8.5%)
CPU 2 idle residency:  91.08%
CPU 2 down residency:   0.00%
CPU 3 frequency: 2544 MHz
CPU 3 active residency:   6.32% (1020 MHz: .04% 1404 MHz: .09% 1788 MHz: .13% 2112 MHz: .06% 2352 MHz: .00% 2532 MHz: .00% 2592 MHz: 6.0%)
CPU 3 idle residency:  93.68%
CPU 3 down residency:   0.00%

P0-Cluster Online: 19%
P0-Cluster HW active frequency: 3269 MHz
P0-Cluster HW active residency:  10.67% (1260 MHz: 2.5% 1512 MHz: .24% 1800 MHz: .42% 2088 MHz: .56% 2352 MHz:   0% 2616 MHz: .01% 2868 MHz:   0% 3096 MHz:   0% 3300 MHz:   0% 3468 MHz:   0% 3624 MHz:   0% 3756 MHz:   0% 3828 MHz:   0% 3888 MHz: .03% 3948 MHz: .14% 3996 MHz: .21% 4044 MHz: 3.9% 4104 MHz:   0% 4416 MHz: .60% 4512 MHz: 2.2%)
P0-Cluster idle residency:   6.35%
P0-Cluster down residency:  82.97%
CPU 4 frequency: 4449 MHz
CPU 4 active residency:  15.61% (1260 MHz: .20% 1512 MHz: .05% 1800 MHz: .07% 2088 MHz: .00% 2352 MHz:   0% 2616 MHz: .00% 2868 MHz:   0% 3096 MHz:   0% 3300 MHz:   0% 3468 MHz:   0% 3624 MHz:   0% 3756 MHz:   0% 3828 MHz:   0% 3888 MHz:   0% 3948 MHz:   0% 3996 MHz:   0% 4044 MHz:   0% 4104 MHz:   0% 4416 MHz:   0% 4512 MHz:  15%)
CPU 4 idle residency:  13.55%
CPU 4 down residency:  70.84%
CPU 5 frequency: 4437 MHz
CPU 5 active residency:  12.26% (1260 MHz: .22% 1512 MHz: .01% 1800 MHz: .05% 2088 MHz: .00% 2352 MHz:   0% 2616 MHz: .01% 2868 MHz:   0% 3096 MHz:   0% 3300 MHz:   0% 3468 MHz:   0% 3624 MHz:   0% 3756 MHz:   0% 3828 MHz:   0% 3888 MHz:   0% 3948 MHz:   0% 3996 MHz:   0% 4044 MHz:   0% 4104 MHz:   0% 4416 MHz:   0% 4512 MHz:  12%)
CPU 5 idle residency:  10.72%
CPU 5 down residency:  77.03%
CPU 6 frequency: 4450 MHz
CPU 6 active residency:  11.66% (1260 MHz: .20% 1512 MHz: .00% 1800 MHz: .02% 2088 MHz:   0% 2352 MHz:   0% 2616 MHz: .00% 2868 MHz:   0% 3096 MHz:   0% 3300 MHz:   0% 3468 MHz:   0% 3624 MHz:   0% 3756 MHz:   0% 3828 MHz:   0% 3888 MHz:   0% 3948 MHz:   0% 3996 MHz:   0% 4044 MHz:   0% 4104 MHz:   0% 4416 MHz:   0% 4512 MHz:  11%)
CPU 6 idle residency:  14.88%
CPU 6 down residency:  73.45%
CPU 7 frequency: 3460 MHz
CPU 7 active residency:   0.75% (1260 MHz: .23% 1512 MHz: .00% 1800 MHz: .02% 2088 MHz:   0% 2352 MHz:   0% 2616 MHz:   0% 2868 MHz:   0% 3096 MHz:   0% 3300 MHz:   0% 3468 MHz:   0% 3624 MHz:   0% 3756 MHz:   0% 3828 MHz:   0% 3888 MHz:   0% 3948 MHz:   0% 3996 MHz:   0% 4044 MHz:   0% 4104 MHz:   0% 4416 MHz:   0% 4512 MHz: .51%)
CPU 7 idle residency:  16.66%
CPU 7 down residency:  82.58%
CPU 8 frequency: 4080 MHz
CPU 8 active residency:   5.11% (1260 MHz: .23% 1512 MHz: .06% 1800 MHz: .47% 2088 MHz: .00% 2352 MHz:   0% 2616 MHz: .01% 2868 MHz:   0% 3096 MHz:   0% 3300 MHz:   0% 3468 MHz:   0% 3624 MHz:   0% 3756 MHz:   0% 3828 MHz:   0% 3888 MHz:   0% 3948 MHz:   0% 3996 MHz:   0% 4044 MHz:   0% 4104 MHz:   0% 4416 MHz:   0% 4512 MHz: 4.3%)
CPU 8 idle residency:  14.78%
CPU 8 down residency:  80.11%
CPU 9 frequency: 4446 MHz
CPU 9 active residency:  10.57% (1260 MHz: .20% 1512 MHz: .00% 1800 MHz: .01% 2088 MHz:   0% 2352 MHz:   0% 2616 MHz:   0% 2868 MHz:   0% 3096 MHz:   0% 3300 MHz:   0% 3468 MHz:   0% 3624 MHz:   0% 3756 MHz:   0% 3828 MHz:   0% 3888 MHz:   0% 3948 MHz:   0% 3996 MHz:   0% 4044 MHz:   0% 4104 MHz:   0% 4416 MHz:   0% 4512 MHz:  10%)
CPU 9 idle residency:  15.06%
CPU 9 down residency:  74.38%

P1-Cluster HW active frequency: 4035 MHz
P1-Cluster HW active residency:  98.73% (1260 MHz:   0% 1512 MHz:   0% 1800 MHz:   0% 2088 MHz:   0% 2352 MHz:   0% 2616 MHz:   0% 2868 MHz:   0% 3096 MHz:   0% 3300 MHz:   0% 3468 MHz:   0% 3624 MHz:   0% 3756 MHz:   0% 3828 MHz:   0% 3888 MHz: 9.6% 3948 MHz:  52% 3996 MHz:  13% 4044 MHz: 9.8% 4104 MHz:   0% 4416 MHz: 5.2% 4512 MHz: 9.1%)
P1-Cluster idle residency:   1.27%
P1-Cluster down residency:   0.00%
CPU 10 frequency: 4512 MHz
CPU 10 active residency:  54.08% (1260 MHz:   0% 1512 MHz:   0% 1800 MHz:   0% 2088 MHz:   0% 2352 MHz:   0% 2616 MHz:   0% 2868 MHz:   0% 3096 MHz:   0% 3300 MHz:   0% 3468 MHz:   0% 3624 MHz:   0% 3756 MHz:   0% 3828 MHz:   0% 3888 MHz:   0% 3948 MHz:   0% 3996 MHz:   0% 4044 MHz:   0% 4104 MHz:   0% 4416 MHz:   0% 4512 MHz:  54%)
CPU 10 idle residency:  45.92%
CPU 10 down residency:   0.00%
CPU 11 frequency: 4512 MHz
CPU 11 active residency:  50.30% (1260 MHz:   0% 1512 MHz:   0% 1800 MHz:   0% 2088 MHz:   0% 2352 MHz:   0% 2616 MHz:   0% 2868 MHz:   0% 3096 MHz:   0% 3300 MHz:   0% 3468 MHz:   0% 3624 MHz:   0% 3756 MHz:   0% 3828 MHz:   0% 3888 MHz:   0% 3948 MHz:   0% 3996 MHz:   0% 4044 MHz:   0% 4104 MHz:   0% 4416 MHz:   0% 4512 MHz:  50%)
CPU 11 idle residency:  49.70%
CPU 11 down residency:   0.00%
CPU 12 frequency: 4512 MHz
CPU 12 active residency:  55.85% (1260 MHz:   0% 1512 MHz:   0% 1800 MHz:   0% 2088 MHz:   0% 2352 MHz:   0% 2616 MHz:   0% 2868 MHz:   0% 3096 MHz:   0% 3300 MHz:   0% 3468 MHz:   0% 3624 MHz:   0% 3756 MHz:   0% 3828 MHz:   0% 3888 MHz:   0% 3948 MHz:   0% 3996 MHz:   0% 4044 MHz:   0% 4104 MHz:   0% 4416 MHz:   0% 4512 MHz:  56%)
CPU 12 idle residency:  44.15%
CPU 12 down residency:   0.00%
CPU 13 frequency: 4512 MHz
CPU 13 active residency:  34.97% (1260 MHz:   0% 1512 MHz:   0% 1800 MHz:   0% 2088 MHz:   0% 2352 MHz:   0% 2616 MHz:   0% 2868 MHz:   0% 3096 MHz:   0% 3300 MHz:   0% 3468 MHz:   0% 3624 MHz:   0% 3756 MHz:   0% 3828 MHz:   0% 3888 MHz:   0% 3948 MHz:   0% 3996 MHz:   0% 4044 MHz:   0% 4104 MHz:   0% 4416 MHz:   0% 4512 MHz:  35%)
CPU 13 idle residency:  65.03%
CPU 13 down residency:   0.00%
CPU 14 frequency: 4512 MHz
CPU 14 active residency:  34.33% (1260 MHz:   0% 1512 MHz:   0% 1800 MHz:   0% 2088 MHz:   0% 2352 MHz:   0% 2616 MHz:   0% 2868 MHz:   0% 3096 MHz:   0% 3300 MHz:   0% 3468 MHz:   0% 3624 MHz:   0% 3756 MHz:   0% 3828 MHz:   0% 3888 MHz:   0% 3948 MHz:   0% 3996 MHz:   0% 4044 MHz:   0% 4104 MHz:   0% 4416 MHz:   0% 4512 MHz:  34%)
CPU 14 idle residency:  65.67%
CPU 14 down residency:   0.00%
CPU 15 frequency: 4512 MHz
CPU 15 active residency:  42.64% (1260 MHz:   0% 1512 MHz:   0% 1800 MHz:   0% 2088 MHz:   0% 2352 MHz:   0% 2616 MHz:   0% 2868 MHz:   0% 3096 MHz:   0% 3300 MHz:   0% 3468 MHz:   0% 3624 MHz:   0% 3756 MHz:   0% 3828 MHz:   0% 3888 MHz:   0% 3948 MHz:   0% 3996 MHz:   0% 4044 MHz:   0% 4104 MHz:   0% 4416 MHz:   0% 4512 MHz:  43%)
CPU 15 idle residency:  57.36%
CPU 15 down residency:   0.00%

CPU Power: 6917 mW
GPU Power: 22632 mW
ANE Power: 0 mW
Combined Power (CPU + GPU + ANE): 29549 mW

**** GPU usage ****

GPU HW active frequency: 1578 MHz
GPU HW active residency: 100.00% (338 MHz:   0% 618 MHz:   0% 796 MHz:   0% 924 MHz:   0% 952 MHz:   0% 1056 MHz:   0% 1062 MHz:   0% 1182 MHz:   0% 1182 MHz:   0% 1312 MHz:   0% 1242 MHz:   0% 1380 MHz:   0% 1326 MHz:   0% 1470 MHz:   0% 1578 MHz: 100%)
GPU SW requested state: (P1 :   0% P2 :   0% P3 :   0% P4 :   0% P5 :   0% P6 :   0% P7 :   0% P8 :   0% P9 :   0% P10 : 100% P11 :   0% P12 :   0% P13 :   0% P14 :   0% P15 :   0%)
GPU SW state: (SW_P1 :   0% SW_P2 :   0% SW_P3 :   0% SW_P4 :   0% SW_P5 :   0% SW_P6 :   0% SW_P7 :   0% SW_P8 :   0% SW_P9 :   0% SW_P10 : 100% SW_P11 :   0% SW_P12 :   0% SW_P13 :   0% SW_P14 :   0% SW_P15 :   0%)
GPU idle residency:   0.00%
GPU Power: 22634 mW



*** Sampled system activity (Tue Jan 20 15:17:25 2026 +0100) (1018.49ms elapsed) ***


**** Processor usage ****

E-Cluster Online: 100%
E-Cluster HW active frequency: 2592 MHz
E-Cluster HW active residency:  61.88% (1020 MHz:   0% 1404 MHz:   0% 1788 MHz:   0% 2112 MHz:   0% 2352 MHz:   0% 2532 MHz: .00% 2592 MHz:  62%)
E-Cluster idle residency:  38.12%
E-Cluster down residency:   0.00%
CPU 0 frequency: 2592 MHz
CPU 0 active residency:  26.41% (1020 MHz:   0% 1404 MHz:   0% 1788 MHz:   0% 2112 MHz:   0% 2352 MHz:   0% 2532 MHz:   0% 2592 MHz:  26%)
CPU 0 idle residency:  73.59%
CPU 0 down residency:   0.00%
CPU 1 frequency: 2592 MHz
CPU 1 active residency:  11.59% (1020 MHz:   0% 1404 MHz:   0% 1788 MHz:   0% 2112 MHz:   0% 2352 MHz:   0% 2532 MHz:   0% 2592 MHz:  12%)
CPU 1 idle residency:  88.41%
CPU 1 down residency:   0.00%
CPU 2 frequency: 2592 MHz
CPU 2 active residency:   6.19% (1020 MHz:   0% 1404 MHz:   0% 1788 MHz:   0% 2112 MHz:   0% 2352 MHz:   0% 2532 MHz:   0% 2592 MHz: 6.2%)
CPU 2 idle residency:  93.81%
CPU 2 down residency:   0.00%
CPU 3 frequency: 2592 MHz
CPU 3 active residency:   4.61% (1020 MHz:   0% 1404 MHz:   0% 1788 MHz:   0% 2112 MHz:   0% 2352 MHz:   0% 2532 MHz:   0% 2592 MHz: 4.6%)
CPU 3 idle residency:  95.39%
CPU 3 down residency:   0.00%

P0-Cluster Online: 5%
P0-Cluster HW active frequency: 1664 MHz
P0-Cluster HW active residency:   1.23% (1260 MHz: 1.1% 1512 MHz:   0% 1800 MHz:   0% 2088 MHz:   0% 2352 MHz:   0% 2616 MHz:   0% 2868 MHz:   0% 3096 MHz:   0% 3300 MHz:   0% 3468 MHz:   0% 3624 MHz:   0% 3756 MHz:   0% 3828 MHz:   0% 3888 MHz:   0% 3948 MHz:   0% 3996 MHz:   0% 4044 MHz: .11% 4104 MHz:   0% 4416 MHz:   0% 4512 MHz: .06%)
P0-Cluster idle residency:   4.33%
P0-Cluster down residency:  94.44%
CPU 4 frequency: 4512 MHz
CPU 4 active residency:   0.00% (1260 MHz:   0% 1512 MHz:   0% 1800 MHz:   0% 2088 MHz:   0% 2352 MHz:   0% 2616 MHz:   0% 2868 MHz:   0% 3096 MHz:   0% 3300 MHz:   0% 3468 MHz:   0% 3624 MHz:   0% 3756 MHz:   0% 3828 MHz:   0% 3888 MHz:   0% 3948 MHz:   0% 3996 MHz:   0% 4044 MHz:   0% 4104 MHz:   0% 4416 MHz:   0% 4512 MHz: .00%)
CPU 4 idle residency:   5.40%
CPU 4 down residency:  94.59%
CPU 5 frequency: 4455 MHz
CPU 5 active residency:   0.02% (1260 MHz: .00% 1512 MHz:   0% 1800 MHz:   0% 2088 MHz:   0% 2352 MHz:   0% 2616 MHz:   0% 2868 MHz:   0% 3096 MHz:   0% 3300 MHz:   0% 3468 MHz:   0% 3624 MHz:   0% 3756 MHz:   0% 3828 MHz:   0% 3888 MHz:   0% 3948 MHz:   0% 3996 MHz:   0% 4044 MHz:   0% 4104 MHz:   0% 4416 MHz:   0% 4512 MHz: .02%)
CPU 5 idle residency:   5.39%
CPU 5 down residency:  94.59%
CPU 6 frequency: 0 MHz
CPU 6 active residency:   0.00% (1260 MHz:   0% 1512 MHz:   0% 1800 MHz:   0% 2088 MHz:   0% 2352 MHz:   0% 2616 MHz:   0% 2868 MHz:   0% 3096 MHz:   0% 3300 MHz:   0% 3468 MHz:   0% 3624 MHz:   0% 3756 MHz:   0% 3828 MHz:   0% 3888 MHz:   0% 3948 MHz:   0% 3996 MHz:   0% 4044 MHz:   0% 4104 MHz:   0% 4416 MHz:   0% 4512 MHz:   0%)
CPU 6 idle residency:   5.41%
CPU 6 down residency:  94.59%
CPU 7 frequency: 0 MHz
CPU 7 active residency:   0.00% (1260 MHz:   0% 1512 MHz:   0% 1800 MHz:   0% 2088 MHz:   0% 2352 MHz:   0% 2616 MHz:   0% 2868 MHz:   0% 3096 MHz:   0% 3300 MHz:   0% 3468 MHz:   0% 3624 MHz:   0% 3756 MHz:   0% 3828 MHz:   0% 3888 MHz:   0% 3948 MHz:   0% 3996 MHz:   0% 4044 MHz:   0% 4104 MHz:   0% 4416 MHz:   0% 4512 MHz:   0%)
CPU 7 idle residency:   5.41%
CPU 7 down residency:  94.59%
CPU 8 frequency: 0 MHz
CPU 8 active residency:   0.00% (1260 MHz:   0% 1512 MHz:   0% 1800 MHz:   0% 2088 MHz:   0% 2352 MHz:   0% 2616 MHz:   0% 2868 MHz:   0% 3096 MHz:   0% 3300 MHz:   0% 3468 MHz:   0% 3624 MHz:   0% 3756 MHz:   0% 3828 MHz:   0% 3888 MHz:   0% 3948 MHz:   0% 3996 MHz:   0% 4044 MHz:   0% 4104 MHz:   0% 4416 MHz:   0% 4512 MHz:   0%)
CPU 8 idle residency:   5.40%
CPU 8 down residency:  94.60%
CPU 9 frequency: 0 MHz
CPU 9 active residency:   0.00% (1260 MHz:   0% 1512 MHz:   0% 1800 MHz:   0% 2088 MHz:   0% 2352 MHz:   0% 2616 MHz:   0% 2868 MHz:   0% 3096 MHz:   0% 3300 MHz:   0% 3468 MHz:   0% 3624 MHz:   0% 3756 MHz:   0% 3828 MHz:   0% 3888 MHz:   0% 3948 MHz:   0% 3996 MHz:   0% 4044 MHz:   0% 4104 MHz:   0% 4416 MHz:   0% 4512 MHz:   0%)
CPU 9 idle residency:   5.41%
CPU 9 down residency:  94.59%

P1-Cluster HW active frequency: 4044 MHz
P1-Cluster HW active residency:  98.33% (1260 MHz:   0% 1512 MHz:   0% 1800 MHz:   0% 2088 MHz:   0% 2352 MHz:   0% 2616 MHz:   0% 2868 MHz:   0% 3096 MHz:   0% 3300 MHz:   0% 3468 MHz:   0% 3624 MHz:   0% 3756 MHz:   0% 3828 MHz:   0% 3888 MHz: 8.2% 3948 MHz:  55% 3996 MHz:  11% 4044 MHz: 8.7% 4104 MHz:   0% 4416 MHz: 5.2% 4512 MHz:  11%)
P1-Cluster idle residency:   1.67%
P1-Cluster down residency:   0.00%
CPU 10 frequency: 4512 MHz
CPU 10 active residency:  58.21% (1260 MHz:   0% 1512 MHz:   0% 1800 MHz:   0% 2088 MHz:   0% 2352 MHz:   0% 2616 MHz:   0% 2868 MHz:   0% 3096 MHz:   0% 3300 MHz:   0% 3468 MHz:   0% 3624 MHz:   0% 3756 MHz:   0% 3828 MHz:   0% 3888 MHz:   0% 3948 MHz:   0% 3996 MHz:   0% 4044 MHz:   0% 4104 MHz:   0% 4416 MHz:   0% 4512 MHz:  58%)
CPU 10 idle residency:  41.79%
CPU 10 down residency:   0.00%
CPU 11 frequency: 4512 MHz
CPU 11 active residency:  48.98% (1260 MHz:   0% 1512 MHz:   0% 1800 MHz:   0% 2088 MHz:   0% 2352 MHz:   0% 2616 MHz:   0% 2868 MHz:   0% 3096 MHz:   0% 3300 MHz:   0% 3468 MHz:   0% 3624 MHz:   0% 3756 MHz:   0% 3828 MHz:   0% 3888 MHz:   0% 3948 MHz:   0% 3996 MHz:   0% 4044 MHz:   0% 4104 MHz:   0% 4416 MHz:   0% 4512 MHz:  49%)
CPU 11 idle residency:  51.02%
CPU 11 down residency:   0.00%
CPU 12 frequency: 4512 MHz
CPU 12 active residency:  35.72% (1260 MHz:   0% 1512 MHz:   0% 1800 MHz:   0% 2088 MHz:   0% 2352 MHz:   0% 2616 MHz:   0% 2868 MHz:   0% 3096 MHz:   0% 3300 MHz:   0% 3468 MHz:   0% 3624 MHz:   0% 3756 MHz:   0% 3828 MHz:   0% 3888 MHz:   0% 3948 MHz:   0% 3996 MHz:   0% 4044 MHz:   0% 4104 MHz:   0% 4416 MHz:   0% 4512 MHz:  36%)
CPU 12 idle residency:  64.28%
CPU 12 down residency:   0.00%
CPU 13 frequency: 4512 MHz
CPU 13 active residency:  35.48% (1260 MHz:   0% 1512 MHz:   0% 1800 MHz:   0% 2088 MHz:   0% 2352 MHz:   0% 2616 MHz:   0% 2868 MHz:   0% 3096 MHz:   0% 3300 MHz:   0% 3468 MHz:   0% 3624 MHz:   0% 3756 MHz:   0% 3828 MHz:   0% 3888 MHz:   0% 3948 MHz:   0% 3996 MHz:   0% 4044 MHz:   0% 4104 MHz:   0% 4416 MHz:   0% 4512 MHz:  35%)
CPU 13 idle residency:  64.52%
CPU 13 down residency:   0.00%
CPU 14 frequency: 4512 MHz
CPU 14 active residency:  40.48% (1260 MHz:   0% 1512 MHz:   0% 1800 MHz:   0% 2088 MHz:   0% 2352 MHz:   0% 2616 MHz:   0% 2868 MHz:   0% 3096 MHz:   0% 3300 MHz:   0% 3468 MHz:   0% 3624 MHz:   0% 3756 MHz:   0% 3828 MHz:   0% 3888 MHz:   0% 3948 MHz:   0% 3996 MHz:   0% 4044 MHz:   0% 4104 MHz:   0% 4416 MHz:   0% 4512 MHz:  40%)
CPU 14 idle residency:  59.52%
CPU 14 down residency:   0.00%
CPU 15 frequency: 4512 MHz
CPU 15 active residency:  50.83% (1260 MHz:   0% 1512 MHz:   0% 1800 MHz:   0% 2088 MHz:   0% 2352 MHz:   0% 2616 MHz:   0% 2868 MHz:   0% 3096 MHz:   0% 3300 MHz:   0% 3468 MHz:   0% 3624 MHz:   0% 3756 MHz:   0% 3828 MHz:   0% 3888 MHz:   0% 3948 MHz:   0% 3996 MHz:   0% 4044 MHz:   0% 4104 MHz:   0% 4416 MHz:   0% 4512 MHz:  51%)
CPU 15 idle residency:  49.17%
CPU 15 down residency:   0.00%

CPU Power: 6161 mW
GPU Power: 22905 mW
ANE Power: 0 mW
Combined Power (CPU + GPU + ANE): 29067 mW

**** GPU usage ****

GPU HW active frequency: 1578 MHz
GPU HW active residency: 100.00% (338 MHz:   0% 618 MHz:   0% 796 MHz:   0% 924 MHz:   0% 952 MHz:   0% 1056 MHz:   0% 1062 MHz:   0% 1182 MHz:   0% 1182 MHz:   0% 1312 MHz:   0% 1242 MHz:   0% 1380 MHz:   0% 1326 MHz:   0% 1470 MHz:   0% 1578 MHz: 100%)
GPU SW requested state: (P1 :   0% P2 :   0% P3 :   0% P4 :   0% P5 :   0% P6 :   0% P7 :   0% P8 :   0% P9 :   0% P10 : 100% P11 :   0% P12 :   0% P13 :   0% P14 :   0% P15 :   0%)
GPU SW state: (SW_P1 :   0% SW_P2 :   0% SW_P3 :   0% SW_P4 :   0% SW_P5 :   0% SW_P6 :   0% SW_P7 :   0% SW_P8 :   0% SW_P9 :   0% SW_P10 : 100% SW_P11 :   0% SW_P12 :   0% SW_P13 :   0% SW_P14 :   0% SW_P15 :   0%)
GPU idle residency:   0.00%
GPU Power: 22902 mW



*** Sampled system activity (Tue Jan 20 15:17:26 2026 +0100) (1021.40ms elapsed) ***


**** Processor usage ****

E-Cluster Online: 100%
E-Cluster HW active frequency: 2592 MHz
E-Cluster HW active residency:  64.88% (1020 MHz:   0% 1404 MHz:   0% 1788 MHz:   0% 2112 MHz:   0% 2352 MHz:   0% 2532 MHz: .00% 2592 MHz:  65%)
E-Cluster idle residency:  35.12%
E-Cluster down residency:   0.00%
CPU 0 frequency: 2592 MHz
CPU 0 active residency:  29.75% (1020 MHz:   0% 1404 MHz:   0% 1788 MHz:   0% 2112 MHz:   0% 2352 MHz:   0% 2532 MHz:   0% 2592 MHz:  30%)
CPU 0 idle residency:  70.25%
CPU 0 down residency:   0.00%
CPU 1 frequency: 2592 MHz
CPU 1 active residency:  14.53% (1020 MHz:   0% 1404 MHz:   0% 1788 MHz:   0% 2112 MHz:   0% 2352 MHz:   0% 2532 MHz:   0% 2592 MHz:  15%)
CPU 1 idle residency:  85.47%
CPU 1 down residency:   0.00%
CPU 2 frequency: 2592 MHz
CPU 2 active residency:   7.10% (1020 MHz:   0% 1404 MHz:   0% 1788 MHz:   0% 2112 MHz:   0% 2352 MHz:   0% 2532 MHz:   0% 2592 MHz: 7.1%)
CPU 2 idle residency:  92.90%
CPU 2 down residency:   0.00%
CPU 3 frequency: 2592 MHz
CPU 3 active residency:   4.31% (1020 MHz:   0% 1404 MHz:   0% 1788 MHz:   0% 2112 MHz:   0% 2352 MHz:   0% 2532 MHz:   0% 2592 MHz: 4.3%)
CPU 3 idle residency:  95.69%
CPU 3 down residency:   0.00%

P0-Cluster Online: 21%
P0-Cluster HW active frequency: 3848 MHz
P0-Cluster HW active residency:  17.24% (1260 MHz: .86% 1512 MHz:   0% 1800 MHz:   0% 2088 MHz:   0% 2352 MHz:   0% 2616 MHz:   0% 2868 MHz:   0% 3096 MHz:   0% 3300 MHz:   0% 3468 MHz:   0% 3624 MHz:   0% 3756 MHz:   0% 3828 MHz:   0% 3888 MHz: 1.2% 3948 MHz:  10% 3996 MHz: 2.5% 4044 MHz: 1.4% 4104 MHz:   0% 4416 MHz: .39% 4512 MHz: .42%)
P0-Cluster idle residency:   2.04%
P0-Cluster down residency:  80.72%
CPU 4 frequency: 4450 MHz
CPU 4 active residency:  10.83% (1260 MHz: .21% 1512 MHz:   0% 1800 MHz:   0% 2088 MHz:   0% 2352 MHz:   0% 2616 MHz:   0% 2868 MHz:   0% 3096 MHz:   0% 3300 MHz:   0% 3468 MHz:   0% 3624 MHz:   0% 3756 MHz:   0% 3828 MHz:   0% 3888 MHz:   0% 3948 MHz:   0% 3996 MHz:   0% 4044 MHz:   0% 4104 MHz:   0% 4416 MHz:   0% 4512 MHz:  11%)
CPU 4 idle residency:   8.54%
CPU 4 down residency:  80.62%
CPU 5 frequency: 4466 MHz
CPU 5 active residency:  14.26% (1260 MHz: .20% 1512 MHz:   0% 1800 MHz:   0% 2088 MHz:   0% 2352 MHz:   0% 2616 MHz:   0% 2868 MHz:   0% 3096 MHz:   0% 3300 MHz:   0% 3468 MHz:   0% 3624 MHz:   0% 3756 MHz:   0% 3828 MHz:   0% 3888 MHz:   0% 3948 MHz:   0% 3996 MHz:   0% 4044 MHz:   0% 4104 MHz:   0% 4416 MHz:   0% 4512 MHz:  14%)
CPU 5 idle residency:   5.11%
CPU 5 down residency:  80.63%
CPU 6 frequency: 4432 MHz
CPU 6 active residency:   8.05% (1260 MHz: .20% 1512 MHz:   0% 1800 MHz:   0% 2088 MHz:   0% 2352 MHz:   0% 2616 MHz:   0% 2868 MHz:   0% 3096 MHz:   0% 3300 MHz:   0% 3468 MHz:   0% 3624 MHz:   0% 3756 MHz:   0% 3828 MHz:   0% 3888 MHz:   0% 3948 MHz:   0% 3996 MHz:   0% 4044 MHz:   0% 4104 MHz:   0% 4416 MHz:   0% 4512 MHz: 7.9%)
CPU 6 idle residency:  11.32%
CPU 6 down residency:  80.62%
CPU 7 frequency: 4382 MHz
CPU 7 active residency:   4.95% (1260 MHz: .20% 1512 MHz:   0% 1800 MHz:   0% 2088 MHz:   0% 2352 MHz:   0% 2616 MHz:   0% 2868 MHz:   0% 3096 MHz:   0% 3300 MHz:   0% 3468 MHz:   0% 3624 MHz:   0% 3756 MHz:   0% 3828 MHz:   0% 3888 MHz:   0% 3948 MHz:   0% 3996 MHz:   0% 4044 MHz:   0% 4104 MHz:   0% 4416 MHz:   0% 4512 MHz: 4.7%)
CPU 7 idle residency:  14.43%
CPU 7 down residency:  80.62%
CPU 8 frequency: 4431 MHz
CPU 8 active residency:   8.34% (1260 MHz: .21% 1512 MHz:   0% 1800 MHz:   0% 2088 MHz:   0% 2352 MHz:   0% 2616 MHz:   0% 2868 MHz:   0% 3096 MHz:   0% 3300 MHz:   0% 3468 MHz:   0% 3624 MHz:   0% 3756 MHz:   0% 3828 MHz:   0% 3888 MHz:   0% 3948 MHz:   0% 3996 MHz:   0% 4044 MHz:   0% 4104 MHz:   0% 4416 MHz:   0% 4512 MHz: 8.1%)
CPU 8 idle residency:  11.05%
CPU 8 down residency:  80.61%
CPU 9 frequency: 4397 MHz
CPU 9 active residency:   5.59% (1260 MHz: .20% 1512 MHz:   0% 1800 MHz:   0% 2088 MHz:   0% 2352 MHz:   0% 2616 MHz:   0% 2868 MHz:   0% 3096 MHz:   0% 3300 MHz:   0% 3468 MHz:   0% 3624 MHz:   0% 3756 MHz:   0% 3828 MHz:   0% 3888 MHz:   0% 3948 MHz:   0% 3996 MHz:   0% 4044 MHz:   0% 4104 MHz:   0% 4416 MHz:   0% 4512 MHz: 5.4%)
CPU 9 idle residency:  13.79%
CPU 9 down residency:  80.63%

P1-Cluster HW active frequency: 4046 MHz
P1-Cluster HW active residency:  82.28% (1260 MHz: .09% 1512 MHz:   0% 1800 MHz:   0% 2088 MHz:   0% 2352 MHz:   0% 2616 MHz:   0% 2868 MHz:   0% 3096 MHz:   0% 3300 MHz:   0% 3468 MHz:   0% 3624 MHz:   0% 3756 MHz:   0% 3828 MHz:   0% 3888 MHz: 5.0% 3948 MHz:  45% 3996 MHz:  10% 4044 MHz: 8.3% 4104 MHz:   0% 4416 MHz: 4.6% 4512 MHz: 9.2%)
P1-Cluster idle residency:   2.18%
P1-Cluster down residency:  15.54%
CPU 10 frequency: 4512 MHz
CPU 10 active residency:  40.98% (1260 MHz:   0% 1512 MHz:   0% 1800 MHz:   0% 2088 MHz:   0% 2352 MHz:   0% 2616 MHz:   0% 2868 MHz:   0% 3096 MHz:   0% 3300 MHz:   0% 3468 MHz:   0% 3624 MHz:   0% 3756 MHz:   0% 3828 MHz:   0% 3888 MHz:   0% 3948 MHz:   0% 3996 MHz:   0% 4044 MHz:   0% 4104 MHz:   0% 4416 MHz:   0% 4512 MHz:  41%)
CPU 10 idle residency:  38.92%
CPU 10 down residency:  20.10%
CPU 11 frequency: 4512 MHz
CPU 11 active residency:  28.07% (1260 MHz:   0% 1512 MHz:   0% 1800 MHz:   0% 2088 MHz:   0% 2352 MHz:   0% 2616 MHz:   0% 2868 MHz:   0% 3096 MHz:   0% 3300 MHz:   0% 3468 MHz:   0% 3624 MHz:   0% 3756 MHz:   0% 3828 MHz:   0% 3888 MHz:   0% 3948 MHz:   0% 3996 MHz:   0% 4044 MHz:   0% 4104 MHz:   0% 4416 MHz:   0% 4512 MHz:  28%)
CPU 11 idle residency:  52.84%
CPU 11 down residency:  19.10%
CPU 12 frequency: 4512 MHz
CPU 12 active residency:  28.87% (1260 MHz:   0% 1512 MHz:   0% 1800 MHz:   0% 2088 MHz:   0% 2352 MHz:   0% 2616 MHz:   0% 2868 MHz:   0% 3096 MHz:   0% 3300 MHz:   0% 3468 MHz:   0% 3624 MHz:   0% 3756 MHz:   0% 3828 MHz:   0% 3888 MHz:   0% 3948 MHz:   0% 3996 MHz:   0% 4044 MHz:   0% 4104 MHz:   0% 4416 MHz:   0% 4512 MHz:  29%)
CPU 12 idle residency:  52.34%
CPU 12 down residency:  18.79%
CPU 13 frequency: 4512 MHz
CPU 13 active residency:  16.47% (1260 MHz:   0% 1512 MHz:   0% 1800 MHz:   0% 2088 MHz:   0% 2352 MHz:   0% 2616 MHz:   0% 2868 MHz:   0% 3096 MHz:   0% 3300 MHz:   0% 3468 MHz:   0% 3624 MHz:   0% 3756 MHz:   0% 3828 MHz:   0% 3888 MHz:   0% 3948 MHz:   0% 3996 MHz:   0% 4044 MHz:   0% 4104 MHz:   0% 4416 MHz:   0% 4512 MHz:  16%)
CPU 13 idle residency:  64.92%
CPU 13 down residency:  18.62%
CPU 14 frequency: 4512 MHz
CPU 14 active residency:  23.82% (1260 MHz:   0% 1512 MHz:   0% 1800 MHz:   0% 2088 MHz:   0% 2352 MHz:   0% 2616 MHz:   0% 2868 MHz:   0% 3096 MHz:   0% 3300 MHz:   0% 3468 MHz:   0% 3624 MHz:   0% 3756 MHz:   0% 3828 MHz:   0% 3888 MHz:   0% 3948 MHz:   0% 3996 MHz:   0% 4044 MHz:   0% 4104 MHz:   0% 4416 MHz:   0% 4512 MHz:  24%)
CPU 14 idle residency:  58.30%
CPU 14 down residency:  17.88%
CPU 15 frequency: 4512 MHz
CPU 15 active residency:   1.13% (1260 MHz:   0% 1512 MHz:   0% 1800 MHz:   0% 2088 MHz:   0% 2352 MHz:   0% 2616 MHz:   0% 2868 MHz:   0% 3096 MHz:   0% 3300 MHz:   0% 3468 MHz:   0% 3624 MHz:   0% 3756 MHz:   0% 3828 MHz:   0% 3888 MHz:   0% 3948 MHz:   0% 3996 MHz:   0% 4044 MHz:   0% 4104 MHz:   0% 4416 MHz:   0% 4512 MHz: 1.1%)
CPU 15 idle residency:  80.77%
CPU 15 down residency:  18.10%

CPU Power: 6244 mW
GPU Power: 22568 mW
ANE Power: 0 mW
Combined Power (CPU + GPU + ANE): 28812 mW

**** GPU usage ****

GPU HW active frequency: 1578 MHz
GPU HW active residency: 100.00% (338 MHz:   0% 618 MHz:   0% 796 MHz:   0% 924 MHz:   0% 952 MHz:   0% 1056 MHz:   0% 1062 MHz:   0% 1182 MHz:   0% 1182 MHz:   0% 1312 MHz:   0% 1242 MHz:   0% 1380 MHz:   0% 1326 MHz:   0% 1470 MHz:   0% 1578 MHz: 100%)
GPU SW requested state: (P1 :   0% P2 :   0% P3 :   0% P4 :   0% P5 :   0% P6 :   0% P7 :   0% P8 :   0% P9 :   0% P10 : 100% P11 :   0% P12 :   0% P13 :   0% P14 :   0% P15 :   0%)
GPU SW state: (SW_P1 :   0% SW_P2 :   0% SW_P3 :   0% SW_P4 :   0% SW_P5 :   0% SW_P6 :   0% SW_P7 :   0% SW_P8 :   0% SW_P9 :   0% SW_P10 : 100% SW_P11 :   0% SW_P12 :   0% SW_P13 :   0% SW_P14 :   0% SW_P15 :   0%)
GPU idle residency:   0.00%
GPU Power: 22566 mW



*** Sampled system activity (Tue Jan 20 15:17:27 2026 +0100) (1022.13ms elapsed) ***


**** Processor usage ****

E-Cluster Online: 100%
E-Cluster HW active frequency: 2592 MHz
E-Cluster HW active residency:  67.03% (1020 MHz:   0% 1404 MHz:   0% 1788 MHz:   0% 2112 MHz:   0% 2352 MHz:   0% 2532 MHz: .00% 2592 MHz:  67%)
E-Cluster idle residency:  32.97%
E-Cluster down residency:   0.00%
CPU 0 frequency: 2592 MHz
CPU 0 active residency:  32.41% (1020 MHz:   0% 1404 MHz:   0% 1788 MHz:   0% 2112 MHz:   0% 2352 MHz:   0% 2532 MHz:   0% 2592 MHz:  32%)
CPU 0 idle residency:  67.59%
CPU 0 down residency:   0.00%
CPU 1 frequency: 2592 MHz
CPU 1 active residency:  17.61% (1020 MHz:   0% 1404 MHz:   0% 1788 MHz:   0% 2112 MHz:   0% 2352 MHz:   0% 2532 MHz:   0% 2592 MHz:  18%)
CPU 1 idle residency:  82.39%
CPU 1 down residency:   0.00%
CPU 2 frequency: 2592 MHz
CPU 2 active residency:  12.73% (1020 MHz:   0% 1404 MHz:   0% 1788 MHz:   0% 2112 MHz:   0% 2352 MHz:   0% 2532 MHz:   0% 2592 MHz:  13%)
CPU 2 idle residency:  87.27%
CPU 2 down residency:   0.00%
CPU 3 frequency: 2592 MHz
CPU 3 active residency:   7.64% (1020 MHz:   0% 1404 MHz:   0% 1788 MHz:   0% 2112 MHz:   0% 2352 MHz:   0% 2532 MHz:   0% 2592 MHz: 7.6%)
CPU 3 idle residency:  92.36%
CPU 3 down residency:   0.00%

P0-Cluster Online: 100%
P0-Cluster HW active frequency: 4041 MHz
P0-Cluster HW active residency:  98.20% (1260 MHz:   0% 1512 MHz:   0% 1800 MHz:   0% 2088 MHz:   0% 2352 MHz:   0% 2616 MHz:   0% 2868 MHz:   0% 3096 MHz:   0% 3300 MHz:   0% 3468 MHz:   0% 3624 MHz:   0% 3756 MHz:   0% 3828 MHz:   0% 3888 MHz:  12% 3948 MHz:  55% 3996 MHz: 8.9% 4044 MHz: 6.6% 4104 MHz:   0% 4416 MHz: 6.0% 4512 MHz:  10%)
P0-Cluster idle residency:   1.80%
P0-Cluster down residency:   0.00%
CPU 4 frequency: 4512 MHz
CPU 4 active residency:  61.05% (1260 MHz:   0% 1512 MHz:   0% 1800 MHz:   0% 2088 MHz:   0% 2352 MHz:   0% 2616 MHz:   0% 2868 MHz:   0% 3096 MHz:   0% 3300 MHz:   0% 3468 MHz:   0% 3624 MHz:   0% 3756 MHz:   0% 3828 MHz:   0% 3888 MHz:   0% 3948 MHz:   0% 3996 MHz:   0% 4044 MHz:   0% 4104 MHz:   0% 4416 MHz:   0% 4512 MHz:  61%)
CPU 4 idle residency:  38.95%
CPU 4 down residency:   0.00%
CPU 5 frequency: 4512 MHz
CPU 5 active residency:  21.70% (1260 MHz:   0% 1512 MHz:   0% 1800 MHz:   0% 2088 MHz:   0% 2352 MHz:   0% 2616 MHz:   0% 2868 MHz:   0% 3096 MHz:   0% 3300 MHz:   0% 3468 MHz:   0% 3624 MHz:   0% 3756 MHz:   0% 3828 MHz:   0% 3888 MHz:   0% 3948 MHz:   0% 3996 MHz:   0% 4044 MHz:   0% 4104 MHz:   0% 4416 MHz:   0% 4512 MHz:  22%)
CPU 5 idle residency:  78.30%
CPU 5 down residency:   0.00%
CPU 6 frequency: 4512 MHz
CPU 6 active residency:  49.25% (1260 MHz:   0% 1512 MHz:   0% 1800 MHz:   0% 2088 MHz:   0% 2352 MHz:   0% 2616 MHz:   0% 2868 MHz:   0% 3096 MHz:   0% 3300 MHz:   0% 3468 MHz:   0% 3624 MHz:   0% 3756 MHz:   0% 3828 MHz:   0% 3888 MHz:   0% 3948 MHz:   0% 3996 MHz:   0% 4044 MHz:   0% 4104 MHz:   0% 4416 MHz:   0% 4512 MHz:  49%)
CPU 6 idle residency:  50.75%
CPU 6 down residency:   0.00%
CPU 7 frequency: 4512 MHz
CPU 7 active residency:  48.28% (1260 MHz:   0% 1512 MHz:   0% 1800 MHz:   0% 2088 MHz:   0% 2352 MHz:   0% 2616 MHz:   0% 2868 MHz:   0% 3096 MHz:   0% 3300 MHz:   0% 3468 MHz:   0% 3624 MHz:   0% 3756 MHz:   0% 3828 MHz:   0% 3888 MHz:   0% 3948 MHz:   0% 3996 MHz:   0% 4044 MHz:   0% 4104 MHz:   0% 4416 MHz:   0% 4512 MHz:  48%)
CPU 7 idle residency:  51.72%
CPU 7 down residency:   0.00%
CPU 8 frequency: 4512 MHz
CPU 8 active residency:  47.79% (1260 MHz:   0% 1512 MHz:   0% 1800 MHz:   0% 2088 MHz:   0% 2352 MHz:   0% 2616 MHz:   0% 2868 MHz:   0% 3096 MHz:   0% 3300 MHz:   0% 3468 MHz:   0% 3624 MHz:   0% 3756 MHz:   0% 3828 MHz:   0% 3888 MHz:   0% 3948 MHz:   0% 3996 MHz:   0% 4044 MHz:   0% 4104 MHz:   0% 4416 MHz:   0% 4512 MHz:  48%)
CPU 8 idle residency:  52.21%
CPU 8 down residency:   0.00%
CPU 9 frequency: 4512 MHz
CPU 9 active residency:  53.45% (1260 MHz:   0% 1512 MHz:   0% 1800 MHz:   0% 2088 MHz:   0% 2352 MHz:   0% 2616 MHz:   0% 2868 MHz:   0% 3096 MHz:   0% 3300 MHz:   0% 3468 MHz:   0% 3624 MHz:   0% 3756 MHz:   0% 3828 MHz:   0% 3888 MHz:   0% 3948 MHz:   0% 3996 MHz:   0% 4044 MHz:   0% 4104 MHz:   0% 4416 MHz:   0% 4512 MHz:  53%)
CPU 9 idle residency:  46.55%
CPU 9 down residency:   0.00%

P1-Cluster HW active frequency: 1853 MHz
P1-Cluster HW active residency:   3.41% (1260 MHz: 2.3% 1512 MHz: .08% 1800 MHz: .16% 2088 MHz: .39% 2352 MHz:   0% 2616 MHz:   0% 2868 MHz:   0% 3096 MHz:   0% 3300 MHz:   0% 3468 MHz:   0% 3624 MHz:   0% 3756 MHz:   0% 3828 MHz:   0% 3888 MHz: .00% 3948 MHz: .03% 3996 MHz: .00% 4044 MHz: .04% 4104 MHz:   0% 4416 MHz: .05% 4512 MHz: .39%)
P1-Cluster idle residency:   5.16%
P1-Cluster down residency:  91.43%
CPU 10 frequency: 0 MHz
CPU 10 active residency:   0.00% (1260 MHz:   0% 1512 MHz:   0% 1800 MHz:   0% 2088 MHz:   0% 2352 MHz:   0% 2616 MHz:   0% 2868 MHz:   0% 3096 MHz:   0% 3300 MHz:   0% 3468 MHz:   0% 3624 MHz:   0% 3756 MHz:   0% 3828 MHz:   0% 3888 MHz:   0% 3948 MHz:   0% 3996 MHz:   0% 4044 MHz:   0% 4104 MHz:   0% 4416 MHz:   0% 4512 MHz:   0%)
CPU 10 idle residency:   8.18%
CPU 10 down residency:  91.82%
CPU 11 frequency: 0 MHz
CPU 11 active residency:   0.00% (1260 MHz:   0% 1512 MHz:   0% 1800 MHz:   0% 2088 MHz:   0% 2352 MHz:   0% 2616 MHz:   0% 2868 MHz:   0% 3096 MHz:   0% 3300 MHz:   0% 3468 MHz:   0% 3624 MHz:   0% 3756 MHz:   0% 3828 MHz:   0% 3888 MHz:   0% 3948 MHz:   0% 3996 MHz:   0% 4044 MHz:   0% 4104 MHz:   0% 4416 MHz:   0% 4512 MHz:   0%)
CPU 11 idle residency:   8.20%
CPU 11 down residency:  91.80%
CPU 12 frequency: 0 MHz
CPU 12 active residency:   0.00% (1260 MHz:   0% 1512 MHz:   0% 1800 MHz:   0% 2088 MHz:   0% 2352 MHz:   0% 2616 MHz:   0% 2868 MHz:   0% 3096 MHz:   0% 3300 MHz:   0% 3468 MHz:   0% 3624 MHz:   0% 3756 MHz:   0% 3828 MHz:   0% 3888 MHz:   0% 3948 MHz:   0% 3996 MHz:   0% 4044 MHz:   0% 4104 MHz:   0% 4416 MHz:   0% 4512 MHz:   0%)
CPU 12 idle residency:   8.21%
CPU 12 down residency:  91.79%
CPU 13 frequency: 0 MHz
CPU 13 active residency:   0.00% (1260 MHz:   0% 1512 MHz:   0% 1800 MHz:   0% 2088 MHz:   0% 2352 MHz:   0% 2616 MHz:   0% 2868 MHz:   0% 3096 MHz:   0% 3300 MHz:   0% 3468 MHz:   0% 3624 MHz:   0% 3756 MHz:   0% 3828 MHz:   0% 3888 MHz:   0% 3948 MHz:   0% 3996 MHz:   0% 4044 MHz:   0% 4104 MHz:   0% 4416 MHz:   0% 4512 MHz:   0%)
CPU 13 idle residency:   8.05%
CPU 13 down residency:  91.95%
CPU 14 frequency: 0 MHz
CPU 14 active residency:   0.00% (1260 MHz:   0% 1512 MHz:   0% 1800 MHz:   0% 2088 MHz:   0% 2352 MHz:   0% 2616 MHz:   0% 2868 MHz:   0% 3096 MHz:   0% 3300 MHz:   0% 3468 MHz:   0% 3624 MHz:   0% 3756 MHz:   0% 3828 MHz:   0% 3888 MHz:   0% 3948 MHz:   0% 3996 MHz:   0% 4044 MHz:   0% 4104 MHz:   0% 4416 MHz:   0% 4512 MHz:   0%)
CPU 14 idle residency:   7.98%
CPU 14 down residency:  92.02%
CPU 15 frequency: 0 MHz
CPU 15 active residency:   0.00% (1260 MHz:   0% 1512 MHz:   0% 1800 MHz:   0% 2088 MHz:   0% 2352 MHz:   0% 2616 MHz:   0% 2868 MHz:   0% 3096 MHz:   0% 3300 MHz:   0% 3468 MHz:   0% 3624 MHz:   0% 3756 MHz:   0% 3828 MHz:   0% 3888 MHz:   0% 3948 MHz:   0% 3996 MHz:   0% 4044 MHz:   0% 4104 MHz:   0% 4416 MHz:   0% 4512 MHz:   0%)
CPU 15 idle residency:   7.76%
CPU 15 down residency:  92.24%

CPU Power: 6375 mW
GPU Power: 22844 mW
ANE Power: 0 mW
Combined Power (CPU + GPU + ANE): 29219 mW

**** GPU usage ****

GPU HW active frequency: 1578 MHz
GPU HW active residency: 100.00% (338 MHz:   0% 618 MHz:   0% 796 MHz:   0% 924 MHz:   0% 952 MHz:   0% 1056 MHz:   0% 1062 MHz:   0% 1182 MHz:   0% 1182 MHz:   0% 1312 MHz:   0% 1242 MHz:   0% 1380 MHz:   0% 1326 MHz:   0% 1470 MHz:   0% 1578 MHz: 100%)
GPU SW requested state: (P1 :   0% P2 :   0% P3 :   0% P4 :   0% P5 :   0% P6 :   0% P7 :   0% P8 :   0% P9 :   0% P10 : 100% P11 :   0% P12 :   0% P13 :   0% P14 :   0% P15 :   0%)
GPU SW state: (SW_P1 :   0% SW_P2 :   0% SW_P3 :   0% SW_P4 :   0% SW_P5 :   0% SW_P6 :   0% SW_P7 :   0% SW_P8 :   0% SW_P9 :   0% SW_P10 : 100% SW_P11 :   0% SW_P12 :   0% SW_P13 :   0% SW_P14 :   0% SW_P15 :   0%)
GPU idle residency:   0.00%
GPU Power: 22847 mW



*** Sampled system activity (Tue Jan 20 15:17:28 2026 +0100) (1019.31ms elapsed) ***


**** Processor usage ****

E-Cluster Online: 100%
E-Cluster HW active frequency: 2592 MHz
E-Cluster HW active residency:  65.58% (1020 MHz:   0% 1404 MHz:   0% 1788 MHz:   0% 2112 MHz:   0% 2352 MHz:   0% 2532 MHz: .00% 2592 MHz:  66%)
E-Cluster idle residency:  34.42%
E-Cluster down residency:   0.00%
CPU 0 frequency: 2592 MHz
CPU 0 active residency:  27.22% (1020 MHz:   0% 1404 MHz:   0% 1788 MHz:   0% 2112 MHz:   0% 2352 MHz:   0% 2532 MHz:   0% 2592 MHz:  27%)
CPU 0 idle residency:  72.78%
CPU 0 down residency:   0.00%
CPU 1 frequency: 2592 MHz
CPU 1 active residency:  17.37% (1020 MHz:   0% 1404 MHz:   0% 1788 MHz:   0% 2112 MHz:   0% 2352 MHz:   0% 2532 MHz:   0% 2592 MHz:  17%)
CPU 1 idle residency:  82.63%
CPU 1 down residency:   0.00%
CPU 2 frequency: 2592 MHz
CPU 2 active residency:   9.47% (1020 MHz:   0% 1404 MHz:   0% 1788 MHz:   0% 2112 MHz:   0% 2352 MHz:   0% 2532 MHz:   0% 2592 MHz: 9.5%)
CPU 2 idle residency:  90.53%
CPU 2 down residency:   0.00%
CPU 3 frequency: 2592 MHz
CPU 3 active residency:   4.49% (1020 MHz:   0% 1404 MHz:   0% 1788 MHz:   0% 2112 MHz:   0% 2352 MHz:   0% 2532 MHz:   0% 2592 MHz: 4.5%)
CPU 3 idle residency:  95.51%
CPU 3 down residency:   0.00%

P0-Cluster Online: 100%
P0-Cluster HW active frequency: 4041 MHz
P0-Cluster HW active residency:  98.49% (1260 MHz:   0% 1512 MHz:   0% 1800 MHz:   0% 2088 MHz:   0% 2352 MHz:   0% 2616 MHz:   0% 2868 MHz:   0% 3096 MHz:   0% 3300 MHz:   0% 3468 MHz:   0% 3624 MHz:   0% 3756 MHz:   0% 3828 MHz:   0% 3888 MHz: 6.5% 3948 MHz:  58% 3996 MHz:  11% 4044 MHz: 7.6% 4104 MHz:   0% 4416 MHz: 6.0% 4512 MHz: 9.7%)
P0-Cluster idle residency:   1.51%
P0-Cluster down residency:   0.00%
CPU 4 frequency: 4512 MHz
CPU 4 active residency:  51.95% (1260 MHz:   0% 1512 MHz:   0% 1800 MHz:   0% 2088 MHz:   0% 2352 MHz:   0% 2616 MHz:   0% 2868 MHz:   0% 3096 MHz:   0% 3300 MHz:   0% 3468 MHz:   0% 3624 MHz:   0% 3756 MHz:   0% 3828 MHz:   0% 3888 MHz:   0% 3948 MHz:   0% 3996 MHz:   0% 4044 MHz:   0% 4104 MHz:   0% 4416 MHz:   0% 4512 MHz:  52%)
CPU 4 idle residency:  48.05%
CPU 4 down residency:   0.00%
CPU 5 frequency: 4512 MHz
CPU 5 active residency:  47.41% (1260 MHz:   0% 1512 MHz:   0% 1800 MHz:   0% 2088 MHz:   0% 2352 MHz:   0% 2616 MHz:   0% 2868 MHz:   0% 3096 MHz:   0% 3300 MHz:   0% 3468 MHz:   0% 3624 MHz:   0% 3756 MHz:   0% 3828 MHz:   0% 3888 MHz:   0% 3948 MHz:   0% 3996 MHz:   0% 4044 MHz:   0% 4104 MHz:   0% 4416 MHz:   0% 4512 MHz:  47%)
CPU 5 idle residency:  52.59%
CPU 5 down residency:   0.00%
CPU 6 frequency: 4512 MHz
CPU 6 active residency:  48.40% (1260 MHz:   0% 1512 MHz:   0% 1800 MHz:   0% 2088 MHz:   0% 2352 MHz:   0% 2616 MHz:   0% 2868 MHz:   0% 3096 MHz:   0% 3300 MHz:   0% 3468 MHz:   0% 3624 MHz:   0% 3756 MHz:   0% 3828 MHz:   0% 3888 MHz:   0% 3948 MHz:   0% 3996 MHz:   0% 4044 MHz:   0% 4104 MHz:   0% 4416 MHz:   0% 4512 MHz:  48%)
CPU 6 idle residency:  51.60%
CPU 6 down residency:   0.00%
CPU 7 frequency: 4512 MHz
CPU 7 active residency:  36.86% (1260 MHz:   0% 1512 MHz:   0% 1800 MHz:   0% 2088 MHz:   0% 2352 MHz:   0% 2616 MHz:   0% 2868 MHz:   0% 3096 MHz:   0% 3300 MHz:   0% 3468 MHz:   0% 3624 MHz:   0% 3756 MHz:   0% 3828 MHz:   0% 3888 MHz:   0% 3948 MHz:   0% 3996 MHz:   0% 4044 MHz:   0% 4104 MHz:   0% 4416 MHz:   0% 4512 MHz:  37%)
CPU 7 idle residency:  63.14%
CPU 7 down residency:   0.00%
CPU 8 frequency: 4512 MHz
CPU 8 active residency:  39.99% (1260 MHz:   0% 1512 MHz:   0% 1800 MHz:   0% 2088 MHz:   0% 2352 MHz:   0% 2616 MHz:   0% 2868 MHz:   0% 3096 MHz:   0% 3300 MHz:   0% 3468 MHz:   0% 3624 MHz:   0% 3756 MHz:   0% 3828 MHz:   0% 3888 MHz:   0% 3948 MHz:   0% 3996 MHz:   0% 4044 MHz:   0% 4104 MHz:   0% 4416 MHz:   0% 4512 MHz:  40%)
CPU 8 idle residency:  60.01%
CPU 8 down residency:   0.00%
CPU 9 frequency: 4512 MHz
CPU 9 active residency:  46.55% (1260 MHz:   0% 1512 MHz:   0% 1800 MHz:   0% 2088 MHz:   0% 2352 MHz:   0% 2616 MHz:   0% 2868 MHz:   0% 3096 MHz:   0% 3300 MHz:   0% 3468 MHz:   0% 3624 MHz:   0% 3756 MHz:   0% 3828 MHz:   0% 3888 MHz:   0% 3948 MHz:   0% 3996 MHz:   0% 4044 MHz:   0% 4104 MHz:   0% 4416 MHz:   0% 4512 MHz:  47%)
CPU 9 idle residency:  53.45%
CPU 9 down residency:   0.00%

P1-Cluster HW active frequency: 1260 MHz
P1-Cluster HW active residency:   0.24% (1260 MHz: .24% 1512 MHz:   0% 1800 MHz:   0% 2088 MHz:   0% 2352 MHz:   0% 2616 MHz:   0% 2868 MHz:   0% 3096 MHz:   0% 3300 MHz:   0% 3468 MHz:   0% 3624 MHz:   0% 3756 MHz:   0% 3828 MHz:   0% 3888 MHz:   0% 3948 MHz:   0% 3996 MHz:   0% 4044 MHz:   0% 4104 MHz:   0% 4416 MHz:   0% 4512 MHz:   0%)
P1-Cluster idle residency:   0.88%
P1-Cluster down residency:  98.88%
CPU 10 frequency: 0 MHz
CPU 10 active residency:   0.00% (1260 MHz:   0% 1512 MHz:   0% 1800 MHz:   0% 2088 MHz:   0% 2352 MHz:   0% 2616 MHz:   0% 2868 MHz:   0% 3096 MHz:   0% 3300 MHz:   0% 3468 MHz:   0% 3624 MHz:   0% 3756 MHz:   0% 3828 MHz:   0% 3888 MHz:   0% 3948 MHz:   0% 3996 MHz:   0% 4044 MHz:   0% 4104 MHz:   0% 4416 MHz:   0% 4512 MHz:   0%)
CPU 10 idle residency:   1.06%
CPU 10 down residency:  98.94%
CPU 11 frequency: 0 MHz
CPU 11 active residency:   0.00% (1260 MHz:   0% 1512 MHz:   0% 1800 MHz:   0% 2088 MHz:   0% 2352 MHz:   0% 2616 MHz:   0% 2868 MHz:   0% 3096 MHz:   0% 3300 MHz:   0% 3468 MHz:   0% 3624 MHz:   0% 3756 MHz:   0% 3828 MHz:   0% 3888 MHz:   0% 3948 MHz:   0% 3996 MHz:   0% 4044 MHz:   0% 4104 MHz:   0% 4416 MHz:   0% 4512 MHz:   0%)
CPU 11 idle residency:   1.06%
CPU 11 down residency:  98.94%
CPU 12 frequency: 0 MHz
CPU 12 active residency:   0.00% (1260 MHz:   0% 1512 MHz:   0% 1800 MHz:   0% 2088 MHz:   0% 2352 MHz:   0% 2616 MHz:   0% 2868 MHz:   0% 3096 MHz:   0% 3300 MHz:   0% 3468 MHz:   0% 3624 MHz:   0% 3756 MHz:   0% 3828 MHz:   0% 3888 MHz:   0% 3948 MHz:   0% 3996 MHz:   0% 4044 MHz:   0% 4104 MHz:   0% 4416 MHz:   0% 4512 MHz:   0%)
CPU 12 idle residency:   1.06%
CPU 12 down residency:  98.94%
CPU 13 frequency: 0 MHz
CPU 13 active residency:   0.00% (1260 MHz:   0% 1512 MHz:   0% 1800 MHz:   0% 2088 MHz:   0% 2352 MHz:   0% 2616 MHz:   0% 2868 MHz:   0% 3096 MHz:   0% 3300 MHz:   0% 3468 MHz:   0% 3624 MHz:   0% 3756 MHz:   0% 3828 MHz:   0% 3888 MHz:   0% 3948 MHz:   0% 3996 MHz:   0% 4044 MHz:   0% 4104 MHz:   0% 4416 MHz:   0% 4512 MHz:   0%)
CPU 13 idle residency:   1.06%
CPU 13 down residency:  98.94%
CPU 14 frequency: 0 MHz
CPU 14 active residency:   0.00% (1260 MHz:   0% 1512 MHz:   0% 1800 MHz:   0% 2088 MHz:   0% 2352 MHz:   0% 2616 MHz:   0% 2868 MHz:   0% 3096 MHz:   0% 3300 MHz:   0% 3468 MHz:   0% 3624 MHz:   0% 3756 MHz:   0% 3828 MHz:   0% 3888 MHz:   0% 3948 MHz:   0% 3996 MHz:   0% 4044 MHz:   0% 4104 MHz:   0% 4416 MHz:   0% 4512 MHz:   0%)
CPU 14 idle residency:   1.06%
CPU 14 down residency:  98.94%
CPU 15 frequency: 0 MHz
CPU 15 active residency:   0.00% (1260 MHz:   0% 1512 MHz:   0% 1800 MHz:   0% 2088 MHz:   0% 2352 MHz:   0% 2616 MHz:   0% 2868 MHz:   0% 3096 MHz:   0% 3300 MHz:   0% 3468 MHz:   0% 3624 MHz:   0% 3756 MHz:   0% 3828 MHz:   0% 3888 MHz:   0% 3948 MHz:   0% 3996 MHz:   0% 4044 MHz:   0% 4104 MHz:   0% 4416 MHz:   0% 4512 MHz:   0%)
CPU 15 idle residency:   1.06%
CPU 15 down residency:  98.94%

CPU Power: 6317 mW
GPU Power: 22590 mW
ANE Power: 0 mW
Combined Power (CPU + GPU + ANE): 28907 mW

**** GPU usage ****

GPU HW active frequency: 1578 MHz
GPU HW active residency:  99.97% (338 MHz: .02% 618 MHz:   0% 796 MHz:   0% 924 MHz:   0% 952 MHz:   0% 1056 MHz:   0% 1062 MHz:   0% 1182 MHz:   0% 1182 MHz:   0% 1312 MHz:   0% 1242 MHz:   0% 1380 MHz:   0% 1326 MHz:   0% 1470 MHz:   0% 1578 MHz: 100%)
GPU SW requested state: (P1 :   0% P2 :   0% P3 :   0% P4 :   0% P5 :   0% P6 :   0% P7 :   0% P8 :   0% P9 :   0% P10 : 100% P11 :   0% P12 :   0% P13 :   0% P14 :   0% P15 :   0%)
GPU SW state: (SW_P1 : .02% SW_P2 :   0% SW_P3 :   0% SW_P4 :   0% SW_P5 :   0% SW_P6 :   0% SW_P7 :   0% SW_P8 :   0% SW_P9 :   0% SW_P10 : 100% SW_P11 :   0% SW_P12 :   0% SW_P13 :   0% SW_P14 :   0% SW_P15 :   0%)
GPU idle residency:   0.03%
GPU Power: 22589 mW



*** Sampled system activity (Tue Jan 20 15:17:29 2026 +0100) (1021.11ms elapsed) ***


**** Processor usage ****

E-Cluster Online: 100%
E-Cluster HW active frequency: 2592 MHz
E-Cluster HW active residency:  63.32% (1020 MHz:   0% 1404 MHz:   0% 1788 MHz:   0% 2112 MHz:   0% 2352 MHz:   0% 2532 MHz: .00% 2592 MHz:  63%)
E-Cluster idle residency:  36.68%
E-Cluster down residency:   0.00%
CPU 0 frequency: 2592 MHz
CPU 0 active residency:  27.49% (1020 MHz:   0% 1404 MHz:   0% 1788 MHz:   0% 2112 MHz:   0% 2352 MHz:   0% 2532 MHz:   0% 2592 MHz:  27%)
CPU 0 idle residency:  72.51%
CPU 0 down residency:   0.00%
CPU 1 frequency: 2592 MHz
CPU 1 active residency:  13.84% (1020 MHz:   0% 1404 MHz:   0% 1788 MHz:   0% 2112 MHz:   0% 2352 MHz:   0% 2532 MHz:   0% 2592 MHz:  14%)
CPU 1 idle residency:  86.16%
CPU 1 down residency:   0.00%
CPU 2 frequency: 2592 MHz
CPU 2 active residency:   8.31% (1020 MHz:   0% 1404 MHz:   0% 1788 MHz:   0% 2112 MHz:   0% 2352 MHz:   0% 2532 MHz:   0% 2592 MHz: 8.3%)
CPU 2 idle residency:  91.69%
CPU 2 down residency:   0.00%
CPU 3 frequency: 2592 MHz
CPU 3 active residency:   5.27% (1020 MHz:   0% 1404 MHz:   0% 1788 MHz:   0% 2112 MHz:   0% 2352 MHz:   0% 2532 MHz:   0% 2592 MHz: 5.3%)
CPU 3 idle residency:  94.73%
CPU 3 down residency:   0.00%

P0-Cluster Online: 100%
P0-Cluster HW active frequency: 4052 MHz
P0-Cluster HW active residency:  98.22% (1260 MHz:   0% 1512 MHz:   0% 1800 MHz:   0% 2088 MHz:   0% 2352 MHz:   0% 2616 MHz:   0% 2868 MHz:   0% 3096 MHz:   0% 3300 MHz:   0% 3468 MHz:   0% 3624 MHz:   0% 3756 MHz:   0% 3828 MHz:   0% 3888 MHz: 7.0% 3948 MHz:  53% 3996 MHz:  12% 4044 MHz: 9.3% 4104 MHz:   0% 4416 MHz: 6.7% 4512 MHz:  11%)
P0-Cluster idle residency:   1.78%
P0-Cluster down residency:   0.00%
CPU 4 frequency: 4512 MHz
CPU 4 active residency:  37.69% (1260 MHz:   0% 1512 MHz:   0% 1800 MHz:   0% 2088 MHz:   0% 2352 MHz:   0% 2616 MHz:   0% 2868 MHz:   0% 3096 MHz:   0% 3300 MHz:   0% 3468 MHz:   0% 3624 MHz:   0% 3756 MHz:   0% 3828 MHz:   0% 3888 MHz:   0% 3948 MHz:   0% 3996 MHz:   0% 4044 MHz:   0% 4104 MHz:   0% 4416 MHz:   0% 4512 MHz:  38%)
CPU 4 idle residency:  62.31%
CPU 4 down residency:   0.00%
CPU 5 frequency: 4512 MHz
CPU 5 active residency:  34.02% (1260 MHz:   0% 1512 MHz:   0% 1800 MHz:   0% 2088 MHz:   0% 2352 MHz:   0% 2616 MHz:   0% 2868 MHz:   0% 3096 MHz:   0% 3300 MHz:   0% 3468 MHz:   0% 3624 MHz:   0% 3756 MHz:   0% 3828 MHz:   0% 3888 MHz:   0% 3948 MHz:   0% 3996 MHz:   0% 4044 MHz:   0% 4104 MHz:   0% 4416 MHz:   0% 4512 MHz:  34%)
CPU 5 idle residency:  65.98%
CPU 5 down residency:   0.00%
CPU 6 frequency: 4512 MHz
CPU 6 active residency:  55.43% (1260 MHz:   0% 1512 MHz:   0% 1800 MHz:   0% 2088 MHz:   0% 2352 MHz:   0% 2616 MHz:   0% 2868 MHz:   0% 3096 MHz:   0% 3300 MHz:   0% 3468 MHz:   0% 3624 MHz:   0% 3756 MHz:   0% 3828 MHz:   0% 3888 MHz:   0% 3948 MHz:   0% 3996 MHz:   0% 4044 MHz:   0% 4104 MHz:   0% 4416 MHz:   0% 4512 MHz:  55%)
CPU 6 idle residency:  44.57%
CPU 6 down residency:   0.00%
CPU 7 frequency: 4512 MHz
CPU 7 active residency:  46.12% (1260 MHz:   0% 1512 MHz:   0% 1800 MHz:   0% 2088 MHz:   0% 2352 MHz:   0% 2616 MHz:   0% 2868 MHz:   0% 3096 MHz:   0% 3300 MHz:   0% 3468 MHz:   0% 3624 MHz:   0% 3756 MHz:   0% 3828 MHz:   0% 3888 MHz:   0% 3948 MHz:   0% 3996 MHz:   0% 4044 MHz:   0% 4104 MHz:   0% 4416 MHz:   0% 4512 MHz:  46%)
CPU 7 idle residency:  53.88%
CPU 7 down residency:   0.00%
CPU 8 frequency: 4512 MHz
CPU 8 active residency:  39.81% (1260 MHz:   0% 1512 MHz:   0% 1800 MHz:   0% 2088 MHz:   0% 2352 MHz:   0% 2616 MHz:   0% 2868 MHz:   0% 3096 MHz:   0% 3300 MHz:   0% 3468 MHz:   0% 3624 MHz:   0% 3756 MHz:   0% 3828 MHz:   0% 3888 MHz:   0% 3948 MHz:   0% 3996 MHz:   0% 4044 MHz:   0% 4104 MHz:   0% 4416 MHz:   0% 4512 MHz:  40%)
CPU 8 idle residency:  60.19%
CPU 8 down residency:   0.00%
CPU 9 frequency: 4512 MHz
CPU 9 active residency:  48.09% (1260 MHz:   0% 1512 MHz:   0% 1800 MHz:   0% 2088 MHz:   0% 2352 MHz:   0% 2616 MHz:   0% 2868 MHz:   0% 3096 MHz:   0% 3300 MHz:   0% 3468 MHz:   0% 3624 MHz:   0% 3756 MHz:   0% 3828 MHz:   0% 3888 MHz:   0% 3948 MHz:   0% 3996 MHz:   0% 4044 MHz:   0% 4104 MHz:   0% 4416 MHz:   0% 4512 MHz:  48%)
CPU 9 idle residency:  51.91%
CPU 9 down residency:   0.00%

P1-Cluster HW active frequency: 1541 MHz
P1-Cluster HW active residency:   1.71% (1260 MHz: 1.4% 1512 MHz:   0% 1800 MHz: .14% 2088 MHz:   0% 2352 MHz:   0% 2616 MHz:   0% 2868 MHz:   0% 3096 MHz:   0% 3300 MHz:   0% 3468 MHz:   0% 3624 MHz:   0% 3756 MHz:   0% 3828 MHz:   0% 3888 MHz: .00% 3948 MHz: .01% 3996 MHz:   0% 4044 MHz:   0% 4104 MHz:   0% 4416 MHz: .01% 4512 MHz: .10%)
P1-Cluster idle residency:   4.41%
P1-Cluster down residency:  93.88%
CPU 10 frequency: 4334 MHz
CPU 10 active residency:  10.89% (1260 MHz: .56% 1512 MHz:   0% 1800 MHz: .02% 2088 MHz: .03% 2352 MHz:   0% 2616 MHz:   0% 2868 MHz:   0% 3096 MHz:   0% 3300 MHz:   0% 3468 MHz:   0% 3624 MHz:   0% 3756 MHz:   0% 3828 MHz:   0% 3888 MHz:   0% 3948 MHz:   0% 3996 MHz:   0% 4044 MHz:   0% 4104 MHz:   0% 4416 MHz:   0% 4512 MHz:  10%)
CPU 10 idle residency:   5.16%
CPU 10 down residency:  83.94%
CPU 11 frequency: 4401 MHz
CPU 11 active residency:  16.07% (1260 MHz: .52% 1512 MHz:   0% 1800 MHz: .02% 2088 MHz: .02% 2352 MHz:   0% 2616 MHz:   0% 2868 MHz:   0% 3096 MHz:   0% 3300 MHz:   0% 3468 MHz:   0% 3624 MHz:   0% 3756 MHz:   0% 3828 MHz:   0% 3888 MHz:   0% 3948 MHz:   0% 3996 MHz:   0% 4044 MHz:   0% 4104 MHz:   0% 4416 MHz:   0% 4512 MHz:  16%)
CPU 11 idle residency:   4.88%
CPU 11 down residency:  79.06%
CPU 12 frequency: 4392 MHz
CPU 12 active residency:  15.15% (1260 MHz: .53% 1512 MHz:   0% 1800 MHz: .02% 2088 MHz: .02% 2352 MHz:   0% 2616 MHz:   0% 2868 MHz:   0% 3096 MHz:   0% 3300 MHz:   0% 3468 MHz:   0% 3624 MHz:   0% 3756 MHz:   0% 3828 MHz:   0% 3888 MHz:   0% 3948 MHz:   0% 3996 MHz:   0% 4044 MHz:   0% 4104 MHz:   0% 4416 MHz:   0% 4512 MHz:  15%)
CPU 12 idle residency:   4.88%
CPU 12 down residency:  79.97%
CPU 13 frequency: 4359 MHz
CPU 13 active residency:  14.74% (1260 MHz: .58% 1512 MHz: .02% 1800 MHz: .08% 2088 MHz: .04% 2352 MHz:   0% 2616 MHz:   0% 2868 MHz:   0% 3096 MHz:   0% 3300 MHz:   0% 3468 MHz:   0% 3624 MHz:   0% 3756 MHz:   0% 3828 MHz:   0% 3888 MHz:   0% 3948 MHz:   0% 3996 MHz:   0% 4044 MHz:   0% 4104 MHz:   0% 4416 MHz:   0% 4512 MHz:  14%)
CPU 13 idle residency:   4.89%
CPU 13 down residency:  80.37%
CPU 14 frequency: 4329 MHz
CPU 14 active residency:  12.16% (1260 MHz: .55% 1512 MHz: .00% 1800 MHz: .13% 2088 MHz: .03% 2352 MHz:   0% 2616 MHz:   0% 2868 MHz:   0% 3096 MHz:   0% 3300 MHz:   0% 3468 MHz:   0% 3624 MHz:   0% 3756 MHz:   0% 3828 MHz:   0% 3888 MHz:   0% 3948 MHz:   0% 3996 MHz:   0% 4044 MHz:   0% 4104 MHz:   0% 4416 MHz:   0% 4512 MHz:  11%)
CPU 14 idle residency:   5.09%
CPU 14 down residency:  82.75%
CPU 15 frequency: 4323 MHz
CPU 15 active residency:  13.08% (1260 MHz: .55% 1512 MHz: .02% 1800 MHz: .05% 2088 MHz: .20% 2352 MHz:   0% 2616 MHz:   0% 2868 MHz:   0% 3096 MHz:   0% 3300 MHz:   0% 3468 MHz:   0% 3624 MHz:   0% 3756 MHz:   0% 3828 MHz:   0% 3888 MHz:   0% 3948 MHz:   0% 3996 MHz:   0% 4044 MHz:   0% 4104 MHz:   0% 4416 MHz:   0% 4512 MHz:  12%)
CPU 15 idle residency:   5.01%
CPU 15 down residency:  81.90%

CPU Power: 6144 mW
GPU Power: 22813 mW
ANE Power: 0 mW
Combined Power (CPU + GPU + ANE): 28958 mW

**** GPU usage ****

GPU HW active frequency: 1578 MHz
GPU HW active residency: 100.00% (338 MHz:   0% 618 MHz:   0% 796 MHz:   0% 924 MHz:   0% 952 MHz:   0% 1056 MHz:   0% 1062 MHz:   0% 1182 MHz:   0% 1182 MHz:   0% 1312 MHz:   0% 1242 MHz:   0% 1380 MHz:   0% 1326 MHz:   0% 1470 MHz:   0% 1578 MHz: 100%)
GPU SW requested state: (P1 :   0% P2 :   0% P3 :   0% P4 :   0% P5 :   0% P6 :   0% P7 :   0% P8 :   0% P9 :   0% P10 : 100% P11 :   0% P12 :   0% P13 :   0% P14 :   0% P15 :   0%)
GPU SW state: (SW_P1 :   0% SW_P2 :   0% SW_P3 :   0% SW_P4 :   0% SW_P5 :   0% SW_P6 :   0% SW_P7 :   0% SW_P8 :   0% SW_P9 :   0% SW_P10 : 100% SW_P11 :   0% SW_P12 :   0% SW_P13 :   0% SW_P14 :   0% SW_P15 :   0%)
GPU idle residency:   0.00%
GPU Power: 22813 mW



*** Sampled system activity (Tue Jan 20 15:17:30 2026 +0100) (1021.10ms elapsed) ***


**** Processor usage ****

E-Cluster Online: 100%
E-Cluster HW active frequency: 2592 MHz
E-Cluster HW active residency:  65.91% (1020 MHz:   0% 1404 MHz:   0% 1788 MHz:   0% 2112 MHz:   0% 2352 MHz:   0% 2532 MHz: .00% 2592 MHz:  66%)
E-Cluster idle residency:  34.09%
E-Cluster down residency:   0.00%
CPU 0 frequency: 2592 MHz
CPU 0 active residency:  31.35% (1020 MHz:   0% 1404 MHz:   0% 1788 MHz:   0% 2112 MHz:   0% 2352 MHz:   0% 2532 MHz:   0% 2592 MHz:  31%)
CPU 0 idle residency:  68.65%
CPU 0 down residency:   0.00%
CPU 1 frequency: 2592 MHz
CPU 1 active residency:  14.65% (1020 MHz:   0% 1404 MHz:   0% 1788 MHz:   0% 2112 MHz:   0% 2352 MHz:   0% 2532 MHz:   0% 2592 MHz:  15%)
CPU 1 idle residency:  85.35%
CPU 1 down residency:   0.00%
CPU 2 frequency: 2592 MHz
CPU 2 active residency:   8.22% (1020 MHz:   0% 1404 MHz:   0% 1788 MHz:   0% 2112 MHz:   0% 2352 MHz:   0% 2532 MHz:   0% 2592 MHz: 8.2%)
CPU 2 idle residency:  91.78%
CPU 2 down residency:   0.00%
CPU 3 frequency: 2592 MHz
CPU 3 active residency:   5.74% (1020 MHz:   0% 1404 MHz:   0% 1788 MHz:   0% 2112 MHz:   0% 2352 MHz:   0% 2532 MHz:   0% 2592 MHz: 5.7%)
CPU 3 idle residency:  94.26%
CPU 3 down residency:   0.00%

P0-Cluster Online: 100%
P0-Cluster HW active frequency: 4024 MHz
P0-Cluster HW active residency:  98.93% (1260 MHz:   0% 1512 MHz:   0% 1800 MHz:   0% 2088 MHz:   0% 2352 MHz:   0% 2616 MHz:   0% 2868 MHz:   0% 3096 MHz:   0% 3300 MHz:   0% 3468 MHz:   0% 3624 MHz:   0% 3756 MHz:   0% 3828 MHz:   0% 3888 MHz: 7.7% 3948 MHz:  59% 3996 MHz:  12% 4044 MHz: 7.3% 4104 MHz:   0% 4416 MHz: 6.1% 4512 MHz: 6.8%)
P0-Cluster idle residency:   1.07%
P0-Cluster down residency:   0.00%
CPU 4 frequency: 4512 MHz
CPU 4 active residency:  35.20% (1260 MHz:   0% 1512 MHz:   0% 1800 MHz:   0% 2088 MHz:   0% 2352 MHz:   0% 2616 MHz:   0% 2868 MHz:   0% 3096 MHz:   0% 3300 MHz:   0% 3468 MHz:   0% 3624 MHz:   0% 3756 MHz:   0% 3828 MHz:   0% 3888 MHz:   0% 3948 MHz:   0% 3996 MHz:   0% 4044 MHz:   0% 4104 MHz:   0% 4416 MHz:   0% 4512 MHz:  35%)
CPU 4 idle residency:  64.80%
CPU 4 down residency:   0.00%
CPU 5 frequency: 4512 MHz
CPU 5 active residency:  58.17% (1260 MHz:   0% 1512 MHz:   0% 1800 MHz:   0% 2088 MHz:   0% 2352 MHz:   0% 2616 MHz:   0% 2868 MHz:   0% 3096 MHz:   0% 3300 MHz:   0% 3468 MHz:   0% 3624 MHz:   0% 3756 MHz:   0% 3828 MHz:   0% 3888 MHz:   0% 3948 MHz:   0% 3996 MHz:   0% 4044 MHz:   0% 4104 MHz:   0% 4416 MHz:   0% 4512 MHz:  58%)
CPU 5 idle residency:  41.83%
CPU 5 down residency:   0.00%
CPU 6 frequency: 4512 MHz
CPU 6 active residency:  32.44% (1260 MHz:   0% 1512 MHz:   0% 1800 MHz:   0% 2088 MHz:   0% 2352 MHz:   0% 2616 MHz:   0% 2868 MHz:   0% 3096 MHz:   0% 3300 MHz:   0% 3468 MHz:   0% 3624 MHz:   0% 3756 MHz:   0% 3828 MHz:   0% 3888 MHz:   0% 3948 MHz:   0% 3996 MHz:   0% 4044 MHz:   0% 4104 MHz:   0% 4416 MHz:   0% 4512 MHz:  32%)
CPU 6 idle residency:  67.56%
CPU 6 down residency:   0.00%
CPU 7 frequency: 4512 MHz
CPU 7 active residency:  42.92% (1260 MHz:   0% 1512 MHz:   0% 1800 MHz:   0% 2088 MHz:   0% 2352 MHz:   0% 2616 MHz:   0% 2868 MHz:   0% 3096 MHz:   0% 3300 MHz:   0% 3468 MHz:   0% 3624 MHz:   0% 3756 MHz:   0% 3828 MHz:   0% 3888 MHz:   0% 3948 MHz:   0% 3996 MHz:   0% 4044 MHz:   0% 4104 MHz:   0% 4416 MHz:   0% 4512 MHz:  43%)
CPU 7 idle residency:  57.08%
CPU 7 down residency:   0.00%
CPU 8 frequency: 4512 MHz
CPU 8 active residency:  58.39% (1260 MHz:   0% 1512 MHz:   0% 1800 MHz:   0% 2088 MHz:   0% 2352 MHz:   0% 2616 MHz:   0% 2868 MHz:   0% 3096 MHz:   0% 3300 MHz:   0% 3468 MHz:   0% 3624 MHz:   0% 3756 MHz:   0% 3828 MHz:   0% 3888 MHz:   0% 3948 MHz:   0% 3996 MHz:   0% 4044 MHz:   0% 4104 MHz:   0% 4416 MHz:   0% 4512 MHz:  58%)
CPU 8 idle residency:  41.61%
CPU 8 down residency:   0.00%
CPU 9 frequency: 4512 MHz
CPU 9 active residency:  56.26% (1260 MHz:   0% 1512 MHz:   0% 1800 MHz:   0% 2088 MHz:   0% 2352 MHz:   0% 2616 MHz:   0% 2868 MHz:   0% 3096 MHz:   0% 3300 MHz:   0% 3468 MHz:   0% 3624 MHz:   0% 3756 MHz:   0% 3828 MHz:   0% 3888 MHz:   0% 3948 MHz:   0% 3996 MHz:   0% 4044 MHz:   0% 4104 MHz:   0% 4416 MHz:   0% 4512 MHz:  56%)
CPU 9 idle residency:  43.74%
CPU 9 down residency:   0.00%

P1-Cluster HW active frequency: 1681 MHz
P1-Cluster HW active residency:   0.92% (1260 MHz: .80% 1512 MHz:   0% 1800 MHz:   0% 2088 MHz:   0% 2352 MHz:   0% 2616 MHz:   0% 2868 MHz:   0% 3096 MHz:   0% 3300 MHz:   0% 3468 MHz:   0% 3624 MHz:   0% 3756 MHz:   0% 3828 MHz:   0% 3888 MHz:   0% 3948 MHz:   0% 3996 MHz:   0% 4044 MHz:   0% 4104 MHz:   0% 4416 MHz:   0% 4512 MHz: .12%)
P1-Cluster idle residency:   1.68%
P1-Cluster down residency:  97.40%
CPU 10 frequency: 0 MHz
CPU 10 active residency:   0.00% (1260 MHz:   0% 1512 MHz:   0% 1800 MHz:   0% 2088 MHz:   0% 2352 MHz:   0% 2616 MHz:   0% 2868 MHz:   0% 3096 MHz:   0% 3300 MHz:   0% 3468 MHz:   0% 3624 MHz:   0% 3756 MHz:   0% 3828 MHz:   0% 3888 MHz:   0% 3948 MHz:   0% 3996 MHz:   0% 4044 MHz:   0% 4104 MHz:   0% 4416 MHz:   0% 4512 MHz:   0%)
CPU 10 idle residency:   2.49%
CPU 10 down residency:  97.51%
CPU 11 frequency: 0 MHz
CPU 11 active residency:   0.00% (1260 MHz:   0% 1512 MHz:   0% 1800 MHz:   0% 2088 MHz:   0% 2352 MHz:   0% 2616 MHz:   0% 2868 MHz:   0% 3096 MHz:   0% 3300 MHz:   0% 3468 MHz:   0% 3624 MHz:   0% 3756 MHz:   0% 3828 MHz:   0% 3888 MHz:   0% 3948 MHz:   0% 3996 MHz:   0% 4044 MHz:   0% 4104 MHz:   0% 4416 MHz:   0% 4512 MHz:   0%)
CPU 11 idle residency:   2.51%
CPU 11 down residency:  97.49%
CPU 12 frequency: 0 MHz
CPU 12 active residency:   0.00% (1260 MHz:   0% 1512 MHz:   0% 1800 MHz:   0% 2088 MHz:   0% 2352 MHz:   0% 2616 MHz:   0% 2868 MHz:   0% 3096 MHz:   0% 3300 MHz:   0% 3468 MHz:   0% 3624 MHz:   0% 3756 MHz:   0% 3828 MHz:   0% 3888 MHz:   0% 3948 MHz:   0% 3996 MHz:   0% 4044 MHz:   0% 4104 MHz:   0% 4416 MHz:   0% 4512 MHz:   0%)
CPU 12 idle residency:   2.51%
CPU 12 down residency:  97.49%
CPU 13 frequency: 0 MHz
CPU 13 active residency:   0.00% (1260 MHz:   0% 1512 MHz:   0% 1800 MHz:   0% 2088 MHz:   0% 2352 MHz:   0% 2616 MHz:   0% 2868 MHz:   0% 3096 MHz:   0% 3300 MHz:   0% 3468 MHz:   0% 3624 MHz:   0% 3756 MHz:   0% 3828 MHz:   0% 3888 MHz:   0% 3948 MHz:   0% 3996 MHz:   0% 4044 MHz:   0% 4104 MHz:   0% 4416 MHz:   0% 4512 MHz:   0%)
CPU 13 idle residency:   2.47%
CPU 13 down residency:  97.53%
CPU 14 frequency: 0 MHz
CPU 14 active residency:   0.00% (1260 MHz:   0% 1512 MHz:   0% 1800 MHz:   0% 2088 MHz:   0% 2352 MHz:   0% 2616 MHz:   0% 2868 MHz:   0% 3096 MHz:   0% 3300 MHz:   0% 3468 MHz:   0% 3624 MHz:   0% 3756 MHz:   0% 3828 MHz:   0% 3888 MHz:   0% 3948 MHz:   0% 3996 MHz:   0% 4044 MHz:   0% 4104 MHz:   0% 4416 MHz:   0% 4512 MHz:   0%)
CPU 14 idle residency:   2.49%
CPU 14 down residency:  97.51%
CPU 15 frequency: 0 MHz
CPU 15 active residency:   0.00% (1260 MHz:   0% 1512 MHz:   0% 1800 MHz:   0% 2088 MHz:   0% 2352 MHz:   0% 2616 MHz:   0% 2868 MHz:   0% 3096 MHz:   0% 3300 MHz:   0% 3468 MHz:   0% 3624 MHz:   0% 3756 MHz:   0% 3828 MHz:   0% 3888 MHz:   0% 3948 MHz:   0% 3996 MHz:   0% 4044 MHz:   0% 4104 MHz:   0% 4416 MHz:   0% 4512 MHz:   0%)
CPU 15 idle residency:   2.51%
CPU 15 down residency:  97.49%

CPU Power: 6420 mW
GPU Power: 22632 mW
ANE Power: 0 mW
Combined Power (CPU + GPU + ANE): 29052 mW

**** GPU usage ****

GPU HW active frequency: 1578 MHz
GPU HW active residency: 100.00% (338 MHz:   0% 618 MHz:   0% 796 MHz:   0% 924 MHz:   0% 952 MHz:   0% 1056 MHz:   0% 1062 MHz:   0% 1182 MHz:   0% 1182 MHz:   0% 1312 MHz:   0% 1242 MHz:   0% 1380 MHz:   0% 1326 MHz:   0% 1470 MHz:   0% 1578 MHz: 100%)
GPU SW requested state: (P1 :   0% P2 :   0% P3 :   0% P4 :   0% P5 :   0% P6 :   0% P7 :   0% P8 :   0% P9 :   0% P10 : 100% P11 :   0% P12 :   0% P13 :   0% P14 :   0% P15 :   0%)
GPU SW state: (SW_P1 :   0% SW_P2 :   0% SW_P3 :   0% SW_P4 :   0% SW_P5 :   0% SW_P6 :   0% SW_P7 :   0% SW_P8 :   0% SW_P9 :   0% SW_P10 : 100% SW_P11 :   0% SW_P12 :   0% SW_P13 :   0% SW_P14 :   0% SW_P15 :   0%)
GPU idle residency:   0.00%
GPU Power: 22659 mW



*** Sampled system activity (Tue Jan 20 15:17:31 2026 +0100) (1020.30ms elapsed) ***


**** Processor usage ****

E-Cluster Online: 100%
E-Cluster HW active frequency: 2591 MHz
E-Cluster HW active residency:  64.77% (1020 MHz:   0% 1404 MHz:   0% 1788 MHz:   0% 2112 MHz:   0% 2352 MHz: .18% 2532 MHz: .20% 2592 MHz:  64%)
E-Cluster idle residency:  35.23%
E-Cluster down residency:   0.00%
CPU 0 frequency: 2591 MHz
CPU 0 active residency:  28.83% (1020 MHz:   0% 1404 MHz:   0% 1788 MHz:   0% 2112 MHz:   0% 2352 MHz: .08% 2532 MHz: .07% 2592 MHz:  29%)
CPU 0 idle residency:  71.17%
CPU 0 down residency:   0.00%
CPU 1 frequency: 2592 MHz
CPU 1 active residency:  13.99% (1020 MHz:   0% 1404 MHz:   0% 1788 MHz:   0% 2112 MHz:   0% 2352 MHz: .02% 2532 MHz: .02% 2592 MHz:  14%)
CPU 1 idle residency:  86.01%
CPU 1 down residency:   0.00%
CPU 2 frequency: 2592 MHz
CPU 2 active residency:   7.24% (1020 MHz:   0% 1404 MHz:   0% 1788 MHz:   0% 2112 MHz:   0% 2352 MHz: .00% 2532 MHz: .01% 2592 MHz: 7.2%)
CPU 2 idle residency:  92.76%
CPU 2 down residency:   0.00%
CPU 3 frequency: 2592 MHz
CPU 3 active residency:   5.66% (1020 MHz:   0% 1404 MHz:   0% 1788 MHz:   0% 2112 MHz:   0% 2352 MHz:   0% 2532 MHz: .00% 2592 MHz: 5.7%)
CPU 3 idle residency:  94.34%
CPU 3 down residency:   0.00%

P0-Cluster Online: 38%
P0-Cluster HW active frequency: 4034 MHz
P0-Cluster HW active residency:  36.13% (1260 MHz: .72% 1512 MHz:   0% 1800 MHz:   0% 2088 MHz:   0% 2352 MHz:   0% 2616 MHz:   0% 2868 MHz:   0% 3096 MHz:   0% 3300 MHz:   0% 3468 MHz:   0% 3624 MHz:   0% 3756 MHz:   0% 3828 MHz:   0% 3888 MHz: 4.8% 3948 MHz:  14% 3996 MHz: 3.1% 4044 MHz: 4.4% 4104 MHz:   0% 4416 MHz: 3.0% 4512 MHz: 5.9%)
P0-Cluster idle residency:   1.95%
P0-Cluster down residency:  61.92%
CPU 4 frequency: 0 MHz
CPU 4 active residency:   0.00% (1260 MHz:   0% 1512 MHz:   0% 1800 MHz:   0% 2088 MHz:   0% 2352 MHz:   0% 2616 MHz:   0% 2868 MHz:   0% 3096 MHz:   0% 3300 MHz:   0% 3468 MHz:   0% 3624 MHz:   0% 3756 MHz:   0% 3828 MHz:   0% 3888 MHz:   0% 3948 MHz:   0% 3996 MHz:   0% 4044 MHz:   0% 4104 MHz:   0% 4416 MHz:   0% 4512 MHz:   0%)
CPU 4 idle residency:  26.54%
CPU 4 down residency:  73.46%
CPU 5 frequency: 4512 MHz
CPU 5 active residency:   0.74% (1260 MHz:   0% 1512 MHz:   0% 1800 MHz:   0% 2088 MHz:   0% 2352 MHz:   0% 2616 MHz:   0% 2868 MHz:   0% 3096 MHz:   0% 3300 MHz:   0% 3468 MHz:   0% 3624 MHz:   0% 3756 MHz:   0% 3828 MHz:   0% 3888 MHz:   0% 3948 MHz:   0% 3996 MHz:   0% 4044 MHz:   0% 4104 MHz:   0% 4416 MHz:   0% 4512 MHz: .74%)
CPU 5 idle residency:  23.82%
CPU 5 down residency:  75.44%
CPU 6 frequency: 4512 MHz
CPU 6 active residency:   0.03% (1260 MHz:   0% 1512 MHz:   0% 1800 MHz:   0% 2088 MHz:   0% 2352 MHz:   0% 2616 MHz:   0% 2868 MHz:   0% 3096 MHz:   0% 3300 MHz:   0% 3468 MHz:   0% 3624 MHz:   0% 3756 MHz:   0% 3828 MHz:   0% 3888 MHz:   0% 3948 MHz:   0% 3996 MHz:   0% 4044 MHz:   0% 4104 MHz:   0% 4416 MHz:   0% 4512 MHz: .03%)
CPU 6 idle residency:  27.56%
CPU 6 down residency:  72.40%
CPU 7 frequency: 0 MHz
CPU 7 active residency:   0.00% (1260 MHz:   0% 1512 MHz:   0% 1800 MHz:   0% 2088 MHz:   0% 2352 MHz:   0% 2616 MHz:   0% 2868 MHz:   0% 3096 MHz:   0% 3300 MHz:   0% 3468 MHz:   0% 3624 MHz:   0% 3756 MHz:   0% 3828 MHz:   0% 3888 MHz:   0% 3948 MHz:   0% 3996 MHz:   0% 4044 MHz:   0% 4104 MHz:   0% 4416 MHz:   0% 4512 MHz:   0%)
CPU 7 idle residency:  30.53%
CPU 7 down residency:  69.47%
CPU 8 frequency: 4512 MHz
CPU 8 active residency:   0.75% (1260 MHz:   0% 1512 MHz:   0% 1800 MHz:   0% 2088 MHz:   0% 2352 MHz:   0% 2616 MHz:   0% 2868 MHz:   0% 3096 MHz:   0% 3300 MHz:   0% 3468 MHz:   0% 3624 MHz:   0% 3756 MHz:   0% 3828 MHz:   0% 3888 MHz:   0% 3948 MHz:   0% 3996 MHz:   0% 4044 MHz:   0% 4104 MHz:   0% 4416 MHz:   0% 4512 MHz: .75%)
CPU 8 idle residency:  27.55%
CPU 8 down residency:  71.70%
CPU 9 frequency: 4512 MHz
CPU 9 active residency:   0.72% (1260 MHz:   0% 1512 MHz:   0% 1800 MHz:   0% 2088 MHz:   0% 2352 MHz:   0% 2616 MHz:   0% 2868 MHz:   0% 3096 MHz:   0% 3300 MHz:   0% 3468 MHz:   0% 3624 MHz:   0% 3756 MHz:   0% 3828 MHz:   0% 3888 MHz:   0% 3948 MHz:   0% 3996 MHz:   0% 4044 MHz:   0% 4104 MHz:   0% 4416 MHz:   0% 4512 MHz: .72%)
CPU 9 idle residency:  26.59%
CPU 9 down residency:  72.70%

P1-Cluster HW active frequency: 3976 MHz
P1-Cluster HW active residency:  67.70% (1260 MHz: .77% 1512 MHz:   0% 1800 MHz: .27% 2088 MHz:   0% 2352 MHz:   0% 2616 MHz:   0% 2868 MHz:   0% 3096 MHz:   0% 3300 MHz:   0% 3468 MHz:   0% 3624 MHz:   0% 3756 MHz:   0% 3828 MHz:   0% 3888 MHz: 4.8% 3948 MHz:  38% 3996 MHz: 9.7% 4044 MHz: 6.8% 4104 MHz:   0% 4416 MHz: 2.4% 4512 MHz: 4.6%)
P1-Cluster idle residency:   4.68%
P1-Cluster down residency:  27.62%
CPU 10 frequency: 4498 MHz
CPU 10 active residency:  40.08% (1260 MHz: .15% 1512 MHz:   0% 1800 MHz: .03% 2088 MHz:   0% 2352 MHz:   0% 2616 MHz:   0% 2868 MHz:   0% 3096 MHz:   0% 3300 MHz:   0% 3468 MHz:   0% 3624 MHz:   0% 3756 MHz:   0% 3828 MHz:   0% 3888 MHz:   0% 3948 MHz:   0% 3996 MHz:   0% 4044 MHz:   0% 4104 MHz:   0% 4416 MHz:   0% 4512 MHz:  40%)
CPU 10 idle residency:  32.37%
CPU 10 down residency:  27.55%
CPU 11 frequency: 4496 MHz
CPU 11 active residency:  30.31% (1260 MHz: .15% 1512 MHz:   0% 1800 MHz: .01% 2088 MHz:   0% 2352 MHz:   0% 2616 MHz:   0% 2868 MHz:   0% 3096 MHz:   0% 3300 MHz:   0% 3468 MHz:   0% 3624 MHz:   0% 3756 MHz:   0% 3828 MHz:   0% 3888 MHz:   0% 3948 MHz:   0% 3996 MHz:   0% 4044 MHz:   0% 4104 MHz:   0% 4416 MHz:   0% 4512 MHz:  30%)
CPU 11 idle residency:  42.14%
CPU 11 down residency:  27.56%
CPU 12 frequency: 4493 MHz
CPU 12 active residency:  25.69% (1260 MHz: .15% 1512 MHz:   0% 1800 MHz: .00% 2088 MHz:   0% 2352 MHz:   0% 2616 MHz:   0% 2868 MHz:   0% 3096 MHz:   0% 3300 MHz:   0% 3468 MHz:   0% 3624 MHz:   0% 3756 MHz:   0% 3828 MHz:   0% 3888 MHz:   0% 3948 MHz:   0% 3996 MHz:   0% 4044 MHz:   0% 4104 MHz:   0% 4416 MHz:   0% 4512 MHz:  26%)
CPU 12 idle residency:  46.75%
CPU 12 down residency:  27.56%
CPU 13 frequency: 4482 MHz
CPU 13 active residency:  26.05% (1260 MHz: .20% 1512 MHz:   0% 1800 MHz: .05% 2088 MHz:   0% 2352 MHz:   0% 2616 MHz:   0% 2868 MHz:   0% 3096 MHz:   0% 3300 MHz:   0% 3468 MHz:   0% 3624 MHz:   0% 3756 MHz:   0% 3828 MHz:   0% 3888 MHz:   0% 3948 MHz:   0% 3996 MHz:   0% 4044 MHz:   0% 4104 MHz:   0% 4416 MHz:   0% 4512 MHz:  26%)
CPU 13 idle residency:  46.41%
CPU 13 down residency:  27.55%
CPU 14 frequency: 4487 MHz
CPU 14 active residency:  30.77% (1260 MHz: .20% 1512 MHz:   0% 1800 MHz: .05% 2088 MHz:   0% 2352 MHz:   0% 2616 MHz:   0% 2868 MHz:   0% 3096 MHz:   0% 3300 MHz:   0% 3468 MHz:   0% 3624 MHz:   0% 3756 MHz:   0% 3828 MHz:   0% 3888 MHz:   0% 3948 MHz:   0% 3996 MHz:   0% 4044 MHz:   0% 4104 MHz:   0% 4416 MHz:   0% 4512 MHz:  31%)
CPU 14 idle residency:  41.68%
CPU 14 down residency:  27.55%
CPU 15 frequency: 4492 MHz
CPU 15 active residency:  38.08% (1260 MHz: .16% 1512 MHz:   0% 1800 MHz: .09% 2088 MHz:   0% 2352 MHz:   0% 2616 MHz:   0% 2868 MHz:   0% 3096 MHz:   0% 3300 MHz:   0% 3468 MHz:   0% 3624 MHz:   0% 3756 MHz:   0% 3828 MHz:   0% 3888 MHz:   0% 3948 MHz:   0% 3996 MHz:   0% 4044 MHz:   0% 4104 MHz:   0% 4416 MHz:   0% 4512 MHz:  38%)
CPU 15 idle residency:  34.36%
CPU 15 down residency:  27.56%

CPU Power: 6706 mW
GPU Power: 25421 mW
ANE Power: 0 mW
Combined Power (CPU + GPU + ANE): 32127 mW

**** GPU usage ****

GPU HW active frequency: 1578 MHz
GPU HW active residency: 100.00% (338 MHz:   0% 618 MHz:   0% 796 MHz:   0% 924 MHz:   0% 952 MHz:   0% 1056 MHz:   0% 1062 MHz:   0% 1182 MHz:   0% 1182 MHz:   0% 1312 MHz:   0% 1242 MHz:   0% 1380 MHz:   0% 1326 MHz:   0% 1470 MHz:   0% 1578 MHz: 100%)
GPU SW requested state: (P1 :   0% P2 :   0% P3 :   0% P4 :   0% P5 :   0% P6 :   0% P7 :   0% P8 :   0% P9 :   0% P10 : 100% P11 :   0% P12 :   0% P13 :   0% P14 :   0% P15 :   0%)
GPU SW state: (SW_P1 :   0% SW_P2 :   0% SW_P3 :   0% SW_P4 :   0% SW_P5 :   0% SW_P6 :   0% SW_P7 :   0% SW_P8 :   0% SW_P9 :   0% SW_P10 : 100% SW_P11 :   0% SW_P12 :   0% SW_P13 :   0% SW_P14 :   0% SW_P15 :   0%)
GPU idle residency:   0.00%
GPU Power: 25209 mW



*** Sampled system activity (Tue Jan 20 15:17:32 2026 +0100) (1019.33ms elapsed) ***


**** Processor usage ****

E-Cluster Online: 100%
E-Cluster HW active frequency: 2592 MHz
E-Cluster HW active residency:  67.04% (1020 MHz:   0% 1404 MHz:   0% 1788 MHz:   0% 2112 MHz:   0% 2352 MHz:   0% 2532 MHz: .00% 2592 MHz:  67%)
E-Cluster idle residency:  32.96%
E-Cluster down residency:   0.00%
CPU 0 frequency: 2592 MHz
CPU 0 active residency:  31.08% (1020 MHz:   0% 1404 MHz:   0% 1788 MHz:   0% 2112 MHz:   0% 2352 MHz:   0% 2532 MHz:   0% 2592 MHz:  31%)
CPU 0 idle residency:  68.92%
CPU 0 down residency:   0.00%
CPU 1 frequency: 2592 MHz
CPU 1 active residency:  17.38% (1020 MHz:   0% 1404 MHz:   0% 1788 MHz:   0% 2112 MHz:   0% 2352 MHz:   0% 2532 MHz:   0% 2592 MHz:  17%)
CPU 1 idle residency:  82.62%
CPU 1 down residency:   0.00%
CPU 2 frequency: 2592 MHz
CPU 2 active residency:  10.16% (1020 MHz:   0% 1404 MHz:   0% 1788 MHz:   0% 2112 MHz:   0% 2352 MHz:   0% 2532 MHz:   0% 2592 MHz:  10%)
CPU 2 idle residency:  89.84%
CPU 2 down residency:   0.00%
CPU 3 frequency: 2592 MHz
CPU 3 active residency:   5.96% (1020 MHz:   0% 1404 MHz:   0% 1788 MHz:   0% 2112 MHz:   0% 2352 MHz:   0% 2532 MHz:   0% 2592 MHz: 6.0%)
CPU 3 idle residency:  94.04%
CPU 3 down residency:   0.00%

P0-Cluster Online: 3%
P0-Cluster HW active frequency: 1260 MHz
P0-Cluster HW active residency:   0.49% (1260 MHz: .49% 1512 MHz:   0% 1800 MHz:   0% 2088 MHz:   0% 2352 MHz:   0% 2616 MHz:   0% 2868 MHz:   0% 3096 MHz:   0% 3300 MHz:   0% 3468 MHz:   0% 3624 MHz:   0% 3756 MHz:   0% 3828 MHz:   0% 3888 MHz:   0% 3948 MHz:   0% 3996 MHz:   0% 4044 MHz:   0% 4104 MHz:   0% 4416 MHz:   0% 4512 MHz:   0%)
P0-Cluster idle residency:   2.12%
P0-Cluster down residency:  97.39%
CPU 4 frequency: 0 MHz
CPU 4 active residency:   0.00% (1260 MHz:   0% 1512 MHz:   0% 1800 MHz:   0% 2088 MHz:   0% 2352 MHz:   0% 2616 MHz:   0% 2868 MHz:   0% 3096 MHz:   0% 3300 MHz:   0% 3468 MHz:   0% 3624 MHz:   0% 3756 MHz:   0% 3828 MHz:   0% 3888 MHz:   0% 3948 MHz:   0% 3996 MHz:   0% 4044 MHz:   0% 4104 MHz:   0% 4416 MHz:   0% 4512 MHz:   0%)
CPU 4 idle residency:   2.49%
CPU 4 down residency:  97.51%
CPU 5 frequency: 0 MHz
CPU 5 active residency:   0.00% (1260 MHz:   0% 1512 MHz:   0% 1800 MHz:   0% 2088 MHz:   0% 2352 MHz:   0% 2616 MHz:   0% 2868 MHz:   0% 3096 MHz:   0% 3300 MHz:   0% 3468 MHz:   0% 3624 MHz:   0% 3756 MHz:   0% 3828 MHz:   0% 3888 MHz:   0% 3948 MHz:   0% 3996 MHz:   0% 4044 MHz:   0% 4104 MHz:   0% 4416 MHz:   0% 4512 MHz:   0%)
CPU 5 idle residency:   2.50%
CPU 5 down residency:  97.50%
CPU 6 frequency: 0 MHz
CPU 6 active residency:   0.00% (1260 MHz:   0% 1512 MHz:   0% 1800 MHz:   0% 2088 MHz:   0% 2352 MHz:   0% 2616 MHz:   0% 2868 MHz:   0% 3096 MHz:   0% 3300 MHz:   0% 3468 MHz:   0% 3624 MHz:   0% 3756 MHz:   0% 3828 MHz:   0% 3888 MHz:   0% 3948 MHz:   0% 3996 MHz:   0% 4044 MHz:   0% 4104 MHz:   0% 4416 MHz:   0% 4512 MHz:   0%)
CPU 6 idle residency:   2.50%
CPU 6 down residency:  97.50%
CPU 7 frequency: 0 MHz
CPU 7 active residency:   0.00% (1260 MHz:   0% 1512 MHz:   0% 1800 MHz:   0% 2088 MHz:   0% 2352 MHz:   0% 2616 MHz:   0% 2868 MHz:   0% 3096 MHz:   0% 3300 MHz:   0% 3468 MHz:   0% 3624 MHz:   0% 3756 MHz:   0% 3828 MHz:   0% 3888 MHz:   0% 3948 MHz:   0% 3996 MHz:   0% 4044 MHz:   0% 4104 MHz:   0% 4416 MHz:   0% 4512 MHz:   0%)
CPU 7 idle residency:   2.50%
CPU 7 down residency:  97.50%
CPU 8 frequency: 0 MHz
CPU 8 active residency:   0.00% (1260 MHz:   0% 1512 MHz:   0% 1800 MHz:   0% 2088 MHz:   0% 2352 MHz:   0% 2616 MHz:   0% 2868 MHz:   0% 3096 MHz:   0% 3300 MHz:   0% 3468 MHz:   0% 3624 MHz:   0% 3756 MHz:   0% 3828 MHz:   0% 3888 MHz:   0% 3948 MHz:   0% 3996 MHz:   0% 4044 MHz:   0% 4104 MHz:   0% 4416 MHz:   0% 4512 MHz:   0%)
CPU 8 idle residency:   2.50%
CPU 8 down residency:  97.50%
CPU 9 frequency: 0 MHz
CPU 9 active residency:   0.00% (1260 MHz:   0% 1512 MHz:   0% 1800 MHz:   0% 2088 MHz:   0% 2352 MHz:   0% 2616 MHz:   0% 2868 MHz:   0% 3096 MHz:   0% 3300 MHz:   0% 3468 MHz:   0% 3624 MHz:   0% 3756 MHz:   0% 3828 MHz:   0% 3888 MHz:   0% 3948 MHz:   0% 3996 MHz:   0% 4044 MHz:   0% 4104 MHz:   0% 4416 MHz:   0% 4512 MHz:   0%)
CPU 9 idle residency:   2.50%
CPU 9 down residency:  97.50%

P1-Cluster HW active frequency: 4020 MHz
P1-Cluster HW active residency:  99.30% (1260 MHz:   0% 1512 MHz:   0% 1800 MHz:   0% 2088 MHz:   0% 2352 MHz:   0% 2616 MHz:   0% 2868 MHz:   0% 3096 MHz:   0% 3300 MHz:   0% 3468 MHz:   0% 3624 MHz:   0% 3756 MHz:   0% 3828 MHz:   0% 3888 MHz: 7.3% 3948 MHz:  60% 3996 MHz:  12% 4044 MHz: 8.0% 4104 MHz:   0% 4416 MHz: 5.1% 4512 MHz: 6.8%)
P1-Cluster idle residency:   0.70%
P1-Cluster down residency:   0.00%
CPU 10 frequency: 4512 MHz
CPU 10 active residency:  67.27% (1260 MHz:   0% 1512 MHz:   0% 1800 MHz:   0% 2088 MHz:   0% 2352 MHz:   0% 2616 MHz:   0% 2868 MHz:   0% 3096 MHz:   0% 3300 MHz:   0% 3468 MHz:   0% 3624 MHz:   0% 3756 MHz:   0% 3828 MHz:   0% 3888 MHz:   0% 3948 MHz:   0% 3996 MHz:   0% 4044 MHz:   0% 4104 MHz:   0% 4416 MHz:   0% 4512 MHz:  67%)
CPU 10 idle residency:  32.73%
CPU 10 down residency:   0.00%
CPU 11 frequency: 4512 MHz
CPU 11 active residency:  51.47% (1260 MHz:   0% 1512 MHz:   0% 1800 MHz:   0% 2088 MHz:   0% 2352 MHz:   0% 2616 MHz:   0% 2868 MHz:   0% 3096 MHz:   0% 3300 MHz:   0% 3468 MHz:   0% 3624 MHz:   0% 3756 MHz:   0% 3828 MHz:   0% 3888 MHz:   0% 3948 MHz:   0% 3996 MHz:   0% 4044 MHz:   0% 4104 MHz:   0% 4416 MHz:   0% 4512 MHz:  51%)
CPU 11 idle residency:  48.53%
CPU 11 down residency:   0.00%
CPU 12 frequency: 4512 MHz
CPU 12 active residency:  28.01% (1260 MHz:   0% 1512 MHz:   0% 1800 MHz:   0% 2088 MHz:   0% 2352 MHz:   0% 2616 MHz:   0% 2868 MHz:   0% 3096 MHz:   0% 3300 MHz:   0% 3468 MHz:   0% 3624 MHz:   0% 3756 MHz:   0% 3828 MHz:   0% 3888 MHz:   0% 3948 MHz:   0% 3996 MHz:   0% 4044 MHz:   0% 4104 MHz:   0% 4416 MHz:   0% 4512 MHz:  28%)
CPU 12 idle residency:  71.99%
CPU 12 down residency:   0.00%
CPU 13 frequency: 4512 MHz
CPU 13 active residency:  45.53% (1260 MHz:   0% 1512 MHz:   0% 1800 MHz:   0% 2088 MHz:   0% 2352 MHz:   0% 2616 MHz:   0% 2868 MHz:   0% 3096 MHz:   0% 3300 MHz:   0% 3468 MHz:   0% 3624 MHz:   0% 3756 MHz:   0% 3828 MHz:   0% 3888 MHz:   0% 3948 MHz:   0% 3996 MHz:   0% 4044 MHz:   0% 4104 MHz:   0% 4416 MHz:   0% 4512 MHz:  46%)
CPU 13 idle residency:  54.47%
CPU 13 down residency:   0.00%
CPU 14 frequency: 4512 MHz
CPU 14 active residency:  34.74% (1260 MHz:   0% 1512 MHz:   0% 1800 MHz:   0% 2088 MHz:   0% 2352 MHz:   0% 2616 MHz:   0% 2868 MHz:   0% 3096 MHz:   0% 3300 MHz:   0% 3468 MHz:   0% 3624 MHz:   0% 3756 MHz:   0% 3828 MHz:   0% 3888 MHz:   0% 3948 MHz:   0% 3996 MHz:   0% 4044 MHz:   0% 4104 MHz:   0% 4416 MHz:   0% 4512 MHz:  35%)
CPU 14 idle residency:  65.26%
CPU 14 down residency:   0.00%
CPU 15 frequency: 4512 MHz
CPU 15 active residency:  57.56% (1260 MHz:   0% 1512 MHz:   0% 1800 MHz:   0% 2088 MHz:   0% 2352 MHz:   0% 2616 MHz:   0% 2868 MHz:   0% 3096 MHz:   0% 3300 MHz:   0% 3468 MHz:   0% 3624 MHz:   0% 3756 MHz:   0% 3828 MHz:   0% 3888 MHz:   0% 3948 MHz:   0% 3996 MHz:   0% 4044 MHz:   0% 4104 MHz:   0% 4416 MHz:   0% 4512 MHz:  58%)
CPU 15 idle residency:  42.44%
CPU 15 down residency:   0.00%

CPU Power: 6508 mW
GPU Power: 25472 mW
ANE Power: 0 mW
Combined Power (CPU + GPU + ANE): 31980 mW

**** GPU usage ****

GPU HW active frequency: 1578 MHz
GPU HW active residency: 100.00% (338 MHz:   0% 618 MHz:   0% 796 MHz:   0% 924 MHz:   0% 952 MHz:   0% 1056 MHz:   0% 1062 MHz:   0% 1182 MHz:   0% 1182 MHz:   0% 1312 MHz:   0% 1242 MHz:   0% 1380 MHz:   0% 1326 MHz:   0% 1470 MHz:   0% 1578 MHz: 100%)
GPU SW requested state: (P1 :   0% P2 :   0% P3 :   0% P4 :   0% P5 :   0% P6 :   0% P7 :   0% P8 :   0% P9 :   0% P10 : 100% P11 :   0% P12 :   0% P13 :   0% P14 :   0% P15 :   0%)
GPU SW state: (SW_P1 :   0% SW_P2 :   0% SW_P3 :   0% SW_P4 :   0% SW_P5 :   0% SW_P6 :   0% SW_P7 :   0% SW_P8 :   0% SW_P9 :   0% SW_P10 : 100% SW_P11 :   0% SW_P12 :   0% SW_P13 :   0% SW_P14 :   0% SW_P15 :   0%)
GPU idle residency:   0.00%
GPU Power: 25685 mW



*** Sampled system activity (Tue Jan 20 15:17:33 2026 +0100) (1021.66ms elapsed) ***


**** Processor usage ****

E-Cluster Online: 100%
E-Cluster HW active frequency: 2592 MHz
E-Cluster HW active residency:  65.91% (1020 MHz:   0% 1404 MHz:   0% 1788 MHz:   0% 2112 MHz:   0% 2352 MHz:   0% 2532 MHz: .00% 2592 MHz:  66%)
E-Cluster idle residency:  34.09%
E-Cluster down residency:   0.00%
CPU 0 frequency: 2592 MHz
CPU 0 active residency:  29.20% (1020 MHz:   0% 1404 MHz:   0% 1788 MHz:   0% 2112 MHz:   0% 2352 MHz:   0% 2532 MHz:   0% 2592 MHz:  29%)
CPU 0 idle residency:  70.80%
CPU 0 down residency:   0.00%
CPU 1 frequency: 2592 MHz
CPU 1 active residency:  15.98% (1020 MHz:   0% 1404 MHz:   0% 1788 MHz:   0% 2112 MHz:   0% 2352 MHz:   0% 2532 MHz:   0% 2592 MHz:  16%)
CPU 1 idle residency:  84.02%
CPU 1 down residency:   0.00%
CPU 2 frequency: 2592 MHz
CPU 2 active residency:   7.80% (1020 MHz:   0% 1404 MHz:   0% 1788 MHz:   0% 2112 MHz:   0% 2352 MHz:   0% 2532 MHz:   0% 2592 MHz: 7.8%)
CPU 2 idle residency:  92.20%
CPU 2 down residency:   0.00%
CPU 3 frequency: 2592 MHz
CPU 3 active residency:   6.21% (1020 MHz:   0% 1404 MHz:   0% 1788 MHz:   0% 2112 MHz:   0% 2352 MHz:   0% 2532 MHz:   0% 2592 MHz: 6.2%)
CPU 3 idle residency:  93.79%
CPU 3 down residency:   0.00%

P0-Cluster Online: 6%
P0-Cluster HW active frequency: 2009 MHz
P0-Cluster HW active residency:   1.73% (1260 MHz: 1.2% 1512 MHz:   0% 1800 MHz: .21% 2088 MHz:   0% 2352 MHz:   0% 2616 MHz:   0% 2868 MHz:   0% 3096 MHz:   0% 3300 MHz:   0% 3468 MHz:   0% 3624 MHz:   0% 3756 MHz:   0% 3828 MHz:   0% 3888 MHz: .01% 3948 MHz: .01% 3996 MHz:   0% 4044 MHz:   0% 4104 MHz:   0% 4416 MHz: .04% 4512 MHz: .30%)
P0-Cluster idle residency:   2.84%
P0-Cluster down residency:  95.43%
CPU 4 frequency: 4435 MHz
CPU 4 active residency:  13.69% (1260 MHz: .31% 1512 MHz:   0% 1800 MHz: .02% 2088 MHz:   0% 2352 MHz:   0% 2616 MHz:   0% 2868 MHz:   0% 3096 MHz:   0% 3300 MHz:   0% 3468 MHz:   0% 3624 MHz:   0% 3756 MHz:   0% 3828 MHz:   0% 3888 MHz:   0% 3948 MHz:   0% 3996 MHz:   0% 4044 MHz:   0% 4104 MHz:   0% 4416 MHz:   0% 4512 MHz:  13%)
CPU 4 idle residency:   3.65%
CPU 4 down residency:  82.66%
CPU 5 frequency: 4433 MHz
CPU 5 active residency:  15.49% (1260 MHz: .30% 1512 MHz:   0% 1800 MHz: .09% 2088 MHz:   0% 2352 MHz:   0% 2616 MHz:   0% 2868 MHz:   0% 3096 MHz:   0% 3300 MHz:   0% 3468 MHz:   0% 3624 MHz:   0% 3756 MHz:   0% 3828 MHz:   0% 3888 MHz:   0% 3948 MHz:   0% 3996 MHz:   0% 4044 MHz:   0% 4104 MHz:   0% 4416 MHz:   0% 4512 MHz:  15%)
CPU 5 idle residency:   3.53%
CPU 5 down residency:  80.98%
CPU 6 frequency: 4430 MHz
CPU 6 active residency:  12.73% (1260 MHz: .31% 1512 MHz:   0% 1800 MHz: .02% 2088 MHz:   0% 2352 MHz:   0% 2616 MHz:   0% 2868 MHz:   0% 3096 MHz:   0% 3300 MHz:   0% 3468 MHz:   0% 3624 MHz:   0% 3756 MHz:   0% 3828 MHz:   0% 3888 MHz:   0% 3948 MHz:   0% 3996 MHz:   0% 4044 MHz:   0% 4104 MHz:   0% 4416 MHz:   0% 4512 MHz:  12%)
CPU 6 idle residency:   3.74%
CPU 6 down residency:  83.52%
CPU 7 frequency: 4405 MHz
CPU 7 active residency:   9.97% (1260 MHz: .31% 1512 MHz:   0% 1800 MHz: .02% 2088 MHz:   0% 2352 MHz:   0% 2616 MHz:   0% 2868 MHz:   0% 3096 MHz:   0% 3300 MHz:   0% 3468 MHz:   0% 3624 MHz:   0% 3756 MHz:   0% 3828 MHz:   0% 3888 MHz:   0% 3948 MHz:   0% 3996 MHz:   0% 4044 MHz:   0% 4104 MHz:   0% 4416 MHz:   0% 4512 MHz: 9.6%)
CPU 7 idle residency:   3.89%
CPU 7 down residency:  86.14%
CPU 8 frequency: 4422 MHz
CPU 8 active residency:  12.08% (1260 MHz: .31% 1512 MHz:   0% 1800 MHz: .03% 2088 MHz:   0% 2352 MHz:   0% 2616 MHz:   0% 2868 MHz:   0% 3096 MHz:   0% 3300 MHz:   0% 3468 MHz:   0% 3624 MHz:   0% 3756 MHz:   0% 3828 MHz:   0% 3888 MHz:   0% 3948 MHz:   0% 3996 MHz:   0% 4044 MHz:   0% 4104 MHz:   0% 4416 MHz:   0% 4512 MHz:  12%)
CPU 8 idle residency:   3.75%
CPU 8 down residency:  84.17%
CPU 9 frequency: 4433 MHz
CPU 9 active residency:  13.09% (1260 MHz: .30% 1512 MHz:   0% 1800 MHz: .02% 2088 MHz:   0% 2352 MHz:   0% 2616 MHz:   0% 2868 MHz:   0% 3096 MHz:   0% 3300 MHz:   0% 3468 MHz:   0% 3624 MHz:   0% 3756 MHz:   0% 3828 MHz:   0% 3888 MHz:   0% 3948 MHz:   0% 3996 MHz:   0% 4044 MHz:   0% 4104 MHz:   0% 4416 MHz:   0% 4512 MHz:  13%)
CPU 9 idle residency:   3.73%
CPU 9 down residency:  83.17%

P1-Cluster HW active frequency: 4031 MHz
P1-Cluster HW active residency:  99.04% (1260 MHz:   0% 1512 MHz:   0% 1800 MHz:   0% 2088 MHz:   0% 2352 MHz:   0% 2616 MHz:   0% 2868 MHz:   0% 3096 MHz:   0% 3300 MHz:   0% 3468 MHz:   0% 3624 MHz:   0% 3756 MHz:   0% 3828 MHz:   0% 3888 MHz: 7.6% 3948 MHz:  57% 3996 MHz:  12% 4044 MHz: 8.4% 4104 MHz:   0% 4416 MHz: 5.3% 4512 MHz: 8.4%)
P1-Cluster idle residency:   0.96%
P1-Cluster down residency:   0.00%
CPU 10 frequency: 4512 MHz
CPU 10 active residency:  63.32% (1260 MHz:   0% 1512 MHz:   0% 1800 MHz:   0% 2088 MHz:   0% 2352 MHz:   0% 2616 MHz:   0% 2868 MHz:   0% 3096 MHz:   0% 3300 MHz:   0% 3468 MHz:   0% 3624 MHz:   0% 3756 MHz:   0% 3828 MHz:   0% 3888 MHz:   0% 3948 MHz:   0% 3996 MHz:   0% 4044 MHz:   0% 4104 MHz:   0% 4416 MHz:   0% 4512 MHz:  63%)
CPU 10 idle residency:  36.68%
CPU 10 down residency:   0.00%
CPU 11 frequency: 4512 MHz
CPU 11 active residency:  33.04% (1260 MHz:   0% 1512 MHz:   0% 1800 MHz:   0% 2088 MHz:   0% 2352 MHz:   0% 2616 MHz:   0% 2868 MHz:   0% 3096 MHz:   0% 3300 MHz:   0% 3468 MHz:   0% 3624 MHz:   0% 3756 MHz:   0% 3828 MHz:   0% 3888 MHz:   0% 3948 MHz:   0% 3996 MHz:   0% 4044 MHz:   0% 4104 MHz:   0% 4416 MHz:   0% 4512 MHz:  33%)
CPU 11 idle residency:  66.96%
CPU 11 down residency:   0.00%
CPU 12 frequency: 4512 MHz
CPU 12 active residency:  46.71% (1260 MHz:   0% 1512 MHz:   0% 1800 MHz:   0% 2088 MHz:   0% 2352 MHz:   0% 2616 MHz:   0% 2868 MHz:   0% 3096 MHz:   0% 3300 MHz:   0% 3468 MHz:   0% 3624 MHz:   0% 3756 MHz:   0% 3828 MHz:   0% 3888 MHz:   0% 3948 MHz:   0% 3996 MHz:   0% 4044 MHz:   0% 4104 MHz:   0% 4416 MHz:   0% 4512 MHz:  47%)
CPU 12 idle residency:  53.29%
CPU 12 down residency:   0.00%
CPU 13 frequency: 4512 MHz
CPU 13 active residency:  46.85% (1260 MHz:   0% 1512 MHz:   0% 1800 MHz:   0% 2088 MHz:   0% 2352 MHz:   0% 2616 MHz:   0% 2868 MHz:   0% 3096 MHz:   0% 3300 MHz:   0% 3468 MHz:   0% 3624 MHz:   0% 3756 MHz:   0% 3828 MHz:   0% 3888 MHz:   0% 3948 MHz:   0% 3996 MHz:   0% 4044 MHz:   0% 4104 MHz:   0% 4416 MHz:   0% 4512 MHz:  47%)
CPU 13 idle residency:  53.15%
CPU 13 down residency:   0.00%
CPU 14 frequency: 4512 MHz
CPU 14 active residency:  38.33% (1260 MHz:   0% 1512 MHz:   0% 1800 MHz:   0% 2088 MHz:   0% 2352 MHz:   0% 2616 MHz:   0% 2868 MHz:   0% 3096 MHz:   0% 3300 MHz:   0% 3468 MHz:   0% 3624 MHz:   0% 3756 MHz:   0% 3828 MHz:   0% 3888 MHz:   0% 3948 MHz:   0% 3996 MHz:   0% 4044 MHz:   0% 4104 MHz:   0% 4416 MHz:   0% 4512 MHz:  38%)
CPU 14 idle residency:  61.67%
CPU 14 down residency:   0.00%
CPU 15 frequency: 4512 MHz
CPU 15 active residency:  44.04% (1260 MHz:   0% 1512 MHz:   0% 1800 MHz:   0% 2088 MHz:   0% 2352 MHz:   0% 2616 MHz:   0% 2868 MHz:   0% 3096 MHz:   0% 3300 MHz:   0% 3468 MHz:   0% 3624 MHz:   0% 3756 MHz:   0% 3828 MHz:   0% 3888 MHz:   0% 3948 MHz:   0% 3996 MHz:   0% 4044 MHz:   0% 4104 MHz:   0% 4416 MHz:   0% 4512 MHz:  44%)
CPU 15 idle residency:  55.96%
CPU 15 down residency:   0.00%

CPU Power: 6262 mW
GPU Power: 25543 mW
ANE Power: 0 mW
Combined Power (CPU + GPU + ANE): 31805 mW

**** GPU usage ****

GPU HW active frequency: 1578 MHz
GPU HW active residency: 100.00% (338 MHz:   0% 618 MHz:   0% 796 MHz:   0% 924 MHz:   0% 952 MHz:   0% 1056 MHz:   0% 1062 MHz:   0% 1182 MHz:   0% 1182 MHz:   0% 1312 MHz:   0% 1242 MHz:   0% 1380 MHz:   0% 1326 MHz:   0% 1470 MHz:   0% 1578 MHz: 100%)
GPU SW requested state: (P1 :   0% P2 :   0% P3 :   0% P4 :   0% P5 :   0% P6 :   0% P7 :   0% P8 :   0% P9 :   0% P10 : 100% P11 :   0% P12 :   0% P13 :   0% P14 :   0% P15 :   0%)
GPU SW state: (SW_P1 :   0% SW_P2 :   0% SW_P3 :   0% SW_P4 :   0% SW_P5 :   0% SW_P6 :   0% SW_P7 :   0% SW_P8 :   0% SW_P9 :   0% SW_P10 : 100% SW_P11 :   0% SW_P12 :   0% SW_P13 :   0% SW_P14 :   0% SW_P15 :   0%)
GPU idle residency:   0.00%
GPU Power: 25330 mW



*** Sampled system activity (Tue Jan 20 15:17:34 2026 +0100) (1020.01ms elapsed) ***


**** Processor usage ****

E-Cluster Online: 100%
E-Cluster HW active frequency: 2592 MHz
E-Cluster HW active residency:  66.35% (1020 MHz:   0% 1404 MHz:   0% 1788 MHz:   0% 2112 MHz:   0% 2352 MHz:   0% 2532 MHz: .00% 2592 MHz:  66%)
E-Cluster idle residency:  33.65%
E-Cluster down residency:   0.00%
CPU 0 frequency: 2592 MHz
CPU 0 active residency:  30.93% (1020 MHz:   0% 1404 MHz:   0% 1788 MHz:   0% 2112 MHz:   0% 2352 MHz:   0% 2532 MHz:   0% 2592 MHz:  31%)
CPU 0 idle residency:  69.07%
CPU 0 down residency:   0.00%
CPU 1 frequency: 2592 MHz
CPU 1 active residency:  14.53% (1020 MHz:   0% 1404 MHz:   0% 1788 MHz:   0% 2112 MHz:   0% 2352 MHz:   0% 2532 MHz:   0% 2592 MHz:  15%)
CPU 1 idle residency:  85.47%
CPU 1 down residency:   0.00%
CPU 2 frequency: 2592 MHz
CPU 2 active residency:   9.62% (1020 MHz:   0% 1404 MHz:   0% 1788 MHz:   0% 2112 MHz:   0% 2352 MHz:   0% 2532 MHz:   0% 2592 MHz: 9.6%)
CPU 2 idle residency:  90.38%
CPU 2 down residency:   0.00%
CPU 3 frequency: 2592 MHz
CPU 3 active residency:   6.63% (1020 MHz:   0% 1404 MHz:   0% 1788 MHz:   0% 2112 MHz:   0% 2352 MHz:   0% 2532 MHz:   0% 2592 MHz: 6.6%)
CPU 3 idle residency:  93.37%
CPU 3 down residency:   0.00%

P0-Cluster Online: 3%
P0-Cluster HW active frequency: 1260 MHz
P0-Cluster HW active residency:   0.46% (1260 MHz: .46% 1512 MHz:   0% 1800 MHz:   0% 2088 MHz:   0% 2352 MHz:   0% 2616 MHz:   0% 2868 MHz:   0% 3096 MHz:   0% 3300 MHz:   0% 3468 MHz:   0% 3624 MHz:   0% 3756 MHz:   0% 3828 MHz:   0% 3888 MHz:   0% 3948 MHz:   0% 3996 MHz:   0% 4044 MHz:   0% 4104 MHz:   0% 4416 MHz:   0% 4512 MHz:   0%)
P0-Cluster idle residency:   1.74%
P0-Cluster down residency:  97.80%
CPU 4 frequency: 0 MHz
CPU 4 active residency:   0.00% (1260 MHz:   0% 1512 MHz:   0% 1800 MHz:   0% 2088 MHz:   0% 2352 MHz:   0% 2616 MHz:   0% 2868 MHz:   0% 3096 MHz:   0% 3300 MHz:   0% 3468 MHz:   0% 3624 MHz:   0% 3756 MHz:   0% 3828 MHz:   0% 3888 MHz:   0% 3948 MHz:   0% 3996 MHz:   0% 4044 MHz:   0% 4104 MHz:   0% 4416 MHz:   0% 4512 MHz:   0%)
CPU 4 idle residency:   2.12%
CPU 4 down residency:  97.88%
CPU 5 frequency: 0 MHz
CPU 5 active residency:   0.00% (1260 MHz:   0% 1512 MHz:   0% 1800 MHz:   0% 2088 MHz:   0% 2352 MHz:   0% 2616 MHz:   0% 2868 MHz:   0% 3096 MHz:   0% 3300 MHz:   0% 3468 MHz:   0% 3624 MHz:   0% 3756 MHz:   0% 3828 MHz:   0% 3888 MHz:   0% 3948 MHz:   0% 3996 MHz:   0% 4044 MHz:   0% 4104 MHz:   0% 4416 MHz:   0% 4512 MHz:   0%)
CPU 5 idle residency:   2.13%
CPU 5 down residency:  97.87%
CPU 6 frequency: 0 MHz
CPU 6 active residency:   0.00% (1260 MHz:   0% 1512 MHz:   0% 1800 MHz:   0% 2088 MHz:   0% 2352 MHz:   0% 2616 MHz:   0% 2868 MHz:   0% 3096 MHz:   0% 3300 MHz:   0% 3468 MHz:   0% 3624 MHz:   0% 3756 MHz:   0% 3828 MHz:   0% 3888 MHz:   0% 3948 MHz:   0% 3996 MHz:   0% 4044 MHz:   0% 4104 MHz:   0% 4416 MHz:   0% 4512 MHz:   0%)
CPU 6 idle residency:   2.13%
CPU 6 down residency:  97.87%
CPU 7 frequency: 0 MHz
CPU 7 active residency:   0.00% (1260 MHz:   0% 1512 MHz:   0% 1800 MHz:   0% 2088 MHz:   0% 2352 MHz:   0% 2616 MHz:   0% 2868 MHz:   0% 3096 MHz:   0% 3300 MHz:   0% 3468 MHz:   0% 3624 MHz:   0% 3756 MHz:   0% 3828 MHz:   0% 3888 MHz:   0% 3948 MHz:   0% 3996 MHz:   0% 4044 MHz:   0% 4104 MHz:   0% 4416 MHz:   0% 4512 MHz:   0%)
CPU 7 idle residency:   2.13%
CPU 7 down residency:  97.87%
CPU 8 frequency: 0 MHz
CPU 8 active residency:   0.00% (1260 MHz:   0% 1512 MHz:   0% 1800 MHz:   0% 2088 MHz:   0% 2352 MHz:   0% 2616 MHz:   0% 2868 MHz:   0% 3096 MHz:   0% 3300 MHz:   0% 3468 MHz:   0% 3624 MHz:   0% 3756 MHz:   0% 3828 MHz:   0% 3888 MHz:   0% 3948 MHz:   0% 3996 MHz:   0% 4044 MHz:   0% 4104 MHz:   0% 4416 MHz:   0% 4512 MHz:   0%)
CPU 8 idle residency:   2.13%
CPU 8 down residency:  97.87%
CPU 9 frequency: 0 MHz
CPU 9 active residency:   0.00% (1260 MHz:   0% 1512 MHz:   0% 1800 MHz:   0% 2088 MHz:   0% 2352 MHz:   0% 2616 MHz:   0% 2868 MHz:   0% 3096 MHz:   0% 3300 MHz:   0% 3468 MHz:   0% 3624 MHz:   0% 3756 MHz:   0% 3828 MHz:   0% 3888 MHz:   0% 3948 MHz:   0% 3996 MHz:   0% 4044 MHz:   0% 4104 MHz:   0% 4416 MHz:   0% 4512 MHz:   0%)
CPU 9 idle residency:   2.13%
CPU 9 down residency:  97.87%

P1-Cluster HW active frequency: 4025 MHz
P1-Cluster HW active residency:  99.04% (1260 MHz:   0% 1512 MHz:   0% 1800 MHz:   0% 2088 MHz:   0% 2352 MHz:   0% 2616 MHz:   0% 2868 MHz:   0% 3096 MHz:   0% 3300 MHz:   0% 3468 MHz:   0% 3624 MHz:   0% 3756 MHz:   0% 3828 MHz:   0% 3888 MHz: 8.1% 3948 MHz:  55% 3996 MHz:  13% 4044 MHz:  11% 4104 MHz:   0% 4416 MHz: 4.6% 4512 MHz: 7.6%)
P1-Cluster idle residency:   0.96%
P1-Cluster down residency:   0.00%
CPU 10 frequency: 4512 MHz
CPU 10 active residency:  56.55% (1260 MHz:   0% 1512 MHz:   0% 1800 MHz:   0% 2088 MHz:   0% 2352 MHz:   0% 2616 MHz:   0% 2868 MHz:   0% 3096 MHz:   0% 3300 MHz:   0% 3468 MHz:   0% 3624 MHz:   0% 3756 MHz:   0% 3828 MHz:   0% 3888 MHz:   0% 3948 MHz:   0% 3996 MHz:   0% 4044 MHz:   0% 4104 MHz:   0% 4416 MHz:   0% 4512 MHz:  57%)
CPU 10 idle residency:  43.45%
CPU 10 down residency:   0.00%
CPU 11 frequency: 4512 MHz
CPU 11 active residency:  41.96% (1260 MHz:   0% 1512 MHz:   0% 1800 MHz:   0% 2088 MHz:   0% 2352 MHz:   0% 2616 MHz:   0% 2868 MHz:   0% 3096 MHz:   0% 3300 MHz:   0% 3468 MHz:   0% 3624 MHz:   0% 3756 MHz:   0% 3828 MHz:   0% 3888 MHz:   0% 3948 MHz:   0% 3996 MHz:   0% 4044 MHz:   0% 4104 MHz:   0% 4416 MHz:   0% 4512 MHz:  42%)
CPU 11 idle residency:  58.04%
CPU 11 down residency:   0.00%
CPU 12 frequency: 4512 MHz
CPU 12 active residency:  47.38% (1260 MHz:   0% 1512 MHz:   0% 1800 MHz:   0% 2088 MHz:   0% 2352 MHz:   0% 2616 MHz:   0% 2868 MHz:   0% 3096 MHz:   0% 3300 MHz:   0% 3468 MHz:   0% 3624 MHz:   0% 3756 MHz:   0% 3828 MHz:   0% 3888 MHz:   0% 3948 MHz:   0% 3996 MHz:   0% 4044 MHz:   0% 4104 MHz:   0% 4416 MHz:   0% 4512 MHz:  47%)
CPU 12 idle residency:  52.62%
CPU 12 down residency:   0.00%
CPU 13 frequency: 4512 MHz
CPU 13 active residency:  39.80% (1260 MHz:   0% 1512 MHz:   0% 1800 MHz:   0% 2088 MHz:   0% 2352 MHz:   0% 2616 MHz:   0% 2868 MHz:   0% 3096 MHz:   0% 3300 MHz:   0% 3468 MHz:   0% 3624 MHz:   0% 3756 MHz:   0% 3828 MHz:   0% 3888 MHz:   0% 3948 MHz:   0% 3996 MHz:   0% 4044 MHz:   0% 4104 MHz:   0% 4416 MHz:   0% 4512 MHz:  40%)
CPU 13 idle residency:  60.20%
CPU 13 down residency:   0.00%
CPU 14 frequency: 4512 MHz
CPU 14 active residency:  50.64% (1260 MHz:   0% 1512 MHz:   0% 1800 MHz:   0% 2088 MHz:   0% 2352 MHz:   0% 2616 MHz:   0% 2868 MHz:   0% 3096 MHz:   0% 3300 MHz:   0% 3468 MHz:   0% 3624 MHz:   0% 3756 MHz:   0% 3828 MHz:   0% 3888 MHz:   0% 3948 MHz:   0% 3996 MHz:   0% 4044 MHz:   0% 4104 MHz:   0% 4416 MHz:   0% 4512 MHz:  51%)
CPU 14 idle residency:  49.36%
CPU 14 down residency:   0.00%
CPU 15 frequency: 4512 MHz
CPU 15 active residency:  34.37% (1260 MHz:   0% 1512 MHz:   0% 1800 MHz:   0% 2088 MHz:   0% 2352 MHz:   0% 2616 MHz:   0% 2868 MHz:   0% 3096 MHz:   0% 3300 MHz:   0% 3468 MHz:   0% 3624 MHz:   0% 3756 MHz:   0% 3828 MHz:   0% 3888 MHz:   0% 3948 MHz:   0% 3996 MHz:   0% 4044 MHz:   0% 4104 MHz:   0% 4416 MHz:   0% 4512 MHz:  34%)
CPU 15 idle residency:  65.63%
CPU 15 down residency:   0.00%

CPU Power: 6442 mW
GPU Power: 25070 mW
ANE Power: 0 mW
Combined Power (CPU + GPU + ANE): 31512 mW

**** GPU usage ****

GPU HW active frequency: 1578 MHz
GPU HW active residency: 100.00% (338 MHz:   0% 618 MHz:   0% 796 MHz:   0% 924 MHz:   0% 952 MHz:   0% 1056 MHz:   0% 1062 MHz:   0% 1182 MHz:   0% 1182 MHz:   0% 1312 MHz:   0% 1242 MHz:   0% 1380 MHz:   0% 1326 MHz:   0% 1470 MHz:   0% 1578 MHz: 100%)
GPU SW requested state: (P1 :   0% P2 :   0% P3 :   0% P4 :   0% P5 :   0% P6 :   0% P7 :   0% P8 :   0% P9 :   0% P10 : 100% P11 :   0% P12 :   0% P13 :   0% P14 :   0% P15 :   0%)
GPU SW state: (SW_P1 :   0% SW_P2 :   0% SW_P3 :   0% SW_P4 :   0% SW_P5 :   0% SW_P6 :   0% SW_P7 :   0% SW_P8 :   0% SW_P9 :   0% SW_P10 : 100% SW_P11 :   0% SW_P12 :   0% SW_P13 :   0% SW_P14 :   0% SW_P15 :   0%)
GPU idle residency:   0.00%
GPU Power: 25272 mW



*** Sampled system activity (Tue Jan 20 15:17:35 2026 +0100) (1020.88ms elapsed) ***


**** Processor usage ****

E-Cluster Online: 100%
E-Cluster HW active frequency: 2592 MHz
E-Cluster HW active residency:  64.86% (1020 MHz:   0% 1404 MHz:   0% 1788 MHz:   0% 2112 MHz:   0% 2352 MHz:   0% 2532 MHz: .00% 2592 MHz:  65%)
E-Cluster idle residency:  35.14%
E-Cluster down residency:   0.00%
CPU 0 frequency: 2592 MHz
CPU 0 active residency:  28.42% (1020 MHz:   0% 1404 MHz:   0% 1788 MHz:   0% 2112 MHz:   0% 2352 MHz:   0% 2532 MHz:   0% 2592 MHz:  28%)
CPU 0 idle residency:  71.58%
CPU 0 down residency:   0.00%
CPU 1 frequency: 2592 MHz
CPU 1 active residency:  13.56% (1020 MHz:   0% 1404 MHz:   0% 1788 MHz:   0% 2112 MHz:   0% 2352 MHz:   0% 2532 MHz:   0% 2592 MHz:  14%)
CPU 1 idle residency:  86.44%
CPU 1 down residency:   0.00%
CPU 2 frequency: 2592 MHz
CPU 2 active residency:   6.90% (1020 MHz:   0% 1404 MHz:   0% 1788 MHz:   0% 2112 MHz:   0% 2352 MHz:   0% 2532 MHz:   0% 2592 MHz: 6.9%)
CPU 2 idle residency:  93.10%
CPU 2 down residency:   0.00%
CPU 3 frequency: 2592 MHz
CPU 3 active residency:   4.87% (1020 MHz:   0% 1404 MHz:   0% 1788 MHz:   0% 2112 MHz:   0% 2352 MHz:   0% 2532 MHz:   0% 2592 MHz: 4.9%)
CPU 3 idle residency:  95.13%
CPU 3 down residency:   0.00%

P0-Cluster Online: 17%
P0-Cluster HW active frequency: 3816 MHz
P0-Cluster HW active residency:  12.84% (1260 MHz: .94% 1512 MHz:   0% 1800 MHz: .26% 2088 MHz:   0% 2352 MHz:   0% 2616 MHz:   0% 2868 MHz:   0% 3096 MHz:   0% 3300 MHz:   0% 3468 MHz:   0% 3624 MHz:   0% 3756 MHz:   0% 3828 MHz:   0% 3888 MHz: .16% 3948 MHz: 7.1% 3996 MHz: 1.1% 4044 MHz: .85% 4104 MHz:   0% 4416 MHz: .92% 4512 MHz: 1.5%)
P0-Cluster idle residency:   2.30%
P0-Cluster down residency:  84.86%
CPU 4 frequency: 4388 MHz
CPU 4 active residency:   9.34% (1260 MHz: .32% 1512 MHz:   0% 1800 MHz: .05% 2088 MHz:   0% 2352 MHz:   0% 2616 MHz:   0% 2868 MHz:   0% 3096 MHz:   0% 3300 MHz:   0% 3468 MHz:   0% 3624 MHz:   0% 3756 MHz:   0% 3828 MHz:   0% 3888 MHz:   0% 3948 MHz:   0% 3996 MHz:   0% 4044 MHz:   0% 4104 MHz:   0% 4416 MHz:   0% 4512 MHz: 9.0%)
CPU 4 idle residency:   5.90%
CPU 4 down residency:  84.76%
CPU 5 frequency: 4389 MHz
CPU 5 active residency:   9.50% (1260 MHz: .31% 1512 MHz:   0% 1800 MHz: .06% 2088 MHz:   0% 2352 MHz:   0% 2616 MHz:   0% 2868 MHz:   0% 3096 MHz:   0% 3300 MHz:   0% 3468 MHz:   0% 3624 MHz:   0% 3756 MHz:   0% 3828 MHz:   0% 3888 MHz:   0% 3948 MHz:   0% 3996 MHz:   0% 4044 MHz:   0% 4104 MHz:   0% 4416 MHz:   0% 4512 MHz: 9.1%)
CPU 5 idle residency:   5.74%
CPU 5 down residency:  84.76%
CPU 6 frequency: 3761 MHz
CPU 6 active residency:   1.40% (1260 MHz: .31% 1512 MHz:   0% 1800 MHz: .02% 2088 MHz:   0% 2352 MHz:   0% 2616 MHz:   0% 2868 MHz:   0% 3096 MHz:   0% 3300 MHz:   0% 3468 MHz:   0% 3624 MHz:   0% 3756 MHz:   0% 3828 MHz:   0% 3888 MHz:   0% 3948 MHz:   0% 3996 MHz:   0% 4044 MHz:   0% 4104 MHz:   0% 4416 MHz:   0% 4512 MHz: 1.1%)
CPU 6 idle residency:  13.84%
CPU 6 down residency:  84.76%
CPU 7 frequency: 3435 MHz
CPU 7 active residency:   0.94% (1260 MHz: .31% 1512 MHz:   0% 1800 MHz: .01% 2088 MHz:   0% 2352 MHz:   0% 2616 MHz:   0% 2868 MHz:   0% 3096 MHz:   0% 3300 MHz:   0% 3468 MHz:   0% 3624 MHz:   0% 3756 MHz:   0% 3828 MHz:   0% 3888 MHz:   0% 3948 MHz:   0% 3996 MHz:   0% 4044 MHz:   0% 4104 MHz:   0% 4416 MHz:   0% 4512 MHz: .63%)
CPU 7 idle residency:  14.30%
CPU 7 down residency:  84.76%
CPU 8 frequency: 4350 MHz
CPU 8 active residency:   7.88% (1260 MHz: .31% 1512 MHz:   0% 1800 MHz: .10% 2088 MHz:   0% 2352 MHz:   0% 2616 MHz:   0% 2868 MHz:   0% 3096 MHz:   0% 3300 MHz:   0% 3468 MHz:   0% 3624 MHz:   0% 3756 MHz:   0% 3828 MHz:   0% 3888 MHz:   0% 3948 MHz:   0% 3996 MHz:   0% 4044 MHz:   0% 4104 MHz:   0% 4416 MHz:   0% 4512 MHz: 7.5%)
CPU 8 idle residency:   7.36%
CPU 8 down residency:  84.76%
CPU 9 frequency: 3297 MHz
CPU 9 active residency:   0.85% (1260 MHz: .31% 1512 MHz:   0% 1800 MHz: .01% 2088 MHz:   0% 2352 MHz:   0% 2616 MHz:   0% 2868 MHz:   0% 3096 MHz:   0% 3300 MHz:   0% 3468 MHz:   0% 3624 MHz:   0% 3756 MHz:   0% 3828 MHz:   0% 3888 MHz:   0% 3948 MHz:   0% 3996 MHz:   0% 4044 MHz:   0% 4104 MHz:   0% 4416 MHz:   0% 4512 MHz: .53%)
CPU 9 idle residency:  14.39%
CPU 9 down residency:  84.76%

P1-Cluster HW active frequency: 4012 MHz
P1-Cluster HW active residency:  87.74% (1260 MHz:   0% 1512 MHz:   0% 1800 MHz:   0% 2088 MHz:   0% 2352 MHz:   0% 2616 MHz:   0% 2868 MHz:   0% 3096 MHz:   0% 3300 MHz:   0% 3468 MHz:   0% 3624 MHz:   0% 3756 MHz:   0% 3828 MHz:   0% 3888 MHz: 7.6% 3948 MHz:  50% 3996 MHz:  12% 4044 MHz: 9.0% 4104 MHz:   0% 4416 MHz: 3.3% 4512 MHz: 5.4%)
P1-Cluster idle residency:   0.63%
P1-Cluster down residency:  11.62%
CPU 10 frequency: 4512 MHz
CPU 10 active residency:  53.86% (1260 MHz:   0% 1512 MHz:   0% 1800 MHz:   0% 2088 MHz:   0% 2352 MHz:   0% 2616 MHz:   0% 2868 MHz:   0% 3096 MHz:   0% 3300 MHz:   0% 3468 MHz:   0% 3624 MHz:   0% 3756 MHz:   0% 3828 MHz:   0% 3888 MHz:   0% 3948 MHz:   0% 3996 MHz:   0% 4044 MHz:   0% 4104 MHz:   0% 4416 MHz:   0% 4512 MHz:  54%)
CPU 10 idle residency:  34.44%
CPU 10 down residency:  11.70%
CPU 11 frequency: 4512 MHz
CPU 11 active residency:  43.60% (1260 MHz:   0% 1512 MHz:   0% 1800 MHz:   0% 2088 MHz:   0% 2352 MHz:   0% 2616 MHz:   0% 2868 MHz:   0% 3096 MHz:   0% 3300 MHz:   0% 3468 MHz:   0% 3624 MHz:   0% 3756 MHz:   0% 3828 MHz:   0% 3888 MHz:   0% 3948 MHz:   0% 3996 MHz:   0% 4044 MHz:   0% 4104 MHz:   0% 4416 MHz:   0% 4512 MHz:  44%)
CPU 11 idle residency:  44.10%
CPU 11 down residency:  12.31%
CPU 12 frequency: 4512 MHz
CPU 12 active residency:  32.74% (1260 MHz:   0% 1512 MHz:   0% 1800 MHz:   0% 2088 MHz:   0% 2352 MHz:   0% 2616 MHz:   0% 2868 MHz:   0% 3096 MHz:   0% 3300 MHz:   0% 3468 MHz:   0% 3624 MHz:   0% 3756 MHz:   0% 3828 MHz:   0% 3888 MHz:   0% 3948 MHz:   0% 3996 MHz:   0% 4044 MHz:   0% 4104 MHz:   0% 4416 MHz:   0% 4512 MHz:  33%)
CPU 12 idle residency:  55.44%
CPU 12 down residency:  11.82%
CPU 13 frequency: 4512 MHz
CPU 13 active residency:  38.47% (1260 MHz:   0% 1512 MHz:   0% 1800 MHz:   0% 2088 MHz:   0% 2352 MHz:   0% 2616 MHz:   0% 2868 MHz:   0% 3096 MHz:   0% 3300 MHz:   0% 3468 MHz:   0% 3624 MHz:   0% 3756 MHz:   0% 3828 MHz:   0% 3888 MHz:   0% 3948 MHz:   0% 3996 MHz:   0% 4044 MHz:   0% 4104 MHz:   0% 4416 MHz:   0% 4512 MHz:  38%)
CPU 13 idle residency:  49.30%
CPU 13 down residency:  12.23%
CPU 14 frequency: 4512 MHz
CPU 14 active residency:  34.93% (1260 MHz:   0% 1512 MHz:   0% 1800 MHz:   0% 2088 MHz:   0% 2352 MHz:   0% 2616 MHz:   0% 2868 MHz:   0% 3096 MHz:   0% 3300 MHz:   0% 3468 MHz:   0% 3624 MHz:   0% 3756 MHz:   0% 3828 MHz:   0% 3888 MHz:   0% 3948 MHz:   0% 3996 MHz:   0% 4044 MHz:   0% 4104 MHz:   0% 4416 MHz:   0% 4512 MHz:  35%)
CPU 14 idle residency:  53.18%
CPU 14 down residency:  11.89%
CPU 15 frequency: 4512 MHz
CPU 15 active residency:  36.51% (1260 MHz:   0% 1512 MHz:   0% 1800 MHz:   0% 2088 MHz:   0% 2352 MHz:   0% 2616 MHz:   0% 2868 MHz:   0% 3096 MHz:   0% 3300 MHz:   0% 3468 MHz:   0% 3624 MHz:   0% 3756 MHz:   0% 3828 MHz:   0% 3888 MHz:   0% 3948 MHz:   0% 3996 MHz:   0% 4044 MHz:   0% 4104 MHz:   0% 4416 MHz:   0% 4512 MHz:  37%)
CPU 15 idle residency:  51.22%
CPU 15 down residency:  12.27%

CPU Power: 6416 mW
GPU Power: 25522 mW
ANE Power: 0 mW
Combined Power (CPU + GPU + ANE): 31938 mW

**** GPU usage ****

GPU HW active frequency: 1578 MHz
GPU HW active residency: 100.00% (338 MHz:   0% 618 MHz:   0% 796 MHz:   0% 924 MHz:   0% 952 MHz:   0% 1056 MHz:   0% 1062 MHz:   0% 1182 MHz:   0% 1182 MHz:   0% 1312 MHz:   0% 1242 MHz:   0% 1380 MHz:   0% 1326 MHz:   0% 1470 MHz:   0% 1578 MHz: 100%)
GPU SW requested state: (P1 :   0% P2 :   0% P3 :   0% P4 :   0% P5 :   0% P6 :   0% P7 :   0% P8 :   0% P9 :   0% P10 : 100% P11 :   0% P12 :   0% P13 :   0% P14 :   0% P15 :   0%)
GPU SW state: (SW_P1 :   0% SW_P2 :   0% SW_P3 :   0% SW_P4 :   0% SW_P5 :   0% SW_P6 :   0% SW_P7 :   0% SW_P8 :   0% SW_P9 :   0% SW_P10 : 100% SW_P11 :   0% SW_P12 :   0% SW_P13 :   0% SW_P14 :   0% SW_P15 :   0%)
GPU idle residency:   0.00%
GPU Power: 25320 mW



*** Sampled system activity (Tue Jan 20 15:17:36 2026 +0100) (1019.77ms elapsed) ***


**** Processor usage ****

E-Cluster Online: 100%
E-Cluster HW active frequency: 2592 MHz
E-Cluster HW active residency:  69.07% (1020 MHz:   0% 1404 MHz:   0% 1788 MHz:   0% 2112 MHz:   0% 2352 MHz:   0% 2532 MHz: .00% 2592 MHz:  69%)
E-Cluster idle residency:  30.93%
E-Cluster down residency:   0.00%
CPU 0 frequency: 2592 MHz
CPU 0 active residency:  32.00% (1020 MHz:   0% 1404 MHz:   0% 1788 MHz:   0% 2112 MHz:   0% 2352 MHz:   0% 2532 MHz:   0% 2592 MHz:  32%)
CPU 0 idle residency:  68.00%
CPU 0 down residency:   0.00%
CPU 1 frequency: 2592 MHz
CPU 1 active residency:  16.46% (1020 MHz:   0% 1404 MHz:   0% 1788 MHz:   0% 2112 MHz:   0% 2352 MHz:   0% 2532 MHz:   0% 2592 MHz:  16%)
CPU 1 idle residency:  83.54%
CPU 1 down residency:   0.00%
CPU 2 frequency: 2592 MHz
CPU 2 active residency:   9.77% (1020 MHz:   0% 1404 MHz:   0% 1788 MHz:   0% 2112 MHz:   0% 2352 MHz:   0% 2532 MHz:   0% 2592 MHz: 9.8%)
CPU 2 idle residency:  90.23%
CPU 2 down residency:   0.00%
CPU 3 frequency: 2592 MHz
CPU 3 active residency:   6.24% (1020 MHz:   0% 1404 MHz:   0% 1788 MHz:   0% 2112 MHz:   0% 2352 MHz:   0% 2532 MHz:   0% 2592 MHz: 6.2%)
CPU 3 idle residency:  93.76%
CPU 3 down residency:   0.00%

P0-Cluster Online: 100%
P0-Cluster HW active frequency: 4022 MHz
P0-Cluster HW active residency:  99.21% (1260 MHz:   0% 1512 MHz:   0% 1800 MHz:   0% 2088 MHz:   0% 2352 MHz:   0% 2616 MHz:   0% 2868 MHz:   0% 3096 MHz:   0% 3300 MHz:   0% 3468 MHz:   0% 3624 MHz:   0% 3756 MHz:   0% 3828 MHz:   0% 3888 MHz: 9.6% 3948 MHz:  58% 3996 MHz:  11% 4044 MHz: 7.9% 4104 MHz:   0% 4416 MHz: 4.7% 4512 MHz: 7.8%)
P0-Cluster idle residency:   0.79%
P0-Cluster down residency:   0.00%
CPU 4 frequency: 4512 MHz
CPU 4 active residency:  61.99% (1260 MHz:   0% 1512 MHz:   0% 1800 MHz:   0% 2088 MHz:   0% 2352 MHz:   0% 2616 MHz:   0% 2868 MHz:   0% 3096 MHz:   0% 3300 MHz:   0% 3468 MHz:   0% 3624 MHz:   0% 3756 MHz:   0% 3828 MHz:   0% 3888 MHz:   0% 3948 MHz:   0% 3996 MHz:   0% 4044 MHz:   0% 4104 MHz:   0% 4416 MHz:   0% 4512 MHz:  62%)
CPU 4 idle residency:  38.01%
CPU 4 down residency:   0.00%
CPU 5 frequency: 4512 MHz
CPU 5 active residency:  35.03% (1260 MHz:   0% 1512 MHz:   0% 1800 MHz:   0% 2088 MHz:   0% 2352 MHz:   0% 2616 MHz:   0% 2868 MHz:   0% 3096 MHz:   0% 3300 MHz:   0% 3468 MHz:   0% 3624 MHz:   0% 3756 MHz:   0% 3828 MHz:   0% 3888 MHz:   0% 3948 MHz:   0% 3996 MHz:   0% 4044 MHz:   0% 4104 MHz:   0% 4416 MHz:   0% 4512 MHz:  35%)
CPU 5 idle residency:  64.97%
CPU 5 down residency:   0.00%
CPU 6 frequency: 4512 MHz
CPU 6 active residency:  52.04% (1260 MHz:   0% 1512 MHz:   0% 1800 MHz:   0% 2088 MHz:   0% 2352 MHz:   0% 2616 MHz:   0% 2868 MHz:   0% 3096 MHz:   0% 3300 MHz:   0% 3468 MHz:   0% 3624 MHz:   0% 3756 MHz:   0% 3828 MHz:   0% 3888 MHz:   0% 3948 MHz:   0% 3996 MHz:   0% 4044 MHz:   0% 4104 MHz:   0% 4416 MHz:   0% 4512 MHz:  52%)
CPU 6 idle residency:  47.96%
CPU 6 down residency:   0.00%
CPU 7 frequency: 4512 MHz
CPU 7 active residency:  50.23% (1260 MHz:   0% 1512 MHz:   0% 1800 MHz:   0% 2088 MHz:   0% 2352 MHz:   0% 2616 MHz:   0% 2868 MHz:   0% 3096 MHz:   0% 3300 MHz:   0% 3468 MHz:   0% 3624 MHz:   0% 3756 MHz:   0% 3828 MHz:   0% 3888 MHz:   0% 3948 MHz:   0% 3996 MHz:   0% 4044 MHz:   0% 4104 MHz:   0% 4416 MHz:   0% 4512 MHz:  50%)
CPU 7 idle residency:  49.77%
CPU 7 down residency:   0.00%
CPU 8 frequency: 4512 MHz
CPU 8 active residency:  39.89% (1260 MHz:   0% 1512 MHz:   0% 1800 MHz:   0% 2088 MHz:   0% 2352 MHz:   0% 2616 MHz:   0% 2868 MHz:   0% 3096 MHz:   0% 3300 MHz:   0% 3468 MHz:   0% 3624 MHz:   0% 3756 MHz:   0% 3828 MHz:   0% 3888 MHz:   0% 3948 MHz:   0% 3996 MHz:   0% 4044 MHz:   0% 4104 MHz:   0% 4416 MHz:   0% 4512 MHz:  40%)
CPU 8 idle residency:  60.11%
CPU 8 down residency:   0.00%
CPU 9 frequency: 4512 MHz
CPU 9 active residency:  46.05% (1260 MHz:   0% 1512 MHz:   0% 1800 MHz:   0% 2088 MHz:   0% 2352 MHz:   0% 2616 MHz:   0% 2868 MHz:   0% 3096 MHz:   0% 3300 MHz:   0% 3468 MHz:   0% 3624 MHz:   0% 3756 MHz:   0% 3828 MHz:   0% 3888 MHz:   0% 3948 MHz:   0% 3996 MHz:   0% 4044 MHz:   0% 4104 MHz:   0% 4416 MHz:   0% 4512 MHz:  46%)
CPU 9 idle residency:  53.95%
CPU 9 down residency:   0.00%

P1-Cluster HW active frequency: 1648 MHz
P1-Cluster HW active residency:   1.17% (1260 MHz: .99% 1512 MHz:   0% 1800 MHz: .05% 2088 MHz:   0% 2352 MHz:   0% 2616 MHz:   0% 2868 MHz:   0% 3096 MHz:   0% 3300 MHz:   0% 3468 MHz:   0% 3624 MHz:   0% 3756 MHz:   0% 3828 MHz:   0% 3888 MHz: .00% 3948 MHz:   0% 3996 MHz:   0% 4044 MHz:   0% 4104 MHz:   0% 4416 MHz: .00% 4512 MHz: .13%)
P1-Cluster idle residency:   2.63%
P1-Cluster down residency:  96.20%
CPU 10 frequency: 0 MHz
CPU 10 active residency:   0.00% (1260 MHz:   0% 1512 MHz:   0% 1800 MHz:   0% 2088 MHz:   0% 2352 MHz:   0% 2616 MHz:   0% 2868 MHz:   0% 3096 MHz:   0% 3300 MHz:   0% 3468 MHz:   0% 3624 MHz:   0% 3756 MHz:   0% 3828 MHz:   0% 3888 MHz:   0% 3948 MHz:   0% 3996 MHz:   0% 4044 MHz:   0% 4104 MHz:   0% 4416 MHz:   0% 4512 MHz:   0%)
CPU 10 idle residency:   3.60%
CPU 10 down residency:  96.40%
CPU 11 frequency: 0 MHz
CPU 11 active residency:   0.00% (1260 MHz:   0% 1512 MHz:   0% 1800 MHz:   0% 2088 MHz:   0% 2352 MHz:   0% 2616 MHz:   0% 2868 MHz:   0% 3096 MHz:   0% 3300 MHz:   0% 3468 MHz:   0% 3624 MHz:   0% 3756 MHz:   0% 3828 MHz:   0% 3888 MHz:   0% 3948 MHz:   0% 3996 MHz:   0% 4044 MHz:   0% 4104 MHz:   0% 4416 MHz:   0% 4512 MHz:   0%)
CPU 11 idle residency:   3.57%
CPU 11 down residency:  96.43%
CPU 12 frequency: 0 MHz
CPU 12 active residency:   0.00% (1260 MHz:   0% 1512 MHz:   0% 1800 MHz:   0% 2088 MHz:   0% 2352 MHz:   0% 2616 MHz:   0% 2868 MHz:   0% 3096 MHz:   0% 3300 MHz:   0% 3468 MHz:   0% 3624 MHz:   0% 3756 MHz:   0% 3828 MHz:   0% 3888 MHz:   0% 3948 MHz:   0% 3996 MHz:   0% 4044 MHz:   0% 4104 MHz:   0% 4416 MHz:   0% 4512 MHz:   0%)
CPU 12 idle residency:   3.57%
CPU 12 down residency:  96.43%
CPU 13 frequency: 0 MHz
CPU 13 active residency:   0.00% (1260 MHz:   0% 1512 MHz:   0% 1800 MHz:   0% 2088 MHz:   0% 2352 MHz:   0% 2616 MHz:   0% 2868 MHz:   0% 3096 MHz:   0% 3300 MHz:   0% 3468 MHz:   0% 3624 MHz:   0% 3756 MHz:   0% 3828 MHz:   0% 3888 MHz:   0% 3948 MHz:   0% 3996 MHz:   0% 4044 MHz:   0% 4104 MHz:   0% 4416 MHz:   0% 4512 MHz:   0%)
CPU 13 idle residency:   3.60%
CPU 13 down residency:  96.40%
CPU 14 frequency: 0 MHz
CPU 14 active residency:   0.00% (1260 MHz:   0% 1512 MHz:   0% 1800 MHz:   0% 2088 MHz:   0% 2352 MHz:   0% 2616 MHz:   0% 2868 MHz:   0% 3096 MHz:   0% 3300 MHz:   0% 3468 MHz:   0% 3624 MHz:   0% 3756 MHz:   0% 3828 MHz:   0% 3888 MHz:   0% 3948 MHz:   0% 3996 MHz:   0% 4044 MHz:   0% 4104 MHz:   0% 4416 MHz:   0% 4512 MHz:   0%)
CPU 14 idle residency:   3.60%
CPU 14 down residency:  96.40%
CPU 15 frequency: 0 MHz
CPU 15 active residency:   0.00% (1260 MHz:   0% 1512 MHz:   0% 1800 MHz:   0% 2088 MHz:   0% 2352 MHz:   0% 2616 MHz:   0% 2868 MHz:   0% 3096 MHz:   0% 3300 MHz:   0% 3468 MHz:   0% 3624 MHz:   0% 3756 MHz:   0% 3828 MHz:   0% 3888 MHz:   0% 3948 MHz:   0% 3996 MHz:   0% 4044 MHz:   0% 4104 MHz:   0% 4416 MHz:   0% 4512 MHz:   0%)
CPU 15 idle residency:   3.60%
CPU 15 down residency:  96.40%

CPU Power: 6611 mW
GPU Power: 25540 mW
ANE Power: 0 mW
Combined Power (CPU + GPU + ANE): 32151 mW

**** GPU usage ****

GPU HW active frequency: 1578 MHz
GPU HW active residency: 100.00% (338 MHz:   0% 618 MHz:   0% 796 MHz:   0% 924 MHz:   0% 952 MHz:   0% 1056 MHz:   0% 1062 MHz:   0% 1182 MHz:   0% 1182 MHz:   0% 1312 MHz:   0% 1242 MHz:   0% 1380 MHz:   0% 1326 MHz:   0% 1470 MHz:   0% 1578 MHz: 100%)
GPU SW requested state: (P1 :   0% P2 :   0% P3 :   0% P4 :   0% P5 :   0% P6 :   0% P7 :   0% P8 :   0% P9 :   0% P10 : 100% P11 :   0% P12 :   0% P13 :   0% P14 :   0% P15 :   0%)
GPU SW state: (SW_P1 :   0% SW_P2 :   0% SW_P3 :   0% SW_P4 :   0% SW_P5 :   0% SW_P6 :   0% SW_P7 :   0% SW_P8 :   0% SW_P9 :   0% SW_P10 : 100% SW_P11 :   0% SW_P12 :   0% SW_P13 :   0% SW_P14 :   0% SW_P15 :   0%)
GPU idle residency:   0.00%
GPU Power: 25747 mW



*** Sampled system activity (Tue Jan 20 15:17:37 2026 +0100) (1020.93ms elapsed) ***


**** Processor usage ****

E-Cluster Online: 100%
E-Cluster HW active frequency: 2561 MHz
E-Cluster HW active residency:  66.65% (1020 MHz: .72% 1404 MHz: .50% 1788 MHz: .25% 2112 MHz:   0% 2352 MHz: .48% 2532 MHz: .00% 2592 MHz:  65%)
E-Cluster idle residency:  33.35%
E-Cluster down residency:   0.00%
CPU 0 frequency: 2560 MHz
CPU 0 active residency:  28.46% (1020 MHz: .36% 1404 MHz: .22% 1788 MHz: .07% 2112 MHz:   0% 2352 MHz: .17% 2532 MHz:   0% 2592 MHz:  28%)
CPU 0 idle residency:  71.54%
CPU 0 down residency:   0.00%
CPU 1 frequency: 2574 MHz
CPU 1 active residency:  14.19% (1020 MHz: .09% 1404 MHz: .08% 1788 MHz: .02% 2112 MHz:   0% 2352 MHz: .05% 2532 MHz:   0% 2592 MHz:  14%)
CPU 1 idle residency:  85.81%
CPU 1 down residency:   0.00%
CPU 2 frequency: 2581 MHz
CPU 2 active residency:   9.07% (1020 MHz: .04% 1404 MHz: .03% 1788 MHz: .00% 2112 MHz:   0% 2352 MHz: .02% 2532 MHz:   0% 2592 MHz: 9.0%)
CPU 2 idle residency:  90.93%
CPU 2 down residency:   0.00%
CPU 3 frequency: 2584 MHz
CPU 3 active residency:   6.51% (1020 MHz: .01% 1404 MHz: .03% 1788 MHz:   0% 2112 MHz:   0% 2352 MHz: .01% 2532 MHz:   0% 2592 MHz: 6.5%)
CPU 3 idle residency:  93.49%
CPU 3 down residency:   0.00%

P0-Cluster Online: 100%
P0-Cluster HW active frequency: 4032 MHz
P0-Cluster HW active residency:  98.97% (1260 MHz:   0% 1512 MHz:   0% 1800 MHz:   0% 2088 MHz:   0% 2352 MHz:   0% 2616 MHz:   0% 2868 MHz:   0% 3096 MHz:   0% 3300 MHz:   0% 3468 MHz:   0% 3624 MHz:   0% 3756 MHz:   0% 3828 MHz: .00% 3888 MHz: 8.8% 3948 MHz:  54% 3996 MHz:  11% 4044 MHz:  11% 4104 MHz:   0% 4416 MHz: 4.2% 4512 MHz: 9.4%)
P0-Cluster idle residency:   1.03%
P0-Cluster down residency:   0.00%
CPU 4 frequency: 4512 MHz
CPU 4 active residency:  53.21% (1260 MHz:   0% 1512 MHz:   0% 1800 MHz:   0% 2088 MHz:   0% 2352 MHz:   0% 2616 MHz:   0% 2868 MHz:   0% 3096 MHz:   0% 3300 MHz:   0% 3468 MHz:   0% 3624 MHz:   0% 3756 MHz:   0% 3828 MHz:   0% 3888 MHz:   0% 3948 MHz:   0% 3996 MHz:   0% 4044 MHz:   0% 4104 MHz:   0% 4416 MHz:   0% 4512 MHz:  53%)
CPU 4 idle residency:  46.79%
CPU 4 down residency:   0.00%
CPU 5 frequency: 4512 MHz
CPU 5 active residency:  53.39% (1260 MHz:   0% 1512 MHz:   0% 1800 MHz:   0% 2088 MHz:   0% 2352 MHz:   0% 2616 MHz:   0% 2868 MHz:   0% 3096 MHz:   0% 3300 MHz:   0% 3468 MHz:   0% 3624 MHz:   0% 3756 MHz:   0% 3828 MHz:   0% 3888 MHz:   0% 3948 MHz:   0% 3996 MHz:   0% 4044 MHz:   0% 4104 MHz:   0% 4416 MHz:   0% 4512 MHz:  53%)
CPU 5 idle residency:  46.61%
CPU 5 down residency:   0.00%
CPU 6 frequency: 4512 MHz
CPU 6 active residency:  39.49% (1260 MHz:   0% 1512 MHz:   0% 1800 MHz:   0% 2088 MHz:   0% 2352 MHz:   0% 2616 MHz:   0% 2868 MHz:   0% 3096 MHz:   0% 3300 MHz:   0% 3468 MHz:   0% 3624 MHz:   0% 3756 MHz:   0% 3828 MHz:   0% 3888 MHz:   0% 3948 MHz:   0% 3996 MHz:   0% 4044 MHz:   0% 4104 MHz:   0% 4416 MHz:   0% 4512 MHz:  39%)
CPU 6 idle residency:  60.51%
CPU 6 down residency:   0.00%
CPU 7 frequency: 4512 MHz
CPU 7 active residency:  40.72% (1260 MHz:   0% 1512 MHz:   0% 1800 MHz:   0% 2088 MHz:   0% 2352 MHz:   0% 2616 MHz:   0% 2868 MHz:   0% 3096 MHz:   0% 3300 MHz:   0% 3468 MHz:   0% 3624 MHz:   0% 3756 MHz:   0% 3828 MHz:   0% 3888 MHz:   0% 3948 MHz:   0% 3996 MHz:   0% 4044 MHz:   0% 4104 MHz:   0% 4416 MHz:   0% 4512 MHz:  41%)
CPU 7 idle residency:  59.28%
CPU 7 down residency:   0.00%
CPU 8 frequency: 4512 MHz
CPU 8 active residency:  40.06% (1260 MHz:   0% 1512 MHz:   0% 1800 MHz:   0% 2088 MHz:   0% 2352 MHz:   0% 2616 MHz:   0% 2868 MHz:   0% 3096 MHz:   0% 3300 MHz:   0% 3468 MHz:   0% 3624 MHz:   0% 3756 MHz:   0% 3828 MHz:   0% 3888 MHz:   0% 3948 MHz:   0% 3996 MHz:   0% 4044 MHz:   0% 4104 MHz:   0% 4416 MHz:   0% 4512 MHz:  40%)
CPU 8 idle residency:  59.94%
CPU 8 down residency:   0.00%
CPU 9 frequency: 4512 MHz
CPU 9 active residency:  47.51% (1260 MHz:   0% 1512 MHz:   0% 1800 MHz:   0% 2088 MHz:   0% 2352 MHz:   0% 2616 MHz:   0% 2868 MHz:   0% 3096 MHz:   0% 3300 MHz:   0% 3468 MHz:   0% 3624 MHz:   0% 3756 MHz:   0% 3828 MHz:   0% 3888 MHz:   0% 3948 MHz:   0% 3996 MHz:   0% 4044 MHz:   0% 4104 MHz:   0% 4416 MHz:   0% 4512 MHz:  48%)
CPU 9 idle residency:  52.49%
CPU 9 down residency:   0.00%

P1-Cluster HW active frequency: 2725 MHz
P1-Cluster HW active residency:   8.52% (1260 MHz: 3.8% 1512 MHz: .03% 1800 MHz: .07% 2088 MHz:   0% 2352 MHz:   0% 2616 MHz:   0% 2868 MHz:   0% 3096 MHz:   0% 3300 MHz:   0% 3468 MHz: .14% 3624 MHz: .39% 3756 MHz: .39% 3828 MHz:   0% 3888 MHz: .04% 3948 MHz: 1.7% 3996 MHz: 1.6% 4044 MHz: .14% 4104 MHz:   0% 4416 MHz: .08% 4512 MHz: .20%)
P1-Cluster idle residency:  14.25%
P1-Cluster down residency:  77.23%
CPU 10 frequency: 0 MHz
CPU 10 active residency:   0.00% (1260 MHz:   0% 1512 MHz:   0% 1800 MHz:   0% 2088 MHz:   0% 2352 MHz:   0% 2616 MHz:   0% 2868 MHz:   0% 3096 MHz:   0% 3300 MHz:   0% 3468 MHz:   0% 3624 MHz:   0% 3756 MHz:   0% 3828 MHz:   0% 3888 MHz:   0% 3948 MHz:   0% 3996 MHz:   0% 4044 MHz:   0% 4104 MHz:   0% 4416 MHz:   0% 4512 MHz:   0%)
CPU 10 idle residency:  22.55%
CPU 10 down residency:  77.45%
CPU 11 frequency: 0 MHz
CPU 11 active residency:   0.00% (1260 MHz:   0% 1512 MHz:   0% 1800 MHz:   0% 2088 MHz:   0% 2352 MHz:   0% 2616 MHz:   0% 2868 MHz:   0% 3096 MHz:   0% 3300 MHz:   0% 3468 MHz:   0% 3624 MHz:   0% 3756 MHz:   0% 3828 MHz:   0% 3888 MHz:   0% 3948 MHz:   0% 3996 MHz:   0% 4044 MHz:   0% 4104 MHz:   0% 4416 MHz:   0% 4512 MHz:   0%)
CPU 11 idle residency:  19.36%
CPU 11 down residency:  80.64%
CPU 12 frequency: 0 MHz
CPU 12 active residency:   0.00% (1260 MHz:   0% 1512 MHz:   0% 1800 MHz:   0% 2088 MHz:   0% 2352 MHz:   0% 2616 MHz:   0% 2868 MHz:   0% 3096 MHz:   0% 3300 MHz:   0% 3468 MHz:   0% 3624 MHz:   0% 3756 MHz:   0% 3828 MHz:   0% 3888 MHz:   0% 3948 MHz:   0% 3996 MHz:   0% 4044 MHz:   0% 4104 MHz:   0% 4416 MHz:   0% 4512 MHz:   0%)
CPU 12 idle residency:  20.16%
CPU 12 down residency:  79.84%
CPU 13 frequency: 0 MHz
CPU 13 active residency:   0.00% (1260 MHz:   0% 1512 MHz:   0% 1800 MHz:   0% 2088 MHz:   0% 2352 MHz:   0% 2616 MHz:   0% 2868 MHz:   0% 3096 MHz:   0% 3300 MHz:   0% 3468 MHz:   0% 3624 MHz:   0% 3756 MHz:   0% 3828 MHz:   0% 3888 MHz:   0% 3948 MHz:   0% 3996 MHz:   0% 4044 MHz:   0% 4104 MHz:   0% 4416 MHz:   0% 4512 MHz:   0%)
CPU 13 idle residency:  21.55%
CPU 13 down residency:  78.45%
CPU 14 frequency: 0 MHz
CPU 14 active residency:   0.00% (1260 MHz:   0% 1512 MHz:   0% 1800 MHz:   0% 2088 MHz:   0% 2352 MHz:   0% 2616 MHz:   0% 2868 MHz:   0% 3096 MHz:   0% 3300 MHz:   0% 3468 MHz:   0% 3624 MHz:   0% 3756 MHz:   0% 3828 MHz:   0% 3888 MHz:   0% 3948 MHz:   0% 3996 MHz:   0% 4044 MHz:   0% 4104 MHz:   0% 4416 MHz:   0% 4512 MHz:   0%)
CPU 14 idle residency:  22.59%
CPU 14 down residency:  77.41%
CPU 15 frequency: 0 MHz
CPU 15 active residency:   0.00% (1260 MHz:   0% 1512 MHz:   0% 1800 MHz:   0% 2088 MHz:   0% 2352 MHz:   0% 2616 MHz:   0% 2868 MHz:   0% 3096 MHz:   0% 3300 MHz:   0% 3468 MHz:   0% 3624 MHz:   0% 3756 MHz:   0% 3828 MHz:   0% 3888 MHz:   0% 3948 MHz:   0% 3996 MHz:   0% 4044 MHz:   0% 4104 MHz:   0% 4416 MHz:   0% 4512 MHz:   0%)
CPU 15 idle residency:  22.12%
CPU 15 down residency:  77.88%

CPU Power: 6780 mW
GPU Power: 25639 mW
ANE Power: 0 mW
Combined Power (CPU + GPU + ANE): 32419 mW

**** GPU usage ****

GPU HW active frequency: 1578 MHz
GPU HW active residency: 100.00% (338 MHz:   0% 618 MHz:   0% 796 MHz:   0% 924 MHz:   0% 952 MHz:   0% 1056 MHz:   0% 1062 MHz:   0% 1182 MHz:   0% 1182 MHz:   0% 1312 MHz:   0% 1242 MHz:   0% 1380 MHz:   0% 1326 MHz:   0% 1470 MHz:   0% 1578 MHz: 100%)
GPU SW requested state: (P1 :   0% P2 :   0% P3 :   0% P4 :   0% P5 :   0% P6 :   0% P7 :   0% P8 :   0% P9 :   0% P10 : 100% P11 :   0% P12 :   0% P13 :   0% P14 :   0% P15 :   0%)
GPU SW state: (SW_P1 :   0% SW_P2 :   0% SW_P3 :   0% SW_P4 :   0% SW_P5 :   0% SW_P6 :   0% SW_P7 :   0% SW_P8 :   0% SW_P9 :   0% SW_P10 : 100% SW_P11 :   0% SW_P12 :   0% SW_P13 :   0% SW_P14 :   0% SW_P15 :   0%)
GPU idle residency:   0.00%
GPU Power: 25433 mW



*** Sampled system activity (Tue Jan 20 15:17:38 2026 +0100) (1020.76ms elapsed) ***


**** Processor usage ****

E-Cluster Online: 100%
E-Cluster HW active frequency: 2592 MHz
E-Cluster HW active residency:  67.22% (1020 MHz:   0% 1404 MHz:   0% 1788 MHz:   0% 2112 MHz:   0% 2352 MHz:   0% 2532 MHz: .00% 2592 MHz:  67%)
E-Cluster idle residency:  32.78%
E-Cluster down residency:   0.00%
CPU 0 frequency: 2592 MHz
CPU 0 active residency:  31.91% (1020 MHz:   0% 1404 MHz:   0% 1788 MHz:   0% 2112 MHz:   0% 2352 MHz:   0% 2532 MHz:   0% 2592 MHz:  32%)
CPU 0 idle residency:  68.09%
CPU 0 down residency:   0.00%
CPU 1 frequency: 2592 MHz
CPU 1 active residency:  15.18% (1020 MHz:   0% 1404 MHz:   0% 1788 MHz:   0% 2112 MHz:   0% 2352 MHz:   0% 2532 MHz:   0% 2592 MHz:  15%)
CPU 1 idle residency:  84.82%
CPU 1 down residency:   0.00%
CPU 2 frequency: 2592 MHz
CPU 2 active residency:   7.26% (1020 MHz:   0% 1404 MHz:   0% 1788 MHz:   0% 2112 MHz:   0% 2352 MHz:   0% 2532 MHz:   0% 2592 MHz: 7.3%)
CPU 2 idle residency:  92.74%
CPU 2 down residency:   0.00%
CPU 3 frequency: 2592 MHz
CPU 3 active residency:   4.24% (1020 MHz:   0% 1404 MHz:   0% 1788 MHz:   0% 2112 MHz:   0% 2352 MHz:   0% 2532 MHz:   0% 2592 MHz: 4.2%)
CPU 3 idle residency:  95.76%
CPU 3 down residency:   0.00%

P0-Cluster Online: 100%
P0-Cluster HW active frequency: 3987 MHz
P0-Cluster HW active residency:  99.71% (1260 MHz:   0% 1512 MHz:   0% 1800 MHz:   0% 2088 MHz:   0% 2352 MHz:   0% 2616 MHz:   0% 2868 MHz:   0% 3096 MHz:   0% 3300 MHz:   0% 3468 MHz:   0% 3624 MHz:   0% 3756 MHz:   0% 3828 MHz:   0% 3888 MHz: 7.2% 3948 MHz:  68% 3996 MHz:  12% 4044 MHz: 6.2% 4104 MHz:   0% 4416 MHz: 3.4% 4512 MHz: 2.8%)
P0-Cluster idle residency:   0.29%
P0-Cluster down residency:   0.00%
CPU 4 frequency: 4512 MHz
CPU 4 active residency:  58.90% (1260 MHz:   0% 1512 MHz:   0% 1800 MHz:   0% 2088 MHz:   0% 2352 MHz:   0% 2616 MHz:   0% 2868 MHz:   0% 3096 MHz:   0% 3300 MHz:   0% 3468 MHz:   0% 3624 MHz:   0% 3756 MHz:   0% 3828 MHz:   0% 3888 MHz:   0% 3948 MHz:   0% 3996 MHz:   0% 4044 MHz:   0% 4104 MHz:   0% 4416 MHz:   0% 4512 MHz:  59%)
CPU 4 idle residency:  41.10%
CPU 4 down residency:   0.00%
CPU 5 frequency: 4512 MHz
CPU 5 active residency:  47.49% (1260 MHz:   0% 1512 MHz:   0% 1800 MHz:   0% 2088 MHz:   0% 2352 MHz:   0% 2616 MHz:   0% 2868 MHz:   0% 3096 MHz:   0% 3300 MHz:   0% 3468 MHz:   0% 3624 MHz:   0% 3756 MHz:   0% 3828 MHz:   0% 3888 MHz:   0% 3948 MHz:   0% 3996 MHz:   0% 4044 MHz:   0% 4104 MHz:   0% 4416 MHz:   0% 4512 MHz:  47%)
CPU 5 idle residency:  52.51%
CPU 5 down residency:   0.00%
CPU 6 frequency: 4512 MHz
CPU 6 active residency:  59.04% (1260 MHz:   0% 1512 MHz:   0% 1800 MHz:   0% 2088 MHz:   0% 2352 MHz:   0% 2616 MHz:   0% 2868 MHz:   0% 3096 MHz:   0% 3300 MHz:   0% 3468 MHz:   0% 3624 MHz:   0% 3756 MHz:   0% 3828 MHz:   0% 3888 MHz:   0% 3948 MHz:   0% 3996 MHz:   0% 4044 MHz:   0% 4104 MHz:   0% 4416 MHz:   0% 4512 MHz:  59%)
CPU 6 idle residency:  40.96%
CPU 6 down residency:   0.00%
CPU 7 frequency: 4512 MHz
CPU 7 active residency:  55.89% (1260 MHz:   0% 1512 MHz:   0% 1800 MHz:   0% 2088 MHz:   0% 2352 MHz:   0% 2616 MHz:   0% 2868 MHz:   0% 3096 MHz:   0% 3300 MHz:   0% 3468 MHz:   0% 3624 MHz:   0% 3756 MHz:   0% 3828 MHz:   0% 3888 MHz:   0% 3948 MHz:   0% 3996 MHz:   0% 4044 MHz:   0% 4104 MHz:   0% 4416 MHz:   0% 4512 MHz:  56%)
CPU 7 idle residency:  44.11%
CPU 7 down residency:   0.00%
CPU 8 frequency: 4512 MHz
CPU 8 active residency:  42.76% (1260 MHz:   0% 1512 MHz:   0% 1800 MHz:   0% 2088 MHz:   0% 2352 MHz:   0% 2616 MHz:   0% 2868 MHz:   0% 3096 MHz:   0% 3300 MHz:   0% 3468 MHz:   0% 3624 MHz:   0% 3756 MHz:   0% 3828 MHz:   0% 3888 MHz:   0% 3948 MHz:   0% 3996 MHz:   0% 4044 MHz:   0% 4104 MHz:   0% 4416 MHz:   0% 4512 MHz:  43%)
CPU 8 idle residency:  57.24%
CPU 8 down residency:   0.00%
CPU 9 frequency: 4512 MHz
CPU 9 active residency:  45.85% (1260 MHz:   0% 1512 MHz:   0% 1800 MHz:   0% 2088 MHz:   0% 2352 MHz:   0% 2616 MHz:   0% 2868 MHz:   0% 3096 MHz:   0% 3300 MHz:   0% 3468 MHz:   0% 3624 MHz:   0% 3756 MHz:   0% 3828 MHz:   0% 3888 MHz:   0% 3948 MHz:   0% 3996 MHz:   0% 4044 MHz:   0% 4104 MHz:   0% 4416 MHz:   0% 4512 MHz:  46%)
CPU 9 idle residency:  54.15%
CPU 9 down residency:   0.00%

P1-Cluster HW active frequency: 1523 MHz
P1-Cluster HW active residency:   0.60% (1260 MHz: .55% 1512 MHz:   0% 1800 MHz:   0% 2088 MHz:   0% 2352 MHz:   0% 2616 MHz:   0% 2868 MHz:   0% 3096 MHz:   0% 3300 MHz:   0% 3468 MHz:   0% 3624 MHz:   0% 3756 MHz:   0% 3828 MHz:   0% 3888 MHz:   0% 3948 MHz:   0% 3996 MHz:   0% 4044 MHz:   0% 4104 MHz:   0% 4416 MHz:   0% 4512 MHz: .05%)
P1-Cluster idle residency:   1.91%
P1-Cluster down residency:  97.49%
CPU 10 frequency: 0 MHz
CPU 10 active residency:   0.00% (1260 MHz:   0% 1512 MHz:   0% 1800 MHz:   0% 2088 MHz:   0% 2352 MHz:   0% 2616 MHz:   0% 2868 MHz:   0% 3096 MHz:   0% 3300 MHz:   0% 3468 MHz:   0% 3624 MHz:   0% 3756 MHz:   0% 3828 MHz:   0% 3888 MHz:   0% 3948 MHz:   0% 3996 MHz:   0% 4044 MHz:   0% 4104 MHz:   0% 4416 MHz:   0% 4512 MHz:   0%)
CPU 10 idle residency:   2.37%
CPU 10 down residency:  97.63%
CPU 11 frequency: 0 MHz
CPU 11 active residency:   0.00% (1260 MHz:   0% 1512 MHz:   0% 1800 MHz:   0% 2088 MHz:   0% 2352 MHz:   0% 2616 MHz:   0% 2868 MHz:   0% 3096 MHz:   0% 3300 MHz:   0% 3468 MHz:   0% 3624 MHz:   0% 3756 MHz:   0% 3828 MHz:   0% 3888 MHz:   0% 3948 MHz:   0% 3996 MHz:   0% 4044 MHz:   0% 4104 MHz:   0% 4416 MHz:   0% 4512 MHz:   0%)
CPU 11 idle residency:   2.38%
CPU 11 down residency:  97.62%
CPU 12 frequency: 0 MHz
CPU 12 active residency:   0.00% (1260 MHz:   0% 1512 MHz:   0% 1800 MHz:   0% 2088 MHz:   0% 2352 MHz:   0% 2616 MHz:   0% 2868 MHz:   0% 3096 MHz:   0% 3300 MHz:   0% 3468 MHz:   0% 3624 MHz:   0% 3756 MHz:   0% 3828 MHz:   0% 3888 MHz:   0% 3948 MHz:   0% 3996 MHz:   0% 4044 MHz:   0% 4104 MHz:   0% 4416 MHz:   0% 4512 MHz:   0%)
CPU 12 idle residency:   2.37%
CPU 12 down residency:  97.63%
CPU 13 frequency: 0 MHz
CPU 13 active residency:   0.00% (1260 MHz:   0% 1512 MHz:   0% 1800 MHz:   0% 2088 MHz:   0% 2352 MHz:   0% 2616 MHz:   0% 2868 MHz:   0% 3096 MHz:   0% 3300 MHz:   0% 3468 MHz:   0% 3624 MHz:   0% 3756 MHz:   0% 3828 MHz:   0% 3888 MHz:   0% 3948 MHz:   0% 3996 MHz:   0% 4044 MHz:   0% 4104 MHz:   0% 4416 MHz:   0% 4512 MHz:   0%)
CPU 13 idle residency:   2.36%
CPU 13 down residency:  97.64%
CPU 14 frequency: 0 MHz
CPU 14 active residency:   0.00% (1260 MHz:   0% 1512 MHz:   0% 1800 MHz:   0% 2088 MHz:   0% 2352 MHz:   0% 2616 MHz:   0% 2868 MHz:   0% 3096 MHz:   0% 3300 MHz:   0% 3468 MHz:   0% 3624 MHz:   0% 3756 MHz:   0% 3828 MHz:   0% 3888 MHz:   0% 3948 MHz:   0% 3996 MHz:   0% 4044 MHz:   0% 4104 MHz:   0% 4416 MHz:   0% 4512 MHz:   0%)
CPU 14 idle residency:   2.38%
CPU 14 down residency:  97.62%
CPU 15 frequency: 0 MHz
CPU 15 active residency:   0.00% (1260 MHz:   0% 1512 MHz:   0% 1800 MHz:   0% 2088 MHz:   0% 2352 MHz:   0% 2616 MHz:   0% 2868 MHz:   0% 3096 MHz:   0% 3300 MHz:   0% 3468 MHz:   0% 3624 MHz:   0% 3756 MHz:   0% 3828 MHz:   0% 3888 MHz:   0% 3948 MHz:   0% 3996 MHz:   0% 4044 MHz:   0% 4104 MHz:   0% 4416 MHz:   0% 4512 MHz:   0%)
CPU 15 idle residency:   2.37%
CPU 15 down residency:  97.63%

CPU Power: 6646 mW
GPU Power: 25660 mW
ANE Power: 0 mW
Combined Power (CPU + GPU + ANE): 32306 mW

**** GPU usage ****

GPU HW active frequency: 1578 MHz
GPU HW active residency: 100.00% (338 MHz:   0% 618 MHz:   0% 796 MHz:   0% 924 MHz:   0% 952 MHz:   0% 1056 MHz:   0% 1062 MHz:   0% 1182 MHz:   0% 1182 MHz:   0% 1312 MHz:   0% 1242 MHz:   0% 1380 MHz:   0% 1326 MHz:   0% 1470 MHz:   0% 1578 MHz: 100%)
GPU SW requested state: (P1 :   0% P2 :   0% P3 :   0% P4 :   0% P5 :   0% P6 :   0% P7 :   0% P8 :   0% P9 :   0% P10 : 100% P11 :   0% P12 :   0% P13 :   0% P14 :   0% P15 :   0%)
GPU SW state: (SW_P1 :   0% SW_P2 :   0% SW_P3 :   0% SW_P4 :   0% SW_P5 :   0% SW_P6 :   0% SW_P7 :   0% SW_P8 :   0% SW_P9 :   0% SW_P10 : 100% SW_P11 :   0% SW_P12 :   0% SW_P13 :   0% SW_P14 :   0% SW_P15 :   0%)
GPU idle residency:   0.00%
GPU Power: 25874 mW



*** Sampled system activity (Tue Jan 20 15:17:39 2026 +0100) (1021.01ms elapsed) ***


**** Processor usage ****

E-Cluster Online: 100%
E-Cluster HW active frequency: 2592 MHz
E-Cluster HW active residency:  66.35% (1020 MHz:   0% 1404 MHz:   0% 1788 MHz:   0% 2112 MHz:   0% 2352 MHz:   0% 2532 MHz: .00% 2592 MHz:  66%)
E-Cluster idle residency:  33.65%
E-Cluster down residency:   0.00%
CPU 0 frequency: 2592 MHz
CPU 0 active residency:  32.99% (1020 MHz:   0% 1404 MHz:   0% 1788 MHz:   0% 2112 MHz:   0% 2352 MHz:   0% 2532 MHz:   0% 2592 MHz:  33%)
CPU 0 idle residency:  67.01%
CPU 0 down residency:   0.00%
CPU 1 frequency: 2592 MHz
CPU 1 active residency:  19.65% (1020 MHz:   0% 1404 MHz:   0% 1788 MHz:   0% 2112 MHz:   0% 2352 MHz:   0% 2532 MHz:   0% 2592 MHz:  20%)
CPU 1 idle residency:  80.35%
CPU 1 down residency:   0.00%
CPU 2 frequency: 2592 MHz
CPU 2 active residency:  11.27% (1020 MHz:   0% 1404 MHz:   0% 1788 MHz:   0% 2112 MHz:   0% 2352 MHz:   0% 2532 MHz:   0% 2592 MHz:  11%)
CPU 2 idle residency:  88.73%
CPU 2 down residency:   0.00%
CPU 3 frequency: 2592 MHz
CPU 3 active residency:   6.88% (1020 MHz:   0% 1404 MHz:   0% 1788 MHz:   0% 2112 MHz:   0% 2352 MHz:   0% 2532 MHz:   0% 2592 MHz: 6.9%)
CPU 3 idle residency:  93.12%
CPU 3 down residency:   0.00%

P0-Cluster Online: 100%
P0-Cluster HW active frequency: 4007 MHz
P0-Cluster HW active residency:  99.29% (1260 MHz:   0% 1512 MHz:   0% 1800 MHz:   0% 2088 MHz:   0% 2352 MHz:   0% 2616 MHz:   0% 2868 MHz:   0% 3096 MHz:   0% 3300 MHz:   0% 3468 MHz:   0% 3624 MHz:   0% 3756 MHz:   0% 3828 MHz:   0% 3888 MHz:  11% 3948 MHz:  59% 3996 MHz:  11% 4044 MHz: 9.3% 4104 MHz:   0% 4416 MHz: 4.1% 4512 MHz: 5.7%)
P0-Cluster idle residency:   0.71%
P0-Cluster down residency:   0.00%
CPU 4 frequency: 4512 MHz
CPU 4 active residency:  49.21% (1260 MHz:   0% 1512 MHz:   0% 1800 MHz:   0% 2088 MHz:   0% 2352 MHz:   0% 2616 MHz:   0% 2868 MHz:   0% 3096 MHz:   0% 3300 MHz:   0% 3468 MHz:   0% 3624 MHz:   0% 3756 MHz:   0% 3828 MHz:   0% 3888 MHz:   0% 3948 MHz:   0% 3996 MHz:   0% 4044 MHz:   0% 4104 MHz:   0% 4416 MHz:   0% 4512 MHz:  49%)
CPU 4 idle residency:  50.79%
CPU 4 down residency:   0.00%
CPU 5 frequency: 4512 MHz
CPU 5 active residency:  48.79% (1260 MHz:   0% 1512 MHz:   0% 1800 MHz:   0% 2088 MHz:   0% 2352 MHz:   0% 2616 MHz:   0% 2868 MHz:   0% 3096 MHz:   0% 3300 MHz:   0% 3468 MHz:   0% 3624 MHz:   0% 3756 MHz:   0% 3828 MHz:   0% 3888 MHz:   0% 3948 MHz:   0% 3996 MHz:   0% 4044 MHz:   0% 4104 MHz:   0% 4416 MHz:   0% 4512 MHz:  49%)
CPU 5 idle residency:  51.21%
CPU 5 down residency:   0.00%
CPU 6 frequency: 4512 MHz
CPU 6 active residency:  37.23% (1260 MHz:   0% 1512 MHz:   0% 1800 MHz:   0% 2088 MHz:   0% 2352 MHz:   0% 2616 MHz:   0% 2868 MHz:   0% 3096 MHz:   0% 3300 MHz:   0% 3468 MHz:   0% 3624 MHz:   0% 3756 MHz:   0% 3828 MHz:   0% 3888 MHz:   0% 3948 MHz:   0% 3996 MHz:   0% 4044 MHz:   0% 4104 MHz:   0% 4416 MHz:   0% 4512 MHz:  37%)
CPU 6 idle residency:  62.77%
CPU 6 down residency:   0.00%
CPU 7 frequency: 4512 MHz
CPU 7 active residency:  55.17% (1260 MHz:   0% 1512 MHz:   0% 1800 MHz:   0% 2088 MHz:   0% 2352 MHz:   0% 2616 MHz:   0% 2868 MHz:   0% 3096 MHz:   0% 3300 MHz:   0% 3468 MHz:   0% 3624 MHz:   0% 3756 MHz:   0% 3828 MHz:   0% 3888 MHz:   0% 3948 MHz:   0% 3996 MHz:   0% 4044 MHz:   0% 4104 MHz:   0% 4416 MHz:   0% 4512 MHz:  55%)
CPU 7 idle residency:  44.83%
CPU 7 down residency:   0.00%
CPU 8 frequency: 4512 MHz
CPU 8 active residency:  50.57% (1260 MHz:   0% 1512 MHz:   0% 1800 MHz:   0% 2088 MHz:   0% 2352 MHz:   0% 2616 MHz:   0% 2868 MHz:   0% 3096 MHz:   0% 3300 MHz:   0% 3468 MHz:   0% 3624 MHz:   0% 3756 MHz:   0% 3828 MHz:   0% 3888 MHz:   0% 3948 MHz:   0% 3996 MHz:   0% 4044 MHz:   0% 4104 MHz:   0% 4416 MHz:   0% 4512 MHz:  51%)
CPU 8 idle residency:  49.43%
CPU 8 down residency:   0.00%
CPU 9 frequency: 4512 MHz
CPU 9 active residency:  55.36% (1260 MHz:   0% 1512 MHz:   0% 1800 MHz:   0% 2088 MHz:   0% 2352 MHz:   0% 2616 MHz:   0% 2868 MHz:   0% 3096 MHz:   0% 3300 MHz:   0% 3468 MHz:   0% 3624 MHz:   0% 3756 MHz:   0% 3828 MHz:   0% 3888 MHz:   0% 3948 MHz:   0% 3996 MHz:   0% 4044 MHz:   0% 4104 MHz:   0% 4416 MHz:   0% 4512 MHz:  55%)
CPU 9 idle residency:  44.64%
CPU 9 down residency:   0.00%

P1-Cluster HW active frequency: 1753 MHz
P1-Cluster HW active residency:   3.27% (1260 MHz: 2.6% 1512 MHz: .03% 1800 MHz: .11% 2088 MHz:   0% 2352 MHz:   0% 2616 MHz:   0% 2868 MHz:   0% 3096 MHz:   0% 3300 MHz:   0% 3468 MHz:   0% 3624 MHz:   0% 3756 MHz:   0% 3828 MHz:   0% 3888 MHz: .04% 3948 MHz: .02% 3996 MHz:   0% 4044 MHz: .03% 4104 MHz:   0% 4416 MHz: .03% 4512 MHz: .37%)
P1-Cluster idle residency:   8.55%
P1-Cluster down residency:  88.18%
CPU 10 frequency: 0 MHz
CPU 10 active residency:   0.00% (1260 MHz:   0% 1512 MHz:   0% 1800 MHz:   0% 2088 MHz:   0% 2352 MHz:   0% 2616 MHz:   0% 2868 MHz:   0% 3096 MHz:   0% 3300 MHz:   0% 3468 MHz:   0% 3624 MHz:   0% 3756 MHz:   0% 3828 MHz:   0% 3888 MHz:   0% 3948 MHz:   0% 3996 MHz:   0% 4044 MHz:   0% 4104 MHz:   0% 4416 MHz:   0% 4512 MHz:   0%)
CPU 10 idle residency:  11.49%
CPU 10 down residency:  88.51%
CPU 11 frequency: 0 MHz
CPU 11 active residency:   0.00% (1260 MHz:   0% 1512 MHz:   0% 1800 MHz:   0% 2088 MHz:   0% 2352 MHz:   0% 2616 MHz:   0% 2868 MHz:   0% 3096 MHz:   0% 3300 MHz:   0% 3468 MHz:   0% 3624 MHz:   0% 3756 MHz:   0% 3828 MHz:   0% 3888 MHz:   0% 3948 MHz:   0% 3996 MHz:   0% 4044 MHz:   0% 4104 MHz:   0% 4416 MHz:   0% 4512 MHz:   0%)
CPU 11 idle residency:  11.43%
CPU 11 down residency:  88.57%
CPU 12 frequency: 0 MHz
CPU 12 active residency:   0.00% (1260 MHz:   0% 1512 MHz:   0% 1800 MHz:   0% 2088 MHz:   0% 2352 MHz:   0% 2616 MHz:   0% 2868 MHz:   0% 3096 MHz:   0% 3300 MHz:   0% 3468 MHz:   0% 3624 MHz:   0% 3756 MHz:   0% 3828 MHz:   0% 3888 MHz:   0% 3948 MHz:   0% 3996 MHz:   0% 4044 MHz:   0% 4104 MHz:   0% 4416 MHz:   0% 4512 MHz:   0%)
CPU 12 idle residency:  11.32%
CPU 12 down residency:  88.68%
CPU 13 frequency: 0 MHz
CPU 13 active residency:   0.00% (1260 MHz:   0% 1512 MHz:   0% 1800 MHz:   0% 2088 MHz:   0% 2352 MHz:   0% 2616 MHz:   0% 2868 MHz:   0% 3096 MHz:   0% 3300 MHz:   0% 3468 MHz:   0% 3624 MHz:   0% 3756 MHz:   0% 3828 MHz:   0% 3888 MHz:   0% 3948 MHz:   0% 3996 MHz:   0% 4044 MHz:   0% 4104 MHz:   0% 4416 MHz:   0% 4512 MHz:   0%)
CPU 13 idle residency:  11.46%
CPU 13 down residency:  88.54%
CPU 14 frequency: 0 MHz
CPU 14 active residency:   0.00% (1260 MHz:   0% 1512 MHz:   0% 1800 MHz:   0% 2088 MHz:   0% 2352 MHz:   0% 2616 MHz:   0% 2868 MHz:   0% 3096 MHz:   0% 3300 MHz:   0% 3468 MHz:   0% 3624 MHz:   0% 3756 MHz:   0% 3828 MHz:   0% 3888 MHz:   0% 3948 MHz:   0% 3996 MHz:   0% 4044 MHz:   0% 4104 MHz:   0% 4416 MHz:   0% 4512 MHz:   0%)
CPU 14 idle residency:  11.49%
CPU 14 down residency:  88.51%
CPU 15 frequency: 0 MHz
CPU 15 active residency:   0.00% (1260 MHz:   0% 1512 MHz:   0% 1800 MHz:   0% 2088 MHz:   0% 2352 MHz:   0% 2616 MHz:   0% 2868 MHz:   0% 3096 MHz:   0% 3300 MHz:   0% 3468 MHz:   0% 3624 MHz:   0% 3756 MHz:   0% 3828 MHz:   0% 3888 MHz:   0% 3948 MHz:   0% 3996 MHz:   0% 4044 MHz:   0% 4104 MHz:   0% 4416 MHz:   0% 4512 MHz:   0%)
CPU 15 idle residency:  11.50%
CPU 15 down residency:  88.50%

CPU Power: 6746 mW
GPU Power: 25336 mW
ANE Power: 0 mW
Combined Power (CPU + GPU + ANE): 32082 mW

**** GPU usage ****

GPU HW active frequency: 1578 MHz
GPU HW active residency: 100.00% (338 MHz:   0% 618 MHz:   0% 796 MHz:   0% 924 MHz:   0% 952 MHz:   0% 1056 MHz:   0% 1062 MHz:   0% 1182 MHz:   0% 1182 MHz:   0% 1312 MHz:   0% 1242 MHz:   0% 1380 MHz:   0% 1326 MHz:   0% 1470 MHz:   0% 1578 MHz: 100%)
GPU SW requested state: (P1 :   0% P2 :   0% P3 :   0% P4 :   0% P5 :   0% P6 :   0% P7 :   0% P8 :   0% P9 :   0% P10 : 100% P11 :   0% P12 :   0% P13 :   0% P14 :   0% P15 :   0%)
GPU SW state: (SW_P1 :   0% SW_P2 :   0% SW_P3 :   0% SW_P4 :   0% SW_P5 :   0% SW_P6 :   0% SW_P7 :   0% SW_P8 :   0% SW_P9 :   0% SW_P10 : 100% SW_P11 :   0% SW_P12 :   0% SW_P13 :   0% SW_P14 :   0% SW_P15 :   0%)
GPU idle residency:   0.00%
GPU Power: 25303 mW



*** Sampled system activity (Tue Jan 20 15:17:40 2026 +0100) (1019.05ms elapsed) ***


**** Processor usage ****

E-Cluster Online: 100%
E-Cluster HW active frequency: 2592 MHz
E-Cluster HW active residency:  72.67% (1020 MHz:   0% 1404 MHz:   0% 1788 MHz:   0% 2112 MHz:   0% 2352 MHz:   0% 2532 MHz: .00% 2592 MHz:  73%)
E-Cluster idle residency:  27.33%
E-Cluster down residency:   0.00%
CPU 0 frequency: 2592 MHz
CPU 0 active residency:  32.72% (1020 MHz:   0% 1404 MHz:   0% 1788 MHz:   0% 2112 MHz:   0% 2352 MHz:   0% 2532 MHz:   0% 2592 MHz:  33%)
CPU 0 idle residency:  67.28%
CPU 0 down residency:   0.00%
CPU 1 frequency: 2592 MHz
CPU 1 active residency:  19.19% (1020 MHz:   0% 1404 MHz:   0% 1788 MHz:   0% 2112 MHz:   0% 2352 MHz:   0% 2532 MHz:   0% 2592 MHz:  19%)
CPU 1 idle residency:  80.81%
CPU 1 down residency:   0.00%
CPU 2 frequency: 2592 MHz
CPU 2 active residency:  13.11% (1020 MHz:   0% 1404 MHz:   0% 1788 MHz:   0% 2112 MHz:   0% 2352 MHz:   0% 2532 MHz:   0% 2592 MHz:  13%)
CPU 2 idle residency:  86.89%
CPU 2 down residency:   0.00%
CPU 3 frequency: 2592 MHz
CPU 3 active residency:  12.69% (1020 MHz:   0% 1404 MHz:   0% 1788 MHz:   0% 2112 MHz:   0% 2352 MHz:   0% 2532 MHz:   0% 2592 MHz:  13%)
CPU 3 idle residency:  87.31%
CPU 3 down residency:   0.00%

P0-Cluster Online: 41%
P0-Cluster HW active frequency: 4013 MHz
P0-Cluster HW active residency:  40.79% (1260 MHz: .24% 1512 MHz:   0% 1800 MHz:   0% 2088 MHz:   0% 2352 MHz:   0% 2616 MHz:   0% 2868 MHz:   0% 3096 MHz:   0% 3300 MHz:   0% 3468 MHz:   0% 3624 MHz:   0% 3756 MHz:   0% 3828 MHz: .00% 3888 MHz: 4.1% 3948 MHz:  23% 3996 MHz: 4.3% 4044 MHz: 3.1% 4104 MHz:   0% 4416 MHz: 2.3% 4512 MHz: 3.5%)
P0-Cluster idle residency:   0.67%
P0-Cluster down residency:  58.55%
CPU 4 frequency: 4512 MHz
CPU 4 active residency:  11.62% (1260 MHz:   0% 1512 MHz:   0% 1800 MHz:   0% 2088 MHz:   0% 2352 MHz:   0% 2616 MHz:   0% 2868 MHz:   0% 3096 MHz:   0% 3300 MHz:   0% 3468 MHz:   0% 3624 MHz:   0% 3756 MHz:   0% 3828 MHz:   0% 3888 MHz:   0% 3948 MHz:   0% 3996 MHz:   0% 4044 MHz:   0% 4104 MHz:   0% 4416 MHz:   0% 4512 MHz:  12%)
CPU 4 idle residency:  24.45%
CPU 4 down residency:  63.93%
CPU 5 frequency: 4512 MHz
CPU 5 active residency:  12.71% (1260 MHz:   0% 1512 MHz:   0% 1800 MHz:   0% 2088 MHz:   0% 2352 MHz:   0% 2616 MHz:   0% 2868 MHz:   0% 3096 MHz:   0% 3300 MHz:   0% 3468 MHz:   0% 3624 MHz:   0% 3756 MHz:   0% 3828 MHz:   0% 3888 MHz:   0% 3948 MHz:   0% 3996 MHz:   0% 4044 MHz:   0% 4104 MHz:   0% 4416 MHz:   0% 4512 MHz:  13%)
CPU 5 idle residency:  19.15%
CPU 5 down residency:  68.13%
CPU 6 frequency: 4512 MHz
CPU 6 active residency:  11.32% (1260 MHz:   0% 1512 MHz:   0% 1800 MHz:   0% 2088 MHz:   0% 2352 MHz:   0% 2616 MHz:   0% 2868 MHz:   0% 3096 MHz:   0% 3300 MHz:   0% 3468 MHz:   0% 3624 MHz:   0% 3756 MHz:   0% 3828 MHz:   0% 3888 MHz:   0% 3948 MHz:   0% 3996 MHz:   0% 4044 MHz:   0% 4104 MHz:   0% 4416 MHz:   0% 4512 MHz:  11%)
CPU 6 idle residency:  24.42%
CPU 6 down residency:  64.25%
CPU 7 frequency: 4512 MHz
CPU 7 active residency:   8.30% (1260 MHz:   0% 1512 MHz:   0% 1800 MHz:   0% 2088 MHz:   0% 2352 MHz:   0% 2616 MHz:   0% 2868 MHz:   0% 3096 MHz:   0% 3300 MHz:   0% 3468 MHz:   0% 3624 MHz:   0% 3756 MHz:   0% 3828 MHz:   0% 3888 MHz:   0% 3948 MHz:   0% 3996 MHz:   0% 4044 MHz:   0% 4104 MHz:   0% 4416 MHz:   0% 4512 MHz: 8.3%)
CPU 7 idle residency:  28.60%
CPU 7 down residency:  63.11%
CPU 8 frequency: 4512 MHz
CPU 8 active residency:   9.67% (1260 MHz:   0% 1512 MHz:   0% 1800 MHz:   0% 2088 MHz:   0% 2352 MHz:   0% 2616 MHz:   0% 2868 MHz:   0% 3096 MHz:   0% 3300 MHz:   0% 3468 MHz:   0% 3624 MHz:   0% 3756 MHz:   0% 3828 MHz:   0% 3888 MHz:   0% 3948 MHz:   0% 3996 MHz:   0% 4044 MHz:   0% 4104 MHz:   0% 4416 MHz:   0% 4512 MHz: 9.7%)
CPU 8 idle residency:  25.75%
CPU 8 down residency:  64.58%
CPU 9 frequency: 4512 MHz
CPU 9 active residency:  11.59% (1260 MHz:   0% 1512 MHz:   0% 1800 MHz:   0% 2088 MHz:   0% 2352 MHz:   0% 2616 MHz:   0% 2868 MHz:   0% 3096 MHz:   0% 3300 MHz:   0% 3468 MHz:   0% 3624 MHz:   0% 3756 MHz:   0% 3828 MHz:   0% 3888 MHz:   0% 3948 MHz:   0% 3996 MHz:   0% 4044 MHz:   0% 4104 MHz:   0% 4416 MHz:   0% 4512 MHz:  12%)
CPU 9 idle residency:  22.75%
CPU 9 down residency:  65.66%

P1-Cluster HW active frequency: 3971 MHz
P1-Cluster HW active residency:  59.33% (1260 MHz: .35% 1512 MHz:   0% 1800 MHz:   0% 2088 MHz:   0% 2352 MHz:   0% 2616 MHz:   0% 2868 MHz:   0% 3096 MHz:   0% 3300 MHz:   0% 3468 MHz:   0% 3624 MHz:   0% 3756 MHz:   0% 3828 MHz:   0% 3888 MHz: 4.7% 3948 MHz:  38% 3996 MHz: 8.3% 4044 MHz: 5.3% 4104 MHz:   0% 4416 MHz: 1.4% 4512 MHz: 1.7%)
P1-Cluster idle residency:   0.64%
P1-Cluster down residency:  40.03%
CPU 10 frequency: 4460 MHz
CPU 10 active residency:  41.05% (1260 MHz: .63% 1512 MHz:   0% 1800 MHz: .04% 2088 MHz:   0% 2352 MHz:   0% 2616 MHz:   0% 2868 MHz:   0% 3096 MHz:   0% 3300 MHz:   0% 3468 MHz: .01% 3624 MHz:   0% 3756 MHz:   0% 3828 MHz:   0% 3888 MHz:   0% 3948 MHz:   0% 3996 MHz:   0% 4044 MHz:   0% 4104 MHz:   0% 4416 MHz:   0% 4512 MHz:  40%)
CPU 10 idle residency:  19.32%
CPU 10 down residency:  39.62%
CPU 11 frequency: 4434 MHz
CPU 11 active residency:  39.90% (1260 MHz: .62% 1512 MHz: .00% 1800 MHz: .09% 2088 MHz:   0% 2352 MHz:   0% 2616 MHz:   0% 2868 MHz:   0% 3096 MHz:   0% 3300 MHz:   0% 3468 MHz: .13% 3624 MHz: .35% 3756 MHz: .35% 3828 MHz:   0% 3888 MHz:   0% 3948 MHz: .25% 3996 MHz:   0% 4044 MHz:   0% 4104 MHz:   0% 4416 MHz:   0% 4512 MHz:  38%)
CPU 11 idle residency:  23.56%
CPU 11 down residency:  36.54%
CPU 12 frequency: 4419 MHz
CPU 12 active residency:  23.11% (1260 MHz: .62% 1512 MHz: .01% 1800 MHz: .05% 2088 MHz:   0% 2352 MHz:   0% 2616 MHz:   0% 2868 MHz:   0% 3096 MHz:   0% 3300 MHz:   0% 3468 MHz: .01% 3624 MHz:   0% 3756 MHz:   0% 3828 MHz:   0% 3888 MHz:   0% 3948 MHz:   0% 3996 MHz:   0% 4044 MHz:   0% 4104 MHz:   0% 4416 MHz:   0% 4512 MHz:  22%)
CPU 12 idle residency:  38.83%
CPU 12 down residency:  38.06%
CPU 13 frequency: 4437 MHz
CPU 13 active residency:  29.31% (1260 MHz: .60% 1512 MHz:   0% 1800 MHz: .09% 2088 MHz:   0% 2352 MHz:   0% 2616 MHz:   0% 2868 MHz:   0% 3096 MHz:   0% 3300 MHz:   0% 3468 MHz: .01% 3624 MHz:   0% 3756 MHz:   0% 3828 MHz:   0% 3888 MHz:   0% 3948 MHz:   0% 3996 MHz:   0% 4044 MHz:   0% 4104 MHz:   0% 4416 MHz:   0% 4512 MHz:  29%)
CPU 13 idle residency:  33.15%
CPU 13 down residency:  37.54%
CPU 14 frequency: 4448 MHz
CPU 14 active residency:  32.32% (1260 MHz: .62% 1512 MHz:   0% 1800 MHz: .03% 2088 MHz:   0% 2352 MHz:   0% 2616 MHz:   0% 2868 MHz:   0% 3096 MHz:   0% 3300 MHz:   0% 3468 MHz: .01% 3624 MHz:   0% 3756 MHz:   0% 3828 MHz:   0% 3888 MHz:   0% 3948 MHz:   0% 3996 MHz:   0% 4044 MHz:   0% 4104 MHz:   0% 4416 MHz:   0% 4512 MHz:  32%)
CPU 14 idle residency:  28.39%
CPU 14 down residency:  39.28%
CPU 15 frequency: 4451 MHz
CPU 15 active residency:  32.86% (1260 MHz: .59% 1512 MHz:   0% 1800 MHz: .03% 2088 MHz:   0% 2352 MHz:   0% 2616 MHz:   0% 2868 MHz:   0% 3096 MHz:   0% 3300 MHz:   0% 3468 MHz: .00% 3624 MHz:   0% 3756 MHz:   0% 3828 MHz:   0% 3888 MHz:   0% 3948 MHz:   0% 3996 MHz:   0% 4044 MHz:   0% 4104 MHz:   0% 4416 MHz:   0% 4512 MHz:  32%)
CPU 15 idle residency:  29.46%
CPU 15 down residency:  37.68%

CPU Power: 6562 mW
GPU Power: 25865 mW
ANE Power: 0 mW
Combined Power (CPU + GPU + ANE): 32427 mW

**** GPU usage ****

GPU HW active frequency: 1578 MHz
GPU HW active residency:  99.98% (338 MHz: .01% 618 MHz:   0% 796 MHz:   0% 924 MHz:   0% 952 MHz:   0% 1056 MHz:   0% 1062 MHz:   0% 1182 MHz:   0% 1182 MHz:   0% 1312 MHz:   0% 1242 MHz:   0% 1380 MHz:   0% 1326 MHz:   0% 1470 MHz:   0% 1578 MHz: 100%)
GPU SW requested state: (P1 :   0% P2 :   0% P3 :   0% P4 :   0% P5 :   0% P6 :   0% P7 :   0% P8 :   0% P9 :   0% P10 : 100% P11 :   0% P12 :   0% P13 :   0% P14 :   0% P15 :   0%)
GPU SW state: (SW_P1 : .01% SW_P2 :   0% SW_P3 :   0% SW_P4 :   0% SW_P5 :   0% SW_P6 :   0% SW_P7 :   0% SW_P8 :   0% SW_P9 :   0% SW_P10 : 100% SW_P11 :   0% SW_P12 :   0% SW_P13 :   0% SW_P14 :   0% SW_P15 :   0%)
GPU idle residency:   0.02%
GPU Power: 25684 mW



*** Sampled system activity (Tue Jan 20 15:17:41 2026 +0100) (1019.06ms elapsed) ***


**** Processor usage ****

E-Cluster Online: 100%
E-Cluster HW active frequency: 2592 MHz
E-Cluster HW active residency:  64.52% (1020 MHz:   0% 1404 MHz:   0% 1788 MHz:   0% 2112 MHz:   0% 2352 MHz:   0% 2532 MHz: .00% 2592 MHz:  65%)
E-Cluster idle residency:  35.48%
E-Cluster down residency:   0.00%
CPU 0 frequency: 2592 MHz
CPU 0 active residency:  28.09% (1020 MHz:   0% 1404 MHz:   0% 1788 MHz:   0% 2112 MHz:   0% 2352 MHz:   0% 2532 MHz:   0% 2592 MHz:  28%)
CPU 0 idle residency:  71.91%
CPU 0 down residency:   0.00%
CPU 1 frequency: 2592 MHz
CPU 1 active residency:  13.07% (1020 MHz:   0% 1404 MHz:   0% 1788 MHz:   0% 2112 MHz:   0% 2352 MHz:   0% 2532 MHz:   0% 2592 MHz:  13%)
CPU 1 idle residency:  86.93%
CPU 1 down residency:   0.00%
CPU 2 frequency: 2592 MHz
CPU 2 active residency:   7.25% (1020 MHz:   0% 1404 MHz:   0% 1788 MHz:   0% 2112 MHz:   0% 2352 MHz:   0% 2532 MHz:   0% 2592 MHz: 7.3%)
CPU 2 idle residency:  92.75%
CPU 2 down residency:   0.00%
CPU 3 frequency: 2592 MHz
CPU 3 active residency:   5.16% (1020 MHz:   0% 1404 MHz:   0% 1788 MHz:   0% 2112 MHz:   0% 2352 MHz:   0% 2532 MHz:   0% 2592 MHz: 5.2%)
CPU 3 idle residency:  94.84%
CPU 3 down residency:   0.00%

P0-Cluster Online: 9%
P0-Cluster HW active frequency: 2303 MHz
P0-Cluster HW active residency:   3.09% (1260 MHz: 2.0% 1512 MHz:   0% 1800 MHz:   0% 2088 MHz:   0% 2352 MHz:   0% 2616 MHz:   0% 2868 MHz:   0% 3096 MHz:   0% 3300 MHz:   0% 3468 MHz:   0% 3624 MHz:   0% 3756 MHz:   0% 3828 MHz:   0% 3888 MHz: .07% 3948 MHz: .01% 3996 MHz: .04% 4044 MHz: .85% 4104 MHz:   0% 4416 MHz: .04% 4512 MHz: .12%)
P0-Cluster idle residency:   4.69%
P0-Cluster down residency:  92.22%
CPU 4 frequency: 0 MHz
CPU 4 active residency:   0.00% (1260 MHz:   0% 1512 MHz:   0% 1800 MHz:   0% 2088 MHz:   0% 2352 MHz:   0% 2616 MHz:   0% 2868 MHz:   0% 3096 MHz:   0% 3300 MHz:   0% 3468 MHz:   0% 3624 MHz:   0% 3756 MHz:   0% 3828 MHz:   0% 3888 MHz:   0% 3948 MHz:   0% 3996 MHz:   0% 4044 MHz:   0% 4104 MHz:   0% 4416 MHz:   0% 4512 MHz:   0%)
CPU 4 idle residency:   6.48%
CPU 4 down residency:  93.52%
CPU 5 frequency: 0 MHz
CPU 5 active residency:   0.00% (1260 MHz:   0% 1512 MHz:   0% 1800 MHz:   0% 2088 MHz:   0% 2352 MHz:   0% 2616 MHz:   0% 2868 MHz:   0% 3096 MHz:   0% 3300 MHz:   0% 3468 MHz:   0% 3624 MHz:   0% 3756 MHz:   0% 3828 MHz:   0% 3888 MHz:   0% 3948 MHz:   0% 3996 MHz:   0% 4044 MHz:   0% 4104 MHz:   0% 4416 MHz:   0% 4512 MHz:   0%)
CPU 5 idle residency:   7.52%
CPU 5 down residency:  92.48%
CPU 6 frequency: 0 MHz
CPU 6 active residency:   0.00% (1260 MHz:   0% 1512 MHz:   0% 1800 MHz:   0% 2088 MHz:   0% 2352 MHz:   0% 2616 MHz:   0% 2868 MHz:   0% 3096 MHz:   0% 3300 MHz:   0% 3468 MHz:   0% 3624 MHz:   0% 3756 MHz:   0% 3828 MHz:   0% 3888 MHz:   0% 3948 MHz:   0% 3996 MHz:   0% 4044 MHz:   0% 4104 MHz:   0% 4416 MHz:   0% 4512 MHz:   0%)
CPU 6 idle residency:   7.54%
CPU 6 down residency:  92.46%
CPU 7 frequency: 0 MHz
CPU 7 active residency:   0.00% (1260 MHz:   0% 1512 MHz:   0% 1800 MHz:   0% 2088 MHz:   0% 2352 MHz:   0% 2616 MHz:   0% 2868 MHz:   0% 3096 MHz:   0% 3300 MHz:   0% 3468 MHz:   0% 3624 MHz:   0% 3756 MHz:   0% 3828 MHz:   0% 3888 MHz:   0% 3948 MHz:   0% 3996 MHz:   0% 4044 MHz:   0% 4104 MHz:   0% 4416 MHz:   0% 4512 MHz:   0%)
CPU 7 idle residency:   7.49%
CPU 7 down residency:  92.51%
CPU 8 frequency: 0 MHz
CPU 8 active residency:   0.00% (1260 MHz:   0% 1512 MHz:   0% 1800 MHz:   0% 2088 MHz:   0% 2352 MHz:   0% 2616 MHz:   0% 2868 MHz:   0% 3096 MHz:   0% 3300 MHz:   0% 3468 MHz:   0% 3624 MHz:   0% 3756 MHz:   0% 3828 MHz:   0% 3888 MHz:   0% 3948 MHz:   0% 3996 MHz:   0% 4044 MHz:   0% 4104 MHz:   0% 4416 MHz:   0% 4512 MHz:   0%)
CPU 8 idle residency:   7.53%
CPU 8 down residency:  92.47%
CPU 9 frequency: 0 MHz
CPU 9 active residency:   0.00% (1260 MHz:   0% 1512 MHz:   0% 1800 MHz:   0% 2088 MHz:   0% 2352 MHz:   0% 2616 MHz:   0% 2868 MHz:   0% 3096 MHz:   0% 3300 MHz:   0% 3468 MHz:   0% 3624 MHz:   0% 3756 MHz:   0% 3828 MHz:   0% 3888 MHz:   0% 3948 MHz:   0% 3996 MHz:   0% 4044 MHz:   0% 4104 MHz:   0% 4416 MHz:   0% 4512 MHz:   0%)
CPU 9 idle residency:   7.49%
CPU 9 down residency:  92.51%

P1-Cluster HW active frequency: 4002 MHz
P1-Cluster HW active residency:  99.35% (1260 MHz:   0% 1512 MHz:   0% 1800 MHz:   0% 2088 MHz:   0% 2352 MHz:   0% 2616 MHz:   0% 2868 MHz:   0% 3096 MHz:   0% 3300 MHz:   0% 3468 MHz:   0% 3624 MHz:   0% 3756 MHz:   0% 3828 MHz:   0% 3888 MHz: 7.3% 3948 MHz:  63% 3996 MHz:  12% 4044 MHz: 8.2% 4104 MHz:   0% 4416 MHz: 3.6% 4512 MHz: 4.8%)
P1-Cluster idle residency:   0.65%
P1-Cluster down residency:   0.00%
CPU 10 frequency: 4512 MHz
CPU 10 active residency:  71.82% (1260 MHz:   0% 1512 MHz:   0% 1800 MHz:   0% 2088 MHz:   0% 2352 MHz:   0% 2616 MHz:   0% 2868 MHz:   0% 3096 MHz:   0% 3300 MHz:   0% 3468 MHz:   0% 3624 MHz:   0% 3756 MHz:   0% 3828 MHz:   0% 3888 MHz:   0% 3948 MHz:   0% 3996 MHz:   0% 4044 MHz:   0% 4104 MHz:   0% 4416 MHz:   0% 4512 MHz:  72%)
CPU 10 idle residency:  28.18%
CPU 10 down residency:   0.00%
CPU 11 frequency: 4512 MHz
CPU 11 active residency:  54.72% (1260 MHz:   0% 1512 MHz:   0% 1800 MHz:   0% 2088 MHz:   0% 2352 MHz:   0% 2616 MHz:   0% 2868 MHz:   0% 3096 MHz:   0% 3300 MHz:   0% 3468 MHz:   0% 3624 MHz:   0% 3756 MHz:   0% 3828 MHz:   0% 3888 MHz:   0% 3948 MHz:   0% 3996 MHz:   0% 4044 MHz:   0% 4104 MHz:   0% 4416 MHz:   0% 4512 MHz:  55%)
CPU 11 idle residency:  45.28%
CPU 11 down residency:   0.00%
CPU 12 frequency: 4512 MHz
CPU 12 active residency:  46.11% (1260 MHz:   0% 1512 MHz:   0% 1800 MHz:   0% 2088 MHz:   0% 2352 MHz:   0% 2616 MHz:   0% 2868 MHz:   0% 3096 MHz:   0% 3300 MHz:   0% 3468 MHz:   0% 3624 MHz:   0% 3756 MHz:   0% 3828 MHz:   0% 3888 MHz:   0% 3948 MHz:   0% 3996 MHz:   0% 4044 MHz:   0% 4104 MHz:   0% 4416 MHz:   0% 4512 MHz:  46%)
CPU 12 idle residency:  53.89%
CPU 12 down residency:   0.00%
CPU 13 frequency: 4512 MHz
CPU 13 active residency:  46.84% (1260 MHz:   0% 1512 MHz:   0% 1800 MHz:   0% 2088 MHz:   0% 2352 MHz:   0% 2616 MHz:   0% 2868 MHz:   0% 3096 MHz:   0% 3300 MHz:   0% 3468 MHz:   0% 3624 MHz:   0% 3756 MHz:   0% 3828 MHz:   0% 3888 MHz:   0% 3948 MHz:   0% 3996 MHz:   0% 4044 MHz:   0% 4104 MHz:   0% 4416 MHz:   0% 4512 MHz:  47%)
CPU 13 idle residency:  53.16%
CPU 13 down residency:   0.00%
CPU 14 frequency: 4512 MHz
CPU 14 active residency:  37.32% (1260 MHz:   0% 1512 MHz:   0% 1800 MHz:   0% 2088 MHz:   0% 2352 MHz:   0% 2616 MHz:   0% 2868 MHz:   0% 3096 MHz:   0% 3300 MHz:   0% 3468 MHz:   0% 3624 MHz:   0% 3756 MHz:   0% 3828 MHz:   0% 3888 MHz:   0% 3948 MHz:   0% 3996 MHz:   0% 4044 MHz:   0% 4104 MHz:   0% 4416 MHz:   0% 4512 MHz:  37%)
CPU 14 idle residency:  62.68%
CPU 14 down residency:   0.00%
CPU 15 frequency: 4512 MHz
CPU 15 active residency:  34.28% (1260 MHz:   0% 1512 MHz:   0% 1800 MHz:   0% 2088 MHz:   0% 2352 MHz:   0% 2616 MHz:   0% 2868 MHz:   0% 3096 MHz:   0% 3300 MHz:   0% 3468 MHz:   0% 3624 MHz:   0% 3756 MHz:   0% 3828 MHz:   0% 3888 MHz:   0% 3948 MHz:   0% 3996 MHz:   0% 4044 MHz:   0% 4104 MHz:   0% 4416 MHz:   0% 4512 MHz:  34%)
CPU 15 idle residency:  65.72%
CPU 15 down residency:   0.00%

CPU Power: 6378 mW
GPU Power: 25783 mW
ANE Power: 0 mW
Combined Power (CPU + GPU + ANE): 32161 mW

**** GPU usage ****

GPU HW active frequency: 1578 MHz
GPU HW active residency: 100.00% (338 MHz:   0% 618 MHz:   0% 796 MHz:   0% 924 MHz:   0% 952 MHz:   0% 1056 MHz:   0% 1062 MHz:   0% 1182 MHz:   0% 1182 MHz:   0% 1312 MHz:   0% 1242 MHz:   0% 1380 MHz:   0% 1326 MHz:   0% 1470 MHz:   0% 1578 MHz: 100%)
GPU SW requested state: (P1 :   0% P2 :   0% P3 :   0% P4 :   0% P5 :   0% P6 :   0% P7 :   0% P8 :   0% P9 :   0% P10 : 100% P11 :   0% P12 :   0% P13 :   0% P14 :   0% P15 :   0%)
GPU SW state: (SW_P1 :   0% SW_P2 :   0% SW_P3 :   0% SW_P4 :   0% SW_P5 :   0% SW_P6 :   0% SW_P7 :   0% SW_P8 :   0% SW_P9 :   0% SW_P10 : 100% SW_P11 :   0% SW_P12 :   0% SW_P13 :   0% SW_P14 :   0% SW_P15 :   0%)
GPU idle residency:   0.00%
GPU Power: 25993 mW



*** Sampled system activity (Tue Jan 20 15:17:42 2026 +0100) (1018.21ms elapsed) ***


**** Processor usage ****

E-Cluster Online: 100%
E-Cluster HW active frequency: 1680 MHz
E-Cluster HW active residency:  44.42% (1020 MHz:  22% 1404 MHz: 2.1% 1788 MHz: 3.6% 2112 MHz: 1.1% 2352 MHz: 1.2% 2532 MHz: .82% 2592 MHz:  14%)
E-Cluster idle residency:  55.58%
E-Cluster down residency:   0.00%
CPU 0 frequency: 1668 MHz
CPU 0 active residency:  23.10% (1020 MHz:  11% 1404 MHz: 1.4% 1788 MHz: 2.3% 2112 MHz: .81% 2352 MHz: .78% 2532 MHz: .66% 2592 MHz: 6.2%)
CPU 0 idle residency:  76.90%
CPU 0 down residency:   0.00%
CPU 1 frequency: 1673 MHz
CPU 1 active residency:  15.69% (1020 MHz: 7.7% 1404 MHz: .71% 1788 MHz: 1.7% 2112 MHz: .13% 2352 MHz: .54% 2532 MHz: .21% 2592 MHz: 4.8%)
CPU 1 idle residency:  84.31%
CPU 1 down residency:   0.00%
CPU 2 frequency: 1590 MHz
CPU 2 active residency:   8.66% (1020 MHz: 4.7% 1404 MHz: .43% 1788 MHz: .78% 2112 MHz: .32% 2352 MHz: .25% 2532 MHz: .04% 2592 MHz: 2.2%)
CPU 2 idle residency:  91.34%
CPU 2 down residency:   0.00%
CPU 3 frequency: 1678 MHz
CPU 3 active residency:   8.57% (1020 MHz: 4.3% 1404 MHz: .32% 1788 MHz: .66% 2112 MHz: .08% 2352 MHz: .61% 2532 MHz: .04% 2592 MHz: 2.6%)
CPU 3 idle residency:  91.43%
CPU 3 down residency:   0.00%

P0-Cluster Online: 1%
P0-Cluster HW active frequency: 1260 MHz
P0-Cluster HW active residency:   0.14% (1260 MHz: .14% 1512 MHz:   0% 1800 MHz:   0% 2088 MHz:   0% 2352 MHz:   0% 2616 MHz:   0% 2868 MHz:   0% 3096 MHz:   0% 3300 MHz:   0% 3468 MHz:   0% 3624 MHz:   0% 3756 MHz:   0% 3828 MHz:   0% 3888 MHz:   0% 3948 MHz:   0% 3996 MHz:   0% 4044 MHz:   0% 4104 MHz:   0% 4416 MHz:   0% 4512 MHz:   0%)
P0-Cluster idle residency:   0.65%
P0-Cluster down residency:  99.21%
CPU 4 frequency: 0 MHz
CPU 4 active residency:   0.00% (1260 MHz:   0% 1512 MHz:   0% 1800 MHz:   0% 2088 MHz:   0% 2352 MHz:   0% 2616 MHz:   0% 2868 MHz:   0% 3096 MHz:   0% 3300 MHz:   0% 3468 MHz:   0% 3624 MHz:   0% 3756 MHz:   0% 3828 MHz:   0% 3888 MHz:   0% 3948 MHz:   0% 3996 MHz:   0% 4044 MHz:   0% 4104 MHz:   0% 4416 MHz:   0% 4512 MHz:   0%)
CPU 4 idle residency:   0.77%
CPU 4 down residency:  99.23%
CPU 5 frequency: 0 MHz
CPU 5 active residency:   0.00% (1260 MHz:   0% 1512 MHz:   0% 1800 MHz:   0% 2088 MHz:   0% 2352 MHz:   0% 2616 MHz:   0% 2868 MHz:   0% 3096 MHz:   0% 3300 MHz:   0% 3468 MHz:   0% 3624 MHz:   0% 3756 MHz:   0% 3828 MHz:   0% 3888 MHz:   0% 3948 MHz:   0% 3996 MHz:   0% 4044 MHz:   0% 4104 MHz:   0% 4416 MHz:   0% 4512 MHz:   0%)
CPU 5 idle residency:   0.77%
CPU 5 down residency:  99.23%
CPU 6 frequency: 0 MHz
CPU 6 active residency:   0.00% (1260 MHz:   0% 1512 MHz:   0% 1800 MHz:   0% 2088 MHz:   0% 2352 MHz:   0% 2616 MHz:   0% 2868 MHz:   0% 3096 MHz:   0% 3300 MHz:   0% 3468 MHz:   0% 3624 MHz:   0% 3756 MHz:   0% 3828 MHz:   0% 3888 MHz:   0% 3948 MHz:   0% 3996 MHz:   0% 4044 MHz:   0% 4104 MHz:   0% 4416 MHz:   0% 4512 MHz:   0%)
CPU 6 idle residency:   0.77%
CPU 6 down residency:  99.23%
CPU 7 frequency: 0 MHz
CPU 7 active residency:   0.00% (1260 MHz:   0% 1512 MHz:   0% 1800 MHz:   0% 2088 MHz:   0% 2352 MHz:   0% 2616 MHz:   0% 2868 MHz:   0% 3096 MHz:   0% 3300 MHz:   0% 3468 MHz:   0% 3624 MHz:   0% 3756 MHz:   0% 3828 MHz:   0% 3888 MHz:   0% 3948 MHz:   0% 3996 MHz:   0% 4044 MHz:   0% 4104 MHz:   0% 4416 MHz:   0% 4512 MHz:   0%)
CPU 7 idle residency:   0.77%
CPU 7 down residency:  99.23%
CPU 8 frequency: 0 MHz
CPU 8 active residency:   0.00% (1260 MHz:   0% 1512 MHz:   0% 1800 MHz:   0% 2088 MHz:   0% 2352 MHz:   0% 2616 MHz:   0% 2868 MHz:   0% 3096 MHz:   0% 3300 MHz:   0% 3468 MHz:   0% 3624 MHz:   0% 3756 MHz:   0% 3828 MHz:   0% 3888 MHz:   0% 3948 MHz:   0% 3996 MHz:   0% 4044 MHz:   0% 4104 MHz:   0% 4416 MHz:   0% 4512 MHz:   0%)
CPU 8 idle residency:   0.77%
CPU 8 down residency:  99.23%
CPU 9 frequency: 0 MHz
CPU 9 active residency:   0.00% (1260 MHz:   0% 1512 MHz:   0% 1800 MHz:   0% 2088 MHz:   0% 2352 MHz:   0% 2616 MHz:   0% 2868 MHz:   0% 3096 MHz:   0% 3300 MHz:   0% 3468 MHz:   0% 3624 MHz:   0% 3756 MHz:   0% 3828 MHz:   0% 3888 MHz:   0% 3948 MHz:   0% 3996 MHz:   0% 4044 MHz:   0% 4104 MHz:   0% 4416 MHz:   0% 4512 MHz:   0%)
CPU 9 idle residency:   0.77%
CPU 9 down residency:  99.23%

P1-Cluster HW active frequency: 3514 MHz
P1-Cluster HW active residency:  68.46% (1260 MHz: 3.9% 1512 MHz: 1.8% 1800 MHz: 3.0% 2088 MHz: 2.4% 2352 MHz: 1.6% 2616 MHz: 2.0% 2868 MHz: 1.4% 3096 MHz: 1.6% 3300 MHz: .54% 3468 MHz: .38% 3624 MHz: .39% 3756 MHz:   0% 3828 MHz: .39% 3888 MHz: .98% 3948 MHz:  11% 3996 MHz: 3.3% 4044 MHz:  30% 4104 MHz:   0% 4416 MHz: .58% 4512 MHz: 2.8%)
P1-Cluster idle residency:  27.01%
P1-Cluster down residency:   4.53%
CPU 10 frequency: 3964 MHz
CPU 10 active residency:  14.84% (1260 MHz: .07% 1512 MHz: .52% 1800 MHz: .89% 2088 MHz: .88% 2352 MHz: .24% 2616 MHz: .17% 2868 MHz: .19% 3096 MHz: .33% 3300 MHz: .15% 3468 MHz:   0% 3624 MHz:   0% 3756 MHz:   0% 3828 MHz:   0% 3888 MHz:   0% 3948 MHz:   0% 3996 MHz:   0% 4044 MHz:   0% 4104 MHz:   0% 4416 MHz:   0% 4512 MHz:  11%)
CPU 10 idle residency:  80.63%
CPU 10 down residency:   4.53%
CPU 11 frequency: 4413 MHz
CPU 11 active residency:   8.62% (1260 MHz: .09% 1512 MHz: .01% 1800 MHz: .02% 2088 MHz:   0% 2352 MHz: .01% 2616 MHz: .22% 2868 MHz:   0% 3096 MHz:   0% 3300 MHz: .01% 3468 MHz:   0% 3624 MHz:   0% 3756 MHz:   0% 3828 MHz: .01% 3888 MHz:   0% 3948 MHz:   0% 3996 MHz:   0% 4044 MHz:   0% 4104 MHz:   0% 4416 MHz:   0% 4512 MHz: 8.3%)
CPU 11 idle residency:  86.84%
CPU 11 down residency:   4.53%
CPU 12 frequency: 4117 MHz
CPU 12 active residency:  31.38% (1260 MHz: .07% 1512 MHz: .58% 1800 MHz: .79% 2088 MHz: .79% 2352 MHz: .59% 2616 MHz: .77% 2868 MHz: .40% 3096 MHz: .77% 3300 MHz: .40% 3468 MHz: .38% 3624 MHz: .39% 3756 MHz:   0% 3828 MHz: .39% 3888 MHz:   0% 3948 MHz:   0% 3996 MHz: .39% 4044 MHz:   0% 4104 MHz: .39% 4416 MHz: .39% 4512 MHz:  24%)
CPU 12 idle residency:  64.08%
CPU 12 down residency:   4.53%
CPU 13 frequency: 3702 MHz
CPU 13 active residency:  13.90% (1260 MHz: .22% 1512 MHz: .49% 1800 MHz: 1.0% 2088 MHz: .66% 2352 MHz: .58% 2616 MHz: .83% 2868 MHz: .77% 3096 MHz: .46% 3300 MHz:   0% 3468 MHz:   0% 3624 MHz: .01% 3756 MHz:   0% 3828 MHz:   0% 3888 MHz:   0% 3948 MHz:   0% 3996 MHz:   0% 4044 MHz:   0% 4104 MHz:   0% 4416 MHz:   0% 4512 MHz: 8.9%)
CPU 13 idle residency:  81.57%
CPU 13 down residency:   4.53%
CPU 14 frequency: 4187 MHz
CPU 14 active residency:   6.48% (1260 MHz: .11% 1512 MHz: .14% 1800 MHz: .03% 2088 MHz: .06% 2352 MHz: .12% 2616 MHz: .40% 2868 MHz: .03% 3096 MHz: .01% 3300 MHz: .00% 3468 MHz:   0% 3624 MHz:   0% 3756 MHz:   0% 3828 MHz: .01% 3888 MHz:   0% 3948 MHz:   0% 3996 MHz:   0% 4044 MHz:   0% 4104 MHz:   0% 4416 MHz:   0% 4512 MHz: 5.6%)
CPU 14 idle residency:  88.99%
CPU 14 down residency:   4.53%
CPU 15 frequency: 4505 MHz
CPU 15 active residency:  20.60% (1260 MHz: .05% 1512 MHz: .00% 1800 MHz:   0% 2088 MHz:   0% 2352 MHz:   0% 2616 MHz:   0% 2868 MHz:   0% 3096 MHz:   0% 3300 MHz:   0% 3468 MHz:   0% 3624 MHz:   0% 3756 MHz:   0% 3828 MHz:   0% 3888 MHz:   0% 3948 MHz:   0% 3996 MHz:   0% 4044 MHz:   0% 4104 MHz:   0% 4416 MHz:   0% 4512 MHz:  21%)
CPU 15 idle residency:  74.86%
CPU 15 down residency:   4.53%

CPU Power: 2617 mW
GPU Power: 3886 mW
ANE Power: 0 mW
Combined Power (CPU + GPU + ANE): 6504 mW

**** GPU usage ****

GPU HW active frequency: 1457 MHz
GPU HW active residency:  17.23% (338 MHz: 1.7% 618 MHz:   0% 796 MHz:   0% 924 MHz:   0% 952 MHz:   0% 1056 MHz:   0% 1062 MHz:   0% 1182 MHz:   0% 1182 MHz:   0% 1312 MHz:   0% 1242 MHz:   0% 1380 MHz:   0% 1326 MHz:   0% 1470 MHz:   0% 1578 MHz:  16%)
GPU SW requested state: (P1 : 9.8% P2 :   0% P3 :   0% P4 :   0% P5 :   0% P6 :   0% P7 :   0% P8 :   0% P9 :   0% P10 :  90% P11 :   0% P12 :   0% P13 :   0% P14 :   0% P15 :   0%)
GPU SW state: (SW_P1 : 1.7% SW_P2 :   0% SW_P3 :   0% SW_P4 :   0% SW_P5 :   0% SW_P6 :   0% SW_P7 :   0% SW_P8 :   0% SW_P9 :   0% SW_P10 :  16% SW_P11 :   0% SW_P12 :   0% SW_P13 :   0% SW_P14 :   0% SW_P15 :   0%)
GPU idle residency:  82.77%
GPU Power: 3675 mW

