Machine model: Mac16,5
OS version: 24G419
Boot arguments: 
Boot time: Sun Jan 18 19:40:49 2026



*** Sampled system activity (Tue Jan 20 15:14:33 2026 +0100) (1018.02ms elapsed) ***


**** Processor usage ****

E-Cluster Online: 100%
E-Cluster HW active frequency: 2525 MHz
E-Cluster HW active residency:  60.10% (1020 MHz: .72% 1404 MHz: 1.3% 1788 MHz: 1.2% 2112 MHz: .27% 2352 MHz: 1.0% 2532 MHz: .00% 2592 MHz:  56%)
E-Cluster idle residency:  39.90%
E-Cluster down residency:   0.00%
CPU 0 frequency: 2508 MHz
CPU 0 active residency:  28.34% (1020 MHz: .51% 1404 MHz: .73% 1788 MHz: .65% 2112 MHz: .16% 2352 MHz: .49% 2532 MHz:   0% 2592 MHz:  26%)
CPU 0 idle residency:  71.66%
CPU 0 down residency:   0.00%
CPU 1 frequency: 2501 MHz
CPU 1 active residency:  19.67% (1020 MHz: .38% 1404 MHz: .56% 1788 MHz: .44% 2112 MHz: .14% 2352 MHz: .45% 2532 MHz:   0% 2592 MHz:  18%)
CPU 1 idle residency:  80.33%
CPU 1 down residency:   0.00%
CPU 2 frequency: 2508 MHz
CPU 2 active residency:  12.47% (1020 MHz: .22% 1404 MHz: .19% 1788 MHz: .48% 2112 MHz: .06% 2352 MHz: .21% 2532 MHz:   0% 2592 MHz:  11%)
CPU 2 idle residency:  87.53%
CPU 2 down residency:   0.00%
CPU 3 frequency: 2518 MHz
CPU 3 active residency:   9.19% (1020 MHz: .20% 1404 MHz: .21% 1788 MHz: .13% 2112 MHz: .01% 2352 MHz: .06% 2532 MHz:   0% 2592 MHz: 8.6%)
CPU 3 idle residency:  90.81%
CPU 3 down residency:   0.00%

P0-Cluster Online: 17%
P0-Cluster HW active frequency: 1689 MHz
P0-Cluster HW active residency:   6.64% (1260 MHz: 5.2% 1512 MHz:   0% 1800 MHz: .08% 2088 MHz: .16% 2352 MHz: .12% 2616 MHz: .05% 2868 MHz: .31% 3096 MHz: .16% 3300 MHz:   0% 3468 MHz:   0% 3624 MHz:   0% 3756 MHz:   0% 3828 MHz:   0% 3888 MHz: .02% 3948 MHz: .04% 3996 MHz:   0% 4044 MHz:   0% 4104 MHz:   0% 4416 MHz: .14% 4512 MHz: .33%)
P0-Cluster idle residency:   7.89%
P0-Cluster down residency:  85.48%
CPU 4 frequency: 1260 MHz
CPU 4 active residency:   0.17% (1260 MHz: .17% 1512 MHz:   0% 1800 MHz:   0% 2088 MHz:   0% 2352 MHz:   0% 2616 MHz:   0% 2868 MHz:   0% 3096 MHz:   0% 3300 MHz:   0% 3468 MHz:   0% 3624 MHz:   0% 3756 MHz:   0% 3828 MHz:   0% 3888 MHz:   0% 3948 MHz:   0% 3996 MHz:   0% 4044 MHz:   0% 4104 MHz:   0% 4416 MHz:   0% 4512 MHz:   0%)
CPU 4 idle residency:  13.93%
CPU 4 down residency:  85.90%
CPU 5 frequency: 1260 MHz
CPU 5 active residency:   0.17% (1260 MHz: .17% 1512 MHz:   0% 1800 MHz:   0% 2088 MHz:   0% 2352 MHz:   0% 2616 MHz:   0% 2868 MHz:   0% 3096 MHz:   0% 3300 MHz:   0% 3468 MHz:   0% 3624 MHz:   0% 3756 MHz:   0% 3828 MHz:   0% 3888 MHz:   0% 3948 MHz:   0% 3996 MHz:   0% 4044 MHz:   0% 4104 MHz:   0% 4416 MHz:   0% 4512 MHz:   0%)
CPU 5 idle residency:  13.57%
CPU 5 down residency:  86.26%
CPU 6 frequency: 1260 MHz
CPU 6 active residency:   0.17% (1260 MHz: .17% 1512 MHz:   0% 1800 MHz:   0% 2088 MHz:   0% 2352 MHz:   0% 2616 MHz:   0% 2868 MHz:   0% 3096 MHz:   0% 3300 MHz:   0% 3468 MHz:   0% 3624 MHz:   0% 3756 MHz:   0% 3828 MHz:   0% 3888 MHz:   0% 3948 MHz:   0% 3996 MHz:   0% 4044 MHz:   0% 4104 MHz:   0% 4416 MHz:   0% 4512 MHz:   0%)
CPU 6 idle residency:  13.98%
CPU 6 down residency:  85.85%
CPU 7 frequency: 1260 MHz
CPU 7 active residency:   0.17% (1260 MHz: .17% 1512 MHz:   0% 1800 MHz:   0% 2088 MHz:   0% 2352 MHz:   0% 2616 MHz:   0% 2868 MHz:   0% 3096 MHz:   0% 3300 MHz:   0% 3468 MHz:   0% 3624 MHz:   0% 3756 MHz:   0% 3828 MHz:   0% 3888 MHz:   0% 3948 MHz:   0% 3996 MHz:   0% 4044 MHz:   0% 4104 MHz:   0% 4416 MHz:   0% 4512 MHz:   0%)
CPU 7 idle residency:  13.90%
CPU 7 down residency:  85.93%
CPU 8 frequency: 1260 MHz
CPU 8 active residency:   0.17% (1260 MHz: .17% 1512 MHz:   0% 1800 MHz:   0% 2088 MHz:   0% 2352 MHz:   0% 2616 MHz:   0% 2868 MHz:   0% 3096 MHz:   0% 3300 MHz:   0% 3468 MHz:   0% 3624 MHz:   0% 3756 MHz:   0% 3828 MHz:   0% 3888 MHz:   0% 3948 MHz:   0% 3996 MHz:   0% 4044 MHz:   0% 4104 MHz:   0% 4416 MHz:   0% 4512 MHz:   0%)
CPU 8 idle residency:  14.02%
CPU 8 down residency:  85.81%
CPU 9 frequency: 1260 MHz
CPU 9 active residency:   0.17% (1260 MHz: .17% 1512 MHz:   0% 1800 MHz:   0% 2088 MHz:   0% 2352 MHz:   0% 2616 MHz:   0% 2868 MHz:   0% 3096 MHz:   0% 3300 MHz:   0% 3468 MHz:   0% 3624 MHz:   0% 3756 MHz:   0% 3828 MHz:   0% 3888 MHz:   0% 3948 MHz:   0% 3996 MHz:   0% 4044 MHz:   0% 4104 MHz:   0% 4416 MHz:   0% 4512 MHz:   0%)
CPU 9 idle residency:  13.77%
CPU 9 down residency:  86.06%

P1-Cluster HW active frequency: 4042 MHz
P1-Cluster HW active residency:  94.33% (1260 MHz: .91% 1512 MHz: .05% 1800 MHz: .05% 2088 MHz: .07% 2352 MHz:   0% 2616 MHz: .04% 2868 MHz: .04% 3096 MHz: .00% 3300 MHz:   0% 3468 MHz: .01% 3624 MHz: .02% 3756 MHz:   0% 3828 MHz:   0% 3888 MHz:  14% 3948 MHz:  46% 3996 MHz: 4.1% 4044 MHz: 3.8% 4104 MHz:   0% 4416 MHz:  22% 4512 MHz: 2.7%)
P1-Cluster idle residency:   5.67%
P1-Cluster down residency:   0.00%
CPU 10 frequency: 4475 MHz
CPU 10 active residency:  61.40% (1260 MHz: .13% 1512 MHz: .03% 1800 MHz: .04% 2088 MHz:   0% 2352 MHz:   0% 2616 MHz:   0% 2868 MHz:   0% 3096 MHz: .00% 3300 MHz:   0% 3468 MHz:   0% 3624 MHz:   0% 3756 MHz:   0% 3828 MHz:   0% 3888 MHz:   0% 3948 MHz:   0% 3996 MHz:   0% 4044 MHz:   0% 4104 MHz:   0% 4416 MHz:  18% 4512 MHz:  44%)
CPU 10 idle residency:  38.60%
CPU 10 down residency:   0.00%
CPU 11 frequency: 4474 MHz
CPU 11 active residency:  59.28% (1260 MHz: .10% 1512 MHz: .04% 1800 MHz: .04% 2088 MHz: .00% 2352 MHz:   0% 2616 MHz: .01% 2868 MHz:   0% 3096 MHz: .00% 3300 MHz:   0% 3468 MHz: .01% 3624 MHz:   0% 3756 MHz:   0% 3828 MHz:   0% 3888 MHz:   0% 3948 MHz: .00% 3996 MHz:   0% 4044 MHz:   0% 4104 MHz:   0% 4416 MHz:  17% 4512 MHz:  42%)
CPU 11 idle residency:  40.72%
CPU 11 down residency:   0.00%
CPU 12 frequency: 4472 MHz
CPU 12 active residency:  44.85% (1260 MHz: .06% 1512 MHz:   0% 1800 MHz:   0% 2088 MHz:   0% 2352 MHz:   0% 2616 MHz:   0% 2868 MHz:   0% 3096 MHz:   0% 3300 MHz:   0% 3468 MHz: .01% 3624 MHz:   0% 3756 MHz:   0% 3828 MHz:   0% 3888 MHz:   0% 3948 MHz:   0% 3996 MHz:   0% 4044 MHz:   0% 4104 MHz:   0% 4416 MHz:  17% 4512 MHz:  28%)
CPU 12 idle residency:  55.15%
CPU 12 down residency:   0.00%
CPU 13 frequency: 4454 MHz
CPU 13 active residency:  34.24% (1260 MHz: .09% 1512 MHz:   0% 1800 MHz:   0% 2088 MHz:   0% 2352 MHz:   0% 2616 MHz:   0% 2868 MHz:   0% 3096 MHz: .00% 3300 MHz:   0% 3468 MHz: .01% 3624 MHz: .02% 3756 MHz:   0% 3828 MHz:   0% 3888 MHz:   0% 3948 MHz: .04% 3996 MHz:   0% 4044 MHz:   0% 4104 MHz:   0% 4416 MHz:  17% 4512 MHz:  17%)
CPU 13 idle residency:  65.76%
CPU 13 down residency:   0.00%
CPU 14 frequency: 4498 MHz
CPU 14 active residency:  41.77% (1260 MHz: .02% 1512 MHz: .00% 1800 MHz: .01% 2088 MHz: .07% 2352 MHz:   0% 2616 MHz: .03% 2868 MHz: .03% 3096 MHz:   0% 3300 MHz:   0% 3468 MHz: .00% 3624 MHz: .00% 3756 MHz:   0% 3828 MHz:   0% 3888 MHz:   0% 3948 MHz:   0% 3996 MHz:   0% 4044 MHz:   0% 4104 MHz:   0% 4416 MHz: 1.6% 4512 MHz:  40%)
CPU 14 idle residency:  58.23%
CPU 14 down residency:   0.00%
CPU 15 frequency: 4498 MHz
CPU 15 active residency:  27.26% (1260 MHz: .00% 1512 MHz:   0% 1800 MHz: .01% 2088 MHz:   0% 2352 MHz:   0% 2616 MHz:   0% 2868 MHz: .00% 3096 MHz:   0% 3300 MHz:   0% 3468 MHz: .01% 3624 MHz: .02% 3756 MHz:   0% 3828 MHz:   0% 3888 MHz:   0% 3948 MHz: .04% 3996 MHz:   0% 4044 MHz:   0% 4104 MHz:   0% 4416 MHz: 3.1% 4512 MHz:  24%)
CPU 15 idle residency:  72.74%
CPU 15 down residency:   0.00%

CPU Power: 6175 mW
GPU Power: 25140 mW
ANE Power: 0 mW
Combined Power (CPU + GPU + ANE): 31315 mW

**** GPU usage ****

GPU HW active frequency: 1578 MHz
GPU HW active residency: 100.00% (338 MHz:   0% 618 MHz:   0% 796 MHz:   0% 924 MHz:   0% 952 MHz:   0% 1056 MHz:   0% 1062 MHz:   0% 1182 MHz:   0% 1182 MHz:   0% 1312 MHz:   0% 1242 MHz:   0% 1380 MHz:   0% 1326 MHz:   0% 1470 MHz:   0% 1578 MHz: 100%)
GPU SW requested state: (P1 :   0% P2 :   0% P3 :   0% P4 :   0% P5 :   0% P6 :   0% P7 :   0% P8 :   0% P9 :   0% P10 : 100% P11 :   0% P12 :   0% P13 :   0% P14 :   0% P15 :   0%)
GPU SW state: (SW_P1 :   0% SW_P2 :   0% SW_P3 :   0% SW_P4 :   0% SW_P5 :   0% SW_P6 :   0% SW_P7 :   0% SW_P8 :   0% SW_P9 :   0% SW_P10 : 100% SW_P11 :   0% SW_P12 :   0% SW_P13 :   0% SW_P14 :   0% SW_P15 :   0%)
GPU idle residency:   0.00%
GPU Power: 25135 mW



*** Sampled system activity (Tue Jan 20 15:14:34 2026 +0100) (1020.82ms elapsed) ***


**** Processor usage ****

E-Cluster Online: 100%
E-Cluster HW active frequency: 2592 MHz
E-Cluster HW active residency:  54.07% (1020 MHz:   0% 1404 MHz:   0% 1788 MHz:   0% 2112 MHz:   0% 2352 MHz:   0% 2532 MHz: .00% 2592 MHz:  54%)
E-Cluster idle residency:  45.93%
E-Cluster down residency:   0.00%
CPU 0 frequency: 2592 MHz
CPU 0 active residency:  25.58% (1020 MHz:   0% 1404 MHz:   0% 1788 MHz:   0% 2112 MHz:   0% 2352 MHz:   0% 2532 MHz:   0% 2592 MHz:  26%)
CPU 0 idle residency:  74.42%
CPU 0 down residency:   0.00%
CPU 1 frequency: 2592 MHz
CPU 1 active residency:  12.57% (1020 MHz:   0% 1404 MHz:   0% 1788 MHz:   0% 2112 MHz:   0% 2352 MHz:   0% 2532 MHz:   0% 2592 MHz:  13%)
CPU 1 idle residency:  87.43%
CPU 1 down residency:   0.00%
CPU 2 frequency: 2592 MHz
CPU 2 active residency:   7.83% (1020 MHz:   0% 1404 MHz:   0% 1788 MHz:   0% 2112 MHz:   0% 2352 MHz:   0% 2532 MHz:   0% 2592 MHz: 7.8%)
CPU 2 idle residency:  92.17%
CPU 2 down residency:   0.00%
CPU 3 frequency: 2592 MHz
CPU 3 active residency:   5.64% (1020 MHz:   0% 1404 MHz:   0% 1788 MHz:   0% 2112 MHz:   0% 2352 MHz:   0% 2532 MHz:   0% 2592 MHz: 5.6%)
CPU 3 idle residency:  94.36%
CPU 3 down residency:   0.00%

P0-Cluster Online: 81%
P0-Cluster HW active frequency: 4043 MHz
P0-Cluster HW active residency:  74.35% (1260 MHz: .78% 1512 MHz:   0% 1800 MHz:   0% 2088 MHz:   0% 2352 MHz:   0% 2616 MHz:   0% 2868 MHz:   0% 3096 MHz:   0% 3300 MHz:   0% 3468 MHz:   0% 3624 MHz:   0% 3756 MHz:   0% 3828 MHz:   0% 3888 MHz: 5.0% 3948 MHz:  33% 3996 MHz: 9.8% 4044 MHz: 6.3% 4104 MHz: 3.6% 4416 MHz:  15% 4512 MHz: 1.4%)
P0-Cluster idle residency:   5.27%
P0-Cluster down residency:  20.38%
CPU 4 frequency: 4380 MHz
CPU 4 active residency:  38.35% (1260 MHz: .53% 1512 MHz:   0% 1800 MHz:   0% 2088 MHz: .07% 2352 MHz: .00% 2616 MHz:   0% 2868 MHz:   0% 3096 MHz:   0% 3300 MHz:   0% 3468 MHz:   0% 3624 MHz:   0% 3756 MHz:   0% 3828 MHz:   0% 3888 MHz:   0% 3948 MHz:   0% 3996 MHz:   0% 4044 MHz:   0% 4104 MHz: 3.9% 4416 MHz:  17% 4512 MHz:  17%)
CPU 4 idle residency:  41.42%
CPU 4 down residency:  20.23%
CPU 5 frequency: 4354 MHz
CPU 5 active residency:  30.41% (1260 MHz: .50% 1512 MHz:   0% 1800 MHz:   0% 2088 MHz: .07% 2352 MHz: .08% 2616 MHz: .05% 2868 MHz: .15% 3096 MHz:   0% 3300 MHz:   0% 3468 MHz:   0% 3624 MHz:   0% 3756 MHz:   0% 3828 MHz:   0% 3888 MHz:   0% 3948 MHz:   0% 3996 MHz:   0% 4044 MHz:   0% 4104 MHz: 3.1% 4416 MHz:  13% 4512 MHz:  13%)
CPU 5 idle residency:  49.44%
CPU 5 down residency:  20.14%
CPU 6 frequency: 4390 MHz
CPU 6 active residency:  27.59% (1260 MHz: .45% 1512 MHz:   0% 1800 MHz:   0% 2088 MHz: .01% 2352 MHz: .00% 2616 MHz: .00% 2868 MHz:   0% 3096 MHz:   0% 3300 MHz:   0% 3468 MHz:   0% 3624 MHz:   0% 3756 MHz:   0% 3828 MHz:   0% 3888 MHz:   0% 3948 MHz:   0% 3996 MHz:   0% 4044 MHz:   0% 4104 MHz: 2.2% 4416 MHz:  10% 4512 MHz:  15%)
CPU 6 idle residency:  52.18%
CPU 6 down residency:  20.24%
CPU 7 frequency: 4374 MHz
CPU 7 active residency:  33.46% (1260 MHz: .52% 1512 MHz:   0% 1800 MHz: .03% 2088 MHz: .03% 2352 MHz: .00% 2616 MHz: .00% 2868 MHz:   0% 3096 MHz:   0% 3300 MHz:   0% 3468 MHz:   0% 3624 MHz:   0% 3756 MHz:   0% 3828 MHz:   0% 3888 MHz:   0% 3948 MHz:   0% 3996 MHz:   0% 4044 MHz:   0% 4104 MHz: 3.9% 4416 MHz:  12% 4512 MHz:  17%)
CPU 7 idle residency:  46.33%
CPU 7 down residency:  20.22%
CPU 8 frequency: 4436 MHz
CPU 8 active residency:  18.56% (1260 MHz: .42% 1512 MHz:   0% 1800 MHz:   0% 2088 MHz: .01% 2352 MHz:   0% 2616 MHz:   0% 2868 MHz:   0% 3096 MHz:   0% 3300 MHz:   0% 3468 MHz:   0% 3624 MHz:   0% 3756 MHz:   0% 3828 MHz:   0% 3888 MHz:   0% 3948 MHz:   0% 3996 MHz:   0% 4044 MHz:   0% 4104 MHz: .04% 4416 MHz: .03% 4512 MHz:  18%)
CPU 8 idle residency:  61.20%
CPU 8 down residency:  20.25%
CPU 9 frequency: 4362 MHz
CPU 9 active residency:  31.82% (1260 MHz: .49% 1512 MHz:   0% 1800 MHz:   0% 2088 MHz: .02% 2352 MHz: .00% 2616 MHz:   0% 2868 MHz: .12% 3096 MHz: .11% 3300 MHz:   0% 3468 MHz:   0% 3624 MHz:   0% 3756 MHz:   0% 3828 MHz:   0% 3888 MHz:   0% 3948 MHz:   0% 3996 MHz:   0% 4044 MHz:   0% 4104 MHz: 3.9% 4416 MHz:  12% 4512 MHz:  15%)
CPU 9 idle residency:  47.99%
CPU 9 down residency:  20.19%

P1-Cluster HW active frequency: 4014 MHz
P1-Cluster HW active residency:  19.98% (1260 MHz: .72% 1512 MHz: .04% 1800 MHz: .02% 2088 MHz: .00% 2352 MHz: .03% 2616 MHz: .00% 2868 MHz: .00% 3096 MHz:   0% 3300 MHz: .00% 3468 MHz: .03% 3624 MHz:   0% 3756 MHz: .04% 3828 MHz:   0% 3888 MHz: .92% 3948 MHz: 8.2% 3996 MHz: 1.5% 4044 MHz: 1.4% 4104 MHz:   0% 4416 MHz: 6.9% 4512 MHz: .14%)
P1-Cluster idle residency:   2.85%
P1-Cluster down residency:  77.18%
CPU 10 frequency: 4416 MHz
CPU 10 active residency:   0.44% (1260 MHz:   0% 1512 MHz:   0% 1800 MHz:   0% 2088 MHz:   0% 2352 MHz:   0% 2616 MHz:   0% 2868 MHz:   0% 3096 MHz:   0% 3300 MHz:   0% 3468 MHz:   0% 3624 MHz:   0% 3756 MHz:   0% 3828 MHz:   0% 3888 MHz:   0% 3948 MHz:   0% 3996 MHz:   0% 4044 MHz:   0% 4104 MHz:   0% 4416 MHz: .44% 4512 MHz:   0%)
CPU 10 idle residency:  17.76%
CPU 10 down residency:  81.80%
CPU 11 frequency: 4393 MHz
CPU 11 active residency:   1.01% (1260 MHz: .01% 1512 MHz:   0% 1800 MHz:   0% 2088 MHz:   0% 2352 MHz:   0% 2616 MHz:   0% 2868 MHz:   0% 3096 MHz:   0% 3300 MHz:   0% 3468 MHz:   0% 3624 MHz:   0% 3756 MHz:   0% 3828 MHz:   0% 3888 MHz:   0% 3948 MHz:   0% 3996 MHz:   0% 4044 MHz:   0% 4104 MHz:   0% 4416 MHz: 1.0% 4512 MHz:   0%)
CPU 11 idle residency:  15.12%
CPU 11 down residency:  83.87%
CPU 12 frequency: 4399 MHz
CPU 12 active residency:   1.63% (1260 MHz:   0% 1512 MHz:   0% 1800 MHz: .01% 2088 MHz:   0% 2352 MHz:   0% 2616 MHz:   0% 2868 MHz:   0% 3096 MHz:   0% 3300 MHz:   0% 3468 MHz:   0% 3624 MHz:   0% 3756 MHz:   0% 3828 MHz:   0% 3888 MHz:   0% 3948 MHz:   0% 3996 MHz:   0% 4044 MHz:   0% 4104 MHz:   0% 4416 MHz: 1.6% 4512 MHz:   0%)
CPU 12 idle residency:  16.94%
CPU 12 down residency:  81.42%
CPU 13 frequency: 4408 MHz
CPU 13 active residency:   0.52% (1260 MHz:   0% 1512 MHz:   0% 1800 MHz: .00% 2088 MHz:   0% 2352 MHz:   0% 2616 MHz:   0% 2868 MHz:   0% 3096 MHz:   0% 3300 MHz:   0% 3468 MHz:   0% 3624 MHz:   0% 3756 MHz:   0% 3828 MHz:   0% 3888 MHz:   0% 3948 MHz:   0% 3996 MHz:   0% 4044 MHz:   0% 4104 MHz:   0% 4416 MHz: .52% 4512 MHz:   0%)
CPU 13 idle residency:  15.76%
CPU 13 down residency:  83.72%
CPU 14 frequency: 4398 MHz
CPU 14 active residency:   0.71% (1260 MHz: .00% 1512 MHz:   0% 1800 MHz:   0% 2088 MHz:   0% 2352 MHz:   0% 2616 MHz:   0% 2868 MHz:   0% 3096 MHz:   0% 3300 MHz:   0% 3468 MHz:   0% 3624 MHz:   0% 3756 MHz:   0% 3828 MHz:   0% 3888 MHz:   0% 3948 MHz:   0% 3996 MHz:   0% 4044 MHz:   0% 4104 MHz:   0% 4416 MHz: .71% 4512 MHz:   0%)
CPU 14 idle residency:  16.58%
CPU 14 down residency:  82.70%
CPU 15 frequency: 4374 MHz
CPU 15 active residency:   1.12% (1260 MHz: .02% 1512 MHz:   0% 1800 MHz:   0% 2088 MHz:   0% 2352 MHz:   0% 2616 MHz:   0% 2868 MHz:   0% 3096 MHz:   0% 3300 MHz:   0% 3468 MHz:   0% 3624 MHz:   0% 3756 MHz:   0% 3828 MHz:   0% 3888 MHz:   0% 3948 MHz:   0% 3996 MHz:   0% 4044 MHz:   0% 4104 MHz:   0% 4416 MHz: 1.1% 4512 MHz:   0%)
CPU 15 idle residency:  16.47%
CPU 15 down residency:  82.41%

CPU Power: 5518 mW
GPU Power: 24926 mW
ANE Power: 0 mW
Combined Power (CPU + GPU + ANE): 30444 mW

**** GPU usage ****

GPU HW active frequency: 1578 MHz
GPU HW active residency: 100.00% (338 MHz:   0% 618 MHz:   0% 796 MHz:   0% 924 MHz:   0% 952 MHz:   0% 1056 MHz:   0% 1062 MHz:   0% 1182 MHz:   0% 1182 MHz:   0% 1312 MHz:   0% 1242 MHz:   0% 1380 MHz:   0% 1326 MHz:   0% 1470 MHz:   0% 1578 MHz: 100%)
GPU SW requested state: (P1 :   0% P2 :   0% P3 :   0% P4 :   0% P5 :   0% P6 :   0% P7 :   0% P8 :   0% P9 :   0% P10 : 100% P11 :   0% P12 :   0% P13 :   0% P14 :   0% P15 :   0%)
GPU SW state: (SW_P1 :   0% SW_P2 :   0% SW_P3 :   0% SW_P4 :   0% SW_P5 :   0% SW_P6 :   0% SW_P7 :   0% SW_P8 :   0% SW_P9 :   0% SW_P10 : 100% SW_P11 :   0% SW_P12 :   0% SW_P13 :   0% SW_P14 :   0% SW_P15 :   0%)
GPU idle residency:   0.00%
GPU Power: 24927 mW



*** Sampled system activity (Tue Jan 20 15:14:35 2026 +0100) (1023.13ms elapsed) ***


**** Processor usage ****

E-Cluster Online: 100%
E-Cluster HW active frequency: 2592 MHz
E-Cluster HW active residency:  55.21% (1020 MHz:   0% 1404 MHz:   0% 1788 MHz:   0% 2112 MHz:   0% 2352 MHz:   0% 2532 MHz: .00% 2592 MHz:  55%)
E-Cluster idle residency:  44.79%
E-Cluster down residency:   0.00%
CPU 0 frequency: 2592 MHz
CPU 0 active residency:  24.58% (1020 MHz:   0% 1404 MHz:   0% 1788 MHz:   0% 2112 MHz:   0% 2352 MHz:   0% 2532 MHz:   0% 2592 MHz:  25%)
CPU 0 idle residency:  75.42%
CPU 0 down residency:   0.00%
CPU 1 frequency: 2592 MHz
CPU 1 active residency:  15.80% (1020 MHz:   0% 1404 MHz:   0% 1788 MHz:   0% 2112 MHz:   0% 2352 MHz:   0% 2532 MHz:   0% 2592 MHz:  16%)
CPU 1 idle residency:  84.20%
CPU 1 down residency:   0.00%
CPU 2 frequency: 2592 MHz
CPU 2 active residency:   7.62% (1020 MHz:   0% 1404 MHz:   0% 1788 MHz:   0% 2112 MHz:   0% 2352 MHz:   0% 2532 MHz:   0% 2592 MHz: 7.6%)
CPU 2 idle residency:  92.38%
CPU 2 down residency:   0.00%
CPU 3 frequency: 2592 MHz
CPU 3 active residency:   4.79% (1020 MHz:   0% 1404 MHz:   0% 1788 MHz:   0% 2112 MHz:   0% 2352 MHz:   0% 2532 MHz:   0% 2592 MHz: 4.8%)
CPU 3 idle residency:  95.21%
CPU 3 down residency:   0.00%

P0-Cluster Online: 100%
P0-Cluster HW active frequency: 4029 MHz
P0-Cluster HW active residency:  93.25% (1260 MHz: .85% 1512 MHz: .00% 1800 MHz: .14% 2088 MHz: .01% 2352 MHz:   0% 2616 MHz: .00% 2868 MHz: .03% 3096 MHz:   0% 3300 MHz: .00% 3468 MHz:   0% 3624 MHz: .02% 3756 MHz:   0% 3828 MHz:   0% 3888 MHz: 5.8% 3948 MHz:  38% 3996 MHz:  15% 4044 MHz: 7.8% 4104 MHz: 9.5% 4416 MHz:  15% 4512 MHz: 1.4%)
P0-Cluster idle residency:   6.75%
P0-Cluster down residency:   0.00%
CPU 4 frequency: 4359 MHz
CPU 4 active residency:  44.77% (1260 MHz: .18% 1512 MHz:   0% 1800 MHz: .05% 2088 MHz:   0% 2352 MHz:   0% 2616 MHz:   0% 2868 MHz:   0% 3096 MHz:   0% 3300 MHz:   0% 3468 MHz:   0% 3624 MHz: .00% 3756 MHz:   0% 3828 MHz:   0% 3888 MHz:   0% 3948 MHz: .00% 3996 MHz:   0% 4044 MHz:   0% 4104 MHz:  12% 4416 MHz:  15% 4512 MHz:  18%)
CPU 4 idle residency:  55.23%
CPU 4 down residency:   0.00%
CPU 5 frequency: 4429 MHz
CPU 5 active residency:  28.85% (1260 MHz: .01% 1512 MHz:   0% 1800 MHz: .01% 2088 MHz:   0% 2352 MHz:   0% 2616 MHz: .00% 2868 MHz: .00% 3096 MHz:   0% 3300 MHz: .00% 3468 MHz:   0% 3624 MHz:   0% 3756 MHz:   0% 3828 MHz:   0% 3888 MHz:   0% 3948 MHz:   0% 3996 MHz:   0% 4044 MHz:   0% 4104 MHz: 5.3% 4416 MHz: 1.4% 4512 MHz:  22%)
CPU 5 idle residency:  71.15%
CPU 5 down residency:   0.00%
CPU 6 frequency: 4358 MHz
CPU 6 active residency:  39.23% (1260 MHz: .09% 1512 MHz: .01% 1800 MHz: .02% 2088 MHz:   0% 2352 MHz:   0% 2616 MHz:   0% 2868 MHz:   0% 3096 MHz:   0% 3300 MHz:   0% 3468 MHz:   0% 3624 MHz:   0% 3756 MHz:   0% 3828 MHz:   0% 3888 MHz:   0% 3948 MHz:   0% 3996 MHz:   0% 4044 MHz:   0% 4104 MHz:  11% 4416 MHz:  14% 4512 MHz:  14%)
CPU 6 idle residency:  60.77%
CPU 6 down residency:   0.00%
CPU 7 frequency: 4285 MHz
CPU 7 active residency:  28.26% (1260 MHz: .04% 1512 MHz: .01% 1800 MHz: .09% 2088 MHz: .00% 2352 MHz:   0% 2616 MHz: .00% 2868 MHz: .03% 3096 MHz:   0% 3300 MHz: .00% 3468 MHz:   0% 3624 MHz: .02% 3756 MHz:   0% 3828 MHz:   0% 3888 MHz:   0% 3948 MHz: .01% 3996 MHz:   0% 4044 MHz:   0% 4104 MHz:  13% 4416 MHz: 7.9% 4512 MHz: 7.4%)
CPU 7 idle residency:  71.74%
CPU 7 down residency:   0.00%
CPU 8 frequency: 4401 MHz
CPU 8 active residency:  32.70% (1260 MHz: .09% 1512 MHz:   0% 1800 MHz: .03% 2088 MHz:   0% 2352 MHz:   0% 2616 MHz:   0% 2868 MHz:   0% 3096 MHz:   0% 3300 MHz:   0% 3468 MHz:   0% 3624 MHz:   0% 3756 MHz:   0% 3828 MHz:   0% 3888 MHz:   0% 3948 MHz:   0% 3996 MHz:   0% 4044 MHz:   0% 4104 MHz: 5.0% 4416 MHz:  12% 4512 MHz:  15%)
CPU 8 idle residency:  67.30%
CPU 8 down residency:   0.00%
CPU 9 frequency: 4368 MHz
CPU 9 active residency:  39.22% (1260 MHz: .05% 1512 MHz:   0% 1800 MHz: .06% 2088 MHz: .00% 2352 MHz:   0% 2616 MHz:   0% 2868 MHz: .00% 3096 MHz:   0% 3300 MHz:   0% 3468 MHz:   0% 3624 MHz:   0% 3756 MHz:   0% 3828 MHz:   0% 3888 MHz:   0% 3948 MHz:   0% 3996 MHz:   0% 4044 MHz:   0% 4104 MHz:  11% 4416 MHz: 8.0% 4512 MHz:  20%)
CPU 9 idle residency:  60.78%
CPU 9 down residency:   0.00%

P1-Cluster HW active frequency: 1773 MHz
P1-Cluster HW active residency:   1.42% (1260 MHz: .84% 1512 MHz:   0% 1800 MHz: .24% 2088 MHz:   0% 2352 MHz: .20% 2616 MHz:   0% 2868 MHz:   0% 3096 MHz:   0% 3300 MHz:   0% 3468 MHz:   0% 3624 MHz:   0% 3756 MHz:   0% 3828 MHz:   0% 3888 MHz:   0% 3948 MHz: .03% 3996 MHz: .00% 4044 MHz:   0% 4104 MHz: .11% 4416 MHz:   0% 4512 MHz:   0%)
P1-Cluster idle residency:   3.07%
P1-Cluster down residency:  95.51%
CPU 10 frequency: 0 MHz
CPU 10 active residency:   0.00% (1260 MHz:   0% 1512 MHz:   0% 1800 MHz:   0% 2088 MHz:   0% 2352 MHz:   0% 2616 MHz:   0% 2868 MHz:   0% 3096 MHz:   0% 3300 MHz:   0% 3468 MHz:   0% 3624 MHz:   0% 3756 MHz:   0% 3828 MHz:   0% 3888 MHz:   0% 3948 MHz:   0% 3996 MHz:   0% 4044 MHz:   0% 4104 MHz:   0% 4416 MHz:   0% 4512 MHz:   0%)
CPU 10 idle residency:   4.17%
CPU 10 down residency:  95.83%
CPU 11 frequency: 0 MHz
CPU 11 active residency:   0.00% (1260 MHz:   0% 1512 MHz:   0% 1800 MHz:   0% 2088 MHz:   0% 2352 MHz:   0% 2616 MHz:   0% 2868 MHz:   0% 3096 MHz:   0% 3300 MHz:   0% 3468 MHz:   0% 3624 MHz:   0% 3756 MHz:   0% 3828 MHz:   0% 3888 MHz:   0% 3948 MHz:   0% 3996 MHz:   0% 4044 MHz:   0% 4104 MHz:   0% 4416 MHz:   0% 4512 MHz:   0%)
CPU 11 idle residency:   4.28%
CPU 11 down residency:  95.72%
CPU 12 frequency: 0 MHz
CPU 12 active residency:   0.00% (1260 MHz:   0% 1512 MHz:   0% 1800 MHz:   0% 2088 MHz:   0% 2352 MHz:   0% 2616 MHz:   0% 2868 MHz:   0% 3096 MHz:   0% 3300 MHz:   0% 3468 MHz:   0% 3624 MHz:   0% 3756 MHz:   0% 3828 MHz:   0% 3888 MHz:   0% 3948 MHz:   0% 3996 MHz:   0% 4044 MHz:   0% 4104 MHz:   0% 4416 MHz:   0% 4512 MHz:   0%)
CPU 12 idle residency:   4.19%
CPU 12 down residency:  95.81%
CPU 13 frequency: 0 MHz
CPU 13 active residency:   0.00% (1260 MHz:   0% 1512 MHz:   0% 1800 MHz:   0% 2088 MHz:   0% 2352 MHz:   0% 2616 MHz:   0% 2868 MHz:   0% 3096 MHz:   0% 3300 MHz:   0% 3468 MHz:   0% 3624 MHz:   0% 3756 MHz:   0% 3828 MHz:   0% 3888 MHz:   0% 3948 MHz:   0% 3996 MHz:   0% 4044 MHz:   0% 4104 MHz:   0% 4416 MHz:   0% 4512 MHz:   0%)
CPU 13 idle residency:   4.27%
CPU 13 down residency:  95.73%
CPU 14 frequency: 0 MHz
CPU 14 active residency:   0.00% (1260 MHz:   0% 1512 MHz:   0% 1800 MHz:   0% 2088 MHz:   0% 2352 MHz:   0% 2616 MHz:   0% 2868 MHz:   0% 3096 MHz:   0% 3300 MHz:   0% 3468 MHz:   0% 3624 MHz:   0% 3756 MHz:   0% 3828 MHz:   0% 3888 MHz:   0% 3948 MHz:   0% 3996 MHz:   0% 4044 MHz:   0% 4104 MHz:   0% 4416 MHz:   0% 4512 MHz:   0%)
CPU 14 idle residency:   4.21%
CPU 14 down residency:  95.79%
CPU 15 frequency: 0 MHz
CPU 15 active residency:   0.00% (1260 MHz:   0% 1512 MHz:   0% 1800 MHz:   0% 2088 MHz:   0% 2352 MHz:   0% 2616 MHz:   0% 2868 MHz:   0% 3096 MHz:   0% 3300 MHz:   0% 3468 MHz:   0% 3624 MHz:   0% 3756 MHz:   0% 3828 MHz:   0% 3888 MHz:   0% 3948 MHz:   0% 3996 MHz:   0% 4044 MHz:   0% 4104 MHz:   0% 4416 MHz:   0% 4512 MHz:   0%)
CPU 15 idle residency:   3.94%
CPU 15 down residency:  96.06%

CPU Power: 5657 mW
GPU Power: 24456 mW
ANE Power: 0 mW
Combined Power (CPU + GPU + ANE): 30113 mW

**** GPU usage ****

GPU HW active frequency: 1578 MHz
GPU HW active residency: 100.00% (338 MHz:   0% 618 MHz:   0% 796 MHz:   0% 924 MHz:   0% 952 MHz:   0% 1056 MHz:   0% 1062 MHz:   0% 1182 MHz:   0% 1182 MHz:   0% 1312 MHz:   0% 1242 MHz:   0% 1380 MHz:   0% 1326 MHz:   0% 1470 MHz:   0% 1578 MHz: 100%)
GPU SW requested state: (P1 :   0% P2 :   0% P3 :   0% P4 :   0% P5 :   0% P6 :   0% P7 :   0% P8 :   0% P9 :   0% P10 : 100% P11 :   0% P12 :   0% P13 :   0% P14 :   0% P15 :   0%)
GPU SW state: (SW_P1 :   0% SW_P2 :   0% SW_P3 :   0% SW_P4 :   0% SW_P5 :   0% SW_P6 :   0% SW_P7 :   0% SW_P8 :   0% SW_P9 :   0% SW_P10 : 100% SW_P11 :   0% SW_P12 :   0% SW_P13 :   0% SW_P14 :   0% SW_P15 :   0%)
GPU idle residency:   0.00%
GPU Power: 24454 mW



*** Sampled system activity (Tue Jan 20 15:14:36 2026 +0100) (1020.00ms elapsed) ***


**** Processor usage ****

E-Cluster Online: 100%
E-Cluster HW active frequency: 2592 MHz
E-Cluster HW active residency:  52.84% (1020 MHz:   0% 1404 MHz:   0% 1788 MHz:   0% 2112 MHz:   0% 2352 MHz:   0% 2532 MHz: .00% 2592 MHz:  53%)
E-Cluster idle residency:  47.16%
E-Cluster down residency:   0.00%
CPU 0 frequency: 2592 MHz
CPU 0 active residency:  22.13% (1020 MHz:   0% 1404 MHz:   0% 1788 MHz:   0% 2112 MHz:   0% 2352 MHz:   0% 2532 MHz:   0% 2592 MHz:  22%)
CPU 0 idle residency:  77.87%
CPU 0 down residency:   0.00%
CPU 1 frequency: 2592 MHz
CPU 1 active residency:  12.51% (1020 MHz:   0% 1404 MHz:   0% 1788 MHz:   0% 2112 MHz:   0% 2352 MHz:   0% 2532 MHz:   0% 2592 MHz:  13%)
CPU 1 idle residency:  87.49%
CPU 1 down residency:   0.00%
CPU 2 frequency: 2592 MHz
CPU 2 active residency:   7.99% (1020 MHz:   0% 1404 MHz:   0% 1788 MHz:   0% 2112 MHz:   0% 2352 MHz:   0% 2532 MHz:   0% 2592 MHz: 8.0%)
CPU 2 idle residency:  92.01%
CPU 2 down residency:   0.00%
CPU 3 frequency: 2592 MHz
CPU 3 active residency:   3.86% (1020 MHz:   0% 1404 MHz:   0% 1788 MHz:   0% 2112 MHz:   0% 2352 MHz:   0% 2532 MHz:   0% 2592 MHz: 3.9%)
CPU 3 idle residency:  96.14%
CPU 3 down residency:   0.00%

P0-Cluster Online: 100%
P0-Cluster HW active frequency: 3987 MHz
P0-Cluster HW active residency:  94.16% (1260 MHz: .81% 1512 MHz: .05% 1800 MHz: .08% 2088 MHz: .00% 2352 MHz: .03% 2616 MHz: .00% 2868 MHz: .00% 3096 MHz:   0% 3300 MHz:   0% 3468 MHz:   0% 3624 MHz:   0% 3756 MHz:   0% 3828 MHz:   0% 3888 MHz: 5.1% 3948 MHz:  47% 3996 MHz:  18% 4044 MHz: 7.0% 4104 MHz: 8.4% 4416 MHz: 7.4% 4512 MHz: .38%)
P0-Cluster idle residency:   5.84%
P0-Cluster down residency:   0.00%
CPU 4 frequency: 4376 MHz
CPU 4 active residency:  38.47% (1260 MHz: .04% 1512 MHz: .01% 1800 MHz:   0% 2088 MHz: .01% 2352 MHz:   0% 2616 MHz: .00% 2868 MHz:   0% 3096 MHz:   0% 3300 MHz:   0% 3468 MHz:   0% 3624 MHz:   0% 3756 MHz:   0% 3828 MHz:   0% 3888 MHz:   0% 3948 MHz:   0% 3996 MHz: .10% 4044 MHz: .75% 4104 MHz: 9.5% 4416 MHz: 8.1% 4512 MHz:  20%)
CPU 4 idle residency:  61.53%
CPU 4 down residency:   0.00%
CPU 5 frequency: 4470 MHz
CPU 5 active residency:  17.83% (1260 MHz: .00% 1512 MHz:   0% 1800 MHz:   0% 2088 MHz:   0% 2352 MHz:   0% 2616 MHz:   0% 2868 MHz:   0% 3096 MHz:   0% 3300 MHz:   0% 3468 MHz:   0% 3624 MHz:   0% 3756 MHz:   0% 3828 MHz:   0% 3888 MHz:   0% 3948 MHz:   0% 3996 MHz: .20% 4044 MHz: .75% 4104 MHz: .63% 4416 MHz: .29% 4512 MHz:  16%)
CPU 5 idle residency:  82.17%
CPU 5 down residency:   0.00%
CPU 6 frequency: 4338 MHz
CPU 6 active residency:  47.48% (1260 MHz: .05% 1512 MHz: .00% 1800 MHz: .00% 2088 MHz:   0% 2352 MHz:   0% 2616 MHz:   0% 2868 MHz: .00% 3096 MHz:   0% 3300 MHz:   0% 3468 MHz:   0% 3624 MHz:   0% 3756 MHz:   0% 3828 MHz:   0% 3888 MHz:   0% 3948 MHz:   0% 3996 MHz: .34% 4044 MHz: .59% 4104 MHz:  16% 4416 MHz:  12% 4512 MHz:  19%)
CPU 6 idle residency:  52.52%
CPU 6 down residency:   0.00%
CPU 7 frequency: 4290 MHz
CPU 7 active residency:  54.10% (1260 MHz: .14% 1512 MHz: .03% 1800 MHz: .03% 2088 MHz:   0% 2352 MHz:   0% 2616 MHz:   0% 2868 MHz:   0% 3096 MHz:   0% 3300 MHz:   0% 3468 MHz:   0% 3624 MHz:   0% 3756 MHz:   0% 3828 MHz:   0% 3888 MHz:   0% 3948 MHz:   0% 3996 MHz: .03% 4044 MHz: .08% 4104 MHz:  25% 4416 MHz:  10% 4512 MHz:  18%)
CPU 7 idle residency:  45.90%
CPU 7 down residency:   0.00%
CPU 8 frequency: 4300 MHz
CPU 8 active residency:  50.59% (1260 MHz: .13% 1512 MHz: .00% 1800 MHz: .00% 2088 MHz:   0% 2352 MHz: .00% 2616 MHz:   0% 2868 MHz:   0% 3096 MHz:   0% 3300 MHz:   0% 3468 MHz:   0% 3624 MHz:   0% 3756 MHz:   0% 3828 MHz:   0% 3888 MHz:   0% 3948 MHz:   0% 3996 MHz: .36% 4044 MHz: .37% 4104 MHz:  22% 4416 MHz:  10% 4512 MHz:  17%)
CPU 8 idle residency:  49.41%
CPU 8 down residency:   0.00%
CPU 9 frequency: 4298 MHz
CPU 9 active residency:  29.73% (1260 MHz: .03% 1512 MHz: .01% 1800 MHz: .03% 2088 MHz: .01% 2352 MHz: .03% 2616 MHz: .00% 2868 MHz: .00% 3096 MHz:   0% 3300 MHz:   0% 3468 MHz:   0% 3624 MHz:   0% 3756 MHz:   0% 3828 MHz:   0% 3888 MHz:   0% 3948 MHz:   0% 3996 MHz: .02% 4044 MHz: .62% 4104 MHz:  12% 4416 MHz: 9.9% 4512 MHz: 7.3%)
CPU 9 idle residency:  70.27%
CPU 9 down residency:   0.00%

P1-Cluster HW active frequency: 1260 MHz
P1-Cluster HW active residency:   0.42% (1260 MHz: .42% 1512 MHz:   0% 1800 MHz:   0% 2088 MHz:   0% 2352 MHz:   0% 2616 MHz:   0% 2868 MHz:   0% 3096 MHz:   0% 3300 MHz:   0% 3468 MHz:   0% 3624 MHz:   0% 3756 MHz:   0% 3828 MHz:   0% 3888 MHz:   0% 3948 MHz:   0% 3996 MHz:   0% 4044 MHz:   0% 4104 MHz:   0% 4416 MHz:   0% 4512 MHz:   0%)
P1-Cluster idle residency:   2.25%
P1-Cluster down residency:  97.33%
CPU 10 frequency: 0 MHz
CPU 10 active residency:   0.00% (1260 MHz:   0% 1512 MHz:   0% 1800 MHz:   0% 2088 MHz:   0% 2352 MHz:   0% 2616 MHz:   0% 2868 MHz:   0% 3096 MHz:   0% 3300 MHz:   0% 3468 MHz:   0% 3624 MHz:   0% 3756 MHz:   0% 3828 MHz:   0% 3888 MHz:   0% 3948 MHz:   0% 3996 MHz:   0% 4044 MHz:   0% 4104 MHz:   0% 4416 MHz:   0% 4512 MHz:   0%)
CPU 10 idle residency:   2.58%
CPU 10 down residency:  97.42%
CPU 11 frequency: 0 MHz
CPU 11 active residency:   0.00% (1260 MHz:   0% 1512 MHz:   0% 1800 MHz:   0% 2088 MHz:   0% 2352 MHz:   0% 2616 MHz:   0% 2868 MHz:   0% 3096 MHz:   0% 3300 MHz:   0% 3468 MHz:   0% 3624 MHz:   0% 3756 MHz:   0% 3828 MHz:   0% 3888 MHz:   0% 3948 MHz:   0% 3996 MHz:   0% 4044 MHz:   0% 4104 MHz:   0% 4416 MHz:   0% 4512 MHz:   0%)
CPU 11 idle residency:   2.58%
CPU 11 down residency:  97.42%
CPU 12 frequency: 0 MHz
CPU 12 active residency:   0.00% (1260 MHz:   0% 1512 MHz:   0% 1800 MHz:   0% 2088 MHz:   0% 2352 MHz:   0% 2616 MHz:   0% 2868 MHz:   0% 3096 MHz:   0% 3300 MHz:   0% 3468 MHz:   0% 3624 MHz:   0% 3756 MHz:   0% 3828 MHz:   0% 3888 MHz:   0% 3948 MHz:   0% 3996 MHz:   0% 4044 MHz:   0% 4104 MHz:   0% 4416 MHz:   0% 4512 MHz:   0%)
CPU 12 idle residency:   2.58%
CPU 12 down residency:  97.42%
CPU 13 frequency: 0 MHz
CPU 13 active residency:   0.00% (1260 MHz:   0% 1512 MHz:   0% 1800 MHz:   0% 2088 MHz:   0% 2352 MHz:   0% 2616 MHz:   0% 2868 MHz:   0% 3096 MHz:   0% 3300 MHz:   0% 3468 MHz:   0% 3624 MHz:   0% 3756 MHz:   0% 3828 MHz:   0% 3888 MHz:   0% 3948 MHz:   0% 3996 MHz:   0% 4044 MHz:   0% 4104 MHz:   0% 4416 MHz:   0% 4512 MHz:   0%)
CPU 13 idle residency:   2.58%
CPU 13 down residency:  97.42%
CPU 14 frequency: 0 MHz
CPU 14 active residency:   0.00% (1260 MHz:   0% 1512 MHz:   0% 1800 MHz:   0% 2088 MHz:   0% 2352 MHz:   0% 2616 MHz:   0% 2868 MHz:   0% 3096 MHz:   0% 3300 MHz:   0% 3468 MHz:   0% 3624 MHz:   0% 3756 MHz:   0% 3828 MHz:   0% 3888 MHz:   0% 3948 MHz:   0% 3996 MHz:   0% 4044 MHz:   0% 4104 MHz:   0% 4416 MHz:   0% 4512 MHz:   0%)
CPU 14 idle residency:   2.58%
CPU 14 down residency:  97.42%
CPU 15 frequency: 0 MHz
CPU 15 active residency:   0.00% (1260 MHz:   0% 1512 MHz:   0% 1800 MHz:   0% 2088 MHz:   0% 2352 MHz:   0% 2616 MHz:   0% 2868 MHz:   0% 3096 MHz:   0% 3300 MHz:   0% 3468 MHz:   0% 3624 MHz:   0% 3756 MHz:   0% 3828 MHz:   0% 3888 MHz:   0% 3948 MHz:   0% 3996 MHz:   0% 4044 MHz:   0% 4104 MHz:   0% 4416 MHz:   0% 4512 MHz:   0%)
CPU 15 idle residency:   2.58%
CPU 15 down residency:  97.42%

CPU Power: 5297 mW
GPU Power: 24635 mW
ANE Power: 0 mW
Combined Power (CPU + GPU + ANE): 29932 mW

**** GPU usage ****

GPU HW active frequency: 1578 MHz
GPU HW active residency: 100.00% (338 MHz:   0% 618 MHz:   0% 796 MHz:   0% 924 MHz:   0% 952 MHz:   0% 1056 MHz:   0% 1062 MHz:   0% 1182 MHz:   0% 1182 MHz:   0% 1312 MHz:   0% 1242 MHz:   0% 1380 MHz:   0% 1326 MHz:   0% 1470 MHz:   0% 1578 MHz: 100%)
GPU SW requested state: (P1 :   0% P2 :   0% P3 :   0% P4 :   0% P5 :   0% P6 :   0% P7 :   0% P8 :   0% P9 :   0% P10 : 100% P11 :   0% P12 :   0% P13 :   0% P14 :   0% P15 :   0%)
GPU SW state: (SW_P1 :   0% SW_P2 :   0% SW_P3 :   0% SW_P4 :   0% SW_P5 :   0% SW_P6 :   0% SW_P7 :   0% SW_P8 :   0% SW_P9 :   0% SW_P10 : 100% SW_P11 :   0% SW_P12 :   0% SW_P13 :   0% SW_P14 :   0% SW_P15 :   0%)
GPU idle residency:   0.00%
GPU Power: 24435 mW



*** Sampled system activity (Tue Jan 20 15:14:37 2026 +0100) (1019.48ms elapsed) ***


**** Processor usage ****

E-Cluster Online: 100%
E-Cluster HW active frequency: 2592 MHz
E-Cluster HW active residency:  54.74% (1020 MHz:   0% 1404 MHz:   0% 1788 MHz:   0% 2112 MHz:   0% 2352 MHz:   0% 2532 MHz: .01% 2592 MHz:  55%)
E-Cluster idle residency:  45.26%
E-Cluster down residency:   0.00%
CPU 0 frequency: 2592 MHz
CPU 0 active residency:  22.73% (1020 MHz:   0% 1404 MHz:   0% 1788 MHz:   0% 2112 MHz:   0% 2352 MHz:   0% 2532 MHz:   0% 2592 MHz:  23%)
CPU 0 idle residency:  77.27%
CPU 0 down residency:   0.00%
CPU 1 frequency: 2592 MHz
CPU 1 active residency:  15.32% (1020 MHz:   0% 1404 MHz:   0% 1788 MHz:   0% 2112 MHz:   0% 2352 MHz:   0% 2532 MHz:   0% 2592 MHz:  15%)
CPU 1 idle residency:  84.68%
CPU 1 down residency:   0.00%
CPU 2 frequency: 2592 MHz
CPU 2 active residency:   6.85% (1020 MHz:   0% 1404 MHz:   0% 1788 MHz:   0% 2112 MHz:   0% 2352 MHz:   0% 2532 MHz:   0% 2592 MHz: 6.9%)
CPU 2 idle residency:  93.15%
CPU 2 down residency:   0.00%
CPU 3 frequency: 2592 MHz
CPU 3 active residency:   6.63% (1020 MHz:   0% 1404 MHz:   0% 1788 MHz:   0% 2112 MHz:   0% 2352 MHz:   0% 2532 MHz:   0% 2592 MHz: 6.6%)
CPU 3 idle residency:  93.37%
CPU 3 down residency:   0.00%

P0-Cluster Online: 100%
P0-Cluster HW active frequency: 3966 MHz
P0-Cluster HW active residency:  95.18% (1260 MHz: .73% 1512 MHz: .14% 1800 MHz: .05% 2088 MHz: .01% 2352 MHz: .02% 2616 MHz: .04% 2868 MHz: .04% 3096 MHz: .05% 3300 MHz:   0% 3468 MHz:   0% 3624 MHz: .03% 3756 MHz:   0% 3828 MHz: 1.6% 3888 MHz: 7.8% 3948 MHz:  54% 3996 MHz:  13% 4044 MHz: 7.3% 4104 MHz: 4.6% 4416 MHz: 6.2% 4512 MHz: .13%)
P0-Cluster idle residency:   4.82%
P0-Cluster down residency:   0.00%
CPU 4 frequency: 4327 MHz
CPU 4 active residency:  40.67% (1260 MHz: .07% 1512 MHz: .03% 1800 MHz:   0% 2088 MHz:   0% 2352 MHz: .00% 2616 MHz:   0% 2868 MHz:   0% 3096 MHz: .00% 3300 MHz:   0% 3468 MHz:   0% 3624 MHz:   0% 3756 MHz:   0% 3828 MHz: .47% 3888 MHz: 1.4% 3948 MHz: .97% 3996 MHz: 3.0% 4044 MHz: 2.1% 4104 MHz: 5.5% 4416 MHz: 7.6% 4512 MHz:  20%)
CPU 4 idle residency:  59.33%
CPU 4 down residency:   0.00%
CPU 5 frequency: 4155 MHz
CPU 5 active residency:  34.21% (1260 MHz: .04% 1512 MHz: .02% 1800 MHz: .05% 2088 MHz: .01% 2352 MHz:   0% 2616 MHz: .00% 2868 MHz: .04% 3096 MHz: .05% 3300 MHz:   0% 3468 MHz:   0% 3624 MHz: .03% 3756 MHz:   0% 3828 MHz: 1.1% 3888 MHz: 1.3% 3948 MHz: 2.8% 3996 MHz: 1.9% 4044 MHz: 3.4% 4104 MHz:  14% 4416 MHz: 1.5% 4512 MHz: 7.7%)
CPU 5 idle residency:  65.79%
CPU 5 down residency:   0.00%
CPU 6 frequency: 4294 MHz
CPU 6 active residency:  47.55% (1260 MHz: .06% 1512 MHz: .04% 1800 MHz: .03% 2088 MHz:   0% 2352 MHz: .02% 2616 MHz:   0% 2868 MHz:   0% 3096 MHz: .00% 3300 MHz:   0% 3468 MHz:   0% 3624 MHz: .00% 3756 MHz:   0% 3828 MHz: .03% 3888 MHz: .16% 3948 MHz: .71% 3996 MHz: 2.0% 4044 MHz: 3.0% 4104 MHz:  15% 4416 MHz:  11% 4512 MHz:  16%)
CPU 6 idle residency:  52.45%
CPU 6 down residency:   0.00%
CPU 7 frequency: 4291 MHz
CPU 7 active residency:  32.08% (1260 MHz: .03% 1512 MHz: .03% 1800 MHz:   0% 2088 MHz:   0% 2352 MHz:   0% 2616 MHz:   0% 2868 MHz: .00% 3096 MHz:   0% 3300 MHz:   0% 3468 MHz:   0% 3624 MHz:   0% 3756 MHz:   0% 3828 MHz: 1.1% 3888 MHz: .82% 3948 MHz: 1.7% 3996 MHz: 2.7% 4044 MHz: 4.6% 4104 MHz: 2.7% 4416 MHz: .57% 4512 MHz:  18%)
CPU 7 idle residency:  67.92%
CPU 7 down residency:   0.00%
CPU 8 frequency: 4277 MHz
CPU 8 active residency:  51.89% (1260 MHz: .08% 1512 MHz: .08% 1800 MHz: .04% 2088 MHz:   0% 2352 MHz: .02% 2616 MHz: .00% 2868 MHz: .01% 3096 MHz: .00% 3300 MHz:   0% 3468 MHz:   0% 3624 MHz:   0% 3756 MHz:   0% 3828 MHz:   0% 3888 MHz: .60% 3948 MHz: 2.4% 3996 MHz: 3.1% 4044 MHz: 3.3% 4104 MHz:  13% 4416 MHz:  12% 4512 MHz:  16%)
CPU 8 idle residency:  48.11%
CPU 8 down residency:   0.00%
CPU 9 frequency: 4290 MHz
CPU 9 active residency:  53.82% (1260 MHz: .07% 1512 MHz: .06% 1800 MHz: .01% 2088 MHz: .00% 2352 MHz:   0% 2616 MHz: .04% 2868 MHz:   0% 3096 MHz: .00% 3300 MHz:   0% 3468 MHz:   0% 3624 MHz:   0% 3756 MHz:   0% 3828 MHz: .72% 3888 MHz: .37% 3948 MHz: .85% 3996 MHz: 2.0% 4044 MHz: 4.8% 4104 MHz:  14% 4416 MHz:  12% 4512 MHz:  18%)
CPU 9 idle residency:  46.18%
CPU 9 down residency:   0.00%

P1-Cluster HW active frequency: 1465 MHz
P1-Cluster HW active residency:   1.25% (1260 MHz: .99% 1512 MHz:   0% 1800 MHz: .21% 2088 MHz:   0% 2352 MHz:   0% 2616 MHz:   0% 2868 MHz:   0% 3096 MHz:   0% 3300 MHz:   0% 3468 MHz:   0% 3624 MHz:   0% 3756 MHz:   0% 3828 MHz:   0% 3888 MHz:   0% 3948 MHz:   0% 3996 MHz:   0% 4044 MHz:   0% 4104 MHz:   0% 4416 MHz: .04% 4512 MHz:   0%)
P1-Cluster idle residency:   2.89%
P1-Cluster down residency:  95.86%
CPU 10 frequency: 4162 MHz
CPU 10 active residency:   5.68% (1260 MHz: .42% 1512 MHz: .00% 1800 MHz: .05% 2088 MHz:   0% 2352 MHz:   0% 2616 MHz:   0% 2868 MHz:   0% 3096 MHz:   0% 3300 MHz:   0% 3468 MHz:   0% 3624 MHz:   0% 3756 MHz:   0% 3828 MHz:   0% 3888 MHz:   0% 3948 MHz:   0% 3996 MHz:   0% 4044 MHz:   0% 4104 MHz: .05% 4416 MHz: 4.9% 4512 MHz: .27%)
CPU 10 idle residency:   3.68%
CPU 10 down residency:  90.65%
CPU 11 frequency: 4243 MHz
CPU 11 active residency:   6.97% (1260 MHz: .35% 1512 MHz:   0% 1800 MHz: .02% 2088 MHz:   0% 2352 MHz:   0% 2616 MHz:   0% 2868 MHz: .00% 3096 MHz:   0% 3300 MHz: .00% 3468 MHz: .02% 3624 MHz:   0% 3756 MHz: .03% 3828 MHz:   0% 3888 MHz:   0% 3948 MHz:   0% 3996 MHz:   0% 4044 MHz:   0% 4104 MHz: .00% 4416 MHz: 6.5% 4512 MHz: .02%)
CPU 11 idle residency:   3.64%
CPU 11 down residency:  89.39%
CPU 12 frequency: 4109 MHz
CPU 12 active residency:   5.26% (1260 MHz: .37% 1512 MHz: .03% 1800 MHz: .11% 2088 MHz: .00% 2352 MHz: .03% 2616 MHz: .00% 2868 MHz:   0% 3096 MHz:   0% 3300 MHz:   0% 3468 MHz:   0% 3624 MHz:   0% 3756 MHz:   0% 3828 MHz:   0% 3888 MHz:   0% 3948 MHz:   0% 3996 MHz:   0% 4044 MHz:   0% 4104 MHz:   0% 4416 MHz: 4.7% 4512 MHz: .05%)
CPU 12 idle residency:   3.72%
CPU 12 down residency:  91.02%
CPU 13 frequency: 4247 MHz
CPU 13 active residency:   7.49% (1260 MHz: .38% 1512 MHz:   0% 1800 MHz: .03% 2088 MHz:   0% 2352 MHz:   0% 2616 MHz:   0% 2868 MHz:   0% 3096 MHz:   0% 3300 MHz:   0% 3468 MHz:   0% 3624 MHz:   0% 3756 MHz:   0% 3828 MHz:   0% 3888 MHz:   0% 3948 MHz:   0% 3996 MHz:   0% 4044 MHz:   0% 4104 MHz:   0% 4416 MHz: 7.0% 4512 MHz: .07%)
CPU 13 idle residency:   3.62%
CPU 13 down residency:  88.89%
CPU 14 frequency: 4226 MHz
CPU 14 active residency:   6.56% (1260 MHz: .36% 1512 MHz:   0% 1800 MHz: .05% 2088 MHz:   0% 2352 MHz:   0% 2616 MHz: .00% 2868 MHz:   0% 3096 MHz:   0% 3300 MHz:   0% 3468 MHz:   0% 3624 MHz:   0% 3756 MHz:   0% 3828 MHz:   0% 3888 MHz:   0% 3948 MHz:   0% 3996 MHz:   0% 4044 MHz:   0% 4104 MHz: .04% 4416 MHz: 5.9% 4512 MHz: .23%)
CPU 14 idle residency:   3.54%
CPU 14 down residency:  89.89%
CPU 15 frequency: 4122 MHz
CPU 15 active residency:   6.51% (1260 MHz: .37% 1512 MHz:   0% 1800 MHz: .14% 2088 MHz: .00% 2352 MHz: .18% 2616 MHz:   0% 2868 MHz: .00% 3096 MHz:   0% 3300 MHz: .00% 3468 MHz: .00% 3624 MHz:   0% 3756 MHz: .00% 3828 MHz:   0% 3888 MHz:   0% 3948 MHz:   0% 3996 MHz:   0% 4044 MHz:   0% 4104 MHz: .03% 4416 MHz: 5.7% 4512 MHz: .13%)
CPU 15 idle residency:   3.65%
CPU 15 down residency:  89.84%

CPU Power: 5606 mW
GPU Power: 24288 mW
ANE Power: 0 mW
Combined Power (CPU + GPU + ANE): 29894 mW

**** GPU usage ****

GPU HW active frequency: 1578 MHz
GPU HW active residency: 100.00% (338 MHz:   0% 618 MHz:   0% 796 MHz:   0% 924 MHz:   0% 952 MHz:   0% 1056 MHz:   0% 1062 MHz:   0% 1182 MHz:   0% 1182 MHz:   0% 1312 MHz:   0% 1242 MHz:   0% 1380 MHz:   0% 1326 MHz:   0% 1470 MHz:   0% 1578 MHz: 100%)
GPU SW requested state: (P1 :   0% P2 :   0% P3 :   0% P4 :   0% P5 :   0% P6 :   0% P7 :   0% P8 :   0% P9 :   0% P10 : 100% P11 :   0% P12 :   0% P13 :   0% P14 :   0% P15 :   0%)
GPU SW state: (SW_P1 :   0% SW_P2 :   0% SW_P3 :   0% SW_P4 :   0% SW_P5 :   0% SW_P6 :   0% SW_P7 :   0% SW_P8 :   0% SW_P9 :   0% SW_P10 : 100% SW_P11 :   0% SW_P12 :   0% SW_P13 :   0% SW_P14 :   0% SW_P15 :   0%)
GPU idle residency:   0.00%
GPU Power: 24486 mW



*** Sampled system activity (Tue Jan 20 15:14:38 2026 +0100) (1020.80ms elapsed) ***


**** Processor usage ****

E-Cluster Online: 100%
E-Cluster HW active frequency: 2592 MHz
E-Cluster HW active residency:  53.20% (1020 MHz:   0% 1404 MHz:   0% 1788 MHz:   0% 2112 MHz:   0% 2352 MHz:   0% 2532 MHz:   0% 2592 MHz:  53%)
E-Cluster idle residency:  46.80%
E-Cluster down residency:   0.00%
CPU 0 frequency: 2592 MHz
CPU 0 active residency:  23.83% (1020 MHz:   0% 1404 MHz:   0% 1788 MHz:   0% 2112 MHz:   0% 2352 MHz:   0% 2532 MHz:   0% 2592 MHz:  24%)
CPU 0 idle residency:  76.17%
CPU 0 down residency:   0.00%
CPU 1 frequency: 2592 MHz
CPU 1 active residency:  11.90% (1020 MHz:   0% 1404 MHz:   0% 1788 MHz:   0% 2112 MHz:   0% 2352 MHz:   0% 2532 MHz:   0% 2592 MHz:  12%)
CPU 1 idle residency:  88.10%
CPU 1 down residency:   0.00%
CPU 2 frequency: 2592 MHz
CPU 2 active residency:   6.15% (1020 MHz:   0% 1404 MHz:   0% 1788 MHz:   0% 2112 MHz:   0% 2352 MHz:   0% 2532 MHz:   0% 2592 MHz: 6.2%)
CPU 2 idle residency:  93.85%
CPU 2 down residency:   0.00%
CPU 3 frequency: 2592 MHz
CPU 3 active residency:   4.29% (1020 MHz:   0% 1404 MHz:   0% 1788 MHz:   0% 2112 MHz:   0% 2352 MHz:   0% 2532 MHz:   0% 2592 MHz: 4.3%)
CPU 3 idle residency:  95.71%
CPU 3 down residency:   0.00%

P0-Cluster Online: 82%
P0-Cluster HW active frequency: 3919 MHz
P0-Cluster HW active residency:  77.95% (1260 MHz: .74% 1512 MHz:   0% 1800 MHz: .00% 2088 MHz: .01% 2352 MHz: .00% 2616 MHz: .03% 2868 MHz: .03% 3096 MHz: .04% 3300 MHz:   0% 3468 MHz: .03% 3624 MHz:   0% 3756 MHz: 1.4% 3828 MHz: 7.4% 3888 MHz:  10% 3948 MHz:  37% 3996 MHz:  12% 4044 MHz: 7.8% 4104 MHz: 1.2% 4416 MHz: .06% 4512 MHz: .17%)
P0-Cluster idle residency:   5.11%
P0-Cluster down residency:  16.94%
CPU 4 frequency: 4428 MHz
CPU 4 active residency:  29.84% (1260 MHz: .00% 1512 MHz:   0% 1800 MHz:   0% 2088 MHz: .00% 2352 MHz:   0% 2616 MHz:   0% 2868 MHz: .00% 3096 MHz: .00% 3300 MHz:   0% 3468 MHz:   0% 3624 MHz:   0% 3756 MHz:   0% 3828 MHz:   0% 3888 MHz:   0% 3948 MHz:   0% 3996 MHz: .08% 4044 MHz: 2.4% 4104 MHz: 3.2% 4416 MHz: .46% 4512 MHz:  24%)
CPU 4 idle residency:  49.63%
CPU 4 down residency:  20.53%
CPU 5 frequency: 4418 MHz
CPU 5 active residency:  28.19% (1260 MHz: .00% 1512 MHz:   0% 1800 MHz:   0% 2088 MHz:   0% 2352 MHz: .00% 2616 MHz: .00% 2868 MHz:   0% 3096 MHz:   0% 3300 MHz:   0% 3468 MHz: .00% 3624 MHz:   0% 3756 MHz: .00% 3828 MHz:   0% 3888 MHz:   0% 3948 MHz:   0% 3996 MHz:   0% 4044 MHz: 1.7% 4104 MHz: 4.4% 4416 MHz: .34% 4512 MHz:  22%)
CPU 5 idle residency:  53.77%
CPU 5 down residency:  18.05%
CPU 6 frequency: 4438 MHz
CPU 6 active residency:  22.63% (1260 MHz:   0% 1512 MHz:   0% 1800 MHz:   0% 2088 MHz: .01% 2352 MHz:   0% 2616 MHz:   0% 2868 MHz:   0% 3096 MHz:   0% 3300 MHz:   0% 3468 MHz:   0% 3624 MHz:   0% 3756 MHz:   0% 3828 MHz:   0% 3888 MHz:   0% 3948 MHz:   0% 3996 MHz: .14% 4044 MHz: .15% 4104 MHz: 3.7% 4416 MHz: .31% 4512 MHz:  18%)
CPU 6 idle residency:  60.34%
CPU 6 down residency:  17.02%
CPU 7 frequency: 4297 MHz
CPU 7 active residency:  20.36% (1260 MHz: .01% 1512 MHz:   0% 1800 MHz: .01% 2088 MHz: .00% 2352 MHz: .00% 2616 MHz: .03% 2868 MHz: .03% 3096 MHz: .04% 3300 MHz:   0% 3468 MHz: .03% 3624 MHz:   0% 3756 MHz: .00% 3828 MHz:   0% 3888 MHz:   0% 3948 MHz:   0% 3996 MHz:   0% 4044 MHz: 3.2% 4104 MHz: 6.2% 4416 MHz: .43% 4512 MHz:  10%)
CPU 7 idle residency:  60.64%
CPU 7 down residency:  19.00%
CPU 8 frequency: 4438 MHz
CPU 8 active residency:  30.07% (1260 MHz:   0% 1512 MHz:   0% 1800 MHz: .01% 2088 MHz:   0% 2352 MHz:   0% 2616 MHz:   0% 2868 MHz:   0% 3096 MHz:   0% 3300 MHz:   0% 3468 MHz:   0% 3624 MHz:   0% 3756 MHz:   0% 3828 MHz:   0% 3888 MHz:   0% 3948 MHz:   0% 3996 MHz:   0% 4044 MHz: 1.8% 4104 MHz: 3.3% 4416 MHz: .10% 4512 MHz:  25%)
CPU 8 idle residency:  48.30%
CPU 8 down residency:  21.64%
CPU 9 frequency: 4410 MHz
CPU 9 active residency:  19.83% (1260 MHz: .01% 1512 MHz:   0% 1800 MHz:   0% 2088 MHz:   0% 2352 MHz:   0% 2616 MHz:   0% 2868 MHz:   0% 3096 MHz:   0% 3300 MHz:   0% 3468 MHz:   0% 3624 MHz:   0% 3756 MHz: .00% 3828 MHz:   0% 3888 MHz:   0% 3948 MHz:   0% 3996 MHz: .08% 4044 MHz: .90% 4104 MHz: 3.7% 4416 MHz: .50% 4512 MHz:  15%)
CPU 9 idle residency:  58.20%
CPU 9 down residency:  21.97%

P1-Cluster HW active frequency: 3717 MHz
P1-Cluster HW active residency:  17.17% (1260 MHz: 1.1% 1512 MHz: .03% 1800 MHz: .05% 2088 MHz:   0% 2352 MHz:   0% 2616 MHz:   0% 2868 MHz:   0% 3096 MHz:   0% 3300 MHz:   0% 3468 MHz:   0% 3624 MHz:   0% 3756 MHz: 1.1% 3828 MHz: 5.3% 3888 MHz: 3.5% 3948 MHz: 4.2% 3996 MHz: 1.1% 4044 MHz: .16% 4104 MHz: .74% 4416 MHz:   0% 4512 MHz:   0%)
P1-Cluster idle residency:   5.75%
P1-Cluster down residency:  77.08%
CPU 10 frequency: 3830 MHz
CPU 10 active residency:   9.73% (1260 MHz: .37% 1512 MHz: .03% 1800 MHz: .04% 2088 MHz:   0% 2352 MHz:   0% 2616 MHz:   0% 2868 MHz:   0% 3096 MHz:   0% 3300 MHz:   0% 3468 MHz:   0% 3624 MHz:   0% 3756 MHz: .60% 3828 MHz: 2.5% 3888 MHz: 2.2% 3948 MHz: .16% 3996 MHz: .10% 4044 MHz: .24% 4104 MHz: 3.5% 4416 MHz:   0% 4512 MHz:   0%)
CPU 10 idle residency:  13.34%
CPU 10 down residency:  76.93%
CPU 11 frequency: 3782 MHz
CPU 11 active residency:   4.29% (1260 MHz: .35% 1512 MHz:   0% 1800 MHz: .03% 2088 MHz:   0% 2352 MHz:   0% 2616 MHz:   0% 2868 MHz:   0% 3096 MHz:   0% 3300 MHz:   0% 3468 MHz:   0% 3624 MHz:   0% 3756 MHz: .42% 3828 MHz: .37% 3888 MHz: .25% 3948 MHz: .04% 3996 MHz: .02% 4044 MHz: .08% 4104 MHz: 2.7% 4416 MHz:   0% 4512 MHz:   0%)
CPU 11 idle residency:  18.78%
CPU 11 down residency:  76.93%
CPU 12 frequency: 3737 MHz
CPU 12 active residency:   3.11% (1260 MHz: .36% 1512 MHz:   0% 1800 MHz: .01% 2088 MHz:   0% 2352 MHz:   0% 2616 MHz:   0% 2868 MHz:   0% 3096 MHz:   0% 3300 MHz:   0% 3468 MHz:   0% 3624 MHz:   0% 3756 MHz:   0% 3828 MHz: .33% 3888 MHz: .07% 3948 MHz: .01% 3996 MHz: .00% 4044 MHz: .05% 4104 MHz: 2.3% 4416 MHz:   0% 4512 MHz:   0%)
CPU 12 idle residency:  19.95%
CPU 12 down residency:  76.94%
CPU 13 frequency: 3459 MHz
CPU 13 active residency:   1.60% (1260 MHz: .36% 1512 MHz:   0% 1800 MHz:   0% 2088 MHz:   0% 2352 MHz:   0% 2616 MHz:   0% 2868 MHz:   0% 3096 MHz:   0% 3300 MHz:   0% 3468 MHz:   0% 3624 MHz:   0% 3756 MHz:   0% 3828 MHz: .04% 3888 MHz:   0% 3948 MHz:   0% 3996 MHz:   0% 4044 MHz: .00% 4104 MHz: 1.2% 4416 MHz: .02% 4512 MHz:   0%)
CPU 13 idle residency:  21.47%
CPU 13 down residency:  76.93%
CPU 14 frequency: 3828 MHz
CPU 14 active residency:  11.74% (1260 MHz: .39% 1512 MHz: .00% 1800 MHz: .20% 2088 MHz:   0% 2352 MHz:   0% 2616 MHz:   0% 2868 MHz:   0% 3096 MHz:   0% 3300 MHz:   0% 3468 MHz:   0% 3624 MHz:   0% 3756 MHz: 1.0% 3828 MHz: 3.0% 3888 MHz: 2.0% 3948 MHz: .17% 3996 MHz: .14% 4044 MHz: .50% 4104 MHz: 4.4% 4416 MHz:   0% 4512 MHz:   0%)
CPU 14 idle residency:  11.43%
CPU 14 down residency:  76.83%
CPU 15 frequency: 3820 MHz
CPU 15 active residency:  10.03% (1260 MHz: .38% 1512 MHz:   0% 1800 MHz: .05% 2088 MHz:   0% 2352 MHz:   0% 2616 MHz:   0% 2868 MHz:   0% 3096 MHz:   0% 3300 MHz:   0% 3468 MHz:   0% 3624 MHz:   0% 3756 MHz: 1.0% 3828 MHz: 2.9% 3888 MHz: 1.9% 3948 MHz: .13% 3996 MHz: .11% 4044 MHz: .33% 4104 MHz: 3.1% 4416 MHz:   0% 4512 MHz:   0%)
CPU 15 idle residency:  13.04%
CPU 15 down residency:  76.93%

CPU Power: 5224 mW
GPU Power: 24480 mW
ANE Power: 0 mW
Combined Power (CPU + GPU + ANE): 29704 mW

**** GPU usage ****

GPU HW active frequency: 1578 MHz
GPU HW active residency: 100.00% (338 MHz:   0% 618 MHz:   0% 796 MHz:   0% 924 MHz:   0% 952 MHz:   0% 1056 MHz:   0% 1062 MHz:   0% 1182 MHz:   0% 1182 MHz:   0% 1312 MHz:   0% 1242 MHz:   0% 1380 MHz:   0% 1326 MHz:   0% 1470 MHz:   0% 1578 MHz: 100%)
GPU SW requested state: (P1 :   0% P2 :   0% P3 :   0% P4 :   0% P5 :   0% P6 :   0% P7 :   0% P8 :   0% P9 :   0% P10 : 100% P11 :   0% P12 :   0% P13 :   0% P14 :   0% P15 :   0%)
GPU SW state: (SW_P1 :   0% SW_P2 :   0% SW_P3 :   0% SW_P4 :   0% SW_P5 :   0% SW_P6 :   0% SW_P7 :   0% SW_P8 :   0% SW_P9 :   0% SW_P10 : 100% SW_P11 :   0% SW_P12 :   0% SW_P13 :   0% SW_P14 :   0% SW_P15 :   0%)
GPU idle residency:   0.00%
GPU Power: 24482 mW



*** Sampled system activity (Tue Jan 20 15:14:39 2026 +0100) (1022.65ms elapsed) ***


**** Processor usage ****

E-Cluster Online: 100%
E-Cluster HW active frequency: 2592 MHz
E-Cluster HW active residency:  52.83% (1020 MHz:   0% 1404 MHz:   0% 1788 MHz:   0% 2112 MHz:   0% 2352 MHz:   0% 2532 MHz: .00% 2592 MHz:  53%)
E-Cluster idle residency:  47.17%
E-Cluster down residency:   0.00%
CPU 0 frequency: 2592 MHz
CPU 0 active residency:  23.40% (1020 MHz:   0% 1404 MHz:   0% 1788 MHz:   0% 2112 MHz:   0% 2352 MHz:   0% 2532 MHz:   0% 2592 MHz:  23%)
CPU 0 idle residency:  76.60%
CPU 0 down residency:   0.00%
CPU 1 frequency: 2592 MHz
CPU 1 active residency:  12.98% (1020 MHz:   0% 1404 MHz:   0% 1788 MHz:   0% 2112 MHz:   0% 2352 MHz:   0% 2532 MHz:   0% 2592 MHz:  13%)
CPU 1 idle residency:  87.02%
CPU 1 down residency:   0.00%
CPU 2 frequency: 2592 MHz
CPU 2 active residency:   8.65% (1020 MHz:   0% 1404 MHz:   0% 1788 MHz:   0% 2112 MHz:   0% 2352 MHz:   0% 2532 MHz:   0% 2592 MHz: 8.7%)
CPU 2 idle residency:  91.35%
CPU 2 down residency:   0.00%
CPU 3 frequency: 2592 MHz
CPU 3 active residency:   4.63% (1020 MHz:   0% 1404 MHz:   0% 1788 MHz:   0% 2112 MHz:   0% 2352 MHz:   0% 2532 MHz:   0% 2592 MHz: 4.6%)
CPU 3 idle residency:  95.37%
CPU 3 down residency:   0.00%

P0-Cluster Online: 4%
P0-Cluster HW active frequency: 1574 MHz
P0-Cluster HW active residency:   0.96% (1260 MHz: .70% 1512 MHz:   0% 1800 MHz: .18% 2088 MHz:   0% 2352 MHz:   0% 2616 MHz:   0% 2868 MHz:   0% 3096 MHz:   0% 3300 MHz:   0% 3468 MHz:   0% 3624 MHz:   0% 3756 MHz:   0% 3828 MHz: .08% 3888 MHz:   0% 3948 MHz:   0% 3996 MHz:   0% 4044 MHz:   0% 4104 MHz:   0% 4416 MHz:   0% 4512 MHz:   0%)
P0-Cluster idle residency:   2.00%
P0-Cluster down residency:  97.04%
CPU 4 frequency: 0 MHz
CPU 4 active residency:   0.00% (1260 MHz:   0% 1512 MHz:   0% 1800 MHz:   0% 2088 MHz:   0% 2352 MHz:   0% 2616 MHz:   0% 2868 MHz:   0% 3096 MHz:   0% 3300 MHz:   0% 3468 MHz:   0% 3624 MHz:   0% 3756 MHz:   0% 3828 MHz:   0% 3888 MHz:   0% 3948 MHz:   0% 3996 MHz:   0% 4044 MHz:   0% 4104 MHz:   0% 4416 MHz:   0% 4512 MHz:   0%)
CPU 4 idle residency:   2.76%
CPU 4 down residency:  97.24%
CPU 5 frequency: 0 MHz
CPU 5 active residency:   0.00% (1260 MHz:   0% 1512 MHz:   0% 1800 MHz:   0% 2088 MHz:   0% 2352 MHz:   0% 2616 MHz:   0% 2868 MHz:   0% 3096 MHz:   0% 3300 MHz:   0% 3468 MHz:   0% 3624 MHz:   0% 3756 MHz:   0% 3828 MHz:   0% 3888 MHz:   0% 3948 MHz:   0% 3996 MHz:   0% 4044 MHz:   0% 4104 MHz:   0% 4416 MHz:   0% 4512 MHz:   0%)
CPU 5 idle residency:   2.78%
CPU 5 down residency:  97.22%
CPU 6 frequency: 0 MHz
CPU 6 active residency:   0.00% (1260 MHz:   0% 1512 MHz:   0% 1800 MHz:   0% 2088 MHz:   0% 2352 MHz:   0% 2616 MHz:   0% 2868 MHz:   0% 3096 MHz:   0% 3300 MHz:   0% 3468 MHz:   0% 3624 MHz:   0% 3756 MHz:   0% 3828 MHz:   0% 3888 MHz:   0% 3948 MHz:   0% 3996 MHz:   0% 4044 MHz:   0% 4104 MHz:   0% 4416 MHz:   0% 4512 MHz:   0%)
CPU 6 idle residency:   2.79%
CPU 6 down residency:  97.21%
CPU 7 frequency: 0 MHz
CPU 7 active residency:   0.00% (1260 MHz:   0% 1512 MHz:   0% 1800 MHz:   0% 2088 MHz:   0% 2352 MHz:   0% 2616 MHz:   0% 2868 MHz:   0% 3096 MHz:   0% 3300 MHz:   0% 3468 MHz:   0% 3624 MHz:   0% 3756 MHz:   0% 3828 MHz:   0% 3888 MHz:   0% 3948 MHz:   0% 3996 MHz:   0% 4044 MHz:   0% 4104 MHz:   0% 4416 MHz:   0% 4512 MHz:   0%)
CPU 7 idle residency:   2.78%
CPU 7 down residency:  97.22%
CPU 8 frequency: 0 MHz
CPU 8 active residency:   0.00% (1260 MHz:   0% 1512 MHz:   0% 1800 MHz:   0% 2088 MHz:   0% 2352 MHz:   0% 2616 MHz:   0% 2868 MHz:   0% 3096 MHz:   0% 3300 MHz:   0% 3468 MHz:   0% 3624 MHz:   0% 3756 MHz:   0% 3828 MHz:   0% 3888 MHz:   0% 3948 MHz:   0% 3996 MHz:   0% 4044 MHz:   0% 4104 MHz:   0% 4416 MHz:   0% 4512 MHz:   0%)
CPU 8 idle residency:   2.77%
CPU 8 down residency:  97.23%
CPU 9 frequency: 0 MHz
CPU 9 active residency:   0.00% (1260 MHz:   0% 1512 MHz:   0% 1800 MHz:   0% 2088 MHz:   0% 2352 MHz:   0% 2616 MHz:   0% 2868 MHz:   0% 3096 MHz:   0% 3300 MHz:   0% 3468 MHz:   0% 3624 MHz:   0% 3756 MHz:   0% 3828 MHz:   0% 3888 MHz:   0% 3948 MHz:   0% 3996 MHz:   0% 4044 MHz:   0% 4104 MHz:   0% 4416 MHz:   0% 4512 MHz:   0%)
CPU 9 idle residency:   2.77%
CPU 9 down residency:  97.23%

P1-Cluster HW active frequency: 3893 MHz
P1-Cluster HW active residency:  95.38% (1260 MHz: .75% 1512 MHz: .07% 1800 MHz: .16% 2088 MHz: .17% 2352 MHz: .02% 2616 MHz: .00% 2868 MHz: .04% 3096 MHz: .01% 3300 MHz: .00% 3468 MHz:   0% 3624 MHz: .04% 3756 MHz: 7.2% 3828 MHz:  11% 3888 MHz:  15% 3948 MHz:  46% 3996 MHz: 8.1% 4044 MHz: 5.9% 4104 MHz: .69% 4416 MHz: .11% 4512 MHz: .22%)
P1-Cluster idle residency:   4.62%
P1-Cluster down residency:   0.00%
CPU 10 frequency: 4093 MHz
CPU 10 active residency:  53.69% (1260 MHz: .10% 1512 MHz: .01% 1800 MHz: .02% 2088 MHz: .04% 2352 MHz: .00% 2616 MHz:   0% 2868 MHz: .01% 3096 MHz: .01% 3300 MHz:   0% 3468 MHz:   0% 3624 MHz:   0% 3756 MHz: 5.8% 3828 MHz: 6.5% 3888 MHz: 4.9% 3948 MHz:  14% 3996 MHz: .80% 4044 MHz:   0% 4104 MHz: 5.1% 4416 MHz: .07% 4512 MHz:  17%)
CPU 10 idle residency:  46.31%
CPU 10 down residency:   0.00%
CPU 11 frequency: 4240 MHz
CPU 11 active residency:  40.07% (1260 MHz: .02% 1512 MHz: .01% 1800 MHz: .03% 2088 MHz: .02% 2352 MHz:   0% 2616 MHz:   0% 2868 MHz:   0% 3096 MHz:   0% 3300 MHz:   0% 3468 MHz:   0% 3624 MHz:   0% 3756 MHz: 2.9% 3828 MHz: 3.2% 3888 MHz: .85% 3948 MHz: 5.8% 3996 MHz: 1.4% 4044 MHz:   0% 4104 MHz: 4.5% 4416 MHz:   0% 4512 MHz:  21%)
CPU 11 idle residency:  59.93%
CPU 11 down residency:   0.00%
CPU 12 frequency: 4066 MHz
CPU 12 active residency:  33.88% (1260 MHz: .05% 1512 MHz: .00% 1800 MHz: .03% 2088 MHz: .07% 2352 MHz: .02% 2616 MHz: .00% 2868 MHz: .01% 3096 MHz: .00% 3300 MHz: .00% 3468 MHz:   0% 3624 MHz: .04% 3756 MHz: .59% 3828 MHz: 4.8% 3888 MHz: 5.1% 3948 MHz: 6.3% 3996 MHz: 2.4% 4044 MHz: .26% 4104 MHz: 6.9% 4416 MHz: .39% 4512 MHz: 7.1%)
CPU 12 idle residency:  66.12%
CPU 12 down residency:   0.00%
CPU 13 frequency: 4070 MHz
CPU 13 active residency:  52.26% (1260 MHz: .07% 1512 MHz: .01% 1800 MHz: .09% 2088 MHz: .08% 2352 MHz:   0% 2616 MHz:   0% 2868 MHz: .00% 3096 MHz:   0% 3300 MHz: .00% 3468 MHz:   0% 3624 MHz:   0% 3756 MHz: 5.9% 3828 MHz: 8.4% 3888 MHz: 7.3% 3948 MHz:  10% 3996 MHz: 1.2% 4044 MHz: .24% 4104 MHz: 3.2% 4416 MHz: .02% 4512 MHz:  16%)
CPU 13 idle residency:  47.74%
CPU 13 down residency:   0.00%
CPU 14 frequency: 4098 MHz
CPU 14 active residency:  51.50% (1260 MHz: .06% 1512 MHz: .03% 1800 MHz: .01% 2088 MHz: .00% 2352 MHz:   0% 2616 MHz: .00% 2868 MHz: .03% 3096 MHz:   0% 3300 MHz:   0% 3468 MHz:   0% 3624 MHz: .00% 3756 MHz: 5.4% 3828 MHz: 7.5% 3888 MHz: 6.8% 3948 MHz: 8.0% 3996 MHz: 2.9% 4044 MHz: .41% 4104 MHz: 3.2% 4416 MHz: .01% 4512 MHz:  17%)
CPU 14 idle residency:  48.50%
CPU 14 down residency:   0.00%
CPU 15 frequency: 4257 MHz
CPU 15 active residency:  31.48% (1260 MHz: .02% 1512 MHz: .01% 1800 MHz: .02% 2088 MHz:   0% 2352 MHz:   0% 2616 MHz:   0% 2868 MHz: .03% 3096 MHz:   0% 3300 MHz:   0% 3468 MHz:   0% 3624 MHz:   0% 3756 MHz: .14% 3828 MHz: .97% 3888 MHz: .80% 3948 MHz: 5.8% 3996 MHz: 1.9% 4044 MHz: .28% 4104 MHz: 5.4% 4416 MHz: .17% 4512 MHz:  16%)
CPU 15 idle residency:  68.52%
CPU 15 down residency:   0.00%

CPU Power: 5257 mW
GPU Power: 24417 mW
ANE Power: 0 mW
Combined Power (CPU + GPU + ANE): 29674 mW

**** GPU usage ****

GPU HW active frequency: 1578 MHz
GPU HW active residency: 100.00% (338 MHz:   0% 618 MHz:   0% 796 MHz:   0% 924 MHz:   0% 952 MHz:   0% 1056 MHz:   0% 1062 MHz:   0% 1182 MHz:   0% 1182 MHz:   0% 1312 MHz:   0% 1242 MHz:   0% 1380 MHz:   0% 1326 MHz:   0% 1470 MHz:   0% 1578 MHz: 100%)
GPU SW requested state: (P1 :   0% P2 :   0% P3 :   0% P4 :   0% P5 :   0% P6 :   0% P7 :   0% P8 :   0% P9 :   0% P10 : 100% P11 :   0% P12 :   0% P13 :   0% P14 :   0% P15 :   0%)
GPU SW state: (SW_P1 :   0% SW_P2 :   0% SW_P3 :   0% SW_P4 :   0% SW_P5 :   0% SW_P6 :   0% SW_P7 :   0% SW_P8 :   0% SW_P9 :   0% SW_P10 : 100% SW_P11 :   0% SW_P12 :   0% SW_P13 :   0% SW_P14 :   0% SW_P15 :   0%)
GPU idle residency:   0.00%
GPU Power: 24326 mW



*** Sampled system activity (Tue Jan 20 15:14:40 2026 +0100) (1020.80ms elapsed) ***


**** Processor usage ****

E-Cluster Online: 100%
E-Cluster HW active frequency: 2202 MHz
E-Cluster HW active residency:  61.01% (1020 MHz: 9.4% 1404 MHz: 5.7% 1788 MHz: 1.5% 2112 MHz: 1.4% 2352 MHz: 1.0% 2532 MHz: 1.4% 2592 MHz:  41%)
E-Cluster idle residency:  38.99%
E-Cluster down residency:   0.00%
CPU 0 frequency: 1986 MHz
CPU 0 active residency:  32.06% (1020 MHz: 8.1% 1404 MHz: 4.2% 1788 MHz: 1.2% 2112 MHz: .90% 2352 MHz: .99% 2532 MHz: .97% 2592 MHz:  16%)
CPU 0 idle residency:  67.94%
CPU 0 down residency:   0.00%
CPU 1 frequency: 2041 MHz
CPU 1 active residency:  19.42% (1020 MHz: 4.7% 1404 MHz: 2.2% 1788 MHz: .44% 2112 MHz: .55% 2352 MHz: .21% 2532 MHz: .60% 2592 MHz:  11%)
CPU 1 idle residency:  80.58%
CPU 1 down residency:   0.00%
CPU 2 frequency: 2031 MHz
CPU 2 active residency:  10.45% (1020 MHz: 2.5% 1404 MHz: 1.1% 1788 MHz: .45% 2112 MHz: .37% 2352 MHz: .10% 2532 MHz: .15% 2592 MHz: 5.7%)
CPU 2 idle residency:  89.55%
CPU 2 down residency:   0.00%
CPU 3 frequency: 2140 MHz
CPU 3 active residency:   8.09% (1020 MHz: 1.5% 1404 MHz: .86% 1788 MHz: .32% 2112 MHz: .09% 2352 MHz: .02% 2532 MHz: .06% 2592 MHz: 5.3%)
CPU 3 idle residency:  91.91%
CPU 3 down residency:   0.00%

P0-Cluster Online: 2%
P0-Cluster HW active frequency: 1260 MHz
P0-Cluster HW active residency:   0.20% (1260 MHz: .20% 1512 MHz:   0% 1800 MHz:   0% 2088 MHz:   0% 2352 MHz:   0% 2616 MHz:   0% 2868 MHz:   0% 3096 MHz:   0% 3300 MHz:   0% 3468 MHz:   0% 3624 MHz:   0% 3756 MHz:   0% 3828 MHz:   0% 3888 MHz:   0% 3948 MHz:   0% 3996 MHz:   0% 4044 MHz:   0% 4104 MHz:   0% 4416 MHz:   0% 4512 MHz:   0%)
P0-Cluster idle residency:   1.24%
P0-Cluster down residency:  98.56%
CPU 4 frequency: 3939 MHz
CPU 4 active residency:  14.82% (1260 MHz: .19% 1512 MHz:   0% 1800 MHz: .03% 2088 MHz:   0% 2352 MHz:   0% 2616 MHz:   0% 2868 MHz:   0% 3096 MHz:   0% 3300 MHz:   0% 3468 MHz:   0% 3624 MHz:   0% 3756 MHz: .69% 3828 MHz: 2.1% 3888 MHz: 2.1% 3948 MHz: 2.1% 3996 MHz: 2.2% 4044 MHz: 1.9% 4104 MHz: 3.3% 4416 MHz:   0% 4512 MHz: .28%)
CPU 4 idle residency:   1.16%
CPU 4 down residency:  84.01%
CPU 5 frequency: 3821 MHz
CPU 5 active residency:   5.61% (1260 MHz: .20% 1512 MHz:   0% 1800 MHz: .02% 2088 MHz:   0% 2352 MHz:   0% 2616 MHz:   0% 2868 MHz:   0% 3096 MHz:   0% 3300 MHz:   0% 3468 MHz:   0% 3624 MHz:   0% 3756 MHz: .72% 3828 MHz: 2.1% 3888 MHz: .17% 3948 MHz: 1.3% 3996 MHz: .16% 4044 MHz: .20% 4104 MHz: .54% 4416 MHz:   0% 4512 MHz: .28%)
CPU 5 idle residency:   1.29%
CPU 5 down residency:  93.10%
CPU 6 frequency: 2079 MHz
CPU 6 active residency:   0.30% (1260 MHz: .19% 1512 MHz:   0% 1800 MHz: .02% 2088 MHz:   0% 2352 MHz:   0% 2616 MHz:   0% 2868 MHz:   0% 3096 MHz:   0% 3300 MHz:   0% 3468 MHz:   0% 3624 MHz:   0% 3756 MHz: .01% 3828 MHz: .03% 3888 MHz:   0% 3948 MHz: .00% 3996 MHz:   0% 4044 MHz:   0% 4104 MHz: .04% 4416 MHz:   0% 4512 MHz:   0%)
CPU 6 idle residency:   1.37%
CPU 6 down residency:  98.34%
CPU 7 frequency: 3879 MHz
CPU 7 active residency:   9.68% (1260 MHz: .19% 1512 MHz:   0% 1800 MHz: .03% 2088 MHz:   0% 2352 MHz:   0% 2616 MHz:   0% 2868 MHz:   0% 3096 MHz:   0% 3300 MHz:   0% 3468 MHz:   0% 3624 MHz:   0% 3756 MHz: .05% 3828 MHz: 2.6% 3888 MHz: 1.2% 3948 MHz: 2.3% 3996 MHz: 1.0% 4044 MHz: 1.9% 4104 MHz: .40% 4416 MHz:   0% 4512 MHz:   0%)
CPU 7 idle residency:   1.24%
CPU 7 down residency:  89.09%
CPU 8 frequency: 3941 MHz
CPU 8 active residency:  17.67% (1260 MHz: .21% 1512 MHz:   0% 1800 MHz: .03% 2088 MHz:   0% 2352 MHz:   0% 2616 MHz:   0% 2868 MHz:   0% 3096 MHz:   0% 3300 MHz:   0% 3468 MHz:   0% 3624 MHz:   0% 3756 MHz: .26% 3828 MHz: 3.1% 3888 MHz: 2.4% 3948 MHz: 2.7% 3996 MHz: 2.2% 4044 MHz: 3.5% 4104 MHz: 3.0% 4416 MHz:   0% 4512 MHz: .24%)
CPU 8 idle residency:   1.13%
CPU 8 down residency:  81.20%
CPU 9 frequency: 3933 MHz
CPU 9 active residency:  18.59% (1260 MHz: .23% 1512 MHz:   0% 1800 MHz: .02% 2088 MHz:   0% 2352 MHz:   0% 2616 MHz:   0% 2868 MHz:   0% 3096 MHz:   0% 3300 MHz:   0% 3468 MHz:   0% 3624 MHz:   0% 3756 MHz: .67% 3828 MHz: 3.5% 3888 MHz: 2.0% 3948 MHz: 3.1% 3996 MHz: 2.4% 4044 MHz: 3.4% 4104 MHz: 3.1% 4416 MHz:   0% 4512 MHz: .21%)
CPU 9 idle residency:   1.11%
CPU 9 down residency:  80.29%

P1-Cluster HW active frequency: 3878 MHz
P1-Cluster HW active residency:  94.34% (1260 MHz: .84% 1512 MHz: .05% 1800 MHz: .08% 2088 MHz: .05% 2352 MHz:   0% 2616 MHz:   0% 2868 MHz: .00% 3096 MHz: .05% 3300 MHz:   0% 3468 MHz: .01% 3624 MHz: 1.0% 3756 MHz:  17% 3828 MHz: 8.9% 3888 MHz:  11% 3948 MHz:  39% 3996 MHz: 8.8% 4044 MHz: 6.2% 4104 MHz: .60% 4416 MHz: .24% 4512 MHz: .22%)
P1-Cluster idle residency:   5.66%
P1-Cluster down residency:   0.00%
CPU 10 frequency: 4177 MHz
CPU 10 active residency:  42.97% (1260 MHz: .07% 1512 MHz:   0% 1800 MHz: .03% 2088 MHz:   0% 2352 MHz:   0% 2616 MHz:   0% 2868 MHz:   0% 3096 MHz:   0% 3300 MHz:   0% 3468 MHz:   0% 3624 MHz: .16% 3756 MHz: 3.2% 3828 MHz: 3.2% 3888 MHz: 2.3% 3948 MHz: 3.4% 3996 MHz: 3.2% 4044 MHz: 7.8% 4104 MHz: 1.7% 4416 MHz: .06% 4512 MHz:  18%)
CPU 10 idle residency:  57.03%
CPU 10 down residency:   0.00%
CPU 11 frequency: 4299 MHz
CPU 11 active residency:  31.74% (1260 MHz: .01% 1512 MHz:   0% 1800 MHz: .01% 2088 MHz: .00% 2352 MHz:   0% 2616 MHz:   0% 2868 MHz: .00% 3096 MHz:   0% 3300 MHz:   0% 3468 MHz:   0% 3624 MHz: .01% 3756 MHz: 1.3% 3828 MHz: 1.7% 3888 MHz: .86% 3948 MHz: 2.6% 3996 MHz: 2.0% 4044 MHz: 2.2% 4104 MHz: 1.1% 4416 MHz: .09% 4512 MHz:  20%)
CPU 11 idle residency:  68.26%
CPU 11 down residency:   0.00%
CPU 12 frequency: 3985 MHz
CPU 12 active residency:  34.61% (1260 MHz: .04% 1512 MHz: .00% 1800 MHz: .04% 2088 MHz: .01% 2352 MHz:   0% 2616 MHz:   0% 2868 MHz: .00% 3096 MHz: .05% 3300 MHz:   0% 3468 MHz: .01% 3624 MHz: .50% 3756 MHz:  11% 3828 MHz: 3.4% 3888 MHz: 3.2% 3948 MHz: 3.8% 3996 MHz: 3.4% 4044 MHz: 1.2% 4104 MHz: .48% 4416 MHz: .39% 4512 MHz: 6.9%)
CPU 12 idle residency:  65.39%
CPU 12 down residency:   0.00%
CPU 13 frequency: 4080 MHz
CPU 13 active residency:  55.42% (1260 MHz: .10% 1512 MHz: .01% 1800 MHz: .03% 2088 MHz: .01% 2352 MHz:   0% 2616 MHz:   0% 2868 MHz:   0% 3096 MHz:   0% 3300 MHz:   0% 3468 MHz:   0% 3624 MHz: .48% 3756 MHz:  10% 3828 MHz: 4.9% 3888 MHz: 5.8% 3948 MHz: 4.6% 3996 MHz: 3.5% 4044 MHz: 6.9% 4104 MHz: 1.7% 4416 MHz: .24% 4512 MHz:  17%)
CPU 13 idle residency:  44.58%
CPU 13 down residency:   0.00%
CPU 14 frequency: 4413 MHz
CPU 14 active residency:  20.44% (1260 MHz: .00% 1512 MHz:   0% 1800 MHz:   0% 2088 MHz:   0% 2352 MHz:   0% 2616 MHz:   0% 2868 MHz:   0% 3096 MHz:   0% 3300 MHz:   0% 3468 MHz: .00% 3624 MHz:   0% 3756 MHz: .07% 3828 MHz: .18% 3888 MHz: .04% 3948 MHz: 1.3% 3996 MHz: 1.4% 4044 MHz: .67% 4104 MHz: .03% 4416 MHz: .02% 4512 MHz:  17%)
CPU 14 idle residency:  79.56%
CPU 14 down residency:   0.00%
CPU 15 frequency: 4071 MHz
CPU 15 active residency:  54.92% (1260 MHz: .12% 1512 MHz: .05% 1800 MHz: .03% 2088 MHz: .03% 2352 MHz:   0% 2616 MHz:   0% 2868 MHz:   0% 3096 MHz: .00% 3300 MHz:   0% 3468 MHz:   0% 3624 MHz: .59% 3756 MHz: 9.1% 3828 MHz: 4.8% 3888 MHz: 6.6% 3948 MHz: 3.7% 3996 MHz: 4.3% 4044 MHz: 7.7% 4104 MHz: 1.9% 4416 MHz: .03% 4512 MHz:  16%)
CPU 15 idle residency:  45.08%
CPU 15 down residency:   0.00%

CPU Power: 5007 mW
GPU Power: 24485 mW
ANE Power: 0 mW
Combined Power (CPU + GPU + ANE): 29492 mW

**** GPU usage ****

GPU HW active frequency: 1578 MHz
GPU HW active residency: 100.00% (338 MHz:   0% 618 MHz:   0% 796 MHz:   0% 924 MHz:   0% 952 MHz:   0% 1056 MHz:   0% 1062 MHz:   0% 1182 MHz:   0% 1182 MHz:   0% 1312 MHz:   0% 1242 MHz:   0% 1380 MHz:   0% 1326 MHz:   0% 1470 MHz:   0% 1578 MHz: 100%)
GPU SW requested state: (P1 :   0% P2 :   0% P3 :   0% P4 :   0% P5 :   0% P6 :   0% P7 :   0% P8 :   0% P9 :   0% P10 : 100% P11 :   0% P12 :   0% P13 :   0% P14 :   0% P15 :   0%)
GPU SW state: (SW_P1 :   0% SW_P2 :   0% SW_P3 :   0% SW_P4 :   0% SW_P5 :   0% SW_P6 :   0% SW_P7 :   0% SW_P8 :   0% SW_P9 :   0% SW_P10 : 100% SW_P11 :   0% SW_P12 :   0% SW_P13 :   0% SW_P14 :   0% SW_P15 :   0%)
GPU idle residency:   0.00%
GPU Power: 24577 mW



*** Sampled system activity (Tue Jan 20 15:14:41 2026 +0100) (1021.57ms elapsed) ***


**** Processor usage ****

E-Cluster Online: 100%
E-Cluster HW active frequency: 2460 MHz
E-Cluster HW active residency:  56.67% (1020 MHz: 2.4% 1404 MHz: .70% 1788 MHz: 1.5% 2112 MHz: 2.3% 2352 MHz: 2.5% 2532 MHz: 1.7% 2592 MHz:  46%)
E-Cluster idle residency:  43.33%
E-Cluster down residency:   0.00%
CPU 0 frequency: 2434 MHz
CPU 0 active residency:  28.09% (1020 MHz: 1.4% 1404 MHz: .49% 1788 MHz: .79% 2112 MHz: 1.1% 2352 MHz: 1.4% 2532 MHz: 1.4% 2592 MHz:  21%)
CPU 0 idle residency:  71.91%
CPU 0 down residency:   0.00%
CPU 1 frequency: 2407 MHz
CPU 1 active residency:  17.33% (1020 MHz: .87% 1404 MHz: .38% 1788 MHz: .51% 2112 MHz: 1.3% 2352 MHz: 1.4% 2532 MHz: .48% 2592 MHz:  12%)
CPU 1 idle residency:  82.67%
CPU 1 down residency:   0.00%
CPU 2 frequency: 2389 MHz
CPU 2 active residency:  10.09% (1020 MHz: .46% 1404 MHz: .38% 1788 MHz: .39% 2112 MHz: .72% 2352 MHz: .78% 2532 MHz: .27% 2592 MHz: 7.1%)
CPU 2 idle residency:  89.91%
CPU 2 down residency:   0.00%
CPU 3 frequency: 2319 MHz
CPU 3 active residency:   6.09% (1020 MHz: .38% 1404 MHz: .35% 1788 MHz: .29% 2112 MHz: .59% 2352 MHz: .46% 2532 MHz: .41% 2592 MHz: 3.6%)
CPU 3 idle residency:  93.91%
CPU 3 down residency:   0.00%

P0-Cluster Online: 8%
P0-Cluster HW active frequency: 1545 MHz
P0-Cluster HW active residency:   2.46% (1260 MHz: 2.2% 1512 MHz:   0% 1800 MHz: .06% 2088 MHz:   0% 2352 MHz:   0% 2616 MHz:   0% 2868 MHz:   0% 3096 MHz:   0% 3300 MHz:   0% 3468 MHz:   0% 3624 MHz:   0% 3756 MHz:   0% 3828 MHz:   0% 3888 MHz: .04% 3948 MHz: .02% 3996 MHz: .09% 4044 MHz: .02% 4104 MHz: .07% 4416 MHz:   0% 4512 MHz:   0%)
P0-Cluster idle residency:   4.72%
P0-Cluster down residency:  92.82%
CPU 4 frequency: 0 MHz
CPU 4 active residency:   0.00% (1260 MHz:   0% 1512 MHz:   0% 1800 MHz:   0% 2088 MHz:   0% 2352 MHz:   0% 2616 MHz:   0% 2868 MHz:   0% 3096 MHz:   0% 3300 MHz:   0% 3468 MHz:   0% 3624 MHz:   0% 3756 MHz:   0% 3828 MHz:   0% 3888 MHz:   0% 3948 MHz:   0% 3996 MHz:   0% 4044 MHz:   0% 4104 MHz:   0% 4416 MHz:   0% 4512 MHz:   0%)
CPU 4 idle residency:   6.99%
CPU 4 down residency:  93.01%
CPU 5 frequency: 0 MHz
CPU 5 active residency:   0.00% (1260 MHz:   0% 1512 MHz:   0% 1800 MHz:   0% 2088 MHz:   0% 2352 MHz:   0% 2616 MHz:   0% 2868 MHz:   0% 3096 MHz:   0% 3300 MHz:   0% 3468 MHz:   0% 3624 MHz:   0% 3756 MHz:   0% 3828 MHz:   0% 3888 MHz:   0% 3948 MHz:   0% 3996 MHz:   0% 4044 MHz:   0% 4104 MHz:   0% 4416 MHz:   0% 4512 MHz:   0%)
CPU 5 idle residency:   6.95%
CPU 5 down residency:  93.05%
CPU 6 frequency: 0 MHz
CPU 6 active residency:   0.00% (1260 MHz:   0% 1512 MHz:   0% 1800 MHz:   0% 2088 MHz:   0% 2352 MHz:   0% 2616 MHz:   0% 2868 MHz:   0% 3096 MHz:   0% 3300 MHz:   0% 3468 MHz:   0% 3624 MHz:   0% 3756 MHz:   0% 3828 MHz:   0% 3888 MHz:   0% 3948 MHz:   0% 3996 MHz:   0% 4044 MHz:   0% 4104 MHz:   0% 4416 MHz:   0% 4512 MHz:   0%)
CPU 6 idle residency:   6.93%
CPU 6 down residency:  93.07%
CPU 7 frequency: 0 MHz
CPU 7 active residency:   0.00% (1260 MHz:   0% 1512 MHz:   0% 1800 MHz:   0% 2088 MHz:   0% 2352 MHz:   0% 2616 MHz:   0% 2868 MHz:   0% 3096 MHz:   0% 3300 MHz:   0% 3468 MHz:   0% 3624 MHz:   0% 3756 MHz:   0% 3828 MHz:   0% 3888 MHz:   0% 3948 MHz:   0% 3996 MHz:   0% 4044 MHz:   0% 4104 MHz:   0% 4416 MHz:   0% 4512 MHz:   0%)
CPU 7 idle residency:   6.90%
CPU 7 down residency:  93.10%
CPU 8 frequency: 0 MHz
CPU 8 active residency:   0.00% (1260 MHz:   0% 1512 MHz:   0% 1800 MHz:   0% 2088 MHz:   0% 2352 MHz:   0% 2616 MHz:   0% 2868 MHz:   0% 3096 MHz:   0% 3300 MHz:   0% 3468 MHz:   0% 3624 MHz:   0% 3756 MHz:   0% 3828 MHz:   0% 3888 MHz:   0% 3948 MHz:   0% 3996 MHz:   0% 4044 MHz:   0% 4104 MHz:   0% 4416 MHz:   0% 4512 MHz:   0%)
CPU 8 idle residency:   6.94%
CPU 8 down residency:  93.06%
CPU 9 frequency: 0 MHz
CPU 9 active residency:   0.00% (1260 MHz:   0% 1512 MHz:   0% 1800 MHz:   0% 2088 MHz:   0% 2352 MHz:   0% 2616 MHz:   0% 2868 MHz:   0% 3096 MHz:   0% 3300 MHz:   0% 3468 MHz:   0% 3624 MHz:   0% 3756 MHz:   0% 3828 MHz:   0% 3888 MHz:   0% 3948 MHz:   0% 3996 MHz:   0% 4044 MHz:   0% 4104 MHz:   0% 4416 MHz:   0% 4512 MHz:   0%)
CPU 9 idle residency:   7.02%
CPU 9 down residency:  92.98%

P1-Cluster HW active frequency: 3902 MHz
P1-Cluster HW active residency:  95.34% (1260 MHz: .56% 1512 MHz: .01% 1800 MHz: .14% 2088 MHz: .15% 2352 MHz: .01% 2616 MHz: .05% 2868 MHz: .07% 3096 MHz: .11% 3300 MHz: .00% 3468 MHz: .02% 3624 MHz:   0% 3756 MHz: 1.4% 3828 MHz:  15% 3888 MHz:  24% 3948 MHz:  36% 3996 MHz: 8.7% 4044 MHz: 7.3% 4104 MHz: 1.2% 4416 MHz: .07% 4512 MHz: .23%)
P1-Cluster idle residency:   4.66%
P1-Cluster down residency:   0.00%
CPU 10 frequency: 4144 MHz
CPU 10 active residency:  40.91% (1260 MHz: .03% 1512 MHz: .00% 1800 MHz: .03% 2088 MHz: .09% 2352 MHz:   0% 2616 MHz: .00% 2868 MHz: .03% 3096 MHz: .00% 3300 MHz:   0% 3468 MHz:   0% 3624 MHz:   0% 3756 MHz: .99% 3828 MHz: 5.7% 3888 MHz: 6.4% 3948 MHz: 7.5% 3996 MHz: .38% 4044 MHz: .52% 4104 MHz: 3.1% 4416 MHz:   0% 4512 MHz:  16%)
CPU 10 idle residency:  59.09%
CPU 10 down residency:   0.00%
CPU 11 frequency: 4125 MHz
CPU 11 active residency:  48.66% (1260 MHz: .03% 1512 MHz:   0% 1800 MHz: .09% 2088 MHz: .00% 2352 MHz:   0% 2616 MHz: .00% 2868 MHz: .00% 3096 MHz:   0% 3300 MHz:   0% 3468 MHz:   0% 3624 MHz:   0% 3756 MHz: .94% 3828 MHz: 6.9% 3888 MHz:  10% 3948 MHz: 6.6% 3996 MHz: .91% 4044 MHz: .71% 4104 MHz: 4.9% 4416 MHz: .21% 4512 MHz:  17%)
CPU 11 idle residency:  51.34%
CPU 11 down residency:   0.00%
CPU 12 frequency: 4101 MHz
CPU 12 active residency:  48.38% (1260 MHz: .05% 1512 MHz: .01% 1800 MHz: .00% 2088 MHz: .04% 2352 MHz: .00% 2616 MHz: .00% 2868 MHz: .02% 3096 MHz:   0% 3300 MHz:   0% 3468 MHz: .00% 3624 MHz:   0% 3756 MHz: 1.4% 3828 MHz: 9.2% 3888 MHz: 8.9% 3948 MHz: 7.5% 3996 MHz: .80% 4044 MHz: .62% 4104 MHz: 4.2% 4416 MHz: .03% 4512 MHz:  16%)
CPU 12 idle residency:  51.62%
CPU 12 down residency:   0.00%
CPU 13 frequency: 4180 MHz
CPU 13 active residency:  37.42% (1260 MHz: .05% 1512 MHz: .00% 1800 MHz: .01% 2088 MHz: .02% 2352 MHz: .00% 2616 MHz:   0% 2868 MHz:   0% 3096 MHz: .04% 3300 MHz:   0% 3468 MHz:   0% 3624 MHz:   0% 3756 MHz: .59% 3828 MHz: 4.4% 3888 MHz: 4.1% 3948 MHz: 5.8% 3996 MHz: .91% 4044 MHz: .39% 4104 MHz: 5.5% 4416 MHz: .03% 4512 MHz:  16%)
CPU 13 idle residency:  62.58%
CPU 13 down residency:   0.00%
CPU 14 frequency: 4196 MHz
CPU 14 active residency:  38.97% (1260 MHz: .04% 1512 MHz:   0% 1800 MHz: .00% 2088 MHz: .01% 2352 MHz:   0% 2616 MHz: .02% 2868 MHz: .00% 3096 MHz: .03% 3300 MHz:   0% 3468 MHz:   0% 3624 MHz:   0% 3756 MHz: .02% 3828 MHz: 3.2% 3888 MHz: 6.8% 3948 MHz: 5.7% 3996 MHz: .37% 4044 MHz: .67% 4104 MHz: 4.6% 4416 MHz: .00% 4512 MHz:  17%)
CPU 14 idle residency:  61.03%
CPU 14 down residency:   0.00%
CPU 15 frequency: 4083 MHz
CPU 15 active residency:  33.17% (1260 MHz: .05% 1512 MHz:   0% 1800 MHz: .02% 2088 MHz: .03% 2352 MHz: .01% 2616 MHz: .04% 2868 MHz: .04% 3096 MHz: .05% 3300 MHz: .01% 3468 MHz: .02% 3624 MHz:   0% 3756 MHz: .00% 3828 MHz: 3.9% 3888 MHz: 5.9% 3948 MHz: 6.4% 3996 MHz: .93% 4044 MHz: .70% 4104 MHz: 7.1% 4416 MHz: .39% 4512 MHz: 7.6%)
CPU 15 idle residency:  66.83%
CPU 15 down residency:   0.00%

CPU Power: 5379 mW
GPU Power: 24386 mW
ANE Power: 0 mW
Combined Power (CPU + GPU + ANE): 29765 mW

**** GPU usage ****

GPU HW active frequency: 1578 MHz
GPU HW active residency: 100.00% (338 MHz:   0% 618 MHz:   0% 796 MHz:   0% 924 MHz:   0% 952 MHz:   0% 1056 MHz:   0% 1062 MHz:   0% 1182 MHz:   0% 1182 MHz:   0% 1312 MHz:   0% 1242 MHz:   0% 1380 MHz:   0% 1326 MHz:   0% 1470 MHz:   0% 1578 MHz: 100%)
GPU SW requested state: (P1 :   0% P2 :   0% P3 :   0% P4 :   0% P5 :   0% P6 :   0% P7 :   0% P8 :   0% P9 :   0% P10 : 100% P11 :   0% P12 :   0% P13 :   0% P14 :   0% P15 :   0%)
GPU SW state: (SW_P1 :   0% SW_P2 :   0% SW_P3 :   0% SW_P4 :   0% SW_P5 :   0% SW_P6 :   0% SW_P7 :   0% SW_P8 :   0% SW_P9 :   0% SW_P10 : 100% SW_P11 :   0% SW_P12 :   0% SW_P13 :   0% SW_P14 :   0% SW_P15 :   0%)
GPU idle residency:   0.00%
GPU Power: 24386 mW



*** Sampled system activity (Tue Jan 20 15:14:42 2026 +0100) (1019.68ms elapsed) ***


**** Processor usage ****

E-Cluster Online: 100%
E-Cluster HW active frequency: 2516 MHz
E-Cluster HW active residency:  53.06% (1020 MHz: .94% 1404 MHz: .62% 1788 MHz: 1.8% 2112 MHz: .51% 2352 MHz: .39% 2532 MHz: .84% 2592 MHz:  48%)
E-Cluster idle residency:  46.94%
E-Cluster down residency:   0.00%
CPU 0 frequency: 2495 MHz
CPU 0 active residency:  24.50% (1020 MHz: .52% 1404 MHz: .25% 1788 MHz: 1.4% 2112 MHz: .13% 2352 MHz: .27% 2532 MHz: .36% 2592 MHz:  22%)
CPU 0 idle residency:  75.50%
CPU 0 down residency:   0.00%
CPU 1 frequency: 2460 MHz
CPU 1 active residency:  14.43% (1020 MHz: .37% 1404 MHz: .13% 1788 MHz: 1.3% 2112 MHz: .21% 2352 MHz: .11% 2532 MHz: .65% 2592 MHz:  12%)
CPU 1 idle residency:  85.57%
CPU 1 down residency:   0.00%
CPU 2 frequency: 2411 MHz
CPU 2 active residency:   7.57% (1020 MHz: .17% 1404 MHz: .11% 1788 MHz: 1.0% 2112 MHz: .26% 2352 MHz: .14% 2532 MHz: .23% 2592 MHz: 5.7%)
CPU 2 idle residency:  92.43%
CPU 2 down residency:   0.00%
CPU 3 frequency: 2453 MHz
CPU 3 active residency:   3.75% (1020 MHz: .08% 1404 MHz: .07% 1788 MHz: .35% 2112 MHz: .04% 2352 MHz: .03% 2532 MHz: .10% 2592 MHz: 3.1%)
CPU 3 idle residency:  96.25%
CPU 3 down residency:   0.00%

P0-Cluster Online: 4%
P0-Cluster HW active frequency: 1387 MHz
P0-Cluster HW active residency:   0.55% (1260 MHz: .53% 1512 MHz:   0% 1800 MHz:   0% 2088 MHz:   0% 2352 MHz:   0% 2616 MHz:   0% 2868 MHz:   0% 3096 MHz:   0% 3300 MHz:   0% 3468 MHz:   0% 3624 MHz:   0% 3756 MHz:   0% 3828 MHz:   0% 3888 MHz:   0% 3948 MHz:   0% 3996 MHz:   0% 4044 MHz: .03% 4104 MHz:   0% 4416 MHz:   0% 4512 MHz:   0%)
P0-Cluster idle residency:   1.89%
P0-Cluster down residency:  97.55%
CPU 4 frequency: 0 MHz
CPU 4 active residency:   0.00% (1260 MHz:   0% 1512 MHz:   0% 1800 MHz:   0% 2088 MHz:   0% 2352 MHz:   0% 2616 MHz:   0% 2868 MHz:   0% 3096 MHz:   0% 3300 MHz:   0% 3468 MHz:   0% 3624 MHz:   0% 3756 MHz:   0% 3828 MHz:   0% 3888 MHz:   0% 3948 MHz:   0% 3996 MHz:   0% 4044 MHz:   0% 4104 MHz:   0% 4416 MHz:   0% 4512 MHz:   0%)
CPU 4 idle residency:   2.32%
CPU 4 down residency:  97.68%
CPU 5 frequency: 0 MHz
CPU 5 active residency:   0.00% (1260 MHz:   0% 1512 MHz:   0% 1800 MHz:   0% 2088 MHz:   0% 2352 MHz:   0% 2616 MHz:   0% 2868 MHz:   0% 3096 MHz:   0% 3300 MHz:   0% 3468 MHz:   0% 3624 MHz:   0% 3756 MHz:   0% 3828 MHz:   0% 3888 MHz:   0% 3948 MHz:   0% 3996 MHz:   0% 4044 MHz:   0% 4104 MHz:   0% 4416 MHz:   0% 4512 MHz:   0%)
CPU 5 idle residency:   2.32%
CPU 5 down residency:  97.68%
CPU 6 frequency: 0 MHz
CPU 6 active residency:   0.00% (1260 MHz:   0% 1512 MHz:   0% 1800 MHz:   0% 2088 MHz:   0% 2352 MHz:   0% 2616 MHz:   0% 2868 MHz:   0% 3096 MHz:   0% 3300 MHz:   0% 3468 MHz:   0% 3624 MHz:   0% 3756 MHz:   0% 3828 MHz:   0% 3888 MHz:   0% 3948 MHz:   0% 3996 MHz:   0% 4044 MHz:   0% 4104 MHz:   0% 4416 MHz:   0% 4512 MHz:   0%)
CPU 6 idle residency:   2.32%
CPU 6 down residency:  97.68%
CPU 7 frequency: 0 MHz
CPU 7 active residency:   0.00% (1260 MHz:   0% 1512 MHz:   0% 1800 MHz:   0% 2088 MHz:   0% 2352 MHz:   0% 2616 MHz:   0% 2868 MHz:   0% 3096 MHz:   0% 3300 MHz:   0% 3468 MHz:   0% 3624 MHz:   0% 3756 MHz:   0% 3828 MHz:   0% 3888 MHz:   0% 3948 MHz:   0% 3996 MHz:   0% 4044 MHz:   0% 4104 MHz:   0% 4416 MHz:   0% 4512 MHz:   0%)
CPU 7 idle residency:   2.32%
CPU 7 down residency:  97.68%
CPU 8 frequency: 0 MHz
CPU 8 active residency:   0.00% (1260 MHz:   0% 1512 MHz:   0% 1800 MHz:   0% 2088 MHz:   0% 2352 MHz:   0% 2616 MHz:   0% 2868 MHz:   0% 3096 MHz:   0% 3300 MHz:   0% 3468 MHz:   0% 3624 MHz:   0% 3756 MHz:   0% 3828 MHz:   0% 3888 MHz:   0% 3948 MHz:   0% 3996 MHz:   0% 4044 MHz:   0% 4104 MHz:   0% 4416 MHz:   0% 4512 MHz:   0%)
CPU 8 idle residency:   2.32%
CPU 8 down residency:  97.68%
CPU 9 frequency: 0 MHz
CPU 9 active residency:   0.00% (1260 MHz:   0% 1512 MHz:   0% 1800 MHz:   0% 2088 MHz:   0% 2352 MHz:   0% 2616 MHz:   0% 2868 MHz:   0% 3096 MHz:   0% 3300 MHz:   0% 3468 MHz:   0% 3624 MHz:   0% 3756 MHz:   0% 3828 MHz:   0% 3888 MHz:   0% 3948 MHz:   0% 3996 MHz:   0% 4044 MHz:   0% 4104 MHz:   0% 4416 MHz:   0% 4512 MHz:   0%)
CPU 9 idle residency:   2.32%
CPU 9 down residency:  97.68%

P1-Cluster HW active frequency: 3838 MHz
P1-Cluster HW active residency:  92.44% (1260 MHz: .76% 1512 MHz: .10% 1800 MHz: .01% 2088 MHz: .02% 2352 MHz:   0% 2616 MHz: .08% 2868 MHz: .02% 3096 MHz:   0% 3300 MHz: .00% 3468 MHz: .03% 3624 MHz: 1.8% 3756 MHz:  22% 3828 MHz:  28% 3888 MHz: 7.1% 3948 MHz:  21% 3996 MHz: 5.3% 4044 MHz: 6.0% 4104 MHz:   0% 4416 MHz: .03% 4512 MHz: .10%)
P1-Cluster idle residency:   7.56%
P1-Cluster down residency:   0.00%
CPU 10 frequency: 4041 MHz
CPU 10 active residency:  53.41% (1260 MHz: .14% 1512 MHz: .01% 1800 MHz:   0% 2088 MHz: .01% 2352 MHz:   0% 2616 MHz:   0% 2868 MHz:   0% 3096 MHz:   0% 3300 MHz:   0% 3468 MHz: .03% 3624 MHz: 1.3% 3756 MHz:  14% 3828 MHz:  15% 3888 MHz: 2.3% 3948 MHz: .61% 3996 MHz:   0% 4044 MHz: 1.5% 4104 MHz: .06% 4416 MHz: .03% 4512 MHz:  18%)
CPU 10 idle residency:  46.59%
CPU 10 down residency:   0.00%
CPU 11 frequency: 4343 MHz
CPU 11 active residency:  24.52% (1260 MHz: .00% 1512 MHz: .00% 1800 MHz:   0% 2088 MHz:   0% 2352 MHz:   0% 2616 MHz: .00% 2868 MHz: .00% 3096 MHz:   0% 3300 MHz: .00% 3468 MHz:   0% 3624 MHz: .05% 3756 MHz: 1.3% 3828 MHz: 3.3% 3888 MHz: .07% 3948 MHz: .00% 3996 MHz:   0% 4044 MHz: 1.2% 4104 MHz: .58% 4416 MHz: .01% 4512 MHz:  18%)
CPU 11 idle residency:  75.48%
CPU 11 down residency:   0.00%
CPU 12 frequency: 4132 MHz
CPU 12 active residency:  32.83% (1260 MHz: .04% 1512 MHz: .04% 1800 MHz: .00% 2088 MHz: .01% 2352 MHz:   0% 2616 MHz: .03% 2868 MHz: .00% 3096 MHz:   0% 3300 MHz:   0% 3468 MHz: .00% 3624 MHz: 1.7% 3756 MHz: 5.4% 3828 MHz: 5.7% 3888 MHz: 2.2% 3948 MHz: .70% 3996 MHz:   0% 4044 MHz: 1.5% 4104 MHz: .46% 4416 MHz: .20% 4512 MHz:  15%)
CPU 12 idle residency:  67.17%
CPU 12 down residency:   0.00%
CPU 13 frequency: 4044 MHz
CPU 13 active residency:  49.86% (1260 MHz: .11% 1512 MHz: .03% 1800 MHz: .01% 2088 MHz: .00% 2352 MHz:   0% 2616 MHz: .00% 2868 MHz:   0% 3096 MHz:   0% 3300 MHz:   0% 3468 MHz:   0% 3624 MHz: 1.0% 3756 MHz:  13% 3828 MHz:  15% 3888 MHz: 2.4% 3948 MHz: .40% 3996 MHz:   0% 4044 MHz: .18% 4104 MHz: .04% 4416 MHz: .06% 4512 MHz:  18%)
CPU 13 idle residency:  50.14%
CPU 13 down residency:   0.00%
CPU 14 frequency: 4331 MHz
CPU 14 active residency:  26.78% (1260 MHz: .01% 1512 MHz:   0% 1800 MHz:   0% 2088 MHz:   0% 2352 MHz:   0% 2616 MHz:   0% 2868 MHz:   0% 3096 MHz:   0% 3300 MHz:   0% 3468 MHz: .03% 3624 MHz: .66% 3756 MHz: 2.2% 3828 MHz: 2.2% 3888 MHz: .26% 3948 MHz: .04% 3996 MHz:   0% 4044 MHz: 1.5% 4104 MHz: .49% 4416 MHz: .03% 4512 MHz:  19%)
CPU 14 idle residency:  73.22%
CPU 14 down residency:   0.00%
CPU 15 frequency: 3968 MHz
CPU 15 active residency:  34.49% (1260 MHz: .05% 1512 MHz: .03% 1800 MHz: .00% 2088 MHz: .00% 2352 MHz:   0% 2616 MHz: .05% 2868 MHz: .02% 3096 MHz:   0% 3300 MHz: .00% 3468 MHz: .03% 3624 MHz: .00% 3756 MHz: 9.8% 3828 MHz:  14% 3888 MHz: .33% 3948 MHz:   0% 3996 MHz:   0% 4044 MHz: 1.9% 4104 MHz: .81% 4416 MHz: .39% 4512 MHz: 7.2%)
CPU 15 idle residency:  65.51%
CPU 15 down residency:   0.00%

CPU Power: 4729 mW
GPU Power: 24390 mW
ANE Power: 0 mW
Combined Power (CPU + GPU + ANE): 29119 mW

**** GPU usage ****

GPU HW active frequency: 1578 MHz
GPU HW active residency: 100.00% (338 MHz:   0% 618 MHz:   0% 796 MHz:   0% 924 MHz:   0% 952 MHz:   0% 1056 MHz:   0% 1062 MHz:   0% 1182 MHz:   0% 1182 MHz:   0% 1312 MHz:   0% 1242 MHz:   0% 1380 MHz:   0% 1326 MHz:   0% 1470 MHz:   0% 1578 MHz: 100%)
GPU SW requested state: (P1 :   0% P2 :   0% P3 :   0% P4 :   0% P5 :   0% P6 :   0% P7 :   0% P8 :   0% P9 :   0% P10 : 100% P11 :   0% P12 :   0% P13 :   0% P14 :   0% P15 :   0%)
GPU SW state: (SW_P1 :   0% SW_P2 :   0% SW_P3 :   0% SW_P4 :   0% SW_P5 :   0% SW_P6 :   0% SW_P7 :   0% SW_P8 :   0% SW_P9 :   0% SW_P10 : 100% SW_P11 :   0% SW_P12 :   0% SW_P13 :   0% SW_P14 :   0% SW_P15 :   0%)
GPU idle residency:   0.00%
GPU Power: 24389 mW



*** Sampled system activity (Tue Jan 20 15:14:43 2026 +0100) (1017.52ms elapsed) ***


**** Processor usage ****

E-Cluster Online: 100%
E-Cluster HW active frequency: 2504 MHz
E-Cluster HW active residency:  52.87% (1020 MHz: 1.4% 1404 MHz: .94% 1788 MHz: .85% 2112 MHz: .96% 2352 MHz: .53% 2532 MHz: .20% 2592 MHz:  48%)
E-Cluster idle residency:  47.13%
E-Cluster down residency:   0.00%
CPU 0 frequency: 2464 MHz
CPU 0 active residency:  22.24% (1020 MHz: .91% 1404 MHz: .36% 1788 MHz: .77% 2112 MHz: .50% 2352 MHz: .50% 2532 MHz: .20% 2592 MHz:  19%)
CPU 0 idle residency:  77.76%
CPU 0 down residency:   0.00%
CPU 1 frequency: 2409 MHz
CPU 1 active residency:  14.65% (1020 MHz: .82% 1404 MHz: .52% 1788 MHz: .56% 2112 MHz: .52% 2352 MHz: .29% 2532 MHz: .20% 2592 MHz:  12%)
CPU 1 idle residency:  85.35%
CPU 1 down residency:   0.00%
CPU 2 frequency: 2307 MHz
CPU 2 active residency:   9.36% (1020 MHz: 1.0% 1404 MHz: .28% 1788 MHz: .46% 2112 MHz: .46% 2352 MHz: .44% 2532 MHz: .20% 2592 MHz: 6.5%)
CPU 2 idle residency:  90.64%
CPU 2 down residency:   0.00%
CPU 3 frequency: 2217 MHz
CPU 3 active residency:   5.52% (1020 MHz: .72% 1404 MHz: .19% 1788 MHz: .45% 2112 MHz: .57% 2352 MHz: .24% 2532 MHz: .20% 2592 MHz: 3.1%)
CPU 3 idle residency:  94.48%
CPU 3 down residency:   0.00%

P0-Cluster Online: 7%
P0-Cluster HW active frequency: 1689 MHz
P0-Cluster HW active residency:   2.46% (1260 MHz: 1.9% 1512 MHz:   0% 1800 MHz: .17% 2088 MHz:   0% 2352 MHz:   0% 2616 MHz:   0% 2868 MHz:   0% 3096 MHz:   0% 3300 MHz:   0% 3468 MHz:   0% 3624 MHz:   0% 3756 MHz:   0% 3828 MHz: .14% 3888 MHz: .13% 3948 MHz:   0% 3996 MHz: .07% 4044 MHz: .03% 4104 MHz:   0% 4416 MHz:   0% 4512 MHz:   0%)
P0-Cluster idle residency:   3.37%
P0-Cluster down residency:  94.17%
CPU 4 frequency: 1926 MHz
CPU 4 active residency:   0.66% (1260 MHz: .43% 1512 MHz:   0% 1800 MHz: .08% 2088 MHz:   0% 2352 MHz:   0% 2616 MHz:   0% 2868 MHz:   0% 3096 MHz:   0% 3300 MHz:   0% 3468 MHz:   0% 3624 MHz:   0% 3756 MHz:   0% 3828 MHz: .04% 3888 MHz: .05% 3948 MHz:   0% 3996 MHz:   0% 4044 MHz: .01% 4104 MHz: .04% 4416 MHz:   0% 4512 MHz:   0%)
CPU 4 idle residency:   5.43%
CPU 4 down residency:  93.91%
CPU 5 frequency: 1819 MHz
CPU 5 active residency:   0.57% (1260 MHz: .43% 1512 MHz:   0% 1800 MHz: .02% 2088 MHz:   0% 2352 MHz:   0% 2616 MHz:   0% 2868 MHz:   0% 3096 MHz:   0% 3300 MHz:   0% 3468 MHz:   0% 3624 MHz:   0% 3756 MHz:   0% 3828 MHz: .01% 3888 MHz: .01% 3948 MHz:   0% 3996 MHz:   0% 4044 MHz: .05% 4104 MHz: .04% 4416 MHz:   0% 4512 MHz:   0%)
CPU 5 idle residency:   5.56%
CPU 5 down residency:  93.87%
CPU 6 frequency: 1894 MHz
CPU 6 active residency:   0.56% (1260 MHz: .41% 1512 MHz:   0% 1800 MHz: .03% 2088 MHz:   0% 2352 MHz:   0% 2616 MHz:   0% 2868 MHz:   0% 3096 MHz:   0% 3300 MHz:   0% 3468 MHz:   0% 3624 MHz:   0% 3756 MHz:   0% 3828 MHz: .02% 3888 MHz:   0% 3948 MHz:   0% 3996 MHz:   0% 4044 MHz: .00% 4104 MHz: .10% 4416 MHz:   0% 4512 MHz:   0%)
CPU 6 idle residency:   5.59%
CPU 6 down residency:  93.85%
CPU 7 frequency: 2125 MHz
CPU 7 active residency:   0.79% (1260 MHz: .49% 1512 MHz:   0% 1800 MHz: .06% 2088 MHz:   0% 2352 MHz:   0% 2616 MHz:   0% 2868 MHz:   0% 3096 MHz:   0% 3300 MHz:   0% 3468 MHz:   0% 3624 MHz:   0% 3756 MHz:   0% 3828 MHz: .05% 3888 MHz: .07% 3948 MHz:   0% 3996 MHz:   0% 4044 MHz: .05% 4104 MHz: .07% 4416 MHz:   0% 4512 MHz:   0%)
CPU 7 idle residency:   5.39%
CPU 7 down residency:  93.82%
CPU 8 frequency: 2128 MHz
CPU 8 active residency:   0.71% (1260 MHz: .43% 1512 MHz:   0% 1800 MHz: .07% 2088 MHz:   0% 2352 MHz:   0% 2616 MHz:   0% 2868 MHz:   0% 3096 MHz:   0% 3300 MHz:   0% 3468 MHz:   0% 3624 MHz:   0% 3756 MHz:   0% 3828 MHz: .03% 3888 MHz: .05% 3948 MHz:   0% 3996 MHz: .03% 4044 MHz: .02% 4104 MHz: .08% 4416 MHz:   0% 4512 MHz:   0%)
CPU 8 idle residency:   5.43%
CPU 8 down residency:  93.86%
CPU 9 frequency: 1514 MHz
CPU 9 active residency:   0.46% (1260 MHz: .41% 1512 MHz:   0% 1800 MHz: .01% 2088 MHz:   0% 2352 MHz:   0% 2616 MHz:   0% 2868 MHz:   0% 3096 MHz:   0% 3300 MHz:   0% 3468 MHz:   0% 3624 MHz:   0% 3756 MHz:   0% 3828 MHz: .01% 3888 MHz:   0% 3948 MHz:   0% 3996 MHz:   0% 4044 MHz: .00% 4104 MHz: .03% 4416 MHz:   0% 4512 MHz:   0%)
CPU 9 idle residency:   5.61%
CPU 9 down residency:  93.93%

P1-Cluster HW active frequency: 3896 MHz
P1-Cluster HW active residency:  94.54% (1260 MHz: .71% 1512 MHz: .04% 1800 MHz: .03% 2088 MHz: .03% 2352 MHz: .03% 2616 MHz: .05% 2868 MHz: .03% 3096 MHz:   0% 3300 MHz: .01% 3468 MHz:   0% 3624 MHz: .00% 3756 MHz: 6.1% 3828 MHz:  15% 3888 MHz:  17% 3948 MHz:  39% 3996 MHz: 8.6% 4044 MHz: 6.4% 4104 MHz: .96% 4416 MHz: .14% 4512 MHz: .20%)
P1-Cluster idle residency:   5.46%
P1-Cluster down residency:   0.00%
CPU 10 frequency: 4428 MHz
CPU 10 active residency:  28.90% (1260 MHz: .01% 1512 MHz:   0% 1800 MHz:   0% 2088 MHz:   0% 2352 MHz:   0% 2616 MHz:   0% 2868 MHz:   0% 3096 MHz:   0% 3300 MHz: .00% 3468 MHz:   0% 3624 MHz: .00% 3756 MHz: .09% 3828 MHz: .84% 3888 MHz: .70% 3948 MHz: 1.2% 3996 MHz: .04% 4044 MHz: .15% 4104 MHz: 1.2% 4416 MHz: .34% 4512 MHz:  24%)
CPU 10 idle residency:  71.10%
CPU 10 down residency:   0.00%
CPU 11 frequency: 4154 MHz
CPU 11 active residency:  56.88% (1260 MHz: .05% 1512 MHz:   0% 1800 MHz: .01% 2088 MHz: .03% 2352 MHz: .03% 2616 MHz: .05% 2868 MHz: .03% 3096 MHz:   0% 3300 MHz: .01% 3468 MHz:   0% 3624 MHz:   0% 3756 MHz: 3.6% 3828 MHz: 7.6% 3888 MHz: 6.5% 3948 MHz: 4.9% 3996 MHz: .53% 4044 MHz: 2.8% 4104 MHz: 8.5% 4416 MHz: .44% 4512 MHz:  22%)
CPU 11 idle residency:  43.12%
CPU 11 down residency:   0.00%
CPU 12 frequency: 4152 MHz
CPU 12 active residency:  31.74% (1260 MHz: .02% 1512 MHz:   0% 1800 MHz:   0% 2088 MHz:   0% 2352 MHz:   0% 2616 MHz:   0% 2868 MHz:   0% 3096 MHz:   0% 3300 MHz: .01% 3468 MHz:   0% 3624 MHz:   0% 3756 MHz: 3.4% 3828 MHz: 6.3% 3888 MHz: 5.1% 3948 MHz: 2.0% 3996 MHz: .03% 4044 MHz: .06% 4104 MHz: .25% 4416 MHz: .12% 4512 MHz:  14%)
CPU 12 idle residency:  68.26%
CPU 12 down residency:   0.00%
CPU 13 frequency: 4108 MHz
CPU 13 active residency:  49.74% (1260 MHz: .07% 1512 MHz: .04% 1800 MHz:   0% 2088 MHz:   0% 2352 MHz:   0% 2616 MHz:   0% 2868 MHz: .00% 3096 MHz:   0% 3300 MHz:   0% 3468 MHz:   0% 3624 MHz: .00% 3756 MHz: 2.9% 3828 MHz: 7.9% 3888 MHz: 6.7% 3948 MHz: 6.0% 3996 MHz: .35% 4044 MHz: 2.4% 4104 MHz: 7.9% 4416 MHz: .73% 4512 MHz:  15%)
CPU 13 idle residency:  50.26%
CPU 13 down residency:   0.00%
CPU 14 frequency: 4143 MHz
CPU 14 active residency:  48.91% (1260 MHz: .07% 1512 MHz:   0% 1800 MHz: .03% 2088 MHz:   0% 2352 MHz: .01% 2616 MHz: .00% 2868 MHz: .00% 3096 MHz:   0% 3300 MHz:   0% 3468 MHz:   0% 3624 MHz: .00% 3756 MHz: 2.8% 3828 MHz: 7.9% 3888 MHz: 5.3% 3948 MHz: 4.7% 3996 MHz: .47% 4044 MHz: 1.6% 4104 MHz: 7.9% 4416 MHz: .36% 4512 MHz:  18%)
CPU 14 idle residency:  51.09%
CPU 14 down residency:   0.00%
CPU 15 frequency: 4046 MHz
CPU 15 active residency:  42.94% (1260 MHz: .06% 1512 MHz: .00% 1800 MHz: .00% 2088 MHz: .00% 2352 MHz:   0% 2616 MHz: .00% 2868 MHz: .00% 3096 MHz:   0% 3300 MHz: .01% 3468 MHz:   0% 3624 MHz: .00% 3756 MHz: 3.5% 3828 MHz: 8.4% 3888 MHz: 4.3% 3948 MHz: 6.2% 3996 MHz: .47% 4044 MHz: 2.7% 4104 MHz: 8.8% 4416 MHz: .77% 4512 MHz: 7.7%)
CPU 15 idle residency:  57.06%
CPU 15 down residency:   0.00%

CPU Power: 5312 mW
GPU Power: 24453 mW
ANE Power: 0 mW
Combined Power (CPU + GPU + ANE): 29765 mW

**** GPU usage ****

GPU HW active frequency: 1578 MHz
GPU HW active residency: 100.00% (338 MHz:   0% 618 MHz:   0% 796 MHz:   0% 924 MHz:   0% 952 MHz:   0% 1056 MHz:   0% 1062 MHz:   0% 1182 MHz:   0% 1182 MHz:   0% 1312 MHz:   0% 1242 MHz:   0% 1380 MHz:   0% 1326 MHz:   0% 1470 MHz:   0% 1578 MHz: 100%)
GPU SW requested state: (P1 :   0% P2 :   0% P3 :   0% P4 :   0% P5 :   0% P6 :   0% P7 :   0% P8 :   0% P9 :   0% P10 : 100% P11 :   0% P12 :   0% P13 :   0% P14 :   0% P15 :   0%)
GPU SW state: (SW_P1 :   0% SW_P2 :   0% SW_P3 :   0% SW_P4 :   0% SW_P5 :   0% SW_P6 :   0% SW_P7 :   0% SW_P8 :   0% SW_P9 :   0% SW_P10 : 100% SW_P11 :   0% SW_P12 :   0% SW_P13 :   0% SW_P14 :   0% SW_P15 :   0%)
GPU idle residency:   0.00%
GPU Power: 24452 mW



*** Sampled system activity (Tue Jan 20 15:14:44 2026 +0100) (1016.94ms elapsed) ***


**** Processor usage ****

E-Cluster Online: 100%
E-Cluster HW active frequency: 2369 MHz
E-Cluster HW active residency:  56.37% (1020 MHz: 4.2% 1404 MHz: 1.6% 1788 MHz: 2.4% 2112 MHz: 2.6% 2352 MHz: 3.2% 2532 MHz: 2.1% 2592 MHz:  40%)
E-Cluster idle residency:  43.63%
E-Cluster down residency:   0.00%
CPU 0 frequency: 2348 MHz
CPU 0 active residency:  24.05% (1020 MHz: 2.0% 1404 MHz: .87% 1788 MHz: 1.0% 2112 MHz: 1.2% 2352 MHz: 1.1% 2532 MHz: 1.0% 2592 MHz:  17%)
CPU 0 idle residency:  75.95%
CPU 0 down residency:   0.00%
CPU 1 frequency: 2396 MHz
CPU 1 active residency:  16.81% (1020 MHz: .99% 1404 MHz: .27% 1788 MHz: .58% 2112 MHz: 1.1% 2352 MHz: 1.6% 2532 MHz: .81% 2592 MHz:  11%)
CPU 1 idle residency:  83.19%
CPU 1 down residency:   0.00%
CPU 2 frequency: 2244 MHz
CPU 2 active residency:   8.41% (1020 MHz: 1.2% 1404 MHz: .18% 1788 MHz: .71% 2112 MHz: .44% 2352 MHz: .23% 2532 MHz: .21% 2592 MHz: 5.5%)
CPU 2 idle residency:  91.59%
CPU 2 down residency:   0.00%
CPU 3 frequency: 2364 MHz
CPU 3 active residency:   4.07% (1020 MHz: .33% 1404 MHz: .10% 1788 MHz: .23% 2112 MHz: .15% 2352 MHz: .08% 2532 MHz: .16% 2592 MHz: 3.0%)
CPU 3 idle residency:  95.93%
CPU 3 down residency:   0.00%

P0-Cluster Online: 81%
P0-Cluster HW active frequency: 3850 MHz
P0-Cluster HW active residency:  72.40% (1260 MHz: 2.4% 1512 MHz: .03% 1800 MHz: .03% 2088 MHz: .12% 2352 MHz: .15% 2616 MHz: .11% 2868 MHz: .01% 3096 MHz: .01% 3300 MHz:   0% 3468 MHz:   0% 3624 MHz:   0% 3756 MHz: 2.3% 3828 MHz:  11% 3888 MHz: 9.1% 3948 MHz:  28% 3996 MHz: 8.6% 4044 MHz: 6.2% 4104 MHz: 2.8% 4416 MHz: 1.4% 4512 MHz: .25%)
P0-Cluster idle residency:   8.11%
P0-Cluster down residency:  19.49%
CPU 4 frequency: 4156 MHz
CPU 4 active residency:  31.05% (1260 MHz: .13% 1512 MHz:   0% 1800 MHz: .03% 2088 MHz: .04% 2352 MHz:   0% 2616 MHz: .01% 2868 MHz:   0% 3096 MHz: .00% 3300 MHz:   0% 3468 MHz:   0% 3624 MHz:   0% 3756 MHz: .53% 3828 MHz: 5.1% 3888 MHz: 1.8% 3948 MHz: 1.3% 3996 MHz: 1.9% 4044 MHz: 2.3% 4104 MHz: 6.3% 4416 MHz: .44% 4512 MHz:  11%)
CPU 4 idle residency:  49.36%
CPU 4 down residency:  19.59%
CPU 5 frequency: 4212 MHz
CPU 5 active residency:  36.47% (1260 MHz: .20% 1512 MHz: .00% 1800 MHz:   0% 2088 MHz:   0% 2352 MHz: .00% 2616 MHz: .01% 2868 MHz: .00% 3096 MHz:   0% 3300 MHz:   0% 3468 MHz:   0% 3624 MHz:   0% 3756 MHz: .93% 3828 MHz: 6.1% 3888 MHz: 1.2% 3948 MHz: 1.1% 3996 MHz: .92% 4044 MHz: 1.0% 4104 MHz: 6.8% 4416 MHz: 2.5% 4512 MHz:  16%)
CPU 5 idle residency:  43.95%
CPU 5 down residency:  19.58%
CPU 6 frequency: 4187 MHz
CPU 6 active residency:  39.72% (1260 MHz: .19% 1512 MHz:   0% 1800 MHz: .00% 2088 MHz:   0% 2352 MHz:   0% 2616 MHz: .01% 2868 MHz:   0% 3096 MHz:   0% 3300 MHz:   0% 3468 MHz:   0% 3624 MHz:   0% 3756 MHz: 1.9% 3828 MHz: 6.0% 3888 MHz: 2.0% 3948 MHz: 1.4% 3996 MHz: 2.0% 4044 MHz: 1.4% 4104 MHz: 7.0% 4416 MHz: 1.8% 4512 MHz:  16%)
CPU 6 idle residency:  40.71%
CPU 6 down residency:  19.57%
CPU 7 frequency: 4278 MHz
CPU 7 active residency:  27.73% (1260 MHz: .12% 1512 MHz:   0% 1800 MHz:   0% 2088 MHz:   0% 2352 MHz:   0% 2616 MHz: .01% 2868 MHz:   0% 3096 MHz: .00% 3300 MHz:   0% 3468 MHz:   0% 3624 MHz:   0% 3756 MHz: 2.0% 3828 MHz: 3.2% 3888 MHz: .39% 3948 MHz: .40% 3996 MHz: .37% 4044 MHz: 1.3% 4104 MHz: 2.6% 4416 MHz: .43% 4512 MHz:  17%)
CPU 7 idle residency:  52.70%
CPU 7 down residency:  19.57%
CPU 8 frequency: 4229 MHz
CPU 8 active residency:  36.29% (1260 MHz: .13% 1512 MHz: .03% 1800 MHz:   0% 2088 MHz: .02% 2352 MHz: .15% 2616 MHz: .01% 2868 MHz:   0% 3096 MHz: .01% 3300 MHz:   0% 3468 MHz:   0% 3624 MHz:   0% 3756 MHz: .79% 3828 MHz: 4.5% 3888 MHz: 1.7% 3948 MHz: 1.3% 3996 MHz: 1.1% 4044 MHz: 1.8% 4104 MHz: 5.7% 4416 MHz: 1.8% 4512 MHz:  17%)
CPU 8 idle residency:  44.13%
CPU 8 down residency:  19.59%
CPU 9 frequency: 4445 MHz
CPU 9 active residency:  18.16% (1260 MHz: .09% 1512 MHz:   0% 1800 MHz:   0% 2088 MHz:   0% 2352 MHz:   0% 2616 MHz: .01% 2868 MHz:   0% 3096 MHz:   0% 3300 MHz:   0% 3468 MHz:   0% 3624 MHz:   0% 3756 MHz:   0% 3828 MHz: .15% 3888 MHz: .12% 3948 MHz: .39% 3996 MHz: .20% 4044 MHz: .32% 4104 MHz: .53% 4416 MHz: .33% 4512 MHz:  16%)
CPU 9 idle residency:  62.27%
CPU 9 down residency:  19.57%

P1-Cluster HW active frequency: 3845 MHz
P1-Cluster HW active residency:  28.79% (1260 MHz: 1.4% 1512 MHz: .03% 1800 MHz: .05% 2088 MHz: .04% 2352 MHz: .03% 2616 MHz: .01% 2868 MHz: .07% 3096 MHz: .02% 3300 MHz: .00% 3468 MHz:   0% 3624 MHz: .00% 3756 MHz:   0% 3828 MHz: .42% 3888 MHz: 4.2% 3948 MHz:  12% 3996 MHz: 4.2% 4044 MHz: 3.6% 4104 MHz: 1.2% 4416 MHz: 1.7% 4512 MHz: .22%)
P1-Cluster idle residency:   5.43%
P1-Cluster down residency:  65.78%
CPU 10 frequency: 4203 MHz
CPU 10 active residency:  10.52% (1260 MHz: .09% 1512 MHz:   0% 1800 MHz: .05% 2088 MHz: .01% 2352 MHz: .02% 2616 MHz:   0% 2868 MHz: .00% 3096 MHz:   0% 3300 MHz:   0% 3468 MHz:   0% 3624 MHz:   0% 3756 MHz:   0% 3828 MHz: .17% 3888 MHz: .11% 3948 MHz: .20% 3996 MHz: .59% 4044 MHz: .81% 4104 MHz: 4.0% 4416 MHz: 1.7% 4512 MHz: 2.8%)
CPU 10 idle residency:  23.68%
CPU 10 down residency:  65.79%
CPU 11 frequency: 4197 MHz
CPU 11 active residency:  10.66% (1260 MHz: .10% 1512 MHz:   0% 1800 MHz: .04% 2088 MHz: .00% 2352 MHz: .02% 2616 MHz:   0% 2868 MHz: .01% 3096 MHz:   0% 3300 MHz:   0% 3468 MHz:   0% 3624 MHz:   0% 3756 MHz:   0% 3828 MHz: .04% 3888 MHz: .46% 3948 MHz: .83% 3996 MHz: .52% 4044 MHz: .22% 4104 MHz: 3.8% 4416 MHz: 1.6% 4512 MHz: 3.0%)
CPU 11 idle residency:  22.09%
CPU 11 down residency:  67.25%
CPU 12 frequency: 4123 MHz
CPU 12 active residency:  11.79% (1260 MHz: .17% 1512 MHz: .02% 1800 MHz: .05% 2088 MHz: .00% 2352 MHz: .02% 2616 MHz: .00% 2868 MHz: .00% 3096 MHz: .00% 3300 MHz:   0% 3468 MHz:   0% 3624 MHz:   0% 3756 MHz:   0% 3828 MHz: .36% 3888 MHz: .41% 3948 MHz: .87% 3996 MHz: 1.1% 4044 MHz: 2.1% 4104 MHz: 2.8% 4416 MHz: 1.1% 4512 MHz: 2.8%)
CPU 12 idle residency:  22.41%
CPU 12 down residency:  65.80%
CPU 13 frequency: 4246 MHz
CPU 13 active residency:  14.83% (1260 MHz: .08% 1512 MHz:   0% 1800 MHz: .04% 2088 MHz: .04% 2352 MHz: .01% 2616 MHz: .00% 2868 MHz: .03% 3096 MHz:   0% 3300 MHz: .00% 3468 MHz:   0% 3624 MHz: .00% 3756 MHz:   0% 3828 MHz: .04% 3888 MHz: .29% 3948 MHz: .07% 3996 MHz: .17% 4044 MHz: .04% 4104 MHz: 7.1% 4416 MHz: 1.7% 4512 MHz: 5.3%)
CPU 13 idle residency:  19.37%
CPU 13 down residency:  65.80%
CPU 14 frequency: 4185 MHz
CPU 14 active residency:  13.95% (1260 MHz: .16% 1512 MHz:   0% 1800 MHz: .04% 2088 MHz:   0% 2352 MHz: .02% 2616 MHz: .01% 2868 MHz: .03% 3096 MHz: .00% 3300 MHz: .00% 3468 MHz:   0% 3624 MHz: .00% 3756 MHz:   0% 3828 MHz: .18% 3888 MHz: .31% 3948 MHz: .84% 3996 MHz: 1.3% 4044 MHz: 1.5% 4104 MHz: 3.7% 4416 MHz: 1.3% 4512 MHz: 4.5%)
CPU 14 idle residency:  20.25%
CPU 14 down residency:  65.80%
CPU 15 frequency: 4177 MHz
CPU 15 active residency:  13.20% (1260 MHz: .21% 1512 MHz: .00% 1800 MHz: .04% 2088 MHz: .03% 2352 MHz: .02% 2616 MHz: .00% 2868 MHz: .01% 3096 MHz: .00% 3300 MHz:   0% 3468 MHz:   0% 3624 MHz: .00% 3756 MHz:   0% 3828 MHz: .27% 3888 MHz: .47% 3948 MHz: .77% 3996 MHz: .98% 4044 MHz: 1.4% 4104 MHz: 3.1% 4416 MHz: 1.8% 4512 MHz: 4.1%)
CPU 15 idle residency:  21.00%
CPU 15 down residency:  65.80%

CPU Power: 5998 mW
GPU Power: 24719 mW
ANE Power: 0 mW
Combined Power (CPU + GPU + ANE): 30717 mW

**** GPU usage ****

GPU HW active frequency: 1578 MHz
GPU HW active residency: 100.00% (338 MHz:   0% 618 MHz:   0% 796 MHz:   0% 924 MHz:   0% 952 MHz:   0% 1056 MHz:   0% 1062 MHz:   0% 1182 MHz:   0% 1182 MHz:   0% 1312 MHz:   0% 1242 MHz:   0% 1380 MHz:   0% 1326 MHz:   0% 1470 MHz:   0% 1578 MHz: 100%)
GPU SW requested state: (P1 :   0% P2 :   0% P3 :   0% P4 :   0% P5 :   0% P6 :   0% P7 :   0% P8 :   0% P9 :   0% P10 : 100% P11 :   0% P12 :   0% P13 :   0% P14 :   0% P15 :   0%)
GPU SW state: (SW_P1 :   0% SW_P2 :   0% SW_P3 :   0% SW_P4 :   0% SW_P5 :   0% SW_P6 :   0% SW_P7 :   0% SW_P8 :   0% SW_P9 :   0% SW_P10 : 100% SW_P11 :   0% SW_P12 :   0% SW_P13 :   0% SW_P14 :   0% SW_P15 :   0%)
GPU idle residency:   0.00%
GPU Power: 24720 mW



*** Sampled system activity (Tue Jan 20 15:14:45 2026 +0100) (1021.19ms elapsed) ***


**** Processor usage ****

E-Cluster Online: 100%
E-Cluster HW active frequency: 2481 MHz
E-Cluster HW active residency:  51.43% (1020 MHz: 2.8% 1404 MHz: .51% 1788 MHz: .50% 2112 MHz: .53% 2352 MHz: .18% 2532 MHz: .65% 2592 MHz:  46%)
E-Cluster idle residency:  48.57%
E-Cluster down residency:   0.00%
CPU 0 frequency: 2445 MHz
CPU 0 active residency:  21.28% (1020 MHz: 1.7% 1404 MHz: .18% 1788 MHz: .28% 2112 MHz: .12% 2352 MHz: .09% 2532 MHz: .13% 2592 MHz:  19%)
CPU 0 idle residency:  78.72%
CPU 0 down residency:   0.00%
CPU 1 frequency: 2454 MHz
CPU 1 active residency:  13.79% (1020 MHz: .74% 1404 MHz: .36% 1788 MHz: .13% 2112 MHz: .36% 2352 MHz: .04% 2532 MHz: .42% 2592 MHz:  12%)
CPU 1 idle residency:  86.21%
CPU 1 down residency:   0.00%
CPU 2 frequency: 2385 MHz
CPU 2 active residency:   5.63% (1020 MHz: .64% 1404 MHz: .05% 1788 MHz: .10% 2112 MHz: .03% 2352 MHz: .00% 2532 MHz: .06% 2592 MHz: 4.8%)
CPU 2 idle residency:  94.37%
CPU 2 down residency:   0.00%
CPU 3 frequency: 2438 MHz
CPU 3 active residency:   4.00% (1020 MHz: .32% 1404 MHz: .06% 1788 MHz: .04% 2112 MHz: .03% 2352 MHz: .00% 2532 MHz: .03% 2592 MHz: 3.5%)
CPU 3 idle residency:  96.00%
CPU 3 down residency:   0.00%

P0-Cluster Online: 0%
P0-Cluster HW active frequency: 0 MHz
P0-Cluster HW active residency:   0.00% (1260 MHz:   0% 1512 MHz:   0% 1800 MHz:   0% 2088 MHz:   0% 2352 MHz:   0% 2616 MHz:   0% 2868 MHz:   0% 3096 MHz:   0% 3300 MHz:   0% 3468 MHz:   0% 3624 MHz:   0% 3756 MHz:   0% 3828 MHz:   0% 3888 MHz:   0% 3948 MHz:   0% 3996 MHz:   0% 4044 MHz:   0% 4104 MHz:   0% 4416 MHz:   0% 4512 MHz:   0%)
P0-Cluster idle residency:   0.00%
P0-Cluster down residency: 100.00%
CPU 4 frequency: 0 MHz
CPU 4 active residency:   0.00% (1260 MHz:   0% 1512 MHz:   0% 1800 MHz:   0% 2088 MHz:   0% 2352 MHz:   0% 2616 MHz:   0% 2868 MHz:   0% 3096 MHz:   0% 3300 MHz:   0% 3468 MHz:   0% 3624 MHz:   0% 3756 MHz:   0% 3828 MHz:   0% 3888 MHz:   0% 3948 MHz:   0% 3996 MHz:   0% 4044 MHz:   0% 4104 MHz:   0% 4416 MHz:   0% 4512 MHz:   0%)
CPU 4 idle residency:   0.00%
CPU 4 down residency: 100.00%
CPU 5 frequency: 0 MHz
CPU 5 active residency:   0.00% (1260 MHz:   0% 1512 MHz:   0% 1800 MHz:   0% 2088 MHz:   0% 2352 MHz:   0% 2616 MHz:   0% 2868 MHz:   0% 3096 MHz:   0% 3300 MHz:   0% 3468 MHz:   0% 3624 MHz:   0% 3756 MHz:   0% 3828 MHz:   0% 3888 MHz:   0% 3948 MHz:   0% 3996 MHz:   0% 4044 MHz:   0% 4104 MHz:   0% 4416 MHz:   0% 4512 MHz:   0%)
CPU 5 idle residency:   0.00%
CPU 5 down residency: 100.00%
CPU 6 frequency: 0 MHz
CPU 6 active residency:   0.00% (1260 MHz:   0% 1512 MHz:   0% 1800 MHz:   0% 2088 MHz:   0% 2352 MHz:   0% 2616 MHz:   0% 2868 MHz:   0% 3096 MHz:   0% 3300 MHz:   0% 3468 MHz:   0% 3624 MHz:   0% 3756 MHz:   0% 3828 MHz:   0% 3888 MHz:   0% 3948 MHz:   0% 3996 MHz:   0% 4044 MHz:   0% 4104 MHz:   0% 4416 MHz:   0% 4512 MHz:   0%)
CPU 6 idle residency:   0.00%
CPU 6 down residency: 100.00%
CPU 7 frequency: 0 MHz
CPU 7 active residency:   0.00% (1260 MHz:   0% 1512 MHz:   0% 1800 MHz:   0% 2088 MHz:   0% 2352 MHz:   0% 2616 MHz:   0% 2868 MHz:   0% 3096 MHz:   0% 3300 MHz:   0% 3468 MHz:   0% 3624 MHz:   0% 3756 MHz:   0% 3828 MHz:   0% 3888 MHz:   0% 3948 MHz:   0% 3996 MHz:   0% 4044 MHz:   0% 4104 MHz:   0% 4416 MHz:   0% 4512 MHz:   0%)
CPU 7 idle residency:   0.00%
CPU 7 down residency: 100.00%
CPU 8 frequency: 0 MHz
CPU 8 active residency:   0.00% (1260 MHz:   0% 1512 MHz:   0% 1800 MHz:   0% 2088 MHz:   0% 2352 MHz:   0% 2616 MHz:   0% 2868 MHz:   0% 3096 MHz:   0% 3300 MHz:   0% 3468 MHz:   0% 3624 MHz:   0% 3756 MHz:   0% 3828 MHz:   0% 3888 MHz:   0% 3948 MHz:   0% 3996 MHz:   0% 4044 MHz:   0% 4104 MHz:   0% 4416 MHz:   0% 4512 MHz:   0%)
CPU 8 idle residency:   0.00%
CPU 8 down residency: 100.00%
CPU 9 frequency: 0 MHz
CPU 9 active residency:   0.00% (1260 MHz:   0% 1512 MHz:   0% 1800 MHz:   0% 2088 MHz:   0% 2352 MHz:   0% 2616 MHz:   0% 2868 MHz:   0% 3096 MHz:   0% 3300 MHz:   0% 3468 MHz:   0% 3624 MHz:   0% 3756 MHz:   0% 3828 MHz:   0% 3888 MHz:   0% 3948 MHz:   0% 3996 MHz:   0% 4044 MHz:   0% 4104 MHz:   0% 4416 MHz:   0% 4512 MHz:   0%)
CPU 9 idle residency:   0.00%
CPU 9 down residency: 100.00%

P1-Cluster HW active frequency: 3852 MHz
P1-Cluster HW active residency:  94.31% (1260 MHz: .81% 1512 MHz: .04% 1800 MHz: .05% 2088 MHz: .04% 2352 MHz: .00% 2616 MHz: .01% 2868 MHz: .00% 3096 MHz: .00% 3300 MHz:   0% 3468 MHz: .00% 3624 MHz: 4.2% 3756 MHz:  15% 3828 MHz:  20% 3888 MHz:  14% 3948 MHz:  28% 3996 MHz: 5.6% 4044 MHz: 6.1% 4104 MHz:   0% 4416 MHz: .03% 4512 MHz: .06%)
P1-Cluster idle residency:   5.69%
P1-Cluster down residency:   0.00%
CPU 10 frequency: 4230 MHz
CPU 10 active residency:  36.48% (1260 MHz: .11% 1512 MHz:   0% 1800 MHz:   0% 2088 MHz:   0% 2352 MHz:   0% 2616 MHz: .00% 2868 MHz:   0% 3096 MHz: .00% 3300 MHz:   0% 3468 MHz:   0% 3624 MHz: 1.9% 3756 MHz: 3.0% 3828 MHz: 4.5% 3888 MHz: 2.1% 3948 MHz: 2.6% 3996 MHz: .18% 4044 MHz:   0% 4104 MHz:   0% 4416 MHz:   0% 4512 MHz:  22%)
CPU 10 idle residency:  63.52%
CPU 10 down residency:   0.00%
CPU 11 frequency: 4036 MHz
CPU 11 active residency:  54.97% (1260 MHz: .06% 1512 MHz: .00% 1800 MHz: .00% 2088 MHz:   0% 2352 MHz: .00% 2616 MHz:   0% 2868 MHz:   0% 3096 MHz:   0% 3300 MHz:   0% 3468 MHz:   0% 3624 MHz: 3.0% 3756 MHz: 8.1% 3828 MHz:  12% 3888 MHz: 7.4% 3948 MHz: 6.8% 3996 MHz: .19% 4044 MHz:   0% 4104 MHz: .35% 4416 MHz: .11% 4512 MHz:  17%)
CPU 11 idle residency:  45.03%
CPU 11 down residency:   0.00%
CPU 12 frequency: 4442 MHz
CPU 12 active residency:  20.28% (1260 MHz:   0% 1512 MHz:   0% 1800 MHz:   0% 2088 MHz:   0% 2352 MHz:   0% 2616 MHz:   0% 2868 MHz:   0% 3096 MHz:   0% 3300 MHz:   0% 3468 MHz: .00% 3624 MHz: .56% 3756 MHz: .35% 3828 MHz: .52% 3888 MHz: .06% 3948 MHz: .27% 3996 MHz:   0% 4044 MHz:   0% 4104 MHz: .22% 4416 MHz: .29% 4512 MHz:  18%)
CPU 12 idle residency:  79.72%
CPU 12 down residency:   0.00%
CPU 13 frequency: 3957 MHz
CPU 13 active residency:  31.44% (1260 MHz: .11% 1512 MHz:   0% 1800 MHz: .04% 2088 MHz: .04% 2352 MHz:   0% 2616 MHz: .01% 2868 MHz: .00% 3096 MHz: .00% 3300 MHz:   0% 3468 MHz: .00% 3624 MHz: 4.0% 3756 MHz: 8.6% 3828 MHz: 8.4% 3888 MHz: .98% 3948 MHz: .45% 3996 MHz:   0% 4044 MHz:   0% 4104 MHz: .38% 4416 MHz: .39% 4512 MHz: 8.0%)
CPU 13 idle residency:  68.56%
CPU 13 down residency:   0.00%
CPU 14 frequency: 4023 MHz
CPU 14 active residency:  56.44% (1260 MHz: .11% 1512 MHz:   0% 1800 MHz: .01% 2088 MHz: .00% 2352 MHz:   0% 2616 MHz: .00% 2868 MHz: .00% 3096 MHz:   0% 3300 MHz:   0% 3468 MHz:   0% 3624 MHz: 2.8% 3756 MHz: 8.4% 3828 MHz:  14% 3888 MHz: 7.9% 3948 MHz: 6.2% 3996 MHz: .18% 4044 MHz:   0% 4104 MHz: .30% 4416 MHz: .33% 4512 MHz:  16%)
CPU 14 idle residency:  43.56%
CPU 14 down residency:   0.00%
CPU 15 frequency: 4125 MHz
CPU 15 active residency:  39.09% (1260 MHz: .06% 1512 MHz: .03% 1800 MHz: .00% 2088 MHz:   0% 2352 MHz: .00% 2616 MHz: .00% 2868 MHz:   0% 3096 MHz:   0% 3300 MHz:   0% 3468 MHz:   0% 3624 MHz: .40% 3756 MHz: 2.3% 3828 MHz: 7.2% 3888 MHz: 6.8% 3948 MHz: 6.0% 3996 MHz: .23% 4044 MHz:   0% 4104 MHz: .04% 4416 MHz: .17% 4512 MHz:  16%)
CPU 15 idle residency:  60.91%
CPU 15 down residency:   0.00%

CPU Power: 4822 mW
GPU Power: 24386 mW
ANE Power: 0 mW
Combined Power (CPU + GPU + ANE): 29208 mW

**** GPU usage ****

GPU HW active frequency: 1578 MHz
GPU HW active residency: 100.00% (338 MHz:   0% 618 MHz:   0% 796 MHz:   0% 924 MHz:   0% 952 MHz:   0% 1056 MHz:   0% 1062 MHz:   0% 1182 MHz:   0% 1182 MHz:   0% 1312 MHz:   0% 1242 MHz:   0% 1380 MHz:   0% 1326 MHz:   0% 1470 MHz:   0% 1578 MHz: 100%)
GPU SW requested state: (P1 :   0% P2 :   0% P3 :   0% P4 :   0% P5 :   0% P6 :   0% P7 :   0% P8 :   0% P9 :   0% P10 : 100% P11 :   0% P12 :   0% P13 :   0% P14 :   0% P15 :   0%)
GPU SW state: (SW_P1 :   0% SW_P2 :   0% SW_P3 :   0% SW_P4 :   0% SW_P5 :   0% SW_P6 :   0% SW_P7 :   0% SW_P8 :   0% SW_P9 :   0% SW_P10 : 100% SW_P11 :   0% SW_P12 :   0% SW_P13 :   0% SW_P14 :   0% SW_P15 :   0%)
GPU idle residency:   0.00%
GPU Power: 24397 mW



*** Sampled system activity (Tue Jan 20 15:14:46 2026 +0100) (1020.99ms elapsed) ***


**** Processor usage ****

E-Cluster Online: 100%
E-Cluster HW active frequency: 2428 MHz
E-Cluster HW active residency:  57.23% (1020 MHz: 3.4% 1404 MHz: 1.9% 1788 MHz: 1.6% 2112 MHz: .99% 2352 MHz: .16% 2532 MHz: .38% 2592 MHz:  49%)
E-Cluster idle residency:  42.77%
E-Cluster down residency:   0.00%
CPU 0 frequency: 2403 MHz
CPU 0 active residency:  26.93% (1020 MHz: 1.9% 1404 MHz: 1.1% 1788 MHz: .69% 2112 MHz: .63% 2352 MHz: .04% 2532 MHz: .38% 2592 MHz:  22%)
CPU 0 idle residency:  73.07%
CPU 0 down residency:   0.00%
CPU 1 frequency: 2388 MHz
CPU 1 active residency:  14.57% (1020 MHz: .89% 1404 MHz: .75% 1788 MHz: .56% 2112 MHz: .45% 2352 MHz: .02% 2532 MHz: .17% 2592 MHz:  12%)
CPU 1 idle residency:  85.43%
CPU 1 down residency:   0.00%
CPU 2 frequency: 2362 MHz
CPU 2 active residency:   9.48% (1020 MHz: .41% 1404 MHz: .35% 1788 MHz: 1.0% 2112 MHz: .64% 2352 MHz: .00% 2532 MHz: .11% 2592 MHz: 7.0%)
CPU 2 idle residency:  90.52%
CPU 2 down residency:   0.00%
CPU 3 frequency: 2270 MHz
CPU 3 active residency:   4.99% (1020 MHz: .53% 1404 MHz: .26% 1788 MHz: .38% 2112 MHz: .30% 2352 MHz: .02% 2532 MHz: .12% 2592 MHz: 3.4%)
CPU 3 idle residency:  95.01%
CPU 3 down residency:   0.00%

P0-Cluster Online: 5%
P0-Cluster HW active frequency: 2949 MHz
P0-Cluster HW active residency:   1.92% (1260 MHz: .66% 1512 MHz:   0% 1800 MHz:   0% 2088 MHz: .17% 2352 MHz:   0% 2616 MHz:   0% 2868 MHz:   0% 3096 MHz:   0% 3300 MHz:   0% 3468 MHz:   0% 3624 MHz: .07% 3756 MHz: .03% 3828 MHz:   0% 3888 MHz: .07% 3948 MHz: .08% 3996 MHz: .04% 4044 MHz: .51% 4104 MHz:   0% 4416 MHz: .07% 4512 MHz: .23%)
P0-Cluster idle residency:   2.36%
P0-Cluster down residency:  95.72%
CPU 4 frequency: 1268 MHz
CPU 4 active residency:   0.10% (1260 MHz: .10% 1512 MHz:   0% 1800 MHz:   0% 2088 MHz:   0% 2352 MHz:   0% 2616 MHz:   0% 2868 MHz:   0% 3096 MHz:   0% 3300 MHz:   0% 3468 MHz:   0% 3624 MHz: .00% 3756 MHz:   0% 3828 MHz:   0% 3888 MHz:   0% 3948 MHz:   0% 3996 MHz:   0% 4044 MHz:   0% 4104 MHz:   0% 4416 MHz:   0% 4512 MHz:   0%)
CPU 4 idle residency:   3.61%
CPU 4 down residency:  96.28%
CPU 5 frequency: 1377 MHz
CPU 5 active residency:   0.11% (1260 MHz: .10% 1512 MHz:   0% 1800 MHz:   0% 2088 MHz:   0% 2352 MHz:   0% 2616 MHz: .01% 2868 MHz:   0% 3096 MHz:   0% 3300 MHz:   0% 3468 MHz:   0% 3624 MHz:   0% 3756 MHz:   0% 3828 MHz:   0% 3888 MHz:   0% 3948 MHz:   0% 3996 MHz:   0% 4044 MHz:   0% 4104 MHz:   0% 4416 MHz:   0% 4512 MHz:   0%)
CPU 5 idle residency:   3.97%
CPU 5 down residency:  95.92%
CPU 6 frequency: 1260 MHz
CPU 6 active residency:   0.10% (1260 MHz: .10% 1512 MHz:   0% 1800 MHz:   0% 2088 MHz:   0% 2352 MHz:   0% 2616 MHz:   0% 2868 MHz:   0% 3096 MHz:   0% 3300 MHz:   0% 3468 MHz:   0% 3624 MHz:   0% 3756 MHz:   0% 3828 MHz:   0% 3888 MHz:   0% 3948 MHz:   0% 3996 MHz:   0% 4044 MHz:   0% 4104 MHz:   0% 4416 MHz:   0% 4512 MHz:   0%)
CPU 6 idle residency:   4.08%
CPU 6 down residency:  95.82%
CPU 7 frequency: 1262 MHz
CPU 7 active residency:   0.10% (1260 MHz: .10% 1512 MHz:   0% 1800 MHz:   0% 2088 MHz:   0% 2352 MHz:   0% 2616 MHz: .00% 2868 MHz:   0% 3096 MHz:   0% 3300 MHz:   0% 3468 MHz:   0% 3624 MHz:   0% 3756 MHz:   0% 3828 MHz:   0% 3888 MHz:   0% 3948 MHz:   0% 3996 MHz:   0% 4044 MHz:   0% 4104 MHz:   0% 4416 MHz:   0% 4512 MHz:   0%)
CPU 7 idle residency:   3.61%
CPU 7 down residency:  96.29%
CPU 8 frequency: 1260 MHz
CPU 8 active residency:   0.10% (1260 MHz: .10% 1512 MHz:   0% 1800 MHz:   0% 2088 MHz:   0% 2352 MHz:   0% 2616 MHz:   0% 2868 MHz:   0% 3096 MHz:   0% 3300 MHz:   0% 3468 MHz:   0% 3624 MHz:   0% 3756 MHz:   0% 3828 MHz:   0% 3888 MHz:   0% 3948 MHz:   0% 3996 MHz:   0% 4044 MHz:   0% 4104 MHz:   0% 4416 MHz:   0% 4512 MHz:   0%)
CPU 8 idle residency:   4.05%
CPU 8 down residency:  95.84%
CPU 9 frequency: 1264 MHz
CPU 9 active residency:   0.10% (1260 MHz: .10% 1512 MHz:   0% 1800 MHz:   0% 2088 MHz:   0% 2352 MHz:   0% 2616 MHz: .00% 2868 MHz:   0% 3096 MHz:   0% 3300 MHz:   0% 3468 MHz:   0% 3624 MHz:   0% 3756 MHz:   0% 3828 MHz:   0% 3888 MHz:   0% 3948 MHz:   0% 3996 MHz:   0% 4044 MHz:   0% 4104 MHz:   0% 4416 MHz:   0% 4512 MHz:   0%)
CPU 9 idle residency:   3.85%
CPU 9 down residency:  96.05%

P1-Cluster HW active frequency: 3858 MHz
P1-Cluster HW active residency:  94.31% (1260 MHz: .83% 1512 MHz: .01% 1800 MHz: .07% 2088 MHz: .06% 2352 MHz: .00% 2616 MHz: .03% 2868 MHz: .00% 3096 MHz: .00% 3300 MHz:   0% 3468 MHz: .00% 3624 MHz: 4.9% 3756 MHz:  14% 3828 MHz:  16% 3888 MHz:  16% 3948 MHz:  29% 3996 MHz: 7.4% 4044 MHz: 5.6% 4104 MHz: .41% 4416 MHz: .18% 4512 MHz: .23%)
P1-Cluster idle residency:   5.69%
P1-Cluster down residency:   0.00%
CPU 10 frequency: 4158 MHz
CPU 10 active residency:  40.07% (1260 MHz: .08% 1512 MHz: .00% 1800 MHz: .04% 2088 MHz:   0% 2352 MHz:   0% 2616 MHz:   0% 2868 MHz:   0% 3096 MHz:   0% 3300 MHz:   0% 3468 MHz:   0% 3624 MHz: 1.6% 3756 MHz: 5.9% 3828 MHz: 5.0% 3888 MHz: 3.2% 3948 MHz: 2.6% 3996 MHz: 1.3% 4044 MHz: .75% 4104 MHz: .13% 4416 MHz:   0% 4512 MHz:  20%)
CPU 10 idle residency:  59.93%
CPU 10 down residency:   0.00%
CPU 11 frequency: 4100 MHz
CPU 11 active residency:  48.37% (1260 MHz: .06% 1512 MHz:   0% 1800 MHz: .01% 2088 MHz: .00% 2352 MHz: .00% 2616 MHz: .00% 2868 MHz:   0% 3096 MHz:   0% 3300 MHz:   0% 3468 MHz:   0% 3624 MHz: 3.8% 3756 MHz: 7.8% 3828 MHz: 6.3% 3888 MHz: 3.5% 3948 MHz: 2.2% 3996 MHz: 1.2% 4044 MHz: 3.3% 4104 MHz: 1.3% 4416 MHz:   0% 4512 MHz:  19%)
CPU 11 idle residency:  51.63%
CPU 11 down residency:   0.00%
CPU 12 frequency: 4470 MHz
CPU 12 active residency:  26.44% (1260 MHz:   0% 1512 MHz:   0% 1800 MHz:   0% 2088 MHz: .01% 2352 MHz:   0% 2616 MHz: .00% 2868 MHz:   0% 3096 MHz:   0% 3300 MHz:   0% 3468 MHz:   0% 3624 MHz: .04% 3756 MHz: .75% 3828 MHz: .46% 3888 MHz: .00% 3948 MHz: .10% 3996 MHz: .07% 4044 MHz: .07% 4104 MHz: .09% 4416 MHz: .21% 4512 MHz:  25%)
CPU 12 idle residency:  73.56%
CPU 12 down residency:   0.00%
CPU 13 frequency: 4098 MHz
CPU 13 active residency:  29.70% (1260 MHz: .03% 1512 MHz:   0% 1800 MHz:   0% 2088 MHz: .00% 2352 MHz:   0% 2616 MHz:   0% 2868 MHz:   0% 3096 MHz: .00% 3300 MHz:   0% 3468 MHz: .00% 3624 MHz: .35% 3756 MHz: 3.2% 3828 MHz: 6.1% 3888 MHz: 3.5% 3948 MHz: .77% 3996 MHz: 1.4% 4044 MHz: 2.7% 4104 MHz: 1.5% 4416 MHz: .06% 4512 MHz:  10%)
CPU 13 idle residency:  70.30%
CPU 13 down residency:   0.00%
CPU 14 frequency: 4097 MHz
CPU 14 active residency:  53.35% (1260 MHz: .07% 1512 MHz: .00% 1800 MHz: .07% 2088 MHz: .05% 2352 MHz:   0% 2616 MHz: .03% 2868 MHz: .00% 3096 MHz: .00% 3300 MHz:   0% 3468 MHz: .00% 3624 MHz: 3.6% 3756 MHz: 8.9% 3828 MHz: 7.9% 3888 MHz: 4.1% 3948 MHz: 3.0% 3996 MHz: .97% 4044 MHz: 2.6% 4104 MHz: .50% 4416 MHz: .39% 4512 MHz:  21%)
CPU 14 idle residency:  46.65%
CPU 14 down residency:   0.00%
CPU 15 frequency: 4087 MHz
CPU 15 active residency:  50.85% (1260 MHz: .07% 1512 MHz:   0% 1800 MHz: .02% 2088 MHz: .00% 2352 MHz: .00% 2616 MHz: .00% 2868 MHz: .00% 3096 MHz:   0% 3300 MHz:   0% 3468 MHz:   0% 3624 MHz: 3.5% 3756 MHz: 8.5% 3828 MHz: 8.1% 3888 MHz: 3.9% 3948 MHz: 2.8% 3996 MHz: 1.8% 4044 MHz: 1.9% 4104 MHz: 1.1% 4416 MHz: .04% 4512 MHz:  19%)
CPU 15 idle residency:  49.15%
CPU 15 down residency:   0.00%

CPU Power: 5306 mW
GPU Power: 24695 mW
ANE Power: 0 mW
Combined Power (CPU + GPU + ANE): 30000 mW

**** GPU usage ****

GPU HW active frequency: 1578 MHz
GPU HW active residency: 100.00% (338 MHz:   0% 618 MHz:   0% 796 MHz:   0% 924 MHz:   0% 952 MHz:   0% 1056 MHz:   0% 1062 MHz:   0% 1182 MHz:   0% 1182 MHz:   0% 1312 MHz:   0% 1242 MHz:   0% 1380 MHz:   0% 1326 MHz:   0% 1470 MHz:   0% 1578 MHz: 100%)
GPU SW requested state: (P1 :   0% P2 :   0% P3 :   0% P4 :   0% P5 :   0% P6 :   0% P7 :   0% P8 :   0% P9 :   0% P10 : 100% P11 :   0% P12 :   0% P13 :   0% P14 :   0% P15 :   0%)
GPU SW state: (SW_P1 :   0% SW_P2 :   0% SW_P3 :   0% SW_P4 :   0% SW_P5 :   0% SW_P6 :   0% SW_P7 :   0% SW_P8 :   0% SW_P9 :   0% SW_P10 : 100% SW_P11 :   0% SW_P12 :   0% SW_P13 :   0% SW_P14 :   0% SW_P15 :   0%)
GPU idle residency:   0.00%
GPU Power: 24684 mW



*** Sampled system activity (Tue Jan 20 15:14:47 2026 +0100) (1021.13ms elapsed) ***


**** Processor usage ****

E-Cluster Online: 100%
E-Cluster HW active frequency: 2400 MHz
E-Cluster HW active residency:  53.24% (1020 MHz: 3.3% 1404 MHz: 2.1% 1788 MHz: 1.5% 2112 MHz: 2.1% 2352 MHz: .72% 2532 MHz: 1.3% 2592 MHz:  42%)
E-Cluster idle residency:  46.76%
E-Cluster down residency:   0.00%
CPU 0 frequency: 2383 MHz
CPU 0 active residency:  22.75% (1020 MHz: 1.9% 1404 MHz: .81% 1788 MHz: .39% 2112 MHz: .97% 2352 MHz: .32% 2532 MHz: .48% 2592 MHz:  18%)
CPU 0 idle residency:  77.25%
CPU 0 down residency:   0.00%
CPU 1 frequency: 2274 MHz
CPU 1 active residency:  11.90% (1020 MHz: 1.5% 1404 MHz: .93% 1788 MHz: .15% 2112 MHz: .31% 2352 MHz: .16% 2532 MHz: .15% 2592 MHz: 8.7%)
CPU 1 idle residency:  88.10%
CPU 1 down residency:   0.00%
CPU 2 frequency: 2337 MHz
CPU 2 active residency:   7.98% (1020 MHz: .74% 1404 MHz: .54% 1788 MHz: .08% 2112 MHz: .29% 2352 MHz: .06% 2532 MHz: .25% 2592 MHz: 6.0%)
CPU 2 idle residency:  92.02%
CPU 2 down residency:   0.00%
CPU 3 frequency: 2191 MHz
CPU 3 active residency:   5.49% (1020 MHz: .48% 1404 MHz: .46% 1788 MHz: .80% 2112 MHz: .47% 2352 MHz: .01% 2532 MHz: .54% 2592 MHz: 2.7%)
CPU 3 idle residency:  94.51%
CPU 3 down residency:   0.00%

P0-Cluster Online: 6%
P0-Cluster HW active frequency: 1308 MHz
P0-Cluster HW active residency:   0.81% (1260 MHz: .80% 1512 MHz:   0% 1800 MHz:   0% 2088 MHz:   0% 2352 MHz:   0% 2616 MHz:   0% 2868 MHz:   0% 3096 MHz:   0% 3300 MHz:   0% 3468 MHz:   0% 3624 MHz:   0% 3756 MHz:   0% 3828 MHz:   0% 3888 MHz:   0% 3948 MHz: .01% 3996 MHz:   0% 4044 MHz:   0% 4104 MHz:   0% 4416 MHz:   0% 4512 MHz:   0%)
P0-Cluster idle residency:   3.13%
P0-Cluster down residency:  96.05%
CPU 4 frequency: 0 MHz
CPU 4 active residency:   0.00% (1260 MHz:   0% 1512 MHz:   0% 1800 MHz:   0% 2088 MHz:   0% 2352 MHz:   0% 2616 MHz:   0% 2868 MHz:   0% 3096 MHz:   0% 3300 MHz:   0% 3468 MHz:   0% 3624 MHz:   0% 3756 MHz:   0% 3828 MHz:   0% 3888 MHz:   0% 3948 MHz:   0% 3996 MHz:   0% 4044 MHz:   0% 4104 MHz:   0% 4416 MHz:   0% 4512 MHz:   0%)
CPU 4 idle residency:   3.77%
CPU 4 down residency:  96.23%
CPU 5 frequency: 0 MHz
CPU 5 active residency:   0.00% (1260 MHz:   0% 1512 MHz:   0% 1800 MHz:   0% 2088 MHz:   0% 2352 MHz:   0% 2616 MHz:   0% 2868 MHz:   0% 3096 MHz:   0% 3300 MHz:   0% 3468 MHz:   0% 3624 MHz:   0% 3756 MHz:   0% 3828 MHz:   0% 3888 MHz:   0% 3948 MHz:   0% 3996 MHz:   0% 4044 MHz:   0% 4104 MHz:   0% 4416 MHz:   0% 4512 MHz:   0%)
CPU 5 idle residency:   3.77%
CPU 5 down residency:  96.23%
CPU 6 frequency: 0 MHz
CPU 6 active residency:   0.00% (1260 MHz:   0% 1512 MHz:   0% 1800 MHz:   0% 2088 MHz:   0% 2352 MHz:   0% 2616 MHz:   0% 2868 MHz:   0% 3096 MHz:   0% 3300 MHz:   0% 3468 MHz:   0% 3624 MHz:   0% 3756 MHz:   0% 3828 MHz:   0% 3888 MHz:   0% 3948 MHz:   0% 3996 MHz:   0% 4044 MHz:   0% 4104 MHz:   0% 4416 MHz:   0% 4512 MHz:   0%)
CPU 6 idle residency:   3.77%
CPU 6 down residency:  96.23%
CPU 7 frequency: 0 MHz
CPU 7 active residency:   0.00% (1260 MHz:   0% 1512 MHz:   0% 1800 MHz:   0% 2088 MHz:   0% 2352 MHz:   0% 2616 MHz:   0% 2868 MHz:   0% 3096 MHz:   0% 3300 MHz:   0% 3468 MHz:   0% 3624 MHz:   0% 3756 MHz:   0% 3828 MHz:   0% 3888 MHz:   0% 3948 MHz:   0% 3996 MHz:   0% 4044 MHz:   0% 4104 MHz:   0% 4416 MHz:   0% 4512 MHz:   0%)
CPU 7 idle residency:   3.77%
CPU 7 down residency:  96.23%
CPU 8 frequency: 0 MHz
CPU 8 active residency:   0.00% (1260 MHz:   0% 1512 MHz:   0% 1800 MHz:   0% 2088 MHz:   0% 2352 MHz:   0% 2616 MHz:   0% 2868 MHz:   0% 3096 MHz:   0% 3300 MHz:   0% 3468 MHz:   0% 3624 MHz:   0% 3756 MHz:   0% 3828 MHz:   0% 3888 MHz:   0% 3948 MHz:   0% 3996 MHz:   0% 4044 MHz:   0% 4104 MHz:   0% 4416 MHz:   0% 4512 MHz:   0%)
CPU 8 idle residency:   3.77%
CPU 8 down residency:  96.23%
CPU 9 frequency: 0 MHz
CPU 9 active residency:   0.00% (1260 MHz:   0% 1512 MHz:   0% 1800 MHz:   0% 2088 MHz:   0% 2352 MHz:   0% 2616 MHz:   0% 2868 MHz:   0% 3096 MHz:   0% 3300 MHz:   0% 3468 MHz:   0% 3624 MHz:   0% 3756 MHz:   0% 3828 MHz:   0% 3888 MHz:   0% 3948 MHz:   0% 3996 MHz:   0% 4044 MHz:   0% 4104 MHz:   0% 4416 MHz:   0% 4512 MHz:   0%)
CPU 9 idle residency:   3.77%
CPU 9 down residency:  96.23%

P1-Cluster HW active frequency: 3790 MHz
P1-Cluster HW active residency:  94.53% (1260 MHz: .75% 1512 MHz: .00% 1800 MHz: .05% 2088 MHz: .00% 2352 MHz:   0% 2616 MHz: .04% 2868 MHz: .00% 3096 MHz: .00% 3300 MHz:   0% 3468 MHz: 2.1% 3624 MHz:  27% 3756 MHz:  19% 3828 MHz: .96% 3888 MHz: 5.8% 3948 MHz:  24% 3996 MHz: 7.9% 4044 MHz: 6.2% 4104 MHz:   0% 4416 MHz: .07% 4512 MHz: .10%)
P1-Cluster idle residency:   5.47%
P1-Cluster down residency:   0.00%
CPU 10 frequency: 3950 MHz
CPU 10 active residency:  60.15% (1260 MHz: .09% 1512 MHz:   0% 1800 MHz: .04% 2088 MHz:   0% 2352 MHz:   0% 2616 MHz:   0% 2868 MHz: .00% 3096 MHz: .00% 3300 MHz:   0% 3468 MHz: 1.9% 3624 MHz:  20% 3756 MHz:  14% 3828 MHz: .87% 3888 MHz: .33% 3948 MHz: 1.4% 3996 MHz: 1.7% 4044 MHz: 1.4% 4104 MHz: .38% 4416 MHz: .39% 4512 MHz:  18%)
CPU 10 idle residency:  39.85%
CPU 10 down residency:   0.00%
CPU 11 frequency: 4292 MHz
CPU 11 active residency:  33.31% (1260 MHz: .00% 1512 MHz:   0% 1800 MHz: .00% 2088 MHz:   0% 2352 MHz:   0% 2616 MHz:   0% 2868 MHz:   0% 3096 MHz:   0% 3300 MHz:   0% 3468 MHz: .10% 3624 MHz: 3.9% 3756 MHz: 1.6% 3828 MHz: .59% 3888 MHz: .20% 3948 MHz: 1.1% 3996 MHz: 1.1% 4044 MHz: 1.5% 4104 MHz: .29% 4416 MHz: .37% 4512 MHz:  23%)
CPU 11 idle residency:  66.69%
CPU 11 down residency:   0.00%
CPU 12 frequency: 3934 MHz
CPU 12 active residency:  61.49% (1260 MHz: .08% 1512 MHz: .01% 1800 MHz: .05% 2088 MHz: .00% 2352 MHz:   0% 2616 MHz: .04% 2868 MHz: .00% 3096 MHz: .00% 3300 MHz:   0% 3468 MHz: 1.6% 3624 MHz:  20% 3756 MHz:  14% 3828 MHz: .62% 3888 MHz: .38% 3948 MHz: 1.6% 3996 MHz: 4.0% 4044 MHz: 2.7% 4104 MHz: .38% 4416 MHz: .39% 4512 MHz:  16%)
CPU 12 idle residency:  38.51%
CPU 12 down residency:   0.00%
CPU 13 frequency: 4394 MHz
CPU 13 active residency:  26.79% (1260 MHz: .03% 1512 MHz:   0% 1800 MHz:   0% 2088 MHz:   0% 2352 MHz:   0% 2616 MHz:   0% 2868 MHz:   0% 3096 MHz:   0% 3300 MHz:   0% 3468 MHz: .00% 3624 MHz: .61% 3756 MHz: .27% 3828 MHz: .10% 3888 MHz: .09% 3948 MHz: 1.2% 3996 MHz: 2.2% 4044 MHz: .67% 4104 MHz: .10% 4416 MHz: .32% 4512 MHz:  21%)
CPU 13 idle residency:  73.21%
CPU 13 down residency:   0.00%
CPU 14 frequency: 4251 MHz
CPU 14 active residency:  10.45% (1260 MHz: .00% 1512 MHz:   0% 1800 MHz: .00% 2088 MHz: .00% 2352 MHz:   0% 2616 MHz: .00% 2868 MHz:   0% 3096 MHz:   0% 3300 MHz:   0% 3468 MHz:   0% 3624 MHz: .16% 3756 MHz: .09% 3828 MHz: .05% 3888 MHz: .10% 3948 MHz: 1.1% 3996 MHz: 1.8% 4044 MHz: 1.5% 4104 MHz: .31% 4416 MHz: .38% 4512 MHz: 5.0%)
CPU 14 idle residency:  89.55%
CPU 14 down residency:   0.00%
CPU 15 frequency: 3979 MHz
CPU 15 active residency:  59.85% (1260 MHz: .10% 1512 MHz: .01% 1800 MHz: .04% 2088 MHz:   0% 2352 MHz:   0% 2616 MHz:   0% 2868 MHz:   0% 3096 MHz:   0% 3300 MHz:   0% 3468 MHz: 1.6% 3624 MHz:  19% 3756 MHz:  13% 3828 MHz: .55% 3888 MHz: .34% 3948 MHz: .70% 3996 MHz: 2.0% 4044 MHz: 1.8% 4104 MHz: .21% 4416 MHz: .13% 4512 MHz:  20%)
CPU 15 idle residency:  40.15%
CPU 15 down residency:   0.00%

CPU Power: 4896 mW
GPU Power: 24458 mW
ANE Power: 0 mW
Combined Power (CPU + GPU + ANE): 29354 mW

**** GPU usage ****

GPU HW active frequency: 1578 MHz
GPU HW active residency: 100.00% (338 MHz:   0% 618 MHz:   0% 796 MHz:   0% 924 MHz:   0% 952 MHz:   0% 1056 MHz:   0% 1062 MHz:   0% 1182 MHz:   0% 1182 MHz:   0% 1312 MHz:   0% 1242 MHz:   0% 1380 MHz:   0% 1326 MHz:   0% 1470 MHz:   0% 1578 MHz: 100%)
GPU SW requested state: (P1 :   0% P2 :   0% P3 :   0% P4 :   0% P5 :   0% P6 :   0% P7 :   0% P8 :   0% P9 :   0% P10 : 100% P11 :   0% P12 :   0% P13 :   0% P14 :   0% P15 :   0%)
GPU SW state: (SW_P1 :   0% SW_P2 :   0% SW_P3 :   0% SW_P4 :   0% SW_P5 :   0% SW_P6 :   0% SW_P7 :   0% SW_P8 :   0% SW_P9 :   0% SW_P10 : 100% SW_P11 :   0% SW_P12 :   0% SW_P13 :   0% SW_P14 :   0% SW_P15 :   0%)
GPU idle residency:   0.00%
GPU Power: 24470 mW



*** Sampled system activity (Tue Jan 20 15:14:48 2026 +0100) (1017.54ms elapsed) ***


**** Processor usage ****

E-Cluster Online: 100%
E-Cluster HW active frequency: 2170 MHz
E-Cluster HW active residency:  51.22% (1020 MHz:  10% 1404 MHz: 1.8% 1788 MHz: 3.0% 2112 MHz: 1.2% 2352 MHz: .62% 2532 MHz: 1.3% 2592 MHz:  33%)
E-Cluster idle residency:  48.78%
E-Cluster down residency:   0.00%
CPU 0 frequency: 2071 MHz
CPU 0 active residency:  25.48% (1020 MHz: 6.1% 1404 MHz: 1.0% 1788 MHz: 2.4% 2112 MHz: .78% 2352 MHz: .55% 2532 MHz: .57% 2592 MHz:  14%)
CPU 0 idle residency:  74.52%
CPU 0 down residency:   0.00%
CPU 1 frequency: 2073 MHz
CPU 1 active residency:  16.46% (1020 MHz: 3.7% 1404 MHz: .81% 1788 MHz: 1.8% 2112 MHz: .62% 2352 MHz: .28% 2532 MHz: .68% 2592 MHz: 8.6%)
CPU 1 idle residency:  83.54%
CPU 1 down residency:   0.00%
CPU 2 frequency: 2137 MHz
CPU 2 active residency:   8.66% (1020 MHz: 1.7% 1404 MHz: .31% 1788 MHz: .81% 2112 MHz: .48% 2352 MHz: .23% 2532 MHz: .69% 2592 MHz: 4.5%)
CPU 2 idle residency:  91.34%
CPU 2 down residency:   0.00%
CPU 3 frequency: 2029 MHz
CPU 3 active residency:   6.56% (1020 MHz: 1.4% 1404 MHz: .46% 1788 MHz: .90% 2112 MHz: .27% 2352 MHz: .06% 2532 MHz: .10% 2592 MHz: 3.3%)
CPU 3 idle residency:  93.44%
CPU 3 down residency:   0.00%

P0-Cluster Online: 2%
P0-Cluster HW active frequency: 1590 MHz
P0-Cluster HW active residency:   0.75% (1260 MHz: .47% 1512 MHz:   0% 1800 MHz: .24% 2088 MHz:   0% 2352 MHz:   0% 2616 MHz:   0% 2868 MHz:   0% 3096 MHz:   0% 3300 MHz:   0% 3468 MHz:   0% 3624 MHz:   0% 3756 MHz:   0% 3828 MHz: .05% 3888 MHz:   0% 3948 MHz:   0% 3996 MHz:   0% 4044 MHz:   0% 4104 MHz:   0% 4416 MHz:   0% 4512 MHz:   0%)
P0-Cluster idle residency:   1.64%
P0-Cluster down residency:  97.61%
CPU 4 frequency: 1920 MHz
CPU 4 active residency:   0.39% (1260 MHz: .29% 1512 MHz:   0% 1800 MHz:   0% 2088 MHz: .01% 2352 MHz:   0% 2616 MHz:   0% 2868 MHz:   0% 3096 MHz:   0% 3300 MHz:   0% 3468 MHz:   0% 3624 MHz:   0% 3756 MHz: .03% 3828 MHz:   0% 3888 MHz:   0% 3948 MHz: .00% 3996 MHz:   0% 4044 MHz:   0% 4104 MHz:   0% 4416 MHz:   0% 4512 MHz: .05%)
CPU 4 idle residency:   2.25%
CPU 4 down residency:  97.37%
CPU 5 frequency: 2301 MHz
CPU 5 active residency:   0.45% (1260 MHz: .29% 1512 MHz:   0% 1800 MHz:   0% 2088 MHz: .02% 2352 MHz:   0% 2616 MHz:   0% 2868 MHz:   0% 3096 MHz:   0% 3300 MHz:   0% 3468 MHz:   0% 3624 MHz: .00% 3756 MHz: .01% 3828 MHz:   0% 3888 MHz:   0% 3948 MHz:   0% 3996 MHz:   0% 4044 MHz:   0% 4104 MHz:   0% 4416 MHz:   0% 4512 MHz: .13%)
CPU 5 idle residency:   2.23%
CPU 5 down residency:  97.31%
CPU 6 frequency: 1740 MHz
CPU 6 active residency:   0.34% (1260 MHz: .29% 1512 MHz:   0% 1800 MHz:   0% 2088 MHz: .00% 2352 MHz:   0% 2616 MHz:   0% 2868 MHz:   0% 3096 MHz:   0% 3300 MHz:   0% 3468 MHz:   0% 3624 MHz:   0% 3756 MHz: .00% 3828 MHz:   0% 3888 MHz:   0% 3948 MHz:   0% 3996 MHz:   0% 4044 MHz:   0% 4104 MHz:   0% 4416 MHz:   0% 4512 MHz: .05%)
CPU 6 idle residency:   2.27%
CPU 6 down residency:  97.39%
CPU 7 frequency: 2159 MHz
CPU 7 active residency:   0.42% (1260 MHz: .29% 1512 MHz:   0% 1800 MHz:   0% 2088 MHz: .01% 2352 MHz:   0% 2616 MHz:   0% 2868 MHz:   0% 3096 MHz:   0% 3300 MHz:   0% 3468 MHz:   0% 3624 MHz: .01% 3756 MHz: .01% 3828 MHz:   0% 3888 MHz:   0% 3948 MHz: .00% 3996 MHz:   0% 4044 MHz:   0% 4104 MHz:   0% 4416 MHz:   0% 4512 MHz: .10%)
CPU 7 idle residency:   2.22%
CPU 7 down residency:  97.36%
CPU 8 frequency: 2000 MHz
CPU 8 active residency:   0.37% (1260 MHz: .29% 1512 MHz:   0% 1800 MHz:   0% 2088 MHz:   0% 2352 MHz:   0% 2616 MHz:   0% 2868 MHz:   0% 3096 MHz:   0% 3300 MHz:   0% 3468 MHz:   0% 3624 MHz:   0% 3756 MHz:   0% 3828 MHz:   0% 3888 MHz:   0% 3948 MHz:   0% 3996 MHz:   0% 4044 MHz:   0% 4104 MHz:   0% 4416 MHz:   0% 4512 MHz: .08%)
CPU 8 idle residency:   2.16%
CPU 8 down residency:  97.47%
CPU 9 frequency: 2738 MHz
CPU 9 active residency:   0.58% (1260 MHz: .29% 1512 MHz:   0% 1800 MHz:   0% 2088 MHz: .01% 2352 MHz:   0% 2616 MHz:   0% 2868 MHz:   0% 3096 MHz:   0% 3300 MHz:   0% 3468 MHz:   0% 3624 MHz: .05% 3756 MHz: .00% 3828 MHz:   0% 3888 MHz: .00% 3948 MHz:   0% 3996 MHz:   0% 4044 MHz:   0% 4104 MHz:   0% 4416 MHz:   0% 4512 MHz: .22%)
CPU 9 idle residency:   2.23%
CPU 9 down residency:  97.19%

P1-Cluster HW active frequency: 3685 MHz
P1-Cluster HW active residency:  86.99% (1260 MHz: 2.4% 1512 MHz: .78% 1800 MHz: 1.4% 2088 MHz: 1.5% 2352 MHz: .97% 2616 MHz: .77% 2868 MHz: .84% 3096 MHz: .43% 3300 MHz: .39% 3468 MHz: .40% 3624 MHz: 1.0% 3756 MHz:  15% 3828 MHz:  17% 3888 MHz:  11% 3948 MHz:  17% 3996 MHz: 2.5% 4044 MHz:  14% 4104 MHz:   0% 4416 MHz: .06% 4512 MHz: .11%)
P1-Cluster idle residency:  13.01%
P1-Cluster down residency:   0.00%
CPU 10 frequency: 4089 MHz
CPU 10 active residency:  40.09% (1260 MHz: .04% 1512 MHz:   0% 1800 MHz: .02% 2088 MHz: .28% 2352 MHz: .04% 2616 MHz: .02% 2868 MHz: .02% 3096 MHz: .03% 3300 MHz:   0% 3468 MHz:   0% 3624 MHz: .54% 3756 MHz: 7.5% 3828 MHz: 9.2% 3888 MHz: 4.7% 3948 MHz: 1.1% 3996 MHz:   0% 4044 MHz:   0% 4104 MHz: .00% 4416 MHz:   0% 4512 MHz:  17%)
CPU 10 idle residency:  59.91%
CPU 10 down residency:   0.00%
CPU 11 frequency: 4109 MHz
CPU 11 active residency:  39.93% (1260 MHz: .03% 1512 MHz: .01% 1800 MHz: .00% 2088 MHz: .00% 2352 MHz: .02% 2616 MHz: .01% 2868 MHz: .00% 3096 MHz:   0% 3300 MHz:   0% 3468 MHz:   0% 3624 MHz: .40% 3756 MHz: 7.3% 3828 MHz: 9.5% 3888 MHz: 4.3% 3948 MHz: 1.4% 3996 MHz:   0% 4044 MHz:   0% 4104 MHz:   0% 4416 MHz:   0% 4512 MHz:  17%)
CPU 11 idle residency:  60.07%
CPU 11 down residency:   0.00%
CPU 12 frequency: 3901 MHz
CPU 12 active residency:  33.60% (1260 MHz: .12% 1512 MHz:   0% 1800 MHz: .01% 2088 MHz: .02% 2352 MHz: .10% 2616 MHz: .25% 2868 MHz:   0% 3096 MHz: .02% 3300 MHz:   0% 3468 MHz:   0% 3624 MHz: .45% 3756 MHz: 9.3% 3828 MHz:  11% 3888 MHz: 5.4% 3948 MHz: 1.1% 3996 MHz:   0% 4044 MHz:   0% 4104 MHz:   0% 4416 MHz:   0% 4512 MHz: 5.3%)
CPU 12 idle residency:  66.40%
CPU 12 down residency:   0.00%
CPU 13 frequency: 3924 MHz
CPU 13 active residency:  49.48% (1260 MHz: .06% 1512 MHz: .78% 1800 MHz: 1.4% 2088 MHz: 1.2% 2352 MHz: .80% 2616 MHz: .49% 2868 MHz: .81% 3096 MHz: .38% 3300 MHz: .39% 3468 MHz: .40% 3624 MHz: .41% 3756 MHz: 5.7% 3828 MHz: 9.4% 3888 MHz: 4.3% 3948 MHz: 1.2% 3996 MHz:   0% 4044 MHz:   0% 4104 MHz: .38% 4416 MHz: .78% 4512 MHz:  21%)
CPU 13 idle residency:  50.52%
CPU 13 down residency:   0.00%
CPU 14 frequency: 4498 MHz
CPU 14 active residency:  16.84% (1260 MHz:   0% 1512 MHz:   0% 1800 MHz:   0% 2088 MHz: .00% 2352 MHz:   0% 2616 MHz:   0% 2868 MHz:   0% 3096 MHz:   0% 3300 MHz:   0% 3468 MHz:   0% 3624 MHz:   0% 3756 MHz: .20% 3828 MHz: .02% 3888 MHz: .12% 3948 MHz: .00% 3996 MHz:   0% 4044 MHz:   0% 4104 MHz:   0% 4416 MHz:   0% 4512 MHz:  16%)
CPU 14 idle residency:  83.16%
CPU 14 down residency:   0.00%
CPU 15 frequency: 4219 MHz
CPU 15 active residency:  21.27% (1260 MHz: .04% 1512 MHz:   0% 1800 MHz:   0% 2088 MHz: .04% 2352 MHz: .01% 2616 MHz: .01% 2868 MHz: .00% 3096 MHz:   0% 3300 MHz:   0% 3468 MHz:   0% 3624 MHz: .41% 3756 MHz: 3.0% 3828 MHz: 4.0% 3888 MHz: .66% 3948 MHz: .32% 3996 MHz:   0% 4044 MHz:   0% 4104 MHz:   0% 4416 MHz:   0% 4512 MHz:  13%)
CPU 15 idle residency:  78.73%
CPU 15 down residency:   0.00%

CPU Power: 4185 mW
GPU Power: 16719 mW
ANE Power: 0 mW
Combined Power (CPU + GPU + ANE): 20903 mW

**** GPU usage ****

GPU HW active frequency: 1563 MHz
GPU HW active residency:  68.66% (338 MHz: .82% 618 MHz:   0% 796 MHz:   0% 924 MHz:   0% 952 MHz:   0% 1056 MHz:   0% 1062 MHz:   0% 1182 MHz:   0% 1182 MHz:   0% 1312 MHz:   0% 1242 MHz:   0% 1380 MHz:   0% 1326 MHz:   0% 1470 MHz:   0% 1578 MHz:  68%)
GPU SW requested state: (P1 : 1.2% P2 :   0% P3 :   0% P4 :   0% P5 :   0% P6 :   0% P7 :   0% P8 :   0% P9 :   0% P10 :  99% P11 :   0% P12 :   0% P13 :   0% P14 :   0% P15 :   0%)
GPU SW state: (SW_P1 : .82% SW_P2 :   0% SW_P3 :   0% SW_P4 :   0% SW_P5 :   0% SW_P6 :   0% SW_P7 :   0% SW_P8 :   0% SW_P9 :   0% SW_P10 :  68% SW_P11 :   0% SW_P12 :   0% SW_P13 :   0% SW_P14 :   0% SW_P15 :   0%)
GPU idle residency:  31.34%
GPU Power: 16507 mW



*** Sampled system activity (Tue Jan 20 15:14:49 2026 +0100) (1020.66ms elapsed) ***


**** Processor usage ****

E-Cluster Online: 100%
E-Cluster HW active frequency: 1273 MHz
E-Cluster HW active residency:  79.44% (1020 MHz:  60% 1404 MHz: 4.0% 1788 MHz: 4.5% 2112 MHz: 1.7% 2352 MHz: 1.9% 2532 MHz: 4.0% 2592 MHz: 2.9%)
E-Cluster idle residency:  20.56%
E-Cluster down residency:   0.00%
CPU 0 frequency: 1274 MHz
CPU 0 active residency:  65.88% (1020 MHz:  50% 1404 MHz: 3.5% 1788 MHz: 4.2% 2112 MHz: 1.4% 2352 MHz: 1.5% 2532 MHz: 3.3% 2592 MHz: 2.3%)
CPU 0 idle residency:  34.12%
CPU 0 down residency:   0.00%
CPU 1 frequency: 1254 MHz
CPU 1 active residency:  62.47% (1020 MHz:  49% 1404 MHz: 2.7% 1788 MHz: 3.3% 2112 MHz: 1.1% 2352 MHz: 1.5% 2532 MHz: 2.8% 2592 MHz: 2.4%)
CPU 1 idle residency:  37.53%
CPU 1 down residency:   0.00%
CPU 2 frequency: 1253 MHz
CPU 2 active residency:  58.89% (1020 MHz:  46% 1404 MHz: 2.5% 1788 MHz: 3.4% 2112 MHz: 1.0% 2352 MHz: 1.4% 2532 MHz: 2.8% 2592 MHz: 1.9%)
CPU 2 idle residency:  41.11%
CPU 2 down residency:   0.00%
CPU 3 frequency: 1271 MHz
CPU 3 active residency:  55.17% (1020 MHz:  42% 1404 MHz: 2.3% 1788 MHz: 3.1% 2112 MHz: 1.1% 2352 MHz: 1.4% 2532 MHz: 2.9% 2592 MHz: 2.0%)
CPU 3 idle residency:  44.83%
CPU 3 down residency:   0.00%

P0-Cluster Online: 3%
P0-Cluster HW active frequency: 1260 MHz
P0-Cluster HW active residency:   0.51% (1260 MHz: .51% 1512 MHz:   0% 1800 MHz:   0% 2088 MHz:   0% 2352 MHz:   0% 2616 MHz:   0% 2868 MHz:   0% 3096 MHz:   0% 3300 MHz:   0% 3468 MHz:   0% 3624 MHz:   0% 3756 MHz:   0% 3828 MHz:   0% 3888 MHz:   0% 3948 MHz:   0% 3996 MHz:   0% 4044 MHz:   0% 4104 MHz:   0% 4416 MHz:   0% 4512 MHz:   0%)
P0-Cluster idle residency:   1.66%
P0-Cluster down residency:  97.83%
CPU 4 frequency: 0 MHz
CPU 4 active residency:   0.00% (1260 MHz:   0% 1512 MHz:   0% 1800 MHz:   0% 2088 MHz:   0% 2352 MHz:   0% 2616 MHz:   0% 2868 MHz:   0% 3096 MHz:   0% 3300 MHz:   0% 3468 MHz:   0% 3624 MHz:   0% 3756 MHz:   0% 3828 MHz:   0% 3888 MHz:   0% 3948 MHz:   0% 3996 MHz:   0% 4044 MHz:   0% 4104 MHz:   0% 4416 MHz:   0% 4512 MHz:   0%)
CPU 4 idle residency:   2.07%
CPU 4 down residency:  97.93%
CPU 5 frequency: 0 MHz
CPU 5 active residency:   0.00% (1260 MHz:   0% 1512 MHz:   0% 1800 MHz:   0% 2088 MHz:   0% 2352 MHz:   0% 2616 MHz:   0% 2868 MHz:   0% 3096 MHz:   0% 3300 MHz:   0% 3468 MHz:   0% 3624 MHz:   0% 3756 MHz:   0% 3828 MHz:   0% 3888 MHz:   0% 3948 MHz:   0% 3996 MHz:   0% 4044 MHz:   0% 4104 MHz:   0% 4416 MHz:   0% 4512 MHz:   0%)
CPU 5 idle residency:   2.08%
CPU 5 down residency:  97.92%
CPU 6 frequency: 0 MHz
CPU 6 active residency:   0.00% (1260 MHz:   0% 1512 MHz:   0% 1800 MHz:   0% 2088 MHz:   0% 2352 MHz:   0% 2616 MHz:   0% 2868 MHz:   0% 3096 MHz:   0% 3300 MHz:   0% 3468 MHz:   0% 3624 MHz:   0% 3756 MHz:   0% 3828 MHz:   0% 3888 MHz:   0% 3948 MHz:   0% 3996 MHz:   0% 4044 MHz:   0% 4104 MHz:   0% 4416 MHz:   0% 4512 MHz:   0%)
CPU 6 idle residency:   2.08%
CPU 6 down residency:  97.92%
CPU 7 frequency: 0 MHz
CPU 7 active residency:   0.00% (1260 MHz:   0% 1512 MHz:   0% 1800 MHz:   0% 2088 MHz:   0% 2352 MHz:   0% 2616 MHz:   0% 2868 MHz:   0% 3096 MHz:   0% 3300 MHz:   0% 3468 MHz:   0% 3624 MHz:   0% 3756 MHz:   0% 3828 MHz:   0% 3888 MHz:   0% 3948 MHz:   0% 3996 MHz:   0% 4044 MHz:   0% 4104 MHz:   0% 4416 MHz:   0% 4512 MHz:   0%)
CPU 7 idle residency:   2.08%
CPU 7 down residency:  97.92%
CPU 8 frequency: 0 MHz
CPU 8 active residency:   0.00% (1260 MHz:   0% 1512 MHz:   0% 1800 MHz:   0% 2088 MHz:   0% 2352 MHz:   0% 2616 MHz:   0% 2868 MHz:   0% 3096 MHz:   0% 3300 MHz:   0% 3468 MHz:   0% 3624 MHz:   0% 3756 MHz:   0% 3828 MHz:   0% 3888 MHz:   0% 3948 MHz:   0% 3996 MHz:   0% 4044 MHz:   0% 4104 MHz:   0% 4416 MHz:   0% 4512 MHz:   0%)
CPU 8 idle residency:   2.08%
CPU 8 down residency:  97.92%
CPU 9 frequency: 0 MHz
CPU 9 active residency:   0.00% (1260 MHz:   0% 1512 MHz:   0% 1800 MHz:   0% 2088 MHz:   0% 2352 MHz:   0% 2616 MHz:   0% 2868 MHz:   0% 3096 MHz:   0% 3300 MHz:   0% 3468 MHz:   0% 3624 MHz:   0% 3756 MHz:   0% 3828 MHz:   0% 3888 MHz:   0% 3948 MHz:   0% 3996 MHz:   0% 4044 MHz:   0% 4104 MHz:   0% 4416 MHz:   0% 4512 MHz:   0%)
CPU 9 idle residency:   2.08%
CPU 9 down residency:  97.92%

P1-Cluster HW active frequency: 3086 MHz
P1-Cluster HW active residency:  65.24% (1260 MHz:  10% 1512 MHz: 2.2% 1800 MHz: 3.9% 2088 MHz: 4.7% 2352 MHz: 2.2% 2616 MHz: 2.1% 2868 MHz: 1.4% 3096 MHz: 2.1% 3300 MHz: .40% 3468 MHz: .65% 3624 MHz: .54% 3756 MHz:   0% 3828 MHz: .40% 3888 MHz: .04% 3948 MHz: .41% 3996 MHz: 1.1% 4044 MHz:  31% 4104 MHz:   0% 4416 MHz: .09% 4512 MHz: 2.0%)
P1-Cluster idle residency:  31.82%
P1-Cluster down residency:   2.94%
CPU 10 frequency: 3651 MHz
CPU 10 active residency:  24.10% (1260 MHz: .24% 1512 MHz: .64% 1800 MHz: 1.7% 2088 MHz: 2.0% 2352 MHz: 1.1% 2616 MHz: 1.2% 2868 MHz: .79% 3096 MHz: .57% 3300 MHz: .40% 3468 MHz: .39% 3624 MHz: .39% 3756 MHz:   0% 3828 MHz: .40% 3888 MHz:   0% 3948 MHz: .38% 3996 MHz:   0% 4044 MHz:   0% 4104 MHz: .39% 4416 MHz: .40% 4512 MHz:  13%)
CPU 10 idle residency:  72.95%
CPU 10 down residency:   2.94%
CPU 11 frequency: 2259 MHz
CPU 11 active residency:   3.38% (1260 MHz: .22% 1512 MHz: .48% 1800 MHz: .99% 2088 MHz: .90% 2352 MHz: .09% 2616 MHz: .03% 2868 MHz: .01% 3096 MHz: .11% 3300 MHz: .02% 3468 MHz: .02% 3624 MHz: .03% 3756 MHz:   0% 3828 MHz: .13% 3888 MHz:   0% 3948 MHz: .00% 3996 MHz:   0% 4044 MHz:   0% 4104 MHz: .00% 4416 MHz:   0% 4512 MHz: .34%)
CPU 11 idle residency:  93.68%
CPU 11 down residency:   2.94%
CPU 12 frequency: 3557 MHz
CPU 12 active residency:   2.06% (1260 MHz: .05% 1512 MHz: .04% 1800 MHz: .37% 2088 MHz: .14% 2352 MHz: .02% 2616 MHz: .00% 2868 MHz: .00% 3096 MHz: .19% 3300 MHz:   0% 3468 MHz: .00% 3624 MHz: .00% 3756 MHz:   0% 3828 MHz: .01% 3888 MHz:   0% 3948 MHz:   0% 3996 MHz:   0% 4044 MHz:   0% 4104 MHz:   0% 4416 MHz:   0% 4512 MHz: 1.2%)
CPU 12 idle residency:  94.99%
CPU 12 down residency:   2.94%
CPU 13 frequency: 4470 MHz
CPU 13 active residency:   7.72% (1260 MHz: .05% 1512 MHz: .00% 1800 MHz: .04% 2088 MHz: .02% 2352 MHz:   0% 2616 MHz:   0% 2868 MHz:   0% 3096 MHz: .01% 3300 MHz:   0% 3468 MHz:   0% 3624 MHz:   0% 3756 MHz:   0% 3828 MHz:   0% 3888 MHz:   0% 3948 MHz:   0% 3996 MHz:   0% 4044 MHz:   0% 4104 MHz:   0% 4416 MHz:   0% 4512 MHz: 7.6%)
CPU 13 idle residency:  89.33%
CPU 13 down residency:   2.94%
CPU 14 frequency: 2516 MHz
CPU 14 active residency:   7.87% (1260 MHz: .23% 1512 MHz: 1.1% 1800 MHz: 1.5% 2088 MHz: .95% 2352 MHz: .76% 2616 MHz: .82% 2868 MHz: .59% 3096 MHz: .64% 3300 MHz: .00% 3468 MHz: .11% 3624 MHz: .05% 3756 MHz:   0% 3828 MHz: .00% 3888 MHz:   0% 3948 MHz:   0% 3996 MHz:   0% 4044 MHz:   0% 4104 MHz:   0% 4416 MHz:   0% 4512 MHz: 1.1%)
CPU 14 idle residency:  89.19%
CPU 14 down residency:   2.94%
CPU 15 frequency: 4490 MHz
CPU 15 active residency:  10.91% (1260 MHz: .04% 1512 MHz:   0% 1800 MHz: .04% 2088 MHz: .00% 2352 MHz:   0% 2616 MHz:   0% 2868 MHz:   0% 3096 MHz: .00% 3300 MHz:   0% 3468 MHz:   0% 3624 MHz:   0% 3756 MHz:   0% 3828 MHz:   0% 3888 MHz:   0% 3948 MHz:   0% 3996 MHz:   0% 4044 MHz:   0% 4104 MHz:   0% 4416 MHz:   0% 4512 MHz:  11%)
CPU 15 idle residency:  86.15%
CPU 15 down residency:   2.94%

CPU Power: 2027 mW
GPU Power: 52 mW
ANE Power: 0 mW
Combined Power (CPU + GPU + ANE): 2079 mW

**** GPU usage ****

GPU HW active frequency: 338 MHz
GPU HW active residency:   4.73% (338 MHz: 4.7% 618 MHz:   0% 796 MHz:   0% 924 MHz:   0% 952 MHz:   0% 1056 MHz:   0% 1062 MHz:   0% 1182 MHz:   0% 1182 MHz:   0% 1312 MHz:   0% 1242 MHz:   0% 1380 MHz:   0% 1326 MHz:   0% 1470 MHz:   0% 1578 MHz:   0%)
GPU SW requested state: (P1 : 100% P2 :   0% P3 :   0% P4 :   0% P5 :   0% P6 :   0% P7 :   0% P8 :   0% P9 :   0% P10 :   0% P11 :   0% P12 :   0% P13 :   0% P14 :   0% P15 :   0%)
GPU SW state: (SW_P1 : 4.7% SW_P2 :   0% SW_P3 :   0% SW_P4 :   0% SW_P5 :   0% SW_P6 :   0% SW_P7 :   0% SW_P8 :   0% SW_P9 :   0% SW_P10 :   0% SW_P11 :   0% SW_P12 :   0% SW_P13 :   0% SW_P14 :   0% SW_P15 :   0%)
GPU idle residency:  95.27%
GPU Power: 52 mW

