Machine model: Mac16,5
OS version: 24G419
Boot arguments: 
Boot time: Sun Jan 18 19:40:47 2026



*** Sampled system activity (Tue Jan 20 11:33:48 2026 +0100) (1016.89ms elapsed) ***


**** Processor usage ****

E-Cluster Online: 100%
E-Cluster HW active frequency: 2439 MHz
E-Cluster HW active residency:  75.18% (1020 MHz: 5.3% 1404 MHz: 1.0% 1788 MHz: 1.9% 2112 MHz: .70% 2352 MHz: .57% 2532 MHz: .01% 2592 MHz:  66%)
E-Cluster idle residency:  24.82%
E-Cluster down residency:   0.00%
CPU 0 frequency: 2445 MHz
CPU 0 active residency:  47.69% (1020 MHz: 3.3% 1404 MHz: .62% 1788 MHz: 1.1% 2112 MHz: .40% 2352 MHz: .33% 2532 MHz:   0% 2592 MHz:  42%)
CPU 0 idle residency:  52.31%
CPU 0 down residency:   0.00%
CPU 1 frequency: 2451 MHz
CPU 1 active residency:  33.71% (1020 MHz: 2.3% 1404 MHz: .40% 1788 MHz: .70% 2112 MHz: .26% 2352 MHz: .16% 2532 MHz:   0% 2592 MHz:  30%)
CPU 1 idle residency:  66.29%
CPU 1 down residency:   0.00%
CPU 2 frequency: 2423 MHz
CPU 2 active residency:  24.26% (1020 MHz: 2.1% 1404 MHz: .27% 1788 MHz: .59% 2112 MHz: .10% 2352 MHz: .10% 2532 MHz:   0% 2592 MHz:  21%)
CPU 2 idle residency:  75.74%
CPU 2 down residency:   0.00%
CPU 3 frequency: 2493 MHz
CPU 3 active residency:  17.45% (1020 MHz: .82% 1404 MHz: .18% 1788 MHz: .25% 2112 MHz: .03% 2352 MHz: .09% 2532 MHz:   0% 2592 MHz:  16%)
CPU 3 idle residency:  82.55%
CPU 3 down residency:   0.00%

P0-Cluster Online: 51%
P0-Cluster HW active frequency: 2862 MHz
P0-Cluster HW active residency:  27.18% (1260 MHz: 7.2% 1512 MHz: 1.6% 1800 MHz: .92% 2088 MHz: 2.3% 2352 MHz: 1.8% 2616 MHz: .31% 2868 MHz: .61% 3096 MHz: .13% 3300 MHz: .04% 3468 MHz: .32% 3624 MHz: .23% 3756 MHz: .27% 3828 MHz:   0% 3888 MHz: .85% 3948 MHz: 1.8% 3996 MHz: .32% 4044 MHz: .70% 4104 MHz: .08% 4416 MHz: 2.4% 4512 MHz: 5.3%)
P0-Cluster idle residency:  22.20%
P0-Cluster down residency:  50.62%
CPU 4 frequency: 0 MHz
CPU 4 active residency:   0.00% (1260 MHz:   0% 1512 MHz:   0% 1800 MHz:   0% 2088 MHz:   0% 2352 MHz:   0% 2616 MHz:   0% 2868 MHz:   0% 3096 MHz:   0% 3300 MHz:   0% 3468 MHz:   0% 3624 MHz:   0% 3756 MHz:   0% 3828 MHz:   0% 3888 MHz:   0% 3948 MHz:   0% 3996 MHz:   0% 4044 MHz:   0% 4104 MHz:   0% 4416 MHz:   0% 4512 MHz:   0%)
CPU 4 idle residency:  45.87%
CPU 4 down residency:  54.13%
CPU 5 frequency: 0 MHz
CPU 5 active residency:   0.00% (1260 MHz:   0% 1512 MHz:   0% 1800 MHz:   0% 2088 MHz:   0% 2352 MHz:   0% 2616 MHz:   0% 2868 MHz:   0% 3096 MHz:   0% 3300 MHz:   0% 3468 MHz:   0% 3624 MHz:   0% 3756 MHz:   0% 3828 MHz:   0% 3888 MHz:   0% 3948 MHz:   0% 3996 MHz:   0% 4044 MHz:   0% 4104 MHz:   0% 4416 MHz:   0% 4512 MHz:   0%)
CPU 5 idle residency:  47.02%
CPU 5 down residency:  52.98%
CPU 6 frequency: 0 MHz
CPU 6 active residency:   0.00% (1260 MHz:   0% 1512 MHz:   0% 1800 MHz:   0% 2088 MHz:   0% 2352 MHz:   0% 2616 MHz:   0% 2868 MHz:   0% 3096 MHz:   0% 3300 MHz:   0% 3468 MHz:   0% 3624 MHz:   0% 3756 MHz:   0% 3828 MHz:   0% 3888 MHz:   0% 3948 MHz:   0% 3996 MHz:   0% 4044 MHz:   0% 4104 MHz:   0% 4416 MHz:   0% 4512 MHz:   0%)
CPU 6 idle residency:  45.37%
CPU 6 down residency:  54.63%
CPU 7 frequency: 0 MHz
CPU 7 active residency:   0.00% (1260 MHz:   0% 1512 MHz:   0% 1800 MHz:   0% 2088 MHz:   0% 2352 MHz:   0% 2616 MHz:   0% 2868 MHz:   0% 3096 MHz:   0% 3300 MHz:   0% 3468 MHz:   0% 3624 MHz:   0% 3756 MHz:   0% 3828 MHz:   0% 3888 MHz:   0% 3948 MHz:   0% 3996 MHz:   0% 4044 MHz:   0% 4104 MHz:   0% 4416 MHz:   0% 4512 MHz:   0%)
CPU 7 idle residency:  48.33%
CPU 7 down residency:  51.67%
CPU 8 frequency: 0 MHz
CPU 8 active residency:   0.00% (1260 MHz:   0% 1512 MHz:   0% 1800 MHz:   0% 2088 MHz:   0% 2352 MHz:   0% 2616 MHz:   0% 2868 MHz:   0% 3096 MHz:   0% 3300 MHz:   0% 3468 MHz:   0% 3624 MHz:   0% 3756 MHz:   0% 3828 MHz:   0% 3888 MHz:   0% 3948 MHz:   0% 3996 MHz:   0% 4044 MHz:   0% 4104 MHz:   0% 4416 MHz:   0% 4512 MHz:   0%)
CPU 8 idle residency:  48.35%
CPU 8 down residency:  51.65%
CPU 9 frequency: 0 MHz
CPU 9 active residency:   0.00% (1260 MHz:   0% 1512 MHz:   0% 1800 MHz:   0% 2088 MHz:   0% 2352 MHz:   0% 2616 MHz:   0% 2868 MHz:   0% 3096 MHz:   0% 3300 MHz:   0% 3468 MHz:   0% 3624 MHz:   0% 3756 MHz:   0% 3828 MHz:   0% 3888 MHz:   0% 3948 MHz:   0% 3996 MHz:   0% 4044 MHz:   0% 4104 MHz:   0% 4416 MHz:   0% 4512 MHz:   0%)
CPU 9 idle residency:  48.79%
CPU 9 down residency:  51.21%

P1-Cluster HW active frequency: 4017 MHz
P1-Cluster HW active residency:  99.46% (1260 MHz:   0% 1512 MHz:   0% 1800 MHz:   0% 2088 MHz:   0% 2352 MHz: .01% 2616 MHz:   0% 2868 MHz:   0% 3096 MHz:   0% 3300 MHz:   0% 3468 MHz:   0% 3624 MHz:   0% 3756 MHz:   0% 3828 MHz:   0% 3888 MHz:  20% 3948 MHz:  53% 3996 MHz: 4.5% 4044 MHz: 8.4% 4104 MHz:   0% 4416 MHz: 6.4% 4512 MHz: 7.2%)
P1-Cluster idle residency:   0.54%
P1-Cluster down residency:   0.00%
CPU 10 frequency: 4512 MHz
CPU 10 active residency:  56.95% (1260 MHz:   0% 1512 MHz:   0% 1800 MHz:   0% 2088 MHz:   0% 2352 MHz: .01% 2616 MHz:   0% 2868 MHz:   0% 3096 MHz:   0% 3300 MHz:   0% 3468 MHz:   0% 3624 MHz:   0% 3756 MHz:   0% 3828 MHz:   0% 3888 MHz:   0% 3948 MHz:   0% 3996 MHz:   0% 4044 MHz:   0% 4104 MHz:   0% 4416 MHz:   0% 4512 MHz:  57%)
CPU 10 idle residency:  43.05%
CPU 10 down residency:   0.00%
CPU 11 frequency: 4512 MHz
CPU 11 active residency:  57.50% (1260 MHz:   0% 1512 MHz:   0% 1800 MHz:   0% 2088 MHz:   0% 2352 MHz: .01% 2616 MHz:   0% 2868 MHz:   0% 3096 MHz:   0% 3300 MHz:   0% 3468 MHz:   0% 3624 MHz:   0% 3756 MHz:   0% 3828 MHz:   0% 3888 MHz:   0% 3948 MHz:   0% 3996 MHz:   0% 4044 MHz:   0% 4104 MHz:   0% 4416 MHz:   0% 4512 MHz:  57%)
CPU 11 idle residency:  42.50%
CPU 11 down residency:   0.00%
CPU 12 frequency: 4512 MHz
CPU 12 active residency:  57.25% (1260 MHz:   0% 1512 MHz:   0% 1800 MHz:   0% 2088 MHz:   0% 2352 MHz: .01% 2616 MHz:   0% 2868 MHz:   0% 3096 MHz:   0% 3300 MHz:   0% 3468 MHz:   0% 3624 MHz:   0% 3756 MHz:   0% 3828 MHz:   0% 3888 MHz:   0% 3948 MHz:   0% 3996 MHz:   0% 4044 MHz:   0% 4104 MHz:   0% 4416 MHz:   0% 4512 MHz:  57%)
CPU 12 idle residency:  42.75%
CPU 12 down residency:   0.00%
CPU 13 frequency: 4512 MHz
CPU 13 active residency:  52.40% (1260 MHz:   0% 1512 MHz:   0% 1800 MHz:   0% 2088 MHz:   0% 2352 MHz: .01% 2616 MHz:   0% 2868 MHz:   0% 3096 MHz:   0% 3300 MHz:   0% 3468 MHz:   0% 3624 MHz:   0% 3756 MHz:   0% 3828 MHz:   0% 3888 MHz:   0% 3948 MHz:   0% 3996 MHz:   0% 4044 MHz:   0% 4104 MHz:   0% 4416 MHz:   0% 4512 MHz:  52%)
CPU 13 idle residency:  47.60%
CPU 13 down residency:   0.00%
CPU 14 frequency: 4512 MHz
CPU 14 active residency:  48.02% (1260 MHz:   0% 1512 MHz:   0% 1800 MHz:   0% 2088 MHz:   0% 2352 MHz: .01% 2616 MHz:   0% 2868 MHz:   0% 3096 MHz:   0% 3300 MHz:   0% 3468 MHz:   0% 3624 MHz:   0% 3756 MHz:   0% 3828 MHz:   0% 3888 MHz:   0% 3948 MHz:   0% 3996 MHz:   0% 4044 MHz:   0% 4104 MHz:   0% 4416 MHz:   0% 4512 MHz:  48%)
CPU 14 idle residency:  51.98%
CPU 14 down residency:   0.00%
CPU 15 frequency: 4512 MHz
CPU 15 active residency:  46.08% (1260 MHz:   0% 1512 MHz:   0% 1800 MHz:   0% 2088 MHz:   0% 2352 MHz: .01% 2616 MHz:   0% 2868 MHz:   0% 3096 MHz:   0% 3300 MHz:   0% 3468 MHz:   0% 3624 MHz:   0% 3756 MHz:   0% 3828 MHz:   0% 3888 MHz:   0% 3948 MHz:   0% 3996 MHz:   0% 4044 MHz:   0% 4104 MHz:   0% 4416 MHz:   0% 4512 MHz:  46%)
CPU 15 idle residency:  53.92%
CPU 15 down residency:   0.00%

CPU Power: 6584 mW
GPU Power: 23822 mW
ANE Power: 0 mW
Combined Power (CPU + GPU + ANE): 30405 mW

**** GPU usage ****

GPU HW active frequency: 1575 MHz
GPU HW active residency:  94.21% (338 MHz: .26% 618 MHz:   0% 796 MHz:   0% 924 MHz:   0% 952 MHz:   0% 1056 MHz:   0% 1062 MHz:   0% 1182 MHz:   0% 1182 MHz:   0% 1312 MHz:   0% 1242 MHz:   0% 1380 MHz:   0% 1326 MHz:   0% 1470 MHz:   0% 1578 MHz:  94%)
GPU SW requested state: (P1 :   0% P2 :   0% P3 :   0% P4 :   0% P5 :   0% P6 :   0% P7 :   0% P8 :   0% P9 :   0% P10 : 100% P11 :   0% P12 :   0% P13 :   0% P14 :   0% P15 :   0%)
GPU SW state: (SW_P1 : .26% SW_P2 :   0% SW_P3 :   0% SW_P4 :   0% SW_P5 :   0% SW_P6 :   0% SW_P7 :   0% SW_P8 :   0% SW_P9 :   0% SW_P10 :  94% SW_P11 :   0% SW_P12 :   0% SW_P13 :   0% SW_P14 :   0% SW_P15 :   0%)
GPU idle residency:   5.79%
GPU Power: 24032 mW



*** Sampled system activity (Tue Jan 20 11:33:49 2026 +0100) (1020.00ms elapsed) ***


**** Processor usage ****

E-Cluster Online: 100%
E-Cluster HW active frequency: 2592 MHz
E-Cluster HW active residency:  73.63% (1020 MHz:   0% 1404 MHz:   0% 1788 MHz:   0% 2112 MHz:   0% 2352 MHz:   0% 2532 MHz: .00% 2592 MHz:  74%)
E-Cluster idle residency:  26.37%
E-Cluster down residency:   0.00%
CPU 0 frequency: 2592 MHz
CPU 0 active residency:  42.04% (1020 MHz:   0% 1404 MHz:   0% 1788 MHz:   0% 2112 MHz:   0% 2352 MHz:   0% 2532 MHz:   0% 2592 MHz:  42%)
CPU 0 idle residency:  57.96%
CPU 0 down residency:   0.00%
CPU 1 frequency: 2592 MHz
CPU 1 active residency:  25.83% (1020 MHz:   0% 1404 MHz:   0% 1788 MHz:   0% 2112 MHz:   0% 2352 MHz:   0% 2532 MHz:   0% 2592 MHz:  26%)
CPU 1 idle residency:  74.17%
CPU 1 down residency:   0.00%
CPU 2 frequency: 2592 MHz
CPU 2 active residency:  15.79% (1020 MHz:   0% 1404 MHz:   0% 1788 MHz:   0% 2112 MHz:   0% 2352 MHz:   0% 2532 MHz:   0% 2592 MHz:  16%)
CPU 2 idle residency:  84.21%
CPU 2 down residency:   0.00%
CPU 3 frequency: 2592 MHz
CPU 3 active residency:   8.94% (1020 MHz:   0% 1404 MHz:   0% 1788 MHz:   0% 2112 MHz:   0% 2352 MHz:   0% 2532 MHz:   0% 2592 MHz: 8.9%)
CPU 3 idle residency:  91.06%
CPU 3 down residency:   0.00%

P0-Cluster Online: 70%
P0-Cluster HW active frequency: 3425 MHz
P0-Cluster HW active residency:  46.60% (1260 MHz: 7.8% 1512 MHz: .57% 1800 MHz: 1.5% 2088 MHz:   0% 2352 MHz:   0% 2616 MHz: .10% 2868 MHz:   0% 3096 MHz:   0% 3300 MHz:   0% 3468 MHz:   0% 3624 MHz:   0% 3756 MHz:   0% 3828 MHz:   0% 3888 MHz:  15% 3948 MHz:  16% 3996 MHz: 1.1% 4044 MHz: .55% 4104 MHz:   0% 4416 MHz: 1.3% 4512 MHz: 2.5%)
P0-Cluster idle residency:  18.06%
P0-Cluster down residency:  35.34%
CPU 4 frequency: 4440 MHz
CPU 4 active residency:  80.03% (1260 MHz: 1.2% 1512 MHz: .06% 1800 MHz: .09% 2088 MHz: .06% 2352 MHz: .03% 2616 MHz: .06% 2868 MHz: .12% 3096 MHz: .18% 3300 MHz: .18% 3468 MHz: .03% 3624 MHz: .09% 3756 MHz: .02% 3828 MHz: .00% 3888 MHz: .00% 3948 MHz: .12% 3996 MHz: .11% 4044 MHz: .14% 4104 MHz: .48% 4416 MHz: 1.0% 4512 MHz:  76%)
CPU 4 idle residency:   9.91%
CPU 4 down residency:  10.06%
CPU 5 frequency: 4445 MHz
CPU 5 active residency:  80.20% (1260 MHz: 1.1% 1512 MHz: .07% 1800 MHz: .10% 2088 MHz: .05% 2352 MHz: .08% 2616 MHz: .08% 2868 MHz: .03% 3096 MHz: .09% 3300 MHz: .16% 3468 MHz: .04% 3624 MHz: .17% 3756 MHz: .02% 3828 MHz: .01% 3888 MHz: .01% 3948 MHz: .03% 3996 MHz: .00% 4044 MHz: .02% 4104 MHz: .21% 4416 MHz: .93% 4512 MHz:  77%)
CPU 5 idle residency:  10.02%
CPU 5 down residency:   9.79%
CPU 6 frequency: 4439 MHz
CPU 6 active residency:  79.49% (1260 MHz: 1.2% 1512 MHz: .05% 1800 MHz: .06% 2088 MHz: .22% 2352 MHz: .05% 2616 MHz: .07% 2868 MHz: .07% 3096 MHz: .04% 3300 MHz: .06% 3468 MHz: .04% 3624 MHz: .06% 3756 MHz: .03% 3828 MHz: .02% 3888 MHz: .00% 3948 MHz: .06% 3996 MHz: .06% 4044 MHz: .06% 4104 MHz: .47% 4416 MHz: .61% 4512 MHz:  76%)
CPU 6 idle residency:  10.62%
CPU 6 down residency:   9.90%
CPU 7 frequency: 4450 MHz
CPU 7 active residency:  77.52% (1260 MHz: 1.2% 1512 MHz: .04% 1800 MHz: .05% 2088 MHz: .03% 2352 MHz: .03% 2616 MHz: .05% 2868 MHz: .07% 3096 MHz: .05% 3300 MHz: .09% 3468 MHz: .03% 3624 MHz: .05% 3756 MHz: .02% 3828 MHz: .02% 3888 MHz: .00% 3948 MHz: .01% 3996 MHz: .00% 4044 MHz: .00% 4104 MHz: .12% 4416 MHz: .97% 4512 MHz:  75%)
CPU 7 idle residency:  12.11%
CPU 7 down residency:  10.37%
CPU 8 frequency: 4430 MHz
CPU 8 active residency:  77.21% (1260 MHz: 1.1% 1512 MHz: .06% 1800 MHz: .06% 2088 MHz: .07% 2352 MHz: .02% 2616 MHz: .06% 2868 MHz: .08% 3096 MHz: .23% 3300 MHz: .25% 3468 MHz: .28% 3624 MHz: .40% 3756 MHz: .12% 3828 MHz: .11% 3888 MHz: .06% 3948 MHz: .11% 3996 MHz: .06% 4044 MHz: .11% 4104 MHz: .40% 4416 MHz: .53% 4512 MHz:  73%)
CPU 8 idle residency:  12.46%
CPU 8 down residency:  10.33%
CPU 9 frequency: 4424 MHz
CPU 9 active residency:  77.20% (1260 MHz: 1.1% 1512 MHz: .05% 1800 MHz: .04% 2088 MHz: .18% 2352 MHz: .20% 2616 MHz: .32% 2868 MHz: .31% 3096 MHz: .05% 3300 MHz: .20% 3468 MHz: .17% 3624 MHz: .11% 3756 MHz: .12% 3828 MHz: .08% 3888 MHz:   0% 3948 MHz: .01% 3996 MHz: .01% 4044 MHz: .00% 4104 MHz: .16% 4416 MHz: .61% 4512 MHz:  73%)
CPU 9 idle residency:  12.53%
CPU 9 down residency:  10.27%

P1-Cluster HW active frequency: 3681 MHz
P1-Cluster HW active residency:  74.50% (1260 MHz: 7.1% 1512 MHz:   0% 1800 MHz:   0% 2088 MHz: .45% 2352 MHz: .04% 2616 MHz:   0% 2868 MHz:   0% 3096 MHz:   0% 3300 MHz:   0% 3468 MHz:   0% 3624 MHz: .04% 3756 MHz:   0% 3828 MHz:   0% 3888 MHz:  30% 3948 MHz:  31% 3996 MHz: 1.8% 4044 MHz: .68% 4104 MHz:   0% 4416 MHz: 1.6% 4512 MHz: 1.6%)
P1-Cluster idle residency:  12.03%
P1-Cluster down residency:  13.46%
CPU 10 frequency: 4512 MHz
CPU 10 active residency:   1.98% (1260 MHz:   0% 1512 MHz:   0% 1800 MHz:   0% 2088 MHz:   0% 2352 MHz:   0% 2616 MHz:   0% 2868 MHz:   0% 3096 MHz:   0% 3300 MHz:   0% 3468 MHz:   0% 3624 MHz:   0% 3756 MHz:   0% 3828 MHz:   0% 3888 MHz:   0% 3948 MHz:   0% 3996 MHz:   0% 4044 MHz:   0% 4104 MHz:   0% 4416 MHz:   0% 4512 MHz: 2.0%)
CPU 10 idle residency:  69.45%
CPU 10 down residency:  28.57%
CPU 11 frequency: 4512 MHz
CPU 11 active residency:   1.73% (1260 MHz:   0% 1512 MHz:   0% 1800 MHz:   0% 2088 MHz:   0% 2352 MHz:   0% 2616 MHz:   0% 2868 MHz:   0% 3096 MHz:   0% 3300 MHz:   0% 3468 MHz:   0% 3624 MHz:   0% 3756 MHz:   0% 3828 MHz:   0% 3888 MHz:   0% 3948 MHz:   0% 3996 MHz:   0% 4044 MHz:   0% 4104 MHz:   0% 4416 MHz:   0% 4512 MHz: 1.7%)
CPU 11 idle residency:  72.97%
CPU 11 down residency:  25.29%
CPU 12 frequency: 4512 MHz
CPU 12 active residency:   0.40% (1260 MHz:   0% 1512 MHz:   0% 1800 MHz:   0% 2088 MHz:   0% 2352 MHz:   0% 2616 MHz:   0% 2868 MHz:   0% 3096 MHz:   0% 3300 MHz:   0% 3468 MHz:   0% 3624 MHz:   0% 3756 MHz:   0% 3828 MHz:   0% 3888 MHz:   0% 3948 MHz:   0% 3996 MHz:   0% 4044 MHz:   0% 4104 MHz:   0% 4416 MHz:   0% 4512 MHz: .40%)
CPU 12 idle residency:  73.16%
CPU 12 down residency:  26.44%
CPU 13 frequency: 4512 MHz
CPU 13 active residency:   1.83% (1260 MHz:   0% 1512 MHz:   0% 1800 MHz:   0% 2088 MHz:   0% 2352 MHz:   0% 2616 MHz:   0% 2868 MHz:   0% 3096 MHz:   0% 3300 MHz:   0% 3468 MHz:   0% 3624 MHz:   0% 3756 MHz:   0% 3828 MHz:   0% 3888 MHz:   0% 3948 MHz:   0% 3996 MHz:   0% 4044 MHz:   0% 4104 MHz:   0% 4416 MHz:   0% 4512 MHz: 1.8%)
CPU 13 idle residency:  74.30%
CPU 13 down residency:  23.88%
CPU 14 frequency: 4512 MHz
CPU 14 active residency:   1.93% (1260 MHz:   0% 1512 MHz:   0% 1800 MHz:   0% 2088 MHz:   0% 2352 MHz:   0% 2616 MHz:   0% 2868 MHz:   0% 3096 MHz:   0% 3300 MHz:   0% 3468 MHz:   0% 3624 MHz:   0% 3756 MHz:   0% 3828 MHz:   0% 3888 MHz:   0% 3948 MHz:   0% 3996 MHz:   0% 4044 MHz:   0% 4104 MHz:   0% 4416 MHz:   0% 4512 MHz: 1.9%)
CPU 14 idle residency:  73.81%
CPU 14 down residency:  24.26%
CPU 15 frequency: 4512 MHz
CPU 15 active residency:   0.81% (1260 MHz:   0% 1512 MHz:   0% 1800 MHz:   0% 2088 MHz:   0% 2352 MHz:   0% 2616 MHz:   0% 2868 MHz:   0% 3096 MHz:   0% 3300 MHz:   0% 3468 MHz:   0% 3624 MHz:   0% 3756 MHz:   0% 3828 MHz:   0% 3888 MHz:   0% 3948 MHz:   0% 3996 MHz:   0% 4044 MHz:   0% 4104 MHz:   0% 4416 MHz:   0% 4512 MHz: .81%)
CPU 15 idle residency:  72.48%
CPU 15 down residency:  26.71%

CPU Power: 7913 mW
GPU Power: 25737 mW
ANE Power: 0 mW
Combined Power (CPU + GPU + ANE): 33650 mW

**** GPU usage ****

GPU HW active frequency: 1578 MHz
GPU HW active residency: 100.00% (338 MHz:   0% 618 MHz:   0% 796 MHz:   0% 924 MHz:   0% 952 MHz:   0% 1056 MHz:   0% 1062 MHz:   0% 1182 MHz:   0% 1182 MHz:   0% 1312 MHz:   0% 1242 MHz:   0% 1380 MHz:   0% 1326 MHz:   0% 1470 MHz:   0% 1578 MHz: 100%)
GPU SW requested state: (P1 :   0% P2 :   0% P3 :   0% P4 :   0% P5 :   0% P6 :   0% P7 :   0% P8 :   0% P9 :   0% P10 : 100% P11 :   0% P12 :   0% P13 :   0% P14 :   0% P15 :   0%)
GPU SW state: (SW_P1 :   0% SW_P2 :   0% SW_P3 :   0% SW_P4 :   0% SW_P5 :   0% SW_P6 :   0% SW_P7 :   0% SW_P8 :   0% SW_P9 :   0% SW_P10 : 100% SW_P11 :   0% SW_P12 :   0% SW_P13 :   0% SW_P14 :   0% SW_P15 :   0%)
GPU idle residency:   0.00%
GPU Power: 25731 mW



*** Sampled system activity (Tue Jan 20 11:33:50 2026 +0100) (1020.11ms elapsed) ***


**** Processor usage ****

E-Cluster Online: 100%
E-Cluster HW active frequency: 2592 MHz
E-Cluster HW active residency:  78.83% (1020 MHz:   0% 1404 MHz:   0% 1788 MHz:   0% 2112 MHz:   0% 2352 MHz:   0% 2532 MHz: .00% 2592 MHz:  79%)
E-Cluster idle residency:  21.17%
E-Cluster down residency:   0.00%
CPU 0 frequency: 2592 MHz
CPU 0 active residency:  46.77% (1020 MHz:   0% 1404 MHz:   0% 1788 MHz:   0% 2112 MHz:   0% 2352 MHz:   0% 2532 MHz:   0% 2592 MHz:  47%)
CPU 0 idle residency:  53.23%
CPU 0 down residency:   0.00%
CPU 1 frequency: 2592 MHz
CPU 1 active residency:  31.38% (1020 MHz:   0% 1404 MHz:   0% 1788 MHz:   0% 2112 MHz:   0% 2352 MHz:   0% 2532 MHz:   0% 2592 MHz:  31%)
CPU 1 idle residency:  68.62%
CPU 1 down residency:   0.00%
CPU 2 frequency: 2592 MHz
CPU 2 active residency:  17.89% (1020 MHz:   0% 1404 MHz:   0% 1788 MHz:   0% 2112 MHz:   0% 2352 MHz:   0% 2532 MHz:   0% 2592 MHz:  18%)
CPU 2 idle residency:  82.11%
CPU 2 down residency:   0.00%
CPU 3 frequency: 2592 MHz
CPU 3 active residency:  10.79% (1020 MHz:   0% 1404 MHz:   0% 1788 MHz:   0% 2112 MHz:   0% 2352 MHz:   0% 2532 MHz:   0% 2592 MHz:  11%)
CPU 3 idle residency:  89.21%
CPU 3 down residency:   0.00%

P0-Cluster Online: 100%
P0-Cluster HW active frequency: 3955 MHz
P0-Cluster HW active residency:  99.82% (1260 MHz:   0% 1512 MHz: .05% 1800 MHz:   0% 2088 MHz:   0% 2352 MHz:   0% 2616 MHz:   0% 2868 MHz:   0% 3096 MHz:   0% 3300 MHz:   0% 3468 MHz: .01% 3624 MHz:   0% 3756 MHz:   0% 3828 MHz:   0% 3888 MHz:  35% 3948 MHz:  53% 3996 MHz: 4.6% 4044 MHz: 2.3% 4104 MHz:   0% 4416 MHz: 2.8% 4512 MHz: 2.1%)
P0-Cluster idle residency:   0.18%
P0-Cluster down residency:   0.00%
CPU 4 frequency: 4512 MHz
CPU 4 active residency:  70.58% (1260 MHz:   0% 1512 MHz: .00% 1800 MHz:   0% 2088 MHz:   0% 2352 MHz:   0% 2616 MHz:   0% 2868 MHz:   0% 3096 MHz:   0% 3300 MHz:   0% 3468 MHz: .01% 3624 MHz:   0% 3756 MHz:   0% 3828 MHz:   0% 3888 MHz:   0% 3948 MHz:   0% 3996 MHz:   0% 4044 MHz:   0% 4104 MHz:   0% 4416 MHz:   0% 4512 MHz:  71%)
CPU 4 idle residency:  29.42%
CPU 4 down residency:   0.00%
CPU 5 frequency: 4512 MHz
CPU 5 active residency:  67.30% (1260 MHz:   0% 1512 MHz:   0% 1800 MHz:   0% 2088 MHz:   0% 2352 MHz:   0% 2616 MHz:   0% 2868 MHz:   0% 3096 MHz:   0% 3300 MHz:   0% 3468 MHz: .00% 3624 MHz:   0% 3756 MHz:   0% 3828 MHz:   0% 3888 MHz:   0% 3948 MHz:   0% 3996 MHz:   0% 4044 MHz:   0% 4104 MHz:   0% 4416 MHz:   0% 4512 MHz:  67%)
CPU 5 idle residency:  32.70%
CPU 5 down residency:   0.00%
CPU 6 frequency: 4512 MHz
CPU 6 active residency:  55.19% (1260 MHz:   0% 1512 MHz:   0% 1800 MHz:   0% 2088 MHz:   0% 2352 MHz:   0% 2616 MHz:   0% 2868 MHz:   0% 3096 MHz:   0% 3300 MHz:   0% 3468 MHz:   0% 3624 MHz:   0% 3756 MHz:   0% 3828 MHz:   0% 3888 MHz:   0% 3948 MHz:   0% 3996 MHz:   0% 4044 MHz:   0% 4104 MHz:   0% 4416 MHz:   0% 4512 MHz:  55%)
CPU 6 idle residency:  44.81%
CPU 6 down residency:   0.00%
CPU 7 frequency: 4512 MHz
CPU 7 active residency:  65.87% (1260 MHz:   0% 1512 MHz: .01% 1800 MHz:   0% 2088 MHz:   0% 2352 MHz:   0% 2616 MHz:   0% 2868 MHz:   0% 3096 MHz:   0% 3300 MHz:   0% 3468 MHz:   0% 3624 MHz:   0% 3756 MHz:   0% 3828 MHz:   0% 3888 MHz:   0% 3948 MHz:   0% 3996 MHz:   0% 4044 MHz:   0% 4104 MHz:   0% 4416 MHz:   0% 4512 MHz:  66%)
CPU 7 idle residency:  34.13%
CPU 7 down residency:   0.00%
CPU 8 frequency: 4512 MHz
CPU 8 active residency:  71.90% (1260 MHz:   0% 1512 MHz: .01% 1800 MHz:   0% 2088 MHz:   0% 2352 MHz:   0% 2616 MHz:   0% 2868 MHz:   0% 3096 MHz:   0% 3300 MHz:   0% 3468 MHz:   0% 3624 MHz:   0% 3756 MHz:   0% 3828 MHz:   0% 3888 MHz:   0% 3948 MHz:   0% 3996 MHz:   0% 4044 MHz:   0% 4104 MHz:   0% 4416 MHz:   0% 4512 MHz:  72%)
CPU 8 idle residency:  28.10%
CPU 8 down residency:   0.00%
CPU 9 frequency: 4512 MHz
CPU 9 active residency:  64.48% (1260 MHz:   0% 1512 MHz:   0% 1800 MHz:   0% 2088 MHz:   0% 2352 MHz:   0% 2616 MHz:   0% 2868 MHz:   0% 3096 MHz:   0% 3300 MHz:   0% 3468 MHz: .00% 3624 MHz:   0% 3756 MHz:   0% 3828 MHz:   0% 3888 MHz:   0% 3948 MHz:   0% 3996 MHz:   0% 4044 MHz:   0% 4104 MHz:   0% 4416 MHz:   0% 4512 MHz:  64%)
CPU 9 idle residency:  35.52%
CPU 9 down residency:   0.00%

P1-Cluster HW active frequency: 2433 MHz
P1-Cluster HW active residency:  27.82% (1260 MHz:  16% 1512 MHz: .12% 1800 MHz: .57% 2088 MHz: .61% 2352 MHz: .15% 2616 MHz: .27% 2868 MHz:   0% 3096 MHz: .05% 3300 MHz:   0% 3468 MHz: .04% 3624 MHz: .00% 3756 MHz:   0% 3828 MHz:   0% 3888 MHz: .88% 3948 MHz: 2.2% 3996 MHz: .46% 4044 MHz: 1.5% 4104 MHz:   0% 4416 MHz: 1.1% 4512 MHz: 4.2%)
P1-Cluster idle residency:  22.49%
P1-Cluster down residency:  49.69%
CPU 10 frequency: 4471 MHz
CPU 10 active residency:  35.12% (1260 MHz: .44% 1512 MHz:   0% 1800 MHz:   0% 2088 MHz: .00% 2352 MHz: .01% 2616 MHz:   0% 2868 MHz:   0% 3096 MHz:   0% 3300 MHz:   0% 3468 MHz:   0% 3624 MHz:   0% 3756 MHz:   0% 3828 MHz:   0% 3888 MHz:   0% 3948 MHz:   0% 3996 MHz:   0% 4044 MHz:   0% 4104 MHz:   0% 4416 MHz: .01% 4512 MHz:  35%)
CPU 10 idle residency:  31.63%
CPU 10 down residency:  33.25%
CPU 11 frequency: 4446 MHz
CPU 11 active residency:  33.47% (1260 MHz: .52% 1512 MHz:   0% 1800 MHz:   0% 2088 MHz: .22% 2352 MHz:   0% 2616 MHz:   0% 2868 MHz:   0% 3096 MHz:   0% 3300 MHz:   0% 3468 MHz:   0% 3624 MHz: .00% 3756 MHz:   0% 3828 MHz:   0% 3888 MHz:   0% 3948 MHz:   0% 3996 MHz:   0% 4044 MHz:   0% 4104 MHz:   0% 4416 MHz: .01% 4512 MHz:  33%)
CPU 11 idle residency:  30.67%
CPU 11 down residency:  35.86%
CPU 12 frequency: 4469 MHz
CPU 12 active residency:  33.23% (1260 MHz: .44% 1512 MHz:   0% 1800 MHz:   0% 2088 MHz: .00% 2352 MHz:   0% 2616 MHz:   0% 2868 MHz:   0% 3096 MHz:   0% 3300 MHz:   0% 3468 MHz:   0% 3624 MHz:   0% 3756 MHz:   0% 3828 MHz:   0% 3888 MHz:   0% 3948 MHz:   0% 3996 MHz:   0% 4044 MHz:   0% 4104 MHz:   0% 4416 MHz: .01% 4512 MHz:  33%)
CPU 12 idle residency:  32.86%
CPU 12 down residency:  33.91%
CPU 13 frequency: 4464 MHz
CPU 13 active residency:  30.52% (1260 MHz: .46% 1512 MHz:   0% 1800 MHz:   0% 2088 MHz: .00% 2352 MHz:   0% 2616 MHz:   0% 2868 MHz:   0% 3096 MHz:   0% 3300 MHz:   0% 3468 MHz:   0% 3624 MHz:   0% 3756 MHz:   0% 3828 MHz:   0% 3888 MHz:   0% 3948 MHz:   0% 3996 MHz:   0% 4044 MHz:   0% 4104 MHz:   0% 4416 MHz: .01% 4512 MHz:  30%)
CPU 13 idle residency:  34.39%
CPU 13 down residency:  35.09%
CPU 14 frequency: 4461 MHz
CPU 14 active residency:  31.98% (1260 MHz: .48% 1512 MHz:   0% 1800 MHz:   0% 2088 MHz: .03% 2352 MHz:   0% 2616 MHz:   0% 2868 MHz:   0% 3096 MHz:   0% 3300 MHz:   0% 3468 MHz:   0% 3624 MHz: .00% 3756 MHz:   0% 3828 MHz:   0% 3888 MHz:   0% 3948 MHz:   0% 3996 MHz:   0% 4044 MHz:   0% 4104 MHz:   0% 4416 MHz: .01% 4512 MHz:  31%)
CPU 14 idle residency:  32.00%
CPU 14 down residency:  36.02%
CPU 15 frequency: 4463 MHz
CPU 15 active residency:  34.65% (1260 MHz: .51% 1512 MHz:   0% 1800 MHz:   0% 2088 MHz: .01% 2352 MHz:   0% 2616 MHz:   0% 2868 MHz:   0% 3096 MHz:   0% 3300 MHz:   0% 3468 MHz:   0% 3624 MHz: .01% 3756 MHz:   0% 3828 MHz:   0% 3888 MHz:   0% 3948 MHz:   0% 3996 MHz:   0% 4044 MHz:   0% 4104 MHz:   0% 4416 MHz: .01% 4512 MHz:  34%)
CPU 15 idle residency:  30.40%
CPU 15 down residency:  34.95%

CPU Power: 7686 mW
GPU Power: 26115 mW
ANE Power: 0 mW
Combined Power (CPU + GPU + ANE): 33801 mW

**** GPU usage ****

GPU HW active frequency: 1578 MHz
GPU HW active residency:  99.98% (338 MHz: .01% 618 MHz:   0% 796 MHz:   0% 924 MHz:   0% 952 MHz:   0% 1056 MHz:   0% 1062 MHz:   0% 1182 MHz:   0% 1182 MHz:   0% 1312 MHz:   0% 1242 MHz:   0% 1380 MHz:   0% 1326 MHz:   0% 1470 MHz:   0% 1578 MHz: 100%)
GPU SW requested state: (P1 :   0% P2 :   0% P3 :   0% P4 :   0% P5 :   0% P6 :   0% P7 :   0% P8 :   0% P9 :   0% P10 : 100% P11 :   0% P12 :   0% P13 :   0% P14 :   0% P15 :   0%)
GPU SW state: (SW_P1 : .01% SW_P2 :   0% SW_P3 :   0% SW_P4 :   0% SW_P5 :   0% SW_P6 :   0% SW_P7 :   0% SW_P8 :   0% SW_P9 :   0% SW_P10 : 100% SW_P11 :   0% SW_P12 :   0% SW_P13 :   0% SW_P14 :   0% SW_P15 :   0%)
GPU idle residency:   0.02%
GPU Power: 26118 mW



*** Sampled system activity (Tue Jan 20 11:33:51 2026 +0100) (1020.36ms elapsed) ***


**** Processor usage ****

E-Cluster Online: 100%
E-Cluster HW active frequency: 2487 MHz
E-Cluster HW active residency:  82.38% (1020 MHz: 3.8% 1404 MHz: .81% 1788 MHz: 1.1% 2112 MHz: .69% 2352 MHz: 1.1% 2532 MHz: 3.5% 2592 MHz:  71%)
E-Cluster idle residency:  17.62%
E-Cluster down residency:   0.00%
CPU 0 frequency: 2463 MHz
CPU 0 active residency:  51.63% (1020 MHz: 3.0% 1404 MHz: .63% 1788 MHz: .85% 2112 MHz: .42% 2352 MHz: .77% 2532 MHz: 2.5% 2592 MHz:  43%)
CPU 0 idle residency:  48.37%
CPU 0 down residency:   0.00%
CPU 1 frequency: 2465 MHz
CPU 1 active residency:  38.19% (1020 MHz: 2.0% 1404 MHz: .49% 1788 MHz: .80% 2112 MHz: .32% 2352 MHz: .61% 2532 MHz: 2.0% 2592 MHz:  32%)
CPU 1 idle residency:  61.81%
CPU 1 down residency:   0.00%
CPU 2 frequency: 2461 MHz
CPU 2 active residency:  26.36% (1020 MHz: 1.3% 1404 MHz: .59% 1788 MHz: .57% 2112 MHz: .28% 2352 MHz: .40% 2532 MHz: 1.5% 2592 MHz:  22%)
CPU 2 idle residency:  73.64%
CPU 2 down residency:   0.00%
CPU 3 frequency: 2466 MHz
CPU 3 active residency:  18.70% (1020 MHz: .86% 1404 MHz: .33% 1788 MHz: .46% 2112 MHz: .18% 2352 MHz: .34% 2532 MHz: 1.4% 2592 MHz:  15%)
CPU 3 idle residency:  81.30%
CPU 3 down residency:   0.00%

P0-Cluster Online: 100%
P0-Cluster HW active frequency: 3995 MHz
P0-Cluster HW active residency:  99.57% (1260 MHz:   0% 1512 MHz:   0% 1800 MHz:   0% 2088 MHz:   0% 2352 MHz:   0% 2616 MHz:   0% 2868 MHz:   0% 3096 MHz:   0% 3300 MHz:   0% 3468 MHz:   0% 3624 MHz:   0% 3756 MHz:   0% 3828 MHz:   0% 3888 MHz:  14% 3948 MHz:  67% 3996 MHz: 5.3% 4044 MHz: 4.1% 4104 MHz:   0% 4416 MHz: 5.3% 4512 MHz: 4.2%)
P0-Cluster idle residency:   0.43%
P0-Cluster down residency:   0.00%
CPU 4 frequency: 4512 MHz
CPU 4 active residency:  34.73% (1260 MHz:   0% 1512 MHz:   0% 1800 MHz:   0% 2088 MHz:   0% 2352 MHz:   0% 2616 MHz:   0% 2868 MHz:   0% 3096 MHz:   0% 3300 MHz:   0% 3468 MHz:   0% 3624 MHz:   0% 3756 MHz:   0% 3828 MHz:   0% 3888 MHz:   0% 3948 MHz:   0% 3996 MHz:   0% 4044 MHz:   0% 4104 MHz:   0% 4416 MHz:   0% 4512 MHz:  35%)
CPU 4 idle residency:  65.27%
CPU 4 down residency:   0.00%
CPU 5 frequency: 4512 MHz
CPU 5 active residency:  59.92% (1260 MHz:   0% 1512 MHz:   0% 1800 MHz:   0% 2088 MHz:   0% 2352 MHz:   0% 2616 MHz:   0% 2868 MHz:   0% 3096 MHz:   0% 3300 MHz:   0% 3468 MHz:   0% 3624 MHz:   0% 3756 MHz:   0% 3828 MHz:   0% 3888 MHz:   0% 3948 MHz:   0% 3996 MHz:   0% 4044 MHz:   0% 4104 MHz:   0% 4416 MHz:   0% 4512 MHz:  60%)
CPU 5 idle residency:  40.08%
CPU 5 down residency:   0.00%
CPU 6 frequency: 4512 MHz
CPU 6 active residency:  57.04% (1260 MHz:   0% 1512 MHz:   0% 1800 MHz:   0% 2088 MHz:   0% 2352 MHz:   0% 2616 MHz:   0% 2868 MHz:   0% 3096 MHz:   0% 3300 MHz:   0% 3468 MHz:   0% 3624 MHz:   0% 3756 MHz:   0% 3828 MHz:   0% 3888 MHz:   0% 3948 MHz:   0% 3996 MHz:   0% 4044 MHz:   0% 4104 MHz:   0% 4416 MHz:   0% 4512 MHz:  57%)
CPU 6 idle residency:  42.96%
CPU 6 down residency:   0.00%
CPU 7 frequency: 4512 MHz
CPU 7 active residency:  52.43% (1260 MHz:   0% 1512 MHz:   0% 1800 MHz:   0% 2088 MHz:   0% 2352 MHz:   0% 2616 MHz:   0% 2868 MHz:   0% 3096 MHz:   0% 3300 MHz:   0% 3468 MHz:   0% 3624 MHz:   0% 3756 MHz:   0% 3828 MHz:   0% 3888 MHz:   0% 3948 MHz:   0% 3996 MHz:   0% 4044 MHz:   0% 4104 MHz:   0% 4416 MHz:   0% 4512 MHz:  52%)
CPU 7 idle residency:  47.57%
CPU 7 down residency:   0.00%
CPU 8 frequency: 4512 MHz
CPU 8 active residency:  56.31% (1260 MHz:   0% 1512 MHz:   0% 1800 MHz:   0% 2088 MHz:   0% 2352 MHz:   0% 2616 MHz:   0% 2868 MHz:   0% 3096 MHz:   0% 3300 MHz:   0% 3468 MHz:   0% 3624 MHz:   0% 3756 MHz:   0% 3828 MHz:   0% 3888 MHz:   0% 3948 MHz:   0% 3996 MHz:   0% 4044 MHz:   0% 4104 MHz:   0% 4416 MHz:   0% 4512 MHz:  56%)
CPU 8 idle residency:  43.69%
CPU 8 down residency:   0.00%
CPU 9 frequency: 4512 MHz
CPU 9 active residency:  55.45% (1260 MHz:   0% 1512 MHz:   0% 1800 MHz:   0% 2088 MHz:   0% 2352 MHz:   0% 2616 MHz:   0% 2868 MHz:   0% 3096 MHz:   0% 3300 MHz:   0% 3468 MHz:   0% 3624 MHz:   0% 3756 MHz:   0% 3828 MHz:   0% 3888 MHz:   0% 3948 MHz:   0% 3996 MHz:   0% 4044 MHz:   0% 4104 MHz:   0% 4416 MHz:   0% 4512 MHz:  55%)
CPU 9 idle residency:  44.55%
CPU 9 down residency:   0.00%

P1-Cluster HW active frequency: 1532 MHz
P1-Cluster HW active residency:   2.04% (1260 MHz: 1.7% 1512 MHz: .15% 1800 MHz: .01% 2088 MHz:   0% 2352 MHz:   0% 2616 MHz:   0% 2868 MHz:   0% 3096 MHz:   0% 3300 MHz:   0% 3468 MHz:   0% 3624 MHz:   0% 3756 MHz:   0% 3828 MHz:   0% 3888 MHz:   0% 3948 MHz: .00% 3996 MHz:   0% 4044 MHz:   0% 4104 MHz:   0% 4416 MHz: .01% 4512 MHz: .15%)
P1-Cluster idle residency:   3.93%
P1-Cluster down residency:  94.03%
CPU 10 frequency: 0 MHz
CPU 10 active residency:   0.00% (1260 MHz:   0% 1512 MHz:   0% 1800 MHz:   0% 2088 MHz:   0% 2352 MHz:   0% 2616 MHz:   0% 2868 MHz:   0% 3096 MHz:   0% 3300 MHz:   0% 3468 MHz:   0% 3624 MHz:   0% 3756 MHz:   0% 3828 MHz:   0% 3888 MHz:   0% 3948 MHz:   0% 3996 MHz:   0% 4044 MHz:   0% 4104 MHz:   0% 4416 MHz:   0% 4512 MHz:   0%)
CPU 10 idle residency:   5.67%
CPU 10 down residency:  94.33%
CPU 11 frequency: 0 MHz
CPU 11 active residency:   0.00% (1260 MHz:   0% 1512 MHz:   0% 1800 MHz:   0% 2088 MHz:   0% 2352 MHz:   0% 2616 MHz:   0% 2868 MHz:   0% 3096 MHz:   0% 3300 MHz:   0% 3468 MHz:   0% 3624 MHz:   0% 3756 MHz:   0% 3828 MHz:   0% 3888 MHz:   0% 3948 MHz:   0% 3996 MHz:   0% 4044 MHz:   0% 4104 MHz:   0% 4416 MHz:   0% 4512 MHz:   0%)
CPU 11 idle residency:   5.68%
CPU 11 down residency:  94.32%
CPU 12 frequency: 0 MHz
CPU 12 active residency:   0.00% (1260 MHz:   0% 1512 MHz:   0% 1800 MHz:   0% 2088 MHz:   0% 2352 MHz:   0% 2616 MHz:   0% 2868 MHz:   0% 3096 MHz:   0% 3300 MHz:   0% 3468 MHz:   0% 3624 MHz:   0% 3756 MHz:   0% 3828 MHz:   0% 3888 MHz:   0% 3948 MHz:   0% 3996 MHz:   0% 4044 MHz:   0% 4104 MHz:   0% 4416 MHz:   0% 4512 MHz:   0%)
CPU 12 idle residency:   5.68%
CPU 12 down residency:  94.32%
CPU 13 frequency: 0 MHz
CPU 13 active residency:   0.00% (1260 MHz:   0% 1512 MHz:   0% 1800 MHz:   0% 2088 MHz:   0% 2352 MHz:   0% 2616 MHz:   0% 2868 MHz:   0% 3096 MHz:   0% 3300 MHz:   0% 3468 MHz:   0% 3624 MHz:   0% 3756 MHz:   0% 3828 MHz:   0% 3888 MHz:   0% 3948 MHz:   0% 3996 MHz:   0% 4044 MHz:   0% 4104 MHz:   0% 4416 MHz:   0% 4512 MHz:   0%)
CPU 13 idle residency:   5.67%
CPU 13 down residency:  94.33%
CPU 14 frequency: 0 MHz
CPU 14 active residency:   0.00% (1260 MHz:   0% 1512 MHz:   0% 1800 MHz:   0% 2088 MHz:   0% 2352 MHz:   0% 2616 MHz:   0% 2868 MHz:   0% 3096 MHz:   0% 3300 MHz:   0% 3468 MHz:   0% 3624 MHz:   0% 3756 MHz:   0% 3828 MHz:   0% 3888 MHz:   0% 3948 MHz:   0% 3996 MHz:   0% 4044 MHz:   0% 4104 MHz:   0% 4416 MHz:   0% 4512 MHz:   0%)
CPU 14 idle residency:   5.63%
CPU 14 down residency:  94.37%
CPU 15 frequency: 0 MHz
CPU 15 active residency:   0.00% (1260 MHz:   0% 1512 MHz:   0% 1800 MHz:   0% 2088 MHz:   0% 2352 MHz:   0% 2616 MHz:   0% 2868 MHz:   0% 3096 MHz:   0% 3300 MHz:   0% 3468 MHz:   0% 3624 MHz:   0% 3756 MHz:   0% 3828 MHz:   0% 3888 MHz:   0% 3948 MHz:   0% 3996 MHz:   0% 4044 MHz:   0% 4104 MHz:   0% 4416 MHz:   0% 4512 MHz:   0%)
CPU 15 idle residency:   5.67%
CPU 15 down residency:  94.33%

CPU Power: 5377 mW
GPU Power: 26806 mW
ANE Power: 0 mW
Combined Power (CPU + GPU + ANE): 32183 mW

**** GPU usage ****

GPU HW active frequency: 1578 MHz
GPU HW active residency: 100.00% (338 MHz:   0% 618 MHz:   0% 796 MHz:   0% 924 MHz:   0% 952 MHz:   0% 1056 MHz:   0% 1062 MHz:   0% 1182 MHz:   0% 1182 MHz:   0% 1312 MHz:   0% 1242 MHz:   0% 1380 MHz:   0% 1326 MHz:   0% 1470 MHz:   0% 1578 MHz: 100%)
GPU SW requested state: (P1 :   0% P2 :   0% P3 :   0% P4 :   0% P5 :   0% P6 :   0% P7 :   0% P8 :   0% P9 :   0% P10 : 100% P11 :   0% P12 :   0% P13 :   0% P14 :   0% P15 :   0%)
GPU SW state: (SW_P1 :   0% SW_P2 :   0% SW_P3 :   0% SW_P4 :   0% SW_P5 :   0% SW_P6 :   0% SW_P7 :   0% SW_P8 :   0% SW_P9 :   0% SW_P10 : 100% SW_P11 :   0% SW_P12 :   0% SW_P13 :   0% SW_P14 :   0% SW_P15 :   0%)
GPU idle residency:   0.00%
GPU Power: 26813 mW



*** Sampled system activity (Tue Jan 20 11:33:52 2026 +0100) (1020.82ms elapsed) ***


**** Processor usage ****

E-Cluster Online: 100%
E-Cluster HW active frequency: 2592 MHz
E-Cluster HW active residency:  82.14% (1020 MHz:   0% 1404 MHz:   0% 1788 MHz:   0% 2112 MHz:   0% 2352 MHz:   0% 2532 MHz: .01% 2592 MHz:  82%)
E-Cluster idle residency:  17.86%
E-Cluster down residency:   0.00%
CPU 0 frequency: 2592 MHz
CPU 0 active residency:  50.85% (1020 MHz:   0% 1404 MHz:   0% 1788 MHz:   0% 2112 MHz:   0% 2352 MHz:   0% 2532 MHz:   0% 2592 MHz:  51%)
CPU 0 idle residency:  49.15%
CPU 0 down residency:   0.00%
CPU 1 frequency: 2592 MHz
CPU 1 active residency:  36.84% (1020 MHz:   0% 1404 MHz:   0% 1788 MHz:   0% 2112 MHz:   0% 2352 MHz:   0% 2532 MHz:   0% 2592 MHz:  37%)
CPU 1 idle residency:  63.16%
CPU 1 down residency:   0.00%
CPU 2 frequency: 2592 MHz
CPU 2 active residency:  23.58% (1020 MHz:   0% 1404 MHz:   0% 1788 MHz:   0% 2112 MHz:   0% 2352 MHz:   0% 2532 MHz:   0% 2592 MHz:  24%)
CPU 2 idle residency:  76.42%
CPU 2 down residency:   0.00%
CPU 3 frequency: 2592 MHz
CPU 3 active residency:  12.49% (1020 MHz:   0% 1404 MHz:   0% 1788 MHz:   0% 2112 MHz:   0% 2352 MHz:   0% 2532 MHz:   0% 2592 MHz:  12%)
CPU 3 idle residency:  87.51%
CPU 3 down residency:   0.00%

P0-Cluster Online: 100%
P0-Cluster HW active frequency: 4003 MHz
P0-Cluster HW active residency:  99.20% (1260 MHz:   0% 1512 MHz:   0% 1800 MHz:   0% 2088 MHz:   0% 2352 MHz:   0% 2616 MHz:   0% 2868 MHz:   0% 3096 MHz: .02% 3300 MHz:   0% 3468 MHz:   0% 3624 MHz:   0% 3756 MHz:   0% 3828 MHz:   0% 3888 MHz:  12% 3948 MHz:  66% 3996 MHz: 5.5% 4044 MHz: 4.7% 4104 MHz:   0% 4416 MHz: 4.7% 4512 MHz: 5.8%)
P0-Cluster idle residency:   0.80%
P0-Cluster down residency:   0.00%
CPU 4 frequency: 4512 MHz
CPU 4 active residency:  53.28% (1260 MHz:   0% 1512 MHz:   0% 1800 MHz:   0% 2088 MHz:   0% 2352 MHz:   0% 2616 MHz:   0% 2868 MHz:   0% 3096 MHz:   0% 3300 MHz:   0% 3468 MHz:   0% 3624 MHz:   0% 3756 MHz:   0% 3828 MHz:   0% 3888 MHz:   0% 3948 MHz:   0% 3996 MHz:   0% 4044 MHz:   0% 4104 MHz:   0% 4416 MHz:   0% 4512 MHz:  53%)
CPU 4 idle residency:  46.72%
CPU 4 down residency:   0.00%
CPU 5 frequency: 4512 MHz
CPU 5 active residency:  50.03% (1260 MHz:   0% 1512 MHz:   0% 1800 MHz:   0% 2088 MHz:   0% 2352 MHz:   0% 2616 MHz:   0% 2868 MHz:   0% 3096 MHz: .02% 3300 MHz:   0% 3468 MHz:   0% 3624 MHz:   0% 3756 MHz:   0% 3828 MHz:   0% 3888 MHz:   0% 3948 MHz:   0% 3996 MHz:   0% 4044 MHz:   0% 4104 MHz:   0% 4416 MHz:   0% 4512 MHz:  50%)
CPU 5 idle residency:  49.97%
CPU 5 down residency:   0.00%
CPU 6 frequency: 4512 MHz
CPU 6 active residency:  51.53% (1260 MHz:   0% 1512 MHz:   0% 1800 MHz:   0% 2088 MHz:   0% 2352 MHz:   0% 2616 MHz:   0% 2868 MHz:   0% 3096 MHz: .02% 3300 MHz:   0% 3468 MHz:   0% 3624 MHz:   0% 3756 MHz:   0% 3828 MHz:   0% 3888 MHz:   0% 3948 MHz:   0% 3996 MHz:   0% 4044 MHz:   0% 4104 MHz:   0% 4416 MHz:   0% 4512 MHz:  52%)
CPU 6 idle residency:  48.47%
CPU 6 down residency:   0.00%
CPU 7 frequency: 4512 MHz
CPU 7 active residency:  50.29% (1260 MHz:   0% 1512 MHz:   0% 1800 MHz:   0% 2088 MHz:   0% 2352 MHz:   0% 2616 MHz:   0% 2868 MHz:   0% 3096 MHz:   0% 3300 MHz:   0% 3468 MHz:   0% 3624 MHz:   0% 3756 MHz:   0% 3828 MHz:   0% 3888 MHz:   0% 3948 MHz:   0% 3996 MHz:   0% 4044 MHz:   0% 4104 MHz:   0% 4416 MHz:   0% 4512 MHz:  50%)
CPU 7 idle residency:  49.71%
CPU 7 down residency:   0.00%
CPU 8 frequency: 4512 MHz
CPU 8 active residency:  48.85% (1260 MHz:   0% 1512 MHz:   0% 1800 MHz:   0% 2088 MHz:   0% 2352 MHz:   0% 2616 MHz:   0% 2868 MHz:   0% 3096 MHz: .02% 3300 MHz:   0% 3468 MHz:   0% 3624 MHz:   0% 3756 MHz:   0% 3828 MHz:   0% 3888 MHz:   0% 3948 MHz:   0% 3996 MHz:   0% 4044 MHz:   0% 4104 MHz:   0% 4416 MHz:   0% 4512 MHz:  49%)
CPU 8 idle residency:  51.15%
CPU 8 down residency:   0.00%
CPU 9 frequency: 4512 MHz
CPU 9 active residency:  52.93% (1260 MHz:   0% 1512 MHz:   0% 1800 MHz:   0% 2088 MHz:   0% 2352 MHz:   0% 2616 MHz:   0% 2868 MHz:   0% 3096 MHz: .00% 3300 MHz:   0% 3468 MHz:   0% 3624 MHz:   0% 3756 MHz:   0% 3828 MHz:   0% 3888 MHz:   0% 3948 MHz:   0% 3996 MHz:   0% 4044 MHz:   0% 4104 MHz:   0% 4416 MHz:   0% 4512 MHz:  53%)
CPU 9 idle residency:  47.07%
CPU 9 down residency:   0.00%

P1-Cluster HW active frequency: 1996 MHz
P1-Cluster HW active residency:   9.19% (1260 MHz: 6.7% 1512 MHz: .04% 1800 MHz:   0% 2088 MHz:   0% 2352 MHz: .03% 2616 MHz: .01% 2868 MHz: .03% 3096 MHz: .05% 3300 MHz:   0% 3468 MHz:   0% 3624 MHz:   0% 3756 MHz:   0% 3828 MHz: .05% 3888 MHz: .96% 3948 MHz: .35% 3996 MHz: .00% 4044 MHz: .25% 4104 MHz:   0% 4416 MHz: .07% 4512 MHz: .63%)
P1-Cluster idle residency:  13.94%
P1-Cluster down residency:  76.87%
CPU 10 frequency: 0 MHz
CPU 10 active residency:   0.00% (1260 MHz:   0% 1512 MHz:   0% 1800 MHz:   0% 2088 MHz:   0% 2352 MHz:   0% 2616 MHz:   0% 2868 MHz:   0% 3096 MHz:   0% 3300 MHz:   0% 3468 MHz:   0% 3624 MHz:   0% 3756 MHz:   0% 3828 MHz:   0% 3888 MHz:   0% 3948 MHz:   0% 3996 MHz:   0% 4044 MHz:   0% 4104 MHz:   0% 4416 MHz:   0% 4512 MHz:   0%)
CPU 10 idle residency:  21.97%
CPU 10 down residency:  78.03%
CPU 11 frequency: 0 MHz
CPU 11 active residency:   0.00% (1260 MHz:   0% 1512 MHz:   0% 1800 MHz:   0% 2088 MHz:   0% 2352 MHz:   0% 2616 MHz:   0% 2868 MHz:   0% 3096 MHz:   0% 3300 MHz:   0% 3468 MHz:   0% 3624 MHz:   0% 3756 MHz:   0% 3828 MHz:   0% 3888 MHz:   0% 3948 MHz:   0% 3996 MHz:   0% 4044 MHz:   0% 4104 MHz:   0% 4416 MHz:   0% 4512 MHz:   0%)
CPU 11 idle residency:  21.61%
CPU 11 down residency:  78.39%
CPU 12 frequency: 0 MHz
CPU 12 active residency:   0.00% (1260 MHz:   0% 1512 MHz:   0% 1800 MHz:   0% 2088 MHz:   0% 2352 MHz:   0% 2616 MHz:   0% 2868 MHz:   0% 3096 MHz:   0% 3300 MHz:   0% 3468 MHz:   0% 3624 MHz:   0% 3756 MHz:   0% 3828 MHz:   0% 3888 MHz:   0% 3948 MHz:   0% 3996 MHz:   0% 4044 MHz:   0% 4104 MHz:   0% 4416 MHz:   0% 4512 MHz:   0%)
CPU 12 idle residency:  22.23%
CPU 12 down residency:  77.77%
CPU 13 frequency: 0 MHz
CPU 13 active residency:   0.00% (1260 MHz:   0% 1512 MHz:   0% 1800 MHz:   0% 2088 MHz:   0% 2352 MHz:   0% 2616 MHz:   0% 2868 MHz:   0% 3096 MHz:   0% 3300 MHz:   0% 3468 MHz:   0% 3624 MHz:   0% 3756 MHz:   0% 3828 MHz:   0% 3888 MHz:   0% 3948 MHz:   0% 3996 MHz:   0% 4044 MHz:   0% 4104 MHz:   0% 4416 MHz:   0% 4512 MHz:   0%)
CPU 13 idle residency:  22.15%
CPU 13 down residency:  77.85%
CPU 14 frequency: 0 MHz
CPU 14 active residency:   0.00% (1260 MHz:   0% 1512 MHz:   0% 1800 MHz:   0% 2088 MHz:   0% 2352 MHz:   0% 2616 MHz:   0% 2868 MHz:   0% 3096 MHz:   0% 3300 MHz:   0% 3468 MHz:   0% 3624 MHz:   0% 3756 MHz:   0% 3828 MHz:   0% 3888 MHz:   0% 3948 MHz:   0% 3996 MHz:   0% 4044 MHz:   0% 4104 MHz:   0% 4416 MHz:   0% 4512 MHz:   0%)
CPU 14 idle residency:  21.55%
CPU 14 down residency:  78.45%
CPU 15 frequency: 0 MHz
CPU 15 active residency:   0.00% (1260 MHz:   0% 1512 MHz:   0% 1800 MHz:   0% 2088 MHz:   0% 2352 MHz:   0% 2616 MHz:   0% 2868 MHz:   0% 3096 MHz:   0% 3300 MHz:   0% 3468 MHz:   0% 3624 MHz:   0% 3756 MHz:   0% 3828 MHz:   0% 3888 MHz:   0% 3948 MHz:   0% 3996 MHz:   0% 4044 MHz:   0% 4104 MHz:   0% 4416 MHz:   0% 4512 MHz:   0%)
CPU 15 idle residency:  21.70%
CPU 15 down residency:  78.30%

CPU Power: 5605 mW
GPU Power: 26938 mW
ANE Power: 0 mW
Combined Power (CPU + GPU + ANE): 32543 mW

**** GPU usage ****

GPU HW active frequency: 1578 MHz
GPU HW active residency: 100.00% (338 MHz:   0% 618 MHz:   0% 796 MHz:   0% 924 MHz:   0% 952 MHz:   0% 1056 MHz:   0% 1062 MHz:   0% 1182 MHz:   0% 1182 MHz:   0% 1312 MHz:   0% 1242 MHz:   0% 1380 MHz:   0% 1326 MHz:   0% 1470 MHz:   0% 1578 MHz: 100%)
GPU SW requested state: (P1 :   0% P2 :   0% P3 :   0% P4 :   0% P5 :   0% P6 :   0% P7 :   0% P8 :   0% P9 :   0% P10 : 100% P11 :   0% P12 :   0% P13 :   0% P14 :   0% P15 :   0%)
GPU SW state: (SW_P1 :   0% SW_P2 :   0% SW_P3 :   0% SW_P4 :   0% SW_P5 :   0% SW_P6 :   0% SW_P7 :   0% SW_P8 :   0% SW_P9 :   0% SW_P10 : 100% SW_P11 :   0% SW_P12 :   0% SW_P13 :   0% SW_P14 :   0% SW_P15 :   0%)
GPU idle residency:   0.00%
GPU Power: 26937 mW



*** Sampled system activity (Tue Jan 20 11:33:53 2026 +0100) (1020.71ms elapsed) ***


**** Processor usage ****

E-Cluster Online: 100%
E-Cluster HW active frequency: 2592 MHz
E-Cluster HW active residency:  82.77% (1020 MHz:   0% 1404 MHz:   0% 1788 MHz:   0% 2112 MHz:   0% 2352 MHz:   0% 2532 MHz: .01% 2592 MHz:  83%)
E-Cluster idle residency:  17.23%
E-Cluster down residency:   0.00%
CPU 0 frequency: 2592 MHz
CPU 0 active residency:  50.05% (1020 MHz:   0% 1404 MHz:   0% 1788 MHz:   0% 2112 MHz:   0% 2352 MHz:   0% 2532 MHz:   0% 2592 MHz:  50%)
CPU 0 idle residency:  49.95%
CPU 0 down residency:   0.00%
CPU 1 frequency: 2592 MHz
CPU 1 active residency:  37.10% (1020 MHz:   0% 1404 MHz:   0% 1788 MHz:   0% 2112 MHz:   0% 2352 MHz:   0% 2532 MHz:   0% 2592 MHz:  37%)
CPU 1 idle residency:  62.90%
CPU 1 down residency:   0.00%
CPU 2 frequency: 2592 MHz
CPU 2 active residency:  23.30% (1020 MHz:   0% 1404 MHz:   0% 1788 MHz:   0% 2112 MHz:   0% 2352 MHz:   0% 2532 MHz:   0% 2592 MHz:  23%)
CPU 2 idle residency:  76.70%
CPU 2 down residency:   0.00%
CPU 3 frequency: 2592 MHz
CPU 3 active residency:  14.22% (1020 MHz:   0% 1404 MHz:   0% 1788 MHz:   0% 2112 MHz:   0% 2352 MHz:   0% 2532 MHz:   0% 2592 MHz:  14%)
CPU 3 idle residency:  85.78%
CPU 3 down residency:   0.00%

P0-Cluster Online: 100%
P0-Cluster HW active frequency: 4007 MHz
P0-Cluster HW active residency:  99.08% (1260 MHz:   0% 1512 MHz:   0% 1800 MHz:   0% 2088 MHz:   0% 2352 MHz:   0% 2616 MHz:   0% 2868 MHz:   0% 3096 MHz:   0% 3300 MHz:   0% 3468 MHz:   0% 3624 MHz:   0% 3756 MHz:   0% 3828 MHz:   0% 3888 MHz: 8.4% 3948 MHz:  69% 3996 MHz: 6.2% 4044 MHz: 5.5% 4104 MHz:   0% 4416 MHz: 4.7% 4512 MHz: 5.9%)
P0-Cluster idle residency:   0.92%
P0-Cluster down residency:   0.00%
CPU 4 frequency: 4512 MHz
CPU 4 active residency:  52.65% (1260 MHz:   0% 1512 MHz:   0% 1800 MHz:   0% 2088 MHz:   0% 2352 MHz:   0% 2616 MHz:   0% 2868 MHz:   0% 3096 MHz:   0% 3300 MHz:   0% 3468 MHz:   0% 3624 MHz:   0% 3756 MHz:   0% 3828 MHz:   0% 3888 MHz:   0% 3948 MHz:   0% 3996 MHz:   0% 4044 MHz:   0% 4104 MHz:   0% 4416 MHz:   0% 4512 MHz:  53%)
CPU 4 idle residency:  47.35%
CPU 4 down residency:   0.00%
CPU 5 frequency: 4512 MHz
CPU 5 active residency:  46.43% (1260 MHz:   0% 1512 MHz:   0% 1800 MHz:   0% 2088 MHz:   0% 2352 MHz:   0% 2616 MHz:   0% 2868 MHz:   0% 3096 MHz:   0% 3300 MHz:   0% 3468 MHz:   0% 3624 MHz:   0% 3756 MHz:   0% 3828 MHz:   0% 3888 MHz:   0% 3948 MHz:   0% 3996 MHz:   0% 4044 MHz:   0% 4104 MHz:   0% 4416 MHz:   0% 4512 MHz:  46%)
CPU 5 idle residency:  53.57%
CPU 5 down residency:   0.00%
CPU 6 frequency: 4512 MHz
CPU 6 active residency:  47.65% (1260 MHz:   0% 1512 MHz:   0% 1800 MHz:   0% 2088 MHz:   0% 2352 MHz:   0% 2616 MHz:   0% 2868 MHz:   0% 3096 MHz:   0% 3300 MHz:   0% 3468 MHz:   0% 3624 MHz:   0% 3756 MHz:   0% 3828 MHz:   0% 3888 MHz:   0% 3948 MHz:   0% 3996 MHz:   0% 4044 MHz:   0% 4104 MHz:   0% 4416 MHz:   0% 4512 MHz:  48%)
CPU 6 idle residency:  52.35%
CPU 6 down residency:   0.00%
CPU 7 frequency: 4512 MHz
CPU 7 active residency:  48.95% (1260 MHz:   0% 1512 MHz:   0% 1800 MHz:   0% 2088 MHz:   0% 2352 MHz:   0% 2616 MHz:   0% 2868 MHz:   0% 3096 MHz:   0% 3300 MHz:   0% 3468 MHz:   0% 3624 MHz:   0% 3756 MHz:   0% 3828 MHz:   0% 3888 MHz:   0% 3948 MHz:   0% 3996 MHz:   0% 4044 MHz:   0% 4104 MHz:   0% 4416 MHz:   0% 4512 MHz:  49%)
CPU 7 idle residency:  51.05%
CPU 7 down residency:   0.00%
CPU 8 frequency: 4512 MHz
CPU 8 active residency:  49.39% (1260 MHz:   0% 1512 MHz:   0% 1800 MHz:   0% 2088 MHz:   0% 2352 MHz:   0% 2616 MHz:   0% 2868 MHz:   0% 3096 MHz:   0% 3300 MHz:   0% 3468 MHz:   0% 3624 MHz:   0% 3756 MHz:   0% 3828 MHz:   0% 3888 MHz:   0% 3948 MHz:   0% 3996 MHz:   0% 4044 MHz:   0% 4104 MHz:   0% 4416 MHz:   0% 4512 MHz:  49%)
CPU 8 idle residency:  50.61%
CPU 8 down residency:   0.00%
CPU 9 frequency: 4512 MHz
CPU 9 active residency:  44.92% (1260 MHz:   0% 1512 MHz:   0% 1800 MHz:   0% 2088 MHz:   0% 2352 MHz:   0% 2616 MHz:   0% 2868 MHz:   0% 3096 MHz:   0% 3300 MHz:   0% 3468 MHz:   0% 3624 MHz:   0% 3756 MHz:   0% 3828 MHz:   0% 3888 MHz:   0% 3948 MHz:   0% 3996 MHz:   0% 4044 MHz:   0% 4104 MHz:   0% 4416 MHz:   0% 4512 MHz:  45%)
CPU 9 idle residency:  55.08%
CPU 9 down residency:   0.00%

P1-Cluster HW active frequency: 2033 MHz
P1-Cluster HW active residency:   1.07% (1260 MHz: .81% 1512 MHz:   0% 1800 MHz:   0% 2088 MHz:   0% 2352 MHz:   0% 2616 MHz:   0% 2868 MHz:   0% 3096 MHz:   0% 3300 MHz:   0% 3468 MHz:   0% 3624 MHz:   0% 3756 MHz:   0% 3828 MHz:   0% 3888 MHz: .01% 3948 MHz: .00% 3996 MHz:   0% 4044 MHz: .03% 4104 MHz:   0% 4416 MHz: .01% 4512 MHz: .20%)
P1-Cluster idle residency:   1.90%
P1-Cluster down residency:  97.04%
CPU 10 frequency: 0 MHz
CPU 10 active residency:   0.00% (1260 MHz:   0% 1512 MHz:   0% 1800 MHz:   0% 2088 MHz:   0% 2352 MHz:   0% 2616 MHz:   0% 2868 MHz:   0% 3096 MHz:   0% 3300 MHz:   0% 3468 MHz:   0% 3624 MHz:   0% 3756 MHz:   0% 3828 MHz:   0% 3888 MHz:   0% 3948 MHz:   0% 3996 MHz:   0% 4044 MHz:   0% 4104 MHz:   0% 4416 MHz:   0% 4512 MHz:   0%)
CPU 10 idle residency:   2.80%
CPU 10 down residency:  97.20%
CPU 11 frequency: 0 MHz
CPU 11 active residency:   0.00% (1260 MHz:   0% 1512 MHz:   0% 1800 MHz:   0% 2088 MHz:   0% 2352 MHz:   0% 2616 MHz:   0% 2868 MHz:   0% 3096 MHz:   0% 3300 MHz:   0% 3468 MHz:   0% 3624 MHz:   0% 3756 MHz:   0% 3828 MHz:   0% 3888 MHz:   0% 3948 MHz:   0% 3996 MHz:   0% 4044 MHz:   0% 4104 MHz:   0% 4416 MHz:   0% 4512 MHz:   0%)
CPU 11 idle residency:   2.80%
CPU 11 down residency:  97.20%
CPU 12 frequency: 0 MHz
CPU 12 active residency:   0.00% (1260 MHz:   0% 1512 MHz:   0% 1800 MHz:   0% 2088 MHz:   0% 2352 MHz:   0% 2616 MHz:   0% 2868 MHz:   0% 3096 MHz:   0% 3300 MHz:   0% 3468 MHz:   0% 3624 MHz:   0% 3756 MHz:   0% 3828 MHz:   0% 3888 MHz:   0% 3948 MHz:   0% 3996 MHz:   0% 4044 MHz:   0% 4104 MHz:   0% 4416 MHz:   0% 4512 MHz:   0%)
CPU 12 idle residency:   2.80%
CPU 12 down residency:  97.20%
CPU 13 frequency: 0 MHz
CPU 13 active residency:   0.00% (1260 MHz:   0% 1512 MHz:   0% 1800 MHz:   0% 2088 MHz:   0% 2352 MHz:   0% 2616 MHz:   0% 2868 MHz:   0% 3096 MHz:   0% 3300 MHz:   0% 3468 MHz:   0% 3624 MHz:   0% 3756 MHz:   0% 3828 MHz:   0% 3888 MHz:   0% 3948 MHz:   0% 3996 MHz:   0% 4044 MHz:   0% 4104 MHz:   0% 4416 MHz:   0% 4512 MHz:   0%)
CPU 13 idle residency:   2.80%
CPU 13 down residency:  97.20%
CPU 14 frequency: 0 MHz
CPU 14 active residency:   0.00% (1260 MHz:   0% 1512 MHz:   0% 1800 MHz:   0% 2088 MHz:   0% 2352 MHz:   0% 2616 MHz:   0% 2868 MHz:   0% 3096 MHz:   0% 3300 MHz:   0% 3468 MHz:   0% 3624 MHz:   0% 3756 MHz:   0% 3828 MHz:   0% 3888 MHz:   0% 3948 MHz:   0% 3996 MHz:   0% 4044 MHz:   0% 4104 MHz:   0% 4416 MHz:   0% 4512 MHz:   0%)
CPU 14 idle residency:   2.79%
CPU 14 down residency:  97.21%
CPU 15 frequency: 0 MHz
CPU 15 active residency:   0.00% (1260 MHz:   0% 1512 MHz:   0% 1800 MHz:   0% 2088 MHz:   0% 2352 MHz:   0% 2616 MHz:   0% 2868 MHz:   0% 3096 MHz:   0% 3300 MHz:   0% 3468 MHz:   0% 3624 MHz:   0% 3756 MHz:   0% 3828 MHz:   0% 3888 MHz:   0% 3948 MHz:   0% 3996 MHz:   0% 4044 MHz:   0% 4104 MHz:   0% 4416 MHz:   0% 4512 MHz:   0%)
CPU 15 idle residency:   2.66%
CPU 15 down residency:  97.34%

CPU Power: 5185 mW
GPU Power: 27095 mW
ANE Power: 0 mW
Combined Power (CPU + GPU + ANE): 32279 mW

**** GPU usage ****

GPU HW active frequency: 1578 MHz
GPU HW active residency: 100.00% (338 MHz:   0% 618 MHz:   0% 796 MHz:   0% 924 MHz:   0% 952 MHz:   0% 1056 MHz:   0% 1062 MHz:   0% 1182 MHz:   0% 1182 MHz:   0% 1312 MHz:   0% 1242 MHz:   0% 1380 MHz:   0% 1326 MHz:   0% 1470 MHz:   0% 1578 MHz: 100%)
GPU SW requested state: (P1 :   0% P2 :   0% P3 :   0% P4 :   0% P5 :   0% P6 :   0% P7 :   0% P8 :   0% P9 :   0% P10 : 100% P11 :   0% P12 :   0% P13 :   0% P14 :   0% P15 :   0%)
GPU SW state: (SW_P1 :   0% SW_P2 :   0% SW_P3 :   0% SW_P4 :   0% SW_P5 :   0% SW_P6 :   0% SW_P7 :   0% SW_P8 :   0% SW_P9 :   0% SW_P10 : 100% SW_P11 :   0% SW_P12 :   0% SW_P13 :   0% SW_P14 :   0% SW_P15 :   0%)
GPU idle residency:   0.00%
GPU Power: 27096 mW



*** Sampled system activity (Tue Jan 20 11:33:54 2026 +0100) (1020.53ms elapsed) ***


**** Processor usage ****

E-Cluster Online: 100%
E-Cluster HW active frequency: 2592 MHz
E-Cluster HW active residency:  82.44% (1020 MHz:   0% 1404 MHz:   0% 1788 MHz:   0% 2112 MHz:   0% 2352 MHz:   0% 2532 MHz: .00% 2592 MHz:  82%)
E-Cluster idle residency:  17.56%
E-Cluster down residency:   0.00%
CPU 0 frequency: 2592 MHz
CPU 0 active residency:  50.53% (1020 MHz:   0% 1404 MHz:   0% 1788 MHz:   0% 2112 MHz:   0% 2352 MHz:   0% 2532 MHz:   0% 2592 MHz:  51%)
CPU 0 idle residency:  49.47%
CPU 0 down residency:   0.00%
CPU 1 frequency: 2592 MHz
CPU 1 active residency:  36.37% (1020 MHz:   0% 1404 MHz:   0% 1788 MHz:   0% 2112 MHz:   0% 2352 MHz:   0% 2532 MHz:   0% 2592 MHz:  36%)
CPU 1 idle residency:  63.63%
CPU 1 down residency:   0.00%
CPU 2 frequency: 2592 MHz
CPU 2 active residency:  24.25% (1020 MHz:   0% 1404 MHz:   0% 1788 MHz:   0% 2112 MHz:   0% 2352 MHz:   0% 2532 MHz:   0% 2592 MHz:  24%)
CPU 2 idle residency:  75.75%
CPU 2 down residency:   0.00%
CPU 3 frequency: 2592 MHz
CPU 3 active residency:  13.84% (1020 MHz:   0% 1404 MHz:   0% 1788 MHz:   0% 2112 MHz:   0% 2352 MHz:   0% 2532 MHz:   0% 2592 MHz:  14%)
CPU 3 idle residency:  86.16%
CPU 3 down residency:   0.00%

P0-Cluster Online: 18%
P0-Cluster HW active frequency: 4023 MHz
P0-Cluster HW active residency:  18.07% (1260 MHz: .10% 1512 MHz:   0% 1800 MHz:   0% 2088 MHz:   0% 2352 MHz:   0% 2616 MHz:   0% 2868 MHz:   0% 3096 MHz:   0% 3300 MHz:   0% 3468 MHz:   0% 3624 MHz:   0% 3756 MHz:   0% 3828 MHz:   0% 3888 MHz: .64% 3948 MHz:  11% 3996 MHz: 1.5% 4044 MHz: 1.6% 4104 MHz:   0% 4416 MHz: 1.2% 4512 MHz: 1.6%)
P0-Cluster idle residency:   0.58%
P0-Cluster down residency:  81.36%
CPU 4 frequency: 4512 MHz
CPU 4 active residency:   0.66% (1260 MHz:   0% 1512 MHz:   0% 1800 MHz:   0% 2088 MHz:   0% 2352 MHz:   0% 2616 MHz:   0% 2868 MHz:   0% 3096 MHz:   0% 3300 MHz:   0% 3468 MHz:   0% 3624 MHz:   0% 3756 MHz:   0% 3828 MHz:   0% 3888 MHz:   0% 3948 MHz:   0% 3996 MHz:   0% 4044 MHz:   0% 4104 MHz:   0% 4416 MHz:   0% 4512 MHz: .66%)
CPU 4 idle residency:  10.46%
CPU 4 down residency:  88.88%
CPU 5 frequency: 4512 MHz
CPU 5 active residency:   0.49% (1260 MHz:   0% 1512 MHz:   0% 1800 MHz:   0% 2088 MHz:   0% 2352 MHz:   0% 2616 MHz:   0% 2868 MHz:   0% 3096 MHz:   0% 3300 MHz:   0% 3468 MHz:   0% 3624 MHz:   0% 3756 MHz:   0% 3828 MHz:   0% 3888 MHz:   0% 3948 MHz:   0% 3996 MHz:   0% 4044 MHz:   0% 4104 MHz:   0% 4416 MHz:   0% 4512 MHz: .49%)
CPU 5 idle residency:  12.51%
CPU 5 down residency:  87.00%
CPU 6 frequency: 4512 MHz
CPU 6 active residency:   0.23% (1260 MHz:   0% 1512 MHz:   0% 1800 MHz:   0% 2088 MHz:   0% 2352 MHz:   0% 2616 MHz:   0% 2868 MHz:   0% 3096 MHz:   0% 3300 MHz:   0% 3468 MHz:   0% 3624 MHz:   0% 3756 MHz:   0% 3828 MHz:   0% 3888 MHz:   0% 3948 MHz:   0% 3996 MHz:   0% 4044 MHz:   0% 4104 MHz:   0% 4416 MHz:   0% 4512 MHz: .23%)
CPU 6 idle residency:  13.04%
CPU 6 down residency:  86.72%
CPU 7 frequency: 4512 MHz
CPU 7 active residency:   0.81% (1260 MHz:   0% 1512 MHz:   0% 1800 MHz:   0% 2088 MHz:   0% 2352 MHz:   0% 2616 MHz:   0% 2868 MHz:   0% 3096 MHz:   0% 3300 MHz:   0% 3468 MHz:   0% 3624 MHz:   0% 3756 MHz:   0% 3828 MHz:   0% 3888 MHz:   0% 3948 MHz:   0% 3996 MHz:   0% 4044 MHz:   0% 4104 MHz:   0% 4416 MHz:   0% 4512 MHz: .81%)
CPU 7 idle residency:  12.23%
CPU 7 down residency:  86.96%
CPU 8 frequency: 4512 MHz
CPU 8 active residency:   0.02% (1260 MHz:   0% 1512 MHz:   0% 1800 MHz:   0% 2088 MHz:   0% 2352 MHz:   0% 2616 MHz:   0% 2868 MHz:   0% 3096 MHz:   0% 3300 MHz:   0% 3468 MHz:   0% 3624 MHz:   0% 3756 MHz:   0% 3828 MHz:   0% 3888 MHz:   0% 3948 MHz:   0% 3996 MHz:   0% 4044 MHz:   0% 4104 MHz:   0% 4416 MHz:   0% 4512 MHz: .02%)
CPU 8 idle residency:  10.91%
CPU 8 down residency:  89.07%
CPU 9 frequency: 4512 MHz
CPU 9 active residency:   0.00% (1260 MHz:   0% 1512 MHz:   0% 1800 MHz:   0% 2088 MHz:   0% 2352 MHz:   0% 2616 MHz:   0% 2868 MHz:   0% 3096 MHz:   0% 3300 MHz:   0% 3468 MHz:   0% 3624 MHz:   0% 3756 MHz:   0% 3828 MHz:   0% 3888 MHz:   0% 3948 MHz:   0% 3996 MHz:   0% 4044 MHz:   0% 4104 MHz:   0% 4416 MHz:   0% 4512 MHz: .00%)
CPU 9 idle residency:  11.18%
CPU 9 down residency:  88.82%

P1-Cluster HW active frequency: 4036 MHz
P1-Cluster HW active residency:  80.58% (1260 MHz: .03% 1512 MHz:   0% 1800 MHz:   0% 2088 MHz:   0% 2352 MHz:   0% 2616 MHz:   0% 2868 MHz:   0% 3096 MHz:   0% 3300 MHz:   0% 3468 MHz:   0% 3624 MHz:   0% 3756 MHz:   0% 3828 MHz:   0% 3888 MHz: 4.0% 3948 MHz:  51% 3996 MHz: 6.1% 4044 MHz: 7.3% 4104 MHz:   0% 4416 MHz: 4.3% 4512 MHz: 7.8%)
P1-Cluster idle residency:   1.38%
P1-Cluster down residency:  18.04%
CPU 10 frequency: 4398 MHz
CPU 10 active residency:  40.47% (1260 MHz: 1.1% 1512 MHz: .03% 1800 MHz: .29% 2088 MHz: .03% 2352 MHz: .03% 2616 MHz: .04% 2868 MHz:   0% 3096 MHz: .00% 3300 MHz:   0% 3468 MHz:   0% 3624 MHz: .00% 3756 MHz:   0% 3828 MHz:   0% 3888 MHz:   0% 3948 MHz:   0% 3996 MHz:   0% 4044 MHz:   0% 4104 MHz:   0% 4416 MHz:   0% 4512 MHz:  39%)
CPU 10 idle residency:  42.37%
CPU 10 down residency:  17.15%
CPU 11 frequency: 4354 MHz
CPU 11 active residency:  44.88% (1260 MHz: 1.5% 1512 MHz: .05% 1800 MHz: .26% 2088 MHz: .44% 2352 MHz: .05% 2616 MHz: .04% 2868 MHz: .00% 3096 MHz: .05% 3300 MHz:   0% 3468 MHz: .00% 3624 MHz: .00% 3756 MHz:   0% 3828 MHz:   0% 3888 MHz:   0% 3948 MHz:   0% 3996 MHz:   0% 4044 MHz:   0% 4104 MHz:   0% 4416 MHz:   0% 4512 MHz:  42%)
CPU 11 idle residency:  38.73%
CPU 11 down residency:  16.39%
CPU 12 frequency: 4403 MHz
CPU 12 active residency:  34.27% (1260 MHz: 1.1% 1512 MHz: .03% 1800 MHz: .00% 2088 MHz: .03% 2352 MHz:   0% 2616 MHz: .04% 2868 MHz:   0% 3096 MHz:   0% 3300 MHz:   0% 3468 MHz:   0% 3624 MHz: .00% 3756 MHz:   0% 3828 MHz:   0% 3888 MHz:   0% 3948 MHz:   0% 3996 MHz:   0% 4044 MHz:   0% 4104 MHz:   0% 4416 MHz:   0% 4512 MHz:  33%)
CPU 12 idle residency:  48.39%
CPU 12 down residency:  17.34%
CPU 13 frequency: 4391 MHz
CPU 13 active residency:  31.65% (1260 MHz: 1.1% 1512 MHz: .03% 1800 MHz: .00% 2088 MHz: .03% 2352 MHz: .03% 2616 MHz: .04% 2868 MHz:   0% 3096 MHz:   0% 3300 MHz:   0% 3468 MHz:   0% 3624 MHz: .00% 3756 MHz:   0% 3828 MHz:   0% 3888 MHz:   0% 3948 MHz:   0% 3996 MHz:   0% 4044 MHz:   0% 4104 MHz:   0% 4416 MHz:   0% 4512 MHz:  30%)
CPU 13 idle residency:  50.93%
CPU 13 down residency:  17.42%
CPU 14 frequency: 4361 MHz
CPU 14 active residency:  39.48% (1260 MHz: 1.5% 1512 MHz: .10% 1800 MHz: .04% 2088 MHz: .11% 2352 MHz: .05% 2616 MHz: .04% 2868 MHz: .00% 3096 MHz: .05% 3300 MHz:   0% 3468 MHz:   0% 3624 MHz: .00% 3756 MHz:   0% 3828 MHz: .04% 3888 MHz:   0% 3948 MHz:   0% 3996 MHz:   0% 4044 MHz:   0% 4104 MHz:   0% 4416 MHz:   0% 4512 MHz:  37%)
CPU 14 idle residency:  43.94%
CPU 14 down residency:  16.58%
CPU 15 frequency: 4380 MHz
CPU 15 active residency:  42.66% (1260 MHz: 1.4% 1512 MHz: .07% 1800 MHz: .02% 2088 MHz: .21% 2352 MHz: .09% 2616 MHz: .04% 2868 MHz: .00% 3096 MHz: .05% 3300 MHz:   0% 3468 MHz:   0% 3624 MHz: .00% 3756 MHz:   0% 3828 MHz:   0% 3888 MHz:   0% 3948 MHz:   0% 3996 MHz:   0% 4044 MHz:   0% 4104 MHz:   0% 4416 MHz: .00% 4512 MHz:  41%)
CPU 15 idle residency:  40.87%
CPU 15 down residency:  16.47%

CPU Power: 4751 mW
GPU Power: 27336 mW
ANE Power: 0 mW
Combined Power (CPU + GPU + ANE): 32087 mW

**** GPU usage ****

GPU HW active frequency: 1578 MHz
GPU HW active residency: 100.00% (338 MHz:   0% 618 MHz:   0% 796 MHz:   0% 924 MHz:   0% 952 MHz:   0% 1056 MHz:   0% 1062 MHz:   0% 1182 MHz:   0% 1182 MHz:   0% 1312 MHz:   0% 1242 MHz:   0% 1380 MHz:   0% 1326 MHz:   0% 1470 MHz:   0% 1578 MHz: 100%)
GPU SW requested state: (P1 :   0% P2 :   0% P3 :   0% P4 :   0% P5 :   0% P6 :   0% P7 :   0% P8 :   0% P9 :   0% P10 : 100% P11 :   0% P12 :   0% P13 :   0% P14 :   0% P15 :   0%)
GPU SW state: (SW_P1 :   0% SW_P2 :   0% SW_P3 :   0% SW_P4 :   0% SW_P5 :   0% SW_P6 :   0% SW_P7 :   0% SW_P8 :   0% SW_P9 :   0% SW_P10 : 100% SW_P11 :   0% SW_P12 :   0% SW_P13 :   0% SW_P14 :   0% SW_P15 :   0%)
GPU idle residency:   0.00%
GPU Power: 27345 mW



*** Sampled system activity (Tue Jan 20 11:33:55 2026 +0100) (1020.35ms elapsed) ***


**** Processor usage ****

E-Cluster Online: 100%
E-Cluster HW active frequency: 2592 MHz
E-Cluster HW active residency:  80.11% (1020 MHz:   0% 1404 MHz:   0% 1788 MHz:   0% 2112 MHz:   0% 2352 MHz:   0% 2532 MHz: .00% 2592 MHz:  80%)
E-Cluster idle residency:  19.89%
E-Cluster down residency:   0.00%
CPU 0 frequency: 2592 MHz
CPU 0 active residency:  50.93% (1020 MHz:   0% 1404 MHz:   0% 1788 MHz:   0% 2112 MHz:   0% 2352 MHz:   0% 2532 MHz:   0% 2592 MHz:  51%)
CPU 0 idle residency:  49.07%
CPU 0 down residency:   0.00%
CPU 1 frequency: 2592 MHz
CPU 1 active residency:  36.73% (1020 MHz:   0% 1404 MHz:   0% 1788 MHz:   0% 2112 MHz:   0% 2352 MHz:   0% 2532 MHz:   0% 2592 MHz:  37%)
CPU 1 idle residency:  63.27%
CPU 1 down residency:   0.00%
CPU 2 frequency: 2592 MHz
CPU 2 active residency:  22.74% (1020 MHz:   0% 1404 MHz:   0% 1788 MHz:   0% 2112 MHz:   0% 2352 MHz:   0% 2532 MHz:   0% 2592 MHz:  23%)
CPU 2 idle residency:  77.26%
CPU 2 down residency:   0.00%
CPU 3 frequency: 2592 MHz
CPU 3 active residency:  15.72% (1020 MHz:   0% 1404 MHz:   0% 1788 MHz:   0% 2112 MHz:   0% 2352 MHz:   0% 2532 MHz:   0% 2592 MHz:  16%)
CPU 3 idle residency:  84.28%
CPU 3 down residency:   0.00%

P0-Cluster Online: 13%
P0-Cluster HW active frequency: 1514 MHz
P0-Cluster HW active residency:   3.10% (1260 MHz: 2.8% 1512 MHz:   0% 1800 MHz: .04% 2088 MHz:   0% 2352 MHz:   0% 2616 MHz:   0% 2868 MHz:   0% 3096 MHz:   0% 3300 MHz:   0% 3468 MHz:   0% 3624 MHz:   0% 3756 MHz:   0% 3828 MHz:   0% 3888 MHz: .00% 3948 MHz: .01% 3996 MHz: .00% 4044 MHz: .02% 4104 MHz:   0% 4416 MHz: .02% 4512 MHz: .19%)
P0-Cluster idle residency:   7.12%
P0-Cluster down residency:  89.79%
CPU 4 frequency: 0 MHz
CPU 4 active residency:   0.00% (1260 MHz:   0% 1512 MHz:   0% 1800 MHz:   0% 2088 MHz:   0% 2352 MHz:   0% 2616 MHz:   0% 2868 MHz:   0% 3096 MHz:   0% 3300 MHz:   0% 3468 MHz:   0% 3624 MHz:   0% 3756 MHz:   0% 3828 MHz:   0% 3888 MHz:   0% 3948 MHz:   0% 3996 MHz:   0% 4044 MHz:   0% 4104 MHz:   0% 4416 MHz:   0% 4512 MHz:   0%)
CPU 4 idle residency:   9.77%
CPU 4 down residency:  90.23%
CPU 5 frequency: 0 MHz
CPU 5 active residency:   0.00% (1260 MHz:   0% 1512 MHz:   0% 1800 MHz:   0% 2088 MHz:   0% 2352 MHz:   0% 2616 MHz:   0% 2868 MHz:   0% 3096 MHz:   0% 3300 MHz:   0% 3468 MHz:   0% 3624 MHz:   0% 3756 MHz:   0% 3828 MHz:   0% 3888 MHz:   0% 3948 MHz:   0% 3996 MHz:   0% 4044 MHz:   0% 4104 MHz:   0% 4416 MHz:   0% 4512 MHz:   0%)
CPU 5 idle residency:   9.75%
CPU 5 down residency:  90.25%
CPU 6 frequency: 0 MHz
CPU 6 active residency:   0.00% (1260 MHz:   0% 1512 MHz:   0% 1800 MHz:   0% 2088 MHz:   0% 2352 MHz:   0% 2616 MHz:   0% 2868 MHz:   0% 3096 MHz:   0% 3300 MHz:   0% 3468 MHz:   0% 3624 MHz:   0% 3756 MHz:   0% 3828 MHz:   0% 3888 MHz:   0% 3948 MHz:   0% 3996 MHz:   0% 4044 MHz:   0% 4104 MHz:   0% 4416 MHz:   0% 4512 MHz:   0%)
CPU 6 idle residency:   9.76%
CPU 6 down residency:  90.24%
CPU 7 frequency: 0 MHz
CPU 7 active residency:   0.00% (1260 MHz:   0% 1512 MHz:   0% 1800 MHz:   0% 2088 MHz:   0% 2352 MHz:   0% 2616 MHz:   0% 2868 MHz:   0% 3096 MHz:   0% 3300 MHz:   0% 3468 MHz:   0% 3624 MHz:   0% 3756 MHz:   0% 3828 MHz:   0% 3888 MHz:   0% 3948 MHz:   0% 3996 MHz:   0% 4044 MHz:   0% 4104 MHz:   0% 4416 MHz:   0% 4512 MHz:   0%)
CPU 7 idle residency:   9.69%
CPU 7 down residency:  90.31%
CPU 8 frequency: 0 MHz
CPU 8 active residency:   0.00% (1260 MHz:   0% 1512 MHz:   0% 1800 MHz:   0% 2088 MHz:   0% 2352 MHz:   0% 2616 MHz:   0% 2868 MHz:   0% 3096 MHz:   0% 3300 MHz:   0% 3468 MHz:   0% 3624 MHz:   0% 3756 MHz:   0% 3828 MHz:   0% 3888 MHz:   0% 3948 MHz:   0% 3996 MHz:   0% 4044 MHz:   0% 4104 MHz:   0% 4416 MHz:   0% 4512 MHz:   0%)
CPU 8 idle residency:   9.78%
CPU 8 down residency:  90.22%
CPU 9 frequency: 0 MHz
CPU 9 active residency:   0.00% (1260 MHz:   0% 1512 MHz:   0% 1800 MHz:   0% 2088 MHz:   0% 2352 MHz:   0% 2616 MHz:   0% 2868 MHz:   0% 3096 MHz:   0% 3300 MHz:   0% 3468 MHz:   0% 3624 MHz:   0% 3756 MHz:   0% 3828 MHz:   0% 3888 MHz:   0% 3948 MHz:   0% 3996 MHz:   0% 4044 MHz:   0% 4104 MHz:   0% 4416 MHz:   0% 4512 MHz:   0%)
CPU 9 idle residency:   9.77%
CPU 9 down residency:  90.23%

P1-Cluster HW active frequency: 4010 MHz
P1-Cluster HW active residency:  98.75% (1260 MHz:   0% 1512 MHz:   0% 1800 MHz:   0% 2088 MHz:   0% 2352 MHz:   0% 2616 MHz:   0% 2868 MHz:   0% 3096 MHz:   0% 3300 MHz:   0% 3468 MHz:   0% 3624 MHz:   0% 3756 MHz:   0% 3828 MHz:   0% 3888 MHz:  11% 3948 MHz:  60% 3996 MHz: 8.8% 4044 MHz: 8.5% 4104 MHz:   0% 4416 MHz: 3.9% 4512 MHz: 6.5%)
P1-Cluster idle residency:   1.25%
P1-Cluster down residency:   0.00%
CPU 10 frequency: 4512 MHz
CPU 10 active residency:  56.71% (1260 MHz:   0% 1512 MHz:   0% 1800 MHz:   0% 2088 MHz:   0% 2352 MHz:   0% 2616 MHz:   0% 2868 MHz:   0% 3096 MHz:   0% 3300 MHz:   0% 3468 MHz:   0% 3624 MHz:   0% 3756 MHz:   0% 3828 MHz:   0% 3888 MHz:   0% 3948 MHz:   0% 3996 MHz:   0% 4044 MHz:   0% 4104 MHz:   0% 4416 MHz:   0% 4512 MHz:  57%)
CPU 10 idle residency:  43.29%
CPU 10 down residency:   0.00%
CPU 11 frequency: 4512 MHz
CPU 11 active residency:  48.92% (1260 MHz:   0% 1512 MHz:   0% 1800 MHz:   0% 2088 MHz:   0% 2352 MHz:   0% 2616 MHz:   0% 2868 MHz:   0% 3096 MHz:   0% 3300 MHz:   0% 3468 MHz:   0% 3624 MHz:   0% 3756 MHz:   0% 3828 MHz:   0% 3888 MHz:   0% 3948 MHz:   0% 3996 MHz:   0% 4044 MHz:   0% 4104 MHz:   0% 4416 MHz:   0% 4512 MHz:  49%)
CPU 11 idle residency:  51.08%
CPU 11 down residency:   0.00%
CPU 12 frequency: 4512 MHz
CPU 12 active residency:  50.68% (1260 MHz:   0% 1512 MHz:   0% 1800 MHz:   0% 2088 MHz:   0% 2352 MHz:   0% 2616 MHz:   0% 2868 MHz:   0% 3096 MHz:   0% 3300 MHz:   0% 3468 MHz:   0% 3624 MHz:   0% 3756 MHz:   0% 3828 MHz:   0% 3888 MHz:   0% 3948 MHz:   0% 3996 MHz:   0% 4044 MHz:   0% 4104 MHz:   0% 4416 MHz:   0% 4512 MHz:  51%)
CPU 12 idle residency:  49.32%
CPU 12 down residency:   0.00%
CPU 13 frequency: 4512 MHz
CPU 13 active residency:  44.40% (1260 MHz:   0% 1512 MHz:   0% 1800 MHz:   0% 2088 MHz:   0% 2352 MHz:   0% 2616 MHz:   0% 2868 MHz:   0% 3096 MHz:   0% 3300 MHz:   0% 3468 MHz:   0% 3624 MHz:   0% 3756 MHz:   0% 3828 MHz:   0% 3888 MHz:   0% 3948 MHz:   0% 3996 MHz:   0% 4044 MHz:   0% 4104 MHz:   0% 4416 MHz:   0% 4512 MHz:  44%)
CPU 13 idle residency:  55.60%
CPU 13 down residency:   0.00%
CPU 14 frequency: 4512 MHz
CPU 14 active residency:  38.88% (1260 MHz:   0% 1512 MHz:   0% 1800 MHz:   0% 2088 MHz:   0% 2352 MHz:   0% 2616 MHz:   0% 2868 MHz:   0% 3096 MHz:   0% 3300 MHz:   0% 3468 MHz:   0% 3624 MHz:   0% 3756 MHz:   0% 3828 MHz:   0% 3888 MHz:   0% 3948 MHz:   0% 3996 MHz:   0% 4044 MHz:   0% 4104 MHz:   0% 4416 MHz:   0% 4512 MHz:  39%)
CPU 14 idle residency:  61.12%
CPU 14 down residency:   0.00%
CPU 15 frequency: 4512 MHz
CPU 15 active residency:  47.44% (1260 MHz:   0% 1512 MHz:   0% 1800 MHz:   0% 2088 MHz:   0% 2352 MHz:   0% 2616 MHz:   0% 2868 MHz:   0% 3096 MHz:   0% 3300 MHz:   0% 3468 MHz:   0% 3624 MHz:   0% 3756 MHz:   0% 3828 MHz:   0% 3888 MHz:   0% 3948 MHz:   0% 3996 MHz:   0% 4044 MHz:   0% 4104 MHz:   0% 4416 MHz:   0% 4512 MHz:  47%)
CPU 15 idle residency:  52.56%
CPU 15 down residency:   0.00%

CPU Power: 5304 mW
GPU Power: 26949 mW
ANE Power: 0 mW
Combined Power (CPU + GPU + ANE): 32253 mW

**** GPU usage ****

GPU HW active frequency: 1578 MHz
GPU HW active residency: 100.00% (338 MHz:   0% 618 MHz:   0% 796 MHz:   0% 924 MHz:   0% 952 MHz:   0% 1056 MHz:   0% 1062 MHz:   0% 1182 MHz:   0% 1182 MHz:   0% 1312 MHz:   0% 1242 MHz:   0% 1380 MHz:   0% 1326 MHz:   0% 1470 MHz:   0% 1578 MHz: 100%)
GPU SW requested state: (P1 :   0% P2 :   0% P3 :   0% P4 :   0% P5 :   0% P6 :   0% P7 :   0% P8 :   0% P9 :   0% P10 : 100% P11 :   0% P12 :   0% P13 :   0% P14 :   0% P15 :   0%)
GPU SW state: (SW_P1 :   0% SW_P2 :   0% SW_P3 :   0% SW_P4 :   0% SW_P5 :   0% SW_P6 :   0% SW_P7 :   0% SW_P8 :   0% SW_P9 :   0% SW_P10 : 100% SW_P11 :   0% SW_P12 :   0% SW_P13 :   0% SW_P14 :   0% SW_P15 :   0%)
GPU idle residency:   0.00%
GPU Power: 26948 mW



*** Sampled system activity (Tue Jan 20 11:33:56 2026 +0100) (1022.48ms elapsed) ***


**** Processor usage ****

E-Cluster Online: 100%
E-Cluster HW active frequency: 2515 MHz
E-Cluster HW active residency:  85.16% (1020 MHz: 2.7% 1404 MHz: .39% 1788 MHz: 1.4% 2112 MHz: .59% 2352 MHz: .97% 2532 MHz: 1.7% 2592 MHz:  77%)
E-Cluster idle residency:  14.84%
E-Cluster down residency:   0.00%
CPU 0 frequency: 2505 MHz
CPU 0 active residency:  53.60% (1020 MHz: 2.0% 1404 MHz: .28% 1788 MHz: .94% 2112 MHz: .50% 2352 MHz: .64% 2532 MHz: 1.0% 2592 MHz:  48%)
CPU 0 idle residency:  46.40%
CPU 0 down residency:   0.00%
CPU 1 frequency: 2501 MHz
CPU 1 active residency:  42.40% (1020 MHz: 1.5% 1404 MHz: .29% 1788 MHz: .90% 2112 MHz: .30% 2352 MHz: .62% 2532 MHz: .99% 2592 MHz:  38%)
CPU 1 idle residency:  57.60%
CPU 1 down residency:   0.00%
CPU 2 frequency: 2490 MHz
CPU 2 active residency:  31.94% (1020 MHz: 1.4% 1404 MHz: .12% 1788 MHz: .89% 2112 MHz: .25% 2352 MHz: .41% 2532 MHz: .43% 2592 MHz:  28%)
CPU 2 idle residency:  68.06%
CPU 2 down residency:   0.00%
CPU 3 frequency: 2459 MHz
CPU 3 active residency:  22.87% (1020 MHz: 1.4% 1404 MHz: .22% 1788 MHz: .52% 2112 MHz: .16% 2352 MHz: .32% 2532 MHz: .24% 2592 MHz:  20%)
CPU 3 idle residency:  77.13%
CPU 3 down residency:   0.00%

P0-Cluster Online: 4%
P0-Cluster HW active frequency: 1288 MHz
P0-Cluster HW active residency:   0.84% (1260 MHz: .74% 1512 MHz: .09% 1800 MHz:   0% 2088 MHz:   0% 2352 MHz:   0% 2616 MHz:   0% 2868 MHz:   0% 3096 MHz:   0% 3300 MHz:   0% 3468 MHz:   0% 3624 MHz:   0% 3756 MHz:   0% 3828 MHz:   0% 3888 MHz:   0% 3948 MHz:   0% 3996 MHz:   0% 4044 MHz:   0% 4104 MHz:   0% 4416 MHz:   0% 4512 MHz:   0%)
P0-Cluster idle residency:   2.14%
P0-Cluster down residency:  97.03%
CPU 4 frequency: 0 MHz
CPU 4 active residency:   0.00% (1260 MHz:   0% 1512 MHz:   0% 1800 MHz:   0% 2088 MHz:   0% 2352 MHz:   0% 2616 MHz:   0% 2868 MHz:   0% 3096 MHz:   0% 3300 MHz:   0% 3468 MHz:   0% 3624 MHz:   0% 3756 MHz:   0% 3828 MHz:   0% 3888 MHz:   0% 3948 MHz:   0% 3996 MHz:   0% 4044 MHz:   0% 4104 MHz:   0% 4416 MHz:   0% 4512 MHz:   0%)
CPU 4 idle residency:   2.85%
CPU 4 down residency:  97.15%
CPU 5 frequency: 0 MHz
CPU 5 active residency:   0.00% (1260 MHz:   0% 1512 MHz:   0% 1800 MHz:   0% 2088 MHz:   0% 2352 MHz:   0% 2616 MHz:   0% 2868 MHz:   0% 3096 MHz:   0% 3300 MHz:   0% 3468 MHz:   0% 3624 MHz:   0% 3756 MHz:   0% 3828 MHz:   0% 3888 MHz:   0% 3948 MHz:   0% 3996 MHz:   0% 4044 MHz:   0% 4104 MHz:   0% 4416 MHz:   0% 4512 MHz:   0%)
CPU 5 idle residency:   2.85%
CPU 5 down residency:  97.15%
CPU 6 frequency: 0 MHz
CPU 6 active residency:   0.00% (1260 MHz:   0% 1512 MHz:   0% 1800 MHz:   0% 2088 MHz:   0% 2352 MHz:   0% 2616 MHz:   0% 2868 MHz:   0% 3096 MHz:   0% 3300 MHz:   0% 3468 MHz:   0% 3624 MHz:   0% 3756 MHz:   0% 3828 MHz:   0% 3888 MHz:   0% 3948 MHz:   0% 3996 MHz:   0% 4044 MHz:   0% 4104 MHz:   0% 4416 MHz:   0% 4512 MHz:   0%)
CPU 6 idle residency:   2.85%
CPU 6 down residency:  97.15%
CPU 7 frequency: 0 MHz
CPU 7 active residency:   0.00% (1260 MHz:   0% 1512 MHz:   0% 1800 MHz:   0% 2088 MHz:   0% 2352 MHz:   0% 2616 MHz:   0% 2868 MHz:   0% 3096 MHz:   0% 3300 MHz:   0% 3468 MHz:   0% 3624 MHz:   0% 3756 MHz:   0% 3828 MHz:   0% 3888 MHz:   0% 3948 MHz:   0% 3996 MHz:   0% 4044 MHz:   0% 4104 MHz:   0% 4416 MHz:   0% 4512 MHz:   0%)
CPU 7 idle residency:   2.85%
CPU 7 down residency:  97.15%
CPU 8 frequency: 0 MHz
CPU 8 active residency:   0.00% (1260 MHz:   0% 1512 MHz:   0% 1800 MHz:   0% 2088 MHz:   0% 2352 MHz:   0% 2616 MHz:   0% 2868 MHz:   0% 3096 MHz:   0% 3300 MHz:   0% 3468 MHz:   0% 3624 MHz:   0% 3756 MHz:   0% 3828 MHz:   0% 3888 MHz:   0% 3948 MHz:   0% 3996 MHz:   0% 4044 MHz:   0% 4104 MHz:   0% 4416 MHz:   0% 4512 MHz:   0%)
CPU 8 idle residency:   2.85%
CPU 8 down residency:  97.15%
CPU 9 frequency: 0 MHz
CPU 9 active residency:   0.00% (1260 MHz:   0% 1512 MHz:   0% 1800 MHz:   0% 2088 MHz:   0% 2352 MHz:   0% 2616 MHz:   0% 2868 MHz:   0% 3096 MHz:   0% 3300 MHz:   0% 3468 MHz:   0% 3624 MHz:   0% 3756 MHz:   0% 3828 MHz:   0% 3888 MHz:   0% 3948 MHz:   0% 3996 MHz:   0% 4044 MHz:   0% 4104 MHz:   0% 4416 MHz:   0% 4512 MHz:   0%)
CPU 9 idle residency:   2.85%
CPU 9 down residency:  97.15%

P1-Cluster HW active frequency: 3999 MHz
P1-Cluster HW active residency:  98.86% (1260 MHz:   0% 1512 MHz:   0% 1800 MHz:   0% 2088 MHz:   0% 2352 MHz:   0% 2616 MHz:   0% 2868 MHz:   0% 3096 MHz:   0% 3300 MHz:   0% 3468 MHz:   0% 3624 MHz:   0% 3756 MHz:   0% 3828 MHz:   0% 3888 MHz:  12% 3948 MHz:  62% 3996 MHz: 7.9% 4044 MHz: 8.2% 4104 MHz:   0% 4416 MHz: 3.2% 4512 MHz: 5.5%)
P1-Cluster idle residency:   1.14%
P1-Cluster down residency:   0.00%
CPU 10 frequency: 4512 MHz
CPU 10 active residency:  52.65% (1260 MHz:   0% 1512 MHz:   0% 1800 MHz:   0% 2088 MHz:   0% 2352 MHz:   0% 2616 MHz:   0% 2868 MHz:   0% 3096 MHz:   0% 3300 MHz:   0% 3468 MHz:   0% 3624 MHz:   0% 3756 MHz:   0% 3828 MHz:   0% 3888 MHz:   0% 3948 MHz:   0% 3996 MHz:   0% 4044 MHz:   0% 4104 MHz:   0% 4416 MHz:   0% 4512 MHz:  53%)
CPU 10 idle residency:  47.35%
CPU 10 down residency:   0.00%
CPU 11 frequency: 4512 MHz
CPU 11 active residency:  49.93% (1260 MHz:   0% 1512 MHz:   0% 1800 MHz:   0% 2088 MHz:   0% 2352 MHz:   0% 2616 MHz:   0% 2868 MHz:   0% 3096 MHz:   0% 3300 MHz:   0% 3468 MHz:   0% 3624 MHz:   0% 3756 MHz:   0% 3828 MHz:   0% 3888 MHz:   0% 3948 MHz:   0% 3996 MHz:   0% 4044 MHz:   0% 4104 MHz:   0% 4416 MHz:   0% 4512 MHz:  50%)
CPU 11 idle residency:  50.07%
CPU 11 down residency:   0.00%
CPU 12 frequency: 4512 MHz
CPU 12 active residency:  49.54% (1260 MHz:   0% 1512 MHz:   0% 1800 MHz:   0% 2088 MHz:   0% 2352 MHz:   0% 2616 MHz:   0% 2868 MHz:   0% 3096 MHz:   0% 3300 MHz:   0% 3468 MHz:   0% 3624 MHz:   0% 3756 MHz:   0% 3828 MHz:   0% 3888 MHz:   0% 3948 MHz:   0% 3996 MHz:   0% 4044 MHz:   0% 4104 MHz:   0% 4416 MHz:   0% 4512 MHz:  50%)
CPU 12 idle residency:  50.46%
CPU 12 down residency:   0.00%
CPU 13 frequency: 4512 MHz
CPU 13 active residency:  47.15% (1260 MHz:   0% 1512 MHz:   0% 1800 MHz:   0% 2088 MHz:   0% 2352 MHz:   0% 2616 MHz:   0% 2868 MHz:   0% 3096 MHz:   0% 3300 MHz:   0% 3468 MHz:   0% 3624 MHz:   0% 3756 MHz:   0% 3828 MHz:   0% 3888 MHz:   0% 3948 MHz:   0% 3996 MHz:   0% 4044 MHz:   0% 4104 MHz:   0% 4416 MHz:   0% 4512 MHz:  47%)
CPU 13 idle residency:  52.85%
CPU 13 down residency:   0.00%
CPU 14 frequency: 4512 MHz
CPU 14 active residency:  48.39% (1260 MHz:   0% 1512 MHz:   0% 1800 MHz:   0% 2088 MHz:   0% 2352 MHz:   0% 2616 MHz:   0% 2868 MHz:   0% 3096 MHz:   0% 3300 MHz:   0% 3468 MHz:   0% 3624 MHz:   0% 3756 MHz:   0% 3828 MHz:   0% 3888 MHz:   0% 3948 MHz:   0% 3996 MHz:   0% 4044 MHz:   0% 4104 MHz:   0% 4416 MHz:   0% 4512 MHz:  48%)
CPU 14 idle residency:  51.61%
CPU 14 down residency:   0.00%
CPU 15 frequency: 4512 MHz
CPU 15 active residency:  44.88% (1260 MHz:   0% 1512 MHz:   0% 1800 MHz:   0% 2088 MHz:   0% 2352 MHz:   0% 2616 MHz:   0% 2868 MHz:   0% 3096 MHz:   0% 3300 MHz:   0% 3468 MHz:   0% 3624 MHz:   0% 3756 MHz:   0% 3828 MHz:   0% 3888 MHz:   0% 3948 MHz:   0% 3996 MHz:   0% 4044 MHz:   0% 4104 MHz:   0% 4416 MHz:   0% 4512 MHz:  45%)
CPU 15 idle residency:  55.12%
CPU 15 down residency:   0.00%

CPU Power: 5049 mW
GPU Power: 27459 mW
ANE Power: 0 mW
Combined Power (CPU + GPU + ANE): 32507 mW

**** GPU usage ****

GPU HW active frequency: 1578 MHz
GPU HW active residency: 100.00% (338 MHz:   0% 618 MHz:   0% 796 MHz:   0% 924 MHz:   0% 952 MHz:   0% 1056 MHz:   0% 1062 MHz:   0% 1182 MHz:   0% 1182 MHz:   0% 1312 MHz:   0% 1242 MHz:   0% 1380 MHz:   0% 1326 MHz:   0% 1470 MHz:   0% 1578 MHz: 100%)
GPU SW requested state: (P1 :   0% P2 :   0% P3 :   0% P4 :   0% P5 :   0% P6 :   0% P7 :   0% P8 :   0% P9 :   0% P10 : 100% P11 :   0% P12 :   0% P13 :   0% P14 :   0% P15 :   0%)
GPU SW state: (SW_P1 :   0% SW_P2 :   0% SW_P3 :   0% SW_P4 :   0% SW_P5 :   0% SW_P6 :   0% SW_P7 :   0% SW_P8 :   0% SW_P9 :   0% SW_P10 : 100% SW_P11 :   0% SW_P12 :   0% SW_P13 :   0% SW_P14 :   0% SW_P15 :   0%)
GPU idle residency:   0.00%
GPU Power: 27454 mW



*** Sampled system activity (Tue Jan 20 11:33:57 2026 +0100) (1019.96ms elapsed) ***


**** Processor usage ****

E-Cluster Online: 100%
E-Cluster HW active frequency: 2557 MHz
E-Cluster HW active residency:  80.58% (1020 MHz: .87% 1404 MHz: .34% 1788 MHz: .73% 2112 MHz: .63% 2352 MHz: .60% 2532 MHz: .00% 2592 MHz:  77%)
E-Cluster idle residency:  19.42%
E-Cluster down residency:   0.00%
CPU 0 frequency: 2555 MHz
CPU 0 active residency:  49.33% (1020 MHz: .57% 1404 MHz: .26% 1788 MHz: .44% 2112 MHz: .38% 2352 MHz: .34% 2532 MHz:   0% 2592 MHz:  47%)
CPU 0 idle residency:  50.67%
CPU 0 down residency:   0.00%
CPU 1 frequency: 2559 MHz
CPU 1 active residency:  32.68% (1020 MHz: .26% 1404 MHz: .16% 1788 MHz: .35% 2112 MHz: .27% 2352 MHz: .29% 2532 MHz:   0% 2592 MHz:  31%)
CPU 1 idle residency:  67.32%
CPU 1 down residency:   0.00%
CPU 2 frequency: 2539 MHz
CPU 2 active residency:  19.03% (1020 MHz: .37% 1404 MHz: .11% 1788 MHz: .24% 2112 MHz: .18% 2352 MHz: .12% 2532 MHz:   0% 2592 MHz:  18%)
CPU 2 idle residency:  80.97%
CPU 2 down residency:   0.00%
CPU 3 frequency: 2567 MHz
CPU 3 active residency:  11.41% (1020 MHz: .07% 1404 MHz: .05% 1788 MHz: .08% 2112 MHz: .07% 2352 MHz: .10% 2532 MHz:   0% 2592 MHz:  11%)
CPU 3 idle residency:  88.59%
CPU 3 down residency:   0.00%

P0-Cluster Online: 9%
P0-Cluster HW active frequency: 3616 MHz
P0-Cluster HW active residency:   3.71% (1260 MHz: .58% 1512 MHz: .18% 1800 MHz:   0% 2088 MHz:   0% 2352 MHz:   0% 2616 MHz:   0% 2868 MHz:   0% 3096 MHz:   0% 3300 MHz:   0% 3468 MHz:   0% 3624 MHz:   0% 3756 MHz:   0% 3828 MHz:   0% 3888 MHz: .01% 3948 MHz: .09% 3996 MHz: .37% 4044 MHz: 1.4% 4104 MHz:   0% 4416 MHz: .15% 4512 MHz: .95%)
P0-Cluster idle residency:   4.35%
P0-Cluster down residency:  91.95%
CPU 4 frequency: 0 MHz
CPU 4 active residency:   0.00% (1260 MHz:   0% 1512 MHz:   0% 1800 MHz:   0% 2088 MHz:   0% 2352 MHz:   0% 2616 MHz:   0% 2868 MHz:   0% 3096 MHz:   0% 3300 MHz:   0% 3468 MHz:   0% 3624 MHz:   0% 3756 MHz:   0% 3828 MHz:   0% 3888 MHz:   0% 3948 MHz:   0% 3996 MHz:   0% 4044 MHz:   0% 4104 MHz:   0% 4416 MHz:   0% 4512 MHz:   0%)
CPU 4 idle residency:   7.97%
CPU 4 down residency:  92.03%
CPU 5 frequency: 0 MHz
CPU 5 active residency:   0.00% (1260 MHz:   0% 1512 MHz:   0% 1800 MHz:   0% 2088 MHz:   0% 2352 MHz:   0% 2616 MHz:   0% 2868 MHz:   0% 3096 MHz:   0% 3300 MHz:   0% 3468 MHz:   0% 3624 MHz:   0% 3756 MHz:   0% 3828 MHz:   0% 3888 MHz:   0% 3948 MHz:   0% 3996 MHz:   0% 4044 MHz:   0% 4104 MHz:   0% 4416 MHz:   0% 4512 MHz:   0%)
CPU 5 idle residency:   7.43%
CPU 5 down residency:  92.57%
CPU 6 frequency: 0 MHz
CPU 6 active residency:   0.00% (1260 MHz:   0% 1512 MHz:   0% 1800 MHz:   0% 2088 MHz:   0% 2352 MHz:   0% 2616 MHz:   0% 2868 MHz:   0% 3096 MHz:   0% 3300 MHz:   0% 3468 MHz:   0% 3624 MHz:   0% 3756 MHz:   0% 3828 MHz:   0% 3888 MHz:   0% 3948 MHz:   0% 3996 MHz:   0% 4044 MHz:   0% 4104 MHz:   0% 4416 MHz:   0% 4512 MHz:   0%)
CPU 6 idle residency:   8.01%
CPU 6 down residency:  91.99%
CPU 7 frequency: 0 MHz
CPU 7 active residency:   0.00% (1260 MHz:   0% 1512 MHz:   0% 1800 MHz:   0% 2088 MHz:   0% 2352 MHz:   0% 2616 MHz:   0% 2868 MHz:   0% 3096 MHz:   0% 3300 MHz:   0% 3468 MHz:   0% 3624 MHz:   0% 3756 MHz:   0% 3828 MHz:   0% 3888 MHz:   0% 3948 MHz:   0% 3996 MHz:   0% 4044 MHz:   0% 4104 MHz:   0% 4416 MHz:   0% 4512 MHz:   0%)
CPU 7 idle residency:   6.84%
CPU 7 down residency:  93.16%
CPU 8 frequency: 0 MHz
CPU 8 active residency:   0.00% (1260 MHz:   0% 1512 MHz:   0% 1800 MHz:   0% 2088 MHz:   0% 2352 MHz:   0% 2616 MHz:   0% 2868 MHz:   0% 3096 MHz:   0% 3300 MHz:   0% 3468 MHz:   0% 3624 MHz:   0% 3756 MHz:   0% 3828 MHz:   0% 3888 MHz:   0% 3948 MHz:   0% 3996 MHz:   0% 4044 MHz:   0% 4104 MHz:   0% 4416 MHz:   0% 4512 MHz:   0%)
CPU 8 idle residency:   8.00%
CPU 8 down residency:  92.00%
CPU 9 frequency: 0 MHz
CPU 9 active residency:   0.00% (1260 MHz:   0% 1512 MHz:   0% 1800 MHz:   0% 2088 MHz:   0% 2352 MHz:   0% 2616 MHz:   0% 2868 MHz:   0% 3096 MHz:   0% 3300 MHz:   0% 3468 MHz:   0% 3624 MHz:   0% 3756 MHz:   0% 3828 MHz:   0% 3888 MHz:   0% 3948 MHz:   0% 3996 MHz:   0% 4044 MHz:   0% 4104 MHz:   0% 4416 MHz:   0% 4512 MHz:   0%)
CPU 9 idle residency:   6.86%
CPU 9 down residency:  93.14%

P1-Cluster HW active frequency: 3992 MHz
P1-Cluster HW active residency:  98.65% (1260 MHz: .01% 1512 MHz:   0% 1800 MHz:   0% 2088 MHz:   0% 2352 MHz:   0% 2616 MHz:   0% 2868 MHz:   0% 3096 MHz:   0% 3300 MHz:   0% 3468 MHz:   0% 3624 MHz:   0% 3756 MHz:   0% 3828 MHz:   0% 3888 MHz: 8.1% 3948 MHz:  64% 3996 MHz: 9.0% 4044 MHz:  11% 4104 MHz:   0% 4416 MHz: 2.7% 4512 MHz: 3.9%)
P1-Cluster idle residency:   1.35%
P1-Cluster down residency:   0.00%
CPU 10 frequency: 4512 MHz
CPU 10 active residency:  53.18% (1260 MHz:   0% 1512 MHz:   0% 1800 MHz:   0% 2088 MHz:   0% 2352 MHz:   0% 2616 MHz:   0% 2868 MHz:   0% 3096 MHz:   0% 3300 MHz:   0% 3468 MHz:   0% 3624 MHz:   0% 3756 MHz:   0% 3828 MHz:   0% 3888 MHz:   0% 3948 MHz:   0% 3996 MHz:   0% 4044 MHz:   0% 4104 MHz:   0% 4416 MHz:   0% 4512 MHz:  53%)
CPU 10 idle residency:  46.82%
CPU 10 down residency:   0.00%
CPU 11 frequency: 4512 MHz
CPU 11 active residency:  52.80% (1260 MHz:   0% 1512 MHz:   0% 1800 MHz:   0% 2088 MHz:   0% 2352 MHz:   0% 2616 MHz:   0% 2868 MHz:   0% 3096 MHz:   0% 3300 MHz:   0% 3468 MHz:   0% 3624 MHz:   0% 3756 MHz:   0% 3828 MHz:   0% 3888 MHz:   0% 3948 MHz:   0% 3996 MHz:   0% 4044 MHz:   0% 4104 MHz:   0% 4416 MHz:   0% 4512 MHz:  53%)
CPU 11 idle residency:  47.20%
CPU 11 down residency:   0.00%
CPU 12 frequency: 4512 MHz
CPU 12 active residency:  45.37% (1260 MHz:   0% 1512 MHz:   0% 1800 MHz:   0% 2088 MHz:   0% 2352 MHz:   0% 2616 MHz:   0% 2868 MHz:   0% 3096 MHz:   0% 3300 MHz:   0% 3468 MHz:   0% 3624 MHz:   0% 3756 MHz:   0% 3828 MHz:   0% 3888 MHz:   0% 3948 MHz:   0% 3996 MHz:   0% 4044 MHz:   0% 4104 MHz:   0% 4416 MHz:   0% 4512 MHz:  45%)
CPU 12 idle residency:  54.63%
CPU 12 down residency:   0.00%
CPU 13 frequency: 4512 MHz
CPU 13 active residency:  47.67% (1260 MHz:   0% 1512 MHz:   0% 1800 MHz:   0% 2088 MHz:   0% 2352 MHz:   0% 2616 MHz:   0% 2868 MHz:   0% 3096 MHz:   0% 3300 MHz:   0% 3468 MHz:   0% 3624 MHz:   0% 3756 MHz:   0% 3828 MHz:   0% 3888 MHz:   0% 3948 MHz:   0% 3996 MHz:   0% 4044 MHz:   0% 4104 MHz:   0% 4416 MHz:   0% 4512 MHz:  48%)
CPU 13 idle residency:  52.33%
CPU 13 down residency:   0.00%
CPU 14 frequency: 4512 MHz
CPU 14 active residency:  38.69% (1260 MHz: .00% 1512 MHz:   0% 1800 MHz:   0% 2088 MHz:   0% 2352 MHz:   0% 2616 MHz:   0% 2868 MHz:   0% 3096 MHz:   0% 3300 MHz:   0% 3468 MHz:   0% 3624 MHz:   0% 3756 MHz:   0% 3828 MHz:   0% 3888 MHz:   0% 3948 MHz:   0% 3996 MHz:   0% 4044 MHz:   0% 4104 MHz:   0% 4416 MHz:   0% 4512 MHz:  39%)
CPU 14 idle residency:  61.31%
CPU 14 down residency:   0.00%
CPU 15 frequency: 4512 MHz
CPU 15 active residency:  42.24% (1260 MHz:   0% 1512 MHz:   0% 1800 MHz:   0% 2088 MHz:   0% 2352 MHz:   0% 2616 MHz:   0% 2868 MHz:   0% 3096 MHz:   0% 3300 MHz:   0% 3468 MHz:   0% 3624 MHz:   0% 3756 MHz:   0% 3828 MHz:   0% 3888 MHz:   0% 3948 MHz:   0% 3996 MHz:   0% 4044 MHz:   0% 4104 MHz:   0% 4416 MHz:   0% 4512 MHz:  42%)
CPU 15 idle residency:  57.76%
CPU 15 down residency:   0.00%

CPU Power: 5146 mW
GPU Power: 27227 mW
ANE Power: 0 mW
Combined Power (CPU + GPU + ANE): 32373 mW

**** GPU usage ****

GPU HW active frequency: 1578 MHz
GPU HW active residency: 100.00% (338 MHz:   0% 618 MHz:   0% 796 MHz:   0% 924 MHz:   0% 952 MHz:   0% 1056 MHz:   0% 1062 MHz:   0% 1182 MHz:   0% 1182 MHz:   0% 1312 MHz:   0% 1242 MHz:   0% 1380 MHz:   0% 1326 MHz:   0% 1470 MHz:   0% 1578 MHz: 100%)
GPU SW requested state: (P1 :   0% P2 :   0% P3 :   0% P4 :   0% P5 :   0% P6 :   0% P7 :   0% P8 :   0% P9 :   0% P10 : 100% P11 :   0% P12 :   0% P13 :   0% P14 :   0% P15 :   0%)
GPU SW state: (SW_P1 :   0% SW_P2 :   0% SW_P3 :   0% SW_P4 :   0% SW_P5 :   0% SW_P6 :   0% SW_P7 :   0% SW_P8 :   0% SW_P9 :   0% SW_P10 : 100% SW_P11 :   0% SW_P12 :   0% SW_P13 :   0% SW_P14 :   0% SW_P15 :   0%)
GPU idle residency:   0.00%
GPU Power: 27228 mW



*** Sampled system activity (Tue Jan 20 11:33:58 2026 +0100) (1020.22ms elapsed) ***


**** Processor usage ****

E-Cluster Online: 100%
E-Cluster HW active frequency: 2592 MHz
E-Cluster HW active residency:  82.97% (1020 MHz:   0% 1404 MHz:   0% 1788 MHz:   0% 2112 MHz:   0% 2352 MHz:   0% 2532 MHz: .01% 2592 MHz:  83%)
E-Cluster idle residency:  17.03%
E-Cluster down residency:   0.00%
CPU 0 frequency: 2592 MHz
CPU 0 active residency:  51.37% (1020 MHz:   0% 1404 MHz:   0% 1788 MHz:   0% 2112 MHz:   0% 2352 MHz:   0% 2532 MHz:   0% 2592 MHz:  51%)
CPU 0 idle residency:  48.63%
CPU 0 down residency:   0.00%
CPU 1 frequency: 2592 MHz
CPU 1 active residency:  37.00% (1020 MHz:   0% 1404 MHz:   0% 1788 MHz:   0% 2112 MHz:   0% 2352 MHz:   0% 2532 MHz:   0% 2592 MHz:  37%)
CPU 1 idle residency:  63.00%
CPU 1 down residency:   0.00%
CPU 2 frequency: 2592 MHz
CPU 2 active residency:  25.75% (1020 MHz:   0% 1404 MHz:   0% 1788 MHz:   0% 2112 MHz:   0% 2352 MHz:   0% 2532 MHz:   0% 2592 MHz:  26%)
CPU 2 idle residency:  74.25%
CPU 2 down residency:   0.00%
CPU 3 frequency: 2592 MHz
CPU 3 active residency:  16.69% (1020 MHz:   0% 1404 MHz:   0% 1788 MHz:   0% 2112 MHz:   0% 2352 MHz:   0% 2532 MHz:   0% 2592 MHz:  17%)
CPU 3 idle residency:  83.31%
CPU 3 down residency:   0.00%

P0-Cluster Online: 4%
P0-Cluster HW active frequency: 1486 MHz
P0-Cluster HW active residency:   1.21% (1260 MHz: 1.1% 1512 MHz:   0% 1800 MHz:   0% 2088 MHz:   0% 2352 MHz:   0% 2616 MHz:   0% 2868 MHz:   0% 3096 MHz:   0% 3300 MHz:   0% 3468 MHz:   0% 3624 MHz:   0% 3756 MHz:   0% 3828 MHz:   0% 3888 MHz:   0% 3948 MHz:   0% 3996 MHz:   0% 4044 MHz:   0% 4104 MHz:   0% 4416 MHz:   0% 4512 MHz: .08%)
P0-Cluster idle residency:   2.17%
P0-Cluster down residency:  96.62%
CPU 4 frequency: 4317 MHz
CPU 4 active residency:   8.27% (1260 MHz: .45% 1512 MHz: .06% 1800 MHz:   0% 2088 MHz:   0% 2352 MHz:   0% 2616 MHz:   0% 2868 MHz:   0% 3096 MHz:   0% 3300 MHz:   0% 3468 MHz:   0% 3624 MHz:   0% 3756 MHz:   0% 3828 MHz:   0% 3888 MHz:   0% 3948 MHz:   0% 3996 MHz:   0% 4044 MHz:   0% 4104 MHz:   0% 4416 MHz:   0% 4512 MHz: 7.8%)
CPU 4 idle residency:   2.95%
CPU 4 down residency:  88.78%
CPU 5 frequency: 4269 MHz
CPU 5 active residency:   7.03% (1260 MHz: .47% 1512 MHz: .06% 1800 MHz:   0% 2088 MHz:   0% 2352 MHz:   0% 2616 MHz:   0% 2868 MHz:   0% 3096 MHz:   0% 3300 MHz:   0% 3468 MHz:   0% 3624 MHz:   0% 3756 MHz:   0% 3828 MHz:   0% 3888 MHz:   0% 3948 MHz:   0% 3996 MHz:   0% 4044 MHz:   0% 4104 MHz:   0% 4416 MHz:   0% 4512 MHz: 6.5%)
CPU 5 idle residency:   3.00%
CPU 5 down residency:  89.97%
CPU 6 frequency: 4248 MHz
CPU 6 active residency:   6.31% (1260 MHz: .46% 1512 MHz: .06% 1800 MHz: .00% 2088 MHz:   0% 2352 MHz:   0% 2616 MHz:   0% 2868 MHz:   0% 3096 MHz:   0% 3300 MHz:   0% 3468 MHz:   0% 3624 MHz:   0% 3756 MHz:   0% 3828 MHz:   0% 3888 MHz:   0% 3948 MHz:   0% 3996 MHz:   0% 4044 MHz:   0% 4104 MHz:   0% 4416 MHz:   0% 4512 MHz: 5.8%)
CPU 6 idle residency:   2.99%
CPU 6 down residency:  90.69%
CPU 7 frequency: 4286 MHz
CPU 7 active residency:   7.52% (1260 MHz: .47% 1512 MHz: .06% 1800 MHz: .00% 2088 MHz:   0% 2352 MHz:   0% 2616 MHz:   0% 2868 MHz:   0% 3096 MHz:   0% 3300 MHz:   0% 3468 MHz:   0% 3624 MHz:   0% 3756 MHz:   0% 3828 MHz:   0% 3888 MHz:   0% 3948 MHz:   0% 3996 MHz:   0% 4044 MHz:   0% 4104 MHz:   0% 4416 MHz:   0% 4512 MHz: 7.0%)
CPU 7 idle residency:   2.98%
CPU 7 down residency:  89.50%
CPU 8 frequency: 4318 MHz
CPU 8 active residency:   8.27% (1260 MHz: .44% 1512 MHz: .06% 1800 MHz:   0% 2088 MHz:   0% 2352 MHz:   0% 2616 MHz:   0% 2868 MHz:   0% 3096 MHz:   0% 3300 MHz:   0% 3468 MHz:   0% 3624 MHz:   0% 3756 MHz:   0% 3828 MHz:   0% 3888 MHz:   0% 3948 MHz:   0% 3996 MHz:   0% 4044 MHz:   0% 4104 MHz:   0% 4416 MHz:   0% 4512 MHz: 7.8%)
CPU 8 idle residency:   2.96%
CPU 8 down residency:  88.77%
CPU 9 frequency: 4334 MHz
CPU 9 active residency:   9.21% (1260 MHz: .45% 1512 MHz: .06% 1800 MHz: .00% 2088 MHz:   0% 2352 MHz:   0% 2616 MHz:   0% 2868 MHz:   0% 3096 MHz:   0% 3300 MHz:   0% 3468 MHz:   0% 3624 MHz:   0% 3756 MHz:   0% 3828 MHz:   0% 3888 MHz:   0% 3948 MHz:   0% 3996 MHz:   0% 4044 MHz:   0% 4104 MHz:   0% 4416 MHz:   0% 4512 MHz: 8.7%)
CPU 9 idle residency:   2.93%
CPU 9 down residency:  87.86%

P1-Cluster HW active frequency: 3992 MHz
P1-Cluster HW active residency:  98.78% (1260 MHz:   0% 1512 MHz:   0% 1800 MHz:   0% 2088 MHz:   0% 2352 MHz:   0% 2616 MHz:   0% 2868 MHz:   0% 3096 MHz:   0% 3300 MHz:   0% 3468 MHz:   0% 3624 MHz:   0% 3756 MHz:   0% 3828 MHz:   0% 3888 MHz: 6.6% 3948 MHz:  65% 3996 MHz:  10% 4044 MHz:  11% 4104 MHz:   0% 4416 MHz: 2.5% 4512 MHz: 3.5%)
P1-Cluster idle residency:   1.22%
P1-Cluster down residency:   0.00%
CPU 10 frequency: 4512 MHz
CPU 10 active residency:  42.24% (1260 MHz:   0% 1512 MHz:   0% 1800 MHz:   0% 2088 MHz:   0% 2352 MHz:   0% 2616 MHz:   0% 2868 MHz:   0% 3096 MHz:   0% 3300 MHz:   0% 3468 MHz:   0% 3624 MHz:   0% 3756 MHz:   0% 3828 MHz:   0% 3888 MHz:   0% 3948 MHz:   0% 3996 MHz:   0% 4044 MHz:   0% 4104 MHz:   0% 4416 MHz:   0% 4512 MHz:  42%)
CPU 10 idle residency:  57.76%
CPU 10 down residency:   0.00%
CPU 11 frequency: 4512 MHz
CPU 11 active residency:  43.85% (1260 MHz:   0% 1512 MHz:   0% 1800 MHz:   0% 2088 MHz:   0% 2352 MHz:   0% 2616 MHz:   0% 2868 MHz:   0% 3096 MHz:   0% 3300 MHz:   0% 3468 MHz:   0% 3624 MHz:   0% 3756 MHz:   0% 3828 MHz:   0% 3888 MHz:   0% 3948 MHz:   0% 3996 MHz:   0% 4044 MHz:   0% 4104 MHz:   0% 4416 MHz:   0% 4512 MHz:  44%)
CPU 11 idle residency:  56.15%
CPU 11 down residency:   0.00%
CPU 12 frequency: 4512 MHz
CPU 12 active residency:  51.34% (1260 MHz:   0% 1512 MHz:   0% 1800 MHz:   0% 2088 MHz:   0% 2352 MHz:   0% 2616 MHz:   0% 2868 MHz:   0% 3096 MHz:   0% 3300 MHz:   0% 3468 MHz:   0% 3624 MHz:   0% 3756 MHz:   0% 3828 MHz:   0% 3888 MHz:   0% 3948 MHz:   0% 3996 MHz:   0% 4044 MHz:   0% 4104 MHz:   0% 4416 MHz:   0% 4512 MHz:  51%)
CPU 12 idle residency:  48.66%
CPU 12 down residency:   0.00%
CPU 13 frequency: 4512 MHz
CPU 13 active residency:  46.11% (1260 MHz:   0% 1512 MHz:   0% 1800 MHz:   0% 2088 MHz:   0% 2352 MHz:   0% 2616 MHz:   0% 2868 MHz:   0% 3096 MHz:   0% 3300 MHz:   0% 3468 MHz:   0% 3624 MHz:   0% 3756 MHz:   0% 3828 MHz:   0% 3888 MHz:   0% 3948 MHz:   0% 3996 MHz:   0% 4044 MHz:   0% 4104 MHz:   0% 4416 MHz:   0% 4512 MHz:  46%)
CPU 13 idle residency:  53.89%
CPU 13 down residency:   0.00%
CPU 14 frequency: 4512 MHz
CPU 14 active residency:  49.10% (1260 MHz:   0% 1512 MHz:   0% 1800 MHz:   0% 2088 MHz:   0% 2352 MHz:   0% 2616 MHz:   0% 2868 MHz:   0% 3096 MHz:   0% 3300 MHz:   0% 3468 MHz:   0% 3624 MHz:   0% 3756 MHz:   0% 3828 MHz:   0% 3888 MHz:   0% 3948 MHz:   0% 3996 MHz:   0% 4044 MHz:   0% 4104 MHz:   0% 4416 MHz:   0% 4512 MHz:  49%)
CPU 14 idle residency:  50.90%
CPU 14 down residency:   0.00%
CPU 15 frequency: 4512 MHz
CPU 15 active residency:  44.03% (1260 MHz:   0% 1512 MHz:   0% 1800 MHz:   0% 2088 MHz:   0% 2352 MHz:   0% 2616 MHz:   0% 2868 MHz:   0% 3096 MHz:   0% 3300 MHz:   0% 3468 MHz:   0% 3624 MHz:   0% 3756 MHz:   0% 3828 MHz:   0% 3888 MHz:   0% 3948 MHz:   0% 3996 MHz:   0% 4044 MHz:   0% 4104 MHz:   0% 4416 MHz:   0% 4512 MHz:  44%)
CPU 15 idle residency:  55.97%
CPU 15 down residency:   0.00%

CPU Power: 5021 mW
GPU Power: 27627 mW
ANE Power: 0 mW
Combined Power (CPU + GPU + ANE): 32649 mW

**** GPU usage ****

GPU HW active frequency: 1578 MHz
GPU HW active residency: 100.00% (338 MHz:   0% 618 MHz:   0% 796 MHz:   0% 924 MHz:   0% 952 MHz:   0% 1056 MHz:   0% 1062 MHz:   0% 1182 MHz:   0% 1182 MHz:   0% 1312 MHz:   0% 1242 MHz:   0% 1380 MHz:   0% 1326 MHz:   0% 1470 MHz:   0% 1578 MHz: 100%)
GPU SW requested state: (P1 :   0% P2 :   0% P3 :   0% P4 :   0% P5 :   0% P6 :   0% P7 :   0% P8 :   0% P9 :   0% P10 : 100% P11 :   0% P12 :   0% P13 :   0% P14 :   0% P15 :   0%)
GPU SW state: (SW_P1 :   0% SW_P2 :   0% SW_P3 :   0% SW_P4 :   0% SW_P5 :   0% SW_P6 :   0% SW_P7 :   0% SW_P8 :   0% SW_P9 :   0% SW_P10 : 100% SW_P11 :   0% SW_P12 :   0% SW_P13 :   0% SW_P14 :   0% SW_P15 :   0%)
GPU idle residency:   0.00%
GPU Power: 27628 mW



*** Sampled system activity (Tue Jan 20 11:33:59 2026 +0100) (1021.01ms elapsed) ***


**** Processor usage ****

E-Cluster Online: 100%
E-Cluster HW active frequency: 2592 MHz
E-Cluster HW active residency:  80.37% (1020 MHz:   0% 1404 MHz:   0% 1788 MHz:   0% 2112 MHz:   0% 2352 MHz:   0% 2532 MHz: .00% 2592 MHz:  80%)
E-Cluster idle residency:  19.63%
E-Cluster down residency:   0.00%
CPU 0 frequency: 2592 MHz
CPU 0 active residency:  49.03% (1020 MHz:   0% 1404 MHz:   0% 1788 MHz:   0% 2112 MHz:   0% 2352 MHz:   0% 2532 MHz:   0% 2592 MHz:  49%)
CPU 0 idle residency:  50.97%
CPU 0 down residency:   0.00%
CPU 1 frequency: 2592 MHz
CPU 1 active residency:  33.37% (1020 MHz:   0% 1404 MHz:   0% 1788 MHz:   0% 2112 MHz:   0% 2352 MHz:   0% 2532 MHz:   0% 2592 MHz:  33%)
CPU 1 idle residency:  66.63%
CPU 1 down residency:   0.00%
CPU 2 frequency: 2592 MHz
CPU 2 active residency:  22.31% (1020 MHz:   0% 1404 MHz:   0% 1788 MHz:   0% 2112 MHz:   0% 2352 MHz:   0% 2532 MHz:   0% 2592 MHz:  22%)
CPU 2 idle residency:  77.69%
CPU 2 down residency:   0.00%
CPU 3 frequency: 2592 MHz
CPU 3 active residency:  12.45% (1020 MHz:   0% 1404 MHz:   0% 1788 MHz:   0% 2112 MHz:   0% 2352 MHz:   0% 2532 MHz:   0% 2592 MHz:  12%)
CPU 3 idle residency:  87.55%
CPU 3 down residency:   0.00%

P0-Cluster Online: 20%
P0-Cluster HW active frequency: 3931 MHz
P0-Cluster HW active residency:  17.16% (1260 MHz: .44% 1512 MHz:   0% 1800 MHz:   0% 2088 MHz:   0% 2352 MHz:   0% 2616 MHz:   0% 2868 MHz:   0% 3096 MHz:   0% 3300 MHz:   0% 3468 MHz:   0% 3624 MHz:   0% 3756 MHz:   0% 3828 MHz:   0% 3888 MHz: .78% 3948 MHz:  11% 3996 MHz: 1.5% 4044 MHz: 1.9% 4104 MHz:   0% 4416 MHz: .64% 4512 MHz: .68%)
P0-Cluster idle residency:   1.51%
P0-Cluster down residency:  81.34%
CPU 4 frequency: 4390 MHz
CPU 4 active residency:   5.84% (1260 MHz: .22% 1512 MHz:   0% 1800 MHz:   0% 2088 MHz:   0% 2352 MHz:   0% 2616 MHz:   0% 2868 MHz:   0% 3096 MHz:   0% 3300 MHz:   0% 3468 MHz:   0% 3624 MHz:   0% 3756 MHz:   0% 3828 MHz:   0% 3888 MHz:   0% 3948 MHz:   0% 3996 MHz:   0% 4044 MHz:   0% 4104 MHz:   0% 4416 MHz:   0% 4512 MHz: 5.6%)
CPU 4 idle residency:  12.96%
CPU 4 down residency:  81.21%
CPU 5 frequency: 4441 MHz
CPU 5 active residency:  10.15% (1260 MHz: .22% 1512 MHz:   0% 1800 MHz:   0% 2088 MHz:   0% 2352 MHz:   0% 2616 MHz:   0% 2868 MHz:   0% 3096 MHz:   0% 3300 MHz:   0% 3468 MHz:   0% 3624 MHz:   0% 3756 MHz:   0% 3828 MHz:   0% 3888 MHz:   0% 3948 MHz:   0% 3996 MHz:   0% 4044 MHz:   0% 4104 MHz:   0% 4416 MHz:   0% 4512 MHz: 9.9%)
CPU 5 idle residency:   8.64%
CPU 5 down residency:  81.21%
CPU 6 frequency: 4317 MHz
CPU 6 active residency:   3.62% (1260 MHz: .22% 1512 MHz:   0% 1800 MHz:   0% 2088 MHz:   0% 2352 MHz:   0% 2616 MHz:   0% 2868 MHz:   0% 3096 MHz:   0% 3300 MHz:   0% 3468 MHz:   0% 3624 MHz:   0% 3756 MHz:   0% 3828 MHz:   0% 3888 MHz:   0% 3948 MHz:   0% 3996 MHz:   0% 4044 MHz:   0% 4104 MHz:   0% 4416 MHz:   0% 4512 MHz: 3.4%)
CPU 6 idle residency:  15.17%
CPU 6 down residency:  81.20%
CPU 7 frequency: 4443 MHz
CPU 7 active residency:  10.23% (1260 MHz: .22% 1512 MHz:   0% 1800 MHz:   0% 2088 MHz:   0% 2352 MHz:   0% 2616 MHz:   0% 2868 MHz:   0% 3096 MHz:   0% 3300 MHz:   0% 3468 MHz:   0% 3624 MHz:   0% 3756 MHz:   0% 3828 MHz:   0% 3888 MHz:   0% 3948 MHz:   0% 3996 MHz:   0% 4044 MHz:   0% 4104 MHz:   0% 4416 MHz:   0% 4512 MHz:  10%)
CPU 7 idle residency:   8.57%
CPU 7 down residency:  81.20%
CPU 8 frequency: 4385 MHz
CPU 8 active residency:   5.63% (1260 MHz: .22% 1512 MHz:   0% 1800 MHz:   0% 2088 MHz:   0% 2352 MHz:   0% 2616 MHz:   0% 2868 MHz:   0% 3096 MHz:   0% 3300 MHz:   0% 3468 MHz:   0% 3624 MHz:   0% 3756 MHz:   0% 3828 MHz:   0% 3888 MHz:   0% 3948 MHz:   0% 3996 MHz:   0% 4044 MHz:   0% 4104 MHz:   0% 4416 MHz:   0% 4512 MHz: 5.4%)
CPU 8 idle residency:  13.17%
CPU 8 down residency:  81.20%
CPU 9 frequency: 4447 MHz
CPU 9 active residency:  10.91% (1260 MHz: .22% 1512 MHz:   0% 1800 MHz:   0% 2088 MHz:   0% 2352 MHz:   0% 2616 MHz:   0% 2868 MHz:   0% 3096 MHz:   0% 3300 MHz:   0% 3468 MHz:   0% 3624 MHz:   0% 3756 MHz:   0% 3828 MHz:   0% 3888 MHz:   0% 3948 MHz:   0% 3996 MHz:   0% 4044 MHz:   0% 4104 MHz:   0% 4416 MHz:   0% 4512 MHz:  11%)
CPU 9 idle residency:   7.89%
CPU 9 down residency:  81.20%

P1-Cluster HW active frequency: 3975 MHz
P1-Cluster HW active residency:  82.55% (1260 MHz:   0% 1512 MHz:   0% 1800 MHz:   0% 2088 MHz:   0% 2352 MHz:   0% 2616 MHz:   0% 2868 MHz:   0% 3096 MHz:   0% 3300 MHz:   0% 3468 MHz:   0% 3624 MHz:   0% 3756 MHz:   0% 3828 MHz:   0% 3888 MHz: 4.7% 3948 MHz:  60% 3996 MHz: 8.1% 4044 MHz: 6.9% 4104 MHz:   0% 4416 MHz: 1.7% 4512 MHz: 1.2%)
P1-Cluster idle residency:   0.56%
P1-Cluster down residency:  16.88%
CPU 10 frequency: 4512 MHz
CPU 10 active residency:   0.52% (1260 MHz:   0% 1512 MHz:   0% 1800 MHz:   0% 2088 MHz:   0% 2352 MHz:   0% 2616 MHz:   0% 2868 MHz:   0% 3096 MHz:   0% 3300 MHz:   0% 3468 MHz:   0% 3624 MHz:   0% 3756 MHz:   0% 3828 MHz:   0% 3888 MHz:   0% 3948 MHz:   0% 3996 MHz:   0% 4044 MHz:   0% 4104 MHz:   0% 4416 MHz:   0% 4512 MHz: .52%)
CPU 10 idle residency:  69.46%
CPU 10 down residency:  30.03%
CPU 11 frequency: 4512 MHz
CPU 11 active residency:   1.04% (1260 MHz:   0% 1512 MHz:   0% 1800 MHz:   0% 2088 MHz:   0% 2352 MHz:   0% 2616 MHz:   0% 2868 MHz:   0% 3096 MHz:   0% 3300 MHz:   0% 3468 MHz:   0% 3624 MHz:   0% 3756 MHz:   0% 3828 MHz:   0% 3888 MHz:   0% 3948 MHz:   0% 3996 MHz:   0% 4044 MHz:   0% 4104 MHz:   0% 4416 MHz:   0% 4512 MHz: 1.0%)
CPU 11 idle residency:  70.87%
CPU 11 down residency:  28.09%
CPU 12 frequency: 4512 MHz
CPU 12 active residency:   1.19% (1260 MHz:   0% 1512 MHz:   0% 1800 MHz:   0% 2088 MHz:   0% 2352 MHz:   0% 2616 MHz:   0% 2868 MHz:   0% 3096 MHz:   0% 3300 MHz:   0% 3468 MHz:   0% 3624 MHz:   0% 3756 MHz:   0% 3828 MHz:   0% 3888 MHz:   0% 3948 MHz:   0% 3996 MHz:   0% 4044 MHz:   0% 4104 MHz:   0% 4416 MHz:   0% 4512 MHz: 1.2%)
CPU 12 idle residency:  71.10%
CPU 12 down residency:  27.71%
CPU 13 frequency: 4512 MHz
CPU 13 active residency:   0.16% (1260 MHz:   0% 1512 MHz:   0% 1800 MHz:   0% 2088 MHz:   0% 2352 MHz:   0% 2616 MHz:   0% 2868 MHz:   0% 3096 MHz:   0% 3300 MHz:   0% 3468 MHz:   0% 3624 MHz:   0% 3756 MHz:   0% 3828 MHz:   0% 3888 MHz:   0% 3948 MHz:   0% 3996 MHz:   0% 4044 MHz:   0% 4104 MHz:   0% 4416 MHz:   0% 4512 MHz: .16%)
CPU 13 idle residency:  71.90%
CPU 13 down residency:  27.93%
CPU 14 frequency: 4512 MHz
CPU 14 active residency:   1.43% (1260 MHz:   0% 1512 MHz:   0% 1800 MHz:   0% 2088 MHz:   0% 2352 MHz:   0% 2616 MHz:   0% 2868 MHz:   0% 3096 MHz:   0% 3300 MHz:   0% 3468 MHz:   0% 3624 MHz:   0% 3756 MHz:   0% 3828 MHz:   0% 3888 MHz:   0% 3948 MHz:   0% 3996 MHz:   0% 4044 MHz:   0% 4104 MHz:   0% 4416 MHz:   0% 4512 MHz: 1.4%)
CPU 14 idle residency:  70.82%
CPU 14 down residency:  27.75%
CPU 15 frequency: 4512 MHz
CPU 15 active residency:   1.00% (1260 MHz:   0% 1512 MHz:   0% 1800 MHz:   0% 2088 MHz:   0% 2352 MHz:   0% 2616 MHz:   0% 2868 MHz:   0% 3096 MHz:   0% 3300 MHz:   0% 3468 MHz:   0% 3624 MHz:   0% 3756 MHz:   0% 3828 MHz:   0% 3888 MHz:   0% 3948 MHz:   0% 3996 MHz:   0% 4044 MHz:   0% 4104 MHz:   0% 4416 MHz:   0% 4512 MHz: 1.0%)
CPU 15 idle residency:  73.06%
CPU 15 down residency:  25.94%

CPU Power: 4733 mW
GPU Power: 27558 mW
ANE Power: 0 mW
Combined Power (CPU + GPU + ANE): 32291 mW

**** GPU usage ****

GPU HW active frequency: 1578 MHz
GPU HW active residency: 100.00% (338 MHz:   0% 618 MHz:   0% 796 MHz:   0% 924 MHz:   0% 952 MHz:   0% 1056 MHz:   0% 1062 MHz:   0% 1182 MHz:   0% 1182 MHz:   0% 1312 MHz:   0% 1242 MHz:   0% 1380 MHz:   0% 1326 MHz:   0% 1470 MHz:   0% 1578 MHz: 100%)
GPU SW requested state: (P1 :   0% P2 :   0% P3 :   0% P4 :   0% P5 :   0% P6 :   0% P7 :   0% P8 :   0% P9 :   0% P10 : 100% P11 :   0% P12 :   0% P13 :   0% P14 :   0% P15 :   0%)
GPU SW state: (SW_P1 :   0% SW_P2 :   0% SW_P3 :   0% SW_P4 :   0% SW_P5 :   0% SW_P6 :   0% SW_P7 :   0% SW_P8 :   0% SW_P9 :   0% SW_P10 : 100% SW_P11 :   0% SW_P12 :   0% SW_P13 :   0% SW_P14 :   0% SW_P15 :   0%)
GPU idle residency:   0.00%
GPU Power: 27560 mW



*** Sampled system activity (Tue Jan 20 11:34:00 2026 +0100) (1020.07ms elapsed) ***


**** Processor usage ****

E-Cluster Online: 100%
E-Cluster HW active frequency: 2590 MHz
E-Cluster HW active residency:  83.05% (1020 MHz:   0% 1404 MHz:   0% 1788 MHz:   0% 2112 MHz:   0% 2352 MHz: .25% 2532 MHz: 2.1% 2592 MHz:  81%)
E-Cluster idle residency:  16.95%
E-Cluster down residency:   0.00%
CPU 0 frequency: 2590 MHz
CPU 0 active residency:  49.82% (1020 MHz:   0% 1404 MHz:   0% 1788 MHz:   0% 2112 MHz:   0% 2352 MHz: .11% 2532 MHz: 1.3% 2592 MHz:  48%)
CPU 0 idle residency:  50.18%
CPU 0 down residency:   0.00%
CPU 1 frequency: 2591 MHz
CPU 1 active residency:  37.59% (1020 MHz:   0% 1404 MHz:   0% 1788 MHz:   0% 2112 MHz:   0% 2352 MHz: .05% 2532 MHz: .62% 2592 MHz:  37%)
CPU 1 idle residency:  62.41%
CPU 1 down residency:   0.00%
CPU 2 frequency: 2591 MHz
CPU 2 active residency:  26.71% (1020 MHz:   0% 1404 MHz:   0% 1788 MHz:   0% 2112 MHz:   0% 2352 MHz: .01% 2532 MHz: .42% 2592 MHz:  26%)
CPU 2 idle residency:  73.29%
CPU 2 down residency:   0.00%
CPU 3 frequency: 2588 MHz
CPU 3 active residency:  16.14% (1020 MHz:   0% 1404 MHz:   0% 1788 MHz:   0% 2112 MHz:   0% 2352 MHz: .17% 2532 MHz: .46% 2592 MHz:  16%)
CPU 3 idle residency:  83.86%
CPU 3 down residency:   0.00%

P0-Cluster Online: 100%
P0-Cluster HW active frequency: 3977 MHz
P0-Cluster HW active residency:  99.14% (1260 MHz:   0% 1512 MHz:   0% 1800 MHz:   0% 2088 MHz:   0% 2352 MHz:   0% 2616 MHz:   0% 2868 MHz:   0% 3096 MHz:   0% 3300 MHz:   0% 3468 MHz:   0% 3624 MHz:   0% 3756 MHz:   0% 3828 MHz:   0% 3888 MHz: 7.8% 3948 MHz:  69% 3996 MHz: 9.2% 4044 MHz: 8.8% 4104 MHz:   0% 4416 MHz: 1.8% 4512 MHz: 2.2%)
P0-Cluster idle residency:   0.86%
P0-Cluster down residency:   0.00%
CPU 4 frequency: 4512 MHz
CPU 4 active residency:  50.61% (1260 MHz:   0% 1512 MHz:   0% 1800 MHz:   0% 2088 MHz:   0% 2352 MHz:   0% 2616 MHz:   0% 2868 MHz:   0% 3096 MHz:   0% 3300 MHz:   0% 3468 MHz:   0% 3624 MHz:   0% 3756 MHz:   0% 3828 MHz:   0% 3888 MHz:   0% 3948 MHz:   0% 3996 MHz:   0% 4044 MHz:   0% 4104 MHz:   0% 4416 MHz:   0% 4512 MHz:  51%)
CPU 4 idle residency:  49.39%
CPU 4 down residency:   0.00%
CPU 5 frequency: 4512 MHz
CPU 5 active residency:  51.25% (1260 MHz:   0% 1512 MHz:   0% 1800 MHz:   0% 2088 MHz:   0% 2352 MHz:   0% 2616 MHz:   0% 2868 MHz:   0% 3096 MHz:   0% 3300 MHz:   0% 3468 MHz:   0% 3624 MHz:   0% 3756 MHz:   0% 3828 MHz:   0% 3888 MHz:   0% 3948 MHz:   0% 3996 MHz:   0% 4044 MHz:   0% 4104 MHz:   0% 4416 MHz:   0% 4512 MHz:  51%)
CPU 5 idle residency:  48.75%
CPU 5 down residency:   0.00%
CPU 6 frequency: 4512 MHz
CPU 6 active residency:  52.77% (1260 MHz:   0% 1512 MHz:   0% 1800 MHz:   0% 2088 MHz:   0% 2352 MHz:   0% 2616 MHz:   0% 2868 MHz:   0% 3096 MHz:   0% 3300 MHz:   0% 3468 MHz:   0% 3624 MHz:   0% 3756 MHz:   0% 3828 MHz:   0% 3888 MHz:   0% 3948 MHz:   0% 3996 MHz:   0% 4044 MHz:   0% 4104 MHz:   0% 4416 MHz:   0% 4512 MHz:  53%)
CPU 6 idle residency:  47.23%
CPU 6 down residency:   0.00%
CPU 7 frequency: 4512 MHz
CPU 7 active residency:  42.53% (1260 MHz:   0% 1512 MHz:   0% 1800 MHz:   0% 2088 MHz:   0% 2352 MHz:   0% 2616 MHz:   0% 2868 MHz:   0% 3096 MHz:   0% 3300 MHz:   0% 3468 MHz:   0% 3624 MHz:   0% 3756 MHz:   0% 3828 MHz:   0% 3888 MHz:   0% 3948 MHz:   0% 3996 MHz:   0% 4044 MHz:   0% 4104 MHz:   0% 4416 MHz:   0% 4512 MHz:  43%)
CPU 7 idle residency:  57.47%
CPU 7 down residency:   0.00%
CPU 8 frequency: 4512 MHz
CPU 8 active residency:  46.37% (1260 MHz:   0% 1512 MHz:   0% 1800 MHz:   0% 2088 MHz:   0% 2352 MHz:   0% 2616 MHz:   0% 2868 MHz:   0% 3096 MHz:   0% 3300 MHz:   0% 3468 MHz:   0% 3624 MHz:   0% 3756 MHz:   0% 3828 MHz:   0% 3888 MHz:   0% 3948 MHz:   0% 3996 MHz:   0% 4044 MHz:   0% 4104 MHz:   0% 4416 MHz:   0% 4512 MHz:  46%)
CPU 8 idle residency:  53.63%
CPU 8 down residency:   0.00%
CPU 9 frequency: 4512 MHz
CPU 9 active residency:  48.73% (1260 MHz:   0% 1512 MHz:   0% 1800 MHz:   0% 2088 MHz:   0% 2352 MHz:   0% 2616 MHz:   0% 2868 MHz:   0% 3096 MHz:   0% 3300 MHz:   0% 3468 MHz:   0% 3624 MHz:   0% 3756 MHz:   0% 3828 MHz:   0% 3888 MHz:   0% 3948 MHz:   0% 3996 MHz:   0% 4044 MHz:   0% 4104 MHz:   0% 4416 MHz:   0% 4512 MHz:  49%)
CPU 9 idle residency:  51.27%
CPU 9 down residency:   0.00%

P1-Cluster HW active frequency: 1623 MHz
P1-Cluster HW active residency:   0.86% (1260 MHz: .76% 1512 MHz:   0% 1800 MHz:   0% 2088 MHz:   0% 2352 MHz:   0% 2616 MHz:   0% 2868 MHz:   0% 3096 MHz:   0% 3300 MHz:   0% 3468 MHz:   0% 3624 MHz:   0% 3756 MHz:   0% 3828 MHz:   0% 3888 MHz: .00% 3948 MHz:   0% 3996 MHz:   0% 4044 MHz:   0% 4104 MHz:   0% 4416 MHz: .00% 4512 MHz: .09%)
P1-Cluster idle residency:   2.52%
P1-Cluster down residency:  96.62%
CPU 10 frequency: 0 MHz
CPU 10 active residency:   0.00% (1260 MHz:   0% 1512 MHz:   0% 1800 MHz:   0% 2088 MHz:   0% 2352 MHz:   0% 2616 MHz:   0% 2868 MHz:   0% 3096 MHz:   0% 3300 MHz:   0% 3468 MHz:   0% 3624 MHz:   0% 3756 MHz:   0% 3828 MHz:   0% 3888 MHz:   0% 3948 MHz:   0% 3996 MHz:   0% 4044 MHz:   0% 4104 MHz:   0% 4416 MHz:   0% 4512 MHz:   0%)
CPU 10 idle residency:   3.19%
CPU 10 down residency:  96.81%
CPU 11 frequency: 0 MHz
CPU 11 active residency:   0.00% (1260 MHz:   0% 1512 MHz:   0% 1800 MHz:   0% 2088 MHz:   0% 2352 MHz:   0% 2616 MHz:   0% 2868 MHz:   0% 3096 MHz:   0% 3300 MHz:   0% 3468 MHz:   0% 3624 MHz:   0% 3756 MHz:   0% 3828 MHz:   0% 3888 MHz:   0% 3948 MHz:   0% 3996 MHz:   0% 4044 MHz:   0% 4104 MHz:   0% 4416 MHz:   0% 4512 MHz:   0%)
CPU 11 idle residency:   3.19%
CPU 11 down residency:  96.81%
CPU 12 frequency: 0 MHz
CPU 12 active residency:   0.00% (1260 MHz:   0% 1512 MHz:   0% 1800 MHz:   0% 2088 MHz:   0% 2352 MHz:   0% 2616 MHz:   0% 2868 MHz:   0% 3096 MHz:   0% 3300 MHz:   0% 3468 MHz:   0% 3624 MHz:   0% 3756 MHz:   0% 3828 MHz:   0% 3888 MHz:   0% 3948 MHz:   0% 3996 MHz:   0% 4044 MHz:   0% 4104 MHz:   0% 4416 MHz:   0% 4512 MHz:   0%)
CPU 12 idle residency:   3.19%
CPU 12 down residency:  96.81%
CPU 13 frequency: 0 MHz
CPU 13 active residency:   0.00% (1260 MHz:   0% 1512 MHz:   0% 1800 MHz:   0% 2088 MHz:   0% 2352 MHz:   0% 2616 MHz:   0% 2868 MHz:   0% 3096 MHz:   0% 3300 MHz:   0% 3468 MHz:   0% 3624 MHz:   0% 3756 MHz:   0% 3828 MHz:   0% 3888 MHz:   0% 3948 MHz:   0% 3996 MHz:   0% 4044 MHz:   0% 4104 MHz:   0% 4416 MHz:   0% 4512 MHz:   0%)
CPU 13 idle residency:   3.19%
CPU 13 down residency:  96.81%
CPU 14 frequency: 0 MHz
CPU 14 active residency:   0.00% (1260 MHz:   0% 1512 MHz:   0% 1800 MHz:   0% 2088 MHz:   0% 2352 MHz:   0% 2616 MHz:   0% 2868 MHz:   0% 3096 MHz:   0% 3300 MHz:   0% 3468 MHz:   0% 3624 MHz:   0% 3756 MHz:   0% 3828 MHz:   0% 3888 MHz:   0% 3948 MHz:   0% 3996 MHz:   0% 4044 MHz:   0% 4104 MHz:   0% 4416 MHz:   0% 4512 MHz:   0%)
CPU 14 idle residency:   3.19%
CPU 14 down residency:  96.81%
CPU 15 frequency: 0 MHz
CPU 15 active residency:   0.00% (1260 MHz:   0% 1512 MHz:   0% 1800 MHz:   0% 2088 MHz:   0% 2352 MHz:   0% 2616 MHz:   0% 2868 MHz:   0% 3096 MHz:   0% 3300 MHz:   0% 3468 MHz:   0% 3624 MHz:   0% 3756 MHz:   0% 3828 MHz:   0% 3888 MHz:   0% 3948 MHz:   0% 3996 MHz:   0% 4044 MHz:   0% 4104 MHz:   0% 4416 MHz:   0% 4512 MHz:   0%)
CPU 15 idle residency:   3.19%
CPU 15 down residency:  96.81%

CPU Power: 5114 mW
GPU Power: 27757 mW
ANE Power: 0 mW
Combined Power (CPU + GPU + ANE): 32871 mW

**** GPU usage ****

GPU HW active frequency: 1578 MHz
GPU HW active residency: 100.00% (338 MHz:   0% 618 MHz:   0% 796 MHz:   0% 924 MHz:   0% 952 MHz:   0% 1056 MHz:   0% 1062 MHz:   0% 1182 MHz:   0% 1182 MHz:   0% 1312 MHz:   0% 1242 MHz:   0% 1380 MHz:   0% 1326 MHz:   0% 1470 MHz:   0% 1578 MHz: 100%)
GPU SW requested state: (P1 :   0% P2 :   0% P3 :   0% P4 :   0% P5 :   0% P6 :   0% P7 :   0% P8 :   0% P9 :   0% P10 : 100% P11 :   0% P12 :   0% P13 :   0% P14 :   0% P15 :   0%)
GPU SW state: (SW_P1 :   0% SW_P2 :   0% SW_P3 :   0% SW_P4 :   0% SW_P5 :   0% SW_P6 :   0% SW_P7 :   0% SW_P8 :   0% SW_P9 :   0% SW_P10 : 100% SW_P11 :   0% SW_P12 :   0% SW_P13 :   0% SW_P14 :   0% SW_P15 :   0%)
GPU idle residency:   0.00%
GPU Power: 27530 mW



*** Sampled system activity (Tue Jan 20 11:34:01 2026 +0100) (1020.29ms elapsed) ***


**** Processor usage ****

E-Cluster Online: 100%
E-Cluster HW active frequency: 2379 MHz
E-Cluster HW active residency:  80.78% (1020 MHz: 6.8% 1404 MHz: 2.0% 1788 MHz: 3.9% 2112 MHz: 1.2% 2352 MHz: 1.9% 2532 MHz: 1.4% 2592 MHz:  64%)
E-Cluster idle residency:  19.22%
E-Cluster down residency:   0.00%
CPU 0 frequency: 2346 MHz
CPU 0 active residency:  51.58% (1020 MHz: 5.5% 1404 MHz: 1.1% 1788 MHz: 2.4% 2112 MHz: .74% 2352 MHz: 1.2% 2532 MHz: .80% 2592 MHz:  40%)
CPU 0 idle residency:  48.42%
CPU 0 down residency:   0.00%
CPU 1 frequency: 2423 MHz
CPU 1 active residency:  36.46% (1020 MHz: 1.9% 1404 MHz: 1.0% 1788 MHz: 1.8% 2112 MHz: .52% 2352 MHz: .59% 2532 MHz: .71% 2592 MHz:  30%)
CPU 1 idle residency:  63.54%
CPU 1 down residency:   0.00%
CPU 2 frequency: 2425 MHz
CPU 2 active residency:  21.25% (1020 MHz: 1.4% 1404 MHz: .33% 1788 MHz: .82% 2112 MHz: .22% 2352 MHz: .44% 2532 MHz: .38% 2592 MHz:  18%)
CPU 2 idle residency:  78.75%
CPU 2 down residency:   0.00%
CPU 3 frequency: 2455 MHz
CPU 3 active residency:  12.54% (1020 MHz: .42% 1404 MHz: .23% 1788 MHz: .87% 2112 MHz: .12% 2352 MHz: .13% 2532 MHz: .16% 2592 MHz:  11%)
CPU 3 idle residency:  87.46%
CPU 3 down residency:   0.00%

P0-Cluster Online: 100%
P0-Cluster HW active frequency: 3972 MHz
P0-Cluster HW active residency:  99.17% (1260 MHz:   0% 1512 MHz:   0% 1800 MHz:   0% 2088 MHz:   0% 2352 MHz:   0% 2616 MHz:   0% 2868 MHz:   0% 3096 MHz:   0% 3300 MHz:   0% 3468 MHz:   0% 3624 MHz:   0% 3756 MHz:   0% 3828 MHz:   0% 3888 MHz:  14% 3948 MHz:  64% 3996 MHz: 9.1% 4044 MHz: 8.7% 4104 MHz:   0% 4416 MHz: 1.8% 4512 MHz: 1.8%)
P0-Cluster idle residency:   0.83%
P0-Cluster down residency:   0.00%
CPU 4 frequency: 4512 MHz
CPU 4 active residency:  56.09% (1260 MHz:   0% 1512 MHz:   0% 1800 MHz:   0% 2088 MHz:   0% 2352 MHz:   0% 2616 MHz:   0% 2868 MHz:   0% 3096 MHz:   0% 3300 MHz:   0% 3468 MHz:   0% 3624 MHz:   0% 3756 MHz:   0% 3828 MHz:   0% 3888 MHz:   0% 3948 MHz:   0% 3996 MHz:   0% 4044 MHz:   0% 4104 MHz:   0% 4416 MHz:   0% 4512 MHz:  56%)
CPU 4 idle residency:  43.91%
CPU 4 down residency:   0.00%
CPU 5 frequency: 4512 MHz
CPU 5 active residency:  53.64% (1260 MHz:   0% 1512 MHz:   0% 1800 MHz:   0% 2088 MHz:   0% 2352 MHz:   0% 2616 MHz:   0% 2868 MHz:   0% 3096 MHz:   0% 3300 MHz:   0% 3468 MHz:   0% 3624 MHz:   0% 3756 MHz:   0% 3828 MHz:   0% 3888 MHz:   0% 3948 MHz:   0% 3996 MHz:   0% 4044 MHz:   0% 4104 MHz:   0% 4416 MHz:   0% 4512 MHz:  54%)
CPU 5 idle residency:  46.36%
CPU 5 down residency:   0.00%
CPU 6 frequency: 4512 MHz
CPU 6 active residency:  51.50% (1260 MHz:   0% 1512 MHz:   0% 1800 MHz:   0% 2088 MHz:   0% 2352 MHz:   0% 2616 MHz:   0% 2868 MHz:   0% 3096 MHz:   0% 3300 MHz:   0% 3468 MHz:   0% 3624 MHz:   0% 3756 MHz:   0% 3828 MHz:   0% 3888 MHz:   0% 3948 MHz:   0% 3996 MHz:   0% 4044 MHz:   0% 4104 MHz:   0% 4416 MHz:   0% 4512 MHz:  51%)
CPU 6 idle residency:  48.50%
CPU 6 down residency:   0.00%
CPU 7 frequency: 4512 MHz
CPU 7 active residency:  48.58% (1260 MHz:   0% 1512 MHz:   0% 1800 MHz:   0% 2088 MHz:   0% 2352 MHz:   0% 2616 MHz:   0% 2868 MHz:   0% 3096 MHz:   0% 3300 MHz:   0% 3468 MHz:   0% 3624 MHz:   0% 3756 MHz:   0% 3828 MHz:   0% 3888 MHz:   0% 3948 MHz:   0% 3996 MHz:   0% 4044 MHz:   0% 4104 MHz:   0% 4416 MHz:   0% 4512 MHz:  49%)
CPU 7 idle residency:  51.42%
CPU 7 down residency:   0.00%
CPU 8 frequency: 4512 MHz
CPU 8 active residency:  52.11% (1260 MHz:   0% 1512 MHz:   0% 1800 MHz:   0% 2088 MHz:   0% 2352 MHz:   0% 2616 MHz:   0% 2868 MHz:   0% 3096 MHz:   0% 3300 MHz:   0% 3468 MHz:   0% 3624 MHz:   0% 3756 MHz:   0% 3828 MHz:   0% 3888 MHz:   0% 3948 MHz:   0% 3996 MHz:   0% 4044 MHz:   0% 4104 MHz:   0% 4416 MHz:   0% 4512 MHz:  52%)
CPU 8 idle residency:  47.89%
CPU 8 down residency:   0.00%
CPU 9 frequency: 4512 MHz
CPU 9 active residency:  45.68% (1260 MHz:   0% 1512 MHz:   0% 1800 MHz:   0% 2088 MHz:   0% 2352 MHz:   0% 2616 MHz:   0% 2868 MHz:   0% 3096 MHz:   0% 3300 MHz:   0% 3468 MHz:   0% 3624 MHz:   0% 3756 MHz:   0% 3828 MHz:   0% 3888 MHz:   0% 3948 MHz:   0% 3996 MHz:   0% 4044 MHz:   0% 4104 MHz:   0% 4416 MHz:   0% 4512 MHz:  46%)
CPU 9 idle residency:  54.32%
CPU 9 down residency:   0.00%

P1-Cluster HW active frequency: 1653 MHz
P1-Cluster HW active residency:   1.22% (1260 MHz: .91% 1512 MHz: .11% 1800 MHz: .02% 2088 MHz: .04% 2352 MHz:   0% 2616 MHz:   0% 2868 MHz:   0% 3096 MHz:   0% 3300 MHz:   0% 3468 MHz:   0% 3624 MHz:   0% 3756 MHz:   0% 3828 MHz:   0% 3888 MHz: .04% 3948 MHz: .00% 3996 MHz:   0% 4044 MHz: .05% 4104 MHz:   0% 4416 MHz:   0% 4512 MHz: .05%)
P1-Cluster idle residency:   2.16%
P1-Cluster down residency:  96.62%
CPU 10 frequency: 0 MHz
CPU 10 active residency:   0.00% (1260 MHz:   0% 1512 MHz:   0% 1800 MHz:   0% 2088 MHz:   0% 2352 MHz:   0% 2616 MHz:   0% 2868 MHz:   0% 3096 MHz:   0% 3300 MHz:   0% 3468 MHz:   0% 3624 MHz:   0% 3756 MHz:   0% 3828 MHz:   0% 3888 MHz:   0% 3948 MHz:   0% 3996 MHz:   0% 4044 MHz:   0% 4104 MHz:   0% 4416 MHz:   0% 4512 MHz:   0%)
CPU 10 idle residency:   3.18%
CPU 10 down residency:  96.82%
CPU 11 frequency: 0 MHz
CPU 11 active residency:   0.00% (1260 MHz:   0% 1512 MHz:   0% 1800 MHz:   0% 2088 MHz:   0% 2352 MHz:   0% 2616 MHz:   0% 2868 MHz:   0% 3096 MHz:   0% 3300 MHz:   0% 3468 MHz:   0% 3624 MHz:   0% 3756 MHz:   0% 3828 MHz:   0% 3888 MHz:   0% 3948 MHz:   0% 3996 MHz:   0% 4044 MHz:   0% 4104 MHz:   0% 4416 MHz:   0% 4512 MHz:   0%)
CPU 11 idle residency:   3.18%
CPU 11 down residency:  96.82%
CPU 12 frequency: 0 MHz
CPU 12 active residency:   0.00% (1260 MHz:   0% 1512 MHz:   0% 1800 MHz:   0% 2088 MHz:   0% 2352 MHz:   0% 2616 MHz:   0% 2868 MHz:   0% 3096 MHz:   0% 3300 MHz:   0% 3468 MHz:   0% 3624 MHz:   0% 3756 MHz:   0% 3828 MHz:   0% 3888 MHz:   0% 3948 MHz:   0% 3996 MHz:   0% 4044 MHz:   0% 4104 MHz:   0% 4416 MHz:   0% 4512 MHz:   0%)
CPU 12 idle residency:   3.19%
CPU 12 down residency:  96.81%
CPU 13 frequency: 0 MHz
CPU 13 active residency:   0.00% (1260 MHz:   0% 1512 MHz:   0% 1800 MHz:   0% 2088 MHz:   0% 2352 MHz:   0% 2616 MHz:   0% 2868 MHz:   0% 3096 MHz:   0% 3300 MHz:   0% 3468 MHz:   0% 3624 MHz:   0% 3756 MHz:   0% 3828 MHz:   0% 3888 MHz:   0% 3948 MHz:   0% 3996 MHz:   0% 4044 MHz:   0% 4104 MHz:   0% 4416 MHz:   0% 4512 MHz:   0%)
CPU 13 idle residency:   3.19%
CPU 13 down residency:  96.81%
CPU 14 frequency: 0 MHz
CPU 14 active residency:   0.00% (1260 MHz:   0% 1512 MHz:   0% 1800 MHz:   0% 2088 MHz:   0% 2352 MHz:   0% 2616 MHz:   0% 2868 MHz:   0% 3096 MHz:   0% 3300 MHz:   0% 3468 MHz:   0% 3624 MHz:   0% 3756 MHz:   0% 3828 MHz:   0% 3888 MHz:   0% 3948 MHz:   0% 3996 MHz:   0% 4044 MHz:   0% 4104 MHz:   0% 4416 MHz:   0% 4512 MHz:   0%)
CPU 14 idle residency:   3.19%
CPU 14 down residency:  96.81%
CPU 15 frequency: 0 MHz
CPU 15 active residency:   0.00% (1260 MHz:   0% 1512 MHz:   0% 1800 MHz:   0% 2088 MHz:   0% 2352 MHz:   0% 2616 MHz:   0% 2868 MHz:   0% 3096 MHz:   0% 3300 MHz:   0% 3468 MHz:   0% 3624 MHz:   0% 3756 MHz:   0% 3828 MHz:   0% 3888 MHz:   0% 3948 MHz:   0% 3996 MHz:   0% 4044 MHz:   0% 4104 MHz:   0% 4416 MHz:   0% 4512 MHz:   0%)
CPU 15 idle residency:   3.19%
CPU 15 down residency:  96.81%

CPU Power: 4975 mW
GPU Power: 27577 mW
ANE Power: 0 mW
Combined Power (CPU + GPU + ANE): 32553 mW

**** GPU usage ****

GPU HW active frequency: 1578 MHz
GPU HW active residency: 100.00% (338 MHz:   0% 618 MHz:   0% 796 MHz:   0% 924 MHz:   0% 952 MHz:   0% 1056 MHz:   0% 1062 MHz:   0% 1182 MHz:   0% 1182 MHz:   0% 1312 MHz:   0% 1242 MHz:   0% 1380 MHz:   0% 1326 MHz:   0% 1470 MHz:   0% 1578 MHz: 100%)
GPU SW requested state: (P1 :   0% P2 :   0% P3 :   0% P4 :   0% P5 :   0% P6 :   0% P7 :   0% P8 :   0% P9 :   0% P10 : 100% P11 :   0% P12 :   0% P13 :   0% P14 :   0% P15 :   0%)
GPU SW state: (SW_P1 :   0% SW_P2 :   0% SW_P3 :   0% SW_P4 :   0% SW_P5 :   0% SW_P6 :   0% SW_P7 :   0% SW_P8 :   0% SW_P9 :   0% SW_P10 : 100% SW_P11 :   0% SW_P12 :   0% SW_P13 :   0% SW_P14 :   0% SW_P15 :   0%)
GPU idle residency:   0.00%
GPU Power: 27805 mW



*** Sampled system activity (Tue Jan 20 11:34:02 2026 +0100) (1019.64ms elapsed) ***


**** Processor usage ****

E-Cluster Online: 100%
E-Cluster HW active frequency: 2592 MHz
E-Cluster HW active residency:  81.62% (1020 MHz:   0% 1404 MHz:   0% 1788 MHz:   0% 2112 MHz:   0% 2352 MHz:   0% 2532 MHz: .00% 2592 MHz:  82%)
E-Cluster idle residency:  18.38%
E-Cluster down residency:   0.00%
CPU 0 frequency: 2592 MHz
CPU 0 active residency:  49.13% (1020 MHz:   0% 1404 MHz:   0% 1788 MHz:   0% 2112 MHz:   0% 2352 MHz:   0% 2532 MHz:   0% 2592 MHz:  49%)
CPU 0 idle residency:  50.87%
CPU 0 down residency:   0.00%
CPU 1 frequency: 2592 MHz
CPU 1 active residency:  36.29% (1020 MHz:   0% 1404 MHz:   0% 1788 MHz:   0% 2112 MHz:   0% 2352 MHz:   0% 2532 MHz:   0% 2592 MHz:  36%)
CPU 1 idle residency:  63.71%
CPU 1 down residency:   0.00%
CPU 2 frequency: 2592 MHz
CPU 2 active residency:  24.42% (1020 MHz:   0% 1404 MHz:   0% 1788 MHz:   0% 2112 MHz:   0% 2352 MHz:   0% 2532 MHz:   0% 2592 MHz:  24%)
CPU 2 idle residency:  75.58%
CPU 2 down residency:   0.00%
CPU 3 frequency: 2592 MHz
CPU 3 active residency:  14.89% (1020 MHz:   0% 1404 MHz:   0% 1788 MHz:   0% 2112 MHz:   0% 2352 MHz:   0% 2532 MHz:   0% 2592 MHz:  15%)
CPU 3 idle residency:  85.11%
CPU 3 down residency:   0.00%

P0-Cluster Online: 100%
P0-Cluster HW active frequency: 3979 MHz
P0-Cluster HW active residency:  98.73% (1260 MHz:   0% 1512 MHz:   0% 1800 MHz:   0% 2088 MHz:   0% 2352 MHz:   0% 2616 MHz:   0% 2868 MHz:   0% 3096 MHz:   0% 3300 MHz:   0% 3468 MHz:   0% 3624 MHz:   0% 3756 MHz:   0% 3828 MHz:   0% 3888 MHz: 7.8% 3948 MHz:  64% 3996 MHz:  12% 4044 MHz:  12% 4104 MHz:   0% 4416 MHz: 1.3% 4512 MHz: 2.1%)
P0-Cluster idle residency:   1.27%
P0-Cluster down residency:   0.00%
CPU 4 frequency: 4512 MHz
CPU 4 active residency:  50.53% (1260 MHz:   0% 1512 MHz:   0% 1800 MHz:   0% 2088 MHz:   0% 2352 MHz:   0% 2616 MHz:   0% 2868 MHz:   0% 3096 MHz:   0% 3300 MHz:   0% 3468 MHz:   0% 3624 MHz:   0% 3756 MHz:   0% 3828 MHz:   0% 3888 MHz:   0% 3948 MHz:   0% 3996 MHz:   0% 4044 MHz:   0% 4104 MHz:   0% 4416 MHz:   0% 4512 MHz:  51%)
CPU 4 idle residency:  49.47%
CPU 4 down residency:   0.00%
CPU 5 frequency: 4512 MHz
CPU 5 active residency:  46.62% (1260 MHz:   0% 1512 MHz:   0% 1800 MHz:   0% 2088 MHz:   0% 2352 MHz:   0% 2616 MHz:   0% 2868 MHz:   0% 3096 MHz:   0% 3300 MHz:   0% 3468 MHz:   0% 3624 MHz:   0% 3756 MHz:   0% 3828 MHz:   0% 3888 MHz:   0% 3948 MHz:   0% 3996 MHz:   0% 4044 MHz:   0% 4104 MHz:   0% 4416 MHz:   0% 4512 MHz:  47%)
CPU 5 idle residency:  53.38%
CPU 5 down residency:   0.00%
CPU 6 frequency: 4512 MHz
CPU 6 active residency:  43.33% (1260 MHz:   0% 1512 MHz:   0% 1800 MHz:   0% 2088 MHz:   0% 2352 MHz:   0% 2616 MHz:   0% 2868 MHz:   0% 3096 MHz:   0% 3300 MHz:   0% 3468 MHz:   0% 3624 MHz:   0% 3756 MHz:   0% 3828 MHz:   0% 3888 MHz:   0% 3948 MHz:   0% 3996 MHz:   0% 4044 MHz:   0% 4104 MHz:   0% 4416 MHz:   0% 4512 MHz:  43%)
CPU 6 idle residency:  56.67%
CPU 6 down residency:   0.00%
CPU 7 frequency: 4512 MHz
CPU 7 active residency:  44.40% (1260 MHz:   0% 1512 MHz:   0% 1800 MHz:   0% 2088 MHz:   0% 2352 MHz:   0% 2616 MHz:   0% 2868 MHz:   0% 3096 MHz:   0% 3300 MHz:   0% 3468 MHz:   0% 3624 MHz:   0% 3756 MHz:   0% 3828 MHz:   0% 3888 MHz:   0% 3948 MHz:   0% 3996 MHz:   0% 4044 MHz:   0% 4104 MHz:   0% 4416 MHz:   0% 4512 MHz:  44%)
CPU 7 idle residency:  55.60%
CPU 7 down residency:   0.00%
CPU 8 frequency: 4512 MHz
CPU 8 active residency:  49.11% (1260 MHz:   0% 1512 MHz:   0% 1800 MHz:   0% 2088 MHz:   0% 2352 MHz:   0% 2616 MHz:   0% 2868 MHz:   0% 3096 MHz:   0% 3300 MHz:   0% 3468 MHz:   0% 3624 MHz:   0% 3756 MHz:   0% 3828 MHz:   0% 3888 MHz:   0% 3948 MHz:   0% 3996 MHz:   0% 4044 MHz:   0% 4104 MHz:   0% 4416 MHz:   0% 4512 MHz:  49%)
CPU 8 idle residency:  50.89%
CPU 8 down residency:   0.00%
CPU 9 frequency: 4512 MHz
CPU 9 active residency:  45.94% (1260 MHz:   0% 1512 MHz:   0% 1800 MHz:   0% 2088 MHz:   0% 2352 MHz:   0% 2616 MHz:   0% 2868 MHz:   0% 3096 MHz:   0% 3300 MHz:   0% 3468 MHz:   0% 3624 MHz:   0% 3756 MHz:   0% 3828 MHz:   0% 3888 MHz:   0% 3948 MHz:   0% 3996 MHz:   0% 4044 MHz:   0% 4104 MHz:   0% 4416 MHz:   0% 4512 MHz:  46%)
CPU 9 idle residency:  54.06%
CPU 9 down residency:   0.00%

P1-Cluster HW active frequency: 1470 MHz
P1-Cluster HW active residency:   1.88% (1260 MHz: 1.7% 1512 MHz: .01% 1800 MHz:   0% 2088 MHz:   0% 2352 MHz:   0% 2616 MHz: .03% 2868 MHz:   0% 3096 MHz:   0% 3300 MHz:   0% 3468 MHz:   0% 3624 MHz:   0% 3756 MHz:   0% 3828 MHz:   0% 3888 MHz:   0% 3948 MHz: .00% 3996 MHz: .00% 4044 MHz: .09% 4104 MHz:   0% 4416 MHz:   0% 4512 MHz: .03%)
P1-Cluster idle residency:   2.39%
P1-Cluster down residency:  95.73%
CPU 10 frequency: 0 MHz
CPU 10 active residency:   0.00% (1260 MHz:   0% 1512 MHz:   0% 1800 MHz:   0% 2088 MHz:   0% 2352 MHz:   0% 2616 MHz:   0% 2868 MHz:   0% 3096 MHz:   0% 3300 MHz:   0% 3468 MHz:   0% 3624 MHz:   0% 3756 MHz:   0% 3828 MHz:   0% 3888 MHz:   0% 3948 MHz:   0% 3996 MHz:   0% 4044 MHz:   0% 4104 MHz:   0% 4416 MHz:   0% 4512 MHz:   0%)
CPU 10 idle residency:   4.03%
CPU 10 down residency:  95.97%
CPU 11 frequency: 0 MHz
CPU 11 active residency:   0.00% (1260 MHz:   0% 1512 MHz:   0% 1800 MHz:   0% 2088 MHz:   0% 2352 MHz:   0% 2616 MHz:   0% 2868 MHz:   0% 3096 MHz:   0% 3300 MHz:   0% 3468 MHz:   0% 3624 MHz:   0% 3756 MHz:   0% 3828 MHz:   0% 3888 MHz:   0% 3948 MHz:   0% 3996 MHz:   0% 4044 MHz:   0% 4104 MHz:   0% 4416 MHz:   0% 4512 MHz:   0%)
CPU 11 idle residency:   4.05%
CPU 11 down residency:  95.95%
CPU 12 frequency: 0 MHz
CPU 12 active residency:   0.00% (1260 MHz:   0% 1512 MHz:   0% 1800 MHz:   0% 2088 MHz:   0% 2352 MHz:   0% 2616 MHz:   0% 2868 MHz:   0% 3096 MHz:   0% 3300 MHz:   0% 3468 MHz:   0% 3624 MHz:   0% 3756 MHz:   0% 3828 MHz:   0% 3888 MHz:   0% 3948 MHz:   0% 3996 MHz:   0% 4044 MHz:   0% 4104 MHz:   0% 4416 MHz:   0% 4512 MHz:   0%)
CPU 12 idle residency:   4.03%
CPU 12 down residency:  95.97%
CPU 13 frequency: 0 MHz
CPU 13 active residency:   0.00% (1260 MHz:   0% 1512 MHz:   0% 1800 MHz:   0% 2088 MHz:   0% 2352 MHz:   0% 2616 MHz:   0% 2868 MHz:   0% 3096 MHz:   0% 3300 MHz:   0% 3468 MHz:   0% 3624 MHz:   0% 3756 MHz:   0% 3828 MHz:   0% 3888 MHz:   0% 3948 MHz:   0% 3996 MHz:   0% 4044 MHz:   0% 4104 MHz:   0% 4416 MHz:   0% 4512 MHz:   0%)
CPU 13 idle residency:   4.05%
CPU 13 down residency:  95.95%
CPU 14 frequency: 0 MHz
CPU 14 active residency:   0.00% (1260 MHz:   0% 1512 MHz:   0% 1800 MHz:   0% 2088 MHz:   0% 2352 MHz:   0% 2616 MHz:   0% 2868 MHz:   0% 3096 MHz:   0% 3300 MHz:   0% 3468 MHz:   0% 3624 MHz:   0% 3756 MHz:   0% 3828 MHz:   0% 3888 MHz:   0% 3948 MHz:   0% 3996 MHz:   0% 4044 MHz:   0% 4104 MHz:   0% 4416 MHz:   0% 4512 MHz:   0%)
CPU 14 idle residency:   4.05%
CPU 14 down residency:  95.95%
CPU 15 frequency: 0 MHz
CPU 15 active residency:   0.00% (1260 MHz:   0% 1512 MHz:   0% 1800 MHz:   0% 2088 MHz:   0% 2352 MHz:   0% 2616 MHz:   0% 2868 MHz:   0% 3096 MHz:   0% 3300 MHz:   0% 3468 MHz:   0% 3624 MHz:   0% 3756 MHz:   0% 3828 MHz:   0% 3888 MHz:   0% 3948 MHz:   0% 3996 MHz:   0% 4044 MHz:   0% 4104 MHz:   0% 4416 MHz:   0% 4512 MHz:   0%)
CPU 15 idle residency:   4.05%
CPU 15 down residency:  95.95%

CPU Power: 5162 mW
GPU Power: 27570 mW
ANE Power: 0 mW
Combined Power (CPU + GPU + ANE): 32731 mW

**** GPU usage ****

GPU HW active frequency: 1578 MHz
GPU HW active residency: 100.00% (338 MHz:   0% 618 MHz:   0% 796 MHz:   0% 924 MHz:   0% 952 MHz:   0% 1056 MHz:   0% 1062 MHz:   0% 1182 MHz:   0% 1182 MHz:   0% 1312 MHz:   0% 1242 MHz:   0% 1380 MHz:   0% 1326 MHz:   0% 1470 MHz:   0% 1578 MHz: 100%)
GPU SW requested state: (P1 :   0% P2 :   0% P3 :   0% P4 :   0% P5 :   0% P6 :   0% P7 :   0% P8 :   0% P9 :   0% P10 : 100% P11 :   0% P12 :   0% P13 :   0% P14 :   0% P15 :   0%)
GPU SW state: (SW_P1 :   0% SW_P2 :   0% SW_P3 :   0% SW_P4 :   0% SW_P5 :   0% SW_P6 :   0% SW_P7 :   0% SW_P8 :   0% SW_P9 :   0% SW_P10 : 100% SW_P11 :   0% SW_P12 :   0% SW_P13 :   0% SW_P14 :   0% SW_P15 :   0%)
GPU idle residency:   0.00%
GPU Power: 27572 mW



*** Sampled system activity (Tue Jan 20 11:34:03 2026 +0100) (1019.78ms elapsed) ***


**** Processor usage ****

E-Cluster Online: 100%
E-Cluster HW active frequency: 2592 MHz
E-Cluster HW active residency:  83.22% (1020 MHz:   0% 1404 MHz:   0% 1788 MHz:   0% 2112 MHz:   0% 2352 MHz:   0% 2532 MHz: .23% 2592 MHz:  83%)
E-Cluster idle residency:  16.78%
E-Cluster down residency:   0.00%
CPU 0 frequency: 2592 MHz
CPU 0 active residency:  53.77% (1020 MHz:   0% 1404 MHz:   0% 1788 MHz:   0% 2112 MHz:   0% 2352 MHz:   0% 2532 MHz: .23% 2592 MHz:  54%)
CPU 0 idle residency:  46.23%
CPU 0 down residency:   0.00%
CPU 1 frequency: 2592 MHz
CPU 1 active residency:  41.49% (1020 MHz:   0% 1404 MHz:   0% 1788 MHz:   0% 2112 MHz:   0% 2352 MHz:   0% 2532 MHz: .23% 2592 MHz:  41%)
CPU 1 idle residency:  58.51%
CPU 1 down residency:   0.00%
CPU 2 frequency: 2592 MHz
CPU 2 active residency:  30.54% (1020 MHz:   0% 1404 MHz:   0% 1788 MHz:   0% 2112 MHz:   0% 2352 MHz:   0% 2532 MHz: .23% 2592 MHz:  30%)
CPU 2 idle residency:  69.46%
CPU 2 down residency:   0.00%
CPU 3 frequency: 2591 MHz
CPU 3 active residency:  22.35% (1020 MHz:   0% 1404 MHz:   0% 1788 MHz:   0% 2112 MHz:   0% 2352 MHz:   0% 2532 MHz: .23% 2592 MHz:  22%)
CPU 3 idle residency:  77.65%
CPU 3 down residency:   0.00%

P0-Cluster Online: 100%
P0-Cluster HW active frequency: 3962 MHz
P0-Cluster HW active residency:  98.90% (1260 MHz:   0% 1512 MHz:   0% 1800 MHz:   0% 2088 MHz:   0% 2352 MHz:   0% 2616 MHz: .02% 2868 MHz:   0% 3096 MHz:   0% 3300 MHz:   0% 3468 MHz:   0% 3624 MHz: .01% 3756 MHz:   0% 3828 MHz:   0% 3888 MHz:  12% 3948 MHz:  64% 3996 MHz:  11% 4044 MHz:  12% 4104 MHz:   0% 4416 MHz: .40% 4512 MHz: .53%)
P0-Cluster idle residency:   1.10%
P0-Cluster down residency:   0.00%
CPU 4 frequency: 4512 MHz
CPU 4 active residency:  55.93% (1260 MHz:   0% 1512 MHz:   0% 1800 MHz:   0% 2088 MHz:   0% 2352 MHz:   0% 2616 MHz: .02% 2868 MHz:   0% 3096 MHz:   0% 3300 MHz:   0% 3468 MHz:   0% 3624 MHz: .01% 3756 MHz:   0% 3828 MHz:   0% 3888 MHz:   0% 3948 MHz:   0% 3996 MHz:   0% 4044 MHz:   0% 4104 MHz:   0% 4416 MHz:   0% 4512 MHz:  56%)
CPU 4 idle residency:  44.07%
CPU 4 down residency:   0.00%
CPU 5 frequency: 4512 MHz
CPU 5 active residency:  50.54% (1260 MHz:   0% 1512 MHz:   0% 1800 MHz:   0% 2088 MHz:   0% 2352 MHz:   0% 2616 MHz: .02% 2868 MHz:   0% 3096 MHz:   0% 3300 MHz:   0% 3468 MHz:   0% 3624 MHz: .01% 3756 MHz:   0% 3828 MHz:   0% 3888 MHz:   0% 3948 MHz:   0% 3996 MHz:   0% 4044 MHz:   0% 4104 MHz:   0% 4416 MHz:   0% 4512 MHz:  51%)
CPU 5 idle residency:  49.46%
CPU 5 down residency:   0.00%
CPU 6 frequency: 4511 MHz
CPU 6 active residency:  44.12% (1260 MHz:   0% 1512 MHz:   0% 1800 MHz:   0% 2088 MHz:   0% 2352 MHz:   0% 2616 MHz: .02% 2868 MHz:   0% 3096 MHz:   0% 3300 MHz:   0% 3468 MHz:   0% 3624 MHz: .01% 3756 MHz:   0% 3828 MHz:   0% 3888 MHz:   0% 3948 MHz:   0% 3996 MHz:   0% 4044 MHz:   0% 4104 MHz:   0% 4416 MHz:   0% 4512 MHz:  44%)
CPU 6 idle residency:  55.88%
CPU 6 down residency:   0.00%
CPU 7 frequency: 4512 MHz
CPU 7 active residency:  52.35% (1260 MHz:   0% 1512 MHz:   0% 1800 MHz:   0% 2088 MHz:   0% 2352 MHz:   0% 2616 MHz: .01% 2868 MHz:   0% 3096 MHz:   0% 3300 MHz:   0% 3468 MHz:   0% 3624 MHz: .01% 3756 MHz:   0% 3828 MHz:   0% 3888 MHz:   0% 3948 MHz:   0% 3996 MHz:   0% 4044 MHz:   0% 4104 MHz:   0% 4416 MHz:   0% 4512 MHz:  52%)
CPU 7 idle residency:  47.65%
CPU 7 down residency:   0.00%
CPU 8 frequency: 4512 MHz
CPU 8 active residency:  45.19% (1260 MHz:   0% 1512 MHz:   0% 1800 MHz:   0% 2088 MHz:   0% 2352 MHz:   0% 2616 MHz: .01% 2868 MHz:   0% 3096 MHz:   0% 3300 MHz:   0% 3468 MHz:   0% 3624 MHz: .01% 3756 MHz:   0% 3828 MHz:   0% 3888 MHz:   0% 3948 MHz:   0% 3996 MHz:   0% 4044 MHz:   0% 4104 MHz:   0% 4416 MHz:   0% 4512 MHz:  45%)
CPU 8 idle residency:  54.81%
CPU 8 down residency:   0.00%
CPU 9 frequency: 4512 MHz
CPU 9 active residency:  49.10% (1260 MHz:   0% 1512 MHz:   0% 1800 MHz:   0% 2088 MHz:   0% 2352 MHz:   0% 2616 MHz: .01% 2868 MHz:   0% 3096 MHz:   0% 3300 MHz:   0% 3468 MHz:   0% 3624 MHz: .00% 3756 MHz:   0% 3828 MHz:   0% 3888 MHz:   0% 3948 MHz:   0% 3996 MHz:   0% 4044 MHz:   0% 4104 MHz:   0% 4416 MHz:   0% 4512 MHz:  49%)
CPU 9 idle residency:  50.90%
CPU 9 down residency:   0.00%

P1-Cluster HW active frequency: 2682 MHz
P1-Cluster HW active residency:   8.48% (1260 MHz: 3.7% 1512 MHz:   0% 1800 MHz:   0% 2088 MHz:   0% 2352 MHz:   0% 2616 MHz: .41% 2868 MHz: .26% 3096 MHz: .28% 3300 MHz:   0% 3468 MHz:   0% 3624 MHz:   0% 3756 MHz:   0% 3828 MHz:   0% 3888 MHz: .74% 3948 MHz: 1.2% 3996 MHz: .51% 4044 MHz: 1.1% 4104 MHz:   0% 4416 MHz: .04% 4512 MHz: .28%)
P1-Cluster idle residency:  12.16%
P1-Cluster down residency:  79.36%
CPU 10 frequency: 0 MHz
CPU 10 active residency:   0.00% (1260 MHz:   0% 1512 MHz:   0% 1800 MHz:   0% 2088 MHz:   0% 2352 MHz:   0% 2616 MHz:   0% 2868 MHz:   0% 3096 MHz:   0% 3300 MHz:   0% 3468 MHz:   0% 3624 MHz:   0% 3756 MHz:   0% 3828 MHz:   0% 3888 MHz:   0% 3948 MHz:   0% 3996 MHz:   0% 4044 MHz:   0% 4104 MHz:   0% 4416 MHz:   0% 4512 MHz:   0%)
CPU 10 idle residency:  18.54%
CPU 10 down residency:  81.46%
CPU 11 frequency: 0 MHz
CPU 11 active residency:   0.00% (1260 MHz:   0% 1512 MHz:   0% 1800 MHz:   0% 2088 MHz:   0% 2352 MHz:   0% 2616 MHz:   0% 2868 MHz:   0% 3096 MHz:   0% 3300 MHz:   0% 3468 MHz:   0% 3624 MHz:   0% 3756 MHz:   0% 3828 MHz:   0% 3888 MHz:   0% 3948 MHz:   0% 3996 MHz:   0% 4044 MHz:   0% 4104 MHz:   0% 4416 MHz:   0% 4512 MHz:   0%)
CPU 11 idle residency:  18.59%
CPU 11 down residency:  81.41%
CPU 12 frequency: 0 MHz
CPU 12 active residency:   0.00% (1260 MHz:   0% 1512 MHz:   0% 1800 MHz:   0% 2088 MHz:   0% 2352 MHz:   0% 2616 MHz:   0% 2868 MHz:   0% 3096 MHz:   0% 3300 MHz:   0% 3468 MHz:   0% 3624 MHz:   0% 3756 MHz:   0% 3828 MHz:   0% 3888 MHz:   0% 3948 MHz:   0% 3996 MHz:   0% 4044 MHz:   0% 4104 MHz:   0% 4416 MHz:   0% 4512 MHz:   0%)
CPU 12 idle residency:  19.38%
CPU 12 down residency:  80.62%
CPU 13 frequency: 0 MHz
CPU 13 active residency:   0.00% (1260 MHz:   0% 1512 MHz:   0% 1800 MHz:   0% 2088 MHz:   0% 2352 MHz:   0% 2616 MHz:   0% 2868 MHz:   0% 3096 MHz:   0% 3300 MHz:   0% 3468 MHz:   0% 3624 MHz:   0% 3756 MHz:   0% 3828 MHz:   0% 3888 MHz:   0% 3948 MHz:   0% 3996 MHz:   0% 4044 MHz:   0% 4104 MHz:   0% 4416 MHz:   0% 4512 MHz:   0%)
CPU 13 idle residency:  19.68%
CPU 13 down residency:  80.32%
CPU 14 frequency: 0 MHz
CPU 14 active residency:   0.00% (1260 MHz:   0% 1512 MHz:   0% 1800 MHz:   0% 2088 MHz:   0% 2352 MHz:   0% 2616 MHz:   0% 2868 MHz:   0% 3096 MHz:   0% 3300 MHz:   0% 3468 MHz:   0% 3624 MHz:   0% 3756 MHz:   0% 3828 MHz:   0% 3888 MHz:   0% 3948 MHz:   0% 3996 MHz:   0% 4044 MHz:   0% 4104 MHz:   0% 4416 MHz:   0% 4512 MHz:   0%)
CPU 14 idle residency:  20.01%
CPU 14 down residency:  79.99%
CPU 15 frequency: 0 MHz
CPU 15 active residency:   0.00% (1260 MHz:   0% 1512 MHz:   0% 1800 MHz:   0% 2088 MHz:   0% 2352 MHz:   0% 2616 MHz:   0% 2868 MHz:   0% 3096 MHz:   0% 3300 MHz:   0% 3468 MHz:   0% 3624 MHz:   0% 3756 MHz:   0% 3828 MHz:   0% 3888 MHz:   0% 3948 MHz:   0% 3996 MHz:   0% 4044 MHz:   0% 4104 MHz:   0% 4416 MHz:   0% 4512 MHz:   0%)
CPU 15 idle residency:  17.61%
CPU 15 down residency:  82.39%

CPU Power: 5416 mW
GPU Power: 27720 mW
ANE Power: 0 mW
Combined Power (CPU + GPU + ANE): 33135 mW

**** GPU usage ****

GPU HW active frequency: 1578 MHz
GPU HW active residency: 100.00% (338 MHz:   0% 618 MHz:   0% 796 MHz:   0% 924 MHz:   0% 952 MHz:   0% 1056 MHz:   0% 1062 MHz:   0% 1182 MHz:   0% 1182 MHz:   0% 1312 MHz:   0% 1242 MHz:   0% 1380 MHz:   0% 1326 MHz:   0% 1470 MHz:   0% 1578 MHz: 100%)
GPU SW requested state: (P1 :   0% P2 :   0% P3 :   0% P4 :   0% P5 :   0% P6 :   0% P7 :   0% P8 :   0% P9 :   0% P10 : 100% P11 :   0% P12 :   0% P13 :   0% P14 :   0% P15 :   0%)
GPU SW state: (SW_P1 :   0% SW_P2 :   0% SW_P3 :   0% SW_P4 :   0% SW_P5 :   0% SW_P6 :   0% SW_P7 :   0% SW_P8 :   0% SW_P9 :   0% SW_P10 : 100% SW_P11 :   0% SW_P12 :   0% SW_P13 :   0% SW_P14 :   0% SW_P15 :   0%)
GPU idle residency:   0.00%
GPU Power: 27717 mW



*** Sampled system activity (Tue Jan 20 11:34:04 2026 +0100) (1020.23ms elapsed) ***


**** Processor usage ****

E-Cluster Online: 100%
E-Cluster HW active frequency: 2562 MHz
E-Cluster HW active residency:  84.03% (1020 MHz: .75% 1404 MHz: .56% 1788 MHz: .44% 2112 MHz: .27% 2352 MHz: .76% 2532 MHz: .20% 2592 MHz:  81%)
E-Cluster idle residency:  15.97%
E-Cluster down residency:   0.00%
CPU 0 frequency: 2563 MHz
CPU 0 active residency:  53.05% (1020 MHz: .46% 1404 MHz: .39% 1788 MHz: .24% 2112 MHz: .13% 2352 MHz: .46% 2532 MHz: .20% 2592 MHz:  51%)
CPU 0 idle residency:  46.95%
CPU 0 down residency:   0.00%
CPU 1 frequency: 2553 MHz
CPU 1 active residency:  39.63% (1020 MHz: .58% 1404 MHz: .22% 1788 MHz: .26% 2112 MHz: .15% 2352 MHz: .28% 2532 MHz: .05% 2592 MHz:  38%)
CPU 1 idle residency:  60.37%
CPU 1 down residency:   0.00%
CPU 2 frequency: 2556 MHz
CPU 2 active residency:  27.62% (1020 MHz: .34% 1404 MHz: .16% 1788 MHz: .18% 2112 MHz: .11% 2352 MHz: .33% 2532 MHz: .05% 2592 MHz:  26%)
CPU 2 idle residency:  72.38%
CPU 2 down residency:   0.00%
CPU 3 frequency: 2562 MHz
CPU 3 active residency:  20.05% (1020 MHz: .22% 1404 MHz: .14% 1788 MHz: .06% 2112 MHz: .02% 2352 MHz: .14% 2532 MHz: .03% 2592 MHz:  19%)
CPU 3 idle residency:  79.95%
CPU 3 down residency:   0.00%

P0-Cluster Online: 100%
P0-Cluster HW active frequency: 3956 MHz
P0-Cluster HW active residency:  98.80% (1260 MHz:   0% 1512 MHz:   0% 1800 MHz: .00% 2088 MHz:   0% 2352 MHz:   0% 2616 MHz:   0% 2868 MHz: .03% 3096 MHz:   0% 3300 MHz:   0% 3468 MHz:   0% 3624 MHz:   0% 3756 MHz:   0% 3828 MHz:   0% 3888 MHz:  13% 3948 MHz:  62% 3996 MHz:  11% 4044 MHz:  12% 4104 MHz:   0% 4416 MHz:   0% 4512 MHz:   0%)
P0-Cluster idle residency:   1.20%
P0-Cluster down residency:   0.00%
CPU 4 frequency: 4512 MHz
CPU 4 active residency:  53.38% (1260 MHz:   0% 1512 MHz:   0% 1800 MHz: .00% 2088 MHz:   0% 2352 MHz:   0% 2616 MHz:   0% 2868 MHz:   0% 3096 MHz:   0% 3300 MHz:   0% 3468 MHz:   0% 3624 MHz:   0% 3756 MHz:   0% 3828 MHz:   0% 3888 MHz:   0% 3948 MHz:   0% 3996 MHz:   0% 4044 MHz:   0% 4104 MHz:   0% 4416 MHz:   0% 4512 MHz:  53%)
CPU 4 idle residency:  46.62%
CPU 4 down residency:   0.00%
CPU 5 frequency: 4512 MHz
CPU 5 active residency:  50.93% (1260 MHz:   0% 1512 MHz:   0% 1800 MHz: .00% 2088 MHz:   0% 2352 MHz:   0% 2616 MHz:   0% 2868 MHz:   0% 3096 MHz:   0% 3300 MHz:   0% 3468 MHz:   0% 3624 MHz:   0% 3756 MHz:   0% 3828 MHz:   0% 3888 MHz:   0% 3948 MHz:   0% 3996 MHz:   0% 4044 MHz:   0% 4104 MHz:   0% 4416 MHz:   0% 4512 MHz:  51%)
CPU 5 idle residency:  49.07%
CPU 5 down residency:   0.00%
CPU 6 frequency: 4512 MHz
CPU 6 active residency:  52.19% (1260 MHz:   0% 1512 MHz:   0% 1800 MHz: .00% 2088 MHz:   0% 2352 MHz:   0% 2616 MHz:   0% 2868 MHz: .00% 3096 MHz:   0% 3300 MHz:   0% 3468 MHz:   0% 3624 MHz:   0% 3756 MHz:   0% 3828 MHz:   0% 3888 MHz:   0% 3948 MHz:   0% 3996 MHz:   0% 4044 MHz:   0% 4104 MHz:   0% 4416 MHz:   0% 4512 MHz:  52%)
CPU 6 idle residency:  47.81%
CPU 6 down residency:   0.00%
CPU 7 frequency: 4511 MHz
CPU 7 active residency:  48.27% (1260 MHz:   0% 1512 MHz:   0% 1800 MHz: .00% 2088 MHz:   0% 2352 MHz:   0% 2616 MHz:   0% 2868 MHz: .03% 3096 MHz:   0% 3300 MHz:   0% 3468 MHz:   0% 3624 MHz:   0% 3756 MHz:   0% 3828 MHz:   0% 3888 MHz:   0% 3948 MHz:   0% 3996 MHz:   0% 4044 MHz:   0% 4104 MHz:   0% 4416 MHz:   0% 4512 MHz:  48%)
CPU 7 idle residency:  51.73%
CPU 7 down residency:   0.00%
CPU 8 frequency: 4512 MHz
CPU 8 active residency:  53.17% (1260 MHz:   0% 1512 MHz:   0% 1800 MHz: .00% 2088 MHz:   0% 2352 MHz:   0% 2616 MHz:   0% 2868 MHz: .01% 3096 MHz:   0% 3300 MHz:   0% 3468 MHz:   0% 3624 MHz:   0% 3756 MHz:   0% 3828 MHz:   0% 3888 MHz:   0% 3948 MHz:   0% 3996 MHz:   0% 4044 MHz:   0% 4104 MHz:   0% 4416 MHz:   0% 4512 MHz:  53%)
CPU 8 idle residency:  46.83%
CPU 8 down residency:   0.00%
CPU 9 frequency: 4511 MHz
CPU 9 active residency:  45.88% (1260 MHz:   0% 1512 MHz:   0% 1800 MHz: .00% 2088 MHz:   0% 2352 MHz:   0% 2616 MHz:   0% 2868 MHz: .03% 3096 MHz:   0% 3300 MHz:   0% 3468 MHz:   0% 3624 MHz:   0% 3756 MHz:   0% 3828 MHz:   0% 3888 MHz:   0% 3948 MHz:   0% 3996 MHz:   0% 4044 MHz:   0% 4104 MHz:   0% 4416 MHz:   0% 4512 MHz:  46%)
CPU 9 idle residency:  54.12%
CPU 9 down residency:   0.00%

P1-Cluster HW active frequency: 2533 MHz
P1-Cluster HW active residency:   9.21% (1260 MHz: 4.8% 1512 MHz:   0% 1800 MHz: .12% 2088 MHz: .12% 2352 MHz:   0% 2616 MHz:   0% 2868 MHz: .01% 3096 MHz:   0% 3300 MHz:   0% 3468 MHz:   0% 3624 MHz:   0% 3756 MHz:   0% 3828 MHz:   0% 3888 MHz: .79% 3948 MHz: .88% 3996 MHz: .35% 4044 MHz: 1.8% 4104 MHz:   0% 4416 MHz: .12% 4512 MHz: .26%)
P1-Cluster idle residency:  19.90%
P1-Cluster down residency:  70.90%
CPU 10 frequency: 0 MHz
CPU 10 active residency:   0.00% (1260 MHz:   0% 1512 MHz:   0% 1800 MHz:   0% 2088 MHz:   0% 2352 MHz:   0% 2616 MHz:   0% 2868 MHz:   0% 3096 MHz:   0% 3300 MHz:   0% 3468 MHz:   0% 3624 MHz:   0% 3756 MHz:   0% 3828 MHz:   0% 3888 MHz:   0% 3948 MHz:   0% 3996 MHz:   0% 4044 MHz:   0% 4104 MHz:   0% 4416 MHz:   0% 4512 MHz:   0%)
CPU 10 idle residency:  26.74%
CPU 10 down residency:  73.26%
CPU 11 frequency: 0 MHz
CPU 11 active residency:   0.00% (1260 MHz:   0% 1512 MHz:   0% 1800 MHz:   0% 2088 MHz:   0% 2352 MHz:   0% 2616 MHz:   0% 2868 MHz:   0% 3096 MHz:   0% 3300 MHz:   0% 3468 MHz:   0% 3624 MHz:   0% 3756 MHz:   0% 3828 MHz:   0% 3888 MHz:   0% 3948 MHz:   0% 3996 MHz:   0% 4044 MHz:   0% 4104 MHz:   0% 4416 MHz:   0% 4512 MHz:   0%)
CPU 11 idle residency:  26.88%
CPU 11 down residency:  73.12%
CPU 12 frequency: 0 MHz
CPU 12 active residency:   0.00% (1260 MHz:   0% 1512 MHz:   0% 1800 MHz:   0% 2088 MHz:   0% 2352 MHz:   0% 2616 MHz:   0% 2868 MHz:   0% 3096 MHz:   0% 3300 MHz:   0% 3468 MHz:   0% 3624 MHz:   0% 3756 MHz:   0% 3828 MHz:   0% 3888 MHz:   0% 3948 MHz:   0% 3996 MHz:   0% 4044 MHz:   0% 4104 MHz:   0% 4416 MHz:   0% 4512 MHz:   0%)
CPU 12 idle residency:  28.11%
CPU 12 down residency:  71.89%
CPU 13 frequency: 0 MHz
CPU 13 active residency:   0.00% (1260 MHz:   0% 1512 MHz:   0% 1800 MHz:   0% 2088 MHz:   0% 2352 MHz:   0% 2616 MHz:   0% 2868 MHz:   0% 3096 MHz:   0% 3300 MHz:   0% 3468 MHz:   0% 3624 MHz:   0% 3756 MHz:   0% 3828 MHz:   0% 3888 MHz:   0% 3948 MHz:   0% 3996 MHz:   0% 4044 MHz:   0% 4104 MHz:   0% 4416 MHz:   0% 4512 MHz:   0%)
CPU 13 idle residency:  28.23%
CPU 13 down residency:  71.77%
CPU 14 frequency: 0 MHz
CPU 14 active residency:   0.00% (1260 MHz:   0% 1512 MHz:   0% 1800 MHz:   0% 2088 MHz:   0% 2352 MHz:   0% 2616 MHz:   0% 2868 MHz:   0% 3096 MHz:   0% 3300 MHz:   0% 3468 MHz:   0% 3624 MHz:   0% 3756 MHz:   0% 3828 MHz:   0% 3888 MHz:   0% 3948 MHz:   0% 3996 MHz:   0% 4044 MHz:   0% 4104 MHz:   0% 4416 MHz:   0% 4512 MHz:   0%)
CPU 14 idle residency:  28.70%
CPU 14 down residency:  71.30%
CPU 15 frequency: 0 MHz
CPU 15 active residency:   0.00% (1260 MHz:   0% 1512 MHz:   0% 1800 MHz:   0% 2088 MHz:   0% 2352 MHz:   0% 2616 MHz:   0% 2868 MHz:   0% 3096 MHz:   0% 3300 MHz:   0% 3468 MHz:   0% 3624 MHz:   0% 3756 MHz:   0% 3828 MHz:   0% 3888 MHz:   0% 3948 MHz:   0% 3996 MHz:   0% 4044 MHz:   0% 4104 MHz:   0% 4416 MHz:   0% 4512 MHz:   0%)
CPU 15 idle residency:  27.22%
CPU 15 down residency:  72.78%

CPU Power: 5882 mW
GPU Power: 27435 mW
ANE Power: 0 mW
Combined Power (CPU + GPU + ANE): 33317 mW

**** GPU usage ****

GPU HW active frequency: 1578 MHz
GPU HW active residency: 100.00% (338 MHz:   0% 618 MHz:   0% 796 MHz:   0% 924 MHz:   0% 952 MHz:   0% 1056 MHz:   0% 1062 MHz:   0% 1182 MHz:   0% 1182 MHz:   0% 1312 MHz:   0% 1242 MHz:   0% 1380 MHz:   0% 1326 MHz:   0% 1470 MHz:   0% 1578 MHz: 100%)
GPU SW requested state: (P1 :   0% P2 :   0% P3 :   0% P4 :   0% P5 :   0% P6 :   0% P7 :   0% P8 :   0% P9 :   0% P10 : 100% P11 :   0% P12 :   0% P13 :   0% P14 :   0% P15 :   0%)
GPU SW state: (SW_P1 :   0% SW_P2 :   0% SW_P3 :   0% SW_P4 :   0% SW_P5 :   0% SW_P6 :   0% SW_P7 :   0% SW_P8 :   0% SW_P9 :   0% SW_P10 : 100% SW_P11 :   0% SW_P12 :   0% SW_P13 :   0% SW_P14 :   0% SW_P15 :   0%)
GPU idle residency:   0.00%
GPU Power: 27438 mW



*** Sampled system activity (Tue Jan 20 11:34:05 2026 +0100) (1020.06ms elapsed) ***


**** Processor usage ****

E-Cluster Online: 100%
E-Cluster HW active frequency: 2592 MHz
E-Cluster HW active residency:  81.17% (1020 MHz:   0% 1404 MHz:   0% 1788 MHz:   0% 2112 MHz:   0% 2352 MHz:   0% 2532 MHz: .00% 2592 MHz:  81%)
E-Cluster idle residency:  18.83%
E-Cluster down residency:   0.00%
CPU 0 frequency: 2592 MHz
CPU 0 active residency:  50.24% (1020 MHz:   0% 1404 MHz:   0% 1788 MHz:   0% 2112 MHz:   0% 2352 MHz:   0% 2532 MHz:   0% 2592 MHz:  50%)
CPU 0 idle residency:  49.76%
CPU 0 down residency:   0.00%
CPU 1 frequency: 2592 MHz
CPU 1 active residency:  37.24% (1020 MHz:   0% 1404 MHz:   0% 1788 MHz:   0% 2112 MHz:   0% 2352 MHz:   0% 2532 MHz:   0% 2592 MHz:  37%)
CPU 1 idle residency:  62.76%
CPU 1 down residency:   0.00%
CPU 2 frequency: 2592 MHz
CPU 2 active residency:  24.14% (1020 MHz:   0% 1404 MHz:   0% 1788 MHz:   0% 2112 MHz:   0% 2352 MHz:   0% 2532 MHz:   0% 2592 MHz:  24%)
CPU 2 idle residency:  75.86%
CPU 2 down residency:   0.00%
CPU 3 frequency: 2592 MHz
CPU 3 active residency:  14.56% (1020 MHz:   0% 1404 MHz:   0% 1788 MHz:   0% 2112 MHz:   0% 2352 MHz:   0% 2532 MHz:   0% 2592 MHz:  15%)
CPU 3 idle residency:  85.44%
CPU 3 down residency:   0.00%

P0-Cluster Online: 48%
P0-Cluster HW active frequency: 3968 MHz
P0-Cluster HW active residency:  47.86% (1260 MHz:   0% 1512 MHz:   0% 1800 MHz:   0% 2088 MHz:   0% 2352 MHz:   0% 2616 MHz:   0% 2868 MHz:   0% 3096 MHz:   0% 3300 MHz:   0% 3468 MHz:   0% 3624 MHz:   0% 3756 MHz:   0% 3828 MHz:   0% 3888 MHz: 2.3% 3948 MHz:  31% 3996 MHz: 6.4% 4044 MHz: 8.0% 4104 MHz:   0% 4416 MHz:   0% 4512 MHz:   0%)
P0-Cluster idle residency:   0.88%
P0-Cluster down residency:  51.26%
CPU 4 frequency: 4512 MHz
CPU 4 active residency:   0.72% (1260 MHz:   0% 1512 MHz:   0% 1800 MHz:   0% 2088 MHz:   0% 2352 MHz:   0% 2616 MHz:   0% 2868 MHz:   0% 3096 MHz:   0% 3300 MHz:   0% 3468 MHz:   0% 3624 MHz:   0% 3756 MHz:   0% 3828 MHz:   0% 3888 MHz:   0% 3948 MHz:   0% 3996 MHz:   0% 4044 MHz:   0% 4104 MHz:   0% 4416 MHz:   0% 4512 MHz: .72%)
CPU 4 idle residency:  35.23%
CPU 4 down residency:  64.05%
CPU 5 frequency: 4512 MHz
CPU 5 active residency:   1.21% (1260 MHz:   0% 1512 MHz:   0% 1800 MHz:   0% 2088 MHz:   0% 2352 MHz:   0% 2616 MHz:   0% 2868 MHz:   0% 3096 MHz:   0% 3300 MHz:   0% 3468 MHz:   0% 3624 MHz:   0% 3756 MHz:   0% 3828 MHz:   0% 3888 MHz:   0% 3948 MHz:   0% 3996 MHz:   0% 4044 MHz:   0% 4104 MHz:   0% 4416 MHz:   0% 4512 MHz: 1.2%)
CPU 5 idle residency:  34.56%
CPU 5 down residency:  64.23%
CPU 6 frequency: 4512 MHz
CPU 6 active residency:   0.87% (1260 MHz:   0% 1512 MHz:   0% 1800 MHz:   0% 2088 MHz:   0% 2352 MHz:   0% 2616 MHz:   0% 2868 MHz:   0% 3096 MHz:   0% 3300 MHz:   0% 3468 MHz:   0% 3624 MHz:   0% 3756 MHz:   0% 3828 MHz:   0% 3888 MHz:   0% 3948 MHz:   0% 3996 MHz:   0% 4044 MHz:   0% 4104 MHz:   0% 4416 MHz:   0% 4512 MHz: .87%)
CPU 6 idle residency:  34.32%
CPU 6 down residency:  64.81%
CPU 7 frequency: 4512 MHz
CPU 7 active residency:   0.90% (1260 MHz:   0% 1512 MHz:   0% 1800 MHz:   0% 2088 MHz:   0% 2352 MHz:   0% 2616 MHz:   0% 2868 MHz:   0% 3096 MHz:   0% 3300 MHz:   0% 3468 MHz:   0% 3624 MHz:   0% 3756 MHz:   0% 3828 MHz:   0% 3888 MHz:   0% 3948 MHz:   0% 3996 MHz:   0% 4044 MHz:   0% 4104 MHz:   0% 4416 MHz:   0% 4512 MHz: .90%)
CPU 7 idle residency:  33.20%
CPU 7 down residency:  65.90%
CPU 8 frequency: 4512 MHz
CPU 8 active residency:   0.92% (1260 MHz:   0% 1512 MHz:   0% 1800 MHz:   0% 2088 MHz:   0% 2352 MHz:   0% 2616 MHz:   0% 2868 MHz:   0% 3096 MHz:   0% 3300 MHz:   0% 3468 MHz:   0% 3624 MHz:   0% 3756 MHz:   0% 3828 MHz:   0% 3888 MHz:   0% 3948 MHz:   0% 3996 MHz:   0% 4044 MHz:   0% 4104 MHz:   0% 4416 MHz:   0% 4512 MHz: .92%)
CPU 8 idle residency:  35.23%
CPU 8 down residency:  63.85%
CPU 9 frequency: 4512 MHz
CPU 9 active residency:   0.52% (1260 MHz:   0% 1512 MHz:   0% 1800 MHz:   0% 2088 MHz:   0% 2352 MHz:   0% 2616 MHz:   0% 2868 MHz:   0% 3096 MHz:   0% 3300 MHz:   0% 3468 MHz:   0% 3624 MHz:   0% 3756 MHz:   0% 3828 MHz:   0% 3888 MHz:   0% 3948 MHz:   0% 3996 MHz:   0% 4044 MHz:   0% 4104 MHz:   0% 4416 MHz:   0% 4512 MHz: .52%)
CPU 9 idle residency:  35.16%
CPU 9 down residency:  64.32%

P1-Cluster HW active frequency: 3969 MHz
P1-Cluster HW active residency:  50.22% (1260 MHz: .03% 1512 MHz:   0% 1800 MHz:   0% 2088 MHz:   0% 2352 MHz:   0% 2616 MHz:   0% 2868 MHz:   0% 3096 MHz:   0% 3300 MHz:   0% 3468 MHz:   0% 3624 MHz:   0% 3756 MHz:   0% 3828 MHz:   0% 3888 MHz: 2.8% 3948 MHz:  31% 3996 MHz: 7.2% 4044 MHz: 9.3% 4104 MHz:   0% 4416 MHz: .04% 4512 MHz: .08%)
P1-Cluster idle residency:   1.12%
P1-Cluster down residency:  48.66%
CPU 10 frequency: 4469 MHz
CPU 10 active residency:  48.90% (1260 MHz: .47% 1512 MHz: .03% 1800 MHz: .09% 2088 MHz: .02% 2352 MHz:   0% 2616 MHz: .08% 2868 MHz: .01% 3096 MHz:   0% 3300 MHz:   0% 3468 MHz:   0% 3624 MHz:   0% 3756 MHz:   0% 3828 MHz:   0% 3888 MHz:   0% 3948 MHz:   0% 3996 MHz:   0% 4044 MHz:   0% 4104 MHz:   0% 4416 MHz:   0% 4512 MHz:  48%)
CPU 10 idle residency:  19.24%
CPU 10 down residency:  31.87%
CPU 11 frequency: 4461 MHz
CPU 11 active residency:  48.66% (1260 MHz: .47% 1512 MHz: .03% 1800 MHz: .09% 2088 MHz: .02% 2352 MHz:   0% 2616 MHz: .21% 2868 MHz: .10% 3096 MHz:   0% 3300 MHz:   0% 3468 MHz:   0% 3624 MHz:   0% 3756 MHz:   0% 3828 MHz:   0% 3888 MHz:   0% 3948 MHz:   0% 3996 MHz:   0% 4044 MHz:   0% 4104 MHz:   0% 4416 MHz:   0% 4512 MHz:  48%)
CPU 11 idle residency:  18.60%
CPU 11 down residency:  32.74%
CPU 12 frequency: 4473 MHz
CPU 12 active residency:  45.38% (1260 MHz: .43% 1512 MHz: .03% 1800 MHz: .10% 2088 MHz: .02% 2352 MHz:   0% 2616 MHz:   0% 2868 MHz:   0% 3096 MHz:   0% 3300 MHz:   0% 3468 MHz:   0% 3624 MHz:   0% 3756 MHz:   0% 3828 MHz:   0% 3888 MHz:   0% 3948 MHz:   0% 3996 MHz:   0% 4044 MHz:   0% 4104 MHz:   0% 4416 MHz:   0% 4512 MHz:  45%)
CPU 12 idle residency:  21.15%
CPU 12 down residency:  33.47%
CPU 13 frequency: 4469 MHz
CPU 13 active residency:  43.98% (1260 MHz: .42% 1512 MHz: .03% 1800 MHz: .10% 2088 MHz: .06% 2352 MHz:   0% 2616 MHz: .01% 2868 MHz:   0% 3096 MHz:   0% 3300 MHz:   0% 3468 MHz:   0% 3624 MHz:   0% 3756 MHz:   0% 3828 MHz:   0% 3888 MHz:   0% 3948 MHz:   0% 3996 MHz:   0% 4044 MHz:   0% 4104 MHz:   0% 4416 MHz:   0% 4512 MHz:  43%)
CPU 13 idle residency:  22.54%
CPU 13 down residency:  33.48%
CPU 14 frequency: 4478 MHz
CPU 14 active residency:  45.80% (1260 MHz: .43% 1512 MHz: .03% 1800 MHz: .02% 2088 MHz: .01% 2352 MHz:   0% 2616 MHz:   0% 2868 MHz: .00% 3096 MHz:   0% 3300 MHz:   0% 3468 MHz:   0% 3624 MHz:   0% 3756 MHz:   0% 3828 MHz:   0% 3888 MHz:   0% 3948 MHz:   0% 3996 MHz:   0% 4044 MHz:   0% 4104 MHz:   0% 4416 MHz:   0% 4512 MHz:  45%)
CPU 14 idle residency:  20.37%
CPU 14 down residency:  33.82%
CPU 15 frequency: 4452 MHz
CPU 15 active residency:  47.76% (1260 MHz: .48% 1512 MHz: .03% 1800 MHz: .10% 2088 MHz: .02% 2352 MHz:   0% 2616 MHz: .26% 2868 MHz: .10% 3096 MHz: .20% 3300 MHz:   0% 3468 MHz:   0% 3624 MHz:   0% 3756 MHz:   0% 3828 MHz:   0% 3888 MHz:   0% 3948 MHz:   0% 3996 MHz:   0% 4044 MHz:   0% 4104 MHz:   0% 4416 MHz:   0% 4512 MHz:  47%)
CPU 15 idle residency:  18.51%
CPU 15 down residency:  33.73%

CPU Power: 4604 mW
GPU Power: 28044 mW
ANE Power: 0 mW
Combined Power (CPU + GPU + ANE): 32648 mW

**** GPU usage ****

GPU HW active frequency: 1578 MHz
GPU HW active residency: 100.00% (338 MHz:   0% 618 MHz:   0% 796 MHz:   0% 924 MHz:   0% 952 MHz:   0% 1056 MHz:   0% 1062 MHz:   0% 1182 MHz:   0% 1182 MHz:   0% 1312 MHz:   0% 1242 MHz:   0% 1380 MHz:   0% 1326 MHz:   0% 1470 MHz:   0% 1578 MHz: 100%)
GPU SW requested state: (P1 :   0% P2 :   0% P3 :   0% P4 :   0% P5 :   0% P6 :   0% P7 :   0% P8 :   0% P9 :   0% P10 : 100% P11 :   0% P12 :   0% P13 :   0% P14 :   0% P15 :   0%)
GPU SW state: (SW_P1 :   0% SW_P2 :   0% SW_P3 :   0% SW_P4 :   0% SW_P5 :   0% SW_P6 :   0% SW_P7 :   0% SW_P8 :   0% SW_P9 :   0% SW_P10 : 100% SW_P11 :   0% SW_P12 :   0% SW_P13 :   0% SW_P14 :   0% SW_P15 :   0%)
GPU idle residency:   0.00%
GPU Power: 27816 mW



*** Sampled system activity (Tue Jan 20 11:34:06 2026 +0100) (1020.33ms elapsed) ***


**** Processor usage ****

E-Cluster Online: 100%
E-Cluster HW active frequency: 2511 MHz
E-Cluster HW active residency:  85.24% (1020 MHz: 2.4% 1404 MHz: 1.0% 1788 MHz: 1.5% 2112 MHz: .94% 2352 MHz: .98% 2532 MHz: 1.6% 2592 MHz:  77%)
E-Cluster idle residency:  14.76%
E-Cluster down residency:   0.00%
CPU 0 frequency: 2505 MHz
CPU 0 active residency:  55.63% (1020 MHz: 1.7% 1404 MHz: .77% 1788 MHz: .91% 2112 MHz: .64% 2352 MHz: .68% 2532 MHz: 1.1% 2592 MHz:  50%)
CPU 0 idle residency:  44.37%
CPU 0 down residency:   0.00%
CPU 1 frequency: 2518 MHz
CPU 1 active residency:  42.09% (1020 MHz: .73% 1404 MHz: .75% 1788 MHz: .90% 2112 MHz: .38% 2352 MHz: .53% 2532 MHz: .76% 2592 MHz:  38%)
CPU 1 idle residency:  57.91%
CPU 1 down residency:   0.00%
CPU 2 frequency: 2520 MHz
CPU 2 active residency:  32.50% (1020 MHz: .65% 1404 MHz: .41% 1788 MHz: .64% 2112 MHz: .36% 2352 MHz: .46% 2532 MHz: .49% 2592 MHz:  29%)
CPU 2 idle residency:  67.50%
CPU 2 down residency:   0.00%
CPU 3 frequency: 2530 MHz
CPU 3 active residency:  22.16% (1020 MHz: .20% 1404 MHz: .42% 1788 MHz: .37% 2112 MHz: .31% 2352 MHz: .42% 2532 MHz: .33% 2592 MHz:  20%)
CPU 3 idle residency:  77.84%
CPU 3 down residency:   0.00%

P0-Cluster Online: 3%
P0-Cluster HW active frequency: 1356 MHz
P0-Cluster HW active residency:   0.63% (1260 MHz: .55% 1512 MHz: .07% 1800 MHz:   0% 2088 MHz:   0% 2352 MHz:   0% 2616 MHz:   0% 2868 MHz:   0% 3096 MHz:   0% 3300 MHz:   0% 3468 MHz:   0% 3624 MHz:   0% 3756 MHz:   0% 3828 MHz:   0% 3888 MHz: .00% 3948 MHz:   0% 3996 MHz:   0% 4044 MHz:   0% 4104 MHz:   0% 4416 MHz: .00% 4512 MHz: .01%)
P0-Cluster idle residency:   1.81%
P0-Cluster down residency:  97.55%
CPU 4 frequency: 0 MHz
CPU 4 active residency:   0.00% (1260 MHz:   0% 1512 MHz:   0% 1800 MHz:   0% 2088 MHz:   0% 2352 MHz:   0% 2616 MHz:   0% 2868 MHz:   0% 3096 MHz:   0% 3300 MHz:   0% 3468 MHz:   0% 3624 MHz:   0% 3756 MHz:   0% 3828 MHz:   0% 3888 MHz:   0% 3948 MHz:   0% 3996 MHz:   0% 4044 MHz:   0% 4104 MHz:   0% 4416 MHz:   0% 4512 MHz:   0%)
CPU 4 idle residency:   2.35%
CPU 4 down residency:  97.65%
CPU 5 frequency: 0 MHz
CPU 5 active residency:   0.00% (1260 MHz:   0% 1512 MHz:   0% 1800 MHz:   0% 2088 MHz:   0% 2352 MHz:   0% 2616 MHz:   0% 2868 MHz:   0% 3096 MHz:   0% 3300 MHz:   0% 3468 MHz:   0% 3624 MHz:   0% 3756 MHz:   0% 3828 MHz:   0% 3888 MHz:   0% 3948 MHz:   0% 3996 MHz:   0% 4044 MHz:   0% 4104 MHz:   0% 4416 MHz:   0% 4512 MHz:   0%)
CPU 5 idle residency:   2.35%
CPU 5 down residency:  97.65%
CPU 6 frequency: 0 MHz
CPU 6 active residency:   0.00% (1260 MHz:   0% 1512 MHz:   0% 1800 MHz:   0% 2088 MHz:   0% 2352 MHz:   0% 2616 MHz:   0% 2868 MHz:   0% 3096 MHz:   0% 3300 MHz:   0% 3468 MHz:   0% 3624 MHz:   0% 3756 MHz:   0% 3828 MHz:   0% 3888 MHz:   0% 3948 MHz:   0% 3996 MHz:   0% 4044 MHz:   0% 4104 MHz:   0% 4416 MHz:   0% 4512 MHz:   0%)
CPU 6 idle residency:   2.36%
CPU 6 down residency:  97.64%
CPU 7 frequency: 0 MHz
CPU 7 active residency:   0.00% (1260 MHz:   0% 1512 MHz:   0% 1800 MHz:   0% 2088 MHz:   0% 2352 MHz:   0% 2616 MHz:   0% 2868 MHz:   0% 3096 MHz:   0% 3300 MHz:   0% 3468 MHz:   0% 3624 MHz:   0% 3756 MHz:   0% 3828 MHz:   0% 3888 MHz:   0% 3948 MHz:   0% 3996 MHz:   0% 4044 MHz:   0% 4104 MHz:   0% 4416 MHz:   0% 4512 MHz:   0%)
CPU 7 idle residency:   2.36%
CPU 7 down residency:  97.64%
CPU 8 frequency: 0 MHz
CPU 8 active residency:   0.00% (1260 MHz:   0% 1512 MHz:   0% 1800 MHz:   0% 2088 MHz:   0% 2352 MHz:   0% 2616 MHz:   0% 2868 MHz:   0% 3096 MHz:   0% 3300 MHz:   0% 3468 MHz:   0% 3624 MHz:   0% 3756 MHz:   0% 3828 MHz:   0% 3888 MHz:   0% 3948 MHz:   0% 3996 MHz:   0% 4044 MHz:   0% 4104 MHz:   0% 4416 MHz:   0% 4512 MHz:   0%)
CPU 8 idle residency:   2.36%
CPU 8 down residency:  97.64%
CPU 9 frequency: 0 MHz
CPU 9 active residency:   0.00% (1260 MHz:   0% 1512 MHz:   0% 1800 MHz:   0% 2088 MHz:   0% 2352 MHz:   0% 2616 MHz:   0% 2868 MHz:   0% 3096 MHz:   0% 3300 MHz:   0% 3468 MHz:   0% 3624 MHz:   0% 3756 MHz:   0% 3828 MHz:   0% 3888 MHz:   0% 3948 MHz:   0% 3996 MHz:   0% 4044 MHz:   0% 4104 MHz:   0% 4416 MHz:   0% 4512 MHz:   0%)
CPU 9 idle residency:   2.36%
CPU 9 down residency:  97.64%

P1-Cluster HW active frequency: 3961 MHz
P1-Cluster HW active residency:  98.73% (1260 MHz:   0% 1512 MHz:   0% 1800 MHz:   0% 2088 MHz:   0% 2352 MHz:   0% 2616 MHz:   0% 2868 MHz:   0% 3096 MHz:   0% 3300 MHz:   0% 3468 MHz:   0% 3624 MHz:   0% 3756 MHz:   0% 3828 MHz:   0% 3888 MHz:  11% 3948 MHz:  62% 3996 MHz:  12% 4044 MHz:  14% 4104 MHz:   0% 4416 MHz:   0% 4512 MHz:   0%)
P1-Cluster idle residency:   1.27%
P1-Cluster down residency:   0.00%
CPU 10 frequency: 4512 MHz
CPU 10 active residency:  54.57% (1260 MHz:   0% 1512 MHz:   0% 1800 MHz:   0% 2088 MHz:   0% 2352 MHz:   0% 2616 MHz:   0% 2868 MHz:   0% 3096 MHz:   0% 3300 MHz:   0% 3468 MHz:   0% 3624 MHz:   0% 3756 MHz:   0% 3828 MHz:   0% 3888 MHz:   0% 3948 MHz:   0% 3996 MHz:   0% 4044 MHz:   0% 4104 MHz:   0% 4416 MHz:   0% 4512 MHz:  55%)
CPU 10 idle residency:  45.43%
CPU 10 down residency:   0.00%
CPU 11 frequency: 4512 MHz
CPU 11 active residency:  46.36% (1260 MHz:   0% 1512 MHz:   0% 1800 MHz:   0% 2088 MHz:   0% 2352 MHz:   0% 2616 MHz:   0% 2868 MHz:   0% 3096 MHz:   0% 3300 MHz:   0% 3468 MHz:   0% 3624 MHz:   0% 3756 MHz:   0% 3828 MHz:   0% 3888 MHz:   0% 3948 MHz:   0% 3996 MHz:   0% 4044 MHz:   0% 4104 MHz:   0% 4416 MHz:   0% 4512 MHz:  46%)
CPU 11 idle residency:  53.64%
CPU 11 down residency:   0.00%
CPU 12 frequency: 4512 MHz
CPU 12 active residency:  47.68% (1260 MHz:   0% 1512 MHz:   0% 1800 MHz:   0% 2088 MHz:   0% 2352 MHz:   0% 2616 MHz:   0% 2868 MHz:   0% 3096 MHz:   0% 3300 MHz:   0% 3468 MHz:   0% 3624 MHz:   0% 3756 MHz:   0% 3828 MHz:   0% 3888 MHz:   0% 3948 MHz:   0% 3996 MHz:   0% 4044 MHz:   0% 4104 MHz:   0% 4416 MHz:   0% 4512 MHz:  48%)
CPU 12 idle residency:  52.32%
CPU 12 down residency:   0.00%
CPU 13 frequency: 4512 MHz
CPU 13 active residency:  46.29% (1260 MHz:   0% 1512 MHz:   0% 1800 MHz:   0% 2088 MHz:   0% 2352 MHz:   0% 2616 MHz:   0% 2868 MHz:   0% 3096 MHz:   0% 3300 MHz:   0% 3468 MHz:   0% 3624 MHz:   0% 3756 MHz:   0% 3828 MHz:   0% 3888 MHz:   0% 3948 MHz:   0% 3996 MHz:   0% 4044 MHz:   0% 4104 MHz:   0% 4416 MHz:   0% 4512 MHz:  46%)
CPU 13 idle residency:  53.71%
CPU 13 down residency:   0.00%
CPU 14 frequency: 4512 MHz
CPU 14 active residency:  50.19% (1260 MHz:   0% 1512 MHz:   0% 1800 MHz:   0% 2088 MHz:   0% 2352 MHz:   0% 2616 MHz:   0% 2868 MHz:   0% 3096 MHz:   0% 3300 MHz:   0% 3468 MHz:   0% 3624 MHz:   0% 3756 MHz:   0% 3828 MHz:   0% 3888 MHz:   0% 3948 MHz:   0% 3996 MHz:   0% 4044 MHz:   0% 4104 MHz:   0% 4416 MHz:   0% 4512 MHz:  50%)
CPU 14 idle residency:  49.81%
CPU 14 down residency:   0.00%
CPU 15 frequency: 4512 MHz
CPU 15 active residency:  45.52% (1260 MHz:   0% 1512 MHz:   0% 1800 MHz:   0% 2088 MHz:   0% 2352 MHz:   0% 2616 MHz:   0% 2868 MHz:   0% 3096 MHz:   0% 3300 MHz:   0% 3468 MHz:   0% 3624 MHz:   0% 3756 MHz:   0% 3828 MHz:   0% 3888 MHz:   0% 3948 MHz:   0% 3996 MHz:   0% 4044 MHz:   0% 4104 MHz:   0% 4416 MHz:   0% 4512 MHz:  46%)
CPU 15 idle residency:  54.48%
CPU 15 down residency:   0.00%

CPU Power: 4984 mW
GPU Power: 27717 mW
ANE Power: 0 mW
Combined Power (CPU + GPU + ANE): 32700 mW

**** GPU usage ****

GPU HW active frequency: 1578 MHz
GPU HW active residency: 100.00% (338 MHz:   0% 618 MHz:   0% 796 MHz:   0% 924 MHz:   0% 952 MHz:   0% 1056 MHz:   0% 1062 MHz:   0% 1182 MHz:   0% 1182 MHz:   0% 1312 MHz:   0% 1242 MHz:   0% 1380 MHz:   0% 1326 MHz:   0% 1470 MHz:   0% 1578 MHz: 100%)
GPU SW requested state: (P1 :   0% P2 :   0% P3 :   0% P4 :   0% P5 :   0% P6 :   0% P7 :   0% P8 :   0% P9 :   0% P10 : 100% P11 :   0% P12 :   0% P13 :   0% P14 :   0% P15 :   0%)
GPU SW state: (SW_P1 :   0% SW_P2 :   0% SW_P3 :   0% SW_P4 :   0% SW_P5 :   0% SW_P6 :   0% SW_P7 :   0% SW_P8 :   0% SW_P9 :   0% SW_P10 : 100% SW_P11 :   0% SW_P12 :   0% SW_P13 :   0% SW_P14 :   0% SW_P15 :   0%)
GPU idle residency:   0.00%
GPU Power: 27945 mW



*** Sampled system activity (Tue Jan 20 11:34:07 2026 +0100) (1019.83ms elapsed) ***


**** Processor usage ****

E-Cluster Online: 100%
E-Cluster HW active frequency: 2592 MHz
E-Cluster HW active residency:  79.88% (1020 MHz:   0% 1404 MHz:   0% 1788 MHz:   0% 2112 MHz:   0% 2352 MHz:   0% 2532 MHz: .00% 2592 MHz:  80%)
E-Cluster idle residency:  20.12%
E-Cluster down residency:   0.00%
CPU 0 frequency: 2592 MHz
CPU 0 active residency:  49.98% (1020 MHz:   0% 1404 MHz:   0% 1788 MHz:   0% 2112 MHz:   0% 2352 MHz:   0% 2532 MHz:   0% 2592 MHz:  50%)
CPU 0 idle residency:  50.02%
CPU 0 down residency:   0.00%
CPU 1 frequency: 2592 MHz
CPU 1 active residency:  32.97% (1020 MHz:   0% 1404 MHz:   0% 1788 MHz:   0% 2112 MHz:   0% 2352 MHz:   0% 2532 MHz:   0% 2592 MHz:  33%)
CPU 1 idle residency:  67.03%
CPU 1 down residency:   0.00%
CPU 2 frequency: 2592 MHz
CPU 2 active residency:  21.59% (1020 MHz:   0% 1404 MHz:   0% 1788 MHz:   0% 2112 MHz:   0% 2352 MHz:   0% 2532 MHz:   0% 2592 MHz:  22%)
CPU 2 idle residency:  78.41%
CPU 2 down residency:   0.00%
CPU 3 frequency: 2592 MHz
CPU 3 active residency:  13.98% (1020 MHz:   0% 1404 MHz:   0% 1788 MHz:   0% 2112 MHz:   0% 2352 MHz:   0% 2532 MHz:   0% 2592 MHz:  14%)
CPU 3 idle residency:  86.02%
CPU 3 down residency:   0.00%

P0-Cluster Online: 5%
P0-Cluster HW active frequency: 1504 MHz
P0-Cluster HW active residency:   1.33% (1260 MHz: 1.2% 1512 MHz:   0% 1800 MHz:   0% 2088 MHz:   0% 2352 MHz:   0% 2616 MHz:   0% 2868 MHz:   0% 3096 MHz:   0% 3300 MHz:   0% 3468 MHz:   0% 3624 MHz:   0% 3756 MHz:   0% 3828 MHz:   0% 3888 MHz:   0% 3948 MHz:   0% 3996 MHz:   0% 4044 MHz: .12% 4104 MHz:   0% 4416 MHz:   0% 4512 MHz:   0%)
P0-Cluster idle residency:   2.42%
P0-Cluster down residency:  96.25%
CPU 4 frequency: 0 MHz
CPU 4 active residency:   0.00% (1260 MHz:   0% 1512 MHz:   0% 1800 MHz:   0% 2088 MHz:   0% 2352 MHz:   0% 2616 MHz:   0% 2868 MHz:   0% 3096 MHz:   0% 3300 MHz:   0% 3468 MHz:   0% 3624 MHz:   0% 3756 MHz:   0% 3828 MHz:   0% 3888 MHz:   0% 3948 MHz:   0% 3996 MHz:   0% 4044 MHz:   0% 4104 MHz:   0% 4416 MHz:   0% 4512 MHz:   0%)
CPU 4 idle residency:   3.49%
CPU 4 down residency:  96.51%
CPU 5 frequency: 0 MHz
CPU 5 active residency:   0.00% (1260 MHz:   0% 1512 MHz:   0% 1800 MHz:   0% 2088 MHz:   0% 2352 MHz:   0% 2616 MHz:   0% 2868 MHz:   0% 3096 MHz:   0% 3300 MHz:   0% 3468 MHz:   0% 3624 MHz:   0% 3756 MHz:   0% 3828 MHz:   0% 3888 MHz:   0% 3948 MHz:   0% 3996 MHz:   0% 4044 MHz:   0% 4104 MHz:   0% 4416 MHz:   0% 4512 MHz:   0%)
CPU 5 idle residency:   3.56%
CPU 5 down residency:  96.44%
CPU 6 frequency: 0 MHz
CPU 6 active residency:   0.00% (1260 MHz:   0% 1512 MHz:   0% 1800 MHz:   0% 2088 MHz:   0% 2352 MHz:   0% 2616 MHz:   0% 2868 MHz:   0% 3096 MHz:   0% 3300 MHz:   0% 3468 MHz:   0% 3624 MHz:   0% 3756 MHz:   0% 3828 MHz:   0% 3888 MHz:   0% 3948 MHz:   0% 3996 MHz:   0% 4044 MHz:   0% 4104 MHz:   0% 4416 MHz:   0% 4512 MHz:   0%)
CPU 6 idle residency:   3.56%
CPU 6 down residency:  96.44%
CPU 7 frequency: 0 MHz
CPU 7 active residency:   0.00% (1260 MHz:   0% 1512 MHz:   0% 1800 MHz:   0% 2088 MHz:   0% 2352 MHz:   0% 2616 MHz:   0% 2868 MHz:   0% 3096 MHz:   0% 3300 MHz:   0% 3468 MHz:   0% 3624 MHz:   0% 3756 MHz:   0% 3828 MHz:   0% 3888 MHz:   0% 3948 MHz:   0% 3996 MHz:   0% 4044 MHz:   0% 4104 MHz:   0% 4416 MHz:   0% 4512 MHz:   0%)
CPU 7 idle residency:   3.56%
CPU 7 down residency:  96.44%
CPU 8 frequency: 0 MHz
CPU 8 active residency:   0.00% (1260 MHz:   0% 1512 MHz:   0% 1800 MHz:   0% 2088 MHz:   0% 2352 MHz:   0% 2616 MHz:   0% 2868 MHz:   0% 3096 MHz:   0% 3300 MHz:   0% 3468 MHz:   0% 3624 MHz:   0% 3756 MHz:   0% 3828 MHz:   0% 3888 MHz:   0% 3948 MHz:   0% 3996 MHz:   0% 4044 MHz:   0% 4104 MHz:   0% 4416 MHz:   0% 4512 MHz:   0%)
CPU 8 idle residency:   3.53%
CPU 8 down residency:  96.47%
CPU 9 frequency: 0 MHz
CPU 9 active residency:   0.00% (1260 MHz:   0% 1512 MHz:   0% 1800 MHz:   0% 2088 MHz:   0% 2352 MHz:   0% 2616 MHz:   0% 2868 MHz:   0% 3096 MHz:   0% 3300 MHz:   0% 3468 MHz:   0% 3624 MHz:   0% 3756 MHz:   0% 3828 MHz:   0% 3888 MHz:   0% 3948 MHz:   0% 3996 MHz:   0% 4044 MHz:   0% 4104 MHz:   0% 4416 MHz:   0% 4512 MHz:   0%)
CPU 9 idle residency:   3.53%
CPU 9 down residency:  96.47%

P1-Cluster HW active frequency: 3961 MHz
P1-Cluster HW active residency:  99.05% (1260 MHz:   0% 1512 MHz:   0% 1800 MHz:   0% 2088 MHz:   0% 2352 MHz:   0% 2616 MHz:   0% 2868 MHz:   0% 3096 MHz:   0% 3300 MHz:   0% 3468 MHz:   0% 3624 MHz:   0% 3756 MHz:   0% 3828 MHz:   0% 3888 MHz: 6.1% 3948 MHz:  70% 3996 MHz:  12% 4044 MHz:  11% 4104 MHz:   0% 4416 MHz:   0% 4512 MHz:   0%)
P1-Cluster idle residency:   0.95%
P1-Cluster down residency:   0.00%
CPU 10 frequency: 4512 MHz
CPU 10 active residency:  51.28% (1260 MHz:   0% 1512 MHz:   0% 1800 MHz:   0% 2088 MHz:   0% 2352 MHz:   0% 2616 MHz:   0% 2868 MHz:   0% 3096 MHz:   0% 3300 MHz:   0% 3468 MHz:   0% 3624 MHz:   0% 3756 MHz:   0% 3828 MHz:   0% 3888 MHz:   0% 3948 MHz:   0% 3996 MHz:   0% 4044 MHz:   0% 4104 MHz:   0% 4416 MHz:   0% 4512 MHz:  51%)
CPU 10 idle residency:  48.72%
CPU 10 down residency:   0.00%
CPU 11 frequency: 4512 MHz
CPU 11 active residency:  43.30% (1260 MHz:   0% 1512 MHz:   0% 1800 MHz:   0% 2088 MHz:   0% 2352 MHz:   0% 2616 MHz:   0% 2868 MHz:   0% 3096 MHz:   0% 3300 MHz:   0% 3468 MHz:   0% 3624 MHz:   0% 3756 MHz:   0% 3828 MHz:   0% 3888 MHz:   0% 3948 MHz:   0% 3996 MHz:   0% 4044 MHz:   0% 4104 MHz:   0% 4416 MHz:   0% 4512 MHz:  43%)
CPU 11 idle residency:  56.70%
CPU 11 down residency:   0.00%
CPU 12 frequency: 4512 MHz
CPU 12 active residency:  51.21% (1260 MHz:   0% 1512 MHz:   0% 1800 MHz:   0% 2088 MHz:   0% 2352 MHz:   0% 2616 MHz:   0% 2868 MHz:   0% 3096 MHz:   0% 3300 MHz:   0% 3468 MHz:   0% 3624 MHz:   0% 3756 MHz:   0% 3828 MHz:   0% 3888 MHz:   0% 3948 MHz:   0% 3996 MHz:   0% 4044 MHz:   0% 4104 MHz:   0% 4416 MHz:   0% 4512 MHz:  51%)
CPU 12 idle residency:  48.79%
CPU 12 down residency:   0.00%
CPU 13 frequency: 4512 MHz
CPU 13 active residency:  47.10% (1260 MHz:   0% 1512 MHz:   0% 1800 MHz:   0% 2088 MHz:   0% 2352 MHz:   0% 2616 MHz:   0% 2868 MHz:   0% 3096 MHz:   0% 3300 MHz:   0% 3468 MHz:   0% 3624 MHz:   0% 3756 MHz:   0% 3828 MHz:   0% 3888 MHz:   0% 3948 MHz:   0% 3996 MHz:   0% 4044 MHz:   0% 4104 MHz:   0% 4416 MHz:   0% 4512 MHz:  47%)
CPU 13 idle residency:  52.90%
CPU 13 down residency:   0.00%
CPU 14 frequency: 4512 MHz
CPU 14 active residency:  47.23% (1260 MHz:   0% 1512 MHz:   0% 1800 MHz:   0% 2088 MHz:   0% 2352 MHz:   0% 2616 MHz:   0% 2868 MHz:   0% 3096 MHz:   0% 3300 MHz:   0% 3468 MHz:   0% 3624 MHz:   0% 3756 MHz:   0% 3828 MHz:   0% 3888 MHz:   0% 3948 MHz:   0% 3996 MHz:   0% 4044 MHz:   0% 4104 MHz:   0% 4416 MHz:   0% 4512 MHz:  47%)
CPU 14 idle residency:  52.77%
CPU 14 down residency:   0.00%
CPU 15 frequency: 4512 MHz
CPU 15 active residency:  46.03% (1260 MHz:   0% 1512 MHz:   0% 1800 MHz:   0% 2088 MHz:   0% 2352 MHz:   0% 2616 MHz:   0% 2868 MHz:   0% 3096 MHz:   0% 3300 MHz:   0% 3468 MHz:   0% 3624 MHz:   0% 3756 MHz:   0% 3828 MHz:   0% 3888 MHz:   0% 3948 MHz:   0% 3996 MHz:   0% 4044 MHz:   0% 4104 MHz:   0% 4416 MHz:   0% 4512 MHz:  46%)
CPU 15 idle residency:  53.97%
CPU 15 down residency:   0.00%

CPU Power: 4756 mW
GPU Power: 27829 mW
ANE Power: 0 mW
Combined Power (CPU + GPU + ANE): 32585 mW

**** GPU usage ****

GPU HW active frequency: 1578 MHz
GPU HW active residency: 100.00% (338 MHz:   0% 618 MHz:   0% 796 MHz:   0% 924 MHz:   0% 952 MHz:   0% 1056 MHz:   0% 1062 MHz:   0% 1182 MHz:   0% 1182 MHz:   0% 1312 MHz:   0% 1242 MHz:   0% 1380 MHz:   0% 1326 MHz:   0% 1470 MHz:   0% 1578 MHz: 100%)
GPU SW requested state: (P1 :   0% P2 :   0% P3 :   0% P4 :   0% P5 :   0% P6 :   0% P7 :   0% P8 :   0% P9 :   0% P10 : 100% P11 :   0% P12 :   0% P13 :   0% P14 :   0% P15 :   0%)
GPU SW state: (SW_P1 :   0% SW_P2 :   0% SW_P3 :   0% SW_P4 :   0% SW_P5 :   0% SW_P6 :   0% SW_P7 :   0% SW_P8 :   0% SW_P9 :   0% SW_P10 : 100% SW_P11 :   0% SW_P12 :   0% SW_P13 :   0% SW_P14 :   0% SW_P15 :   0%)
GPU idle residency:   0.00%
GPU Power: 27828 mW



*** Sampled system activity (Tue Jan 20 11:34:08 2026 +0100) (1019.99ms elapsed) ***


**** Processor usage ****

E-Cluster Online: 100%
E-Cluster HW active frequency: 2592 MHz
E-Cluster HW active residency:  83.62% (1020 MHz:   0% 1404 MHz:   0% 1788 MHz:   0% 2112 MHz:   0% 2352 MHz:   0% 2532 MHz: .00% 2592 MHz:  84%)
E-Cluster idle residency:  16.38%
E-Cluster down residency:   0.00%
CPU 0 frequency: 2592 MHz
CPU 0 active residency:  54.64% (1020 MHz:   0% 1404 MHz:   0% 1788 MHz:   0% 2112 MHz:   0% 2352 MHz:   0% 2532 MHz:   0% 2592 MHz:  55%)
CPU 0 idle residency:  45.36%
CPU 0 down residency:   0.00%
CPU 1 frequency: 2592 MHz
CPU 1 active residency:  40.88% (1020 MHz:   0% 1404 MHz:   0% 1788 MHz:   0% 2112 MHz:   0% 2352 MHz:   0% 2532 MHz:   0% 2592 MHz:  41%)
CPU 1 idle residency:  59.12%
CPU 1 down residency:   0.00%
CPU 2 frequency: 2592 MHz
CPU 2 active residency:  30.27% (1020 MHz:   0% 1404 MHz:   0% 1788 MHz:   0% 2112 MHz:   0% 2352 MHz:   0% 2532 MHz:   0% 2592 MHz:  30%)
CPU 2 idle residency:  69.73%
CPU 2 down residency:   0.00%
CPU 3 frequency: 2592 MHz
CPU 3 active residency:  24.12% (1020 MHz:   0% 1404 MHz:   0% 1788 MHz:   0% 2112 MHz:   0% 2352 MHz:   0% 2532 MHz:   0% 2592 MHz:  24%)
CPU 3 idle residency:  75.88%
CPU 3 down residency:   0.00%

P0-Cluster Online: 13%
P0-Cluster HW active frequency: 1917 MHz
P0-Cluster HW active residency:   3.73% (1260 MHz: 2.6% 1512 MHz:   0% 1800 MHz: .09% 2088 MHz: .33% 2352 MHz: .03% 2616 MHz:   0% 2868 MHz:   0% 3096 MHz:   0% 3300 MHz:   0% 3468 MHz:   0% 3624 MHz:   0% 3756 MHz:   0% 3828 MHz:   0% 3888 MHz: .00% 3948 MHz: .02% 3996 MHz: .01% 4044 MHz: .33% 4104 MHz:   0% 4416 MHz:   0% 4512 MHz: .34%)
P0-Cluster idle residency:   5.76%
P0-Cluster down residency:  90.51%
CPU 4 frequency: 0 MHz
CPU 4 active residency:   0.00% (1260 MHz:   0% 1512 MHz:   0% 1800 MHz:   0% 2088 MHz:   0% 2352 MHz:   0% 2616 MHz:   0% 2868 MHz:   0% 3096 MHz:   0% 3300 MHz:   0% 3468 MHz:   0% 3624 MHz:   0% 3756 MHz:   0% 3828 MHz:   0% 3888 MHz:   0% 3948 MHz:   0% 3996 MHz:   0% 4044 MHz:   0% 4104 MHz:   0% 4416 MHz:   0% 4512 MHz:   0%)
CPU 4 idle residency:   9.03%
CPU 4 down residency:  90.97%
CPU 5 frequency: 0 MHz
CPU 5 active residency:   0.00% (1260 MHz:   0% 1512 MHz:   0% 1800 MHz:   0% 2088 MHz:   0% 2352 MHz:   0% 2616 MHz:   0% 2868 MHz:   0% 3096 MHz:   0% 3300 MHz:   0% 3468 MHz:   0% 3624 MHz:   0% 3756 MHz:   0% 3828 MHz:   0% 3888 MHz:   0% 3948 MHz:   0% 3996 MHz:   0% 4044 MHz:   0% 4104 MHz:   0% 4416 MHz:   0% 4512 MHz:   0%)
CPU 5 idle residency:   8.94%
CPU 5 down residency:  91.06%
CPU 6 frequency: 0 MHz
CPU 6 active residency:   0.00% (1260 MHz:   0% 1512 MHz:   0% 1800 MHz:   0% 2088 MHz:   0% 2352 MHz:   0% 2616 MHz:   0% 2868 MHz:   0% 3096 MHz:   0% 3300 MHz:   0% 3468 MHz:   0% 3624 MHz:   0% 3756 MHz:   0% 3828 MHz:   0% 3888 MHz:   0% 3948 MHz:   0% 3996 MHz:   0% 4044 MHz:   0% 4104 MHz:   0% 4416 MHz:   0% 4512 MHz:   0%)
CPU 6 idle residency:   9.10%
CPU 6 down residency:  90.90%
CPU 7 frequency: 0 MHz
CPU 7 active residency:   0.00% (1260 MHz:   0% 1512 MHz:   0% 1800 MHz:   0% 2088 MHz:   0% 2352 MHz:   0% 2616 MHz:   0% 2868 MHz:   0% 3096 MHz:   0% 3300 MHz:   0% 3468 MHz:   0% 3624 MHz:   0% 3756 MHz:   0% 3828 MHz:   0% 3888 MHz:   0% 3948 MHz:   0% 3996 MHz:   0% 4044 MHz:   0% 4104 MHz:   0% 4416 MHz:   0% 4512 MHz:   0%)
CPU 7 idle residency:   9.11%
CPU 7 down residency:  90.89%
CPU 8 frequency: 0 MHz
CPU 8 active residency:   0.00% (1260 MHz:   0% 1512 MHz:   0% 1800 MHz:   0% 2088 MHz:   0% 2352 MHz:   0% 2616 MHz:   0% 2868 MHz:   0% 3096 MHz:   0% 3300 MHz:   0% 3468 MHz:   0% 3624 MHz:   0% 3756 MHz:   0% 3828 MHz:   0% 3888 MHz:   0% 3948 MHz:   0% 3996 MHz:   0% 4044 MHz:   0% 4104 MHz:   0% 4416 MHz:   0% 4512 MHz:   0%)
CPU 8 idle residency:   8.76%
CPU 8 down residency:  91.24%
CPU 9 frequency: 0 MHz
CPU 9 active residency:   0.00% (1260 MHz:   0% 1512 MHz:   0% 1800 MHz:   0% 2088 MHz:   0% 2352 MHz:   0% 2616 MHz:   0% 2868 MHz:   0% 3096 MHz:   0% 3300 MHz:   0% 3468 MHz:   0% 3624 MHz:   0% 3756 MHz:   0% 3828 MHz:   0% 3888 MHz:   0% 3948 MHz:   0% 3996 MHz:   0% 4044 MHz:   0% 4104 MHz:   0% 4416 MHz:   0% 4512 MHz:   0%)
CPU 9 idle residency:   9.05%
CPU 9 down residency:  90.95%

P1-Cluster HW active frequency: 3960 MHz
P1-Cluster HW active residency:  98.94% (1260 MHz:   0% 1512 MHz:   0% 1800 MHz:   0% 2088 MHz:   0% 2352 MHz:   0% 2616 MHz:   0% 2868 MHz:   0% 3096 MHz:   0% 3300 MHz:   0% 3468 MHz:   0% 3624 MHz:   0% 3756 MHz:   0% 3828 MHz:   0% 3888 MHz: 9.7% 3948 MHz:  64% 3996 MHz:  13% 4044 MHz:  12% 4104 MHz:   0% 4416 MHz:   0% 4512 MHz:   0%)
P1-Cluster idle residency:   1.06%
P1-Cluster down residency:   0.00%
CPU 10 frequency: 4512 MHz
CPU 10 active residency:  52.93% (1260 MHz:   0% 1512 MHz:   0% 1800 MHz:   0% 2088 MHz:   0% 2352 MHz:   0% 2616 MHz:   0% 2868 MHz:   0% 3096 MHz:   0% 3300 MHz:   0% 3468 MHz:   0% 3624 MHz:   0% 3756 MHz:   0% 3828 MHz:   0% 3888 MHz:   0% 3948 MHz:   0% 3996 MHz:   0% 4044 MHz:   0% 4104 MHz:   0% 4416 MHz:   0% 4512 MHz:  53%)
CPU 10 idle residency:  47.07%
CPU 10 down residency:   0.00%
CPU 11 frequency: 4512 MHz
CPU 11 active residency:  46.93% (1260 MHz:   0% 1512 MHz:   0% 1800 MHz:   0% 2088 MHz:   0% 2352 MHz:   0% 2616 MHz:   0% 2868 MHz:   0% 3096 MHz:   0% 3300 MHz:   0% 3468 MHz:   0% 3624 MHz:   0% 3756 MHz:   0% 3828 MHz:   0% 3888 MHz:   0% 3948 MHz:   0% 3996 MHz:   0% 4044 MHz:   0% 4104 MHz:   0% 4416 MHz:   0% 4512 MHz:  47%)
CPU 11 idle residency:  53.07%
CPU 11 down residency:   0.00%
CPU 12 frequency: 4512 MHz
CPU 12 active residency:  50.04% (1260 MHz:   0% 1512 MHz:   0% 1800 MHz:   0% 2088 MHz:   0% 2352 MHz:   0% 2616 MHz:   0% 2868 MHz:   0% 3096 MHz:   0% 3300 MHz:   0% 3468 MHz:   0% 3624 MHz:   0% 3756 MHz:   0% 3828 MHz:   0% 3888 MHz:   0% 3948 MHz:   0% 3996 MHz:   0% 4044 MHz:   0% 4104 MHz:   0% 4416 MHz:   0% 4512 MHz:  50%)
CPU 12 idle residency:  49.96%
CPU 12 down residency:   0.00%
CPU 13 frequency: 4512 MHz
CPU 13 active residency:  51.62% (1260 MHz:   0% 1512 MHz:   0% 1800 MHz:   0% 2088 MHz:   0% 2352 MHz:   0% 2616 MHz:   0% 2868 MHz:   0% 3096 MHz:   0% 3300 MHz:   0% 3468 MHz:   0% 3624 MHz:   0% 3756 MHz:   0% 3828 MHz:   0% 3888 MHz:   0% 3948 MHz:   0% 3996 MHz:   0% 4044 MHz:   0% 4104 MHz:   0% 4416 MHz:   0% 4512 MHz:  52%)
CPU 13 idle residency:  48.38%
CPU 13 down residency:   0.00%
CPU 14 frequency: 4512 MHz
CPU 14 active residency:  43.97% (1260 MHz:   0% 1512 MHz:   0% 1800 MHz:   0% 2088 MHz:   0% 2352 MHz:   0% 2616 MHz:   0% 2868 MHz:   0% 3096 MHz:   0% 3300 MHz:   0% 3468 MHz:   0% 3624 MHz:   0% 3756 MHz:   0% 3828 MHz:   0% 3888 MHz:   0% 3948 MHz:   0% 3996 MHz:   0% 4044 MHz:   0% 4104 MHz:   0% 4416 MHz:   0% 4512 MHz:  44%)
CPU 14 idle residency:  56.03%
CPU 14 down residency:   0.00%
CPU 15 frequency: 4512 MHz
CPU 15 active residency:  46.03% (1260 MHz:   0% 1512 MHz:   0% 1800 MHz:   0% 2088 MHz:   0% 2352 MHz:   0% 2616 MHz:   0% 2868 MHz:   0% 3096 MHz:   0% 3300 MHz:   0% 3468 MHz:   0% 3624 MHz:   0% 3756 MHz:   0% 3828 MHz:   0% 3888 MHz:   0% 3948 MHz:   0% 3996 MHz:   0% 4044 MHz:   0% 4104 MHz:   0% 4416 MHz:   0% 4512 MHz:  46%)
CPU 15 idle residency:  53.97%
CPU 15 down residency:   0.00%

CPU Power: 5263 mW
GPU Power: 27883 mW
ANE Power: 0 mW
Combined Power (CPU + GPU + ANE): 33145 mW

**** GPU usage ****

GPU HW active frequency: 1578 MHz
GPU HW active residency: 100.00% (338 MHz:   0% 618 MHz:   0% 796 MHz:   0% 924 MHz:   0% 952 MHz:   0% 1056 MHz:   0% 1062 MHz:   0% 1182 MHz:   0% 1182 MHz:   0% 1312 MHz:   0% 1242 MHz:   0% 1380 MHz:   0% 1326 MHz:   0% 1470 MHz:   0% 1578 MHz: 100%)
GPU SW requested state: (P1 :   0% P2 :   0% P3 :   0% P4 :   0% P5 :   0% P6 :   0% P7 :   0% P8 :   0% P9 :   0% P10 : 100% P11 :   0% P12 :   0% P13 :   0% P14 :   0% P15 :   0%)
GPU SW state: (SW_P1 :   0% SW_P2 :   0% SW_P3 :   0% SW_P4 :   0% SW_P5 :   0% SW_P6 :   0% SW_P7 :   0% SW_P8 :   0% SW_P9 :   0% SW_P10 : 100% SW_P11 :   0% SW_P12 :   0% SW_P13 :   0% SW_P14 :   0% SW_P15 :   0%)
GPU idle residency:   0.00%
GPU Power: 27655 mW



*** Sampled system activity (Tue Jan 20 11:34:09 2026 +0100) (1018.91ms elapsed) ***


**** Processor usage ****

E-Cluster Online: 100%
E-Cluster HW active frequency: 2592 MHz
E-Cluster HW active residency:  79.44% (1020 MHz:   0% 1404 MHz:   0% 1788 MHz:   0% 2112 MHz:   0% 2352 MHz:   0% 2532 MHz: .00% 2592 MHz:  79%)
E-Cluster idle residency:  20.56%
E-Cluster down residency:   0.00%
CPU 0 frequency: 2592 MHz
CPU 0 active residency:  51.11% (1020 MHz:   0% 1404 MHz:   0% 1788 MHz:   0% 2112 MHz:   0% 2352 MHz:   0% 2532 MHz:   0% 2592 MHz:  51%)
CPU 0 idle residency:  48.89%
CPU 0 down residency:   0.00%
CPU 1 frequency: 2592 MHz
CPU 1 active residency:  36.60% (1020 MHz:   0% 1404 MHz:   0% 1788 MHz:   0% 2112 MHz:   0% 2352 MHz:   0% 2532 MHz:   0% 2592 MHz:  37%)
CPU 1 idle residency:  63.40%
CPU 1 down residency:   0.00%
CPU 2 frequency: 2592 MHz
CPU 2 active residency:  23.87% (1020 MHz:   0% 1404 MHz:   0% 1788 MHz:   0% 2112 MHz:   0% 2352 MHz:   0% 2532 MHz:   0% 2592 MHz:  24%)
CPU 2 idle residency:  76.13%
CPU 2 down residency:   0.00%
CPU 3 frequency: 2592 MHz
CPU 3 active residency:  16.03% (1020 MHz:   0% 1404 MHz:   0% 1788 MHz:   0% 2112 MHz:   0% 2352 MHz:   0% 2532 MHz:   0% 2592 MHz:  16%)
CPU 3 idle residency:  83.97%
CPU 3 down residency:   0.00%

P0-Cluster Online: 15%
P0-Cluster HW active frequency: 1776 MHz
P0-Cluster HW active residency:   2.57% (1260 MHz: 1.8% 1512 MHz:   0% 1800 MHz: .19% 2088 MHz:   0% 2352 MHz: .01% 2616 MHz: .13% 2868 MHz:   0% 3096 MHz:   0% 3300 MHz:   0% 3468 MHz:   0% 3624 MHz:   0% 3756 MHz:   0% 3828 MHz:   0% 3888 MHz: .22% 3948 MHz: .13% 3996 MHz: .03% 4044 MHz:   0% 4104 MHz:   0% 4416 MHz: .00% 4512 MHz:   0%)
P0-Cluster idle residency:  13.22%
P0-Cluster down residency:  84.22%
CPU 4 frequency: 4374 MHz
CPU 4 active residency:  17.42% (1260 MHz: .54% 1512 MHz: .01% 1800 MHz: .13% 2088 MHz:   0% 2352 MHz: .03% 2616 MHz: .11% 2868 MHz:   0% 3096 MHz:   0% 3300 MHz:   0% 3468 MHz:   0% 3624 MHz:   0% 3756 MHz:   0% 3828 MHz:   0% 3888 MHz:   0% 3948 MHz:   0% 3996 MHz:   0% 4044 MHz:   0% 4104 MHz:   0% 4416 MHz:   0% 4512 MHz:  17%)
CPU 4 idle residency:  12.45%
CPU 4 down residency:  70.14%
CPU 5 frequency: 4394 MHz
CPU 5 active residency:  17.69% (1260 MHz: .47% 1512 MHz: .01% 1800 MHz: .10% 2088 MHz:   0% 2352 MHz: .03% 2616 MHz: .11% 2868 MHz:   0% 3096 MHz:   0% 3300 MHz:   0% 3468 MHz:   0% 3624 MHz:   0% 3756 MHz:   0% 3828 MHz:   0% 3888 MHz:   0% 3948 MHz:   0% 3996 MHz:   0% 4044 MHz:   0% 4104 MHz:   0% 4416 MHz:   0% 4512 MHz:  17%)
CPU 5 idle residency:  12.59%
CPU 5 down residency:  69.72%
CPU 6 frequency: 4399 MHz
CPU 6 active residency:  18.04% (1260 MHz: .46% 1512 MHz: .01% 1800 MHz: .10% 2088 MHz:   0% 2352 MHz: .02% 2616 MHz: .11% 2868 MHz:   0% 3096 MHz:   0% 3300 MHz:   0% 3468 MHz:   0% 3624 MHz:   0% 3756 MHz:   0% 3828 MHz:   0% 3888 MHz:   0% 3948 MHz:   0% 3996 MHz:   0% 4044 MHz:   0% 4104 MHz:   0% 4416 MHz:   0% 4512 MHz:  17%)
CPU 6 idle residency:  12.55%
CPU 6 down residency:  69.41%
CPU 7 frequency: 4405 MHz
CPU 7 active residency:  18.90% (1260 MHz: .46% 1512 MHz: .01% 1800 MHz: .10% 2088 MHz:   0% 2352 MHz: .02% 2616 MHz: .10% 2868 MHz:   0% 3096 MHz:   0% 3300 MHz:   0% 3468 MHz:   0% 3624 MHz:   0% 3756 MHz:   0% 3828 MHz:   0% 3888 MHz:   0% 3948 MHz:   0% 3996 MHz:   0% 4044 MHz:   0% 4104 MHz:   0% 4416 MHz:   0% 4512 MHz:  18%)
CPU 7 idle residency:  12.41%
CPU 7 down residency:  68.69%
CPU 8 frequency: 4341 MHz
CPU 8 active residency:  17.65% (1260 MHz: .50% 1512 MHz: .01% 1800 MHz: .16% 2088 MHz: .27% 2352 MHz: .02% 2616 MHz: .11% 2868 MHz:   0% 3096 MHz:   0% 3300 MHz:   0% 3468 MHz:   0% 3624 MHz:   0% 3756 MHz:   0% 3828 MHz:   0% 3888 MHz:   0% 3948 MHz:   0% 3996 MHz:   0% 4044 MHz:   0% 4104 MHz:   0% 4416 MHz:   0% 4512 MHz:  17%)
CPU 8 idle residency:  12.43%
CPU 8 down residency:  69.92%
CPU 9 frequency: 4397 MHz
CPU 9 active residency:  17.68% (1260 MHz: .52% 1512 MHz: .01% 1800 MHz: .07% 2088 MHz:   0% 2352 MHz: .02% 2616 MHz: .04% 2868 MHz:   0% 3096 MHz:   0% 3300 MHz:   0% 3468 MHz:   0% 3624 MHz:   0% 3756 MHz:   0% 3828 MHz:   0% 3888 MHz:   0% 3948 MHz:   0% 3996 MHz:   0% 4044 MHz:   0% 4104 MHz:   0% 4416 MHz:   0% 4512 MHz:  17%)
CPU 9 idle residency:  12.61%
CPU 9 down residency:  69.71%

P1-Cluster HW active frequency: 3961 MHz
P1-Cluster HW active residency:  98.88% (1260 MHz:   0% 1512 MHz:   0% 1800 MHz:   0% 2088 MHz:   0% 2352 MHz:   0% 2616 MHz:   0% 2868 MHz:   0% 3096 MHz:   0% 3300 MHz:   0% 3468 MHz:   0% 3624 MHz:   0% 3756 MHz:   0% 3828 MHz:   0% 3888 MHz: 7.2% 3948 MHz:  68% 3996 MHz:  12% 4044 MHz:  12% 4104 MHz:   0% 4416 MHz:   0% 4512 MHz:   0%)
P1-Cluster idle residency:   1.12%
P1-Cluster down residency:   0.00%
CPU 10 frequency: 4512 MHz
CPU 10 active residency:  52.11% (1260 MHz:   0% 1512 MHz:   0% 1800 MHz:   0% 2088 MHz:   0% 2352 MHz:   0% 2616 MHz:   0% 2868 MHz:   0% 3096 MHz:   0% 3300 MHz:   0% 3468 MHz:   0% 3624 MHz:   0% 3756 MHz:   0% 3828 MHz:   0% 3888 MHz:   0% 3948 MHz:   0% 3996 MHz:   0% 4044 MHz:   0% 4104 MHz:   0% 4416 MHz:   0% 4512 MHz:  52%)
CPU 10 idle residency:  47.89%
CPU 10 down residency:   0.00%
CPU 11 frequency: 4512 MHz
CPU 11 active residency:  47.34% (1260 MHz:   0% 1512 MHz:   0% 1800 MHz:   0% 2088 MHz:   0% 2352 MHz:   0% 2616 MHz:   0% 2868 MHz:   0% 3096 MHz:   0% 3300 MHz:   0% 3468 MHz:   0% 3624 MHz:   0% 3756 MHz:   0% 3828 MHz:   0% 3888 MHz:   0% 3948 MHz:   0% 3996 MHz:   0% 4044 MHz:   0% 4104 MHz:   0% 4416 MHz:   0% 4512 MHz:  47%)
CPU 11 idle residency:  52.66%
CPU 11 down residency:   0.00%
CPU 12 frequency: 4512 MHz
CPU 12 active residency:  51.11% (1260 MHz:   0% 1512 MHz:   0% 1800 MHz:   0% 2088 MHz:   0% 2352 MHz:   0% 2616 MHz:   0% 2868 MHz:   0% 3096 MHz:   0% 3300 MHz:   0% 3468 MHz:   0% 3624 MHz:   0% 3756 MHz:   0% 3828 MHz:   0% 3888 MHz:   0% 3948 MHz:   0% 3996 MHz:   0% 4044 MHz:   0% 4104 MHz:   0% 4416 MHz:   0% 4512 MHz:  51%)
CPU 12 idle residency:  48.89%
CPU 12 down residency:   0.00%
CPU 13 frequency: 4512 MHz
CPU 13 active residency:  44.81% (1260 MHz:   0% 1512 MHz:   0% 1800 MHz:   0% 2088 MHz:   0% 2352 MHz:   0% 2616 MHz:   0% 2868 MHz:   0% 3096 MHz:   0% 3300 MHz:   0% 3468 MHz:   0% 3624 MHz:   0% 3756 MHz:   0% 3828 MHz:   0% 3888 MHz:   0% 3948 MHz:   0% 3996 MHz:   0% 4044 MHz:   0% 4104 MHz:   0% 4416 MHz:   0% 4512 MHz:  45%)
CPU 13 idle residency:  55.19%
CPU 13 down residency:   0.00%
CPU 14 frequency: 4512 MHz
CPU 14 active residency:  42.54% (1260 MHz:   0% 1512 MHz:   0% 1800 MHz:   0% 2088 MHz:   0% 2352 MHz:   0% 2616 MHz:   0% 2868 MHz:   0% 3096 MHz:   0% 3300 MHz:   0% 3468 MHz:   0% 3624 MHz:   0% 3756 MHz:   0% 3828 MHz:   0% 3888 MHz:   0% 3948 MHz:   0% 3996 MHz:   0% 4044 MHz:   0% 4104 MHz:   0% 4416 MHz:   0% 4512 MHz:  43%)
CPU 14 idle residency:  57.46%
CPU 14 down residency:   0.00%
CPU 15 frequency: 4512 MHz
CPU 15 active residency:  46.62% (1260 MHz:   0% 1512 MHz:   0% 1800 MHz:   0% 2088 MHz:   0% 2352 MHz:   0% 2616 MHz:   0% 2868 MHz:   0% 3096 MHz:   0% 3300 MHz:   0% 3468 MHz:   0% 3624 MHz:   0% 3756 MHz:   0% 3828 MHz:   0% 3888 MHz:   0% 3948 MHz:   0% 3996 MHz:   0% 4044 MHz:   0% 4104 MHz:   0% 4416 MHz:   0% 4512 MHz:  47%)
CPU 15 idle residency:  53.38%
CPU 15 down residency:   0.00%

CPU Power: 4777 mW
GPU Power: 27877 mW
ANE Power: 0 mW
Combined Power (CPU + GPU + ANE): 32654 mW

**** GPU usage ****

GPU HW active frequency: 1578 MHz
GPU HW active residency: 100.00% (338 MHz:   0% 618 MHz:   0% 796 MHz:   0% 924 MHz:   0% 952 MHz:   0% 1056 MHz:   0% 1062 MHz:   0% 1182 MHz:   0% 1182 MHz:   0% 1312 MHz:   0% 1242 MHz:   0% 1380 MHz:   0% 1326 MHz:   0% 1470 MHz:   0% 1578 MHz: 100%)
GPU SW requested state: (P1 :   0% P2 :   0% P3 :   0% P4 :   0% P5 :   0% P6 :   0% P7 :   0% P8 :   0% P9 :   0% P10 : 100% P11 :   0% P12 :   0% P13 :   0% P14 :   0% P15 :   0%)
GPU SW state: (SW_P1 :   0% SW_P2 :   0% SW_P3 :   0% SW_P4 :   0% SW_P5 :   0% SW_P6 :   0% SW_P7 :   0% SW_P8 :   0% SW_P9 :   0% SW_P10 : 100% SW_P11 :   0% SW_P12 :   0% SW_P13 :   0% SW_P14 :   0% SW_P15 :   0%)
GPU idle residency:   0.00%
GPU Power: 28106 mW



*** Sampled system activity (Tue Jan 20 11:34:10 2026 +0100) (1020.45ms elapsed) ***


**** Processor usage ****

E-Cluster Online: 100%
E-Cluster HW active frequency: 2561 MHz
E-Cluster HW active residency:  79.43% (1020 MHz: .56% 1404 MHz: .38% 1788 MHz: 1.1% 2112 MHz: .19% 2352 MHz: .68% 2532 MHz: .00% 2592 MHz:  77%)
E-Cluster idle residency:  20.57%
E-Cluster down residency:   0.00%
CPU 0 frequency: 2556 MHz
CPU 0 active residency:  47.76% (1020 MHz: .36% 1404 MHz: .34% 1788 MHz: .71% 2112 MHz: .15% 2352 MHz: .51% 2532 MHz:   0% 2592 MHz:  46%)
CPU 0 idle residency:  52.24%
CPU 0 down residency:   0.00%
CPU 1 frequency: 2554 MHz
CPU 1 active residency:  34.19% (1020 MHz: .33% 1404 MHz: .20% 1788 MHz: .53% 2112 MHz: .08% 2352 MHz: .32% 2532 MHz:   0% 2592 MHz:  33%)
CPU 1 idle residency:  65.81%
CPU 1 down residency:   0.00%
CPU 2 frequency: 2555 MHz
CPU 2 active residency:  21.29% (1020 MHz: .15% 1404 MHz: .11% 1788 MHz: .39% 2112 MHz: .06% 2352 MHz: .30% 2532 MHz:   0% 2592 MHz:  20%)
CPU 2 idle residency:  78.71%
CPU 2 down residency:   0.00%
CPU 3 frequency: 2560 MHz
CPU 3 active residency:  14.73% (1020 MHz: .06% 1404 MHz: .08% 1788 MHz: .24% 2112 MHz: .02% 2352 MHz: .32% 2532 MHz:   0% 2592 MHz:  14%)
CPU 3 idle residency:  85.27%
CPU 3 down residency:   0.00%

P0-Cluster Online: 18%
P0-Cluster HW active frequency: 2670 MHz
P0-Cluster HW active residency:   8.62% (1260 MHz: 3.0% 1512 MHz: .81% 1800 MHz: .20% 2088 MHz:   0% 2352 MHz:   0% 2616 MHz: .07% 2868 MHz: .59% 3096 MHz: .19% 3300 MHz: .16% 3468 MHz:   0% 3624 MHz:   0% 3756 MHz:   0% 3828 MHz:   0% 3888 MHz: .00% 3948 MHz: .72% 3996 MHz: .70% 4044 MHz: 1.9% 4104 MHz:   0% 4416 MHz: .10% 4512 MHz: .21%)
P0-Cluster idle residency:   8.32%
P0-Cluster down residency:  83.06%
CPU 4 frequency: 0 MHz
CPU 4 active residency:   0.00% (1260 MHz:   0% 1512 MHz:   0% 1800 MHz:   0% 2088 MHz:   0% 2352 MHz:   0% 2616 MHz:   0% 2868 MHz:   0% 3096 MHz:   0% 3300 MHz:   0% 3468 MHz:   0% 3624 MHz:   0% 3756 MHz:   0% 3828 MHz:   0% 3888 MHz:   0% 3948 MHz:   0% 3996 MHz:   0% 4044 MHz:   0% 4104 MHz:   0% 4416 MHz:   0% 4512 MHz:   0%)
CPU 4 idle residency:  13.96%
CPU 4 down residency:  86.04%
CPU 5 frequency: 0 MHz
CPU 5 active residency:   0.00% (1260 MHz:   0% 1512 MHz:   0% 1800 MHz:   0% 2088 MHz:   0% 2352 MHz:   0% 2616 MHz:   0% 2868 MHz:   0% 3096 MHz:   0% 3300 MHz:   0% 3468 MHz:   0% 3624 MHz:   0% 3756 MHz:   0% 3828 MHz:   0% 3888 MHz:   0% 3948 MHz:   0% 3996 MHz:   0% 4044 MHz:   0% 4104 MHz:   0% 4416 MHz:   0% 4512 MHz:   0%)
CPU 5 idle residency:  16.70%
CPU 5 down residency:  83.30%
CPU 6 frequency: 0 MHz
CPU 6 active residency:   0.00% (1260 MHz:   0% 1512 MHz:   0% 1800 MHz:   0% 2088 MHz:   0% 2352 MHz:   0% 2616 MHz:   0% 2868 MHz:   0% 3096 MHz:   0% 3300 MHz:   0% 3468 MHz:   0% 3624 MHz:   0% 3756 MHz:   0% 3828 MHz:   0% 3888 MHz:   0% 3948 MHz:   0% 3996 MHz:   0% 4044 MHz:   0% 4104 MHz:   0% 4416 MHz:   0% 4512 MHz:   0%)
CPU 6 idle residency:  16.76%
CPU 6 down residency:  83.24%
CPU 7 frequency: 0 MHz
CPU 7 active residency:   0.00% (1260 MHz:   0% 1512 MHz:   0% 1800 MHz:   0% 2088 MHz:   0% 2352 MHz:   0% 2616 MHz:   0% 2868 MHz:   0% 3096 MHz:   0% 3300 MHz:   0% 3468 MHz:   0% 3624 MHz:   0% 3756 MHz:   0% 3828 MHz:   0% 3888 MHz:   0% 3948 MHz:   0% 3996 MHz:   0% 4044 MHz:   0% 4104 MHz:   0% 4416 MHz:   0% 4512 MHz:   0%)
CPU 7 idle residency:  16.76%
CPU 7 down residency:  83.24%
CPU 8 frequency: 0 MHz
CPU 8 active residency:   0.00% (1260 MHz:   0% 1512 MHz:   0% 1800 MHz:   0% 2088 MHz:   0% 2352 MHz:   0% 2616 MHz:   0% 2868 MHz:   0% 3096 MHz:   0% 3300 MHz:   0% 3468 MHz:   0% 3624 MHz:   0% 3756 MHz:   0% 3828 MHz:   0% 3888 MHz:   0% 3948 MHz:   0% 3996 MHz:   0% 4044 MHz:   0% 4104 MHz:   0% 4416 MHz:   0% 4512 MHz:   0%)
CPU 8 idle residency:  14.87%
CPU 8 down residency:  85.13%
CPU 9 frequency: 0 MHz
CPU 9 active residency:   0.00% (1260 MHz:   0% 1512 MHz:   0% 1800 MHz:   0% 2088 MHz:   0% 2352 MHz:   0% 2616 MHz:   0% 2868 MHz:   0% 3096 MHz:   0% 3300 MHz:   0% 3468 MHz:   0% 3624 MHz:   0% 3756 MHz:   0% 3828 MHz:   0% 3888 MHz:   0% 3948 MHz:   0% 3996 MHz:   0% 4044 MHz:   0% 4104 MHz:   0% 4416 MHz:   0% 4512 MHz:   0%)
CPU 9 idle residency:  15.46%
CPU 9 down residency:  84.54%

P1-Cluster HW active frequency: 3959 MHz
P1-Cluster HW active residency:  98.85% (1260 MHz:   0% 1512 MHz:   0% 1800 MHz:   0% 2088 MHz:   0% 2352 MHz:   0% 2616 MHz:   0% 2868 MHz:   0% 3096 MHz:   0% 3300 MHz:   0% 3468 MHz:   0% 3624 MHz:   0% 3756 MHz:   0% 3828 MHz:   0% 3888 MHz:  11% 3948 MHz:  63% 3996 MHz:  13% 4044 MHz:  12% 4104 MHz:   0% 4416 MHz:   0% 4512 MHz:   0%)
P1-Cluster idle residency:   1.15%
P1-Cluster down residency:   0.00%
CPU 10 frequency: 4512 MHz
CPU 10 active residency:  53.08% (1260 MHz:   0% 1512 MHz:   0% 1800 MHz:   0% 2088 MHz:   0% 2352 MHz:   0% 2616 MHz:   0% 2868 MHz:   0% 3096 MHz:   0% 3300 MHz:   0% 3468 MHz:   0% 3624 MHz:   0% 3756 MHz:   0% 3828 MHz:   0% 3888 MHz:   0% 3948 MHz:   0% 3996 MHz:   0% 4044 MHz:   0% 4104 MHz:   0% 4416 MHz:   0% 4512 MHz:  53%)
CPU 10 idle residency:  46.92%
CPU 10 down residency:   0.00%
CPU 11 frequency: 4512 MHz
CPU 11 active residency:  45.79% (1260 MHz:   0% 1512 MHz:   0% 1800 MHz:   0% 2088 MHz:   0% 2352 MHz:   0% 2616 MHz:   0% 2868 MHz:   0% 3096 MHz:   0% 3300 MHz:   0% 3468 MHz:   0% 3624 MHz:   0% 3756 MHz:   0% 3828 MHz:   0% 3888 MHz:   0% 3948 MHz:   0% 3996 MHz:   0% 4044 MHz:   0% 4104 MHz:   0% 4416 MHz:   0% 4512 MHz:  46%)
CPU 11 idle residency:  54.21%
CPU 11 down residency:   0.00%
CPU 12 frequency: 4512 MHz
CPU 12 active residency:  48.42% (1260 MHz:   0% 1512 MHz:   0% 1800 MHz:   0% 2088 MHz:   0% 2352 MHz:   0% 2616 MHz:   0% 2868 MHz:   0% 3096 MHz:   0% 3300 MHz:   0% 3468 MHz:   0% 3624 MHz:   0% 3756 MHz:   0% 3828 MHz:   0% 3888 MHz:   0% 3948 MHz:   0% 3996 MHz:   0% 4044 MHz:   0% 4104 MHz:   0% 4416 MHz:   0% 4512 MHz:  48%)
CPU 12 idle residency:  51.58%
CPU 12 down residency:   0.00%
CPU 13 frequency: 4512 MHz
CPU 13 active residency:  49.79% (1260 MHz:   0% 1512 MHz:   0% 1800 MHz:   0% 2088 MHz:   0% 2352 MHz:   0% 2616 MHz:   0% 2868 MHz:   0% 3096 MHz:   0% 3300 MHz:   0% 3468 MHz:   0% 3624 MHz:   0% 3756 MHz:   0% 3828 MHz:   0% 3888 MHz:   0% 3948 MHz:   0% 3996 MHz:   0% 4044 MHz:   0% 4104 MHz:   0% 4416 MHz:   0% 4512 MHz:  50%)
CPU 13 idle residency:  50.21%
CPU 13 down residency:   0.00%
CPU 14 frequency: 4512 MHz
CPU 14 active residency:  51.12% (1260 MHz:   0% 1512 MHz:   0% 1800 MHz:   0% 2088 MHz:   0% 2352 MHz:   0% 2616 MHz:   0% 2868 MHz:   0% 3096 MHz:   0% 3300 MHz:   0% 3468 MHz:   0% 3624 MHz:   0% 3756 MHz:   0% 3828 MHz:   0% 3888 MHz:   0% 3948 MHz:   0% 3996 MHz:   0% 4044 MHz:   0% 4104 MHz:   0% 4416 MHz:   0% 4512 MHz:  51%)
CPU 14 idle residency:  48.88%
CPU 14 down residency:   0.00%
CPU 15 frequency: 4512 MHz
CPU 15 active residency:  46.59% (1260 MHz:   0% 1512 MHz:   0% 1800 MHz:   0% 2088 MHz:   0% 2352 MHz:   0% 2616 MHz:   0% 2868 MHz:   0% 3096 MHz:   0% 3300 MHz:   0% 3468 MHz:   0% 3624 MHz:   0% 3756 MHz:   0% 3828 MHz:   0% 3888 MHz:   0% 3948 MHz:   0% 3996 MHz:   0% 4044 MHz:   0% 4104 MHz:   0% 4416 MHz:   0% 4512 MHz:  47%)
CPU 15 idle residency:  53.41%
CPU 15 down residency:   0.00%

CPU Power: 5439 mW
GPU Power: 27673 mW
ANE Power: 0 mW
Combined Power (CPU + GPU + ANE): 33112 mW

**** GPU usage ****

GPU HW active frequency: 1578 MHz
GPU HW active residency: 100.00% (338 MHz:   0% 618 MHz:   0% 796 MHz:   0% 924 MHz:   0% 952 MHz:   0% 1056 MHz:   0% 1062 MHz:   0% 1182 MHz:   0% 1182 MHz:   0% 1312 MHz:   0% 1242 MHz:   0% 1380 MHz:   0% 1326 MHz:   0% 1470 MHz:   0% 1578 MHz: 100%)
GPU SW requested state: (P1 :   0% P2 :   0% P3 :   0% P4 :   0% P5 :   0% P6 :   0% P7 :   0% P8 :   0% P9 :   0% P10 : 100% P11 :   0% P12 :   0% P13 :   0% P14 :   0% P15 :   0%)
GPU SW state: (SW_P1 :   0% SW_P2 :   0% SW_P3 :   0% SW_P4 :   0% SW_P5 :   0% SW_P6 :   0% SW_P7 :   0% SW_P8 :   0% SW_P9 :   0% SW_P10 : 100% SW_P11 :   0% SW_P12 :   0% SW_P13 :   0% SW_P14 :   0% SW_P15 :   0%)
GPU idle residency:   0.00%
GPU Power: 27675 mW



*** Sampled system activity (Tue Jan 20 11:34:12 2026 +0100) (1019.98ms elapsed) ***


**** Processor usage ****

E-Cluster Online: 100%
E-Cluster HW active frequency: 2591 MHz
E-Cluster HW active residency:  80.03% (1020 MHz:   0% 1404 MHz:   0% 1788 MHz:   0% 2112 MHz:   0% 2352 MHz:   0% 2532 MHz: 1.0% 2592 MHz:  79%)
E-Cluster idle residency:  19.97%
E-Cluster down residency:   0.00%
CPU 0 frequency: 2591 MHz
CPU 0 active residency:  49.54% (1020 MHz:   0% 1404 MHz:   0% 1788 MHz:   0% 2112 MHz:   0% 2352 MHz:   0% 2532 MHz: .50% 2592 MHz:  49%)
CPU 0 idle residency:  50.46%
CPU 0 down residency:   0.00%
CPU 1 frequency: 2591 MHz
CPU 1 active residency:  35.35% (1020 MHz:   0% 1404 MHz:   0% 1788 MHz:   0% 2112 MHz:   0% 2352 MHz:   0% 2532 MHz: .35% 2592 MHz:  35%)
CPU 1 idle residency:  64.65%
CPU 1 down residency:   0.00%
CPU 2 frequency: 2592 MHz
CPU 2 active residency:  26.03% (1020 MHz:   0% 1404 MHz:   0% 1788 MHz:   0% 2112 MHz:   0% 2352 MHz:   0% 2532 MHz: .15% 2592 MHz:  26%)
CPU 2 idle residency:  73.97%
CPU 2 down residency:   0.00%
CPU 3 frequency: 2591 MHz
CPU 3 active residency:  18.99% (1020 MHz:   0% 1404 MHz:   0% 1788 MHz:   0% 2112 MHz:   0% 2352 MHz:   0% 2532 MHz: .47% 2592 MHz:  19%)
CPU 3 idle residency:  81.01%
CPU 3 down residency:   0.00%

P0-Cluster Online: 87%
P0-Cluster HW active frequency: 3965 MHz
P0-Cluster HW active residency:  84.02% (1260 MHz: .01% 1512 MHz: .01% 1800 MHz:   0% 2088 MHz:   0% 2352 MHz:   0% 2616 MHz:   0% 2868 MHz:   0% 3096 MHz:   0% 3300 MHz:   0% 3468 MHz:   0% 3624 MHz:   0% 3756 MHz:   0% 3828 MHz:   0% 3888 MHz: 7.0% 3948 MHz:  52% 3996 MHz:  11% 4044 MHz:  14% 4104 MHz:   0% 4416 MHz: .03% 4512 MHz: .09%)
P0-Cluster idle residency:   1.64%
P0-Cluster down residency:  14.34%
CPU 4 frequency: 4452 MHz
CPU 4 active residency:  41.35% (1260 MHz: .25% 1512 MHz: .19% 1800 MHz:   0% 2088 MHz:   0% 2352 MHz:   0% 2616 MHz: .00% 2868 MHz: .57% 3096 MHz: .11% 3300 MHz: .01% 3468 MHz:   0% 3624 MHz:   0% 3756 MHz:   0% 3828 MHz:   0% 3888 MHz:   0% 3948 MHz:   0% 3996 MHz:   0% 4044 MHz:   0% 4104 MHz:   0% 4416 MHz:   0% 4512 MHz:  40%)
CPU 4 idle residency:  44.86%
CPU 4 down residency:  13.79%
CPU 5 frequency: 4495 MHz
CPU 5 active residency:  38.01% (1260 MHz: .20% 1512 MHz:   0% 1800 MHz:   0% 2088 MHz:   0% 2352 MHz:   0% 2616 MHz:   0% 2868 MHz: .00% 3096 MHz:   0% 3300 MHz:   0% 3468 MHz:   0% 3624 MHz:   0% 3756 MHz:   0% 3828 MHz:   0% 3888 MHz:   0% 3948 MHz:   0% 3996 MHz:   0% 4044 MHz:   0% 4104 MHz:   0% 4416 MHz:   0% 4512 MHz:  38%)
CPU 5 idle residency:  47.75%
CPU 5 down residency:  14.23%
CPU 6 frequency: 4495 MHz
CPU 6 active residency:  38.64% (1260 MHz: .20% 1512 MHz: .00% 1800 MHz:   0% 2088 MHz:   0% 2352 MHz:   0% 2616 MHz:   0% 2868 MHz:   0% 3096 MHz:   0% 3300 MHz:   0% 3468 MHz:   0% 3624 MHz:   0% 3756 MHz:   0% 3828 MHz:   0% 3888 MHz:   0% 3948 MHz:   0% 3996 MHz:   0% 4044 MHz:   0% 4104 MHz:   0% 4416 MHz:   0% 4512 MHz:  38%)
CPU 6 idle residency:  47.12%
CPU 6 down residency:  14.25%
CPU 7 frequency: 4495 MHz
CPU 7 active residency:  37.44% (1260 MHz: .20% 1512 MHz: .00% 1800 MHz:   0% 2088 MHz:   0% 2352 MHz:   0% 2616 MHz:   0% 2868 MHz:   0% 3096 MHz:   0% 3300 MHz:   0% 3468 MHz:   0% 3624 MHz:   0% 3756 MHz:   0% 3828 MHz:   0% 3888 MHz:   0% 3948 MHz:   0% 3996 MHz:   0% 4044 MHz:   0% 4104 MHz:   0% 4416 MHz:   0% 4512 MHz:  37%)
CPU 7 idle residency:  48.31%
CPU 7 down residency:  14.25%
CPU 8 frequency: 4474 MHz
CPU 8 active residency:  40.83% (1260 MHz: .21% 1512 MHz: .17% 1800 MHz:   0% 2088 MHz:   0% 2352 MHz:   0% 2616 MHz: .00% 2868 MHz: .10% 3096 MHz: .00% 3300 MHz: .16% 3468 MHz:   0% 3624 MHz:   0% 3756 MHz:   0% 3828 MHz:   0% 3888 MHz:   0% 3948 MHz:   0% 3996 MHz:   0% 4044 MHz:   0% 4104 MHz:   0% 4416 MHz:   0% 4512 MHz:  40%)
CPU 8 idle residency:  45.24%
CPU 8 down residency:  13.94%
CPU 9 frequency: 4486 MHz
CPU 9 active residency:  43.30% (1260 MHz: .23% 1512 MHz: .08% 1800 MHz:   0% 2088 MHz:   0% 2352 MHz:   0% 2616 MHz: .07% 2868 MHz: .00% 3096 MHz: .00% 3300 MHz: .01% 3468 MHz:   0% 3624 MHz:   0% 3756 MHz:   0% 3828 MHz:   0% 3888 MHz:   0% 3948 MHz:   0% 3996 MHz:   0% 4044 MHz:   0% 4104 MHz:   0% 4416 MHz:   0% 4512 MHz:  43%)
CPU 9 idle residency:  42.67%
CPU 9 down residency:  14.03%

P1-Cluster HW active frequency: 3778 MHz
P1-Cluster HW active residency:  15.42% (1260 MHz: 1.0% 1512 MHz:   0% 1800 MHz:   0% 2088 MHz:   0% 2352 MHz:   0% 2616 MHz:   0% 2868 MHz:   0% 3096 MHz:   0% 3300 MHz:   0% 3468 MHz:   0% 3624 MHz:   0% 3756 MHz:   0% 3828 MHz:   0% 3888 MHz: 2.2% 3948 MHz: 8.9% 3996 MHz: 1.7% 4044 MHz: 1.6% 4104 MHz:   0% 4416 MHz:   0% 4512 MHz:   0%)
P1-Cluster idle residency:   3.64%
P1-Cluster down residency:  80.94%
CPU 10 frequency: 4512 MHz
CPU 10 active residency:   0.95% (1260 MHz:   0% 1512 MHz:   0% 1800 MHz:   0% 2088 MHz:   0% 2352 MHz:   0% 2616 MHz:   0% 2868 MHz:   0% 3096 MHz:   0% 3300 MHz:   0% 3468 MHz:   0% 3624 MHz:   0% 3756 MHz:   0% 3828 MHz:   0% 3888 MHz:   0% 3948 MHz:   0% 3996 MHz:   0% 4044 MHz:   0% 4104 MHz:   0% 4416 MHz:   0% 4512 MHz: .95%)
CPU 10 idle residency:  11.80%
CPU 10 down residency:  87.25%
CPU 11 frequency: 4512 MHz
CPU 11 active residency:   0.76% (1260 MHz:   0% 1512 MHz:   0% 1800 MHz:   0% 2088 MHz:   0% 2352 MHz:   0% 2616 MHz:   0% 2868 MHz:   0% 3096 MHz:   0% 3300 MHz:   0% 3468 MHz:   0% 3624 MHz:   0% 3756 MHz:   0% 3828 MHz:   0% 3888 MHz:   0% 3948 MHz:   0% 3996 MHz:   0% 4044 MHz:   0% 4104 MHz:   0% 4416 MHz:   0% 4512 MHz: .76%)
CPU 11 idle residency:  13.91%
CPU 11 down residency:  85.33%
CPU 12 frequency: 4512 MHz
CPU 12 active residency:   0.83% (1260 MHz:   0% 1512 MHz:   0% 1800 MHz:   0% 2088 MHz:   0% 2352 MHz:   0% 2616 MHz:   0% 2868 MHz:   0% 3096 MHz:   0% 3300 MHz:   0% 3468 MHz:   0% 3624 MHz:   0% 3756 MHz:   0% 3828 MHz:   0% 3888 MHz:   0% 3948 MHz:   0% 3996 MHz:   0% 4044 MHz:   0% 4104 MHz:   0% 4416 MHz:   0% 4512 MHz: .83%)
CPU 12 idle residency:  11.38%
CPU 12 down residency:  87.79%
CPU 13 frequency: 4512 MHz
CPU 13 active residency:   0.03% (1260 MHz:   0% 1512 MHz:   0% 1800 MHz:   0% 2088 MHz:   0% 2352 MHz:   0% 2616 MHz:   0% 2868 MHz:   0% 3096 MHz:   0% 3300 MHz:   0% 3468 MHz:   0% 3624 MHz:   0% 3756 MHz:   0% 3828 MHz:   0% 3888 MHz:   0% 3948 MHz:   0% 3996 MHz:   0% 4044 MHz:   0% 4104 MHz:   0% 4416 MHz:   0% 4512 MHz: .03%)
CPU 13 idle residency:  12.30%
CPU 13 down residency:  87.67%
CPU 14 frequency: 4512 MHz
CPU 14 active residency:   0.12% (1260 MHz:   0% 1512 MHz:   0% 1800 MHz:   0% 2088 MHz:   0% 2352 MHz:   0% 2616 MHz:   0% 2868 MHz:   0% 3096 MHz:   0% 3300 MHz:   0% 3468 MHz:   0% 3624 MHz:   0% 3756 MHz:   0% 3828 MHz:   0% 3888 MHz:   0% 3948 MHz:   0% 3996 MHz:   0% 4044 MHz:   0% 4104 MHz:   0% 4416 MHz:   0% 4512 MHz: .12%)
CPU 14 idle residency:  12.34%
CPU 14 down residency:  87.53%
CPU 15 frequency: 4512 MHz
CPU 15 active residency:   0.81% (1260 MHz:   0% 1512 MHz:   0% 1800 MHz:   0% 2088 MHz:   0% 2352 MHz:   0% 2616 MHz:   0% 2868 MHz:   0% 3096 MHz:   0% 3300 MHz:   0% 3468 MHz:   0% 3624 MHz:   0% 3756 MHz:   0% 3828 MHz:   0% 3888 MHz:   0% 3948 MHz:   0% 3996 MHz:   0% 4044 MHz:   0% 4104 MHz:   0% 4416 MHz:   0% 4512 MHz: .81%)
CPU 15 idle residency:  11.86%
CPU 15 down residency:  87.33%

CPU Power: 4994 mW
GPU Power: 28236 mW
ANE Power: 0 mW
Combined Power (CPU + GPU + ANE): 33230 mW

**** GPU usage ****

GPU HW active frequency: 1578 MHz
GPU HW active residency: 100.00% (338 MHz:   0% 618 MHz:   0% 796 MHz:   0% 924 MHz:   0% 952 MHz:   0% 1056 MHz:   0% 1062 MHz:   0% 1182 MHz:   0% 1182 MHz:   0% 1312 MHz:   0% 1242 MHz:   0% 1380 MHz:   0% 1326 MHz:   0% 1470 MHz:   0% 1578 MHz: 100%)
GPU SW requested state: (P1 :   0% P2 :   0% P3 :   0% P4 :   0% P5 :   0% P6 :   0% P7 :   0% P8 :   0% P9 :   0% P10 : 100% P11 :   0% P12 :   0% P13 :   0% P14 :   0% P15 :   0%)
GPU SW state: (SW_P1 :   0% SW_P2 :   0% SW_P3 :   0% SW_P4 :   0% SW_P5 :   0% SW_P6 :   0% SW_P7 :   0% SW_P8 :   0% SW_P9 :   0% SW_P10 : 100% SW_P11 :   0% SW_P12 :   0% SW_P13 :   0% SW_P14 :   0% SW_P15 :   0%)
GPU idle residency:   0.00%
GPU Power: 28232 mW



*** Sampled system activity (Tue Jan 20 11:34:13 2026 +0100) (1020.37ms elapsed) ***


**** Processor usage ****

E-Cluster Online: 100%
E-Cluster HW active frequency: 2592 MHz
E-Cluster HW active residency:  78.27% (1020 MHz:   0% 1404 MHz:   0% 1788 MHz:   0% 2112 MHz:   0% 2352 MHz:   0% 2532 MHz: .01% 2592 MHz:  78%)
E-Cluster idle residency:  21.73%
E-Cluster down residency:   0.00%
CPU 0 frequency: 2592 MHz
CPU 0 active residency:  47.76% (1020 MHz:   0% 1404 MHz:   0% 1788 MHz:   0% 2112 MHz:   0% 2352 MHz:   0% 2532 MHz:   0% 2592 MHz:  48%)
CPU 0 idle residency:  52.24%
CPU 0 down residency:   0.00%
CPU 1 frequency: 2592 MHz
CPU 1 active residency:  34.11% (1020 MHz:   0% 1404 MHz:   0% 1788 MHz:   0% 2112 MHz:   0% 2352 MHz:   0% 2532 MHz:   0% 2592 MHz:  34%)
CPU 1 idle residency:  65.89%
CPU 1 down residency:   0.00%
CPU 2 frequency: 2592 MHz
CPU 2 active residency:  22.18% (1020 MHz:   0% 1404 MHz:   0% 1788 MHz:   0% 2112 MHz:   0% 2352 MHz:   0% 2532 MHz:   0% 2592 MHz:  22%)
CPU 2 idle residency:  77.82%
CPU 2 down residency:   0.00%
CPU 3 frequency: 2592 MHz
CPU 3 active residency:  13.85% (1020 MHz:   0% 1404 MHz:   0% 1788 MHz:   0% 2112 MHz:   0% 2352 MHz:   0% 2532 MHz:   0% 2592 MHz:  14%)
CPU 3 idle residency:  86.15%
CPU 3 down residency:   0.00%

P0-Cluster Online: 100%
P0-Cluster HW active frequency: 3970 MHz
P0-Cluster HW active residency:  97.71% (1260 MHz:   0% 1512 MHz:   0% 1800 MHz:   0% 2088 MHz:   0% 2352 MHz:   0% 2616 MHz:   0% 2868 MHz:   0% 3096 MHz:   0% 3300 MHz:   0% 3468 MHz:   0% 3624 MHz:   0% 3756 MHz:   0% 3828 MHz:   0% 3888 MHz: 6.6% 3948 MHz:  58% 3996 MHz:  14% 4044 MHz:  19% 4104 MHz:   0% 4416 MHz:   0% 4512 MHz:   0%)
P0-Cluster idle residency:   2.29%
P0-Cluster down residency:   0.00%
CPU 4 frequency: 4512 MHz
CPU 4 active residency:  48.04% (1260 MHz:   0% 1512 MHz:   0% 1800 MHz:   0% 2088 MHz:   0% 2352 MHz:   0% 2616 MHz:   0% 2868 MHz:   0% 3096 MHz:   0% 3300 MHz:   0% 3468 MHz:   0% 3624 MHz:   0% 3756 MHz:   0% 3828 MHz:   0% 3888 MHz:   0% 3948 MHz:   0% 3996 MHz:   0% 4044 MHz:   0% 4104 MHz:   0% 4416 MHz:   0% 4512 MHz:  48%)
CPU 4 idle residency:  51.96%
CPU 4 down residency:   0.00%
CPU 5 frequency: 4512 MHz
CPU 5 active residency:  46.39% (1260 MHz:   0% 1512 MHz:   0% 1800 MHz:   0% 2088 MHz:   0% 2352 MHz:   0% 2616 MHz:   0% 2868 MHz:   0% 3096 MHz:   0% 3300 MHz:   0% 3468 MHz:   0% 3624 MHz:   0% 3756 MHz:   0% 3828 MHz:   0% 3888 MHz:   0% 3948 MHz:   0% 3996 MHz:   0% 4044 MHz:   0% 4104 MHz:   0% 4416 MHz:   0% 4512 MHz:  46%)
CPU 5 idle residency:  53.61%
CPU 5 down residency:   0.00%
CPU 6 frequency: 4512 MHz
CPU 6 active residency:  44.87% (1260 MHz:   0% 1512 MHz:   0% 1800 MHz:   0% 2088 MHz:   0% 2352 MHz:   0% 2616 MHz:   0% 2868 MHz:   0% 3096 MHz:   0% 3300 MHz:   0% 3468 MHz:   0% 3624 MHz:   0% 3756 MHz:   0% 3828 MHz:   0% 3888 MHz:   0% 3948 MHz:   0% 3996 MHz:   0% 4044 MHz:   0% 4104 MHz:   0% 4416 MHz:   0% 4512 MHz:  45%)
CPU 6 idle residency:  55.13%
CPU 6 down residency:   0.00%
CPU 7 frequency: 4512 MHz
CPU 7 active residency:  37.03% (1260 MHz:   0% 1512 MHz:   0% 1800 MHz:   0% 2088 MHz:   0% 2352 MHz:   0% 2616 MHz:   0% 2868 MHz:   0% 3096 MHz:   0% 3300 MHz:   0% 3468 MHz:   0% 3624 MHz:   0% 3756 MHz:   0% 3828 MHz:   0% 3888 MHz:   0% 3948 MHz:   0% 3996 MHz:   0% 4044 MHz:   0% 4104 MHz:   0% 4416 MHz:   0% 4512 MHz:  37%)
CPU 7 idle residency:  62.97%
CPU 7 down residency:   0.00%
CPU 8 frequency: 4512 MHz
CPU 8 active residency:  45.14% (1260 MHz:   0% 1512 MHz:   0% 1800 MHz:   0% 2088 MHz:   0% 2352 MHz:   0% 2616 MHz:   0% 2868 MHz:   0% 3096 MHz:   0% 3300 MHz:   0% 3468 MHz:   0% 3624 MHz:   0% 3756 MHz:   0% 3828 MHz:   0% 3888 MHz:   0% 3948 MHz:   0% 3996 MHz:   0% 4044 MHz:   0% 4104 MHz:   0% 4416 MHz:   0% 4512 MHz:  45%)
CPU 8 idle residency:  54.86%
CPU 8 down residency:   0.00%
CPU 9 frequency: 4512 MHz
CPU 9 active residency:  37.17% (1260 MHz:   0% 1512 MHz:   0% 1800 MHz:   0% 2088 MHz:   0% 2352 MHz:   0% 2616 MHz:   0% 2868 MHz:   0% 3096 MHz:   0% 3300 MHz:   0% 3468 MHz:   0% 3624 MHz:   0% 3756 MHz:   0% 3828 MHz:   0% 3888 MHz:   0% 3948 MHz:   0% 3996 MHz:   0% 4044 MHz:   0% 4104 MHz:   0% 4416 MHz:   0% 4512 MHz:  37%)
CPU 9 idle residency:  62.83%
CPU 9 down residency:   0.00%

P1-Cluster HW active frequency: 1461 MHz
P1-Cluster HW active residency:   1.18% (1260 MHz: 1.1% 1512 MHz:   0% 1800 MHz: .03% 2088 MHz:   0% 2352 MHz:   0% 2616 MHz:   0% 2868 MHz:   0% 3096 MHz:   0% 3300 MHz:   0% 3468 MHz:   0% 3624 MHz:   0% 3756 MHz:   0% 3828 MHz:   0% 3888 MHz:   0% 3948 MHz:   0% 3996 MHz:   0% 4044 MHz: .08% 4104 MHz:   0% 4416 MHz:   0% 4512 MHz:   0%)
P1-Cluster idle residency:   2.49%
P1-Cluster down residency:  96.33%
CPU 10 frequency: 0 MHz
CPU 10 active residency:   0.00% (1260 MHz:   0% 1512 MHz:   0% 1800 MHz:   0% 2088 MHz:   0% 2352 MHz:   0% 2616 MHz:   0% 2868 MHz:   0% 3096 MHz:   0% 3300 MHz:   0% 3468 MHz:   0% 3624 MHz:   0% 3756 MHz:   0% 3828 MHz:   0% 3888 MHz:   0% 3948 MHz:   0% 3996 MHz:   0% 4044 MHz:   0% 4104 MHz:   0% 4416 MHz:   0% 4512 MHz:   0%)
CPU 10 idle residency:   3.50%
CPU 10 down residency:  96.50%
CPU 11 frequency: 0 MHz
CPU 11 active residency:   0.00% (1260 MHz:   0% 1512 MHz:   0% 1800 MHz:   0% 2088 MHz:   0% 2352 MHz:   0% 2616 MHz:   0% 2868 MHz:   0% 3096 MHz:   0% 3300 MHz:   0% 3468 MHz:   0% 3624 MHz:   0% 3756 MHz:   0% 3828 MHz:   0% 3888 MHz:   0% 3948 MHz:   0% 3996 MHz:   0% 4044 MHz:   0% 4104 MHz:   0% 4416 MHz:   0% 4512 MHz:   0%)
CPU 11 idle residency:   3.50%
CPU 11 down residency:  96.50%
CPU 12 frequency: 0 MHz
CPU 12 active residency:   0.00% (1260 MHz:   0% 1512 MHz:   0% 1800 MHz:   0% 2088 MHz:   0% 2352 MHz:   0% 2616 MHz:   0% 2868 MHz:   0% 3096 MHz:   0% 3300 MHz:   0% 3468 MHz:   0% 3624 MHz:   0% 3756 MHz:   0% 3828 MHz:   0% 3888 MHz:   0% 3948 MHz:   0% 3996 MHz:   0% 4044 MHz:   0% 4104 MHz:   0% 4416 MHz:   0% 4512 MHz:   0%)
CPU 12 idle residency:   3.51%
CPU 12 down residency:  96.49%
CPU 13 frequency: 0 MHz
CPU 13 active residency:   0.00% (1260 MHz:   0% 1512 MHz:   0% 1800 MHz:   0% 2088 MHz:   0% 2352 MHz:   0% 2616 MHz:   0% 2868 MHz:   0% 3096 MHz:   0% 3300 MHz:   0% 3468 MHz:   0% 3624 MHz:   0% 3756 MHz:   0% 3828 MHz:   0% 3888 MHz:   0% 3948 MHz:   0% 3996 MHz:   0% 4044 MHz:   0% 4104 MHz:   0% 4416 MHz:   0% 4512 MHz:   0%)
CPU 13 idle residency:   3.50%
CPU 13 down residency:  96.50%
CPU 14 frequency: 0 MHz
CPU 14 active residency:   0.00% (1260 MHz:   0% 1512 MHz:   0% 1800 MHz:   0% 2088 MHz:   0% 2352 MHz:   0% 2616 MHz:   0% 2868 MHz:   0% 3096 MHz:   0% 3300 MHz:   0% 3468 MHz:   0% 3624 MHz:   0% 3756 MHz:   0% 3828 MHz:   0% 3888 MHz:   0% 3948 MHz:   0% 3996 MHz:   0% 4044 MHz:   0% 4104 MHz:   0% 4416 MHz:   0% 4512 MHz:   0%)
CPU 14 idle residency:   3.51%
CPU 14 down residency:  96.49%
CPU 15 frequency: 0 MHz
CPU 15 active residency:   0.00% (1260 MHz:   0% 1512 MHz:   0% 1800 MHz:   0% 2088 MHz:   0% 2352 MHz:   0% 2616 MHz:   0% 2868 MHz:   0% 3096 MHz:   0% 3300 MHz:   0% 3468 MHz:   0% 3624 MHz:   0% 3756 MHz:   0% 3828 MHz:   0% 3888 MHz:   0% 3948 MHz:   0% 3996 MHz:   0% 4044 MHz:   0% 4104 MHz:   0% 4416 MHz:   0% 4512 MHz:   0%)
CPU 15 idle residency:   3.51%
CPU 15 down residency:  96.49%

CPU Power: 4727 mW
GPU Power: 28107 mW
ANE Power: 0 mW
Combined Power (CPU + GPU + ANE): 32834 mW

**** GPU usage ****

GPU HW active frequency: 1578 MHz
GPU HW active residency: 100.00% (338 MHz:   0% 618 MHz:   0% 796 MHz:   0% 924 MHz:   0% 952 MHz:   0% 1056 MHz:   0% 1062 MHz:   0% 1182 MHz:   0% 1182 MHz:   0% 1312 MHz:   0% 1242 MHz:   0% 1380 MHz:   0% 1326 MHz:   0% 1470 MHz:   0% 1578 MHz: 100%)
GPU SW requested state: (P1 :   0% P2 :   0% P3 :   0% P4 :   0% P5 :   0% P6 :   0% P7 :   0% P8 :   0% P9 :   0% P10 : 100% P11 :   0% P12 :   0% P13 :   0% P14 :   0% P15 :   0%)
GPU SW state: (SW_P1 :   0% SW_P2 :   0% SW_P3 :   0% SW_P4 :   0% SW_P5 :   0% SW_P6 :   0% SW_P7 :   0% SW_P8 :   0% SW_P9 :   0% SW_P10 : 100% SW_P11 :   0% SW_P12 :   0% SW_P13 :   0% SW_P14 :   0% SW_P15 :   0%)
GPU idle residency:   0.00%
GPU Power: 27882 mW



*** Sampled system activity (Tue Jan 20 11:34:14 2026 +0100) (1021.99ms elapsed) ***


**** Processor usage ****

E-Cluster Online: 100%
E-Cluster HW active frequency: 2592 MHz
E-Cluster HW active residency:  76.60% (1020 MHz:   0% 1404 MHz:   0% 1788 MHz:   0% 2112 MHz:   0% 2352 MHz:   0% 2532 MHz: .01% 2592 MHz:  77%)
E-Cluster idle residency:  23.40%
E-Cluster down residency:   0.00%
CPU 0 frequency: 2592 MHz
CPU 0 active residency:  46.18% (1020 MHz:   0% 1404 MHz:   0% 1788 MHz:   0% 2112 MHz:   0% 2352 MHz:   0% 2532 MHz:   0% 2592 MHz:  46%)
CPU 0 idle residency:  53.82%
CPU 0 down residency:   0.00%
CPU 1 frequency: 2592 MHz
CPU 1 active residency:  32.07% (1020 MHz:   0% 1404 MHz:   0% 1788 MHz:   0% 2112 MHz:   0% 2352 MHz:   0% 2532 MHz:   0% 2592 MHz:  32%)
CPU 1 idle residency:  67.93%
CPU 1 down residency:   0.00%
CPU 2 frequency: 2592 MHz
CPU 2 active residency:  18.98% (1020 MHz:   0% 1404 MHz:   0% 1788 MHz:   0% 2112 MHz:   0% 2352 MHz:   0% 2532 MHz:   0% 2592 MHz:  19%)
CPU 2 idle residency:  81.02%
CPU 2 down residency:   0.00%
CPU 3 frequency: 2592 MHz
CPU 3 active residency:  12.87% (1020 MHz:   0% 1404 MHz:   0% 1788 MHz:   0% 2112 MHz:   0% 2352 MHz:   0% 2532 MHz:   0% 2592 MHz:  13%)
CPU 3 idle residency:  87.13%
CPU 3 down residency:   0.00%

P0-Cluster Online: 100%
P0-Cluster HW active frequency: 3960 MHz
P0-Cluster HW active residency:  98.71% (1260 MHz:   0% 1512 MHz:   0% 1800 MHz:   0% 2088 MHz:   0% 2352 MHz:   0% 2616 MHz:   0% 2868 MHz:   0% 3096 MHz:   0% 3300 MHz:   0% 3468 MHz:   0% 3624 MHz:   0% 3756 MHz:   0% 3828 MHz:   0% 3888 MHz: 8.0% 3948 MHz:  68% 3996 MHz:  11% 4044 MHz:  11% 4104 MHz:   0% 4416 MHz:   0% 4512 MHz:   0%)
P0-Cluster idle residency:   1.29%
P0-Cluster down residency:   0.00%
CPU 4 frequency: 4512 MHz
CPU 4 active residency:  49.27% (1260 MHz:   0% 1512 MHz:   0% 1800 MHz:   0% 2088 MHz:   0% 2352 MHz:   0% 2616 MHz:   0% 2868 MHz:   0% 3096 MHz:   0% 3300 MHz:   0% 3468 MHz:   0% 3624 MHz:   0% 3756 MHz:   0% 3828 MHz:   0% 3888 MHz:   0% 3948 MHz:   0% 3996 MHz:   0% 4044 MHz:   0% 4104 MHz:   0% 4416 MHz:   0% 4512 MHz:  49%)
CPU 4 idle residency:  50.73%
CPU 4 down residency:   0.00%
CPU 5 frequency: 4512 MHz
CPU 5 active residency:  48.88% (1260 MHz:   0% 1512 MHz:   0% 1800 MHz:   0% 2088 MHz:   0% 2352 MHz:   0% 2616 MHz:   0% 2868 MHz:   0% 3096 MHz:   0% 3300 MHz:   0% 3468 MHz:   0% 3624 MHz:   0% 3756 MHz:   0% 3828 MHz:   0% 3888 MHz:   0% 3948 MHz:   0% 3996 MHz:   0% 4044 MHz:   0% 4104 MHz:   0% 4416 MHz:   0% 4512 MHz:  49%)
CPU 5 idle residency:  51.12%
CPU 5 down residency:   0.00%
CPU 6 frequency: 4512 MHz
CPU 6 active residency:  50.41% (1260 MHz:   0% 1512 MHz:   0% 1800 MHz:   0% 2088 MHz:   0% 2352 MHz:   0% 2616 MHz:   0% 2868 MHz:   0% 3096 MHz:   0% 3300 MHz:   0% 3468 MHz:   0% 3624 MHz:   0% 3756 MHz:   0% 3828 MHz:   0% 3888 MHz:   0% 3948 MHz:   0% 3996 MHz:   0% 4044 MHz:   0% 4104 MHz:   0% 4416 MHz:   0% 4512 MHz:  50%)
CPU 6 idle residency:  49.59%
CPU 6 down residency:   0.00%
CPU 7 frequency: 4512 MHz
CPU 7 active residency:  48.03% (1260 MHz:   0% 1512 MHz:   0% 1800 MHz:   0% 2088 MHz:   0% 2352 MHz:   0% 2616 MHz:   0% 2868 MHz:   0% 3096 MHz:   0% 3300 MHz:   0% 3468 MHz:   0% 3624 MHz:   0% 3756 MHz:   0% 3828 MHz:   0% 3888 MHz:   0% 3948 MHz:   0% 3996 MHz:   0% 4044 MHz:   0% 4104 MHz:   0% 4416 MHz:   0% 4512 MHz:  48%)
CPU 7 idle residency:  51.97%
CPU 7 down residency:   0.00%
CPU 8 frequency: 4512 MHz
CPU 8 active residency:  46.78% (1260 MHz:   0% 1512 MHz:   0% 1800 MHz:   0% 2088 MHz:   0% 2352 MHz:   0% 2616 MHz:   0% 2868 MHz:   0% 3096 MHz:   0% 3300 MHz:   0% 3468 MHz:   0% 3624 MHz:   0% 3756 MHz:   0% 3828 MHz:   0% 3888 MHz:   0% 3948 MHz:   0% 3996 MHz:   0% 4044 MHz:   0% 4104 MHz:   0% 4416 MHz:   0% 4512 MHz:  47%)
CPU 8 idle residency:  53.22%
CPU 8 down residency:   0.00%
CPU 9 frequency: 4512 MHz
CPU 9 active residency:  48.13% (1260 MHz:   0% 1512 MHz:   0% 1800 MHz:   0% 2088 MHz:   0% 2352 MHz:   0% 2616 MHz:   0% 2868 MHz:   0% 3096 MHz:   0% 3300 MHz:   0% 3468 MHz:   0% 3624 MHz:   0% 3756 MHz:   0% 3828 MHz:   0% 3888 MHz:   0% 3948 MHz:   0% 3996 MHz:   0% 4044 MHz:   0% 4104 MHz:   0% 4416 MHz:   0% 4512 MHz:  48%)
CPU 9 idle residency:  51.87%
CPU 9 down residency:   0.00%

P1-Cluster HW active frequency: 1260 MHz
P1-Cluster HW active residency:   0.66% (1260 MHz: .66% 1512 MHz:   0% 1800 MHz:   0% 2088 MHz:   0% 2352 MHz:   0% 2616 MHz:   0% 2868 MHz:   0% 3096 MHz:   0% 3300 MHz:   0% 3468 MHz:   0% 3624 MHz:   0% 3756 MHz:   0% 3828 MHz:   0% 3888 MHz:   0% 3948 MHz:   0% 3996 MHz:   0% 4044 MHz:   0% 4104 MHz:   0% 4416 MHz:   0% 4512 MHz:   0%)
P1-Cluster idle residency:   1.89%
P1-Cluster down residency:  97.46%
CPU 10 frequency: 0 MHz
CPU 10 active residency:   0.00% (1260 MHz:   0% 1512 MHz:   0% 1800 MHz:   0% 2088 MHz:   0% 2352 MHz:   0% 2616 MHz:   0% 2868 MHz:   0% 3096 MHz:   0% 3300 MHz:   0% 3468 MHz:   0% 3624 MHz:   0% 3756 MHz:   0% 3828 MHz:   0% 3888 MHz:   0% 3948 MHz:   0% 3996 MHz:   0% 4044 MHz:   0% 4104 MHz:   0% 4416 MHz:   0% 4512 MHz:   0%)
CPU 10 idle residency:   2.42%
CPU 10 down residency:  97.58%
CPU 11 frequency: 0 MHz
CPU 11 active residency:   0.00% (1260 MHz:   0% 1512 MHz:   0% 1800 MHz:   0% 2088 MHz:   0% 2352 MHz:   0% 2616 MHz:   0% 2868 MHz:   0% 3096 MHz:   0% 3300 MHz:   0% 3468 MHz:   0% 3624 MHz:   0% 3756 MHz:   0% 3828 MHz:   0% 3888 MHz:   0% 3948 MHz:   0% 3996 MHz:   0% 4044 MHz:   0% 4104 MHz:   0% 4416 MHz:   0% 4512 MHz:   0%)
CPU 11 idle residency:   2.42%
CPU 11 down residency:  97.58%
CPU 12 frequency: 0 MHz
CPU 12 active residency:   0.00% (1260 MHz:   0% 1512 MHz:   0% 1800 MHz:   0% 2088 MHz:   0% 2352 MHz:   0% 2616 MHz:   0% 2868 MHz:   0% 3096 MHz:   0% 3300 MHz:   0% 3468 MHz:   0% 3624 MHz:   0% 3756 MHz:   0% 3828 MHz:   0% 3888 MHz:   0% 3948 MHz:   0% 3996 MHz:   0% 4044 MHz:   0% 4104 MHz:   0% 4416 MHz:   0% 4512 MHz:   0%)
CPU 12 idle residency:   2.42%
CPU 12 down residency:  97.58%
CPU 13 frequency: 0 MHz
CPU 13 active residency:   0.00% (1260 MHz:   0% 1512 MHz:   0% 1800 MHz:   0% 2088 MHz:   0% 2352 MHz:   0% 2616 MHz:   0% 2868 MHz:   0% 3096 MHz:   0% 3300 MHz:   0% 3468 MHz:   0% 3624 MHz:   0% 3756 MHz:   0% 3828 MHz:   0% 3888 MHz:   0% 3948 MHz:   0% 3996 MHz:   0% 4044 MHz:   0% 4104 MHz:   0% 4416 MHz:   0% 4512 MHz:   0%)
CPU 13 idle residency:   2.42%
CPU 13 down residency:  97.58%
CPU 14 frequency: 0 MHz
CPU 14 active residency:   0.00% (1260 MHz:   0% 1512 MHz:   0% 1800 MHz:   0% 2088 MHz:   0% 2352 MHz:   0% 2616 MHz:   0% 2868 MHz:   0% 3096 MHz:   0% 3300 MHz:   0% 3468 MHz:   0% 3624 MHz:   0% 3756 MHz:   0% 3828 MHz:   0% 3888 MHz:   0% 3948 MHz:   0% 3996 MHz:   0% 4044 MHz:   0% 4104 MHz:   0% 4416 MHz:   0% 4512 MHz:   0%)
CPU 14 idle residency:   2.42%
CPU 14 down residency:  97.58%
CPU 15 frequency: 0 MHz
CPU 15 active residency:   0.00% (1260 MHz:   0% 1512 MHz:   0% 1800 MHz:   0% 2088 MHz:   0% 2352 MHz:   0% 2616 MHz:   0% 2868 MHz:   0% 3096 MHz:   0% 3300 MHz:   0% 3468 MHz:   0% 3624 MHz:   0% 3756 MHz:   0% 3828 MHz:   0% 3888 MHz:   0% 3948 MHz:   0% 3996 MHz:   0% 4044 MHz:   0% 4104 MHz:   0% 4416 MHz:   0% 4512 MHz:   0%)
CPU 15 idle residency:   2.42%
CPU 15 down residency:  97.58%

CPU Power: 4998 mW
GPU Power: 27975 mW
ANE Power: 0 mW
Combined Power (CPU + GPU + ANE): 32973 mW

**** GPU usage ****

GPU HW active frequency: 1578 MHz
GPU HW active residency: 100.00% (338 MHz:   0% 618 MHz:   0% 796 MHz:   0% 924 MHz:   0% 952 MHz:   0% 1056 MHz:   0% 1062 MHz:   0% 1182 MHz:   0% 1182 MHz:   0% 1312 MHz:   0% 1242 MHz:   0% 1380 MHz:   0% 1326 MHz:   0% 1470 MHz:   0% 1578 MHz: 100%)
GPU SW requested state: (P1 :   0% P2 :   0% P3 :   0% P4 :   0% P5 :   0% P6 :   0% P7 :   0% P8 :   0% P9 :   0% P10 : 100% P11 :   0% P12 :   0% P13 :   0% P14 :   0% P15 :   0%)
GPU SW state: (SW_P1 :   0% SW_P2 :   0% SW_P3 :   0% SW_P4 :   0% SW_P5 :   0% SW_P6 :   0% SW_P7 :   0% SW_P8 :   0% SW_P9 :   0% SW_P10 : 100% SW_P11 :   0% SW_P12 :   0% SW_P13 :   0% SW_P14 :   0% SW_P15 :   0%)
GPU idle residency:   0.00%
GPU Power: 28203 mW



*** Sampled system activity (Tue Jan 20 11:34:15 2026 +0100) (1019.76ms elapsed) ***


**** Processor usage ****

E-Cluster Online: 100%
E-Cluster HW active frequency: 2578 MHz
E-Cluster HW active residency:  76.85% (1020 MHz: .62% 1404 MHz:   0% 1788 MHz:   0% 2112 MHz:   0% 2352 MHz: .33% 2532 MHz: .00% 2592 MHz:  76%)
E-Cluster idle residency:  23.15%
E-Cluster down residency:   0.00%
CPU 0 frequency: 2573 MHz
CPU 0 active residency:  46.69% (1020 MHz: .54% 1404 MHz:   0% 1788 MHz:   0% 2112 MHz:   0% 2352 MHz: .18% 2532 MHz:   0% 2592 MHz:  46%)
CPU 0 idle residency:  53.31%
CPU 0 down residency:   0.00%
CPU 1 frequency: 2580 MHz
CPU 1 active residency:  32.17% (1020 MHz: .23% 1404 MHz:   0% 1788 MHz:   0% 2112 MHz:   0% 2352 MHz: .14% 2532 MHz:   0% 2592 MHz:  32%)
CPU 1 idle residency:  67.83%
CPU 1 down residency:   0.00%
CPU 2 frequency: 2583 MHz
CPU 2 active residency:  20.19% (1020 MHz: .11% 1404 MHz:   0% 1788 MHz:   0% 2112 MHz:   0% 2352 MHz: .06% 2532 MHz:   0% 2592 MHz:  20%)
CPU 2 idle residency:  79.81%
CPU 2 down residency:   0.00%
CPU 3 frequency: 2581 MHz
CPU 3 active residency:  13.29% (1020 MHz: .08% 1404 MHz:   0% 1788 MHz:   0% 2112 MHz:   0% 2352 MHz: .04% 2532 MHz:   0% 2592 MHz:  13%)
CPU 3 idle residency:  86.71%
CPU 3 down residency:   0.00%

P0-Cluster Online: 100%
P0-Cluster HW active frequency: 3963 MHz
P0-Cluster HW active residency:  98.76% (1260 MHz:   0% 1512 MHz:   0% 1800 MHz:   0% 2088 MHz:   0% 2352 MHz:   0% 2616 MHz:   0% 2868 MHz:   0% 3096 MHz:   0% 3300 MHz:   0% 3468 MHz:   0% 3624 MHz:   0% 3756 MHz:   0% 3828 MHz:   0% 3888 MHz: 8.6% 3948 MHz:  63% 3996 MHz:  12% 4044 MHz:  15% 4104 MHz:   0% 4416 MHz:   0% 4512 MHz:   0%)
P0-Cluster idle residency:   1.24%
P0-Cluster down residency:   0.00%
CPU 4 frequency: 4512 MHz
CPU 4 active residency:  48.29% (1260 MHz:   0% 1512 MHz:   0% 1800 MHz:   0% 2088 MHz:   0% 2352 MHz:   0% 2616 MHz:   0% 2868 MHz:   0% 3096 MHz:   0% 3300 MHz:   0% 3468 MHz:   0% 3624 MHz:   0% 3756 MHz:   0% 3828 MHz:   0% 3888 MHz:   0% 3948 MHz:   0% 3996 MHz:   0% 4044 MHz:   0% 4104 MHz:   0% 4416 MHz:   0% 4512 MHz:  48%)
CPU 4 idle residency:  51.71%
CPU 4 down residency:   0.00%
CPU 5 frequency: 4512 MHz
CPU 5 active residency:  46.45% (1260 MHz:   0% 1512 MHz:   0% 1800 MHz:   0% 2088 MHz:   0% 2352 MHz:   0% 2616 MHz:   0% 2868 MHz:   0% 3096 MHz:   0% 3300 MHz:   0% 3468 MHz:   0% 3624 MHz:   0% 3756 MHz:   0% 3828 MHz:   0% 3888 MHz:   0% 3948 MHz:   0% 3996 MHz:   0% 4044 MHz:   0% 4104 MHz:   0% 4416 MHz:   0% 4512 MHz:  46%)
CPU 5 idle residency:  53.55%
CPU 5 down residency:   0.00%
CPU 6 frequency: 4512 MHz
CPU 6 active residency:  46.74% (1260 MHz:   0% 1512 MHz:   0% 1800 MHz:   0% 2088 MHz:   0% 2352 MHz:   0% 2616 MHz:   0% 2868 MHz:   0% 3096 MHz:   0% 3300 MHz:   0% 3468 MHz:   0% 3624 MHz:   0% 3756 MHz:   0% 3828 MHz:   0% 3888 MHz:   0% 3948 MHz:   0% 3996 MHz:   0% 4044 MHz:   0% 4104 MHz:   0% 4416 MHz:   0% 4512 MHz:  47%)
CPU 6 idle residency:  53.26%
CPU 6 down residency:   0.00%
CPU 7 frequency: 4512 MHz
CPU 7 active residency:  46.82% (1260 MHz:   0% 1512 MHz:   0% 1800 MHz:   0% 2088 MHz:   0% 2352 MHz:   0% 2616 MHz:   0% 2868 MHz:   0% 3096 MHz:   0% 3300 MHz:   0% 3468 MHz:   0% 3624 MHz:   0% 3756 MHz:   0% 3828 MHz:   0% 3888 MHz:   0% 3948 MHz:   0% 3996 MHz:   0% 4044 MHz:   0% 4104 MHz:   0% 4416 MHz:   0% 4512 MHz:  47%)
CPU 7 idle residency:  53.18%
CPU 7 down residency:   0.00%
CPU 8 frequency: 4512 MHz
CPU 8 active residency:  50.56% (1260 MHz:   0% 1512 MHz:   0% 1800 MHz:   0% 2088 MHz:   0% 2352 MHz:   0% 2616 MHz:   0% 2868 MHz:   0% 3096 MHz:   0% 3300 MHz:   0% 3468 MHz:   0% 3624 MHz:   0% 3756 MHz:   0% 3828 MHz:   0% 3888 MHz:   0% 3948 MHz:   0% 3996 MHz:   0% 4044 MHz:   0% 4104 MHz:   0% 4416 MHz:   0% 4512 MHz:  51%)
CPU 8 idle residency:  49.44%
CPU 8 down residency:   0.00%
CPU 9 frequency: 4512 MHz
CPU 9 active residency:  42.61% (1260 MHz:   0% 1512 MHz:   0% 1800 MHz:   0% 2088 MHz:   0% 2352 MHz:   0% 2616 MHz:   0% 2868 MHz:   0% 3096 MHz:   0% 3300 MHz:   0% 3468 MHz:   0% 3624 MHz:   0% 3756 MHz:   0% 3828 MHz:   0% 3888 MHz:   0% 3948 MHz:   0% 3996 MHz:   0% 4044 MHz:   0% 4104 MHz:   0% 4416 MHz:   0% 4512 MHz:  43%)
CPU 9 idle residency:  57.39%
CPU 9 down residency:   0.00%

P1-Cluster HW active frequency: 3201 MHz
P1-Cluster HW active residency:   4.49% (1260 MHz: 1.3% 1512 MHz:   0% 1800 MHz:   0% 2088 MHz:   0% 2352 MHz:   0% 2616 MHz:   0% 2868 MHz:   0% 3096 MHz:   0% 3300 MHz:   0% 3468 MHz:   0% 3624 MHz:   0% 3756 MHz:   0% 3828 MHz:   0% 3888 MHz: .06% 3948 MHz: .54% 3996 MHz: .70% 4044 MHz: 1.9% 4104 MHz:   0% 4416 MHz:   0% 4512 MHz:   0%)
P1-Cluster idle residency:   1.54%
P1-Cluster down residency:  93.97%
CPU 10 frequency: 4349 MHz
CPU 10 active residency:   9.10% (1260 MHz: .46% 1512 MHz:   0% 1800 MHz:   0% 2088 MHz:   0% 2352 MHz:   0% 2616 MHz:   0% 2868 MHz:   0% 3096 MHz:   0% 3300 MHz:   0% 3468 MHz:   0% 3624 MHz:   0% 3756 MHz:   0% 3828 MHz:   0% 3888 MHz:   0% 3948 MHz:   0% 3996 MHz:   0% 4044 MHz:   0% 4104 MHz:   0% 4416 MHz:   0% 4512 MHz: 8.6%)
CPU 10 idle residency:   5.28%
CPU 10 down residency:  85.62%
CPU 11 frequency: 4295 MHz
CPU 11 active residency:   6.99% (1260 MHz: .47% 1512 MHz:   0% 1800 MHz: .00% 2088 MHz:   0% 2352 MHz:   0% 2616 MHz:   0% 2868 MHz:   0% 3096 MHz:   0% 3300 MHz:   0% 3468 MHz:   0% 3624 MHz:   0% 3756 MHz:   0% 3828 MHz:   0% 3888 MHz:   0% 3948 MHz:   0% 3996 MHz:   0% 4044 MHz:   0% 4104 MHz:   0% 4416 MHz:   0% 4512 MHz: 6.5%)
CPU 11 idle residency:   5.48%
CPU 11 down residency:  87.53%
CPU 12 frequency: 4371 MHz
CPU 12 active residency:  10.70% (1260 MHz: .46% 1512 MHz:   0% 1800 MHz:   0% 2088 MHz:   0% 2352 MHz:   0% 2616 MHz:   0% 2868 MHz:   0% 3096 MHz:   0% 3300 MHz:   0% 3468 MHz:   0% 3624 MHz:   0% 3756 MHz:   0% 3828 MHz:   0% 3888 MHz:   0% 3948 MHz:   0% 3996 MHz:   0% 4044 MHz:   0% 4104 MHz:   0% 4416 MHz:   0% 4512 MHz:  10%)
CPU 12 idle residency:   4.16%
CPU 12 down residency:  85.14%
CPU 13 frequency: 4358 MHz
CPU 13 active residency:  10.56% (1260 MHz: .50% 1512 MHz:   0% 1800 MHz:   0% 2088 MHz:   0% 2352 MHz:   0% 2616 MHz:   0% 2868 MHz:   0% 3096 MHz:   0% 3300 MHz:   0% 3468 MHz:   0% 3624 MHz:   0% 3756 MHz:   0% 3828 MHz:   0% 3888 MHz:   0% 3948 MHz:   0% 3996 MHz:   0% 4044 MHz:   0% 4104 MHz:   0% 4416 MHz:   0% 4512 MHz:  10%)
CPU 13 idle residency:   4.12%
CPU 13 down residency:  85.33%
CPU 14 frequency: 4354 MHz
CPU 14 active residency:   9.32% (1260 MHz: .45% 1512 MHz:   0% 1800 MHz:   0% 2088 MHz:   0% 2352 MHz:   0% 2616 MHz:   0% 2868 MHz:   0% 3096 MHz:   0% 3300 MHz:   0% 3468 MHz:   0% 3624 MHz:   0% 3756 MHz:   0% 3828 MHz:   0% 3888 MHz:   0% 3948 MHz:   0% 3996 MHz:   0% 4044 MHz:   0% 4104 MHz:   0% 4416 MHz:   0% 4512 MHz: 8.9%)
CPU 14 idle residency:   5.33%
CPU 14 down residency:  85.35%
CPU 15 frequency: 4371 MHz
CPU 15 active residency:  10.78% (1260 MHz: .47% 1512 MHz:   0% 1800 MHz: .00% 2088 MHz:   0% 2352 MHz:   0% 2616 MHz:   0% 2868 MHz:   0% 3096 MHz:   0% 3300 MHz:   0% 3468 MHz:   0% 3624 MHz:   0% 3756 MHz:   0% 3828 MHz:   0% 3888 MHz:   0% 3948 MHz:   0% 3996 MHz:   0% 4044 MHz:   0% 4104 MHz:   0% 4416 MHz:   0% 4512 MHz:  10%)
CPU 15 idle residency:   3.66%
CPU 15 down residency:  85.56%

CPU Power: 5255 mW
GPU Power: 28025 mW
ANE Power: 0 mW
Combined Power (CPU + GPU + ANE): 33280 mW

**** GPU usage ****

GPU HW active frequency: 1577 MHz
GPU HW active residency:  99.02% (338 MHz: .06% 618 MHz:   0% 796 MHz:   0% 924 MHz:   0% 952 MHz:   0% 1056 MHz:   0% 1062 MHz:   0% 1182 MHz:   0% 1182 MHz:   0% 1312 MHz:   0% 1242 MHz:   0% 1380 MHz:   0% 1326 MHz:   0% 1470 MHz:   0% 1578 MHz:  99%)
GPU SW requested state: (P1 :   0% P2 :   0% P3 :   0% P4 :   0% P5 :   0% P6 :   0% P7 :   0% P8 :   0% P9 :   0% P10 : 100% P11 :   0% P12 :   0% P13 :   0% P14 :   0% P15 :   0%)
GPU SW state: (SW_P1 : .06% SW_P2 :   0% SW_P3 :   0% SW_P4 :   0% SW_P5 :   0% SW_P6 :   0% SW_P7 :   0% SW_P8 :   0% SW_P9 :   0% SW_P10 :  99% SW_P11 :   0% SW_P12 :   0% SW_P13 :   0% SW_P14 :   0% SW_P15 :   0%)
GPU idle residency:   0.98%
GPU Power: 28031 mW



*** Sampled system activity (Tue Jan 20 11:34:16 2026 +0100) (1017.82ms elapsed) ***


**** Processor usage ****

E-Cluster Online: 100%
E-Cluster HW active frequency: 1588 MHz
E-Cluster HW active residency:  72.89% (1020 MHz:  29% 1404 MHz: 9.2% 1788 MHz:  13% 2112 MHz: 9.1% 2352 MHz: 3.3% 2532 MHz: 1.6% 2592 MHz: 6.9%)
E-Cluster idle residency:  27.11%
E-Cluster down residency:   0.00%
CPU 0 frequency: 1582 MHz
CPU 0 active residency:  51.55% (1020 MHz:  21% 1404 MHz: 6.7% 1788 MHz: 9.2% 2112 MHz: 6.7% 2352 MHz: 2.3% 2532 MHz: 1.2% 2592 MHz: 4.5%)
CPU 0 idle residency:  48.45%
CPU 0 down residency:   0.00%
CPU 1 frequency: 1594 MHz
CPU 1 active residency:  44.01% (1020 MHz:  17% 1404 MHz: 6.2% 1788 MHz: 8.1% 2112 MHz: 6.0% 2352 MHz: 2.3% 2532 MHz: .92% 2592 MHz: 3.6%)
CPU 1 idle residency:  55.99%
CPU 1 down residency:   0.00%
CPU 2 frequency: 1632 MHz
CPU 2 active residency:  32.47% (1020 MHz:  11% 1404 MHz: 5.0% 1788 MHz: 6.3% 2112 MHz: 4.9% 2352 MHz: 2.1% 2532 MHz: .94% 2592 MHz: 2.2%)
CPU 2 idle residency:  67.53%
CPU 2 down residency:   0.00%
CPU 3 frequency: 1595 MHz
CPU 3 active residency:  25.46% (1020 MHz: 9.2% 1404 MHz: 4.0% 1788 MHz: 4.7% 2112 MHz: 4.4% 2352 MHz: 1.1% 2532 MHz: .78% 2592 MHz: 1.3%)
CPU 3 idle residency:  74.54%
CPU 3 down residency:   0.00%

P0-Cluster Online: 19%
P0-Cluster HW active frequency: 3502 MHz
P0-Cluster HW active residency:   8.72% (1260 MHz: 1.4% 1512 MHz:   0% 1800 MHz:   0% 2088 MHz: .03% 2352 MHz:   0% 2616 MHz: .03% 2868 MHz: .05% 3096 MHz:   0% 3300 MHz:   0% 3468 MHz: .02% 3624 MHz:   0% 3756 MHz:   0% 3828 MHz:   0% 3888 MHz: .92% 3948 MHz: 5.5% 3996 MHz: .50% 4044 MHz: .31% 4104 MHz:   0% 4416 MHz:   0% 4512 MHz:   0%)
P0-Cluster idle residency:  11.75%
P0-Cluster down residency:  79.53%
CPU 4 frequency: 4512 MHz
CPU 4 active residency:   1.01% (1260 MHz:   0% 1512 MHz:   0% 1800 MHz:   0% 2088 MHz:   0% 2352 MHz:   0% 2616 MHz:   0% 2868 MHz:   0% 3096 MHz:   0% 3300 MHz:   0% 3468 MHz:   0% 3624 MHz:   0% 3756 MHz:   0% 3828 MHz:   0% 3888 MHz:   0% 3948 MHz:   0% 3996 MHz:   0% 4044 MHz:   0% 4104 MHz:   0% 4416 MHz:   0% 4512 MHz: 1.0%)
CPU 4 idle residency:  17.45%
CPU 4 down residency:  81.54%
CPU 5 frequency: 4512 MHz
CPU 5 active residency:   0.11% (1260 MHz:   0% 1512 MHz:   0% 1800 MHz:   0% 2088 MHz:   0% 2352 MHz:   0% 2616 MHz:   0% 2868 MHz:   0% 3096 MHz:   0% 3300 MHz:   0% 3468 MHz:   0% 3624 MHz:   0% 3756 MHz:   0% 3828 MHz:   0% 3888 MHz:   0% 3948 MHz:   0% 3996 MHz:   0% 4044 MHz:   0% 4104 MHz:   0% 4416 MHz:   0% 4512 MHz: .11%)
CPU 5 idle residency:  17.58%
CPU 5 down residency:  82.31%
CPU 6 frequency: 4512 MHz
CPU 6 active residency:   0.16% (1260 MHz:   0% 1512 MHz:   0% 1800 MHz:   0% 2088 MHz:   0% 2352 MHz:   0% 2616 MHz:   0% 2868 MHz:   0% 3096 MHz:   0% 3300 MHz:   0% 3468 MHz:   0% 3624 MHz:   0% 3756 MHz:   0% 3828 MHz:   0% 3888 MHz:   0% 3948 MHz:   0% 3996 MHz:   0% 4044 MHz:   0% 4104 MHz:   0% 4416 MHz:   0% 4512 MHz: .16%)
CPU 6 idle residency:  17.71%
CPU 6 down residency:  82.13%
CPU 7 frequency: 4512 MHz
CPU 7 active residency:   0.97% (1260 MHz:   0% 1512 MHz:   0% 1800 MHz:   0% 2088 MHz:   0% 2352 MHz:   0% 2616 MHz:   0% 2868 MHz:   0% 3096 MHz:   0% 3300 MHz:   0% 3468 MHz:   0% 3624 MHz:   0% 3756 MHz:   0% 3828 MHz:   0% 3888 MHz:   0% 3948 MHz:   0% 3996 MHz:   0% 4044 MHz:   0% 4104 MHz:   0% 4416 MHz:   0% 4512 MHz: .97%)
CPU 7 idle residency:  15.77%
CPU 7 down residency:  83.26%
CPU 8 frequency: 4512 MHz
CPU 8 active residency:   0.95% (1260 MHz:   0% 1512 MHz:   0% 1800 MHz:   0% 2088 MHz:   0% 2352 MHz:   0% 2616 MHz:   0% 2868 MHz:   0% 3096 MHz:   0% 3300 MHz:   0% 3468 MHz:   0% 3624 MHz:   0% 3756 MHz:   0% 3828 MHz:   0% 3888 MHz:   0% 3948 MHz:   0% 3996 MHz:   0% 4044 MHz:   0% 4104 MHz:   0% 4416 MHz:   0% 4512 MHz: .95%)
CPU 8 idle residency:  16.91%
CPU 8 down residency:  82.14%
CPU 9 frequency: 4512 MHz
CPU 9 active residency:   0.95% (1260 MHz:   0% 1512 MHz:   0% 1800 MHz:   0% 2088 MHz:   0% 2352 MHz:   0% 2616 MHz:   0% 2868 MHz:   0% 3096 MHz:   0% 3300 MHz:   0% 3468 MHz:   0% 3624 MHz:   0% 3756 MHz:   0% 3828 MHz:   0% 3888 MHz:   0% 3948 MHz:   0% 3996 MHz:   0% 4044 MHz:   0% 4104 MHz:   0% 4416 MHz:   0% 4512 MHz: .95%)
CPU 9 idle residency:  16.06%
CPU 9 down residency:  82.99%

P1-Cluster HW active frequency: 2178 MHz
P1-Cluster HW active residency:  24.46% (1260 MHz: 8.4% 1512 MHz: .82% 1800 MHz: 1.6% 2088 MHz: 1.3% 2352 MHz: 4.3% 2616 MHz: 1.4% 2868 MHz: 1.4% 3096 MHz: .83% 3300 MHz: .44% 3468 MHz: 3.1% 3624 MHz: .81% 3756 MHz: .06% 3828 MHz: .05% 3888 MHz:   0% 3948 MHz:   0% 3996 MHz:   0% 4044 MHz:   0% 4104 MHz:   0% 4416 MHz:   0% 4512 MHz:   0%)
P1-Cluster idle residency:  56.74%
P1-Cluster down residency:  18.81%
CPU 10 frequency: 2009 MHz
CPU 10 active residency:   0.48% (1260 MHz: .26% 1512 MHz: .02% 1800 MHz:   0% 2088 MHz: .00% 2352 MHz:   0% 2616 MHz: .00% 2868 MHz: .09% 3096 MHz: .12% 3300 MHz:   0% 3468 MHz: .00% 3624 MHz:   0% 3756 MHz:   0% 3828 MHz:   0% 3888 MHz:   0% 3948 MHz:   0% 3996 MHz:   0% 4044 MHz:   0% 4104 MHz:   0% 4416 MHz:   0% 4512 MHz:   0%)
CPU 10 idle residency:  80.68%
CPU 10 down residency:  18.84%
CPU 11 frequency: 1264 MHz
CPU 11 active residency:   0.25% (1260 MHz: .25% 1512 MHz:   0% 1800 MHz:   0% 2088 MHz:   0% 2352 MHz:   0% 2616 MHz: .00% 2868 MHz: .00% 3096 MHz:   0% 3300 MHz:   0% 3468 MHz: .00% 3624 MHz:   0% 3756 MHz:   0% 3828 MHz:   0% 3888 MHz:   0% 3948 MHz:   0% 3996 MHz:   0% 4044 MHz:   0% 4104 MHz:   0% 4416 MHz:   0% 4512 MHz:   0%)
CPU 11 idle residency:  80.92%
CPU 11 down residency:  18.83%
CPU 12 frequency: 2451 MHz
CPU 12 active residency:   7.17% (1260 MHz: .45% 1512 MHz: .48% 1800 MHz: .85% 2088 MHz: .82% 2352 MHz: 1.8% 2616 MHz: .46% 2868 MHz: .58% 3096 MHz: .30% 3300 MHz: .37% 3468 MHz: .72% 3624 MHz: .36% 3756 MHz: .01% 3828 MHz: .01% 3888 MHz:   0% 3948 MHz:   0% 3996 MHz:   0% 4044 MHz:   0% 4104 MHz:   0% 4416 MHz:   0% 4512 MHz:   0%)
CPU 12 idle residency:  73.99%
CPU 12 down residency:  18.83%
CPU 13 frequency: 2243 MHz
CPU 13 active residency:   1.43% (1260 MHz: .40% 1512 MHz: .07% 1800 MHz: .05% 2088 MHz: .02% 2352 MHz: .30% 2616 MHz: .09% 2868 MHz: .30% 3096 MHz: .08% 3300 MHz:   0% 3468 MHz: .07% 3624 MHz: .05% 3756 MHz:   0% 3828 MHz:   0% 3888 MHz:   0% 3948 MHz:   0% 3996 MHz:   0% 4044 MHz:   0% 4104 MHz:   0% 4416 MHz:   0% 4512 MHz:   0%)
CPU 13 idle residency:  79.74%
CPU 13 down residency:  18.83%
CPU 14 frequency: 1260 MHz
CPU 14 active residency:   0.25% (1260 MHz: .25% 1512 MHz:   0% 1800 MHz:   0% 2088 MHz:   0% 2352 MHz:   0% 2616 MHz:   0% 2868 MHz:   0% 3096 MHz:   0% 3300 MHz:   0% 3468 MHz:   0% 3624 MHz:   0% 3756 MHz:   0% 3828 MHz:   0% 3888 MHz:   0% 3948 MHz:   0% 3996 MHz:   0% 4044 MHz:   0% 4104 MHz:   0% 4416 MHz:   0% 4512 MHz:   0%)
CPU 14 idle residency:  80.92%
CPU 14 down residency:  18.83%
CPU 15 frequency: 2698 MHz
CPU 15 active residency:   7.80% (1260 MHz: .29% 1512 MHz: .25% 1800 MHz: .71% 2088 MHz: .41% 2352 MHz: 1.7% 2616 MHz: .80% 2868 MHz: .74% 3096 MHz: .49% 3300 MHz: .08% 3468 MHz: 2.1% 3624 MHz: .32% 3756 MHz:   0% 3828 MHz:   0% 3888 MHz:   0% 3948 MHz:   0% 3996 MHz:   0% 4044 MHz:   0% 4104 MHz:   0% 4416 MHz:   0% 4512 MHz:   0%)
CPU 15 idle residency:  73.36%
CPU 15 down residency:  18.83%

CPU Power: 687 mW
GPU Power: 2197 mW
ANE Power: 0 mW
Combined Power (CPU + GPU + ANE): 2884 mW

**** GPU usage ****

GPU HW active frequency: 1134 MHz
GPU HW active residency:  20.50% (338 MHz: 6.7% 618 MHz: .08% 796 MHz: .10% 924 MHz: .25% 952 MHz:   0% 1056 MHz: .24% 1062 MHz:   0% 1182 MHz: .40% 1182 MHz:   0% 1312 MHz: .27% 1242 MHz:   0% 1380 MHz: .20% 1326 MHz:   0% 1470 MHz: .26% 1578 MHz:  12%)
GPU SW requested state: (P1 :  25% P2 : .50% P3 : 1.4% P4 : .56% P5 : 1.4% P6 : 1.9% P7 : 2.4% P8 : 1.2% P9 : 1.2% P10 :  64% P11 :   0% P12 :   0% P13 :   0% P14 :   0% P15 :   0%)
GPU SW state: (SW_P1 : 6.7% SW_P2 : .08% SW_P3 : .10% SW_P4 : .25% SW_P5 : .24% SW_P6 : .40% SW_P7 : .27% SW_P8 : .20% SW_P9 : .26% SW_P10 :  12% SW_P11 :   0% SW_P12 :   0% SW_P13 :   0% SW_P14 :   0% SW_P15 :   0%)
GPU idle residency:  79.50%
GPU Power: 1963 mW

