Machine model: Mac16,5
OS version: 24G419
Boot arguments: 
Boot time: Sun Jan 18 19:40:49 2026



*** Sampled system activity (Tue Jan 20 15:10:13 2026 +0100) (1017.31ms elapsed) ***


**** Processor usage ****

E-Cluster Online: 100%
E-Cluster HW active frequency: 2592 MHz
E-Cluster HW active residency:  67.58% (1020 MHz:   0% 1404 MHz:   0% 1788 MHz:   0% 2112 MHz:   0% 2352 MHz:   0% 2532 MHz: .00% 2592 MHz:  68%)
E-Cluster idle residency:  32.42%
E-Cluster down residency:   0.00%
CPU 0 frequency: 2592 MHz
CPU 0 active residency:  36.33% (1020 MHz:   0% 1404 MHz:   0% 1788 MHz:   0% 2112 MHz:   0% 2352 MHz:   0% 2532 MHz:   0% 2592 MHz:  36%)
CPU 0 idle residency:  63.67%
CPU 0 down residency:   0.00%
CPU 1 frequency: 2592 MHz
CPU 1 active residency:  20.44% (1020 MHz:   0% 1404 MHz:   0% 1788 MHz:   0% 2112 MHz:   0% 2352 MHz:   0% 2532 MHz:   0% 2592 MHz:  20%)
CPU 1 idle residency:  79.56%
CPU 1 down residency:   0.00%
CPU 2 frequency: 2592 MHz
CPU 2 active residency:  11.41% (1020 MHz:   0% 1404 MHz:   0% 1788 MHz:   0% 2112 MHz:   0% 2352 MHz:   0% 2532 MHz:   0% 2592 MHz:  11%)
CPU 2 idle residency:  88.59%
CPU 2 down residency:   0.00%
CPU 3 frequency: 2592 MHz
CPU 3 active residency:   8.04% (1020 MHz:   0% 1404 MHz:   0% 1788 MHz:   0% 2112 MHz:   0% 2352 MHz:   0% 2532 MHz:   0% 2592 MHz: 8.0%)
CPU 3 idle residency:  91.96%
CPU 3 down residency:   0.00%

P0-Cluster Online: 3%
P0-Cluster HW active frequency: 1449 MHz
P0-Cluster HW active residency:   1.22% (1260 MHz: 1.1% 1512 MHz:   0% 1800 MHz:   0% 2088 MHz:   0% 2352 MHz:   0% 2616 MHz:   0% 2868 MHz:   0% 3096 MHz:   0% 3300 MHz:   0% 3468 MHz:   0% 3624 MHz:   0% 3756 MHz:   0% 3828 MHz:   0% 3888 MHz:   0% 3948 MHz:   0% 3996 MHz:   0% 4044 MHz:   0% 4104 MHz:   0% 4416 MHz:   0% 4512 MHz: .07%)
P0-Cluster idle residency:   2.20%
P0-Cluster down residency:  96.58%
CPU 4 frequency: 1260 MHz
CPU 4 active residency:   0.09% (1260 MHz: .09% 1512 MHz:   0% 1800 MHz:   0% 2088 MHz:   0% 2352 MHz:   0% 2616 MHz:   0% 2868 MHz:   0% 3096 MHz:   0% 3300 MHz:   0% 3468 MHz:   0% 3624 MHz:   0% 3756 MHz:   0% 3828 MHz:   0% 3888 MHz:   0% 3948 MHz:   0% 3996 MHz:   0% 4044 MHz:   0% 4104 MHz:   0% 4416 MHz:   0% 4512 MHz:   0%)
CPU 4 idle residency:   3.28%
CPU 4 down residency:  96.63%
CPU 5 frequency: 1260 MHz
CPU 5 active residency:   0.09% (1260 MHz: .09% 1512 MHz:   0% 1800 MHz:   0% 2088 MHz:   0% 2352 MHz:   0% 2616 MHz:   0% 2868 MHz:   0% 3096 MHz:   0% 3300 MHz:   0% 3468 MHz:   0% 3624 MHz:   0% 3756 MHz:   0% 3828 MHz:   0% 3888 MHz:   0% 3948 MHz:   0% 3996 MHz:   0% 4044 MHz:   0% 4104 MHz:   0% 4416 MHz:   0% 4512 MHz:   0%)
CPU 5 idle residency:   3.28%
CPU 5 down residency:  96.63%
CPU 6 frequency: 1260 MHz
CPU 6 active residency:   0.09% (1260 MHz: .09% 1512 MHz:   0% 1800 MHz:   0% 2088 MHz:   0% 2352 MHz:   0% 2616 MHz:   0% 2868 MHz:   0% 3096 MHz:   0% 3300 MHz:   0% 3468 MHz:   0% 3624 MHz:   0% 3756 MHz:   0% 3828 MHz:   0% 3888 MHz:   0% 3948 MHz:   0% 3996 MHz:   0% 4044 MHz:   0% 4104 MHz:   0% 4416 MHz:   0% 4512 MHz:   0%)
CPU 6 idle residency:   3.28%
CPU 6 down residency:  96.63%
CPU 7 frequency: 1260 MHz
CPU 7 active residency:   0.09% (1260 MHz: .09% 1512 MHz:   0% 1800 MHz:   0% 2088 MHz:   0% 2352 MHz:   0% 2616 MHz:   0% 2868 MHz:   0% 3096 MHz:   0% 3300 MHz:   0% 3468 MHz:   0% 3624 MHz:   0% 3756 MHz:   0% 3828 MHz:   0% 3888 MHz:   0% 3948 MHz:   0% 3996 MHz:   0% 4044 MHz:   0% 4104 MHz:   0% 4416 MHz:   0% 4512 MHz:   0%)
CPU 7 idle residency:   3.28%
CPU 7 down residency:  96.63%
CPU 8 frequency: 1271 MHz
CPU 8 active residency:   0.10% (1260 MHz: .09% 1512 MHz:   0% 1800 MHz:   0% 2088 MHz:   0% 2352 MHz:   0% 2616 MHz:   0% 2868 MHz:   0% 3096 MHz:   0% 3300 MHz:   0% 3468 MHz:   0% 3624 MHz:   0% 3756 MHz:   0% 3828 MHz:   0% 3888 MHz:   0% 3948 MHz:   0% 3996 MHz:   0% 4044 MHz:   0% 4104 MHz:   0% 4416 MHz:   0% 4512 MHz: .00%)
CPU 8 idle residency:   3.28%
CPU 8 down residency:  96.62%
CPU 9 frequency: 1260 MHz
CPU 9 active residency:   0.09% (1260 MHz: .09% 1512 MHz:   0% 1800 MHz:   0% 2088 MHz:   0% 2352 MHz:   0% 2616 MHz:   0% 2868 MHz:   0% 3096 MHz:   0% 3300 MHz:   0% 3468 MHz:   0% 3624 MHz:   0% 3756 MHz:   0% 3828 MHz:   0% 3888 MHz:   0% 3948 MHz:   0% 3996 MHz:   0% 4044 MHz:   0% 4104 MHz:   0% 4416 MHz:   0% 4512 MHz:   0%)
CPU 9 idle residency:   3.25%
CPU 9 down residency:  96.66%

P1-Cluster HW active frequency: 3973 MHz
P1-Cluster HW active residency:  99.74% (1260 MHz:   0% 1512 MHz:   0% 1800 MHz:   0% 2088 MHz:   0% 2352 MHz:   0% 2616 MHz:   0% 2868 MHz:   0% 3096 MHz:   0% 3300 MHz:   0% 3468 MHz:   0% 3624 MHz:   0% 3756 MHz:   0% 3828 MHz:   0% 3888 MHz: 9.9% 3948 MHz:  76% 3996 MHz: 5.3% 4044 MHz: 3.2% 4104 MHz:   0% 4416 MHz: 2.6% 4512 MHz: 2.3%)
P1-Cluster idle residency:   0.26%
P1-Cluster down residency:   0.00%
CPU 10 frequency: 4512 MHz
CPU 10 active residency:  54.18% (1260 MHz:   0% 1512 MHz:   0% 1800 MHz:   0% 2088 MHz:   0% 2352 MHz:   0% 2616 MHz:   0% 2868 MHz:   0% 3096 MHz:   0% 3300 MHz:   0% 3468 MHz:   0% 3624 MHz:   0% 3756 MHz:   0% 3828 MHz:   0% 3888 MHz:   0% 3948 MHz:   0% 3996 MHz:   0% 4044 MHz:   0% 4104 MHz:   0% 4416 MHz:   0% 4512 MHz:  54%)
CPU 10 idle residency:  45.82%
CPU 10 down residency:   0.00%
CPU 11 frequency: 4512 MHz
CPU 11 active residency:  68.45% (1260 MHz:   0% 1512 MHz:   0% 1800 MHz:   0% 2088 MHz:   0% 2352 MHz:   0% 2616 MHz:   0% 2868 MHz:   0% 3096 MHz:   0% 3300 MHz:   0% 3468 MHz:   0% 3624 MHz:   0% 3756 MHz:   0% 3828 MHz:   0% 3888 MHz:   0% 3948 MHz:   0% 3996 MHz:   0% 4044 MHz:   0% 4104 MHz:   0% 4416 MHz:   0% 4512 MHz:  68%)
CPU 11 idle residency:  31.55%
CPU 11 down residency:   0.00%
CPU 12 frequency: 4512 MHz
CPU 12 active residency:  51.65% (1260 MHz:   0% 1512 MHz:   0% 1800 MHz:   0% 2088 MHz:   0% 2352 MHz:   0% 2616 MHz:   0% 2868 MHz:   0% 3096 MHz:   0% 3300 MHz:   0% 3468 MHz:   0% 3624 MHz:   0% 3756 MHz:   0% 3828 MHz:   0% 3888 MHz:   0% 3948 MHz:   0% 3996 MHz:   0% 4044 MHz:   0% 4104 MHz:   0% 4416 MHz:   0% 4512 MHz:  52%)
CPU 12 idle residency:  48.35%
CPU 12 down residency:   0.00%
CPU 13 frequency: 4512 MHz
CPU 13 active residency:  58.93% (1260 MHz:   0% 1512 MHz:   0% 1800 MHz:   0% 2088 MHz:   0% 2352 MHz:   0% 2616 MHz:   0% 2868 MHz:   0% 3096 MHz:   0% 3300 MHz:   0% 3468 MHz:   0% 3624 MHz:   0% 3756 MHz:   0% 3828 MHz:   0% 3888 MHz:   0% 3948 MHz:   0% 3996 MHz:   0% 4044 MHz:   0% 4104 MHz:   0% 4416 MHz:   0% 4512 MHz:  59%)
CPU 13 idle residency:  41.07%
CPU 13 down residency:   0.00%
CPU 14 frequency: 4512 MHz
CPU 14 active residency:  58.71% (1260 MHz:   0% 1512 MHz:   0% 1800 MHz:   0% 2088 MHz:   0% 2352 MHz:   0% 2616 MHz:   0% 2868 MHz:   0% 3096 MHz:   0% 3300 MHz:   0% 3468 MHz:   0% 3624 MHz:   0% 3756 MHz:   0% 3828 MHz:   0% 3888 MHz:   0% 3948 MHz:   0% 3996 MHz:   0% 4044 MHz:   0% 4104 MHz:   0% 4416 MHz:   0% 4512 MHz:  59%)
CPU 14 idle residency:  41.29%
CPU 14 down residency:   0.00%
CPU 15 frequency: 4512 MHz
CPU 15 active residency:  45.80% (1260 MHz:   0% 1512 MHz:   0% 1800 MHz:   0% 2088 MHz:   0% 2352 MHz:   0% 2616 MHz:   0% 2868 MHz:   0% 3096 MHz:   0% 3300 MHz:   0% 3468 MHz:   0% 3624 MHz:   0% 3756 MHz:   0% 3828 MHz:   0% 3888 MHz:   0% 3948 MHz:   0% 3996 MHz:   0% 4044 MHz:   0% 4104 MHz:   0% 4416 MHz:   0% 4512 MHz:  46%)
CPU 15 idle residency:  54.20%
CPU 15 down residency:   0.00%

CPU Power: 6442 mW
GPU Power: 26907 mW
ANE Power: 0 mW
Combined Power (CPU + GPU + ANE): 33350 mW

**** GPU usage ****

GPU HW active frequency: 1578 MHz
GPU HW active residency: 100.00% (338 MHz:   0% 618 MHz:   0% 796 MHz:   0% 924 MHz:   0% 952 MHz:   0% 1056 MHz:   0% 1062 MHz:   0% 1182 MHz:   0% 1182 MHz:   0% 1312 MHz:   0% 1242 MHz:   0% 1380 MHz:   0% 1326 MHz:   0% 1470 MHz:   0% 1578 MHz: 100%)
GPU SW requested state: (P1 :   0% P2 :   0% P3 :   0% P4 :   0% P5 :   0% P6 :   0% P7 :   0% P8 :   0% P9 :   0% P10 : 100% P11 :   0% P12 :   0% P13 :   0% P14 :   0% P15 :   0%)
GPU SW state: (SW_P1 :   0% SW_P2 :   0% SW_P3 :   0% SW_P4 :   0% SW_P5 :   0% SW_P6 :   0% SW_P7 :   0% SW_P8 :   0% SW_P9 :   0% SW_P10 : 100% SW_P11 :   0% SW_P12 :   0% SW_P13 :   0% SW_P14 :   0% SW_P15 :   0%)
GPU idle residency:   0.00%
GPU Power: 26906 mW



*** Sampled system activity (Tue Jan 20 15:10:14 2026 +0100) (1020.93ms elapsed) ***


**** Processor usage ****

E-Cluster Online: 100%
E-Cluster HW active frequency: 2592 MHz
E-Cluster HW active residency:  67.54% (1020 MHz:   0% 1404 MHz:   0% 1788 MHz:   0% 2112 MHz:   0% 2352 MHz:   0% 2532 MHz: .00% 2592 MHz:  68%)
E-Cluster idle residency:  32.46%
E-Cluster down residency:   0.00%
CPU 0 frequency: 2592 MHz
CPU 0 active residency:  35.28% (1020 MHz:   0% 1404 MHz:   0% 1788 MHz:   0% 2112 MHz:   0% 2352 MHz:   0% 2532 MHz:   0% 2592 MHz:  35%)
CPU 0 idle residency:  64.72%
CPU 0 down residency:   0.00%
CPU 1 frequency: 2592 MHz
CPU 1 active residency:  19.09% (1020 MHz:   0% 1404 MHz:   0% 1788 MHz:   0% 2112 MHz:   0% 2352 MHz:   0% 2532 MHz:   0% 2592 MHz:  19%)
CPU 1 idle residency:  80.91%
CPU 1 down residency:   0.00%
CPU 2 frequency: 2592 MHz
CPU 2 active residency:  11.23% (1020 MHz:   0% 1404 MHz:   0% 1788 MHz:   0% 2112 MHz:   0% 2352 MHz:   0% 2532 MHz:   0% 2592 MHz:  11%)
CPU 2 idle residency:  88.77%
CPU 2 down residency:   0.00%
CPU 3 frequency: 2592 MHz
CPU 3 active residency:   6.87% (1020 MHz:   0% 1404 MHz:   0% 1788 MHz:   0% 2112 MHz:   0% 2352 MHz:   0% 2532 MHz:   0% 2592 MHz: 6.9%)
CPU 3 idle residency:  93.13%
CPU 3 down residency:   0.00%

P0-Cluster Online: 5%
P0-Cluster HW active frequency: 1930 MHz
P0-Cluster HW active residency:   1.85% (1260 MHz: 1.3% 1512 MHz:   0% 1800 MHz: .07% 2088 MHz:   0% 2352 MHz: .15% 2616 MHz:   0% 2868 MHz:   0% 3096 MHz:   0% 3300 MHz:   0% 3468 MHz:   0% 3624 MHz:   0% 3756 MHz:   0% 3828 MHz:   0% 3888 MHz: .03% 3948 MHz: .01% 3996 MHz:   0% 4044 MHz:   0% 4104 MHz:   0% 4416 MHz: .01% 4512 MHz: .27%)
P0-Cluster idle residency:   2.13%
P0-Cluster down residency:  96.02%
CPU 4 frequency: 0 MHz
CPU 4 active residency:   0.00% (1260 MHz:   0% 1512 MHz:   0% 1800 MHz:   0% 2088 MHz:   0% 2352 MHz:   0% 2616 MHz:   0% 2868 MHz:   0% 3096 MHz:   0% 3300 MHz:   0% 3468 MHz:   0% 3624 MHz:   0% 3756 MHz:   0% 3828 MHz:   0% 3888 MHz:   0% 3948 MHz:   0% 3996 MHz:   0% 4044 MHz:   0% 4104 MHz:   0% 4416 MHz:   0% 4512 MHz:   0%)
CPU 4 idle residency:   3.73%
CPU 4 down residency:  96.27%
CPU 5 frequency: 0 MHz
CPU 5 active residency:   0.00% (1260 MHz:   0% 1512 MHz:   0% 1800 MHz:   0% 2088 MHz:   0% 2352 MHz:   0% 2616 MHz:   0% 2868 MHz:   0% 3096 MHz:   0% 3300 MHz:   0% 3468 MHz:   0% 3624 MHz:   0% 3756 MHz:   0% 3828 MHz:   0% 3888 MHz:   0% 3948 MHz:   0% 3996 MHz:   0% 4044 MHz:   0% 4104 MHz:   0% 4416 MHz:   0% 4512 MHz:   0%)
CPU 5 idle residency:   3.62%
CPU 5 down residency:  96.38%
CPU 6 frequency: 0 MHz
CPU 6 active residency:   0.00% (1260 MHz:   0% 1512 MHz:   0% 1800 MHz:   0% 2088 MHz:   0% 2352 MHz:   0% 2616 MHz:   0% 2868 MHz:   0% 3096 MHz:   0% 3300 MHz:   0% 3468 MHz:   0% 3624 MHz:   0% 3756 MHz:   0% 3828 MHz:   0% 3888 MHz:   0% 3948 MHz:   0% 3996 MHz:   0% 4044 MHz:   0% 4104 MHz:   0% 4416 MHz:   0% 4512 MHz:   0%)
CPU 6 idle residency:   3.74%
CPU 6 down residency:  96.26%
CPU 7 frequency: 0 MHz
CPU 7 active residency:   0.00% (1260 MHz:   0% 1512 MHz:   0% 1800 MHz:   0% 2088 MHz:   0% 2352 MHz:   0% 2616 MHz:   0% 2868 MHz:   0% 3096 MHz:   0% 3300 MHz:   0% 3468 MHz:   0% 3624 MHz:   0% 3756 MHz:   0% 3828 MHz:   0% 3888 MHz:   0% 3948 MHz:   0% 3996 MHz:   0% 4044 MHz:   0% 4104 MHz:   0% 4416 MHz:   0% 4512 MHz:   0%)
CPU 7 idle residency:   3.76%
CPU 7 down residency:  96.24%
CPU 8 frequency: 0 MHz
CPU 8 active residency:   0.00% (1260 MHz:   0% 1512 MHz:   0% 1800 MHz:   0% 2088 MHz:   0% 2352 MHz:   0% 2616 MHz:   0% 2868 MHz:   0% 3096 MHz:   0% 3300 MHz:   0% 3468 MHz:   0% 3624 MHz:   0% 3756 MHz:   0% 3828 MHz:   0% 3888 MHz:   0% 3948 MHz:   0% 3996 MHz:   0% 4044 MHz:   0% 4104 MHz:   0% 4416 MHz:   0% 4512 MHz:   0%)
CPU 8 idle residency:   3.72%
CPU 8 down residency:  96.28%
CPU 9 frequency: 0 MHz
CPU 9 active residency:   0.00% (1260 MHz:   0% 1512 MHz:   0% 1800 MHz:   0% 2088 MHz:   0% 2352 MHz:   0% 2616 MHz:   0% 2868 MHz:   0% 3096 MHz:   0% 3300 MHz:   0% 3468 MHz:   0% 3624 MHz:   0% 3756 MHz:   0% 3828 MHz:   0% 3888 MHz:   0% 3948 MHz:   0% 3996 MHz:   0% 4044 MHz:   0% 4104 MHz:   0% 4416 MHz:   0% 4512 MHz:   0%)
CPU 9 idle residency:   3.73%
CPU 9 down residency:  96.27%

P1-Cluster HW active frequency: 3974 MHz
P1-Cluster HW active residency:  99.50% (1260 MHz:   0% 1512 MHz:   0% 1800 MHz:   0% 2088 MHz:   0% 2352 MHz:   0% 2616 MHz:   0% 2868 MHz:   0% 3096 MHz:   0% 3300 MHz:   0% 3468 MHz:   0% 3624 MHz:   0% 3756 MHz:   0% 3828 MHz:   0% 3888 MHz:  14% 3948 MHz:  70% 3996 MHz: 6.7% 4044 MHz: 4.4% 4104 MHz:   0% 4416 MHz: 2.6% 4512 MHz: 2.5%)
P1-Cluster idle residency:   0.50%
P1-Cluster down residency:   0.00%
CPU 10 frequency: 4512 MHz
CPU 10 active residency:  69.94% (1260 MHz:   0% 1512 MHz:   0% 1800 MHz:   0% 2088 MHz:   0% 2352 MHz:   0% 2616 MHz:   0% 2868 MHz:   0% 3096 MHz:   0% 3300 MHz:   0% 3468 MHz:   0% 3624 MHz:   0% 3756 MHz:   0% 3828 MHz:   0% 3888 MHz:   0% 3948 MHz:   0% 3996 MHz:   0% 4044 MHz:   0% 4104 MHz:   0% 4416 MHz:   0% 4512 MHz:  70%)
CPU 10 idle residency:  30.06%
CPU 10 down residency:   0.00%
CPU 11 frequency: 4512 MHz
CPU 11 active residency:  63.59% (1260 MHz:   0% 1512 MHz:   0% 1800 MHz:   0% 2088 MHz:   0% 2352 MHz:   0% 2616 MHz:   0% 2868 MHz:   0% 3096 MHz:   0% 3300 MHz:   0% 3468 MHz:   0% 3624 MHz:   0% 3756 MHz:   0% 3828 MHz:   0% 3888 MHz:   0% 3948 MHz:   0% 3996 MHz:   0% 4044 MHz:   0% 4104 MHz:   0% 4416 MHz:   0% 4512 MHz:  64%)
CPU 11 idle residency:  36.41%
CPU 11 down residency:   0.00%
CPU 12 frequency: 4512 MHz
CPU 12 active residency:  48.31% (1260 MHz:   0% 1512 MHz:   0% 1800 MHz:   0% 2088 MHz:   0% 2352 MHz:   0% 2616 MHz:   0% 2868 MHz:   0% 3096 MHz:   0% 3300 MHz:   0% 3468 MHz:   0% 3624 MHz:   0% 3756 MHz:   0% 3828 MHz:   0% 3888 MHz:   0% 3948 MHz:   0% 3996 MHz:   0% 4044 MHz:   0% 4104 MHz:   0% 4416 MHz:   0% 4512 MHz:  48%)
CPU 12 idle residency:  51.69%
CPU 12 down residency:   0.00%
CPU 13 frequency: 4512 MHz
CPU 13 active residency:  51.55% (1260 MHz:   0% 1512 MHz:   0% 1800 MHz:   0% 2088 MHz:   0% 2352 MHz:   0% 2616 MHz:   0% 2868 MHz:   0% 3096 MHz:   0% 3300 MHz:   0% 3468 MHz:   0% 3624 MHz:   0% 3756 MHz:   0% 3828 MHz:   0% 3888 MHz:   0% 3948 MHz:   0% 3996 MHz:   0% 4044 MHz:   0% 4104 MHz:   0% 4416 MHz:   0% 4512 MHz:  52%)
CPU 13 idle residency:  48.45%
CPU 13 down residency:   0.00%
CPU 14 frequency: 4512 MHz
CPU 14 active residency:  52.13% (1260 MHz:   0% 1512 MHz:   0% 1800 MHz:   0% 2088 MHz:   0% 2352 MHz:   0% 2616 MHz:   0% 2868 MHz:   0% 3096 MHz:   0% 3300 MHz:   0% 3468 MHz:   0% 3624 MHz:   0% 3756 MHz:   0% 3828 MHz:   0% 3888 MHz:   0% 3948 MHz:   0% 3996 MHz:   0% 4044 MHz:   0% 4104 MHz:   0% 4416 MHz:   0% 4512 MHz:  52%)
CPU 14 idle residency:  47.87%
CPU 14 down residency:   0.00%
CPU 15 frequency: 4512 MHz
CPU 15 active residency:  48.64% (1260 MHz:   0% 1512 MHz:   0% 1800 MHz:   0% 2088 MHz:   0% 2352 MHz:   0% 2616 MHz:   0% 2868 MHz:   0% 3096 MHz:   0% 3300 MHz:   0% 3468 MHz:   0% 3624 MHz:   0% 3756 MHz:   0% 3828 MHz:   0% 3888 MHz:   0% 3948 MHz:   0% 3996 MHz:   0% 4044 MHz:   0% 4104 MHz:   0% 4416 MHz:   0% 4512 MHz:  49%)
CPU 15 idle residency:  51.36%
CPU 15 down residency:   0.00%

CPU Power: 6688 mW
GPU Power: 27150 mW
ANE Power: 0 mW
Combined Power (CPU + GPU + ANE): 33838 mW

**** GPU usage ****

GPU HW active frequency: 1578 MHz
GPU HW active residency: 100.00% (338 MHz:   0% 618 MHz:   0% 796 MHz:   0% 924 MHz:   0% 952 MHz:   0% 1056 MHz:   0% 1062 MHz:   0% 1182 MHz:   0% 1182 MHz:   0% 1312 MHz:   0% 1242 MHz:   0% 1380 MHz:   0% 1326 MHz:   0% 1470 MHz:   0% 1578 MHz: 100%)
GPU SW requested state: (P1 :   0% P2 :   0% P3 :   0% P4 :   0% P5 :   0% P6 :   0% P7 :   0% P8 :   0% P9 :   0% P10 : 100% P11 :   0% P12 :   0% P13 :   0% P14 :   0% P15 :   0%)
GPU SW state: (SW_P1 :   0% SW_P2 :   0% SW_P3 :   0% SW_P4 :   0% SW_P5 :   0% SW_P6 :   0% SW_P7 :   0% SW_P8 :   0% SW_P9 :   0% SW_P10 : 100% SW_P11 :   0% SW_P12 :   0% SW_P13 :   0% SW_P14 :   0% SW_P15 :   0%)
GPU idle residency:   0.00%
GPU Power: 27153 mW



*** Sampled system activity (Tue Jan 20 15:10:15 2026 +0100) (1021.25ms elapsed) ***


**** Processor usage ****

E-Cluster Online: 100%
E-Cluster HW active frequency: 2592 MHz
E-Cluster HW active residency:  63.18% (1020 MHz:   0% 1404 MHz:   0% 1788 MHz:   0% 2112 MHz:   0% 2352 MHz:   0% 2532 MHz: .00% 2592 MHz:  63%)
E-Cluster idle residency:  36.82%
E-Cluster down residency:   0.00%
CPU 0 frequency: 2592 MHz
CPU 0 active residency:  32.50% (1020 MHz:   0% 1404 MHz:   0% 1788 MHz:   0% 2112 MHz:   0% 2352 MHz:   0% 2532 MHz:   0% 2592 MHz:  32%)
CPU 0 idle residency:  67.50%
CPU 0 down residency:   0.00%
CPU 1 frequency: 2592 MHz
CPU 1 active residency:  14.73% (1020 MHz:   0% 1404 MHz:   0% 1788 MHz:   0% 2112 MHz:   0% 2352 MHz:   0% 2532 MHz:   0% 2592 MHz:  15%)
CPU 1 idle residency:  85.27%
CPU 1 down residency:   0.00%
CPU 2 frequency: 2592 MHz
CPU 2 active residency:   7.71% (1020 MHz:   0% 1404 MHz:   0% 1788 MHz:   0% 2112 MHz:   0% 2352 MHz:   0% 2532 MHz:   0% 2592 MHz: 7.7%)
CPU 2 idle residency:  92.29%
CPU 2 down residency:   0.00%
CPU 3 frequency: 2592 MHz
CPU 3 active residency:   4.70% (1020 MHz:   0% 1404 MHz:   0% 1788 MHz:   0% 2112 MHz:   0% 2352 MHz:   0% 2532 MHz:   0% 2592 MHz: 4.7%)
CPU 3 idle residency:  95.30%
CPU 3 down residency:   0.00%

P0-Cluster Online: 34%
P0-Cluster HW active frequency: 3869 MHz
P0-Cluster HW active residency:  29.99% (1260 MHz: .93% 1512 MHz:   0% 1800 MHz:   0% 2088 MHz:   0% 2352 MHz:   0% 2616 MHz:   0% 2868 MHz:   0% 3096 MHz:   0% 3300 MHz:   0% 3468 MHz:   0% 3624 MHz:   0% 3756 MHz:   0% 3828 MHz:   0% 3888 MHz: 5.4% 3948 MHz:  21% 3996 MHz: 1.1% 4044 MHz: .55% 4104 MHz:   0% 4416 MHz: .49% 4512 MHz: .20%)
P0-Cluster idle residency:   2.40%
P0-Cluster down residency:  67.61%
CPU 4 frequency: 4445 MHz
CPU 4 active residency:  20.24% (1260 MHz: .41% 1512 MHz:   0% 1800 MHz: .00% 2088 MHz:   0% 2352 MHz:   0% 2616 MHz:   0% 2868 MHz:   0% 3096 MHz:   0% 3300 MHz:   0% 3468 MHz:   0% 3624 MHz:   0% 3756 MHz:   0% 3828 MHz:   0% 3888 MHz:   0% 3948 MHz:   0% 3996 MHz:   0% 4044 MHz:   0% 4104 MHz:   0% 4416 MHz:   0% 4512 MHz:  20%)
CPU 4 idle residency:  12.39%
CPU 4 down residency:  67.36%
CPU 5 frequency: 4411 MHz
CPU 5 active residency:  16.01% (1260 MHz: .42% 1512 MHz:   0% 1800 MHz: .01% 2088 MHz:   0% 2352 MHz: .10% 2616 MHz:   0% 2868 MHz:   0% 3096 MHz:   0% 3300 MHz:   0% 3468 MHz:   0% 3624 MHz:   0% 3756 MHz:   0% 3828 MHz:   0% 3888 MHz:   0% 3948 MHz:   0% 3996 MHz:   0% 4044 MHz:   0% 4104 MHz:   0% 4416 MHz:   0% 4512 MHz:  15%)
CPU 5 idle residency:  16.71%
CPU 5 down residency:  67.28%
CPU 6 frequency: 4451 MHz
CPU 6 active residency:  21.69% (1260 MHz: .41% 1512 MHz:   0% 1800 MHz: .00% 2088 MHz:   0% 2352 MHz:   0% 2616 MHz:   0% 2868 MHz:   0% 3096 MHz:   0% 3300 MHz:   0% 3468 MHz:   0% 3624 MHz:   0% 3756 MHz:   0% 3828 MHz:   0% 3888 MHz:   0% 3948 MHz:   0% 3996 MHz:   0% 4044 MHz:   0% 4104 MHz:   0% 4416 MHz:   0% 4512 MHz:  21%)
CPU 6 idle residency:  10.95%
CPU 6 down residency:  67.36%
CPU 7 frequency: 4429 MHz
CPU 7 active residency:  16.00% (1260 MHz: .40% 1512 MHz:   0% 1800 MHz: .00% 2088 MHz:   0% 2352 MHz:   0% 2616 MHz:   0% 2868 MHz:   0% 3096 MHz:   0% 3300 MHz:   0% 3468 MHz:   0% 3624 MHz:   0% 3756 MHz:   0% 3828 MHz:   0% 3888 MHz:   0% 3948 MHz:   0% 3996 MHz:   0% 4044 MHz:   0% 4104 MHz:   0% 4416 MHz:   0% 4512 MHz:  16%)
CPU 7 idle residency:  16.62%
CPU 7 down residency:  67.38%
CPU 8 frequency: 4438 MHz
CPU 8 active residency:  18.77% (1260 MHz: .41% 1512 MHz:   0% 1800 MHz: .02% 2088 MHz:   0% 2352 MHz: .00% 2616 MHz:   0% 2868 MHz:   0% 3096 MHz:   0% 3300 MHz:   0% 3468 MHz:   0% 3624 MHz:   0% 3756 MHz:   0% 3828 MHz:   0% 3888 MHz:   0% 3948 MHz:   0% 3996 MHz:   0% 4044 MHz:   0% 4104 MHz:   0% 4416 MHz:   0% 4512 MHz:  18%)
CPU 8 idle residency:  13.88%
CPU 8 down residency:  67.35%
CPU 9 frequency: 4436 MHz
CPU 9 active residency:  17.73% (1260 MHz: .41% 1512 MHz:   0% 1800 MHz: .01% 2088 MHz:   0% 2352 MHz: .00% 2616 MHz:   0% 2868 MHz:   0% 3096 MHz:   0% 3300 MHz:   0% 3468 MHz:   0% 3624 MHz:   0% 3756 MHz:   0% 3828 MHz:   0% 3888 MHz:   0% 3948 MHz:   0% 3996 MHz:   0% 4044 MHz:   0% 4104 MHz:   0% 4416 MHz:   0% 4512 MHz:  17%)
CPU 9 idle residency:  14.94%
CPU 9 down residency:  67.33%

P1-Cluster HW active frequency: 3992 MHz
P1-Cluster HW active residency:  70.63% (1260 MHz: .07% 1512 MHz:   0% 1800 MHz:   0% 2088 MHz:   0% 2352 MHz:   0% 2616 MHz:   0% 2868 MHz:   0% 3096 MHz:   0% 3300 MHz:   0% 3468 MHz:   0% 3624 MHz:   0% 3756 MHz:   0% 3828 MHz:   0% 3888 MHz: 7.7% 3948 MHz:  48% 3996 MHz: 5.2% 4044 MHz: 3.7% 4104 MHz:   0% 4416 MHz: 2.6% 4512 MHz: 3.4%)
P1-Cluster idle residency:   1.00%
P1-Cluster down residency:  28.37%
CPU 10 frequency: 4512 MHz
CPU 10 active residency:  29.64% (1260 MHz:   0% 1512 MHz:   0% 1800 MHz:   0% 2088 MHz:   0% 2352 MHz:   0% 2616 MHz:   0% 2868 MHz:   0% 3096 MHz:   0% 3300 MHz:   0% 3468 MHz:   0% 3624 MHz:   0% 3756 MHz:   0% 3828 MHz:   0% 3888 MHz:   0% 3948 MHz:   0% 3996 MHz:   0% 4044 MHz:   0% 4104 MHz:   0% 4416 MHz:   0% 4512 MHz:  30%)
CPU 10 idle residency:  33.75%
CPU 10 down residency:  36.61%
CPU 11 frequency: 4512 MHz
CPU 11 active residency:  30.08% (1260 MHz:   0% 1512 MHz:   0% 1800 MHz:   0% 2088 MHz:   0% 2352 MHz:   0% 2616 MHz:   0% 2868 MHz:   0% 3096 MHz:   0% 3300 MHz:   0% 3468 MHz:   0% 3624 MHz:   0% 3756 MHz:   0% 3828 MHz:   0% 3888 MHz:   0% 3948 MHz:   0% 3996 MHz:   0% 4044 MHz:   0% 4104 MHz:   0% 4416 MHz:   0% 4512 MHz:  30%)
CPU 11 idle residency:  35.10%
CPU 11 down residency:  34.82%
CPU 12 frequency: 4512 MHz
CPU 12 active residency:  21.22% (1260 MHz:   0% 1512 MHz:   0% 1800 MHz:   0% 2088 MHz:   0% 2352 MHz:   0% 2616 MHz:   0% 2868 MHz:   0% 3096 MHz:   0% 3300 MHz:   0% 3468 MHz:   0% 3624 MHz:   0% 3756 MHz:   0% 3828 MHz:   0% 3888 MHz:   0% 3948 MHz:   0% 3996 MHz:   0% 4044 MHz:   0% 4104 MHz:   0% 4416 MHz:   0% 4512 MHz:  21%)
CPU 12 idle residency:  42.92%
CPU 12 down residency:  35.86%
CPU 13 frequency: 4512 MHz
CPU 13 active residency:  23.59% (1260 MHz:   0% 1512 MHz:   0% 1800 MHz:   0% 2088 MHz:   0% 2352 MHz:   0% 2616 MHz:   0% 2868 MHz:   0% 3096 MHz:   0% 3300 MHz:   0% 3468 MHz:   0% 3624 MHz:   0% 3756 MHz:   0% 3828 MHz:   0% 3888 MHz:   0% 3948 MHz:   0% 3996 MHz:   0% 4044 MHz:   0% 4104 MHz:   0% 4416 MHz:   0% 4512 MHz:  24%)
CPU 13 idle residency:  42.73%
CPU 13 down residency:  33.68%
CPU 14 frequency: 4512 MHz
CPU 14 active residency:  18.42% (1260 MHz:   0% 1512 MHz:   0% 1800 MHz:   0% 2088 MHz:   0% 2352 MHz:   0% 2616 MHz:   0% 2868 MHz:   0% 3096 MHz:   0% 3300 MHz:   0% 3468 MHz:   0% 3624 MHz:   0% 3756 MHz:   0% 3828 MHz:   0% 3888 MHz:   0% 3948 MHz:   0% 3996 MHz:   0% 4044 MHz:   0% 4104 MHz:   0% 4416 MHz:   0% 4512 MHz:  18%)
CPU 14 idle residency:  45.79%
CPU 14 down residency:  35.79%
CPU 15 frequency: 4512 MHz
CPU 15 active residency:  10.73% (1260 MHz:   0% 1512 MHz:   0% 1800 MHz:   0% 2088 MHz:   0% 2352 MHz:   0% 2616 MHz:   0% 2868 MHz:   0% 3096 MHz:   0% 3300 MHz:   0% 3468 MHz:   0% 3624 MHz:   0% 3756 MHz:   0% 3828 MHz:   0% 3888 MHz:   0% 3948 MHz:   0% 3996 MHz:   0% 4044 MHz:   0% 4104 MHz:   0% 4416 MHz:   0% 4512 MHz:  11%)
CPU 15 idle residency:  54.94%
CPU 15 down residency:  34.34%

CPU Power: 6486 mW
GPU Power: 26958 mW
ANE Power: 0 mW
Combined Power (CPU + GPU + ANE): 33444 mW

**** GPU usage ****

GPU HW active frequency: 1578 MHz
GPU HW active residency: 100.00% (338 MHz:   0% 618 MHz:   0% 796 MHz:   0% 924 MHz:   0% 952 MHz:   0% 1056 MHz:   0% 1062 MHz:   0% 1182 MHz:   0% 1182 MHz:   0% 1312 MHz:   0% 1242 MHz:   0% 1380 MHz:   0% 1326 MHz:   0% 1470 MHz:   0% 1578 MHz: 100%)
GPU SW requested state: (P1 :   0% P2 :   0% P3 :   0% P4 :   0% P5 :   0% P6 :   0% P7 :   0% P8 :   0% P9 :   0% P10 : 100% P11 :   0% P12 :   0% P13 :   0% P14 :   0% P15 :   0%)
GPU SW state: (SW_P1 :   0% SW_P2 :   0% SW_P3 :   0% SW_P4 :   0% SW_P5 :   0% SW_P6 :   0% SW_P7 :   0% SW_P8 :   0% SW_P9 :   0% SW_P10 : 100% SW_P11 :   0% SW_P12 :   0% SW_P13 :   0% SW_P14 :   0% SW_P15 :   0%)
GPU idle residency:   0.00%
GPU Power: 26958 mW



*** Sampled system activity (Tue Jan 20 15:10:16 2026 +0100) (1019.94ms elapsed) ***


**** Processor usage ****

E-Cluster Online: 100%
E-Cluster HW active frequency: 2592 MHz
E-Cluster HW active residency:  64.24% (1020 MHz:   0% 1404 MHz:   0% 1788 MHz:   0% 2112 MHz:   0% 2352 MHz:   0% 2532 MHz: .00% 2592 MHz:  64%)
E-Cluster idle residency:  35.76%
E-Cluster down residency:   0.00%
CPU 0 frequency: 2592 MHz
CPU 0 active residency:  33.29% (1020 MHz:   0% 1404 MHz:   0% 1788 MHz:   0% 2112 MHz:   0% 2352 MHz:   0% 2532 MHz:   0% 2592 MHz:  33%)
CPU 0 idle residency:  66.71%
CPU 0 down residency:   0.00%
CPU 1 frequency: 2592 MHz
CPU 1 active residency:  14.98% (1020 MHz:   0% 1404 MHz:   0% 1788 MHz:   0% 2112 MHz:   0% 2352 MHz:   0% 2532 MHz:   0% 2592 MHz:  15%)
CPU 1 idle residency:  85.02%
CPU 1 down residency:   0.00%
CPU 2 frequency: 2592 MHz
CPU 2 active residency:   8.72% (1020 MHz:   0% 1404 MHz:   0% 1788 MHz:   0% 2112 MHz:   0% 2352 MHz:   0% 2532 MHz:   0% 2592 MHz: 8.7%)
CPU 2 idle residency:  91.28%
CPU 2 down residency:   0.00%
CPU 3 frequency: 2592 MHz
CPU 3 active residency:   7.36% (1020 MHz:   0% 1404 MHz:   0% 1788 MHz:   0% 2112 MHz:   0% 2352 MHz:   0% 2532 MHz:   0% 2592 MHz: 7.4%)
CPU 3 idle residency:  92.64%
CPU 3 down residency:   0.00%

P0-Cluster Online: 100%
P0-Cluster HW active frequency: 3975 MHz
P0-Cluster HW active residency:  99.63% (1260 MHz:   0% 1512 MHz:   0% 1800 MHz:   0% 2088 MHz:   0% 2352 MHz:   0% 2616 MHz:   0% 2868 MHz:   0% 3096 MHz:   0% 3300 MHz:   0% 3468 MHz:   0% 3624 MHz:   0% 3756 MHz:   0% 3828 MHz:   0% 3888 MHz: 7.9% 3948 MHz:  75% 3996 MHz: 7.9% 4044 MHz: 4.8% 4104 MHz:   0% 4416 MHz: 2.2% 4512 MHz: 2.2%)
P0-Cluster idle residency:   0.37%
P0-Cluster down residency:   0.00%
CPU 4 frequency: 4512 MHz
CPU 4 active residency:  69.38% (1260 MHz:   0% 1512 MHz:   0% 1800 MHz:   0% 2088 MHz:   0% 2352 MHz:   0% 2616 MHz:   0% 2868 MHz:   0% 3096 MHz:   0% 3300 MHz:   0% 3468 MHz:   0% 3624 MHz:   0% 3756 MHz:   0% 3828 MHz:   0% 3888 MHz:   0% 3948 MHz:   0% 3996 MHz:   0% 4044 MHz:   0% 4104 MHz:   0% 4416 MHz:   0% 4512 MHz:  69%)
CPU 4 idle residency:  30.62%
CPU 4 down residency:   0.00%
CPU 5 frequency: 4512 MHz
CPU 5 active residency:  46.83% (1260 MHz:   0% 1512 MHz:   0% 1800 MHz:   0% 2088 MHz:   0% 2352 MHz:   0% 2616 MHz:   0% 2868 MHz:   0% 3096 MHz:   0% 3300 MHz:   0% 3468 MHz:   0% 3624 MHz:   0% 3756 MHz:   0% 3828 MHz:   0% 3888 MHz:   0% 3948 MHz:   0% 3996 MHz:   0% 4044 MHz:   0% 4104 MHz:   0% 4416 MHz:   0% 4512 MHz:  47%)
CPU 5 idle residency:  53.17%
CPU 5 down residency:   0.00%
CPU 6 frequency: 4512 MHz
CPU 6 active residency:  48.07% (1260 MHz:   0% 1512 MHz:   0% 1800 MHz:   0% 2088 MHz:   0% 2352 MHz:   0% 2616 MHz:   0% 2868 MHz:   0% 3096 MHz:   0% 3300 MHz:   0% 3468 MHz:   0% 3624 MHz:   0% 3756 MHz:   0% 3828 MHz:   0% 3888 MHz:   0% 3948 MHz:   0% 3996 MHz:   0% 4044 MHz:   0% 4104 MHz:   0% 4416 MHz:   0% 4512 MHz:  48%)
CPU 6 idle residency:  51.93%
CPU 6 down residency:   0.00%
CPU 7 frequency: 4512 MHz
CPU 7 active residency:  56.94% (1260 MHz:   0% 1512 MHz:   0% 1800 MHz:   0% 2088 MHz:   0% 2352 MHz:   0% 2616 MHz:   0% 2868 MHz:   0% 3096 MHz:   0% 3300 MHz:   0% 3468 MHz:   0% 3624 MHz:   0% 3756 MHz:   0% 3828 MHz:   0% 3888 MHz:   0% 3948 MHz:   0% 3996 MHz:   0% 4044 MHz:   0% 4104 MHz:   0% 4416 MHz:   0% 4512 MHz:  57%)
CPU 7 idle residency:  43.06%
CPU 7 down residency:   0.00%
CPU 8 frequency: 4512 MHz
CPU 8 active residency:  60.03% (1260 MHz:   0% 1512 MHz:   0% 1800 MHz:   0% 2088 MHz:   0% 2352 MHz:   0% 2616 MHz:   0% 2868 MHz:   0% 3096 MHz:   0% 3300 MHz:   0% 3468 MHz:   0% 3624 MHz:   0% 3756 MHz:   0% 3828 MHz:   0% 3888 MHz:   0% 3948 MHz:   0% 3996 MHz:   0% 4044 MHz:   0% 4104 MHz:   0% 4416 MHz:   0% 4512 MHz:  60%)
CPU 8 idle residency:  39.97%
CPU 8 down residency:   0.00%
CPU 9 frequency: 4512 MHz
CPU 9 active residency:  42.84% (1260 MHz:   0% 1512 MHz:   0% 1800 MHz:   0% 2088 MHz:   0% 2352 MHz:   0% 2616 MHz:   0% 2868 MHz:   0% 3096 MHz:   0% 3300 MHz:   0% 3468 MHz:   0% 3624 MHz:   0% 3756 MHz:   0% 3828 MHz:   0% 3888 MHz:   0% 3948 MHz:   0% 3996 MHz:   0% 4044 MHz:   0% 4104 MHz:   0% 4416 MHz:   0% 4512 MHz:  43%)
CPU 9 idle residency:  57.16%
CPU 9 down residency:   0.00%

P1-Cluster HW active frequency: 1877 MHz
P1-Cluster HW active residency:   0.69% (1260 MHz: .46% 1512 MHz:   0% 1800 MHz: .11% 2088 MHz:   0% 2352 MHz:   0% 2616 MHz:   0% 2868 MHz:   0% 3096 MHz:   0% 3300 MHz:   0% 3468 MHz:   0% 3624 MHz:   0% 3756 MHz:   0% 3828 MHz:   0% 3888 MHz: .00% 3948 MHz: .01% 3996 MHz:   0% 4044 MHz:   0% 4104 MHz:   0% 4416 MHz: .01% 4512 MHz: .09%)
P1-Cluster idle residency:   1.33%
P1-Cluster down residency:  97.98%
CPU 10 frequency: 0 MHz
CPU 10 active residency:   0.00% (1260 MHz:   0% 1512 MHz:   0% 1800 MHz:   0% 2088 MHz:   0% 2352 MHz:   0% 2616 MHz:   0% 2868 MHz:   0% 3096 MHz:   0% 3300 MHz:   0% 3468 MHz:   0% 3624 MHz:   0% 3756 MHz:   0% 3828 MHz:   0% 3888 MHz:   0% 3948 MHz:   0% 3996 MHz:   0% 4044 MHz:   0% 4104 MHz:   0% 4416 MHz:   0% 4512 MHz:   0%)
CPU 10 idle residency:   1.85%
CPU 10 down residency:  98.15%
CPU 11 frequency: 0 MHz
CPU 11 active residency:   0.00% (1260 MHz:   0% 1512 MHz:   0% 1800 MHz:   0% 2088 MHz:   0% 2352 MHz:   0% 2616 MHz:   0% 2868 MHz:   0% 3096 MHz:   0% 3300 MHz:   0% 3468 MHz:   0% 3624 MHz:   0% 3756 MHz:   0% 3828 MHz:   0% 3888 MHz:   0% 3948 MHz:   0% 3996 MHz:   0% 4044 MHz:   0% 4104 MHz:   0% 4416 MHz:   0% 4512 MHz:   0%)
CPU 11 idle residency:   1.87%
CPU 11 down residency:  98.13%
CPU 12 frequency: 0 MHz
CPU 12 active residency:   0.00% (1260 MHz:   0% 1512 MHz:   0% 1800 MHz:   0% 2088 MHz:   0% 2352 MHz:   0% 2616 MHz:   0% 2868 MHz:   0% 3096 MHz:   0% 3300 MHz:   0% 3468 MHz:   0% 3624 MHz:   0% 3756 MHz:   0% 3828 MHz:   0% 3888 MHz:   0% 3948 MHz:   0% 3996 MHz:   0% 4044 MHz:   0% 4104 MHz:   0% 4416 MHz:   0% 4512 MHz:   0%)
CPU 12 idle residency:   1.86%
CPU 12 down residency:  98.14%
CPU 13 frequency: 0 MHz
CPU 13 active residency:   0.00% (1260 MHz:   0% 1512 MHz:   0% 1800 MHz:   0% 2088 MHz:   0% 2352 MHz:   0% 2616 MHz:   0% 2868 MHz:   0% 3096 MHz:   0% 3300 MHz:   0% 3468 MHz:   0% 3624 MHz:   0% 3756 MHz:   0% 3828 MHz:   0% 3888 MHz:   0% 3948 MHz:   0% 3996 MHz:   0% 4044 MHz:   0% 4104 MHz:   0% 4416 MHz:   0% 4512 MHz:   0%)
CPU 13 idle residency:   1.87%
CPU 13 down residency:  98.13%
CPU 14 frequency: 0 MHz
CPU 14 active residency:   0.00% (1260 MHz:   0% 1512 MHz:   0% 1800 MHz:   0% 2088 MHz:   0% 2352 MHz:   0% 2616 MHz:   0% 2868 MHz:   0% 3096 MHz:   0% 3300 MHz:   0% 3468 MHz:   0% 3624 MHz:   0% 3756 MHz:   0% 3828 MHz:   0% 3888 MHz:   0% 3948 MHz:   0% 3996 MHz:   0% 4044 MHz:   0% 4104 MHz:   0% 4416 MHz:   0% 4512 MHz:   0%)
CPU 14 idle residency:   1.87%
CPU 14 down residency:  98.13%
CPU 15 frequency: 0 MHz
CPU 15 active residency:   0.00% (1260 MHz:   0% 1512 MHz:   0% 1800 MHz:   0% 2088 MHz:   0% 2352 MHz:   0% 2616 MHz:   0% 2868 MHz:   0% 3096 MHz:   0% 3300 MHz:   0% 3468 MHz:   0% 3624 MHz:   0% 3756 MHz:   0% 3828 MHz:   0% 3888 MHz:   0% 3948 MHz:   0% 3996 MHz:   0% 4044 MHz:   0% 4104 MHz:   0% 4416 MHz:   0% 4512 MHz:   0%)
CPU 15 idle residency:   1.86%
CPU 15 down residency:  98.14%

CPU Power: 6504 mW
GPU Power: 27302 mW
ANE Power: 0 mW
Combined Power (CPU + GPU + ANE): 33806 mW

**** GPU usage ****

GPU HW active frequency: 1578 MHz
GPU HW active residency: 100.00% (338 MHz:   0% 618 MHz:   0% 796 MHz:   0% 924 MHz:   0% 952 MHz:   0% 1056 MHz:   0% 1062 MHz:   0% 1182 MHz:   0% 1182 MHz:   0% 1312 MHz:   0% 1242 MHz:   0% 1380 MHz:   0% 1326 MHz:   0% 1470 MHz:   0% 1578 MHz: 100%)
GPU SW requested state: (P1 :   0% P2 :   0% P3 :   0% P4 :   0% P5 :   0% P6 :   0% P7 :   0% P8 :   0% P9 :   0% P10 : 100% P11 :   0% P12 :   0% P13 :   0% P14 :   0% P15 :   0%)
GPU SW state: (SW_P1 :   0% SW_P2 :   0% SW_P3 :   0% SW_P4 :   0% SW_P5 :   0% SW_P6 :   0% SW_P7 :   0% SW_P8 :   0% SW_P9 :   0% SW_P10 : 100% SW_P11 :   0% SW_P12 :   0% SW_P13 :   0% SW_P14 :   0% SW_P15 :   0%)
GPU idle residency:   0.00%
GPU Power: 27303 mW



*** Sampled system activity (Tue Jan 20 15:10:17 2026 +0100) (1019.51ms elapsed) ***


**** Processor usage ****

E-Cluster Online: 100%
E-Cluster HW active frequency: 2592 MHz
E-Cluster HW active residency:  65.37% (1020 MHz:   0% 1404 MHz:   0% 1788 MHz:   0% 2112 MHz:   0% 2352 MHz:   0% 2532 MHz: .00% 2592 MHz:  65%)
E-Cluster idle residency:  34.63%
E-Cluster down residency:   0.00%
CPU 0 frequency: 2592 MHz
CPU 0 active residency:  32.50% (1020 MHz:   0% 1404 MHz:   0% 1788 MHz:   0% 2112 MHz:   0% 2352 MHz:   0% 2532 MHz:   0% 2592 MHz:  33%)
CPU 0 idle residency:  67.50%
CPU 0 down residency:   0.00%
CPU 1 frequency: 2592 MHz
CPU 1 active residency:  16.21% (1020 MHz:   0% 1404 MHz:   0% 1788 MHz:   0% 2112 MHz:   0% 2352 MHz:   0% 2532 MHz:   0% 2592 MHz:  16%)
CPU 1 idle residency:  83.79%
CPU 1 down residency:   0.00%
CPU 2 frequency: 2592 MHz
CPU 2 active residency:  10.44% (1020 MHz:   0% 1404 MHz:   0% 1788 MHz:   0% 2112 MHz:   0% 2352 MHz:   0% 2532 MHz:   0% 2592 MHz:  10%)
CPU 2 idle residency:  89.56%
CPU 2 down residency:   0.00%
CPU 3 frequency: 2592 MHz
CPU 3 active residency:   7.73% (1020 MHz:   0% 1404 MHz:   0% 1788 MHz:   0% 2112 MHz:   0% 2352 MHz:   0% 2532 MHz:   0% 2592 MHz: 7.7%)
CPU 3 idle residency:  92.27%
CPU 3 down residency:   0.00%

P0-Cluster Online: 100%
P0-Cluster HW active frequency: 3972 MHz
P0-Cluster HW active residency:  99.53% (1260 MHz:   0% 1512 MHz:   0% 1800 MHz:   0% 2088 MHz:   0% 2352 MHz:   0% 2616 MHz:   0% 2868 MHz:   0% 3096 MHz:   0% 3300 MHz:   0% 3468 MHz:   0% 3624 MHz:   0% 3756 MHz:   0% 3828 MHz:   0% 3888 MHz: 9.4% 3948 MHz:  71% 3996 MHz: 9.2% 4044 MHz: 5.8% 4104 MHz:   0% 4416 MHz: 2.1% 4512 MHz: 1.7%)
P0-Cluster idle residency:   0.47%
P0-Cluster down residency:   0.00%
CPU 4 frequency: 4512 MHz
CPU 4 active residency:  65.30% (1260 MHz:   0% 1512 MHz:   0% 1800 MHz:   0% 2088 MHz:   0% 2352 MHz:   0% 2616 MHz:   0% 2868 MHz:   0% 3096 MHz:   0% 3300 MHz:   0% 3468 MHz:   0% 3624 MHz:   0% 3756 MHz:   0% 3828 MHz:   0% 3888 MHz:   0% 3948 MHz:   0% 3996 MHz:   0% 4044 MHz:   0% 4104 MHz:   0% 4416 MHz:   0% 4512 MHz:  65%)
CPU 4 idle residency:  34.70%
CPU 4 down residency:   0.00%
CPU 5 frequency: 4512 MHz
CPU 5 active residency:  49.70% (1260 MHz:   0% 1512 MHz:   0% 1800 MHz:   0% 2088 MHz:   0% 2352 MHz:   0% 2616 MHz:   0% 2868 MHz:   0% 3096 MHz:   0% 3300 MHz:   0% 3468 MHz:   0% 3624 MHz:   0% 3756 MHz:   0% 3828 MHz:   0% 3888 MHz:   0% 3948 MHz:   0% 3996 MHz:   0% 4044 MHz:   0% 4104 MHz:   0% 4416 MHz:   0% 4512 MHz:  50%)
CPU 5 idle residency:  50.30%
CPU 5 down residency:   0.00%
CPU 6 frequency: 4512 MHz
CPU 6 active residency:  41.51% (1260 MHz:   0% 1512 MHz:   0% 1800 MHz:   0% 2088 MHz:   0% 2352 MHz:   0% 2616 MHz:   0% 2868 MHz:   0% 3096 MHz:   0% 3300 MHz:   0% 3468 MHz:   0% 3624 MHz:   0% 3756 MHz:   0% 3828 MHz:   0% 3888 MHz:   0% 3948 MHz:   0% 3996 MHz:   0% 4044 MHz:   0% 4104 MHz:   0% 4416 MHz:   0% 4512 MHz:  42%)
CPU 6 idle residency:  58.49%
CPU 6 down residency:   0.00%
CPU 7 frequency: 4512 MHz
CPU 7 active residency:  57.17% (1260 MHz:   0% 1512 MHz:   0% 1800 MHz:   0% 2088 MHz:   0% 2352 MHz:   0% 2616 MHz:   0% 2868 MHz:   0% 3096 MHz:   0% 3300 MHz:   0% 3468 MHz:   0% 3624 MHz:   0% 3756 MHz:   0% 3828 MHz:   0% 3888 MHz:   0% 3948 MHz:   0% 3996 MHz:   0% 4044 MHz:   0% 4104 MHz:   0% 4416 MHz:   0% 4512 MHz:  57%)
CPU 7 idle residency:  42.83%
CPU 7 down residency:   0.00%
CPU 8 frequency: 4512 MHz
CPU 8 active residency:  62.90% (1260 MHz:   0% 1512 MHz:   0% 1800 MHz:   0% 2088 MHz:   0% 2352 MHz:   0% 2616 MHz:   0% 2868 MHz:   0% 3096 MHz:   0% 3300 MHz:   0% 3468 MHz:   0% 3624 MHz:   0% 3756 MHz:   0% 3828 MHz:   0% 3888 MHz:   0% 3948 MHz:   0% 3996 MHz:   0% 4044 MHz:   0% 4104 MHz:   0% 4416 MHz:   0% 4512 MHz:  63%)
CPU 8 idle residency:  37.10%
CPU 8 down residency:   0.00%
CPU 9 frequency: 4512 MHz
CPU 9 active residency:  46.89% (1260 MHz:   0% 1512 MHz:   0% 1800 MHz:   0% 2088 MHz:   0% 2352 MHz:   0% 2616 MHz:   0% 2868 MHz:   0% 3096 MHz:   0% 3300 MHz:   0% 3468 MHz:   0% 3624 MHz:   0% 3756 MHz:   0% 3828 MHz:   0% 3888 MHz:   0% 3948 MHz:   0% 3996 MHz:   0% 4044 MHz:   0% 4104 MHz:   0% 4416 MHz:   0% 4512 MHz:  47%)
CPU 9 idle residency:  53.11%
CPU 9 down residency:   0.00%

P1-Cluster HW active frequency: 1260 MHz
P1-Cluster HW active residency:   0.47% (1260 MHz: .47% 1512 MHz:   0% 1800 MHz:   0% 2088 MHz:   0% 2352 MHz:   0% 2616 MHz:   0% 2868 MHz:   0% 3096 MHz:   0% 3300 MHz:   0% 3468 MHz:   0% 3624 MHz:   0% 3756 MHz:   0% 3828 MHz:   0% 3888 MHz:   0% 3948 MHz:   0% 3996 MHz:   0% 4044 MHz:   0% 4104 MHz:   0% 4416 MHz:   0% 4512 MHz:   0%)
P1-Cluster idle residency:   2.07%
P1-Cluster down residency:  97.47%
CPU 10 frequency: 0 MHz
CPU 10 active residency:   0.00% (1260 MHz:   0% 1512 MHz:   0% 1800 MHz:   0% 2088 MHz:   0% 2352 MHz:   0% 2616 MHz:   0% 2868 MHz:   0% 3096 MHz:   0% 3300 MHz:   0% 3468 MHz:   0% 3624 MHz:   0% 3756 MHz:   0% 3828 MHz:   0% 3888 MHz:   0% 3948 MHz:   0% 3996 MHz:   0% 4044 MHz:   0% 4104 MHz:   0% 4416 MHz:   0% 4512 MHz:   0%)
CPU 10 idle residency:   2.42%
CPU 10 down residency:  97.58%
CPU 11 frequency: 0 MHz
CPU 11 active residency:   0.00% (1260 MHz:   0% 1512 MHz:   0% 1800 MHz:   0% 2088 MHz:   0% 2352 MHz:   0% 2616 MHz:   0% 2868 MHz:   0% 3096 MHz:   0% 3300 MHz:   0% 3468 MHz:   0% 3624 MHz:   0% 3756 MHz:   0% 3828 MHz:   0% 3888 MHz:   0% 3948 MHz:   0% 3996 MHz:   0% 4044 MHz:   0% 4104 MHz:   0% 4416 MHz:   0% 4512 MHz:   0%)
CPU 11 idle residency:   2.42%
CPU 11 down residency:  97.58%
CPU 12 frequency: 0 MHz
CPU 12 active residency:   0.00% (1260 MHz:   0% 1512 MHz:   0% 1800 MHz:   0% 2088 MHz:   0% 2352 MHz:   0% 2616 MHz:   0% 2868 MHz:   0% 3096 MHz:   0% 3300 MHz:   0% 3468 MHz:   0% 3624 MHz:   0% 3756 MHz:   0% 3828 MHz:   0% 3888 MHz:   0% 3948 MHz:   0% 3996 MHz:   0% 4044 MHz:   0% 4104 MHz:   0% 4416 MHz:   0% 4512 MHz:   0%)
CPU 12 idle residency:   2.42%
CPU 12 down residency:  97.58%
CPU 13 frequency: 0 MHz
CPU 13 active residency:   0.00% (1260 MHz:   0% 1512 MHz:   0% 1800 MHz:   0% 2088 MHz:   0% 2352 MHz:   0% 2616 MHz:   0% 2868 MHz:   0% 3096 MHz:   0% 3300 MHz:   0% 3468 MHz:   0% 3624 MHz:   0% 3756 MHz:   0% 3828 MHz:   0% 3888 MHz:   0% 3948 MHz:   0% 3996 MHz:   0% 4044 MHz:   0% 4104 MHz:   0% 4416 MHz:   0% 4512 MHz:   0%)
CPU 13 idle residency:   2.42%
CPU 13 down residency:  97.58%
CPU 14 frequency: 0 MHz
CPU 14 active residency:   0.00% (1260 MHz:   0% 1512 MHz:   0% 1800 MHz:   0% 2088 MHz:   0% 2352 MHz:   0% 2616 MHz:   0% 2868 MHz:   0% 3096 MHz:   0% 3300 MHz:   0% 3468 MHz:   0% 3624 MHz:   0% 3756 MHz:   0% 3828 MHz:   0% 3888 MHz:   0% 3948 MHz:   0% 3996 MHz:   0% 4044 MHz:   0% 4104 MHz:   0% 4416 MHz:   0% 4512 MHz:   0%)
CPU 14 idle residency:   2.42%
CPU 14 down residency:  97.58%
CPU 15 frequency: 0 MHz
CPU 15 active residency:   0.00% (1260 MHz:   0% 1512 MHz:   0% 1800 MHz:   0% 2088 MHz:   0% 2352 MHz:   0% 2616 MHz:   0% 2868 MHz:   0% 3096 MHz:   0% 3300 MHz:   0% 3468 MHz:   0% 3624 MHz:   0% 3756 MHz:   0% 3828 MHz:   0% 3888 MHz:   0% 3948 MHz:   0% 3996 MHz:   0% 4044 MHz:   0% 4104 MHz:   0% 4416 MHz:   0% 4512 MHz:   0%)
CPU 15 idle residency:   2.42%
CPU 15 down residency:  97.58%

CPU Power: 6677 mW
GPU Power: 27209 mW
ANE Power: 0 mW
Combined Power (CPU + GPU + ANE): 33886 mW

**** GPU usage ****

GPU HW active frequency: 1578 MHz
GPU HW active residency: 100.00% (338 MHz:   0% 618 MHz:   0% 796 MHz:   0% 924 MHz:   0% 952 MHz:   0% 1056 MHz:   0% 1062 MHz:   0% 1182 MHz:   0% 1182 MHz:   0% 1312 MHz:   0% 1242 MHz:   0% 1380 MHz:   0% 1326 MHz:   0% 1470 MHz:   0% 1578 MHz: 100%)
GPU SW requested state: (P1 :   0% P2 :   0% P3 :   0% P4 :   0% P5 :   0% P6 :   0% P7 :   0% P8 :   0% P9 :   0% P10 : 100% P11 :   0% P12 :   0% P13 :   0% P14 :   0% P15 :   0%)
GPU SW state: (SW_P1 :   0% SW_P2 :   0% SW_P3 :   0% SW_P4 :   0% SW_P5 :   0% SW_P6 :   0% SW_P7 :   0% SW_P8 :   0% SW_P9 :   0% SW_P10 : 100% SW_P11 :   0% SW_P12 :   0% SW_P13 :   0% SW_P14 :   0% SW_P15 :   0%)
GPU idle residency:   0.00%
GPU Power: 27211 mW



*** Sampled system activity (Tue Jan 20 15:10:18 2026 +0100) (1021.02ms elapsed) ***


**** Processor usage ****

E-Cluster Online: 100%
E-Cluster HW active frequency: 2592 MHz
E-Cluster HW active residency:  64.70% (1020 MHz:   0% 1404 MHz:   0% 1788 MHz:   0% 2112 MHz:   0% 2352 MHz:   0% 2532 MHz: .00% 2592 MHz:  65%)
E-Cluster idle residency:  35.30%
E-Cluster down residency:   0.00%
CPU 0 frequency: 2592 MHz
CPU 0 active residency:  32.90% (1020 MHz:   0% 1404 MHz:   0% 1788 MHz:   0% 2112 MHz:   0% 2352 MHz:   0% 2532 MHz:   0% 2592 MHz:  33%)
CPU 0 idle residency:  67.10%
CPU 0 down residency:   0.00%
CPU 1 frequency: 2592 MHz
CPU 1 active residency:  15.38% (1020 MHz:   0% 1404 MHz:   0% 1788 MHz:   0% 2112 MHz:   0% 2352 MHz:   0% 2532 MHz:   0% 2592 MHz:  15%)
CPU 1 idle residency:  84.62%
CPU 1 down residency:   0.00%
CPU 2 frequency: 2592 MHz
CPU 2 active residency:   9.57% (1020 MHz:   0% 1404 MHz:   0% 1788 MHz:   0% 2112 MHz:   0% 2352 MHz:   0% 2532 MHz:   0% 2592 MHz: 9.6%)
CPU 2 idle residency:  90.43%
CPU 2 down residency:   0.00%
CPU 3 frequency: 2592 MHz
CPU 3 active residency:   6.88% (1020 MHz:   0% 1404 MHz:   0% 1788 MHz:   0% 2112 MHz:   0% 2352 MHz:   0% 2532 MHz:   0% 2592 MHz: 6.9%)
CPU 3 idle residency:  93.12%
CPU 3 down residency:   0.00%

P0-Cluster Online: 100%
P0-Cluster HW active frequency: 3989 MHz
P0-Cluster HW active residency:  98.79% (1260 MHz:   0% 1512 MHz:   0% 1800 MHz:   0% 2088 MHz:   0% 2352 MHz:   0% 2616 MHz:   0% 2868 MHz:   0% 3096 MHz:   0% 3300 MHz:   0% 3468 MHz:   0% 3624 MHz:   0% 3756 MHz:   0% 3828 MHz:   0% 3888 MHz: 9.1% 3948 MHz:  63% 3996 MHz:  11% 4044 MHz: 9.5% 4104 MHz:   0% 4416 MHz: 2.3% 4512 MHz: 3.6%)
P0-Cluster idle residency:   1.21%
P0-Cluster down residency:   0.00%
CPU 4 frequency: 4512 MHz
CPU 4 active residency:  66.34% (1260 MHz:   0% 1512 MHz:   0% 1800 MHz:   0% 2088 MHz:   0% 2352 MHz:   0% 2616 MHz:   0% 2868 MHz:   0% 3096 MHz:   0% 3300 MHz:   0% 3468 MHz:   0% 3624 MHz:   0% 3756 MHz:   0% 3828 MHz:   0% 3888 MHz:   0% 3948 MHz:   0% 3996 MHz:   0% 4044 MHz:   0% 4104 MHz:   0% 4416 MHz:   0% 4512 MHz:  66%)
CPU 4 idle residency:  33.66%
CPU 4 down residency:   0.00%
CPU 5 frequency: 4512 MHz
CPU 5 active residency:  54.28% (1260 MHz:   0% 1512 MHz:   0% 1800 MHz:   0% 2088 MHz:   0% 2352 MHz:   0% 2616 MHz:   0% 2868 MHz:   0% 3096 MHz:   0% 3300 MHz:   0% 3468 MHz:   0% 3624 MHz:   0% 3756 MHz:   0% 3828 MHz:   0% 3888 MHz:   0% 3948 MHz:   0% 3996 MHz:   0% 4044 MHz:   0% 4104 MHz:   0% 4416 MHz:   0% 4512 MHz:  54%)
CPU 5 idle residency:  45.72%
CPU 5 down residency:   0.00%
CPU 6 frequency: 4512 MHz
CPU 6 active residency:  32.17% (1260 MHz:   0% 1512 MHz:   0% 1800 MHz:   0% 2088 MHz:   0% 2352 MHz:   0% 2616 MHz:   0% 2868 MHz:   0% 3096 MHz:   0% 3300 MHz:   0% 3468 MHz:   0% 3624 MHz:   0% 3756 MHz:   0% 3828 MHz:   0% 3888 MHz:   0% 3948 MHz:   0% 3996 MHz:   0% 4044 MHz:   0% 4104 MHz:   0% 4416 MHz:   0% 4512 MHz:  32%)
CPU 6 idle residency:  67.83%
CPU 6 down residency:   0.00%
CPU 7 frequency: 4512 MHz
CPU 7 active residency:  57.27% (1260 MHz:   0% 1512 MHz:   0% 1800 MHz:   0% 2088 MHz:   0% 2352 MHz:   0% 2616 MHz:   0% 2868 MHz:   0% 3096 MHz:   0% 3300 MHz:   0% 3468 MHz:   0% 3624 MHz:   0% 3756 MHz:   0% 3828 MHz:   0% 3888 MHz:   0% 3948 MHz:   0% 3996 MHz:   0% 4044 MHz:   0% 4104 MHz:   0% 4416 MHz:   0% 4512 MHz:  57%)
CPU 7 idle residency:  42.73%
CPU 7 down residency:   0.00%
CPU 8 frequency: 4512 MHz
CPU 8 active residency:  53.13% (1260 MHz:   0% 1512 MHz:   0% 1800 MHz:   0% 2088 MHz:   0% 2352 MHz:   0% 2616 MHz:   0% 2868 MHz:   0% 3096 MHz:   0% 3300 MHz:   0% 3468 MHz:   0% 3624 MHz:   0% 3756 MHz:   0% 3828 MHz:   0% 3888 MHz:   0% 3948 MHz:   0% 3996 MHz:   0% 4044 MHz:   0% 4104 MHz:   0% 4416 MHz:   0% 4512 MHz:  53%)
CPU 8 idle residency:  46.87%
CPU 8 down residency:   0.00%
CPU 9 frequency: 4512 MHz
CPU 9 active residency:  34.69% (1260 MHz:   0% 1512 MHz:   0% 1800 MHz:   0% 2088 MHz:   0% 2352 MHz:   0% 2616 MHz:   0% 2868 MHz:   0% 3096 MHz:   0% 3300 MHz:   0% 3468 MHz:   0% 3624 MHz:   0% 3756 MHz:   0% 3828 MHz:   0% 3888 MHz:   0% 3948 MHz:   0% 3996 MHz:   0% 4044 MHz:   0% 4104 MHz:   0% 4416 MHz:   0% 4512 MHz:  35%)
CPU 9 idle residency:  65.31%
CPU 9 down residency:   0.00%

P1-Cluster HW active frequency: 1982 MHz
P1-Cluster HW active residency:   2.07% (1260 MHz: 1.3% 1512 MHz:   0% 1800 MHz: .12% 2088 MHz: .29% 2352 MHz:   0% 2616 MHz:   0% 2868 MHz:   0% 3096 MHz:   0% 3300 MHz:   0% 3468 MHz:   0% 3624 MHz:   0% 3756 MHz:   0% 3828 MHz:   0% 3888 MHz: .02% 3948 MHz: .04% 3996 MHz: .08% 4044 MHz: .03% 4104 MHz:   0% 4416 MHz: .10% 4512 MHz: .13%)
P1-Cluster idle residency:   3.91%
P1-Cluster down residency:  94.01%
CPU 10 frequency: 0 MHz
CPU 10 active residency:   0.00% (1260 MHz:   0% 1512 MHz:   0% 1800 MHz:   0% 2088 MHz:   0% 2352 MHz:   0% 2616 MHz:   0% 2868 MHz:   0% 3096 MHz:   0% 3300 MHz:   0% 3468 MHz:   0% 3624 MHz:   0% 3756 MHz:   0% 3828 MHz:   0% 3888 MHz:   0% 3948 MHz:   0% 3996 MHz:   0% 4044 MHz:   0% 4104 MHz:   0% 4416 MHz:   0% 4512 MHz:   0%)
CPU 10 idle residency:   5.13%
CPU 10 down residency:  94.87%
CPU 11 frequency: 0 MHz
CPU 11 active residency:   0.00% (1260 MHz:   0% 1512 MHz:   0% 1800 MHz:   0% 2088 MHz:   0% 2352 MHz:   0% 2616 MHz:   0% 2868 MHz:   0% 3096 MHz:   0% 3300 MHz:   0% 3468 MHz:   0% 3624 MHz:   0% 3756 MHz:   0% 3828 MHz:   0% 3888 MHz:   0% 3948 MHz:   0% 3996 MHz:   0% 4044 MHz:   0% 4104 MHz:   0% 4416 MHz:   0% 4512 MHz:   0%)
CPU 11 idle residency:   5.66%
CPU 11 down residency:  94.34%
CPU 12 frequency: 0 MHz
CPU 12 active residency:   0.00% (1260 MHz:   0% 1512 MHz:   0% 1800 MHz:   0% 2088 MHz:   0% 2352 MHz:   0% 2616 MHz:   0% 2868 MHz:   0% 3096 MHz:   0% 3300 MHz:   0% 3468 MHz:   0% 3624 MHz:   0% 3756 MHz:   0% 3828 MHz:   0% 3888 MHz:   0% 3948 MHz:   0% 3996 MHz:   0% 4044 MHz:   0% 4104 MHz:   0% 4416 MHz:   0% 4512 MHz:   0%)
CPU 12 idle residency:   5.72%
CPU 12 down residency:  94.28%
CPU 13 frequency: 0 MHz
CPU 13 active residency:   0.00% (1260 MHz:   0% 1512 MHz:   0% 1800 MHz:   0% 2088 MHz:   0% 2352 MHz:   0% 2616 MHz:   0% 2868 MHz:   0% 3096 MHz:   0% 3300 MHz:   0% 3468 MHz:   0% 3624 MHz:   0% 3756 MHz:   0% 3828 MHz:   0% 3888 MHz:   0% 3948 MHz:   0% 3996 MHz:   0% 4044 MHz:   0% 4104 MHz:   0% 4416 MHz:   0% 4512 MHz:   0%)
CPU 13 idle residency:   5.43%
CPU 13 down residency:  94.57%
CPU 14 frequency: 0 MHz
CPU 14 active residency:   0.00% (1260 MHz:   0% 1512 MHz:   0% 1800 MHz:   0% 2088 MHz:   0% 2352 MHz:   0% 2616 MHz:   0% 2868 MHz:   0% 3096 MHz:   0% 3300 MHz:   0% 3468 MHz:   0% 3624 MHz:   0% 3756 MHz:   0% 3828 MHz:   0% 3888 MHz:   0% 3948 MHz:   0% 3996 MHz:   0% 4044 MHz:   0% 4104 MHz:   0% 4416 MHz:   0% 4512 MHz:   0%)
CPU 14 idle residency:   5.72%
CPU 14 down residency:  94.28%
CPU 15 frequency: 0 MHz
CPU 15 active residency:   0.00% (1260 MHz:   0% 1512 MHz:   0% 1800 MHz:   0% 2088 MHz:   0% 2352 MHz:   0% 2616 MHz:   0% 2868 MHz:   0% 3096 MHz:   0% 3300 MHz:   0% 3468 MHz:   0% 3624 MHz:   0% 3756 MHz:   0% 3828 MHz:   0% 3888 MHz:   0% 3948 MHz:   0% 3996 MHz:   0% 4044 MHz:   0% 4104 MHz:   0% 4416 MHz:   0% 4512 MHz:   0%)
CPU 15 idle residency:   5.56%
CPU 15 down residency:  94.44%

CPU Power: 6516 mW
GPU Power: 27478 mW
ANE Power: 0 mW
Combined Power (CPU + GPU + ANE): 33994 mW

**** GPU usage ****

GPU HW active frequency: 1578 MHz
GPU HW active residency: 100.00% (338 MHz:   0% 618 MHz:   0% 796 MHz:   0% 924 MHz:   0% 952 MHz:   0% 1056 MHz:   0% 1062 MHz:   0% 1182 MHz:   0% 1182 MHz:   0% 1312 MHz:   0% 1242 MHz:   0% 1380 MHz:   0% 1326 MHz:   0% 1470 MHz:   0% 1578 MHz: 100%)
GPU SW requested state: (P1 :   0% P2 :   0% P3 :   0% P4 :   0% P5 :   0% P6 :   0% P7 :   0% P8 :   0% P9 :   0% P10 : 100% P11 :   0% P12 :   0% P13 :   0% P14 :   0% P15 :   0%)
GPU SW state: (SW_P1 :   0% SW_P2 :   0% SW_P3 :   0% SW_P4 :   0% SW_P5 :   0% SW_P6 :   0% SW_P7 :   0% SW_P8 :   0% SW_P9 :   0% SW_P10 : 100% SW_P11 :   0% SW_P12 :   0% SW_P13 :   0% SW_P14 :   0% SW_P15 :   0%)
GPU idle residency:   0.00%
GPU Power: 27255 mW



*** Sampled system activity (Tue Jan 20 15:10:19 2026 +0100) (1019.69ms elapsed) ***


**** Processor usage ****

E-Cluster Online: 100%
E-Cluster HW active frequency: 2592 MHz
E-Cluster HW active residency:  64.16% (1020 MHz:   0% 1404 MHz:   0% 1788 MHz:   0% 2112 MHz:   0% 2352 MHz:   0% 2532 MHz: .00% 2592 MHz:  64%)
E-Cluster idle residency:  35.84%
E-Cluster down residency:   0.00%
CPU 0 frequency: 2592 MHz
CPU 0 active residency:  33.33% (1020 MHz:   0% 1404 MHz:   0% 1788 MHz:   0% 2112 MHz:   0% 2352 MHz:   0% 2532 MHz:   0% 2592 MHz:  33%)
CPU 0 idle residency:  66.67%
CPU 0 down residency:   0.00%
CPU 1 frequency: 2592 MHz
CPU 1 active residency:  15.00% (1020 MHz:   0% 1404 MHz:   0% 1788 MHz:   0% 2112 MHz:   0% 2352 MHz:   0% 2532 MHz:   0% 2592 MHz:  15%)
CPU 1 idle residency:  85.00%
CPU 1 down residency:   0.00%
CPU 2 frequency: 2592 MHz
CPU 2 active residency:   7.95% (1020 MHz:   0% 1404 MHz:   0% 1788 MHz:   0% 2112 MHz:   0% 2352 MHz:   0% 2532 MHz:   0% 2592 MHz: 8.0%)
CPU 2 idle residency:  92.05%
CPU 2 down residency:   0.00%
CPU 3 frequency: 2592 MHz
CPU 3 active residency:   4.57% (1020 MHz:   0% 1404 MHz:   0% 1788 MHz:   0% 2112 MHz:   0% 2352 MHz:   0% 2532 MHz:   0% 2592 MHz: 4.6%)
CPU 3 idle residency:  95.43%
CPU 3 down residency:   0.00%

P0-Cluster Online: 100%
P0-Cluster HW active frequency: 3984 MHz
P0-Cluster HW active residency:  98.95% (1260 MHz:   0% 1512 MHz:   0% 1800 MHz:   0% 2088 MHz:   0% 2352 MHz:   0% 2616 MHz:   0% 2868 MHz:   0% 3096 MHz:   0% 3300 MHz:   0% 3468 MHz:   0% 3624 MHz:   0% 3756 MHz:   0% 3828 MHz:   0% 3888 MHz: 7.7% 3948 MHz:  65% 3996 MHz:  12% 4044 MHz: 9.5% 4104 MHz:   0% 4416 MHz: 1.8% 4512 MHz: 3.0%)
P0-Cluster idle residency:   1.05%
P0-Cluster down residency:   0.00%
CPU 4 frequency: 4512 MHz
CPU 4 active residency:  65.68% (1260 MHz:   0% 1512 MHz:   0% 1800 MHz:   0% 2088 MHz:   0% 2352 MHz:   0% 2616 MHz:   0% 2868 MHz:   0% 3096 MHz:   0% 3300 MHz:   0% 3468 MHz:   0% 3624 MHz:   0% 3756 MHz:   0% 3828 MHz:   0% 3888 MHz:   0% 3948 MHz:   0% 3996 MHz:   0% 4044 MHz:   0% 4104 MHz:   0% 4416 MHz:   0% 4512 MHz:  66%)
CPU 4 idle residency:  34.32%
CPU 4 down residency:   0.00%
CPU 5 frequency: 4512 MHz
CPU 5 active residency:  59.72% (1260 MHz:   0% 1512 MHz:   0% 1800 MHz:   0% 2088 MHz:   0% 2352 MHz:   0% 2616 MHz:   0% 2868 MHz:   0% 3096 MHz:   0% 3300 MHz:   0% 3468 MHz:   0% 3624 MHz:   0% 3756 MHz:   0% 3828 MHz:   0% 3888 MHz:   0% 3948 MHz:   0% 3996 MHz:   0% 4044 MHz:   0% 4104 MHz:   0% 4416 MHz:   0% 4512 MHz:  60%)
CPU 5 idle residency:  40.28%
CPU 5 down residency:   0.00%
CPU 6 frequency: 4512 MHz
CPU 6 active residency:  52.01% (1260 MHz:   0% 1512 MHz:   0% 1800 MHz:   0% 2088 MHz:   0% 2352 MHz:   0% 2616 MHz:   0% 2868 MHz:   0% 3096 MHz:   0% 3300 MHz:   0% 3468 MHz:   0% 3624 MHz:   0% 3756 MHz:   0% 3828 MHz:   0% 3888 MHz:   0% 3948 MHz:   0% 3996 MHz:   0% 4044 MHz:   0% 4104 MHz:   0% 4416 MHz:   0% 4512 MHz:  52%)
CPU 6 idle residency:  47.99%
CPU 6 down residency:   0.00%
CPU 7 frequency: 4512 MHz
CPU 7 active residency:  34.04% (1260 MHz:   0% 1512 MHz:   0% 1800 MHz:   0% 2088 MHz:   0% 2352 MHz:   0% 2616 MHz:   0% 2868 MHz:   0% 3096 MHz:   0% 3300 MHz:   0% 3468 MHz:   0% 3624 MHz:   0% 3756 MHz:   0% 3828 MHz:   0% 3888 MHz:   0% 3948 MHz:   0% 3996 MHz:   0% 4044 MHz:   0% 4104 MHz:   0% 4416 MHz:   0% 4512 MHz:  34%)
CPU 7 idle residency:  65.96%
CPU 7 down residency:   0.00%
CPU 8 frequency: 4512 MHz
CPU 8 active residency:  37.72% (1260 MHz:   0% 1512 MHz:   0% 1800 MHz:   0% 2088 MHz:   0% 2352 MHz:   0% 2616 MHz:   0% 2868 MHz:   0% 3096 MHz:   0% 3300 MHz:   0% 3468 MHz:   0% 3624 MHz:   0% 3756 MHz:   0% 3828 MHz:   0% 3888 MHz:   0% 3948 MHz:   0% 3996 MHz:   0% 4044 MHz:   0% 4104 MHz:   0% 4416 MHz:   0% 4512 MHz:  38%)
CPU 8 idle residency:  62.28%
CPU 8 down residency:   0.00%
CPU 9 frequency: 4512 MHz
CPU 9 active residency:  52.84% (1260 MHz:   0% 1512 MHz:   0% 1800 MHz:   0% 2088 MHz:   0% 2352 MHz:   0% 2616 MHz:   0% 2868 MHz:   0% 3096 MHz:   0% 3300 MHz:   0% 3468 MHz:   0% 3624 MHz:   0% 3756 MHz:   0% 3828 MHz:   0% 3888 MHz:   0% 3948 MHz:   0% 3996 MHz:   0% 4044 MHz:   0% 4104 MHz:   0% 4416 MHz:   0% 4512 MHz:  53%)
CPU 9 idle residency:  47.16%
CPU 9 down residency:   0.00%

P1-Cluster HW active frequency: 1260 MHz
P1-Cluster HW active residency:   0.45% (1260 MHz: .45% 1512 MHz:   0% 1800 MHz:   0% 2088 MHz:   0% 2352 MHz:   0% 2616 MHz:   0% 2868 MHz:   0% 3096 MHz:   0% 3300 MHz:   0% 3468 MHz:   0% 3624 MHz:   0% 3756 MHz:   0% 3828 MHz:   0% 3888 MHz:   0% 3948 MHz:   0% 3996 MHz:   0% 4044 MHz:   0% 4104 MHz:   0% 4416 MHz:   0% 4512 MHz:   0%)
P1-Cluster idle residency:   1.60%
P1-Cluster down residency:  97.95%
CPU 10 frequency: 0 MHz
CPU 10 active residency:   0.00% (1260 MHz:   0% 1512 MHz:   0% 1800 MHz:   0% 2088 MHz:   0% 2352 MHz:   0% 2616 MHz:   0% 2868 MHz:   0% 3096 MHz:   0% 3300 MHz:   0% 3468 MHz:   0% 3624 MHz:   0% 3756 MHz:   0% 3828 MHz:   0% 3888 MHz:   0% 3948 MHz:   0% 3996 MHz:   0% 4044 MHz:   0% 4104 MHz:   0% 4416 MHz:   0% 4512 MHz:   0%)
CPU 10 idle residency:   1.96%
CPU 10 down residency:  98.04%
CPU 11 frequency: 0 MHz
CPU 11 active residency:   0.00% (1260 MHz:   0% 1512 MHz:   0% 1800 MHz:   0% 2088 MHz:   0% 2352 MHz:   0% 2616 MHz:   0% 2868 MHz:   0% 3096 MHz:   0% 3300 MHz:   0% 3468 MHz:   0% 3624 MHz:   0% 3756 MHz:   0% 3828 MHz:   0% 3888 MHz:   0% 3948 MHz:   0% 3996 MHz:   0% 4044 MHz:   0% 4104 MHz:   0% 4416 MHz:   0% 4512 MHz:   0%)
CPU 11 idle residency:   1.96%
CPU 11 down residency:  98.04%
CPU 12 frequency: 0 MHz
CPU 12 active residency:   0.00% (1260 MHz:   0% 1512 MHz:   0% 1800 MHz:   0% 2088 MHz:   0% 2352 MHz:   0% 2616 MHz:   0% 2868 MHz:   0% 3096 MHz:   0% 3300 MHz:   0% 3468 MHz:   0% 3624 MHz:   0% 3756 MHz:   0% 3828 MHz:   0% 3888 MHz:   0% 3948 MHz:   0% 3996 MHz:   0% 4044 MHz:   0% 4104 MHz:   0% 4416 MHz:   0% 4512 MHz:   0%)
CPU 12 idle residency:   1.96%
CPU 12 down residency:  98.04%
CPU 13 frequency: 0 MHz
CPU 13 active residency:   0.00% (1260 MHz:   0% 1512 MHz:   0% 1800 MHz:   0% 2088 MHz:   0% 2352 MHz:   0% 2616 MHz:   0% 2868 MHz:   0% 3096 MHz:   0% 3300 MHz:   0% 3468 MHz:   0% 3624 MHz:   0% 3756 MHz:   0% 3828 MHz:   0% 3888 MHz:   0% 3948 MHz:   0% 3996 MHz:   0% 4044 MHz:   0% 4104 MHz:   0% 4416 MHz:   0% 4512 MHz:   0%)
CPU 13 idle residency:   1.96%
CPU 13 down residency:  98.04%
CPU 14 frequency: 0 MHz
CPU 14 active residency:   0.00% (1260 MHz:   0% 1512 MHz:   0% 1800 MHz:   0% 2088 MHz:   0% 2352 MHz:   0% 2616 MHz:   0% 2868 MHz:   0% 3096 MHz:   0% 3300 MHz:   0% 3468 MHz:   0% 3624 MHz:   0% 3756 MHz:   0% 3828 MHz:   0% 3888 MHz:   0% 3948 MHz:   0% 3996 MHz:   0% 4044 MHz:   0% 4104 MHz:   0% 4416 MHz:   0% 4512 MHz:   0%)
CPU 14 idle residency:   1.97%
CPU 14 down residency:  98.03%
CPU 15 frequency: 0 MHz
CPU 15 active residency:   0.00% (1260 MHz:   0% 1512 MHz:   0% 1800 MHz:   0% 2088 MHz:   0% 2352 MHz:   0% 2616 MHz:   0% 2868 MHz:   0% 3096 MHz:   0% 3300 MHz:   0% 3468 MHz:   0% 3624 MHz:   0% 3756 MHz:   0% 3828 MHz:   0% 3888 MHz:   0% 3948 MHz:   0% 3996 MHz:   0% 4044 MHz:   0% 4104 MHz:   0% 4416 MHz:   0% 4512 MHz:   0%)
CPU 15 idle residency:   1.97%
CPU 15 down residency:  98.03%

CPU Power: 6598 mW
GPU Power: 27246 mW
ANE Power: 0 mW
Combined Power (CPU + GPU + ANE): 33844 mW

**** GPU usage ****

GPU HW active frequency: 1578 MHz
GPU HW active residency: 100.00% (338 MHz:   0% 618 MHz:   0% 796 MHz:   0% 924 MHz:   0% 952 MHz:   0% 1056 MHz:   0% 1062 MHz:   0% 1182 MHz:   0% 1182 MHz:   0% 1312 MHz:   0% 1242 MHz:   0% 1380 MHz:   0% 1326 MHz:   0% 1470 MHz:   0% 1578 MHz: 100%)
GPU SW requested state: (P1 :   0% P2 :   0% P3 :   0% P4 :   0% P5 :   0% P6 :   0% P7 :   0% P8 :   0% P9 :   0% P10 : 100% P11 :   0% P12 :   0% P13 :   0% P14 :   0% P15 :   0%)
GPU SW state: (SW_P1 :   0% SW_P2 :   0% SW_P3 :   0% SW_P4 :   0% SW_P5 :   0% SW_P6 :   0% SW_P7 :   0% SW_P8 :   0% SW_P9 :   0% SW_P10 : 100% SW_P11 :   0% SW_P12 :   0% SW_P13 :   0% SW_P14 :   0% SW_P15 :   0%)
GPU idle residency:   0.00%
GPU Power: 27475 mW



*** Sampled system activity (Tue Jan 20 15:10:20 2026 +0100) (1020.76ms elapsed) ***


**** Processor usage ****

E-Cluster Online: 100%
E-Cluster HW active frequency: 2592 MHz
E-Cluster HW active residency:  63.82% (1020 MHz:   0% 1404 MHz:   0% 1788 MHz:   0% 2112 MHz:   0% 2352 MHz:   0% 2532 MHz: .00% 2592 MHz:  64%)
E-Cluster idle residency:  36.18%
E-Cluster down residency:   0.00%
CPU 0 frequency: 2592 MHz
CPU 0 active residency:  32.62% (1020 MHz:   0% 1404 MHz:   0% 1788 MHz:   0% 2112 MHz:   0% 2352 MHz:   0% 2532 MHz:   0% 2592 MHz:  33%)
CPU 0 idle residency:  67.38%
CPU 0 down residency:   0.00%
CPU 1 frequency: 2592 MHz
CPU 1 active residency:  15.10% (1020 MHz:   0% 1404 MHz:   0% 1788 MHz:   0% 2112 MHz:   0% 2352 MHz:   0% 2532 MHz:   0% 2592 MHz:  15%)
CPU 1 idle residency:  84.90%
CPU 1 down residency:   0.00%
CPU 2 frequency: 2592 MHz
CPU 2 active residency:   9.09% (1020 MHz:   0% 1404 MHz:   0% 1788 MHz:   0% 2112 MHz:   0% 2352 MHz:   0% 2532 MHz:   0% 2592 MHz: 9.1%)
CPU 2 idle residency:  90.91%
CPU 2 down residency:   0.00%
CPU 3 frequency: 2592 MHz
CPU 3 active residency:   5.94% (1020 MHz:   0% 1404 MHz:   0% 1788 MHz:   0% 2112 MHz:   0% 2352 MHz:   0% 2532 MHz:   0% 2592 MHz: 5.9%)
CPU 3 idle residency:  94.06%
CPU 3 down residency:   0.00%

P0-Cluster Online: 26%
P0-Cluster HW active frequency: 3878 MHz
P0-Cluster HW active residency:  24.67% (1260 MHz: 1.1% 1512 MHz:   0% 1800 MHz:   0% 2088 MHz:   0% 2352 MHz:   0% 2616 MHz:   0% 2868 MHz:   0% 3096 MHz:   0% 3300 MHz:   0% 3468 MHz:   0% 3624 MHz:   0% 3756 MHz:   0% 3828 MHz:   0% 3888 MHz: 1.6% 3948 MHz:  17% 3996 MHz: 1.6% 4044 MHz: 1.7% 4104 MHz:   0% 4416 MHz: .78% 4512 MHz: 1.1%)
P0-Cluster idle residency:   2.03%
P0-Cluster down residency:  73.31%
CPU 4 frequency: 4491 MHz
CPU 4 active residency:  13.59% (1260 MHz: .09% 1512 MHz:   0% 1800 MHz:   0% 2088 MHz:   0% 2352 MHz:   0% 2616 MHz:   0% 2868 MHz:   0% 3096 MHz:   0% 3300 MHz:   0% 3468 MHz:   0% 3624 MHz:   0% 3756 MHz:   0% 3828 MHz:   0% 3888 MHz:   0% 3948 MHz:   0% 3996 MHz:   0% 4044 MHz:   0% 4104 MHz:   0% 4416 MHz:   0% 4512 MHz:  13%)
CPU 4 idle residency:  13.30%
CPU 4 down residency:  73.11%
CPU 5 frequency: 4491 MHz
CPU 5 active residency:  13.39% (1260 MHz: .09% 1512 MHz:   0% 1800 MHz:   0% 2088 MHz:   0% 2352 MHz:   0% 2616 MHz:   0% 2868 MHz:   0% 3096 MHz:   0% 3300 MHz:   0% 3468 MHz:   0% 3624 MHz:   0% 3756 MHz:   0% 3828 MHz:   0% 3888 MHz:   0% 3948 MHz:   0% 3996 MHz:   0% 4044 MHz:   0% 4104 MHz:   0% 4416 MHz:   0% 4512 MHz:  13%)
CPU 5 idle residency:  13.42%
CPU 5 down residency:  73.19%
CPU 6 frequency: 4489 MHz
CPU 6 active residency:  12.37% (1260 MHz: .09% 1512 MHz:   0% 1800 MHz:   0% 2088 MHz:   0% 2352 MHz:   0% 2616 MHz:   0% 2868 MHz:   0% 3096 MHz:   0% 3300 MHz:   0% 3468 MHz:   0% 3624 MHz:   0% 3756 MHz:   0% 3828 MHz:   0% 3888 MHz:   0% 3948 MHz:   0% 3996 MHz:   0% 4044 MHz:   0% 4104 MHz:   0% 4416 MHz:   0% 4512 MHz:  12%)
CPU 6 idle residency:  14.43%
CPU 6 down residency:  73.21%
CPU 7 frequency: 4471 MHz
CPU 7 active residency:   6.85% (1260 MHz: .09% 1512 MHz:   0% 1800 MHz:   0% 2088 MHz:   0% 2352 MHz:   0% 2616 MHz:   0% 2868 MHz:   0% 3096 MHz:   0% 3300 MHz:   0% 3468 MHz:   0% 3624 MHz:   0% 3756 MHz:   0% 3828 MHz:   0% 3888 MHz:   0% 3948 MHz:   0% 3996 MHz:   0% 4044 MHz:   0% 4104 MHz:   0% 4416 MHz:   0% 4512 MHz: 6.8%)
CPU 7 idle residency:  20.03%
CPU 7 down residency:  73.11%
CPU 8 frequency: 4488 MHz
CPU 8 active residency:  11.63% (1260 MHz: .09% 1512 MHz:   0% 1800 MHz:   0% 2088 MHz:   0% 2352 MHz:   0% 2616 MHz:   0% 2868 MHz:   0% 3096 MHz:   0% 3300 MHz:   0% 3468 MHz:   0% 3624 MHz:   0% 3756 MHz:   0% 3828 MHz:   0% 3888 MHz:   0% 3948 MHz:   0% 3996 MHz:   0% 4044 MHz:   0% 4104 MHz:   0% 4416 MHz:   0% 4512 MHz:  12%)
CPU 8 idle residency:  15.26%
CPU 8 down residency:  73.11%
CPU 9 frequency: 4488 MHz
CPU 9 active residency:  11.66% (1260 MHz: .09% 1512 MHz:   0% 1800 MHz:   0% 2088 MHz:   0% 2352 MHz:   0% 2616 MHz:   0% 2868 MHz:   0% 3096 MHz:   0% 3300 MHz:   0% 3468 MHz:   0% 3624 MHz:   0% 3756 MHz:   0% 3828 MHz:   0% 3888 MHz:   0% 3948 MHz:   0% 3996 MHz:   0% 4044 MHz:   0% 4104 MHz:   0% 4416 MHz:   0% 4512 MHz:  12%)
CPU 9 idle residency:  15.18%
CPU 9 down residency:  73.16%

P1-Cluster HW active frequency: 3961 MHz
P1-Cluster HW active residency:  75.88% (1260 MHz: .12% 1512 MHz:   0% 1800 MHz:   0% 2088 MHz:   0% 2352 MHz:   0% 2616 MHz:   0% 2868 MHz:   0% 3096 MHz:   0% 3300 MHz:   0% 3468 MHz:   0% 3624 MHz:   0% 3756 MHz:   0% 3828 MHz:   0% 3888 MHz: 9.1% 3948 MHz:  53% 3996 MHz: 6.3% 4044 MHz: 5.0% 4104 MHz:   0% 4416 MHz: .81% 4512 MHz: 1.2%)
P1-Cluster idle residency:   0.94%
P1-Cluster down residency:  23.18%
CPU 10 frequency: 4476 MHz
CPU 10 active residency:  51.29% (1260 MHz: .44% 1512 MHz:   0% 1800 MHz: .13% 2088 MHz: .05% 2352 MHz:   0% 2616 MHz:   0% 2868 MHz:   0% 3096 MHz:   0% 3300 MHz:   0% 3468 MHz:   0% 3624 MHz:   0% 3756 MHz:   0% 3828 MHz:   0% 3888 MHz:   0% 3948 MHz:   0% 3996 MHz:   0% 4044 MHz:   0% 4104 MHz:   0% 4416 MHz:   0% 4512 MHz:  51%)
CPU 10 idle residency:  29.90%
CPU 10 down residency:  18.80%
CPU 11 frequency: 4480 MHz
CPU 11 active residency:  49.25% (1260 MHz: .42% 1512 MHz:   0% 1800 MHz: .03% 2088 MHz: .05% 2352 MHz:   0% 2616 MHz:   0% 2868 MHz:   0% 3096 MHz:   0% 3300 MHz:   0% 3468 MHz:   0% 3624 MHz:   0% 3756 MHz:   0% 3828 MHz:   0% 3888 MHz:   0% 3948 MHz:   0% 3996 MHz:   0% 4044 MHz:   0% 4104 MHz:   0% 4416 MHz:   0% 4512 MHz:  49%)
CPU 11 idle residency:  31.24%
CPU 11 down residency:  19.50%
CPU 12 frequency: 4486 MHz
CPU 12 active residency:  55.20% (1260 MHz: .41% 1512 MHz:   0% 1800 MHz: .03% 2088 MHz: .03% 2352 MHz:   0% 2616 MHz:   0% 2868 MHz:   0% 3096 MHz:   0% 3300 MHz:   0% 3468 MHz:   0% 3624 MHz:   0% 3756 MHz:   0% 3828 MHz:   0% 3888 MHz:   0% 3948 MHz:   0% 3996 MHz:   0% 4044 MHz:   0% 4104 MHz:   0% 4416 MHz:   0% 4512 MHz:  55%)
CPU 12 idle residency:  25.72%
CPU 12 down residency:  19.08%
CPU 13 frequency: 4483 MHz
CPU 13 active residency:  60.09% (1260 MHz: .45% 1512 MHz:   0% 1800 MHz: .03% 2088 MHz: .10% 2352 MHz:   0% 2616 MHz:   0% 2868 MHz:   0% 3096 MHz:   0% 3300 MHz:   0% 3468 MHz:   0% 3624 MHz:   0% 3756 MHz:   0% 3828 MHz:   0% 3888 MHz:   0% 3948 MHz:   0% 3996 MHz:   0% 4044 MHz:   0% 4104 MHz:   0% 4416 MHz:   0% 4512 MHz:  60%)
CPU 13 idle residency:  20.04%
CPU 13 down residency:  19.87%
CPU 14 frequency: 4467 MHz
CPU 14 active residency:  33.68% (1260 MHz: .42% 1512 MHz:   0% 1800 MHz: .02% 2088 MHz: .03% 2352 MHz:   0% 2616 MHz:   0% 2868 MHz:   0% 3096 MHz:   0% 3300 MHz:   0% 3468 MHz:   0% 3624 MHz:   0% 3756 MHz:   0% 3828 MHz:   0% 3888 MHz:   0% 3948 MHz:   0% 3996 MHz:   0% 4044 MHz:   0% 4104 MHz:   0% 4416 MHz:   0% 4512 MHz:  33%)
CPU 14 idle residency:  46.40%
CPU 14 down residency:  19.93%
CPU 15 frequency: 4483 MHz
CPU 15 active residency:  58.25% (1260 MHz: .44% 1512 MHz:   0% 1800 MHz: .02% 2088 MHz: .08% 2352 MHz:   0% 2616 MHz:   0% 2868 MHz:   0% 3096 MHz:   0% 3300 MHz:   0% 3468 MHz:   0% 3624 MHz:   0% 3756 MHz:   0% 3828 MHz:   0% 3888 MHz:   0% 3948 MHz:   0% 3996 MHz:   0% 4044 MHz:   0% 4104 MHz:   0% 4416 MHz:   0% 4512 MHz:  58%)
CPU 15 idle residency:  22.13%
CPU 15 down residency:  19.62%

CPU Power: 6511 mW
GPU Power: 27294 mW
ANE Power: 0 mW
Combined Power (CPU + GPU + ANE): 33805 mW

**** GPU usage ****

GPU HW active frequency: 1578 MHz
GPU HW active residency: 100.00% (338 MHz:   0% 618 MHz:   0% 796 MHz:   0% 924 MHz:   0% 952 MHz:   0% 1056 MHz:   0% 1062 MHz:   0% 1182 MHz:   0% 1182 MHz:   0% 1312 MHz:   0% 1242 MHz:   0% 1380 MHz:   0% 1326 MHz:   0% 1470 MHz:   0% 1578 MHz: 100%)
GPU SW requested state: (P1 :   0% P2 :   0% P3 :   0% P4 :   0% P5 :   0% P6 :   0% P7 :   0% P8 :   0% P9 :   0% P10 : 100% P11 :   0% P12 :   0% P13 :   0% P14 :   0% P15 :   0%)
GPU SW state: (SW_P1 :   0% SW_P2 :   0% SW_P3 :   0% SW_P4 :   0% SW_P5 :   0% SW_P6 :   0% SW_P7 :   0% SW_P8 :   0% SW_P9 :   0% SW_P10 : 100% SW_P11 :   0% SW_P12 :   0% SW_P13 :   0% SW_P14 :   0% SW_P15 :   0%)
GPU idle residency:   0.00%
GPU Power: 27291 mW



*** Sampled system activity (Tue Jan 20 15:10:21 2026 +0100) (1019.66ms elapsed) ***


**** Processor usage ****

E-Cluster Online: 100%
E-Cluster HW active frequency: 2592 MHz
E-Cluster HW active residency:  63.45% (1020 MHz:   0% 1404 MHz:   0% 1788 MHz:   0% 2112 MHz:   0% 2352 MHz:   0% 2532 MHz: .00% 2592 MHz:  63%)
E-Cluster idle residency:  36.55%
E-Cluster down residency:   0.00%
CPU 0 frequency: 2592 MHz
CPU 0 active residency:  31.41% (1020 MHz:   0% 1404 MHz:   0% 1788 MHz:   0% 2112 MHz:   0% 2352 MHz:   0% 2532 MHz:   0% 2592 MHz:  31%)
CPU 0 idle residency:  68.59%
CPU 0 down residency:   0.00%
CPU 1 frequency: 2592 MHz
CPU 1 active residency:  16.22% (1020 MHz:   0% 1404 MHz:   0% 1788 MHz:   0% 2112 MHz:   0% 2352 MHz:   0% 2532 MHz:   0% 2592 MHz:  16%)
CPU 1 idle residency:  83.78%
CPU 1 down residency:   0.00%
CPU 2 frequency: 2592 MHz
CPU 2 active residency:   9.65% (1020 MHz:   0% 1404 MHz:   0% 1788 MHz:   0% 2112 MHz:   0% 2352 MHz:   0% 2532 MHz:   0% 2592 MHz: 9.6%)
CPU 2 idle residency:  90.35%
CPU 2 down residency:   0.00%
CPU 3 frequency: 2592 MHz
CPU 3 active residency:   6.44% (1020 MHz:   0% 1404 MHz:   0% 1788 MHz:   0% 2112 MHz:   0% 2352 MHz:   0% 2532 MHz:   0% 2592 MHz: 6.4%)
CPU 3 idle residency:  93.56%
CPU 3 down residency:   0.00%

P0-Cluster Online: 4%
P0-Cluster HW active frequency: 1924 MHz
P0-Cluster HW active residency:   1.34% (1260 MHz: .96% 1512 MHz:   0% 1800 MHz: .06% 2088 MHz:   0% 2352 MHz:   0% 2616 MHz:   0% 2868 MHz:   0% 3096 MHz: .08% 3300 MHz: .05% 3468 MHz:   0% 3624 MHz:   0% 3756 MHz:   0% 3828 MHz:   0% 3888 MHz:   0% 3948 MHz:   0% 3996 MHz:   0% 4044 MHz:   0% 4104 MHz:   0% 4416 MHz: .00% 4512 MHz: .19%)
P0-Cluster idle residency:   1.88%
P0-Cluster down residency:  96.78%
CPU 4 frequency: 0 MHz
CPU 4 active residency:   0.00% (1260 MHz:   0% 1512 MHz:   0% 1800 MHz:   0% 2088 MHz:   0% 2352 MHz:   0% 2616 MHz:   0% 2868 MHz:   0% 3096 MHz:   0% 3300 MHz:   0% 3468 MHz:   0% 3624 MHz:   0% 3756 MHz:   0% 3828 MHz:   0% 3888 MHz:   0% 3948 MHz:   0% 3996 MHz:   0% 4044 MHz:   0% 4104 MHz:   0% 4416 MHz:   0% 4512 MHz:   0%)
CPU 4 idle residency:   3.06%
CPU 4 down residency:  96.94%
CPU 5 frequency: 0 MHz
CPU 5 active residency:   0.00% (1260 MHz:   0% 1512 MHz:   0% 1800 MHz:   0% 2088 MHz:   0% 2352 MHz:   0% 2616 MHz:   0% 2868 MHz:   0% 3096 MHz:   0% 3300 MHz:   0% 3468 MHz:   0% 3624 MHz:   0% 3756 MHz:   0% 3828 MHz:   0% 3888 MHz:   0% 3948 MHz:   0% 3996 MHz:   0% 4044 MHz:   0% 4104 MHz:   0% 4416 MHz:   0% 4512 MHz:   0%)
CPU 5 idle residency:   3.07%
CPU 5 down residency:  96.93%
CPU 6 frequency: 0 MHz
CPU 6 active residency:   0.00% (1260 MHz:   0% 1512 MHz:   0% 1800 MHz:   0% 2088 MHz:   0% 2352 MHz:   0% 2616 MHz:   0% 2868 MHz:   0% 3096 MHz:   0% 3300 MHz:   0% 3468 MHz:   0% 3624 MHz:   0% 3756 MHz:   0% 3828 MHz:   0% 3888 MHz:   0% 3948 MHz:   0% 3996 MHz:   0% 4044 MHz:   0% 4104 MHz:   0% 4416 MHz:   0% 4512 MHz:   0%)
CPU 6 idle residency:   3.06%
CPU 6 down residency:  96.94%
CPU 7 frequency: 0 MHz
CPU 7 active residency:   0.00% (1260 MHz:   0% 1512 MHz:   0% 1800 MHz:   0% 2088 MHz:   0% 2352 MHz:   0% 2616 MHz:   0% 2868 MHz:   0% 3096 MHz:   0% 3300 MHz:   0% 3468 MHz:   0% 3624 MHz:   0% 3756 MHz:   0% 3828 MHz:   0% 3888 MHz:   0% 3948 MHz:   0% 3996 MHz:   0% 4044 MHz:   0% 4104 MHz:   0% 4416 MHz:   0% 4512 MHz:   0%)
CPU 7 idle residency:   3.05%
CPU 7 down residency:  96.95%
CPU 8 frequency: 0 MHz
CPU 8 active residency:   0.00% (1260 MHz:   0% 1512 MHz:   0% 1800 MHz:   0% 2088 MHz:   0% 2352 MHz:   0% 2616 MHz:   0% 2868 MHz:   0% 3096 MHz:   0% 3300 MHz:   0% 3468 MHz:   0% 3624 MHz:   0% 3756 MHz:   0% 3828 MHz:   0% 3888 MHz:   0% 3948 MHz:   0% 3996 MHz:   0% 4044 MHz:   0% 4104 MHz:   0% 4416 MHz:   0% 4512 MHz:   0%)
CPU 8 idle residency:   2.97%
CPU 8 down residency:  97.03%
CPU 9 frequency: 0 MHz
CPU 9 active residency:   0.00% (1260 MHz:   0% 1512 MHz:   0% 1800 MHz:   0% 2088 MHz:   0% 2352 MHz:   0% 2616 MHz:   0% 2868 MHz:   0% 3096 MHz:   0% 3300 MHz:   0% 3468 MHz:   0% 3624 MHz:   0% 3756 MHz:   0% 3828 MHz:   0% 3888 MHz:   0% 3948 MHz:   0% 3996 MHz:   0% 4044 MHz:   0% 4104 MHz:   0% 4416 MHz:   0% 4512 MHz:   0%)
CPU 9 idle residency:   3.03%
CPU 9 down residency:  96.97%

P1-Cluster HW active frequency: 3966 MHz
P1-Cluster HW active residency:  99.18% (1260 MHz:   0% 1512 MHz:   0% 1800 MHz:   0% 2088 MHz:   0% 2352 MHz:   0% 2616 MHz:   0% 2868 MHz:   0% 3096 MHz:   0% 3300 MHz:   0% 3468 MHz:   0% 3624 MHz:   0% 3756 MHz:   0% 3828 MHz: .00% 3888 MHz:  10% 3948 MHz:  67% 3996 MHz:  12% 4044 MHz: 8.7% 4104 MHz:   0% 4416 MHz: .79% 4512 MHz: 1.1%)
P1-Cluster idle residency:   0.82%
P1-Cluster down residency:   0.00%
CPU 10 frequency: 4512 MHz
CPU 10 active residency:  55.23% (1260 MHz:   0% 1512 MHz:   0% 1800 MHz:   0% 2088 MHz:   0% 2352 MHz:   0% 2616 MHz:   0% 2868 MHz:   0% 3096 MHz:   0% 3300 MHz:   0% 3468 MHz:   0% 3624 MHz:   0% 3756 MHz:   0% 3828 MHz:   0% 3888 MHz:   0% 3948 MHz:   0% 3996 MHz:   0% 4044 MHz:   0% 4104 MHz:   0% 4416 MHz:   0% 4512 MHz:  55%)
CPU 10 idle residency:  44.77%
CPU 10 down residency:   0.00%
CPU 11 frequency: 4512 MHz
CPU 11 active residency:  55.41% (1260 MHz:   0% 1512 MHz:   0% 1800 MHz:   0% 2088 MHz:   0% 2352 MHz:   0% 2616 MHz:   0% 2868 MHz:   0% 3096 MHz:   0% 3300 MHz:   0% 3468 MHz:   0% 3624 MHz:   0% 3756 MHz:   0% 3828 MHz:   0% 3888 MHz:   0% 3948 MHz:   0% 3996 MHz:   0% 4044 MHz:   0% 4104 MHz:   0% 4416 MHz:   0% 4512 MHz:  55%)
CPU 11 idle residency:  44.59%
CPU 11 down residency:   0.00%
CPU 12 frequency: 4512 MHz
CPU 12 active residency:  58.20% (1260 MHz:   0% 1512 MHz:   0% 1800 MHz:   0% 2088 MHz:   0% 2352 MHz:   0% 2616 MHz:   0% 2868 MHz:   0% 3096 MHz:   0% 3300 MHz:   0% 3468 MHz:   0% 3624 MHz:   0% 3756 MHz:   0% 3828 MHz:   0% 3888 MHz:   0% 3948 MHz:   0% 3996 MHz:   0% 4044 MHz:   0% 4104 MHz:   0% 4416 MHz:   0% 4512 MHz:  58%)
CPU 12 idle residency:  41.80%
CPU 12 down residency:   0.00%
CPU 13 frequency: 4512 MHz
CPU 13 active residency:  41.74% (1260 MHz:   0% 1512 MHz:   0% 1800 MHz:   0% 2088 MHz:   0% 2352 MHz:   0% 2616 MHz:   0% 2868 MHz:   0% 3096 MHz:   0% 3300 MHz:   0% 3468 MHz:   0% 3624 MHz:   0% 3756 MHz:   0% 3828 MHz:   0% 3888 MHz:   0% 3948 MHz:   0% 3996 MHz:   0% 4044 MHz:   0% 4104 MHz:   0% 4416 MHz:   0% 4512 MHz:  42%)
CPU 13 idle residency:  58.26%
CPU 13 down residency:   0.00%
CPU 14 frequency: 4512 MHz
CPU 14 active residency:  56.80% (1260 MHz:   0% 1512 MHz:   0% 1800 MHz:   0% 2088 MHz:   0% 2352 MHz:   0% 2616 MHz:   0% 2868 MHz:   0% 3096 MHz:   0% 3300 MHz:   0% 3468 MHz:   0% 3624 MHz:   0% 3756 MHz:   0% 3828 MHz:   0% 3888 MHz:   0% 3948 MHz:   0% 3996 MHz:   0% 4044 MHz:   0% 4104 MHz:   0% 4416 MHz:   0% 4512 MHz:  57%)
CPU 14 idle residency:  43.20%
CPU 14 down residency:   0.00%
CPU 15 frequency: 4512 MHz
CPU 15 active residency:  44.04% (1260 MHz:   0% 1512 MHz:   0% 1800 MHz:   0% 2088 MHz:   0% 2352 MHz:   0% 2616 MHz:   0% 2868 MHz:   0% 3096 MHz:   0% 3300 MHz:   0% 3468 MHz:   0% 3624 MHz:   0% 3756 MHz:   0% 3828 MHz:   0% 3888 MHz:   0% 3948 MHz:   0% 3996 MHz:   0% 4044 MHz:   0% 4104 MHz:   0% 4416 MHz:   0% 4512 MHz:  44%)
CPU 15 idle residency:  55.96%
CPU 15 down residency:   0.00%

CPU Power: 6496 mW
GPU Power: 27557 mW
ANE Power: 0 mW
Combined Power (CPU + GPU + ANE): 34054 mW

**** GPU usage ****

GPU HW active frequency: 1578 MHz
GPU HW active residency: 100.00% (338 MHz:   0% 618 MHz:   0% 796 MHz:   0% 924 MHz:   0% 952 MHz:   0% 1056 MHz:   0% 1062 MHz:   0% 1182 MHz:   0% 1182 MHz:   0% 1312 MHz:   0% 1242 MHz:   0% 1380 MHz:   0% 1326 MHz:   0% 1470 MHz:   0% 1578 MHz: 100%)
GPU SW requested state: (P1 :   0% P2 :   0% P3 :   0% P4 :   0% P5 :   0% P6 :   0% P7 :   0% P8 :   0% P9 :   0% P10 : 100% P11 :   0% P12 :   0% P13 :   0% P14 :   0% P15 :   0%)
GPU SW state: (SW_P1 :   0% SW_P2 :   0% SW_P3 :   0% SW_P4 :   0% SW_P5 :   0% SW_P6 :   0% SW_P7 :   0% SW_P8 :   0% SW_P9 :   0% SW_P10 : 100% SW_P11 :   0% SW_P12 :   0% SW_P13 :   0% SW_P14 :   0% SW_P15 :   0%)
GPU idle residency:   0.00%
GPU Power: 27556 mW



*** Sampled system activity (Tue Jan 20 15:10:22 2026 +0100) (1021.08ms elapsed) ***


**** Processor usage ****

E-Cluster Online: 100%
E-Cluster HW active frequency: 2592 MHz
E-Cluster HW active residency:  63.20% (1020 MHz:   0% 1404 MHz:   0% 1788 MHz:   0% 2112 MHz:   0% 2352 MHz:   0% 2532 MHz: .00% 2592 MHz:  63%)
E-Cluster idle residency:  36.80%
E-Cluster down residency:   0.00%
CPU 0 frequency: 2592 MHz
CPU 0 active residency:  29.92% (1020 MHz:   0% 1404 MHz:   0% 1788 MHz:   0% 2112 MHz:   0% 2352 MHz:   0% 2532 MHz:   0% 2592 MHz:  30%)
CPU 0 idle residency:  70.08%
CPU 0 down residency:   0.00%
CPU 1 frequency: 2592 MHz
CPU 1 active residency:  16.60% (1020 MHz:   0% 1404 MHz:   0% 1788 MHz:   0% 2112 MHz:   0% 2352 MHz:   0% 2532 MHz:   0% 2592 MHz:  17%)
CPU 1 idle residency:  83.40%
CPU 1 down residency:   0.00%
CPU 2 frequency: 2592 MHz
CPU 2 active residency:   6.83% (1020 MHz:   0% 1404 MHz:   0% 1788 MHz:   0% 2112 MHz:   0% 2352 MHz:   0% 2532 MHz:   0% 2592 MHz: 6.8%)
CPU 2 idle residency:  93.17%
CPU 2 down residency:   0.00%
CPU 3 frequency: 2592 MHz
CPU 3 active residency:   4.82% (1020 MHz:   0% 1404 MHz:   0% 1788 MHz:   0% 2112 MHz:   0% 2352 MHz:   0% 2532 MHz:   0% 2592 MHz: 4.8%)
CPU 3 idle residency:  95.18%
CPU 3 down residency:   0.00%

P0-Cluster Online: 5%
P0-Cluster HW active frequency: 1847 MHz
P0-Cluster HW active residency:   1.71% (1260 MHz: 1.1% 1512 MHz: .01% 1800 MHz: .26% 2088 MHz: .05% 2352 MHz:   0% 2616 MHz:   0% 2868 MHz:   0% 3096 MHz:   0% 3300 MHz:   0% 3468 MHz:   0% 3624 MHz:   0% 3756 MHz:   0% 3828 MHz:   0% 3888 MHz: .02% 3948 MHz: .02% 3996 MHz:   0% 4044 MHz: .02% 4104 MHz:   0% 4416 MHz: .02% 4512 MHz: .18%)
P0-Cluster idle residency:   2.66%
P0-Cluster down residency:  95.63%
CPU 4 frequency: 0 MHz
CPU 4 active residency:   0.00% (1260 MHz:   0% 1512 MHz:   0% 1800 MHz:   0% 2088 MHz:   0% 2352 MHz:   0% 2616 MHz:   0% 2868 MHz:   0% 3096 MHz:   0% 3300 MHz:   0% 3468 MHz:   0% 3624 MHz:   0% 3756 MHz:   0% 3828 MHz:   0% 3888 MHz:   0% 3948 MHz:   0% 3996 MHz:   0% 4044 MHz:   0% 4104 MHz:   0% 4416 MHz:   0% 4512 MHz:   0%)
CPU 4 idle residency:   4.13%
CPU 4 down residency:  95.87%
CPU 5 frequency: 0 MHz
CPU 5 active residency:   0.00% (1260 MHz:   0% 1512 MHz:   0% 1800 MHz:   0% 2088 MHz:   0% 2352 MHz:   0% 2616 MHz:   0% 2868 MHz:   0% 3096 MHz:   0% 3300 MHz:   0% 3468 MHz:   0% 3624 MHz:   0% 3756 MHz:   0% 3828 MHz:   0% 3888 MHz:   0% 3948 MHz:   0% 3996 MHz:   0% 4044 MHz:   0% 4104 MHz:   0% 4416 MHz:   0% 4512 MHz:   0%)
CPU 5 idle residency:   4.12%
CPU 5 down residency:  95.88%
CPU 6 frequency: 0 MHz
CPU 6 active residency:   0.00% (1260 MHz:   0% 1512 MHz:   0% 1800 MHz:   0% 2088 MHz:   0% 2352 MHz:   0% 2616 MHz:   0% 2868 MHz:   0% 3096 MHz:   0% 3300 MHz:   0% 3468 MHz:   0% 3624 MHz:   0% 3756 MHz:   0% 3828 MHz:   0% 3888 MHz:   0% 3948 MHz:   0% 3996 MHz:   0% 4044 MHz:   0% 4104 MHz:   0% 4416 MHz:   0% 4512 MHz:   0%)
CPU 6 idle residency:   4.18%
CPU 6 down residency:  95.82%
CPU 7 frequency: 0 MHz
CPU 7 active residency:   0.00% (1260 MHz:   0% 1512 MHz:   0% 1800 MHz:   0% 2088 MHz:   0% 2352 MHz:   0% 2616 MHz:   0% 2868 MHz:   0% 3096 MHz:   0% 3300 MHz:   0% 3468 MHz:   0% 3624 MHz:   0% 3756 MHz:   0% 3828 MHz:   0% 3888 MHz:   0% 3948 MHz:   0% 3996 MHz:   0% 4044 MHz:   0% 4104 MHz:   0% 4416 MHz:   0% 4512 MHz:   0%)
CPU 7 idle residency:   4.17%
CPU 7 down residency:  95.83%
CPU 8 frequency: 0 MHz
CPU 8 active residency:   0.00% (1260 MHz:   0% 1512 MHz:   0% 1800 MHz:   0% 2088 MHz:   0% 2352 MHz:   0% 2616 MHz:   0% 2868 MHz:   0% 3096 MHz:   0% 3300 MHz:   0% 3468 MHz:   0% 3624 MHz:   0% 3756 MHz:   0% 3828 MHz:   0% 3888 MHz:   0% 3948 MHz:   0% 3996 MHz:   0% 4044 MHz:   0% 4104 MHz:   0% 4416 MHz:   0% 4512 MHz:   0%)
CPU 8 idle residency:   3.90%
CPU 8 down residency:  96.10%
CPU 9 frequency: 0 MHz
CPU 9 active residency:   0.00% (1260 MHz:   0% 1512 MHz:   0% 1800 MHz:   0% 2088 MHz:   0% 2352 MHz:   0% 2616 MHz:   0% 2868 MHz:   0% 3096 MHz:   0% 3300 MHz:   0% 3468 MHz:   0% 3624 MHz:   0% 3756 MHz:   0% 3828 MHz:   0% 3888 MHz:   0% 3948 MHz:   0% 3996 MHz:   0% 4044 MHz:   0% 4104 MHz:   0% 4416 MHz:   0% 4512 MHz:   0%)
CPU 9 idle residency:   4.10%
CPU 9 down residency:  95.90%

P1-Cluster HW active frequency: 3962 MHz
P1-Cluster HW active residency:  99.14% (1260 MHz:   0% 1512 MHz:   0% 1800 MHz:   0% 2088 MHz:   0% 2352 MHz:   0% 2616 MHz:   0% 2868 MHz:   0% 3096 MHz:   0% 3300 MHz:   0% 3468 MHz:   0% 3624 MHz:   0% 3756 MHz:   0% 3828 MHz:   0% 3888 MHz: 9.9% 3948 MHz:  68% 3996 MHz:  11% 4044 MHz: 9.0% 4104 MHz:   0% 4416 MHz: .48% 4512 MHz: .66%)
P1-Cluster idle residency:   0.86%
P1-Cluster down residency:   0.00%
CPU 10 frequency: 4512 MHz
CPU 10 active residency:  56.25% (1260 MHz:   0% 1512 MHz:   0% 1800 MHz:   0% 2088 MHz:   0% 2352 MHz:   0% 2616 MHz:   0% 2868 MHz:   0% 3096 MHz:   0% 3300 MHz:   0% 3468 MHz:   0% 3624 MHz:   0% 3756 MHz:   0% 3828 MHz:   0% 3888 MHz:   0% 3948 MHz:   0% 3996 MHz:   0% 4044 MHz:   0% 4104 MHz:   0% 4416 MHz:   0% 4512 MHz:  56%)
CPU 10 idle residency:  43.75%
CPU 10 down residency:   0.00%
CPU 11 frequency: 4512 MHz
CPU 11 active residency:  64.36% (1260 MHz:   0% 1512 MHz:   0% 1800 MHz:   0% 2088 MHz:   0% 2352 MHz:   0% 2616 MHz:   0% 2868 MHz:   0% 3096 MHz:   0% 3300 MHz:   0% 3468 MHz:   0% 3624 MHz:   0% 3756 MHz:   0% 3828 MHz:   0% 3888 MHz:   0% 3948 MHz:   0% 3996 MHz:   0% 4044 MHz:   0% 4104 MHz:   0% 4416 MHz:   0% 4512 MHz:  64%)
CPU 11 idle residency:  35.64%
CPU 11 down residency:   0.00%
CPU 12 frequency: 4512 MHz
CPU 12 active residency:  63.55% (1260 MHz:   0% 1512 MHz:   0% 1800 MHz:   0% 2088 MHz:   0% 2352 MHz:   0% 2616 MHz:   0% 2868 MHz:   0% 3096 MHz:   0% 3300 MHz:   0% 3468 MHz:   0% 3624 MHz:   0% 3756 MHz:   0% 3828 MHz:   0% 3888 MHz:   0% 3948 MHz:   0% 3996 MHz:   0% 4044 MHz:   0% 4104 MHz:   0% 4416 MHz:   0% 4512 MHz:  64%)
CPU 12 idle residency:  36.45%
CPU 12 down residency:   0.00%
CPU 13 frequency: 4512 MHz
CPU 13 active residency:  53.19% (1260 MHz:   0% 1512 MHz:   0% 1800 MHz:   0% 2088 MHz:   0% 2352 MHz:   0% 2616 MHz:   0% 2868 MHz:   0% 3096 MHz:   0% 3300 MHz:   0% 3468 MHz:   0% 3624 MHz:   0% 3756 MHz:   0% 3828 MHz:   0% 3888 MHz:   0% 3948 MHz:   0% 3996 MHz:   0% 4044 MHz:   0% 4104 MHz:   0% 4416 MHz:   0% 4512 MHz:  53%)
CPU 13 idle residency:  46.81%
CPU 13 down residency:   0.00%
CPU 14 frequency: 4512 MHz
CPU 14 active residency:  40.89% (1260 MHz:   0% 1512 MHz:   0% 1800 MHz:   0% 2088 MHz:   0% 2352 MHz:   0% 2616 MHz:   0% 2868 MHz:   0% 3096 MHz:   0% 3300 MHz:   0% 3468 MHz:   0% 3624 MHz:   0% 3756 MHz:   0% 3828 MHz:   0% 3888 MHz:   0% 3948 MHz:   0% 3996 MHz:   0% 4044 MHz:   0% 4104 MHz:   0% 4416 MHz:   0% 4512 MHz:  41%)
CPU 14 idle residency:  59.11%
CPU 14 down residency:   0.00%
CPU 15 frequency: 4512 MHz
CPU 15 active residency:  34.57% (1260 MHz:   0% 1512 MHz:   0% 1800 MHz:   0% 2088 MHz:   0% 2352 MHz:   0% 2616 MHz:   0% 2868 MHz:   0% 3096 MHz:   0% 3300 MHz:   0% 3468 MHz:   0% 3624 MHz:   0% 3756 MHz:   0% 3828 MHz:   0% 3888 MHz:   0% 3948 MHz:   0% 3996 MHz:   0% 4044 MHz:   0% 4104 MHz:   0% 4416 MHz:   0% 4512 MHz:  35%)
CPU 15 idle residency:  65.43%
CPU 15 down residency:   0.00%

CPU Power: 6323 mW
GPU Power: 27384 mW
ANE Power: 0 mW
Combined Power (CPU + GPU + ANE): 33706 mW

**** GPU usage ****

GPU HW active frequency: 1578 MHz
GPU HW active residency: 100.00% (338 MHz:   0% 618 MHz:   0% 796 MHz:   0% 924 MHz:   0% 952 MHz:   0% 1056 MHz:   0% 1062 MHz:   0% 1182 MHz:   0% 1182 MHz:   0% 1312 MHz:   0% 1242 MHz:   0% 1380 MHz:   0% 1326 MHz:   0% 1470 MHz:   0% 1578 MHz: 100%)
GPU SW requested state: (P1 :   0% P2 :   0% P3 :   0% P4 :   0% P5 :   0% P6 :   0% P7 :   0% P8 :   0% P9 :   0% P10 : 100% P11 :   0% P12 :   0% P13 :   0% P14 :   0% P15 :   0%)
GPU SW state: (SW_P1 :   0% SW_P2 :   0% SW_P3 :   0% SW_P4 :   0% SW_P5 :   0% SW_P6 :   0% SW_P7 :   0% SW_P8 :   0% SW_P9 :   0% SW_P10 : 100% SW_P11 :   0% SW_P12 :   0% SW_P13 :   0% SW_P14 :   0% SW_P15 :   0%)
GPU idle residency:   0.00%
GPU Power: 27384 mW



*** Sampled system activity (Tue Jan 20 15:10:23 2026 +0100) (1020.91ms elapsed) ***


**** Processor usage ****

E-Cluster Online: 100%
E-Cluster HW active frequency: 2592 MHz
E-Cluster HW active residency:  64.73% (1020 MHz:   0% 1404 MHz:   0% 1788 MHz:   0% 2112 MHz:   0% 2352 MHz:   0% 2532 MHz: .00% 2592 MHz:  65%)
E-Cluster idle residency:  35.27%
E-Cluster down residency:   0.00%
CPU 0 frequency: 2592 MHz
CPU 0 active residency:  31.04% (1020 MHz:   0% 1404 MHz:   0% 1788 MHz:   0% 2112 MHz:   0% 2352 MHz:   0% 2532 MHz:   0% 2592 MHz:  31%)
CPU 0 idle residency:  68.96%
CPU 0 down residency:   0.00%
CPU 1 frequency: 2592 MHz
CPU 1 active residency:  15.53% (1020 MHz:   0% 1404 MHz:   0% 1788 MHz:   0% 2112 MHz:   0% 2352 MHz:   0% 2532 MHz:   0% 2592 MHz:  16%)
CPU 1 idle residency:  84.47%
CPU 1 down residency:   0.00%
CPU 2 frequency: 2592 MHz
CPU 2 active residency:   7.65% (1020 MHz:   0% 1404 MHz:   0% 1788 MHz:   0% 2112 MHz:   0% 2352 MHz:   0% 2532 MHz:   0% 2592 MHz: 7.7%)
CPU 2 idle residency:  92.35%
CPU 2 down residency:   0.00%
CPU 3 frequency: 2592 MHz
CPU 3 active residency:   5.73% (1020 MHz:   0% 1404 MHz:   0% 1788 MHz:   0% 2112 MHz:   0% 2352 MHz:   0% 2532 MHz:   0% 2592 MHz: 5.7%)
CPU 3 idle residency:  94.27%
CPU 3 down residency:   0.00%

P0-Cluster Online: 11%
P0-Cluster HW active frequency: 1633 MHz
P0-Cluster HW active residency:   3.16% (1260 MHz: 2.5% 1512 MHz:   0% 1800 MHz:   0% 2088 MHz:   0% 2352 MHz: .36% 2616 MHz:   0% 2868 MHz:   0% 3096 MHz:   0% 3300 MHz:   0% 3468 MHz: .04% 3624 MHz:   0% 3756 MHz:   0% 3828 MHz:   0% 3888 MHz: .00% 3948 MHz: .00% 3996 MHz:   0% 4044 MHz: .01% 4104 MHz:   0% 4416 MHz: .01% 4512 MHz: .19%)
P0-Cluster idle residency:   5.81%
P0-Cluster down residency:  91.03%
CPU 4 frequency: 0 MHz
CPU 4 active residency:   0.00% (1260 MHz:   0% 1512 MHz:   0% 1800 MHz:   0% 2088 MHz:   0% 2352 MHz:   0% 2616 MHz:   0% 2868 MHz:   0% 3096 MHz:   0% 3300 MHz:   0% 3468 MHz:   0% 3624 MHz:   0% 3756 MHz:   0% 3828 MHz:   0% 3888 MHz:   0% 3948 MHz:   0% 3996 MHz:   0% 4044 MHz:   0% 4104 MHz:   0% 4416 MHz:   0% 4512 MHz:   0%)
CPU 4 idle residency:   8.37%
CPU 4 down residency:  91.63%
CPU 5 frequency: 0 MHz
CPU 5 active residency:   0.00% (1260 MHz:   0% 1512 MHz:   0% 1800 MHz:   0% 2088 MHz:   0% 2352 MHz:   0% 2616 MHz:   0% 2868 MHz:   0% 3096 MHz:   0% 3300 MHz:   0% 3468 MHz:   0% 3624 MHz:   0% 3756 MHz:   0% 3828 MHz:   0% 3888 MHz:   0% 3948 MHz:   0% 3996 MHz:   0% 4044 MHz:   0% 4104 MHz:   0% 4416 MHz:   0% 4512 MHz:   0%)
CPU 5 idle residency:   8.59%
CPU 5 down residency:  91.41%
CPU 6 frequency: 0 MHz
CPU 6 active residency:   0.00% (1260 MHz:   0% 1512 MHz:   0% 1800 MHz:   0% 2088 MHz:   0% 2352 MHz:   0% 2616 MHz:   0% 2868 MHz:   0% 3096 MHz:   0% 3300 MHz:   0% 3468 MHz:   0% 3624 MHz:   0% 3756 MHz:   0% 3828 MHz:   0% 3888 MHz:   0% 3948 MHz:   0% 3996 MHz:   0% 4044 MHz:   0% 4104 MHz:   0% 4416 MHz:   0% 4512 MHz:   0%)
CPU 6 idle residency:   8.60%
CPU 6 down residency:  91.40%
CPU 7 frequency: 0 MHz
CPU 7 active residency:   0.00% (1260 MHz:   0% 1512 MHz:   0% 1800 MHz:   0% 2088 MHz:   0% 2352 MHz:   0% 2616 MHz:   0% 2868 MHz:   0% 3096 MHz:   0% 3300 MHz:   0% 3468 MHz:   0% 3624 MHz:   0% 3756 MHz:   0% 3828 MHz:   0% 3888 MHz:   0% 3948 MHz:   0% 3996 MHz:   0% 4044 MHz:   0% 4104 MHz:   0% 4416 MHz:   0% 4512 MHz:   0%)
CPU 7 idle residency:   8.60%
CPU 7 down residency:  91.40%
CPU 8 frequency: 0 MHz
CPU 8 active residency:   0.00% (1260 MHz:   0% 1512 MHz:   0% 1800 MHz:   0% 2088 MHz:   0% 2352 MHz:   0% 2616 MHz:   0% 2868 MHz:   0% 3096 MHz:   0% 3300 MHz:   0% 3468 MHz:   0% 3624 MHz:   0% 3756 MHz:   0% 3828 MHz:   0% 3888 MHz:   0% 3948 MHz:   0% 3996 MHz:   0% 4044 MHz:   0% 4104 MHz:   0% 4416 MHz:   0% 4512 MHz:   0%)
CPU 8 idle residency:   8.60%
CPU 8 down residency:  91.40%
CPU 9 frequency: 0 MHz
CPU 9 active residency:   0.00% (1260 MHz:   0% 1512 MHz:   0% 1800 MHz:   0% 2088 MHz:   0% 2352 MHz:   0% 2616 MHz:   0% 2868 MHz:   0% 3096 MHz:   0% 3300 MHz:   0% 3468 MHz:   0% 3624 MHz:   0% 3756 MHz:   0% 3828 MHz:   0% 3888 MHz:   0% 3948 MHz:   0% 3996 MHz:   0% 4044 MHz:   0% 4104 MHz:   0% 4416 MHz:   0% 4512 MHz:   0%)
CPU 9 idle residency:   8.53%
CPU 9 down residency:  91.47%

P1-Cluster HW active frequency: 3960 MHz
P1-Cluster HW active residency:  98.59% (1260 MHz: .00% 1512 MHz:   0% 1800 MHz:   0% 2088 MHz:   0% 2352 MHz:   0% 2616 MHz:   0% 2868 MHz:   0% 3096 MHz:   0% 3300 MHz:   0% 3468 MHz:   0% 3624 MHz:   0% 3756 MHz:   0% 3828 MHz:   0% 3888 MHz:  17% 3948 MHz:  58% 3996 MHz:  11% 4044 MHz:  12% 4104 MHz:   0% 4416 MHz: .45% 4512 MHz: .67%)
P1-Cluster idle residency:   1.41%
P1-Cluster down residency:   0.00%
CPU 10 frequency: 4512 MHz
CPU 10 active residency:  41.86% (1260 MHz:   0% 1512 MHz:   0% 1800 MHz:   0% 2088 MHz:   0% 2352 MHz:   0% 2616 MHz:   0% 2868 MHz:   0% 3096 MHz:   0% 3300 MHz:   0% 3468 MHz:   0% 3624 MHz:   0% 3756 MHz:   0% 3828 MHz:   0% 3888 MHz:   0% 3948 MHz:   0% 3996 MHz:   0% 4044 MHz:   0% 4104 MHz:   0% 4416 MHz:   0% 4512 MHz:  42%)
CPU 10 idle residency:  58.14%
CPU 10 down residency:   0.00%
CPU 11 frequency: 4512 MHz
CPU 11 active residency:  58.02% (1260 MHz:   0% 1512 MHz:   0% 1800 MHz:   0% 2088 MHz:   0% 2352 MHz:   0% 2616 MHz:   0% 2868 MHz:   0% 3096 MHz:   0% 3300 MHz:   0% 3468 MHz:   0% 3624 MHz:   0% 3756 MHz:   0% 3828 MHz:   0% 3888 MHz:   0% 3948 MHz:   0% 3996 MHz:   0% 4044 MHz:   0% 4104 MHz:   0% 4416 MHz:   0% 4512 MHz:  58%)
CPU 11 idle residency:  41.98%
CPU 11 down residency:   0.00%
CPU 12 frequency: 4512 MHz
CPU 12 active residency:  46.24% (1260 MHz:   0% 1512 MHz:   0% 1800 MHz:   0% 2088 MHz:   0% 2352 MHz:   0% 2616 MHz:   0% 2868 MHz:   0% 3096 MHz:   0% 3300 MHz:   0% 3468 MHz:   0% 3624 MHz:   0% 3756 MHz:   0% 3828 MHz:   0% 3888 MHz:   0% 3948 MHz:   0% 3996 MHz:   0% 4044 MHz:   0% 4104 MHz:   0% 4416 MHz:   0% 4512 MHz:  46%)
CPU 12 idle residency:  53.76%
CPU 12 down residency:   0.00%
CPU 13 frequency: 4512 MHz
CPU 13 active residency:  60.75% (1260 MHz: .00% 1512 MHz:   0% 1800 MHz:   0% 2088 MHz:   0% 2352 MHz:   0% 2616 MHz:   0% 2868 MHz:   0% 3096 MHz:   0% 3300 MHz:   0% 3468 MHz:   0% 3624 MHz:   0% 3756 MHz:   0% 3828 MHz:   0% 3888 MHz:   0% 3948 MHz:   0% 3996 MHz:   0% 4044 MHz:   0% 4104 MHz:   0% 4416 MHz:   0% 4512 MHz:  61%)
CPU 13 idle residency:  39.25%
CPU 13 down residency:   0.00%
CPU 14 frequency: 4512 MHz
CPU 14 active residency:  50.20% (1260 MHz:   0% 1512 MHz:   0% 1800 MHz:   0% 2088 MHz:   0% 2352 MHz:   0% 2616 MHz:   0% 2868 MHz:   0% 3096 MHz:   0% 3300 MHz:   0% 3468 MHz:   0% 3624 MHz:   0% 3756 MHz:   0% 3828 MHz:   0% 3888 MHz:   0% 3948 MHz:   0% 3996 MHz:   0% 4044 MHz:   0% 4104 MHz:   0% 4416 MHz:   0% 4512 MHz:  50%)
CPU 14 idle residency:  49.80%
CPU 14 down residency:   0.00%
CPU 15 frequency: 4512 MHz
CPU 15 active residency:  58.21% (1260 MHz:   0% 1512 MHz:   0% 1800 MHz:   0% 2088 MHz:   0% 2352 MHz:   0% 2616 MHz:   0% 2868 MHz:   0% 3096 MHz:   0% 3300 MHz:   0% 3468 MHz:   0% 3624 MHz:   0% 3756 MHz:   0% 3828 MHz:   0% 3888 MHz:   0% 3948 MHz:   0% 3996 MHz:   0% 4044 MHz:   0% 4104 MHz:   0% 4416 MHz:   0% 4512 MHz:  58%)
CPU 15 idle residency:  41.79%
CPU 15 down residency:   0.00%

CPU Power: 6558 mW
GPU Power: 27542 mW
ANE Power: 0 mW
Combined Power (CPU + GPU + ANE): 34100 mW

**** GPU usage ****

GPU HW active frequency: 1578 MHz
GPU HW active residency: 100.00% (338 MHz:   0% 618 MHz:   0% 796 MHz:   0% 924 MHz:   0% 952 MHz:   0% 1056 MHz:   0% 1062 MHz:   0% 1182 MHz:   0% 1182 MHz:   0% 1312 MHz:   0% 1242 MHz:   0% 1380 MHz:   0% 1326 MHz:   0% 1470 MHz:   0% 1578 MHz: 100%)
GPU SW requested state: (P1 :   0% P2 :   0% P3 :   0% P4 :   0% P5 :   0% P6 :   0% P7 :   0% P8 :   0% P9 :   0% P10 : 100% P11 :   0% P12 :   0% P13 :   0% P14 :   0% P15 :   0%)
GPU SW state: (SW_P1 :   0% SW_P2 :   0% SW_P3 :   0% SW_P4 :   0% SW_P5 :   0% SW_P6 :   0% SW_P7 :   0% SW_P8 :   0% SW_P9 :   0% SW_P10 : 100% SW_P11 :   0% SW_P12 :   0% SW_P13 :   0% SW_P14 :   0% SW_P15 :   0%)
GPU idle residency:   0.00%
GPU Power: 27544 mW



*** Sampled system activity (Tue Jan 20 15:10:24 2026 +0100) (1020.60ms elapsed) ***


**** Processor usage ****

E-Cluster Online: 100%
E-Cluster HW active frequency: 2592 MHz
E-Cluster HW active residency:  63.17% (1020 MHz:   0% 1404 MHz:   0% 1788 MHz:   0% 2112 MHz:   0% 2352 MHz:   0% 2532 MHz: .00% 2592 MHz:  63%)
E-Cluster idle residency:  36.83%
E-Cluster down residency:   0.00%
CPU 0 frequency: 2592 MHz
CPU 0 active residency:  30.34% (1020 MHz:   0% 1404 MHz:   0% 1788 MHz:   0% 2112 MHz:   0% 2352 MHz:   0% 2532 MHz:   0% 2592 MHz:  30%)
CPU 0 idle residency:  69.66%
CPU 0 down residency:   0.00%
CPU 1 frequency: 2592 MHz
CPU 1 active residency:  16.19% (1020 MHz:   0% 1404 MHz:   0% 1788 MHz:   0% 2112 MHz:   0% 2352 MHz:   0% 2532 MHz:   0% 2592 MHz:  16%)
CPU 1 idle residency:  83.81%
CPU 1 down residency:   0.00%
CPU 2 frequency: 2592 MHz
CPU 2 active residency:   8.55% (1020 MHz:   0% 1404 MHz:   0% 1788 MHz:   0% 2112 MHz:   0% 2352 MHz:   0% 2532 MHz:   0% 2592 MHz: 8.5%)
CPU 2 idle residency:  91.45%
CPU 2 down residency:   0.00%
CPU 3 frequency: 2592 MHz
CPU 3 active residency:   5.05% (1020 MHz:   0% 1404 MHz:   0% 1788 MHz:   0% 2112 MHz:   0% 2352 MHz:   0% 2532 MHz:   0% 2592 MHz: 5.0%)
CPU 3 idle residency:  94.95%
CPU 3 down residency:   0.00%

P0-Cluster Online: 38%
P0-Cluster HW active frequency: 3704 MHz
P0-Cluster HW active residency:  27.87% (1260 MHz: 3.1% 1512 MHz:   0% 1800 MHz:   0% 2088 MHz: .03% 2352 MHz: .07% 2616 MHz: .05% 2868 MHz:   0% 3096 MHz:   0% 3300 MHz:   0% 3468 MHz:   0% 3624 MHz:   0% 3756 MHz:   0% 3828 MHz:   0% 3888 MHz: .85% 3948 MHz:  15% 3996 MHz: 2.5% 4044 MHz: 4.0% 4104 MHz:   0% 4416 MHz: .85% 4512 MHz: 1.6%)
P0-Cluster idle residency:   7.64%
P0-Cluster down residency:  64.49%
CPU 4 frequency: 4291 MHz
CPU 4 active residency:  15.37% (1260 MHz: .78% 1512 MHz: .00% 1800 MHz: .00% 2088 MHz: .02% 2352 MHz: .31% 2616 MHz: .04% 2868 MHz:   0% 3096 MHz:   0% 3300 MHz: .02% 3468 MHz:   0% 3624 MHz:   0% 3756 MHz:   0% 3828 MHz:   0% 3888 MHz:   0% 3948 MHz:   0% 3996 MHz:   0% 4044 MHz:   0% 4104 MHz:   0% 4416 MHz:   0% 4512 MHz:  14%)
CPU 4 idle residency:  20.79%
CPU 4 down residency:  63.84%
CPU 5 frequency: 4189 MHz
CPU 5 active residency:   8.65% (1260 MHz: .72% 1512 MHz: .01% 1800 MHz: .04% 2088 MHz: .01% 2352 MHz: .12% 2616 MHz: .01% 2868 MHz:   0% 3096 MHz:   0% 3300 MHz: .02% 3468 MHz:   0% 3624 MHz:   0% 3756 MHz:   0% 3828 MHz:   0% 3888 MHz:   0% 3948 MHz:   0% 3996 MHz:   0% 4044 MHz:   0% 4104 MHz:   0% 4416 MHz:   0% 4512 MHz: 7.7%)
CPU 5 idle residency:  27.37%
CPU 5 down residency:  63.98%
CPU 6 frequency: 4124 MHz
CPU 6 active residency:   6.85% (1260 MHz: .72% 1512 MHz:   0% 1800 MHz: .01% 2088 MHz: .01% 2352 MHz: .12% 2616 MHz: .00% 2868 MHz:   0% 3096 MHz:   0% 3300 MHz: .02% 3468 MHz:   0% 3624 MHz:   0% 3756 MHz:   0% 3828 MHz:   0% 3888 MHz:   0% 3948 MHz:   0% 3996 MHz:   0% 4044 MHz:   0% 4104 MHz:   0% 4416 MHz:   0% 4512 MHz: 6.0%)
CPU 6 idle residency:  29.12%
CPU 6 down residency:  64.02%
CPU 7 frequency: 4166 MHz
CPU 7 active residency:   7.58% (1260 MHz: .71% 1512 MHz:   0% 1800 MHz: .00% 2088 MHz: .01% 2352 MHz: .12% 2616 MHz:   0% 2868 MHz:   0% 3096 MHz:   0% 3300 MHz: .02% 3468 MHz:   0% 3624 MHz:   0% 3756 MHz:   0% 3828 MHz:   0% 3888 MHz:   0% 3948 MHz:   0% 3996 MHz:   0% 4044 MHz:   0% 4104 MHz:   0% 4416 MHz:   0% 4512 MHz: 6.7%)
CPU 7 idle residency:  28.42%
CPU 7 down residency:  64.01%
CPU 8 frequency: 4267 MHz
CPU 8 active residency:  15.12% (1260 MHz: .74% 1512 MHz: .01% 1800 MHz: .25% 2088 MHz: .04% 2352 MHz: .13% 2616 MHz: .04% 2868 MHz:   0% 3096 MHz: .08% 3300 MHz: .02% 3468 MHz: .00% 3624 MHz:   0% 3756 MHz:   0% 3828 MHz:   0% 3888 MHz:   0% 3948 MHz:   0% 3996 MHz:   0% 4044 MHz:   0% 4104 MHz:   0% 4416 MHz:   0% 4512 MHz:  14%)
CPU 8 idle residency:  21.07%
CPU 8 down residency:  63.80%
CPU 9 frequency: 4308 MHz
CPU 9 active residency:  13.80% (1260 MHz: .73% 1512 MHz:   0% 1800 MHz: .00% 2088 MHz: .02% 2352 MHz: .13% 2616 MHz: .04% 2868 MHz:   0% 3096 MHz:   0% 3300 MHz: .02% 3468 MHz: .00% 3624 MHz:   0% 3756 MHz:   0% 3828 MHz:   0% 3888 MHz:   0% 3948 MHz:   0% 3996 MHz:   0% 4044 MHz:   0% 4104 MHz:   0% 4416 MHz:   0% 4512 MHz:  13%)
CPU 9 idle residency:  22.25%
CPU 9 down residency:  63.95%

P1-Cluster HW active frequency: 3950 MHz
P1-Cluster HW active residency:  75.82% (1260 MHz:   0% 1512 MHz:   0% 1800 MHz:   0% 2088 MHz:   0% 2352 MHz:   0% 2616 MHz:   0% 2868 MHz:   0% 3096 MHz:   0% 3300 MHz:   0% 3468 MHz:   0% 3624 MHz:   0% 3756 MHz:   0% 3828 MHz: .00% 3888 MHz:  11% 3948 MHz:  53% 3996 MHz: 7.6% 4044 MHz: 4.5% 4104 MHz:   0% 4416 MHz: .03% 4512 MHz: .02%)
P1-Cluster idle residency:   0.24%
P1-Cluster down residency:  23.94%
CPU 10 frequency: 4512 MHz
CPU 10 active residency:  47.67% (1260 MHz:   0% 1512 MHz:   0% 1800 MHz:   0% 2088 MHz:   0% 2352 MHz:   0% 2616 MHz:   0% 2868 MHz:   0% 3096 MHz:   0% 3300 MHz:   0% 3468 MHz:   0% 3624 MHz:   0% 3756 MHz:   0% 3828 MHz:   0% 3888 MHz:   0% 3948 MHz:   0% 3996 MHz:   0% 4044 MHz:   0% 4104 MHz:   0% 4416 MHz:   0% 4512 MHz:  48%)
CPU 10 idle residency:  26.89%
CPU 10 down residency:  25.43%
CPU 11 frequency: 4512 MHz
CPU 11 active residency:  33.98% (1260 MHz:   0% 1512 MHz:   0% 1800 MHz:   0% 2088 MHz:   0% 2352 MHz:   0% 2616 MHz:   0% 2868 MHz:   0% 3096 MHz:   0% 3300 MHz:   0% 3468 MHz:   0% 3624 MHz:   0% 3756 MHz:   0% 3828 MHz:   0% 3888 MHz:   0% 3948 MHz:   0% 3996 MHz:   0% 4044 MHz:   0% 4104 MHz:   0% 4416 MHz:   0% 4512 MHz:  34%)
CPU 11 idle residency:  41.48%
CPU 11 down residency:  24.54%
CPU 12 frequency: 4512 MHz
CPU 12 active residency:  46.32% (1260 MHz:   0% 1512 MHz:   0% 1800 MHz:   0% 2088 MHz:   0% 2352 MHz:   0% 2616 MHz:   0% 2868 MHz:   0% 3096 MHz:   0% 3300 MHz:   0% 3468 MHz:   0% 3624 MHz:   0% 3756 MHz:   0% 3828 MHz:   0% 3888 MHz:   0% 3948 MHz:   0% 3996 MHz:   0% 4044 MHz:   0% 4104 MHz:   0% 4416 MHz:   0% 4512 MHz:  46%)
CPU 12 idle residency:  28.25%
CPU 12 down residency:  25.43%
CPU 13 frequency: 4512 MHz
CPU 13 active residency:  45.48% (1260 MHz:   0% 1512 MHz:   0% 1800 MHz:   0% 2088 MHz:   0% 2352 MHz:   0% 2616 MHz:   0% 2868 MHz:   0% 3096 MHz:   0% 3300 MHz:   0% 3468 MHz:   0% 3624 MHz:   0% 3756 MHz:   0% 3828 MHz:   0% 3888 MHz:   0% 3948 MHz:   0% 3996 MHz:   0% 4044 MHz:   0% 4104 MHz:   0% 4416 MHz:   0% 4512 MHz:  45%)
CPU 13 idle residency:  30.40%
CPU 13 down residency:  24.12%
CPU 14 frequency: 4512 MHz
CPU 14 active residency:  39.75% (1260 MHz:   0% 1512 MHz:   0% 1800 MHz:   0% 2088 MHz:   0% 2352 MHz:   0% 2616 MHz:   0% 2868 MHz:   0% 3096 MHz:   0% 3300 MHz:   0% 3468 MHz:   0% 3624 MHz:   0% 3756 MHz:   0% 3828 MHz:   0% 3888 MHz:   0% 3948 MHz:   0% 3996 MHz:   0% 4044 MHz:   0% 4104 MHz:   0% 4416 MHz:   0% 4512 MHz:  40%)
CPU 14 idle residency:  34.98%
CPU 14 down residency:  25.27%
CPU 15 frequency: 4512 MHz
CPU 15 active residency:  36.06% (1260 MHz:   0% 1512 MHz:   0% 1800 MHz:   0% 2088 MHz:   0% 2352 MHz:   0% 2616 MHz:   0% 2868 MHz:   0% 3096 MHz:   0% 3300 MHz:   0% 3468 MHz:   0% 3624 MHz:   0% 3756 MHz:   0% 3828 MHz:   0% 3888 MHz:   0% 3948 MHz:   0% 3996 MHz:   0% 4044 MHz:   0% 4104 MHz:   0% 4416 MHz:   0% 4512 MHz:  36%)
CPU 15 idle residency:  39.93%
CPU 15 down residency:  24.01%

CPU Power: 6439 mW
GPU Power: 26647 mW
ANE Power: 0 mW
Combined Power (CPU + GPU + ANE): 33086 mW

**** GPU usage ****

GPU HW active frequency: 1563 MHz
GPU HW active residency: 100.00% (338 MHz:   0% 618 MHz:   0% 796 MHz:   0% 924 MHz:   0% 952 MHz:   0% 1056 MHz:   0% 1062 MHz:   0% 1182 MHz:   0% 1182 MHz:   0% 1312 MHz:   0% 1242 MHz:   0% 1380 MHz:   0% 1326 MHz:   0% 1470 MHz:  14% 1578 MHz:  86%)
GPU SW requested state: (P1 :   0% P2 :   0% P3 :   0% P4 :   0% P5 :   0% P6 :   0% P7 :   0% P8 :   0% P9 :   0% P10 : 100% P11 :   0% P12 :   0% P13 :   0% P14 :   0% P15 :   0%)
GPU SW state: (SW_P1 :   0% SW_P2 :   0% SW_P3 :   0% SW_P4 :   0% SW_P5 :   0% SW_P6 :   0% SW_P7 :   0% SW_P8 :   0% SW_P9 :  14% SW_P10 :  86% SW_P11 :   0% SW_P12 :   0% SW_P13 :   0% SW_P14 :   0% SW_P15 :   0%)
GPU idle residency:   0.00%
GPU Power: 26623 mW



*** Sampled system activity (Tue Jan 20 15:10:25 2026 +0100) (1020.15ms elapsed) ***


**** Processor usage ****

E-Cluster Online: 100%
E-Cluster HW active frequency: 2592 MHz
E-Cluster HW active residency:  63.94% (1020 MHz:   0% 1404 MHz:   0% 1788 MHz:   0% 2112 MHz:   0% 2352 MHz:   0% 2532 MHz: .00% 2592 MHz:  64%)
E-Cluster idle residency:  36.06%
E-Cluster down residency:   0.00%
CPU 0 frequency: 2592 MHz
CPU 0 active residency:  30.94% (1020 MHz:   0% 1404 MHz:   0% 1788 MHz:   0% 2112 MHz:   0% 2352 MHz:   0% 2532 MHz:   0% 2592 MHz:  31%)
CPU 0 idle residency:  69.06%
CPU 0 down residency:   0.00%
CPU 1 frequency: 2592 MHz
CPU 1 active residency:  16.14% (1020 MHz:   0% 1404 MHz:   0% 1788 MHz:   0% 2112 MHz:   0% 2352 MHz:   0% 2532 MHz:   0% 2592 MHz:  16%)
CPU 1 idle residency:  83.86%
CPU 1 down residency:   0.00%
CPU 2 frequency: 2592 MHz
CPU 2 active residency:   8.68% (1020 MHz:   0% 1404 MHz:   0% 1788 MHz:   0% 2112 MHz:   0% 2352 MHz:   0% 2532 MHz:   0% 2592 MHz: 8.7%)
CPU 2 idle residency:  91.32%
CPU 2 down residency:   0.00%
CPU 3 frequency: 2592 MHz
CPU 3 active residency:   4.34% (1020 MHz:   0% 1404 MHz:   0% 1788 MHz:   0% 2112 MHz:   0% 2352 MHz:   0% 2532 MHz:   0% 2592 MHz: 4.3%)
CPU 3 idle residency:  95.66%
CPU 3 down residency:   0.00%

P0-Cluster Online: 100%
P0-Cluster HW active frequency: 3963 MHz
P0-Cluster HW active residency:  99.13% (1260 MHz:   0% 1512 MHz:   0% 1800 MHz:   0% 2088 MHz:   0% 2352 MHz:   0% 2616 MHz:   0% 2868 MHz:   0% 3096 MHz:   0% 3300 MHz:   0% 3468 MHz:   0% 3624 MHz:   0% 3756 MHz:   0% 3828 MHz:   0% 3888 MHz:  13% 3948 MHz:  68% 3996 MHz: 8.4% 4044 MHz: 6.9% 4104 MHz:   0% 4416 MHz: 1.0% 4512 MHz: 1.4%)
P0-Cluster idle residency:   0.87%
P0-Cluster down residency:   0.00%
CPU 4 frequency: 4512 MHz
CPU 4 active residency:  56.68% (1260 MHz:   0% 1512 MHz:   0% 1800 MHz:   0% 2088 MHz:   0% 2352 MHz:   0% 2616 MHz:   0% 2868 MHz:   0% 3096 MHz:   0% 3300 MHz:   0% 3468 MHz:   0% 3624 MHz:   0% 3756 MHz:   0% 3828 MHz:   0% 3888 MHz:   0% 3948 MHz:   0% 3996 MHz:   0% 4044 MHz:   0% 4104 MHz:   0% 4416 MHz:   0% 4512 MHz:  57%)
CPU 4 idle residency:  43.32%
CPU 4 down residency:   0.00%
CPU 5 frequency: 4512 MHz
CPU 5 active residency:  66.17% (1260 MHz:   0% 1512 MHz:   0% 1800 MHz:   0% 2088 MHz:   0% 2352 MHz:   0% 2616 MHz:   0% 2868 MHz:   0% 3096 MHz:   0% 3300 MHz:   0% 3468 MHz:   0% 3624 MHz:   0% 3756 MHz:   0% 3828 MHz:   0% 3888 MHz:   0% 3948 MHz:   0% 3996 MHz:   0% 4044 MHz:   0% 4104 MHz:   0% 4416 MHz:   0% 4512 MHz:  66%)
CPU 5 idle residency:  33.83%
CPU 5 down residency:   0.00%
CPU 6 frequency: 4512 MHz
CPU 6 active residency:  41.48% (1260 MHz:   0% 1512 MHz:   0% 1800 MHz:   0% 2088 MHz:   0% 2352 MHz:   0% 2616 MHz:   0% 2868 MHz:   0% 3096 MHz:   0% 3300 MHz:   0% 3468 MHz:   0% 3624 MHz:   0% 3756 MHz:   0% 3828 MHz:   0% 3888 MHz:   0% 3948 MHz:   0% 3996 MHz:   0% 4044 MHz:   0% 4104 MHz:   0% 4416 MHz:   0% 4512 MHz:  41%)
CPU 6 idle residency:  58.52%
CPU 6 down residency:   0.00%
CPU 7 frequency: 4512 MHz
CPU 7 active residency:  54.58% (1260 MHz:   0% 1512 MHz:   0% 1800 MHz:   0% 2088 MHz:   0% 2352 MHz:   0% 2616 MHz:   0% 2868 MHz:   0% 3096 MHz:   0% 3300 MHz:   0% 3468 MHz:   0% 3624 MHz:   0% 3756 MHz:   0% 3828 MHz:   0% 3888 MHz:   0% 3948 MHz:   0% 3996 MHz:   0% 4044 MHz:   0% 4104 MHz:   0% 4416 MHz:   0% 4512 MHz:  55%)
CPU 7 idle residency:  45.42%
CPU 7 down residency:   0.00%
CPU 8 frequency: 4512 MHz
CPU 8 active residency:  66.34% (1260 MHz:   0% 1512 MHz:   0% 1800 MHz:   0% 2088 MHz:   0% 2352 MHz:   0% 2616 MHz:   0% 2868 MHz:   0% 3096 MHz:   0% 3300 MHz:   0% 3468 MHz:   0% 3624 MHz:   0% 3756 MHz:   0% 3828 MHz:   0% 3888 MHz:   0% 3948 MHz:   0% 3996 MHz:   0% 4044 MHz:   0% 4104 MHz:   0% 4416 MHz:   0% 4512 MHz:  66%)
CPU 8 idle residency:  33.66%
CPU 8 down residency:   0.00%
CPU 9 frequency: 4512 MHz
CPU 9 active residency:  42.78% (1260 MHz:   0% 1512 MHz:   0% 1800 MHz:   0% 2088 MHz:   0% 2352 MHz:   0% 2616 MHz:   0% 2868 MHz:   0% 3096 MHz:   0% 3300 MHz:   0% 3468 MHz:   0% 3624 MHz:   0% 3756 MHz:   0% 3828 MHz:   0% 3888 MHz:   0% 3948 MHz:   0% 3996 MHz:   0% 4044 MHz:   0% 4104 MHz:   0% 4416 MHz:   0% 4512 MHz:  43%)
CPU 9 idle residency:  57.22%
CPU 9 down residency:   0.00%

P1-Cluster HW active frequency: 1580 MHz
P1-Cluster HW active residency:   1.63% (1260 MHz: 1.4% 1512 MHz:   0% 1800 MHz:   0% 2088 MHz:   0% 2352 MHz:   0% 2616 MHz:   0% 2868 MHz:   0% 3096 MHz:   0% 3300 MHz:   0% 3468 MHz:   0% 3624 MHz:   0% 3756 MHz:   0% 3828 MHz:   0% 3888 MHz: .00% 3948 MHz: .00% 3996 MHz:   0% 4044 MHz: .18% 4104 MHz:   0% 4416 MHz:   0% 4512 MHz:   0%)
P1-Cluster idle residency:   3.22%
P1-Cluster down residency:  95.14%
CPU 10 frequency: 4440 MHz
CPU 10 active residency:   5.00% (1260 MHz: .11% 1512 MHz:   0% 1800 MHz:   0% 2088 MHz:   0% 2352 MHz:   0% 2616 MHz:   0% 2868 MHz:   0% 3096 MHz:   0% 3300 MHz:   0% 3468 MHz:   0% 3624 MHz:   0% 3756 MHz:   0% 3828 MHz:   0% 3888 MHz:   0% 3948 MHz:   0% 3996 MHz:   0% 4044 MHz:   0% 4104 MHz:   0% 4416 MHz:   0% 4512 MHz: 4.9%)
CPU 10 idle residency:   4.36%
CPU 10 down residency:  90.64%
CPU 11 frequency: 4347 MHz
CPU 11 active residency:   2.16% (1260 MHz: .11% 1512 MHz:   0% 1800 MHz:   0% 2088 MHz:   0% 2352 MHz:   0% 2616 MHz:   0% 2868 MHz:   0% 3096 MHz:   0% 3300 MHz:   0% 3468 MHz:   0% 3624 MHz:   0% 3756 MHz:   0% 3828 MHz:   0% 3888 MHz:   0% 3948 MHz:   0% 3996 MHz:   0% 4044 MHz:   0% 4104 MHz:   0% 4416 MHz:   0% 4512 MHz: 2.0%)
CPU 11 idle residency:   4.51%
CPU 11 down residency:  93.33%
CPU 12 frequency: 4448 MHz
CPU 12 active residency:   5.37% (1260 MHz: .11% 1512 MHz:   0% 1800 MHz:   0% 2088 MHz:   0% 2352 MHz:   0% 2616 MHz:   0% 2868 MHz:   0% 3096 MHz:   0% 3300 MHz:   0% 3468 MHz:   0% 3624 MHz:   0% 3756 MHz:   0% 3828 MHz:   0% 3888 MHz:   0% 3948 MHz:   0% 3996 MHz:   0% 4044 MHz:   0% 4104 MHz:   0% 4416 MHz:   0% 4512 MHz: 5.3%)
CPU 12 idle residency:   4.34%
CPU 12 down residency:  90.29%
CPU 13 frequency: 3911 MHz
CPU 13 active residency:   0.60% (1260 MHz: .11% 1512 MHz:   0% 1800 MHz:   0% 2088 MHz:   0% 2352 MHz:   0% 2616 MHz:   0% 2868 MHz:   0% 3096 MHz:   0% 3300 MHz:   0% 3468 MHz:   0% 3624 MHz:   0% 3756 MHz:   0% 3828 MHz:   0% 3888 MHz:   0% 3948 MHz:   0% 3996 MHz:   0% 4044 MHz:   0% 4104 MHz:   0% 4416 MHz:   0% 4512 MHz: .49%)
CPU 13 idle residency:   4.58%
CPU 13 down residency:  94.82%
CPU 14 frequency: 4441 MHz
CPU 14 active residency:   4.90% (1260 MHz: .11% 1512 MHz:   0% 1800 MHz:   0% 2088 MHz:   0% 2352 MHz:   0% 2616 MHz:   0% 2868 MHz:   0% 3096 MHz:   0% 3300 MHz:   0% 3468 MHz:   0% 3624 MHz:   0% 3756 MHz:   0% 3828 MHz:   0% 3888 MHz:   0% 3948 MHz:   0% 3996 MHz:   0% 4044 MHz:   0% 4104 MHz:   0% 4416 MHz:   0% 4512 MHz: 4.8%)
CPU 14 idle residency:   4.38%
CPU 14 down residency:  90.72%
CPU 15 frequency: 2443 MHz
CPU 15 active residency:   0.18% (1260 MHz: .11% 1512 MHz:   0% 1800 MHz:   0% 2088 MHz:   0% 2352 MHz:   0% 2616 MHz:   0% 2868 MHz:   0% 3096 MHz:   0% 3300 MHz:   0% 3468 MHz:   0% 3624 MHz:   0% 3756 MHz:   0% 3828 MHz:   0% 3888 MHz:   0% 3948 MHz:   0% 3996 MHz:   0% 4044 MHz:   0% 4104 MHz:   0% 4416 MHz:   0% 4512 MHz: .06%)
CPU 15 idle residency:   4.60%
CPU 15 down residency:  95.23%

CPU Power: 6735 mW
GPU Power: 23419 mW
ANE Power: 0 mW
Combined Power (CPU + GPU + ANE): 30154 mW

**** GPU usage ****

GPU HW active frequency: 1502 MHz
GPU HW active residency: 100.00% (338 MHz:   0% 618 MHz:   0% 796 MHz:   0% 924 MHz:   0% 952 MHz:   0% 1056 MHz:   0% 1062 MHz:   0% 1182 MHz:   0% 1182 MHz:   0% 1312 MHz:   0% 1242 MHz:   0% 1380 MHz: 2.8% 1326 MHz:   0% 1470 MHz:  65% 1578 MHz:  32%)
GPU SW requested state: (P1 :   0% P2 :   0% P3 :   0% P4 :   0% P5 :   0% P6 :   0% P7 :   0% P8 :   0% P9 :   0% P10 : 100% P11 :   0% P12 :   0% P13 :   0% P14 :   0% P15 :   0%)
GPU SW state: (SW_P1 :   0% SW_P2 :   0% SW_P3 :   0% SW_P4 :   0% SW_P5 :   0% SW_P6 :   0% SW_P7 :   0% SW_P8 : 2.8% SW_P9 :  65% SW_P10 :  32% SW_P11 :   0% SW_P12 :   0% SW_P13 :   0% SW_P14 :   0% SW_P15 :   0%)
GPU idle residency:   0.00%
GPU Power: 23381 mW



*** Sampled system activity (Tue Jan 20 15:10:26 2026 +0100) (1019.86ms elapsed) ***


**** Processor usage ****

E-Cluster Online: 100%
E-Cluster HW active frequency: 2592 MHz
E-Cluster HW active residency:  65.76% (1020 MHz:   0% 1404 MHz:   0% 1788 MHz:   0% 2112 MHz:   0% 2352 MHz:   0% 2532 MHz: .00% 2592 MHz:  66%)
E-Cluster idle residency:  34.24%
E-Cluster down residency:   0.00%
CPU 0 frequency: 2592 MHz
CPU 0 active residency:  35.51% (1020 MHz:   0% 1404 MHz:   0% 1788 MHz:   0% 2112 MHz:   0% 2352 MHz:   0% 2532 MHz:   0% 2592 MHz:  36%)
CPU 0 idle residency:  64.49%
CPU 0 down residency:   0.00%
CPU 1 frequency: 2592 MHz
CPU 1 active residency:  19.34% (1020 MHz:   0% 1404 MHz:   0% 1788 MHz:   0% 2112 MHz:   0% 2352 MHz:   0% 2532 MHz:   0% 2592 MHz:  19%)
CPU 1 idle residency:  80.66%
CPU 1 down residency:   0.00%
CPU 2 frequency: 2592 MHz
CPU 2 active residency:  14.09% (1020 MHz:   0% 1404 MHz:   0% 1788 MHz:   0% 2112 MHz:   0% 2352 MHz:   0% 2532 MHz:   0% 2592 MHz:  14%)
CPU 2 idle residency:  85.91%
CPU 2 down residency:   0.00%
CPU 3 frequency: 2592 MHz
CPU 3 active residency:   8.82% (1020 MHz:   0% 1404 MHz:   0% 1788 MHz:   0% 2112 MHz:   0% 2352 MHz:   0% 2532 MHz:   0% 2592 MHz: 8.8%)
CPU 3 idle residency:  91.18%
CPU 3 down residency:   0.00%

P0-Cluster Online: 100%
P0-Cluster HW active frequency: 3963 MHz
P0-Cluster HW active residency:  99.25% (1260 MHz:   0% 1512 MHz:   0% 1800 MHz:   0% 2088 MHz:   0% 2352 MHz:   0% 2616 MHz:   0% 2868 MHz:   0% 3096 MHz:   0% 3300 MHz:   0% 3468 MHz:   0% 3624 MHz:   0% 3756 MHz:   0% 3828 MHz: .00% 3888 MHz:  11% 3948 MHz:  70% 3996 MHz: 9.8% 4044 MHz: 6.9% 4104 MHz:   0% 4416 MHz: .90% 4512 MHz: 1.0%)
P0-Cluster idle residency:   0.75%
P0-Cluster down residency:   0.00%
CPU 4 frequency: 4512 MHz
CPU 4 active residency:  69.29% (1260 MHz:   0% 1512 MHz:   0% 1800 MHz:   0% 2088 MHz:   0% 2352 MHz:   0% 2616 MHz:   0% 2868 MHz:   0% 3096 MHz:   0% 3300 MHz:   0% 3468 MHz:   0% 3624 MHz:   0% 3756 MHz:   0% 3828 MHz:   0% 3888 MHz:   0% 3948 MHz:   0% 3996 MHz:   0% 4044 MHz:   0% 4104 MHz:   0% 4416 MHz:   0% 4512 MHz:  69%)
CPU 4 idle residency:  30.71%
CPU 4 down residency:   0.00%
CPU 5 frequency: 4512 MHz
CPU 5 active residency:  56.00% (1260 MHz:   0% 1512 MHz:   0% 1800 MHz:   0% 2088 MHz:   0% 2352 MHz:   0% 2616 MHz:   0% 2868 MHz:   0% 3096 MHz:   0% 3300 MHz:   0% 3468 MHz:   0% 3624 MHz:   0% 3756 MHz:   0% 3828 MHz:   0% 3888 MHz:   0% 3948 MHz:   0% 3996 MHz:   0% 4044 MHz:   0% 4104 MHz:   0% 4416 MHz:   0% 4512 MHz:  56%)
CPU 5 idle residency:  44.00%
CPU 5 down residency:   0.00%
CPU 6 frequency: 4512 MHz
CPU 6 active residency:  51.75% (1260 MHz:   0% 1512 MHz:   0% 1800 MHz:   0% 2088 MHz:   0% 2352 MHz:   0% 2616 MHz:   0% 2868 MHz:   0% 3096 MHz:   0% 3300 MHz:   0% 3468 MHz:   0% 3624 MHz:   0% 3756 MHz:   0% 3828 MHz:   0% 3888 MHz:   0% 3948 MHz:   0% 3996 MHz:   0% 4044 MHz:   0% 4104 MHz:   0% 4416 MHz:   0% 4512 MHz:  52%)
CPU 6 idle residency:  48.25%
CPU 6 down residency:   0.00%
CPU 7 frequency: 4512 MHz
CPU 7 active residency:  59.21% (1260 MHz:   0% 1512 MHz:   0% 1800 MHz:   0% 2088 MHz:   0% 2352 MHz:   0% 2616 MHz:   0% 2868 MHz:   0% 3096 MHz:   0% 3300 MHz:   0% 3468 MHz:   0% 3624 MHz:   0% 3756 MHz:   0% 3828 MHz:   0% 3888 MHz:   0% 3948 MHz:   0% 3996 MHz:   0% 4044 MHz:   0% 4104 MHz:   0% 4416 MHz:   0% 4512 MHz:  59%)
CPU 7 idle residency:  40.79%
CPU 7 down residency:   0.00%
CPU 8 frequency: 4512 MHz
CPU 8 active residency:  35.43% (1260 MHz:   0% 1512 MHz:   0% 1800 MHz:   0% 2088 MHz:   0% 2352 MHz:   0% 2616 MHz:   0% 2868 MHz:   0% 3096 MHz:   0% 3300 MHz:   0% 3468 MHz:   0% 3624 MHz:   0% 3756 MHz:   0% 3828 MHz:   0% 3888 MHz:   0% 3948 MHz:   0% 3996 MHz:   0% 4044 MHz:   0% 4104 MHz:   0% 4416 MHz:   0% 4512 MHz:  35%)
CPU 8 idle residency:  64.57%
CPU 8 down residency:   0.00%
CPU 9 frequency: 4512 MHz
CPU 9 active residency:  49.94% (1260 MHz:   0% 1512 MHz:   0% 1800 MHz:   0% 2088 MHz:   0% 2352 MHz:   0% 2616 MHz:   0% 2868 MHz:   0% 3096 MHz:   0% 3300 MHz:   0% 3468 MHz:   0% 3624 MHz:   0% 3756 MHz:   0% 3828 MHz:   0% 3888 MHz:   0% 3948 MHz:   0% 3996 MHz:   0% 4044 MHz:   0% 4104 MHz:   0% 4416 MHz:   0% 4512 MHz:  50%)
CPU 9 idle residency:  50.06%
CPU 9 down residency:   0.00%

P1-Cluster HW active frequency: 1715 MHz
P1-Cluster HW active residency:   1.71% (1260 MHz: 1.1% 1512 MHz:   0% 1800 MHz: .14% 2088 MHz:   0% 2352 MHz: .33% 2616 MHz:   0% 2868 MHz:   0% 3096 MHz:   0% 3300 MHz:   0% 3468 MHz:   0% 3624 MHz:   0% 3756 MHz:   0% 3828 MHz:   0% 3888 MHz: .00% 3948 MHz: .00% 3996 MHz: .00% 4044 MHz: .09% 4104 MHz:   0% 4416 MHz: .00% 4512 MHz: .02%)
P1-Cluster idle residency:   2.58%
P1-Cluster down residency:  95.71%
CPU 10 frequency: 0 MHz
CPU 10 active residency:   0.00% (1260 MHz:   0% 1512 MHz:   0% 1800 MHz:   0% 2088 MHz:   0% 2352 MHz:   0% 2616 MHz:   0% 2868 MHz:   0% 3096 MHz:   0% 3300 MHz:   0% 3468 MHz:   0% 3624 MHz:   0% 3756 MHz:   0% 3828 MHz:   0% 3888 MHz:   0% 3948 MHz:   0% 3996 MHz:   0% 4044 MHz:   0% 4104 MHz:   0% 4416 MHz:   0% 4512 MHz:   0%)
CPU 10 idle residency:   3.86%
CPU 10 down residency:  96.14%
CPU 11 frequency: 0 MHz
CPU 11 active residency:   0.00% (1260 MHz:   0% 1512 MHz:   0% 1800 MHz:   0% 2088 MHz:   0% 2352 MHz:   0% 2616 MHz:   0% 2868 MHz:   0% 3096 MHz:   0% 3300 MHz:   0% 3468 MHz:   0% 3624 MHz:   0% 3756 MHz:   0% 3828 MHz:   0% 3888 MHz:   0% 3948 MHz:   0% 3996 MHz:   0% 4044 MHz:   0% 4104 MHz:   0% 4416 MHz:   0% 4512 MHz:   0%)
CPU 11 idle residency:   4.02%
CPU 11 down residency:  95.98%
CPU 12 frequency: 0 MHz
CPU 12 active residency:   0.00% (1260 MHz:   0% 1512 MHz:   0% 1800 MHz:   0% 2088 MHz:   0% 2352 MHz:   0% 2616 MHz:   0% 2868 MHz:   0% 3096 MHz:   0% 3300 MHz:   0% 3468 MHz:   0% 3624 MHz:   0% 3756 MHz:   0% 3828 MHz:   0% 3888 MHz:   0% 3948 MHz:   0% 3996 MHz:   0% 4044 MHz:   0% 4104 MHz:   0% 4416 MHz:   0% 4512 MHz:   0%)
CPU 12 idle residency:   4.10%
CPU 12 down residency:  95.90%
CPU 13 frequency: 0 MHz
CPU 13 active residency:   0.00% (1260 MHz:   0% 1512 MHz:   0% 1800 MHz:   0% 2088 MHz:   0% 2352 MHz:   0% 2616 MHz:   0% 2868 MHz:   0% 3096 MHz:   0% 3300 MHz:   0% 3468 MHz:   0% 3624 MHz:   0% 3756 MHz:   0% 3828 MHz:   0% 3888 MHz:   0% 3948 MHz:   0% 3996 MHz:   0% 4044 MHz:   0% 4104 MHz:   0% 4416 MHz:   0% 4512 MHz:   0%)
CPU 13 idle residency:   4.12%
CPU 13 down residency:  95.88%
CPU 14 frequency: 0 MHz
CPU 14 active residency:   0.00% (1260 MHz:   0% 1512 MHz:   0% 1800 MHz:   0% 2088 MHz:   0% 2352 MHz:   0% 2616 MHz:   0% 2868 MHz:   0% 3096 MHz:   0% 3300 MHz:   0% 3468 MHz:   0% 3624 MHz:   0% 3756 MHz:   0% 3828 MHz:   0% 3888 MHz:   0% 3948 MHz:   0% 3996 MHz:   0% 4044 MHz:   0% 4104 MHz:   0% 4416 MHz:   0% 4512 MHz:   0%)
CPU 14 idle residency:   4.09%
CPU 14 down residency:  95.91%
CPU 15 frequency: 0 MHz
CPU 15 active residency:   0.00% (1260 MHz:   0% 1512 MHz:   0% 1800 MHz:   0% 2088 MHz:   0% 2352 MHz:   0% 2616 MHz:   0% 2868 MHz:   0% 3096 MHz:   0% 3300 MHz:   0% 3468 MHz:   0% 3624 MHz:   0% 3756 MHz:   0% 3828 MHz:   0% 3888 MHz:   0% 3948 MHz:   0% 3996 MHz:   0% 4044 MHz:   0% 4104 MHz:   0% 4416 MHz:   0% 4512 MHz:   0%)
CPU 15 idle residency:   4.12%
CPU 15 down residency:  95.88%

CPU Power: 6484 mW
GPU Power: 18784 mW
ANE Power: 0 mW
Combined Power (CPU + GPU + ANE): 25268 mW

**** GPU usage ****

GPU HW active frequency: 1388 MHz
GPU HW active residency: 100.00% (338 MHz:   0% 618 MHz:   0% 796 MHz:   0% 924 MHz:   0% 952 MHz:   0% 1056 MHz:   0% 1062 MHz:   0% 1182 MHz: .07% 1182 MHz:   0% 1312 MHz:  22% 1242 MHz:   0% 1380 MHz:  53% 1326 MHz:   0% 1470 MHz:  25% 1578 MHz:   0%)
GPU SW requested state: (P1 :   0% P2 :   0% P3 :   0% P4 :   0% P5 :   0% P6 :   0% P7 :   0% P8 :   0% P9 :   0% P10 : 100% P11 :   0% P12 :   0% P13 :   0% P14 :   0% P15 :   0%)
GPU SW state: (SW_P1 :   0% SW_P2 :   0% SW_P3 :   0% SW_P4 :   0% SW_P5 :   0% SW_P6 : .07% SW_P7 :  22% SW_P8 :  53% SW_P9 :  25% SW_P10 :   0% SW_P11 :   0% SW_P12 :   0% SW_P13 :   0% SW_P14 :   0% SW_P15 :   0%)
GPU idle residency:   0.00%
GPU Power: 18745 mW



*** Sampled system activity (Tue Jan 20 15:10:28 2026 +0100) (1019.63ms elapsed) ***


**** Processor usage ****

E-Cluster Online: 100%
E-Cluster HW active frequency: 2564 MHz
E-Cluster HW active residency:  64.92% (1020 MHz: .38% 1404 MHz: .70% 1788 MHz: .27% 2112 MHz: .10% 2352 MHz: .48% 2532 MHz: .00% 2592 MHz:  63%)
E-Cluster idle residency:  35.08%
E-Cluster down residency:   0.00%
CPU 0 frequency: 2566 MHz
CPU 0 active residency:  32.26% (1020 MHz: .19% 1404 MHz: .32% 1788 MHz: .12% 2112 MHz: .06% 2352 MHz: .18% 2532 MHz:   0% 2592 MHz:  31%)
CPU 0 idle residency:  67.74%
CPU 0 down residency:   0.00%
CPU 1 frequency: 2569 MHz
CPU 1 active residency:  18.44% (1020 MHz: .11% 1404 MHz: .17% 1788 MHz: .05% 2112 MHz: .02% 2352 MHz: .03% 2532 MHz:   0% 2592 MHz:  18%)
CPU 1 idle residency:  81.56%
CPU 1 down residency:   0.00%
CPU 2 frequency: 2576 MHz
CPU 2 active residency:  11.55% (1020 MHz: .04% 1404 MHz: .07% 1788 MHz: .03% 2112 MHz: .01% 2352 MHz: .01% 2532 MHz:   0% 2592 MHz:  11%)
CPU 2 idle residency:  88.45%
CPU 2 down residency:   0.00%
CPU 3 frequency: 2584 MHz
CPU 3 active residency:   7.57% (1020 MHz: .02% 1404 MHz: .02% 1788 MHz: .01% 2112 MHz: .00% 2352 MHz: .02% 2532 MHz:   0% 2592 MHz: 7.5%)
CPU 3 idle residency:  92.43%
CPU 3 down residency:   0.00%

P0-Cluster Online: 100%
P0-Cluster HW active frequency: 3960 MHz
P0-Cluster HW active residency:  99.10% (1260 MHz:   0% 1512 MHz:   0% 1800 MHz:   0% 2088 MHz:   0% 2352 MHz:   0% 2616 MHz:   0% 2868 MHz:   0% 3096 MHz:   0% 3300 MHz:   0% 3468 MHz:   0% 3624 MHz:   0% 3756 MHz:   0% 3828 MHz:   0% 3888 MHz:  15% 3948 MHz:  65% 3996 MHz:  10% 4044 MHz: 7.3% 4104 MHz:   0% 4416 MHz: .69% 4512 MHz: .96%)
P0-Cluster idle residency:   0.90%
P0-Cluster down residency:   0.00%
CPU 4 frequency: 4512 MHz
CPU 4 active residency:  68.20% (1260 MHz:   0% 1512 MHz:   0% 1800 MHz:   0% 2088 MHz:   0% 2352 MHz:   0% 2616 MHz:   0% 2868 MHz:   0% 3096 MHz:   0% 3300 MHz:   0% 3468 MHz:   0% 3624 MHz:   0% 3756 MHz:   0% 3828 MHz:   0% 3888 MHz:   0% 3948 MHz:   0% 3996 MHz:   0% 4044 MHz:   0% 4104 MHz:   0% 4416 MHz:   0% 4512 MHz:  68%)
CPU 4 idle residency:  31.80%
CPU 4 down residency:   0.00%
CPU 5 frequency: 4512 MHz
CPU 5 active residency:  43.32% (1260 MHz:   0% 1512 MHz:   0% 1800 MHz:   0% 2088 MHz:   0% 2352 MHz:   0% 2616 MHz:   0% 2868 MHz:   0% 3096 MHz:   0% 3300 MHz:   0% 3468 MHz:   0% 3624 MHz:   0% 3756 MHz:   0% 3828 MHz:   0% 3888 MHz:   0% 3948 MHz:   0% 3996 MHz:   0% 4044 MHz:   0% 4104 MHz:   0% 4416 MHz:   0% 4512 MHz:  43%)
CPU 5 idle residency:  56.68%
CPU 5 down residency:   0.00%
CPU 6 frequency: 4512 MHz
CPU 6 active residency:  56.30% (1260 MHz:   0% 1512 MHz:   0% 1800 MHz:   0% 2088 MHz:   0% 2352 MHz:   0% 2616 MHz:   0% 2868 MHz:   0% 3096 MHz:   0% 3300 MHz:   0% 3468 MHz:   0% 3624 MHz:   0% 3756 MHz:   0% 3828 MHz:   0% 3888 MHz:   0% 3948 MHz:   0% 3996 MHz:   0% 4044 MHz:   0% 4104 MHz:   0% 4416 MHz:   0% 4512 MHz:  56%)
CPU 6 idle residency:  43.70%
CPU 6 down residency:   0.00%
CPU 7 frequency: 4512 MHz
CPU 7 active residency:  65.10% (1260 MHz:   0% 1512 MHz:   0% 1800 MHz:   0% 2088 MHz:   0% 2352 MHz:   0% 2616 MHz:   0% 2868 MHz:   0% 3096 MHz:   0% 3300 MHz:   0% 3468 MHz:   0% 3624 MHz:   0% 3756 MHz:   0% 3828 MHz:   0% 3888 MHz:   0% 3948 MHz:   0% 3996 MHz:   0% 4044 MHz:   0% 4104 MHz:   0% 4416 MHz:   0% 4512 MHz:  65%)
CPU 7 idle residency:  34.90%
CPU 7 down residency:   0.00%
CPU 8 frequency: 4512 MHz
CPU 8 active residency:  40.35% (1260 MHz:   0% 1512 MHz:   0% 1800 MHz:   0% 2088 MHz:   0% 2352 MHz:   0% 2616 MHz:   0% 2868 MHz:   0% 3096 MHz:   0% 3300 MHz:   0% 3468 MHz:   0% 3624 MHz:   0% 3756 MHz:   0% 3828 MHz:   0% 3888 MHz:   0% 3948 MHz:   0% 3996 MHz:   0% 4044 MHz:   0% 4104 MHz:   0% 4416 MHz:   0% 4512 MHz:  40%)
CPU 8 idle residency:  59.65%
CPU 8 down residency:   0.00%
CPU 9 frequency: 4512 MHz
CPU 9 active residency:  58.94% (1260 MHz:   0% 1512 MHz:   0% 1800 MHz:   0% 2088 MHz:   0% 2352 MHz:   0% 2616 MHz:   0% 2868 MHz:   0% 3096 MHz:   0% 3300 MHz:   0% 3468 MHz:   0% 3624 MHz:   0% 3756 MHz:   0% 3828 MHz:   0% 3888 MHz:   0% 3948 MHz:   0% 3996 MHz:   0% 4044 MHz:   0% 4104 MHz:   0% 4416 MHz:   0% 4512 MHz:  59%)
CPU 9 idle residency:  41.06%
CPU 9 down residency:   0.00%

P1-Cluster HW active frequency: 2538 MHz
P1-Cluster HW active residency:   5.46% (1260 MHz: 3.1% 1512 MHz:   0% 1800 MHz:   0% 2088 MHz:   0% 2352 MHz:   0% 2616 MHz:   0% 2868 MHz:   0% 3096 MHz:   0% 3300 MHz:   0% 3468 MHz:   0% 3624 MHz:   0% 3756 MHz:   0% 3828 MHz:   0% 3888 MHz:   0% 3948 MHz: .20% 3996 MHz: .25% 4044 MHz: 1.2% 4104 MHz:   0% 4416 MHz: .12% 4512 MHz: .63%)
P1-Cluster idle residency:   5.74%
P1-Cluster down residency:  88.81%
CPU 10 frequency: 1828 MHz
CPU 10 active residency:   0.54% (1260 MHz: .28% 1512 MHz:   0% 1800 MHz:   0% 2088 MHz:   0% 2352 MHz: .25% 2616 MHz:   0% 2868 MHz:   0% 3096 MHz:   0% 3300 MHz:   0% 3468 MHz:   0% 3624 MHz:   0% 3756 MHz:   0% 3828 MHz:   0% 3888 MHz:   0% 3948 MHz:   0% 3996 MHz:   0% 4044 MHz:   0% 4104 MHz:   0% 4416 MHz:   0% 4512 MHz: .01%)
CPU 10 idle residency:  10.51%
CPU 10 down residency:  88.95%
CPU 11 frequency: 1505 MHz
CPU 11 active residency:   0.39% (1260 MHz: .28% 1512 MHz:   0% 1800 MHz: .09% 2088 MHz:   0% 2352 MHz: .01% 2616 MHz:   0% 2868 MHz:   0% 3096 MHz:   0% 3300 MHz:   0% 3468 MHz:   0% 3624 MHz:   0% 3756 MHz:   0% 3828 MHz:   0% 3888 MHz:   0% 3948 MHz:   0% 3996 MHz:   0% 4044 MHz:   0% 4104 MHz:   0% 4416 MHz:   0% 4512 MHz: .01%)
CPU 11 idle residency:   9.55%
CPU 11 down residency:  90.06%
CPU 12 frequency: 1568 MHz
CPU 12 active residency:   0.32% (1260 MHz: .28% 1512 MHz:   0% 1800 MHz:   0% 2088 MHz:   0% 2352 MHz: .01% 2616 MHz:   0% 2868 MHz:   0% 3096 MHz:   0% 3300 MHz:   0% 3468 MHz:   0% 3624 MHz:   0% 3756 MHz:   0% 3828 MHz:   0% 3888 MHz:   0% 3948 MHz:   0% 3996 MHz:   0% 4044 MHz:   0% 4104 MHz:   0% 4416 MHz:   0% 4512 MHz: .03%)
CPU 12 idle residency:  10.02%
CPU 12 down residency:  89.66%
CPU 13 frequency: 1384 MHz
CPU 13 active residency:   0.28% (1260 MHz: .27% 1512 MHz:   0% 1800 MHz:   0% 2088 MHz:   0% 2352 MHz: .00% 2616 MHz:   0% 2868 MHz:   0% 3096 MHz:   0% 3300 MHz:   0% 3468 MHz:   0% 3624 MHz:   0% 3756 MHz:   0% 3828 MHz:   0% 3888 MHz:   0% 3948 MHz:   0% 3996 MHz:   0% 4044 MHz:   0% 4104 MHz:   0% 4416 MHz:   0% 4512 MHz: .01%)
CPU 13 idle residency:  10.97%
CPU 13 down residency:  88.75%
CPU 14 frequency: 1681 MHz
CPU 14 active residency:   0.31% (1260 MHz: .27% 1512 MHz:   0% 1800 MHz:   0% 2088 MHz:   0% 2352 MHz:   0% 2616 MHz:   0% 2868 MHz:   0% 3096 MHz:   0% 3300 MHz:   0% 3468 MHz:   0% 3624 MHz:   0% 3756 MHz:   0% 3828 MHz:   0% 3888 MHz:   0% 3948 MHz:   0% 3996 MHz:   0% 4044 MHz:   0% 4104 MHz:   0% 4416 MHz:   0% 4512 MHz: .04%)
CPU 14 idle residency:  10.98%
CPU 14 down residency:  88.71%
CPU 15 frequency: 1382 MHz
CPU 15 active residency:   0.28% (1260 MHz: .27% 1512 MHz:   0% 1800 MHz:   0% 2088 MHz:   0% 2352 MHz:   0% 2616 MHz:   0% 2868 MHz:   0% 3096 MHz:   0% 3300 MHz:   0% 3468 MHz:   0% 3624 MHz:   0% 3756 MHz:   0% 3828 MHz:   0% 3888 MHz:   0% 3948 MHz:   0% 3996 MHz:   0% 4044 MHz:   0% 4104 MHz:   0% 4416 MHz:   0% 4512 MHz: .01%)
CPU 15 idle residency:  10.98%
CPU 15 down residency:  88.74%

CPU Power: 6897 mW
GPU Power: 15081 mW
ANE Power: 0 mW
Combined Power (CPU + GPU + ANE): 21978 mW

**** GPU usage ****

GPU HW active frequency: 1264 MHz
GPU HW active residency: 100.00% (338 MHz:   0% 618 MHz:   0% 796 MHz:   0% 924 MHz:   0% 952 MHz:   0% 1056 MHz:   0% 1062 MHz:   0% 1182 MHz:  38% 1182 MHz:   0% 1312 MHz:  60% 1242 MHz:   0% 1380 MHz: 1.8% 1326 MHz:   0% 1470 MHz:   0% 1578 MHz:   0%)
GPU SW requested state: (P1 :   0% P2 :   0% P3 :   0% P4 :   0% P5 :   0% P6 :   0% P7 :   0% P8 :   0% P9 :   0% P10 : 100% P11 :   0% P12 :   0% P13 :   0% P14 :   0% P15 :   0%)
GPU SW state: (SW_P1 :   0% SW_P2 :   0% SW_P3 :   0% SW_P4 :   0% SW_P5 :   0% SW_P6 :  38% SW_P7 :  60% SW_P8 : 1.8% SW_P9 :   0% SW_P10 :   0% SW_P11 :   0% SW_P12 :   0% SW_P13 :   0% SW_P14 :   0% SW_P15 :   0%)
GPU idle residency:   0.00%
GPU Power: 15069 mW



*** Sampled system activity (Tue Jan 20 15:10:29 2026 +0100) (1017.11ms elapsed) ***


**** Processor usage ****

E-Cluster Online: 100%
E-Cluster HW active frequency: 2592 MHz
E-Cluster HW active residency:  61.23% (1020 MHz:   0% 1404 MHz:   0% 1788 MHz:   0% 2112 MHz:   0% 2352 MHz:   0% 2532 MHz:   0% 2592 MHz:  61%)
E-Cluster idle residency:  38.77%
E-Cluster down residency:   0.00%
CPU 0 frequency: 2592 MHz
CPU 0 active residency:  29.71% (1020 MHz:   0% 1404 MHz:   0% 1788 MHz:   0% 2112 MHz:   0% 2352 MHz:   0% 2532 MHz:   0% 2592 MHz:  30%)
CPU 0 idle residency:  70.29%
CPU 0 down residency:   0.00%
CPU 1 frequency: 2592 MHz
CPU 1 active residency:  13.37% (1020 MHz:   0% 1404 MHz:   0% 1788 MHz:   0% 2112 MHz:   0% 2352 MHz:   0% 2532 MHz:   0% 2592 MHz:  13%)
CPU 1 idle residency:  86.63%
CPU 1 down residency:   0.00%
CPU 2 frequency: 2592 MHz
CPU 2 active residency:   7.68% (1020 MHz:   0% 1404 MHz:   0% 1788 MHz:   0% 2112 MHz:   0% 2352 MHz:   0% 2532 MHz:   0% 2592 MHz: 7.7%)
CPU 2 idle residency:  92.32%
CPU 2 down residency:   0.00%
CPU 3 frequency: 2592 MHz
CPU 3 active residency:   3.67% (1020 MHz:   0% 1404 MHz:   0% 1788 MHz:   0% 2112 MHz:   0% 2352 MHz:   0% 2532 MHz:   0% 2592 MHz: 3.7%)
CPU 3 idle residency:  96.33%
CPU 3 down residency:   0.00%

P0-Cluster Online: 100%
P0-Cluster HW active frequency: 3983 MHz
P0-Cluster HW active residency:  98.30% (1260 MHz: .01% 1512 MHz:   0% 1800 MHz:   0% 2088 MHz:   0% 2352 MHz:   0% 2616 MHz:   0% 2868 MHz:   0% 3096 MHz:   0% 3300 MHz:   0% 3468 MHz:   0% 3624 MHz:   0% 3756 MHz:   0% 3828 MHz:   0% 3888 MHz: 8.5% 3948 MHz:  64% 3996 MHz:  11% 4044 MHz:  10% 4104 MHz:   0% 4416 MHz: 1.8% 4512 MHz: 2.9%)
P0-Cluster idle residency:   1.70%
P0-Cluster down residency:   0.00%
CPU 4 frequency: 4512 MHz
CPU 4 active residency:  51.75% (1260 MHz:   0% 1512 MHz:   0% 1800 MHz:   0% 2088 MHz:   0% 2352 MHz:   0% 2616 MHz:   0% 2868 MHz:   0% 3096 MHz:   0% 3300 MHz:   0% 3468 MHz:   0% 3624 MHz:   0% 3756 MHz:   0% 3828 MHz:   0% 3888 MHz:   0% 3948 MHz:   0% 3996 MHz:   0% 4044 MHz:   0% 4104 MHz:   0% 4416 MHz:   0% 4512 MHz:  52%)
CPU 4 idle residency:  48.25%
CPU 4 down residency:   0.00%
CPU 5 frequency: 4512 MHz
CPU 5 active residency:  36.64% (1260 MHz:   0% 1512 MHz:   0% 1800 MHz:   0% 2088 MHz:   0% 2352 MHz:   0% 2616 MHz:   0% 2868 MHz:   0% 3096 MHz:   0% 3300 MHz:   0% 3468 MHz:   0% 3624 MHz:   0% 3756 MHz:   0% 3828 MHz:   0% 3888 MHz:   0% 3948 MHz:   0% 3996 MHz:   0% 4044 MHz:   0% 4104 MHz:   0% 4416 MHz:   0% 4512 MHz:  37%)
CPU 5 idle residency:  63.36%
CPU 5 down residency:   0.00%
CPU 6 frequency: 4512 MHz
CPU 6 active residency:  53.71% (1260 MHz:   0% 1512 MHz:   0% 1800 MHz:   0% 2088 MHz:   0% 2352 MHz:   0% 2616 MHz:   0% 2868 MHz:   0% 3096 MHz:   0% 3300 MHz:   0% 3468 MHz:   0% 3624 MHz:   0% 3756 MHz:   0% 3828 MHz:   0% 3888 MHz:   0% 3948 MHz:   0% 3996 MHz:   0% 4044 MHz:   0% 4104 MHz:   0% 4416 MHz:   0% 4512 MHz:  54%)
CPU 6 idle residency:  46.29%
CPU 6 down residency:   0.00%
CPU 7 frequency: 4512 MHz
CPU 7 active residency:  35.06% (1260 MHz:   0% 1512 MHz:   0% 1800 MHz:   0% 2088 MHz:   0% 2352 MHz:   0% 2616 MHz:   0% 2868 MHz:   0% 3096 MHz:   0% 3300 MHz:   0% 3468 MHz:   0% 3624 MHz:   0% 3756 MHz:   0% 3828 MHz:   0% 3888 MHz:   0% 3948 MHz:   0% 3996 MHz:   0% 4044 MHz:   0% 4104 MHz:   0% 4416 MHz:   0% 4512 MHz:  35%)
CPU 7 idle residency:  64.94%
CPU 7 down residency:   0.00%
CPU 8 frequency: 4512 MHz
CPU 8 active residency:  59.17% (1260 MHz:   0% 1512 MHz:   0% 1800 MHz:   0% 2088 MHz:   0% 2352 MHz:   0% 2616 MHz:   0% 2868 MHz:   0% 3096 MHz:   0% 3300 MHz:   0% 3468 MHz:   0% 3624 MHz:   0% 3756 MHz:   0% 3828 MHz:   0% 3888 MHz:   0% 3948 MHz:   0% 3996 MHz:   0% 4044 MHz:   0% 4104 MHz:   0% 4416 MHz:   0% 4512 MHz:  59%)
CPU 8 idle residency:  40.83%
CPU 8 down residency:   0.00%
CPU 9 frequency: 4512 MHz
CPU 9 active residency:  59.03% (1260 MHz: .01% 1512 MHz:   0% 1800 MHz:   0% 2088 MHz:   0% 2352 MHz:   0% 2616 MHz:   0% 2868 MHz:   0% 3096 MHz:   0% 3300 MHz:   0% 3468 MHz:   0% 3624 MHz:   0% 3756 MHz:   0% 3828 MHz:   0% 3888 MHz:   0% 3948 MHz:   0% 3996 MHz:   0% 4044 MHz:   0% 4104 MHz:   0% 4416 MHz:   0% 4512 MHz:  59%)
CPU 9 idle residency:  40.97%
CPU 9 down residency:   0.00%

P1-Cluster HW active frequency: 1954 MHz
P1-Cluster HW active residency:   0.88% (1260 MHz: .58% 1512 MHz:   0% 1800 MHz: .10% 2088 MHz: .03% 2352 MHz:   0% 2616 MHz:   0% 2868 MHz:   0% 3096 MHz:   0% 3300 MHz:   0% 3468 MHz:   0% 3624 MHz:   0% 3756 MHz:   0% 3828 MHz:   0% 3888 MHz:   0% 3948 MHz: .01% 3996 MHz: .01% 4044 MHz: .03% 4104 MHz:   0% 4416 MHz: .01% 4512 MHz: .12%)
P1-Cluster idle residency:   2.46%
P1-Cluster down residency:  96.67%
CPU 10 frequency: 3001 MHz
CPU 10 active residency:   0.70% (1260 MHz: .32% 1512 MHz:   0% 1800 MHz: .01% 2088 MHz:   0% 2352 MHz:   0% 2616 MHz:   0% 2868 MHz:   0% 3096 MHz:   0% 3300 MHz:   0% 3468 MHz:   0% 3624 MHz:   0% 3756 MHz:   0% 3828 MHz:   0% 3888 MHz:   0% 3948 MHz:   0% 3996 MHz:   0% 4044 MHz:   0% 4104 MHz:   0% 4416 MHz:   0% 4512 MHz: .37%)
CPU 10 idle residency:   3.14%
CPU 10 down residency:  96.17%
CPU 11 frequency: 3905 MHz
CPU 11 active residency:   1.75% (1260 MHz: .32% 1512 MHz:   0% 1800 MHz: .00% 2088 MHz:   0% 2352 MHz:   0% 2616 MHz:   0% 2868 MHz:   0% 3096 MHz:   0% 3300 MHz:   0% 3468 MHz:   0% 3624 MHz:   0% 3756 MHz:   0% 3828 MHz:   0% 3888 MHz:   0% 3948 MHz:   0% 3996 MHz:   0% 4044 MHz:   0% 4104 MHz:   0% 4416 MHz:   0% 4512 MHz: 1.4%)
CPU 11 idle residency:   3.11%
CPU 11 down residency:  95.15%
CPU 12 frequency: 3665 MHz
CPU 12 active residency:   1.27% (1260 MHz: .33% 1512 MHz:   0% 1800 MHz: .00% 2088 MHz:   0% 2352 MHz:   0% 2616 MHz:   0% 2868 MHz:   0% 3096 MHz:   0% 3300 MHz:   0% 3468 MHz:   0% 3624 MHz:   0% 3756 MHz:   0% 3828 MHz:   0% 3888 MHz:   0% 3948 MHz:   0% 3996 MHz:   0% 4044 MHz:   0% 4104 MHz:   0% 4416 MHz:   0% 4512 MHz: .93%)
CPU 12 idle residency:   3.02%
CPU 12 down residency:  95.72%
CPU 13 frequency: 1505 MHz
CPU 13 active residency:   0.22% (1260 MHz: .20% 1512 MHz:   0% 1800 MHz: .00% 2088 MHz:   0% 2352 MHz:   0% 2616 MHz:   0% 2868 MHz:   0% 3096 MHz:   0% 3300 MHz:   0% 3468 MHz:   0% 3624 MHz:   0% 3756 MHz:   0% 3828 MHz:   0% 3888 MHz:   0% 3948 MHz:   0% 3996 MHz:   0% 4044 MHz:   0% 4104 MHz:   0% 4416 MHz:   0% 4512 MHz: .02%)
CPU 13 idle residency:   3.17%
CPU 13 down residency:  96.60%
CPU 14 frequency: 1267 MHz
CPU 14 active residency:   0.21% (1260 MHz: .20% 1512 MHz:   0% 1800 MHz: .00% 2088 MHz:   0% 2352 MHz:   0% 2616 MHz:   0% 2868 MHz:   0% 3096 MHz:   0% 3300 MHz:   0% 3468 MHz:   0% 3624 MHz:   0% 3756 MHz:   0% 3828 MHz:   0% 3888 MHz:   0% 3948 MHz:   0% 3996 MHz:   0% 4044 MHz:   0% 4104 MHz:   0% 4416 MHz:   0% 4512 MHz:   0%)
CPU 14 idle residency:   3.17%
CPU 14 down residency:  96.62%
CPU 15 frequency: 1260 MHz
CPU 15 active residency:   0.20% (1260 MHz: .20% 1512 MHz:   0% 1800 MHz:   0% 2088 MHz:   0% 2352 MHz:   0% 2616 MHz:   0% 2868 MHz:   0% 3096 MHz:   0% 3300 MHz:   0% 3468 MHz:   0% 3624 MHz:   0% 3756 MHz:   0% 3828 MHz:   0% 3888 MHz:   0% 3948 MHz:   0% 3996 MHz:   0% 4044 MHz:   0% 4104 MHz:   0% 4416 MHz:   0% 4512 MHz:   0%)
CPU 15 idle residency:   3.18%
CPU 15 down residency:  96.62%

CPU Power: 6104 mW
GPU Power: 13644 mW
ANE Power: 0 mW
Combined Power (CPU + GPU + ANE): 19747 mW

**** GPU usage ****

GPU HW active frequency: 1183 MHz
GPU HW active residency: 100.00% (338 MHz:   0% 618 MHz:   0% 796 MHz:   0% 924 MHz:   0% 952 MHz:   0% 1056 MHz:  11% 1062 MHz:   0% 1182 MHz:  78% 1182 MHz:   0% 1312 MHz:  11% 1242 MHz:   0% 1380 MHz:   0% 1326 MHz:   0% 1470 MHz:   0% 1578 MHz:   0%)
GPU SW requested state: (P1 :   0% P2 :   0% P3 :   0% P4 :   0% P5 :   0% P6 :   0% P7 :   0% P8 :   0% P9 :   0% P10 : 100% P11 :   0% P12 :   0% P13 :   0% P14 :   0% P15 :   0%)
GPU SW state: (SW_P1 :   0% SW_P2 :   0% SW_P3 :   0% SW_P4 :   0% SW_P5 :  11% SW_P6 :  78% SW_P7 :  11% SW_P8 :   0% SW_P9 :   0% SW_P10 :   0% SW_P11 :   0% SW_P12 :   0% SW_P13 :   0% SW_P14 :   0% SW_P15 :   0%)
GPU idle residency:   0.00%
GPU Power: 13633 mW



*** Sampled system activity (Tue Jan 20 15:10:30 2026 +0100) (1020.71ms elapsed) ***


**** Processor usage ****

E-Cluster Online: 100%
E-Cluster HW active frequency: 2592 MHz
E-Cluster HW active residency:  67.67% (1020 MHz:   0% 1404 MHz:   0% 1788 MHz:   0% 2112 MHz:   0% 2352 MHz:   0% 2532 MHz: .00% 2592 MHz:  68%)
E-Cluster idle residency:  32.33%
E-Cluster down residency:   0.00%
CPU 0 frequency: 2592 MHz
CPU 0 active residency:  37.36% (1020 MHz:   0% 1404 MHz:   0% 1788 MHz:   0% 2112 MHz:   0% 2352 MHz:   0% 2532 MHz:   0% 2592 MHz:  37%)
CPU 0 idle residency:  62.64%
CPU 0 down residency:   0.00%
CPU 1 frequency: 2592 MHz
CPU 1 active residency:  26.67% (1020 MHz:   0% 1404 MHz:   0% 1788 MHz:   0% 2112 MHz:   0% 2352 MHz:   0% 2532 MHz:   0% 2592 MHz:  27%)
CPU 1 idle residency:  73.33%
CPU 1 down residency:   0.00%
CPU 2 frequency: 2592 MHz
CPU 2 active residency:  19.42% (1020 MHz:   0% 1404 MHz:   0% 1788 MHz:   0% 2112 MHz:   0% 2352 MHz:   0% 2532 MHz:   0% 2592 MHz:  19%)
CPU 2 idle residency:  80.58%
CPU 2 down residency:   0.00%
CPU 3 frequency: 2592 MHz
CPU 3 active residency:  15.58% (1020 MHz:   0% 1404 MHz:   0% 1788 MHz:   0% 2112 MHz:   0% 2352 MHz:   0% 2532 MHz:   0% 2592 MHz:  16%)
CPU 3 idle residency:  84.42%
CPU 3 down residency:   0.00%

P0-Cluster Online: 36%
P0-Cluster HW active frequency: 3850 MHz
P0-Cluster HW active residency:  30.65% (1260 MHz: 1.7% 1512 MHz:   0% 1800 MHz:   0% 2088 MHz:   0% 2352 MHz:   0% 2616 MHz:   0% 2868 MHz:   0% 3096 MHz:   0% 3300 MHz:   0% 3468 MHz: .05% 3624 MHz:   0% 3756 MHz:   0% 3828 MHz:   0% 3888 MHz: 2.0% 3948 MHz:  19% 3996 MHz: 3.0% 4044 MHz: 2.7% 4104 MHz:   0% 4416 MHz: .86% 4512 MHz: 1.4%)
P0-Cluster idle residency:   4.81%
P0-Cluster down residency:  64.55%
CPU 4 frequency: 4512 MHz
CPU 4 active residency:   4.10% (1260 MHz:   0% 1512 MHz:   0% 1800 MHz:   0% 2088 MHz:   0% 2352 MHz:   0% 2616 MHz:   0% 2868 MHz:   0% 3096 MHz:   0% 3300 MHz:   0% 3468 MHz:   0% 3624 MHz:   0% 3756 MHz:   0% 3828 MHz:   0% 3888 MHz:   0% 3948 MHz:   0% 3996 MHz:   0% 4044 MHz:   0% 4104 MHz:   0% 4416 MHz:   0% 4512 MHz: 4.1%)
CPU 4 idle residency:  25.88%
CPU 4 down residency:  70.02%
CPU 5 frequency: 4512 MHz
CPU 5 active residency:   6.87% (1260 MHz:   0% 1512 MHz:   0% 1800 MHz:   0% 2088 MHz:   0% 2352 MHz:   0% 2616 MHz:   0% 2868 MHz:   0% 3096 MHz:   0% 3300 MHz:   0% 3468 MHz:   0% 3624 MHz:   0% 3756 MHz:   0% 3828 MHz:   0% 3888 MHz:   0% 3948 MHz:   0% 3996 MHz:   0% 4044 MHz:   0% 4104 MHz:   0% 4416 MHz:   0% 4512 MHz: 6.9%)
CPU 5 idle residency:  23.34%
CPU 5 down residency:  69.79%
CPU 6 frequency: 4512 MHz
CPU 6 active residency:   8.09% (1260 MHz:   0% 1512 MHz:   0% 1800 MHz:   0% 2088 MHz:   0% 2352 MHz:   0% 2616 MHz:   0% 2868 MHz:   0% 3096 MHz:   0% 3300 MHz:   0% 3468 MHz:   0% 3624 MHz:   0% 3756 MHz:   0% 3828 MHz:   0% 3888 MHz:   0% 3948 MHz:   0% 3996 MHz:   0% 4044 MHz:   0% 4104 MHz:   0% 4416 MHz:   0% 4512 MHz: 8.1%)
CPU 6 idle residency:  21.55%
CPU 6 down residency:  70.36%
CPU 7 frequency: 4512 MHz
CPU 7 active residency:   7.61% (1260 MHz:   0% 1512 MHz:   0% 1800 MHz:   0% 2088 MHz:   0% 2352 MHz:   0% 2616 MHz:   0% 2868 MHz:   0% 3096 MHz:   0% 3300 MHz:   0% 3468 MHz:   0% 3624 MHz:   0% 3756 MHz:   0% 3828 MHz:   0% 3888 MHz:   0% 3948 MHz:   0% 3996 MHz:   0% 4044 MHz:   0% 4104 MHz:   0% 4416 MHz:   0% 4512 MHz: 7.6%)
CPU 7 idle residency:  22.17%
CPU 7 down residency:  70.22%
CPU 8 frequency: 4512 MHz
CPU 8 active residency:   4.95% (1260 MHz:   0% 1512 MHz:   0% 1800 MHz:   0% 2088 MHz:   0% 2352 MHz:   0% 2616 MHz:   0% 2868 MHz:   0% 3096 MHz:   0% 3300 MHz:   0% 3468 MHz:   0% 3624 MHz:   0% 3756 MHz:   0% 3828 MHz:   0% 3888 MHz:   0% 3948 MHz:   0% 3996 MHz:   0% 4044 MHz:   0% 4104 MHz:   0% 4416 MHz:   0% 4512 MHz: 5.0%)
CPU 8 idle residency:  25.38%
CPU 8 down residency:  69.67%
CPU 9 frequency: 4512 MHz
CPU 9 active residency:   8.17% (1260 MHz:   0% 1512 MHz:   0% 1800 MHz:   0% 2088 MHz:   0% 2352 MHz:   0% 2616 MHz:   0% 2868 MHz:   0% 3096 MHz:   0% 3300 MHz:   0% 3468 MHz:   0% 3624 MHz:   0% 3756 MHz:   0% 3828 MHz:   0% 3888 MHz:   0% 3948 MHz:   0% 3996 MHz:   0% 4044 MHz:   0% 4104 MHz:   0% 4416 MHz:   0% 4512 MHz: 8.2%)
CPU 9 idle residency:  19.47%
CPU 9 down residency:  72.36%

P1-Cluster HW active frequency: 3950 MHz
P1-Cluster HW active residency:  70.47% (1260 MHz: .02% 1512 MHz:   0% 1800 MHz:   0% 2088 MHz:   0% 2352 MHz:   0% 2616 MHz:   0% 2868 MHz:   0% 3096 MHz:   0% 3300 MHz:   0% 3468 MHz:   0% 3624 MHz:   0% 3756 MHz:   0% 3828 MHz:   0% 3888 MHz:  13% 3948 MHz:  44% 3996 MHz: 6.9% 4044 MHz: 5.8% 4104 MHz:   0% 4416 MHz: .07% 4512 MHz: .15%)
P1-Cluster idle residency:   0.68%
P1-Cluster down residency:  28.84%
CPU 10 frequency: 4508 MHz
CPU 10 active residency:  51.74% (1260 MHz: .05% 1512 MHz:   0% 1800 MHz: .02% 2088 MHz: .00% 2352 MHz:   0% 2616 MHz:   0% 2868 MHz:   0% 3096 MHz:   0% 3300 MHz:   0% 3468 MHz:   0% 3624 MHz:   0% 3756 MHz:   0% 3828 MHz:   0% 3888 MHz:   0% 3948 MHz:   0% 3996 MHz:   0% 4044 MHz:   0% 4104 MHz:   0% 4416 MHz:   0% 4512 MHz:  52%)
CPU 10 idle residency:  19.49%
CPU 10 down residency:  28.77%
CPU 11 frequency: 4508 MHz
CPU 11 active residency:  47.37% (1260 MHz: .05% 1512 MHz:   0% 1800 MHz: .02% 2088 MHz: .00% 2352 MHz:   0% 2616 MHz:   0% 2868 MHz:   0% 3096 MHz:   0% 3300 MHz:   0% 3468 MHz:   0% 3624 MHz:   0% 3756 MHz:   0% 3828 MHz:   0% 3888 MHz:   0% 3948 MHz:   0% 3996 MHz:   0% 4044 MHz:   0% 4104 MHz:   0% 4416 MHz:   0% 4512 MHz:  47%)
CPU 11 idle residency:  23.86%
CPU 11 down residency:  28.77%
CPU 12 frequency: 4507 MHz
CPU 12 active residency:  50.63% (1260 MHz: .06% 1512 MHz:   0% 1800 MHz: .02% 2088 MHz: .00% 2352 MHz:   0% 2616 MHz:   0% 2868 MHz:   0% 3096 MHz:   0% 3300 MHz:   0% 3468 MHz:   0% 3624 MHz:   0% 3756 MHz:   0% 3828 MHz:   0% 3888 MHz:   0% 3948 MHz:   0% 3996 MHz:   0% 4044 MHz:   0% 4104 MHz:   0% 4416 MHz:   0% 4512 MHz:  51%)
CPU 12 idle residency:  20.63%
CPU 12 down residency:  28.74%
CPU 13 frequency: 4504 MHz
CPU 13 active residency:  25.12% (1260 MHz: .05% 1512 MHz:   0% 1800 MHz: .02% 2088 MHz: .00% 2352 MHz:   0% 2616 MHz:   0% 2868 MHz:   0% 3096 MHz:   0% 3300 MHz:   0% 3468 MHz:   0% 3624 MHz:   0% 3756 MHz:   0% 3828 MHz:   0% 3888 MHz:   0% 3948 MHz:   0% 3996 MHz:   0% 4044 MHz:   0% 4104 MHz:   0% 4416 MHz:   0% 4512 MHz:  25%)
CPU 13 idle residency:  46.10%
CPU 13 down residency:  28.78%
CPU 14 frequency: 4506 MHz
CPU 14 active residency:  33.54% (1260 MHz: .05% 1512 MHz:   0% 1800 MHz: .02% 2088 MHz: .00% 2352 MHz:   0% 2616 MHz:   0% 2868 MHz:   0% 3096 MHz:   0% 3300 MHz:   0% 3468 MHz:   0% 3624 MHz:   0% 3756 MHz:   0% 3828 MHz:   0% 3888 MHz:   0% 3948 MHz:   0% 3996 MHz:   0% 4044 MHz:   0% 4104 MHz:   0% 4416 MHz:   0% 4512 MHz:  33%)
CPU 14 idle residency:  37.69%
CPU 14 down residency:  28.77%
CPU 15 frequency: 4507 MHz
CPU 15 active residency:  36.87% (1260 MHz: .05% 1512 MHz:   0% 1800 MHz: .02% 2088 MHz:   0% 2352 MHz:   0% 2616 MHz:   0% 2868 MHz:   0% 3096 MHz:   0% 3300 MHz:   0% 3468 MHz:   0% 3624 MHz:   0% 3756 MHz:   0% 3828 MHz:   0% 3888 MHz:   0% 3948 MHz:   0% 3996 MHz:   0% 4044 MHz:   0% 4104 MHz:   0% 4416 MHz:   0% 4512 MHz:  37%)
CPU 15 idle residency:  34.35%
CPU 15 down residency:  28.78%

CPU Power: 6813 mW
GPU Power: 13013 mW
ANE Power: 0 mW
Combined Power (CPU + GPU + ANE): 19826 mW

**** GPU usage ****

GPU HW active frequency: 1158 MHz
GPU HW active residency: 100.00% (338 MHz:   0% 618 MHz:   0% 796 MHz:   0% 924 MHz:   0% 952 MHz:   0% 1056 MHz:  24% 1062 MHz:   0% 1182 MHz:  71% 1182 MHz:   0% 1312 MHz: 5.2% 1242 MHz:   0% 1380 MHz:   0% 1326 MHz:   0% 1470 MHz:   0% 1578 MHz:   0%)
GPU SW requested state: (P1 :   0% P2 :   0% P3 :   0% P4 :   0% P5 :   0% P6 :   0% P7 :   0% P8 :   0% P9 :   0% P10 : 100% P11 :   0% P12 :   0% P13 :   0% P14 :   0% P15 :   0%)
GPU SW state: (SW_P1 :   0% SW_P2 :   0% SW_P3 :   0% SW_P4 :   0% SW_P5 :  24% SW_P6 :  71% SW_P7 : 5.2% SW_P8 :   0% SW_P9 :   0% SW_P10 :   0% SW_P11 :   0% SW_P12 :   0% SW_P13 :   0% SW_P14 :   0% SW_P15 :   0%)
GPU idle residency:   0.00%
GPU Power: 13014 mW



*** Sampled system activity (Tue Jan 20 15:10:31 2026 +0100) (1019.75ms elapsed) ***


**** Processor usage ****

E-Cluster Online: 100%
E-Cluster HW active frequency: 2592 MHz
E-Cluster HW active residency:  63.68% (1020 MHz:   0% 1404 MHz:   0% 1788 MHz:   0% 2112 MHz:   0% 2352 MHz:   0% 2532 MHz: .00% 2592 MHz:  64%)
E-Cluster idle residency:  36.32%
E-Cluster down residency:   0.00%
CPU 0 frequency: 2592 MHz
CPU 0 active residency:  33.33% (1020 MHz:   0% 1404 MHz:   0% 1788 MHz:   0% 2112 MHz:   0% 2352 MHz:   0% 2532 MHz:   0% 2592 MHz:  33%)
CPU 0 idle residency:  66.67%
CPU 0 down residency:   0.00%
CPU 1 frequency: 2592 MHz
CPU 1 active residency:  15.97% (1020 MHz:   0% 1404 MHz:   0% 1788 MHz:   0% 2112 MHz:   0% 2352 MHz:   0% 2532 MHz:   0% 2592 MHz:  16%)
CPU 1 idle residency:  84.03%
CPU 1 down residency:   0.00%
CPU 2 frequency: 2592 MHz
CPU 2 active residency:  11.24% (1020 MHz:   0% 1404 MHz:   0% 1788 MHz:   0% 2112 MHz:   0% 2352 MHz:   0% 2532 MHz:   0% 2592 MHz:  11%)
CPU 2 idle residency:  88.76%
CPU 2 down residency:   0.00%
CPU 3 frequency: 2592 MHz
CPU 3 active residency:   6.99% (1020 MHz:   0% 1404 MHz:   0% 1788 MHz:   0% 2112 MHz:   0% 2352 MHz:   0% 2532 MHz:   0% 2592 MHz: 7.0%)
CPU 3 idle residency:  93.01%
CPU 3 down residency:   0.00%

P0-Cluster Online: 8%
P0-Cluster HW active frequency: 1670 MHz
P0-Cluster HW active residency:   1.93% (1260 MHz: 1.5% 1512 MHz: .02% 1800 MHz: .14% 2088 MHz:   0% 2352 MHz:   0% 2616 MHz:   0% 2868 MHz:   0% 3096 MHz:   0% 3300 MHz:   0% 3468 MHz:   0% 3624 MHz:   0% 3756 MHz:   0% 3828 MHz:   0% 3888 MHz: .02% 3948 MHz: .01% 3996 MHz:   0% 4044 MHz:   0% 4104 MHz:   0% 4416 MHz: .01% 4512 MHz: .19%)
P0-Cluster idle residency:   4.15%
P0-Cluster down residency:  93.93%
CPU 4 frequency: 0 MHz
CPU 4 active residency:   0.00% (1260 MHz:   0% 1512 MHz:   0% 1800 MHz:   0% 2088 MHz:   0% 2352 MHz:   0% 2616 MHz:   0% 2868 MHz:   0% 3096 MHz:   0% 3300 MHz:   0% 3468 MHz:   0% 3624 MHz:   0% 3756 MHz:   0% 3828 MHz:   0% 3888 MHz:   0% 3948 MHz:   0% 3996 MHz:   0% 4044 MHz:   0% 4104 MHz:   0% 4416 MHz:   0% 4512 MHz:   0%)
CPU 4 idle residency:   5.76%
CPU 4 down residency:  94.24%
CPU 5 frequency: 0 MHz
CPU 5 active residency:   0.00% (1260 MHz:   0% 1512 MHz:   0% 1800 MHz:   0% 2088 MHz:   0% 2352 MHz:   0% 2616 MHz:   0% 2868 MHz:   0% 3096 MHz:   0% 3300 MHz:   0% 3468 MHz:   0% 3624 MHz:   0% 3756 MHz:   0% 3828 MHz:   0% 3888 MHz:   0% 3948 MHz:   0% 3996 MHz:   0% 4044 MHz:   0% 4104 MHz:   0% 4416 MHz:   0% 4512 MHz:   0%)
CPU 5 idle residency:   5.59%
CPU 5 down residency:  94.41%
CPU 6 frequency: 0 MHz
CPU 6 active residency:   0.00% (1260 MHz:   0% 1512 MHz:   0% 1800 MHz:   0% 2088 MHz:   0% 2352 MHz:   0% 2616 MHz:   0% 2868 MHz:   0% 3096 MHz:   0% 3300 MHz:   0% 3468 MHz:   0% 3624 MHz:   0% 3756 MHz:   0% 3828 MHz:   0% 3888 MHz:   0% 3948 MHz:   0% 3996 MHz:   0% 4044 MHz:   0% 4104 MHz:   0% 4416 MHz:   0% 4512 MHz:   0%)
CPU 6 idle residency:   5.67%
CPU 6 down residency:  94.33%
CPU 7 frequency: 0 MHz
CPU 7 active residency:   0.00% (1260 MHz:   0% 1512 MHz:   0% 1800 MHz:   0% 2088 MHz:   0% 2352 MHz:   0% 2616 MHz:   0% 2868 MHz:   0% 3096 MHz:   0% 3300 MHz:   0% 3468 MHz:   0% 3624 MHz:   0% 3756 MHz:   0% 3828 MHz:   0% 3888 MHz:   0% 3948 MHz:   0% 3996 MHz:   0% 4044 MHz:   0% 4104 MHz:   0% 4416 MHz:   0% 4512 MHz:   0%)
CPU 7 idle residency:   5.73%
CPU 7 down residency:  94.27%
CPU 8 frequency: 0 MHz
CPU 8 active residency:   0.00% (1260 MHz:   0% 1512 MHz:   0% 1800 MHz:   0% 2088 MHz:   0% 2352 MHz:   0% 2616 MHz:   0% 2868 MHz:   0% 3096 MHz:   0% 3300 MHz:   0% 3468 MHz:   0% 3624 MHz:   0% 3756 MHz:   0% 3828 MHz:   0% 3888 MHz:   0% 3948 MHz:   0% 3996 MHz:   0% 4044 MHz:   0% 4104 MHz:   0% 4416 MHz:   0% 4512 MHz:   0%)
CPU 8 idle residency:   5.71%
CPU 8 down residency:  94.29%
CPU 9 frequency: 0 MHz
CPU 9 active residency:   0.00% (1260 MHz:   0% 1512 MHz:   0% 1800 MHz:   0% 2088 MHz:   0% 2352 MHz:   0% 2616 MHz:   0% 2868 MHz:   0% 3096 MHz:   0% 3300 MHz:   0% 3468 MHz:   0% 3624 MHz:   0% 3756 MHz:   0% 3828 MHz:   0% 3888 MHz:   0% 3948 MHz:   0% 3996 MHz:   0% 4044 MHz:   0% 4104 MHz:   0% 4416 MHz:   0% 4512 MHz:   0%)
CPU 9 idle residency:   5.76%
CPU 9 down residency:  94.24%

P1-Cluster HW active frequency: 3966 MHz
P1-Cluster HW active residency:  98.42% (1260 MHz:   0% 1512 MHz:   0% 1800 MHz:   0% 2088 MHz:   0% 2352 MHz:   0% 2616 MHz:   0% 2868 MHz:   0% 3096 MHz:   0% 3300 MHz:   0% 3468 MHz:   0% 3624 MHz:   0% 3756 MHz:   0% 3828 MHz: .00% 3888 MHz:  12% 3948 MHz:  63% 3996 MHz:  11% 4044 MHz:  10% 4104 MHz:   0% 4416 MHz: .77% 4512 MHz: 1.1%)
P1-Cluster idle residency:   1.58%
P1-Cluster down residency:   0.00%
CPU 10 frequency: 4512 MHz
CPU 10 active residency:  37.44% (1260 MHz:   0% 1512 MHz:   0% 1800 MHz:   0% 2088 MHz:   0% 2352 MHz:   0% 2616 MHz:   0% 2868 MHz:   0% 3096 MHz:   0% 3300 MHz:   0% 3468 MHz:   0% 3624 MHz:   0% 3756 MHz:   0% 3828 MHz:   0% 3888 MHz:   0% 3948 MHz:   0% 3996 MHz:   0% 4044 MHz:   0% 4104 MHz:   0% 4416 MHz:   0% 4512 MHz:  37%)
CPU 10 idle residency:  62.56%
CPU 10 down residency:   0.00%
CPU 11 frequency: 4512 MHz
CPU 11 active residency:  57.76% (1260 MHz:   0% 1512 MHz:   0% 1800 MHz:   0% 2088 MHz:   0% 2352 MHz:   0% 2616 MHz:   0% 2868 MHz:   0% 3096 MHz:   0% 3300 MHz:   0% 3468 MHz:   0% 3624 MHz:   0% 3756 MHz:   0% 3828 MHz:   0% 3888 MHz:   0% 3948 MHz:   0% 3996 MHz:   0% 4044 MHz:   0% 4104 MHz:   0% 4416 MHz:   0% 4512 MHz:  58%)
CPU 11 idle residency:  42.24%
CPU 11 down residency:   0.00%
CPU 12 frequency: 4512 MHz
CPU 12 active residency:  66.18% (1260 MHz:   0% 1512 MHz:   0% 1800 MHz:   0% 2088 MHz:   0% 2352 MHz:   0% 2616 MHz:   0% 2868 MHz:   0% 3096 MHz:   0% 3300 MHz:   0% 3468 MHz:   0% 3624 MHz:   0% 3756 MHz:   0% 3828 MHz:   0% 3888 MHz:   0% 3948 MHz:   0% 3996 MHz:   0% 4044 MHz:   0% 4104 MHz:   0% 4416 MHz:   0% 4512 MHz:  66%)
CPU 12 idle residency:  33.82%
CPU 12 down residency:   0.00%
CPU 13 frequency: 4512 MHz
CPU 13 active residency:  35.13% (1260 MHz:   0% 1512 MHz:   0% 1800 MHz:   0% 2088 MHz:   0% 2352 MHz:   0% 2616 MHz:   0% 2868 MHz:   0% 3096 MHz:   0% 3300 MHz:   0% 3468 MHz:   0% 3624 MHz:   0% 3756 MHz:   0% 3828 MHz:   0% 3888 MHz:   0% 3948 MHz:   0% 3996 MHz:   0% 4044 MHz:   0% 4104 MHz:   0% 4416 MHz:   0% 4512 MHz:  35%)
CPU 13 idle residency:  64.87%
CPU 13 down residency:   0.00%
CPU 14 frequency: 4512 MHz
CPU 14 active residency:  51.36% (1260 MHz:   0% 1512 MHz:   0% 1800 MHz:   0% 2088 MHz:   0% 2352 MHz:   0% 2616 MHz:   0% 2868 MHz:   0% 3096 MHz:   0% 3300 MHz:   0% 3468 MHz:   0% 3624 MHz:   0% 3756 MHz:   0% 3828 MHz:   0% 3888 MHz:   0% 3948 MHz:   0% 3996 MHz:   0% 4044 MHz:   0% 4104 MHz:   0% 4416 MHz:   0% 4512 MHz:  51%)
CPU 14 idle residency:  48.64%
CPU 14 down residency:   0.00%
CPU 15 frequency: 4512 MHz
CPU 15 active residency:  58.84% (1260 MHz:   0% 1512 MHz:   0% 1800 MHz:   0% 2088 MHz:   0% 2352 MHz:   0% 2616 MHz:   0% 2868 MHz:   0% 3096 MHz:   0% 3300 MHz:   0% 3468 MHz:   0% 3624 MHz:   0% 3756 MHz:   0% 3828 MHz:   0% 3888 MHz:   0% 3948 MHz:   0% 3996 MHz:   0% 4044 MHz:   0% 4104 MHz:   0% 4416 MHz:   0% 4512 MHz:  59%)
CPU 15 idle residency:  41.16%
CPU 15 down residency:   0.00%

CPU Power: 6130 mW
GPU Power: 13135 mW
ANE Power: 0 mW
Combined Power (CPU + GPU + ANE): 19265 mW

**** GPU usage ****

GPU HW active frequency: 1159 MHz
GPU HW active residency: 100.00% (338 MHz:   0% 618 MHz:   0% 796 MHz:   0% 924 MHz:   0% 952 MHz:   0% 1056 MHz:  23% 1062 MHz:   0% 1182 MHz:  72% 1182 MHz:   0% 1312 MHz: 4.7% 1242 MHz:   0% 1380 MHz:   0% 1326 MHz:   0% 1470 MHz:   0% 1578 MHz:   0%)
GPU SW requested state: (P1 :   0% P2 :   0% P3 :   0% P4 :   0% P5 :   0% P6 :   0% P7 :   0% P8 :   0% P9 :   0% P10 : 100% P11 :   0% P12 :   0% P13 :   0% P14 :   0% P15 :   0%)
GPU SW state: (SW_P1 :   0% SW_P2 :   0% SW_P3 :   0% SW_P4 :   0% SW_P5 :  23% SW_P6 :  72% SW_P7 : 4.7% SW_P8 :   0% SW_P9 :   0% SW_P10 :   0% SW_P11 :   0% SW_P12 :   0% SW_P13 :   0% SW_P14 :   0% SW_P15 :   0%)
GPU idle residency:   0.00%
GPU Power: 13032 mW



*** Sampled system activity (Tue Jan 20 15:10:32 2026 +0100) (1021.27ms elapsed) ***


**** Processor usage ****

E-Cluster Online: 100%
E-Cluster HW active frequency: 2592 MHz
E-Cluster HW active residency:  61.60% (1020 MHz:   0% 1404 MHz:   0% 1788 MHz:   0% 2112 MHz:   0% 2352 MHz:   0% 2532 MHz: .00% 2592 MHz:  62%)
E-Cluster idle residency:  38.40%
E-Cluster down residency:   0.00%
CPU 0 frequency: 2592 MHz
CPU 0 active residency:  28.55% (1020 MHz:   0% 1404 MHz:   0% 1788 MHz:   0% 2112 MHz:   0% 2352 MHz:   0% 2532 MHz:   0% 2592 MHz:  29%)
CPU 0 idle residency:  71.45%
CPU 0 down residency:   0.00%
CPU 1 frequency: 2592 MHz
CPU 1 active residency:  15.46% (1020 MHz:   0% 1404 MHz:   0% 1788 MHz:   0% 2112 MHz:   0% 2352 MHz:   0% 2532 MHz:   0% 2592 MHz:  15%)
CPU 1 idle residency:  84.54%
CPU 1 down residency:   0.00%
CPU 2 frequency: 2592 MHz
CPU 2 active residency:   8.34% (1020 MHz:   0% 1404 MHz:   0% 1788 MHz:   0% 2112 MHz:   0% 2352 MHz:   0% 2532 MHz:   0% 2592 MHz: 8.3%)
CPU 2 idle residency:  91.66%
CPU 2 down residency:   0.00%
CPU 3 frequency: 2592 MHz
CPU 3 active residency:   3.84% (1020 MHz:   0% 1404 MHz:   0% 1788 MHz:   0% 2112 MHz:   0% 2352 MHz:   0% 2532 MHz:   0% 2592 MHz: 3.8%)
CPU 3 idle residency:  96.16%
CPU 3 down residency:   0.00%

P0-Cluster Online: 1%
P0-Cluster HW active frequency: 1260 MHz
P0-Cluster HW active residency:   0.21% (1260 MHz: .21% 1512 MHz:   0% 1800 MHz:   0% 2088 MHz:   0% 2352 MHz:   0% 2616 MHz:   0% 2868 MHz:   0% 3096 MHz:   0% 3300 MHz:   0% 3468 MHz:   0% 3624 MHz:   0% 3756 MHz:   0% 3828 MHz:   0% 3888 MHz:   0% 3948 MHz:   0% 3996 MHz:   0% 4044 MHz:   0% 4104 MHz:   0% 4416 MHz:   0% 4512 MHz:   0%)
P0-Cluster idle residency:   0.76%
P0-Cluster down residency:  99.03%
CPU 4 frequency: 0 MHz
CPU 4 active residency:   0.00% (1260 MHz:   0% 1512 MHz:   0% 1800 MHz:   0% 2088 MHz:   0% 2352 MHz:   0% 2616 MHz:   0% 2868 MHz:   0% 3096 MHz:   0% 3300 MHz:   0% 3468 MHz:   0% 3624 MHz:   0% 3756 MHz:   0% 3828 MHz:   0% 3888 MHz:   0% 3948 MHz:   0% 3996 MHz:   0% 4044 MHz:   0% 4104 MHz:   0% 4416 MHz:   0% 4512 MHz:   0%)
CPU 4 idle residency:   0.93%
CPU 4 down residency:  99.07%
CPU 5 frequency: 0 MHz
CPU 5 active residency:   0.00% (1260 MHz:   0% 1512 MHz:   0% 1800 MHz:   0% 2088 MHz:   0% 2352 MHz:   0% 2616 MHz:   0% 2868 MHz:   0% 3096 MHz:   0% 3300 MHz:   0% 3468 MHz:   0% 3624 MHz:   0% 3756 MHz:   0% 3828 MHz:   0% 3888 MHz:   0% 3948 MHz:   0% 3996 MHz:   0% 4044 MHz:   0% 4104 MHz:   0% 4416 MHz:   0% 4512 MHz:   0%)
CPU 5 idle residency:   0.93%
CPU 5 down residency:  99.07%
CPU 6 frequency: 0 MHz
CPU 6 active residency:   0.00% (1260 MHz:   0% 1512 MHz:   0% 1800 MHz:   0% 2088 MHz:   0% 2352 MHz:   0% 2616 MHz:   0% 2868 MHz:   0% 3096 MHz:   0% 3300 MHz:   0% 3468 MHz:   0% 3624 MHz:   0% 3756 MHz:   0% 3828 MHz:   0% 3888 MHz:   0% 3948 MHz:   0% 3996 MHz:   0% 4044 MHz:   0% 4104 MHz:   0% 4416 MHz:   0% 4512 MHz:   0%)
CPU 6 idle residency:   0.93%
CPU 6 down residency:  99.07%
CPU 7 frequency: 0 MHz
CPU 7 active residency:   0.00% (1260 MHz:   0% 1512 MHz:   0% 1800 MHz:   0% 2088 MHz:   0% 2352 MHz:   0% 2616 MHz:   0% 2868 MHz:   0% 3096 MHz:   0% 3300 MHz:   0% 3468 MHz:   0% 3624 MHz:   0% 3756 MHz:   0% 3828 MHz:   0% 3888 MHz:   0% 3948 MHz:   0% 3996 MHz:   0% 4044 MHz:   0% 4104 MHz:   0% 4416 MHz:   0% 4512 MHz:   0%)
CPU 7 idle residency:   0.93%
CPU 7 down residency:  99.07%
CPU 8 frequency: 0 MHz
CPU 8 active residency:   0.00% (1260 MHz:   0% 1512 MHz:   0% 1800 MHz:   0% 2088 MHz:   0% 2352 MHz:   0% 2616 MHz:   0% 2868 MHz:   0% 3096 MHz:   0% 3300 MHz:   0% 3468 MHz:   0% 3624 MHz:   0% 3756 MHz:   0% 3828 MHz:   0% 3888 MHz:   0% 3948 MHz:   0% 3996 MHz:   0% 4044 MHz:   0% 4104 MHz:   0% 4416 MHz:   0% 4512 MHz:   0%)
CPU 8 idle residency:   0.93%
CPU 8 down residency:  99.07%
CPU 9 frequency: 0 MHz
CPU 9 active residency:   0.00% (1260 MHz:   0% 1512 MHz:   0% 1800 MHz:   0% 2088 MHz:   0% 2352 MHz:   0% 2616 MHz:   0% 2868 MHz:   0% 3096 MHz:   0% 3300 MHz:   0% 3468 MHz:   0% 3624 MHz:   0% 3756 MHz:   0% 3828 MHz:   0% 3888 MHz:   0% 3948 MHz:   0% 3996 MHz:   0% 4044 MHz:   0% 4104 MHz:   0% 4416 MHz:   0% 4512 MHz:   0%)
CPU 9 idle residency:   0.93%
CPU 9 down residency:  99.07%

P1-Cluster HW active frequency: 3981 MHz
P1-Cluster HW active residency:  98.50% (1260 MHz: .01% 1512 MHz:   0% 1800 MHz:   0% 2088 MHz: .00% 2352 MHz:   0% 2616 MHz:   0% 2868 MHz:   0% 3096 MHz:   0% 3300 MHz:   0% 3468 MHz:   0% 3624 MHz:   0% 3756 MHz:   0% 3828 MHz:   0% 3888 MHz: 7.0% 3948 MHz:  67% 3996 MHz:  11% 4044 MHz: 8.9% 4104 MHz:   0% 4416 MHz: 1.9% 4512 MHz: 2.6%)
P1-Cluster idle residency:   1.50%
P1-Cluster down residency:   0.00%
CPU 10 frequency: 4512 MHz
CPU 10 active residency:  60.19% (1260 MHz:   0% 1512 MHz:   0% 1800 MHz:   0% 2088 MHz: .00% 2352 MHz:   0% 2616 MHz:   0% 2868 MHz:   0% 3096 MHz:   0% 3300 MHz:   0% 3468 MHz:   0% 3624 MHz:   0% 3756 MHz:   0% 3828 MHz:   0% 3888 MHz:   0% 3948 MHz:   0% 3996 MHz:   0% 4044 MHz:   0% 4104 MHz:   0% 4416 MHz:   0% 4512 MHz:  60%)
CPU 10 idle residency:  39.81%
CPU 10 down residency:   0.00%
CPU 11 frequency: 4512 MHz
CPU 11 active residency:  39.04% (1260 MHz:   0% 1512 MHz:   0% 1800 MHz:   0% 2088 MHz: .00% 2352 MHz:   0% 2616 MHz:   0% 2868 MHz:   0% 3096 MHz:   0% 3300 MHz:   0% 3468 MHz:   0% 3624 MHz:   0% 3756 MHz:   0% 3828 MHz:   0% 3888 MHz:   0% 3948 MHz:   0% 3996 MHz:   0% 4044 MHz:   0% 4104 MHz:   0% 4416 MHz:   0% 4512 MHz:  39%)
CPU 11 idle residency:  60.96%
CPU 11 down residency:   0.00%
CPU 12 frequency: 4512 MHz
CPU 12 active residency:  49.33% (1260 MHz:   0% 1512 MHz:   0% 1800 MHz:   0% 2088 MHz:   0% 2352 MHz:   0% 2616 MHz:   0% 2868 MHz:   0% 3096 MHz:   0% 3300 MHz:   0% 3468 MHz:   0% 3624 MHz:   0% 3756 MHz:   0% 3828 MHz:   0% 3888 MHz:   0% 3948 MHz:   0% 3996 MHz:   0% 4044 MHz:   0% 4104 MHz:   0% 4416 MHz:   0% 4512 MHz:  49%)
CPU 12 idle residency:  50.67%
CPU 12 down residency:   0.00%
CPU 13 frequency: 4511 MHz
CPU 13 active residency:  39.48% (1260 MHz: .01% 1512 MHz:   0% 1800 MHz:   0% 2088 MHz: .00% 2352 MHz:   0% 2616 MHz:   0% 2868 MHz:   0% 3096 MHz:   0% 3300 MHz:   0% 3468 MHz:   0% 3624 MHz:   0% 3756 MHz:   0% 3828 MHz:   0% 3888 MHz:   0% 3948 MHz:   0% 3996 MHz:   0% 4044 MHz:   0% 4104 MHz:   0% 4416 MHz:   0% 4512 MHz:  39%)
CPU 13 idle residency:  60.52%
CPU 13 down residency:   0.00%
CPU 14 frequency: 4512 MHz
CPU 14 active residency:  54.43% (1260 MHz:   0% 1512 MHz:   0% 1800 MHz:   0% 2088 MHz: .00% 2352 MHz:   0% 2616 MHz:   0% 2868 MHz:   0% 3096 MHz:   0% 3300 MHz:   0% 3468 MHz:   0% 3624 MHz:   0% 3756 MHz:   0% 3828 MHz:   0% 3888 MHz:   0% 3948 MHz:   0% 3996 MHz:   0% 4044 MHz:   0% 4104 MHz:   0% 4416 MHz:   0% 4512 MHz:  54%)
CPU 14 idle residency:  45.57%
CPU 14 down residency:   0.00%
CPU 15 frequency: 4512 MHz
CPU 15 active residency:  57.30% (1260 MHz:   0% 1512 MHz:   0% 1800 MHz:   0% 2088 MHz:   0% 2352 MHz:   0% 2616 MHz:   0% 2868 MHz:   0% 3096 MHz:   0% 3300 MHz:   0% 3468 MHz:   0% 3624 MHz:   0% 3756 MHz:   0% 3828 MHz:   0% 3888 MHz:   0% 3948 MHz:   0% 3996 MHz:   0% 4044 MHz:   0% 4104 MHz:   0% 4416 MHz:   0% 4512 MHz:  57%)
CPU 15 idle residency:  42.70%
CPU 15 down residency:   0.00%

CPU Power: 6008 mW
GPU Power: 13332 mW
ANE Power: 0 mW
Combined Power (CPU + GPU + ANE): 19341 mW

**** GPU usage ****

GPU HW active frequency: 1179 MHz
GPU HW active residency: 100.00% (338 MHz:   0% 618 MHz:   0% 796 MHz:   0% 924 MHz:   0% 952 MHz:   0% 1056 MHz:  12% 1062 MHz:   0% 1182 MHz:  78% 1182 MHz:   0% 1312 MHz: 9.4% 1242 MHz:   0% 1380 MHz:   0% 1326 MHz:   0% 1470 MHz:   0% 1578 MHz:   0%)
GPU SW requested state: (P1 :   0% P2 :   0% P3 :   0% P4 :   0% P5 :   0% P6 :   0% P7 :   0% P8 :   0% P9 :   0% P10 : 100% P11 :   0% P12 :   0% P13 :   0% P14 :   0% P15 :   0%)
GPU SW state: (SW_P1 :   0% SW_P2 :   0% SW_P3 :   0% SW_P4 :   0% SW_P5 :  12% SW_P6 :  78% SW_P7 : 9.4% SW_P8 :   0% SW_P9 :   0% SW_P10 :   0% SW_P11 :   0% SW_P12 :   0% SW_P13 :   0% SW_P14 :   0% SW_P15 :   0%)
GPU idle residency:   0.00%
GPU Power: 13440 mW



*** Sampled system activity (Tue Jan 20 15:10:33 2026 +0100) (1020.31ms elapsed) ***


**** Processor usage ****

E-Cluster Online: 100%
E-Cluster HW active frequency: 2550 MHz
E-Cluster HW active residency:  61.36% (1020 MHz: .90% 1404 MHz: .26% 1788 MHz: .67% 2112 MHz: .39% 2352 MHz: .65% 2532 MHz: .12% 2592 MHz:  58%)
E-Cluster idle residency:  38.64%
E-Cluster down residency:   0.00%
CPU 0 frequency: 2538 MHz
CPU 0 active residency:  30.08% (1020 MHz: .67% 1404 MHz: .17% 1788 MHz: .31% 2112 MHz: .11% 2352 MHz: .32% 2532 MHz: .07% 2592 MHz:  28%)
CPU 0 idle residency:  69.92%
CPU 0 down residency:   0.00%
CPU 1 frequency: 2523 MHz
CPU 1 active residency:  16.00% (1020 MHz: .47% 1404 MHz: .13% 1788 MHz: .17% 2112 MHz: .05% 2352 MHz: .18% 2532 MHz: .07% 2592 MHz:  15%)
CPU 1 idle residency:  84.00%
CPU 1 down residency:   0.00%
CPU 2 frequency: 2470 MHz
CPU 2 active residency:   9.12% (1020 MHz: .36% 1404 MHz: .17% 1788 MHz: .11% 2112 MHz: .29% 2352 MHz: .47% 2532 MHz: .10% 2592 MHz: 7.6%)
CPU 2 idle residency:  90.88%
CPU 2 down residency:   0.00%
CPU 3 frequency: 2468 MHz
CPU 3 active residency:   7.06% (1020 MHz: .21% 1404 MHz: .11% 1788 MHz: .41% 2112 MHz: .14% 2352 MHz: .07% 2532 MHz: .04% 2592 MHz: 6.1%)
CPU 3 idle residency:  92.94%
CPU 3 down residency:   0.00%

P0-Cluster Online: 15%
P0-Cluster HW active frequency: 2951 MHz
P0-Cluster HW active residency:   7.32% (1260 MHz: 2.4% 1512 MHz:   0% 1800 MHz: .15% 2088 MHz: .07% 2352 MHz: .05% 2616 MHz: .25% 2868 MHz:   0% 3096 MHz: .13% 3300 MHz: .08% 3468 MHz: .51% 3624 MHz:   0% 3756 MHz:   0% 3828 MHz:   0% 3888 MHz: .03% 3948 MHz: 1.1% 3996 MHz: 1.4% 4044 MHz: .35% 4104 MHz:   0% 4416 MHz: .21% 4512 MHz: .58%)
P0-Cluster idle residency:   7.14%
P0-Cluster down residency:  85.54%
CPU 4 frequency: 0 MHz
CPU 4 active residency:   0.00% (1260 MHz:   0% 1512 MHz:   0% 1800 MHz:   0% 2088 MHz:   0% 2352 MHz:   0% 2616 MHz:   0% 2868 MHz:   0% 3096 MHz:   0% 3300 MHz:   0% 3468 MHz:   0% 3624 MHz:   0% 3756 MHz:   0% 3828 MHz:   0% 3888 MHz:   0% 3948 MHz:   0% 3996 MHz:   0% 4044 MHz:   0% 4104 MHz:   0% 4416 MHz:   0% 4512 MHz:   0%)
CPU 4 idle residency:  14.22%
CPU 4 down residency:  85.78%
CPU 5 frequency: 0 MHz
CPU 5 active residency:   0.00% (1260 MHz:   0% 1512 MHz:   0% 1800 MHz:   0% 2088 MHz:   0% 2352 MHz:   0% 2616 MHz:   0% 2868 MHz:   0% 3096 MHz:   0% 3300 MHz:   0% 3468 MHz:   0% 3624 MHz:   0% 3756 MHz:   0% 3828 MHz:   0% 3888 MHz:   0% 3948 MHz:   0% 3996 MHz:   0% 4044 MHz:   0% 4104 MHz:   0% 4416 MHz:   0% 4512 MHz:   0%)
CPU 5 idle residency:  12.43%
CPU 5 down residency:  87.57%
CPU 6 frequency: 0 MHz
CPU 6 active residency:   0.00% (1260 MHz:   0% 1512 MHz:   0% 1800 MHz:   0% 2088 MHz:   0% 2352 MHz:   0% 2616 MHz:   0% 2868 MHz:   0% 3096 MHz:   0% 3300 MHz:   0% 3468 MHz:   0% 3624 MHz:   0% 3756 MHz:   0% 3828 MHz:   0% 3888 MHz:   0% 3948 MHz:   0% 3996 MHz:   0% 4044 MHz:   0% 4104 MHz:   0% 4416 MHz:   0% 4512 MHz:   0%)
CPU 6 idle residency:  12.00%
CPU 6 down residency:  88.00%
CPU 7 frequency: 0 MHz
CPU 7 active residency:   0.00% (1260 MHz:   0% 1512 MHz:   0% 1800 MHz:   0% 2088 MHz:   0% 2352 MHz:   0% 2616 MHz:   0% 2868 MHz:   0% 3096 MHz:   0% 3300 MHz:   0% 3468 MHz:   0% 3624 MHz:   0% 3756 MHz:   0% 3828 MHz:   0% 3888 MHz:   0% 3948 MHz:   0% 3996 MHz:   0% 4044 MHz:   0% 4104 MHz:   0% 4416 MHz:   0% 4512 MHz:   0%)
CPU 7 idle residency:  14.32%
CPU 7 down residency:  85.68%
CPU 8 frequency: 0 MHz
CPU 8 active residency:   0.00% (1260 MHz:   0% 1512 MHz:   0% 1800 MHz:   0% 2088 MHz:   0% 2352 MHz:   0% 2616 MHz:   0% 2868 MHz:   0% 3096 MHz:   0% 3300 MHz:   0% 3468 MHz:   0% 3624 MHz:   0% 3756 MHz:   0% 3828 MHz:   0% 3888 MHz:   0% 3948 MHz:   0% 3996 MHz:   0% 4044 MHz:   0% 4104 MHz:   0% 4416 MHz:   0% 4512 MHz:   0%)
CPU 8 idle residency:  12.23%
CPU 8 down residency:  87.77%
CPU 9 frequency: 0 MHz
CPU 9 active residency:   0.00% (1260 MHz:   0% 1512 MHz:   0% 1800 MHz:   0% 2088 MHz:   0% 2352 MHz:   0% 2616 MHz:   0% 2868 MHz:   0% 3096 MHz:   0% 3300 MHz:   0% 3468 MHz:   0% 3624 MHz:   0% 3756 MHz:   0% 3828 MHz:   0% 3888 MHz:   0% 3948 MHz:   0% 3996 MHz:   0% 4044 MHz:   0% 4104 MHz:   0% 4416 MHz:   0% 4512 MHz:   0%)
CPU 9 idle residency:  14.32%
CPU 9 down residency:  85.68%

P1-Cluster HW active frequency: 3981 MHz
P1-Cluster HW active residency:  98.73% (1260 MHz:   0% 1512 MHz:   0% 1800 MHz:   0% 2088 MHz:   0% 2352 MHz:   0% 2616 MHz:   0% 2868 MHz:   0% 3096 MHz:   0% 3300 MHz:   0% 3468 MHz:   0% 3624 MHz:   0% 3756 MHz:   0% 3828 MHz:   0% 3888 MHz:  11% 3948 MHz:  63% 3996 MHz:  11% 4044 MHz: 9.3% 4104 MHz:   0% 4416 MHz: 2.1% 4512 MHz: 2.7%)
P1-Cluster idle residency:   1.27%
P1-Cluster down residency:   0.00%
CPU 10 frequency: 4512 MHz
CPU 10 active residency:  49.97% (1260 MHz:   0% 1512 MHz:   0% 1800 MHz:   0% 2088 MHz:   0% 2352 MHz:   0% 2616 MHz:   0% 2868 MHz:   0% 3096 MHz:   0% 3300 MHz:   0% 3468 MHz:   0% 3624 MHz:   0% 3756 MHz:   0% 3828 MHz:   0% 3888 MHz:   0% 3948 MHz:   0% 3996 MHz:   0% 4044 MHz:   0% 4104 MHz:   0% 4416 MHz:   0% 4512 MHz:  50%)
CPU 10 idle residency:  50.03%
CPU 10 down residency:   0.00%
CPU 11 frequency: 4512 MHz
CPU 11 active residency:  36.35% (1260 MHz:   0% 1512 MHz:   0% 1800 MHz:   0% 2088 MHz:   0% 2352 MHz:   0% 2616 MHz:   0% 2868 MHz:   0% 3096 MHz:   0% 3300 MHz:   0% 3468 MHz:   0% 3624 MHz:   0% 3756 MHz:   0% 3828 MHz:   0% 3888 MHz:   0% 3948 MHz:   0% 3996 MHz:   0% 4044 MHz:   0% 4104 MHz:   0% 4416 MHz:   0% 4512 MHz:  36%)
CPU 11 idle residency:  63.65%
CPU 11 down residency:   0.00%
CPU 12 frequency: 4512 MHz
CPU 12 active residency:  40.51% (1260 MHz:   0% 1512 MHz:   0% 1800 MHz:   0% 2088 MHz:   0% 2352 MHz:   0% 2616 MHz:   0% 2868 MHz:   0% 3096 MHz:   0% 3300 MHz:   0% 3468 MHz:   0% 3624 MHz:   0% 3756 MHz:   0% 3828 MHz:   0% 3888 MHz:   0% 3948 MHz:   0% 3996 MHz:   0% 4044 MHz:   0% 4104 MHz:   0% 4416 MHz:   0% 4512 MHz:  41%)
CPU 12 idle residency:  59.49%
CPU 12 down residency:   0.00%
CPU 13 frequency: 4512 MHz
CPU 13 active residency:  56.14% (1260 MHz:   0% 1512 MHz:   0% 1800 MHz:   0% 2088 MHz:   0% 2352 MHz:   0% 2616 MHz:   0% 2868 MHz:   0% 3096 MHz:   0% 3300 MHz:   0% 3468 MHz:   0% 3624 MHz:   0% 3756 MHz:   0% 3828 MHz:   0% 3888 MHz:   0% 3948 MHz:   0% 3996 MHz:   0% 4044 MHz:   0% 4104 MHz:   0% 4416 MHz:   0% 4512 MHz:  56%)
CPU 13 idle residency:  43.86%
CPU 13 down residency:   0.00%
CPU 14 frequency: 4512 MHz
CPU 14 active residency:  64.40% (1260 MHz:   0% 1512 MHz:   0% 1800 MHz:   0% 2088 MHz:   0% 2352 MHz:   0% 2616 MHz:   0% 2868 MHz:   0% 3096 MHz:   0% 3300 MHz:   0% 3468 MHz:   0% 3624 MHz:   0% 3756 MHz:   0% 3828 MHz:   0% 3888 MHz:   0% 3948 MHz:   0% 3996 MHz:   0% 4044 MHz:   0% 4104 MHz:   0% 4416 MHz:   0% 4512 MHz:  64%)
CPU 14 idle residency:  35.60%
CPU 14 down residency:   0.00%
CPU 15 frequency: 4512 MHz
CPU 15 active residency:  60.73% (1260 MHz:   0% 1512 MHz:   0% 1800 MHz:   0% 2088 MHz:   0% 2352 MHz:   0% 2616 MHz:   0% 2868 MHz:   0% 3096 MHz:   0% 3300 MHz:   0% 3468 MHz:   0% 3624 MHz:   0% 3756 MHz:   0% 3828 MHz:   0% 3888 MHz:   0% 3948 MHz:   0% 3996 MHz:   0% 4044 MHz:   0% 4104 MHz:   0% 4416 MHz:   0% 4512 MHz:  61%)
CPU 15 idle residency:  39.27%
CPU 15 down residency:   0.00%

CPU Power: 6595 mW
GPU Power: 13515 mW
ANE Power: 0 mW
Combined Power (CPU + GPU + ANE): 20110 mW

**** GPU usage ****

GPU HW active frequency: 1189 MHz
GPU HW active residency: 100.00% (338 MHz:   0% 618 MHz:   0% 796 MHz:   0% 924 MHz:   0% 952 MHz:   0% 1056 MHz: 6.3% 1062 MHz:   0% 1182 MHz:  82% 1182 MHz:   0% 1312 MHz:  11% 1242 MHz:   0% 1380 MHz:   0% 1326 MHz:   0% 1470 MHz:   0% 1578 MHz:   0%)
GPU SW requested state: (P1 :   0% P2 :   0% P3 :   0% P4 :   0% P5 :   0% P6 :   0% P7 :   0% P8 :   0% P9 :   0% P10 : 100% P11 :   0% P12 :   0% P13 :   0% P14 :   0% P15 :   0%)
GPU SW state: (SW_P1 :   0% SW_P2 :   0% SW_P3 :   0% SW_P4 :   0% SW_P5 : 6.3% SW_P6 :  82% SW_P7 :  11% SW_P8 :   0% SW_P9 :   0% SW_P10 :   0% SW_P11 :   0% SW_P12 :   0% SW_P13 :   0% SW_P14 :   0% SW_P15 :   0%)
GPU idle residency:   0.00%
GPU Power: 13526 mW



*** Sampled system activity (Tue Jan 20 15:10:34 2026 +0100) (1019.77ms elapsed) ***


**** Processor usage ****

E-Cluster Online: 100%
E-Cluster HW active frequency: 2592 MHz
E-Cluster HW active residency:  62.21% (1020 MHz:   0% 1404 MHz:   0% 1788 MHz:   0% 2112 MHz:   0% 2352 MHz:   0% 2532 MHz: .00% 2592 MHz:  62%)
E-Cluster idle residency:  37.79%
E-Cluster down residency:   0.00%
CPU 0 frequency: 2592 MHz
CPU 0 active residency:  28.73% (1020 MHz:   0% 1404 MHz:   0% 1788 MHz:   0% 2112 MHz:   0% 2352 MHz:   0% 2532 MHz:   0% 2592 MHz:  29%)
CPU 0 idle residency:  71.27%
CPU 0 down residency:   0.00%
CPU 1 frequency: 2592 MHz
CPU 1 active residency:  18.25% (1020 MHz:   0% 1404 MHz:   0% 1788 MHz:   0% 2112 MHz:   0% 2352 MHz:   0% 2532 MHz:   0% 2592 MHz:  18%)
CPU 1 idle residency:  81.75%
CPU 1 down residency:   0.00%
CPU 2 frequency: 2592 MHz
CPU 2 active residency:   8.71% (1020 MHz:   0% 1404 MHz:   0% 1788 MHz:   0% 2112 MHz:   0% 2352 MHz:   0% 2532 MHz:   0% 2592 MHz: 8.7%)
CPU 2 idle residency:  91.29%
CPU 2 down residency:   0.00%
CPU 3 frequency: 2592 MHz
CPU 3 active residency:   5.41% (1020 MHz:   0% 1404 MHz:   0% 1788 MHz:   0% 2112 MHz:   0% 2352 MHz:   0% 2532 MHz:   0% 2592 MHz: 5.4%)
CPU 3 idle residency:  94.59%
CPU 3 down residency:   0.00%

P0-Cluster Online: 24%
P0-Cluster HW active frequency: 3923 MHz
P0-Cluster HW active residency:  19.40% (1260 MHz: .96% 1512 MHz:   0% 1800 MHz:   0% 2088 MHz:   0% 2352 MHz:   0% 2616 MHz:   0% 2868 MHz:   0% 3096 MHz:   0% 3300 MHz:   0% 3468 MHz:   0% 3624 MHz:   0% 3756 MHz:   0% 3828 MHz:   0% 3888 MHz: .72% 3948 MHz:  10% 3996 MHz: 1.6% 4044 MHz: 2.2% 4104 MHz:   0% 4416 MHz: 1.2% 4512 MHz: 2.3%)
P0-Cluster idle residency:   3.04%
P0-Cluster down residency:  77.56%
CPU 4 frequency: 4384 MHz
CPU 4 active residency:  17.26% (1260 MHz: .66% 1512 MHz:   0% 1800 MHz: .03% 2088 MHz:   0% 2352 MHz: .00% 2616 MHz:   0% 2868 MHz:   0% 3096 MHz:   0% 3300 MHz:   0% 3468 MHz:   0% 3624 MHz:   0% 3756 MHz:   0% 3828 MHz:   0% 3888 MHz:   0% 3948 MHz:   0% 3996 MHz:   0% 4044 MHz:   0% 4104 MHz:   0% 4416 MHz:   0% 4512 MHz:  17%)
CPU 4 idle residency:  15.03%
CPU 4 down residency:  67.70%
CPU 5 frequency: 4395 MHz
CPU 5 active residency:  23.27% (1260 MHz: .73% 1512 MHz: .00% 1800 MHz: .11% 2088 MHz:   0% 2352 MHz: .02% 2616 MHz:   0% 2868 MHz:   0% 3096 MHz: .00% 3300 MHz:   0% 3468 MHz: .02% 3624 MHz:   0% 3756 MHz:   0% 3828 MHz:   0% 3888 MHz:   0% 3948 MHz:   0% 3996 MHz:   0% 4044 MHz:   0% 4104 MHz:   0% 4416 MHz:   0% 4512 MHz:  22%)
CPU 5 idle residency:  10.81%
CPU 5 down residency:  65.93%
CPU 6 frequency: 4410 MHz
CPU 6 active residency:  25.90% (1260 MHz: .68% 1512 MHz: .00% 1800 MHz: .15% 2088 MHz:   0% 2352 MHz: .01% 2616 MHz:   0% 2868 MHz:   0% 3096 MHz:   0% 3300 MHz:   0% 3468 MHz:   0% 3624 MHz:   0% 3756 MHz:   0% 3828 MHz:   0% 3888 MHz:   0% 3948 MHz:   0% 3996 MHz:   0% 4044 MHz:   0% 4104 MHz:   0% 4416 MHz:   0% 4512 MHz:  25%)
CPU 6 idle residency:   8.81%
CPU 6 down residency:  65.29%
CPU 7 frequency: 4385 MHz
CPU 7 active residency:  17.73% (1260 MHz: .66% 1512 MHz:   0% 1800 MHz: .03% 2088 MHz:   0% 2352 MHz: .00% 2616 MHz:   0% 2868 MHz:   0% 3096 MHz:   0% 3300 MHz:   0% 3468 MHz: .01% 3624 MHz:   0% 3756 MHz:   0% 3828 MHz:   0% 3888 MHz:   0% 3948 MHz:   0% 3996 MHz:   0% 4044 MHz:   0% 4104 MHz:   0% 4416 MHz:   0% 4512 MHz:  17%)
CPU 7 idle residency:  15.36%
CPU 7 down residency:  66.91%
CPU 8 frequency: 4405 MHz
CPU 8 active residency:  22.85% (1260 MHz: .69% 1512 MHz: .00% 1800 MHz: .07% 2088 MHz:   0% 2352 MHz: .00% 2616 MHz:   0% 2868 MHz:   0% 3096 MHz:   0% 3300 MHz:   0% 3468 MHz: .00% 3624 MHz:   0% 3756 MHz:   0% 3828 MHz:   0% 3888 MHz:   0% 3948 MHz:   0% 3996 MHz:   0% 4044 MHz:   0% 4104 MHz:   0% 4416 MHz:   0% 4512 MHz:  22%)
CPU 8 idle residency:  11.13%
CPU 8 down residency:  66.01%
CPU 9 frequency: 4352 MHz
CPU 9 active residency:  13.92% (1260 MHz: .68% 1512 MHz: .00% 1800 MHz: .01% 2088 MHz:   0% 2352 MHz: .00% 2616 MHz:   0% 2868 MHz:   0% 3096 MHz:   0% 3300 MHz:   0% 3468 MHz:   0% 3624 MHz:   0% 3756 MHz:   0% 3828 MHz:   0% 3888 MHz:   0% 3948 MHz:   0% 3996 MHz:   0% 4044 MHz:   0% 4104 MHz:   0% 4416 MHz:   0% 4512 MHz:  13%)
CPU 9 idle residency:  16.40%
CPU 9 down residency:  69.68%

P1-Cluster HW active frequency: 3978 MHz
P1-Cluster HW active residency:  79.86% (1260 MHz: .08% 1512 MHz:   0% 1800 MHz:   0% 2088 MHz:   0% 2352 MHz:   0% 2616 MHz:   0% 2868 MHz:   0% 3096 MHz:   0% 3300 MHz:   0% 3468 MHz:   0% 3624 MHz:   0% 3756 MHz:   0% 3828 MHz: .00% 3888 MHz: 7.6% 3948 MHz:  50% 3996 MHz:  10% 4044 MHz: 8.9% 4104 MHz:   0% 4416 MHz: 1.2% 4512 MHz: 2.1%)
P1-Cluster idle residency:   1.98%
P1-Cluster down residency:  18.16%
CPU 10 frequency: 4512 MHz
CPU 10 active residency:  24.02% (1260 MHz:   0% 1512 MHz:   0% 1800 MHz:   0% 2088 MHz:   0% 2352 MHz:   0% 2616 MHz:   0% 2868 MHz:   0% 3096 MHz:   0% 3300 MHz:   0% 3468 MHz:   0% 3624 MHz:   0% 3756 MHz:   0% 3828 MHz:   0% 3888 MHz:   0% 3948 MHz:   0% 3996 MHz:   0% 4044 MHz:   0% 4104 MHz:   0% 4416 MHz:   0% 4512 MHz:  24%)
CPU 10 idle residency:  57.53%
CPU 10 down residency:  18.46%
CPU 11 frequency: 4512 MHz
CPU 11 active residency:  33.41% (1260 MHz:   0% 1512 MHz:   0% 1800 MHz:   0% 2088 MHz:   0% 2352 MHz:   0% 2616 MHz:   0% 2868 MHz:   0% 3096 MHz:   0% 3300 MHz:   0% 3468 MHz:   0% 3624 MHz:   0% 3756 MHz:   0% 3828 MHz:   0% 3888 MHz:   0% 3948 MHz:   0% 3996 MHz:   0% 4044 MHz:   0% 4104 MHz:   0% 4416 MHz:   0% 4512 MHz:  33%)
CPU 11 idle residency:  48.31%
CPU 11 down residency:  18.28%
CPU 12 frequency: 4512 MHz
CPU 12 active residency:  36.34% (1260 MHz:   0% 1512 MHz:   0% 1800 MHz:   0% 2088 MHz:   0% 2352 MHz:   0% 2616 MHz:   0% 2868 MHz:   0% 3096 MHz:   0% 3300 MHz:   0% 3468 MHz:   0% 3624 MHz:   0% 3756 MHz:   0% 3828 MHz:   0% 3888 MHz:   0% 3948 MHz:   0% 3996 MHz:   0% 4044 MHz:   0% 4104 MHz:   0% 4416 MHz:   0% 4512 MHz:  36%)
CPU 12 idle residency:  41.15%
CPU 12 down residency:  22.50%
CPU 13 frequency: 4512 MHz
CPU 13 active residency:  35.28% (1260 MHz:   0% 1512 MHz:   0% 1800 MHz:   0% 2088 MHz:   0% 2352 MHz:   0% 2616 MHz:   0% 2868 MHz:   0% 3096 MHz:   0% 3300 MHz:   0% 3468 MHz:   0% 3624 MHz:   0% 3756 MHz:   0% 3828 MHz:   0% 3888 MHz:   0% 3948 MHz:   0% 3996 MHz:   0% 4044 MHz:   0% 4104 MHz:   0% 4416 MHz:   0% 4512 MHz:  35%)
CPU 13 idle residency:  43.14%
CPU 13 down residency:  21.58%
CPU 14 frequency: 4512 MHz
CPU 14 active residency:  30.88% (1260 MHz:   0% 1512 MHz:   0% 1800 MHz:   0% 2088 MHz:   0% 2352 MHz:   0% 2616 MHz:   0% 2868 MHz:   0% 3096 MHz:   0% 3300 MHz:   0% 3468 MHz:   0% 3624 MHz:   0% 3756 MHz:   0% 3828 MHz:   0% 3888 MHz:   0% 3948 MHz:   0% 3996 MHz:   0% 4044 MHz:   0% 4104 MHz:   0% 4416 MHz:   0% 4512 MHz:  31%)
CPU 14 idle residency:  47.51%
CPU 14 down residency:  21.61%
CPU 15 frequency: 4512 MHz
CPU 15 active residency:  36.08% (1260 MHz:   0% 1512 MHz:   0% 1800 MHz:   0% 2088 MHz:   0% 2352 MHz:   0% 2616 MHz:   0% 2868 MHz:   0% 3096 MHz:   0% 3300 MHz:   0% 3468 MHz:   0% 3624 MHz:   0% 3756 MHz:   0% 3828 MHz:   0% 3888 MHz:   0% 3948 MHz:   0% 3996 MHz:   0% 4044 MHz:   0% 4104 MHz:   0% 4416 MHz:   0% 4512 MHz:  36%)
CPU 15 idle residency:  42.06%
CPU 15 down residency:  21.85%

CPU Power: 5938 mW
GPU Power: 13896 mW
ANE Power: 0 mW
Combined Power (CPU + GPU + ANE): 19834 mW

**** GPU usage ****

GPU HW active frequency: 1204 MHz
GPU HW active residency: 100.00% (338 MHz:   0% 618 MHz:   0% 796 MHz:   0% 924 MHz:   0% 952 MHz:   0% 1056 MHz: 2.2% 1062 MHz:   0% 1182 MHz:  79% 1182 MHz:   0% 1312 MHz:  19% 1242 MHz:   0% 1380 MHz:   0% 1326 MHz:   0% 1470 MHz:   0% 1578 MHz:   0%)
GPU SW requested state: (P1 :   0% P2 :   0% P3 :   0% P4 :   0% P5 :   0% P6 :   0% P7 :   0% P8 :   0% P9 :   0% P10 : 100% P11 :   0% P12 :   0% P13 :   0% P14 :   0% P15 :   0%)
GPU SW state: (SW_P1 :   0% SW_P2 :   0% SW_P3 :   0% SW_P4 :   0% SW_P5 : 2.2% SW_P6 :  79% SW_P7 :  19% SW_P8 :   0% SW_P9 :   0% SW_P10 :   0% SW_P11 :   0% SW_P12 :   0% SW_P13 :   0% SW_P14 :   0% SW_P15 :   0%)
GPU idle residency:   0.00%
GPU Power: 13886 mW



*** Sampled system activity (Tue Jan 20 15:10:35 2026 +0100) (1020.97ms elapsed) ***


**** Processor usage ****

E-Cluster Online: 100%
E-Cluster HW active frequency: 2592 MHz
E-Cluster HW active residency:  65.36% (1020 MHz:   0% 1404 MHz:   0% 1788 MHz:   0% 2112 MHz:   0% 2352 MHz:   0% 2532 MHz: .00% 2592 MHz:  65%)
E-Cluster idle residency:  34.64%
E-Cluster down residency:   0.00%
CPU 0 frequency: 2592 MHz
CPU 0 active residency:  33.03% (1020 MHz:   0% 1404 MHz:   0% 1788 MHz:   0% 2112 MHz:   0% 2352 MHz:   0% 2532 MHz:   0% 2592 MHz:  33%)
CPU 0 idle residency:  66.97%
CPU 0 down residency:   0.00%
CPU 1 frequency: 2592 MHz
CPU 1 active residency:  18.50% (1020 MHz:   0% 1404 MHz:   0% 1788 MHz:   0% 2112 MHz:   0% 2352 MHz:   0% 2532 MHz:   0% 2592 MHz:  18%)
CPU 1 idle residency:  81.50%
CPU 1 down residency:   0.00%
CPU 2 frequency: 2592 MHz
CPU 2 active residency:  11.03% (1020 MHz:   0% 1404 MHz:   0% 1788 MHz:   0% 2112 MHz:   0% 2352 MHz:   0% 2532 MHz:   0% 2592 MHz:  11%)
CPU 2 idle residency:  88.97%
CPU 2 down residency:   0.00%
CPU 3 frequency: 2592 MHz
CPU 3 active residency:   5.25% (1020 MHz:   0% 1404 MHz:   0% 1788 MHz:   0% 2112 MHz:   0% 2352 MHz:   0% 2532 MHz:   0% 2592 MHz: 5.2%)
CPU 3 idle residency:  94.75%
CPU 3 down residency:   0.00%

P0-Cluster Online: 100%
P0-Cluster HW active frequency: 3984 MHz
P0-Cluster HW active residency:  98.38% (1260 MHz: .01% 1512 MHz:   0% 1800 MHz:   0% 2088 MHz:   0% 2352 MHz:   0% 2616 MHz:   0% 2868 MHz:   0% 3096 MHz:   0% 3300 MHz:   0% 3468 MHz:   0% 3624 MHz:   0% 3756 MHz:   0% 3828 MHz: .00% 3888 MHz:  12% 3948 MHz:  64% 3996 MHz: 9.4% 4044 MHz: 8.1% 4104 MHz:   0% 4416 MHz: 2.4% 4512 MHz: 3.4%)
P0-Cluster idle residency:   1.62%
P0-Cluster down residency:   0.00%
CPU 4 frequency: 4512 MHz
CPU 4 active residency:  63.53% (1260 MHz:   0% 1512 MHz:   0% 1800 MHz:   0% 2088 MHz:   0% 2352 MHz:   0% 2616 MHz:   0% 2868 MHz:   0% 3096 MHz:   0% 3300 MHz:   0% 3468 MHz:   0% 3624 MHz:   0% 3756 MHz:   0% 3828 MHz:   0% 3888 MHz:   0% 3948 MHz:   0% 3996 MHz:   0% 4044 MHz:   0% 4104 MHz:   0% 4416 MHz:   0% 4512 MHz:  64%)
CPU 4 idle residency:  36.47%
CPU 4 down residency:   0.00%
CPU 5 frequency: 4512 MHz
CPU 5 active residency:  61.35% (1260 MHz:   0% 1512 MHz:   0% 1800 MHz:   0% 2088 MHz:   0% 2352 MHz:   0% 2616 MHz:   0% 2868 MHz:   0% 3096 MHz:   0% 3300 MHz:   0% 3468 MHz:   0% 3624 MHz:   0% 3756 MHz:   0% 3828 MHz:   0% 3888 MHz:   0% 3948 MHz:   0% 3996 MHz:   0% 4044 MHz:   0% 4104 MHz:   0% 4416 MHz:   0% 4512 MHz:  61%)
CPU 5 idle residency:  38.65%
CPU 5 down residency:   0.00%
CPU 6 frequency: 4512 MHz
CPU 6 active residency:  58.32% (1260 MHz: .01% 1512 MHz:   0% 1800 MHz:   0% 2088 MHz:   0% 2352 MHz:   0% 2616 MHz:   0% 2868 MHz:   0% 3096 MHz:   0% 3300 MHz:   0% 3468 MHz:   0% 3624 MHz:   0% 3756 MHz:   0% 3828 MHz:   0% 3888 MHz:   0% 3948 MHz:   0% 3996 MHz:   0% 4044 MHz:   0% 4104 MHz:   0% 4416 MHz:   0% 4512 MHz:  58%)
CPU 6 idle residency:  41.68%
CPU 6 down residency:   0.00%
CPU 7 frequency: 4512 MHz
CPU 7 active residency:  50.96% (1260 MHz:   0% 1512 MHz:   0% 1800 MHz:   0% 2088 MHz:   0% 2352 MHz:   0% 2616 MHz:   0% 2868 MHz:   0% 3096 MHz:   0% 3300 MHz:   0% 3468 MHz:   0% 3624 MHz:   0% 3756 MHz:   0% 3828 MHz:   0% 3888 MHz:   0% 3948 MHz:   0% 3996 MHz:   0% 4044 MHz:   0% 4104 MHz:   0% 4416 MHz:   0% 4512 MHz:  51%)
CPU 7 idle residency:  49.04%
CPU 7 down residency:   0.00%
CPU 8 frequency: 4512 MHz
CPU 8 active residency:  34.78% (1260 MHz:   0% 1512 MHz:   0% 1800 MHz:   0% 2088 MHz:   0% 2352 MHz:   0% 2616 MHz:   0% 2868 MHz:   0% 3096 MHz:   0% 3300 MHz:   0% 3468 MHz:   0% 3624 MHz:   0% 3756 MHz:   0% 3828 MHz:   0% 3888 MHz:   0% 3948 MHz:   0% 3996 MHz:   0% 4044 MHz:   0% 4104 MHz:   0% 4416 MHz:   0% 4512 MHz:  35%)
CPU 8 idle residency:  65.22%
CPU 8 down residency:   0.00%
CPU 9 frequency: 4512 MHz
CPU 9 active residency:  38.21% (1260 MHz:   0% 1512 MHz:   0% 1800 MHz:   0% 2088 MHz:   0% 2352 MHz:   0% 2616 MHz:   0% 2868 MHz:   0% 3096 MHz:   0% 3300 MHz:   0% 3468 MHz:   0% 3624 MHz:   0% 3756 MHz:   0% 3828 MHz:   0% 3888 MHz:   0% 3948 MHz:   0% 3996 MHz:   0% 4044 MHz:   0% 4104 MHz:   0% 4416 MHz:   0% 4512 MHz:  38%)
CPU 9 idle residency:  61.79%
CPU 9 down residency:   0.00%

P1-Cluster HW active frequency: 1860 MHz
P1-Cluster HW active residency:   2.14% (1260 MHz: 1.5% 1512 MHz:   0% 1800 MHz: .23% 2088 MHz:   0% 2352 MHz:   0% 2616 MHz:   0% 2868 MHz:   0% 3096 MHz:   0% 3300 MHz:   0% 3468 MHz:   0% 3624 MHz:   0% 3756 MHz:   0% 3828 MHz:   0% 3888 MHz: .02% 3948 MHz: .02% 3996 MHz: .00% 4044 MHz: .22% 4104 MHz:   0% 4416 MHz: .01% 4512 MHz: .12%)
P1-Cluster idle residency:   2.80%
P1-Cluster down residency:  95.06%
CPU 10 frequency: 0 MHz
CPU 10 active residency:   0.00% (1260 MHz:   0% 1512 MHz:   0% 1800 MHz:   0% 2088 MHz:   0% 2352 MHz:   0% 2616 MHz:   0% 2868 MHz:   0% 3096 MHz:   0% 3300 MHz:   0% 3468 MHz:   0% 3624 MHz:   0% 3756 MHz:   0% 3828 MHz:   0% 3888 MHz:   0% 3948 MHz:   0% 3996 MHz:   0% 4044 MHz:   0% 4104 MHz:   0% 4416 MHz:   0% 4512 MHz:   0%)
CPU 10 idle residency:   4.58%
CPU 10 down residency:  95.42%
CPU 11 frequency: 0 MHz
CPU 11 active residency:   0.00% (1260 MHz:   0% 1512 MHz:   0% 1800 MHz:   0% 2088 MHz:   0% 2352 MHz:   0% 2616 MHz:   0% 2868 MHz:   0% 3096 MHz:   0% 3300 MHz:   0% 3468 MHz:   0% 3624 MHz:   0% 3756 MHz:   0% 3828 MHz:   0% 3888 MHz:   0% 3948 MHz:   0% 3996 MHz:   0% 4044 MHz:   0% 4104 MHz:   0% 4416 MHz:   0% 4512 MHz:   0%)
CPU 11 idle residency:   4.62%
CPU 11 down residency:  95.38%
CPU 12 frequency: 0 MHz
CPU 12 active residency:   0.00% (1260 MHz:   0% 1512 MHz:   0% 1800 MHz:   0% 2088 MHz:   0% 2352 MHz:   0% 2616 MHz:   0% 2868 MHz:   0% 3096 MHz:   0% 3300 MHz:   0% 3468 MHz:   0% 3624 MHz:   0% 3756 MHz:   0% 3828 MHz:   0% 3888 MHz:   0% 3948 MHz:   0% 3996 MHz:   0% 4044 MHz:   0% 4104 MHz:   0% 4416 MHz:   0% 4512 MHz:   0%)
CPU 12 idle residency:   4.65%
CPU 12 down residency:  95.35%
CPU 13 frequency: 0 MHz
CPU 13 active residency:   0.00% (1260 MHz:   0% 1512 MHz:   0% 1800 MHz:   0% 2088 MHz:   0% 2352 MHz:   0% 2616 MHz:   0% 2868 MHz:   0% 3096 MHz:   0% 3300 MHz:   0% 3468 MHz:   0% 3624 MHz:   0% 3756 MHz:   0% 3828 MHz:   0% 3888 MHz:   0% 3948 MHz:   0% 3996 MHz:   0% 4044 MHz:   0% 4104 MHz:   0% 4416 MHz:   0% 4512 MHz:   0%)
CPU 13 idle residency:   4.60%
CPU 13 down residency:  95.40%
CPU 14 frequency: 0 MHz
CPU 14 active residency:   0.00% (1260 MHz:   0% 1512 MHz:   0% 1800 MHz:   0% 2088 MHz:   0% 2352 MHz:   0% 2616 MHz:   0% 2868 MHz:   0% 3096 MHz:   0% 3300 MHz:   0% 3468 MHz:   0% 3624 MHz:   0% 3756 MHz:   0% 3828 MHz:   0% 3888 MHz:   0% 3948 MHz:   0% 3996 MHz:   0% 4044 MHz:   0% 4104 MHz:   0% 4416 MHz:   0% 4512 MHz:   0%)
CPU 14 idle residency:   4.66%
CPU 14 down residency:  95.34%
CPU 15 frequency: 0 MHz
CPU 15 active residency:   0.00% (1260 MHz:   0% 1512 MHz:   0% 1800 MHz:   0% 2088 MHz:   0% 2352 MHz:   0% 2616 MHz:   0% 2868 MHz:   0% 3096 MHz:   0% 3300 MHz:   0% 3468 MHz:   0% 3624 MHz:   0% 3756 MHz:   0% 3828 MHz:   0% 3888 MHz:   0% 3948 MHz:   0% 3996 MHz:   0% 4044 MHz:   0% 4104 MHz:   0% 4416 MHz:   0% 4512 MHz:   0%)
CPU 15 idle residency:   4.58%
CPU 15 down residency:  95.42%

CPU Power: 6354 mW
GPU Power: 14016 mW
ANE Power: 0 mW
Combined Power (CPU + GPU + ANE): 20370 mW

**** GPU usage ****

GPU HW active frequency: 1219 MHz
GPU HW active residency: 100.00% (338 MHz:   0% 618 MHz:   0% 796 MHz:   0% 924 MHz:   0% 952 MHz:   0% 1056 MHz:   0% 1062 MHz:   0% 1182 MHz:  72% 1182 MHz:   0% 1312 MHz:  28% 1242 MHz:   0% 1380 MHz:   0% 1326 MHz:   0% 1470 MHz:   0% 1578 MHz:   0%)
GPU SW requested state: (P1 :   0% P2 :   0% P3 :   0% P4 :   0% P5 :   0% P6 :   0% P7 :   0% P8 :   0% P9 :   0% P10 : 100% P11 :   0% P12 :   0% P13 :   0% P14 :   0% P15 :   0%)
GPU SW state: (SW_P1 :   0% SW_P2 :   0% SW_P3 :   0% SW_P4 :   0% SW_P5 :   0% SW_P6 :  72% SW_P7 :  28% SW_P8 :   0% SW_P9 :   0% SW_P10 :   0% SW_P11 :   0% SW_P12 :   0% SW_P13 :   0% SW_P14 :   0% SW_P15 :   0%)
GPU idle residency:   0.00%
GPU Power: 14020 mW



*** Sampled system activity (Tue Jan 20 15:10:36 2026 +0100) (1022.13ms elapsed) ***


**** Processor usage ****

E-Cluster Online: 100%
E-Cluster HW active frequency: 2592 MHz
E-Cluster HW active residency:  62.02% (1020 MHz:   0% 1404 MHz:   0% 1788 MHz:   0% 2112 MHz:   0% 2352 MHz:   0% 2532 MHz: .00% 2592 MHz:  62%)
E-Cluster idle residency:  37.98%
E-Cluster down residency:   0.00%
CPU 0 frequency: 2592 MHz
CPU 0 active residency:  30.48% (1020 MHz:   0% 1404 MHz:   0% 1788 MHz:   0% 2112 MHz:   0% 2352 MHz:   0% 2532 MHz:   0% 2592 MHz:  30%)
CPU 0 idle residency:  69.52%
CPU 0 down residency:   0.00%
CPU 1 frequency: 2592 MHz
CPU 1 active residency:  15.26% (1020 MHz:   0% 1404 MHz:   0% 1788 MHz:   0% 2112 MHz:   0% 2352 MHz:   0% 2532 MHz:   0% 2592 MHz:  15%)
CPU 1 idle residency:  84.74%
CPU 1 down residency:   0.00%
CPU 2 frequency: 2592 MHz
CPU 2 active residency:   8.97% (1020 MHz:   0% 1404 MHz:   0% 1788 MHz:   0% 2112 MHz:   0% 2352 MHz:   0% 2532 MHz:   0% 2592 MHz: 9.0%)
CPU 2 idle residency:  91.03%
CPU 2 down residency:   0.00%
CPU 3 frequency: 2592 MHz
CPU 3 active residency:   5.26% (1020 MHz:   0% 1404 MHz:   0% 1788 MHz:   0% 2112 MHz:   0% 2352 MHz:   0% 2532 MHz:   0% 2592 MHz: 5.3%)
CPU 3 idle residency:  94.74%
CPU 3 down residency:   0.00%

P0-Cluster Online: 100%
P0-Cluster HW active frequency: 3989 MHz
P0-Cluster HW active residency:  99.09% (1260 MHz:   0% 1512 MHz:   0% 1800 MHz:   0% 2088 MHz:   0% 2352 MHz:   0% 2616 MHz:   0% 2868 MHz:   0% 3096 MHz:   0% 3300 MHz:   0% 3468 MHz:   0% 3624 MHz:   0% 3756 MHz:   0% 3828 MHz: .00% 3888 MHz: 9.5% 3948 MHz:  65% 3996 MHz:  11% 4044 MHz: 8.1% 4104 MHz:   0% 4416 MHz: 2.8% 4512 MHz: 3.6%)
P0-Cluster idle residency:   0.91%
P0-Cluster down residency:   0.00%
CPU 4 frequency: 4512 MHz
CPU 4 active residency:  58.27% (1260 MHz:   0% 1512 MHz:   0% 1800 MHz:   0% 2088 MHz:   0% 2352 MHz:   0% 2616 MHz:   0% 2868 MHz:   0% 3096 MHz:   0% 3300 MHz:   0% 3468 MHz:   0% 3624 MHz:   0% 3756 MHz:   0% 3828 MHz:   0% 3888 MHz:   0% 3948 MHz:   0% 3996 MHz:   0% 4044 MHz:   0% 4104 MHz:   0% 4416 MHz:   0% 4512 MHz:  58%)
CPU 4 idle residency:  41.73%
CPU 4 down residency:   0.00%
CPU 5 frequency: 4512 MHz
CPU 5 active residency:  38.75% (1260 MHz:   0% 1512 MHz:   0% 1800 MHz:   0% 2088 MHz:   0% 2352 MHz:   0% 2616 MHz:   0% 2868 MHz:   0% 3096 MHz:   0% 3300 MHz:   0% 3468 MHz:   0% 3624 MHz:   0% 3756 MHz:   0% 3828 MHz:   0% 3888 MHz:   0% 3948 MHz:   0% 3996 MHz:   0% 4044 MHz:   0% 4104 MHz:   0% 4416 MHz:   0% 4512 MHz:  39%)
CPU 5 idle residency:  61.25%
CPU 5 down residency:   0.00%
CPU 6 frequency: 4512 MHz
CPU 6 active residency:  32.33% (1260 MHz:   0% 1512 MHz:   0% 1800 MHz:   0% 2088 MHz:   0% 2352 MHz:   0% 2616 MHz:   0% 2868 MHz:   0% 3096 MHz:   0% 3300 MHz:   0% 3468 MHz:   0% 3624 MHz:   0% 3756 MHz:   0% 3828 MHz:   0% 3888 MHz:   0% 3948 MHz:   0% 3996 MHz:   0% 4044 MHz:   0% 4104 MHz:   0% 4416 MHz:   0% 4512 MHz:  32%)
CPU 6 idle residency:  67.67%
CPU 6 down residency:   0.00%
CPU 7 frequency: 4512 MHz
CPU 7 active residency:  54.18% (1260 MHz:   0% 1512 MHz:   0% 1800 MHz:   0% 2088 MHz:   0% 2352 MHz:   0% 2616 MHz:   0% 2868 MHz:   0% 3096 MHz:   0% 3300 MHz:   0% 3468 MHz:   0% 3624 MHz:   0% 3756 MHz:   0% 3828 MHz:   0% 3888 MHz:   0% 3948 MHz:   0% 3996 MHz:   0% 4044 MHz:   0% 4104 MHz:   0% 4416 MHz:   0% 4512 MHz:  54%)
CPU 7 idle residency:  45.82%
CPU 7 down residency:   0.00%
CPU 8 frequency: 4512 MHz
CPU 8 active residency:  59.01% (1260 MHz:   0% 1512 MHz:   0% 1800 MHz:   0% 2088 MHz:   0% 2352 MHz:   0% 2616 MHz:   0% 2868 MHz:   0% 3096 MHz:   0% 3300 MHz:   0% 3468 MHz:   0% 3624 MHz:   0% 3756 MHz:   0% 3828 MHz:   0% 3888 MHz:   0% 3948 MHz:   0% 3996 MHz:   0% 4044 MHz:   0% 4104 MHz:   0% 4416 MHz:   0% 4512 MHz:  59%)
CPU 8 idle residency:  40.99%
CPU 8 down residency:   0.00%
CPU 9 frequency: 4512 MHz
CPU 9 active residency:  58.65% (1260 MHz:   0% 1512 MHz:   0% 1800 MHz:   0% 2088 MHz:   0% 2352 MHz:   0% 2616 MHz:   0% 2868 MHz:   0% 3096 MHz:   0% 3300 MHz:   0% 3468 MHz:   0% 3624 MHz:   0% 3756 MHz:   0% 3828 MHz:   0% 3888 MHz:   0% 3948 MHz:   0% 3996 MHz:   0% 4044 MHz:   0% 4104 MHz:   0% 4416 MHz:   0% 4512 MHz:  59%)
CPU 9 idle residency:  41.35%
CPU 9 down residency:   0.00%

P1-Cluster HW active frequency: 1928 MHz
P1-Cluster HW active residency:   0.63% (1260 MHz: .48% 1512 MHz:   0% 1800 MHz:   0% 2088 MHz: .02% 2352 MHz:   0% 2616 MHz:   0% 2868 MHz:   0% 3096 MHz:   0% 3300 MHz:   0% 3468 MHz:   0% 3624 MHz:   0% 3756 MHz:   0% 3828 MHz:   0% 3888 MHz: .03% 3948 MHz:   0% 3996 MHz:   0% 4044 MHz:   0% 4104 MHz:   0% 4416 MHz: .00% 4512 MHz: .10%)
P1-Cluster idle residency:   1.82%
P1-Cluster down residency:  97.55%
CPU 10 frequency: 0 MHz
CPU 10 active residency:   0.00% (1260 MHz:   0% 1512 MHz:   0% 1800 MHz:   0% 2088 MHz:   0% 2352 MHz:   0% 2616 MHz:   0% 2868 MHz:   0% 3096 MHz:   0% 3300 MHz:   0% 3468 MHz:   0% 3624 MHz:   0% 3756 MHz:   0% 3828 MHz:   0% 3888 MHz:   0% 3948 MHz:   0% 3996 MHz:   0% 4044 MHz:   0% 4104 MHz:   0% 4416 MHz:   0% 4512 MHz:   0%)
CPU 10 idle residency:   2.31%
CPU 10 down residency:  97.69%
CPU 11 frequency: 0 MHz
CPU 11 active residency:   0.00% (1260 MHz:   0% 1512 MHz:   0% 1800 MHz:   0% 2088 MHz:   0% 2352 MHz:   0% 2616 MHz:   0% 2868 MHz:   0% 3096 MHz:   0% 3300 MHz:   0% 3468 MHz:   0% 3624 MHz:   0% 3756 MHz:   0% 3828 MHz:   0% 3888 MHz:   0% 3948 MHz:   0% 3996 MHz:   0% 4044 MHz:   0% 4104 MHz:   0% 4416 MHz:   0% 4512 MHz:   0%)
CPU 11 idle residency:   2.32%
CPU 11 down residency:  97.68%
CPU 12 frequency: 0 MHz
CPU 12 active residency:   0.00% (1260 MHz:   0% 1512 MHz:   0% 1800 MHz:   0% 2088 MHz:   0% 2352 MHz:   0% 2616 MHz:   0% 2868 MHz:   0% 3096 MHz:   0% 3300 MHz:   0% 3468 MHz:   0% 3624 MHz:   0% 3756 MHz:   0% 3828 MHz:   0% 3888 MHz:   0% 3948 MHz:   0% 3996 MHz:   0% 4044 MHz:   0% 4104 MHz:   0% 4416 MHz:   0% 4512 MHz:   0%)
CPU 12 idle residency:   2.32%
CPU 12 down residency:  97.68%
CPU 13 frequency: 0 MHz
CPU 13 active residency:   0.00% (1260 MHz:   0% 1512 MHz:   0% 1800 MHz:   0% 2088 MHz:   0% 2352 MHz:   0% 2616 MHz:   0% 2868 MHz:   0% 3096 MHz:   0% 3300 MHz:   0% 3468 MHz:   0% 3624 MHz:   0% 3756 MHz:   0% 3828 MHz:   0% 3888 MHz:   0% 3948 MHz:   0% 3996 MHz:   0% 4044 MHz:   0% 4104 MHz:   0% 4416 MHz:   0% 4512 MHz:   0%)
CPU 13 idle residency:   2.30%
CPU 13 down residency:  97.70%
CPU 14 frequency: 0 MHz
CPU 14 active residency:   0.00% (1260 MHz:   0% 1512 MHz:   0% 1800 MHz:   0% 2088 MHz:   0% 2352 MHz:   0% 2616 MHz:   0% 2868 MHz:   0% 3096 MHz:   0% 3300 MHz:   0% 3468 MHz:   0% 3624 MHz:   0% 3756 MHz:   0% 3828 MHz:   0% 3888 MHz:   0% 3948 MHz:   0% 3996 MHz:   0% 4044 MHz:   0% 4104 MHz:   0% 4416 MHz:   0% 4512 MHz:   0%)
CPU 14 idle residency:   2.32%
CPU 14 down residency:  97.68%
CPU 15 frequency: 0 MHz
CPU 15 active residency:   0.00% (1260 MHz:   0% 1512 MHz:   0% 1800 MHz:   0% 2088 MHz:   0% 2352 MHz:   0% 2616 MHz:   0% 2868 MHz:   0% 3096 MHz:   0% 3300 MHz:   0% 3468 MHz:   0% 3624 MHz:   0% 3756 MHz:   0% 3828 MHz:   0% 3888 MHz:   0% 3948 MHz:   0% 3996 MHz:   0% 4044 MHz:   0% 4104 MHz:   0% 4416 MHz:   0% 4512 MHz:   0%)
CPU 15 idle residency:   2.30%
CPU 15 down residency:  97.70%

CPU Power: 6210 mW
GPU Power: 14219 mW
ANE Power: 0 mW
Combined Power (CPU + GPU + ANE): 20429 mW

**** GPU usage ****

GPU HW active frequency: 1223 MHz
GPU HW active residency: 100.00% (338 MHz:   0% 618 MHz:   0% 796 MHz:   0% 924 MHz:   0% 952 MHz:   0% 1056 MHz:   0% 1062 MHz:   0% 1182 MHz:  69% 1182 MHz:   0% 1312 MHz:  31% 1242 MHz:   0% 1380 MHz:   0% 1326 MHz:   0% 1470 MHz:   0% 1578 MHz:   0%)
GPU SW requested state: (P1 :   0% P2 :   0% P3 :   0% P4 :   0% P5 :   0% P6 :   0% P7 :   0% P8 :   0% P9 :   0% P10 : 100% P11 :   0% P12 :   0% P13 :   0% P14 :   0% P15 :   0%)
GPU SW state: (SW_P1 :   0% SW_P2 :   0% SW_P3 :   0% SW_P4 :   0% SW_P5 :   0% SW_P6 :  69% SW_P7 :  31% SW_P8 :   0% SW_P9 :   0% SW_P10 :   0% SW_P11 :   0% SW_P12 :   0% SW_P13 :   0% SW_P14 :   0% SW_P15 :   0%)
GPU idle residency:   0.00%
GPU Power: 14220 mW



*** Sampled system activity (Tue Jan 20 15:10:37 2026 +0100) (1020.65ms elapsed) ***


**** Processor usage ****

E-Cluster Online: 100%
E-Cluster HW active frequency: 2592 MHz
E-Cluster HW active residency:  62.74% (1020 MHz:   0% 1404 MHz:   0% 1788 MHz:   0% 2112 MHz:   0% 2352 MHz:   0% 2532 MHz: .00% 2592 MHz:  63%)
E-Cluster idle residency:  37.26%
E-Cluster down residency:   0.00%
CPU 0 frequency: 2592 MHz
CPU 0 active residency:  31.90% (1020 MHz:   0% 1404 MHz:   0% 1788 MHz:   0% 2112 MHz:   0% 2352 MHz:   0% 2532 MHz:   0% 2592 MHz:  32%)
CPU 0 idle residency:  68.10%
CPU 0 down residency:   0.00%
CPU 1 frequency: 2592 MHz
CPU 1 active residency:  15.10% (1020 MHz:   0% 1404 MHz:   0% 1788 MHz:   0% 2112 MHz:   0% 2352 MHz:   0% 2532 MHz:   0% 2592 MHz:  15%)
CPU 1 idle residency:  84.90%
CPU 1 down residency:   0.00%
CPU 2 frequency: 2592 MHz
CPU 2 active residency:   8.53% (1020 MHz:   0% 1404 MHz:   0% 1788 MHz:   0% 2112 MHz:   0% 2352 MHz:   0% 2532 MHz:   0% 2592 MHz: 8.5%)
CPU 2 idle residency:  91.47%
CPU 2 down residency:   0.00%
CPU 3 frequency: 2592 MHz
CPU 3 active residency:   5.22% (1020 MHz:   0% 1404 MHz:   0% 1788 MHz:   0% 2112 MHz:   0% 2352 MHz:   0% 2532 MHz:   0% 2592 MHz: 5.2%)
CPU 3 idle residency:  94.78%
CPU 3 down residency:   0.00%

P0-Cluster Online: 100%
P0-Cluster HW active frequency: 3981 MHz
P0-Cluster HW active residency:  98.64% (1260 MHz:   0% 1512 MHz:   0% 1800 MHz:   0% 2088 MHz:   0% 2352 MHz:   0% 2616 MHz:   0% 2868 MHz:   0% 3096 MHz:   0% 3300 MHz:   0% 3468 MHz:   0% 3624 MHz:   0% 3756 MHz:   0% 3828 MHz:   0% 3888 MHz:  11% 3948 MHz:  65% 3996 MHz: 9.2% 4044 MHz: 7.4% 4104 MHz:   0% 4416 MHz: 2.2% 4512 MHz: 3.1%)
P0-Cluster idle residency:   1.36%
P0-Cluster down residency:   0.00%
CPU 4 frequency: 4512 MHz
CPU 4 active residency:  66.00% (1260 MHz:   0% 1512 MHz:   0% 1800 MHz:   0% 2088 MHz:   0% 2352 MHz:   0% 2616 MHz:   0% 2868 MHz:   0% 3096 MHz:   0% 3300 MHz:   0% 3468 MHz:   0% 3624 MHz:   0% 3756 MHz:   0% 3828 MHz:   0% 3888 MHz:   0% 3948 MHz:   0% 3996 MHz:   0% 4044 MHz:   0% 4104 MHz:   0% 4416 MHz:   0% 4512 MHz:  66%)
CPU 4 idle residency:  34.00%
CPU 4 down residency:   0.00%
CPU 5 frequency: 4512 MHz
CPU 5 active residency:  61.72% (1260 MHz:   0% 1512 MHz:   0% 1800 MHz:   0% 2088 MHz:   0% 2352 MHz:   0% 2616 MHz:   0% 2868 MHz:   0% 3096 MHz:   0% 3300 MHz:   0% 3468 MHz:   0% 3624 MHz:   0% 3756 MHz:   0% 3828 MHz:   0% 3888 MHz:   0% 3948 MHz:   0% 3996 MHz:   0% 4044 MHz:   0% 4104 MHz:   0% 4416 MHz:   0% 4512 MHz:  62%)
CPU 5 idle residency:  38.28%
CPU 5 down residency:   0.00%
CPU 6 frequency: 4512 MHz
CPU 6 active residency:  39.98% (1260 MHz:   0% 1512 MHz:   0% 1800 MHz:   0% 2088 MHz:   0% 2352 MHz:   0% 2616 MHz:   0% 2868 MHz:   0% 3096 MHz:   0% 3300 MHz:   0% 3468 MHz:   0% 3624 MHz:   0% 3756 MHz:   0% 3828 MHz:   0% 3888 MHz:   0% 3948 MHz:   0% 3996 MHz:   0% 4044 MHz:   0% 4104 MHz:   0% 4416 MHz:   0% 4512 MHz:  40%)
CPU 6 idle residency:  60.02%
CPU 6 down residency:   0.00%
CPU 7 frequency: 4512 MHz
CPU 7 active residency:  58.63% (1260 MHz:   0% 1512 MHz:   0% 1800 MHz:   0% 2088 MHz:   0% 2352 MHz:   0% 2616 MHz:   0% 2868 MHz:   0% 3096 MHz:   0% 3300 MHz:   0% 3468 MHz:   0% 3624 MHz:   0% 3756 MHz:   0% 3828 MHz:   0% 3888 MHz:   0% 3948 MHz:   0% 3996 MHz:   0% 4044 MHz:   0% 4104 MHz:   0% 4416 MHz:   0% 4512 MHz:  59%)
CPU 7 idle residency:  41.37%
CPU 7 down residency:   0.00%
CPU 8 frequency: 4512 MHz
CPU 8 active residency:  49.37% (1260 MHz:   0% 1512 MHz:   0% 1800 MHz:   0% 2088 MHz:   0% 2352 MHz:   0% 2616 MHz:   0% 2868 MHz:   0% 3096 MHz:   0% 3300 MHz:   0% 3468 MHz:   0% 3624 MHz:   0% 3756 MHz:   0% 3828 MHz:   0% 3888 MHz:   0% 3948 MHz:   0% 3996 MHz:   0% 4044 MHz:   0% 4104 MHz:   0% 4416 MHz:   0% 4512 MHz:  49%)
CPU 8 idle residency:  50.63%
CPU 8 down residency:   0.00%
CPU 9 frequency: 4512 MHz
CPU 9 active residency:  39.16% (1260 MHz:   0% 1512 MHz:   0% 1800 MHz:   0% 2088 MHz:   0% 2352 MHz:   0% 2616 MHz:   0% 2868 MHz:   0% 3096 MHz:   0% 3300 MHz:   0% 3468 MHz:   0% 3624 MHz:   0% 3756 MHz:   0% 3828 MHz:   0% 3888 MHz:   0% 3948 MHz:   0% 3996 MHz:   0% 4044 MHz:   0% 4104 MHz:   0% 4416 MHz:   0% 4512 MHz:  39%)
CPU 9 idle residency:  60.84%
CPU 9 down residency:   0.00%

P1-Cluster HW active frequency: 1679 MHz
P1-Cluster HW active residency:   1.26% (1260 MHz: 1.0% 1512 MHz:   0% 1800 MHz: .07% 2088 MHz:   0% 2352 MHz:   0% 2616 MHz:   0% 2868 MHz:   0% 3096 MHz:   0% 3300 MHz:   0% 3468 MHz:   0% 3624 MHz:   0% 3756 MHz:   0% 3828 MHz:   0% 3888 MHz: .02% 3948 MHz: .01% 3996 MHz:   0% 4044 MHz: .02% 4104 MHz:   0% 4416 MHz: .00% 4512 MHz: .11%)
P1-Cluster idle residency:   3.22%
P1-Cluster down residency:  95.52%
CPU 10 frequency: 0 MHz
CPU 10 active residency:   0.00% (1260 MHz:   0% 1512 MHz:   0% 1800 MHz:   0% 2088 MHz:   0% 2352 MHz:   0% 2616 MHz:   0% 2868 MHz:   0% 3096 MHz:   0% 3300 MHz:   0% 3468 MHz:   0% 3624 MHz:   0% 3756 MHz:   0% 3828 MHz:   0% 3888 MHz:   0% 3948 MHz:   0% 3996 MHz:   0% 4044 MHz:   0% 4104 MHz:   0% 4416 MHz:   0% 4512 MHz:   0%)
CPU 10 idle residency:   4.27%
CPU 10 down residency:  95.73%
CPU 11 frequency: 0 MHz
CPU 11 active residency:   0.00% (1260 MHz:   0% 1512 MHz:   0% 1800 MHz:   0% 2088 MHz:   0% 2352 MHz:   0% 2616 MHz:   0% 2868 MHz:   0% 3096 MHz:   0% 3300 MHz:   0% 3468 MHz:   0% 3624 MHz:   0% 3756 MHz:   0% 3828 MHz:   0% 3888 MHz:   0% 3948 MHz:   0% 3996 MHz:   0% 4044 MHz:   0% 4104 MHz:   0% 4416 MHz:   0% 4512 MHz:   0%)
CPU 11 idle residency:   4.27%
CPU 11 down residency:  95.73%
CPU 12 frequency: 0 MHz
CPU 12 active residency:   0.00% (1260 MHz:   0% 1512 MHz:   0% 1800 MHz:   0% 2088 MHz:   0% 2352 MHz:   0% 2616 MHz:   0% 2868 MHz:   0% 3096 MHz:   0% 3300 MHz:   0% 3468 MHz:   0% 3624 MHz:   0% 3756 MHz:   0% 3828 MHz:   0% 3888 MHz:   0% 3948 MHz:   0% 3996 MHz:   0% 4044 MHz:   0% 4104 MHz:   0% 4416 MHz:   0% 4512 MHz:   0%)
CPU 12 idle residency:   4.28%
CPU 12 down residency:  95.72%
CPU 13 frequency: 0 MHz
CPU 13 active residency:   0.00% (1260 MHz:   0% 1512 MHz:   0% 1800 MHz:   0% 2088 MHz:   0% 2352 MHz:   0% 2616 MHz:   0% 2868 MHz:   0% 3096 MHz:   0% 3300 MHz:   0% 3468 MHz:   0% 3624 MHz:   0% 3756 MHz:   0% 3828 MHz:   0% 3888 MHz:   0% 3948 MHz:   0% 3996 MHz:   0% 4044 MHz:   0% 4104 MHz:   0% 4416 MHz:   0% 4512 MHz:   0%)
CPU 13 idle residency:   4.25%
CPU 13 down residency:  95.75%
CPU 14 frequency: 0 MHz
CPU 14 active residency:   0.00% (1260 MHz:   0% 1512 MHz:   0% 1800 MHz:   0% 2088 MHz:   0% 2352 MHz:   0% 2616 MHz:   0% 2868 MHz:   0% 3096 MHz:   0% 3300 MHz:   0% 3468 MHz:   0% 3624 MHz:   0% 3756 MHz:   0% 3828 MHz:   0% 3888 MHz:   0% 3948 MHz:   0% 3996 MHz:   0% 4044 MHz:   0% 4104 MHz:   0% 4416 MHz:   0% 4512 MHz:   0%)
CPU 14 idle residency:   4.29%
CPU 14 down residency:  95.71%
CPU 15 frequency: 0 MHz
CPU 15 active residency:   0.00% (1260 MHz:   0% 1512 MHz:   0% 1800 MHz:   0% 2088 MHz:   0% 2352 MHz:   0% 2616 MHz:   0% 2868 MHz:   0% 3096 MHz:   0% 3300 MHz:   0% 3468 MHz:   0% 3624 MHz:   0% 3756 MHz:   0% 3828 MHz:   0% 3888 MHz:   0% 3948 MHz:   0% 3996 MHz:   0% 4044 MHz:   0% 4104 MHz:   0% 4416 MHz:   0% 4512 MHz:   0%)
CPU 15 idle residency:   4.26%
CPU 15 down residency:  95.74%

CPU Power: 6424 mW
GPU Power: 14042 mW
ANE Power: 0 mW
Combined Power (CPU + GPU + ANE): 20466 mW

**** GPU usage ****

GPU HW active frequency: 1214 MHz
GPU HW active residency: 100.00% (338 MHz:   0% 618 MHz:   0% 796 MHz:   0% 924 MHz:   0% 952 MHz:   0% 1056 MHz:   0% 1062 MHz:   0% 1182 MHz:  75% 1182 MHz:   0% 1312 MHz:  25% 1242 MHz:   0% 1380 MHz:   0% 1326 MHz:   0% 1470 MHz:   0% 1578 MHz:   0%)
GPU SW requested state: (P1 :   0% P2 :   0% P3 :   0% P4 :   0% P5 :   0% P6 :   0% P7 :   0% P8 :   0% P9 :   0% P10 : 100% P11 :   0% P12 :   0% P13 :   0% P14 :   0% P15 :   0%)
GPU SW state: (SW_P1 :   0% SW_P2 :   0% SW_P3 :   0% SW_P4 :   0% SW_P5 :   0% SW_P6 :  75% SW_P7 :  25% SW_P8 :   0% SW_P9 :   0% SW_P10 :   0% SW_P11 :   0% SW_P12 :   0% SW_P13 :   0% SW_P14 :   0% SW_P15 :   0%)
GPU idle residency:   0.00%
GPU Power: 13928 mW



*** Sampled system activity (Tue Jan 20 15:10:38 2026 +0100) (1020.92ms elapsed) ***


**** Processor usage ****

E-Cluster Online: 100%
E-Cluster HW active frequency: 2564 MHz
E-Cluster HW active residency:  62.12% (1020 MHz: .69% 1404 MHz: .27% 1788 MHz: .19% 2112 MHz: .21% 2352 MHz: .36% 2532 MHz: .23% 2592 MHz:  60%)
E-Cluster idle residency:  37.88%
E-Cluster down residency:   0.00%
CPU 0 frequency: 2562 MHz
CPU 0 active residency:  28.30% (1020 MHz: .37% 1404 MHz: .11% 1788 MHz: .08% 2112 MHz: .07% 2352 MHz: .08% 2532 MHz: .10% 2592 MHz:  27%)
CPU 0 idle residency:  71.70%
CPU 0 down residency:   0.00%
CPU 1 frequency: 2507 MHz
CPU 1 active residency:  15.37% (1020 MHz: .65% 1404 MHz: .15% 1788 MHz: .03% 2112 MHz: .02% 2352 MHz: .28% 2532 MHz: .04% 2592 MHz:  14%)
CPU 1 idle residency:  84.63%
CPU 1 down residency:   0.00%
CPU 2 frequency: 2569 MHz
CPU 2 active residency:   7.94% (1020 MHz: .09% 1404 MHz: .01% 1788 MHz: .01% 2112 MHz: .02% 2352 MHz: .02% 2532 MHz: .02% 2592 MHz: 7.8%)
CPU 2 idle residency:  92.06%
CPU 2 down residency:   0.00%
CPU 3 frequency: 2585 MHz
CPU 3 active residency:   4.79% (1020 MHz: .01% 1404 MHz: .00% 1788 MHz: .01% 2112 MHz: .00% 2352 MHz: .03% 2532 MHz: .01% 2592 MHz: 4.7%)
CPU 3 idle residency:  95.21%
CPU 3 down residency:   0.00%

P0-Cluster Online: 100%
P0-Cluster HW active frequency: 3993 MHz
P0-Cluster HW active residency:  98.35% (1260 MHz:   0% 1512 MHz:   0% 1800 MHz:   0% 2088 MHz:   0% 2352 MHz:   0% 2616 MHz:   0% 2868 MHz:   0% 3096 MHz:   0% 3300 MHz:   0% 3468 MHz:   0% 3624 MHz:   0% 3756 MHz:   0% 3828 MHz:   0% 3888 MHz:  10% 3948 MHz:  62% 3996 MHz:  10% 4044 MHz: 8.6% 4104 MHz:   0% 4416 MHz: 2.7% 4512 MHz: 4.3%)
P0-Cluster idle residency:   1.65%
P0-Cluster down residency:   0.00%
CPU 4 frequency: 4512 MHz
CPU 4 active residency:  37.26% (1260 MHz:   0% 1512 MHz:   0% 1800 MHz:   0% 2088 MHz:   0% 2352 MHz:   0% 2616 MHz:   0% 2868 MHz:   0% 3096 MHz:   0% 3300 MHz:   0% 3468 MHz:   0% 3624 MHz:   0% 3756 MHz:   0% 3828 MHz:   0% 3888 MHz:   0% 3948 MHz:   0% 3996 MHz:   0% 4044 MHz:   0% 4104 MHz:   0% 4416 MHz:   0% 4512 MHz:  37%)
CPU 4 idle residency:  62.74%
CPU 4 down residency:   0.00%
CPU 5 frequency: 4512 MHz
CPU 5 active residency:  54.86% (1260 MHz:   0% 1512 MHz:   0% 1800 MHz:   0% 2088 MHz:   0% 2352 MHz:   0% 2616 MHz:   0% 2868 MHz:   0% 3096 MHz:   0% 3300 MHz:   0% 3468 MHz:   0% 3624 MHz:   0% 3756 MHz:   0% 3828 MHz:   0% 3888 MHz:   0% 3948 MHz:   0% 3996 MHz:   0% 4044 MHz:   0% 4104 MHz:   0% 4416 MHz:   0% 4512 MHz:  55%)
CPU 5 idle residency:  45.14%
CPU 5 down residency:   0.00%
CPU 6 frequency: 4512 MHz
CPU 6 active residency:  53.05% (1260 MHz:   0% 1512 MHz:   0% 1800 MHz:   0% 2088 MHz:   0% 2352 MHz:   0% 2616 MHz:   0% 2868 MHz:   0% 3096 MHz:   0% 3300 MHz:   0% 3468 MHz:   0% 3624 MHz:   0% 3756 MHz:   0% 3828 MHz:   0% 3888 MHz:   0% 3948 MHz:   0% 3996 MHz:   0% 4044 MHz:   0% 4104 MHz:   0% 4416 MHz:   0% 4512 MHz:  53%)
CPU 6 idle residency:  46.95%
CPU 6 down residency:   0.00%
CPU 7 frequency: 4512 MHz
CPU 7 active residency:  64.11% (1260 MHz:   0% 1512 MHz:   0% 1800 MHz:   0% 2088 MHz:   0% 2352 MHz:   0% 2616 MHz:   0% 2868 MHz:   0% 3096 MHz:   0% 3300 MHz:   0% 3468 MHz:   0% 3624 MHz:   0% 3756 MHz:   0% 3828 MHz:   0% 3888 MHz:   0% 3948 MHz:   0% 3996 MHz:   0% 4044 MHz:   0% 4104 MHz:   0% 4416 MHz:   0% 4512 MHz:  64%)
CPU 7 idle residency:  35.89%
CPU 7 down residency:   0.00%
CPU 8 frequency: 4512 MHz
CPU 8 active residency:  31.68% (1260 MHz:   0% 1512 MHz:   0% 1800 MHz:   0% 2088 MHz:   0% 2352 MHz:   0% 2616 MHz:   0% 2868 MHz:   0% 3096 MHz:   0% 3300 MHz:   0% 3468 MHz:   0% 3624 MHz:   0% 3756 MHz:   0% 3828 MHz:   0% 3888 MHz:   0% 3948 MHz:   0% 3996 MHz:   0% 4044 MHz:   0% 4104 MHz:   0% 4416 MHz:   0% 4512 MHz:  32%)
CPU 8 idle residency:  68.32%
CPU 8 down residency:   0.00%
CPU 9 frequency: 4512 MHz
CPU 9 active residency:  61.19% (1260 MHz:   0% 1512 MHz:   0% 1800 MHz:   0% 2088 MHz:   0% 2352 MHz:   0% 2616 MHz:   0% 2868 MHz:   0% 3096 MHz:   0% 3300 MHz:   0% 3468 MHz:   0% 3624 MHz:   0% 3756 MHz:   0% 3828 MHz:   0% 3888 MHz:   0% 3948 MHz:   0% 3996 MHz:   0% 4044 MHz:   0% 4104 MHz:   0% 4416 MHz:   0% 4512 MHz:  61%)
CPU 9 idle residency:  38.81%
CPU 9 down residency:   0.00%

P1-Cluster HW active frequency: 3022 MHz
P1-Cluster HW active residency:   4.93% (1260 MHz: 1.8% 1512 MHz:   0% 1800 MHz:   0% 2088 MHz:   0% 2352 MHz:   0% 2616 MHz:   0% 2868 MHz:   0% 3096 MHz:   0% 3300 MHz:   0% 3468 MHz: .01% 3624 MHz:   0% 3756 MHz: .04% 3828 MHz:   0% 3888 MHz: .02% 3948 MHz: 1.2% 3996 MHz: 1.3% 4044 MHz: .42% 4104 MHz:   0% 4416 MHz: .13% 4512 MHz: .09%)
P1-Cluster idle residency:  10.73%
P1-Cluster down residency:  84.34%
CPU 10 frequency: 0 MHz
CPU 10 active residency:   0.00% (1260 MHz:   0% 1512 MHz:   0% 1800 MHz:   0% 2088 MHz:   0% 2352 MHz:   0% 2616 MHz:   0% 2868 MHz:   0% 3096 MHz:   0% 3300 MHz:   0% 3468 MHz:   0% 3624 MHz:   0% 3756 MHz:   0% 3828 MHz:   0% 3888 MHz:   0% 3948 MHz:   0% 3996 MHz:   0% 4044 MHz:   0% 4104 MHz:   0% 4416 MHz:   0% 4512 MHz:   0%)
CPU 10 idle residency:  13.49%
CPU 10 down residency:  86.51%
CPU 11 frequency: 0 MHz
CPU 11 active residency:   0.00% (1260 MHz:   0% 1512 MHz:   0% 1800 MHz:   0% 2088 MHz:   0% 2352 MHz:   0% 2616 MHz:   0% 2868 MHz:   0% 3096 MHz:   0% 3300 MHz:   0% 3468 MHz:   0% 3624 MHz:   0% 3756 MHz:   0% 3828 MHz:   0% 3888 MHz:   0% 3948 MHz:   0% 3996 MHz:   0% 4044 MHz:   0% 4104 MHz:   0% 4416 MHz:   0% 4512 MHz:   0%)
CPU 11 idle residency:  15.52%
CPU 11 down residency:  84.48%
CPU 12 frequency: 0 MHz
CPU 12 active residency:   0.00% (1260 MHz:   0% 1512 MHz:   0% 1800 MHz:   0% 2088 MHz:   0% 2352 MHz:   0% 2616 MHz:   0% 2868 MHz:   0% 3096 MHz:   0% 3300 MHz:   0% 3468 MHz:   0% 3624 MHz:   0% 3756 MHz:   0% 3828 MHz:   0% 3888 MHz:   0% 3948 MHz:   0% 3996 MHz:   0% 4044 MHz:   0% 4104 MHz:   0% 4416 MHz:   0% 4512 MHz:   0%)
CPU 12 idle residency:  15.56%
CPU 12 down residency:  84.44%
CPU 13 frequency: 0 MHz
CPU 13 active residency:   0.00% (1260 MHz:   0% 1512 MHz:   0% 1800 MHz:   0% 2088 MHz:   0% 2352 MHz:   0% 2616 MHz:   0% 2868 MHz:   0% 3096 MHz:   0% 3300 MHz:   0% 3468 MHz:   0% 3624 MHz:   0% 3756 MHz:   0% 3828 MHz:   0% 3888 MHz:   0% 3948 MHz:   0% 3996 MHz:   0% 4044 MHz:   0% 4104 MHz:   0% 4416 MHz:   0% 4512 MHz:   0%)
CPU 13 idle residency:  13.23%
CPU 13 down residency:  86.77%
CPU 14 frequency: 0 MHz
CPU 14 active residency:   0.00% (1260 MHz:   0% 1512 MHz:   0% 1800 MHz:   0% 2088 MHz:   0% 2352 MHz:   0% 2616 MHz:   0% 2868 MHz:   0% 3096 MHz:   0% 3300 MHz:   0% 3468 MHz:   0% 3624 MHz:   0% 3756 MHz:   0% 3828 MHz:   0% 3888 MHz:   0% 3948 MHz:   0% 3996 MHz:   0% 4044 MHz:   0% 4104 MHz:   0% 4416 MHz:   0% 4512 MHz:   0%)
CPU 14 idle residency:  15.58%
CPU 14 down residency:  84.42%
CPU 15 frequency: 0 MHz
CPU 15 active residency:   0.00% (1260 MHz:   0% 1512 MHz:   0% 1800 MHz:   0% 2088 MHz:   0% 2352 MHz:   0% 2616 MHz:   0% 2868 MHz:   0% 3096 MHz:   0% 3300 MHz:   0% 3468 MHz:   0% 3624 MHz:   0% 3756 MHz:   0% 3828 MHz:   0% 3888 MHz:   0% 3948 MHz:   0% 3996 MHz:   0% 4044 MHz:   0% 4104 MHz:   0% 4416 MHz:   0% 4512 MHz:   0%)
CPU 15 idle residency:  14.06%
CPU 15 down residency:  85.94%

CPU Power: 6492 mW
GPU Power: 13599 mW
ANE Power: 0 mW
Combined Power (CPU + GPU + ANE): 20092 mW

**** GPU usage ****

GPU HW active frequency: 1197 MHz
GPU HW active residency: 100.00% (338 MHz:   0% 618 MHz:   0% 796 MHz:   0% 924 MHz:   0% 952 MHz:   0% 1056 MHz:   0% 1062 MHz:   0% 1182 MHz:  89% 1182 MHz:   0% 1312 MHz:  11% 1242 MHz:   0% 1380 MHz:   0% 1326 MHz:   0% 1470 MHz:   0% 1578 MHz:   0%)
GPU SW requested state: (P1 :   0% P2 :   0% P3 :   0% P4 :   0% P5 :   0% P6 :   0% P7 :   0% P8 :   0% P9 :   0% P10 : 100% P11 :   0% P12 :   0% P13 :   0% P14 :   0% P15 :   0%)
GPU SW state: (SW_P1 :   0% SW_P2 :   0% SW_P3 :   0% SW_P4 :   0% SW_P5 :   0% SW_P6 :  89% SW_P7 :  11% SW_P8 :   0% SW_P9 :   0% SW_P10 :   0% SW_P11 :   0% SW_P12 :   0% SW_P13 :   0% SW_P14 :   0% SW_P15 :   0%)
GPU idle residency:   0.00%
GPU Power: 13710 mW



*** Sampled system activity (Tue Jan 20 15:10:39 2026 +0100) (1022.21ms elapsed) ***


**** Processor usage ****

E-Cluster Online: 100%
E-Cluster HW active frequency: 2592 MHz
E-Cluster HW active residency:  63.00% (1020 MHz:   0% 1404 MHz:   0% 1788 MHz:   0% 2112 MHz:   0% 2352 MHz:   0% 2532 MHz: .00% 2592 MHz:  63%)
E-Cluster idle residency:  37.00%
E-Cluster down residency:   0.00%
CPU 0 frequency: 2592 MHz
CPU 0 active residency:  32.10% (1020 MHz:   0% 1404 MHz:   0% 1788 MHz:   0% 2112 MHz:   0% 2352 MHz:   0% 2532 MHz:   0% 2592 MHz:  32%)
CPU 0 idle residency:  67.90%
CPU 0 down residency:   0.00%
CPU 1 frequency: 2592 MHz
CPU 1 active residency:  13.82% (1020 MHz:   0% 1404 MHz:   0% 1788 MHz:   0% 2112 MHz:   0% 2352 MHz:   0% 2532 MHz:   0% 2592 MHz:  14%)
CPU 1 idle residency:  86.18%
CPU 1 down residency:   0.00%
CPU 2 frequency: 2592 MHz
CPU 2 active residency:   8.97% (1020 MHz:   0% 1404 MHz:   0% 1788 MHz:   0% 2112 MHz:   0% 2352 MHz:   0% 2532 MHz:   0% 2592 MHz: 9.0%)
CPU 2 idle residency:  91.03%
CPU 2 down residency:   0.00%
CPU 3 frequency: 2592 MHz
CPU 3 active residency:   5.71% (1020 MHz:   0% 1404 MHz:   0% 1788 MHz:   0% 2112 MHz:   0% 2352 MHz:   0% 2532 MHz:   0% 2592 MHz: 5.7%)
CPU 3 idle residency:  94.29%
CPU 3 down residency:   0.00%

P0-Cluster Online: 33%
P0-Cluster HW active frequency: 3952 MHz
P0-Cluster HW active residency:  33.09% (1260 MHz: .08% 1512 MHz:   0% 1800 MHz:   0% 2088 MHz:   0% 2352 MHz:   0% 2616 MHz:   0% 2868 MHz:   0% 3096 MHz:   0% 3300 MHz:   0% 3468 MHz:   0% 3624 MHz:   0% 3756 MHz:   0% 3828 MHz:   0% 3888 MHz: 4.1% 3948 MHz:  21% 3996 MHz: 4.5% 4044 MHz: 2.8% 4104 MHz:   0% 4416 MHz: .07% 4512 MHz: .16%)
P0-Cluster idle residency:   0.39%
P0-Cluster down residency:  66.52%
CPU 4 frequency: 4512 MHz
CPU 4 active residency:   1.57% (1260 MHz:   0% 1512 MHz:   0% 1800 MHz:   0% 2088 MHz:   0% 2352 MHz:   0% 2616 MHz:   0% 2868 MHz:   0% 3096 MHz:   0% 3300 MHz:   0% 3468 MHz:   0% 3624 MHz:   0% 3756 MHz:   0% 3828 MHz:   0% 3888 MHz:   0% 3948 MHz:   0% 3996 MHz:   0% 4044 MHz:   0% 4104 MHz:   0% 4416 MHz:   0% 4512 MHz: 1.6%)
CPU 4 idle residency:  19.00%
CPU 4 down residency:  79.42%
CPU 5 frequency: 4512 MHz
CPU 5 active residency:   0.94% (1260 MHz:   0% 1512 MHz:   0% 1800 MHz:   0% 2088 MHz:   0% 2352 MHz:   0% 2616 MHz:   0% 2868 MHz:   0% 3096 MHz:   0% 3300 MHz:   0% 3468 MHz:   0% 3624 MHz:   0% 3756 MHz:   0% 3828 MHz:   0% 3888 MHz:   0% 3948 MHz:   0% 3996 MHz:   0% 4044 MHz:   0% 4104 MHz:   0% 4416 MHz:   0% 4512 MHz: .94%)
CPU 5 idle residency:  18.68%
CPU 5 down residency:  80.38%
CPU 6 frequency: 4512 MHz
CPU 6 active residency:   1.14% (1260 MHz:   0% 1512 MHz:   0% 1800 MHz:   0% 2088 MHz:   0% 2352 MHz:   0% 2616 MHz:   0% 2868 MHz:   0% 3096 MHz:   0% 3300 MHz:   0% 3468 MHz:   0% 3624 MHz:   0% 3756 MHz:   0% 3828 MHz:   0% 3888 MHz:   0% 3948 MHz:   0% 3996 MHz:   0% 4044 MHz:   0% 4104 MHz:   0% 4416 MHz:   0% 4512 MHz: 1.1%)
CPU 6 idle residency:  17.37%
CPU 6 down residency:  81.48%
CPU 7 frequency: 4512 MHz
CPU 7 active residency:   1.35% (1260 MHz:   0% 1512 MHz:   0% 1800 MHz:   0% 2088 MHz:   0% 2352 MHz:   0% 2616 MHz:   0% 2868 MHz:   0% 3096 MHz:   0% 3300 MHz:   0% 3468 MHz:   0% 3624 MHz:   0% 3756 MHz:   0% 3828 MHz:   0% 3888 MHz:   0% 3948 MHz:   0% 3996 MHz:   0% 4044 MHz:   0% 4104 MHz:   0% 4416 MHz:   0% 4512 MHz: 1.4%)
CPU 7 idle residency:  17.21%
CPU 7 down residency:  81.44%
CPU 8 frequency: 4512 MHz
CPU 8 active residency:   0.40% (1260 MHz:   0% 1512 MHz:   0% 1800 MHz:   0% 2088 MHz:   0% 2352 MHz:   0% 2616 MHz:   0% 2868 MHz:   0% 3096 MHz:   0% 3300 MHz:   0% 3468 MHz:   0% 3624 MHz:   0% 3756 MHz:   0% 3828 MHz:   0% 3888 MHz:   0% 3948 MHz:   0% 3996 MHz:   0% 4044 MHz:   0% 4104 MHz:   0% 4416 MHz:   0% 4512 MHz: .40%)
CPU 8 idle residency:  17.31%
CPU 8 down residency:  82.29%
CPU 9 frequency: 4512 MHz
CPU 9 active residency:   1.40% (1260 MHz:   0% 1512 MHz:   0% 1800 MHz:   0% 2088 MHz:   0% 2352 MHz:   0% 2616 MHz:   0% 2868 MHz:   0% 3096 MHz:   0% 3300 MHz:   0% 3468 MHz:   0% 3624 MHz:   0% 3756 MHz:   0% 3828 MHz:   0% 3888 MHz:   0% 3948 MHz:   0% 3996 MHz:   0% 4044 MHz:   0% 4104 MHz:   0% 4416 MHz:   0% 4512 MHz: 1.4%)
CPU 9 idle residency:  17.46%
CPU 9 down residency:  81.14%

P1-Cluster HW active frequency: 4003 MHz
P1-Cluster HW active residency:  65.38% (1260 MHz: .15% 1512 MHz:   0% 1800 MHz:   0% 2088 MHz:   0% 2352 MHz:   0% 2616 MHz:   0% 2868 MHz:   0% 3096 MHz:   0% 3300 MHz:   0% 3468 MHz:   0% 3624 MHz:   0% 3756 MHz:   0% 3828 MHz:   0% 3888 MHz: 5.0% 3948 MHz:  40% 3996 MHz: 6.5% 4044 MHz: 7.2% 4104 MHz:   0% 4416 MHz: 2.2% 4512 MHz: 4.0%)
P1-Cluster idle residency:   2.15%
P1-Cluster down residency:  32.48%
CPU 10 frequency: 4454 MHz
CPU 10 active residency:  31.72% (1260 MHz: .54% 1512 MHz:   0% 1800 MHz: .02% 2088 MHz: .00% 2352 MHz:   0% 2616 MHz:   0% 2868 MHz:   0% 3096 MHz:   0% 3300 MHz:   0% 3468 MHz: .00% 3624 MHz:   0% 3756 MHz: .02% 3828 MHz:   0% 3888 MHz:   0% 3948 MHz: .00% 3996 MHz:   0% 4044 MHz:   0% 4104 MHz: .00% 4416 MHz:   0% 4512 MHz:  31%)
CPU 10 idle residency:  37.20%
CPU 10 down residency:  31.08%
CPU 11 frequency: 4461 MHz
CPU 11 active residency:  35.66% (1260 MHz: .54% 1512 MHz:   0% 1800 MHz: .02% 2088 MHz:   0% 2352 MHz:   0% 2616 MHz:   0% 2868 MHz:   0% 3096 MHz:   0% 3300 MHz:   0% 3468 MHz:   0% 3624 MHz:   0% 3756 MHz:   0% 3828 MHz:   0% 3888 MHz:   0% 3948 MHz:   0% 3996 MHz:   0% 4044 MHz:   0% 4104 MHz:   0% 4416 MHz:   0% 4512 MHz:  35%)
CPU 11 idle residency:  32.24%
CPU 11 down residency:  32.10%
CPU 12 frequency: 4477 MHz
CPU 12 active residency:  43.11% (1260 MHz: .45% 1512 MHz:   0% 1800 MHz: .01% 2088 MHz:   0% 2352 MHz:   0% 2616 MHz:   0% 2868 MHz:   0% 3096 MHz:   0% 3300 MHz:   0% 3468 MHz:   0% 3624 MHz:   0% 3756 MHz:   0% 3828 MHz:   0% 3888 MHz:   0% 3948 MHz:   0% 3996 MHz:   0% 4044 MHz:   0% 4104 MHz:   0% 4416 MHz:   0% 4512 MHz:  43%)
CPU 12 idle residency:  29.77%
CPU 12 down residency:  27.12%
CPU 13 frequency: 4473 MHz
CPU 13 active residency:  44.02% (1260 MHz: .47% 1512 MHz:   0% 1800 MHz: .04% 2088 MHz: .01% 2352 MHz:   0% 2616 MHz:   0% 2868 MHz:   0% 3096 MHz:   0% 3300 MHz:   0% 3468 MHz: .01% 3624 MHz:   0% 3756 MHz: .03% 3828 MHz:   0% 3888 MHz:   0% 3948 MHz: .02% 3996 MHz:   0% 4044 MHz:   0% 4104 MHz: .05% 4416 MHz:   0% 4512 MHz:  43%)
CPU 13 idle residency:  28.61%
CPU 13 down residency:  27.37%
CPU 14 frequency: 4471 MHz
CPU 14 active residency:  36.95% (1260 MHz: .47% 1512 MHz:   0% 1800 MHz: .01% 2088 MHz:   0% 2352 MHz:   0% 2616 MHz:   0% 2868 MHz:   0% 3096 MHz:   0% 3300 MHz:   0% 3468 MHz:   0% 3624 MHz:   0% 3756 MHz:   0% 3828 MHz:   0% 3888 MHz:   0% 3948 MHz:   0% 3996 MHz:   0% 4044 MHz:   0% 4104 MHz:   0% 4416 MHz:   0% 4512 MHz:  36%)
CPU 14 idle residency:  35.13%
CPU 14 down residency:  27.92%
CPU 15 frequency: 4470 MHz
CPU 15 active residency:  38.67% (1260 MHz: .47% 1512 MHz:   0% 1800 MHz: .02% 2088 MHz: .00% 2352 MHz:   0% 2616 MHz:   0% 2868 MHz:   0% 3096 MHz:   0% 3300 MHz:   0% 3468 MHz: .00% 3624 MHz:   0% 3756 MHz: .02% 3828 MHz:   0% 3888 MHz:   0% 3948 MHz: .00% 3996 MHz:   0% 4044 MHz:   0% 4104 MHz: .02% 4416 MHz:   0% 4512 MHz:  38%)
CPU 15 idle residency:  34.09%
CPU 15 down residency:  27.24%

CPU Power: 6119 mW
GPU Power: 13930 mW
ANE Power: 0 mW
Combined Power (CPU + GPU + ANE): 20049 mW

**** GPU usage ****

GPU HW active frequency: 1207 MHz
GPU HW active residency: 100.00% (338 MHz:   0% 618 MHz:   0% 796 MHz:   0% 924 MHz:   0% 952 MHz:   0% 1056 MHz:   0% 1062 MHz:   0% 1182 MHz:  81% 1182 MHz:   0% 1312 MHz:  19% 1242 MHz:   0% 1380 MHz:   0% 1326 MHz:   0% 1470 MHz:   0% 1578 MHz:   0%)
GPU SW requested state: (P1 :   0% P2 :   0% P3 :   0% P4 :   0% P5 :   0% P6 :   0% P7 :   0% P8 :   0% P9 :   0% P10 : 100% P11 :   0% P12 :   0% P13 :   0% P14 :   0% P15 :   0%)
GPU SW state: (SW_P1 :   0% SW_P2 :   0% SW_P3 :   0% SW_P4 :   0% SW_P5 :   0% SW_P6 :  81% SW_P7 :  19% SW_P8 :   0% SW_P9 :   0% SW_P10 :   0% SW_P11 :   0% SW_P12 :   0% SW_P13 :   0% SW_P14 :   0% SW_P15 :   0%)
GPU idle residency:   0.00%
GPU Power: 13932 mW



*** Sampled system activity (Tue Jan 20 15:10:40 2026 +0100) (1020.83ms elapsed) ***


**** Processor usage ****

E-Cluster Online: 100%
E-Cluster HW active frequency: 1669 MHz
E-Cluster HW active residency:  48.85% (1020 MHz:  25% 1404 MHz: 1.3% 1788 MHz: 1.8% 2112 MHz: 3.5% 2352 MHz: 1.5% 2532 MHz: 1.5% 2592 MHz:  14%)
E-Cluster idle residency:  51.15%
E-Cluster down residency:   0.00%
CPU 0 frequency: 1642 MHz
CPU 0 active residency:  24.96% (1020 MHz:  13% 1404 MHz: .85% 1788 MHz: 1.1% 2112 MHz: 2.0% 2352 MHz: .86% 2532 MHz: .94% 2592 MHz: 6.1%)
CPU 0 idle residency:  75.04%
CPU 0 down residency:   0.00%
CPU 1 frequency: 1663 MHz
CPU 1 active residency:  22.74% (1020 MHz:  12% 1404 MHz: .47% 1788 MHz: .72% 2112 MHz: 2.1% 2352 MHz: .84% 2532 MHz: .72% 2592 MHz: 6.0%)
CPU 1 idle residency:  77.26%
CPU 1 down residency:   0.00%
CPU 2 frequency: 1696 MHz
CPU 2 active residency:  16.45% (1020 MHz: 7.8% 1404 MHz: .58% 1788 MHz: .51% 2112 MHz: 2.5% 2352 MHz: .56% 2532 MHz: .45% 2592 MHz: 4.0%)
CPU 2 idle residency:  83.55%
CPU 2 down residency:   0.00%
CPU 3 frequency: 1656 MHz
CPU 3 active residency:  14.84% (1020 MHz: 7.9% 1404 MHz: .13% 1788 MHz: .36% 2112 MHz: 1.4% 2352 MHz: 1.3% 2532 MHz: .73% 2592 MHz: 3.0%)
CPU 3 idle residency:  85.16%
CPU 3 down residency:   0.00%

P0-Cluster Online: 2%
P0-Cluster HW active frequency: 1661 MHz
P0-Cluster HW active residency:   0.89% (1260 MHz: .57% 1512 MHz:   0% 1800 MHz: .23% 2088 MHz: .03% 2352 MHz:   0% 2616 MHz:   0% 2868 MHz:   0% 3096 MHz:   0% 3300 MHz:   0% 3468 MHz:   0% 3624 MHz:   0% 3756 MHz:   0% 3828 MHz:   0% 3888 MHz: .00% 3948 MHz: .01% 3996 MHz:   0% 4044 MHz:   0% 4104 MHz:   0% 4416 MHz: .00% 4512 MHz: .06%)
P0-Cluster idle residency:   1.53%
P0-Cluster down residency:  97.58%
CPU 4 frequency: 4508 MHz
CPU 4 active residency:  31.46% (1260 MHz: .02% 1512 MHz:   0% 1800 MHz: .02% 2088 MHz:   0% 2352 MHz:   0% 2616 MHz:   0% 2868 MHz:   0% 3096 MHz:   0% 3300 MHz:   0% 3468 MHz:   0% 3624 MHz:   0% 3756 MHz:   0% 3828 MHz:   0% 3888 MHz:   0% 3948 MHz:   0% 3996 MHz:   0% 4044 MHz:   0% 4104 MHz:   0% 4416 MHz:   0% 4512 MHz:  31%)
CPU 4 idle residency:   1.57%
CPU 4 down residency:  66.97%
CPU 5 frequency: 4510 MHz
CPU 5 active residency:  31.83% (1260 MHz: .01% 1512 MHz:   0% 1800 MHz: .01% 2088 MHz:   0% 2352 MHz:   0% 2616 MHz:   0% 2868 MHz:   0% 3096 MHz:   0% 3300 MHz:   0% 3468 MHz:   0% 3624 MHz:   0% 3756 MHz:   0% 3828 MHz:   0% 3888 MHz:   0% 3948 MHz:   0% 3996 MHz:   0% 4044 MHz:   0% 4104 MHz:   0% 4416 MHz:   0% 4512 MHz:  32%)
CPU 5 idle residency:   1.59%
CPU 5 down residency:  66.59%
CPU 6 frequency: 4511 MHz
CPU 6 active residency:  32.42% (1260 MHz: .01% 1512 MHz:   0% 1800 MHz: .00% 2088 MHz:   0% 2352 MHz:   0% 2616 MHz:   0% 2868 MHz:   0% 3096 MHz:   0% 3300 MHz:   0% 3468 MHz:   0% 3624 MHz:   0% 3756 MHz:   0% 3828 MHz:   0% 3888 MHz:   0% 3948 MHz:   0% 3996 MHz:   0% 4044 MHz:   0% 4104 MHz:   0% 4416 MHz:   0% 4512 MHz:  32%)
CPU 6 idle residency:   1.57%
CPU 6 down residency:  66.00%
CPU 7 frequency: 4511 MHz
CPU 7 active residency:  30.50% (1260 MHz: .01% 1512 MHz:   0% 1800 MHz: .00% 2088 MHz:   0% 2352 MHz:   0% 2616 MHz:   0% 2868 MHz:   0% 3096 MHz:   0% 3300 MHz:   0% 3468 MHz:   0% 3624 MHz:   0% 3756 MHz:   0% 3828 MHz:   0% 3888 MHz:   0% 3948 MHz:   0% 3996 MHz:   0% 4044 MHz:   0% 4104 MHz:   0% 4416 MHz:   0% 4512 MHz:  30%)
CPU 7 idle residency:   1.62%
CPU 7 down residency:  67.88%
CPU 8 frequency: 4511 MHz
CPU 8 active residency:  32.69% (1260 MHz: .01% 1512 MHz:   0% 1800 MHz:   0% 2088 MHz:   0% 2352 MHz:   0% 2616 MHz:   0% 2868 MHz:   0% 3096 MHz:   0% 3300 MHz:   0% 3468 MHz:   0% 3624 MHz:   0% 3756 MHz:   0% 3828 MHz:   0% 3888 MHz:   0% 3948 MHz:   0% 3996 MHz:   0% 4044 MHz:   0% 4104 MHz:   0% 4416 MHz:   0% 4512 MHz:  33%)
CPU 8 idle residency:   1.58%
CPU 8 down residency:  65.73%
CPU 9 frequency: 4511 MHz
CPU 9 active residency:  31.83% (1260 MHz: .01% 1512 MHz:   0% 1800 MHz:   0% 2088 MHz:   0% 2352 MHz:   0% 2616 MHz:   0% 2868 MHz:   0% 3096 MHz:   0% 3300 MHz:   0% 3468 MHz:   0% 3624 MHz:   0% 3756 MHz:   0% 3828 MHz:   0% 3888 MHz:   0% 3948 MHz:   0% 3996 MHz:   0% 4044 MHz:   0% 4104 MHz:   0% 4416 MHz:   0% 4512 MHz:  32%)
CPU 9 idle residency:   1.60%
CPU 9 down residency:  66.57%

P1-Cluster HW active frequency: 3391 MHz
P1-Cluster HW active residency:  55.63% (1260 MHz: 4.9% 1512 MHz: 2.0% 1800 MHz: 2.0% 2088 MHz: 2.4% 2352 MHz: 1.5% 2616 MHz: 1.3% 2868 MHz: 1.1% 3096 MHz: 1.7% 3300 MHz: .56% 3468 MHz:   0% 3624 MHz:   0% 3756 MHz:   0% 3828 MHz:   0% 3888 MHz: 3.3% 3948 MHz: 6.6% 3996 MHz: 1.4% 4044 MHz:  26% 4104 MHz:   0% 4416 MHz: .04% 4512 MHz: 1.1%)
P1-Cluster idle residency:  32.50%
P1-Cluster down residency:  11.87%
CPU 10 frequency: 4495 MHz
CPU 10 active residency:  18.00% (1260 MHz: .07% 1512 MHz: .00% 1800 MHz:   0% 2088 MHz:   0% 2352 MHz:   0% 2616 MHz:   0% 2868 MHz:   0% 3096 MHz: .04% 3300 MHz: .00% 3468 MHz:   0% 3624 MHz:   0% 3756 MHz:   0% 3828 MHz:   0% 3888 MHz:   0% 3948 MHz:   0% 3996 MHz:   0% 4044 MHz:   0% 4104 MHz:   0% 4416 MHz:   0% 4512 MHz:  18%)
CPU 10 idle residency:  70.12%
CPU 10 down residency:  11.88%
CPU 11 frequency: 4500 MHz
CPU 11 active residency:  18.49% (1260 MHz: .07% 1512 MHz:   0% 1800 MHz:   0% 2088 MHz:   0% 2352 MHz:   0% 2616 MHz:   0% 2868 MHz:   0% 3096 MHz: .00% 3300 MHz:   0% 3468 MHz:   0% 3624 MHz:   0% 3756 MHz:   0% 3828 MHz:   0% 3888 MHz:   0% 3948 MHz:   0% 3996 MHz:   0% 4044 MHz:   0% 4104 MHz:   0% 4416 MHz:   0% 4512 MHz:  18%)
CPU 11 idle residency:  69.63%
CPU 11 down residency:  11.88%
CPU 12 frequency: 3667 MHz
CPU 12 active residency:  18.00% (1260 MHz: .21% 1512 MHz: .83% 1800 MHz: 1.2% 2088 MHz: 1.1% 2352 MHz: .85% 2616 MHz: 1.0% 2868 MHz: .61% 3096 MHz: .91% 3300 MHz: .11% 3468 MHz:   0% 3624 MHz:   0% 3756 MHz:   0% 3828 MHz:   0% 3888 MHz:   0% 3948 MHz:   0% 3996 MHz:   0% 4044 MHz:   0% 4104 MHz:   0% 4416 MHz:   0% 4512 MHz:  11%)
CPU 12 idle residency:  70.12%
CPU 12 down residency:  11.88%
CPU 13 frequency: 4349 MHz
CPU 13 active residency:  10.71% (1260 MHz: .08% 1512 MHz: .01% 1800 MHz: .01% 2088 MHz: .03% 2352 MHz:   0% 2616 MHz: .02% 2868 MHz: .00% 3096 MHz: .63% 3300 MHz: .35% 3468 MHz:   0% 3624 MHz:   0% 3756 MHz:   0% 3828 MHz:   0% 3888 MHz:   0% 3948 MHz:   0% 3996 MHz:   0% 4044 MHz:   0% 4104 MHz:   0% 4416 MHz:   0% 4512 MHz: 9.6%)
CPU 13 idle residency:  77.42%
CPU 13 down residency:  11.88%
CPU 14 frequency: 4202 MHz
CPU 14 active residency:   9.23% (1260 MHz: .21% 1512 MHz: .22% 1800 MHz: .05% 2088 MHz: .15% 2352 MHz: .12% 2616 MHz: .09% 2868 MHz: .04% 3096 MHz: .30% 3300 MHz: .08% 3468 MHz:   0% 3624 MHz:   0% 3756 MHz:   0% 3828 MHz:   0% 3888 MHz:   0% 3948 MHz:   0% 3996 MHz:   0% 4044 MHz:   0% 4104 MHz:   0% 4416 MHz:   0% 4512 MHz: 8.0%)
CPU 14 idle residency:  78.90%
CPU 14 down residency:  11.88%
CPU 15 frequency: 3706 MHz
CPU 15 active residency:   9.30% (1260 MHz: .14% 1512 MHz: .60% 1800 MHz: .60% 2088 MHz: .87% 2352 MHz: .16% 2616 MHz: .11% 2868 MHz: .32% 3096 MHz: .17% 3300 MHz: .12% 3468 MHz:   0% 3624 MHz:   0% 3756 MHz:   0% 3828 MHz:   0% 3888 MHz:   0% 3948 MHz:   0% 3996 MHz:   0% 4044 MHz:   0% 4104 MHz:   0% 4416 MHz:   0% 4512 MHz: 6.2%)
CPU 15 idle residency:  78.83%
CPU 15 down residency:  11.88%

CPU Power: 2453 mW
GPU Power: 1462 mW
ANE Power: 0 mW
Combined Power (CPU + GPU + ANE): 3914 mW

**** GPU usage ****

GPU HW active frequency: 935 MHz
GPU HW active residency:  15.44% (338 MHz: 4.7% 618 MHz:   0% 796 MHz:   0% 924 MHz:   0% 952 MHz:   0% 1056 MHz:   0% 1062 MHz:   0% 1182 MHz: 9.7% 1182 MHz:   0% 1312 MHz: 1.1% 1242 MHz:   0% 1380 MHz:   0% 1326 MHz:   0% 1470 MHz:   0% 1578 MHz:   0%)
GPU SW requested state: (P1 :  30% P2 :   0% P3 :   0% P4 :   0% P5 :   0% P6 :   0% P7 :   0% P8 :   0% P9 :   0% P10 :  70% P11 :   0% P12 :   0% P13 :   0% P14 :   0% P15 :   0%)
GPU SW state: (SW_P1 : 4.7% SW_P2 :   0% SW_P3 :   0% SW_P4 :   0% SW_P5 :   0% SW_P6 : 9.7% SW_P7 : 1.1% SW_P8 :   0% SW_P9 :   0% SW_P10 :   0% SW_P11 :   0% SW_P12 :   0% SW_P13 :   0% SW_P14 :   0% SW_P15 :   0%)
GPU idle residency:  84.56%
GPU Power: 1349 mW

