Machine model: Mac16,5
OS version: 24G419
Boot arguments: 
Boot time: Sun Jan 18 19:40:49 2026



*** Sampled system activity (Tue Jan 20 15:18:28 2026 +0100) (1016.79ms elapsed) ***


**** Processor usage ****

E-Cluster Online: 100%
E-Cluster HW active frequency: 1649 MHz
E-Cluster HW active residency:  63.56% (1020 MHz:  32% 1404 MHz: 5.6% 1788 MHz: 3.2% 2112 MHz: 1.3% 2352 MHz: .44% 2532 MHz: 1.2% 2592 MHz:  20%)
E-Cluster idle residency:  36.44%
E-Cluster down residency:   0.00%
CPU 0 frequency: 1671 MHz
CPU 0 active residency:  48.12% (1020 MHz:  23% 1404 MHz: 4.5% 1788 MHz: 2.3% 2112 MHz: .90% 2352 MHz: .44% 2532 MHz: .84% 2592 MHz:  16%)
CPU 0 idle residency:  51.88%
CPU 0 down residency:   0.00%
CPU 1 frequency: 1666 MHz
CPU 1 active residency:  39.62% (1020 MHz:  19% 1404 MHz: 3.6% 1788 MHz: 2.0% 2112 MHz: .67% 2352 MHz: .32% 2532 MHz: .53% 2592 MHz:  13%)
CPU 1 idle residency:  60.38%
CPU 1 down residency:   0.00%
CPU 2 frequency: 1717 MHz
CPU 2 active residency:  27.99% (1020 MHz:  12% 1404 MHz: 2.8% 1788 MHz: 1.5% 2112 MHz: .77% 2352 MHz: .31% 2532 MHz: .60% 2592 MHz: 9.6%)
CPU 2 idle residency:  72.01%
CPU 2 down residency:   0.00%
CPU 3 frequency: 1770 MHz
CPU 3 active residency:  21.11% (1020 MHz: 8.1% 1404 MHz: 2.4% 1788 MHz: 1.9% 2112 MHz: .40% 2352 MHz: .10% 2532 MHz: .39% 2592 MHz: 7.8%)
CPU 3 idle residency:  78.89%
CPU 3 down residency:   0.00%

P0-Cluster Online: 100%
P0-Cluster HW active frequency: 2903 MHz
P0-Cluster HW active residency:  47.66% (1260 MHz: 6.9% 1512 MHz: .07% 1800 MHz:   0% 2088 MHz:   0% 2352 MHz:   0% 2616 MHz:   0% 2868 MHz:   0% 3096 MHz:  26% 3300 MHz:  13% 3468 MHz: 1.8% 3624 MHz: .37% 3756 MHz:   0% 3828 MHz:   0% 3888 MHz: .19% 3948 MHz:   0% 3996 MHz:   0% 4044 MHz:   0% 4104 MHz:   0% 4416 MHz:   0% 4512 MHz:   0%)
P0-Cluster idle residency:  52.34%
P0-Cluster down residency:   0.00%
CPU 4 frequency: 3173 MHz
CPU 4 active residency:  40.04% (1260 MHz: .25% 1512 MHz:   0% 1800 MHz:   0% 2088 MHz:   0% 2352 MHz:   0% 2616 MHz:   0% 2868 MHz:   0% 3096 MHz:  26% 3300 MHz:  12% 3468 MHz: 1.7% 3624 MHz: .35% 3756 MHz:   0% 3828 MHz:   0% 3888 MHz:   0% 3948 MHz:   0% 3996 MHz:   0% 4044 MHz:   0% 4104 MHz:   0% 4416 MHz:   0% 4512 MHz: .19%)
CPU 4 idle residency:  59.96%
CPU 4 down residency:   0.00%
CPU 5 frequency: 3171 MHz
CPU 5 active residency:  39.51% (1260 MHz: .28% 1512 MHz:   0% 1800 MHz:   0% 2088 MHz:   0% 2352 MHz:   0% 2616 MHz:   0% 2868 MHz:   0% 3096 MHz:  25% 3300 MHz:  12% 3468 MHz: 1.7% 3624 MHz: .35% 3756 MHz:   0% 3828 MHz:   0% 3888 MHz:   0% 3948 MHz:   0% 3996 MHz:   0% 4044 MHz:   0% 4104 MHz:   0% 4416 MHz:   0% 4512 MHz: .19%)
CPU 5 idle residency:  60.49%
CPU 5 down residency:   0.00%
CPU 6 frequency: 3171 MHz
CPU 6 active residency:  39.98% (1260 MHz: .25% 1512 MHz: .05% 1800 MHz:   0% 2088 MHz:   0% 2352 MHz:   0% 2616 MHz:   0% 2868 MHz:   0% 3096 MHz:  26% 3300 MHz:  12% 3468 MHz: 1.7% 3624 MHz: .35% 3756 MHz:   0% 3828 MHz:   0% 3888 MHz:   0% 3948 MHz:   0% 3996 MHz:   0% 4044 MHz:   0% 4104 MHz:   0% 4416 MHz:   0% 4512 MHz: .19%)
CPU 6 idle residency:  60.02%
CPU 6 down residency:   0.00%
CPU 7 frequency: 3171 MHz
CPU 7 active residency:  40.00% (1260 MHz: .29% 1512 MHz:   0% 1800 MHz:   0% 2088 MHz:   0% 2352 MHz:   0% 2616 MHz:   0% 2868 MHz:   0% 3096 MHz:  26% 3300 MHz:  12% 3468 MHz: 1.7% 3624 MHz: .35% 3756 MHz:   0% 3828 MHz:   0% 3888 MHz:   0% 3948 MHz:   0% 3996 MHz:   0% 4044 MHz:   0% 4104 MHz:   0% 4416 MHz:   0% 4512 MHz: .19%)
CPU 7 idle residency:  60.00%
CPU 7 down residency:   0.00%
CPU 8 frequency: 3171 MHz
CPU 8 active residency:  39.94% (1260 MHz: .28% 1512 MHz:   0% 1800 MHz:   0% 2088 MHz:   0% 2352 MHz:   0% 2616 MHz:   0% 2868 MHz:   0% 3096 MHz:  26% 3300 MHz:  12% 3468 MHz: 1.7% 3624 MHz: .35% 3756 MHz:   0% 3828 MHz:   0% 3888 MHz:   0% 3948 MHz:   0% 3996 MHz:   0% 4044 MHz:   0% 4104 MHz:   0% 4416 MHz:   0% 4512 MHz: .19%)
CPU 8 idle residency:  60.06%
CPU 8 down residency:   0.00%
CPU 9 frequency: 3169 MHz
CPU 9 active residency:  39.78% (1260 MHz: .28% 1512 MHz:   0% 1800 MHz:   0% 2088 MHz:   0% 2352 MHz:   0% 2616 MHz:   0% 2868 MHz:   0% 3096 MHz:  26% 3300 MHz:  12% 3468 MHz: 1.7% 3624 MHz: .35% 3756 MHz:   0% 3828 MHz:   0% 3888 MHz:   0% 3948 MHz:   0% 3996 MHz:   0% 4044 MHz:   0% 4104 MHz:   0% 4416 MHz:   0% 4512 MHz: .12%)
CPU 9 idle residency:  60.22%
CPU 9 down residency:   0.00%

P1-Cluster HW active frequency: 3322 MHz
P1-Cluster HW active residency:  84.27% (1260 MHz: 9.5% 1512 MHz: .20% 1800 MHz: .88% 2088 MHz: .91% 2352 MHz: .43% 2616 MHz: .75% 2868 MHz: .27% 3096 MHz:  16% 3300 MHz:  16% 3468 MHz: 3.8% 3624 MHz: .98% 3756 MHz: .43% 3828 MHz:   0% 3888 MHz:  13% 3948 MHz: 3.7% 3996 MHz: 1.7% 4044 MHz: 6.8% 4104 MHz: .26% 4416 MHz: 3.9% 4512 MHz: 5.2%)
P1-Cluster idle residency:  15.73%
P1-Cluster down residency:   0.00%
CPU 10 frequency: 3740 MHz
CPU 10 active residency:  48.45% (1260 MHz: .14% 1512 MHz: .20% 1800 MHz: .34% 2088 MHz: .51% 2352 MHz: .32% 2616 MHz: .33% 2868 MHz: .00% 3096 MHz:  12% 3300 MHz:  10% 3468 MHz: 2.6% 3624 MHz: .17% 3756 MHz: .05% 3828 MHz:   0% 3888 MHz:   0% 3948 MHz: .26% 3996 MHz:   0% 4044 MHz:   0% 4104 MHz: .27% 4416 MHz: .42% 4512 MHz:  20%)
CPU 10 idle residency:  51.55%
CPU 10 down residency:   0.00%
CPU 11 frequency: 3721 MHz
CPU 11 active residency:  38.26% (1260 MHz: .12% 1512 MHz:   0% 1800 MHz:   0% 2088 MHz: .04% 2352 MHz: .06% 2616 MHz: .07% 2868 MHz:   0% 3096 MHz:  11% 3300 MHz: 9.3% 3468 MHz: 2.0% 3624 MHz: .41% 3756 MHz: .03% 3828 MHz:   0% 3888 MHz:   0% 3948 MHz: .18% 3996 MHz:   0% 4044 MHz:   0% 4104 MHz: .02% 4416 MHz: .07% 4512 MHz:  15%)
CPU 11 idle residency:  61.74%
CPU 11 down residency:   0.00%
CPU 12 frequency: 3720 MHz
CPU 12 active residency:  41.52% (1260 MHz: .06% 1512 MHz:   0% 1800 MHz:   0% 2088 MHz:   0% 2352 MHz:   0% 2616 MHz:   0% 2868 MHz:   0% 3096 MHz:  12% 3300 MHz: 9.5% 3468 MHz: 2.5% 3624 MHz: .76% 3756 MHz: .38% 3828 MHz:   0% 3888 MHz:   0% 3948 MHz: .26% 3996 MHz:   0% 4044 MHz:   0% 4104 MHz:   0% 4416 MHz: .03% 4512 MHz:  16%)
CPU 12 idle residency:  58.48%
CPU 12 down residency:   0.00%
CPU 13 frequency: 3742 MHz
CPU 13 active residency:  44.43% (1260 MHz: .03% 1512 MHz:   0% 1800 MHz:   0% 2088 MHz: .08% 2352 MHz:   0% 2616 MHz: .26% 2868 MHz:   0% 3096 MHz:  12% 3300 MHz:  11% 3468 MHz: 2.4% 3624 MHz: .49% 3756 MHz:   0% 3828 MHz:   0% 3888 MHz:   0% 3948 MHz: .24% 3996 MHz:   0% 4044 MHz:   0% 4104 MHz: .01% 4416 MHz:   0% 4512 MHz:  18%)
CPU 13 idle residency:  55.57%
CPU 13 down residency:   0.00%
CPU 14 frequency: 3740 MHz
CPU 14 active residency:  47.98% (1260 MHz: .12% 1512 MHz: .01% 1800 MHz: .54% 2088 MHz: .20% 2352 MHz: .05% 2616 MHz: .62% 2868 MHz: .25% 3096 MHz:  12% 3300 MHz:  10% 3468 MHz: 2.4% 3624 MHz: .50% 3756 MHz: .01% 3828 MHz:   0% 3888 MHz:   0% 3948 MHz: .21% 3996 MHz:   0% 4044 MHz:   0% 4104 MHz: .04% 4416 MHz: .10% 4512 MHz:  20%)
CPU 14 idle residency:  52.02%
CPU 14 down residency:   0.00%
CPU 15 frequency: 3752 MHz
CPU 15 active residency:  49.21% (1260 MHz: .46% 1512 MHz: .00% 1800 MHz: .03% 2088 MHz: .29% 2352 MHz: .07% 2616 MHz: .46% 2868 MHz:   0% 3096 MHz:  13% 3300 MHz:  10% 3468 MHz: 3.0% 3624 MHz: .47% 3756 MHz: .06% 3828 MHz:   0% 3888 MHz:   0% 3948 MHz: .24% 3996 MHz:   0% 4044 MHz:   0% 4104 MHz: .04% 4416 MHz: .11% 4512 MHz:  21%)
CPU 15 idle residency:  50.79%
CPU 15 down residency:   0.00%

CPU Power: 14252 mW
GPU Power: 33789 mW
ANE Power: 0 mW
Combined Power (CPU + GPU + ANE): 48040 mW

**** GPU usage ****

GPU HW active frequency: 1578 MHz
GPU HW active residency:  99.94% (338 MHz: .02% 618 MHz:   0% 796 MHz:   0% 924 MHz:   0% 952 MHz:   0% 1056 MHz:   0% 1062 MHz:   0% 1182 MHz:   0% 1182 MHz:   0% 1312 MHz:   0% 1242 MHz:   0% 1380 MHz:   0% 1326 MHz:   0% 1470 MHz:   0% 1578 MHz: 100%)
GPU SW requested state: (P1 :   0% P2 :   0% P3 :   0% P4 :   0% P5 :   0% P6 :   0% P7 :   0% P8 :   0% P9 :   0% P10 : 100% P11 :   0% P12 :   0% P13 :   0% P14 :   0% P15 :   0%)
GPU SW state: (SW_P1 : .02% SW_P2 :   0% SW_P3 :   0% SW_P4 :   0% SW_P5 :   0% SW_P6 :   0% SW_P7 :   0% SW_P8 :   0% SW_P9 :   0% SW_P10 : 100% SW_P11 :   0% SW_P12 :   0% SW_P13 :   0% SW_P14 :   0% SW_P15 :   0%)
GPU idle residency:   0.06%
GPU Power: 33777 mW



*** Sampled system activity (Tue Jan 20 15:18:29 2026 +0100) (1023.47ms elapsed) ***


**** Processor usage ****

E-Cluster Online: 100%
E-Cluster HW active frequency: 1665 MHz
E-Cluster HW active residency:  49.21% (1020 MHz:  25% 1404 MHz: 2.3% 1788 MHz: 3.1% 2112 MHz: .76% 2352 MHz: 1.0% 2532 MHz: .88% 2592 MHz:  16%)
E-Cluster idle residency:  50.79%
E-Cluster down residency:   0.00%
CPU 0 frequency: 1726 MHz
CPU 0 active residency:  29.35% (1020 MHz:  14% 1404 MHz: 1.2% 1788 MHz: 1.9% 2112 MHz: .22% 2352 MHz: .67% 2532 MHz: .52% 2592 MHz:  11%)
CPU 0 idle residency:  70.65%
CPU 0 down residency:   0.00%
CPU 1 frequency: 1674 MHz
CPU 1 active residency:  23.12% (1020 MHz:  12% 1404 MHz: 1.1% 1788 MHz: 1.6% 2112 MHz: .15% 2352 MHz: .60% 2532 MHz: .33% 2592 MHz: 7.6%)
CPU 1 idle residency:  76.88%
CPU 1 down residency:   0.00%
CPU 2 frequency: 1665 MHz
CPU 2 active residency:  13.31% (1020 MHz: 7.0% 1404 MHz: .41% 1788 MHz: .70% 2112 MHz: .22% 2352 MHz: .53% 2532 MHz: .27% 2592 MHz: 4.2%)
CPU 2 idle residency:  86.69%
CPU 2 down residency:   0.00%
CPU 3 frequency: 1704 MHz
CPU 3 active residency:  10.71% (1020 MHz: 4.7% 1404 MHz: .78% 1788 MHz: 1.0% 2112 MHz: .47% 2352 MHz: .38% 2532 MHz: .31% 2592 MHz: 3.0%)
CPU 3 idle residency:  89.29%
CPU 3 down residency:   0.00%

P0-Cluster Online: 100%
P0-Cluster HW active frequency: 2904 MHz
P0-Cluster HW active residency:  48.66% (1260 MHz: 5.0% 1512 MHz: .38% 1800 MHz: 1.3% 2088 MHz: .32% 2352 MHz:   0% 2616 MHz:   0% 2868 MHz:   0% 3096 MHz:  29% 3300 MHz:  12% 3468 MHz:   0% 3624 MHz:   0% 3756 MHz:   0% 3828 MHz:   0% 3888 MHz:   0% 3948 MHz:   0% 3996 MHz:   0% 4044 MHz:   0% 4104 MHz:   0% 4416 MHz:   0% 4512 MHz:   0%)
P0-Cluster idle residency:  51.34%
P0-Cluster down residency:   0.00%
CPU 4 frequency: 3116 MHz
CPU 4 active residency:  40.87% (1260 MHz: .23% 1512 MHz: .38% 1800 MHz: .32% 2088 MHz:   0% 2352 MHz:   0% 2616 MHz:   0% 2868 MHz:   0% 3096 MHz:  29% 3300 MHz:  11% 3468 MHz:   0% 3624 MHz:   0% 3756 MHz:   0% 3828 MHz:   0% 3888 MHz:   0% 3948 MHz:   0% 3996 MHz:   0% 4044 MHz:   0% 4104 MHz:   0% 4416 MHz:   0% 4512 MHz:   0%)
CPU 4 idle residency:  59.13%
CPU 4 down residency:   0.00%
CPU 5 frequency: 3119 MHz
CPU 5 active residency:  41.10% (1260 MHz: .27% 1512 MHz:   0% 1800 MHz: .58% 2088 MHz: .08% 2352 MHz:   0% 2616 MHz:   0% 2868 MHz:   0% 3096 MHz:  29% 3300 MHz:  11% 3468 MHz:   0% 3624 MHz:   0% 3756 MHz:   0% 3828 MHz:   0% 3888 MHz:   0% 3948 MHz:   0% 3996 MHz:   0% 4044 MHz:   0% 4104 MHz:   0% 4416 MHz:   0% 4512 MHz:   0%)
CPU 5 idle residency:  58.90%
CPU 5 down residency:   0.00%
CPU 6 frequency: 3137 MHz
CPU 6 active residency:  40.08% (1260 MHz: .25% 1512 MHz: .03% 1800 MHz: .08% 2088 MHz:   0% 2352 MHz:   0% 2616 MHz:   0% 2868 MHz:   0% 3096 MHz:  29% 3300 MHz:  11% 3468 MHz:   0% 3624 MHz:   0% 3756 MHz:   0% 3828 MHz:   0% 3888 MHz:   0% 3948 MHz:   0% 3996 MHz:   0% 4044 MHz:   0% 4104 MHz:   0% 4416 MHz:   0% 4512 MHz:   0%)
CPU 6 idle residency:  59.92%
CPU 6 down residency:   0.00%
CPU 7 frequency: 3143 MHz
CPU 7 active residency:  40.54% (1260 MHz: .23% 1512 MHz:   0% 1800 MHz: .01% 2088 MHz:   0% 2352 MHz:   0% 2616 MHz:   0% 2868 MHz:   0% 3096 MHz:  29% 3300 MHz:  11% 3468 MHz:   0% 3624 MHz:   0% 3756 MHz:   0% 3828 MHz:   0% 3888 MHz:   0% 3948 MHz:   0% 3996 MHz:   0% 4044 MHz:   0% 4104 MHz:   0% 4416 MHz:   0% 4512 MHz:   0%)
CPU 7 idle residency:  59.46%
CPU 7 down residency:   0.00%
CPU 8 frequency: 3135 MHz
CPU 8 active residency:  40.32% (1260 MHz: .25% 1512 MHz:   0% 1800 MHz: .14% 2088 MHz: .04% 2352 MHz:   0% 2616 MHz:   0% 2868 MHz:   0% 3096 MHz:  29% 3300 MHz:  11% 3468 MHz:   0% 3624 MHz:   0% 3756 MHz:   0% 3828 MHz:   0% 3888 MHz:   0% 3948 MHz:   0% 3996 MHz:   0% 4044 MHz:   0% 4104 MHz:   0% 4416 MHz:   0% 4512 MHz:   0%)
CPU 8 idle residency:  59.68%
CPU 8 down residency:   0.00%
CPU 9 frequency: 3141 MHz
CPU 9 active residency:  40.43% (1260 MHz: .24% 1512 MHz:   0% 1800 MHz: .04% 2088 MHz: .00% 2352 MHz:   0% 2616 MHz:   0% 2868 MHz:   0% 3096 MHz:  29% 3300 MHz:  11% 3468 MHz:   0% 3624 MHz:   0% 3756 MHz:   0% 3828 MHz:   0% 3888 MHz:   0% 3948 MHz:   0% 3996 MHz:   0% 4044 MHz:   0% 4104 MHz:   0% 4416 MHz:   0% 4512 MHz:   0%)
CPU 9 idle residency:  59.57%
CPU 9 down residency:   0.00%

P1-Cluster HW active frequency: 3309 MHz
P1-Cluster HW active residency:  82.95% (1260 MHz: 8.0% 1512 MHz: .57% 1800 MHz: .58% 2088 MHz: 1.0% 2352 MHz: 1.0% 2616 MHz: .69% 2868 MHz: .61% 3096 MHz:  20% 3300 MHz:  16% 3468 MHz: .77% 3624 MHz: 1.5% 3756 MHz: .76% 3828 MHz:   0% 3888 MHz:  11% 3948 MHz: 1.5% 3996 MHz: 1.3% 4044 MHz:  11% 4104 MHz: .36% 4416 MHz: 1.2% 4512 MHz: 5.4%)
P1-Cluster idle residency:  17.05%
P1-Cluster down residency:   0.00%
CPU 10 frequency: 3688 MHz
CPU 10 active residency:  43.97% (1260 MHz: .04% 1512 MHz:   0% 1800 MHz: .00% 2088 MHz:   0% 2352 MHz: .00% 2616 MHz:   0% 2868 MHz: .00% 3096 MHz:  16% 3300 MHz:  10% 3468 MHz: .39% 3624 MHz: .42% 3756 MHz: .38% 3828 MHz:   0% 3888 MHz:   0% 3948 MHz: .38% 3996 MHz:   0% 4044 MHz:   0% 4104 MHz:   0% 4416 MHz: .03% 4512 MHz:  16%)
CPU 10 idle residency:  56.03%
CPU 10 down residency:   0.00%
CPU 11 frequency: 3677 MHz
CPU 11 active residency:  48.62% (1260 MHz: .02% 1512 MHz: .14% 1800 MHz: .35% 2088 MHz: .44% 2352 MHz: .12% 2616 MHz: .32% 2868 MHz: .15% 3096 MHz:  16% 3300 MHz: 9.8% 3468 MHz: .39% 3624 MHz: .83% 3756 MHz: .74% 3828 MHz:   0% 3888 MHz:   0% 3948 MHz: .39% 3996 MHz:   0% 4044 MHz:   0% 4104 MHz: .38% 4416 MHz: .39% 4512 MHz:  18%)
CPU 11 idle residency:  51.38%
CPU 11 down residency:   0.00%
CPU 12 frequency: 3576 MHz
CPU 12 active residency:  39.29% (1260 MHz: .10% 1512 MHz: .38% 1800 MHz: .14% 2088 MHz:   0% 2352 MHz: .30% 2616 MHz:   0% 2868 MHz: .01% 3096 MHz:  14% 3300 MHz: 9.8% 3468 MHz: .44% 3624 MHz: 1.1% 3756 MHz: .24% 3828 MHz:   0% 3888 MHz:   0% 3948 MHz: .39% 3996 MHz:   0% 4044 MHz:   0% 4104 MHz: .01% 4416 MHz:   0% 4512 MHz:  12%)
CPU 12 idle residency:  60.71%
CPU 12 down residency:   0.00%
CPU 13 frequency: 3590 MHz
CPU 13 active residency:  39.65% (1260 MHz: .09% 1512 MHz:   0% 1800 MHz: .05% 2088 MHz: .03% 2352 MHz: .11% 2616 MHz: .03% 2868 MHz: .02% 3096 MHz:  15% 3300 MHz:  11% 3468 MHz: .75% 3624 MHz: .50% 3756 MHz: .38% 3828 MHz:   0% 3888 MHz:   0% 3948 MHz: .39% 3996 MHz:   0% 4044 MHz:   0% 4104 MHz: .01% 4416 MHz: .01% 4512 MHz:  12%)
CPU 13 idle residency:  60.35%
CPU 13 down residency:   0.00%
CPU 14 frequency: 3738 MHz
CPU 14 active residency:  45.73% (1260 MHz: .06% 1512 MHz: .01% 1800 MHz: .01% 2088 MHz:   0% 2352 MHz: .01% 2616 MHz: .00% 2868 MHz:   0% 3096 MHz:  16% 3300 MHz: 9.6% 3468 MHz: .39% 3624 MHz: .47% 3756 MHz: .38% 3828 MHz:   0% 3888 MHz:   0% 3948 MHz: .38% 3996 MHz:   0% 4044 MHz:   0% 4104 MHz:   0% 4416 MHz: .01% 4512 MHz:  19%)
CPU 14 idle residency:  54.27%
CPU 14 down residency:   0.00%
CPU 15 frequency: 3582 MHz
CPU 15 active residency:  41.63% (1260 MHz: .09% 1512 MHz: .00% 1800 MHz:   0% 2088 MHz: .55% 2352 MHz: .52% 2616 MHz: .33% 2868 MHz: .37% 3096 MHz:  15% 3300 MHz: 9.3% 3468 MHz: .40% 3624 MHz: .64% 3756 MHz: .44% 3828 MHz:   0% 3888 MHz:   0% 3948 MHz: .39% 3996 MHz:   0% 4044 MHz:   0% 4104 MHz: .02% 4416 MHz: .01% 4512 MHz:  13%)
CPU 15 idle residency:  58.37%
CPU 15 down residency:   0.00%

CPU Power: 13746 mW
GPU Power: 34213 mW
ANE Power: 0 mW
Combined Power (CPU + GPU + ANE): 47959 mW

**** GPU usage ****

GPU HW active frequency: 1578 MHz
GPU HW active residency:  99.98% (338 MHz: .01% 618 MHz:   0% 796 MHz:   0% 924 MHz:   0% 952 MHz:   0% 1056 MHz:   0% 1062 MHz:   0% 1182 MHz:   0% 1182 MHz:   0% 1312 MHz:   0% 1242 MHz:   0% 1380 MHz:   0% 1326 MHz:   0% 1470 MHz:   0% 1578 MHz: 100%)
GPU SW requested state: (P1 :   0% P2 :   0% P3 :   0% P4 :   0% P5 :   0% P6 :   0% P7 :   0% P8 :   0% P9 :   0% P10 : 100% P11 :   0% P12 :   0% P13 :   0% P14 :   0% P15 :   0%)
GPU SW state: (SW_P1 : .01% SW_P2 :   0% SW_P3 :   0% SW_P4 :   0% SW_P5 :   0% SW_P6 :   0% SW_P7 :   0% SW_P8 :   0% SW_P9 :   0% SW_P10 : 100% SW_P11 :   0% SW_P12 :   0% SW_P13 :   0% SW_P14 :   0% SW_P15 :   0%)
GPU idle residency:   0.02%
GPU Power: 34255 mW



*** Sampled system activity (Tue Jan 20 15:18:30 2026 +0100) (1024.25ms elapsed) ***


**** Processor usage ****

E-Cluster Online: 100%
E-Cluster HW active frequency: 1582 MHz
E-Cluster HW active residency:  48.76% (1020 MHz:  28% 1404 MHz: 2.2% 1788 MHz: 2.7% 2112 MHz: .28% 2352 MHz: .76% 2532 MHz: 1.0% 2592 MHz:  14%)
E-Cluster idle residency:  51.24%
E-Cluster down residency:   0.00%
CPU 0 frequency: 1554 MHz
CPU 0 active residency:  30.40% (1020 MHz:  18% 1404 MHz: 1.5% 1788 MHz: 1.7% 2112 MHz: .07% 2352 MHz: .48% 2532 MHz: .37% 2592 MHz: 8.3%)
CPU 0 idle residency:  69.60%
CPU 0 down residency:   0.00%
CPU 1 frequency: 1511 MHz
CPU 1 active residency:  21.10% (1020 MHz:  13% 1404 MHz: .79% 1788 MHz: .69% 2112 MHz: .03% 2352 MHz: .34% 2532 MHz: .35% 2592 MHz: 5.4%)
CPU 1 idle residency:  78.90%
CPU 1 down residency:   0.00%
CPU 2 frequency: 1517 MHz
CPU 2 active residency:  12.98% (1020 MHz: 8.0% 1404 MHz: .60% 1788 MHz: .76% 2112 MHz: .08% 2352 MHz: .13% 2532 MHz: .05% 2592 MHz: 3.4%)
CPU 2 idle residency:  87.02%
CPU 2 down residency:   0.00%
CPU 3 frequency: 1775 MHz
CPU 3 active residency:  11.47% (1020 MHz: 5.1% 1404 MHz: .16% 1788 MHz: 1.1% 2112 MHz: .16% 2352 MHz: .32% 2532 MHz: .39% 2592 MHz: 4.2%)
CPU 3 idle residency:  88.53%
CPU 3 down residency:   0.00%

P0-Cluster Online: 100%
P0-Cluster HW active frequency: 2970 MHz
P0-Cluster HW active residency:  45.12% (1260 MHz: 4.2% 1512 MHz:   0% 1800 MHz:   0% 2088 MHz:   0% 2352 MHz:   0% 2616 MHz:   0% 2868 MHz:   0% 3096 MHz:  31% 3300 MHz: 8.6% 3468 MHz: .91% 3624 MHz:   0% 3756 MHz:   0% 3828 MHz:   0% 3888 MHz:   0% 3948 MHz:   0% 3996 MHz:   0% 4044 MHz:   0% 4104 MHz:   0% 4416 MHz:   0% 4512 MHz:   0%)
P0-Cluster idle residency:  54.88%
P0-Cluster down residency:   0.00%
CPU 4 frequency: 3133 MHz
CPU 4 active residency:  40.47% (1260 MHz: .24% 1512 MHz:   0% 1800 MHz:   0% 2088 MHz:   0% 2352 MHz:   0% 2616 MHz:   0% 2868 MHz:   0% 3096 MHz:  31% 3300 MHz: 7.9% 3468 MHz: .89% 3624 MHz:   0% 3756 MHz:   0% 3828 MHz:   0% 3888 MHz:   0% 3948 MHz:   0% 3996 MHz:   0% 4044 MHz:   0% 4104 MHz:   0% 4416 MHz:   0% 4512 MHz:   0%)
CPU 4 idle residency:  59.53%
CPU 4 down residency:   0.00%
CPU 5 frequency: 3133 MHz
CPU 5 active residency:  40.35% (1260 MHz: .25% 1512 MHz:   0% 1800 MHz:   0% 2088 MHz:   0% 2352 MHz:   0% 2616 MHz:   0% 2868 MHz:   0% 3096 MHz:  31% 3300 MHz: 7.8% 3468 MHz: .88% 3624 MHz:   0% 3756 MHz:   0% 3828 MHz:   0% 3888 MHz:   0% 3948 MHz:   0% 3996 MHz:   0% 4044 MHz:   0% 4104 MHz:   0% 4416 MHz:   0% 4512 MHz:   0%)
CPU 5 idle residency:  59.65%
CPU 5 down residency:   0.00%
CPU 6 frequency: 3132 MHz
CPU 6 active residency:  40.36% (1260 MHz: .26% 1512 MHz:   0% 1800 MHz:   0% 2088 MHz:   0% 2352 MHz:   0% 2616 MHz:   0% 2868 MHz:   0% 3096 MHz:  31% 3300 MHz: 7.8% 3468 MHz: .88% 3624 MHz:   0% 3756 MHz:   0% 3828 MHz:   0% 3888 MHz:   0% 3948 MHz:   0% 3996 MHz:   0% 4044 MHz:   0% 4104 MHz:   0% 4416 MHz:   0% 4512 MHz:   0%)
CPU 6 idle residency:  59.64%
CPU 6 down residency:   0.00%
CPU 7 frequency: 3133 MHz
CPU 7 active residency:  40.35% (1260 MHz: .24% 1512 MHz:   0% 1800 MHz:   0% 2088 MHz:   0% 2352 MHz:   0% 2616 MHz:   0% 2868 MHz:   0% 3096 MHz:  31% 3300 MHz: 7.9% 3468 MHz: .88% 3624 MHz:   0% 3756 MHz:   0% 3828 MHz:   0% 3888 MHz:   0% 3948 MHz:   0% 3996 MHz:   0% 4044 MHz:   0% 4104 MHz:   0% 4416 MHz:   0% 4512 MHz:   0%)
CPU 7 idle residency:  59.65%
CPU 7 down residency:   0.00%
CPU 8 frequency: 3132 MHz
CPU 8 active residency:  40.38% (1260 MHz: .26% 1512 MHz:   0% 1800 MHz:   0% 2088 MHz:   0% 2352 MHz:   0% 2616 MHz:   0% 2868 MHz:   0% 3096 MHz:  31% 3300 MHz: 7.8% 3468 MHz: .88% 3624 MHz:   0% 3756 MHz:   0% 3828 MHz:   0% 3888 MHz:   0% 3948 MHz:   0% 3996 MHz:   0% 4044 MHz:   0% 4104 MHz:   0% 4416 MHz:   0% 4512 MHz:   0%)
CPU 8 idle residency:  59.62%
CPU 8 down residency:   0.00%
CPU 9 frequency: 3132 MHz
CPU 9 active residency:  40.36% (1260 MHz: .26% 1512 MHz:   0% 1800 MHz:   0% 2088 MHz:   0% 2352 MHz:   0% 2616 MHz:   0% 2868 MHz:   0% 3096 MHz:  31% 3300 MHz: 7.8% 3468 MHz: .88% 3624 MHz:   0% 3756 MHz:   0% 3828 MHz:   0% 3888 MHz:   0% 3948 MHz:   0% 3996 MHz:   0% 4044 MHz:   0% 4104 MHz:   0% 4416 MHz:   0% 4512 MHz:   0%)
CPU 9 idle residency:  59.64%
CPU 9 down residency:   0.00%

P1-Cluster HW active frequency: 3237 MHz
P1-Cluster HW active residency:  82.26% (1260 MHz:  11% 1512 MHz: .66% 1800 MHz: .70% 2088 MHz: .42% 2352 MHz: .19% 2616 MHz: .42% 2868 MHz: .47% 3096 MHz:  27% 3300 MHz: 8.4% 3468 MHz: .66% 3624 MHz: .38% 3756 MHz:   0% 3828 MHz: .39% 3888 MHz:  11% 3948 MHz: 1.8% 3996 MHz: 1.7% 4044 MHz:  11% 4104 MHz: .15% 4416 MHz: 1.6% 4512 MHz: 5.1%)
P1-Cluster idle residency:  17.74%
P1-Cluster down residency:   0.00%
CPU 10 frequency: 3608 MHz
CPU 10 active residency:  40.63% (1260 MHz: .03% 1512 MHz:   0% 1800 MHz:   0% 2088 MHz:   0% 2352 MHz:   0% 2616 MHz:   0% 2868 MHz:   0% 3096 MHz:  22% 3300 MHz: 4.6% 3468 MHz: .12% 3624 MHz: .21% 3756 MHz:   0% 3828 MHz: .24% 3888 MHz:   0% 3948 MHz:   0% 3996 MHz:   0% 4044 MHz:   0% 4104 MHz: .19% 4416 MHz: .26% 4512 MHz:  13%)
CPU 10 idle residency:  59.37%
CPU 10 down residency:   0.00%
CPU 11 frequency: 3638 MHz
CPU 11 active residency:  39.30% (1260 MHz: .03% 1512 MHz: .00% 1800 MHz:   0% 2088 MHz:   0% 2352 MHz:   0% 2616 MHz:   0% 2868 MHz:   0% 3096 MHz:  20% 3300 MHz: 4.1% 3468 MHz: .01% 3624 MHz: .21% 3756 MHz:   0% 3828 MHz: .24% 3888 MHz:   0% 3948 MHz:   0% 3996 MHz:   0% 4044 MHz:   0% 4104 MHz: .23% 4416 MHz: .22% 4512 MHz:  14%)
CPU 11 idle residency:  60.70%
CPU 11 down residency:   0.00%
CPU 12 frequency: 3725 MHz
CPU 12 active residency:  42.17% (1260 MHz: .13% 1512 MHz: .35% 1800 MHz: .17% 2088 MHz: .03% 2352 MHz:   0% 2616 MHz:   0% 2868 MHz:   0% 3096 MHz:  18% 3300 MHz: 3.8% 3468 MHz: .08% 3624 MHz: .26% 3756 MHz:   0% 3828 MHz: .24% 3888 MHz:   0% 3948 MHz:   0% 3996 MHz:   0% 4044 MHz:   0% 4104 MHz: .19% 4416 MHz: .23% 4512 MHz:  18%)
CPU 12 idle residency:  57.83%
CPU 12 down residency:   0.00%
CPU 13 frequency: 3538 MHz
CPU 13 active residency:  44.89% (1260 MHz: .17% 1512 MHz: .31% 1800 MHz: .54% 2088 MHz: .40% 2352 MHz: .19% 2616 MHz: .42% 2868 MHz: .47% 3096 MHz:  21% 3300 MHz: 6.0% 3468 MHz: .48% 3624 MHz: .38% 3756 MHz:   0% 3828 MHz: .39% 3888 MHz:   0% 3948 MHz: .39% 3996 MHz:   0% 4044 MHz:   0% 4104 MHz: .39% 4416 MHz: .39% 4512 MHz:  13%)
CPU 13 idle residency:  55.11%
CPU 13 down residency:   0.00%
CPU 14 frequency: 3716 MHz
CPU 14 active residency:  44.84% (1260 MHz: .08% 1512 MHz:   0% 1800 MHz: .00% 2088 MHz: .00% 2352 MHz:   0% 2616 MHz: .00% 2868 MHz:   0% 3096 MHz:  21% 3300 MHz: 4.1% 3468 MHz: .10% 3624 MHz: .21% 3756 MHz:   0% 3828 MHz: .23% 3888 MHz:   0% 3948 MHz:   0% 3996 MHz:   0% 4044 MHz:   0% 4104 MHz: .19% 4416 MHz: .22% 4512 MHz:  19%)
CPU 14 idle residency:  55.16%
CPU 14 down residency:   0.00%
CPU 15 frequency: 3606 MHz
CPU 15 active residency:  36.79% (1260 MHz: .10% 1512 MHz:   0% 1800 MHz: .00% 2088 MHz:   0% 2352 MHz:   0% 2616 MHz:   0% 2868 MHz:   0% 3096 MHz:  20% 3300 MHz: 3.9% 3468 MHz: .08% 3624 MHz: .21% 3756 MHz:   0% 3828 MHz: .22% 3888 MHz:   0% 3948 MHz: .03% 3996 MHz:   0% 4044 MHz:   0% 4104 MHz: .19% 4416 MHz: .22% 4512 MHz:  12%)
CPU 15 idle residency:  63.21%
CPU 15 down residency:   0.00%

CPU Power: 13534 mW
GPU Power: 34260 mW
ANE Power: 0 mW
Combined Power (CPU + GPU + ANE): 47794 mW

**** GPU usage ****

GPU HW active frequency: 1578 MHz
GPU HW active residency: 100.00% (338 MHz:   0% 618 MHz:   0% 796 MHz:   0% 924 MHz:   0% 952 MHz:   0% 1056 MHz:   0% 1062 MHz:   0% 1182 MHz:   0% 1182 MHz:   0% 1312 MHz:   0% 1242 MHz:   0% 1380 MHz:   0% 1326 MHz:   0% 1470 MHz:   0% 1578 MHz: 100%)
GPU SW requested state: (P1 :   0% P2 :   0% P3 :   0% P4 :   0% P5 :   0% P6 :   0% P7 :   0% P8 :   0% P9 :   0% P10 : 100% P11 :   0% P12 :   0% P13 :   0% P14 :   0% P15 :   0%)
GPU SW state: (SW_P1 :   0% SW_P2 :   0% SW_P3 :   0% SW_P4 :   0% SW_P5 :   0% SW_P6 :   0% SW_P7 :   0% SW_P8 :   0% SW_P9 :   0% SW_P10 : 100% SW_P11 :   0% SW_P12 :   0% SW_P13 :   0% SW_P14 :   0% SW_P15 :   0%)
GPU idle residency:   0.00%
GPU Power: 34249 mW



*** Sampled system activity (Tue Jan 20 15:18:31 2026 +0100) (1021.69ms elapsed) ***


**** Processor usage ****

E-Cluster Online: 100%
E-Cluster HW active frequency: 1684 MHz
E-Cluster HW active residency:  45.94% (1020 MHz:  23% 1404 MHz: 2.1% 1788 MHz: 2.5% 2112 MHz: .58% 2352 MHz: .86% 2532 MHz: 1.3% 2592 MHz:  15%)
E-Cluster idle residency:  54.06%
E-Cluster down residency:   0.00%
CPU 0 frequency: 1732 MHz
CPU 0 active residency:  31.24% (1020 MHz:  15% 1404 MHz: 1.8% 1788 MHz: 1.8% 2112 MHz: .36% 2352 MHz: .75% 2532 MHz: 1.2% 2592 MHz:  11%)
CPU 0 idle residency:  68.76%
CPU 0 down residency:   0.00%
CPU 1 frequency: 1727 MHz
CPU 1 active residency:  22.04% (1020 MHz:  10% 1404 MHz: 1.2% 1788 MHz: 1.9% 2112 MHz: .27% 2352 MHz: .59% 2532 MHz: .80% 2592 MHz: 7.2%)
CPU 1 idle residency:  77.96%
CPU 1 down residency:   0.00%
CPU 2 frequency: 1808 MHz
CPU 2 active residency:  16.79% (1020 MHz: 7.0% 1404 MHz: .82% 1788 MHz: 1.1% 2112 MHz: .19% 2352 MHz: .54% 2532 MHz: .80% 2592 MHz: 6.3%)
CPU 2 idle residency:  83.21%
CPU 2 down residency:   0.00%
CPU 3 frequency: 1766 MHz
CPU 3 active residency:  11.61% (1020 MHz: 4.9% 1404 MHz: .60% 1788 MHz: .99% 2112 MHz: .42% 2352 MHz: .53% 2532 MHz: .75% 2592 MHz: 3.4%)
CPU 3 idle residency:  88.39%
CPU 3 down residency:   0.00%

P0-Cluster Online: 100%
P0-Cluster HW active frequency: 3440 MHz
P0-Cluster HW active residency:  68.47% (1260 MHz: 5.6% 1512 MHz:   0% 1800 MHz:   0% 2088 MHz:   0% 2352 MHz:   0% 2616 MHz:   0% 2868 MHz:   0% 3096 MHz:  14% 3300 MHz:  14% 3468 MHz: 1.7% 3624 MHz: .71% 3756 MHz:   0% 3828 MHz:   0% 3888 MHz:  11% 3948 MHz: 1.5% 3996 MHz: 1.9% 4044 MHz:  14% 4104 MHz:   0% 4416 MHz: .90% 4512 MHz: 2.8%)
P0-Cluster idle residency:  31.53%
P0-Cluster down residency:   0.00%
CPU 4 frequency: 3658 MHz
CPU 4 active residency:  40.03% (1260 MHz: .19% 1512 MHz:   0% 1800 MHz:   0% 2088 MHz:   0% 2352 MHz:   0% 2616 MHz:   0% 2868 MHz:   0% 3096 MHz:  14% 3300 MHz: 9.9% 3468 MHz: 1.5% 3624 MHz: .62% 3756 MHz:   0% 3828 MHz:   0% 3888 MHz:   0% 3948 MHz:   0% 3996 MHz:   0% 4044 MHz:   0% 4104 MHz:   0% 4416 MHz: .23% 4512 MHz:  14%)
CPU 4 idle residency:  59.97%
CPU 4 down residency:   0.00%
CPU 5 frequency: 3683 MHz
CPU 5 active residency:  42.37% (1260 MHz: .13% 1512 MHz:   0% 1800 MHz:   0% 2088 MHz:   0% 2352 MHz:   0% 2616 MHz:   0% 2868 MHz:   0% 3096 MHz:  14% 3300 MHz:  11% 3468 MHz: 1.5% 3624 MHz: .62% 3756 MHz:   0% 3828 MHz:   0% 3888 MHz:   0% 3948 MHz:   0% 3996 MHz:   0% 4044 MHz:   0% 4104 MHz:   0% 4416 MHz: .23% 4512 MHz:  15%)
CPU 5 idle residency:  57.63%
CPU 5 down residency:   0.00%
CPU 6 frequency: 3740 MHz
CPU 6 active residency:  44.20% (1260 MHz: .13% 1512 MHz:   0% 1800 MHz:   0% 2088 MHz:   0% 2352 MHz:   0% 2616 MHz:   0% 2868 MHz:   0% 3096 MHz:  14% 3300 MHz:  10% 3468 MHz: 1.5% 3624 MHz: .62% 3756 MHz:   0% 3828 MHz:   0% 3888 MHz:   0% 3948 MHz:   0% 3996 MHz:   0% 4044 MHz:   0% 4104 MHz:   0% 4416 MHz: .24% 4512 MHz:  18%)
CPU 6 idle residency:  55.80%
CPU 6 down residency:   0.00%
CPU 7 frequency: 3760 MHz
CPU 7 active residency:  47.73% (1260 MHz: .13% 1512 MHz:   0% 1800 MHz:   0% 2088 MHz:   0% 2352 MHz:   0% 2616 MHz:   0% 2868 MHz:   0% 3096 MHz:  14% 3300 MHz:  11% 3468 MHz: 1.5% 3624 MHz: .62% 3756 MHz:   0% 3828 MHz:   0% 3888 MHz:   0% 3948 MHz:   0% 3996 MHz:   0% 4044 MHz:   0% 4104 MHz:   0% 4416 MHz: .23% 4512 MHz:  20%)
CPU 7 idle residency:  52.27%
CPU 7 down residency:   0.00%
CPU 8 frequency: 3613 MHz
CPU 8 active residency:  42.82% (1260 MHz: .12% 1512 MHz:   0% 1800 MHz:   0% 2088 MHz:   0% 2352 MHz:   0% 2616 MHz:   0% 2868 MHz:   0% 3096 MHz:  14% 3300 MHz:  13% 3468 MHz: 1.6% 3624 MHz: .70% 3756 MHz:   0% 3828 MHz:   0% 3888 MHz:   0% 3948 MHz:   0% 3996 MHz:   0% 4044 MHz:   0% 4104 MHz:   0% 4416 MHz: .27% 4512 MHz:  13%)
CPU 8 idle residency:  57.18%
CPU 8 down residency:   0.00%
CPU 9 frequency: 3634 MHz
CPU 9 active residency:  38.61% (1260 MHz: .17% 1512 MHz:   0% 1800 MHz:   0% 2088 MHz:   0% 2352 MHz:   0% 2616 MHz:   0% 2868 MHz:   0% 3096 MHz:  14% 3300 MHz: 9.4% 3468 MHz: 1.5% 3624 MHz: .62% 3756 MHz:   0% 3828 MHz:   0% 3888 MHz:   0% 3948 MHz:   0% 3996 MHz:   0% 4044 MHz:   0% 4104 MHz:   0% 4416 MHz: .38% 4512 MHz:  13%)
CPU 9 idle residency:  61.39%
CPU 9 down residency:   0.00%

P1-Cluster HW active frequency: 2883 MHz
P1-Cluster HW active residency:  64.16% (1260 MHz:  10% 1512 MHz: .21% 1800 MHz: .96% 2088 MHz: .58% 2352 MHz:   0% 2616 MHz: .57% 2868 MHz: .04% 3096 MHz:  22% 3300 MHz:  24% 3468 MHz: 2.7% 3624 MHz: 1.5% 3756 MHz: .17% 3828 MHz:   0% 3888 MHz: .37% 3948 MHz: .00% 3996 MHz:   0% 4044 MHz: .31% 4104 MHz:   0% 4416 MHz: .04% 4512 MHz: .31%)
P1-Cluster idle residency:  35.84%
P1-Cluster down residency:   0.00%
CPU 10 frequency: 3192 MHz
CPU 10 active residency:  38.60% (1260 MHz: .23% 1512 MHz: .19% 1800 MHz: .37% 2088 MHz: .01% 2352 MHz:   0% 2616 MHz: .00% 2868 MHz:   0% 3096 MHz:  18% 3300 MHz:  17% 3468 MHz: 1.4% 3624 MHz: .67% 3756 MHz: .07% 3828 MHz:   0% 3888 MHz:   0% 3948 MHz:   0% 3996 MHz:   0% 4044 MHz:   0% 4104 MHz:   0% 4416 MHz:   0% 4512 MHz: .37%)
CPU 10 idle residency:  61.40%
CPU 10 down residency:   0.00%
CPU 11 frequency: 3217 MHz
CPU 11 active residency:  38.46% (1260 MHz: .12% 1512 MHz: .11% 1800 MHz: .00% 2088 MHz: .03% 2352 MHz:   0% 2616 MHz:   0% 2868 MHz:   0% 3096 MHz:  18% 3300 MHz:  17% 3468 MHz: 1.7% 3624 MHz: .72% 3756 MHz: .07% 3828 MHz:   0% 3888 MHz:   0% 3948 MHz:   0% 3996 MHz:   0% 4044 MHz:   0% 4104 MHz:   0% 4416 MHz:   0% 4512 MHz: .37%)
CPU 11 idle residency:  61.54%
CPU 11 down residency:   0.00%
CPU 12 frequency: 3204 MHz
CPU 12 active residency:  41.60% (1260 MHz: .19% 1512 MHz: .00% 1800 MHz: .52% 2088 MHz: .47% 2352 MHz:   0% 2616 MHz: .57% 2868 MHz: .04% 3096 MHz:  19% 3300 MHz:  17% 3468 MHz: 2.0% 3624 MHz: 1.1% 3756 MHz: .17% 3828 MHz:   0% 3888 MHz:   0% 3948 MHz:   0% 3996 MHz:   0% 4044 MHz:   0% 4104 MHz:   0% 4416 MHz:   0% 4512 MHz: .98%)
CPU 12 idle residency:  58.40%
CPU 12 down residency:   0.00%
CPU 13 frequency: 3227 MHz
CPU 13 active residency:  41.72% (1260 MHz: .13% 1512 MHz:   0% 1800 MHz:   0% 2088 MHz:   0% 2352 MHz:   0% 2616 MHz:   0% 2868 MHz:   0% 3096 MHz:  19% 3300 MHz:  20% 3468 MHz: 1.8% 3624 MHz: .69% 3756 MHz: .07% 3828 MHz:   0% 3888 MHz:   0% 3948 MHz:   0% 3996 MHz:   0% 4044 MHz:   0% 4104 MHz:   0% 4416 MHz:   0% 4512 MHz: .40%)
CPU 13 idle residency:  58.28%
CPU 13 down residency:   0.00%
CPU 14 frequency: 3196 MHz
CPU 14 active residency:  39.80% (1260 MHz: .13% 1512 MHz:   0% 1800 MHz: .43% 2088 MHz: .14% 2352 MHz:   0% 2616 MHz:   0% 2868 MHz:   0% 3096 MHz:  19% 3300 MHz:  18% 3468 MHz: 1.6% 3624 MHz: .31% 3756 MHz: .07% 3828 MHz:   0% 3888 MHz:   0% 3948 MHz:   0% 3996 MHz:   0% 4044 MHz:   0% 4104 MHz:   0% 4416 MHz:   0% 4512 MHz: .37%)
CPU 14 idle residency:  60.20%
CPU 14 down residency:   0.00%
CPU 15 frequency: 3203 MHz
CPU 15 active residency:  39.39% (1260 MHz: .23% 1512 MHz: .00% 1800 MHz: .17% 2088 MHz: .03% 2352 MHz:   0% 2616 MHz:   0% 2868 MHz:   0% 3096 MHz:  20% 3300 MHz:  16% 3468 MHz: 1.5% 3624 MHz: .80% 3756 MHz: .11% 3828 MHz:   0% 3888 MHz:   0% 3948 MHz:   0% 3996 MHz:   0% 4044 MHz:   0% 4104 MHz:   0% 4416 MHz:   0% 4512 MHz: .37%)
CPU 15 idle residency:  60.61%
CPU 15 down residency:   0.00%

CPU Power: 13990 mW
GPU Power: 34613 mW
ANE Power: 0 mW
Combined Power (CPU + GPU + ANE): 48603 mW

**** GPU usage ****

GPU HW active frequency: 1578 MHz
GPU HW active residency: 100.00% (338 MHz:   0% 618 MHz:   0% 796 MHz:   0% 924 MHz:   0% 952 MHz:   0% 1056 MHz:   0% 1062 MHz:   0% 1182 MHz:   0% 1182 MHz:   0% 1312 MHz:   0% 1242 MHz:   0% 1380 MHz:   0% 1326 MHz:   0% 1470 MHz:   0% 1578 MHz: 100%)
GPU SW requested state: (P1 :   0% P2 :   0% P3 :   0% P4 :   0% P5 :   0% P6 :   0% P7 :   0% P8 :   0% P9 :   0% P10 : 100% P11 :   0% P12 :   0% P13 :   0% P14 :   0% P15 :   0%)
GPU SW state: (SW_P1 :   0% SW_P2 :   0% SW_P3 :   0% SW_P4 :   0% SW_P5 :   0% SW_P6 :   0% SW_P7 :   0% SW_P8 :   0% SW_P9 :   0% SW_P10 : 100% SW_P11 :   0% SW_P12 :   0% SW_P13 :   0% SW_P14 :   0% SW_P15 :   0%)
GPU idle residency:   0.00%
GPU Power: 34312 mW



*** Sampled system activity (Tue Jan 20 15:18:32 2026 +0100) (1021.15ms elapsed) ***


**** Processor usage ****

E-Cluster Online: 100%
E-Cluster HW active frequency: 1647 MHz
E-Cluster HW active residency:  52.27% (1020 MHz:  29% 1404 MHz: 1.7% 1788 MHz: 2.2% 2112 MHz: .58% 2352 MHz: .87% 2532 MHz: .96% 2592 MHz:  17%)
E-Cluster idle residency:  47.73%
E-Cluster down residency:   0.00%
CPU 0 frequency: 1685 MHz
CPU 0 active residency:  33.89% (1020 MHz:  18% 1404 MHz: 1.0% 1788 MHz: 1.6% 2112 MHz: .34% 2352 MHz: .85% 2532 MHz: .49% 2592 MHz:  12%)
CPU 0 idle residency:  66.11%
CPU 0 down residency:   0.00%
CPU 1 frequency: 1710 MHz
CPU 1 active residency:  25.26% (1020 MHz:  13% 1404 MHz: .89% 1788 MHz: .94% 2112 MHz: .32% 2352 MHz: .28% 2532 MHz: .46% 2592 MHz: 9.5%)
CPU 1 idle residency:  74.74%
CPU 1 down residency:   0.00%
CPU 2 frequency: 1731 MHz
CPU 2 active residency:  17.77% (1020 MHz: 8.5% 1404 MHz: .77% 1788 MHz: 1.1% 2112 MHz: .19% 2352 MHz: .34% 2532 MHz: .32% 2592 MHz: 6.6%)
CPU 2 idle residency:  82.23%
CPU 2 down residency:   0.00%
CPU 3 frequency: 1808 MHz
CPU 3 active residency:  11.43% (1020 MHz: 4.9% 1404 MHz: .43% 1788 MHz: .74% 2112 MHz: .11% 2352 MHz: .15% 2532 MHz: .40% 2592 MHz: 4.7%)
CPU 3 idle residency:  88.57%
CPU 3 down residency:   0.00%

P0-Cluster Online: 100%
P0-Cluster HW active frequency: 3006 MHz
P0-Cluster HW active residency:  54.14% (1260 MHz: 6.8% 1512 MHz: .26% 1800 MHz: .47% 2088 MHz: .11% 2352 MHz: .20% 2616 MHz: .06% 2868 MHz:   0% 3096 MHz:  19% 3300 MHz:  20% 3468 MHz: 2.6% 3624 MHz: .67% 3756 MHz: .61% 3828 MHz: .75% 3888 MHz: 1.5% 3948 MHz: .22% 3996 MHz: .38% 4044 MHz: .01% 4104 MHz:   0% 4416 MHz: .30% 4512 MHz: .25%)
P0-Cluster idle residency:  45.86%
P0-Cluster down residency:   0.00%
CPU 4 frequency: 3283 MHz
CPU 4 active residency:  39.24% (1260 MHz: .24% 1512 MHz:   0% 1800 MHz: .02% 2088 MHz: .00% 2352 MHz: .00% 2616 MHz: .01% 2868 MHz:   0% 3096 MHz:  18% 3300 MHz:  15% 3468 MHz: 1.8% 3624 MHz: .58% 3756 MHz: .55% 3828 MHz: .75% 3888 MHz: .12% 3948 MHz: .41% 3996 MHz:   0% 4044 MHz:   0% 4104 MHz:   0% 4416 MHz:   0% 4512 MHz: 1.6%)
CPU 4 idle residency:  60.76%
CPU 4 down residency:   0.00%
CPU 5 frequency: 3268 MHz
CPU 5 active residency:  40.20% (1260 MHz: .25% 1512 MHz: .25% 1800 MHz: .00% 2088 MHz:   0% 2352 MHz: .00% 2616 MHz: .06% 2868 MHz:   0% 3096 MHz:  18% 3300 MHz:  16% 3468 MHz: 2.3% 3624 MHz: .57% 3756 MHz: .52% 3828 MHz: .76% 3888 MHz: .19% 3948 MHz: .38% 3996 MHz:   0% 4044 MHz:   0% 4104 MHz:   0% 4416 MHz:   0% 4512 MHz: 1.4%)
CPU 5 idle residency:  59.80%
CPU 5 down residency:   0.00%
CPU 6 frequency: 3255 MHz
CPU 6 active residency:  39.04% (1260 MHz: .22% 1512 MHz:   0% 1800 MHz: .18% 2088 MHz:   0% 2352 MHz: .00% 2616 MHz:   0% 2868 MHz:   0% 3096 MHz:  18% 3300 MHz:  16% 3468 MHz: 1.8% 3624 MHz: .57% 3756 MHz: .52% 3828 MHz: .76% 3888 MHz: .19% 3948 MHz: .38% 3996 MHz:   0% 4044 MHz:   0% 4104 MHz:   0% 4416 MHz:   0% 4512 MHz: .90%)
CPU 6 idle residency:  60.96%
CPU 6 down residency:   0.00%
CPU 7 frequency: 3261 MHz
CPU 7 active residency:  39.31% (1260 MHz: .20% 1512 MHz:   0% 1800 MHz:   0% 2088 MHz:   0% 2352 MHz: .00% 2616 MHz:   0% 2868 MHz:   0% 3096 MHz:  18% 3300 MHz:  16% 3468 MHz: 1.8% 3624 MHz: .58% 3756 MHz: .52% 3828 MHz: .76% 3888 MHz: .16% 3948 MHz: .38% 3996 MHz:   0% 4044 MHz:   0% 4104 MHz:   0% 4416 MHz:   0% 4512 MHz: .90%)
CPU 7 idle residency:  60.69%
CPU 7 down residency:   0.00%
CPU 8 frequency: 3265 MHz
CPU 8 active residency:  42.79% (1260 MHz: .22% 1512 MHz:   0% 1800 MHz: .02% 2088 MHz: .00% 2352 MHz: .00% 2616 MHz: .01% 2868 MHz:   0% 3096 MHz:  18% 3300 MHz:  19% 3468 MHz: 2.1% 3624 MHz: .65% 3756 MHz: .59% 3828 MHz: .76% 3888 MHz: .09% 3948 MHz: .42% 3996 MHz: .05% 4044 MHz:   0% 4104 MHz:   0% 4416 MHz:   0% 4512 MHz: .92%)
CPU 8 idle residency:  57.21%
CPU 8 down residency:   0.00%
CPU 9 frequency: 3263 MHz
CPU 9 active residency:  40.05% (1260 MHz: .24% 1512 MHz:   0% 1800 MHz: .02% 2088 MHz: .00% 2352 MHz: .00% 2616 MHz:   0% 2868 MHz:   0% 3096 MHz:  18% 3300 MHz:  16% 3468 MHz: 1.8% 3624 MHz: .58% 3756 MHz: .54% 3828 MHz: .76% 3888 MHz: .09% 3948 MHz: .41% 3996 MHz:   0% 4044 MHz:   0% 4104 MHz:   0% 4416 MHz:   0% 4512 MHz: 1.1%)
CPU 9 idle residency:  59.95%
CPU 9 down residency:   0.00%

P1-Cluster HW active frequency: 3269 MHz
P1-Cluster HW active residency:  80.32% (1260 MHz: 9.0% 1512 MHz: .51% 1800 MHz: 1.1% 2088 MHz: 1.0% 2352 MHz: .19% 2616 MHz: .45% 2868 MHz: .32% 3096 MHz:  19% 3300 MHz:  13% 3468 MHz: 1.1% 3624 MHz: 1.4% 3756 MHz: .46% 3828 MHz:   0% 3888 MHz:  13% 3948 MHz: 1.3% 3996 MHz: 2.5% 4044 MHz:  13% 4104 MHz: .20% 4416 MHz: .40% 4512 MHz: 2.0%)
P1-Cluster idle residency:  19.68%
P1-Cluster down residency:   0.00%
CPU 10 frequency: 3617 MHz
CPU 10 active residency:  42.62% (1260 MHz: .17% 1512 MHz:   0% 1800 MHz: .93% 2088 MHz: .21% 2352 MHz: .06% 2616 MHz: .45% 2868 MHz: .32% 3096 MHz:  15% 3300 MHz: 8.2% 3468 MHz: .81% 3624 MHz: .99% 3756 MHz: .24% 3828 MHz:   0% 3888 MHz: .10% 3948 MHz: .29% 3996 MHz:   0% 4044 MHz:   0% 4104 MHz: .18% 4416 MHz:   0% 4512 MHz:  15%)
CPU 10 idle residency:  57.38%
CPU 10 down residency:   0.00%
CPU 11 frequency: 3734 MHz
CPU 11 active residency:  44.05% (1260 MHz: .06% 1512 MHz: .19% 1800 MHz: .03% 2088 MHz: .04% 2352 MHz: .03% 2616 MHz:   0% 2868 MHz: .00% 3096 MHz:  14% 3300 MHz: 9.0% 3468 MHz: .80% 3624 MHz: .93% 3756 MHz: .46% 3828 MHz:   0% 3888 MHz: .25% 3948 MHz: .25% 3996 MHz:   0% 4044 MHz:   0% 4104 MHz: .15% 4416 MHz:   0% 4512 MHz:  18%)
CPU 11 idle residency:  55.95%
CPU 11 down residency:   0.00%
CPU 12 frequency: 3712 MHz
CPU 12 active residency:  45.30% (1260 MHz: .03% 1512 MHz: .26% 1800 MHz: .12% 2088 MHz: .20% 2352 MHz: .12% 2616 MHz: .34% 2868 MHz: .00% 3096 MHz:  14% 3300 MHz: 8.8% 3468 MHz: .66% 3624 MHz: 1.2% 3756 MHz: .46% 3828 MHz:   0% 3888 MHz: .36% 3948 MHz: .39% 3996 MHz:   0% 4044 MHz:   0% 4104 MHz: .39% 4416 MHz: .39% 4512 MHz:  17%)
CPU 12 idle residency:  54.70%
CPU 12 down residency:   0.00%
CPU 13 frequency: 3623 MHz
CPU 13 active residency:  39.05% (1260 MHz: .02% 1512 MHz:   0% 1800 MHz:   0% 2088 MHz:   0% 2352 MHz:   0% 2616 MHz:   0% 2868 MHz:   0% 3096 MHz:  16% 3300 MHz: 9.0% 3468 MHz: .79% 3624 MHz: .53% 3756 MHz: .18% 3828 MHz:   0% 3888 MHz:   0% 3948 MHz: .25% 3996 MHz:   0% 4044 MHz:   0% 4104 MHz: .19% 4416 MHz:   0% 4512 MHz:  13%)
CPU 13 idle residency:  60.95%
CPU 13 down residency:   0.00%
CPU 14 frequency: 3588 MHz
CPU 14 active residency:  38.71% (1260 MHz: .03% 1512 MHz:   0% 1800 MHz:   0% 2088 MHz:   0% 2352 MHz:   0% 2616 MHz:   0% 2868 MHz:   0% 3096 MHz:  16% 3300 MHz: 9.2% 3468 MHz: .75% 3624 MHz: .50% 3756 MHz: .06% 3828 MHz:   0% 3888 MHz:   0% 3948 MHz: .25% 3996 MHz:   0% 4044 MHz:   0% 4104 MHz: .19% 4416 MHz:   0% 4512 MHz:  11%)
CPU 14 idle residency:  61.29%
CPU 14 down residency:   0.00%
CPU 15 frequency: 3751 MHz
CPU 15 active residency:  51.63% (1260 MHz: .12% 1512 MHz:   0% 1800 MHz: .11% 2088 MHz: .75% 2352 MHz: .19% 2616 MHz: .18% 2868 MHz: .32% 3096 MHz:  15% 3300 MHz: 9.0% 3468 MHz: .99% 3624 MHz: 1.3% 3756 MHz: .31% 3828 MHz:   0% 3888 MHz: .10% 3948 MHz: .26% 3996 MHz:   0% 4044 MHz:   0% 4104 MHz: .17% 4416 MHz:   0% 4512 MHz:  22%)
CPU 15 idle residency:  48.37%
CPU 15 down residency:   0.00%

CPU Power: 14329 mW
GPU Power: 34299 mW
ANE Power: 0 mW
Combined Power (CPU + GPU + ANE): 48628 mW

**** GPU usage ****

GPU HW active frequency: 1578 MHz
GPU HW active residency: 100.00% (338 MHz:   0% 618 MHz:   0% 796 MHz:   0% 924 MHz:   0% 952 MHz:   0% 1056 MHz:   0% 1062 MHz:   0% 1182 MHz:   0% 1182 MHz:   0% 1312 MHz:   0% 1242 MHz:   0% 1380 MHz:   0% 1326 MHz:   0% 1470 MHz:   0% 1578 MHz: 100%)
GPU SW requested state: (P1 :   0% P2 :   0% P3 :   0% P4 :   0% P5 :   0% P6 :   0% P7 :   0% P8 :   0% P9 :   0% P10 : 100% P11 :   0% P12 :   0% P13 :   0% P14 :   0% P15 :   0%)
GPU SW state: (SW_P1 :   0% SW_P2 :   0% SW_P3 :   0% SW_P4 :   0% SW_P5 :   0% SW_P6 :   0% SW_P7 :   0% SW_P8 :   0% SW_P9 :   0% SW_P10 : 100% SW_P11 :   0% SW_P12 :   0% SW_P13 :   0% SW_P14 :   0% SW_P15 :   0%)
GPU idle residency:   0.00%
GPU Power: 34600 mW



*** Sampled system activity (Tue Jan 20 15:18:33 2026 +0100) (1022.46ms elapsed) ***


**** Processor usage ****

E-Cluster Online: 100%
E-Cluster HW active frequency: 1947 MHz
E-Cluster HW active residency:  54.33% (1020 MHz:  19% 1404 MHz: 1.6% 1788 MHz: 2.6% 2112 MHz: .87% 2352 MHz: 1.3% 2532 MHz: .55% 2592 MHz:  28%)
E-Cluster idle residency:  45.67%
E-Cluster down residency:   0.00%
CPU 0 frequency: 2039 MHz
CPU 0 active residency:  39.38% (1020 MHz:  12% 1404 MHz: 1.3% 1788 MHz: 1.6% 2112 MHz: .44% 2352 MHz: 1.0% 2532 MHz: .48% 2592 MHz:  23%)
CPU 0 idle residency:  60.62%
CPU 0 down residency:   0.00%
CPU 1 frequency: 2096 MHz
CPU 1 active residency:  32.11% (1020 MHz: 8.7% 1404 MHz: .61% 1788 MHz: 1.5% 2112 MHz: .47% 2352 MHz: .67% 2532 MHz: .41% 2592 MHz:  20%)
CPU 1 idle residency:  67.89%
CPU 1 down residency:   0.00%
CPU 2 frequency: 2171 MHz
CPU 2 active residency:  25.59% (1020 MHz: 5.5% 1404 MHz: .50% 1788 MHz: 1.3% 2112 MHz: .63% 2352 MHz: .59% 2532 MHz: .41% 2592 MHz:  17%)
CPU 2 idle residency:  74.41%
CPU 2 down residency:   0.00%
CPU 3 frequency: 2258 MHz
CPU 3 active residency:  19.27% (1020 MHz: 3.2% 1404 MHz: .28% 1788 MHz: 1.1% 2112 MHz: .17% 2352 MHz: .49% 2532 MHz: .27% 2592 MHz:  14%)
CPU 3 idle residency:  80.73%
CPU 3 down residency:   0.00%

P0-Cluster Online: 100%
P0-Cluster HW active frequency: 3152 MHz
P0-Cluster HW active residency:  65.46% (1260 MHz: 8.9% 1512 MHz: .04% 1800 MHz: .19% 2088 MHz: .35% 2352 MHz: .11% 2616 MHz: .65% 2868 MHz: .61% 3096 MHz:  19% 3300 MHz:  15% 3468 MHz: 1.8% 3624 MHz: 1.0% 3756 MHz: .51% 3828 MHz: .31% 3888 MHz: 6.6% 3948 MHz: 1.0% 3996 MHz: .59% 4044 MHz: 7.2% 4104 MHz: .28% 4416 MHz: .33% 4512 MHz: 1.5%)
P0-Cluster idle residency:  34.54%
P0-Cluster down residency:   0.00%
CPU 4 frequency: 3517 MHz
CPU 4 active residency:  46.15% (1260 MHz: .28% 1512 MHz: .03% 1800 MHz: .04% 2088 MHz: .06% 2352 MHz:   0% 2616 MHz: .10% 2868 MHz: .52% 3096 MHz:  19% 3300 MHz:  11% 3468 MHz: 1.3% 3624 MHz: .85% 3756 MHz: .49% 3828 MHz: .22% 3888 MHz:   0% 3948 MHz: .38% 3996 MHz: .02% 4044 MHz: .05% 4104 MHz: .38% 4416 MHz: .07% 4512 MHz:  11%)
CPU 4 idle residency:  53.85%
CPU 4 down residency:   0.00%
CPU 5 frequency: 3422 MHz
CPU 5 active residency:  40.89% (1260 MHz: .30% 1512 MHz: .03% 1800 MHz: .01% 2088 MHz: .03% 2352 MHz:   0% 2616 MHz: .02% 2868 MHz: .21% 3096 MHz:  19% 3300 MHz:  11% 3468 MHz: 1.1% 3624 MHz: .74% 3756 MHz: .48% 3828 MHz: .22% 3888 MHz:   0% 3948 MHz: .39% 3996 MHz: .03% 4044 MHz: .06% 4104 MHz: .16% 4416 MHz: .07% 4512 MHz: 6.9%)
CPU 5 idle residency:  59.11%
CPU 5 down residency:   0.00%
CPU 6 frequency: 3420 MHz
CPU 6 active residency:  40.69% (1260 MHz: .21% 1512 MHz:   0% 1800 MHz: .00% 2088 MHz: .02% 2352 MHz:   0% 2616 MHz: .08% 2868 MHz: .27% 3096 MHz:  19% 3300 MHz:  11% 3468 MHz: 1.2% 3624 MHz: .77% 3756 MHz: .49% 3828 MHz: .22% 3888 MHz:   0% 3948 MHz: .39% 3996 MHz: .02% 4044 MHz: .03% 4104 MHz: .15% 4416 MHz: .07% 4512 MHz: 6.6%)
CPU 6 idle residency:  59.31%
CPU 6 down residency:   0.00%
CPU 7 frequency: 3499 MHz
CPU 7 active residency:  42.36% (1260 MHz: .17% 1512 MHz:   0% 1800 MHz: .00% 2088 MHz:   0% 2352 MHz:   0% 2616 MHz:   0% 2868 MHz: .00% 3096 MHz:  19% 3300 MHz:  11% 3468 MHz: 1.1% 3624 MHz: .71% 3756 MHz: .49% 3828 MHz: .20% 3888 MHz:   0% 3948 MHz: .36% 3996 MHz:   0% 4044 MHz: .03% 4104 MHz: .15% 4416 MHz: .07% 4512 MHz: 9.4%)
CPU 7 idle residency:  57.64%
CPU 7 down residency:   0.00%
CPU 8 frequency: 3406 MHz
CPU 8 active residency:  42.07% (1260 MHz: .19% 1512 MHz:   0% 1800 MHz: .00% 2088 MHz:   0% 2352 MHz:   0% 2616 MHz: .02% 2868 MHz: .13% 3096 MHz:  19% 3300 MHz:  14% 3468 MHz: 1.2% 3624 MHz: .72% 3756 MHz: .51% 3828 MHz: .25% 3888 MHz:   0% 3948 MHz: .36% 3996 MHz:   0% 4044 MHz: .03% 4104 MHz: .11% 4416 MHz: .07% 4512 MHz: 6.2%)
CPU 8 idle residency:  57.93%
CPU 8 down residency:   0.00%
CPU 9 frequency: 3449 MHz
CPU 9 active residency:  43.44% (1260 MHz: .34% 1512 MHz: .03% 1800 MHz: .02% 2088 MHz: .09% 2352 MHz: .11% 2616 MHz: .37% 2868 MHz: .45% 3096 MHz:  19% 3300 MHz:  11% 3468 MHz: 1.2% 3624 MHz: .74% 3756 MHz: .46% 3828 MHz: .25% 3888 MHz:   0% 3948 MHz: .39% 3996 MHz: .04% 4044 MHz: .06% 4104 MHz: .45% 4416 MHz: .45% 4512 MHz: 8.0%)
CPU 9 idle residency:  56.56%
CPU 9 down residency:   0.00%

P1-Cluster HW active frequency: 3218 MHz
P1-Cluster HW active residency:  81.37% (1260 MHz:  10% 1512 MHz: .63% 1800 MHz: .17% 2088 MHz: 1.2% 2352 MHz: .18% 2616 MHz: .32% 2868 MHz:   0% 3096 MHz:  20% 3300 MHz:  13% 3468 MHz: 2.0% 3624 MHz: 1.2% 3756 MHz: .47% 3828 MHz: .75% 3888 MHz:  17% 3948 MHz: 7.5% 3996 MHz: 1.8% 4044 MHz: 2.5% 4104 MHz: .01% 4416 MHz: 1.3% 4512 MHz: 1.1%)
P1-Cluster idle residency:  18.63%
P1-Cluster down residency:   0.00%
CPU 10 frequency: 3716 MHz
CPU 10 active residency:  53.65% (1260 MHz: .09% 1512 MHz: .25% 1800 MHz: .07% 2088 MHz: .95% 2352 MHz: .18% 2616 MHz: .32% 2868 MHz:   0% 3096 MHz:  16% 3300 MHz: 8.6% 3468 MHz: 1.8% 3624 MHz: 1.2% 3756 MHz: .48% 3828 MHz: .73% 3888 MHz: .24% 3948 MHz: .28% 3996 MHz: .03% 4044 MHz: .18% 4104 MHz: 1.5% 4416 MHz: .51% 4512 MHz:  20%)
CPU 10 idle residency:  46.35%
CPU 10 down residency:   0.00%
CPU 11 frequency: 3752 MHz
CPU 11 active residency:  49.38% (1260 MHz: .06% 1512 MHz: .00% 1800 MHz: .05% 2088 MHz: .69% 2352 MHz: .18% 2616 MHz: .31% 2868 MHz:   0% 3096 MHz:  15% 3300 MHz: 8.0% 3468 MHz: 1.5% 3624 MHz: .96% 3756 MHz: .09% 3828 MHz: .52% 3888 MHz: .16% 3948 MHz: .11% 3996 MHz: .02% 4044 MHz: .16% 4104 MHz: 1.0% 4416 MHz: .51% 4512 MHz:  20%)
CPU 11 idle residency:  50.62%
CPU 11 down residency:   0.00%
CPU 12 frequency: 3728 MHz
CPU 12 active residency:  50.73% (1260 MHz: .03% 1512 MHz:   0% 1800 MHz:   0% 2088 MHz: .44% 2352 MHz: .16% 2616 MHz: .32% 2868 MHz:   0% 3096 MHz:  17% 3300 MHz: 8.2% 3468 MHz: 1.6% 3624 MHz: .99% 3756 MHz: .09% 3828 MHz: .43% 3888 MHz: .18% 3948 MHz: .28% 3996 MHz: .03% 4044 MHz: .10% 4104 MHz: 1.4% 4416 MHz: .51% 4512 MHz:  19%)
CPU 12 idle residency:  49.27%
CPU 12 down residency:   0.00%
CPU 13 frequency: 3783 MHz
CPU 13 active residency:  49.70% (1260 MHz: .04% 1512 MHz: .01% 1800 MHz:   0% 2088 MHz: .28% 2352 MHz: .16% 2616 MHz: .27% 2868 MHz:   0% 3096 MHz:  15% 3300 MHz: 7.6% 3468 MHz: 1.4% 3624 MHz: .90% 3756 MHz: .09% 3828 MHz: .51% 3888 MHz: .21% 3948 MHz: .10% 3996 MHz: .03% 4044 MHz: .06% 4104 MHz: 1.0% 4416 MHz: .51% 4512 MHz:  21%)
CPU 13 idle residency:  50.30%
CPU 13 down residency:   0.00%
CPU 14 frequency: 3746 MHz
CPU 14 active residency:  47.39% (1260 MHz: .08% 1512 MHz: .04% 1800 MHz:   0% 2088 MHz: .20% 2352 MHz: .11% 2616 MHz: .19% 2868 MHz:   0% 3096 MHz:  15% 3300 MHz: 8.0% 3468 MHz: 1.3% 3624 MHz: .84% 3756 MHz: .09% 3828 MHz: .51% 3888 MHz: .12% 3948 MHz: .06% 3996 MHz:   0% 4044 MHz: .01% 4104 MHz: 1.4% 4416 MHz: .51% 4512 MHz:  18%)
CPU 14 idle residency:  52.61%
CPU 14 down residency:   0.00%
CPU 15 frequency: 3684 MHz
CPU 15 active residency:  52.01% (1260 MHz: .03% 1512 MHz: .26% 1800 MHz: .15% 2088 MHz: .63% 2352 MHz: .18% 2616 MHz: .32% 2868 MHz:   0% 3096 MHz:  17% 3300 MHz: 9.2% 3468 MHz: 1.9% 3624 MHz: 1.0% 3756 MHz: .16% 3828 MHz: .75% 3888 MHz: .23% 3948 MHz: .23% 3996 MHz: .03% 4044 MHz: .17% 4104 MHz: 1.4% 4416 MHz: .51% 4512 MHz:  18%)
CPU 15 idle residency:  47.99%
CPU 15 down residency:   0.00%

CPU Power: 15293 mW
GPU Power: 33553 mW
ANE Power: 0 mW
Combined Power (CPU + GPU + ANE): 48847 mW

**** GPU usage ****

GPU HW active frequency: 1577 MHz
GPU HW active residency:  99.74% (338 MHz: .04% 618 MHz:   0% 796 MHz:   0% 924 MHz:   0% 952 MHz:   0% 1056 MHz:   0% 1062 MHz:   0% 1182 MHz:   0% 1182 MHz:   0% 1312 MHz:   0% 1242 MHz:   0% 1380 MHz:   0% 1326 MHz:   0% 1470 MHz:   0% 1578 MHz: 100%)
GPU SW requested state: (P1 :   0% P2 :   0% P3 :   0% P4 :   0% P5 :   0% P6 :   0% P7 :   0% P8 :   0% P9 :   0% P10 : 100% P11 :   0% P12 :   0% P13 :   0% P14 :   0% P15 :   0%)
GPU SW state: (SW_P1 : .04% SW_P2 :   0% SW_P3 :   0% SW_P4 :   0% SW_P5 :   0% SW_P6 :   0% SW_P7 :   0% SW_P8 :   0% SW_P9 :   0% SW_P10 : 100% SW_P11 :   0% SW_P12 :   0% SW_P13 :   0% SW_P14 :   0% SW_P15 :   0%)
GPU idle residency:   0.26%
GPU Power: 33534 mW



*** Sampled system activity (Tue Jan 20 15:18:34 2026 +0100) (1023.19ms elapsed) ***


**** Processor usage ****

E-Cluster Online: 100%
E-Cluster HW active frequency: 1650 MHz
E-Cluster HW active residency:  53.20% (1020 MHz:  27% 1404 MHz: 3.7% 1788 MHz: 2.8% 2112 MHz: .92% 2352 MHz: .79% 2532 MHz: 1.1% 2592 MHz:  17%)
E-Cluster idle residency:  46.80%
E-Cluster down residency:   0.00%
CPU 0 frequency: 1681 MHz
CPU 0 active residency:  34.23% (1020 MHz:  17% 1404 MHz: 2.3% 1788 MHz: 1.9% 2112 MHz: .39% 2352 MHz: .60% 2532 MHz: .47% 2592 MHz:  12%)
CPU 0 idle residency:  65.77%
CPU 0 down residency:   0.00%
CPU 1 frequency: 1662 MHz
CPU 1 active residency:  25.53% (1020 MHz:  13% 1404 MHz: 1.9% 1788 MHz: 1.5% 2112 MHz: .48% 2352 MHz: .24% 2532 MHz: .17% 2592 MHz: 8.5%)
CPU 1 idle residency:  74.47%
CPU 1 down residency:   0.00%
CPU 2 frequency: 1670 MHz
CPU 2 active residency:  17.94% (1020 MHz: 8.5% 1404 MHz: 1.6% 1788 MHz: 1.3% 2112 MHz: .49% 2352 MHz: .08% 2532 MHz: .28% 2592 MHz: 5.7%)
CPU 2 idle residency:  82.06%
CPU 2 down residency:   0.00%
CPU 3 frequency: 1606 MHz
CPU 3 active residency:  12.20% (1020 MHz: 6.5% 1404 MHz: 1.1% 1788 MHz: .61% 2112 MHz: .09% 2352 MHz: .13% 2532 MHz: .40% 2592 MHz: 3.4%)
CPU 3 idle residency:  87.80%
CPU 3 down residency:   0.00%

P0-Cluster Online: 100%
P0-Cluster HW active frequency: 3024 MHz
P0-Cluster HW active residency:  54.33% (1260 MHz: 7.1% 1512 MHz: .06% 1800 MHz:   0% 2088 MHz:   0% 2352 MHz:   0% 2616 MHz:   0% 2868 MHz:   0% 3096 MHz:  22% 3300 MHz:  19% 3468 MHz: 1.1% 3624 MHz:   0% 3756 MHz:   0% 3828 MHz:   0% 3888 MHz: 2.1% 3948 MHz: .27% 3996 MHz: .93% 4044 MHz: 2.0% 4104 MHz:   0% 4416 MHz: .02% 4512 MHz: .25%)
P0-Cluster idle residency:  45.67%
P0-Cluster down residency:   0.00%
CPU 4 frequency: 3246 MHz
CPU 4 active residency:  39.78% (1260 MHz: .27% 1512 MHz:   0% 1800 MHz:   0% 2088 MHz:   0% 2352 MHz:   0% 2616 MHz:   0% 2868 MHz:   0% 3096 MHz:  22% 3300 MHz:  14% 3468 MHz: .94% 3624 MHz:   0% 3756 MHz:   0% 3828 MHz:   0% 3888 MHz:   0% 3948 MHz:   0% 3996 MHz:   0% 4044 MHz:   0% 4104 MHz:   0% 4416 MHz:   0% 4512 MHz: 2.2%)
CPU 4 idle residency:  60.22%
CPU 4 down residency:   0.00%
CPU 5 frequency: 3340 MHz
CPU 5 active residency:  42.63% (1260 MHz: .28% 1512 MHz:   0% 1800 MHz:   0% 2088 MHz:   0% 2352 MHz:   0% 2616 MHz:   0% 2868 MHz:   0% 3096 MHz:  22% 3300 MHz:  14% 3468 MHz: .93% 3624 MHz:   0% 3756 MHz:   0% 3828 MHz:   0% 3888 MHz:   0% 3948 MHz:   0% 3996 MHz:   0% 4044 MHz:   0% 4104 MHz:   0% 4416 MHz:   0% 4512 MHz: 5.4%)
CPU 5 idle residency:  57.37%
CPU 5 down residency:   0.00%
CPU 6 frequency: 3245 MHz
CPU 6 active residency:  39.88% (1260 MHz: .28% 1512 MHz:   0% 1800 MHz:   0% 2088 MHz:   0% 2352 MHz:   0% 2616 MHz:   0% 2868 MHz:   0% 3096 MHz:  22% 3300 MHz:  15% 3468 MHz: .93% 3624 MHz:   0% 3756 MHz:   0% 3828 MHz:   0% 3888 MHz:   0% 3948 MHz:   0% 3996 MHz:   0% 4044 MHz:   0% 4104 MHz:   0% 4416 MHz:   0% 4512 MHz: 2.2%)
CPU 6 idle residency:  60.12%
CPU 6 down residency:   0.00%
CPU 7 frequency: 3241 MHz
CPU 7 active residency:  39.60% (1260 MHz: .24% 1512 MHz:   0% 1800 MHz:   0% 2088 MHz:   0% 2352 MHz:   0% 2616 MHz:   0% 2868 MHz:   0% 3096 MHz:  22% 3300 MHz:  15% 3468 MHz: .93% 3624 MHz:   0% 3756 MHz:   0% 3828 MHz:   0% 3888 MHz:   0% 3948 MHz:   0% 3996 MHz:   0% 4044 MHz:   0% 4104 MHz:   0% 4416 MHz:   0% 4512 MHz: 2.0%)
CPU 7 idle residency:  60.40%
CPU 7 down residency:   0.00%
CPU 8 frequency: 3248 MHz
CPU 8 active residency:  43.31% (1260 MHz: .34% 1512 MHz:   0% 1800 MHz:   0% 2088 MHz:   0% 2352 MHz:   0% 2616 MHz:   0% 2868 MHz:   0% 3096 MHz:  22% 3300 MHz:  18% 3468 MHz: 1.1% 3624 MHz:   0% 3756 MHz:   0% 3828 MHz:   0% 3888 MHz:   0% 3948 MHz:   0% 3996 MHz:   0% 4044 MHz:   0% 4104 MHz:   0% 4416 MHz:   0% 4512 MHz: 2.3%)
CPU 8 idle residency:  56.69%
CPU 8 down residency:   0.00%
CPU 9 frequency: 3273 MHz
CPU 9 active residency:  40.94% (1260 MHz: .30% 1512 MHz:   0% 1800 MHz:   0% 2088 MHz:   0% 2352 MHz:   0% 2616 MHz:   0% 2868 MHz:   0% 3096 MHz:  22% 3300 MHz:  15% 3468 MHz: .93% 3624 MHz:   0% 3756 MHz:   0% 3828 MHz:   0% 3888 MHz:   0% 3948 MHz:   0% 3996 MHz:   0% 4044 MHz:   0% 4104 MHz:   0% 4416 MHz:   0% 4512 MHz: 3.1%)
CPU 9 idle residency:  59.06%
CPU 9 down residency:   0.00%

P1-Cluster HW active frequency: 3184 MHz
P1-Cluster HW active residency:  82.58% (1260 MHz:  10% 1512 MHz: .63% 1800 MHz: .79% 2088 MHz: 1.3% 2352 MHz: 1.3% 2616 MHz: .72% 2868 MHz: .36% 3096 MHz:  20% 3300 MHz:  17% 3468 MHz: 2.2% 3624 MHz: .71% 3756 MHz: .38% 3828 MHz:   0% 3888 MHz: 9.1% 3948 MHz: 1.1% 3996 MHz: 2.9% 4044 MHz:  12% 4104 MHz: .17% 4416 MHz: 1.0% 4512 MHz: 1.7%)
P1-Cluster idle residency:  17.42%
P1-Cluster down residency:   0.00%
CPU 10 frequency: 3479 MHz
CPU 10 active residency:  39.78% (1260 MHz: .16% 1512 MHz: .26% 1800 MHz: .43% 2088 MHz: .63% 2352 MHz: .21% 2616 MHz: .19% 2868 MHz:   0% 3096 MHz:  15% 3300 MHz:  11% 3468 MHz: 1.6% 3624 MHz: .24% 3756 MHz:   0% 3828 MHz:   0% 3888 MHz: .04% 3948 MHz:   0% 3996 MHz:   0% 4044 MHz: .35% 4104 MHz: .00% 4416 MHz:   0% 4512 MHz: 9.9%)
CPU 10 idle residency:  60.22%
CPU 10 down residency:   0.00%
CPU 11 frequency: 3534 MHz
CPU 11 active residency:  43.55% (1260 MHz: .11% 1512 MHz:   0% 1800 MHz:   0% 2088 MHz: .03% 2352 MHz: .15% 2616 MHz: .57% 2868 MHz: .22% 3096 MHz:  17% 3300 MHz:  11% 3468 MHz: 1.4% 3624 MHz: .31% 3756 MHz:   0% 3828 MHz:   0% 3888 MHz: .08% 3948 MHz:   0% 3996 MHz:   0% 4044 MHz: .35% 4104 MHz: .01% 4416 MHz:   0% 4512 MHz:  12%)
CPU 11 idle residency:  56.45%
CPU 11 down residency:   0.00%
CPU 12 frequency: 3541 MHz
CPU 12 active residency:  42.31% (1260 MHz: .08% 1512 MHz: .27% 1800 MHz: .35% 2088 MHz: .38% 2352 MHz: 1.1% 2616 MHz: .06% 2868 MHz: .00% 3096 MHz:  14% 3300 MHz:  12% 3468 MHz: 1.3% 3624 MHz: .20% 3756 MHz:   0% 3828 MHz:   0% 3888 MHz: .04% 3948 MHz:   0% 3996 MHz:   0% 4044 MHz: .35% 4104 MHz: .00% 4416 MHz:   0% 4512 MHz:  13%)
CPU 12 idle residency:  57.69%
CPU 12 down residency:   0.00%
CPU 13 frequency: 3539 MHz
CPU 13 active residency:  38.99% (1260 MHz: .14% 1512 MHz: .07% 1800 MHz: .01% 2088 MHz: .70% 2352 MHz: .08% 2616 MHz:   0% 2868 MHz: .00% 3096 MHz:  14% 3300 MHz:  11% 3468 MHz: 1.4% 3624 MHz: .53% 3756 MHz:   0% 3828 MHz:   0% 3888 MHz: .04% 3948 MHz:   0% 3996 MHz:   0% 4044 MHz: .35% 4104 MHz:   0% 4416 MHz:   0% 4512 MHz:  11%)
CPU 13 idle residency:  61.01%
CPU 13 down residency:   0.00%
CPU 14 frequency: 3705 MHz
CPU 14 active residency:  46.84% (1260 MHz: .05% 1512 MHz: .07% 1800 MHz: .02% 2088 MHz: .05% 2352 MHz: .10% 2616 MHz: .23% 2868 MHz: .11% 3096 MHz:  16% 3300 MHz:  10% 3468 MHz: 1.1% 3624 MHz: .39% 3756 MHz: .00% 3828 MHz:   0% 3888 MHz: .04% 3948 MHz:   0% 3996 MHz:   0% 4044 MHz: .36% 4104 MHz: .00% 4416 MHz:   0% 4512 MHz:  18%)
CPU 14 idle residency:  53.16%
CPU 14 down residency:   0.00%
CPU 15 frequency: 3565 MHz
CPU 15 active residency:  42.86% (1260 MHz: .05% 1512 MHz: .00% 1800 MHz:   0% 2088 MHz: .00% 2352 MHz: .00% 2616 MHz: .00% 2868 MHz:   0% 3096 MHz:  17% 3300 MHz:  12% 3468 MHz: 1.3% 3624 MHz: .21% 3756 MHz: .39% 3828 MHz:   0% 3888 MHz: .38% 3948 MHz:   0% 3996 MHz:   0% 4044 MHz: .39% 4104 MHz: .40% 4416 MHz: .38% 4512 MHz:  11%)
CPU 15 idle residency:  57.14%
CPU 15 down residency:   0.00%

CPU Power: 13787 mW
GPU Power: 34687 mW
ANE Power: 0 mW
Combined Power (CPU + GPU + ANE): 48474 mW

**** GPU usage ****

GPU HW active frequency: 1578 MHz
GPU HW active residency: 100.00% (338 MHz:   0% 618 MHz:   0% 796 MHz:   0% 924 MHz:   0% 952 MHz:   0% 1056 MHz:   0% 1062 MHz:   0% 1182 MHz:   0% 1182 MHz:   0% 1312 MHz:   0% 1242 MHz:   0% 1380 MHz:   0% 1326 MHz:   0% 1470 MHz:   0% 1578 MHz: 100%)
GPU SW requested state: (P1 :   0% P2 :   0% P3 :   0% P4 :   0% P5 :   0% P6 :   0% P7 :   0% P8 :   0% P9 :   0% P10 : 100% P11 :   0% P12 :   0% P13 :   0% P14 :   0% P15 :   0%)
GPU SW state: (SW_P1 :   0% SW_P2 :   0% SW_P3 :   0% SW_P4 :   0% SW_P5 :   0% SW_P6 :   0% SW_P7 :   0% SW_P8 :   0% SW_P9 :   0% SW_P10 : 100% SW_P11 :   0% SW_P12 :   0% SW_P13 :   0% SW_P14 :   0% SW_P15 :   0%)
GPU idle residency:   0.00%
GPU Power: 34404 mW



*** Sampled system activity (Tue Jan 20 15:18:35 2026 +0100) (1021.57ms elapsed) ***


**** Processor usage ****

E-Cluster Online: 100%
E-Cluster HW active frequency: 1628 MHz
E-Cluster HW active residency:  44.65% (1020 MHz:  24% 1404 MHz: 2.2% 1788 MHz: 2.0% 2112 MHz: .32% 2352 MHz: .83% 2532 MHz: .81% 2592 MHz:  14%)
E-Cluster idle residency:  55.35%
E-Cluster down residency:   0.00%
CPU 0 frequency: 1618 MHz
CPU 0 active residency:  27.49% (1020 MHz:  15% 1404 MHz: 1.5% 1788 MHz: 1.2% 2112 MHz: .05% 2352 MHz: .42% 2532 MHz: .30% 2592 MHz: 8.8%)
CPU 0 idle residency:  72.51%
CPU 0 down residency:   0.00%
CPU 1 frequency: 1635 MHz
CPU 1 active residency:  18.34% (1020 MHz:  10% 1404 MHz: .56% 1788 MHz: .80% 2112 MHz: .03% 2352 MHz: .49% 2532 MHz: .51% 2592 MHz: 5.7%)
CPU 1 idle residency:  81.66%
CPU 1 down residency:   0.00%
CPU 2 frequency: 1733 MHz
CPU 2 active residency:  15.80% (1020 MHz: 7.4% 1404 MHz: .90% 1788 MHz: .89% 2112 MHz: .29% 2352 MHz: .31% 2532 MHz: .29% 2592 MHz: 5.8%)
CPU 2 idle residency:  84.20%
CPU 2 down residency:   0.00%
CPU 3 frequency: 1627 MHz
CPU 3 active residency:   9.80% (1020 MHz: 5.2% 1404 MHz: .39% 1788 MHz: .77% 2112 MHz: .03% 2352 MHz: .57% 2532 MHz: .34% 2592 MHz: 2.5%)
CPU 3 idle residency:  90.20%
CPU 3 down residency:   0.00%

P0-Cluster Online: 100%
P0-Cluster HW active frequency: 3009 MHz
P0-Cluster HW active residency:  54.15% (1260 MHz: 6.7% 1512 MHz: .15% 1800 MHz: .29% 2088 MHz: .06% 2352 MHz: .06% 2616 MHz:   0% 2868 MHz: .39% 3096 MHz:  22% 3300 MHz:  19% 3468 MHz:   0% 3624 MHz:   0% 3756 MHz:   0% 3828 MHz:   0% 3888 MHz: 1.6% 3948 MHz: .04% 3996 MHz: .11% 4044 MHz: 3.1% 4104 MHz:   0% 4416 MHz: .03% 4512 MHz: .10%)
P0-Cluster idle residency:  45.85%
P0-Cluster down residency:   0.00%
CPU 4 frequency: 3216 MHz
CPU 4 active residency:  39.22% (1260 MHz: .23% 1512 MHz: .00% 1800 MHz: .16% 2088 MHz: .00% 2352 MHz: .03% 2616 MHz:   0% 2868 MHz:   0% 3096 MHz:  22% 3300 MHz:  15% 3468 MHz:   0% 3624 MHz:   0% 3756 MHz:   0% 3828 MHz:   0% 3888 MHz:   0% 3948 MHz:   0% 3996 MHz:   0% 4044 MHz:   0% 4104 MHz:   0% 4416 MHz:   0% 4512 MHz: 1.7%)
CPU 4 idle residency:  60.78%
CPU 4 down residency:   0.00%
CPU 5 frequency: 3216 MHz
CPU 5 active residency:  38.99% (1260 MHz: .23% 1512 MHz: .00% 1800 MHz: .11% 2088 MHz: .00% 2352 MHz:   0% 2616 MHz:   0% 2868 MHz:   0% 3096 MHz:  22% 3300 MHz:  15% 3468 MHz:   0% 3624 MHz:   0% 3756 MHz:   0% 3828 MHz:   0% 3888 MHz:   0% 3948 MHz:   0% 3996 MHz:   0% 4044 MHz:   0% 4104 MHz:   0% 4416 MHz:   0% 4512 MHz: 1.6%)
CPU 5 idle residency:  61.01%
CPU 5 down residency:   0.00%
CPU 6 frequency: 3208 MHz
CPU 6 active residency:  39.24% (1260 MHz: .28% 1512 MHz: .00% 1800 MHz: .26% 2088 MHz: .00% 2352 MHz: .03% 2616 MHz:   0% 2868 MHz:   0% 3096 MHz:  22% 3300 MHz:  15% 3468 MHz:   0% 3624 MHz:   0% 3756 MHz:   0% 3828 MHz:   0% 3888 MHz:   0% 3948 MHz:   0% 3996 MHz:   0% 4044 MHz:   0% 4104 MHz:   0% 4416 MHz:   0% 4512 MHz: 1.6%)
CPU 6 idle residency:  60.76%
CPU 6 down residency:   0.00%
CPU 7 frequency: 3314 MHz
CPU 7 active residency:  42.83% (1260 MHz: .21% 1512 MHz: .00% 1800 MHz: .10% 2088 MHz: .00% 2352 MHz:   0% 2616 MHz:   0% 2868 MHz: .36% 3096 MHz:  22% 3300 MHz:  15% 3468 MHz:   0% 3624 MHz:   0% 3756 MHz:   0% 3828 MHz:   0% 3888 MHz:   0% 3948 MHz:   0% 3996 MHz:   0% 4044 MHz:   0% 4104 MHz:   0% 4416 MHz:   0% 4512 MHz: 4.9%)
CPU 7 idle residency:  57.17%
CPU 7 down residency:   0.00%
CPU 8 frequency: 3229 MHz
CPU 8 active residency:  42.50% (1260 MHz: .20% 1512 MHz: .00% 1800 MHz: .09% 2088 MHz: .00% 2352 MHz:   0% 2616 MHz:   0% 2868 MHz:   0% 3096 MHz:  22% 3300 MHz:  18% 3468 MHz:   0% 3624 MHz:   0% 3756 MHz:   0% 3828 MHz:   0% 3888 MHz:   0% 3948 MHz:   0% 3996 MHz:   0% 4044 MHz:   0% 4104 MHz:   0% 4416 MHz:   0% 4512 MHz: 1.7%)
CPU 8 idle residency:  57.50%
CPU 8 down residency:   0.00%
CPU 9 frequency: 3213 MHz
CPU 9 active residency:  39.21% (1260 MHz: .24% 1512 MHz: .00% 1800 MHz: .16% 2088 MHz: .00% 2352 MHz: .03% 2616 MHz:   0% 2868 MHz:   0% 3096 MHz:  23% 3300 MHz:  15% 3468 MHz:   0% 3624 MHz:   0% 3756 MHz:   0% 3828 MHz:   0% 3888 MHz:   0% 3948 MHz:   0% 3996 MHz:   0% 4044 MHz:   0% 4104 MHz:   0% 4416 MHz:   0% 4512 MHz: 1.6%)
CPU 9 idle residency:  60.79%
CPU 9 down residency:   0.00%

P1-Cluster HW active frequency: 3176 MHz
P1-Cluster HW active residency:  80.95% (1260 MHz:  10% 1512 MHz: .65% 1800 MHz: 1.1% 2088 MHz: .85% 2352 MHz: .88% 2616 MHz: .62% 2868 MHz: .39% 3096 MHz:  20% 3300 MHz:  16% 3468 MHz: .77% 3624 MHz: .49% 3756 MHz:   0% 3828 MHz: .39% 3888 MHz: 9.9% 3948 MHz: .71% 3996 MHz: 1.5% 4044 MHz:  15% 4104 MHz: .06% 4416 MHz: .24% 4512 MHz: 1.2%)
P1-Cluster idle residency:  19.05%
P1-Cluster down residency:   0.00%
CPU 10 frequency: 3568 MHz
CPU 10 active residency:  41.60% (1260 MHz: .05% 1512 MHz:   0% 1800 MHz:   0% 2088 MHz:   0% 2352 MHz: .20% 2616 MHz: .03% 2868 MHz: .00% 3096 MHz:  17% 3300 MHz:  11% 3468 MHz: .62% 3624 MHz: .39% 3756 MHz:   0% 3828 MHz: .39% 3888 MHz:   0% 3948 MHz:   0% 3996 MHz:   0% 4044 MHz: .38% 4104 MHz: .37% 4416 MHz: .19% 4512 MHz:  11%)
CPU 10 idle residency:  58.40%
CPU 10 down residency:   0.00%
CPU 11 frequency: 3565 MHz
CPU 11 active residency:  39.53% (1260 MHz: .07% 1512 MHz: .00% 1800 MHz: .00% 2088 MHz: .08% 2352 MHz: .20% 2616 MHz: .00% 2868 MHz: .04% 3096 MHz:  17% 3300 MHz:  10% 3468 MHz: .22% 3624 MHz: .19% 3756 MHz:   0% 3828 MHz: .25% 3888 MHz:   0% 3948 MHz:   0% 3996 MHz:   0% 4044 MHz: .03% 4104 MHz: .14% 4416 MHz: .17% 4512 MHz:  11%)
CPU 11 idle residency:  60.47%
CPU 11 down residency:   0.00%
CPU 12 frequency: 3550 MHz
CPU 12 active residency:  38.94% (1260 MHz: .12% 1512 MHz: .65% 1800 MHz: .24% 2088 MHz: .60% 2352 MHz: .17% 2616 MHz: .00% 2868 MHz:   0% 3096 MHz:  15% 3300 MHz: 9.4% 3468 MHz: .22% 3624 MHz: .22% 3756 MHz:   0% 3828 MHz: .28% 3888 MHz:   0% 3948 MHz:   0% 3996 MHz:   0% 4044 MHz: .02% 4104 MHz: .10% 4416 MHz: .14% 4512 MHz:  12%)
CPU 12 idle residency:  61.06%
CPU 12 down residency:   0.00%
CPU 13 frequency: 3616 MHz
CPU 13 active residency:  42.95% (1260 MHz: .04% 1512 MHz:   0% 1800 MHz: .88% 2088 MHz: .08% 2352 MHz: .60% 2616 MHz: .20% 2868 MHz: .32% 3096 MHz:  15% 3300 MHz: 9.2% 3468 MHz: .22% 3624 MHz: .19% 3756 MHz:   0% 3828 MHz: .25% 3888 MHz:   0% 3948 MHz:   0% 3996 MHz:   0% 4044 MHz: .03% 4104 MHz: .11% 4416 MHz: .14% 4512 MHz:  15%)
CPU 13 idle residency:  57.05%
CPU 13 down residency:   0.00%
CPU 14 frequency: 3575 MHz
CPU 14 active residency:  36.87% (1260 MHz: .03% 1512 MHz:   0% 1800 MHz:   0% 2088 MHz: .03% 2352 MHz: .07% 2616 MHz:   0% 2868 MHz: .05% 3096 MHz:  15% 3300 MHz: 9.3% 3468 MHz: .39% 3624 MHz: .38% 3756 MHz:   0% 3828 MHz: .25% 3888 MHz:   0% 3948 MHz:   0% 3996 MHz:   0% 4044 MHz:   0% 4104 MHz: .10% 4416 MHz: .14% 4512 MHz:  11%)
CPU 14 idle residency:  63.13%
CPU 14 down residency:   0.00%
CPU 15 frequency: 3705 MHz
CPU 15 active residency:  44.95% (1260 MHz: .04% 1512 MHz:   0% 1800 MHz:   0% 2088 MHz: .00% 2352 MHz: .27% 2616 MHz: .42% 2868 MHz:   0% 3096 MHz:  15% 3300 MHz:  11% 3468 MHz: .25% 3624 MHz: .18% 3756 MHz:   0% 3828 MHz: .29% 3888 MHz:   0% 3948 MHz:   0% 3996 MHz:   0% 4044 MHz: .04% 4104 MHz: .10% 4416 MHz: .15% 4512 MHz:  18%)
CPU 15 idle residency:  55.05%
CPU 15 down residency:   0.00%

CPU Power: 13614 mW
GPU Power: 34265 mW
ANE Power: 0 mW
Combined Power (CPU + GPU + ANE): 47879 mW

**** GPU usage ****

GPU HW active frequency: 1578 MHz
GPU HW active residency: 100.00% (338 MHz:   0% 618 MHz:   0% 796 MHz:   0% 924 MHz:   0% 952 MHz:   0% 1056 MHz:   0% 1062 MHz:   0% 1182 MHz:   0% 1182 MHz:   0% 1312 MHz:   0% 1242 MHz:   0% 1380 MHz:   0% 1326 MHz:   0% 1470 MHz:   0% 1578 MHz: 100%)
GPU SW requested state: (P1 :   0% P2 :   0% P3 :   0% P4 :   0% P5 :   0% P6 :   0% P7 :   0% P8 :   0% P9 :   0% P10 : 100% P11 :   0% P12 :   0% P13 :   0% P14 :   0% P15 :   0%)
GPU SW state: (SW_P1 :   0% SW_P2 :   0% SW_P3 :   0% SW_P4 :   0% SW_P5 :   0% SW_P6 :   0% SW_P7 :   0% SW_P8 :   0% SW_P9 :   0% SW_P10 : 100% SW_P11 :   0% SW_P12 :   0% SW_P13 :   0% SW_P14 :   0% SW_P15 :   0%)
GPU idle residency:   0.00%
GPU Power: 34551 mW



*** Sampled system activity (Tue Jan 20 15:18:36 2026 +0100) (1022.45ms elapsed) ***


**** Processor usage ****

E-Cluster Online: 100%
E-Cluster HW active frequency: 1636 MHz
E-Cluster HW active residency:  52.89% (1020 MHz:  27% 1404 MHz: 3.6% 1788 MHz: 3.1% 2112 MHz: .78% 2352 MHz: .79% 2532 MHz: 1.1% 2592 MHz:  16%)
E-Cluster idle residency:  47.11%
E-Cluster down residency:   0.00%
CPU 0 frequency: 1629 MHz
CPU 0 active residency:  35.25% (1020 MHz:  18% 1404 MHz: 3.0% 1788 MHz: 2.0% 2112 MHz: .29% 2352 MHz: .69% 2532 MHz: .62% 2592 MHz:  11%)
CPU 0 idle residency:  64.75%
CPU 0 down residency:   0.00%
CPU 1 frequency: 1677 MHz
CPU 1 active residency:  25.93% (1020 MHz:  13% 1404 MHz: 1.5% 1788 MHz: 1.9% 2112 MHz: .55% 2352 MHz: .25% 2532 MHz: .64% 2592 MHz: 8.3%)
CPU 1 idle residency:  74.07%
CPU 1 down residency:   0.00%
CPU 2 frequency: 1663 MHz
CPU 2 active residency:  15.03% (1020 MHz: 7.7% 1404 MHz: 1.1% 1788 MHz: .77% 2112 MHz: .01% 2352 MHz: .11% 2532 MHz: .16% 2592 MHz: 5.3%)
CPU 2 idle residency:  84.97%
CPU 2 down residency:   0.00%
CPU 3 frequency: 1764 MHz
CPU 3 active residency:  10.22% (1020 MHz: 4.5% 1404 MHz: .78% 1788 MHz: .48% 2112 MHz: .02% 2352 MHz: .05% 2532 MHz: .15% 2592 MHz: 4.2%)
CPU 3 idle residency:  89.78%
CPU 3 down residency:   0.00%

P0-Cluster Online: 100%
P0-Cluster HW active frequency: 2924 MHz
P0-Cluster HW active residency:  52.71% (1260 MHz: 6.9% 1512 MHz: .24% 1800 MHz: .82% 2088 MHz: .19% 2352 MHz:   0% 2616 MHz:   0% 2868 MHz:   0% 3096 MHz:  21% 3300 MHz:  21% 3468 MHz: 1.6% 3624 MHz: .55% 3756 MHz:   0% 3828 MHz:   0% 3888 MHz:   0% 3948 MHz:   0% 3996 MHz:   0% 4044 MHz:   0% 4104 MHz:   0% 4416 MHz:   0% 4512 MHz:   0%)
P0-Cluster idle residency:  47.29%
P0-Cluster down residency:   0.00%
CPU 4 frequency: 3192 MHz
CPU 4 active residency:  40.21% (1260 MHz: .22% 1512 MHz:   0% 1800 MHz:   0% 2088 MHz:   0% 2352 MHz:   0% 2616 MHz:   0% 2868 MHz:   0% 3096 MHz:  21% 3300 MHz:  17% 3468 MHz: 1.3% 3624 MHz: .46% 3756 MHz:   0% 3828 MHz:   0% 3888 MHz:   0% 3948 MHz:   0% 3996 MHz:   0% 4044 MHz:   0% 4104 MHz:   0% 4416 MHz:   0% 4512 MHz:   0%)
CPU 4 idle residency:  59.79%
CPU 4 down residency:   0.00%
CPU 5 frequency: 3189 MHz
CPU 5 active residency:  39.04% (1260 MHz: .23% 1512 MHz:   0% 1800 MHz: .07% 2088 MHz: .07% 2352 MHz:   0% 2616 MHz:   0% 2868 MHz:   0% 3096 MHz:  20% 3300 MHz:  17% 3468 MHz: 1.3% 3624 MHz: .46% 3756 MHz:   0% 3828 MHz:   0% 3888 MHz:   0% 3948 MHz:   0% 3996 MHz:   0% 4044 MHz:   0% 4104 MHz:   0% 4416 MHz:   0% 4512 MHz:   0%)
CPU 5 idle residency:  60.96%
CPU 5 down residency:   0.00%
CPU 6 frequency: 3189 MHz
CPU 6 active residency:  38.82% (1260 MHz: .28% 1512 MHz:   0% 1800 MHz: .00% 2088 MHz: .03% 2352 MHz:   0% 2616 MHz:   0% 2868 MHz:   0% 3096 MHz:  20% 3300 MHz:  17% 3468 MHz: 1.3% 3624 MHz: .44% 3756 MHz:   0% 3828 MHz:   0% 3888 MHz:   0% 3948 MHz:   0% 3996 MHz:   0% 4044 MHz:   0% 4104 MHz:   0% 4416 MHz:   0% 4512 MHz:   0%)
CPU 6 idle residency:  61.18%
CPU 6 down residency:   0.00%
CPU 7 frequency: 3194 MHz
CPU 7 active residency:  39.54% (1260 MHz: .20% 1512 MHz:   0% 1800 MHz:   0% 2088 MHz:   0% 2352 MHz:   0% 2616 MHz:   0% 2868 MHz:   0% 3096 MHz:  20% 3300 MHz:  17% 3468 MHz: 1.3% 3624 MHz: .46% 3756 MHz:   0% 3828 MHz:   0% 3888 MHz:   0% 3948 MHz:   0% 3996 MHz:   0% 4044 MHz:   0% 4104 MHz:   0% 4416 MHz:   0% 4512 MHz:   0%)
CPU 7 idle residency:  60.46%
CPU 7 down residency:   0.00%
CPU 8 frequency: 3192 MHz
CPU 8 active residency:  42.72% (1260 MHz: .22% 1512 MHz:   0% 1800 MHz: .38% 2088 MHz:   0% 2352 MHz:   0% 2616 MHz:   0% 2868 MHz:   0% 3096 MHz:  20% 3300 MHz:  20% 3468 MHz: 1.6% 3624 MHz: .54% 3756 MHz:   0% 3828 MHz:   0% 3888 MHz:   0% 3948 MHz:   0% 3996 MHz:   0% 4044 MHz:   0% 4104 MHz:   0% 4416 MHz:   0% 4512 MHz:   0%)
CPU 8 idle residency:  57.28%
CPU 8 down residency:   0.00%
CPU 9 frequency: 3169 MHz
CPU 9 active residency:  39.93% (1260 MHz: .23% 1512 MHz: .25% 1800 MHz: .33% 2088 MHz: .08% 2352 MHz:   0% 2616 MHz:   0% 2868 MHz:   0% 3096 MHz:  20% 3300 MHz:  17% 3468 MHz: 1.3% 3624 MHz: .46% 3756 MHz:   0% 3828 MHz:   0% 3888 MHz:   0% 3948 MHz:   0% 3996 MHz:   0% 4044 MHz:   0% 4104 MHz:   0% 4416 MHz:   0% 4512 MHz:   0%)
CPU 9 idle residency:  60.07%
CPU 9 down residency:   0.00%

P1-Cluster HW active frequency: 3277 MHz
P1-Cluster HW active residency:  79.43% (1260 MHz: 9.1% 1512 MHz: .22% 1800 MHz: .67% 2088 MHz: .99% 2352 MHz: .42% 2616 MHz: .70% 2868 MHz: .42% 3096 MHz:  18% 3300 MHz:  13% 3468 MHz: .90% 3624 MHz: .80% 3756 MHz:   0% 3828 MHz: .77% 3888 MHz:  12% 3948 MHz: 1.8% 3996 MHz: 4.3% 4044 MHz:  14% 4104 MHz:   0% 4416 MHz: .84% 4512 MHz: .43%)
P1-Cluster idle residency:  20.57%
P1-Cluster down residency:   0.00%
CPU 10 frequency: 3670 MHz
CPU 10 active residency:  43.91% (1260 MHz: .06% 1512 MHz: .01% 1800 MHz: .00% 2088 MHz: .15% 2352 MHz: .00% 2616 MHz: .01% 2868 MHz:   0% 3096 MHz:  17% 3300 MHz: 9.5% 3468 MHz: .61% 3624 MHz: .20% 3756 MHz:   0% 3828 MHz: .13% 3888 MHz:   0% 3948 MHz: .19% 3996 MHz:   0% 4044 MHz: .28% 4104 MHz:   0% 4416 MHz: .14% 4512 MHz:  16%)
CPU 10 idle residency:  56.09%
CPU 10 down residency:   0.00%
CPU 11 frequency: 3587 MHz
CPU 11 active residency:  42.53% (1260 MHz: .11% 1512 MHz: .00% 1800 MHz: .63% 2088 MHz: .28% 2352 MHz: .31% 2616 MHz: .22% 2868 MHz: .42% 3096 MHz:  15% 3300 MHz: 9.4% 3468 MHz: .75% 3624 MHz: .27% 3756 MHz:   0% 3828 MHz: .16% 3888 MHz:   0% 3948 MHz: .15% 3996 MHz:   0% 4044 MHz: .39% 4104 MHz: .39% 4416 MHz: .29% 4512 MHz:  13%)
CPU 11 idle residency:  57.47%
CPU 11 down residency:   0.00%
CPU 12 frequency: 3687 MHz
CPU 12 active residency:  40.76% (1260 MHz: .13% 1512 MHz: .17% 1800 MHz: .00% 2088 MHz: .57% 2352 MHz: .11% 2616 MHz: .51% 2868 MHz:   0% 3096 MHz:  13% 3300 MHz: 8.3% 3468 MHz: .64% 3624 MHz: .18% 3756 MHz:   0% 3828 MHz: .13% 3888 MHz:   0% 3948 MHz: .08% 3996 MHz:   0% 4044 MHz: .30% 4104 MHz:   0% 4416 MHz: .10% 4512 MHz:  16%)
CPU 12 idle residency:  59.24%
CPU 12 down residency:   0.00%
CPU 13 frequency: 3757 MHz
CPU 13 active residency:  42.91% (1260 MHz: .06% 1512 MHz:   0% 1800 MHz: .00% 2088 MHz:   0% 2352 MHz: .00% 2616 MHz:   0% 2868 MHz: .00% 3096 MHz:  15% 3300 MHz: 8.0% 3468 MHz: .62% 3624 MHz: .38% 3756 MHz:   0% 3828 MHz: .50% 3888 MHz:   0% 3948 MHz: .32% 3996 MHz:   0% 4044 MHz: .27% 4104 MHz:   0% 4416 MHz: .10% 4512 MHz:  18%)
CPU 13 idle residency:  57.09%
CPU 13 down residency:   0.00%
CPU 14 frequency: 3756 MHz
CPU 14 active residency:  42.99% (1260 MHz: .07% 1512 MHz:   0% 1800 MHz:   0% 2088 MHz: .03% 2352 MHz: .00% 2616 MHz: .02% 2868 MHz:   0% 3096 MHz:  14% 3300 MHz: 8.7% 3468 MHz: .62% 3624 MHz: .38% 3756 MHz:   0% 3828 MHz: .39% 3888 MHz:   0% 3948 MHz: .15% 3996 MHz:   0% 4044 MHz: .39% 4104 MHz: .39% 4416 MHz: .59% 4512 MHz:  17%)
CPU 14 idle residency:  57.01%
CPU 14 down residency:   0.00%
CPU 15 frequency: 3694 MHz
CPU 15 active residency:  40.34% (1260 MHz: .04% 1512 MHz:   0% 1800 MHz:   0% 2088 MHz:   0% 2352 MHz:   0% 2616 MHz:   0% 2868 MHz:   0% 3096 MHz:  15% 3300 MHz: 8.6% 3468 MHz: .55% 3624 MHz: .18% 3756 MHz:   0% 3828 MHz: .12% 3888 MHz:   0% 3948 MHz: .15% 3996 MHz:   0% 4044 MHz: .27% 4104 MHz:   0% 4416 MHz: .10% 4512 MHz:  15%)
CPU 15 idle residency:  59.66%
CPU 15 down residency:   0.00%

CPU Power: 13896 mW
GPU Power: 35006 mW
ANE Power: 0 mW
Combined Power (CPU + GPU + ANE): 48902 mW

**** GPU usage ****

GPU HW active frequency: 1578 MHz
GPU HW active residency: 100.00% (338 MHz:   0% 618 MHz:   0% 796 MHz:   0% 924 MHz:   0% 952 MHz:   0% 1056 MHz:   0% 1062 MHz:   0% 1182 MHz:   0% 1182 MHz:   0% 1312 MHz:   0% 1242 MHz:   0% 1380 MHz:   0% 1326 MHz:   0% 1470 MHz:   0% 1578 MHz: 100%)
GPU SW requested state: (P1 :   0% P2 :   0% P3 :   0% P4 :   0% P5 :   0% P6 :   0% P7 :   0% P8 :   0% P9 :   0% P10 : 100% P11 :   0% P12 :   0% P13 :   0% P14 :   0% P15 :   0%)
GPU SW state: (SW_P1 :   0% SW_P2 :   0% SW_P3 :   0% SW_P4 :   0% SW_P5 :   0% SW_P6 :   0% SW_P7 :   0% SW_P8 :   0% SW_P9 :   0% SW_P10 : 100% SW_P11 :   0% SW_P12 :   0% SW_P13 :   0% SW_P14 :   0% SW_P15 :   0%)
GPU idle residency:   0.00%
GPU Power: 35009 mW



*** Sampled system activity (Tue Jan 20 15:18:37 2026 +0100) (1022.75ms elapsed) ***


**** Processor usage ****

E-Cluster Online: 100%
E-Cluster HW active frequency: 1600 MHz
E-Cluster HW active residency:  45.37% (1020 MHz:  25% 1404 MHz: 2.2% 1788 MHz: 2.9% 2112 MHz: .49% 2352 MHz: .41% 2532 MHz: 1.2% 2592 MHz:  13%)
E-Cluster idle residency:  54.63%
E-Cluster down residency:   0.00%
CPU 0 frequency: 1635 MHz
CPU 0 active residency:  31.47% (1020 MHz:  16% 1404 MHz: 2.0% 1788 MHz: 1.9% 2112 MHz: .47% 2352 MHz: .30% 2532 MHz: .88% 2592 MHz: 9.5%)
CPU 0 idle residency:  68.53%
CPU 0 down residency:   0.00%
CPU 1 frequency: 1650 MHz
CPU 1 active residency:  19.37% (1020 MHz:  10% 1404 MHz: .78% 1788 MHz: 1.2% 2112 MHz: .13% 2352 MHz: .23% 2532 MHz: .55% 2592 MHz: 6.1%)
CPU 1 idle residency:  80.63%
CPU 1 down residency:   0.00%
CPU 2 frequency: 1614 MHz
CPU 2 active residency:  13.71% (1020 MHz: 7.4% 1404 MHz: .56% 1788 MHz: 1.3% 2112 MHz: .08% 2352 MHz: .08% 2532 MHz: .46% 2592 MHz: 3.9%)
CPU 2 idle residency:  86.29%
CPU 2 down residency:   0.00%
CPU 3 frequency: 1716 MHz
CPU 3 active residency:   9.21% (1020 MHz: 4.6% 1404 MHz: .35% 1788 MHz: .54% 2112 MHz: .00% 2352 MHz: .02% 2532 MHz: .35% 2592 MHz: 3.4%)
CPU 3 idle residency:  90.79%
CPU 3 down residency:   0.00%

P0-Cluster Online: 100%
P0-Cluster HW active frequency: 3039 MHz
P0-Cluster HW active residency:  47.88% (1260 MHz: 4.5% 1512 MHz:   0% 1800 MHz:   0% 2088 MHz:   0% 2352 MHz:   0% 2616 MHz:   0% 2868 MHz:   0% 3096 MHz:  19% 3300 MHz:  22% 3468 MHz: 1.8% 3624 MHz: .88% 3756 MHz:   0% 3828 MHz:   0% 3888 MHz:   0% 3948 MHz:   0% 3996 MHz:   0% 4044 MHz:   0% 4104 MHz:   0% 4416 MHz:   0% 4512 MHz:   0%)
P0-Cluster idle residency:  52.12%
P0-Cluster down residency:   0.00%
CPU 4 frequency: 3201 MHz
CPU 4 active residency:  39.51% (1260 MHz: .25% 1512 MHz:   0% 1800 MHz:   0% 2088 MHz:   0% 2352 MHz:   0% 2616 MHz:   0% 2868 MHz:   0% 3096 MHz:  19% 3300 MHz:  18% 3468 MHz: 1.5% 3624 MHz: .74% 3756 MHz:   0% 3828 MHz:   0% 3888 MHz:   0% 3948 MHz:   0% 3996 MHz:   0% 4044 MHz:   0% 4104 MHz:   0% 4416 MHz:   0% 4512 MHz:   0%)
CPU 4 idle residency:  60.49%
CPU 4 down residency:   0.00%
CPU 5 frequency: 3201 MHz
CPU 5 active residency:  39.56% (1260 MHz: .26% 1512 MHz:   0% 1800 MHz:   0% 2088 MHz:   0% 2352 MHz:   0% 2616 MHz:   0% 2868 MHz:   0% 3096 MHz:  19% 3300 MHz:  18% 3468 MHz: 1.5% 3624 MHz: .74% 3756 MHz:   0% 3828 MHz:   0% 3888 MHz:   0% 3948 MHz:   0% 3996 MHz:   0% 4044 MHz:   0% 4104 MHz:   0% 4416 MHz:   0% 4512 MHz:   0%)
CPU 5 idle residency:  60.44%
CPU 5 down residency:   0.00%
CPU 6 frequency: 3201 MHz
CPU 6 active residency:  39.54% (1260 MHz: .26% 1512 MHz:   0% 1800 MHz:   0% 2088 MHz:   0% 2352 MHz:   0% 2616 MHz:   0% 2868 MHz:   0% 3096 MHz:  19% 3300 MHz:  18% 3468 MHz: 1.5% 3624 MHz: .74% 3756 MHz:   0% 3828 MHz:   0% 3888 MHz:   0% 3948 MHz:   0% 3996 MHz:   0% 4044 MHz:   0% 4104 MHz:   0% 4416 MHz:   0% 4512 MHz:   0%)
CPU 6 idle residency:  60.46%
CPU 6 down residency:   0.00%
CPU 7 frequency: 3202 MHz
CPU 7 active residency:  39.46% (1260 MHz: .23% 1512 MHz:   0% 1800 MHz:   0% 2088 MHz:   0% 2352 MHz:   0% 2616 MHz:   0% 2868 MHz:   0% 3096 MHz:  19% 3300 MHz:  18% 3468 MHz: 1.5% 3624 MHz: .74% 3756 MHz:   0% 3828 MHz:   0% 3888 MHz:   0% 3948 MHz:   0% 3996 MHz:   0% 4044 MHz:   0% 4104 MHz:   0% 4416 MHz:   0% 4512 MHz:   0%)
CPU 7 idle residency:  60.54%
CPU 7 down residency:   0.00%
CPU 8 frequency: 3212 MHz
CPU 8 active residency:  43.02% (1260 MHz: .22% 1512 MHz:   0% 1800 MHz:   0% 2088 MHz:   0% 2352 MHz:   0% 2616 MHz:   0% 2868 MHz:   0% 3096 MHz:  19% 3300 MHz:  21% 3468 MHz: 1.7% 3624 MHz: .86% 3756 MHz:   0% 3828 MHz:   0% 3888 MHz:   0% 3948 MHz:   0% 3996 MHz:   0% 4044 MHz:   0% 4104 MHz:   0% 4416 MHz:   0% 4512 MHz:   0%)
CPU 8 idle residency:  56.98%
CPU 8 down residency:   0.00%
CPU 9 frequency: 3201 MHz
CPU 9 active residency:  39.57% (1260 MHz: .26% 1512 MHz:   0% 1800 MHz:   0% 2088 MHz:   0% 2352 MHz:   0% 2616 MHz:   0% 2868 MHz:   0% 3096 MHz:  19% 3300 MHz:  18% 3468 MHz: 1.5% 3624 MHz: .74% 3756 MHz:   0% 3828 MHz:   0% 3888 MHz:   0% 3948 MHz:   0% 3996 MHz:   0% 4044 MHz:   0% 4104 MHz:   0% 4416 MHz:   0% 4512 MHz:   0%)
CPU 9 idle residency:  60.43%
CPU 9 down residency:   0.00%

P1-Cluster HW active frequency: 3298 MHz
P1-Cluster HW active residency:  83.71% (1260 MHz: 9.1% 1512 MHz: .76% 1800 MHz: 1.3% 2088 MHz: .69% 2352 MHz: 1.1% 2616 MHz: .04% 2868 MHz: 1.1% 3096 MHz:  11% 3300 MHz:  18% 3468 MHz: 3.2% 3624 MHz: 1.4% 3756 MHz: .39% 3828 MHz:   0% 3888 MHz:  12% 3948 MHz: 1.6% 3996 MHz: 2.2% 4044 MHz:  19% 4104 MHz:   0% 4416 MHz: .11% 4512 MHz: .94%)
P1-Cluster idle residency:  16.29%
P1-Cluster down residency:   0.00%
CPU 10 frequency: 3684 MHz
CPU 10 active residency:  41.57% (1260 MHz: .09% 1512 MHz: .16% 1800 MHz: .48% 2088 MHz: .09% 2352 MHz: .59% 2616 MHz: .01% 2868 MHz: .44% 3096 MHz: 8.7% 3300 MHz:  12% 3468 MHz: 2.0% 3624 MHz: 1.1% 3756 MHz:   0% 3828 MHz:   0% 3888 MHz:   0% 3948 MHz: .06% 3996 MHz:   0% 4044 MHz:   0% 4104 MHz: .35% 4416 MHz:   0% 4512 MHz:  15%)
CPU 10 idle residency:  58.43%
CPU 10 down residency:   0.00%
CPU 11 frequency: 3800 MHz
CPU 11 active residency:  52.49% (1260 MHz: .03% 1512 MHz: .15% 1800 MHz: 1.0% 2088 MHz: .17% 2352 MHz: .39% 2616 MHz: .03% 2868 MHz: .57% 3096 MHz: 8.8% 3300 MHz:  13% 3468 MHz: 1.7% 3624 MHz: 1.2% 3756 MHz: .39% 3828 MHz:   0% 3888 MHz:   0% 3948 MHz: .38% 3996 MHz:   0% 4044 MHz:   0% 4104 MHz: .39% 4416 MHz: .39% 4512 MHz:  24%)
CPU 11 idle residency:  47.51%
CPU 11 down residency:   0.00%
CPU 12 frequency: 3640 MHz
CPU 12 active residency:  39.36% (1260 MHz: .27% 1512 MHz: .37% 1800 MHz: .23% 2088 MHz: .32% 2352 MHz: .08% 2616 MHz: .00% 2868 MHz: .02% 3096 MHz: 9.0% 3300 MHz:  13% 3468 MHz: 1.5% 3624 MHz: 1.1% 3756 MHz: .01% 3828 MHz:   0% 3888 MHz:   0% 3948 MHz: .10% 3996 MHz:   0% 4044 MHz:   0% 4104 MHz: .38% 4416 MHz:   0% 4512 MHz:  13%)
CPU 12 idle residency:  60.64%
CPU 12 down residency:   0.00%
CPU 13 frequency: 3853 MHz
CPU 13 active residency:  42.46% (1260 MHz: .08% 1512 MHz: .01% 1800 MHz:   0% 2088 MHz:   0% 2352 MHz: .00% 2616 MHz:   0% 2868 MHz:   0% 3096 MHz: 7.6% 3300 MHz:  12% 3468 MHz: 1.6% 3624 MHz: 1.1% 3756 MHz:   0% 3828 MHz:   0% 3888 MHz:   0% 3948 MHz: .06% 3996 MHz:   0% 4044 MHz:   0% 4104 MHz: .35% 4416 MHz:   0% 4512 MHz:  20%)
CPU 13 idle residency:  57.54%
CPU 13 down residency:   0.00%
CPU 14 frequency: 3646 MHz
CPU 14 active residency:  39.72% (1260 MHz: .14% 1512 MHz: .33% 1800 MHz: .56% 2088 MHz: .30% 2352 MHz: .03% 2616 MHz: .00% 2868 MHz: .00% 3096 MHz: 8.3% 3300 MHz:  13% 3468 MHz: 2.4% 3624 MHz: 1.0% 3756 MHz: .00% 3828 MHz:   0% 3888 MHz:   0% 3948 MHz: .07% 3996 MHz:   0% 4044 MHz:   0% 4104 MHz: .39% 4416 MHz: .00% 4512 MHz:  14%)
CPU 14 idle residency:  60.28%
CPU 14 down residency:   0.00%
CPU 15 frequency: 3704 MHz
CPU 15 active residency:  33.17% (1260 MHz: .05% 1512 MHz:   0% 1800 MHz:   0% 2088 MHz:   0% 2352 MHz:   0% 2616 MHz:   0% 2868 MHz:   0% 3096 MHz: 7.4% 3300 MHz:  12% 3468 MHz: 1.2% 3624 MHz: .50% 3756 MHz:   0% 3828 MHz:   0% 3888 MHz:   0% 3948 MHz: .06% 3996 MHz:   0% 4044 MHz:   0% 4104 MHz: .36% 4416 MHz:   0% 4512 MHz:  12%)
CPU 15 idle residency:  66.83%
CPU 15 down residency:   0.00%

CPU Power: 13835 mW
GPU Power: 34785 mW
ANE Power: 0 mW
Combined Power (CPU + GPU + ANE): 48620 mW

**** GPU usage ****

GPU HW active frequency: 1578 MHz
GPU HW active residency:  99.98% (338 MHz: .01% 618 MHz:   0% 796 MHz:   0% 924 MHz:   0% 952 MHz:   0% 1056 MHz:   0% 1062 MHz:   0% 1182 MHz:   0% 1182 MHz:   0% 1312 MHz:   0% 1242 MHz:   0% 1380 MHz:   0% 1326 MHz:   0% 1470 MHz:   0% 1578 MHz: 100%)
GPU SW requested state: (P1 :   0% P2 :   0% P3 :   0% P4 :   0% P5 :   0% P6 :   0% P7 :   0% P8 :   0% P9 :   0% P10 : 100% P11 :   0% P12 :   0% P13 :   0% P14 :   0% P15 :   0%)
GPU SW state: (SW_P1 : .01% SW_P2 :   0% SW_P3 :   0% SW_P4 :   0% SW_P5 :   0% SW_P6 :   0% SW_P7 :   0% SW_P8 :   0% SW_P9 :   0% SW_P10 : 100% SW_P11 :   0% SW_P12 :   0% SW_P13 :   0% SW_P14 :   0% SW_P15 :   0%)
GPU idle residency:   0.02%
GPU Power: 34496 mW



*** Sampled system activity (Tue Jan 20 15:18:38 2026 +0100) (1021.00ms elapsed) ***


**** Processor usage ****

E-Cluster Online: 100%
E-Cluster HW active frequency: 1569 MHz
E-Cluster HW active residency:  53.90% (1020 MHz:  30% 1404 MHz: 3.9% 1788 MHz: 2.9% 2112 MHz: .89% 2352 MHz: .44% 2532 MHz: .89% 2592 MHz:  15%)
E-Cluster idle residency:  46.10%
E-Cluster down residency:   0.00%
CPU 0 frequency: 1577 MHz
CPU 0 active residency:  32.03% (1020 MHz:  18% 1404 MHz: 2.1% 1788 MHz: 1.3% 2112 MHz: .21% 2352 MHz: .19% 2532 MHz: .42% 2592 MHz: 9.5%)
CPU 0 idle residency:  67.97%
CPU 0 down residency:   0.00%
CPU 1 frequency: 1559 MHz
CPU 1 active residency:  23.42% (1020 MHz:  13% 1404 MHz: 1.4% 1788 MHz: 1.3% 2112 MHz: .47% 2352 MHz: .24% 2532 MHz: .24% 2592 MHz: 6.3%)
CPU 1 idle residency:  76.58%
CPU 1 down residency:   0.00%
CPU 2 frequency: 1601 MHz
CPU 2 active residency:  17.56% (1020 MHz: 9.0% 1404 MHz: 1.5% 1788 MHz: 1.5% 2112 MHz: .42% 2352 MHz: .21% 2532 MHz: .47% 2592 MHz: 4.5%)
CPU 2 idle residency:  82.44%
CPU 2 down residency:   0.00%
CPU 3 frequency: 1671 MHz
CPU 3 active residency:  12.28% (1020 MHz: 5.9% 1404 MHz: 1.1% 1788 MHz: .75% 2112 MHz: .11% 2352 MHz: .09% 2532 MHz: .08% 2592 MHz: 4.2%)
CPU 3 idle residency:  87.72%
CPU 3 down residency:   0.00%

P0-Cluster Online: 100%
P0-Cluster HW active frequency: 3094 MHz
P0-Cluster HW active residency:  55.27% (1260 MHz: 4.4% 1512 MHz: .20% 1800 MHz: .33% 2088 MHz: .49% 2352 MHz: .19% 2616 MHz: .38% 2868 MHz:   0% 3096 MHz:  23% 3300 MHz:  19% 3468 MHz: .39% 3624 MHz: .37% 3756 MHz:   0% 3828 MHz: .39% 3888 MHz: 1.7% 3948 MHz: .53% 3996 MHz: .32% 4044 MHz: 2.9% 4104 MHz:   0% 4416 MHz: .01% 4512 MHz: .10%)
P0-Cluster idle residency:  44.73%
P0-Cluster down residency:   0.00%
CPU 4 frequency: 3235 MHz
CPU 4 active residency:  40.08% (1260 MHz: .22% 1512 MHz:   0% 1800 MHz:   0% 2088 MHz: .00% 2352 MHz:   0% 2616 MHz: .00% 2868 MHz:   0% 3096 MHz:  23% 3300 MHz:  15% 3468 MHz:   0% 3624 MHz: .19% 3756 MHz:   0% 3828 MHz: .28% 3888 MHz:   0% 3948 MHz:   0% 3996 MHz:   0% 4044 MHz:   0% 4104 MHz: .16% 4416 MHz: .33% 4512 MHz: 1.5%)
CPU 4 idle residency:  59.92%
CPU 4 down residency:   0.00%
CPU 5 frequency: 3234 MHz
CPU 5 active residency:  39.60% (1260 MHz: .25% 1512 MHz: .00% 1800 MHz:   0% 2088 MHz:   0% 2352 MHz:   0% 2616 MHz:   0% 2868 MHz:   0% 3096 MHz:  23% 3300 MHz:  14% 3468 MHz:   0% 3624 MHz: .15% 3756 MHz:   0% 3828 MHz: .25% 3888 MHz:   0% 3948 MHz:   0% 3996 MHz:   0% 4044 MHz:   0% 4104 MHz: .12% 4416 MHz: .32% 4512 MHz: 1.5%)
CPU 5 idle residency:  60.40%
CPU 5 down residency:   0.00%
CPU 6 frequency: 3230 MHz
CPU 6 active residency:  39.93% (1260 MHz: .23% 1512 MHz: .00% 1800 MHz:   0% 2088 MHz: .02% 2352 MHz:   0% 2616 MHz:   0% 2868 MHz:   0% 3096 MHz:  23% 3300 MHz:  15% 3468 MHz:   0% 3624 MHz: .15% 3756 MHz:   0% 3828 MHz: .25% 3888 MHz:   0% 3948 MHz:   0% 3996 MHz:   0% 4044 MHz:   0% 4104 MHz: .12% 4416 MHz: .32% 4512 MHz: 1.4%)
CPU 6 idle residency:  60.07%
CPU 6 down residency:   0.00%
CPU 7 frequency: 3229 MHz
CPU 7 active residency:  39.52% (1260 MHz: .20% 1512 MHz:   0% 1800 MHz:   0% 2088 MHz:   0% 2352 MHz:   0% 2616 MHz:   0% 2868 MHz:   0% 3096 MHz:  23% 3300 MHz:  15% 3468 MHz:   0% 3624 MHz: .15% 3756 MHz:   0% 3828 MHz: .28% 3888 MHz:   0% 3948 MHz:   0% 3996 MHz:   0% 4044 MHz:   0% 4104 MHz: .12% 4416 MHz: .31% 4512 MHz: 1.3%)
CPU 7 idle residency:  60.48%
CPU 7 down residency:   0.00%
CPU 8 frequency: 3240 MHz
CPU 8 active residency:  42.99% (1260 MHz: .20% 1512 MHz:   0% 1800 MHz:   0% 2088 MHz:   0% 2352 MHz:   0% 2616 MHz:   0% 2868 MHz:   0% 3096 MHz:  23% 3300 MHz:  18% 3468 MHz:   0% 3624 MHz: .15% 3756 MHz:   0% 3828 MHz: .29% 3888 MHz:   0% 3948 MHz:   0% 3996 MHz:   0% 4044 MHz:   0% 4104 MHz: .12% 4416 MHz: .34% 4512 MHz: 1.4%)
CPU 8 idle residency:  57.01%
CPU 8 down residency:   0.00%
CPU 9 frequency: 3297 MHz
CPU 9 active residency:  46.44% (1260 MHz: .24% 1512 MHz: .20% 1800 MHz: .33% 2088 MHz: .30% 2352 MHz: .20% 2616 MHz: .38% 2868 MHz:   0% 3096 MHz:  23% 3300 MHz:  15% 3468 MHz: .39% 3624 MHz: .37% 3756 MHz:   0% 3828 MHz: .39% 3888 MHz:   0% 3948 MHz: .39% 3996 MHz:   0% 4044 MHz:   0% 4104 MHz: .39% 4416 MHz: .39% 4512 MHz: 4.4%)
CPU 9 idle residency:  53.56%
CPU 9 down residency:   0.00%

P1-Cluster HW active frequency: 3207 MHz
P1-Cluster HW active residency:  77.73% (1260 MHz: 9.9% 1512 MHz: .13% 1800 MHz: 1.0% 2088 MHz: 1.2% 2352 MHz: .52% 2616 MHz: .26% 2868 MHz: .27% 3096 MHz:  19% 3300 MHz:  15% 3468 MHz: .77% 3624 MHz: .36% 3756 MHz:   0% 3828 MHz:   0% 3888 MHz:  10% 3948 MHz: 1.8% 3996 MHz: 2.1% 4044 MHz:  15% 4104 MHz:   0% 4416 MHz: .15% 4512 MHz: .92%)
P1-Cluster idle residency:  22.27%
P1-Cluster down residency:   0.00%
CPU 10 frequency: 3692 MHz
CPU 10 active residency:  40.25% (1260 MHz: .09% 1512 MHz:   0% 1800 MHz: .03% 2088 MHz: .02% 2352 MHz: .21% 2616 MHz:   0% 2868 MHz:   0% 3096 MHz:  14% 3300 MHz: 9.5% 3468 MHz: .21% 3624 MHz: .24% 3756 MHz:   0% 3828 MHz:   0% 3888 MHz:   0% 3948 MHz:   0% 3996 MHz:   0% 4044 MHz:   0% 4104 MHz:   0% 4416 MHz:   0% 4512 MHz:  16%)
CPU 10 idle residency:  59.75%
CPU 10 down residency:   0.00%
CPU 11 frequency: 3623 MHz
CPU 11 active residency:  40.89% (1260 MHz: .03% 1512 MHz:   0% 1800 MHz:   0% 2088 MHz:   0% 2352 MHz: .24% 2616 MHz: .26% 2868 MHz: .27% 3096 MHz:  16% 3300 MHz: 9.6% 3468 MHz: .21% 3624 MHz: .22% 3756 MHz:   0% 3828 MHz:   0% 3888 MHz:   0% 3948 MHz:   0% 3996 MHz:   0% 4044 MHz:   0% 4104 MHz:   0% 4416 MHz:   0% 4512 MHz:  14%)
CPU 11 idle residency:  59.11%
CPU 11 down residency:   0.00%
CPU 12 frequency: 3654 MHz
CPU 12 active residency:  47.04% (1260 MHz: .09% 1512 MHz: .01% 1800 MHz: .45% 2088 MHz: .53% 2352 MHz: .25% 2616 MHz:   0% 2868 MHz: .00% 3096 MHz:  17% 3300 MHz:  11% 3468 MHz: .26% 3624 MHz: .28% 3756 MHz:   0% 3828 MHz:   0% 3888 MHz:   0% 3948 MHz:   0% 3996 MHz:   0% 4044 MHz:   0% 4104 MHz:   0% 4416 MHz:   0% 4512 MHz:  18%)
CPU 12 idle residency:  52.96%
CPU 12 down residency:   0.00%
CPU 13 frequency: 3571 MHz
CPU 13 active residency:  37.40% (1260 MHz: .07% 1512 MHz: .01% 1800 MHz:   0% 2088 MHz:   0% 2352 MHz:   0% 2616 MHz:   0% 2868 MHz:   0% 3096 MHz:  16% 3300 MHz: 9.9% 3468 MHz: .21% 3624 MHz: .22% 3756 MHz:   0% 3828 MHz:   0% 3888 MHz:   0% 3948 MHz:   0% 3996 MHz:   0% 4044 MHz:   0% 4104 MHz:   0% 4416 MHz:   0% 4512 MHz:  11%)
CPU 13 idle residency:  62.60%
CPU 13 down residency:   0.00%
CPU 14 frequency: 3606 MHz
CPU 14 active residency:  44.69% (1260 MHz: .09% 1512 MHz:   0% 1800 MHz: .01% 2088 MHz: .56% 2352 MHz: .34% 2616 MHz:   0% 2868 MHz: .00% 3096 MHz:  17% 3300 MHz:  11% 3468 MHz: .70% 3624 MHz: .22% 3756 MHz:   0% 3828 MHz:   0% 3888 MHz:   0% 3948 MHz:   0% 3996 MHz:   0% 4044 MHz:   0% 4104 MHz:   0% 4416 MHz:   0% 4512 MHz:  15%)
CPU 14 idle residency:  55.31%
CPU 14 down residency:   0.00%
CPU 15 frequency: 3495 MHz
CPU 15 active residency:  41.76% (1260 MHz: .20% 1512 MHz: .11% 1800 MHz: .55% 2088 MHz: .71% 2352 MHz: .52% 2616 MHz: .26% 2868 MHz: .27% 3096 MHz:  16% 3300 MHz:  11% 3468 MHz: .34% 3624 MHz: .26% 3756 MHz:   0% 3828 MHz:   0% 3888 MHz:   0% 3948 MHz:   0% 3996 MHz:   0% 4044 MHz:   0% 4104 MHz:   0% 4416 MHz:   0% 4512 MHz:  12%)
CPU 15 idle residency:  58.24%
CPU 15 down residency:   0.00%

CPU Power: 13899 mW
GPU Power: 34995 mW
ANE Power: 0 mW
Combined Power (CPU + GPU + ANE): 48894 mW

**** GPU usage ****

GPU HW active frequency: 1578 MHz
GPU HW active residency: 100.00% (338 MHz:   0% 618 MHz:   0% 796 MHz:   0% 924 MHz:   0% 952 MHz:   0% 1056 MHz:   0% 1062 MHz:   0% 1182 MHz:   0% 1182 MHz:   0% 1312 MHz:   0% 1242 MHz:   0% 1380 MHz:   0% 1326 MHz:   0% 1470 MHz:   0% 1578 MHz: 100%)
GPU SW requested state: (P1 :   0% P2 :   0% P3 :   0% P4 :   0% P5 :   0% P6 :   0% P7 :   0% P8 :   0% P9 :   0% P10 : 100% P11 :   0% P12 :   0% P13 :   0% P14 :   0% P15 :   0%)
GPU SW state: (SW_P1 :   0% SW_P2 :   0% SW_P3 :   0% SW_P4 :   0% SW_P5 :   0% SW_P6 :   0% SW_P7 :   0% SW_P8 :   0% SW_P9 :   0% SW_P10 : 100% SW_P11 :   0% SW_P12 :   0% SW_P13 :   0% SW_P14 :   0% SW_P15 :   0%)
GPU idle residency:   0.00%
GPU Power: 35297 mW



*** Sampled system activity (Tue Jan 20 15:18:39 2026 +0100) (1019.87ms elapsed) ***


**** Processor usage ****

E-Cluster Online: 100%
E-Cluster HW active frequency: 1583 MHz
E-Cluster HW active residency:  43.59% (1020 MHz:  26% 1404 MHz: 1.1% 1788 MHz: 1.4% 2112 MHz: .39% 2352 MHz: .59% 2532 MHz: .64% 2592 MHz:  13%)
E-Cluster idle residency:  56.41%
E-Cluster down residency:   0.00%
CPU 0 frequency: 1573 MHz
CPU 0 active residency:  25.72% (1020 MHz:  15% 1404 MHz: .87% 1788 MHz: 1.1% 2112 MHz: .12% 2352 MHz: .15% 2532 MHz: .50% 2592 MHz: 7.6%)
CPU 0 idle residency:  74.28%
CPU 0 down residency:   0.00%
CPU 1 frequency: 1564 MHz
CPU 1 active residency:  18.05% (1020 MHz:  11% 1404 MHz: .30% 1788 MHz: .32% 2112 MHz: .15% 2352 MHz: .09% 2532 MHz: .24% 2592 MHz: 5.6%)
CPU 1 idle residency:  81.95%
CPU 1 down residency:   0.00%
CPU 2 frequency: 1714 MHz
CPU 2 active residency:  12.43% (1020 MHz: 6.5% 1404 MHz: .20% 1788 MHz: .49% 2112 MHz: .07% 2352 MHz: .41% 2532 MHz: .10% 2592 MHz: 4.7%)
CPU 2 idle residency:  87.57%
CPU 2 down residency:   0.00%
CPU 3 frequency: 1689 MHz
CPU 3 active residency:   9.92% (1020 MHz: 5.1% 1404 MHz: .26% 1788 MHz: .45% 2112 MHz: .37% 2352 MHz: .13% 2532 MHz: .07% 2592 MHz: 3.5%)
CPU 3 idle residency:  90.08%
CPU 3 down residency:   0.00%

P0-Cluster Online: 100%
P0-Cluster HW active frequency: 3318 MHz
P0-Cluster HW active residency:  64.91% (1260 MHz: 5.9% 1512 MHz:   0% 1800 MHz: .27% 2088 MHz:   0% 2352 MHz:   0% 2616 MHz:   0% 2868 MHz:   0% 3096 MHz:  28% 3300 MHz: 3.5% 3468 MHz: .40% 3624 MHz:   0% 3756 MHz:   0% 3828 MHz:   0% 3888 MHz: 9.7% 3948 MHz: 1.0% 3996 MHz: 3.0% 4044 MHz:  12% 4104 MHz:   0% 4416 MHz: .14% 4512 MHz: 1.1%)
P0-Cluster idle residency:  35.09%
P0-Cluster down residency:   0.00%
CPU 4 frequency: 3643 MHz
CPU 4 active residency:  47.36% (1260 MHz: .20% 1512 MHz:   0% 1800 MHz: .02% 2088 MHz:   0% 2352 MHz:   0% 2616 MHz:   0% 2868 MHz:   0% 3096 MHz:  26% 3300 MHz: 2.8% 3468 MHz: .40% 3624 MHz:   0% 3756 MHz:   0% 3828 MHz:   0% 3888 MHz:   0% 3948 MHz:   0% 3996 MHz:   0% 4044 MHz:   0% 4104 MHz:   0% 4416 MHz:   0% 4512 MHz:  18%)
CPU 4 idle residency:  52.64%
CPU 4 down residency:   0.00%
CPU 5 frequency: 3562 MHz
CPU 5 active residency:  43.83% (1260 MHz: .21% 1512 MHz:   0% 1800 MHz: .05% 2088 MHz:   0% 2352 MHz:   0% 2616 MHz:   0% 2868 MHz:   0% 3096 MHz:  27% 3300 MHz: 2.5% 3468 MHz: .01% 3624 MHz:   0% 3756 MHz:   0% 3828 MHz:   0% 3888 MHz:   0% 3948 MHz:   0% 3996 MHz:   0% 4044 MHz:   0% 4104 MHz:   0% 4416 MHz:   0% 4512 MHz:  14%)
CPU 5 idle residency:  56.17%
CPU 5 down residency:   0.00%
CPU 6 frequency: 3536 MHz
CPU 6 active residency:  41.53% (1260 MHz: .23% 1512 MHz:   0% 1800 MHz: .01% 2088 MHz:   0% 2352 MHz:   0% 2616 MHz:   0% 2868 MHz:   0% 3096 MHz:  26% 3300 MHz: 2.9% 3468 MHz: .01% 3624 MHz:   0% 3756 MHz:   0% 3828 MHz:   0% 3888 MHz:   0% 3948 MHz:   0% 3996 MHz:   0% 4044 MHz:   0% 4104 MHz:   0% 4416 MHz:   0% 4512 MHz:  13%)
CPU 6 idle residency:  58.47%
CPU 6 down residency:   0.00%
CPU 7 frequency: 3487 MHz
CPU 7 active residency:  37.53% (1260 MHz: .15% 1512 MHz:   0% 1800 MHz: .01% 2088 MHz:   0% 2352 MHz:   0% 2616 MHz:   0% 2868 MHz:   0% 3096 MHz:  24% 3300 MHz: 2.7% 3468 MHz: .01% 3624 MHz:   0% 3756 MHz:   0% 3828 MHz:   0% 3888 MHz:   0% 3948 MHz:   0% 3996 MHz:   0% 4044 MHz:   0% 4104 MHz:   0% 4416 MHz:   0% 4512 MHz:  10%)
CPU 7 idle residency:  62.47%
CPU 7 down residency:   0.00%
CPU 8 frequency: 3482 MHz
CPU 8 active residency:  38.97% (1260 MHz: .18% 1512 MHz:   0% 1800 MHz: .01% 2088 MHz:   0% 2352 MHz:   0% 2616 MHz:   0% 2868 MHz:   0% 3096 MHz:  26% 3300 MHz: 2.8% 3468 MHz: .01% 3624 MHz:   0% 3756 MHz:   0% 3828 MHz:   0% 3888 MHz:   0% 3948 MHz:   0% 3996 MHz:   0% 4044 MHz:   0% 4104 MHz:   0% 4416 MHz:   0% 4512 MHz:  10%)
CPU 8 idle residency:  61.03%
CPU 8 down residency:   0.00%
CPU 9 frequency: 3582 MHz
CPU 9 active residency:  43.20% (1260 MHz: .14% 1512 MHz:   0% 1800 MHz: .01% 2088 MHz:   0% 2352 MHz:   0% 2616 MHz:   0% 2868 MHz:   0% 3096 MHz:  26% 3300 MHz: 2.7% 3468 MHz: .01% 3624 MHz:   0% 3756 MHz:   0% 3828 MHz:   0% 3888 MHz:   0% 3948 MHz:   0% 3996 MHz:   0% 4044 MHz:   0% 4104 MHz:   0% 4416 MHz:   0% 4512 MHz:  15%)
CPU 9 idle residency:  56.80%
CPU 9 down residency:   0.00%

P1-Cluster HW active frequency: 2931 MHz
P1-Cluster HW active residency:  64.64% (1260 MHz: 8.5% 1512 MHz: .74% 1800 MHz: 1.4% 2088 MHz: .43% 2352 MHz: 1.0% 2616 MHz: .39% 2868 MHz: .78% 3096 MHz:  35% 3300 MHz: 6.1% 3468 MHz: 1.4% 3624 MHz: .83% 3756 MHz: .39% 3828 MHz:   0% 3888 MHz: 3.0% 3948 MHz: .17% 3996 MHz: .37% 4044 MHz: 4.4% 4104 MHz:   0% 4416 MHz:   0% 4512 MHz:   0%)
P1-Cluster idle residency:  35.36%
P1-Cluster down residency:   0.00%
CPU 10 frequency: 3220 MHz
CPU 10 active residency:  39.75% (1260 MHz: .09% 1512 MHz:   0% 1800 MHz: .02% 2088 MHz:   0% 2352 MHz: .51% 2616 MHz:   0% 2868 MHz: .01% 3096 MHz:  30% 3300 MHz: 4.9% 3468 MHz: 1.0% 3624 MHz: .71% 3756 MHz: .14% 3828 MHz:   0% 3888 MHz:   0% 3948 MHz:   0% 3996 MHz:   0% 4044 MHz: .26% 4104 MHz: .14% 4416 MHz:   0% 4512 MHz: 2.3%)
CPU 10 idle residency:  60.25%
CPU 10 down residency:   0.00%
CPU 11 frequency: 3227 MHz
CPU 11 active residency:  39.48% (1260 MHz: .09% 1512 MHz:   0% 1800 MHz: .02% 2088 MHz:   0% 2352 MHz: .01% 2616 MHz:   0% 2868 MHz: .00% 3096 MHz:  30% 3300 MHz: 4.6% 3468 MHz: 1.0% 3624 MHz: .71% 3756 MHz: .14% 3828 MHz:   0% 3888 MHz:   0% 3948 MHz:   0% 3996 MHz:   0% 4044 MHz: .26% 4104 MHz: .14% 4416 MHz:   0% 4512 MHz: 2.2%)
CPU 11 idle residency:  60.52%
CPU 11 down residency:   0.00%
CPU 12 frequency: 3359 MHz
CPU 12 active residency:  45.88% (1260 MHz: .16% 1512 MHz: .00% 1800 MHz: .18% 2088 MHz: .08% 2352 MHz: .01% 2616 MHz: .24% 2868 MHz: .51% 3096 MHz:  29% 3300 MHz: 4.8% 3468 MHz: 1.4% 3624 MHz: .81% 3756 MHz: .39% 3828 MHz:   0% 3888 MHz: .39% 3948 MHz:   0% 3996 MHz:   0% 4044 MHz: .39% 4104 MHz: .39% 4416 MHz: .39% 4512 MHz: 6.4%)
CPU 12 idle residency:  54.12%
CPU 12 down residency:   0.00%
CPU 13 frequency: 3191 MHz
CPU 13 active residency:  40.12% (1260 MHz: .16% 1512 MHz: .65% 1800 MHz: .26% 2088 MHz: .27% 2352 MHz: .03% 2616 MHz:   0% 2868 MHz: .03% 3096 MHz:  29% 3300 MHz: 4.7% 3468 MHz: 1.0% 3624 MHz: .71% 3756 MHz: .16% 3828 MHz:   0% 3888 MHz:   0% 3948 MHz:   0% 3996 MHz:   0% 4044 MHz: .30% 4104 MHz: .17% 4416 MHz:   0% 4512 MHz: 2.5%)
CPU 13 idle residency:  59.88%
CPU 13 down residency:   0.00%
CPU 14 frequency: 3225 MHz
CPU 14 active residency:  38.32% (1260 MHz: .27% 1512 MHz: .01% 1800 MHz: .15% 2088 MHz: .01% 2352 MHz: .05% 2616 MHz: .01% 2868 MHz: .18% 3096 MHz:  28% 3300 MHz: 4.8% 3468 MHz: 1.0% 3624 MHz: .71% 3756 MHz: .15% 3828 MHz:   0% 3888 MHz:   0% 3948 MHz:   0% 3996 MHz:   0% 4044 MHz: .26% 4104 MHz: .19% 4416 MHz:   0% 4512 MHz: 2.4%)
CPU 14 idle residency:  61.68%
CPU 14 down residency:   0.00%
CPU 15 frequency: 3178 MHz
CPU 15 active residency:  42.04% (1260 MHz: .18% 1512 MHz: .11% 1800 MHz: .99% 2088 MHz: .01% 2352 MHz: .39% 2616 MHz: .16% 2868 MHz: .48% 3096 MHz:  30% 3300 MHz: 4.8% 3468 MHz: 1.0% 3624 MHz: .75% 3756 MHz: .17% 3828 MHz:   0% 3888 MHz:   0% 3948 MHz:   0% 3996 MHz:   0% 4044 MHz: .27% 4104 MHz: .19% 4416 MHz:   0% 4512 MHz: 2.4%)
CPU 15 idle residency:  57.96%
CPU 15 down residency:   0.00%

CPU Power: 13839 mW
GPU Power: 35165 mW
ANE Power: 0 mW
Combined Power (CPU + GPU + ANE): 49004 mW

**** GPU usage ****

GPU HW active frequency: 1578 MHz
GPU HW active residency: 100.00% (338 MHz:   0% 618 MHz:   0% 796 MHz:   0% 924 MHz:   0% 952 MHz:   0% 1056 MHz:   0% 1062 MHz:   0% 1182 MHz:   0% 1182 MHz:   0% 1312 MHz:   0% 1242 MHz:   0% 1380 MHz:   0% 1326 MHz:   0% 1470 MHz:   0% 1578 MHz: 100%)
GPU SW requested state: (P1 :   0% P2 :   0% P3 :   0% P4 :   0% P5 :   0% P6 :   0% P7 :   0% P8 :   0% P9 :   0% P10 : 100% P11 :   0% P12 :   0% P13 :   0% P14 :   0% P15 :   0%)
GPU SW state: (SW_P1 :   0% SW_P2 :   0% SW_P3 :   0% SW_P4 :   0% SW_P5 :   0% SW_P6 :   0% SW_P7 :   0% SW_P8 :   0% SW_P9 :   0% SW_P10 : 100% SW_P11 :   0% SW_P12 :   0% SW_P13 :   0% SW_P14 :   0% SW_P15 :   0%)
GPU idle residency:   0.00%
GPU Power: 35169 mW



*** Sampled system activity (Tue Jan 20 15:18:40 2026 +0100) (1020.22ms elapsed) ***


**** Processor usage ****

E-Cluster Online: 100%
E-Cluster HW active frequency: 1595 MHz
E-Cluster HW active residency:  72.36% (1020 MHz:  40% 1404 MHz: 4.9% 1788 MHz: 2.9% 2112 MHz: 1.8% 2352 MHz: 1.7% 2532 MHz: .27% 2592 MHz:  21%)
E-Cluster idle residency:  27.64%
E-Cluster down residency:   0.00%
CPU 0 frequency: 1661 MHz
CPU 0 active residency:  44.31% (1020 MHz:  23% 1404 MHz: 2.6% 1788 MHz: 2.0% 2112 MHz: 1.5% 2352 MHz: 1.2% 2532 MHz: .25% 2592 MHz:  14%)
CPU 0 idle residency:  55.69%
CPU 0 down residency:   0.00%
CPU 1 frequency: 1617 MHz
CPU 1 active residency:  39.14% (1020 MHz:  21% 1404 MHz: 2.8% 1788 MHz: 2.0% 2112 MHz: .72% 2352 MHz: .94% 2532 MHz: .03% 2592 MHz:  12%)
CPU 1 idle residency:  60.86%
CPU 1 down residency:   0.00%
CPU 2 frequency: 1571 MHz
CPU 2 active residency:  36.15% (1020 MHz:  20% 1404 MHz: 3.0% 1788 MHz: 1.7% 2112 MHz: .47% 2352 MHz: .96% 2532 MHz: .00% 2592 MHz: 9.9%)
CPU 2 idle residency:  63.85%
CPU 2 down residency:   0.00%
CPU 3 frequency: 1629 MHz
CPU 3 active residency:  20.97% (1020 MHz:  11% 1404 MHz: 1.4% 1788 MHz: 1.0% 2112 MHz: .35% 2352 MHz: .68% 2532 MHz: .04% 2592 MHz: 6.4%)
CPU 3 idle residency:  79.03%
CPU 3 down residency:   0.00%

P0-Cluster Online: 100%
P0-Cluster HW active frequency: 2916 MHz
P0-Cluster HW active residency:  49.25% (1260 MHz: 5.1% 1512 MHz: .30% 1800 MHz: .22% 2088 MHz: .70% 2352 MHz: .14% 2616 MHz: .54% 2868 MHz: .27% 3096 MHz:  34% 3300 MHz: 6.0% 3468 MHz: 1.4% 3624 MHz: .27% 3756 MHz:   0% 3828 MHz:   0% 3888 MHz: .50% 3948 MHz: .01% 3996 MHz:   0% 4044 MHz: .00% 4104 MHz:   0% 4416 MHz: .01% 4512 MHz: .06%)
P0-Cluster idle residency:  50.75%
P0-Cluster down residency:   0.00%
CPU 4 frequency: 3138 MHz
CPU 4 active residency:  40.67% (1260 MHz: .26% 1512 MHz: .00% 1800 MHz: .01% 2088 MHz: .01% 2352 MHz: .00% 2616 MHz: .07% 2868 MHz: .16% 3096 MHz:  33% 3300 MHz: 4.6% 3468 MHz: 1.4% 3624 MHz: .23% 3756 MHz:   0% 3828 MHz:   0% 3888 MHz:   0% 3948 MHz:   0% 3996 MHz:   0% 4044 MHz:   0% 4104 MHz:   0% 4416 MHz:   0% 4512 MHz: .51%)
CPU 4 idle residency:  59.33%
CPU 4 down residency:   0.00%
CPU 5 frequency: 3114 MHz
CPU 5 active residency:  42.29% (1260 MHz: .26% 1512 MHz: .06% 1800 MHz: .16% 2088 MHz: .51% 2352 MHz: .07% 2616 MHz: .50% 2868 MHz: .14% 3096 MHz:  33% 3300 MHz: 5.1% 3468 MHz: 1.4% 3624 MHz: .23% 3756 MHz:   0% 3828 MHz:   0% 3888 MHz:   0% 3948 MHz:   0% 3996 MHz:   0% 4044 MHz:   0% 4104 MHz:   0% 4416 MHz:   0% 4512 MHz: .51%)
CPU 5 idle residency:  57.71%
CPU 5 down residency:   0.00%
CPU 6 frequency: 3114 MHz
CPU 6 active residency:  41.68% (1260 MHz: .29% 1512 MHz: .30% 1800 MHz: .13% 2088 MHz: .23% 2352 MHz: .05% 2616 MHz: .21% 2868 MHz: .14% 3096 MHz:  33% 3300 MHz: 4.8% 3468 MHz: 1.4% 3624 MHz: .23% 3756 MHz:   0% 3828 MHz:   0% 3888 MHz:   0% 3948 MHz:   0% 3996 MHz:   0% 4044 MHz:   0% 4104 MHz:   0% 4416 MHz:   0% 4512 MHz: .50%)
CPU 6 idle residency:  58.32%
CPU 6 down residency:   0.00%
CPU 7 frequency: 3140 MHz
CPU 7 active residency:  39.88% (1260 MHz: .22% 1512 MHz: .00% 1800 MHz:   0% 2088 MHz: .00% 2352 MHz: .00% 2616 MHz:   0% 2868 MHz: .14% 3096 MHz:  33% 3300 MHz: 4.1% 3468 MHz: 1.4% 3624 MHz: .23% 3756 MHz:   0% 3828 MHz:   0% 3888 MHz:   0% 3948 MHz:   0% 3996 MHz:   0% 4044 MHz:   0% 4104 MHz:   0% 4416 MHz:   0% 4512 MHz: .50%)
CPU 7 idle residency:  60.12%
CPU 7 down residency:   0.00%
CPU 8 frequency: 3140 MHz
CPU 8 active residency:  40.40% (1260 MHz: .23% 1512 MHz: .00% 1800 MHz:   0% 2088 MHz: .00% 2352 MHz:   0% 2616 MHz:   0% 2868 MHz: .23% 3096 MHz:  33% 3300 MHz: 4.5% 3468 MHz: 1.4% 3624 MHz: .23% 3756 MHz:   0% 3828 MHz:   0% 3888 MHz:   0% 3948 MHz:   0% 3996 MHz:   0% 4044 MHz:   0% 4104 MHz:   0% 4416 MHz:   0% 4512 MHz: .50%)
CPU 8 idle residency:  59.60%
CPU 8 down residency:   0.00%
CPU 9 frequency: 3141 MHz
CPU 9 active residency:  40.02% (1260 MHz: .21% 1512 MHz:   0% 1800 MHz:   0% 2088 MHz:   0% 2352 MHz:   0% 2616 MHz:   0% 2868 MHz: .14% 3096 MHz:  33% 3300 MHz: 4.3% 3468 MHz: 1.4% 3624 MHz: .23% 3756 MHz:   0% 3828 MHz:   0% 3888 MHz:   0% 3948 MHz:   0% 3996 MHz:   0% 4044 MHz:   0% 4104 MHz:   0% 4416 MHz:   0% 4512 MHz: .50%)
CPU 9 idle residency:  59.98%
CPU 9 down residency:   0.00%

P1-Cluster HW active frequency: 3266 MHz
P1-Cluster HW active residency:  84.51% (1260 MHz: 9.0% 1512 MHz: .41% 1800 MHz: .61% 2088 MHz: 1.4% 2352 MHz: .54% 2616 MHz: .40% 2868 MHz: .81% 3096 MHz:  26% 3300 MHz: 6.6% 3468 MHz: 3.4% 3624 MHz: 1.0% 3756 MHz: .20% 3828 MHz:   0% 3888 MHz:  11% 3948 MHz: .97% 3996 MHz: 2.3% 4044 MHz:  18% 4104 MHz: .04% 4416 MHz: .19% 4512 MHz: 1.3%)
P1-Cluster idle residency:  15.49%
P1-Cluster down residency:   0.00%
CPU 10 frequency: 3616 MHz
CPU 10 active residency:  38.00% (1260 MHz: .11% 1512 MHz: .00% 1800 MHz: .01% 2088 MHz: .26% 2352 MHz:   0% 2616 MHz: .00% 2868 MHz: .09% 3096 MHz:  18% 3300 MHz: 3.9% 3468 MHz: 1.8% 3624 MHz: .44% 3756 MHz: .18% 3828 MHz:   0% 3888 MHz:   0% 3948 MHz:   0% 3996 MHz:   0% 4044 MHz:   0% 4104 MHz: .08% 4416 MHz: .39% 4512 MHz:  13%)
CPU 10 idle residency:  62.00%
CPU 10 down residency:   0.00%
CPU 11 frequency: 3599 MHz
CPU 11 active residency:  35.28% (1260 MHz: .09% 1512 MHz:   0% 1800 MHz:   0% 2088 MHz:   0% 2352 MHz:   0% 2616 MHz: .00% 2868 MHz: .14% 3096 MHz:  18% 3300 MHz: 3.8% 3468 MHz: 1.6% 3624 MHz: .37% 3756 MHz: .13% 3828 MHz:   0% 3888 MHz:   0% 3948 MHz:   0% 3996 MHz:   0% 4044 MHz:   0% 4104 MHz: .01% 4416 MHz: .37% 4512 MHz:  11%)
CPU 11 idle residency:  64.72%
CPU 11 down residency:   0.00%
CPU 12 frequency: 3737 MHz
CPU 12 active residency:  45.50% (1260 MHz: .01% 1512 MHz:   0% 1800 MHz:   0% 2088 MHz: .20% 2352 MHz:   0% 2616 MHz: .01% 2868 MHz: .14% 3096 MHz:  19% 3300 MHz: 3.9% 3468 MHz: 1.7% 3624 MHz: .36% 3756 MHz: .13% 3828 MHz:   0% 3888 MHz:   0% 3948 MHz:   0% 3996 MHz:   0% 4044 MHz:   0% 4104 MHz: .01% 4416 MHz: .37% 4512 MHz:  19%)
CPU 12 idle residency:  54.50%
CPU 12 down residency:   0.00%
CPU 13 frequency: 3631 MHz
CPU 13 active residency:  45.72% (1260 MHz: .11% 1512 MHz:   0% 1800 MHz: .37% 2088 MHz: .28% 2352 MHz: .13% 2616 MHz: .19% 2868 MHz: .37% 3096 MHz:  20% 3300 MHz: 4.3% 3468 MHz: 2.7% 3624 MHz: .41% 3756 MHz: .14% 3828 MHz:   0% 3888 MHz:   0% 3948 MHz:   0% 3996 MHz: .21% 4044 MHz:   0% 4104 MHz: .43% 4416 MHz: .43% 4512 MHz:  16%)
CPU 13 idle residency:  54.28%
CPU 13 down residency:   0.00%
CPU 14 frequency: 3690 MHz
CPU 14 active residency:  49.79% (1260 MHz: .12% 1512 MHz: .35% 1800 MHz: .18% 2088 MHz: .59% 2352 MHz: .35% 2616 MHz: .21% 2868 MHz: .57% 3096 MHz:  19% 3300 MHz: 5.1% 3468 MHz: 1.9% 3624 MHz: .81% 3756 MHz: .15% 3828 MHz:   0% 3888 MHz:   0% 3948 MHz:   0% 3996 MHz:   0% 4044 MHz:   0% 4104 MHz: .04% 4416 MHz: .41% 4512 MHz:  20%)
CPU 14 idle residency:  50.21%
CPU 14 down residency:   0.00%
CPU 15 frequency: 3606 MHz
CPU 15 active residency:  41.14% (1260 MHz: .11% 1512 MHz: .00% 1800 MHz: .03% 2088 MHz: .14% 2352 MHz: .02% 2616 MHz: .01% 2868 MHz: .15% 3096 MHz:  20% 3300 MHz: 4.8% 3468 MHz: 1.9% 3624 MHz: .25% 3756 MHz: .13% 3828 MHz:   0% 3888 MHz:   0% 3948 MHz:   0% 3996 MHz:   0% 4044 MHz:   0% 4104 MHz: .04% 4416 MHz: .37% 4512 MHz:  13%)
CPU 15 idle residency:  58.86%
CPU 15 down residency:   0.00%

CPU Power: 13818 mW
GPU Power: 35554 mW
ANE Power: 0 mW
Combined Power (CPU + GPU + ANE): 49372 mW

**** GPU usage ****

GPU HW active frequency: 1578 MHz
GPU HW active residency: 100.00% (338 MHz:   0% 618 MHz:   0% 796 MHz:   0% 924 MHz:   0% 952 MHz:   0% 1056 MHz:   0% 1062 MHz:   0% 1182 MHz:   0% 1182 MHz:   0% 1312 MHz:   0% 1242 MHz:   0% 1380 MHz:   0% 1326 MHz:   0% 1470 MHz:   0% 1578 MHz: 100%)
GPU SW requested state: (P1 :   0% P2 :   0% P3 :   0% P4 :   0% P5 :   0% P6 :   0% P7 :   0% P8 :   0% P9 :   0% P10 : 100% P11 :   0% P12 :   0% P13 :   0% P14 :   0% P15 :   0%)
GPU SW state: (SW_P1 :   0% SW_P2 :   0% SW_P3 :   0% SW_P4 :   0% SW_P5 :   0% SW_P6 :   0% SW_P7 :   0% SW_P8 :   0% SW_P9 :   0% SW_P10 : 100% SW_P11 :   0% SW_P12 :   0% SW_P13 :   0% SW_P14 :   0% SW_P15 :   0%)
GPU idle residency:   0.00%
GPU Power: 35524 mW



*** Sampled system activity (Tue Jan 20 15:18:41 2026 +0100) (1021.19ms elapsed) ***


**** Processor usage ****

E-Cluster Online: 100%
E-Cluster HW active frequency: 1478 MHz
E-Cluster HW active residency: 100.00% (1020 MHz:  66% 1404 MHz: 3.9% 1788 MHz: 1.2% 2112 MHz: 2.1% 2352 MHz: 2.1% 2532 MHz: .56% 2592 MHz:  24%)
E-Cluster idle residency:   0.00%
E-Cluster down residency:   0.00%
CPU 0 frequency: 1582 MHz
CPU 0 active residency:  45.82% (1020 MHz:  26% 1404 MHz: 2.7% 1788 MHz: .87% 2112 MHz: 1.2% 2352 MHz: 1.3% 2532 MHz: .21% 2592 MHz:  13%)
CPU 0 idle residency:  54.18%
CPU 0 down residency:   0.00%
CPU 1 frequency: 1561 MHz
CPU 1 active residency:  51.73% (1020 MHz:  32% 1404 MHz: 1.6% 1788 MHz: .37% 2112 MHz: 1.4% 2352 MHz: 1.8% 2532 MHz: .40% 2592 MHz:  14%)
CPU 1 idle residency:  48.27%
CPU 1 down residency:   0.00%
CPU 2 frequency: 1612 MHz
CPU 2 active residency:  32.71% (1020 MHz:  18% 1404 MHz: 2.0% 1788 MHz: 1.0% 2112 MHz: 1.3% 2352 MHz: .93% 2532 MHz: .04% 2592 MHz: 9.6%)
CPU 2 idle residency:  67.29%
CPU 2 down residency:   0.00%
CPU 3 frequency: 1600 MHz
CPU 3 active residency:  34.00% (1020 MHz:  20% 1404 MHz: 1.1% 1788 MHz: .70% 2112 MHz: .94% 2352 MHz: .92% 2532 MHz: .22% 2592 MHz:  10%)
CPU 3 idle residency:  66.00%
CPU 3 down residency:   0.00%

P0-Cluster Online: 100%
P0-Cluster HW active frequency: 2912 MHz
P0-Cluster HW active residency:  48.91% (1260 MHz: 5.2% 1512 MHz: .42% 1800 MHz:   0% 2088 MHz: .01% 2352 MHz:   0% 2616 MHz: .12% 2868 MHz: 4.3% 3096 MHz:  34% 3300 MHz: 2.8% 3468 MHz: .58% 3624 MHz: .53% 3756 MHz:   0% 3828 MHz:   0% 3888 MHz: .73% 3948 MHz: .00% 3996 MHz: .00% 4044 MHz: .64% 4104 MHz:   0% 4416 MHz:   0% 4512 MHz:   0%)
P0-Cluster idle residency:  51.09%
P0-Cluster down residency:   0.00%
CPU 4 frequency: 3103 MHz
CPU 4 active residency:  41.49% (1260 MHz: .25% 1512 MHz: .18% 1800 MHz:   0% 2088 MHz:   0% 2352 MHz:   0% 2616 MHz: .02% 2868 MHz: 4.2% 3096 MHz:  33% 3300 MHz: 2.3% 3468 MHz: .50% 3624 MHz: .50% 3756 MHz:   0% 3828 MHz:   0% 3888 MHz:   0% 3948 MHz:   0% 3996 MHz:   0% 4044 MHz:   0% 4104 MHz:   0% 4416 MHz:   0% 4512 MHz: .74%)
CPU 4 idle residency:  58.51%
CPU 4 down residency:   0.00%
CPU 5 frequency: 3093 MHz
CPU 5 active residency:  42.06% (1260 MHz: .29% 1512 MHz: .41% 1800 MHz:   0% 2088 MHz:   0% 2352 MHz:   0% 2616 MHz: .05% 2868 MHz: 4.2% 3096 MHz:  33% 3300 MHz: 2.5% 3468 MHz: .57% 3624 MHz: .53% 3756 MHz:   0% 3828 MHz:   0% 3888 MHz:   0% 3948 MHz:   0% 3996 MHz:   0% 4044 MHz:   0% 4104 MHz:   0% 4416 MHz:   0% 4512 MHz: .74%)
CPU 5 idle residency:  57.94%
CPU 5 down residency:   0.00%
CPU 6 frequency: 3113 MHz
CPU 6 active residency:  42.50% (1260 MHz: .28% 1512 MHz: .39% 1800 MHz:   0% 2088 MHz:   0% 2352 MHz:   0% 2616 MHz: .09% 2868 MHz: 4.2% 3096 MHz:  33% 3300 MHz: 2.5% 3468 MHz: .50% 3624 MHz: .46% 3756 MHz:   0% 3828 MHz:   0% 3888 MHz:   0% 3948 MHz:   0% 3996 MHz:   0% 4044 MHz:   0% 4104 MHz:   0% 4416 MHz:   0% 4512 MHz: 1.3%)
CPU 6 idle residency:  57.50%
CPU 6 down residency:   0.00%
CPU 7 frequency: 3101 MHz
CPU 7 active residency:  41.30% (1260 MHz: .25% 1512 MHz: .18% 1800 MHz:   0% 2088 MHz:   0% 2352 MHz:   0% 2616 MHz:   0% 2868 MHz: 4.2% 3096 MHz:  33% 3300 MHz: 2.2% 3468 MHz: .50% 3624 MHz: .45% 3756 MHz:   0% 3828 MHz:   0% 3888 MHz:   0% 3948 MHz:   0% 3996 MHz:   0% 4044 MHz:   0% 4104 MHz:   0% 4416 MHz:   0% 4512 MHz: .74%)
CPU 7 idle residency:  58.70%
CPU 7 down residency:   0.00%
CPU 8 frequency: 3105 MHz
CPU 8 active residency:  41.61% (1260 MHz: .24% 1512 MHz: .18% 1800 MHz:   0% 2088 MHz:   0% 2352 MHz:   0% 2616 MHz:   0% 2868 MHz: 4.2% 3096 MHz:  33% 3300 MHz: 2.6% 3468 MHz: .50% 3624 MHz: .52% 3756 MHz:   0% 3828 MHz:   0% 3888 MHz:   0% 3948 MHz:   0% 3996 MHz:   0% 4044 MHz:   0% 4104 MHz:   0% 4416 MHz:   0% 4512 MHz: .74%)
CPU 8 idle residency:  58.39%
CPU 8 down residency:   0.00%
CPU 9 frequency: 3102 MHz
CPU 9 active residency:  41.51% (1260 MHz: .24% 1512 MHz: .22% 1800 MHz:   0% 2088 MHz:   0% 2352 MHz:   0% 2616 MHz:   0% 2868 MHz: 4.3% 3096 MHz:  33% 3300 MHz: 2.3% 3468 MHz: .53% 3624 MHz: .53% 3756 MHz:   0% 3828 MHz:   0% 3888 MHz:   0% 3948 MHz:   0% 3996 MHz:   0% 4044 MHz:   0% 4104 MHz:   0% 4416 MHz:   0% 4512 MHz: .74%)
CPU 9 idle residency:  58.49%
CPU 9 down residency:   0.00%

P1-Cluster HW active frequency: 3233 MHz
P1-Cluster HW active residency:  83.24% (1260 MHz: 7.8% 1512 MHz: 1.3% 1800 MHz: 1.4% 2088 MHz: 1.5% 2352 MHz: .36% 2616 MHz: 1.7% 2868 MHz: 2.3% 3096 MHz:  26% 3300 MHz: 3.5% 3468 MHz: 1.1% 3624 MHz: .99% 3756 MHz: .43% 3828 MHz:   0% 3888 MHz:  12% 3948 MHz: 1.6% 3996 MHz: 2.4% 4044 MHz:  18% 4104 MHz:   0% 4416 MHz: .05% 4512 MHz: .71%)
P1-Cluster idle residency:  16.76%
P1-Cluster down residency:   0.00%
CPU 10 frequency: 3631 MHz
CPU 10 active residency:  56.21% (1260 MHz: .15% 1512 MHz: 1.1% 1800 MHz: .81% 2088 MHz: 1.1% 2352 MHz: .32% 2616 MHz: 1.6% 2868 MHz: 2.0% 3096 MHz:  20% 3300 MHz: 2.7% 3468 MHz: 1.0% 3624 MHz: .91% 3756 MHz: .43% 3828 MHz:   0% 3888 MHz:   0% 3948 MHz: .43% 3996 MHz:   0% 4044 MHz:   0% 4104 MHz: .42% 4416 MHz: .43% 4512 MHz:  23%)
CPU 10 idle residency:  43.79%
CPU 10 down residency:   0.00%
CPU 11 frequency: 3549 MHz
CPU 11 active residency:  41.16% (1260 MHz: .06% 1512 MHz: .41% 1800 MHz: .21% 2088 MHz: .25% 2352 MHz:   0% 2616 MHz: .59% 2868 MHz: 1.8% 3096 MHz:  20% 3300 MHz: 2.3% 3468 MHz: .82% 3624 MHz: .62% 3756 MHz:   0% 3828 MHz:   0% 3888 MHz:   0% 3948 MHz: .41% 3996 MHz:   0% 4044 MHz:   0% 4104 MHz: .05% 4416 MHz: .03% 4512 MHz:  13%)
CPU 11 idle residency:  58.84%
CPU 11 down residency:   0.00%
CPU 12 frequency: 3540 MHz
CPU 12 active residency:  38.11% (1260 MHz: .02% 1512 MHz: .41% 1800 MHz:   0% 2088 MHz: .00% 2352 MHz:   0% 2616 MHz: .58% 2868 MHz: 1.7% 3096 MHz:  20% 3300 MHz: 2.3% 3468 MHz: .41% 3624 MHz: .61% 3756 MHz:   0% 3828 MHz:   0% 3888 MHz:   0% 3948 MHz: .37% 3996 MHz:   0% 4044 MHz:   0% 4104 MHz: .07% 4416 MHz: .05% 4512 MHz:  12%)
CPU 12 idle residency:  61.89%
CPU 12 down residency:   0.00%
CPU 13 frequency: 3516 MHz
CPU 13 active residency:  42.48% (1260 MHz: .13% 1512 MHz: .74% 1800 MHz: .26% 2088 MHz: .34% 2352 MHz: .09% 2616 MHz: .89% 2868 MHz: 2.0% 3096 MHz:  20% 3300 MHz: 2.5% 3468 MHz: .82% 3624 MHz: .56% 3756 MHz:   0% 3828 MHz:   0% 3888 MHz:   0% 3948 MHz: .38% 3996 MHz:   0% 4044 MHz:   0% 4104 MHz: .06% 4416 MHz: .07% 4512 MHz:  14%)
CPU 13 idle residency:  57.52%
CPU 13 down residency:   0.00%
CPU 14 frequency: 3580 MHz
CPU 14 active residency:  38.48% (1260 MHz: .07% 1512 MHz: .41% 1800 MHz:   0% 2088 MHz: .02% 2352 MHz:   0% 2616 MHz: .48% 2868 MHz: 1.4% 3096 MHz:  19% 3300 MHz: 2.0% 3468 MHz: .79% 3624 MHz: .70% 3756 MHz:   0% 3828 MHz:   0% 3888 MHz:   0% 3948 MHz: .37% 3996 MHz:   0% 4044 MHz:   0% 4104 MHz: .06% 4416 MHz: .03% 4512 MHz:  13%)
CPU 14 idle residency:  61.52%
CPU 14 down residency:   0.00%
CPU 15 frequency: 3720 MHz
CPU 15 active residency:  46.73% (1260 MHz: .06% 1512 MHz: .41% 1800 MHz: .07% 2088 MHz: .00% 2352 MHz: .02% 2616 MHz: .49% 2868 MHz: 1.7% 3096 MHz:  19% 3300 MHz: 2.0% 3468 MHz: .84% 3624 MHz: .61% 3756 MHz:   0% 3828 MHz:   0% 3888 MHz:   0% 3948 MHz: .37% 3996 MHz:   0% 4044 MHz:   0% 4104 MHz: .04% 4416 MHz: .03% 4512 MHz:  21%)
CPU 15 idle residency:  53.27%
CPU 15 down residency:   0.00%

CPU Power: 13900 mW
GPU Power: 35168 mW
ANE Power: 0 mW
Combined Power (CPU + GPU + ANE): 49068 mW

**** GPU usage ****

GPU HW active frequency: 1578 MHz
GPU HW active residency:  99.94% (338 MHz: .02% 618 MHz:   0% 796 MHz:   0% 924 MHz:   0% 952 MHz:   0% 1056 MHz:   0% 1062 MHz:   0% 1182 MHz:   0% 1182 MHz:   0% 1312 MHz:   0% 1242 MHz:   0% 1380 MHz:   0% 1326 MHz:   0% 1470 MHz:   0% 1578 MHz: 100%)
GPU SW requested state: (P1 :   0% P2 :   0% P3 :   0% P4 :   0% P5 :   0% P6 :   0% P7 :   0% P8 :   0% P9 :   0% P10 : 100% P11 :   0% P12 :   0% P13 :   0% P14 :   0% P15 :   0%)
GPU SW state: (SW_P1 : .02% SW_P2 :   0% SW_P3 :   0% SW_P4 :   0% SW_P5 :   0% SW_P6 :   0% SW_P7 :   0% SW_P8 :   0% SW_P9 :   0% SW_P10 : 100% SW_P11 :   0% SW_P12 :   0% SW_P13 :   0% SW_P14 :   0% SW_P15 :   0%)
GPU idle residency:   0.06%
GPU Power: 35186 mW



*** Sampled system activity (Tue Jan 20 15:18:42 2026 +0100) (1020.43ms elapsed) ***


**** Processor usage ****

E-Cluster Online: 100%
E-Cluster HW active frequency: 2019 MHz
E-Cluster HW active residency: 100.00% (1020 MHz:  33% 1404 MHz: 2.0% 1788 MHz: 1.3% 2112 MHz: 1.8% 2352 MHz: 1.7% 2532 MHz: .01% 2592 MHz:  60%)
E-Cluster idle residency:   0.00%
E-Cluster down residency:   0.00%
CPU 0 frequency: 2305 MHz
CPU 0 active residency:  68.57% (1020 MHz:  10% 1404 MHz: 1.4% 1788 MHz: 1.3% 2112 MHz: 1.6% 2352 MHz: 1.6% 2532 MHz:   0% 2592 MHz:  53%)
CPU 0 idle residency:  31.43%
CPU 0 down residency:   0.00%
CPU 1 frequency: 2266 MHz
CPU 1 active residency:  72.21% (1020 MHz:  12% 1404 MHz: 1.8% 1788 MHz: 1.3% 2112 MHz: 1.7% 2352 MHz: 1.5% 2532 MHz:   0% 2592 MHz:  54%)
CPU 1 idle residency:  27.79%
CPU 1 down residency:   0.00%
CPU 2 frequency: 2284 MHz
CPU 2 active residency:  69.40% (1020 MHz:  11% 1404 MHz: 1.4% 1788 MHz: 1.3% 2112 MHz: 1.7% 2352 MHz: 1.6% 2532 MHz:   0% 2592 MHz:  52%)
CPU 2 idle residency:  30.60%
CPU 2 down residency:   0.00%
CPU 3 frequency: 2188 MHz
CPU 3 active residency:  76.66% (1020 MHz:  17% 1404 MHz: 1.7% 1788 MHz: 1.3% 2112 MHz: 1.5% 2352 MHz: 1.4% 2532 MHz:   0% 2592 MHz:  54%)
CPU 3 idle residency:  23.34%
CPU 3 down residency:   0.00%

P0-Cluster Online: 100%
P0-Cluster HW active frequency: 2951 MHz
P0-Cluster HW active residency:  56.99% (1260 MHz: 7.2% 1512 MHz:   0% 1800 MHz: .40% 2088 MHz: .17% 2352 MHz: .54% 2616 MHz: 1.3% 2868 MHz: 2.3% 3096 MHz:  31% 3300 MHz: 6.9% 3468 MHz: .88% 3624 MHz: .30% 3756 MHz:   0% 3828 MHz:   0% 3888 MHz: 2.1% 3948 MHz: .10% 3996 MHz: .27% 4044 MHz: 2.5% 4104 MHz:   0% 4416 MHz: .18% 4512 MHz: .46%)
P0-Cluster idle residency:  43.01%
P0-Cluster down residency:   0.00%
CPU 4 frequency: 3188 MHz
CPU 4 active residency:  41.10% (1260 MHz: .26% 1512 MHz:   0% 1800 MHz: .10% 2088 MHz:   0% 2352 MHz: .20% 2616 MHz: .12% 2868 MHz: 1.5% 3096 MHz:  30% 3300 MHz: 5.6% 3468 MHz: .85% 3624 MHz: .05% 3756 MHz:   0% 3828 MHz:   0% 3888 MHz:   0% 3948 MHz:   0% 3996 MHz:   0% 4044 MHz:   0% 4104 MHz:   0% 4416 MHz:   0% 4512 MHz: 2.4%)
CPU 4 idle residency:  58.90%
CPU 4 down residency:   0.00%
CPU 5 frequency: 3173 MHz
CPU 5 active residency:  43.43% (1260 MHz: .31% 1512 MHz:   0% 1800 MHz: .24% 2088 MHz: .01% 2352 MHz: .33% 2616 MHz: .87% 2868 MHz: 2.0% 3096 MHz:  30% 3300 MHz: 6.0% 3468 MHz: .85% 3624 MHz: .06% 3756 MHz:   0% 3828 MHz:   0% 3888 MHz:   0% 3948 MHz:   0% 3996 MHz:   0% 4044 MHz:   0% 4104 MHz:   0% 4416 MHz:   0% 4512 MHz: 2.6%)
CPU 5 idle residency:  56.57%
CPU 5 down residency:   0.00%
CPU 6 frequency: 3195 MHz
CPU 6 active residency:  44.20% (1260 MHz: .26% 1512 MHz:   0% 1800 MHz: .19% 2088 MHz: .17% 2352 MHz: .51% 2616 MHz: .53% 2868 MHz: 1.9% 3096 MHz:  30% 3300 MHz: 5.8% 3468 MHz: .85% 3624 MHz: .16% 3756 MHz:   0% 3828 MHz:   0% 3888 MHz:   0% 3948 MHz:   0% 3996 MHz:   0% 4044 MHz:   0% 4104 MHz:   0% 4416 MHz:   0% 4512 MHz: 3.4%)
CPU 6 idle residency:  55.80%
CPU 6 down residency:   0.00%
CPU 7 frequency: 3189 MHz
CPU 7 active residency:  40.29% (1260 MHz: .22% 1512 MHz:   0% 1800 MHz:   0% 2088 MHz:   0% 2352 MHz: .01% 2616 MHz: .18% 2868 MHz: 1.4% 3096 MHz:  30% 3300 MHz: 5.8% 3468 MHz: .85% 3624 MHz: .05% 3756 MHz:   0% 3828 MHz:   0% 3888 MHz:   0% 3948 MHz:   0% 3996 MHz:   0% 4044 MHz:   0% 4104 MHz:   0% 4416 MHz:   0% 4512 MHz: 2.2%)
CPU 7 idle residency:  59.71%
CPU 7 down residency:   0.00%
CPU 8 frequency: 3186 MHz
CPU 8 active residency:  40.02% (1260 MHz: .22% 1512 MHz:   0% 1800 MHz: .17% 2088 MHz:   0% 2352 MHz:   0% 2616 MHz: .00% 2868 MHz: 1.4% 3096 MHz:  30% 3300 MHz: 5.7% 3468 MHz: .85% 3624 MHz: .05% 3756 MHz:   0% 3828 MHz:   0% 3888 MHz:   0% 3948 MHz:   0% 3996 MHz:   0% 4044 MHz:   0% 4104 MHz:   0% 4416 MHz:   0% 4512 MHz: 2.1%)
CPU 8 idle residency:  59.98%
CPU 8 down residency:   0.00%
CPU 9 frequency: 3248 MHz
CPU 9 active residency:  41.30% (1260 MHz: .20% 1512 MHz:   0% 1800 MHz:   0% 2088 MHz:   0% 2352 MHz:   0% 2616 MHz:   0% 2868 MHz: 1.4% 3096 MHz:  29% 3300 MHz: 5.6% 3468 MHz: .85% 3624 MHz: .05% 3756 MHz:   0% 3828 MHz:   0% 3888 MHz:   0% 3948 MHz:   0% 3996 MHz:   0% 4044 MHz:   0% 4104 MHz:   0% 4416 MHz:   0% 4512 MHz: 3.9%)
CPU 9 idle residency:  58.70%
CPU 9 down residency:   0.00%

P1-Cluster HW active frequency: 3182 MHz
P1-Cluster HW active residency:  83.15% (1260 MHz:  11% 1512 MHz: .79% 1800 MHz: .49% 2088 MHz: .58% 2352 MHz: .06% 2616 MHz: .96% 2868 MHz: 1.6% 3096 MHz:  28% 3300 MHz: 5.6% 3468 MHz: .41% 3624 MHz: .43% 3756 MHz: .44% 3828 MHz:   0% 3888 MHz:  11% 3948 MHz: 2.3% 3996 MHz: 5.3% 4044 MHz:  13% 4104 MHz:   0% 4416 MHz: .05% 4512 MHz: 1.1%)
P1-Cluster idle residency:  16.85%
P1-Cluster down residency:   0.00%
CPU 10 frequency: 3626 MHz
CPU 10 active residency:  41.03% (1260 MHz: .06% 1512 MHz:   0% 1800 MHz:   0% 2088 MHz: .08% 2352 MHz:   0% 2616 MHz:   0% 2868 MHz: 1.1% 3096 MHz:  21% 3300 MHz: 2.9% 3468 MHz: .22% 3624 MHz: .21% 3756 MHz:   0% 3828 MHz:   0% 3888 MHz:   0% 3948 MHz: .28% 3996 MHz:   0% 4044 MHz:   0% 4104 MHz: .13% 4416 MHz:   0% 4512 MHz:  15%)
CPU 10 idle residency:  58.97%
CPU 10 down residency:   0.00%
CPU 11 frequency: 3538 MHz
CPU 11 active residency:  46.01% (1260 MHz: .09% 1512 MHz: .48% 1800 MHz: .39% 2088 MHz: .51% 2352 MHz: .00% 2616 MHz: .06% 2868 MHz: 1.0% 3096 MHz:  24% 3300 MHz: 3.1% 3468 MHz: .24% 3624 MHz: .28% 3756 MHz: .05% 3828 MHz:   0% 3888 MHz:   0% 3948 MHz: .31% 3996 MHz:   0% 4044 MHz:   0% 4104 MHz: .36% 4416 MHz: .09% 4512 MHz:  15%)
CPU 11 idle residency:  53.99%
CPU 11 down residency:   0.00%
CPU 12 frequency: 3567 MHz
CPU 12 active residency:  39.15% (1260 MHz: .04% 1512 MHz:   0% 1800 MHz:   0% 2088 MHz:   0% 2352 MHz:   0% 2616 MHz:   0% 2868 MHz: 1.2% 3096 MHz:  22% 3300 MHz: 2.7% 3468 MHz: .22% 3624 MHz: .21% 3756 MHz:   0% 3828 MHz:   0% 3888 MHz:   0% 3948 MHz: .28% 3996 MHz:   0% 4044 MHz:   0% 4104 MHz: .15% 4416 MHz:   0% 4512 MHz:  12%)
CPU 12 idle residency:  60.85%
CPU 12 down residency:   0.00%
CPU 13 frequency: 3748 MHz
CPU 13 active residency:  53.64% (1260 MHz: .07% 1512 MHz: .00% 1800 MHz: .00% 2088 MHz:   0% 2352 MHz:   0% 2616 MHz:   0% 2868 MHz: 1.3% 3096 MHz:  24% 3300 MHz: 2.8% 3468 MHz: .41% 3624 MHz: .43% 3756 MHz: .44% 3828 MHz:   0% 3888 MHz:   0% 3948 MHz: .40% 3996 MHz:   0% 4044 MHz:   0% 4104 MHz: .40% 4416 MHz: .44% 4512 MHz:  23%)
CPU 13 idle residency:  46.36%
CPU 13 down residency:   0.00%
CPU 14 frequency: 3611 MHz
CPU 14 active residency:  44.22% (1260 MHz: .12% 1512 MHz: .11% 1800 MHz: .03% 2088 MHz: .00% 2352 MHz: .06% 2616 MHz: .94% 2868 MHz: 1.2% 3096 MHz:  21% 3300 MHz: 3.8% 3468 MHz: .28% 3624 MHz: .24% 3756 MHz:   0% 3828 MHz:   0% 3888 MHz:   0% 3948 MHz: .29% 3996 MHz:   0% 4044 MHz:   0% 4104 MHz: .15% 4416 MHz:   0% 4512 MHz:  16%)
CPU 14 idle residency:  55.78%
CPU 14 down residency:   0.00%
CPU 15 frequency: 3440 MHz
CPU 15 active residency:  42.97% (1260 MHz: 1.4% 1512 MHz: .42% 1800 MHz: .00% 2088 MHz: .58% 2352 MHz:   0% 2616 MHz: .44% 2868 MHz: 1.2% 3096 MHz:  22% 3300 MHz: 3.8% 3468 MHz: .22% 3624 MHz: .21% 3756 MHz:   0% 3828 MHz:   0% 3888 MHz:   0% 3948 MHz: .32% 3996 MHz:   0% 4044 MHz:   0% 4104 MHz: .14% 4416 MHz:   0% 4512 MHz:  12%)
CPU 15 idle residency:  57.03%
CPU 15 down residency:   0.00%

CPU Power: 14727 mW
GPU Power: 35728 mW
ANE Power: 0 mW
Combined Power (CPU + GPU + ANE): 50455 mW

**** GPU usage ****

GPU HW active frequency: 1578 MHz
GPU HW active residency:  99.95% (338 MHz: .02% 618 MHz:   0% 796 MHz:   0% 924 MHz:   0% 952 MHz:   0% 1056 MHz:   0% 1062 MHz:   0% 1182 MHz:   0% 1182 MHz:   0% 1312 MHz:   0% 1242 MHz:   0% 1380 MHz:   0% 1326 MHz:   0% 1470 MHz:   0% 1578 MHz: 100%)
GPU SW requested state: (P1 :   0% P2 :   0% P3 :   0% P4 :   0% P5 :   0% P6 :   0% P7 :   0% P8 :   0% P9 :   0% P10 : 100% P11 :   0% P12 :   0% P13 :   0% P14 :   0% P15 :   0%)
GPU SW state: (SW_P1 : .02% SW_P2 :   0% SW_P3 :   0% SW_P4 :   0% SW_P5 :   0% SW_P6 :   0% SW_P7 :   0% SW_P8 :   0% SW_P9 :   0% SW_P10 : 100% SW_P11 :   0% SW_P12 :   0% SW_P13 :   0% SW_P14 :   0% SW_P15 :   0%)
GPU idle residency:   0.05%
GPU Power: 35732 mW



*** Sampled system activity (Tue Jan 20 15:18:43 2026 +0100) (1018.12ms elapsed) ***


**** Processor usage ****

E-Cluster Online: 100%
E-Cluster HW active frequency: 2592 MHz
E-Cluster HW active residency: 100.00% (1020 MHz:   0% 1404 MHz:   0% 1788 MHz: .05% 2112 MHz:   0% 2352 MHz:   0% 2532 MHz: .01% 2592 MHz: 100%)
E-Cluster idle residency:   0.00%
E-Cluster down residency:   0.00%
CPU 0 frequency: 2592 MHz
CPU 0 active residency:  98.21% (1020 MHz:   0% 1404 MHz:   0% 1788 MHz: .05% 2112 MHz:   0% 2352 MHz:   0% 2532 MHz:   0% 2592 MHz:  98%)
CPU 0 idle residency:   1.79%
CPU 0 down residency:   0.00%
CPU 1 frequency: 2592 MHz
CPU 1 active residency:  98.00% (1020 MHz:   0% 1404 MHz:   0% 1788 MHz: .05% 2112 MHz:   0% 2352 MHz:   0% 2532 MHz:   0% 2592 MHz:  98%)
CPU 1 idle residency:   2.00%
CPU 1 down residency:   0.00%
CPU 2 frequency: 2592 MHz
CPU 2 active residency:  98.39% (1020 MHz:   0% 1404 MHz:   0% 1788 MHz: .05% 2112 MHz:   0% 2352 MHz:   0% 2532 MHz:   0% 2592 MHz:  98%)
CPU 2 idle residency:   1.61%
CPU 2 down residency:   0.00%
CPU 3 frequency: 2592 MHz
CPU 3 active residency:  98.12% (1020 MHz:   0% 1404 MHz:   0% 1788 MHz: .05% 2112 MHz:   0% 2352 MHz:   0% 2532 MHz:   0% 2592 MHz:  98%)
CPU 3 idle residency:   1.88%
CPU 3 down residency:   0.00%

P0-Cluster Online: 100%
P0-Cluster HW active frequency: 2924 MHz
P0-Cluster HW active residency:  46.33% (1260 MHz: 5.2% 1512 MHz:   0% 1800 MHz: .11% 2088 MHz:   0% 2352 MHz:   0% 2616 MHz: .03% 2868 MHz: .01% 3096 MHz:  35% 3300 MHz: 4.2% 3468 MHz: .82% 3624 MHz: .33% 3756 MHz:   0% 3828 MHz:   0% 3888 MHz: .28% 3948 MHz: .00% 3996 MHz:   0% 4044 MHz: .02% 4104 MHz:   0% 4416 MHz:   0% 4512 MHz: .10%)
P0-Cluster idle residency:  53.67%
P0-Cluster down residency:   0.00%
CPU 4 frequency: 3127 MHz
CPU 4 active residency:  40.07% (1260 MHz: .22% 1512 MHz:   0% 1800 MHz:   0% 2088 MHz:   0% 2352 MHz:   0% 2616 MHz:   0% 2868 MHz: .01% 3096 MHz:  35% 3300 MHz: 4.0% 3468 MHz: .78% 3624 MHz: .23% 3756 MHz:   0% 3828 MHz:   0% 3888 MHz:   0% 3948 MHz:   0% 3996 MHz:   0% 4044 MHz:   0% 4104 MHz:   0% 4416 MHz:   0% 4512 MHz: .28%)
CPU 4 idle residency:  59.93%
CPU 4 down residency:   0.00%
CPU 5 frequency: 3126 MHz
CPU 5 active residency:  40.08% (1260 MHz: .23% 1512 MHz:   0% 1800 MHz:   0% 2088 MHz:   0% 2352 MHz:   0% 2616 MHz: .00% 2868 MHz: .01% 3096 MHz:  35% 3300 MHz: 4.0% 3468 MHz: .78% 3624 MHz: .23% 3756 MHz:   0% 3828 MHz:   0% 3888 MHz:   0% 3948 MHz:   0% 3996 MHz:   0% 4044 MHz:   0% 4104 MHz:   0% 4416 MHz:   0% 4512 MHz: .28%)
CPU 5 idle residency:  59.92%
CPU 5 down residency:   0.00%
CPU 6 frequency: 3125 MHz
CPU 6 active residency:  40.09% (1260 MHz: .24% 1512 MHz:   0% 1800 MHz:   0% 2088 MHz:   0% 2352 MHz:   0% 2616 MHz:   0% 2868 MHz: .01% 3096 MHz:  35% 3300 MHz: 4.0% 3468 MHz: .78% 3624 MHz: .23% 3756 MHz:   0% 3828 MHz:   0% 3888 MHz:   0% 3948 MHz:   0% 3996 MHz:   0% 4044 MHz:   0% 4104 MHz:   0% 4416 MHz:   0% 4512 MHz: .28%)
CPU 6 idle residency:  59.91%
CPU 6 down residency:   0.00%
CPU 7 frequency: 3127 MHz
CPU 7 active residency:  40.07% (1260 MHz: .21% 1512 MHz:   0% 1800 MHz:   0% 2088 MHz:   0% 2352 MHz:   0% 2616 MHz:   0% 2868 MHz: .00% 3096 MHz:  35% 3300 MHz: 4.0% 3468 MHz: .78% 3624 MHz: .23% 3756 MHz:   0% 3828 MHz:   0% 3888 MHz:   0% 3948 MHz:   0% 3996 MHz:   0% 4044 MHz:   0% 4104 MHz:   0% 4416 MHz:   0% 4512 MHz: .30%)
CPU 7 idle residency:  59.93%
CPU 7 down residency:   0.00%
CPU 8 frequency: 3127 MHz
CPU 8 active residency:  40.04% (1260 MHz: .21% 1512 MHz:   0% 1800 MHz:   0% 2088 MHz:   0% 2352 MHz:   0% 2616 MHz:   0% 2868 MHz: .00% 3096 MHz:  35% 3300 MHz: 4.0% 3468 MHz: .78% 3624 MHz: .23% 3756 MHz:   0% 3828 MHz:   0% 3888 MHz:   0% 3948 MHz:   0% 3996 MHz:   0% 4044 MHz:   0% 4104 MHz:   0% 4416 MHz:   0% 4512 MHz: .28%)
CPU 8 idle residency:  59.96%
CPU 8 down residency:   0.00%
CPU 9 frequency: 3128 MHz
CPU 9 active residency:  40.00% (1260 MHz: .20% 1512 MHz:   0% 1800 MHz:   0% 2088 MHz:   0% 2352 MHz:   0% 2616 MHz:   0% 2868 MHz: .00% 3096 MHz:  35% 3300 MHz: 4.0% 3468 MHz: .78% 3624 MHz: .23% 3756 MHz:   0% 3828 MHz:   0% 3888 MHz:   0% 3948 MHz:   0% 3996 MHz:   0% 4044 MHz:   0% 4104 MHz:   0% 4416 MHz:   0% 4512 MHz: .28%)
CPU 9 idle residency:  60.00%
CPU 9 down residency:   0.00%

P1-Cluster HW active frequency: 3240 MHz
P1-Cluster HW active residency:  90.23% (1260 MHz: 8.1% 1512 MHz: .55% 1800 MHz: 1.8% 2088 MHz: .60% 2352 MHz: .21% 2616 MHz: 1.1% 2868 MHz: .11% 3096 MHz:  33% 3300 MHz: 8.2% 3468 MHz: 2.7% 3624 MHz: .42% 3756 MHz:   0% 3828 MHz: .21% 3888 MHz:  11% 3948 MHz: 1.9% 3996 MHz: 7.1% 4044 MHz:  12% 4104 MHz: .09% 4416 MHz: .12% 4512 MHz: .57%)
P1-Cluster idle residency:   9.77%
P1-Cluster down residency:   0.00%
CPU 10 frequency: 3579 MHz
CPU 10 active residency:  37.99% (1260 MHz: .01% 1512 MHz: .01% 1800 MHz: .03% 2088 MHz:   0% 2352 MHz:   0% 2616 MHz: .20% 2868 MHz:   0% 3096 MHz:  20% 3300 MHz: 4.1% 3468 MHz: 1.1% 3624 MHz:   0% 3756 MHz:   0% 3828 MHz: .09% 3888 MHz:   0% 3948 MHz:   0% 3996 MHz:   0% 4044 MHz:   0% 4104 MHz:   0% 4416 MHz: .39% 4512 MHz:  12%)
CPU 10 idle residency:  62.01%
CPU 10 down residency:   0.00%
CPU 11 frequency: 3711 MHz
CPU 11 active residency:  47.28% (1260 MHz: .04% 1512 MHz: .03% 1800 MHz: .37% 2088 MHz: .06% 2352 MHz: .21% 2616 MHz: .08% 2868 MHz:   0% 3096 MHz:  21% 3300 MHz: 4.5% 3468 MHz: 1.2% 3624 MHz:   0% 3756 MHz:   0% 3828 MHz: .09% 3888 MHz:   0% 3948 MHz:   0% 3996 MHz:   0% 4044 MHz:   0% 4104 MHz:   0% 4416 MHz: .40% 4512 MHz:  20%)
CPU 11 idle residency:  52.72%
CPU 11 down residency:   0.00%
CPU 12 frequency: 3635 MHz
CPU 12 active residency:  44.93% (1260 MHz: .17% 1512 MHz: .01% 1800 MHz: .45% 2088 MHz: .06% 2352 MHz:   0% 2616 MHz: .22% 2868 MHz: .01% 3096 MHz:  21% 3300 MHz: 4.4% 3468 MHz: 1.3% 3624 MHz: .01% 3756 MHz:   0% 3828 MHz: .13% 3888 MHz:   0% 3948 MHz:   0% 3996 MHz: .01% 4044 MHz:   0% 4104 MHz: .05% 4416 MHz: .43% 4512 MHz:  16%)
CPU 12 idle residency:  55.07%
CPU 12 down residency:   0.00%
CPU 13 frequency: 3581 MHz
CPU 13 active residency:  38.39% (1260 MHz: .04% 1512 MHz:   0% 1800 MHz: .01% 2088 MHz:   0% 2352 MHz:   0% 2616 MHz: .02% 2868 MHz:   0% 3096 MHz:  21% 3300 MHz: 3.8% 3468 MHz: 1.2% 3624 MHz:   0% 3756 MHz:   0% 3828 MHz: .09% 3888 MHz:   0% 3948 MHz:   0% 3996 MHz:   0% 4044 MHz:   0% 4104 MHz:   0% 4416 MHz: .39% 4512 MHz:  12%)
CPU 13 idle residency:  61.61%
CPU 13 down residency:   0.00%
CPU 14 frequency: 3658 MHz
CPU 14 active residency:  47.38% (1260 MHz: .12% 1512 MHz:   0% 1800 MHz: .07% 2088 MHz: .06% 2352 MHz: .04% 2616 MHz: .81% 2868 MHz: .09% 3096 MHz:  21% 3300 MHz: 4.8% 3468 MHz: 1.4% 3624 MHz:   0% 3756 MHz:   0% 3828 MHz: .09% 3888 MHz:   0% 3948 MHz:   0% 3996 MHz: .05% 4044 MHz:   0% 4104 MHz: .42% 4416 MHz: .43% 4512 MHz:  18%)
CPU 14 idle residency:  52.62%
CPU 14 down residency:   0.00%
CPU 15 frequency: 3606 MHz
CPU 15 active residency:  51.44% (1260 MHz: .11% 1512 MHz: .51% 1800 MHz: .88% 2088 MHz: .47% 2352 MHz:   0% 2616 MHz: .56% 2868 MHz: .00% 3096 MHz:  23% 3300 MHz: 4.8% 3468 MHz: 1.6% 3624 MHz: .42% 3756 MHz:   0% 3828 MHz: .20% 3888 MHz:   0% 3948 MHz:   0% 3996 MHz:   0% 4044 MHz:   0% 4104 MHz: .01% 4416 MHz: .40% 4512 MHz:  19%)
CPU 15 idle residency:  48.56%
CPU 15 down residency:   0.00%

CPU Power: 14706 mW
GPU Power: 35814 mW
ANE Power: 0 mW
Combined Power (CPU + GPU + ANE): 50520 mW

**** GPU usage ****

GPU HW active frequency: 1578 MHz
GPU HW active residency:  99.94% (338 MHz: .02% 618 MHz:   0% 796 MHz:   0% 924 MHz:   0% 952 MHz:   0% 1056 MHz:   0% 1062 MHz:   0% 1182 MHz:   0% 1182 MHz:   0% 1312 MHz:   0% 1242 MHz:   0% 1380 MHz:   0% 1326 MHz:   0% 1470 MHz:   0% 1578 MHz: 100%)
GPU SW requested state: (P1 :   0% P2 :   0% P3 :   0% P4 :   0% P5 :   0% P6 :   0% P7 :   0% P8 :   0% P9 :   0% P10 : 100% P11 :   0% P12 :   0% P13 :   0% P14 :   0% P15 :   0%)
GPU SW state: (SW_P1 : .02% SW_P2 :   0% SW_P3 :   0% SW_P4 :   0% SW_P5 :   0% SW_P6 :   0% SW_P7 :   0% SW_P8 :   0% SW_P9 :   0% SW_P10 : 100% SW_P11 :   0% SW_P12 :   0% SW_P13 :   0% SW_P14 :   0% SW_P15 :   0%)
GPU idle residency:   0.06%
GPU Power: 35799 mW



*** Sampled system activity (Tue Jan 20 15:18:44 2026 +0100) (1020.49ms elapsed) ***


**** Processor usage ****

E-Cluster Online: 100%
E-Cluster HW active frequency: 2591 MHz
E-Cluster HW active residency: 100.00% (1020 MHz: .00% 1404 MHz: .05% 1788 MHz:   0% 2112 MHz: .00% 2352 MHz: .01% 2532 MHz: .01% 2592 MHz: 100%)
E-Cluster idle residency:   0.00%
E-Cluster down residency:   0.00%
CPU 0 frequency: 2591 MHz
CPU 0 active residency:  85.91% (1020 MHz: .01% 1404 MHz: .05% 1788 MHz:   0% 2112 MHz: .00% 2352 MHz: .01% 2532 MHz:   0% 2592 MHz:  86%)
CPU 0 idle residency:  14.09%
CPU 0 down residency:   0.00%
CPU 1 frequency: 2591 MHz
CPU 1 active residency:  75.36% (1020 MHz: .01% 1404 MHz: .05% 1788 MHz:   0% 2112 MHz: .00% 2352 MHz: .01% 2532 MHz:   0% 2592 MHz:  75%)
CPU 1 idle residency:  24.64%
CPU 1 down residency:   0.00%
CPU 2 frequency: 2591 MHz
CPU 2 active residency:  67.23% (1020 MHz: .01% 1404 MHz: .05% 1788 MHz:   0% 2112 MHz: .00% 2352 MHz: .01% 2532 MHz:   0% 2592 MHz:  67%)
CPU 2 idle residency:  32.77%
CPU 2 down residency:   0.00%
CPU 3 frequency: 2591 MHz
CPU 3 active residency:  61.77% (1020 MHz: .01% 1404 MHz: .05% 1788 MHz:   0% 2112 MHz: .00% 2352 MHz: .01% 2532 MHz:   0% 2592 MHz:  62%)
CPU 3 idle residency:  38.23%
CPU 3 down residency:   0.00%

P0-Cluster Online: 100%
P0-Cluster HW active frequency: 3245 MHz
P0-Cluster HW active residency:  57.34% (1260 MHz: 3.5% 1512 MHz:   0% 1800 MHz:   0% 2088 MHz:   0% 2352 MHz:   0% 2616 MHz:   0% 2868 MHz:   0% 3096 MHz:  32% 3300 MHz: 3.9% 3468 MHz: 1.3% 3624 MHz: 1.4% 3756 MHz:   0% 3828 MHz: .43% 3888 MHz: 5.4% 3948 MHz: 3.6% 3996 MHz: 3.9% 4044 MHz: 1.9% 4104 MHz:   0% 4416 MHz: .01% 4512 MHz:   0%)
P0-Cluster idle residency:  42.66%
P0-Cluster down residency:   0.00%
CPU 4 frequency: 3320 MHz
CPU 4 active residency:  41.56% (1260 MHz: .16% 1512 MHz:   0% 1800 MHz:   0% 2088 MHz:   0% 2352 MHz:   0% 2616 MHz:   0% 2868 MHz:   0% 3096 MHz:  31% 3300 MHz: 2.3% 3468 MHz: 1.2% 3624 MHz: .28% 3756 MHz:   0% 3828 MHz: .22% 3888 MHz:   0% 3948 MHz:   0% 3996 MHz: .22% 4044 MHz:   0% 4104 MHz:   0% 4416 MHz: .29% 4512 MHz: 5.5%)
CPU 4 idle residency:  58.44%
CPU 4 down residency:   0.00%
CPU 5 frequency: 3428 MHz
CPU 5 active residency:  48.26% (1260 MHz: .17% 1512 MHz:   0% 1800 MHz:   0% 2088 MHz:   0% 2352 MHz:   0% 2616 MHz:   0% 2868 MHz:   0% 3096 MHz:  31% 3300 MHz: 3.5% 3468 MHz: 1.3% 3624 MHz: .99% 3756 MHz:   0% 3828 MHz: .43% 3888 MHz:   0% 3948 MHz:   0% 3996 MHz: .43% 4044 MHz:   0% 4104 MHz: .43% 4416 MHz: .43% 4512 MHz: 9.1%)
CPU 5 idle residency:  51.74%
CPU 5 down residency:   0.00%
CPU 6 frequency: 3470 MHz
CPU 6 active residency:  49.78% (1260 MHz: .18% 1512 MHz:   0% 1800 MHz:   0% 2088 MHz:   0% 2352 MHz:   0% 2616 MHz:   0% 2868 MHz:   0% 3096 MHz:  31% 3300 MHz: 3.4% 3468 MHz: 1.3% 3624 MHz: 1.1% 3756 MHz:   0% 3828 MHz: .29% 3888 MHz:   0% 3948 MHz:   0% 3996 MHz: .24% 4044 MHz:   0% 4104 MHz:   0% 4416 MHz: .30% 4512 MHz:  12%)
CPU 6 idle residency:  50.22%
CPU 6 down residency:   0.00%
CPU 7 frequency: 3449 MHz
CPU 7 active residency:  46.75% (1260 MHz: .16% 1512 MHz:   0% 1800 MHz:   0% 2088 MHz:   0% 2352 MHz:   0% 2616 MHz:   0% 2868 MHz:   0% 3096 MHz:  31% 3300 MHz: 2.0% 3468 MHz: 1.2% 3624 MHz: .51% 3756 MHz:   0% 3828 MHz: .23% 3888 MHz:   0% 3948 MHz:   0% 3996 MHz: .41% 4044 MHz:   0% 4104 MHz: .41% 4416 MHz: .34% 4512 MHz:  10%)
CPU 7 idle residency:  53.25%
CPU 7 down residency:   0.00%
CPU 8 frequency: 3312 MHz
CPU 8 active residency:  40.74% (1260 MHz: .16% 1512 MHz:   0% 1800 MHz:   0% 2088 MHz:   0% 2352 MHz:   0% 2616 MHz:   0% 2868 MHz:   0% 3096 MHz:  31% 3300 MHz: 1.8% 3468 MHz: 1.1% 3624 MHz: .24% 3756 MHz:   0% 3828 MHz: .23% 3888 MHz:   0% 3948 MHz:   0% 3996 MHz: .18% 4044 MHz:   0% 4104 MHz:   0% 4416 MHz: .29% 4512 MHz: 5.3%)
CPU 8 idle residency:  59.26%
CPU 8 down residency:   0.00%
CPU 9 frequency: 3372 MHz
CPU 9 active residency:  43.11% (1260 MHz: .15% 1512 MHz:   0% 1800 MHz:   0% 2088 MHz:   0% 2352 MHz:   0% 2616 MHz:   0% 2868 MHz:   0% 3096 MHz:  31% 3300 MHz: 1.9% 3468 MHz: 1.2% 3624 MHz: .32% 3756 MHz:   0% 3828 MHz: .23% 3888 MHz:   0% 3948 MHz:   0% 3996 MHz: .18% 4044 MHz:   0% 4104 MHz:   0% 4416 MHz: .29% 4512 MHz: 7.4%)
CPU 9 idle residency:  56.89%
CPU 9 down residency:   0.00%

P1-Cluster HW active frequency: 3231 MHz
P1-Cluster HW active residency:  84.52% (1260 MHz: 4.6% 1512 MHz: .03% 1800 MHz: .10% 2088 MHz: .38% 2352 MHz: .07% 2616 MHz:   0% 2868 MHz:   0% 3096 MHz:  51% 3300 MHz: 6.4% 3468 MHz: .18% 3624 MHz:   0% 3756 MHz:   0% 3828 MHz:   0% 3888 MHz: 7.8% 3948 MHz: 2.1% 3996 MHz: 4.7% 4044 MHz: 7.1% 4104 MHz:   0% 4416 MHz: .09% 4512 MHz: .04%)
P1-Cluster idle residency:  15.48%
P1-Cluster down residency:   0.00%
CPU 10 frequency: 3409 MHz
CPU 10 active residency:  49.00% (1260 MHz: .16% 1512 MHz: .03% 1800 MHz: .01% 2088 MHz: .11% 2352 MHz:   0% 2616 MHz:   0% 2868 MHz:   0% 3096 MHz:  35% 3300 MHz: 3.1% 3468 MHz: .23% 3624 MHz:   0% 3756 MHz:   0% 3828 MHz:   0% 3888 MHz:   0% 3948 MHz:   0% 3996 MHz:   0% 4044 MHz:   0% 4104 MHz:   0% 4416 MHz:   0% 4512 MHz:  11%)
CPU 10 idle residency:  51.00%
CPU 10 down residency:   0.00%
CPU 11 frequency: 3432 MHz
CPU 11 active residency:  36.98% (1260 MHz: .04% 1512 MHz:   0% 1800 MHz:   0% 2088 MHz:   0% 2352 MHz:   0% 2616 MHz:   0% 2868 MHz:   0% 3096 MHz:  26% 3300 MHz: 1.8% 3468 MHz: .23% 3624 MHz:   0% 3756 MHz:   0% 3828 MHz:   0% 3888 MHz:   0% 3948 MHz:   0% 3996 MHz:   0% 4044 MHz:   0% 4104 MHz:   0% 4416 MHz:   0% 4512 MHz: 8.5%)
CPU 11 idle residency:  63.02%
CPU 11 down residency:   0.00%
CPU 12 frequency: 3576 MHz
CPU 12 active residency:  56.77% (1260 MHz: .10% 1512 MHz:   0% 1800 MHz:   0% 2088 MHz: .15% 2352 MHz: .07% 2616 MHz:   0% 2868 MHz:   0% 3096 MHz:  34% 3300 MHz: 3.0% 3468 MHz: .23% 3624 MHz:   0% 3756 MHz:   0% 3828 MHz:   0% 3888 MHz:   0% 3948 MHz:   0% 3996 MHz:   0% 4044 MHz:   0% 4104 MHz:   0% 4416 MHz:   0% 4512 MHz:  19%)
CPU 12 idle residency:  43.23%
CPU 12 down residency:   0.00%
CPU 13 frequency: 3483 MHz
CPU 13 active residency:  40.46% (1260 MHz: .04% 1512 MHz:   0% 1800 MHz:   0% 2088 MHz:   0% 2352 MHz:   0% 2616 MHz:   0% 2868 MHz:   0% 3096 MHz:  28% 3300 MHz: 1.9% 3468 MHz: .23% 3624 MHz:   0% 3756 MHz:   0% 3828 MHz:   0% 3888 MHz:   0% 3948 MHz:   0% 3996 MHz:   0% 4044 MHz:   0% 4104 MHz:   0% 4416 MHz:   0% 4512 MHz:  11%)
CPU 13 idle residency:  59.54%
CPU 13 down residency:   0.00%
CPU 14 frequency: 3413 MHz
CPU 14 active residency:  39.17% (1260 MHz: .03% 1512 MHz:   0% 1800 MHz:   0% 2088 MHz:   0% 2352 MHz:   0% 2616 MHz:   0% 2868 MHz:   0% 3096 MHz:  29% 3300 MHz: 1.9% 3468 MHz: .23% 3624 MHz:   0% 3756 MHz:   0% 3828 MHz:   0% 3888 MHz:   0% 3948 MHz:   0% 3996 MHz:   0% 4044 MHz:   0% 4104 MHz:   0% 4416 MHz:   0% 4512 MHz: 8.5%)
CPU 14 idle residency:  60.83%
CPU 14 down residency:   0.00%
CPU 15 frequency: 3466 MHz
CPU 15 active residency:  47.66% (1260 MHz: .14% 1512 MHz: .00% 1800 MHz: .01% 2088 MHz: .05% 2352 MHz:   0% 2616 MHz:   0% 2868 MHz:   0% 3096 MHz:  32% 3300 MHz: 2.9% 3468 MHz: .23% 3624 MHz:   0% 3756 MHz:   0% 3828 MHz:   0% 3888 MHz:   0% 3948 MHz:   0% 3996 MHz:   0% 4044 MHz:   0% 4104 MHz:   0% 4416 MHz:   0% 4512 MHz:  12%)
CPU 15 idle residency:  52.34%
CPU 15 down residency:   0.00%

CPU Power: 14955 mW
GPU Power: 36214 mW
ANE Power: 0 mW
Combined Power (CPU + GPU + ANE): 51169 mW

**** GPU usage ****

GPU HW active frequency: 1578 MHz
GPU HW active residency: 100.00% (338 MHz:   0% 618 MHz:   0% 796 MHz:   0% 924 MHz:   0% 952 MHz:   0% 1056 MHz:   0% 1062 MHz:   0% 1182 MHz:   0% 1182 MHz:   0% 1312 MHz:   0% 1242 MHz:   0% 1380 MHz:   0% 1326 MHz:   0% 1470 MHz:   0% 1578 MHz: 100%)
GPU SW requested state: (P1 :   0% P2 :   0% P3 :   0% P4 :   0% P5 :   0% P6 :   0% P7 :   0% P8 :   0% P9 :   0% P10 : 100% P11 :   0% P12 :   0% P13 :   0% P14 :   0% P15 :   0%)
GPU SW state: (SW_P1 :   0% SW_P2 :   0% SW_P3 :   0% SW_P4 :   0% SW_P5 :   0% SW_P6 :   0% SW_P7 :   0% SW_P8 :   0% SW_P9 :   0% SW_P10 : 100% SW_P11 :   0% SW_P12 :   0% SW_P13 :   0% SW_P14 :   0% SW_P15 :   0%)
GPU idle residency:   0.00%
GPU Power: 35930 mW



*** Sampled system activity (Tue Jan 20 15:18:45 2026 +0100) (1018.79ms elapsed) ***


**** Processor usage ****

E-Cluster Online: 100%
E-Cluster HW active frequency: 2080 MHz
E-Cluster HW active residency:  77.77% (1020 MHz:  24% 1404 MHz: .62% 1788 MHz: 1.1% 2112 MHz: 1.5% 2352 MHz: 1.0% 2532 MHz: 2.9% 2592 MHz:  47%)
E-Cluster idle residency:  22.23%
E-Cluster down residency:   0.00%
CPU 0 frequency: 2125 MHz
CPU 0 active residency:  63.16% (1020 MHz:  18% 1404 MHz: .53% 1788 MHz: .64% 2112 MHz: 1.1% 2352 MHz: .78% 2532 MHz:   0% 2592 MHz:  43%)
CPU 0 idle residency:  36.84%
CPU 0 down residency:   0.00%
CPU 1 frequency: 2238 MHz
CPU 1 active residency:  52.77% (1020 MHz:  11% 1404 MHz: .24% 1788 MHz: .97% 2112 MHz: .85% 2352 MHz: .69% 2532 MHz:   0% 2592 MHz:  39%)
CPU 1 idle residency:  47.23%
CPU 1 down residency:   0.00%
CPU 2 frequency: 2290 MHz
CPU 2 active residency:  46.74% (1020 MHz: 8.2% 1404 MHz: .16% 1788 MHz: .45% 2112 MHz: .87% 2352 MHz: .73% 2532 MHz:   0% 2592 MHz:  36%)
CPU 2 idle residency:  53.26%
CPU 2 down residency:   0.00%
CPU 3 frequency: 2348 MHz
CPU 3 active residency:  40.80% (1020 MHz: 5.7% 1404 MHz: .15% 1788 MHz: .37% 2112 MHz: .61% 2352 MHz: .57% 2532 MHz:   0% 2592 MHz:  33%)
CPU 3 idle residency:  59.20%
CPU 3 down residency:   0.00%

P0-Cluster Online: 100%
P0-Cluster HW active frequency: 3201 MHz
P0-Cluster HW active residency:  62.27% (1260 MHz: 4.6% 1512 MHz: .03% 1800 MHz: .02% 2088 MHz: .47% 2352 MHz: .01% 2616 MHz: .27% 2868 MHz: 1.0% 3096 MHz:  36% 3300 MHz: 2.1% 3468 MHz: 1.0% 3624 MHz: .42% 3756 MHz:   0% 3828 MHz:   0% 3888 MHz: 5.7% 3948 MHz: .66% 3996 MHz: 1.8% 4044 MHz: 7.3% 4104 MHz:   0% 4416 MHz: .13% 4512 MHz: .70%)
P0-Cluster idle residency:  37.73%
P0-Cluster down residency:   0.00%
CPU 4 frequency: 3314 MHz
CPU 4 active residency:  41.84% (1260 MHz: .19% 1512 MHz: .02% 1800 MHz: .00% 2088 MHz: .32% 2352 MHz: .01% 2616 MHz: .04% 2868 MHz: .80% 3096 MHz:  32% 3300 MHz: 1.4% 3468 MHz: .55% 3624 MHz:   0% 3756 MHz:   0% 3828 MHz:   0% 3888 MHz:   0% 3948 MHz:   0% 3996 MHz:   0% 4044 MHz:   0% 4104 MHz:   0% 4416 MHz:   0% 4512 MHz: 6.7%)
CPU 4 idle residency:  58.16%
CPU 4 down residency:   0.00%
CPU 5 frequency: 3377 MHz
CPU 5 active residency:  42.06% (1260 MHz: .17% 1512 MHz:   0% 1800 MHz:   0% 2088 MHz: .00% 2352 MHz: .01% 2616 MHz: .02% 2868 MHz: .78% 3096 MHz:  31% 3300 MHz: 1.1% 3468 MHz: .58% 3624 MHz:   0% 3756 MHz:   0% 3828 MHz:   0% 3888 MHz:   0% 3948 MHz:   0% 3996 MHz:   0% 4044 MHz:   0% 4104 MHz:   0% 4416 MHz:   0% 4512 MHz: 8.4%)
CPU 5 idle residency:  57.94%
CPU 5 down residency:   0.00%
CPU 6 frequency: 3416 MHz
CPU 6 active residency:  44.33% (1260 MHz: .21% 1512 MHz:   0% 1800 MHz:   0% 2088 MHz:   0% 2352 MHz: .01% 2616 MHz: .00% 2868 MHz: .74% 3096 MHz:  31% 3300 MHz: 1.2% 3468 MHz: .97% 3624 MHz: .08% 3756 MHz:   0% 3828 MHz:   0% 3888 MHz:   0% 3948 MHz:   0% 3996 MHz:   0% 4044 MHz:   0% 4104 MHz:   0% 4416 MHz:   0% 4512 MHz: 9.9%)
CPU 6 idle residency:  55.67%
CPU 6 down residency:   0.00%
CPU 7 frequency: 3385 MHz
CPU 7 active residency:  44.59% (1260 MHz: .24% 1512 MHz: .02% 1800 MHz: .02% 2088 MHz: .26% 2352 MHz: .01% 2616 MHz: .07% 2868 MHz: .89% 3096 MHz:  31% 3300 MHz: 1.6% 3468 MHz: .64% 3624 MHz: .05% 3756 MHz:   0% 3828 MHz:   0% 3888 MHz:   0% 3948 MHz:   0% 3996 MHz:   0% 4044 MHz:   0% 4104 MHz:   0% 4416 MHz:   0% 4512 MHz: 9.4%)
CPU 7 idle residency:  55.41%
CPU 7 down residency:   0.00%
CPU 8 frequency: 3332 MHz
CPU 8 active residency:  39.36% (1260 MHz: .15% 1512 MHz:   0% 1800 MHz:   0% 2088 MHz:   0% 2352 MHz: .00% 2616 MHz: .00% 2868 MHz: .82% 3096 MHz:  30% 3300 MHz: 1.2% 3468 MHz: .50% 3624 MHz:   0% 3756 MHz:   0% 3828 MHz:   0% 3888 MHz:   0% 3948 MHz:   0% 3996 MHz:   0% 4044 MHz:   0% 4104 MHz:   0% 4416 MHz:   0% 4512 MHz: 6.6%)
CPU 8 idle residency:  60.64%
CPU 8 down residency:   0.00%
CPU 9 frequency: 3317 MHz
CPU 9 active residency:  41.74% (1260 MHz: .21% 1512 MHz: .01% 1800 MHz: .02% 2088 MHz: .07% 2352 MHz: .01% 2616 MHz: .07% 2868 MHz: .91% 3096 MHz:  32% 3300 MHz: 1.4% 3468 MHz: .58% 3624 MHz:   0% 3756 MHz:   0% 3828 MHz:   0% 3888 MHz:   0% 3948 MHz:   0% 3996 MHz:   0% 4044 MHz:   0% 4104 MHz:   0% 4416 MHz:   0% 4512 MHz: 6.7%)
CPU 9 idle residency:  58.26%
CPU 9 down residency:   0.00%

P1-Cluster HW active frequency: 3102 MHz
P1-Cluster HW active residency:  80.05% (1260 MHz: 7.7% 1512 MHz: 1.2% 1800 MHz: .53% 2088 MHz: 1.1% 2352 MHz: .44% 2616 MHz: .82% 2868 MHz: 1.3% 3096 MHz:  40% 3300 MHz: 5.3% 3468 MHz: 1.3% 3624 MHz:   0% 3756 MHz: .43% 3828 MHz:   0% 3888 MHz: 6.5% 3948 MHz: .91% 3996 MHz: 1.1% 4044 MHz:  11% 4104 MHz:   0% 4416 MHz: .01% 4512 MHz: .06%)
P1-Cluster idle residency:  19.95%
P1-Cluster down residency:   0.00%
CPU 10 frequency: 3478 MHz
CPU 10 active residency:  52.13% (1260 MHz: .16% 1512 MHz: .81% 1800 MHz: .16% 2088 MHz: .68% 2352 MHz: .10% 2616 MHz: .53% 2868 MHz: .87% 3096 MHz:  28% 3300 MHz: 4.1% 3468 MHz: 1.2% 3624 MHz:   0% 3756 MHz: .43% 3828 MHz:   0% 3888 MHz:   0% 3948 MHz: .43% 3996 MHz:   0% 4044 MHz:   0% 4104 MHz: .43% 4416 MHz: .43% 4512 MHz:  14%)
CPU 10 idle residency:  47.87%
CPU 10 down residency:   0.00%
CPU 11 frequency: 3349 MHz
CPU 11 active residency:  42.72% (1260 MHz: .08% 1512 MHz: .25% 1800 MHz: .00% 2088 MHz: .59% 2352 MHz: .32% 2616 MHz: .13% 2868 MHz: .84% 3096 MHz:  28% 3300 MHz: 3.9% 3468 MHz: .77% 3624 MHz:   0% 3756 MHz: .35% 3828 MHz:   0% 3888 MHz:   0% 3948 MHz: .11% 3996 MHz:   0% 4044 MHz:   0% 4104 MHz: .02% 4416 MHz: .39% 4512 MHz: 7.4%)
CPU 11 idle residency:  57.28%
CPU 11 down residency:   0.00%
CPU 12 frequency: 3363 MHz
CPU 12 active residency:  39.58% (1260 MHz: .08% 1512 MHz:   0% 1800 MHz:   0% 2088 MHz: .12% 2352 MHz: .00% 2616 MHz: .10% 2868 MHz: .71% 3096 MHz:  26% 3300 MHz: 4.2% 3468 MHz: .75% 3624 MHz:   0% 3756 MHz: .35% 3828 MHz:   0% 3888 MHz:   0% 3948 MHz: .10% 3996 MHz:   0% 4044 MHz:   0% 4104 MHz:   0% 4416 MHz: .40% 4512 MHz: 6.4%)
CPU 12 idle residency:  60.42%
CPU 12 down residency:   0.00%
CPU 13 frequency: 3338 MHz
CPU 13 active residency:  38.13% (1260 MHz: .04% 1512 MHz: .22% 1800 MHz: .37% 2088 MHz: .00% 2352 MHz: .00% 2616 MHz: .38% 2868 MHz: .84% 3096 MHz:  25% 3300 MHz: 3.7% 3468 MHz: .73% 3624 MHz:   0% 3756 MHz: .33% 3828 MHz:   0% 3888 MHz:   0% 3948 MHz: .09% 3996 MHz:   0% 4044 MHz:   0% 4104 MHz:   0% 4416 MHz: .42% 4512 MHz: 6.1%)
CPU 13 idle residency:  61.87%
CPU 13 down residency:   0.00%
CPU 14 frequency: 3468 MHz
CPU 14 active residency:  42.56% (1260 MHz: .04% 1512 MHz:   0% 1800 MHz:   0% 2088 MHz: .40% 2352 MHz: .09% 2616 MHz: .13% 2868 MHz: .69% 3096 MHz:  25% 3300 MHz: 3.7% 3468 MHz: .77% 3624 MHz:   0% 3756 MHz: .43% 3828 MHz:   0% 3888 MHz:   0% 3948 MHz: .09% 3996 MHz:   0% 4044 MHz:   0% 4104 MHz:   0% 4416 MHz: .39% 4512 MHz:  10%)
CPU 14 idle residency:  57.44%
CPU 14 down residency:   0.00%
CPU 15 frequency: 3367 MHz
CPU 15 active residency:  38.94% (1260 MHz: .06% 1512 MHz:   0% 1800 MHz:   0% 2088 MHz: .12% 2352 MHz: .07% 2616 MHz: .11% 2868 MHz: .70% 3096 MHz:  26% 3300 MHz: 3.6% 3468 MHz: .75% 3624 MHz:   0% 3756 MHz: .39% 3828 MHz:   0% 3888 MHz:   0% 3948 MHz: .11% 3996 MHz:   0% 4044 MHz:   0% 4104 MHz: .03% 4416 MHz: .41% 4512 MHz: 6.4%)
CPU 15 idle residency:  61.06%
CPU 15 down residency:   0.00%

CPU Power: 14074 mW
GPU Power: 37294 mW
ANE Power: 0 mW
Combined Power (CPU + GPU + ANE): 51368 mW

**** GPU usage ****

GPU HW active frequency: 1578 MHz
GPU HW active residency: 100.00% (338 MHz:   0% 618 MHz:   0% 796 MHz:   0% 924 MHz:   0% 952 MHz:   0% 1056 MHz:   0% 1062 MHz:   0% 1182 MHz:   0% 1182 MHz:   0% 1312 MHz:   0% 1242 MHz:   0% 1380 MHz:   0% 1326 MHz:   0% 1470 MHz:   0% 1578 MHz: 100%)
GPU SW requested state: (P1 :   0% P2 :   0% P3 :   0% P4 :   0% P5 :   0% P6 :   0% P7 :   0% P8 :   0% P9 :   0% P10 : 100% P11 :   0% P12 :   0% P13 :   0% P14 :   0% P15 :   0%)
GPU SW state: (SW_P1 :   0% SW_P2 :   0% SW_P3 :   0% SW_P4 :   0% SW_P5 :   0% SW_P6 :   0% SW_P7 :   0% SW_P8 :   0% SW_P9 :   0% SW_P10 : 100% SW_P11 :   0% SW_P12 :   0% SW_P13 :   0% SW_P14 :   0% SW_P15 :   0%)
GPU idle residency:   0.00%
GPU Power: 37589 mW



*** Sampled system activity (Tue Jan 20 15:18:46 2026 +0100) (1021.26ms elapsed) ***


**** Processor usage ****

E-Cluster Online: 100%
E-Cluster HW active frequency: 1598 MHz
E-Cluster HW active residency:  50.81% (1020 MHz:  28% 1404 MHz: 2.7% 1788 MHz: 1.7% 2112 MHz: 1.7% 2352 MHz: 1.7% 2532 MHz: .13% 2592 MHz:  14%)
E-Cluster idle residency:  49.19%
E-Cluster down residency:   0.00%
CPU 0 frequency: 1648 MHz
CPU 0 active residency:  34.13% (1020 MHz:  18% 1404 MHz: 1.4% 1788 MHz: .86% 2112 MHz: 1.3% 2352 MHz: 1.6% 2532 MHz: .08% 2592 MHz:  11%)
CPU 0 idle residency:  65.87%
CPU 0 down residency:   0.00%
CPU 1 frequency: 1605 MHz
CPU 1 active residency:  25.36% (1020 MHz:  14% 1404 MHz: 1.7% 1788 MHz: 1.2% 2112 MHz: .87% 2352 MHz: .62% 2532 MHz: .04% 2592 MHz: 7.3%)
CPU 1 idle residency:  74.64%
CPU 1 down residency:   0.00%
CPU 2 frequency: 1598 MHz
CPU 2 active residency:  14.63% (1020 MHz: 8.5% 1404 MHz: .44% 1788 MHz: .35% 2112 MHz: .52% 2352 MHz: .38% 2532 MHz: .03% 2592 MHz: 4.4%)
CPU 2 idle residency:  85.37%
CPU 2 down residency:   0.00%
CPU 3 frequency: 1596 MHz
CPU 3 active residency:  10.64% (1020 MHz: 6.3% 1404 MHz: .24% 1788 MHz: .19% 2112 MHz: .28% 2352 MHz: .24% 2532 MHz: .03% 2592 MHz: 3.3%)
CPU 3 idle residency:  89.36%
CPU 3 down residency:   0.00%

P0-Cluster Online: 100%
P0-Cluster HW active frequency: 2886 MHz
P0-Cluster HW active residency:  48.39% (1260 MHz: 6.3% 1512 MHz:   0% 1800 MHz:   0% 2088 MHz:   0% 2352 MHz:   0% 2616 MHz:   0% 2868 MHz: 1.6% 3096 MHz:  34% 3300 MHz: 4.8% 3468 MHz: 1.7% 3624 MHz: .14% 3756 MHz:   0% 3828 MHz:   0% 3888 MHz:   0% 3948 MHz: .00% 3996 MHz:   0% 4044 MHz:   0% 4104 MHz:   0% 4416 MHz: .01% 4512 MHz: .05%)
P0-Cluster idle residency:  51.61%
P0-Cluster down residency:   0.00%
CPU 4 frequency: 3107 MHz
CPU 4 active residency:  40.25% (1260 MHz: .26% 1512 MHz:   0% 1800 MHz:   0% 2088 MHz:   0% 2352 MHz:   0% 2616 MHz:   0% 2868 MHz: 1.6% 3096 MHz:  33% 3300 MHz: 4.0% 3468 MHz: 1.1% 3624 MHz: .11% 3756 MHz:   0% 3828 MHz:   0% 3888 MHz:   0% 3948 MHz:   0% 3996 MHz:   0% 4044 MHz:   0% 4104 MHz:   0% 4416 MHz:   0% 4512 MHz: .01%)
CPU 4 idle residency:  59.75%
CPU 4 down residency:   0.00%
CPU 5 frequency: 3102 MHz
CPU 5 active residency:  39.30% (1260 MHz: .26% 1512 MHz:   0% 1800 MHz:   0% 2088 MHz:   0% 2352 MHz:   0% 2616 MHz:   0% 2868 MHz: 1.6% 3096 MHz:  33% 3300 MHz: 3.1% 3468 MHz: 1.0% 3624 MHz: .11% 3756 MHz:   0% 3828 MHz:   0% 3888 MHz:   0% 3948 MHz:   0% 3996 MHz:   0% 4044 MHz:   0% 4104 MHz:   0% 4416 MHz:   0% 4512 MHz: .00%)
CPU 5 idle residency:  60.70%
CPU 5 down residency:   0.00%
CPU 6 frequency: 3102 MHz
CPU 6 active residency:  39.43% (1260 MHz: .27% 1512 MHz:   0% 1800 MHz:   0% 2088 MHz:   0% 2352 MHz:   0% 2616 MHz:   0% 2868 MHz: 1.6% 3096 MHz:  33% 3300 MHz: 3.0% 3468 MHz: 1.2% 3624 MHz: .11% 3756 MHz:   0% 3828 MHz:   0% 3888 MHz:   0% 3948 MHz:   0% 3996 MHz:   0% 4044 MHz:   0% 4104 MHz:   0% 4416 MHz:   0% 4512 MHz:   0%)
CPU 6 idle residency:  60.57%
CPU 6 down residency:   0.00%
CPU 7 frequency: 3107 MHz
CPU 7 active residency:  40.05% (1260 MHz: .27% 1512 MHz:   0% 1800 MHz:   0% 2088 MHz:   0% 2352 MHz:   0% 2616 MHz:   0% 2868 MHz: 1.6% 3096 MHz:  33% 3300 MHz: 3.7% 3468 MHz: 1.2% 3624 MHz: .11% 3756 MHz:   0% 3828 MHz:   0% 3888 MHz:   0% 3948 MHz:   0% 3996 MHz:   0% 4044 MHz:   0% 4104 MHz:   0% 4416 MHz:   0% 4512 MHz: .02%)
CPU 7 idle residency:  59.95%
CPU 7 down residency:   0.00%
CPU 8 frequency: 3110 MHz
CPU 8 active residency:  40.27% (1260 MHz: .23% 1512 MHz:   0% 1800 MHz:   0% 2088 MHz:   0% 2352 MHz:   0% 2616 MHz:   0% 2868 MHz: 1.6% 3096 MHz:  33% 3300 MHz: 3.9% 3468 MHz: 1.2% 3624 MHz: .11% 3756 MHz:   0% 3828 MHz:   0% 3888 MHz:   0% 3948 MHz:   0% 3996 MHz:   0% 4044 MHz:   0% 4104 MHz:   0% 4416 MHz:   0% 4512 MHz:   0%)
CPU 8 idle residency:  59.73%
CPU 8 down residency:   0.00%
CPU 9 frequency: 3113 MHz
CPU 9 active residency:  40.73% (1260 MHz: .23% 1512 MHz:   0% 1800 MHz:   0% 2088 MHz:   0% 2352 MHz:   0% 2616 MHz:   0% 2868 MHz: 1.6% 3096 MHz:  33% 3300 MHz: 4.3% 3468 MHz: 1.3% 3624 MHz: .11% 3756 MHz:   0% 3828 MHz:   0% 3888 MHz:   0% 3948 MHz:   0% 3996 MHz:   0% 4044 MHz:   0% 4104 MHz:   0% 4416 MHz:   0% 4512 MHz: .05%)
CPU 9 idle residency:  59.27%
CPU 9 down residency:   0.00%

P1-Cluster HW active frequency: 3293 MHz
P1-Cluster HW active residency:  80.14% (1260 MHz: 8.4% 1512 MHz: .22% 1800 MHz: .75% 2088 MHz: .71% 2352 MHz: .31% 2616 MHz: .88% 2868 MHz: .48% 3096 MHz:  25% 3300 MHz: 5.2% 3468 MHz: 2.1% 3624 MHz: .64% 3756 MHz: .43% 3828 MHz:   0% 3888 MHz:  12% 3948 MHz: 1.7% 3996 MHz: 1.9% 4044 MHz:  19% 4104 MHz:   0% 4416 MHz: .01% 4512 MHz: .51%)
P1-Cluster idle residency:  19.86%
P1-Cluster down residency:   0.00%
CPU 10 frequency: 3607 MHz
CPU 10 active residency:  36.66% (1260 MHz: .04% 1512 MHz:   0% 1800 MHz:   0% 2088 MHz:   0% 2352 MHz:   0% 2616 MHz: .40% 2868 MHz: .15% 3096 MHz:  18% 3300 MHz: 3.5% 3468 MHz: 1.3% 3624 MHz: .46% 3756 MHz: .03% 3828 MHz:   0% 3888 MHz:   0% 3948 MHz: .15% 3996 MHz:   0% 4044 MHz:   0% 4104 MHz: .23% 4416 MHz:   0% 4512 MHz:  12%)
CPU 10 idle residency:  63.34%
CPU 10 down residency:   0.00%
CPU 11 frequency: 3739 MHz
CPU 11 active residency:  50.07% (1260 MHz: .04% 1512 MHz:   0% 1800 MHz: .00% 2088 MHz: .05% 2352 MHz: .31% 2616 MHz: .38% 2868 MHz: .48% 3096 MHz:  20% 3300 MHz: 4.4% 3468 MHz: 1.4% 3624 MHz: .43% 3756 MHz: .43% 3828 MHz:   0% 3888 MHz:   0% 3948 MHz: .43% 3996 MHz:   0% 4044 MHz:   0% 4104 MHz: .43% 4416 MHz: .43% 4512 MHz:  21%)
CPU 11 idle residency:  49.93%
CPU 11 down residency:   0.00%
CPU 12 frequency: 3710 MHz
CPU 12 active residency:  41.53% (1260 MHz: .11% 1512 MHz:   0% 1800 MHz: .00% 2088 MHz: .00% 2352 MHz:   0% 2616 MHz: .02% 2868 MHz: .15% 3096 MHz:  18% 3300 MHz: 3.9% 3468 MHz: 1.3% 3624 MHz: .47% 3756 MHz: .07% 3828 MHz:   0% 3888 MHz:   0% 3948 MHz: .16% 3996 MHz:   0% 4044 MHz:   0% 4104 MHz: .26% 4416 MHz:   0% 4512 MHz:  17%)
CPU 12 idle residency:  58.47%
CPU 12 down residency:   0.00%
CPU 13 frequency: 3657 MHz
CPU 13 active residency:  43.33% (1260 MHz: .08% 1512 MHz: .22% 1800 MHz: .30% 2088 MHz: .59% 2352 MHz:   0% 2616 MHz: .13% 2868 MHz: .21% 3096 MHz:  18% 3300 MHz: 4.2% 3468 MHz: 1.6% 3624 MHz: .46% 3756 MHz: .12% 3828 MHz:   0% 3888 MHz:   0% 3948 MHz: .20% 3996 MHz:   0% 4044 MHz:   0% 4104 MHz: .26% 4416 MHz:   0% 4512 MHz:  17%)
CPU 13 idle residency:  56.67%
CPU 13 down residency:   0.00%
CPU 14 frequency: 3673 MHz
CPU 14 active residency:  37.93% (1260 MHz: .07% 1512 MHz: .00% 1800 MHz: .05% 2088 MHz: .01% 2352 MHz: .00% 2616 MHz: .00% 2868 MHz: .15% 3096 MHz:  17% 3300 MHz: 3.9% 3468 MHz: 1.4% 3624 MHz: .48% 3756 MHz: .05% 3828 MHz:   0% 3888 MHz:   0% 3948 MHz: .15% 3996 MHz:   0% 4044 MHz:   0% 4104 MHz: .23% 4416 MHz:   0% 4512 MHz:  14%)
CPU 14 idle residency:  62.07%
CPU 14 down residency:   0.00%
CPU 15 frequency: 3690 MHz
CPU 15 active residency:  40.95% (1260 MHz: .13% 1512 MHz: .00% 1800 MHz: .54% 2088 MHz: .03% 2352 MHz:   0% 2616 MHz: .00% 2868 MHz: .15% 3096 MHz:  17% 3300 MHz: 4.0% 3468 MHz: 1.3% 3624 MHz: .51% 3756 MHz: .04% 3828 MHz:   0% 3888 MHz:   0% 3948 MHz: .16% 3996 MHz:   0% 4044 MHz:   0% 4104 MHz: .23% 4416 MHz:   0% 4512 MHz:  16%)
CPU 15 idle residency:  59.05%
CPU 15 down residency:   0.00%

CPU Power: 13528 mW
GPU Power: 36023 mW
ANE Power: 0 mW
Combined Power (CPU + GPU + ANE): 49551 mW

**** GPU usage ****

GPU HW active frequency: 1578 MHz
GPU HW active residency: 100.00% (338 MHz:   0% 618 MHz:   0% 796 MHz:   0% 924 MHz:   0% 952 MHz:   0% 1056 MHz:   0% 1062 MHz:   0% 1182 MHz:   0% 1182 MHz:   0% 1312 MHz:   0% 1242 MHz:   0% 1380 MHz:   0% 1326 MHz:   0% 1470 MHz:   0% 1578 MHz: 100%)
GPU SW requested state: (P1 :   0% P2 :   0% P3 :   0% P4 :   0% P5 :   0% P6 :   0% P7 :   0% P8 :   0% P9 :   0% P10 : 100% P11 :   0% P12 :   0% P13 :   0% P14 :   0% P15 :   0%)
GPU SW state: (SW_P1 :   0% SW_P2 :   0% SW_P3 :   0% SW_P4 :   0% SW_P5 :   0% SW_P6 :   0% SW_P7 :   0% SW_P8 :   0% SW_P9 :   0% SW_P10 : 100% SW_P11 :   0% SW_P12 :   0% SW_P13 :   0% SW_P14 :   0% SW_P15 :   0%)
GPU idle residency:   0.00%
GPU Power: 36026 mW



*** Sampled system activity (Tue Jan 20 15:18:47 2026 +0100) (1020.54ms elapsed) ***


**** Processor usage ****

E-Cluster Online: 100%
E-Cluster HW active frequency: 1745 MHz
E-Cluster HW active residency:  51.23% (1020 MHz:  23% 1404 MHz: 3.2% 1788 MHz: 1.6% 2112 MHz: 2.1% 2352 MHz: 2.5% 2532 MHz: .13% 2592 MHz:  18%)
E-Cluster idle residency:  48.77%
E-Cluster down residency:   0.00%
CPU 0 frequency: 1780 MHz
CPU 0 active residency:  32.75% (1020 MHz:  14% 1404 MHz: 2.0% 1788 MHz: .93% 2112 MHz: 1.0% 2352 MHz: 1.8% 2532 MHz: .18% 2592 MHz:  12%)
CPU 0 idle residency:  67.25%
CPU 0 down residency:   0.00%
CPU 1 frequency: 1756 MHz
CPU 1 active residency:  24.97% (1020 MHz:  11% 1404 MHz: 1.6% 1788 MHz: 1.1% 2112 MHz: 1.1% 2352 MHz: 1.2% 2532 MHz: .08% 2592 MHz: 8.9%)
CPU 1 idle residency:  75.03%
CPU 1 down residency:   0.00%
CPU 2 frequency: 1773 MHz
CPU 2 active residency:  17.45% (1020 MHz: 7.0% 1404 MHz: 1.5% 1788 MHz: .76% 2112 MHz: 1.2% 2352 MHz: 1.1% 2532 MHz: .09% 2592 MHz: 5.8%)
CPU 2 idle residency:  82.55%
CPU 2 down residency:   0.00%
CPU 3 frequency: 1762 MHz
CPU 3 active residency:  12.28% (1020 MHz: 5.1% 1404 MHz: 1.3% 1788 MHz: .22% 2112 MHz: .52% 2352 MHz: .72% 2532 MHz: .08% 2592 MHz: 4.3%)
CPU 3 idle residency:  87.72%
CPU 3 down residency:   0.00%

P0-Cluster Online: 100%
P0-Cluster HW active frequency: 2939 MHz
P0-Cluster HW active residency:  45.83% (1260 MHz: 4.3% 1512 MHz:   0% 1800 MHz: .04% 2088 MHz:   0% 2352 MHz:   0% 2616 MHz:   0% 2868 MHz: 2.6% 3096 MHz:  34% 3300 MHz: 4.2% 3468 MHz: 1.1% 3624 MHz: .13% 3756 MHz:   0% 3828 MHz:   0% 3888 MHz:   0% 3948 MHz:   0% 3996 MHz:   0% 4044 MHz:   0% 4104 MHz:   0% 4416 MHz:   0% 4512 MHz:   0%)
P0-Cluster idle residency:  54.17%
P0-Cluster down residency:   0.00%
CPU 4 frequency: 3099 MHz
CPU 4 active residency:  40.86% (1260 MHz: .27% 1512 MHz:   0% 1800 MHz: .01% 2088 MHz:   0% 2352 MHz:   0% 2616 MHz:   0% 2868 MHz: 2.6% 3096 MHz:  33% 3300 MHz: 3.9% 3468 MHz: .96% 3624 MHz: .11% 3756 MHz:   0% 3828 MHz:   0% 3888 MHz:   0% 3948 MHz:   0% 3996 MHz:   0% 4044 MHz:   0% 4104 MHz:   0% 4416 MHz:   0% 4512 MHz:   0%)
CPU 4 idle residency:  59.14%
CPU 4 down residency:   0.00%
CPU 5 frequency: 3101 MHz
CPU 5 active residency:  40.16% (1260 MHz: .23% 1512 MHz:   0% 1800 MHz: .01% 2088 MHz:   0% 2352 MHz:   0% 2616 MHz:   0% 2868 MHz: 2.4% 3096 MHz:  33% 3300 MHz: 3.8% 3468 MHz: .96% 3624 MHz: .11% 3756 MHz:   0% 3828 MHz:   0% 3888 MHz:   0% 3948 MHz:   0% 3996 MHz:   0% 4044 MHz:   0% 4104 MHz:   0% 4416 MHz:   0% 4512 MHz:   0%)
CPU 5 idle residency:  59.84%
CPU 5 down residency:   0.00%
CPU 6 frequency: 3100 MHz
CPU 6 active residency:  40.34% (1260 MHz: .25% 1512 MHz:   0% 1800 MHz: .01% 2088 MHz:   0% 2352 MHz:   0% 2616 MHz:   0% 2868 MHz: 2.5% 3096 MHz:  33% 3300 MHz: 3.9% 3468 MHz: .96% 3624 MHz: .11% 3756 MHz:   0% 3828 MHz:   0% 3888 MHz:   0% 3948 MHz:   0% 3996 MHz:   0% 4044 MHz:   0% 4104 MHz:   0% 4416 MHz:   0% 4512 MHz:   0%)
CPU 6 idle residency:  59.66%
CPU 6 down residency:   0.00%
CPU 7 frequency: 3101 MHz
CPU 7 active residency:  40.30% (1260 MHz: .25% 1512 MHz:   0% 1800 MHz: .01% 2088 MHz:   0% 2352 MHz:   0% 2616 MHz:   0% 2868 MHz: 2.5% 3096 MHz:  33% 3300 MHz: 3.9% 3468 MHz: .96% 3624 MHz: .12% 3756 MHz:   0% 3828 MHz:   0% 3888 MHz:   0% 3948 MHz:   0% 3996 MHz:   0% 4044 MHz:   0% 4104 MHz:   0% 4416 MHz:   0% 4512 MHz:   0%)
CPU 7 idle residency:  59.70%
CPU 7 down residency:   0.00%
CPU 8 frequency: 3102 MHz
CPU 8 active residency:  40.08% (1260 MHz: .21% 1512 MHz:   0% 1800 MHz: .01% 2088 MHz:   0% 2352 MHz:   0% 2616 MHz:   0% 2868 MHz: 2.4% 3096 MHz:  33% 3300 MHz: 3.8% 3468 MHz: .96% 3624 MHz: .11% 3756 MHz:   0% 3828 MHz:   0% 3888 MHz:   0% 3948 MHz:   0% 3996 MHz:   0% 4044 MHz:   0% 4104 MHz:   0% 4416 MHz:   0% 4512 MHz:   0%)
CPU 8 idle residency:  59.92%
CPU 8 down residency:   0.00%
CPU 9 frequency: 3100 MHz
CPU 9 active residency:  40.18% (1260 MHz: .24% 1512 MHz:   0% 1800 MHz: .04% 2088 MHz:   0% 2352 MHz:   0% 2616 MHz:   0% 2868 MHz: 2.4% 3096 MHz:  33% 3300 MHz: 3.8% 3468 MHz: 1.0% 3624 MHz: .12% 3756 MHz:   0% 3828 MHz:   0% 3888 MHz:   0% 3948 MHz:   0% 3996 MHz:   0% 4044 MHz:   0% 4104 MHz:   0% 4416 MHz:   0% 4512 MHz:   0%)
CPU 9 idle residency:  59.82%
CPU 9 down residency:   0.00%

P1-Cluster HW active frequency: 3226 MHz
P1-Cluster HW active residency:  82.77% (1260 MHz: 9.1% 1512 MHz: .19% 1800 MHz: .50% 2088 MHz: .92% 2352 MHz: .59% 2616 MHz: 1.1% 2868 MHz: 3.2% 3096 MHz:  29% 3300 MHz: 1.9% 3468 MHz: 1.8% 3624 MHz: .99% 3756 MHz: .11% 3828 MHz: .42% 3888 MHz:  12% 3948 MHz: 3.0% 3996 MHz: 4.2% 4044 MHz:  14% 4104 MHz:   0% 4416 MHz: .04% 4512 MHz:   0%)
P1-Cluster idle residency:  17.23%
P1-Cluster down residency:   0.00%
CPU 10 frequency: 3565 MHz
CPU 10 active residency:  38.94% (1260 MHz: .05% 1512 MHz:   0% 1800 MHz:   0% 2088 MHz:   0% 2352 MHz: .07% 2616 MHz: .12% 2868 MHz: 2.4% 3096 MHz:  21% 3300 MHz: .78% 3468 MHz: .57% 3624 MHz: .71% 3756 MHz: .00% 3828 MHz:   0% 3888 MHz:   0% 3948 MHz:   0% 3996 MHz: .26% 4044 MHz:   0% 4104 MHz: .21% 4416 MHz:   0% 4512 MHz:  13%)
CPU 10 idle residency:  61.06%
CPU 10 down residency:   0.00%
CPU 11 frequency: 3558 MHz
CPU 11 active residency:  39.11% (1260 MHz: .00% 1512 MHz:   0% 1800 MHz:   0% 2088 MHz:   0% 2352 MHz: .23% 2616 MHz: .05% 2868 MHz: 2.2% 3096 MHz:  22% 3300 MHz: .75% 3468 MHz: .42% 3624 MHz: .69% 3756 MHz:   0% 3828 MHz:   0% 3888 MHz:   0% 3948 MHz:   0% 3996 MHz: .22% 4044 MHz:   0% 4104 MHz: .19% 4416 MHz: .03% 4512 MHz:  12%)
CPU 11 idle residency:  60.89%
CPU 11 down residency:   0.00%
CPU 12 frequency: 3698 MHz
CPU 12 active residency:  50.11% (1260 MHz: .16% 1512 MHz: .16% 1800 MHz: .10% 2088 MHz: .73% 2352 MHz: .08% 2616 MHz: .12% 2868 MHz: 1.6% 3096 MHz:  22% 3300 MHz: .88% 3468 MHz: 1.0% 3624 MHz: .99% 3756 MHz: .00% 3828 MHz: .01% 3888 MHz:   0% 3948 MHz:   0% 3996 MHz: .23% 4044 MHz:   0% 4104 MHz: .19% 4416 MHz: .08% 4512 MHz:  22%)
CPU 12 idle residency:  49.89%
CPU 12 down residency:   0.00%
CPU 13 frequency: 3700 MHz
CPU 13 active residency:  43.98% (1260 MHz: .03% 1512 MHz:   0% 1800 MHz:   0% 2088 MHz:   0% 2352 MHz:   0% 2616 MHz:   0% 2868 MHz: 2.2% 3096 MHz:  21% 3300 MHz: .67% 3468 MHz: .52% 3624 MHz: .68% 3756 MHz:   0% 3828 MHz:   0% 3888 MHz:   0% 3948 MHz:   0% 3996 MHz: .22% 4044 MHz:   0% 4104 MHz: .21% 4416 MHz:   0% 4512 MHz:  18%)
CPU 13 idle residency:  56.02%
CPU 13 down residency:   0.00%
CPU 14 frequency: 3671 MHz
CPU 14 active residency:  44.50% (1260 MHz: .11% 1512 MHz: .02% 1800 MHz: .08% 2088 MHz: .14% 2352 MHz: .48% 2616 MHz: .19% 2868 MHz: 2.5% 3096 MHz:  19% 3300 MHz: 1.2% 3468 MHz: .93% 3624 MHz: .79% 3756 MHz: .02% 3828 MHz:   0% 3888 MHz:   0% 3948 MHz:   0% 3996 MHz: .25% 4044 MHz:   0% 4104 MHz: .44% 4416 MHz: .42% 4512 MHz:  18%)
CPU 14 idle residency:  55.50%
CPU 14 down residency:   0.00%
CPU 15 frequency: 3610 MHz
CPU 15 active residency:  44.61% (1260 MHz: .10% 1512 MHz: .00% 1800 MHz: .38% 2088 MHz: .23% 2352 MHz: .47% 2616 MHz: .77% 2868 MHz: 2.4% 3096 MHz:  19% 3300 MHz: 1.2% 3468 MHz: 1.4% 3624 MHz: .82% 3756 MHz: .06% 3828 MHz: .42% 3888 MHz:   0% 3948 MHz:   0% 3996 MHz: .43% 4044 MHz:   0% 4104 MHz: .22% 4416 MHz: .03% 4512 MHz:  16%)
CPU 15 idle residency:  55.39%
CPU 15 down residency:   0.00%

CPU Power: 13740 mW
GPU Power: 35724 mW
ANE Power: 0 mW
Combined Power (CPU + GPU + ANE): 49464 mW

**** GPU usage ****

GPU HW active frequency: 1578 MHz
GPU HW active residency: 100.00% (338 MHz:   0% 618 MHz:   0% 796 MHz:   0% 924 MHz:   0% 952 MHz:   0% 1056 MHz:   0% 1062 MHz:   0% 1182 MHz:   0% 1182 MHz:   0% 1312 MHz:   0% 1242 MHz:   0% 1380 MHz:   0% 1326 MHz:   0% 1470 MHz:   0% 1578 MHz: 100%)
GPU SW requested state: (P1 :   0% P2 :   0% P3 :   0% P4 :   0% P5 :   0% P6 :   0% P7 :   0% P8 :   0% P9 :   0% P10 : 100% P11 :   0% P12 :   0% P13 :   0% P14 :   0% P15 :   0%)
GPU SW state: (SW_P1 :   0% SW_P2 :   0% SW_P3 :   0% SW_P4 :   0% SW_P5 :   0% SW_P6 :   0% SW_P7 :   0% SW_P8 :   0% SW_P9 :   0% SW_P10 : 100% SW_P11 :   0% SW_P12 :   0% SW_P13 :   0% SW_P14 :   0% SW_P15 :   0%)
GPU idle residency:   0.00%
GPU Power: 35717 mW



*** Sampled system activity (Tue Jan 20 15:18:48 2026 +0100) (1021.15ms elapsed) ***


**** Processor usage ****

E-Cluster Online: 100%
E-Cluster HW active frequency: 1673 MHz
E-Cluster HW active residency:  48.51% (1020 MHz:  25% 1404 MHz: 2.8% 1788 MHz: 1.3% 2112 MHz: 1.4% 2352 MHz: 1.2% 2532 MHz: .19% 2592 MHz:  17%)
E-Cluster idle residency:  51.49%
E-Cluster down residency:   0.00%
CPU 0 frequency: 1659 MHz
CPU 0 active residency:  30.00% (1020 MHz:  16% 1404 MHz: 1.6% 1788 MHz: 1.0% 2112 MHz: .67% 2352 MHz: .49% 2532 MHz: .11% 2592 MHz:  10%)
CPU 0 idle residency:  70.00%
CPU 0 down residency:   0.00%
CPU 1 frequency: 1698 MHz
CPU 1 active residency:  23.47% (1020 MHz:  12% 1404 MHz: 1.1% 1788 MHz: .90% 2112 MHz: 1.2% 2352 MHz: .74% 2532 MHz: .03% 2592 MHz: 7.9%)
CPU 1 idle residency:  76.53%
CPU 1 down residency:   0.00%
CPU 2 frequency: 1646 MHz
CPU 2 active residency:  13.00% (1020 MHz: 6.8% 1404 MHz: .51% 1788 MHz: .69% 2112 MHz: .49% 2352 MHz: .63% 2532 MHz: .00% 2592 MHz: 3.8%)
CPU 2 idle residency:  87.00%
CPU 2 down residency:   0.00%
CPU 3 frequency: 1631 MHz
CPU 3 active residency:   9.04% (1020 MHz: 4.5% 1404 MHz: .90% 1788 MHz: .37% 2112 MHz: .59% 2352 MHz: .18% 2532 MHz: .00% 2592 MHz: 2.6%)
CPU 3 idle residency:  90.96%
CPU 3 down residency:   0.00%

P0-Cluster Online: 100%
P0-Cluster HW active frequency: 3301 MHz
P0-Cluster HW active residency:  59.63% (1260 MHz: 4.3% 1512 MHz:   0% 1800 MHz:   0% 2088 MHz: .11% 2352 MHz: .42% 2616 MHz: .06% 2868 MHz:   0% 3096 MHz:  28% 3300 MHz: 3.7% 3468 MHz: .43% 3624 MHz: .43% 3756 MHz:   0% 3828 MHz: .44% 3888 MHz: 7.3% 3948 MHz: .93% 3996 MHz: 2.8% 4044 MHz:  11% 4104 MHz:   0% 4416 MHz: .00% 4512 MHz: .07%)
P0-Cluster idle residency:  40.37%
P0-Cluster down residency:   0.00%
CPU 4 frequency: 3458 MHz
CPU 4 active residency:  42.60% (1260 MHz: .23% 1512 MHz:   0% 1800 MHz:   0% 2088 MHz:   0% 2352 MHz:   0% 2616 MHz:   0% 2868 MHz:   0% 3096 MHz:  28% 3300 MHz: 2.8% 3468 MHz: .43% 3624 MHz: .43% 3756 MHz:   0% 3828 MHz: .44% 3888 MHz:   0% 3948 MHz:   0% 3996 MHz: .42% 4044 MHz:   0% 4104 MHz: .43% 4416 MHz: .43% 4512 MHz: 9.3%)
CPU 4 idle residency:  57.40%
CPU 4 down residency:   0.00%
CPU 5 frequency: 3396 MHz
CPU 5 active residency:  39.48% (1260 MHz: .20% 1512 MHz:   0% 1800 MHz:   0% 2088 MHz:   0% 2352 MHz:   0% 2616 MHz:   0% 2868 MHz:   0% 3096 MHz:  28% 3300 MHz: 2.9% 3468 MHz:   0% 3624 MHz: .39% 3756 MHz:   0% 3828 MHz: .02% 3888 MHz:   0% 3948 MHz:   0% 3996 MHz:   0% 4044 MHz:   0% 4104 MHz: .42% 4416 MHz: .03% 4512 MHz: 7.7%)
CPU 5 idle residency:  60.52%
CPU 5 down residency:   0.00%
CPU 6 frequency: 3506 MHz
CPU 6 active residency:  43.76% (1260 MHz: .23% 1512 MHz:   0% 1800 MHz:   0% 2088 MHz:   0% 2352 MHz:   0% 2616 MHz:   0% 2868 MHz:   0% 3096 MHz:  28% 3300 MHz: 2.8% 3468 MHz:   0% 3624 MHz: .39% 3756 MHz:   0% 3828 MHz: .02% 3888 MHz:   0% 3948 MHz:   0% 3996 MHz: .01% 4044 MHz:   0% 4104 MHz: .40% 4416 MHz:   0% 4512 MHz:  12%)
CPU 6 idle residency:  56.24%
CPU 6 down residency:   0.00%
CPU 7 frequency: 3535 MHz
CPU 7 active residency:  44.77% (1260 MHz: .23% 1512 MHz:   0% 1800 MHz:   0% 2088 MHz:   0% 2352 MHz:   0% 2616 MHz:   0% 2868 MHz:   0% 3096 MHz:  28% 3300 MHz: 2.6% 3468 MHz:   0% 3624 MHz: .39% 3756 MHz:   0% 3828 MHz: .02% 3888 MHz:   0% 3948 MHz:   0% 3996 MHz: .04% 4044 MHz:   0% 4104 MHz: .41% 4416 MHz:   0% 4512 MHz:  13%)
CPU 7 idle residency:  55.23%
CPU 7 down residency:   0.00%
CPU 8 frequency: 3357 MHz
CPU 8 active residency:  39.01% (1260 MHz: .16% 1512 MHz:   0% 1800 MHz:   0% 2088 MHz: .12% 2352 MHz: .42% 2616 MHz: .01% 2868 MHz:   0% 3096 MHz:  28% 3300 MHz: 2.9% 3468 MHz:   0% 3624 MHz: .39% 3756 MHz:   0% 3828 MHz: .02% 3888 MHz:   0% 3948 MHz:   0% 3996 MHz:   0% 4044 MHz:   0% 4104 MHz: .41% 4416 MHz:   0% 4512 MHz: 6.8%)
CPU 8 idle residency:  60.99%
CPU 8 down residency:   0.00%
CPU 9 frequency: 3449 MHz
CPU 9 active residency:  40.79% (1260 MHz: .19% 1512 MHz:   0% 1800 MHz:   0% 2088 MHz:   0% 2352 MHz:   0% 2616 MHz:   0% 2868 MHz:   0% 3096 MHz:  27% 3300 MHz: 2.9% 3468 MHz:   0% 3624 MHz: .39% 3756 MHz:   0% 3828 MHz: .02% 3888 MHz:   0% 3948 MHz:   0% 3996 MHz: .00% 4044 MHz:   0% 4104 MHz: .38% 4416 MHz: .22% 4512 MHz: 9.4%)
CPU 9 idle residency:  59.21%
CPU 9 down residency:   0.00%

P1-Cluster HW active frequency: 2943 MHz
P1-Cluster HW active residency:  70.22% (1260 MHz:  11% 1512 MHz: .21% 1800 MHz: .48% 2088 MHz: 1.2% 2352 MHz:   0% 2616 MHz: .08% 2868 MHz: .42% 3096 MHz:  36% 3300 MHz: 8.5% 3468 MHz:   0% 3624 MHz:   0% 3756 MHz:   0% 3828 MHz:   0% 3888 MHz: 4.2% 3948 MHz: .55% 3996 MHz: .74% 4044 MHz: 5.9% 4104 MHz:   0% 4416 MHz: .05% 4512 MHz: .43%)
P1-Cluster idle residency:  29.78%
P1-Cluster down residency:   0.00%
CPU 10 frequency: 3255 MHz
CPU 10 active residency:  41.33% (1260 MHz: .20% 1512 MHz: .15% 1800 MHz: .32% 2088 MHz: .22% 2352 MHz:   0% 2616 MHz: .08% 2868 MHz:   0% 3096 MHz:  30% 3300 MHz: 6.1% 3468 MHz:   0% 3624 MHz:   0% 3756 MHz:   0% 3828 MHz:   0% 3888 MHz:   0% 3948 MHz:   0% 3996 MHz:   0% 4044 MHz:   0% 4104 MHz:   0% 4416 MHz:   0% 4512 MHz: 4.7%)
CPU 10 idle residency:  58.67%
CPU 10 down residency:   0.00%
CPU 11 frequency: 3282 MHz
CPU 11 active residency:  36.59% (1260 MHz: .07% 1512 MHz:   0% 1800 MHz: .01% 2088 MHz:   0% 2352 MHz:   0% 2616 MHz:   0% 2868 MHz:   0% 3096 MHz:  28% 3300 MHz: 4.2% 3468 MHz:   0% 3624 MHz:   0% 3756 MHz:   0% 3828 MHz:   0% 3888 MHz:   0% 3948 MHz:   0% 3996 MHz:   0% 4044 MHz:   0% 4104 MHz:   0% 4416 MHz:   0% 4512 MHz: 4.3%)
CPU 11 idle residency:  63.41%
CPU 11 down residency:   0.00%
CPU 12 frequency: 3299 MHz
CPU 12 active residency:  36.74% (1260 MHz: .19% 1512 MHz: .00% 1800 MHz: .00% 2088 MHz: .12% 2352 MHz:   0% 2616 MHz:   0% 2868 MHz: .42% 3096 MHz:  26% 3300 MHz: 4.6% 3468 MHz:   0% 3624 MHz:   0% 3756 MHz:   0% 3828 MHz:   0% 3888 MHz:   0% 3948 MHz:   0% 3996 MHz:   0% 4044 MHz:   0% 4104 MHz:   0% 4416 MHz:   0% 4512 MHz: 5.0%)
CPU 12 idle residency:  63.26%
CPU 12 down residency:   0.00%
CPU 13 frequency: 3272 MHz
CPU 13 active residency:  38.00% (1260 MHz: .07% 1512 MHz:   0% 1800 MHz: .17% 2088 MHz:   0% 2352 MHz:   0% 2616 MHz:   0% 2868 MHz:   0% 3096 MHz:  29% 3300 MHz: 4.5% 3468 MHz:   0% 3624 MHz:   0% 3756 MHz:   0% 3828 MHz:   0% 3888 MHz:   0% 3948 MHz:   0% 3996 MHz:   0% 4044 MHz:   0% 4104 MHz:   0% 4416 MHz:   0% 4512 MHz: 4.3%)
CPU 13 idle residency:  62.00%
CPU 13 down residency:   0.00%
CPU 14 frequency: 3436 MHz
CPU 14 active residency:  45.70% (1260 MHz: .09% 1512 MHz:   0% 1800 MHz:   0% 2088 MHz: .01% 2352 MHz:   0% 2616 MHz:   0% 2868 MHz:   0% 3096 MHz:  31% 3300 MHz: 4.5% 3468 MHz:   0% 3624 MHz:   0% 3756 MHz:   0% 3828 MHz:   0% 3888 MHz:   0% 3948 MHz:   0% 3996 MHz:   0% 4044 MHz:   0% 4104 MHz:   0% 4416 MHz:   0% 4512 MHz:  10%)
CPU 14 idle residency:  54.30%
CPU 14 down residency:   0.00%
CPU 15 frequency: 3280 MHz
CPU 15 active residency:  40.24% (1260 MHz: .25% 1512 MHz: .06% 1800 MHz: .13% 2088 MHz: .94% 2352 MHz:   0% 2616 MHz: .00% 2868 MHz:   0% 3096 MHz:  28% 3300 MHz: 4.8% 3468 MHz:   0% 3624 MHz:   0% 3756 MHz:   0% 3828 MHz:   0% 3888 MHz:   0% 3948 MHz:   0% 3996 MHz:   0% 4044 MHz:   0% 4104 MHz:   0% 4416 MHz:   0% 4512 MHz: 5.7%)
CPU 15 idle residency:  59.76%
CPU 15 down residency:   0.00%

CPU Power: 13599 mW
GPU Power: 36089 mW
ANE Power: 0 mW
Combined Power (CPU + GPU + ANE): 49688 mW

**** GPU usage ****

GPU HW active frequency: 1578 MHz
GPU HW active residency: 100.00% (338 MHz:   0% 618 MHz:   0% 796 MHz:   0% 924 MHz:   0% 952 MHz:   0% 1056 MHz:   0% 1062 MHz:   0% 1182 MHz:   0% 1182 MHz:   0% 1312 MHz:   0% 1242 MHz:   0% 1380 MHz:   0% 1326 MHz:   0% 1470 MHz:   0% 1578 MHz: 100%)
GPU SW requested state: (P1 :   0% P2 :   0% P3 :   0% P4 :   0% P5 :   0% P6 :   0% P7 :   0% P8 :   0% P9 :   0% P10 : 100% P11 :   0% P12 :   0% P13 :   0% P14 :   0% P15 :   0%)
GPU SW state: (SW_P1 :   0% SW_P2 :   0% SW_P3 :   0% SW_P4 :   0% SW_P5 :   0% SW_P6 :   0% SW_P7 :   0% SW_P8 :   0% SW_P9 :   0% SW_P10 : 100% SW_P11 :   0% SW_P12 :   0% SW_P13 :   0% SW_P14 :   0% SW_P15 :   0%)
GPU idle residency:   0.00%
GPU Power: 36092 mW



*** Sampled system activity (Tue Jan 20 15:18:49 2026 +0100) (1021.16ms elapsed) ***


**** Processor usage ****

E-Cluster Online: 100%
E-Cluster HW active frequency: 1671 MHz
E-Cluster HW active residency:  46.41% (1020 MHz:  23% 1404 MHz: 3.1% 1788 MHz: 1.1% 2112 MHz: 2.0% 2352 MHz: 1.5% 2532 MHz: .00% 2592 MHz:  15%)
E-Cluster idle residency:  53.59%
E-Cluster down residency:   0.00%
CPU 0 frequency: 1679 MHz
CPU 0 active residency:  27.35% (1020 MHz:  13% 1404 MHz: 2.3% 1788 MHz: .60% 2112 MHz: .81% 2352 MHz: .48% 2532 MHz:   0% 2592 MHz: 9.6%)
CPU 0 idle residency:  72.65%
CPU 0 down residency:   0.00%
CPU 1 frequency: 1734 MHz
CPU 1 active residency:  21.88% (1020 MHz: 9.8% 1404 MHz: 1.7% 1788 MHz: .88% 2112 MHz: 1.1% 2352 MHz: .70% 2532 MHz:   0% 2592 MHz: 7.7%)
CPU 1 idle residency:  78.12%
CPU 1 down residency:   0.00%
CPU 2 frequency: 1662 MHz
CPU 2 active residency:  15.86% (1020 MHz: 7.8% 1404 MHz: 1.2% 1788 MHz: .38% 2112 MHz: 1.0% 2352 MHz: .78% 2532 MHz:   0% 2592 MHz: 4.6%)
CPU 2 idle residency:  84.14%
CPU 2 down residency:   0.00%
CPU 3 frequency: 1708 MHz
CPU 3 active residency:  11.19% (1020 MHz: 5.1% 1404 MHz: 1.1% 1788 MHz: .13% 2112 MHz: .65% 2352 MHz: .30% 2532 MHz:   0% 2592 MHz: 3.9%)
CPU 3 idle residency:  88.81%
CPU 3 down residency:   0.00%

P0-Cluster Online: 100%
P0-Cluster HW active frequency: 3078 MHz
P0-Cluster HW active residency:  53.42% (1260 MHz: 7.2% 1512 MHz:   0% 1800 MHz: .10% 2088 MHz:   0% 2352 MHz:   0% 2616 MHz:   0% 2868 MHz:   0% 3096 MHz:  25% 3300 MHz: 7.8% 3468 MHz: 1.5% 3624 MHz: .71% 3756 MHz:   0% 3828 MHz:   0% 3888 MHz: 3.5% 3948 MHz: .35% 3996 MHz: .98% 4044 MHz: 5.4% 4104 MHz:   0% 4416 MHz: .01% 4512 MHz: .51%)
P0-Cluster idle residency:  46.58%
P0-Cluster down residency:   0.00%
CPU 4 frequency: 3297 MHz
CPU 4 active residency:  38.37% (1260 MHz: .23% 1512 MHz:   0% 1800 MHz: .00% 2088 MHz:   0% 2352 MHz:   0% 2616 MHz:   0% 2868 MHz:   0% 3096 MHz:  25% 3300 MHz: 7.1% 3468 MHz: 1.5% 3624 MHz: .70% 3756 MHz:   0% 3828 MHz:   0% 3888 MHz:   0% 3948 MHz:   0% 3996 MHz:   0% 4044 MHz:   0% 4104 MHz:   0% 4416 MHz:   0% 4512 MHz: 4.1%)
CPU 4 idle residency:  61.63%
CPU 4 down residency:   0.00%
CPU 5 frequency: 3329 MHz
CPU 5 active residency:  38.63% (1260 MHz: .22% 1512 MHz:   0% 1800 MHz:   0% 2088 MHz:   0% 2352 MHz:   0% 2616 MHz:   0% 2868 MHz:   0% 3096 MHz:  24% 3300 MHz: 7.0% 3468 MHz: 1.5% 3624 MHz: .70% 3756 MHz:   0% 3828 MHz:   0% 3888 MHz:   0% 3948 MHz:   0% 3996 MHz:   0% 4044 MHz:   0% 4104 MHz:   0% 4416 MHz:   0% 4512 MHz: 5.0%)
CPU 5 idle residency:  61.37%
CPU 5 down residency:   0.00%
CPU 6 frequency: 3299 MHz
CPU 6 active residency:  35.68% (1260 MHz: .21% 1512 MHz:   0% 1800 MHz: .00% 2088 MHz:   0% 2352 MHz:   0% 2616 MHz:   0% 2868 MHz:   0% 3096 MHz:  23% 3300 MHz: 7.0% 3468 MHz: 1.5% 3624 MHz: .70% 3756 MHz:   0% 3828 MHz:   0% 3888 MHz:   0% 3948 MHz:   0% 3996 MHz:   0% 4044 MHz:   0% 4104 MHz:   0% 4416 MHz:   0% 4512 MHz: 3.7%)
CPU 6 idle residency:  64.32%
CPU 6 down residency:   0.00%
CPU 7 frequency: 3315 MHz
CPU 7 active residency:  36.60% (1260 MHz: .24% 1512 MHz:   0% 1800 MHz: .09% 2088 MHz:   0% 2352 MHz:   0% 2616 MHz:   0% 2868 MHz:   0% 3096 MHz:  23% 3300 MHz: 7.0% 3468 MHz: 1.5% 3624 MHz: .70% 3756 MHz:   0% 3828 MHz:   0% 3888 MHz:   0% 3948 MHz:   0% 3996 MHz:   0% 4044 MHz:   0% 4104 MHz:   0% 4416 MHz:   0% 4512 MHz: 4.4%)
CPU 7 idle residency:  63.40%
CPU 7 down residency:   0.00%
CPU 8 frequency: 3285 MHz
CPU 8 active residency:  36.59% (1260 MHz: .19% 1512 MHz:   0% 1800 MHz:   0% 2088 MHz:   0% 2352 MHz:   0% 2616 MHz:   0% 2868 MHz:   0% 3096 MHz:  24% 3300 MHz: 7.0% 3468 MHz: 1.5% 3624 MHz: .70% 3756 MHz:   0% 3828 MHz:   0% 3888 MHz:   0% 3948 MHz:   0% 3996 MHz:   0% 4044 MHz:   0% 4104 MHz:   0% 4416 MHz:   0% 4512 MHz: 3.5%)
CPU 8 idle residency:  63.41%
CPU 8 down residency:   0.00%
CPU 9 frequency: 3444 MHz
CPU 9 active residency:  42.80% (1260 MHz: .20% 1512 MHz:   0% 1800 MHz:   0% 2088 MHz:   0% 2352 MHz:   0% 2616 MHz:   0% 2868 MHz:   0% 3096 MHz:  24% 3300 MHz: 7.0% 3468 MHz: 1.5% 3624 MHz: .70% 3756 MHz:   0% 3828 MHz:   0% 3888 MHz:   0% 3948 MHz:   0% 3996 MHz:   0% 4044 MHz:   0% 4104 MHz:   0% 4416 MHz:   0% 4512 MHz: 9.1%)
CPU 9 idle residency:  57.20%
CPU 9 down residency:   0.00%

P1-Cluster HW active frequency: 3262 MHz
P1-Cluster HW active residency:  77.76% (1260 MHz: 5.8% 1512 MHz: .29% 1800 MHz: 1.2% 2088 MHz: 1.6% 2352 MHz: 1.0% 2616 MHz: 1.2% 2868 MHz: .10% 3096 MHz:  24% 3300 MHz:  11% 3468 MHz: 3.6% 3624 MHz: .63% 3756 MHz:   0% 3828 MHz: .42% 3888 MHz: 8.1% 3948 MHz: 1.3% 3996 MHz: 4.8% 4044 MHz:  13% 4104 MHz:   0% 4416 MHz: .03% 4512 MHz:   0%)
P1-Cluster idle residency:  22.24%
P1-Cluster down residency:   0.00%
CPU 10 frequency: 3510 MHz
CPU 10 active residency:  43.06% (1260 MHz: .14% 1512 MHz: .03% 1800 MHz: .62% 2088 MHz: .43% 2352 MHz: .17% 2616 MHz: .63% 2868 MHz: .00% 3096 MHz:  19% 3300 MHz: 7.0% 3468 MHz: 2.0% 3624 MHz: .21% 3756 MHz:   0% 3828 MHz: .21% 3888 MHz:   0% 3948 MHz:   0% 3996 MHz: .30% 4044 MHz:   0% 4104 MHz:   0% 4416 MHz: .23% 4512 MHz:  12%)
CPU 10 idle residency:  56.94%
CPU 10 down residency:   0.00%
CPU 11 frequency: 3493 MHz
CPU 11 active residency:  38.48% (1260 MHz: .12% 1512 MHz: .01% 1800 MHz: .10% 2088 MHz: .13% 2352 MHz: .12% 2616 MHz: .12% 2868 MHz:   0% 3096 MHz:  19% 3300 MHz: 6.9% 3468 MHz: 2.0% 3624 MHz: .19% 3756 MHz:   0% 3828 MHz: .17% 3888 MHz:   0% 3948 MHz:   0% 3996 MHz: .26% 4044 MHz:   0% 4104 MHz:   0% 4416 MHz: .28% 4512 MHz: 9.1%)
CPU 11 idle residency:  61.52%
CPU 11 down residency:   0.00%
CPU 12 frequency: 3520 MHz
CPU 12 active residency:  46.06% (1260 MHz: .07% 1512 MHz: .23% 1800 MHz: .09% 2088 MHz: 1.4% 2352 MHz: .59% 2616 MHz: .01% 2868 MHz: .00% 3096 MHz:  20% 3300 MHz: 6.8% 3468 MHz: 1.8% 3624 MHz: .48% 3756 MHz:   0% 3828 MHz: .42% 3888 MHz:   0% 3948 MHz:   0% 3996 MHz: .43% 4044 MHz:   0% 4104 MHz: .43% 4416 MHz: .42% 4512 MHz:  13%)
CPU 12 idle residency:  53.94%
CPU 12 down residency:   0.00%
CPU 13 frequency: 3479 MHz
CPU 13 active residency:  36.80% (1260 MHz: .08% 1512 MHz:   0% 1800 MHz:   0% 2088 MHz:   0% 2352 MHz:   0% 2616 MHz:   0% 2868 MHz:   0% 3096 MHz:  19% 3300 MHz: 6.7% 3468 MHz: 1.8% 3624 MHz: .19% 3756 MHz:   0% 3828 MHz: .17% 3888 MHz:   0% 3948 MHz:   0% 3996 MHz: .28% 4044 MHz:   0% 4104 MHz:   0% 4416 MHz: .23% 4512 MHz: 8.1%)
CPU 13 idle residency:  63.20%
CPU 13 down residency:   0.00%
CPU 14 frequency: 3532 MHz
CPU 14 active residency:  40.41% (1260 MHz: .09% 1512 MHz:   0% 1800 MHz:   0% 2088 MHz: .06% 2352 MHz: .30% 2616 MHz: .32% 2868 MHz: .00% 3096 MHz:  19% 3300 MHz: 6.8% 3468 MHz: 2.0% 3624 MHz: .19% 3756 MHz:   0% 3828 MHz: .17% 3888 MHz:   0% 3948 MHz:   0% 3996 MHz: .25% 4044 MHz:   0% 4104 MHz:   0% 4416 MHz: .23% 4512 MHz:  11%)
CPU 14 idle residency:  59.59%
CPU 14 down residency:   0.00%
CPU 15 frequency: 3658 MHz
CPU 15 active residency:  50.87% (1260 MHz: .13% 1512 MHz: .01% 1800 MHz: .59% 2088 MHz: .15% 2352 MHz: .31% 2616 MHz: .22% 2868 MHz: .10% 3096 MHz:  19% 3300 MHz: 7.5% 3468 MHz: 2.8% 3624 MHz: .19% 3756 MHz:   0% 3828 MHz: .17% 3888 MHz:   0% 3948 MHz:   0% 3996 MHz: .25% 4044 MHz:   0% 4104 MHz:   0% 4416 MHz: .24% 4512 MHz:  19%)
CPU 15 idle residency:  49.13%
CPU 15 down residency:   0.00%

CPU Power: 13937 mW
GPU Power: 34791 mW
ANE Power: 0 mW
Combined Power (CPU + GPU + ANE): 48728 mW

**** GPU usage ****

GPU HW active frequency: 1578 MHz
GPU HW active residency:  96.82% (338 MHz: .02% 618 MHz:   0% 796 MHz:   0% 924 MHz:   0% 952 MHz:   0% 1056 MHz:   0% 1062 MHz:   0% 1182 MHz:   0% 1182 MHz:   0% 1312 MHz:   0% 1242 MHz:   0% 1380 MHz:   0% 1326 MHz:   0% 1470 MHz:   0% 1578 MHz:  97%)
GPU SW requested state: (P1 :   0% P2 :   0% P3 :   0% P4 :   0% P5 :   0% P6 :   0% P7 :   0% P8 :   0% P9 :   0% P10 : 100% P11 :   0% P12 :   0% P13 :   0% P14 :   0% P15 :   0%)
GPU SW state: (SW_P1 : .02% SW_P2 :   0% SW_P3 :   0% SW_P4 :   0% SW_P5 :   0% SW_P6 :   0% SW_P7 :   0% SW_P8 :   0% SW_P9 :   0% SW_P10 :  97% SW_P11 :   0% SW_P12 :   0% SW_P13 :   0% SW_P14 :   0% SW_P15 :   0%)
GPU idle residency:   3.18%
GPU Power: 34499 mW



*** Sampled system activity (Tue Jan 20 15:18:50 2026 +0100) (1022.66ms elapsed) ***


**** Processor usage ****

E-Cluster Online: 100%
E-Cluster HW active frequency: 1670 MHz
E-Cluster HW active residency:  53.58% (1020 MHz:  26% 1404 MHz: 4.2% 1788 MHz: 2.7% 2112 MHz: 2.8% 2352 MHz: 1.5% 2532 MHz: .07% 2592 MHz:  17%)
E-Cluster idle residency:  46.42%
E-Cluster down residency:   0.00%
CPU 0 frequency: 1710 MHz
CPU 0 active residency:  36.05% (1020 MHz:  16% 1404 MHz: 2.8% 1788 MHz: 2.0% 2112 MHz: 2.4% 2352 MHz: .70% 2532 MHz: .06% 2592 MHz:  12%)
CPU 0 idle residency:  63.95%
CPU 0 down residency:   0.00%
CPU 1 frequency: 1581 MHz
CPU 1 active residency:  25.09% (1020 MHz:  13% 1404 MHz: 2.6% 1788 MHz: 1.8% 2112 MHz: 1.2% 2352 MHz: .51% 2532 MHz: .03% 2592 MHz: 6.1%)
CPU 1 idle residency:  74.91%
CPU 1 down residency:   0.00%
CPU 2 frequency: 1631 MHz
CPU 2 active residency:  19.96% (1020 MHz: 9.2% 1404 MHz: 2.2% 1788 MHz: 1.7% 2112 MHz: 1.4% 2352 MHz: .28% 2532 MHz: .03% 2592 MHz: 5.2%)
CPU 2 idle residency:  80.04%
CPU 2 down residency:   0.00%
CPU 3 frequency: 1592 MHz
CPU 3 active residency:  14.88% (1020 MHz: 7.4% 1404 MHz: 1.5% 1788 MHz: 1.1% 2112 MHz: .86% 2352 MHz: .76% 2532 MHz: .03% 2592 MHz: 3.2%)
CPU 3 idle residency:  85.12%
CPU 3 down residency:   0.00%

P0-Cluster Online: 100%
P0-Cluster HW active frequency: 3262 MHz
P0-Cluster HW active residency:  58.24% (1260 MHz: 4.6% 1512 MHz:   0% 1800 MHz:   0% 2088 MHz: .23% 2352 MHz: .03% 2616 MHz:   0% 2868 MHz: .93% 3096 MHz:  29% 3300 MHz: 2.7% 3468 MHz:   0% 3624 MHz:   0% 3756 MHz:   0% 3828 MHz:   0% 3888 MHz: 7.2% 3948 MHz: 1.1% 3996 MHz: 3.4% 4044 MHz: 8.6% 4104 MHz:   0% 4416 MHz: .04% 4512 MHz: .15%)
P0-Cluster idle residency:  41.76%
P0-Cluster down residency:   0.00%
CPU 4 frequency: 3498 MHz
CPU 4 active residency:  44.34% (1260 MHz: .23% 1512 MHz:   0% 1800 MHz:   0% 2088 MHz:   0% 2352 MHz: .01% 2616 MHz:   0% 2868 MHz: .87% 3096 MHz:  28% 3300 MHz: 2.3% 3468 MHz:   0% 3624 MHz:   0% 3756 MHz:   0% 3828 MHz:   0% 3888 MHz:   0% 3948 MHz:   0% 3996 MHz:   0% 4044 MHz:   0% 4104 MHz:   0% 4416 MHz:   0% 4512 MHz:  13%)
CPU 4 idle residency:  55.66%
CPU 4 down residency:   0.00%
CPU 5 frequency: 3420 MHz
CPU 5 active residency:  41.26% (1260 MHz: .20% 1512 MHz:   0% 1800 MHz:   0% 2088 MHz: .02% 2352 MHz: .02% 2616 MHz:   0% 2868 MHz: .89% 3096 MHz:  28% 3300 MHz: 2.3% 3468 MHz:   0% 3624 MHz:   0% 3756 MHz:   0% 3828 MHz:   0% 3888 MHz:   0% 3948 MHz:   0% 3996 MHz:   0% 4044 MHz:   0% 4104 MHz:   0% 4416 MHz:   0% 4512 MHz: 9.5%)
CPU 5 idle residency:  58.74%
CPU 5 down residency:   0.00%
CPU 6 frequency: 3475 MHz
CPU 6 active residency:  42.70% (1260 MHz: .19% 1512 MHz:   0% 1800 MHz:   0% 2088 MHz:   0% 2352 MHz:   0% 2616 MHz:   0% 2868 MHz: .70% 3096 MHz:  28% 3300 MHz: 2.3% 3468 MHz:   0% 3624 MHz:   0% 3756 MHz:   0% 3828 MHz:   0% 3888 MHz:   0% 3948 MHz:   0% 3996 MHz:   0% 4044 MHz:   0% 4104 MHz:   0% 4416 MHz:   0% 4512 MHz:  11%)
CPU 6 idle residency:  57.30%
CPU 6 down residency:   0.00%
CPU 7 frequency: 3449 MHz
CPU 7 active residency:  42.03% (1260 MHz: .20% 1512 MHz:   0% 1800 MHz:   0% 2088 MHz:   0% 2352 MHz: .01% 2616 MHz:   0% 2868 MHz: .93% 3096 MHz:  28% 3300 MHz: 2.2% 3468 MHz:   0% 3624 MHz:   0% 3756 MHz:   0% 3828 MHz:   0% 3888 MHz:   0% 3948 MHz:   0% 3996 MHz:   0% 4044 MHz:   0% 4104 MHz:   0% 4416 MHz:   0% 4512 MHz:  11%)
CPU 7 idle residency:  57.97%
CPU 7 down residency:   0.00%
CPU 8 frequency: 3417 MHz
CPU 8 active residency:  40.58% (1260 MHz: .21% 1512 MHz:   0% 1800 MHz:   0% 2088 MHz: .00% 2352 MHz: .03% 2616 MHz:   0% 2868 MHz: .87% 3096 MHz:  28% 3300 MHz: 2.2% 3468 MHz:   0% 3624 MHz:   0% 3756 MHz:   0% 3828 MHz:   0% 3888 MHz:   0% 3948 MHz:   0% 3996 MHz:   0% 4044 MHz:   0% 4104 MHz:   0% 4416 MHz:   0% 4512 MHz: 9.3%)
CPU 8 idle residency:  59.42%
CPU 8 down residency:   0.00%
CPU 9 frequency: 3392 MHz
CPU 9 active residency:  40.21% (1260 MHz: .23% 1512 MHz:   0% 1800 MHz:   0% 2088 MHz: .02% 2352 MHz: .01% 2616 MHz:   0% 2868 MHz: .88% 3096 MHz:  28% 3300 MHz: 2.3% 3468 MHz:   0% 3624 MHz:   0% 3756 MHz:   0% 3828 MHz:   0% 3888 MHz:   0% 3948 MHz:   0% 3996 MHz:   0% 4044 MHz:   0% 4104 MHz:   0% 4416 MHz:   0% 4512 MHz: 8.5%)
CPU 9 idle residency:  59.79%
CPU 9 down residency:   0.00%

P1-Cluster HW active frequency: 2871 MHz
P1-Cluster HW active residency:  71.87% (1260 MHz:  14% 1512 MHz: .46% 1800 MHz: .81% 2088 MHz: .35% 2352 MHz: .35% 2616 MHz: .07% 2868 MHz: 2.3% 3096 MHz:  37% 3300 MHz: 4.0% 3468 MHz: .43% 3624 MHz: .43% 3756 MHz:   0% 3828 MHz: .43% 3888 MHz: 4.1% 3948 MHz: .33% 3996 MHz: 1.3% 4044 MHz: 5.8% 4104 MHz:   0% 4416 MHz: .04% 4512 MHz: .31%)
P1-Cluster idle residency:  28.13%
P1-Cluster down residency:   0.00%
CPU 10 frequency: 3341 MHz
CPU 10 active residency:  39.53% (1260 MHz: .13% 1512 MHz:   0% 1800 MHz:   0% 2088 MHz: .02% 2352 MHz:   0% 2616 MHz:   0% 2868 MHz: 1.8% 3096 MHz:  28% 3300 MHz: 2.1% 3468 MHz: .14% 3624 MHz: .36% 3756 MHz:   0% 3828 MHz:   0% 3888 MHz:   0% 3948 MHz:   0% 3996 MHz: .17% 4044 MHz:   0% 4104 MHz: .22% 4416 MHz:   0% 4512 MHz: 6.6%)
CPU 10 idle residency:  60.47%
CPU 10 down residency:   0.00%
CPU 11 frequency: 3257 MHz
CPU 11 active residency:  35.70% (1260 MHz: .23% 1512 MHz: .00% 1800 MHz: .03% 2088 MHz: .05% 2352 MHz: .00% 2616 MHz: .01% 2868 MHz: 2.2% 3096 MHz:  26% 3300 MHz: 2.0% 3468 MHz: .12% 3624 MHz: .34% 3756 MHz:   0% 3828 MHz: .02% 3888 MHz:   0% 3948 MHz:   0% 3996 MHz: .17% 4044 MHz:   0% 4104 MHz: .22% 4416 MHz:   0% 4512 MHz: 4.1%)
CPU 11 idle residency:  64.30%
CPU 11 down residency:   0.00%
CPU 12 frequency: 3250 MHz
CPU 12 active residency:  36.99% (1260 MHz: .08% 1512 MHz:   0% 1800 MHz:   0% 2088 MHz:   0% 2352 MHz:   0% 2616 MHz: .00% 2868 MHz: 1.8% 3096 MHz:  28% 3300 MHz: 2.1% 3468 MHz: .10% 3624 MHz: .36% 3756 MHz:   0% 3828 MHz:   0% 3888 MHz:   0% 3948 MHz:   0% 3996 MHz: .17% 4044 MHz:   0% 4104 MHz: .22% 4416 MHz:   0% 4512 MHz: 3.7%)
CPU 12 idle residency:  63.01%
CPU 12 down residency:   0.00%
CPU 13 frequency: 3269 MHz
CPU 13 active residency:  43.13% (1260 MHz: .15% 1512 MHz: .46% 1800 MHz: .77% 2088 MHz: .13% 2352 MHz:   0% 2616 MHz: .00% 2868 MHz: 1.9% 3096 MHz:  29% 3300 MHz: 2.5% 3468 MHz: .43% 3624 MHz: .43% 3756 MHz:   0% 3828 MHz: .43% 3888 MHz:   0% 3948 MHz:   0% 3996 MHz: .44% 4044 MHz:   0% 4104 MHz: .43% 4416 MHz: .43% 4512 MHz: 5.3%)
CPU 13 idle residency:  56.87%
CPU 13 down residency:   0.00%
CPU 14 frequency: 3264 MHz
CPU 14 active residency:  39.87% (1260 MHz: .15% 1512 MHz:   0% 1800 MHz:   0% 2088 MHz: .22% 2352 MHz: .35% 2616 MHz: .07% 2868 MHz: 1.6% 3096 MHz:  29% 3300 MHz: 2.4% 3468 MHz: .10% 3624 MHz: .36% 3756 MHz:   0% 3828 MHz:   0% 3888 MHz:   0% 3948 MHz:   0% 3996 MHz: .17% 4044 MHz:   0% 4104 MHz: .22% 4416 MHz:   0% 4512 MHz: 4.8%)
CPU 14 idle residency:  60.13%
CPU 14 down residency:   0.00%
CPU 15 frequency: 3321 MHz
CPU 15 active residency:  41.00% (1260 MHz: .09% 1512 MHz:   0% 1800 MHz:   0% 2088 MHz:   0% 2352 MHz:   0% 2616 MHz:   0% 2868 MHz: 1.8% 3096 MHz:  30% 3300 MHz: 2.3% 3468 MHz: .10% 3624 MHz: .34% 3756 MHz:   0% 3828 MHz:   0% 3888 MHz:   0% 3948 MHz:   0% 3996 MHz: .17% 4044 MHz:   0% 4104 MHz: .22% 4416 MHz:   0% 4512 MHz: 6.2%)
CPU 15 idle residency:  59.00%
CPU 15 down residency:   0.00%

CPU Power: 13348 mW
GPU Power: 35996 mW
ANE Power: 0 mW
Combined Power (CPU + GPU + ANE): 49344 mW

**** GPU usage ****

GPU HW active frequency: 1578 MHz
GPU HW active residency: 100.00% (338 MHz:   0% 618 MHz:   0% 796 MHz:   0% 924 MHz:   0% 952 MHz:   0% 1056 MHz:   0% 1062 MHz:   0% 1182 MHz:   0% 1182 MHz:   0% 1312 MHz:   0% 1242 MHz:   0% 1380 MHz:   0% 1326 MHz:   0% 1470 MHz:   0% 1578 MHz: 100%)
GPU SW requested state: (P1 :   0% P2 :   0% P3 :   0% P4 :   0% P5 :   0% P6 :   0% P7 :   0% P8 :   0% P9 :   0% P10 : 100% P11 :   0% P12 :   0% P13 :   0% P14 :   0% P15 :   0%)
GPU SW state: (SW_P1 :   0% SW_P2 :   0% SW_P3 :   0% SW_P4 :   0% SW_P5 :   0% SW_P6 :   0% SW_P7 :   0% SW_P8 :   0% SW_P9 :   0% SW_P10 : 100% SW_P11 :   0% SW_P12 :   0% SW_P13 :   0% SW_P14 :   0% SW_P15 :   0%)
GPU idle residency:   0.00%
GPU Power: 36292 mW



*** Sampled system activity (Tue Jan 20 15:18:51 2026 +0100) (1021.37ms elapsed) ***


**** Processor usage ****

E-Cluster Online: 100%
E-Cluster HW active frequency: 1735 MHz
E-Cluster HW active residency:  47.96% (1020 MHz:  23% 1404 MHz: 1.7% 1788 MHz: 2.1% 2112 MHz: 2.1% 2352 MHz: 1.9% 2532 MHz:   0% 2592 MHz:  17%)
E-Cluster idle residency:  52.04%
E-Cluster down residency:   0.00%
CPU 0 frequency: 1729 MHz
CPU 0 active residency:  27.05% (1020 MHz:  13% 1404 MHz: .97% 1788 MHz: 1.0% 2112 MHz: 1.2% 2352 MHz: .90% 2532 MHz:   0% 2592 MHz: 9.9%)
CPU 0 idle residency:  72.95%
CPU 0 down residency:   0.00%
CPU 1 frequency: 1737 MHz
CPU 1 active residency:  23.82% (1020 MHz:  11% 1404 MHz: .96% 1788 MHz: 1.2% 2112 MHz: 1.3% 2352 MHz: .75% 2532 MHz:   0% 2592 MHz: 8.5%)
CPU 1 idle residency:  76.18%
CPU 1 down residency:   0.00%
CPU 2 frequency: 1737 MHz
CPU 2 active residency:  16.20% (1020 MHz: 7.3% 1404 MHz: .81% 1788 MHz: .99% 2112 MHz: .79% 2352 MHz: .88% 2532 MHz:   0% 2592 MHz: 5.4%)
CPU 2 idle residency:  83.80%
CPU 2 down residency:   0.00%
CPU 3 frequency: 1721 MHz
CPU 3 active residency:  10.78% (1020 MHz: 4.6% 1404 MHz: .76% 1788 MHz: 1.2% 2112 MHz: .58% 2352 MHz: .35% 2532 MHz:   0% 2592 MHz: 3.4%)
CPU 3 idle residency:  89.22%
CPU 3 down residency:   0.00%

P0-Cluster Online: 100%
P0-Cluster HW active frequency: 2942 MHz
P0-Cluster HW active residency:  53.41% (1260 MHz: 7.0% 1512 MHz:   0% 1800 MHz:   0% 2088 MHz:   0% 2352 MHz:   0% 2616 MHz:   0% 2868 MHz: 4.9% 3096 MHz:  35% 3300 MHz: .78% 3468 MHz:   0% 3624 MHz:   0% 3756 MHz:   0% 3828 MHz: .00% 3888 MHz: 2.3% 3948 MHz: .30% 3996 MHz: .68% 4044 MHz: 2.2% 4104 MHz:   0% 4416 MHz: .05% 4512 MHz: .52%)
P0-Cluster idle residency:  46.59%
P0-Cluster down residency:   0.00%
CPU 4 frequency: 3194 MHz
CPU 4 active residency:  39.65% (1260 MHz: .24% 1512 MHz:   0% 1800 MHz:   0% 2088 MHz:   0% 2352 MHz:   0% 2616 MHz:   0% 2868 MHz: 3.6% 3096 MHz:  32% 3300 MHz: .58% 3468 MHz:   0% 3624 MHz:   0% 3756 MHz:   0% 3828 MHz:   0% 3888 MHz:   0% 3948 MHz:   0% 3996 MHz:   0% 4044 MHz:   0% 4104 MHz:   0% 4416 MHz:   0% 4512 MHz: 3.6%)
CPU 4 idle residency:  60.35%
CPU 4 down residency:   0.00%
CPU 5 frequency: 3193 MHz
CPU 5 active residency:  40.48% (1260 MHz: .22% 1512 MHz:   0% 1800 MHz:   0% 2088 MHz:   0% 2352 MHz:   0% 2616 MHz:   0% 2868 MHz: 4.0% 3096 MHz:  32% 3300 MHz: .58% 3468 MHz:   0% 3624 MHz:   0% 3756 MHz:   0% 3828 MHz:   0% 3888 MHz:   0% 3948 MHz:   0% 3996 MHz:   0% 4044 MHz:   0% 4104 MHz:   0% 4416 MHz:   0% 4512 MHz: 3.6%)
CPU 5 idle residency:  59.52%
CPU 5 down residency:   0.00%
CPU 6 frequency: 3161 MHz
CPU 6 active residency:  40.65% (1260 MHz: .24% 1512 MHz:   0% 1800 MHz:   0% 2088 MHz:   0% 2352 MHz:   0% 2616 MHz:   0% 2868 MHz: 4.4% 3096 MHz:  33% 3300 MHz: .59% 3468 MHz:   0% 3624 MHz:   0% 3756 MHz:   0% 3828 MHz:   0% 3888 MHz:   0% 3948 MHz:   0% 3996 MHz:   0% 4044 MHz:   0% 4104 MHz:   0% 4416 MHz:   0% 4512 MHz: 2.8%)
CPU 6 idle residency:  59.35%
CPU 6 down residency:   0.00%
CPU 7 frequency: 3147 MHz
CPU 7 active residency:  39.94% (1260 MHz: .21% 1512 MHz:   0% 1800 MHz:   0% 2088 MHz:   0% 2352 MHz:   0% 2616 MHz:   0% 2868 MHz: 4.7% 3096 MHz:  32% 3300 MHz: .59% 3468 MHz:   0% 3624 MHz:   0% 3756 MHz:   0% 3828 MHz:   0% 3888 MHz:   0% 3948 MHz:   0% 3996 MHz:   0% 4044 MHz:   0% 4104 MHz:   0% 4416 MHz:   0% 4512 MHz: 2.4%)
CPU 7 idle residency:  60.06%
CPU 7 down residency:   0.00%
CPU 8 frequency: 3168 MHz
CPU 8 active residency:  39.65% (1260 MHz: .26% 1512 MHz:   0% 1800 MHz:   0% 2088 MHz:   0% 2352 MHz:   0% 2616 MHz:   0% 2868 MHz: 3.9% 3096 MHz:  32% 3300 MHz: .59% 3468 MHz:   0% 3624 MHz:   0% 3756 MHz:   0% 3828 MHz:   0% 3888 MHz:   0% 3948 MHz:   0% 3996 MHz:   0% 4044 MHz:   0% 4104 MHz:   0% 4416 MHz:   0% 4512 MHz: 2.9%)
CPU 8 idle residency:  60.35%
CPU 8 down residency:   0.00%
CPU 9 frequency: 3183 MHz
CPU 9 active residency:  40.25% (1260 MHz: .22% 1512 MHz:   0% 1800 MHz:   0% 2088 MHz:   0% 2352 MHz:   0% 2616 MHz:   0% 2868 MHz: 4.2% 3096 MHz:  32% 3300 MHz: .53% 3468 MHz:   0% 3624 MHz:   0% 3756 MHz:   0% 3828 MHz:   0% 3888 MHz:   0% 3948 MHz:   0% 3996 MHz:   0% 4044 MHz:   0% 4104 MHz:   0% 4416 MHz:   0% 4512 MHz: 3.4%)
CPU 9 idle residency:  59.75%
CPU 9 down residency:   0.00%

P1-Cluster HW active frequency: 3268 MHz
P1-Cluster HW active residency:  77.52% (1260 MHz: 6.8% 1512 MHz: .84% 1800 MHz: .48% 2088 MHz: 1.2% 2352 MHz:   0% 2616 MHz: .70% 2868 MHz: 4.2% 3096 MHz:  27% 3300 MHz: 1.6% 3468 MHz: .84% 3624 MHz: 2.1% 3756 MHz: .73% 3828 MHz:   0% 3888 MHz:  10% 3948 MHz: 1.3% 3996 MHz: 3.0% 4044 MHz:  17% 4104 MHz:   0% 4416 MHz:   0% 4512 MHz:   0%)
P1-Cluster idle residency:  22.48%
P1-Cluster down residency:   0.00%
CPU 10 frequency: 3655 MHz
CPU 10 active residency:  45.86% (1260 MHz: .07% 1512 MHz:   0% 1800 MHz: .05% 2088 MHz: .10% 2352 MHz:   0% 2616 MHz: .08% 2868 MHz: 3.6% 3096 MHz:  21% 3300 MHz: .84% 3468 MHz: .33% 3624 MHz: .88% 3756 MHz: .21% 3828 MHz:   0% 3888 MHz:   0% 3948 MHz: .20% 3996 MHz:   0% 4044 MHz:   0% 4104 MHz:   0% 4416 MHz: .28% 4512 MHz:  18%)
CPU 10 idle residency:  54.14%
CPU 10 down residency:   0.00%
CPU 11 frequency: 3682 MHz
CPU 11 active residency:  55.45% (1260 MHz: .12% 1512 MHz: .42% 1800 MHz: .25% 2088 MHz: .68% 2352 MHz:   0% 2616 MHz: .43% 2868 MHz: 4.1% 3096 MHz:  22% 3300 MHz: .97% 3468 MHz: .78% 3624 MHz: 1.4% 3756 MHz: .55% 3828 MHz:   0% 3888 MHz:   0% 3948 MHz: .42% 3996 MHz:   0% 4044 MHz:   0% 4104 MHz: .42% 4416 MHz: .43% 4512 MHz:  23%)
CPU 11 idle residency:  44.55%
CPU 11 down residency:   0.00%
CPU 12 frequency: 3521 MHz
CPU 12 active residency:  36.87% (1260 MHz: .06% 1512 MHz:   0% 1800 MHz:   0% 2088 MHz: .00% 2352 MHz:   0% 2616 MHz: .01% 2868 MHz: 3.4% 3096 MHz:  20% 3300 MHz: .79% 3468 MHz: .26% 3624 MHz: .90% 3756 MHz: .29% 3828 MHz:   0% 3888 MHz:   0% 3948 MHz: .20% 3996 MHz:   0% 4044 MHz:   0% 4104 MHz:   0% 4416 MHz: .24% 4512 MHz:  11%)
CPU 12 idle residency:  63.13%
CPU 12 down residency:   0.00%
CPU 13 frequency: 3430 MHz
CPU 13 active residency:  42.59% (1260 MHz: .10% 1512 MHz: .42% 1800 MHz: .17% 2088 MHz: .94% 2352 MHz:   0% 2616 MHz: .55% 2868 MHz: 3.6% 3096 MHz:  22% 3300 MHz: 1.1% 3468 MHz: .59% 3624 MHz: 1.4% 3756 MHz: .26% 3828 MHz:   0% 3888 MHz:   0% 3948 MHz: .23% 3996 MHz:   0% 4044 MHz:   0% 4104 MHz:   0% 4416 MHz: .25% 4512 MHz:  11%)
CPU 13 idle residency:  57.41%
CPU 13 down residency:   0.00%
CPU 14 frequency: 3566 MHz
CPU 14 active residency:  37.27% (1260 MHz: .05% 1512 MHz:   0% 1800 MHz:   0% 2088 MHz: .00% 2352 MHz:   0% 2616 MHz: .00% 2868 MHz: 3.6% 3096 MHz:  19% 3300 MHz: .64% 3468 MHz: .29% 3624 MHz: .87% 3756 MHz: .23% 3828 MHz:   0% 3888 MHz:   0% 3948 MHz: .22% 3996 MHz:   0% 4044 MHz:   0% 4104 MHz:   0% 4416 MHz: .24% 4512 MHz:  12%)
CPU 14 idle residency:  62.73%
CPU 14 down residency:   0.00%
CPU 15 frequency: 3493 MHz
CPU 15 active residency:  37.10% (1260 MHz: .06% 1512 MHz:   0% 1800 MHz:   0% 2088 MHz:   0% 2352 MHz:   0% 2616 MHz:   0% 2868 MHz: 3.6% 3096 MHz:  21% 3300 MHz: .83% 3468 MHz: .30% 3624 MHz: .93% 3756 MHz: .19% 3828 MHz:   0% 3888 MHz:   0% 3948 MHz: .20% 3996 MHz:   0% 4044 MHz:   0% 4104 MHz:   0% 4416 MHz: .24% 4512 MHz:  10%)
CPU 15 idle residency:  62.90%
CPU 15 down residency:   0.00%

CPU Power: 13736 mW
GPU Power: 36460 mW
ANE Power: 0 mW
Combined Power (CPU + GPU + ANE): 50195 mW

**** GPU usage ****

GPU HW active frequency: 1578 MHz
GPU HW active residency: 100.00% (338 MHz:   0% 618 MHz:   0% 796 MHz:   0% 924 MHz:   0% 952 MHz:   0% 1056 MHz:   0% 1062 MHz:   0% 1182 MHz:   0% 1182 MHz:   0% 1312 MHz:   0% 1242 MHz:   0% 1380 MHz:   0% 1326 MHz:   0% 1470 MHz:   0% 1578 MHz: 100%)
GPU SW requested state: (P1 :   0% P2 :   0% P3 :   0% P4 :   0% P5 :   0% P6 :   0% P7 :   0% P8 :   0% P9 :   0% P10 : 100% P11 :   0% P12 :   0% P13 :   0% P14 :   0% P15 :   0%)
GPU SW state: (SW_P1 :   0% SW_P2 :   0% SW_P3 :   0% SW_P4 :   0% SW_P5 :   0% SW_P6 :   0% SW_P7 :   0% SW_P8 :   0% SW_P9 :   0% SW_P10 : 100% SW_P11 :   0% SW_P12 :   0% SW_P13 :   0% SW_P14 :   0% SW_P15 :   0%)
GPU idle residency:   0.00%
GPU Power: 36451 mW



*** Sampled system activity (Tue Jan 20 15:18:52 2026 +0100) (1025.45ms elapsed) ***


**** Processor usage ****

E-Cluster Online: 100%
E-Cluster HW active frequency: 1660 MHz
E-Cluster HW active residency:  50.35% (1020 MHz:  25% 1404 MHz: 4.2% 1788 MHz: 2.0% 2112 MHz: 1.2% 2352 MHz: 1.3% 2532 MHz: .59% 2592 MHz:  16%)
E-Cluster idle residency:  49.65%
E-Cluster down residency:   0.00%
CPU 0 frequency: 1677 MHz
CPU 0 active residency:  34.72% (1020 MHz:  17% 1404 MHz: 3.1% 1788 MHz: .93% 2112 MHz: .60% 2352 MHz: .93% 2532 MHz: .22% 2592 MHz:  12%)
CPU 0 idle residency:  65.28%
CPU 0 down residency:   0.00%
CPU 1 frequency: 1671 MHz
CPU 1 active residency:  24.13% (1020 MHz:  12% 1404 MHz: 2.3% 1788 MHz: .66% 2112 MHz: .19% 2352 MHz: .46% 2532 MHz: .30% 2592 MHz: 8.3%)
CPU 1 idle residency:  75.87%
CPU 1 down residency:   0.00%
CPU 2 frequency: 1713 MHz
CPU 2 active residency:  14.66% (1020 MHz: 6.8% 1404 MHz: 1.1% 1788 MHz: .67% 2112 MHz: .36% 2352 MHz: .35% 2532 MHz: .08% 2592 MHz: 5.2%)
CPU 2 idle residency:  85.34%
CPU 2 down residency:   0.00%
CPU 3 frequency: 1707 MHz
CPU 3 active residency:  10.30% (1020 MHz: 4.6% 1404 MHz: .89% 1788 MHz: .75% 2112 MHz: .30% 2352 MHz: .19% 2532 MHz: .02% 2592 MHz: 3.5%)
CPU 3 idle residency:  89.70%
CPU 3 down residency:   0.00%

P0-Cluster Online: 100%
P0-Cluster HW active frequency: 3367 MHz
P0-Cluster HW active residency:  67.32% (1260 MHz: 4.4% 1512 MHz: .46% 1800 MHz: .24% 2088 MHz: .52% 2352 MHz: .26% 2616 MHz: .73% 2868 MHz: 1.6% 3096 MHz:  21% 3300 MHz: 4.3% 3468 MHz: 2.6% 3624 MHz: 1.0% 3756 MHz: .42% 3828 MHz:   0% 3888 MHz:  12% 3948 MHz: 1.8% 3996 MHz: 3.7% 4044 MHz:  12% 4104 MHz:   0% 4416 MHz: .02% 4512 MHz: .54%)
P0-Cluster idle residency:  32.68%
P0-Cluster down residency:   0.00%
CPU 4 frequency: 3587 MHz
CPU 4 active residency:  41.58% (1260 MHz: .13% 1512 MHz: .00% 1800 MHz: .02% 2088 MHz: .03% 2352 MHz: .01% 2616 MHz: .07% 2868 MHz: 1.7% 3096 MHz:  20% 3300 MHz: 3.7% 3468 MHz: 2.0% 3624 MHz: .30% 3756 MHz: .30% 3828 MHz:   0% 3888 MHz:   0% 3948 MHz: .09% 3996 MHz:   0% 4044 MHz:   0% 4104 MHz:   0% 4416 MHz: .38% 4512 MHz:  13%)
CPU 4 idle residency:  58.42%
CPU 4 down residency:   0.00%
CPU 5 frequency: 3666 MHz
CPU 5 active residency:  45.22% (1260 MHz: .15% 1512 MHz: .01% 1800 MHz: .07% 2088 MHz: .04% 2352 MHz: .04% 2616 MHz: .11% 2868 MHz: 1.6% 3096 MHz:  19% 3300 MHz: 3.6% 3468 MHz: 2.1% 3624 MHz: .32% 3756 MHz: .30% 3828 MHz:   0% 3888 MHz:   0% 3948 MHz: .11% 3996 MHz:   0% 4044 MHz:   0% 4104 MHz: .00% 4416 MHz: .39% 4512 MHz:  17%)
CPU 5 idle residency:  54.78%
CPU 5 down residency:   0.00%
CPU 6 frequency: 3595 MHz
CPU 6 active residency:  42.04% (1260 MHz: .18% 1512 MHz: .00% 1800 MHz:   0% 2088 MHz: .02% 2352 MHz: .06% 2616 MHz: .10% 2868 MHz: 1.6% 3096 MHz:  20% 3300 MHz: 3.7% 3468 MHz: 2.0% 3624 MHz: .35% 3756 MHz: .30% 3828 MHz:   0% 3888 MHz:   0% 3948 MHz: .09% 3996 MHz:   0% 4044 MHz:   0% 4104 MHz:   0% 4416 MHz: .38% 4512 MHz:  14%)
CPU 6 idle residency:  57.96%
CPU 6 down residency:   0.00%
CPU 7 frequency: 3624 MHz
CPU 7 active residency:  42.75% (1260 MHz: .13% 1512 MHz: .00% 1800 MHz:   0% 2088 MHz:   0% 2352 MHz: .03% 2616 MHz: .04% 2868 MHz: 1.6% 3096 MHz:  19% 3300 MHz: 3.7% 3468 MHz: 2.0% 3624 MHz: .28% 3756 MHz: .30% 3828 MHz:   0% 3888 MHz:   0% 3948 MHz: .09% 3996 MHz:   0% 4044 MHz:   0% 4104 MHz:   0% 4416 MHz: .38% 4512 MHz:  15%)
CPU 7 idle residency:  57.25%
CPU 7 down residency:   0.00%
CPU 8 frequency: 3597 MHz
CPU 8 active residency:  45.08% (1260 MHz: .16% 1512 MHz: .43% 1800 MHz: .19% 2088 MHz: .04% 2352 MHz: .07% 2616 MHz: .14% 2868 MHz: 1.6% 3096 MHz:  20% 3300 MHz: 3.8% 3468 MHz: 2.2% 3624 MHz: .35% 3756 MHz: .35% 3828 MHz:   0% 3888 MHz:   0% 3948 MHz: .13% 3996 MHz:   0% 4044 MHz:   0% 4104 MHz: .00% 4416 MHz: .42% 4512 MHz:  15%)
CPU 8 idle residency:  54.92%
CPU 8 down residency:   0.00%
CPU 9 frequency: 3632 MHz
CPU 9 active residency:  48.91% (1260 MHz: .14% 1512 MHz: .00% 1800 MHz: .06% 2088 MHz: .51% 2352 MHz: .10% 2616 MHz: .66% 2868 MHz: 1.6% 3096 MHz:  20% 3300 MHz: 3.8% 3468 MHz: 2.1% 3624 MHz: .76% 3756 MHz: .42% 3828 MHz:   0% 3888 MHz:   0% 3948 MHz: .43% 3996 MHz:   0% 4044 MHz:   0% 4104 MHz: .43% 4416 MHz: .42% 4512 MHz:  17%)
CPU 9 idle residency:  51.09%
CPU 9 down residency:   0.00%

P1-Cluster HW active frequency: 2824 MHz
P1-Cluster HW active residency:  68.87% (1260 MHz:  14% 1512 MHz: .25% 1800 MHz: .24% 2088 MHz: 1.5% 2352 MHz: .27% 2616 MHz: .42% 2868 MHz: 1.9% 3096 MHz:  31% 3300 MHz: 6.9% 3468 MHz: 2.0% 3624 MHz: .69% 3756 MHz: 1.1% 3828 MHz: .46% 3888 MHz: 3.2% 3948 MHz: .35% 3996 MHz: .41% 4044 MHz: 3.2% 4104 MHz:   0% 4416 MHz: .17% 4512 MHz: .16%)
P1-Cluster idle residency:  31.13%
P1-Cluster down residency:   0.00%
CPU 10 frequency: 3256 MHz
CPU 10 active residency:  36.06% (1260 MHz: .13% 1512 MHz: .03% 1800 MHz: .05% 2088 MHz: .06% 2352 MHz:   0% 2616 MHz:   0% 2868 MHz: 1.3% 3096 MHz:  24% 3300 MHz: 4.4% 3468 MHz: 1.2% 3624 MHz: .26% 3756 MHz: 1.0% 3828 MHz: .36% 3888 MHz: .10% 3948 MHz: .35% 3996 MHz:   0% 4044 MHz:   0% 4104 MHz:   0% 4416 MHz:   0% 4512 MHz: 2.6%)
CPU 10 idle residency:  63.94%
CPU 10 down residency:   0.00%
CPU 11 frequency: 3258 MHz
CPU 11 active residency:  38.71% (1260 MHz: .17% 1512 MHz:   0% 1800 MHz:   0% 2088 MHz: .00% 2352 MHz:   0% 2616 MHz:   0% 2868 MHz: 1.6% 3096 MHz:  26% 3300 MHz: 4.6% 3468 MHz: 1.2% 3624 MHz: .26% 3756 MHz: 1.0% 3828 MHz: .36% 3888 MHz: .10% 3948 MHz: .35% 3996 MHz:   0% 4044 MHz:   0% 4104 MHz:   0% 4416 MHz:   0% 4512 MHz: 2.9%)
CPU 11 idle residency:  61.29%
CPU 11 down residency:   0.00%
CPU 12 frequency: 3253 MHz
CPU 12 active residency:  40.07% (1260 MHz: .16% 1512 MHz: .00% 1800 MHz: .02% 2088 MHz: .18% 2352 MHz:   0% 2616 MHz:   0% 2868 MHz: 1.5% 3096 MHz:  26% 3300 MHz: 5.1% 3468 MHz: 1.5% 3624 MHz: .69% 3756 MHz: 1.1% 3828 MHz: .36% 3888 MHz: .25% 3948 MHz: .40% 3996 MHz:   0% 4044 MHz:   0% 4104 MHz:   0% 4416 MHz:   0% 4512 MHz: 2.6%)
CPU 12 idle residency:  59.93%
CPU 12 down residency:   0.00%
CPU 13 frequency: 3244 MHz
CPU 13 active residency:  37.93% (1260 MHz: .22% 1512 MHz: .22% 1800 MHz: .02% 2088 MHz: .35% 2352 MHz:   0% 2616 MHz:   0% 2868 MHz: 1.4% 3096 MHz:  25% 3300 MHz: 4.5% 3468 MHz: 1.4% 3624 MHz: .28% 3756 MHz: 1.0% 3828 MHz: .36% 3888 MHz: .15% 3948 MHz: .38% 3996 MHz:   0% 4044 MHz:   0% 4104 MHz:   0% 4416 MHz:   0% 4512 MHz: 2.9%)
CPU 13 idle residency:  62.07%
CPU 13 down residency:   0.00%
CPU 14 frequency: 3233 MHz
CPU 14 active residency:  41.54% (1260 MHz: .24% 1512 MHz: .00% 1800 MHz: .07% 2088 MHz: .78% 2352 MHz: .28% 2616 MHz: .27% 2868 MHz: 1.5% 3096 MHz:  27% 3300 MHz: 4.5% 3468 MHz: 1.3% 3624 MHz: .28% 3756 MHz: 1.0% 3828 MHz: .36% 3888 MHz: .17% 3948 MHz: .57% 3996 MHz:   0% 4044 MHz:   0% 4104 MHz:   0% 4416 MHz:   0% 4512 MHz: 3.2%)
CPU 14 idle residency:  58.46%
CPU 14 down residency:   0.00%
CPU 15 frequency: 3360 MHz
CPU 15 active residency:  38.91% (1260 MHz: .20% 1512 MHz: .00% 1800 MHz:   0% 2088 MHz: .00% 2352 MHz:   0% 2616 MHz:   0% 2868 MHz: 1.1% 3096 MHz:  24% 3300 MHz: 4.2% 3468 MHz: 1.1% 3624 MHz: .26% 3756 MHz: 1.0% 3828 MHz: .36% 3888 MHz: .11% 3948 MHz: .35% 3996 MHz:   0% 4044 MHz:   0% 4104 MHz:   0% 4416 MHz:   0% 4512 MHz: 5.8%)
CPU 15 idle residency:  61.09%
CPU 15 down residency:   0.00%

CPU Power: 14138 mW
GPU Power: 35699 mW
ANE Power: 0 mW
Combined Power (CPU + GPU + ANE): 49837 mW

**** GPU usage ****

GPU HW active frequency: 1578 MHz
GPU HW active residency:  99.98% (338 MHz: .01% 618 MHz:   0% 796 MHz:   0% 924 MHz:   0% 952 MHz:   0% 1056 MHz:   0% 1062 MHz:   0% 1182 MHz:   0% 1182 MHz:   0% 1312 MHz:   0% 1242 MHz:   0% 1380 MHz:   0% 1326 MHz:   0% 1470 MHz:   0% 1578 MHz: 100%)
GPU SW requested state: (P1 :   0% P2 :   0% P3 :   0% P4 :   0% P5 :   0% P6 :   0% P7 :   0% P8 :   0% P9 :   0% P10 : 100% P11 :   0% P12 :   0% P13 :   0% P14 :   0% P15 :   0%)
GPU SW state: (SW_P1 : .01% SW_P2 :   0% SW_P3 :   0% SW_P4 :   0% SW_P5 :   0% SW_P6 :   0% SW_P7 :   0% SW_P8 :   0% SW_P9 :   0% SW_P10 : 100% SW_P11 :   0% SW_P12 :   0% SW_P13 :   0% SW_P14 :   0% SW_P15 :   0%)
GPU idle residency:   0.02%
GPU Power: 35676 mW



*** Sampled system activity (Tue Jan 20 15:18:53 2026 +0100) (1020.23ms elapsed) ***


**** Processor usage ****

E-Cluster Online: 100%
E-Cluster HW active frequency: 1647 MHz
E-Cluster HW active residency:  46.28% (1020 MHz:  24% 1404 MHz: 3.0% 1788 MHz: 1.6% 2112 MHz: 1.3% 2352 MHz: 1.1% 2532 MHz: .21% 2592 MHz:  15%)
E-Cluster idle residency:  53.72%
E-Cluster down residency:   0.00%
CPU 0 frequency: 1700 MHz
CPU 0 active residency:  29.87% (1020 MHz:  14% 1404 MHz: 2.3% 1788 MHz: 1.4% 2112 MHz: 1.1% 2352 MHz: .78% 2532 MHz: .00% 2592 MHz:  10%)
CPU 0 idle residency:  70.13%
CPU 0 down residency:   0.00%
CPU 1 frequency: 1632 MHz
CPU 1 active residency:  20.05% (1020 MHz:  11% 1404 MHz: .83% 1788 MHz: .78% 2112 MHz: .38% 2352 MHz: .28% 2532 MHz: .02% 2592 MHz: 6.7%)
CPU 1 idle residency:  79.95%
CPU 1 down residency:   0.00%
CPU 2 frequency: 1636 MHz
CPU 2 active residency:  13.90% (1020 MHz: 7.3% 1404 MHz: .90% 1788 MHz: .66% 2112 MHz: .27% 2352 MHz: .20% 2532 MHz: .21% 2592 MHz: 4.3%)
CPU 2 idle residency:  86.10%
CPU 2 down residency:   0.00%
CPU 3 frequency: 1652 MHz
CPU 3 active residency:   9.32% (1020 MHz: 4.9% 1404 MHz: .48% 1788 MHz: .24% 2112 MHz: .30% 2352 MHz: .32% 2532 MHz:   0% 2592 MHz: 3.0%)
CPU 3 idle residency:  90.68%
CPU 3 down residency:   0.00%

P0-Cluster Online: 100%
P0-Cluster HW active frequency: 2849 MHz
P0-Cluster HW active residency:  51.14% (1260 MHz: 7.9% 1512 MHz: .10% 1800 MHz: .02% 2088 MHz: .33% 2352 MHz: .20% 2616 MHz:   0% 2868 MHz: .16% 3096 MHz:  36% 3300 MHz: 4.2% 3468 MHz: .93% 3624 MHz:   0% 3756 MHz:   0% 3828 MHz:   0% 3888 MHz: .38% 3948 MHz: .03% 3996 MHz: .11% 4044 MHz: .66% 4104 MHz:   0% 4416 MHz: .09% 4512 MHz: .08%)
P0-Cluster idle residency:  48.86%
P0-Cluster down residency:   0.00%
CPU 4 frequency: 3123 MHz
CPU 4 active residency:  40.13% (1260 MHz: .25% 1512 MHz:   0% 1800 MHz: .02% 2088 MHz: .20% 2352 MHz: .20% 2616 MHz:   0% 2868 MHz: .16% 3096 MHz:  34% 3300 MHz: 3.4% 3468 MHz: .90% 3624 MHz:   0% 3756 MHz:   0% 3828 MHz:   0% 3888 MHz:   0% 3948 MHz:   0% 3996 MHz:   0% 4044 MHz:   0% 4104 MHz:   0% 4416 MHz:   0% 4512 MHz: .65%)
CPU 4 idle residency:  59.87%
CPU 4 down residency:   0.00%
CPU 5 frequency: 3126 MHz
CPU 5 active residency:  38.26% (1260 MHz: .21% 1512 MHz:   0% 1800 MHz:   0% 2088 MHz:   0% 2352 MHz:   0% 2616 MHz:   0% 2868 MHz: .16% 3096 MHz:  33% 3300 MHz: 3.1% 3468 MHz: .89% 3624 MHz:   0% 3756 MHz:   0% 3828 MHz:   0% 3888 MHz:   0% 3948 MHz:   0% 3996 MHz:   0% 4044 MHz:   0% 4104 MHz:   0% 4416 MHz:   0% 4512 MHz: .41%)
CPU 5 idle residency:  61.74%
CPU 5 down residency:   0.00%
CPU 6 frequency: 3122 MHz
CPU 6 active residency:  39.53% (1260 MHz: .28% 1512 MHz:   0% 1800 MHz:   0% 2088 MHz:   0% 2352 MHz:   0% 2616 MHz:   0% 2868 MHz: .16% 3096 MHz:  35% 3300 MHz: 3.3% 3468 MHz: .88% 3624 MHz:   0% 3756 MHz:   0% 3828 MHz:   0% 3888 MHz:   0% 3948 MHz:   0% 3996 MHz:   0% 4044 MHz:   0% 4104 MHz:   0% 4416 MHz:   0% 4512 MHz: .39%)
CPU 6 idle residency:  60.47%
CPU 6 down residency:   0.00%
CPU 7 frequency: 3122 MHz
CPU 7 active residency:  38.92% (1260 MHz: .26% 1512 MHz:   0% 1800 MHz: .00% 2088 MHz:   0% 2352 MHz:   0% 2616 MHz:   0% 2868 MHz: .16% 3096 MHz:  34% 3300 MHz: 3.1% 3468 MHz: .88% 3624 MHz:   0% 3756 MHz:   0% 3828 MHz:   0% 3888 MHz:   0% 3948 MHz:   0% 3996 MHz:   0% 4044 MHz:   0% 4104 MHz:   0% 4416 MHz:   0% 4512 MHz: .41%)
CPU 7 idle residency:  61.08%
CPU 7 down residency:   0.00%
CPU 8 frequency: 3129 MHz
CPU 8 active residency:  39.08% (1260 MHz: .25% 1512 MHz: .01% 1800 MHz:   0% 2088 MHz:   0% 2352 MHz:   0% 2616 MHz:   0% 2868 MHz: .16% 3096 MHz:  34% 3300 MHz: 3.2% 3468 MHz: .88% 3624 MHz:   0% 3756 MHz:   0% 3828 MHz:   0% 3888 MHz:   0% 3948 MHz:   0% 3996 MHz:   0% 4044 MHz:   0% 4104 MHz:   0% 4416 MHz:   0% 4512 MHz: .58%)
CPU 8 idle residency:  60.92%
CPU 8 down residency:   0.00%
CPU 9 frequency: 3146 MHz
CPU 9 active residency:  39.64% (1260 MHz: .21% 1512 MHz:   0% 1800 MHz:   0% 2088 MHz:   0% 2352 MHz:   0% 2616 MHz:   0% 2868 MHz: .16% 3096 MHz:  34% 3300 MHz: 3.3% 3468 MHz: .89% 3624 MHz:   0% 3756 MHz:   0% 3828 MHz:   0% 3888 MHz:   0% 3948 MHz:   0% 3996 MHz:   0% 4044 MHz:   0% 4104 MHz:   0% 4416 MHz:   0% 4512 MHz: .98%)
CPU 9 idle residency:  60.36%
CPU 9 down residency:   0.00%

P1-Cluster HW active frequency: 3265 MHz
P1-Cluster HW active residency:  77.61% (1260 MHz: 8.0% 1512 MHz: .07% 1800 MHz: 1.0% 2088 MHz: .52% 2352 MHz: .42% 2616 MHz: .23% 2868 MHz: .42% 3096 MHz:  31% 3300 MHz: 1.7% 3468 MHz: .42% 3624 MHz: .43% 3756 MHz:   0% 3828 MHz: .44% 3888 MHz:  11% 3948 MHz: 2.5% 3996 MHz: 4.9% 4044 MHz:  14% 4104 MHz:   0% 4416 MHz: .01% 4512 MHz: .26%)
P1-Cluster idle residency:  22.39%
P1-Cluster down residency:   0.00%
CPU 10 frequency: 3661 MHz
CPU 10 active residency:  42.81% (1260 MHz: .09% 1512 MHz:   0% 1800 MHz:   0% 2088 MHz: .08% 2352 MHz:   0% 2616 MHz:   0% 2868 MHz: .03% 3096 MHz:  24% 3300 MHz: .81% 3468 MHz:   0% 3624 MHz: .41% 3756 MHz:   0% 3828 MHz:   0% 3888 MHz:   0% 3948 MHz:   0% 3996 MHz: .01% 4044 MHz:   0% 4104 MHz: .38% 4416 MHz:   0% 4512 MHz:  17%)
CPU 10 idle residency:  57.19%
CPU 10 down residency:   0.00%
CPU 11 frequency: 3734 MHz
CPU 11 active residency:  44.00% (1260 MHz: .05% 1512 MHz:   0% 1800 MHz:   0% 2088 MHz:   0% 2352 MHz:   0% 2616 MHz:   0% 2868 MHz: .03% 3096 MHz:  23% 3300 MHz: .96% 3468 MHz:   0% 3624 MHz: .41% 3756 MHz:   0% 3828 MHz:   0% 3888 MHz:   0% 3948 MHz:   0% 3996 MHz: .01% 4044 MHz:   0% 4104 MHz: .43% 4416 MHz: .06% 4512 MHz:  19%)
CPU 11 idle residency:  56.00%
CPU 11 down residency:   0.00%
CPU 12 frequency: 3725 MHz
CPU 12 active residency:  43.16% (1260 MHz: .10% 1512 MHz: .07% 1800 MHz: .09% 2088 MHz: .08% 2352 MHz:   0% 2616 MHz: .00% 2868 MHz: .03% 3096 MHz:  22% 3300 MHz: .86% 3468 MHz: .04% 3624 MHz: .43% 3756 MHz:   0% 3828 MHz: .02% 3888 MHz:   0% 3948 MHz:   0% 3996 MHz: .06% 4044 MHz:   0% 4104 MHz: .38% 4416 MHz: .02% 4512 MHz:  19%)
CPU 12 idle residency:  56.84%
CPU 12 down residency:   0.00%
CPU 13 frequency: 3612 MHz
CPU 13 active residency:  44.51% (1260 MHz: .09% 1512 MHz:   0% 1800 MHz: .00% 2088 MHz: .27% 2352 MHz: .42% 2616 MHz: .23% 2868 MHz: .42% 3096 MHz:  24% 3300 MHz: 1.4% 3468 MHz: .42% 3624 MHz: .43% 3756 MHz:   0% 3828 MHz: .44% 3888 MHz:   0% 3948 MHz:   0% 3996 MHz: .38% 4044 MHz:   0% 4104 MHz: .42% 4416 MHz: .00% 4512 MHz:  16%)
CPU 13 idle residency:  55.49%
CPU 13 down residency:   0.00%
CPU 14 frequency: 3577 MHz
CPU 14 active residency:  42.72% (1260 MHz: .49% 1512 MHz: .00% 1800 MHz: .55% 2088 MHz: .26% 2352 MHz: .02% 2616 MHz:   0% 2868 MHz: .04% 3096 MHz:  24% 3300 MHz: 1.0% 3468 MHz: .02% 3624 MHz: .42% 3756 MHz:   0% 3828 MHz: .44% 3888 MHz:   0% 3948 MHz:   0% 3996 MHz: .32% 4044 MHz:   0% 4104 MHz: .43% 4416 MHz: .42% 4512 MHz:  14%)
CPU 14 idle residency:  57.28%
CPU 14 down residency:   0.00%
CPU 15 frequency: 3536 MHz
CPU 15 active residency:  36.38% (1260 MHz: .05% 1512 MHz:   0% 1800 MHz: .39% 2088 MHz:   0% 2352 MHz:   0% 2616 MHz:   0% 2868 MHz: .03% 3096 MHz:  23% 3300 MHz: .99% 3468 MHz:   0% 3624 MHz: .42% 3756 MHz:   0% 3828 MHz: .04% 3888 MHz:   0% 3948 MHz:   0% 3996 MHz: .01% 4044 MHz:   0% 4104 MHz: .38% 4416 MHz:   0% 4512 MHz:  11%)
CPU 15 idle residency:  63.62%
CPU 15 down residency:   0.00%

CPU Power: 13598 mW
GPU Power: 36617 mW
ANE Power: 0 mW
Combined Power (CPU + GPU + ANE): 50215 mW

**** GPU usage ****

GPU HW active frequency: 1578 MHz
GPU HW active residency: 100.00% (338 MHz:   0% 618 MHz:   0% 796 MHz:   0% 924 MHz:   0% 952 MHz:   0% 1056 MHz:   0% 1062 MHz:   0% 1182 MHz:   0% 1182 MHz:   0% 1312 MHz:   0% 1242 MHz:   0% 1380 MHz:   0% 1326 MHz:   0% 1470 MHz:   0% 1578 MHz: 100%)
GPU SW requested state: (P1 :   0% P2 :   0% P3 :   0% P4 :   0% P5 :   0% P6 :   0% P7 :   0% P8 :   0% P9 :   0% P10 : 100% P11 :   0% P12 :   0% P13 :   0% P14 :   0% P15 :   0%)
GPU SW state: (SW_P1 :   0% SW_P2 :   0% SW_P3 :   0% SW_P4 :   0% SW_P5 :   0% SW_P6 :   0% SW_P7 :   0% SW_P8 :   0% SW_P9 :   0% SW_P10 : 100% SW_P11 :   0% SW_P12 :   0% SW_P13 :   0% SW_P14 :   0% SW_P15 :   0%)
GPU idle residency:   0.00%
GPU Power: 36647 mW



*** Sampled system activity (Tue Jan 20 15:18:54 2026 +0100) (1023.03ms elapsed) ***


**** Processor usage ****

E-Cluster Online: 100%
E-Cluster HW active frequency: 1610 MHz
E-Cluster HW active residency:  47.01% (1020 MHz:  26% 1404 MHz: 2.0% 1788 MHz: 1.2% 2112 MHz: 1.7% 2352 MHz: 1.9% 2532 MHz:   0% 2592 MHz:  14%)
E-Cluster idle residency:  52.99%
E-Cluster down residency:   0.00%
CPU 0 frequency: 1617 MHz
CPU 0 active residency:  28.73% (1020 MHz:  16% 1404 MHz: 1.2% 1788 MHz: .68% 2112 MHz: .68% 2352 MHz: 1.5% 2532 MHz:   0% 2592 MHz: 8.6%)
CPU 0 idle residency:  71.27%
CPU 0 down residency:   0.00%
CPU 1 frequency: 1570 MHz
CPU 1 active residency:  22.82% (1020 MHz:  13% 1404 MHz: 1.4% 1788 MHz: .75% 2112 MHz: 1.3% 2352 MHz: .64% 2532 MHz:   0% 2592 MHz: 5.9%)
CPU 1 idle residency:  77.18%
CPU 1 down residency:   0.00%
CPU 2 frequency: 1576 MHz
CPU 2 active residency:  17.01% (1020 MHz: 9.5% 1404 MHz: .97% 1788 MHz: .79% 2112 MHz: .73% 2352 MHz: .70% 2532 MHz:   0% 2592 MHz: 4.3%)
CPU 2 idle residency:  82.99%
CPU 2 down residency:   0.00%
CPU 3 frequency: 1627 MHz
CPU 3 active residency:  11.08% (1020 MHz: 5.7% 1404 MHz: .83% 1788 MHz: .46% 2112 MHz: .59% 2352 MHz: .35% 2532 MHz:   0% 2592 MHz: 3.2%)
CPU 3 idle residency:  88.92%
CPU 3 down residency:   0.00%

P0-Cluster Online: 100%
P0-Cluster HW active frequency: 2817 MHz
P0-Cluster HW active residency:  50.18% (1260 MHz: 7.1% 1512 MHz: .13% 1800 MHz: .44% 2088 MHz:   0% 2352 MHz:   0% 2616 MHz:   0% 2868 MHz: 5.5% 3096 MHz:  35% 3300 MHz: .55% 3468 MHz:   0% 3624 MHz:   0% 3756 MHz:   0% 3828 MHz:   0% 3888 MHz: .40% 3948 MHz: .00% 3996 MHz: .00% 4044 MHz: .62% 4104 MHz:   0% 4416 MHz:   0% 4512 MHz:   0%)
P0-Cluster idle residency:  49.82%
P0-Cluster down residency:   0.00%
CPU 4 frequency: 3069 MHz
CPU 4 active residency:  40.22% (1260 MHz: .21% 1512 MHz: .00% 1800 MHz: .09% 2088 MHz:   0% 2352 MHz:   0% 2616 MHz:   0% 2868 MHz: 5.6% 3096 MHz:  33% 3300 MHz: .46% 3468 MHz:   0% 3624 MHz:   0% 3756 MHz:   0% 3828 MHz:   0% 3888 MHz:   0% 3948 MHz:   0% 3996 MHz:   0% 4044 MHz:   0% 4104 MHz:   0% 4416 MHz:   0% 4512 MHz: .40%)
CPU 4 idle residency:  59.78%
CPU 4 down residency:   0.00%
CPU 5 frequency: 3069 MHz
CPU 5 active residency:  40.26% (1260 MHz: .23% 1512 MHz: .00% 1800 MHz: .05% 2088 MHz:   0% 2352 MHz:   0% 2616 MHz:   0% 2868 MHz: 5.6% 3096 MHz:  34% 3300 MHz: .47% 3468 MHz:   0% 3624 MHz:   0% 3756 MHz:   0% 3828 MHz:   0% 3888 MHz:   0% 3948 MHz:   0% 3996 MHz:   0% 4044 MHz:   0% 4104 MHz:   0% 4416 MHz:   0% 4512 MHz: .40%)
CPU 5 idle residency:  59.74%
CPU 5 down residency:   0.00%
CPU 6 frequency: 3059 MHz
CPU 6 active residency:  39.46% (1260 MHz: .25% 1512 MHz: .00% 1800 MHz: .32% 2088 MHz:   0% 2352 MHz:   0% 2616 MHz:   0% 2868 MHz: 5.6% 3096 MHz:  32% 3300 MHz: .48% 3468 MHz:   0% 3624 MHz:   0% 3756 MHz:   0% 3828 MHz:   0% 3888 MHz:   0% 3948 MHz:   0% 3996 MHz:   0% 4044 MHz:   0% 4104 MHz:   0% 4416 MHz:   0% 4512 MHz: .40%)
CPU 6 idle residency:  60.54%
CPU 6 down residency:   0.00%
CPU 7 frequency: 3086 MHz
CPU 7 active residency:  40.54% (1260 MHz: .24% 1512 MHz: .00% 1800 MHz: .15% 2088 MHz:   0% 2352 MHz:   0% 2616 MHz:   0% 2868 MHz: 5.6% 3096 MHz:  33% 3300 MHz: .47% 3468 MHz:   0% 3624 MHz:   0% 3756 MHz:   0% 3828 MHz:   0% 3888 MHz:   0% 3948 MHz:   0% 3996 MHz:   0% 4044 MHz:   0% 4104 MHz:   0% 4416 MHz:   0% 4512 MHz: .99%)
CPU 7 idle residency:  59.46%
CPU 7 down residency:   0.00%
CPU 8 frequency: 3062 MHz
CPU 8 active residency:  40.37% (1260 MHz: .29% 1512 MHz: .00% 1800 MHz: .20% 2088 MHz:   0% 2352 MHz:   0% 2616 MHz:   0% 2868 MHz: 5.6% 3096 MHz:  33% 3300 MHz: .47% 3468 MHz:   0% 3624 MHz:   0% 3756 MHz:   0% 3828 MHz:   0% 3888 MHz:   0% 3948 MHz:   0% 3996 MHz:   0% 4044 MHz:   0% 4104 MHz:   0% 4416 MHz:   0% 4512 MHz: .40%)
CPU 8 idle residency:  59.63%
CPU 8 down residency:   0.00%
CPU 9 frequency: 3069 MHz
CPU 9 active residency:  39.80% (1260 MHz: .23% 1512 MHz: .00% 1800 MHz: .05% 2088 MHz:   0% 2352 MHz:   0% 2616 MHz:   0% 2868 MHz: 5.5% 3096 MHz:  33% 3300 MHz: .47% 3468 MHz:   0% 3624 MHz:   0% 3756 MHz:   0% 3828 MHz:   0% 3888 MHz:   0% 3948 MHz:   0% 3996 MHz:   0% 4044 MHz:   0% 4104 MHz:   0% 4416 MHz:   0% 4512 MHz: .40%)
CPU 9 idle residency:  60.20%
CPU 9 down residency:   0.00%

P1-Cluster HW active frequency: 3187 MHz
P1-Cluster HW active residency:  79.79% (1260 MHz: 9.5% 1512 MHz: .94% 1800 MHz: 1.5% 2088 MHz: .54% 2352 MHz: .21% 2616 MHz: .37% 2868 MHz: 5.5% 3096 MHz:  25% 3300 MHz: 1.8% 3468 MHz: .42% 3624 MHz: .43% 3756 MHz:   0% 3828 MHz: .44% 3888 MHz:  11% 3948 MHz: 1.2% 3996 MHz: 3.2% 4044 MHz:  17% 4104 MHz:   0% 4416 MHz: .01% 4512 MHz: .07%)
P1-Cluster idle residency:  20.21%
P1-Cluster down residency:   0.00%
CPU 10 frequency: 3625 MHz
CPU 10 active residency:  38.99% (1260 MHz: .20% 1512 MHz: .05% 1800 MHz: .39% 2088 MHz: .01% 2352 MHz:   0% 2616 MHz:   0% 2868 MHz: 3.8% 3096 MHz:  18% 3300 MHz: .88% 3468 MHz:   0% 3624 MHz: .13% 3756 MHz:   0% 3828 MHz: .33% 3888 MHz:   0% 3948 MHz:   0% 3996 MHz: .02% 4044 MHz:   0% 4104 MHz: .21% 4416 MHz: .23% 4512 MHz:  15%)
CPU 10 idle residency:  61.01%
CPU 10 down residency:   0.00%
CPU 11 frequency: 3515 MHz
CPU 11 active residency:  35.84% (1260 MHz: .07% 1512 MHz:   0% 1800 MHz: .26% 2088 MHz:   0% 2352 MHz:   0% 2616 MHz:   0% 2868 MHz: 4.0% 3096 MHz:  19% 3300 MHz: .95% 3468 MHz:   0% 3624 MHz: .09% 3756 MHz:   0% 3828 MHz: .33% 3888 MHz:   0% 3948 MHz:   0% 3996 MHz:   0% 4044 MHz:   0% 4104 MHz: .18% 4416 MHz: .21% 4512 MHz:  11%)
CPU 11 idle residency:  64.16%
CPU 11 down residency:   0.00%
CPU 12 frequency: 3503 MHz
CPU 12 active residency:  38.99% (1260 MHz: .16% 1512 MHz: .30% 1800 MHz: .57% 2088 MHz: .09% 2352 MHz:   0% 2616 MHz:   0% 2868 MHz: 4.7% 3096 MHz:  19% 3300 MHz: .96% 3468 MHz:   0% 3624 MHz: .09% 3756 MHz:   0% 3828 MHz: .34% 3888 MHz:   0% 3948 MHz:   0% 3996 MHz: .02% 4044 MHz:   0% 4104 MHz: .18% 4416 MHz: .21% 4512 MHz:  12%)
CPU 12 idle residency:  61.01%
CPU 12 down residency:   0.00%
CPU 13 frequency: 3497 MHz
CPU 13 active residency:  43.55% (1260 MHz: .18% 1512 MHz: .45% 1800 MHz: .62% 2088 MHz: .22% 2352 MHz: .22% 2616 MHz: .37% 2868 MHz: 3.9% 3096 MHz:  21% 3300 MHz: 1.1% 3468 MHz: .42% 3624 MHz: .43% 3756 MHz:   0% 3828 MHz: .44% 3888 MHz:   0% 3948 MHz:   0% 3996 MHz: .42% 4044 MHz:   0% 4104 MHz: .43% 4416 MHz: .44% 4512 MHz:  13%)
CPU 13 idle residency:  56.45%
CPU 13 down residency:   0.00%
CPU 14 frequency: 3607 MHz
CPU 14 active residency:  42.84% (1260 MHz: .04% 1512 MHz: .06% 1800 MHz: .39% 2088 MHz: .03% 2352 MHz:   0% 2616 MHz:   0% 2868 MHz: 4.6% 3096 MHz:  20% 3300 MHz: 1.1% 3468 MHz:   0% 3624 MHz: .09% 3756 MHz:   0% 3828 MHz: .33% 3888 MHz:   0% 3948 MHz:   0% 3996 MHz:   0% 4044 MHz:   0% 4104 MHz: .18% 4416 MHz: .24% 4512 MHz:  16%)
CPU 14 idle residency:  57.16%
CPU 14 down residency:   0.00%
CPU 15 frequency: 3746 MHz
CPU 15 active residency:  48.61% (1260 MHz: .07% 1512 MHz: .02% 1800 MHz: .99% 2088 MHz: .09% 2352 MHz:   0% 2616 MHz: .00% 2868 MHz: 4.0% 3096 MHz:  18% 3300 MHz: .93% 3468 MHz:   0% 3624 MHz: .09% 3756 MHz:   0% 3828 MHz: .35% 3888 MHz:   0% 3948 MHz:   0% 3996 MHz: .02% 4044 MHz:   0% 4104 MHz: .18% 4416 MHz: .22% 4512 MHz:  23%)
CPU 15 idle residency:  51.39%
CPU 15 down residency:   0.00%

CPU Power: 13276 mW
GPU Power: 36581 mW
ANE Power: 0 mW
Combined Power (CPU + GPU + ANE): 49858 mW

**** GPU usage ****

GPU HW active frequency: 1578 MHz
GPU HW active residency: 100.00% (338 MHz:   0% 618 MHz:   0% 796 MHz:   0% 924 MHz:   0% 952 MHz:   0% 1056 MHz:   0% 1062 MHz:   0% 1182 MHz:   0% 1182 MHz:   0% 1312 MHz:   0% 1242 MHz:   0% 1380 MHz:   0% 1326 MHz:   0% 1470 MHz:   0% 1578 MHz: 100%)
GPU SW requested state: (P1 :   0% P2 :   0% P3 :   0% P4 :   0% P5 :   0% P6 :   0% P7 :   0% P8 :   0% P9 :   0% P10 : 100% P11 :   0% P12 :   0% P13 :   0% P14 :   0% P15 :   0%)
GPU SW state: (SW_P1 :   0% SW_P2 :   0% SW_P3 :   0% SW_P4 :   0% SW_P5 :   0% SW_P6 :   0% SW_P7 :   0% SW_P8 :   0% SW_P9 :   0% SW_P10 : 100% SW_P11 :   0% SW_P12 :   0% SW_P13 :   0% SW_P14 :   0% SW_P15 :   0%)
GPU idle residency:   0.00%
GPU Power: 36615 mW



*** Sampled system activity (Tue Jan 20 15:18:55 2026 +0100) (1021.39ms elapsed) ***


**** Processor usage ****

E-Cluster Online: 100%
E-Cluster HW active frequency: 1643 MHz
E-Cluster HW active residency:  43.78% (1020 MHz:  23% 1404 MHz: 2.2% 1788 MHz: 1.2% 2112 MHz: 1.8% 2352 MHz: 1.5% 2532 MHz: .09% 2592 MHz:  14%)
E-Cluster idle residency:  56.22%
E-Cluster down residency:   0.00%
CPU 0 frequency: 1654 MHz
CPU 0 active residency:  26.20% (1020 MHz:  14% 1404 MHz: 1.2% 1788 MHz: .87% 2112 MHz: .73% 2352 MHz: .38% 2532 MHz: .09% 2592 MHz: 8.9%)
CPU 0 idle residency:  73.80%
CPU 0 down residency:   0.00%
CPU 1 frequency: 1636 MHz
CPU 1 active residency:  18.81% (1020 MHz:  10% 1404 MHz: 1.1% 1788 MHz: .70% 2112 MHz: .43% 2352 MHz: .36% 2532 MHz: .08% 2592 MHz: 6.1%)
CPU 1 idle residency:  81.19%
CPU 1 down residency:   0.00%
CPU 2 frequency: 1652 MHz
CPU 2 active residency:  15.45% (1020 MHz: 7.7% 1404 MHz: 1.2% 1788 MHz: .44% 2112 MHz: .98% 2352 MHz: .88% 2532 MHz: .09% 2592 MHz: 4.2%)
CPU 2 idle residency:  84.55%
CPU 2 down residency:   0.00%
CPU 3 frequency: 1636 MHz
CPU 3 active residency:   9.97% (1020 MHz: 5.2% 1404 MHz: .72% 1788 MHz: .32% 2112 MHz: .40% 2352 MHz: .20% 2532 MHz: .09% 2592 MHz: 3.1%)
CPU 3 idle residency:  90.03%
CPU 3 down residency:   0.00%

P0-Cluster Online: 100%
P0-Cluster HW active frequency: 2912 MHz
P0-Cluster HW active residency:  45.79% (1260 MHz: 4.8% 1512 MHz: .14% 1800 MHz: .48% 2088 MHz:   0% 2352 MHz:   0% 2616 MHz:   0% 2868 MHz: 1.4% 3096 MHz:  32% 3300 MHz: 5.5% 3468 MHz: .77% 3624 MHz: .43% 3756 MHz:   0% 3828 MHz:   0% 3888 MHz:   0% 3948 MHz:   0% 3996 MHz:   0% 4044 MHz:   0% 4104 MHz:   0% 4416 MHz:   0% 4512 MHz:   0%)
P0-Cluster idle residency:  54.21%
P0-Cluster down residency:   0.00%
CPU 4 frequency: 3115 MHz
CPU 4 active residency:  39.71% (1260 MHz: .25% 1512 MHz:   0% 1800 MHz: .00% 2088 MHz:   0% 2352 MHz:   0% 2616 MHz:   0% 2868 MHz: 1.4% 3096 MHz:  32% 3300 MHz: 5.2% 3468 MHz: .73% 3624 MHz: .41% 3756 MHz:   0% 3828 MHz:   0% 3888 MHz:   0% 3948 MHz:   0% 3996 MHz:   0% 4044 MHz:   0% 4104 MHz:   0% 4416 MHz:   0% 4512 MHz:   0%)
CPU 4 idle residency:  60.29%
CPU 4 down residency:   0.00%
CPU 5 frequency: 3116 MHz
CPU 5 active residency:  39.74% (1260 MHz: .23% 1512 MHz:   0% 1800 MHz: .00% 2088 MHz:   0% 2352 MHz:   0% 2616 MHz:   0% 2868 MHz: 1.4% 3096 MHz:  32% 3300 MHz: 5.2% 3468 MHz: .74% 3624 MHz: .42% 3756 MHz:   0% 3828 MHz:   0% 3888 MHz:   0% 3948 MHz:   0% 3996 MHz:   0% 4044 MHz:   0% 4104 MHz:   0% 4416 MHz:   0% 4512 MHz:   0%)
CPU 5 idle residency:  60.26%
CPU 5 down residency:   0.00%
CPU 6 frequency: 3094 MHz
CPU 6 active residency:  40.34% (1260 MHz: .25% 1512 MHz: .13% 1800 MHz: .48% 2088 MHz:   0% 2352 MHz:   0% 2616 MHz:   0% 2868 MHz: 1.4% 3096 MHz:  32% 3300 MHz: 5.2% 3468 MHz: .73% 3624 MHz: .41% 3756 MHz:   0% 3828 MHz:   0% 3888 MHz:   0% 3948 MHz:   0% 3996 MHz:   0% 4044 MHz:   0% 4104 MHz:   0% 4416 MHz:   0% 4512 MHz:   0%)
CPU 6 idle residency:  59.66%
CPU 6 down residency:   0.00%
CPU 7 frequency: 3114 MHz
CPU 7 active residency:  39.62% (1260 MHz: .27% 1512 MHz:   0% 1800 MHz: .00% 2088 MHz:   0% 2352 MHz:   0% 2616 MHz:   0% 2868 MHz: 1.4% 3096 MHz:  32% 3300 MHz: 5.1% 3468 MHz: .73% 3624 MHz: .41% 3756 MHz:   0% 3828 MHz:   0% 3888 MHz:   0% 3948 MHz:   0% 3996 MHz:   0% 4044 MHz:   0% 4104 MHz:   0% 4416 MHz:   0% 4512 MHz:   0%)
CPU 7 idle residency:  60.38%
CPU 7 down residency:   0.00%
CPU 8 frequency: 3115 MHz
CPU 8 active residency:  39.65% (1260 MHz: .26% 1512 MHz:   0% 1800 MHz: .00% 2088 MHz:   0% 2352 MHz:   0% 2616 MHz:   0% 2868 MHz: 1.4% 3096 MHz:  32% 3300 MHz: 5.2% 3468 MHz: .73% 3624 MHz: .41% 3756 MHz:   0% 3828 MHz:   0% 3888 MHz:   0% 3948 MHz:   0% 3996 MHz:   0% 4044 MHz:   0% 4104 MHz:   0% 4416 MHz:   0% 4512 MHz:   0%)
CPU 8 idle residency:  60.35%
CPU 8 down residency:   0.00%
CPU 9 frequency: 3115 MHz
CPU 9 active residency:  39.74% (1260 MHz: .26% 1512 MHz:   0% 1800 MHz: .00% 2088 MHz:   0% 2352 MHz:   0% 2616 MHz:   0% 2868 MHz: 1.4% 3096 MHz:  32% 3300 MHz: 5.2% 3468 MHz: .74% 3624 MHz: .42% 3756 MHz:   0% 3828 MHz:   0% 3888 MHz:   0% 3948 MHz:   0% 3996 MHz:   0% 4044 MHz:   0% 4104 MHz:   0% 4416 MHz:   0% 4512 MHz:   0%)
CPU 9 idle residency:  60.26%
CPU 9 down residency:   0.00%

P1-Cluster HW active frequency: 3244 MHz
P1-Cluster HW active residency:  82.40% (1260 MHz: 9.3% 1512 MHz: .36% 1800 MHz: 1.2% 2088 MHz: .91% 2352 MHz: .22% 2616 MHz: .30% 2868 MHz: .45% 3096 MHz:  25% 3300 MHz: 8.2% 3468 MHz: 2.2% 3624 MHz: 1.0% 3756 MHz:   0% 3828 MHz: .43% 3888 MHz:  11% 3948 MHz: 2.1% 3996 MHz: 5.6% 4044 MHz:  15% 4104 MHz:   0% 4416 MHz:   0% 4512 MHz:   0%)
P1-Cluster idle residency:  17.60%
P1-Cluster down residency:   0.00%
CPU 10 frequency: 3622 MHz
CPU 10 active residency:  47.26% (1260 MHz: .07% 1512 MHz: .31% 1800 MHz: .67% 2088 MHz: .70% 2352 MHz: .22% 2616 MHz: .19% 2868 MHz: .45% 3096 MHz:  18% 3300 MHz: 5.2% 3468 MHz: 1.8% 3624 MHz: .88% 3756 MHz:   0% 3828 MHz: .43% 3888 MHz:   0% 3948 MHz:   0% 3996 MHz: .44% 4044 MHz:   0% 4104 MHz: .42% 4416 MHz: .43% 4512 MHz:  17%)
CPU 10 idle residency:  52.74%
CPU 10 down residency:   0.00%
CPU 11 frequency: 3597 MHz
CPU 11 active residency:  37.96% (1260 MHz: .03% 1512 MHz:   0% 1800 MHz:   0% 2088 MHz:   0% 2352 MHz:   0% 2616 MHz: .00% 2868 MHz: .02% 3096 MHz:  19% 3300 MHz: 5.4% 3468 MHz: .77% 3624 MHz: .66% 3756 MHz:   0% 3828 MHz: .19% 3888 MHz:   0% 3948 MHz:   0% 3996 MHz:   0% 4044 MHz:   0% 4104 MHz: .30% 4416 MHz: .11% 4512 MHz:  12%)
CPU 11 idle residency:  62.04%
CPU 11 down residency:   0.00%
CPU 12 frequency: 3672 MHz
CPU 12 active residency:  45.28% (1260 MHz: .05% 1512 MHz: .00% 1800 MHz: .02% 2088 MHz: .04% 2352 MHz: .00% 2616 MHz: .03% 2868 MHz: .02% 3096 MHz:  20% 3300 MHz: 6.3% 3468 MHz: .86% 3624 MHz: .74% 3756 MHz:   0% 3828 MHz: .20% 3888 MHz:   0% 3948 MHz:   0% 3996 MHz: .02% 4044 MHz:   0% 4104 MHz: .30% 4416 MHz: .11% 4512 MHz:  17%)
CPU 12 idle residency:  54.72%
CPU 12 down residency:   0.00%
CPU 13 frequency: 3732 MHz
CPU 13 active residency:  43.07% (1260 MHz: .15% 1512 MHz: .00% 1800 MHz:   0% 2088 MHz: .21% 2352 MHz:   0% 2616 MHz: .04% 2868 MHz: .02% 3096 MHz:  18% 3300 MHz: 4.9% 3468 MHz: .61% 3624 MHz: .65% 3756 MHz:   0% 3828 MHz: .23% 3888 MHz:   0% 3948 MHz:   0% 3996 MHz: .02% 4044 MHz:   0% 4104 MHz: .34% 4416 MHz: .11% 4512 MHz:  18%)
CPU 13 idle residency:  56.93%
CPU 13 down residency:   0.00%
CPU 14 frequency: 3683 MHz
CPU 14 active residency:  40.74% (1260 MHz: .10% 1512 MHz:   0% 1800 MHz:   0% 2088 MHz: .04% 2352 MHz:   0% 2616 MHz: .00% 2868 MHz: .02% 3096 MHz:  18% 3300 MHz: 5.0% 3468 MHz: .38% 3624 MHz: .65% 3756 MHz:   0% 3828 MHz: .19% 3888 MHz:   0% 3948 MHz:   0% 3996 MHz: .02% 4044 MHz:   0% 4104 MHz: .30% 4416 MHz: .13% 4512 MHz:  16%)
CPU 14 idle residency:  59.26%
CPU 14 down residency:   0.00%
CPU 15 frequency: 3706 MHz
CPU 15 active residency:  35.97% (1260 MHz: .07% 1512 MHz:   0% 1800 MHz: .54% 2088 MHz: .03% 2352 MHz: .02% 2616 MHz:   0% 2868 MHz: .02% 3096 MHz:  14% 3300 MHz: 4.7% 3468 MHz: .81% 3624 MHz: .37% 3756 MHz:   0% 3828 MHz: .22% 3888 MHz:   0% 3948 MHz:   0% 3996 MHz: .02% 4044 MHz:   0% 4104 MHz: .30% 4416 MHz: .13% 4512 MHz:  15%)
CPU 15 idle residency:  64.03%
CPU 15 down residency:   0.00%

CPU Power: 13469 mW
GPU Power: 36516 mW
ANE Power: 0 mW
Combined Power (CPU + GPU + ANE): 49985 mW

**** GPU usage ****

GPU HW active frequency: 1578 MHz
GPU HW active residency: 100.00% (338 MHz:   0% 618 MHz:   0% 796 MHz:   0% 924 MHz:   0% 952 MHz:   0% 1056 MHz:   0% 1062 MHz:   0% 1182 MHz:   0% 1182 MHz:   0% 1312 MHz:   0% 1242 MHz:   0% 1380 MHz:   0% 1326 MHz:   0% 1470 MHz:   0% 1578 MHz: 100%)
GPU SW requested state: (P1 :   0% P2 :   0% P3 :   0% P4 :   0% P5 :   0% P6 :   0% P7 :   0% P8 :   0% P9 :   0% P10 : 100% P11 :   0% P12 :   0% P13 :   0% P14 :   0% P15 :   0%)
GPU SW state: (SW_P1 :   0% SW_P2 :   0% SW_P3 :   0% SW_P4 :   0% SW_P5 :   0% SW_P6 :   0% SW_P7 :   0% SW_P8 :   0% SW_P9 :   0% SW_P10 : 100% SW_P11 :   0% SW_P12 :   0% SW_P13 :   0% SW_P14 :   0% SW_P15 :   0%)
GPU idle residency:   0.00%
GPU Power: 36489 mW



*** Sampled system activity (Tue Jan 20 15:18:56 2026 +0100) (1019.52ms elapsed) ***


**** Processor usage ****

E-Cluster Online: 100%
E-Cluster HW active frequency: 1560 MHz
E-Cluster HW active residency:  47.14% (1020 MHz:  28% 1404 MHz: 2.4% 1788 MHz: 1.7% 2112 MHz: 1.1% 2352 MHz: 1.4% 2532 MHz: .25% 2592 MHz:  13%)
E-Cluster idle residency:  52.86%
E-Cluster down residency:   0.00%
CPU 0 frequency: 1579 MHz
CPU 0 active residency:  28.59% (1020 MHz:  16% 1404 MHz: 1.5% 1788 MHz: 1.2% 2112 MHz: .53% 2352 MHz: .49% 2532 MHz: .05% 2592 MHz: 8.4%)
CPU 0 idle residency:  71.41%
CPU 0 down residency:   0.00%
CPU 1 frequency: 1549 MHz
CPU 1 active residency:  20.94% (1020 MHz:  13% 1404 MHz: .92% 1788 MHz: .80% 2112 MHz: .42% 2352 MHz: .69% 2532 MHz: .05% 2592 MHz: 5.5%)
CPU 1 idle residency:  79.06%
CPU 1 down residency:   0.00%
CPU 2 frequency: 1597 MHz
CPU 2 active residency:  12.36% (1020 MHz: 7.2% 1404 MHz: .40% 1788 MHz: .25% 2112 MHz: .30% 2352 MHz: .39% 2532 MHz: .03% 2592 MHz: 3.8%)
CPU 2 idle residency:  87.64%
CPU 2 down residency:   0.00%
CPU 3 frequency: 1680 MHz
CPU 3 active residency:  11.12% (1020 MHz: 5.4% 1404 MHz: .91% 1788 MHz: .39% 2112 MHz: .41% 2352 MHz: .51% 2532 MHz: .23% 2592 MHz: 3.3%)
CPU 3 idle residency:  88.88%
CPU 3 down residency:   0.00%

P0-Cluster Online: 100%
P0-Cluster HW active frequency: 3406 MHz
P0-Cluster HW active residency:  66.28% (1260 MHz: 3.7% 1512 MHz: .53% 1800 MHz: .41% 2088 MHz:   0% 2352 MHz: .14% 2616 MHz: .21% 2868 MHz: 1.8% 3096 MHz:  24% 3300 MHz: 3.0% 3468 MHz: .14% 3624 MHz:   0% 3756 MHz:   0% 3828 MHz:   0% 3888 MHz:  10% 3948 MHz: 1.2% 3996 MHz: 2.8% 4044 MHz:  17% 4104 MHz:   0% 4416 MHz:   0% 4512 MHz: .17%)
P0-Cluster idle residency:  33.72%
P0-Cluster down residency:   0.00%
CPU 4 frequency: 3538 MHz
CPU 4 active residency:  39.98% (1260 MHz: .16% 1512 MHz:   0% 1800 MHz:   0% 2088 MHz:   0% 2352 MHz:   0% 2616 MHz:   0% 2868 MHz: 1.7% 3096 MHz:  23% 3300 MHz: 1.9% 3468 MHz: .14% 3624 MHz:   0% 3756 MHz:   0% 3828 MHz:   0% 3888 MHz:   0% 3948 MHz:   0% 3996 MHz:   0% 4044 MHz:   0% 4104 MHz:   0% 4416 MHz:   0% 4512 MHz:  13%)
CPU 4 idle residency:  60.02%
CPU 4 down residency:   0.00%
CPU 5 frequency: 3601 MHz
CPU 5 active residency:  44.79% (1260 MHz: .17% 1512 MHz: .38% 1800 MHz: .15% 2088 MHz:   0% 2352 MHz:   0% 2616 MHz: .21% 2868 MHz: 1.8% 3096 MHz:  23% 3300 MHz: 2.0% 3468 MHz: .11% 3624 MHz:   0% 3756 MHz:   0% 3828 MHz:   0% 3888 MHz:   0% 3948 MHz:   0% 3996 MHz:   0% 4044 MHz:   0% 4104 MHz:   0% 4416 MHz:   0% 4512 MHz:  17%)
CPU 5 idle residency:  55.21%
CPU 5 down residency:   0.00%
CPU 6 frequency: 3712 MHz
CPU 6 active residency:  48.34% (1260 MHz: .15% 1512 MHz:   0% 1800 MHz:   0% 2088 MHz:   0% 2352 MHz:   0% 2616 MHz:   0% 2868 MHz: 1.7% 3096 MHz:  23% 3300 MHz: 1.8% 3468 MHz: .14% 3624 MHz:   0% 3756 MHz:   0% 3828 MHz:   0% 3888 MHz:   0% 3948 MHz:   0% 3996 MHz:   0% 4044 MHz:   0% 4104 MHz:   0% 4416 MHz:   0% 4512 MHz:  21%)
CPU 6 idle residency:  51.66%
CPU 6 down residency:   0.00%
CPU 7 frequency: 3526 MHz
CPU 7 active residency:  40.09% (1260 MHz: .15% 1512 MHz: .15% 1800 MHz: .18% 2088 MHz:   0% 2352 MHz: .00% 2616 MHz:   0% 2868 MHz: 1.7% 3096 MHz:  23% 3300 MHz: 2.0% 3468 MHz: .14% 3624 MHz:   0% 3756 MHz:   0% 3828 MHz:   0% 3888 MHz:   0% 3948 MHz:   0% 3996 MHz:   0% 4044 MHz:   0% 4104 MHz:   0% 4416 MHz:   0% 4512 MHz:  13%)
CPU 7 idle residency:  59.91%
CPU 7 down residency:   0.00%
CPU 8 frequency: 3539 MHz
CPU 8 active residency:  40.71% (1260 MHz: .17% 1512 MHz:   0% 1800 MHz:   0% 2088 MHz:   0% 2352 MHz: .14% 2616 MHz: .00% 2868 MHz: 1.7% 3096 MHz:  24% 3300 MHz: 2.0% 3468 MHz: .14% 3624 MHz:   0% 3756 MHz:   0% 3828 MHz:   0% 3888 MHz:   0% 3948 MHz:   0% 3996 MHz:   0% 4044 MHz:   0% 4104 MHz:   0% 4416 MHz:   0% 4512 MHz:  13%)
CPU 8 idle residency:  59.29%
CPU 8 down residency:   0.00%
CPU 9 frequency: 3546 MHz
CPU 9 active residency:  40.06% (1260 MHz: .13% 1512 MHz:   0% 1800 MHz:   0% 2088 MHz:   0% 2352 MHz:   0% 2616 MHz:   0% 2868 MHz: 1.7% 3096 MHz:  23% 3300 MHz: 1.9% 3468 MHz: .08% 3624 MHz:   0% 3756 MHz:   0% 3828 MHz:   0% 3888 MHz:   0% 3948 MHz:   0% 3996 MHz:   0% 4044 MHz:   0% 4104 MHz:   0% 4416 MHz:   0% 4512 MHz:  13%)
CPU 9 idle residency:  59.94%
CPU 9 down residency:   0.00%

P1-Cluster HW active frequency: 2743 MHz
P1-Cluster HW active residency:  65.13% (1260 MHz:  12% 1512 MHz: .60% 1800 MHz: .63% 2088 MHz: 2.2% 2352 MHz: .33% 2616 MHz: .53% 2868 MHz: 2.5% 3096 MHz:  39% 3300 MHz: 4.8% 3468 MHz: .96% 3624 MHz: .44% 3756 MHz: .43% 3828 MHz:   0% 3888 MHz: .45% 3948 MHz: .01% 3996 MHz: .36% 4044 MHz: .75% 4104 MHz:   0% 4416 MHz:   0% 4512 MHz:   0%)
P1-Cluster idle residency:  34.87%
P1-Cluster down residency:   0.00%
CPU 10 frequency: 3109 MHz
CPU 10 active residency:  37.59% (1260 MHz: .13% 1512 MHz:   0% 1800 MHz:   0% 2088 MHz: .59% 2352 MHz: .16% 2616 MHz:   0% 2868 MHz: 1.6% 3096 MHz:  30% 3300 MHz: 3.5% 3468 MHz: .65% 3624 MHz:   0% 3756 MHz: .33% 3828 MHz:   0% 3888 MHz:   0% 3948 MHz:   0% 3996 MHz: .11% 4044 MHz:   0% 4104 MHz:   0% 4416 MHz: .39% 4512 MHz:   0%)
CPU 10 idle residency:  62.41%
CPU 10 down residency:   0.00%
CPU 11 frequency: 3106 MHz
CPU 11 active residency:  40.27% (1260 MHz: .23% 1512 MHz: .07% 1800 MHz: .18% 2088 MHz: .18% 2352 MHz:   0% 2616 MHz:   0% 2868 MHz: 2.0% 3096 MHz:  33% 3300 MHz: 3.6% 3468 MHz: .69% 3624 MHz:   0% 3756 MHz: .34% 3828 MHz:   0% 3888 MHz:   0% 3948 MHz:   0% 3996 MHz: .07% 4044 MHz:   0% 4104 MHz:   0% 4416 MHz: .39% 4512 MHz:   0%)
CPU 11 idle residency:  59.73%
CPU 11 down residency:   0.00%
CPU 12 frequency: 3107 MHz
CPU 12 active residency:  39.44% (1260 MHz: .14% 1512 MHz: .02% 1800 MHz: .32% 2088 MHz: .07% 2352 MHz: .12% 2616 MHz:   0% 2868 MHz: 2.0% 3096 MHz:  32% 3300 MHz: 3.4% 3468 MHz: .66% 3624 MHz:   0% 3756 MHz: .38% 3828 MHz:   0% 3888 MHz:   0% 3948 MHz:   0% 3996 MHz: .08% 4044 MHz:   0% 4104 MHz:   0% 4416 MHz: .39% 4512 MHz:   0%)
CPU 12 idle residency:  60.56%
CPU 12 down residency:   0.00%
CPU 13 frequency: 3117 MHz
CPU 13 active residency:  39.43% (1260 MHz: .16% 1512 MHz:   0% 1800 MHz: .13% 2088 MHz:   0% 2352 MHz:   0% 2616 MHz:   0% 2868 MHz: 1.9% 3096 MHz:  32% 3300 MHz: 3.4% 3468 MHz: .65% 3624 MHz:   0% 3756 MHz: .33% 3828 MHz:   0% 3888 MHz:   0% 3948 MHz:   0% 3996 MHz: .06% 4044 MHz:   0% 4104 MHz:   0% 4416 MHz: .39% 4512 MHz:   0%)
CPU 13 idle residency:  60.57%
CPU 13 down residency:   0.00%
CPU 14 frequency: 3094 MHz
CPU 14 active residency:  42.35% (1260 MHz: .20% 1512 MHz: .52% 1800 MHz: .33% 2088 MHz: .95% 2352 MHz: .05% 2616 MHz: .53% 2868 MHz: 2.1% 3096 MHz:  31% 3300 MHz: 3.4% 3468 MHz: .95% 3624 MHz: .44% 3756 MHz: .43% 3828 MHz:   0% 3888 MHz:   0% 3948 MHz:   0% 3996 MHz: .43% 4044 MHz:   0% 4104 MHz: .44% 4416 MHz: .42% 4512 MHz: .24%)
CPU 14 idle residency:  57.65%
CPU 14 down residency:   0.00%
CPU 15 frequency: 3111 MHz
CPU 15 active residency:  35.67% (1260 MHz: .21% 1512 MHz: .03% 1800 MHz: .11% 2088 MHz: .24% 2352 MHz: .00% 2616 MHz: .00% 2868 MHz: 1.4% 3096 MHz:  29% 3300 MHz: 3.1% 3468 MHz: .68% 3624 MHz:   0% 3756 MHz: .34% 3828 MHz:   0% 3888 MHz:   0% 3948 MHz:   0% 3996 MHz: .06% 4044 MHz:   0% 4104 MHz:   0% 4416 MHz: .39% 4512 MHz:   0%)
CPU 15 idle residency:  64.33%
CPU 15 down residency:   0.00%

CPU Power: 13524 mW
GPU Power: 36782 mW
ANE Power: 0 mW
Combined Power (CPU + GPU + ANE): 50306 mW

**** GPU usage ****

GPU HW active frequency: 1578 MHz
GPU HW active residency: 100.00% (338 MHz:   0% 618 MHz:   0% 796 MHz:   0% 924 MHz:   0% 952 MHz:   0% 1056 MHz:   0% 1062 MHz:   0% 1182 MHz:   0% 1182 MHz:   0% 1312 MHz:   0% 1242 MHz:   0% 1380 MHz:   0% 1326 MHz:   0% 1470 MHz:   0% 1578 MHz: 100%)
GPU SW requested state: (P1 :   0% P2 :   0% P3 :   0% P4 :   0% P5 :   0% P6 :   0% P7 :   0% P8 :   0% P9 :   0% P10 : 100% P11 :   0% P12 :   0% P13 :   0% P14 :   0% P15 :   0%)
GPU SW state: (SW_P1 :   0% SW_P2 :   0% SW_P3 :   0% SW_P4 :   0% SW_P5 :   0% SW_P6 :   0% SW_P7 :   0% SW_P8 :   0% SW_P9 :   0% SW_P10 : 100% SW_P11 :   0% SW_P12 :   0% SW_P13 :   0% SW_P14 :   0% SW_P15 :   0%)
GPU idle residency:   0.00%
GPU Power: 36481 mW



*** Sampled system activity (Tue Jan 20 15:18:57 2026 +0100) (1019.38ms elapsed) ***


**** Processor usage ****

E-Cluster Online: 100%
E-Cluster HW active frequency: 1440 MHz
E-Cluster HW active residency:  35.58% (1020 MHz:  22% 1404 MHz: 2.1% 1788 MHz: 2.7% 2112 MHz: 2.8% 2352 MHz: 1.6% 2532 MHz: .49% 2592 MHz: 3.9%)
E-Cluster idle residency:  64.42%
E-Cluster down residency:   0.00%
CPU 0 frequency: 1436 MHz
CPU 0 active residency:  19.80% (1020 MHz:  12% 1404 MHz: 1.3% 1788 MHz: 1.9% 2112 MHz: 1.3% 2352 MHz: .70% 2532 MHz: .05% 2592 MHz: 2.5%)
CPU 0 idle residency:  80.20%
CPU 0 down residency:   0.00%
CPU 1 frequency: 1469 MHz
CPU 1 active residency:  14.27% (1020 MHz: 8.1% 1404 MHz: 1.1% 1788 MHz: 1.2% 2112 MHz: 1.8% 2352 MHz: .47% 2532 MHz: .29% 2592 MHz: 1.3%)
CPU 1 idle residency:  85.73%
CPU 1 down residency:   0.00%
CPU 2 frequency: 1367 MHz
CPU 2 active residency:   8.99% (1020 MHz: 6.0% 1404 MHz: .58% 1788 MHz: .41% 2112 MHz: .79% 2352 MHz: .39% 2532 MHz: .19% 2592 MHz: .59%)
CPU 2 idle residency:  91.01%
CPU 2 down residency:   0.00%
CPU 3 frequency: 1489 MHz
CPU 3 active residency:   6.49% (1020 MHz: 3.6% 1404 MHz: .56% 1788 MHz: .26% 2112 MHz: .92% 2352 MHz: .55% 2532 MHz: .06% 2592 MHz: .52%)
CPU 3 idle residency:  93.51%
CPU 3 down residency:   0.00%

P0-Cluster Online: 57%
P0-Cluster HW active frequency: 2741 MHz
P0-Cluster HW active residency:  19.90% (1260 MHz: 4.0% 1512 MHz:   0% 1800 MHz:   0% 2088 MHz:   0% 2352 MHz:   0% 2616 MHz:   0% 2868 MHz: .36% 3096 MHz:  14% 3300 MHz: 1.5% 3468 MHz:   0% 3624 MHz:   0% 3756 MHz:   0% 3828 MHz:   0% 3888 MHz:   0% 3948 MHz:   0% 3996 MHz:   0% 4044 MHz:   0% 4104 MHz:   0% 4416 MHz:   0% 4512 MHz:   0%)
P0-Cluster idle residency:  38.05%
P0-Cluster down residency:  42.06%
CPU 4 frequency: 3102 MHz
CPU 4 active residency:  14.90% (1260 MHz: .09% 1512 MHz:   0% 1800 MHz:   0% 2088 MHz:   0% 2352 MHz:   0% 2616 MHz:   0% 2868 MHz: .00% 3096 MHz:  14% 3300 MHz: 1.2% 3468 MHz:   0% 3624 MHz:   0% 3756 MHz:   0% 3828 MHz:   0% 3888 MHz:   0% 3948 MHz:   0% 3996 MHz:   0% 4044 MHz:   0% 4104 MHz:   0% 4416 MHz:   0% 4512 MHz:   0%)
CPU 4 idle residency:  42.98%
CPU 4 down residency:  42.12%
CPU 5 frequency: 3099 MHz
CPU 5 active residency:  14.69% (1260 MHz: .11% 1512 MHz:   0% 1800 MHz:   0% 2088 MHz:   0% 2352 MHz:   0% 2616 MHz:   0% 2868 MHz: .00% 3096 MHz:  13% 3300 MHz: 1.2% 3468 MHz:   0% 3624 MHz:   0% 3756 MHz:   0% 3828 MHz:   0% 3888 MHz:   0% 3948 MHz:   0% 3996 MHz:   0% 4044 MHz:   0% 4104 MHz:   0% 4416 MHz:   0% 4512 MHz:   0%)
CPU 5 idle residency:  43.20%
CPU 5 down residency:  42.12%
CPU 6 frequency: 3100 MHz
CPU 6 active residency:  14.57% (1260 MHz: .10% 1512 MHz:   0% 1800 MHz:   0% 2088 MHz:   0% 2352 MHz:   0% 2616 MHz:   0% 2868 MHz:   0% 3096 MHz:  13% 3300 MHz: 1.2% 3468 MHz:   0% 3624 MHz:   0% 3756 MHz:   0% 3828 MHz:   0% 3888 MHz:   0% 3948 MHz:   0% 3996 MHz:   0% 4044 MHz:   0% 4104 MHz:   0% 4416 MHz:   0% 4512 MHz:   0%)
CPU 6 idle residency:  43.31%
CPU 6 down residency:  42.12%
CPU 7 frequency: 3097 MHz
CPU 7 active residency:  15.45% (1260 MHz: .09% 1512 MHz:   0% 1800 MHz:   0% 2088 MHz:   0% 2352 MHz:   0% 2616 MHz:   0% 2868 MHz: .36% 3096 MHz:  14% 3300 MHz: 1.3% 3468 MHz:   0% 3624 MHz:   0% 3756 MHz:   0% 3828 MHz:   0% 3888 MHz:   0% 3948 MHz:   0% 3996 MHz:   0% 4044 MHz:   0% 4104 MHz:   0% 4416 MHz:   0% 4512 MHz:   0%)
CPU 7 idle residency:  42.43%
CPU 7 down residency:  42.12%
CPU 8 frequency: 3100 MHz
CPU 8 active residency:  14.76% (1260 MHz: .10% 1512 MHz:   0% 1800 MHz:   0% 2088 MHz:   0% 2352 MHz:   0% 2616 MHz:   0% 2868 MHz: .01% 3096 MHz:  13% 3300 MHz: 1.2% 3468 MHz:   0% 3624 MHz:   0% 3756 MHz:   0% 3828 MHz:   0% 3888 MHz:   0% 3948 MHz:   0% 3996 MHz:   0% 4044 MHz:   0% 4104 MHz:   0% 4416 MHz:   0% 4512 MHz:   0%)
CPU 8 idle residency:  43.12%
CPU 8 down residency:  42.12%
CPU 9 frequency: 3097 MHz
CPU 9 active residency:  14.01% (1260 MHz: .13% 1512 MHz:   0% 1800 MHz:   0% 2088 MHz:   0% 2352 MHz:   0% 2616 MHz:   0% 2868 MHz:   0% 3096 MHz:  13% 3300 MHz: 1.2% 3468 MHz:   0% 3624 MHz:   0% 3756 MHz:   0% 3828 MHz:   0% 3888 MHz:   0% 3948 MHz:   0% 3996 MHz:   0% 4044 MHz:   0% 4104 MHz:   0% 4416 MHz:   0% 4512 MHz:   0%)
CPU 9 idle residency:  43.87%
CPU 9 down residency:  42.12%

P1-Cluster HW active frequency: 3194 MHz
P1-Cluster HW active residency:  71.90% (1260 MHz: 8.5% 1512 MHz: 1.7% 1800 MHz: 2.4% 2088 MHz: 2.3% 2352 MHz: 1.7% 2616 MHz: 1.1% 2868 MHz: .97% 3096 MHz:  17% 3300 MHz: 3.0% 3468 MHz: .43% 3624 MHz: .43% 3756 MHz:   0% 3828 MHz:   0% 3888 MHz: .46% 3948 MHz: .09% 3996 MHz: 3.0% 4044 MHz:  28% 4104 MHz:   0% 4416 MHz: .01% 4512 MHz: 1.3%)
P1-Cluster idle residency:  28.10%
P1-Cluster down residency:   0.00%
CPU 10 frequency: 2934 MHz
CPU 10 active residency:  16.73% (1260 MHz: .04% 1512 MHz: .42% 1800 MHz: .64% 2088 MHz: .65% 2352 MHz: .64% 2616 MHz: .64% 2868 MHz: .12% 3096 MHz:  13% 3300 MHz: .93% 3468 MHz:   0% 3624 MHz:   0% 3756 MHz:   0% 3828 MHz:   0% 3888 MHz:   0% 3948 MHz:   0% 3996 MHz:   0% 4044 MHz:   0% 4104 MHz:   0% 4416 MHz:   0% 4512 MHz: .09%)
CPU 10 idle residency:  83.27%
CPU 10 down residency:   0.00%
CPU 11 frequency: 3605 MHz
CPU 11 active residency:  40.71% (1260 MHz: .14% 1512 MHz: .55% 1800 MHz: 1.5% 2088 MHz: 1.3% 2352 MHz: .85% 2616 MHz: .43% 2868 MHz: .86% 3096 MHz:  14% 3300 MHz: 1.7% 3468 MHz: .43% 3624 MHz: .43% 3756 MHz:   0% 3828 MHz:   0% 3888 MHz: .43% 3948 MHz:   0% 3996 MHz:   0% 4044 MHz: .46% 4104 MHz:   0% 4416 MHz: .44% 4512 MHz:  17%)
CPU 11 idle residency:  59.29%
CPU 11 down residency:   0.00%
CPU 12 frequency: 3755 MHz
CPU 12 active residency:  26.75% (1260 MHz: .04% 1512 MHz:   0% 1800 MHz: .00% 2088 MHz: .01% 2352 MHz:   0% 2616 MHz:   0% 2868 MHz:   0% 3096 MHz:  13% 3300 MHz: 1.1% 3468 MHz:   0% 3624 MHz:   0% 3756 MHz:   0% 3828 MHz:   0% 3888 MHz:   0% 3948 MHz:   0% 3996 MHz:   0% 4044 MHz:   0% 4104 MHz:   0% 4416 MHz:   0% 4512 MHz:  12%)
CPU 12 idle residency:  73.25%
CPU 12 down residency:   0.00%
CPU 13 frequency: 3151 MHz
CPU 13 active residency:  13.79% (1260 MHz: .09% 1512 MHz: .23% 1800 MHz: .17% 2088 MHz: .01% 2352 MHz:   0% 2616 MHz: .28% 2868 MHz: .13% 3096 MHz:  11% 3300 MHz: .80% 3468 MHz:   0% 3624 MHz:   0% 3756 MHz:   0% 3828 MHz:   0% 3888 MHz:   0% 3948 MHz:   0% 3996 MHz:   0% 4044 MHz:   0% 4104 MHz:   0% 4416 MHz:   0% 4512 MHz: 1.1%)
CPU 13 idle residency:  86.21%
CPU 13 down residency:   0.00%
CPU 14 frequency: 3198 MHz
CPU 14 active residency:  14.31% (1260 MHz: .09% 1512 MHz: .01% 1800 MHz: .00% 2088 MHz: .04% 2352 MHz: .29% 2616 MHz: .64% 2868 MHz: .12% 3096 MHz:  11% 3300 MHz: .91% 3468 MHz:   0% 3624 MHz:   0% 3756 MHz:   0% 3828 MHz:   0% 3888 MHz:   0% 3948 MHz:   0% 3996 MHz:   0% 4044 MHz:   0% 4104 MHz:   0% 4416 MHz:   0% 4512 MHz: 1.4%)
CPU 14 idle residency:  85.69%
CPU 14 down residency:   0.00%
CPU 15 frequency: 3275 MHz
CPU 15 active residency:  17.47% (1260 MHz: .12% 1512 MHz: .26% 1800 MHz: .01% 2088 MHz: .35% 2352 MHz: .03% 2616 MHz: .01% 2868 MHz:   0% 3096 MHz:  13% 3300 MHz: 1.1% 3468 MHz:   0% 3624 MHz:   0% 3756 MHz:   0% 3828 MHz:   0% 3888 MHz:   0% 3948 MHz:   0% 3996 MHz:   0% 4044 MHz:   0% 4104 MHz:   0% 4416 MHz:   0% 4512 MHz: 2.8%)
CPU 15 idle residency:  82.53%
CPU 15 down residency:   0.00%

CPU Power: 5826 mW
GPU Power: 13560 mW
ANE Power: 0 mW
Combined Power (CPU + GPU + ANE): 19386 mW

**** GPU usage ****

GPU HW active frequency: 1532 MHz
GPU HW active residency:  39.02% (338 MHz: 1.5% 618 MHz:   0% 796 MHz:   0% 924 MHz:   0% 952 MHz:   0% 1056 MHz:   0% 1062 MHz:   0% 1182 MHz:   0% 1182 MHz:   0% 1312 MHz:   0% 1242 MHz:   0% 1380 MHz:   0% 1326 MHz:   0% 1470 MHz:   0% 1578 MHz:  38%)
GPU SW requested state: (P1 : 3.7% P2 :   0% P3 :   0% P4 :   0% P5 :   0% P6 :   0% P7 :   0% P8 :   0% P9 :   0% P10 :  96% P11 :   0% P12 :   0% P13 :   0% P14 :   0% P15 :   0%)
GPU SW state: (SW_P1 : 1.5% SW_P2 :   0% SW_P3 :   0% SW_P4 :   0% SW_P5 :   0% SW_P6 :   0% SW_P7 :   0% SW_P8 :   0% SW_P9 :   0% SW_P10 :  38% SW_P11 :   0% SW_P12 :   0% SW_P13 :   0% SW_P14 :   0% SW_P15 :   0%)
GPU idle residency:  60.98%
GPU Power: 13560 mW



*** Sampled system activity (Tue Jan 20 15:18:58 2026 +0100) (1018.75ms elapsed) ***


**** Processor usage ****

E-Cluster Online: 100%
E-Cluster HW active frequency: 1484 MHz
E-Cluster HW active residency:  45.87% (1020 MHz:  26% 1404 MHz: 3.3% 1788 MHz: 3.3% 2112 MHz: 3.3% 2352 MHz: 5.5% 2532 MHz: .51% 2592 MHz: 3.6%)
E-Cluster idle residency:  54.13%
E-Cluster down residency:   0.00%
CPU 0 frequency: 1476 MHz
CPU 0 active residency:  23.65% (1020 MHz:  13% 1404 MHz: 1.8% 1788 MHz: 2.0% 2112 MHz: 2.2% 2352 MHz: 2.3% 2532 MHz: .38% 2592 MHz: 1.7%)
CPU 0 idle residency:  76.35%
CPU 0 down residency:   0.00%
CPU 1 frequency: 1486 MHz
CPU 1 active residency:  19.89% (1020 MHz:  11% 1404 MHz: 1.5% 1788 MHz: 1.5% 2112 MHz: 2.0% 2352 MHz: 2.1% 2532 MHz: .31% 2592 MHz: 1.3%)
CPU 1 idle residency:  80.11%
CPU 1 down residency:   0.00%
CPU 2 frequency: 1598 MHz
CPU 2 active residency:  14.91% (1020 MHz: 6.9% 1404 MHz: 1.6% 1788 MHz: .81% 2112 MHz: 1.5% 2352 MHz: 2.6% 2532 MHz: .17% 2592 MHz: 1.2%)
CPU 2 idle residency:  85.09%
CPU 2 down residency:   0.00%
CPU 3 frequency: 1559 MHz
CPU 3 active residency:  10.51% (1020 MHz: 4.8% 1404 MHz: 1.3% 1788 MHz: .83% 2112 MHz: 1.2% 2352 MHz: 1.5% 2532 MHz: .23% 2592 MHz: .50%)
CPU 3 idle residency:  89.49%
CPU 3 down residency:   0.00%

P0-Cluster Online: 2%
P0-Cluster HW active frequency: 1260 MHz
P0-Cluster HW active residency:   0.31% (1260 MHz: .31% 1512 MHz:   0% 1800 MHz:   0% 2088 MHz:   0% 2352 MHz:   0% 2616 MHz:   0% 2868 MHz:   0% 3096 MHz:   0% 3300 MHz:   0% 3468 MHz:   0% 3624 MHz:   0% 3756 MHz:   0% 3828 MHz:   0% 3888 MHz:   0% 3948 MHz:   0% 3996 MHz:   0% 4044 MHz:   0% 4104 MHz:   0% 4416 MHz:   0% 4512 MHz:   0%)
P0-Cluster idle residency:   1.20%
P0-Cluster down residency:  98.49%
CPU 4 frequency: 0 MHz
CPU 4 active residency:   0.00% (1260 MHz:   0% 1512 MHz:   0% 1800 MHz:   0% 2088 MHz:   0% 2352 MHz:   0% 2616 MHz:   0% 2868 MHz:   0% 3096 MHz:   0% 3300 MHz:   0% 3468 MHz:   0% 3624 MHz:   0% 3756 MHz:   0% 3828 MHz:   0% 3888 MHz:   0% 3948 MHz:   0% 3996 MHz:   0% 4044 MHz:   0% 4104 MHz:   0% 4416 MHz:   0% 4512 MHz:   0%)
CPU 4 idle residency:   1.44%
CPU 4 down residency:  98.56%
CPU 5 frequency: 0 MHz
CPU 5 active residency:   0.00% (1260 MHz:   0% 1512 MHz:   0% 1800 MHz:   0% 2088 MHz:   0% 2352 MHz:   0% 2616 MHz:   0% 2868 MHz:   0% 3096 MHz:   0% 3300 MHz:   0% 3468 MHz:   0% 3624 MHz:   0% 3756 MHz:   0% 3828 MHz:   0% 3888 MHz:   0% 3948 MHz:   0% 3996 MHz:   0% 4044 MHz:   0% 4104 MHz:   0% 4416 MHz:   0% 4512 MHz:   0%)
CPU 5 idle residency:   1.44%
CPU 5 down residency:  98.56%
CPU 6 frequency: 0 MHz
CPU 6 active residency:   0.00% (1260 MHz:   0% 1512 MHz:   0% 1800 MHz:   0% 2088 MHz:   0% 2352 MHz:   0% 2616 MHz:   0% 2868 MHz:   0% 3096 MHz:   0% 3300 MHz:   0% 3468 MHz:   0% 3624 MHz:   0% 3756 MHz:   0% 3828 MHz:   0% 3888 MHz:   0% 3948 MHz:   0% 3996 MHz:   0% 4044 MHz:   0% 4104 MHz:   0% 4416 MHz:   0% 4512 MHz:   0%)
CPU 6 idle residency:   1.44%
CPU 6 down residency:  98.56%
CPU 7 frequency: 0 MHz
CPU 7 active residency:   0.00% (1260 MHz:   0% 1512 MHz:   0% 1800 MHz:   0% 2088 MHz:   0% 2352 MHz:   0% 2616 MHz:   0% 2868 MHz:   0% 3096 MHz:   0% 3300 MHz:   0% 3468 MHz:   0% 3624 MHz:   0% 3756 MHz:   0% 3828 MHz:   0% 3888 MHz:   0% 3948 MHz:   0% 3996 MHz:   0% 4044 MHz:   0% 4104 MHz:   0% 4416 MHz:   0% 4512 MHz:   0%)
CPU 7 idle residency:   1.44%
CPU 7 down residency:  98.56%
CPU 8 frequency: 0 MHz
CPU 8 active residency:   0.00% (1260 MHz:   0% 1512 MHz:   0% 1800 MHz:   0% 2088 MHz:   0% 2352 MHz:   0% 2616 MHz:   0% 2868 MHz:   0% 3096 MHz:   0% 3300 MHz:   0% 3468 MHz:   0% 3624 MHz:   0% 3756 MHz:   0% 3828 MHz:   0% 3888 MHz:   0% 3948 MHz:   0% 3996 MHz:   0% 4044 MHz:   0% 4104 MHz:   0% 4416 MHz:   0% 4512 MHz:   0%)
CPU 8 idle residency:   1.43%
CPU 8 down residency:  98.57%
CPU 9 frequency: 0 MHz
CPU 9 active residency:   0.00% (1260 MHz:   0% 1512 MHz:   0% 1800 MHz:   0% 2088 MHz:   0% 2352 MHz:   0% 2616 MHz:   0% 2868 MHz:   0% 3096 MHz:   0% 3300 MHz:   0% 3468 MHz:   0% 3624 MHz:   0% 3756 MHz:   0% 3828 MHz:   0% 3888 MHz:   0% 3948 MHz:   0% 3996 MHz:   0% 4044 MHz:   0% 4104 MHz:   0% 4416 MHz:   0% 4512 MHz:   0%)
CPU 9 idle residency:   1.43%
CPU 9 down residency:  98.57%

P1-Cluster HW active frequency: 3189 MHz
P1-Cluster HW active residency:  65.95% (1260 MHz: 6.6% 1512 MHz: 2.0% 1800 MHz: 4.5% 2088 MHz: 3.9% 2352 MHz: 3.4% 2616 MHz: 2.0% 2868 MHz: 1.4% 3096 MHz: 2.2% 3300 MHz: .86% 3468 MHz: 2.5% 3624 MHz: .06% 3756 MHz: .41% 3828 MHz:   0% 3888 MHz: .48% 3948 MHz: .51% 3996 MHz:  24% 4044 MHz: 9.6% 4104 MHz:   0% 4416 MHz: .05% 4512 MHz: 1.4%)
P1-Cluster idle residency:  31.44%
P1-Cluster down residency:   2.62%
CPU 10 frequency: 3558 MHz
CPU 10 active residency:  27.06% (1260 MHz: .09% 1512 MHz: .74% 1800 MHz: 2.2% 2088 MHz: 2.3% 2352 MHz: 1.1% 2616 MHz: 1.4% 2868 MHz: .95% 3096 MHz: 1.4% 3300 MHz: .56% 3468 MHz: 1.8% 3624 MHz: .04% 3756 MHz: .41% 3828 MHz:   0% 3888 MHz: .44% 3948 MHz:   0% 3996 MHz:   0% 4044 MHz:   0% 4104 MHz: .42% 4416 MHz: .43% 4512 MHz:  13%)
CPU 10 idle residency:  70.32%
CPU 10 down residency:   2.62%
CPU 11 frequency: 3665 MHz
CPU 11 active residency:   2.40% (1260 MHz: .07% 1512 MHz: .06% 1800 MHz: .32% 2088 MHz: .19% 2352 MHz: .07% 2616 MHz: .00% 2868 MHz:   0% 3096 MHz: .01% 3300 MHz: .10% 3468 MHz: .03% 3624 MHz:   0% 3756 MHz:   0% 3828 MHz:   0% 3888 MHz:   0% 3948 MHz:   0% 3996 MHz:   0% 4044 MHz:   0% 4104 MHz:   0% 4416 MHz:   0% 4512 MHz: 1.6%)
CPU 11 idle residency:  94.98%
CPU 11 down residency:   2.62%
CPU 12 frequency: 4370 MHz
CPU 12 active residency:  13.38% (1260 MHz: .32% 1512 MHz: .03% 1800 MHz: .09% 2088 MHz: .14% 2352 MHz: .02% 2616 MHz:   0% 2868 MHz:   0% 3096 MHz:   0% 3300 MHz: .10% 3468 MHz: .02% 3624 MHz:   0% 3756 MHz:   0% 3828 MHz:   0% 3888 MHz:   0% 3948 MHz:   0% 3996 MHz:   0% 4044 MHz:   0% 4104 MHz:   0% 4416 MHz:   0% 4512 MHz:  13%)
CPU 12 idle residency:  84.01%
CPU 12 down residency:   2.62%
CPU 13 frequency: 3640 MHz
CPU 13 active residency:  15.01% (1260 MHz: .11% 1512 MHz: .62% 1800 MHz: .96% 2088 MHz: .77% 2352 MHz: .46% 2616 MHz: .69% 2868 MHz: .96% 3096 MHz: 1.3% 3300 MHz: .36% 3468 MHz: .25% 3624 MHz: .00% 3756 MHz:   0% 3828 MHz:   0% 3888 MHz: .00% 3948 MHz:   0% 3996 MHz:   0% 4044 MHz:   0% 4104 MHz:   0% 4416 MHz:   0% 4512 MHz: 8.5%)
CPU 13 idle residency:  82.37%
CPU 13 down residency:   2.62%
CPU 14 frequency: 3715 MHz
CPU 14 active residency:  22.47% (1260 MHz: .07% 1512 MHz: .79% 1800 MHz: 1.6% 2088 MHz: 1.4% 2352 MHz: 1.5% 2616 MHz: .24% 2868 MHz: .07% 3096 MHz: .99% 3300 MHz: .60% 3468 MHz: .77% 3624 MHz: .00% 3756 MHz: .41% 3828 MHz:   0% 3888 MHz: .44% 3948 MHz:   0% 3996 MHz:   0% 4044 MHz:   0% 4104 MHz: .42% 4416 MHz: .43% 4512 MHz:  13%)
CPU 14 idle residency:  74.92%
CPU 14 down residency:   2.62%
CPU 15 frequency: 4078 MHz
CPU 15 active residency:  13.12% (1260 MHz: .08% 1512 MHz: .07% 1800 MHz: .69% 2088 MHz: .50% 2352 MHz: .39% 2616 MHz: .07% 2868 MHz: .39% 3096 MHz: .20% 3300 MHz: .11% 3468 MHz: .08% 3624 MHz:   0% 3756 MHz: .01% 3828 MHz:   0% 3888 MHz: .01% 3948 MHz:   0% 3996 MHz:   0% 4044 MHz:   0% 4104 MHz: .00% 4416 MHz: .00% 4512 MHz:  11%)
CPU 15 idle residency:  84.26%
CPU 15 down residency:   2.62%

CPU Power: 2585 mW
GPU Power: 71 mW
ANE Power: 0 mW
Combined Power (CPU + GPU + ANE): 2655 mW

**** GPU usage ****

GPU HW active frequency: 338 MHz
GPU HW active residency:   6.34% (338 MHz: 6.3% 618 MHz:   0% 796 MHz:   0% 924 MHz:   0% 952 MHz:   0% 1056 MHz:   0% 1062 MHz:   0% 1182 MHz:   0% 1182 MHz:   0% 1312 MHz:   0% 1242 MHz:   0% 1380 MHz:   0% 1326 MHz:   0% 1470 MHz:   0% 1578 MHz:   0%)
GPU SW requested state: (P1 : 100% P2 :   0% P3 :   0% P4 :   0% P5 :   0% P6 :   0% P7 :   0% P8 :   0% P9 :   0% P10 :   0% P11 :   0% P12 :   0% P13 :   0% P14 :   0% P15 :   0%)
GPU SW state: (SW_P1 : 6.3% SW_P2 :   0% SW_P3 :   0% SW_P4 :   0% SW_P5 :   0% SW_P6 :   0% SW_P7 :   0% SW_P8 :   0% SW_P9 :   0% SW_P10 :   0% SW_P11 :   0% SW_P12 :   0% SW_P13 :   0% SW_P14 :   0% SW_P15 :   0%)
GPU idle residency:  93.66%
GPU Power: 72 mW

