Machine model: Mac16,5
OS version: 24G419
Boot arguments: 
Boot time: Sun Jan 18 19:40:49 2026



*** Sampled system activity (Tue Jan 20 15:04:32 2026 +0100) (1017.40ms elapsed) ***


**** Processor usage ****

E-Cluster Online: 100%
E-Cluster HW active frequency: 2592 MHz
E-Cluster HW active residency:  69.37% (1020 MHz:   0% 1404 MHz:   0% 1788 MHz:   0% 2112 MHz:   0% 2352 MHz:   0% 2532 MHz: .00% 2592 MHz:  69%)
E-Cluster idle residency:  30.63%
E-Cluster down residency:   0.00%
CPU 0 frequency: 2592 MHz
CPU 0 active residency:  38.38% (1020 MHz:   0% 1404 MHz:   0% 1788 MHz:   0% 2112 MHz:   0% 2352 MHz:   0% 2532 MHz:   0% 2592 MHz:  38%)
CPU 0 idle residency:  61.62%
CPU 0 down residency:   0.00%
CPU 1 frequency: 2592 MHz
CPU 1 active residency:  23.68% (1020 MHz:   0% 1404 MHz:   0% 1788 MHz:   0% 2112 MHz:   0% 2352 MHz:   0% 2532 MHz:   0% 2592 MHz:  24%)
CPU 1 idle residency:  76.32%
CPU 1 down residency:   0.00%
CPU 2 frequency: 2592 MHz
CPU 2 active residency:  13.93% (1020 MHz:   0% 1404 MHz:   0% 1788 MHz:   0% 2112 MHz:   0% 2352 MHz:   0% 2532 MHz:   0% 2592 MHz:  14%)
CPU 2 idle residency:  86.07%
CPU 2 down residency:   0.00%
CPU 3 frequency: 2592 MHz
CPU 3 active residency:   8.89% (1020 MHz:   0% 1404 MHz:   0% 1788 MHz:   0% 2112 MHz:   0% 2352 MHz:   0% 2532 MHz:   0% 2592 MHz: 8.9%)
CPU 3 idle residency:  91.11%
CPU 3 down residency:   0.00%

P0-Cluster Online: 12%
P0-Cluster HW active frequency: 1596 MHz
P0-Cluster HW active residency:   2.89% (1260 MHz: 2.5% 1512 MHz: .02% 1800 MHz: .08% 2088 MHz:   0% 2352 MHz:   0% 2616 MHz:   0% 2868 MHz:   0% 3096 MHz:   0% 3300 MHz:   0% 3468 MHz:   0% 3624 MHz:   0% 3756 MHz:   0% 3828 MHz:   0% 3888 MHz: .02% 3948 MHz: .04% 3996 MHz:   0% 4044 MHz:   0% 4104 MHz:   0% 4416 MHz: .03% 4512 MHz: .21%)
P0-Cluster idle residency:   7.29%
P0-Cluster down residency:  89.81%
CPU 4 frequency: 1684 MHz
CPU 4 active residency:   1.01% (1260 MHz: .82% 1512 MHz: .00% 1800 MHz:   0% 2088 MHz:   0% 2352 MHz: .01% 2616 MHz: .04% 2868 MHz:   0% 3096 MHz:   0% 3300 MHz:   0% 3468 MHz: .00% 3624 MHz:   0% 3756 MHz:   0% 3828 MHz:   0% 3888 MHz:   0% 3948 MHz: .09% 3996 MHz:   0% 4044 MHz: .03% 4104 MHz:   0% 4416 MHz:   0% 4512 MHz: .01%)
CPU 4 idle residency:   9.59%
CPU 4 down residency:  89.40%
CPU 5 frequency: 1439 MHz
CPU 5 active residency:   0.89% (1260 MHz: .80% 1512 MHz: .00% 1800 MHz:   0% 2088 MHz:   0% 2352 MHz: .01% 2616 MHz: .04% 2868 MHz:   0% 3096 MHz:   0% 3300 MHz:   0% 3468 MHz:   0% 3624 MHz:   0% 3756 MHz:   0% 3828 MHz:   0% 3888 MHz:   0% 3948 MHz: .00% 3996 MHz:   0% 4044 MHz: .03% 4104 MHz:   0% 4416 MHz:   0% 4512 MHz: .00%)
CPU 5 idle residency:   9.65%
CPU 5 down residency:  89.46%
CPU 6 frequency: 2329 MHz
CPU 6 active residency:   1.55% (1260 MHz: .81% 1512 MHz: .10% 1800 MHz:   0% 2088 MHz:   0% 2352 MHz: .01% 2616 MHz: .03% 2868 MHz:   0% 3096 MHz:   0% 3300 MHz:   0% 3468 MHz:   0% 3624 MHz:   0% 3756 MHz: .14% 3828 MHz:   0% 3888 MHz:   0% 3948 MHz: .23% 3996 MHz: .18% 4044 MHz: .03% 4104 MHz:   0% 4416 MHz:   0% 4512 MHz: .00%)
CPU 6 idle residency:   9.37%
CPU 6 down residency:  89.08%
CPU 7 frequency: 1593 MHz
CPU 7 active residency:   1.00% (1260 MHz: .86% 1512 MHz: .00% 1800 MHz:   0% 2088 MHz:   0% 2352 MHz: .01% 2616 MHz: .05% 2868 MHz:   0% 3096 MHz:   0% 3300 MHz:   0% 3468 MHz:   0% 3624 MHz:   0% 3756 MHz:   0% 3828 MHz:   0% 3888 MHz:   0% 3948 MHz: .00% 3996 MHz:   0% 4044 MHz: .03% 4104 MHz:   0% 4416 MHz:   0% 4512 MHz: .05%)
CPU 7 idle residency:   9.51%
CPU 7 down residency:  89.49%
CPU 8 frequency: 1433 MHz
CPU 8 active residency:   0.88% (1260 MHz: .80% 1512 MHz: .00% 1800 MHz:   0% 2088 MHz:   0% 2352 MHz: .01% 2616 MHz: .03% 2868 MHz:   0% 3096 MHz:   0% 3300 MHz:   0% 3468 MHz:   0% 3624 MHz:   0% 3756 MHz:   0% 3828 MHz:   0% 3888 MHz:   0% 3948 MHz:   0% 3996 MHz:   0% 4044 MHz: .03% 4104 MHz:   0% 4416 MHz:   0% 4512 MHz: .00%)
CPU 8 idle residency:   9.67%
CPU 8 down residency:  89.45%
CPU 9 frequency: 1566 MHz
CPU 9 active residency:   0.92% (1260 MHz: .80% 1512 MHz:   0% 1800 MHz:   0% 2088 MHz:   0% 2352 MHz: .01% 2616 MHz: .03% 2868 MHz:   0% 3096 MHz:   0% 3300 MHz:   0% 3468 MHz:   0% 3624 MHz:   0% 3756 MHz:   0% 3828 MHz:   0% 3888 MHz:   0% 3948 MHz:   0% 3996 MHz:   0% 4044 MHz: .03% 4104 MHz:   0% 4416 MHz:   0% 4512 MHz: .04%)
CPU 9 idle residency:   9.63%
CPU 9 down residency:  89.44%

P1-Cluster HW active frequency: 3979 MHz
P1-Cluster HW active residency:  96.63% (1260 MHz: .93% 1512 MHz: .03% 1800 MHz: .05% 2088 MHz:   0% 2352 MHz:   0% 2616 MHz:   0% 2868 MHz: .00% 3096 MHz:   0% 3300 MHz: .02% 3468 MHz:   0% 3624 MHz: .00% 3756 MHz:   0% 3828 MHz:   0% 3888 MHz:  15% 3948 MHz:  58% 3996 MHz: 5.8% 4044 MHz: 5.5% 4104 MHz:   0% 4416 MHz: 4.3% 4512 MHz: 6.6%)
P1-Cluster idle residency:   3.37%
P1-Cluster down residency:   0.00%
CPU 10 frequency: 4508 MHz
CPU 10 active residency:  38.77% (1260 MHz: .00% 1512 MHz: .03% 1800 MHz: .02% 2088 MHz:   0% 2352 MHz:   0% 2616 MHz:   0% 2868 MHz:   0% 3096 MHz:   0% 3300 MHz:   0% 3468 MHz:   0% 3624 MHz:   0% 3756 MHz:   0% 3828 MHz:   0% 3888 MHz:   0% 3948 MHz:   0% 3996 MHz:   0% 4044 MHz:   0% 4104 MHz:   0% 4416 MHz:   0% 4512 MHz:  39%)
CPU 10 idle residency:  61.23%
CPU 10 down residency:   0.00%
CPU 11 frequency: 4506 MHz
CPU 11 active residency:  46.98% (1260 MHz: .02% 1512 MHz: .03% 1800 MHz: .05% 2088 MHz:   0% 2352 MHz:   0% 2616 MHz:   0% 2868 MHz: .00% 3096 MHz:   0% 3300 MHz:   0% 3468 MHz:   0% 3624 MHz: .00% 3756 MHz:   0% 3828 MHz:   0% 3888 MHz:   0% 3948 MHz:   0% 3996 MHz:   0% 4044 MHz:   0% 4104 MHz:   0% 4416 MHz:   0% 4512 MHz:  47%)
CPU 11 idle residency:  53.02%
CPU 11 down residency:   0.00%
CPU 12 frequency: 4507 MHz
CPU 12 active residency:  58.50% (1260 MHz: .04% 1512 MHz:   0% 1800 MHz: .05% 2088 MHz:   0% 2352 MHz:   0% 2616 MHz:   0% 2868 MHz: .00% 3096 MHz:   0% 3300 MHz: .02% 3468 MHz:   0% 3624 MHz: .00% 3756 MHz:   0% 3828 MHz:   0% 3888 MHz:   0% 3948 MHz: .00% 3996 MHz:   0% 4044 MHz:   0% 4104 MHz:   0% 4416 MHz: .02% 4512 MHz:  58%)
CPU 12 idle residency:  41.50%
CPU 12 down residency:   0.00%
CPU 13 frequency: 4506 MHz
CPU 13 active residency:  53.43% (1260 MHz: .09% 1512 MHz: .00% 1800 MHz: .02% 2088 MHz:   0% 2352 MHz:   0% 2616 MHz:   0% 2868 MHz:   0% 3096 MHz:   0% 3300 MHz:   0% 3468 MHz:   0% 3624 MHz:   0% 3756 MHz:   0% 3828 MHz:   0% 3888 MHz:   0% 3948 MHz:   0% 3996 MHz:   0% 4044 MHz:   0% 4104 MHz:   0% 4416 MHz: .00% 4512 MHz:  53%)
CPU 13 idle residency:  46.57%
CPU 13 down residency:   0.00%
CPU 14 frequency: 4502 MHz
CPU 14 active residency:  58.30% (1260 MHz: .11% 1512 MHz: .03% 1800 MHz: .05% 2088 MHz:   0% 2352 MHz:   0% 2616 MHz:   0% 2868 MHz:   0% 3096 MHz:   0% 3300 MHz:   0% 3468 MHz:   0% 3624 MHz:   0% 3756 MHz:   0% 3828 MHz:   0% 3888 MHz:   0% 3948 MHz: .00% 3996 MHz:   0% 4044 MHz:   0% 4104 MHz:   0% 4416 MHz:   0% 4512 MHz:  58%)
CPU 14 idle residency:  41.70%
CPU 14 down residency:   0.00%
CPU 15 frequency: 4509 MHz
CPU 15 active residency:  47.98% (1260 MHz: .02% 1512 MHz: .03% 1800 MHz: .00% 2088 MHz:   0% 2352 MHz:   0% 2616 MHz:   0% 2868 MHz:   0% 3096 MHz:   0% 3300 MHz: .00% 3468 MHz:   0% 3624 MHz:   0% 3756 MHz:   0% 3828 MHz:   0% 3888 MHz:   0% 3948 MHz:   0% 3996 MHz:   0% 4044 MHz:   0% 4104 MHz:   0% 4416 MHz:   0% 4512 MHz:  48%)
CPU 15 idle residency:  52.02%
CPU 15 down residency:   0.00%

CPU Power: 6022 mW
GPU Power: 28758 mW
ANE Power: 0 mW
Combined Power (CPU + GPU + ANE): 34780 mW

**** GPU usage ****

GPU HW active frequency: 1578 MHz
GPU HW active residency: 100.00% (338 MHz:   0% 618 MHz:   0% 796 MHz:   0% 924 MHz:   0% 952 MHz:   0% 1056 MHz:   0% 1062 MHz:   0% 1182 MHz:   0% 1182 MHz:   0% 1312 MHz:   0% 1242 MHz:   0% 1380 MHz:   0% 1326 MHz:   0% 1470 MHz:   0% 1578 MHz: 100%)
GPU SW requested state: (P1 :   0% P2 :   0% P3 :   0% P4 :   0% P5 :   0% P6 :   0% P7 :   0% P8 :   0% P9 :   0% P10 : 100% P11 :   0% P12 :   0% P13 :   0% P14 :   0% P15 :   0%)
GPU SW state: (SW_P1 :   0% SW_P2 :   0% SW_P3 :   0% SW_P4 :   0% SW_P5 :   0% SW_P6 :   0% SW_P7 :   0% SW_P8 :   0% SW_P9 :   0% SW_P10 : 100% SW_P11 :   0% SW_P12 :   0% SW_P13 :   0% SW_P14 :   0% SW_P15 :   0%)
GPU idle residency:   0.00%
GPU Power: 28760 mW



*** Sampled system activity (Tue Jan 20 15:04:33 2026 +0100) (1021.17ms elapsed) ***


**** Processor usage ****

E-Cluster Online: 100%
E-Cluster HW active frequency: 2592 MHz
E-Cluster HW active residency:  58.00% (1020 MHz:   0% 1404 MHz:   0% 1788 MHz:   0% 2112 MHz:   0% 2352 MHz:   0% 2532 MHz: .00% 2592 MHz:  58%)
E-Cluster idle residency:  42.00%
E-Cluster down residency:   0.00%
CPU 0 frequency: 2592 MHz
CPU 0 active residency:  25.74% (1020 MHz:   0% 1404 MHz:   0% 1788 MHz:   0% 2112 MHz:   0% 2352 MHz:   0% 2532 MHz:   0% 2592 MHz:  26%)
CPU 0 idle residency:  74.26%
CPU 0 down residency:   0.00%
CPU 1 frequency: 2592 MHz
CPU 1 active residency:  13.64% (1020 MHz:   0% 1404 MHz:   0% 1788 MHz:   0% 2112 MHz:   0% 2352 MHz:   0% 2532 MHz:   0% 2592 MHz:  14%)
CPU 1 idle residency:  86.36%
CPU 1 down residency:   0.00%
CPU 2 frequency: 2592 MHz
CPU 2 active residency:  11.26% (1020 MHz:   0% 1404 MHz:   0% 1788 MHz:   0% 2112 MHz:   0% 2352 MHz:   0% 2532 MHz:   0% 2592 MHz:  11%)
CPU 2 idle residency:  88.74%
CPU 2 down residency:   0.00%
CPU 3 frequency: 2592 MHz
CPU 3 active residency:   5.45% (1020 MHz:   0% 1404 MHz:   0% 1788 MHz:   0% 2112 MHz:   0% 2352 MHz:   0% 2532 MHz:   0% 2592 MHz: 5.5%)
CPU 3 idle residency:  94.55%
CPU 3 down residency:   0.00%

P0-Cluster Online: 1%
P0-Cluster HW active frequency: 1260 MHz
P0-Cluster HW active residency:   0.09% (1260 MHz: .09% 1512 MHz:   0% 1800 MHz:   0% 2088 MHz:   0% 2352 MHz:   0% 2616 MHz:   0% 2868 MHz:   0% 3096 MHz:   0% 3300 MHz:   0% 3468 MHz:   0% 3624 MHz:   0% 3756 MHz:   0% 3828 MHz:   0% 3888 MHz:   0% 3948 MHz:   0% 3996 MHz:   0% 4044 MHz:   0% 4104 MHz:   0% 4416 MHz:   0% 4512 MHz:   0%)
P0-Cluster idle residency:   0.66%
P0-Cluster down residency:  99.25%
CPU 4 frequency: 0 MHz
CPU 4 active residency:   0.00% (1260 MHz:   0% 1512 MHz:   0% 1800 MHz:   0% 2088 MHz:   0% 2352 MHz:   0% 2616 MHz:   0% 2868 MHz:   0% 3096 MHz:   0% 3300 MHz:   0% 3468 MHz:   0% 3624 MHz:   0% 3756 MHz:   0% 3828 MHz:   0% 3888 MHz:   0% 3948 MHz:   0% 3996 MHz:   0% 4044 MHz:   0% 4104 MHz:   0% 4416 MHz:   0% 4512 MHz:   0%)
CPU 4 idle residency:   0.72%
CPU 4 down residency:  99.28%
CPU 5 frequency: 0 MHz
CPU 5 active residency:   0.00% (1260 MHz:   0% 1512 MHz:   0% 1800 MHz:   0% 2088 MHz:   0% 2352 MHz:   0% 2616 MHz:   0% 2868 MHz:   0% 3096 MHz:   0% 3300 MHz:   0% 3468 MHz:   0% 3624 MHz:   0% 3756 MHz:   0% 3828 MHz:   0% 3888 MHz:   0% 3948 MHz:   0% 3996 MHz:   0% 4044 MHz:   0% 4104 MHz:   0% 4416 MHz:   0% 4512 MHz:   0%)
CPU 5 idle residency:   0.72%
CPU 5 down residency:  99.28%
CPU 6 frequency: 0 MHz
CPU 6 active residency:   0.00% (1260 MHz:   0% 1512 MHz:   0% 1800 MHz:   0% 2088 MHz:   0% 2352 MHz:   0% 2616 MHz:   0% 2868 MHz:   0% 3096 MHz:   0% 3300 MHz:   0% 3468 MHz:   0% 3624 MHz:   0% 3756 MHz:   0% 3828 MHz:   0% 3888 MHz:   0% 3948 MHz:   0% 3996 MHz:   0% 4044 MHz:   0% 4104 MHz:   0% 4416 MHz:   0% 4512 MHz:   0%)
CPU 6 idle residency:   0.72%
CPU 6 down residency:  99.28%
CPU 7 frequency: 0 MHz
CPU 7 active residency:   0.00% (1260 MHz:   0% 1512 MHz:   0% 1800 MHz:   0% 2088 MHz:   0% 2352 MHz:   0% 2616 MHz:   0% 2868 MHz:   0% 3096 MHz:   0% 3300 MHz:   0% 3468 MHz:   0% 3624 MHz:   0% 3756 MHz:   0% 3828 MHz:   0% 3888 MHz:   0% 3948 MHz:   0% 3996 MHz:   0% 4044 MHz:   0% 4104 MHz:   0% 4416 MHz:   0% 4512 MHz:   0%)
CPU 7 idle residency:   0.72%
CPU 7 down residency:  99.28%
CPU 8 frequency: 0 MHz
CPU 8 active residency:   0.00% (1260 MHz:   0% 1512 MHz:   0% 1800 MHz:   0% 2088 MHz:   0% 2352 MHz:   0% 2616 MHz:   0% 2868 MHz:   0% 3096 MHz:   0% 3300 MHz:   0% 3468 MHz:   0% 3624 MHz:   0% 3756 MHz:   0% 3828 MHz:   0% 3888 MHz:   0% 3948 MHz:   0% 3996 MHz:   0% 4044 MHz:   0% 4104 MHz:   0% 4416 MHz:   0% 4512 MHz:   0%)
CPU 8 idle residency:   0.72%
CPU 8 down residency:  99.28%
CPU 9 frequency: 0 MHz
CPU 9 active residency:   0.00% (1260 MHz:   0% 1512 MHz:   0% 1800 MHz:   0% 2088 MHz:   0% 2352 MHz:   0% 2616 MHz:   0% 2868 MHz:   0% 3096 MHz:   0% 3300 MHz:   0% 3468 MHz:   0% 3624 MHz:   0% 3756 MHz:   0% 3828 MHz:   0% 3888 MHz:   0% 3948 MHz:   0% 3996 MHz:   0% 4044 MHz:   0% 4104 MHz:   0% 4416 MHz:   0% 4512 MHz:   0%)
CPU 9 idle residency:   0.72%
CPU 9 down residency:  99.28%

P1-Cluster HW active frequency: 4032 MHz
P1-Cluster HW active residency:  94.98% (1260 MHz: .75% 1512 MHz: .00% 1800 MHz: .09% 2088 MHz:   0% 2352 MHz: .04% 2616 MHz: .00% 2868 MHz:   0% 3096 MHz:   0% 3300 MHz:   0% 3468 MHz: .00% 3624 MHz:   0% 3756 MHz: .01% 3828 MHz:   0% 3888 MHz: 3.3% 3948 MHz:  49% 3996 MHz:  13% 4044 MHz:  13% 4104 MHz:   0% 4416 MHz: 5.4% 4512 MHz:  11%)
P1-Cluster idle residency:   5.02%
P1-Cluster down residency:   0.00%
CPU 10 frequency: 4503 MHz
CPU 10 active residency:  47.75% (1260 MHz: .11% 1512 MHz: .01% 1800 MHz: .02% 2088 MHz:   0% 2352 MHz: .01% 2616 MHz:   0% 2868 MHz:   0% 3096 MHz:   0% 3300 MHz:   0% 3468 MHz:   0% 3624 MHz:   0% 3756 MHz:   0% 3828 MHz:   0% 3888 MHz:   0% 3948 MHz:   0% 3996 MHz:   0% 4044 MHz:   0% 4104 MHz:   0% 4416 MHz:   0% 4512 MHz:  48%)
CPU 10 idle residency:  52.25%
CPU 10 down residency:   0.00%
CPU 11 frequency: 4501 MHz
CPU 11 active residency:  41.18% (1260 MHz: .11% 1512 MHz:   0% 1800 MHz: .03% 2088 MHz:   0% 2352 MHz: .01% 2616 MHz:   0% 2868 MHz:   0% 3096 MHz:   0% 3300 MHz:   0% 3468 MHz:   0% 3624 MHz:   0% 3756 MHz:   0% 3828 MHz:   0% 3888 MHz:   0% 3948 MHz:   0% 3996 MHz:   0% 4044 MHz:   0% 4104 MHz: .00% 4416 MHz:   0% 4512 MHz:  41%)
CPU 11 idle residency:  58.82%
CPU 11 down residency:   0.00%
CPU 12 frequency: 4508 MHz
CPU 12 active residency:  37.30% (1260 MHz: .04% 1512 MHz:   0% 1800 MHz: .00% 2088 MHz:   0% 2352 MHz: .01% 2616 MHz:   0% 2868 MHz:   0% 3096 MHz:   0% 3300 MHz:   0% 3468 MHz:   0% 3624 MHz:   0% 3756 MHz:   0% 3828 MHz:   0% 3888 MHz:   0% 3948 MHz:   0% 3996 MHz:   0% 4044 MHz:   0% 4104 MHz:   0% 4416 MHz:   0% 4512 MHz:  37%)
CPU 12 idle residency:  62.70%
CPU 12 down residency:   0.00%
CPU 13 frequency: 4509 MHz
CPU 13 active residency:  39.21% (1260 MHz: .03% 1512 MHz:   0% 1800 MHz: .00% 2088 MHz:   0% 2352 MHz: .01% 2616 MHz:   0% 2868 MHz:   0% 3096 MHz:   0% 3300 MHz:   0% 3468 MHz: .00% 3624 MHz:   0% 3756 MHz: .00% 3828 MHz:   0% 3888 MHz:   0% 3948 MHz:   0% 3996 MHz:   0% 4044 MHz:   0% 4104 MHz:   0% 4416 MHz:   0% 4512 MHz:  39%)
CPU 13 idle residency:  60.79%
CPU 13 down residency:   0.00%
CPU 14 frequency: 4504 MHz
CPU 14 active residency:  21.13% (1260 MHz: .05% 1512 MHz:   0% 1800 MHz: .01% 2088 MHz:   0% 2352 MHz:   0% 2616 MHz: .00% 2868 MHz:   0% 3096 MHz:   0% 3300 MHz:   0% 3468 MHz:   0% 3624 MHz:   0% 3756 MHz:   0% 3828 MHz:   0% 3888 MHz:   0% 3948 MHz:   0% 3996 MHz:   0% 4044 MHz:   0% 4104 MHz:   0% 4416 MHz:   0% 4512 MHz:  21%)
CPU 14 idle residency:  78.87%
CPU 14 down residency:   0.00%
CPU 15 frequency: 4502 MHz
CPU 15 active residency:  44.45% (1260 MHz: .04% 1512 MHz: .01% 1800 MHz: .07% 2088 MHz:   0% 2352 MHz: .04% 2616 MHz: .00% 2868 MHz:   0% 3096 MHz:   0% 3300 MHz:   0% 3468 MHz: .00% 3624 MHz:   0% 3756 MHz: .01% 3828 MHz:   0% 3888 MHz:   0% 3948 MHz:   0% 3996 MHz:   0% 4044 MHz:   0% 4104 MHz: .01% 4416 MHz:   0% 4512 MHz:  44%)
CPU 15 idle residency:  55.55%
CPU 15 down residency:   0.00%

CPU Power: 5379 mW
GPU Power: 28469 mW
ANE Power: 0 mW
Combined Power (CPU + GPU + ANE): 33848 mW

**** GPU usage ****

GPU HW active frequency: 1578 MHz
GPU HW active residency: 100.00% (338 MHz:   0% 618 MHz:   0% 796 MHz:   0% 924 MHz:   0% 952 MHz:   0% 1056 MHz:   0% 1062 MHz:   0% 1182 MHz:   0% 1182 MHz:   0% 1312 MHz:   0% 1242 MHz:   0% 1380 MHz:   0% 1326 MHz:   0% 1470 MHz:   0% 1578 MHz: 100%)
GPU SW requested state: (P1 :   0% P2 :   0% P3 :   0% P4 :   0% P5 :   0% P6 :   0% P7 :   0% P8 :   0% P9 :   0% P10 : 100% P11 :   0% P12 :   0% P13 :   0% P14 :   0% P15 :   0%)
GPU SW state: (SW_P1 :   0% SW_P2 :   0% SW_P3 :   0% SW_P4 :   0% SW_P5 :   0% SW_P6 :   0% SW_P7 :   0% SW_P8 :   0% SW_P9 :   0% SW_P10 : 100% SW_P11 :   0% SW_P12 :   0% SW_P13 :   0% SW_P14 :   0% SW_P15 :   0%)
GPU idle residency:   0.00%
GPU Power: 28469 mW



*** Sampled system activity (Tue Jan 20 15:04:34 2026 +0100) (1019.08ms elapsed) ***


**** Processor usage ****

E-Cluster Online: 100%
E-Cluster HW active frequency: 2592 MHz
E-Cluster HW active residency:  59.36% (1020 MHz:   0% 1404 MHz:   0% 1788 MHz:   0% 2112 MHz:   0% 2352 MHz:   0% 2532 MHz:   0% 2592 MHz:  59%)
E-Cluster idle residency:  40.64%
E-Cluster down residency:   0.00%
CPU 0 frequency: 2592 MHz
CPU 0 active residency:  28.31% (1020 MHz:   0% 1404 MHz:   0% 1788 MHz:   0% 2112 MHz:   0% 2352 MHz:   0% 2532 MHz:   0% 2592 MHz:  28%)
CPU 0 idle residency:  71.69%
CPU 0 down residency:   0.00%
CPU 1 frequency: 2592 MHz
CPU 1 active residency:  14.23% (1020 MHz:   0% 1404 MHz:   0% 1788 MHz:   0% 2112 MHz:   0% 2352 MHz:   0% 2532 MHz:   0% 2592 MHz:  14%)
CPU 1 idle residency:  85.77%
CPU 1 down residency:   0.00%
CPU 2 frequency: 2592 MHz
CPU 2 active residency:   7.90% (1020 MHz:   0% 1404 MHz:   0% 1788 MHz:   0% 2112 MHz:   0% 2352 MHz:   0% 2532 MHz:   0% 2592 MHz: 7.9%)
CPU 2 idle residency:  92.10%
CPU 2 down residency:   0.00%
CPU 3 frequency: 2592 MHz
CPU 3 active residency:   5.79% (1020 MHz:   0% 1404 MHz:   0% 1788 MHz:   0% 2112 MHz:   0% 2352 MHz:   0% 2532 MHz:   0% 2592 MHz: 5.8%)
CPU 3 idle residency:  94.21%
CPU 3 down residency:   0.00%

P0-Cluster Online: 39%
P0-Cluster HW active frequency: 3942 MHz
P0-Cluster HW active residency:  35.50% (1260 MHz: .43% 1512 MHz: .06% 1800 MHz: .01% 2088 MHz: .01% 2352 MHz:   0% 2616 MHz:   0% 2868 MHz: .00% 3096 MHz: .02% 3300 MHz:   0% 3468 MHz:   0% 3624 MHz:   0% 3756 MHz:   0% 3828 MHz:   0% 3888 MHz: 3.4% 3948 MHz:  22% 3996 MHz: 3.8% 4044 MHz: 4.1% 4104 MHz:   0% 4416 MHz: .75% 4512 MHz: .76%)
P0-Cluster idle residency:   1.61%
P0-Cluster down residency:  62.89%
CPU 4 frequency: 4441 MHz
CPU 4 active residency:  23.41% (1260 MHz: .50% 1512 MHz: .01% 1800 MHz: .00% 2088 MHz:   0% 2352 MHz:   0% 2616 MHz:   0% 2868 MHz:   0% 3096 MHz:   0% 3300 MHz:   0% 3468 MHz:   0% 3624 MHz:   0% 3756 MHz:   0% 3828 MHz:   0% 3888 MHz:   0% 3948 MHz: .00% 3996 MHz:   0% 4044 MHz:   0% 4104 MHz:   0% 4416 MHz:   0% 4512 MHz:  23%)
CPU 4 idle residency:  14.01%
CPU 4 down residency:  62.58%
CPU 5 frequency: 4421 MHz
CPU 5 active residency:  17.49% (1260 MHz: .48% 1512 MHz:   0% 1800 MHz: .01% 2088 MHz:   0% 2352 MHz:   0% 2616 MHz:   0% 2868 MHz:   0% 3096 MHz: .00% 3300 MHz:   0% 3468 MHz:   0% 3624 MHz:   0% 3756 MHz:   0% 3828 MHz:   0% 3888 MHz:   0% 3948 MHz:   0% 3996 MHz:   0% 4044 MHz:   0% 4104 MHz:   0% 4416 MHz:   0% 4512 MHz:  17%)
CPU 5 idle residency:  19.91%
CPU 5 down residency:  62.60%
CPU 6 frequency: 4361 MHz
CPU 6 active residency:  16.36% (1260 MHz: .69% 1512 MHz: .04% 1800 MHz: .02% 2088 MHz: .00% 2352 MHz:   0% 2616 MHz:   0% 2868 MHz: .00% 3096 MHz: .02% 3300 MHz:   0% 3468 MHz:   0% 3624 MHz:   0% 3756 MHz:   0% 3828 MHz:   0% 3888 MHz:   0% 3948 MHz:   0% 3996 MHz:   0% 4044 MHz:   0% 4104 MHz:   0% 4416 MHz:   0% 4512 MHz:  16%)
CPU 6 idle residency:  21.19%
CPU 6 down residency:  62.45%
CPU 7 frequency: 4431 MHz
CPU 7 active residency:  22.96% (1260 MHz: .51% 1512 MHz: .05% 1800 MHz: .02% 2088 MHz: .00% 2352 MHz:   0% 2616 MHz:   0% 2868 MHz:   0% 3096 MHz:   0% 3300 MHz:   0% 3468 MHz:   0% 3624 MHz:   0% 3756 MHz:   0% 3828 MHz:   0% 3888 MHz:   0% 3948 MHz:   0% 3996 MHz:   0% 4044 MHz:   0% 4104 MHz:   0% 4416 MHz:   0% 4512 MHz:  22%)
CPU 7 idle residency:  14.54%
CPU 7 down residency:  62.50%
CPU 8 frequency: 4432 MHz
CPU 8 active residency:  19.56% (1260 MHz: .48% 1512 MHz:   0% 1800 MHz:   0% 2088 MHz:   0% 2352 MHz:   0% 2616 MHz:   0% 2868 MHz: .00% 3096 MHz:   0% 3300 MHz:   0% 3468 MHz:   0% 3624 MHz:   0% 3756 MHz:   0% 3828 MHz:   0% 3888 MHz:   0% 3948 MHz:   0% 3996 MHz:   0% 4044 MHz:   0% 4104 MHz:   0% 4416 MHz:   0% 4512 MHz:  19%)
CPU 8 idle residency:  17.83%
CPU 8 down residency:  62.61%
CPU 9 frequency: 4403 MHz
CPU 9 active residency:  15.36% (1260 MHz: .52% 1512 MHz:   0% 1800 MHz:   0% 2088 MHz:   0% 2352 MHz:   0% 2616 MHz:   0% 2868 MHz:   0% 3096 MHz:   0% 3300 MHz:   0% 3468 MHz:   0% 3624 MHz:   0% 3756 MHz:   0% 3828 MHz:   0% 3888 MHz:   0% 3948 MHz: .00% 3996 MHz:   0% 4044 MHz:   0% 4104 MHz:   0% 4416 MHz:   0% 4512 MHz:  15%)
CPU 9 idle residency:  22.06%
CPU 9 down residency:  62.59%

P1-Cluster HW active frequency: 3972 MHz
P1-Cluster HW active residency:  61.85% (1260 MHz: 1.8% 1512 MHz: .08% 1800 MHz: .04% 2088 MHz:   0% 2352 MHz: .00% 2616 MHz:   0% 2868 MHz:   0% 3096 MHz:   0% 3300 MHz:   0% 3468 MHz:   0% 3624 MHz:   0% 3756 MHz:   0% 3828 MHz: .00% 3888 MHz: 2.7% 3948 MHz:  37% 3996 MHz: 3.9% 4044 MHz: 4.4% 4104 MHz:   0% 4416 MHz: 4.1% 4512 MHz: 7.7%)
P1-Cluster idle residency:   5.23%
P1-Cluster down residency:  32.92%
CPU 10 frequency: 4506 MHz
CPU 10 active residency:  43.15% (1260 MHz: .08% 1512 MHz:   0% 1800 MHz:   0% 2088 MHz:   0% 2352 MHz: .00% 2616 MHz:   0% 2868 MHz:   0% 3096 MHz:   0% 3300 MHz:   0% 3468 MHz:   0% 3624 MHz:   0% 3756 MHz:   0% 3828 MHz:   0% 3888 MHz:   0% 3948 MHz:   0% 3996 MHz:   0% 4044 MHz:   0% 4104 MHz:   0% 4416 MHz:   0% 4512 MHz:  43%)
CPU 10 idle residency:  23.82%
CPU 10 down residency:  33.03%
CPU 11 frequency: 4501 MHz
CPU 11 active residency:  37.76% (1260 MHz: .13% 1512 MHz: .00% 1800 MHz:   0% 2088 MHz:   0% 2352 MHz:   0% 2616 MHz:   0% 2868 MHz:   0% 3096 MHz:   0% 3300 MHz:   0% 3468 MHz:   0% 3624 MHz:   0% 3756 MHz:   0% 3828 MHz:   0% 3888 MHz:   0% 3948 MHz:   0% 3996 MHz:   0% 4044 MHz:   0% 4104 MHz:   0% 4416 MHz:   0% 4512 MHz:  38%)
CPU 11 idle residency:  29.13%
CPU 11 down residency:  33.11%
CPU 12 frequency: 4504 MHz
CPU 12 active residency:   4.88% (1260 MHz: .01% 1512 MHz:   0% 1800 MHz:   0% 2088 MHz:   0% 2352 MHz:   0% 2616 MHz:   0% 2868 MHz:   0% 3096 MHz:   0% 3300 MHz:   0% 3468 MHz:   0% 3624 MHz:   0% 3756 MHz:   0% 3828 MHz:   0% 3888 MHz:   0% 3948 MHz:   0% 3996 MHz:   0% 4044 MHz:   0% 4104 MHz:   0% 4416 MHz:   0% 4512 MHz: 4.9%)
CPU 12 idle residency:  61.77%
CPU 12 down residency:  33.34%
CPU 13 frequency: 4500 MHz
CPU 13 active residency:  30.06% (1260 MHz: .07% 1512 MHz: .04% 1800 MHz:   0% 2088 MHz:   0% 2352 MHz: .00% 2616 MHz:   0% 2868 MHz:   0% 3096 MHz:   0% 3300 MHz:   0% 3468 MHz:   0% 3624 MHz:   0% 3756 MHz:   0% 3828 MHz:   0% 3888 MHz:   0% 3948 MHz:   0% 3996 MHz:   0% 4044 MHz:   0% 4104 MHz:   0% 4416 MHz:   0% 4512 MHz:  30%)
CPU 13 idle residency:  36.78%
CPU 13 down residency:  33.17%
CPU 14 frequency: 4508 MHz
CPU 14 active residency:  24.89% (1260 MHz: .03% 1512 MHz:   0% 1800 MHz:   0% 2088 MHz:   0% 2352 MHz:   0% 2616 MHz:   0% 2868 MHz:   0% 3096 MHz:   0% 3300 MHz:   0% 3468 MHz:   0% 3624 MHz:   0% 3756 MHz:   0% 3828 MHz:   0% 3888 MHz:   0% 3948 MHz:   0% 3996 MHz:   0% 4044 MHz:   0% 4104 MHz:   0% 4416 MHz:   0% 4512 MHz:  25%)
CPU 14 idle residency:  41.92%
CPU 14 down residency:  33.19%
CPU 15 frequency: 4498 MHz
CPU 15 active residency:  14.34% (1260 MHz: .06% 1512 MHz:   0% 1800 MHz:   0% 2088 MHz:   0% 2352 MHz:   0% 2616 MHz:   0% 2868 MHz:   0% 3096 MHz:   0% 3300 MHz:   0% 3468 MHz:   0% 3624 MHz:   0% 3756 MHz:   0% 3828 MHz:   0% 3888 MHz:   0% 3948 MHz:   0% 3996 MHz:   0% 4044 MHz:   0% 4104 MHz:   0% 4416 MHz:   0% 4512 MHz:  14%)
CPU 15 idle residency:  52.50%
CPU 15 down residency:  33.16%

CPU Power: 5627 mW
GPU Power: 28861 mW
ANE Power: 0 mW
Combined Power (CPU + GPU + ANE): 34488 mW

**** GPU usage ****

GPU HW active frequency: 1578 MHz
GPU HW active residency: 100.00% (338 MHz:   0% 618 MHz:   0% 796 MHz:   0% 924 MHz:   0% 952 MHz:   0% 1056 MHz:   0% 1062 MHz:   0% 1182 MHz:   0% 1182 MHz:   0% 1312 MHz:   0% 1242 MHz:   0% 1380 MHz:   0% 1326 MHz:   0% 1470 MHz:   0% 1578 MHz: 100%)
GPU SW requested state: (P1 :   0% P2 :   0% P3 :   0% P4 :   0% P5 :   0% P6 :   0% P7 :   0% P8 :   0% P9 :   0% P10 : 100% P11 :   0% P12 :   0% P13 :   0% P14 :   0% P15 :   0%)
GPU SW state: (SW_P1 :   0% SW_P2 :   0% SW_P3 :   0% SW_P4 :   0% SW_P5 :   0% SW_P6 :   0% SW_P7 :   0% SW_P8 :   0% SW_P9 :   0% SW_P10 : 100% SW_P11 :   0% SW_P12 :   0% SW_P13 :   0% SW_P14 :   0% SW_P15 :   0%)
GPU idle residency:   0.00%
GPU Power: 28626 mW



*** Sampled system activity (Tue Jan 20 15:04:35 2026 +0100) (1020.28ms elapsed) ***


**** Processor usage ****

E-Cluster Online: 100%
E-Cluster HW active frequency: 2592 MHz
E-Cluster HW active residency:  61.39% (1020 MHz:   0% 1404 MHz:   0% 1788 MHz:   0% 2112 MHz:   0% 2352 MHz:   0% 2532 MHz: .01% 2592 MHz:  61%)
E-Cluster idle residency:  38.61%
E-Cluster down residency:   0.00%
CPU 0 frequency: 2592 MHz
CPU 0 active residency:  27.71% (1020 MHz:   0% 1404 MHz:   0% 1788 MHz:   0% 2112 MHz:   0% 2352 MHz:   0% 2532 MHz:   0% 2592 MHz:  28%)
CPU 0 idle residency:  72.29%
CPU 0 down residency:   0.00%
CPU 1 frequency: 2592 MHz
CPU 1 active residency:  15.67% (1020 MHz:   0% 1404 MHz:   0% 1788 MHz:   0% 2112 MHz:   0% 2352 MHz:   0% 2532 MHz:   0% 2592 MHz:  16%)
CPU 1 idle residency:  84.33%
CPU 1 down residency:   0.00%
CPU 2 frequency: 2592 MHz
CPU 2 active residency:  10.35% (1020 MHz:   0% 1404 MHz:   0% 1788 MHz:   0% 2112 MHz:   0% 2352 MHz:   0% 2532 MHz:   0% 2592 MHz:  10%)
CPU 2 idle residency:  89.65%
CPU 2 down residency:   0.00%
CPU 3 frequency: 2592 MHz
CPU 3 active residency:   4.58% (1020 MHz:   0% 1404 MHz:   0% 1788 MHz:   0% 2112 MHz:   0% 2352 MHz:   0% 2532 MHz:   0% 2592 MHz: 4.6%)
CPU 3 idle residency:  95.42%
CPU 3 down residency:   0.00%

P0-Cluster Online: 100%
P0-Cluster HW active frequency: 3989 MHz
P0-Cluster HW active residency:  96.24% (1260 MHz: .63% 1512 MHz: .04% 1800 MHz: .01% 2088 MHz: .01% 2352 MHz: .02% 2616 MHz: .02% 2868 MHz: .01% 3096 MHz:   0% 3300 MHz: .01% 3468 MHz: .04% 3624 MHz: .00% 3756 MHz:   0% 3828 MHz:   0% 3888 MHz:  11% 3948 MHz:  57% 3996 MHz: 8.6% 4044 MHz: 9.0% 4104 MHz:   0% 4416 MHz: 3.7% 4512 MHz: 6.3%)
P0-Cluster idle residency:   3.76%
P0-Cluster down residency:   0.00%
CPU 4 frequency: 4508 MHz
CPU 4 active residency:  42.07% (1260 MHz: .05% 1512 MHz:   0% 1800 MHz:   0% 2088 MHz: .00% 2352 MHz: .00% 2616 MHz: .00% 2868 MHz: .00% 3096 MHz:   0% 3300 MHz: .00% 3468 MHz:   0% 3624 MHz:   0% 3756 MHz:   0% 3828 MHz:   0% 3888 MHz:   0% 3948 MHz:   0% 3996 MHz:   0% 4044 MHz:   0% 4104 MHz:   0% 4416 MHz:   0% 4512 MHz:  42%)
CPU 4 idle residency:  57.93%
CPU 4 down residency:   0.00%
CPU 5 frequency: 4506 MHz
CPU 5 active residency:  56.43% (1260 MHz: .06% 1512 MHz: .04% 1800 MHz:   0% 2088 MHz:   0% 2352 MHz:   0% 2616 MHz:   0% 2868 MHz:   0% 3096 MHz:   0% 3300 MHz: .00% 3468 MHz:   0% 3624 MHz:   0% 3756 MHz:   0% 3828 MHz:   0% 3888 MHz:   0% 3948 MHz:   0% 3996 MHz:   0% 4044 MHz:   0% 4104 MHz:   0% 4416 MHz:   0% 4512 MHz:  56%)
CPU 5 idle residency:  43.57%
CPU 5 down residency:   0.00%
CPU 6 frequency: 4508 MHz
CPU 6 active residency:  59.50% (1260 MHz: .06% 1512 MHz: .00% 1800 MHz: .01% 2088 MHz: .00% 2352 MHz:   0% 2616 MHz: .02% 2868 MHz:   0% 3096 MHz:   0% 3300 MHz:   0% 3468 MHz: .00% 3624 MHz:   0% 3756 MHz:   0% 3828 MHz:   0% 3888 MHz:   0% 3948 MHz:   0% 3996 MHz:   0% 4044 MHz:   0% 4104 MHz: .00% 4416 MHz:   0% 4512 MHz:  59%)
CPU 6 idle residency:  40.50%
CPU 6 down residency:   0.00%
CPU 7 frequency: 4509 MHz
CPU 7 active residency:  50.73% (1260 MHz: .04% 1512 MHz:   0% 1800 MHz: .01% 2088 MHz: .00% 2352 MHz: .00% 2616 MHz:   0% 2868 MHz:   0% 3096 MHz:   0% 3300 MHz: .00% 3468 MHz:   0% 3624 MHz: .00% 3756 MHz:   0% 3828 MHz:   0% 3888 MHz:   0% 3948 MHz:   0% 3996 MHz:   0% 4044 MHz:   0% 4104 MHz:   0% 4416 MHz:   0% 4512 MHz:  51%)
CPU 7 idle residency:  49.27%
CPU 7 down residency:   0.00%
CPU 8 frequency: 4506 MHz
CPU 8 active residency:  31.00% (1260 MHz: .03% 1512 MHz:   0% 1800 MHz:   0% 2088 MHz:   0% 2352 MHz:   0% 2616 MHz:   0% 2868 MHz: .01% 3096 MHz:   0% 3300 MHz: .00% 3468 MHz: .04% 3624 MHz: .00% 3756 MHz:   0% 3828 MHz:   0% 3888 MHz:   0% 3948 MHz:   0% 3996 MHz:   0% 4044 MHz:   0% 4104 MHz: .04% 4416 MHz:   0% 4512 MHz:  31%)
CPU 8 idle residency:  69.00%
CPU 8 down residency:   0.00%
CPU 9 frequency: 4509 MHz
CPU 9 active residency:  48.22% (1260 MHz: .04% 1512 MHz:   0% 1800 MHz: .01% 2088 MHz: .00% 2352 MHz:   0% 2616 MHz: .00% 2868 MHz:   0% 3096 MHz:   0% 3300 MHz: .00% 3468 MHz:   0% 3624 MHz:   0% 3756 MHz:   0% 3828 MHz:   0% 3888 MHz:   0% 3948 MHz:   0% 3996 MHz:   0% 4044 MHz:   0% 4104 MHz:   0% 4416 MHz:   0% 4512 MHz:  48%)
CPU 9 idle residency:  51.78%
CPU 9 down residency:   0.00%

P1-Cluster HW active frequency: 1260 MHz
P1-Cluster HW active residency:   0.91% (1260 MHz: .91% 1512 MHz:   0% 1800 MHz:   0% 2088 MHz:   0% 2352 MHz:   0% 2616 MHz:   0% 2868 MHz:   0% 3096 MHz:   0% 3300 MHz:   0% 3468 MHz:   0% 3624 MHz:   0% 3756 MHz:   0% 3828 MHz:   0% 3888 MHz:   0% 3948 MHz:   0% 3996 MHz:   0% 4044 MHz:   0% 4104 MHz:   0% 4416 MHz:   0% 4512 MHz:   0%)
P1-Cluster idle residency:   3.19%
P1-Cluster down residency:  95.90%
CPU 10 frequency: 2345 MHz
CPU 10 active residency:   0.21% (1260 MHz: .13% 1512 MHz: .01% 1800 MHz: .00% 2088 MHz:   0% 2352 MHz:   0% 2616 MHz:   0% 2868 MHz:   0% 3096 MHz:   0% 3300 MHz:   0% 3468 MHz:   0% 3624 MHz:   0% 3756 MHz:   0% 3828 MHz:   0% 3888 MHz:   0% 3948 MHz:   0% 3996 MHz:   0% 4044 MHz:   0% 4104 MHz:   0% 4416 MHz:   0% 4512 MHz: .07%)
CPU 10 idle residency:   3.88%
CPU 10 down residency:  95.91%
CPU 11 frequency: 3228 MHz
CPU 11 active residency:   0.32% (1260 MHz: .12% 1512 MHz: .00% 1800 MHz: .00% 2088 MHz:   0% 2352 MHz:   0% 2616 MHz:   0% 2868 MHz:   0% 3096 MHz:   0% 3300 MHz:   0% 3468 MHz:   0% 3624 MHz:   0% 3756 MHz:   0% 3828 MHz:   0% 3888 MHz:   0% 3948 MHz:   0% 3996 MHz:   0% 4044 MHz:   0% 4104 MHz:   0% 4416 MHz:   0% 4512 MHz: .19%)
CPU 11 idle residency:   3.88%
CPU 11 down residency:  95.80%
CPU 12 frequency: 4153 MHz
CPU 12 active residency:   1.13% (1260 MHz: .12% 1512 MHz:   0% 1800 MHz: .00% 2088 MHz:   0% 2352 MHz:   0% 2616 MHz:   0% 2868 MHz:   0% 3096 MHz:   0% 3300 MHz:   0% 3468 MHz:   0% 3624 MHz:   0% 3756 MHz:   0% 3828 MHz:   0% 3888 MHz:   0% 3948 MHz:   0% 3996 MHz:   0% 4044 MHz:   0% 4104 MHz:   0% 4416 MHz:   0% 4512 MHz: 1.0%)
CPU 12 idle residency:   3.85%
CPU 12 down residency:  95.02%
CPU 13 frequency: 3812 MHz
CPU 13 active residency:   0.61% (1260 MHz: .12% 1512 MHz:   0% 1800 MHz: .01% 2088 MHz:   0% 2352 MHz:   0% 2616 MHz:   0% 2868 MHz:   0% 3096 MHz:   0% 3300 MHz:   0% 3468 MHz:   0% 3624 MHz:   0% 3756 MHz:   0% 3828 MHz:   0% 3888 MHz:   0% 3948 MHz:   0% 3996 MHz:   0% 4044 MHz:   0% 4104 MHz:   0% 4416 MHz:   0% 4512 MHz: .48%)
CPU 13 idle residency:   3.87%
CPU 13 down residency:  95.52%
CPU 14 frequency: 3932 MHz
CPU 14 active residency:   0.68% (1260 MHz: .12% 1512 MHz:   0% 1800 MHz:   0% 2088 MHz:   0% 2352 MHz:   0% 2616 MHz:   0% 2868 MHz:   0% 3096 MHz:   0% 3300 MHz:   0% 3468 MHz:   0% 3624 MHz:   0% 3756 MHz:   0% 3828 MHz:   0% 3888 MHz:   0% 3948 MHz:   0% 3996 MHz:   0% 4044 MHz:   0% 4104 MHz:   0% 4416 MHz:   0% 4512 MHz: .56%)
CPU 14 idle residency:   3.87%
CPU 14 down residency:  95.45%
CPU 15 frequency: 3852 MHz
CPU 15 active residency:   0.60% (1260 MHz: .12% 1512 MHz:   0% 1800 MHz: .00% 2088 MHz:   0% 2352 MHz:   0% 2616 MHz:   0% 2868 MHz:   0% 3096 MHz:   0% 3300 MHz:   0% 3468 MHz:   0% 3624 MHz:   0% 3756 MHz:   0% 3828 MHz:   0% 3888 MHz:   0% 3948 MHz:   0% 3996 MHz:   0% 4044 MHz:   0% 4104 MHz:   0% 4416 MHz:   0% 4512 MHz: .48%)
CPU 15 idle residency:   3.87%
CPU 15 down residency:  95.53%

CPU Power: 6051 mW
GPU Power: 28731 mW
ANE Power: 0 mW
Combined Power (CPU + GPU + ANE): 34783 mW

**** GPU usage ****

GPU HW active frequency: 1578 MHz
GPU HW active residency: 100.00% (338 MHz:   0% 618 MHz:   0% 796 MHz:   0% 924 MHz:   0% 952 MHz:   0% 1056 MHz:   0% 1062 MHz:   0% 1182 MHz:   0% 1182 MHz:   0% 1312 MHz:   0% 1242 MHz:   0% 1380 MHz:   0% 1326 MHz:   0% 1470 MHz:   0% 1578 MHz: 100%)
GPU SW requested state: (P1 :   0% P2 :   0% P3 :   0% P4 :   0% P5 :   0% P6 :   0% P7 :   0% P8 :   0% P9 :   0% P10 : 100% P11 :   0% P12 :   0% P13 :   0% P14 :   0% P15 :   0%)
GPU SW state: (SW_P1 :   0% SW_P2 :   0% SW_P3 :   0% SW_P4 :   0% SW_P5 :   0% SW_P6 :   0% SW_P7 :   0% SW_P8 :   0% SW_P9 :   0% SW_P10 : 100% SW_P11 :   0% SW_P12 :   0% SW_P13 :   0% SW_P14 :   0% SW_P15 :   0%)
GPU idle residency:   0.00%
GPU Power: 28968 mW



*** Sampled system activity (Tue Jan 20 15:04:36 2026 +0100) (1021.26ms elapsed) ***


**** Processor usage ****

E-Cluster Online: 100%
E-Cluster HW active frequency: 2592 MHz
E-Cluster HW active residency:  58.24% (1020 MHz:   0% 1404 MHz:   0% 1788 MHz:   0% 2112 MHz:   0% 2352 MHz:   0% 2532 MHz: .00% 2592 MHz:  58%)
E-Cluster idle residency:  41.76%
E-Cluster down residency:   0.00%
CPU 0 frequency: 2592 MHz
CPU 0 active residency:  24.63% (1020 MHz:   0% 1404 MHz:   0% 1788 MHz:   0% 2112 MHz:   0% 2352 MHz:   0% 2532 MHz:   0% 2592 MHz:  25%)
CPU 0 idle residency:  75.37%
CPU 0 down residency:   0.00%
CPU 1 frequency: 2592 MHz
CPU 1 active residency:  13.57% (1020 MHz:   0% 1404 MHz:   0% 1788 MHz:   0% 2112 MHz:   0% 2352 MHz:   0% 2532 MHz:   0% 2592 MHz:  14%)
CPU 1 idle residency:  86.43%
CPU 1 down residency:   0.00%
CPU 2 frequency: 2592 MHz
CPU 2 active residency:  10.43% (1020 MHz:   0% 1404 MHz:   0% 1788 MHz:   0% 2112 MHz:   0% 2352 MHz:   0% 2532 MHz:   0% 2592 MHz:  10%)
CPU 2 idle residency:  89.57%
CPU 2 down residency:   0.00%
CPU 3 frequency: 2592 MHz
CPU 3 active residency:   5.22% (1020 MHz:   0% 1404 MHz:   0% 1788 MHz:   0% 2112 MHz:   0% 2352 MHz:   0% 2532 MHz:   0% 2592 MHz: 5.2%)
CPU 3 idle residency:  94.78%
CPU 3 down residency:   0.00%

P0-Cluster Online: 100%
P0-Cluster HW active frequency: 4001 MHz
P0-Cluster HW active residency:  95.19% (1260 MHz: .72% 1512 MHz: .03% 1800 MHz: .04% 2088 MHz: .14% 2352 MHz: .01% 2616 MHz: .00% 2868 MHz: .00% 3096 MHz: .03% 3300 MHz:   0% 3468 MHz: .03% 3624 MHz:   0% 3756 MHz:   0% 3828 MHz: .00% 3888 MHz: 5.8% 3948 MHz:  60% 3996 MHz: 7.1% 4044 MHz: 8.7% 4104 MHz:   0% 4416 MHz: 4.4% 4512 MHz: 8.2%)
P0-Cluster idle residency:   4.81%
P0-Cluster down residency:   0.00%
CPU 4 frequency: 4505 MHz
CPU 4 active residency:  50.63% (1260 MHz: .06% 1512 MHz:   0% 1800 MHz:   0% 2088 MHz: .06% 2352 MHz:   0% 2616 MHz: .00% 2868 MHz: .00% 3096 MHz: .00% 3300 MHz:   0% 3468 MHz:   0% 3624 MHz:   0% 3756 MHz:   0% 3828 MHz: .00% 3888 MHz:   0% 3948 MHz:   0% 3996 MHz:   0% 4044 MHz:   0% 4104 MHz:   0% 4416 MHz:   0% 4512 MHz:  50%)
CPU 4 idle residency:  49.37%
CPU 4 down residency:   0.00%
CPU 5 frequency: 4506 MHz
CPU 5 active residency:  58.66% (1260 MHz: .10% 1512 MHz: .01% 1800 MHz: .00% 2088 MHz: .00% 2352 MHz:   0% 2616 MHz:   0% 2868 MHz:   0% 3096 MHz:   0% 3300 MHz:   0% 3468 MHz:   0% 3624 MHz:   0% 3756 MHz:   0% 3828 MHz:   0% 3888 MHz:   0% 3948 MHz:   0% 3996 MHz:   0% 4044 MHz:   0% 4104 MHz:   0% 4416 MHz:   0% 4512 MHz:  59%)
CPU 5 idle residency:  41.34%
CPU 5 down residency:   0.00%
CPU 6 frequency: 4501 MHz
CPU 6 active residency:  51.97% (1260 MHz: .09% 1512 MHz: .00% 1800 MHz: .04% 2088 MHz: .04% 2352 MHz: .00% 2616 MHz: .00% 2868 MHz: .00% 3096 MHz: .03% 3300 MHz:   0% 3468 MHz: .03% 3624 MHz:   0% 3756 MHz:   0% 3828 MHz: .00% 3888 MHz:   0% 3948 MHz:   0% 3996 MHz:   0% 4044 MHz:   0% 4104 MHz:   0% 4416 MHz: .04% 4512 MHz:  52%)
CPU 6 idle residency:  48.03%
CPU 6 down residency:   0.00%
CPU 7 frequency: 4511 MHz
CPU 7 active residency:  28.64% (1260 MHz: .01% 1512 MHz:   0% 1800 MHz:   0% 2088 MHz:   0% 2352 MHz:   0% 2616 MHz:   0% 2868 MHz:   0% 3096 MHz:   0% 3300 MHz:   0% 3468 MHz: .00% 3624 MHz:   0% 3756 MHz:   0% 3828 MHz:   0% 3888 MHz:   0% 3948 MHz:   0% 3996 MHz:   0% 4044 MHz:   0% 4104 MHz:   0% 4416 MHz:   0% 4512 MHz:  29%)
CPU 7 idle residency:  71.36%
CPU 7 down residency:   0.00%
CPU 8 frequency: 4506 MHz
CPU 8 active residency:  35.17% (1260 MHz: .04% 1512 MHz:   0% 1800 MHz:   0% 2088 MHz: .05% 2352 MHz:   0% 2616 MHz:   0% 2868 MHz:   0% 3096 MHz:   0% 3300 MHz:   0% 3468 MHz:   0% 3624 MHz:   0% 3756 MHz:   0% 3828 MHz:   0% 3888 MHz:   0% 3948 MHz:   0% 3996 MHz:   0% 4044 MHz:   0% 4104 MHz:   0% 4416 MHz:   0% 4512 MHz:  35%)
CPU 8 idle residency:  64.83%
CPU 8 down residency:   0.00%
CPU 9 frequency: 4506 MHz
CPU 9 active residency:  45.57% (1260 MHz: .05% 1512 MHz: .02% 1800 MHz:   0% 2088 MHz: .01% 2352 MHz: .01% 2616 MHz:   0% 2868 MHz:   0% 3096 MHz:   0% 3300 MHz:   0% 3468 MHz:   0% 3624 MHz:   0% 3756 MHz:   0% 3828 MHz:   0% 3888 MHz:   0% 3948 MHz:   0% 3996 MHz:   0% 4044 MHz:   0% 4104 MHz:   0% 4416 MHz: .00% 4512 MHz:  45%)
CPU 9 idle residency:  54.43%
CPU 9 down residency:   0.00%

P1-Cluster HW active frequency: 1896 MHz
P1-Cluster HW active residency:   1.13% (1260 MHz: .81% 1512 MHz: .03% 1800 MHz: .08% 2088 MHz:   0% 2352 MHz:   0% 2616 MHz:   0% 2868 MHz:   0% 3096 MHz:   0% 3300 MHz:   0% 3468 MHz:   0% 3624 MHz:   0% 3756 MHz:   0% 3828 MHz:   0% 3888 MHz: .03% 3948 MHz: .02% 3996 MHz:   0% 4044 MHz:   0% 4104 MHz:   0% 4416 MHz: .04% 4512 MHz: .12%)
P1-Cluster idle residency:   0.93%
P1-Cluster down residency:  97.94%
CPU 10 frequency: 0 MHz
CPU 10 active residency:   0.00% (1260 MHz:   0% 1512 MHz:   0% 1800 MHz:   0% 2088 MHz:   0% 2352 MHz:   0% 2616 MHz:   0% 2868 MHz:   0% 3096 MHz:   0% 3300 MHz:   0% 3468 MHz:   0% 3624 MHz:   0% 3756 MHz:   0% 3828 MHz:   0% 3888 MHz:   0% 3948 MHz:   0% 3996 MHz:   0% 4044 MHz:   0% 4104 MHz:   0% 4416 MHz:   0% 4512 MHz:   0%)
CPU 10 idle residency:   1.97%
CPU 10 down residency:  98.03%
CPU 11 frequency: 0 MHz
CPU 11 active residency:   0.00% (1260 MHz:   0% 1512 MHz:   0% 1800 MHz:   0% 2088 MHz:   0% 2352 MHz:   0% 2616 MHz:   0% 2868 MHz:   0% 3096 MHz:   0% 3300 MHz:   0% 3468 MHz:   0% 3624 MHz:   0% 3756 MHz:   0% 3828 MHz:   0% 3888 MHz:   0% 3948 MHz:   0% 3996 MHz:   0% 4044 MHz:   0% 4104 MHz:   0% 4416 MHz:   0% 4512 MHz:   0%)
CPU 11 idle residency:   1.98%
CPU 11 down residency:  98.02%
CPU 12 frequency: 0 MHz
CPU 12 active residency:   0.00% (1260 MHz:   0% 1512 MHz:   0% 1800 MHz:   0% 2088 MHz:   0% 2352 MHz:   0% 2616 MHz:   0% 2868 MHz:   0% 3096 MHz:   0% 3300 MHz:   0% 3468 MHz:   0% 3624 MHz:   0% 3756 MHz:   0% 3828 MHz:   0% 3888 MHz:   0% 3948 MHz:   0% 3996 MHz:   0% 4044 MHz:   0% 4104 MHz:   0% 4416 MHz:   0% 4512 MHz:   0%)
CPU 12 idle residency:   1.90%
CPU 12 down residency:  98.10%
CPU 13 frequency: 0 MHz
CPU 13 active residency:   0.00% (1260 MHz:   0% 1512 MHz:   0% 1800 MHz:   0% 2088 MHz:   0% 2352 MHz:   0% 2616 MHz:   0% 2868 MHz:   0% 3096 MHz:   0% 3300 MHz:   0% 3468 MHz:   0% 3624 MHz:   0% 3756 MHz:   0% 3828 MHz:   0% 3888 MHz:   0% 3948 MHz:   0% 3996 MHz:   0% 4044 MHz:   0% 4104 MHz:   0% 4416 MHz:   0% 4512 MHz:   0%)
CPU 13 idle residency:   1.96%
CPU 13 down residency:  98.04%
CPU 14 frequency: 0 MHz
CPU 14 active residency:   0.00% (1260 MHz:   0% 1512 MHz:   0% 1800 MHz:   0% 2088 MHz:   0% 2352 MHz:   0% 2616 MHz:   0% 2868 MHz:   0% 3096 MHz:   0% 3300 MHz:   0% 3468 MHz:   0% 3624 MHz:   0% 3756 MHz:   0% 3828 MHz:   0% 3888 MHz:   0% 3948 MHz:   0% 3996 MHz:   0% 4044 MHz:   0% 4104 MHz:   0% 4416 MHz:   0% 4512 MHz:   0%)
CPU 14 idle residency:   1.99%
CPU 14 down residency:  98.01%
CPU 15 frequency: 0 MHz
CPU 15 active residency:   0.00% (1260 MHz:   0% 1512 MHz:   0% 1800 MHz:   0% 2088 MHz:   0% 2352 MHz:   0% 2616 MHz:   0% 2868 MHz:   0% 3096 MHz:   0% 3300 MHz:   0% 3468 MHz:   0% 3624 MHz:   0% 3756 MHz:   0% 3828 MHz:   0% 3888 MHz:   0% 3948 MHz:   0% 3996 MHz:   0% 4044 MHz:   0% 4104 MHz:   0% 4416 MHz:   0% 4512 MHz:   0%)
CPU 15 idle residency:   1.93%
CPU 15 down residency:  98.07%

CPU Power: 5670 mW
GPU Power: 29048 mW
ANE Power: 0 mW
Combined Power (CPU + GPU + ANE): 34719 mW

**** GPU usage ****

GPU HW active frequency: 1578 MHz
GPU HW active residency: 100.00% (338 MHz:   0% 618 MHz:   0% 796 MHz:   0% 924 MHz:   0% 952 MHz:   0% 1056 MHz:   0% 1062 MHz:   0% 1182 MHz:   0% 1182 MHz:   0% 1312 MHz:   0% 1242 MHz:   0% 1380 MHz:   0% 1326 MHz:   0% 1470 MHz:   0% 1578 MHz: 100%)
GPU SW requested state: (P1 :   0% P2 :   0% P3 :   0% P4 :   0% P5 :   0% P6 :   0% P7 :   0% P8 :   0% P9 :   0% P10 : 100% P11 :   0% P12 :   0% P13 :   0% P14 :   0% P15 :   0%)
GPU SW state: (SW_P1 :   0% SW_P2 :   0% SW_P3 :   0% SW_P4 :   0% SW_P5 :   0% SW_P6 :   0% SW_P7 :   0% SW_P8 :   0% SW_P9 :   0% SW_P10 : 100% SW_P11 :   0% SW_P12 :   0% SW_P13 :   0% SW_P14 :   0% SW_P15 :   0%)
GPU idle residency:   0.00%
GPU Power: 28812 mW



*** Sampled system activity (Tue Jan 20 15:04:37 2026 +0100) (1019.59ms elapsed) ***


**** Processor usage ****

E-Cluster Online: 100%
E-Cluster HW active frequency: 2592 MHz
E-Cluster HW active residency:  59.01% (1020 MHz:   0% 1404 MHz:   0% 1788 MHz:   0% 2112 MHz:   0% 2352 MHz:   0% 2532 MHz: .00% 2592 MHz:  59%)
E-Cluster idle residency:  40.99%
E-Cluster down residency:   0.00%
CPU 0 frequency: 2592 MHz
CPU 0 active residency:  27.21% (1020 MHz:   0% 1404 MHz:   0% 1788 MHz:   0% 2112 MHz:   0% 2352 MHz:   0% 2532 MHz:   0% 2592 MHz:  27%)
CPU 0 idle residency:  72.79%
CPU 0 down residency:   0.00%
CPU 1 frequency: 2592 MHz
CPU 1 active residency:  12.31% (1020 MHz:   0% 1404 MHz:   0% 1788 MHz:   0% 2112 MHz:   0% 2352 MHz:   0% 2532 MHz:   0% 2592 MHz:  12%)
CPU 1 idle residency:  87.69%
CPU 1 down residency:   0.00%
CPU 2 frequency: 2592 MHz
CPU 2 active residency:   7.31% (1020 MHz:   0% 1404 MHz:   0% 1788 MHz:   0% 2112 MHz:   0% 2352 MHz:   0% 2532 MHz:   0% 2592 MHz: 7.3%)
CPU 2 idle residency:  92.69%
CPU 2 down residency:   0.00%
CPU 3 frequency: 2592 MHz
CPU 3 active residency:   4.82% (1020 MHz:   0% 1404 MHz:   0% 1788 MHz:   0% 2112 MHz:   0% 2352 MHz:   0% 2532 MHz:   0% 2592 MHz: 4.8%)
CPU 3 idle residency:  95.18%
CPU 3 down residency:   0.00%

P0-Cluster Online: 100%
P0-Cluster HW active frequency: 3993 MHz
P0-Cluster HW active residency:  95.90% (1260 MHz: .59% 1512 MHz: .01% 1800 MHz: .04% 2088 MHz: .06% 2352 MHz: .09% 2616 MHz: .00% 2868 MHz:   0% 3096 MHz:   0% 3300 MHz: .01% 3468 MHz:   0% 3624 MHz: .02% 3756 MHz:   0% 3828 MHz:   0% 3888 MHz: 6.0% 3948 MHz:  57% 3996 MHz:  10% 4044 MHz:  12% 4104 MHz:   0% 4416 MHz: 3.6% 4512 MHz: 5.8%)
P0-Cluster idle residency:   4.10%
P0-Cluster down residency:   0.00%
CPU 4 frequency: 4504 MHz
CPU 4 active residency:  55.70% (1260 MHz: .09% 1512 MHz:   0% 1800 MHz: .02% 2088 MHz: .00% 2352 MHz: .04% 2616 MHz:   0% 2868 MHz:   0% 3096 MHz:   0% 3300 MHz: .00% 3468 MHz:   0% 3624 MHz: .00% 3756 MHz:   0% 3828 MHz:   0% 3888 MHz:   0% 3948 MHz: .00% 3996 MHz:   0% 4044 MHz:   0% 4104 MHz:   0% 4416 MHz:   0% 4512 MHz:  56%)
CPU 4 idle residency:  44.30%
CPU 4 down residency:   0.00%
CPU 5 frequency: 4505 MHz
CPU 5 active residency:  47.94% (1260 MHz: .04% 1512 MHz:   0% 1800 MHz: .02% 2088 MHz: .02% 2352 MHz: .03% 2616 MHz:   0% 2868 MHz:   0% 3096 MHz:   0% 3300 MHz: .01% 3468 MHz:   0% 3624 MHz: .02% 3756 MHz:   0% 3828 MHz:   0% 3888 MHz:   0% 3948 MHz: .01% 3996 MHz:   0% 4044 MHz:   0% 4104 MHz:   0% 4416 MHz:   0% 4512 MHz:  48%)
CPU 5 idle residency:  52.06%
CPU 5 down residency:   0.00%
CPU 6 frequency: 4507 MHz
CPU 6 active residency:  35.45% (1260 MHz: .05% 1512 MHz:   0% 1800 MHz: .01% 2088 MHz: .00% 2352 MHz:   0% 2616 MHz: .00% 2868 MHz:   0% 3096 MHz:   0% 3300 MHz:   0% 3468 MHz:   0% 3624 MHz:   0% 3756 MHz:   0% 3828 MHz:   0% 3888 MHz:   0% 3948 MHz: .00% 3996 MHz:   0% 4044 MHz:   0% 4104 MHz:   0% 4416 MHz: .00% 4512 MHz:  35%)
CPU 6 idle residency:  64.55%
CPU 6 down residency:   0.00%
CPU 7 frequency: 4504 MHz
CPU 7 active residency:  29.88% (1260 MHz: .02% 1512 MHz: .01% 1800 MHz: .01% 2088 MHz: .04% 2352 MHz:   0% 2616 MHz: .00% 2868 MHz:   0% 3096 MHz:   0% 3300 MHz: .00% 3468 MHz:   0% 3624 MHz: .00% 3756 MHz:   0% 3828 MHz:   0% 3888 MHz:   0% 3948 MHz: .00% 3996 MHz:   0% 4044 MHz:   0% 4104 MHz:   0% 4416 MHz: .00% 4512 MHz:  30%)
CPU 7 idle residency:  70.12%
CPU 7 down residency:   0.00%
CPU 8 frequency: 4509 MHz
CPU 8 active residency:  48.86% (1260 MHz: .03% 1512 MHz:   0% 1800 MHz: .01% 2088 MHz: .01% 2352 MHz: .01% 2616 MHz:   0% 2868 MHz:   0% 3096 MHz:   0% 3300 MHz:   0% 3468 MHz:   0% 3624 MHz:   0% 3756 MHz:   0% 3828 MHz:   0% 3888 MHz:   0% 3948 MHz: .01% 3996 MHz:   0% 4044 MHz:   0% 4104 MHz:   0% 4416 MHz:   0% 4512 MHz:  49%)
CPU 8 idle residency:  51.14%
CPU 8 down residency:   0.00%
CPU 9 frequency: 4508 MHz
CPU 9 active residency:  52.14% (1260 MHz: .06% 1512 MHz: .00% 1800 MHz: .00% 2088 MHz:   0% 2352 MHz: .00% 2616 MHz:   0% 2868 MHz:   0% 3096 MHz:   0% 3300 MHz:   0% 3468 MHz:   0% 3624 MHz:   0% 3756 MHz:   0% 3828 MHz:   0% 3888 MHz:   0% 3948 MHz: .01% 3996 MHz:   0% 4044 MHz:   0% 4104 MHz:   0% 4416 MHz:   0% 4512 MHz:  52%)
CPU 9 idle residency:  47.86%
CPU 9 down residency:   0.00%

P1-Cluster HW active frequency: 1693 MHz
P1-Cluster HW active residency:   0.50% (1260 MHz: .43% 1512 MHz:   0% 1800 MHz:   0% 2088 MHz:   0% 2352 MHz:   0% 2616 MHz:   0% 2868 MHz:   0% 3096 MHz:   0% 3300 MHz:   0% 3468 MHz:   0% 3624 MHz:   0% 3756 MHz:   0% 3828 MHz:   0% 3888 MHz:   0% 3948 MHz:   0% 3996 MHz:   0% 4044 MHz:   0% 4104 MHz:   0% 4416 MHz:   0% 4512 MHz: .07%)
P1-Cluster idle residency:   1.88%
P1-Cluster down residency:  97.63%
CPU 10 frequency: 0 MHz
CPU 10 active residency:   0.00% (1260 MHz:   0% 1512 MHz:   0% 1800 MHz:   0% 2088 MHz:   0% 2352 MHz:   0% 2616 MHz:   0% 2868 MHz:   0% 3096 MHz:   0% 3300 MHz:   0% 3468 MHz:   0% 3624 MHz:   0% 3756 MHz:   0% 3828 MHz:   0% 3888 MHz:   0% 3948 MHz:   0% 3996 MHz:   0% 4044 MHz:   0% 4104 MHz:   0% 4416 MHz:   0% 4512 MHz:   0%)
CPU 10 idle residency:   2.28%
CPU 10 down residency:  97.72%
CPU 11 frequency: 0 MHz
CPU 11 active residency:   0.00% (1260 MHz:   0% 1512 MHz:   0% 1800 MHz:   0% 2088 MHz:   0% 2352 MHz:   0% 2616 MHz:   0% 2868 MHz:   0% 3096 MHz:   0% 3300 MHz:   0% 3468 MHz:   0% 3624 MHz:   0% 3756 MHz:   0% 3828 MHz:   0% 3888 MHz:   0% 3948 MHz:   0% 3996 MHz:   0% 4044 MHz:   0% 4104 MHz:   0% 4416 MHz:   0% 4512 MHz:   0%)
CPU 11 idle residency:   2.28%
CPU 11 down residency:  97.72%
CPU 12 frequency: 0 MHz
CPU 12 active residency:   0.00% (1260 MHz:   0% 1512 MHz:   0% 1800 MHz:   0% 2088 MHz:   0% 2352 MHz:   0% 2616 MHz:   0% 2868 MHz:   0% 3096 MHz:   0% 3300 MHz:   0% 3468 MHz:   0% 3624 MHz:   0% 3756 MHz:   0% 3828 MHz:   0% 3888 MHz:   0% 3948 MHz:   0% 3996 MHz:   0% 4044 MHz:   0% 4104 MHz:   0% 4416 MHz:   0% 4512 MHz:   0%)
CPU 12 idle residency:   2.28%
CPU 12 down residency:  97.72%
CPU 13 frequency: 0 MHz
CPU 13 active residency:   0.00% (1260 MHz:   0% 1512 MHz:   0% 1800 MHz:   0% 2088 MHz:   0% 2352 MHz:   0% 2616 MHz:   0% 2868 MHz:   0% 3096 MHz:   0% 3300 MHz:   0% 3468 MHz:   0% 3624 MHz:   0% 3756 MHz:   0% 3828 MHz:   0% 3888 MHz:   0% 3948 MHz:   0% 3996 MHz:   0% 4044 MHz:   0% 4104 MHz:   0% 4416 MHz:   0% 4512 MHz:   0%)
CPU 13 idle residency:   2.28%
CPU 13 down residency:  97.72%
CPU 14 frequency: 0 MHz
CPU 14 active residency:   0.00% (1260 MHz:   0% 1512 MHz:   0% 1800 MHz:   0% 2088 MHz:   0% 2352 MHz:   0% 2616 MHz:   0% 2868 MHz:   0% 3096 MHz:   0% 3300 MHz:   0% 3468 MHz:   0% 3624 MHz:   0% 3756 MHz:   0% 3828 MHz:   0% 3888 MHz:   0% 3948 MHz:   0% 3996 MHz:   0% 4044 MHz:   0% 4104 MHz:   0% 4416 MHz:   0% 4512 MHz:   0%)
CPU 14 idle residency:   2.27%
CPU 14 down residency:  97.73%
CPU 15 frequency: 0 MHz
CPU 15 active residency:   0.00% (1260 MHz:   0% 1512 MHz:   0% 1800 MHz:   0% 2088 MHz:   0% 2352 MHz:   0% 2616 MHz:   0% 2868 MHz:   0% 3096 MHz:   0% 3300 MHz:   0% 3468 MHz:   0% 3624 MHz:   0% 3756 MHz:   0% 3828 MHz:   0% 3888 MHz:   0% 3948 MHz:   0% 3996 MHz:   0% 4044 MHz:   0% 4104 MHz:   0% 4416 MHz:   0% 4512 MHz:   0%)
CPU 15 idle residency:   2.28%
CPU 15 down residency:  97.72%

CPU Power: 5823 mW
GPU Power: 28983 mW
ANE Power: 0 mW
Combined Power (CPU + GPU + ANE): 34806 mW

**** GPU usage ****

GPU HW active frequency: 1578 MHz
GPU HW active residency: 100.00% (338 MHz:   0% 618 MHz:   0% 796 MHz:   0% 924 MHz:   0% 952 MHz:   0% 1056 MHz:   0% 1062 MHz:   0% 1182 MHz:   0% 1182 MHz:   0% 1312 MHz:   0% 1242 MHz:   0% 1380 MHz:   0% 1326 MHz:   0% 1470 MHz:   0% 1578 MHz: 100%)
GPU SW requested state: (P1 :   0% P2 :   0% P3 :   0% P4 :   0% P5 :   0% P6 :   0% P7 :   0% P8 :   0% P9 :   0% P10 : 100% P11 :   0% P12 :   0% P13 :   0% P14 :   0% P15 :   0%)
GPU SW state: (SW_P1 :   0% SW_P2 :   0% SW_P3 :   0% SW_P4 :   0% SW_P5 :   0% SW_P6 :   0% SW_P7 :   0% SW_P8 :   0% SW_P9 :   0% SW_P10 : 100% SW_P11 :   0% SW_P12 :   0% SW_P13 :   0% SW_P14 :   0% SW_P15 :   0%)
GPU idle residency:   0.00%
GPU Power: 29221 mW



*** Sampled system activity (Tue Jan 20 15:04:38 2026 +0100) (1020.00ms elapsed) ***


**** Processor usage ****

E-Cluster Online: 100%
E-Cluster HW active frequency: 2592 MHz
E-Cluster HW active residency:  59.43% (1020 MHz:   0% 1404 MHz:   0% 1788 MHz:   0% 2112 MHz:   0% 2352 MHz:   0% 2532 MHz: .00% 2592 MHz:  59%)
E-Cluster idle residency:  40.57%
E-Cluster down residency:   0.00%
CPU 0 frequency: 2592 MHz
CPU 0 active residency:  26.21% (1020 MHz:   0% 1404 MHz:   0% 1788 MHz:   0% 2112 MHz:   0% 2352 MHz:   0% 2532 MHz:   0% 2592 MHz:  26%)
CPU 0 idle residency:  73.79%
CPU 0 down residency:   0.00%
CPU 1 frequency: 2592 MHz
CPU 1 active residency:  14.56% (1020 MHz:   0% 1404 MHz:   0% 1788 MHz:   0% 2112 MHz:   0% 2352 MHz:   0% 2532 MHz:   0% 2592 MHz:  15%)
CPU 1 idle residency:  85.44%
CPU 1 down residency:   0.00%
CPU 2 frequency: 2592 MHz
CPU 2 active residency:   8.56% (1020 MHz:   0% 1404 MHz:   0% 1788 MHz:   0% 2112 MHz:   0% 2352 MHz:   0% 2532 MHz:   0% 2592 MHz: 8.6%)
CPU 2 idle residency:  91.44%
CPU 2 down residency:   0.00%
CPU 3 frequency: 2592 MHz
CPU 3 active residency:   5.83% (1020 MHz:   0% 1404 MHz:   0% 1788 MHz:   0% 2112 MHz:   0% 2352 MHz:   0% 2532 MHz:   0% 2592 MHz: 5.8%)
CPU 3 idle residency:  94.17%
CPU 3 down residency:   0.00%

P0-Cluster Online: 100%
P0-Cluster HW active frequency: 3996 MHz
P0-Cluster HW active residency:  95.26% (1260 MHz: .71% 1512 MHz:   0% 1800 MHz: .02% 2088 MHz: .02% 2352 MHz: .01% 2616 MHz: .04% 2868 MHz: .00% 3096 MHz:   0% 3300 MHz:   0% 3468 MHz: .00% 3624 MHz:   0% 3756 MHz:   0% 3828 MHz: .00% 3888 MHz: 6.9% 3948 MHz:  56% 3996 MHz:  10% 4044 MHz:  11% 4104 MHz:   0% 4416 MHz: 3.8% 4512 MHz: 6.5%)
P0-Cluster idle residency:   4.74%
P0-Cluster down residency:   0.00%
CPU 4 frequency: 4510 MHz
CPU 4 active residency:  41.82% (1260 MHz: .03% 1512 MHz:   0% 1800 MHz: .00% 2088 MHz:   0% 2352 MHz:   0% 2616 MHz:   0% 2868 MHz:   0% 3096 MHz:   0% 3300 MHz:   0% 3468 MHz:   0% 3624 MHz:   0% 3756 MHz:   0% 3828 MHz:   0% 3888 MHz:   0% 3948 MHz:   0% 3996 MHz:   0% 4044 MHz:   0% 4104 MHz:   0% 4416 MHz:   0% 4512 MHz:  42%)
CPU 4 idle residency:  58.18%
CPU 4 down residency:   0.00%
CPU 5 frequency: 4506 MHz
CPU 5 active residency:  54.25% (1260 MHz: .06% 1512 MHz:   0% 1800 MHz: .01% 2088 MHz: .02% 2352 MHz:   0% 2616 MHz: .03% 2868 MHz: .00% 3096 MHz:   0% 3300 MHz:   0% 3468 MHz:   0% 3624 MHz:   0% 3756 MHz:   0% 3828 MHz:   0% 3888 MHz:   0% 3948 MHz:   0% 3996 MHz:   0% 4044 MHz:   0% 4104 MHz:   0% 4416 MHz:   0% 4512 MHz:  54%)
CPU 5 idle residency:  45.75%
CPU 5 down residency:   0.00%
CPU 6 frequency: 4506 MHz
CPU 6 active residency:  50.55% (1260 MHz: .09% 1512 MHz:   0% 1800 MHz: .01% 2088 MHz: .00% 2352 MHz:   0% 2616 MHz: .00% 2868 MHz:   0% 3096 MHz:   0% 3300 MHz:   0% 3468 MHz:   0% 3624 MHz:   0% 3756 MHz:   0% 3828 MHz:   0% 3888 MHz:   0% 3948 MHz:   0% 3996 MHz:   0% 4044 MHz:   0% 4104 MHz:   0% 4416 MHz: .00% 4512 MHz:  50%)
CPU 6 idle residency:  49.45%
CPU 6 down residency:   0.00%
CPU 7 frequency: 4511 MHz
CPU 7 active residency:  39.31% (1260 MHz: .01% 1512 MHz:   0% 1800 MHz: .00% 2088 MHz:   0% 2352 MHz: .00% 2616 MHz: .00% 2868 MHz:   0% 3096 MHz:   0% 3300 MHz:   0% 3468 MHz:   0% 3624 MHz:   0% 3756 MHz:   0% 3828 MHz:   0% 3888 MHz:   0% 3948 MHz:   0% 3996 MHz:   0% 4044 MHz:   0% 4104 MHz:   0% 4416 MHz: .00% 4512 MHz:  39%)
CPU 7 idle residency:  60.69%
CPU 7 down residency:   0.00%
CPU 8 frequency: 4507 MHz
CPU 8 active residency:  53.07% (1260 MHz: .07% 1512 MHz:   0% 1800 MHz: .00% 2088 MHz: .00% 2352 MHz: .01% 2616 MHz:   0% 2868 MHz: .00% 3096 MHz:   0% 3300 MHz:   0% 3468 MHz: .00% 3624 MHz:   0% 3756 MHz:   0% 3828 MHz:   0% 3888 MHz:   0% 3948 MHz: .00% 3996 MHz:   0% 4044 MHz:   0% 4104 MHz:   0% 4416 MHz:   0% 4512 MHz:  53%)
CPU 8 idle residency:  46.93%
CPU 8 down residency:   0.00%
CPU 9 frequency: 4510 MHz
CPU 9 active residency:  26.44% (1260 MHz: .02% 1512 MHz:   0% 1800 MHz:   0% 2088 MHz:   0% 2352 MHz:   0% 2616 MHz: .00% 2868 MHz:   0% 3096 MHz:   0% 3300 MHz:   0% 3468 MHz: .00% 3624 MHz:   0% 3756 MHz:   0% 3828 MHz:   0% 3888 MHz:   0% 3948 MHz: .00% 3996 MHz:   0% 4044 MHz:   0% 4104 MHz:   0% 4416 MHz:   0% 4512 MHz:  26%)
CPU 9 idle residency:  73.56%
CPU 9 down residency:   0.00%

P1-Cluster HW active frequency: 1992 MHz
P1-Cluster HW active residency:   0.83% (1260 MHz: .52% 1512 MHz:   0% 1800 MHz: .13% 2088 MHz:   0% 2352 MHz:   0% 2616 MHz:   0% 2868 MHz:   0% 3096 MHz:   0% 3300 MHz:   0% 3468 MHz:   0% 3624 MHz:   0% 3756 MHz:   0% 3828 MHz:   0% 3888 MHz: .02% 3948 MHz: .02% 3996 MHz:   0% 4044 MHz:   0% 4104 MHz:   0% 4416 MHz: .02% 4512 MHz: .11%)
P1-Cluster idle residency:   1.61%
P1-Cluster down residency:  97.55%
CPU 10 frequency: 0 MHz
CPU 10 active residency:   0.00% (1260 MHz:   0% 1512 MHz:   0% 1800 MHz:   0% 2088 MHz:   0% 2352 MHz:   0% 2616 MHz:   0% 2868 MHz:   0% 3096 MHz:   0% 3300 MHz:   0% 3468 MHz:   0% 3624 MHz:   0% 3756 MHz:   0% 3828 MHz:   0% 3888 MHz:   0% 3948 MHz:   0% 3996 MHz:   0% 4044 MHz:   0% 4104 MHz:   0% 4416 MHz:   0% 4512 MHz:   0%)
CPU 10 idle residency:   2.30%
CPU 10 down residency:  97.70%
CPU 11 frequency: 0 MHz
CPU 11 active residency:   0.00% (1260 MHz:   0% 1512 MHz:   0% 1800 MHz:   0% 2088 MHz:   0% 2352 MHz:   0% 2616 MHz:   0% 2868 MHz:   0% 3096 MHz:   0% 3300 MHz:   0% 3468 MHz:   0% 3624 MHz:   0% 3756 MHz:   0% 3828 MHz:   0% 3888 MHz:   0% 3948 MHz:   0% 3996 MHz:   0% 4044 MHz:   0% 4104 MHz:   0% 4416 MHz:   0% 4512 MHz:   0%)
CPU 11 idle residency:   2.31%
CPU 11 down residency:  97.69%
CPU 12 frequency: 0 MHz
CPU 12 active residency:   0.00% (1260 MHz:   0% 1512 MHz:   0% 1800 MHz:   0% 2088 MHz:   0% 2352 MHz:   0% 2616 MHz:   0% 2868 MHz:   0% 3096 MHz:   0% 3300 MHz:   0% 3468 MHz:   0% 3624 MHz:   0% 3756 MHz:   0% 3828 MHz:   0% 3888 MHz:   0% 3948 MHz:   0% 3996 MHz:   0% 4044 MHz:   0% 4104 MHz:   0% 4416 MHz:   0% 4512 MHz:   0%)
CPU 12 idle residency:   2.20%
CPU 12 down residency:  97.80%
CPU 13 frequency: 0 MHz
CPU 13 active residency:   0.00% (1260 MHz:   0% 1512 MHz:   0% 1800 MHz:   0% 2088 MHz:   0% 2352 MHz:   0% 2616 MHz:   0% 2868 MHz:   0% 3096 MHz:   0% 3300 MHz:   0% 3468 MHz:   0% 3624 MHz:   0% 3756 MHz:   0% 3828 MHz:   0% 3888 MHz:   0% 3948 MHz:   0% 3996 MHz:   0% 4044 MHz:   0% 4104 MHz:   0% 4416 MHz:   0% 4512 MHz:   0%)
CPU 13 idle residency:   2.21%
CPU 13 down residency:  97.79%
CPU 14 frequency: 0 MHz
CPU 14 active residency:   0.00% (1260 MHz:   0% 1512 MHz:   0% 1800 MHz:   0% 2088 MHz:   0% 2352 MHz:   0% 2616 MHz:   0% 2868 MHz:   0% 3096 MHz:   0% 3300 MHz:   0% 3468 MHz:   0% 3624 MHz:   0% 3756 MHz:   0% 3828 MHz:   0% 3888 MHz:   0% 3948 MHz:   0% 3996 MHz:   0% 4044 MHz:   0% 4104 MHz:   0% 4416 MHz:   0% 4512 MHz:   0%)
CPU 14 idle residency:   2.29%
CPU 14 down residency:  97.71%
CPU 15 frequency: 0 MHz
CPU 15 active residency:   0.00% (1260 MHz:   0% 1512 MHz:   0% 1800 MHz:   0% 2088 MHz:   0% 2352 MHz:   0% 2616 MHz:   0% 2868 MHz:   0% 3096 MHz:   0% 3300 MHz:   0% 3468 MHz:   0% 3624 MHz:   0% 3756 MHz:   0% 3828 MHz:   0% 3888 MHz:   0% 3948 MHz:   0% 3996 MHz:   0% 4044 MHz:   0% 4104 MHz:   0% 4416 MHz:   0% 4512 MHz:   0%)
CPU 15 idle residency:   2.28%
CPU 15 down residency:  97.72%

CPU Power: 5698 mW
GPU Power: 28940 mW
ANE Power: 0 mW
Combined Power (CPU + GPU + ANE): 34638 mW

**** GPU usage ****

GPU HW active frequency: 1578 MHz
GPU HW active residency: 100.00% (338 MHz:   0% 618 MHz:   0% 796 MHz:   0% 924 MHz:   0% 952 MHz:   0% 1056 MHz:   0% 1062 MHz:   0% 1182 MHz:   0% 1182 MHz:   0% 1312 MHz:   0% 1242 MHz:   0% 1380 MHz:   0% 1326 MHz:   0% 1470 MHz:   0% 1578 MHz: 100%)
GPU SW requested state: (P1 :   0% P2 :   0% P3 :   0% P4 :   0% P5 :   0% P6 :   0% P7 :   0% P8 :   0% P9 :   0% P10 : 100% P11 :   0% P12 :   0% P13 :   0% P14 :   0% P15 :   0%)
GPU SW state: (SW_P1 :   0% SW_P2 :   0% SW_P3 :   0% SW_P4 :   0% SW_P5 :   0% SW_P6 :   0% SW_P7 :   0% SW_P8 :   0% SW_P9 :   0% SW_P10 : 100% SW_P11 :   0% SW_P12 :   0% SW_P13 :   0% SW_P14 :   0% SW_P15 :   0%)
GPU idle residency:   0.00%
GPU Power: 28938 mW



*** Sampled system activity (Tue Jan 20 15:04:39 2026 +0100) (1022.42ms elapsed) ***


**** Processor usage ****

E-Cluster Online: 100%
E-Cluster HW active frequency: 2592 MHz
E-Cluster HW active residency:  58.00% (1020 MHz:   0% 1404 MHz:   0% 1788 MHz:   0% 2112 MHz:   0% 2352 MHz:   0% 2532 MHz: .00% 2592 MHz:  58%)
E-Cluster idle residency:  42.00%
E-Cluster down residency:   0.00%
CPU 0 frequency: 2592 MHz
CPU 0 active residency:  27.29% (1020 MHz:   0% 1404 MHz:   0% 1788 MHz:   0% 2112 MHz:   0% 2352 MHz:   0% 2532 MHz:   0% 2592 MHz:  27%)
CPU 0 idle residency:  72.71%
CPU 0 down residency:   0.00%
CPU 1 frequency: 2592 MHz
CPU 1 active residency:  13.00% (1020 MHz:   0% 1404 MHz:   0% 1788 MHz:   0% 2112 MHz:   0% 2352 MHz:   0% 2532 MHz:   0% 2592 MHz:  13%)
CPU 1 idle residency:  87.00%
CPU 1 down residency:   0.00%
CPU 2 frequency: 2592 MHz
CPU 2 active residency:   6.75% (1020 MHz:   0% 1404 MHz:   0% 1788 MHz:   0% 2112 MHz:   0% 2352 MHz:   0% 2532 MHz:   0% 2592 MHz: 6.7%)
CPU 2 idle residency:  93.25%
CPU 2 down residency:   0.00%
CPU 3 frequency: 2592 MHz
CPU 3 active residency:   5.12% (1020 MHz:   0% 1404 MHz:   0% 1788 MHz:   0% 2112 MHz:   0% 2352 MHz:   0% 2532 MHz:   0% 2592 MHz: 5.1%)
CPU 3 idle residency:  94.88%
CPU 3 down residency:   0.00%

P0-Cluster Online: 72%
P0-Cluster HW active frequency: 3970 MHz
P0-Cluster HW active residency:  70.06% (1260 MHz: .68% 1512 MHz: .04% 1800 MHz: .11% 2088 MHz: .01% 2352 MHz: .01% 2616 MHz: .01% 2868 MHz: .04% 3096 MHz:   0% 3300 MHz:   0% 3468 MHz: .02% 3624 MHz:   0% 3756 MHz: .05% 3828 MHz:   0% 3888 MHz: 4.5% 3948 MHz:  47% 3996 MHz: 5.9% 4044 MHz: 5.8% 4104 MHz:   0% 4416 MHz: 2.5% 4512 MHz: 3.6%)
P0-Cluster idle residency:   3.40%
P0-Cluster down residency:  26.55%
CPU 4 frequency: 4506 MHz
CPU 4 active residency:  23.82% (1260 MHz: .04% 1512 MHz:   0% 1800 MHz:   0% 2088 MHz:   0% 2352 MHz:   0% 2616 MHz:   0% 2868 MHz: .00% 3096 MHz:   0% 3300 MHz:   0% 3468 MHz:   0% 3624 MHz:   0% 3756 MHz:   0% 3828 MHz:   0% 3888 MHz:   0% 3948 MHz:   0% 3996 MHz:   0% 4044 MHz:   0% 4104 MHz:   0% 4416 MHz:   0% 4512 MHz:  24%)
CPU 4 idle residency:  46.91%
CPU 4 down residency:  29.26%
CPU 5 frequency: 4500 MHz
CPU 5 active residency:  37.61% (1260 MHz: .09% 1512 MHz:   0% 1800 MHz: .04% 2088 MHz: .01% 2352 MHz: .01% 2616 MHz:   0% 2868 MHz: .00% 3096 MHz:   0% 3300 MHz:   0% 3468 MHz:   0% 3624 MHz:   0% 3756 MHz: .02% 3828 MHz:   0% 3888 MHz:   0% 3948 MHz:   0% 3996 MHz:   0% 4044 MHz:   0% 4104 MHz: .02% 4416 MHz:   0% 4512 MHz:  37%)
CPU 5 idle residency:  31.42%
CPU 5 down residency:  30.97%
CPU 6 frequency: 4492 MHz
CPU 6 active residency:   6.64% (1260 MHz: .03% 1512 MHz:   0% 1800 MHz: .00% 2088 MHz:   0% 2352 MHz:   0% 2616 MHz:   0% 2868 MHz:   0% 3096 MHz:   0% 3300 MHz:   0% 3468 MHz: .00% 3624 MHz:   0% 3756 MHz: .03% 3828 MHz:   0% 3888 MHz:   0% 3948 MHz:   0% 3996 MHz:   0% 4044 MHz:   0% 4104 MHz: .02% 4416 MHz:   0% 4512 MHz: 6.5%)
CPU 6 idle residency:  64.91%
CPU 6 down residency:  28.46%
CPU 7 frequency: 4503 MHz
CPU 7 active residency:  29.68% (1260 MHz: .06% 1512 MHz:   0% 1800 MHz:   0% 2088 MHz: .01% 2352 MHz: .01% 2616 MHz: .01% 2868 MHz:   0% 3096 MHz:   0% 3300 MHz:   0% 3468 MHz: .00% 3624 MHz:   0% 3756 MHz: .00% 3828 MHz:   0% 3888 MHz:   0% 3948 MHz:   0% 3996 MHz:   0% 4044 MHz:   0% 4104 MHz: .02% 4416 MHz:   0% 4512 MHz:  30%)
CPU 7 idle residency:  41.46%
CPU 7 down residency:  28.86%
CPU 8 frequency: 4498 MHz
CPU 8 active residency:  25.10% (1260 MHz: .05% 1512 MHz:   0% 1800 MHz: .06% 2088 MHz:   0% 2352 MHz: .01% 2616 MHz:   0% 2868 MHz:   0% 3096 MHz:   0% 3300 MHz:   0% 3468 MHz: .00% 3624 MHz:   0% 3756 MHz:   0% 3828 MHz:   0% 3888 MHz:   0% 3948 MHz:   0% 3996 MHz:   0% 4044 MHz:   0% 4104 MHz: .02% 4416 MHz:   0% 4512 MHz:  25%)
CPU 8 idle residency:  42.87%
CPU 8 down residency:  32.02%
CPU 9 frequency: 4505 MHz
CPU 9 active residency:  33.69% (1260 MHz: .07% 1512 MHz:   0% 1800 MHz:   0% 2088 MHz:   0% 2352 MHz:   0% 2616 MHz: .00% 2868 MHz:   0% 3096 MHz:   0% 3300 MHz:   0% 3468 MHz:   0% 3624 MHz:   0% 3756 MHz:   0% 3828 MHz:   0% 3888 MHz:   0% 3948 MHz:   0% 3996 MHz:   0% 4044 MHz:   0% 4104 MHz: .00% 4416 MHz:   0% 4512 MHz:  34%)
CPU 9 idle residency:  37.12%
CPU 9 down residency:  29.20%

P1-Cluster HW active frequency: 3949 MHz
P1-Cluster HW active residency:  26.74% (1260 MHz: .18% 1512 MHz:   0% 1800 MHz:   0% 2088 MHz:   0% 2352 MHz:   0% 2616 MHz:   0% 2868 MHz:   0% 3096 MHz:   0% 3300 MHz:   0% 3468 MHz:   0% 3624 MHz:   0% 3756 MHz:   0% 3828 MHz:   0% 3888 MHz: 2.0% 3948 MHz:  16% 3996 MHz: 4.0% 4044 MHz: 4.6% 4104 MHz:   0% 4416 MHz: .01% 4512 MHz:   0%)
P1-Cluster idle residency:   1.02%
P1-Cluster down residency:  72.24%
CPU 10 frequency: 4437 MHz
CPU 10 active residency:  15.80% (1260 MHz: .35% 1512 MHz:   0% 1800 MHz: .02% 2088 MHz:   0% 2352 MHz:   0% 2616 MHz:   0% 2868 MHz:   0% 3096 MHz:   0% 3300 MHz:   0% 3468 MHz:   0% 3624 MHz:   0% 3756 MHz:   0% 3828 MHz:   0% 3888 MHz:   0% 3948 MHz:   0% 3996 MHz:   0% 4044 MHz:   0% 4104 MHz:   0% 4416 MHz:   0% 4512 MHz:  15%)
CPU 10 idle residency:  12.27%
CPU 10 down residency:  71.93%
CPU 11 frequency: 4386 MHz
CPU 11 active residency:   9.49% (1260 MHz: .35% 1512 MHz:   0% 1800 MHz: .02% 2088 MHz:   0% 2352 MHz:   0% 2616 MHz:   0% 2868 MHz:   0% 3096 MHz:   0% 3300 MHz:   0% 3468 MHz:   0% 3624 MHz:   0% 3756 MHz:   0% 3828 MHz:   0% 3888 MHz:   0% 3948 MHz:   0% 3996 MHz:   0% 4044 MHz:   0% 4104 MHz:   0% 4416 MHz:   0% 4512 MHz: 9.1%)
CPU 11 idle residency:  18.57%
CPU 11 down residency:  71.94%
CPU 12 frequency: 4385 MHz
CPU 12 active residency:  11.99% (1260 MHz: .35% 1512 MHz:   0% 1800 MHz: .14% 2088 MHz:   0% 2352 MHz:   0% 2616 MHz:   0% 2868 MHz:   0% 3096 MHz:   0% 3300 MHz:   0% 3468 MHz:   0% 3624 MHz:   0% 3756 MHz:   0% 3828 MHz:   0% 3888 MHz:   0% 3948 MHz:   0% 3996 MHz:   0% 4044 MHz:   0% 4104 MHz:   0% 4416 MHz:   0% 4512 MHz:  11%)
CPU 12 idle residency:  16.21%
CPU 12 down residency:  71.80%
CPU 13 frequency: 4444 MHz
CPU 13 active residency:  18.22% (1260 MHz: .35% 1512 MHz:   0% 1800 MHz: .04% 2088 MHz:   0% 2352 MHz:   0% 2616 MHz:   0% 2868 MHz:   0% 3096 MHz:   0% 3300 MHz:   0% 3468 MHz:   0% 3624 MHz:   0% 3756 MHz:   0% 3828 MHz:   0% 3888 MHz:   0% 3948 MHz:   0% 3996 MHz:   0% 4044 MHz:   0% 4104 MHz:   0% 4416 MHz:   0% 4512 MHz:  18%)
CPU 13 idle residency:   9.92%
CPU 13 down residency:  71.86%
CPU 14 frequency: 4419 MHz
CPU 14 active residency:  12.58% (1260 MHz: .35% 1512 MHz: .01% 1800 MHz: .00% 2088 MHz:   0% 2352 MHz:   0% 2616 MHz:   0% 2868 MHz:   0% 3096 MHz:   0% 3300 MHz:   0% 3468 MHz:   0% 3624 MHz:   0% 3756 MHz:   0% 3828 MHz:   0% 3888 MHz:   0% 3948 MHz:   0% 3996 MHz:   0% 4044 MHz:   0% 4104 MHz:   0% 4416 MHz:   0% 4512 MHz:  12%)
CPU 14 idle residency:  15.49%
CPU 14 down residency:  71.93%
CPU 15 frequency: 4439 MHz
CPU 15 active residency:  16.63% (1260 MHz: .35% 1512 MHz:   0% 1800 MHz: .03% 2088 MHz:   0% 2352 MHz:   0% 2616 MHz:   0% 2868 MHz:   0% 3096 MHz:   0% 3300 MHz:   0% 3468 MHz:   0% 3624 MHz:   0% 3756 MHz:   0% 3828 MHz:   0% 3888 MHz:   0% 3948 MHz:   0% 3996 MHz:   0% 4044 MHz:   0% 4104 MHz:   0% 4416 MHz:   0% 4512 MHz:  16%)
CPU 15 idle residency:  11.49%
CPU 15 down residency:  71.88%

CPU Power: 5701 mW
GPU Power: 29246 mW
ANE Power: 0 mW
Combined Power (CPU + GPU + ANE): 34948 mW

**** GPU usage ****

GPU HW active frequency: 1578 MHz
GPU HW active residency: 100.00% (338 MHz:   0% 618 MHz:   0% 796 MHz:   0% 924 MHz:   0% 952 MHz:   0% 1056 MHz:   0% 1062 MHz:   0% 1182 MHz:   0% 1182 MHz:   0% 1312 MHz:   0% 1242 MHz:   0% 1380 MHz:   0% 1326 MHz:   0% 1470 MHz:   0% 1578 MHz: 100%)
GPU SW requested state: (P1 :   0% P2 :   0% P3 :   0% P4 :   0% P5 :   0% P6 :   0% P7 :   0% P8 :   0% P9 :   0% P10 : 100% P11 :   0% P12 :   0% P13 :   0% P14 :   0% P15 :   0%)
GPU SW state: (SW_P1 :   0% SW_P2 :   0% SW_P3 :   0% SW_P4 :   0% SW_P5 :   0% SW_P6 :   0% SW_P7 :   0% SW_P8 :   0% SW_P9 :   0% SW_P10 : 100% SW_P11 :   0% SW_P12 :   0% SW_P13 :   0% SW_P14 :   0% SW_P15 :   0%)
GPU idle residency:   0.00%
GPU Power: 29247 mW



*** Sampled system activity (Tue Jan 20 15:04:40 2026 +0100) (1020.06ms elapsed) ***


**** Processor usage ****

E-Cluster Online: 100%
E-Cluster HW active frequency: 2592 MHz
E-Cluster HW active residency:  62.22% (1020 MHz:   0% 1404 MHz:   0% 1788 MHz:   0% 2112 MHz:   0% 2352 MHz:   0% 2532 MHz: .00% 2592 MHz:  62%)
E-Cluster idle residency:  37.78%
E-Cluster down residency:   0.00%
CPU 0 frequency: 2592 MHz
CPU 0 active residency:  28.03% (1020 MHz:   0% 1404 MHz:   0% 1788 MHz:   0% 2112 MHz:   0% 2352 MHz:   0% 2532 MHz:   0% 2592 MHz:  28%)
CPU 0 idle residency:  71.97%
CPU 0 down residency:   0.00%
CPU 1 frequency: 2592 MHz
CPU 1 active residency:  23.22% (1020 MHz:   0% 1404 MHz:   0% 1788 MHz:   0% 2112 MHz:   0% 2352 MHz:   0% 2532 MHz:   0% 2592 MHz:  23%)
CPU 1 idle residency:  76.78%
CPU 1 down residency:   0.00%
CPU 2 frequency: 2592 MHz
CPU 2 active residency:  13.37% (1020 MHz:   0% 1404 MHz:   0% 1788 MHz:   0% 2112 MHz:   0% 2352 MHz:   0% 2532 MHz:   0% 2592 MHz:  13%)
CPU 2 idle residency:  86.63%
CPU 2 down residency:   0.00%
CPU 3 frequency: 2592 MHz
CPU 3 active residency:   7.15% (1020 MHz:   0% 1404 MHz:   0% 1788 MHz:   0% 2112 MHz:   0% 2352 MHz:   0% 2532 MHz:   0% 2592 MHz: 7.2%)
CPU 3 idle residency:  92.85%
CPU 3 down residency:   0.00%

P0-Cluster Online: 1%
P0-Cluster HW active frequency: 1803 MHz
P0-Cluster HW active residency:   0.12% (1260 MHz: .10% 1512 MHz:   0% 1800 MHz:   0% 2088 MHz:   0% 2352 MHz:   0% 2616 MHz:   0% 2868 MHz:   0% 3096 MHz:   0% 3300 MHz:   0% 3468 MHz:   0% 3624 MHz:   0% 3756 MHz:   0% 3828 MHz:   0% 3888 MHz: .00% 3948 MHz:   0% 3996 MHz:   0% 4044 MHz:   0% 4104 MHz:   0% 4416 MHz: .00% 4512 MHz: .02%)
P0-Cluster idle residency:   0.53%
P0-Cluster down residency:  99.34%
CPU 4 frequency: 0 MHz
CPU 4 active residency:   0.00% (1260 MHz:   0% 1512 MHz:   0% 1800 MHz:   0% 2088 MHz:   0% 2352 MHz:   0% 2616 MHz:   0% 2868 MHz:   0% 3096 MHz:   0% 3300 MHz:   0% 3468 MHz:   0% 3624 MHz:   0% 3756 MHz:   0% 3828 MHz:   0% 3888 MHz:   0% 3948 MHz:   0% 3996 MHz:   0% 4044 MHz:   0% 4104 MHz:   0% 4416 MHz:   0% 4512 MHz:   0%)
CPU 4 idle residency:   0.64%
CPU 4 down residency:  99.36%
CPU 5 frequency: 0 MHz
CPU 5 active residency:   0.00% (1260 MHz:   0% 1512 MHz:   0% 1800 MHz:   0% 2088 MHz:   0% 2352 MHz:   0% 2616 MHz:   0% 2868 MHz:   0% 3096 MHz:   0% 3300 MHz:   0% 3468 MHz:   0% 3624 MHz:   0% 3756 MHz:   0% 3828 MHz:   0% 3888 MHz:   0% 3948 MHz:   0% 3996 MHz:   0% 4044 MHz:   0% 4104 MHz:   0% 4416 MHz:   0% 4512 MHz:   0%)
CPU 5 idle residency:   0.64%
CPU 5 down residency:  99.36%
CPU 6 frequency: 0 MHz
CPU 6 active residency:   0.00% (1260 MHz:   0% 1512 MHz:   0% 1800 MHz:   0% 2088 MHz:   0% 2352 MHz:   0% 2616 MHz:   0% 2868 MHz:   0% 3096 MHz:   0% 3300 MHz:   0% 3468 MHz:   0% 3624 MHz:   0% 3756 MHz:   0% 3828 MHz:   0% 3888 MHz:   0% 3948 MHz:   0% 3996 MHz:   0% 4044 MHz:   0% 4104 MHz:   0% 4416 MHz:   0% 4512 MHz:   0%)
CPU 6 idle residency:   0.64%
CPU 6 down residency:  99.36%
CPU 7 frequency: 0 MHz
CPU 7 active residency:   0.00% (1260 MHz:   0% 1512 MHz:   0% 1800 MHz:   0% 2088 MHz:   0% 2352 MHz:   0% 2616 MHz:   0% 2868 MHz:   0% 3096 MHz:   0% 3300 MHz:   0% 3468 MHz:   0% 3624 MHz:   0% 3756 MHz:   0% 3828 MHz:   0% 3888 MHz:   0% 3948 MHz:   0% 3996 MHz:   0% 4044 MHz:   0% 4104 MHz:   0% 4416 MHz:   0% 4512 MHz:   0%)
CPU 7 idle residency:   0.64%
CPU 7 down residency:  99.36%
CPU 8 frequency: 0 MHz
CPU 8 active residency:   0.00% (1260 MHz:   0% 1512 MHz:   0% 1800 MHz:   0% 2088 MHz:   0% 2352 MHz:   0% 2616 MHz:   0% 2868 MHz:   0% 3096 MHz:   0% 3300 MHz:   0% 3468 MHz:   0% 3624 MHz:   0% 3756 MHz:   0% 3828 MHz:   0% 3888 MHz:   0% 3948 MHz:   0% 3996 MHz:   0% 4044 MHz:   0% 4104 MHz:   0% 4416 MHz:   0% 4512 MHz:   0%)
CPU 8 idle residency:   0.64%
CPU 8 down residency:  99.36%
CPU 9 frequency: 0 MHz
CPU 9 active residency:   0.00% (1260 MHz:   0% 1512 MHz:   0% 1800 MHz:   0% 2088 MHz:   0% 2352 MHz:   0% 2616 MHz:   0% 2868 MHz:   0% 3096 MHz:   0% 3300 MHz:   0% 3468 MHz:   0% 3624 MHz:   0% 3756 MHz:   0% 3828 MHz:   0% 3888 MHz:   0% 3948 MHz:   0% 3996 MHz:   0% 4044 MHz:   0% 4104 MHz:   0% 4416 MHz:   0% 4512 MHz:   0%)
CPU 9 idle residency:   0.64%
CPU 9 down residency:  99.36%

P1-Cluster HW active frequency: 3953 MHz
P1-Cluster HW active residency:  95.58% (1260 MHz: .66% 1512 MHz: .04% 1800 MHz: .05% 2088 MHz: .05% 2352 MHz: .00% 2616 MHz: .01% 2868 MHz: .03% 3096 MHz: .01% 3300 MHz:   0% 3468 MHz: .02% 3624 MHz:   0% 3756 MHz:   0% 3828 MHz: .00% 3888 MHz: 7.3% 3948 MHz:  61% 3996 MHz:  11% 4044 MHz:  13% 4104 MHz:   0% 4416 MHz: .89% 4512 MHz: 1.5%)
P1-Cluster idle residency:   4.42%
P1-Cluster down residency:   0.00%
CPU 10 frequency: 4507 MHz
CPU 10 active residency:  56.09% (1260 MHz: .08% 1512 MHz: .02% 1800 MHz: .01% 2088 MHz:   0% 2352 MHz:   0% 2616 MHz:   0% 2868 MHz:   0% 3096 MHz: .00% 3300 MHz:   0% 3468 MHz:   0% 3624 MHz:   0% 3756 MHz:   0% 3828 MHz:   0% 3888 MHz:   0% 3948 MHz:   0% 3996 MHz:   0% 4044 MHz:   0% 4104 MHz:   0% 4416 MHz: .00% 4512 MHz:  56%)
CPU 10 idle residency:  43.91%
CPU 10 down residency:   0.00%
CPU 11 frequency: 4508 MHz
CPU 11 active residency:  54.65% (1260 MHz: .07% 1512 MHz:   0% 1800 MHz: .01% 2088 MHz:   0% 2352 MHz:   0% 2616 MHz:   0% 2868 MHz:   0% 3096 MHz:   0% 3300 MHz:   0% 3468 MHz:   0% 3624 MHz:   0% 3756 MHz:   0% 3828 MHz:   0% 3888 MHz:   0% 3948 MHz:   0% 3996 MHz:   0% 4044 MHz:   0% 4104 MHz:   0% 4416 MHz:   0% 4512 MHz:  55%)
CPU 11 idle residency:  45.35%
CPU 11 down residency:   0.00%
CPU 12 frequency: 4499 MHz
CPU 12 active residency:  47.98% (1260 MHz: .05% 1512 MHz: .04% 1800 MHz: .05% 2088 MHz: .05% 2352 MHz: .00% 2616 MHz: .01% 2868 MHz: .03% 3096 MHz: .01% 3300 MHz:   0% 3468 MHz: .02% 3624 MHz:   0% 3756 MHz:   0% 3828 MHz: .00% 3888 MHz:   0% 3948 MHz:   0% 3996 MHz:   0% 4044 MHz:   0% 4104 MHz:   0% 4416 MHz: .01% 4512 MHz:  48%)
CPU 12 idle residency:  52.02%
CPU 12 down residency:   0.00%
CPU 13 frequency: 4510 MHz
CPU 13 active residency:  31.13% (1260 MHz: .02% 1512 MHz:   0% 1800 MHz:   0% 2088 MHz:   0% 2352 MHz:   0% 2616 MHz: .00% 2868 MHz: .00% 3096 MHz:   0% 3300 MHz:   0% 3468 MHz:   0% 3624 MHz:   0% 3756 MHz:   0% 3828 MHz:   0% 3888 MHz:   0% 3948 MHz:   0% 3996 MHz:   0% 4044 MHz:   0% 4104 MHz:   0% 4416 MHz:   0% 4512 MHz:  31%)
CPU 13 idle residency:  68.87%
CPU 13 down residency:   0.00%
CPU 14 frequency: 4508 MHz
CPU 14 active residency:  56.62% (1260 MHz: .08% 1512 MHz:   0% 1800 MHz:   0% 2088 MHz:   0% 2352 MHz: .00% 2616 MHz:   0% 2868 MHz:   0% 3096 MHz:   0% 3300 MHz:   0% 3468 MHz: .00% 3624 MHz:   0% 3756 MHz:   0% 3828 MHz:   0% 3888 MHz:   0% 3948 MHz:   0% 3996 MHz:   0% 4044 MHz:   0% 4104 MHz:   0% 4416 MHz:   0% 4512 MHz:  57%)
CPU 14 idle residency:  43.38%
CPU 14 down residency:   0.00%
CPU 15 frequency: 4508 MHz
CPU 15 active residency:  33.50% (1260 MHz: .01% 1512 MHz: .04% 1800 MHz:   0% 2088 MHz: .00% 2352 MHz: .00% 2616 MHz:   0% 2868 MHz:   0% 3096 MHz:   0% 3300 MHz:   0% 3468 MHz:   0% 3624 MHz:   0% 3756 MHz:   0% 3828 MHz: .00% 3888 MHz:   0% 3948 MHz:   0% 3996 MHz:   0% 4044 MHz:   0% 4104 MHz:   0% 4416 MHz:   0% 4512 MHz:  33%)
CPU 15 idle residency:  66.50%
CPU 15 down residency:   0.00%

CPU Power: 5602 mW
GPU Power: 29225 mW
ANE Power: 0 mW
Combined Power (CPU + GPU + ANE): 34826 mW

**** GPU usage ****

GPU HW active frequency: 1578 MHz
GPU HW active residency: 100.00% (338 MHz:   0% 618 MHz:   0% 796 MHz:   0% 924 MHz:   0% 952 MHz:   0% 1056 MHz:   0% 1062 MHz:   0% 1182 MHz:   0% 1182 MHz:   0% 1312 MHz:   0% 1242 MHz:   0% 1380 MHz:   0% 1326 MHz:   0% 1470 MHz:   0% 1578 MHz: 100%)
GPU SW requested state: (P1 :   0% P2 :   0% P3 :   0% P4 :   0% P5 :   0% P6 :   0% P7 :   0% P8 :   0% P9 :   0% P10 : 100% P11 :   0% P12 :   0% P13 :   0% P14 :   0% P15 :   0%)
GPU SW state: (SW_P1 :   0% SW_P2 :   0% SW_P3 :   0% SW_P4 :   0% SW_P5 :   0% SW_P6 :   0% SW_P7 :   0% SW_P8 :   0% SW_P9 :   0% SW_P10 : 100% SW_P11 :   0% SW_P12 :   0% SW_P13 :   0% SW_P14 :   0% SW_P15 :   0%)
GPU idle residency:   0.00%
GPU Power: 29229 mW



*** Sampled system activity (Tue Jan 20 15:04:41 2026 +0100) (1020.45ms elapsed) ***


**** Processor usage ****

E-Cluster Online: 100%
E-Cluster HW active frequency: 2592 MHz
E-Cluster HW active residency:  58.15% (1020 MHz:   0% 1404 MHz:   0% 1788 MHz:   0% 2112 MHz:   0% 2352 MHz:   0% 2532 MHz: .00% 2592 MHz:  58%)
E-Cluster idle residency:  41.85%
E-Cluster down residency:   0.00%
CPU 0 frequency: 2592 MHz
CPU 0 active residency:  27.92% (1020 MHz:   0% 1404 MHz:   0% 1788 MHz:   0% 2112 MHz:   0% 2352 MHz:   0% 2532 MHz:   0% 2592 MHz:  28%)
CPU 0 idle residency:  72.08%
CPU 0 down residency:   0.00%
CPU 1 frequency: 2592 MHz
CPU 1 active residency:  15.64% (1020 MHz:   0% 1404 MHz:   0% 1788 MHz:   0% 2112 MHz:   0% 2352 MHz:   0% 2532 MHz:   0% 2592 MHz:  16%)
CPU 1 idle residency:  84.36%
CPU 1 down residency:   0.00%
CPU 2 frequency: 2592 MHz
CPU 2 active residency:   9.61% (1020 MHz:   0% 1404 MHz:   0% 1788 MHz:   0% 2112 MHz:   0% 2352 MHz:   0% 2532 MHz:   0% 2592 MHz: 9.6%)
CPU 2 idle residency:  90.39%
CPU 2 down residency:   0.00%
CPU 3 frequency: 2592 MHz
CPU 3 active residency:   6.18% (1020 MHz:   0% 1404 MHz:   0% 1788 MHz:   0% 2112 MHz:   0% 2352 MHz:   0% 2532 MHz:   0% 2592 MHz: 6.2%)
CPU 3 idle residency:  93.82%
CPU 3 down residency:   0.00%

P0-Cluster Online: 9%
P0-Cluster HW active frequency: 1677 MHz
P0-Cluster HW active residency:   1.97% (1260 MHz: 1.5% 1512 MHz:   0% 1800 MHz: .11% 2088 MHz: .17% 2352 MHz:   0% 2616 MHz:   0% 2868 MHz:   0% 3096 MHz:   0% 3300 MHz:   0% 3468 MHz:   0% 3624 MHz:   0% 3756 MHz:   0% 3828 MHz:   0% 3888 MHz: .08% 3948 MHz: .05% 3996 MHz:   0% 4044 MHz:   0% 4104 MHz:   0% 4416 MHz: .02% 4512 MHz: .06%)
P0-Cluster idle residency:   6.87%
P0-Cluster down residency:  91.16%
CPU 4 frequency: 4500 MHz
CPU 4 active residency:   8.40% (1260 MHz: .03% 1512 MHz:   0% 1800 MHz: .00% 2088 MHz: .00% 2352 MHz:   0% 2616 MHz:   0% 2868 MHz:   0% 3096 MHz:   0% 3300 MHz:   0% 3468 MHz:   0% 3624 MHz:   0% 3756 MHz:   0% 3828 MHz:   0% 3888 MHz:   0% 3948 MHz:   0% 3996 MHz:   0% 4044 MHz:   0% 4104 MHz:   0% 4416 MHz:   0% 4512 MHz: 8.4%)
CPU 4 idle residency:   7.54%
CPU 4 down residency:  84.06%
CPU 5 frequency: 4491 MHz
CPU 5 active residency:  12.42% (1260 MHz: .04% 1512 MHz: .03% 1800 MHz: .00% 2088 MHz:   0% 2352 MHz:   0% 2616 MHz: .00% 2868 MHz: .00% 3096 MHz:   0% 3300 MHz:   0% 3468 MHz: .00% 3624 MHz:   0% 3756 MHz: .00% 3828 MHz:   0% 3888 MHz:   0% 3948 MHz:   0% 3996 MHz:   0% 4044 MHz:   0% 4104 MHz: .00% 4416 MHz:   0% 4512 MHz:  12%)
CPU 5 idle residency:   7.42%
CPU 5 down residency:  80.17%
CPU 6 frequency: 4485 MHz
CPU 6 active residency:   6.16% (1260 MHz: .05% 1512 MHz:   0% 1800 MHz:   0% 2088 MHz:   0% 2352 MHz: .00% 2616 MHz:   0% 2868 MHz:   0% 3096 MHz:   0% 3300 MHz:   0% 3468 MHz:   0% 3624 MHz:   0% 3756 MHz:   0% 3828 MHz:   0% 3888 MHz:   0% 3948 MHz:   0% 3996 MHz:   0% 4044 MHz:   0% 4104 MHz:   0% 4416 MHz:   0% 4512 MHz: 6.1%)
CPU 6 idle residency:   7.84%
CPU 6 down residency:  85.99%
CPU 7 frequency: 4496 MHz
CPU 7 active residency:   7.29% (1260 MHz: .03% 1512 MHz:   0% 1800 MHz: .00% 2088 MHz:   0% 2352 MHz:   0% 2616 MHz:   0% 2868 MHz:   0% 3096 MHz:   0% 3300 MHz:   0% 3468 MHz:   0% 3624 MHz:   0% 3756 MHz:   0% 3828 MHz:   0% 3888 MHz:   0% 3948 MHz:   0% 3996 MHz:   0% 4044 MHz:   0% 4104 MHz:   0% 4416 MHz:   0% 4512 MHz: 7.3%)
CPU 7 idle residency:   7.91%
CPU 7 down residency:  84.79%
CPU 8 frequency: 4489 MHz
CPU 8 active residency:  10.39% (1260 MHz: .03% 1512 MHz: .00% 1800 MHz: .01% 2088 MHz: .00% 2352 MHz: .00% 2616 MHz: .00% 2868 MHz: .03% 3096 MHz:   0% 3300 MHz:   0% 3468 MHz: .01% 3624 MHz:   0% 3756 MHz: .02% 3828 MHz:   0% 3888 MHz:   0% 3948 MHz:   0% 3996 MHz:   0% 4044 MHz:   0% 4104 MHz: .00% 4416 MHz:   0% 4512 MHz:  10%)
CPU 8 idle residency:   7.68%
CPU 8 down residency:  81.93%
CPU 9 frequency: 4499 MHz
CPU 9 active residency:   8.21% (1260 MHz: .03% 1512 MHz: .00% 1800 MHz:   0% 2088 MHz:   0% 2352 MHz:   0% 2616 MHz:   0% 2868 MHz:   0% 3096 MHz:   0% 3300 MHz:   0% 3468 MHz:   0% 3624 MHz:   0% 3756 MHz:   0% 3828 MHz:   0% 3888 MHz:   0% 3948 MHz:   0% 3996 MHz:   0% 4044 MHz:   0% 4104 MHz:   0% 4416 MHz:   0% 4512 MHz: 8.2%)
CPU 9 idle residency:   7.74%
CPU 9 down residency:  84.05%

P1-Cluster HW active frequency: 3963 MHz
P1-Cluster HW active residency:  95.37% (1260 MHz: .61% 1512 MHz: .05% 1800 MHz: .01% 2088 MHz: .00% 2352 MHz: .01% 2616 MHz:   0% 2868 MHz: .06% 3096 MHz: .00% 3300 MHz: .00% 3468 MHz:   0% 3624 MHz: .00% 3756 MHz: .00% 3828 MHz:   0% 3888 MHz: 9.5% 3948 MHz:  56% 3996 MHz:  12% 4044 MHz:  14% 4104 MHz:   0% 4416 MHz: 1.3% 4512 MHz: 2.4%)
P1-Cluster idle residency:   4.63%
P1-Cluster down residency:   0.00%
CPU 10 frequency: 4508 MHz
CPU 10 active residency:  64.17% (1260 MHz: .07% 1512 MHz: .00% 1800 MHz: .00% 2088 MHz: .01% 2352 MHz: .00% 2616 MHz:   0% 2868 MHz:   0% 3096 MHz:   0% 3300 MHz:   0% 3468 MHz:   0% 3624 MHz:   0% 3756 MHz:   0% 3828 MHz:   0% 3888 MHz:   0% 3948 MHz:   0% 3996 MHz:   0% 4044 MHz:   0% 4104 MHz:   0% 4416 MHz:   0% 4512 MHz:  64%)
CPU 10 idle residency:  35.83%
CPU 10 down residency:   0.00%
CPU 11 frequency: 4510 MHz
CPU 11 active residency:  30.05% (1260 MHz:   0% 1512 MHz:   0% 1800 MHz: .01% 2088 MHz: .00% 2352 MHz:   0% 2616 MHz:   0% 2868 MHz: .02% 3096 MHz:   0% 3300 MHz: .00% 3468 MHz:   0% 3624 MHz: .00% 3756 MHz:   0% 3828 MHz:   0% 3888 MHz:   0% 3948 MHz:   0% 3996 MHz:   0% 4044 MHz:   0% 4104 MHz:   0% 4416 MHz:   0% 4512 MHz:  30%)
CPU 11 idle residency:  69.95%
CPU 11 down residency:   0.00%
CPU 12 frequency: 4506 MHz
CPU 12 active residency:  39.89% (1260 MHz: .02% 1512 MHz: .05% 1800 MHz: .00% 2088 MHz:   0% 2352 MHz: .01% 2616 MHz:   0% 2868 MHz: .00% 3096 MHz: .00% 3300 MHz:   0% 3468 MHz:   0% 3624 MHz:   0% 3756 MHz: .00% 3828 MHz:   0% 3888 MHz:   0% 3948 MHz:   0% 3996 MHz:   0% 4044 MHz:   0% 4104 MHz:   0% 4416 MHz:   0% 4512 MHz:  40%)
CPU 12 idle residency:  60.11%
CPU 12 down residency:   0.00%
CPU 13 frequency: 4506 MHz
CPU 13 active residency:  51.45% (1260 MHz: .10% 1512 MHz: .00% 1800 MHz: .00% 2088 MHz:   0% 2352 MHz:   0% 2616 MHz:   0% 2868 MHz:   0% 3096 MHz:   0% 3300 MHz:   0% 3468 MHz:   0% 3624 MHz: .00% 3756 MHz:   0% 3828 MHz:   0% 3888 MHz:   0% 3948 MHz:   0% 3996 MHz:   0% 4044 MHz:   0% 4104 MHz:   0% 4416 MHz:   0% 4512 MHz:  51%)
CPU 13 idle residency:  48.55%
CPU 13 down residency:   0.00%
CPU 14 frequency: 4510 MHz
CPU 14 active residency:  41.51% (1260 MHz: .03% 1512 MHz:   0% 1800 MHz:   0% 2088 MHz:   0% 2352 MHz: .01% 2616 MHz:   0% 2868 MHz: .00% 3096 MHz:   0% 3300 MHz:   0% 3468 MHz:   0% 3624 MHz:   0% 3756 MHz:   0% 3828 MHz:   0% 3888 MHz:   0% 3948 MHz:   0% 3996 MHz:   0% 4044 MHz:   0% 4104 MHz:   0% 4416 MHz:   0% 4512 MHz:  41%)
CPU 14 idle residency:  58.49%
CPU 14 down residency:   0.00%
CPU 15 frequency: 4506 MHz
CPU 15 active residency:  50.22% (1260 MHz: .06% 1512 MHz: .00% 1800 MHz:   0% 2088 MHz:   0% 2352 MHz: .00% 2616 MHz:   0% 2868 MHz: .04% 3096 MHz: .00% 3300 MHz:   0% 3468 MHz:   0% 3624 MHz: .00% 3756 MHz: .00% 3828 MHz:   0% 3888 MHz:   0% 3948 MHz:   0% 3996 MHz:   0% 4044 MHz:   0% 4104 MHz:   0% 4416 MHz:   0% 4512 MHz:  50%)
CPU 15 idle residency:  49.78%
CPU 15 down residency:   0.00%

CPU Power: 5708 mW
GPU Power: 29550 mW
ANE Power: 0 mW
Combined Power (CPU + GPU + ANE): 35258 mW

**** GPU usage ****

GPU HW active frequency: 1578 MHz
GPU HW active residency: 100.00% (338 MHz:   0% 618 MHz:   0% 796 MHz:   0% 924 MHz:   0% 952 MHz:   0% 1056 MHz:   0% 1062 MHz:   0% 1182 MHz:   0% 1182 MHz:   0% 1312 MHz:   0% 1242 MHz:   0% 1380 MHz:   0% 1326 MHz:   0% 1470 MHz:   0% 1578 MHz: 100%)
GPU SW requested state: (P1 :   0% P2 :   0% P3 :   0% P4 :   0% P5 :   0% P6 :   0% P7 :   0% P8 :   0% P9 :   0% P10 : 100% P11 :   0% P12 :   0% P13 :   0% P14 :   0% P15 :   0%)
GPU SW state: (SW_P1 :   0% SW_P2 :   0% SW_P3 :   0% SW_P4 :   0% SW_P5 :   0% SW_P6 :   0% SW_P7 :   0% SW_P8 :   0% SW_P9 :   0% SW_P10 : 100% SW_P11 :   0% SW_P12 :   0% SW_P13 :   0% SW_P14 :   0% SW_P15 :   0%)
GPU idle residency:   0.00%
GPU Power: 29548 mW



*** Sampled system activity (Tue Jan 20 15:04:42 2026 +0100) (1019.51ms elapsed) ***


**** Processor usage ****

E-Cluster Online: 100%
E-Cluster HW active frequency: 2592 MHz
E-Cluster HW active residency:  59.07% (1020 MHz:   0% 1404 MHz:   0% 1788 MHz:   0% 2112 MHz:   0% 2352 MHz:   0% 2532 MHz: .00% 2592 MHz:  59%)
E-Cluster idle residency:  40.93%
E-Cluster down residency:   0.00%
CPU 0 frequency: 2592 MHz
CPU 0 active residency:  26.73% (1020 MHz:   0% 1404 MHz:   0% 1788 MHz:   0% 2112 MHz:   0% 2352 MHz:   0% 2532 MHz:   0% 2592 MHz:  27%)
CPU 0 idle residency:  73.27%
CPU 0 down residency:   0.00%
CPU 1 frequency: 2592 MHz
CPU 1 active residency:  14.46% (1020 MHz:   0% 1404 MHz:   0% 1788 MHz:   0% 2112 MHz:   0% 2352 MHz:   0% 2532 MHz:   0% 2592 MHz:  14%)
CPU 1 idle residency:  85.54%
CPU 1 down residency:   0.00%
CPU 2 frequency: 2592 MHz
CPU 2 active residency:   8.12% (1020 MHz:   0% 1404 MHz:   0% 1788 MHz:   0% 2112 MHz:   0% 2352 MHz:   0% 2532 MHz:   0% 2592 MHz: 8.1%)
CPU 2 idle residency:  91.88%
CPU 2 down residency:   0.00%
CPU 3 frequency: 2592 MHz
CPU 3 active residency:   3.88% (1020 MHz:   0% 1404 MHz:   0% 1788 MHz:   0% 2112 MHz:   0% 2352 MHz:   0% 2532 MHz:   0% 2592 MHz: 3.9%)
CPU 3 idle residency:  96.12%
CPU 3 down residency:   0.00%

P0-Cluster Online: 4%
P0-Cluster HW active frequency: 1526 MHz
P0-Cluster HW active residency:   0.63% (1260 MHz: .57% 1512 MHz:   0% 1800 MHz:   0% 2088 MHz:   0% 2352 MHz:   0% 2616 MHz:   0% 2868 MHz:   0% 3096 MHz:   0% 3300 MHz:   0% 3468 MHz:   0% 3624 MHz:   0% 3756 MHz:   0% 3828 MHz:   0% 3888 MHz:   0% 3948 MHz:   0% 3996 MHz:   0% 4044 MHz: .03% 4104 MHz:   0% 4416 MHz:   0% 4512 MHz: .03%)
P0-Cluster idle residency:   2.26%
P0-Cluster down residency:  97.12%
CPU 4 frequency: 0 MHz
CPU 4 active residency:   0.00% (1260 MHz:   0% 1512 MHz:   0% 1800 MHz:   0% 2088 MHz:   0% 2352 MHz:   0% 2616 MHz:   0% 2868 MHz:   0% 3096 MHz:   0% 3300 MHz:   0% 3468 MHz:   0% 3624 MHz:   0% 3756 MHz:   0% 3828 MHz:   0% 3888 MHz:   0% 3948 MHz:   0% 3996 MHz:   0% 4044 MHz:   0% 4104 MHz:   0% 4416 MHz:   0% 4512 MHz:   0%)
CPU 4 idle residency:   2.75%
CPU 4 down residency:  97.25%
CPU 5 frequency: 0 MHz
CPU 5 active residency:   0.00% (1260 MHz:   0% 1512 MHz:   0% 1800 MHz:   0% 2088 MHz:   0% 2352 MHz:   0% 2616 MHz:   0% 2868 MHz:   0% 3096 MHz:   0% 3300 MHz:   0% 3468 MHz:   0% 3624 MHz:   0% 3756 MHz:   0% 3828 MHz:   0% 3888 MHz:   0% 3948 MHz:   0% 3996 MHz:   0% 4044 MHz:   0% 4104 MHz:   0% 4416 MHz:   0% 4512 MHz:   0%)
CPU 5 idle residency:   2.75%
CPU 5 down residency:  97.25%
CPU 6 frequency: 0 MHz
CPU 6 active residency:   0.00% (1260 MHz:   0% 1512 MHz:   0% 1800 MHz:   0% 2088 MHz:   0% 2352 MHz:   0% 2616 MHz:   0% 2868 MHz:   0% 3096 MHz:   0% 3300 MHz:   0% 3468 MHz:   0% 3624 MHz:   0% 3756 MHz:   0% 3828 MHz:   0% 3888 MHz:   0% 3948 MHz:   0% 3996 MHz:   0% 4044 MHz:   0% 4104 MHz:   0% 4416 MHz:   0% 4512 MHz:   0%)
CPU 6 idle residency:   2.75%
CPU 6 down residency:  97.25%
CPU 7 frequency: 0 MHz
CPU 7 active residency:   0.00% (1260 MHz:   0% 1512 MHz:   0% 1800 MHz:   0% 2088 MHz:   0% 2352 MHz:   0% 2616 MHz:   0% 2868 MHz:   0% 3096 MHz:   0% 3300 MHz:   0% 3468 MHz:   0% 3624 MHz:   0% 3756 MHz:   0% 3828 MHz:   0% 3888 MHz:   0% 3948 MHz:   0% 3996 MHz:   0% 4044 MHz:   0% 4104 MHz:   0% 4416 MHz:   0% 4512 MHz:   0%)
CPU 7 idle residency:   2.75%
CPU 7 down residency:  97.25%
CPU 8 frequency: 0 MHz
CPU 8 active residency:   0.00% (1260 MHz:   0% 1512 MHz:   0% 1800 MHz:   0% 2088 MHz:   0% 2352 MHz:   0% 2616 MHz:   0% 2868 MHz:   0% 3096 MHz:   0% 3300 MHz:   0% 3468 MHz:   0% 3624 MHz:   0% 3756 MHz:   0% 3828 MHz:   0% 3888 MHz:   0% 3948 MHz:   0% 3996 MHz:   0% 4044 MHz:   0% 4104 MHz:   0% 4416 MHz:   0% 4512 MHz:   0%)
CPU 8 idle residency:   2.75%
CPU 8 down residency:  97.25%
CPU 9 frequency: 0 MHz
CPU 9 active residency:   0.00% (1260 MHz:   0% 1512 MHz:   0% 1800 MHz:   0% 2088 MHz:   0% 2352 MHz:   0% 2616 MHz:   0% 2868 MHz:   0% 3096 MHz:   0% 3300 MHz:   0% 3468 MHz:   0% 3624 MHz:   0% 3756 MHz:   0% 3828 MHz:   0% 3888 MHz:   0% 3948 MHz:   0% 3996 MHz:   0% 4044 MHz:   0% 4104 MHz:   0% 4416 MHz:   0% 4512 MHz:   0%)
CPU 9 idle residency:   2.75%
CPU 9 down residency:  97.25%

P1-Cluster HW active frequency: 3944 MHz
P1-Cluster HW active residency:  94.26% (1260 MHz: .71% 1512 MHz: .03% 1800 MHz: .06% 2088 MHz: .01% 2352 MHz: .03% 2616 MHz: .02% 2868 MHz: .03% 3096 MHz:   0% 3300 MHz: .00% 3468 MHz:   0% 3624 MHz: .03% 3756 MHz:   0% 3828 MHz: .00% 3888 MHz: 7.4% 3948 MHz:  57% 3996 MHz:  12% 4044 MHz:  17% 4104 MHz:   0% 4416 MHz: .07% 4512 MHz: .18%)
P1-Cluster idle residency:   5.74%
P1-Cluster down residency:   0.00%
CPU 10 frequency: 4511 MHz
CPU 10 active residency:  27.81% (1260 MHz: .01% 1512 MHz:   0% 1800 MHz:   0% 2088 MHz:   0% 2352 MHz:   0% 2616 MHz:   0% 2868 MHz:   0% 3096 MHz:   0% 3300 MHz:   0% 3468 MHz:   0% 3624 MHz:   0% 3756 MHz:   0% 3828 MHz:   0% 3888 MHz:   0% 3948 MHz:   0% 3996 MHz:   0% 4044 MHz:   0% 4104 MHz:   0% 4416 MHz:   0% 4512 MHz:  28%)
CPU 10 idle residency:  72.19%
CPU 10 down residency:   0.00%
CPU 11 frequency: 4506 MHz
CPU 11 active residency:  53.24% (1260 MHz: .07% 1512 MHz: .01% 1800 MHz:   0% 2088 MHz: .01% 2352 MHz: .03% 2616 MHz:   0% 2868 MHz: .00% 3096 MHz:   0% 3300 MHz:   0% 3468 MHz:   0% 3624 MHz:   0% 3756 MHz:   0% 3828 MHz:   0% 3888 MHz:   0% 3948 MHz:   0% 3996 MHz:   0% 4044 MHz:   0% 4104 MHz:   0% 4416 MHz:   0% 4512 MHz:  53%)
CPU 11 idle residency:  46.76%
CPU 11 down residency:   0.00%
CPU 12 frequency: 4504 MHz
CPU 12 active residency:  45.27% (1260 MHz: .03% 1512 MHz: .01% 1800 MHz: .05% 2088 MHz: .01% 2352 MHz:   0% 2616 MHz: .02% 2868 MHz: .01% 3096 MHz:   0% 3300 MHz: .00% 3468 MHz:   0% 3624 MHz: .03% 3756 MHz:   0% 3828 MHz:   0% 3888 MHz:   0% 3948 MHz: .04% 3996 MHz:   0% 4044 MHz:   0% 4104 MHz:   0% 4416 MHz:   0% 4512 MHz:  45%)
CPU 12 idle residency:  54.73%
CPU 12 down residency:   0.00%
CPU 13 frequency: 4508 MHz
CPU 13 active residency:  35.66% (1260 MHz: .02% 1512 MHz: .00% 1800 MHz:   0% 2088 MHz:   0% 2352 MHz: .00% 2616 MHz:   0% 2868 MHz: .03% 3096 MHz:   0% 3300 MHz:   0% 3468 MHz:   0% 3624 MHz:   0% 3756 MHz:   0% 3828 MHz:   0% 3888 MHz:   0% 3948 MHz:   0% 3996 MHz:   0% 4044 MHz:   0% 4104 MHz:   0% 4416 MHz:   0% 4512 MHz:  36%)
CPU 13 idle residency:  64.34%
CPU 13 down residency:   0.00%
CPU 14 frequency: 4508 MHz
CPU 14 active residency:  54.56% (1260 MHz: .06% 1512 MHz: .01% 1800 MHz: .01% 2088 MHz:   0% 2352 MHz:   0% 2616 MHz:   0% 2868 MHz: .00% 3096 MHz:   0% 3300 MHz: .00% 3468 MHz:   0% 3624 MHz:   0% 3756 MHz:   0% 3828 MHz:   0% 3888 MHz:   0% 3948 MHz: .00% 3996 MHz:   0% 4044 MHz:   0% 4104 MHz:   0% 4416 MHz:   0% 4512 MHz:  54%)
CPU 14 idle residency:  45.44%
CPU 14 down residency:   0.00%
CPU 15 frequency: 4508 MHz
CPU 15 active residency:  51.24% (1260 MHz: .05% 1512 MHz: .01% 1800 MHz: .01% 2088 MHz: .01% 2352 MHz:   0% 2616 MHz: .00% 2868 MHz: .01% 3096 MHz:   0% 3300 MHz:   0% 3468 MHz:   0% 3624 MHz: .00% 3756 MHz:   0% 3828 MHz:   0% 3888 MHz:   0% 3948 MHz:   0% 3996 MHz:   0% 4044 MHz:   0% 4104 MHz:   0% 4416 MHz:   0% 4512 MHz:  51%)
CPU 15 idle residency:  48.76%
CPU 15 down residency:   0.00%

CPU Power: 5401 mW
GPU Power: 29323 mW
ANE Power: 0 mW
Combined Power (CPU + GPU + ANE): 34724 mW

**** GPU usage ****

GPU HW active frequency: 1578 MHz
GPU HW active residency: 100.00% (338 MHz:   0% 618 MHz:   0% 796 MHz:   0% 924 MHz:   0% 952 MHz:   0% 1056 MHz:   0% 1062 MHz:   0% 1182 MHz:   0% 1182 MHz:   0% 1312 MHz:   0% 1242 MHz:   0% 1380 MHz:   0% 1326 MHz:   0% 1470 MHz:   0% 1578 MHz: 100%)
GPU SW requested state: (P1 :   0% P2 :   0% P3 :   0% P4 :   0% P5 :   0% P6 :   0% P7 :   0% P8 :   0% P9 :   0% P10 : 100% P11 :   0% P12 :   0% P13 :   0% P14 :   0% P15 :   0%)
GPU SW state: (SW_P1 :   0% SW_P2 :   0% SW_P3 :   0% SW_P4 :   0% SW_P5 :   0% SW_P6 :   0% SW_P7 :   0% SW_P8 :   0% SW_P9 :   0% SW_P10 : 100% SW_P11 :   0% SW_P12 :   0% SW_P13 :   0% SW_P14 :   0% SW_P15 :   0%)
GPU idle residency:   0.00%
GPU Power: 29329 mW



*** Sampled system activity (Tue Jan 20 15:04:43 2026 +0100) (1019.24ms elapsed) ***


**** Processor usage ****

E-Cluster Online: 100%
E-Cluster HW active frequency: 2592 MHz
E-Cluster HW active residency:  57.28% (1020 MHz:   0% 1404 MHz:   0% 1788 MHz:   0% 2112 MHz:   0% 2352 MHz:   0% 2532 MHz: .00% 2592 MHz:  57%)
E-Cluster idle residency:  42.72%
E-Cluster down residency:   0.00%
CPU 0 frequency: 2592 MHz
CPU 0 active residency:  26.46% (1020 MHz:   0% 1404 MHz:   0% 1788 MHz:   0% 2112 MHz:   0% 2352 MHz:   0% 2532 MHz:   0% 2592 MHz:  26%)
CPU 0 idle residency:  73.54%
CPU 0 down residency:   0.00%
CPU 1 frequency: 2592 MHz
CPU 1 active residency:  12.80% (1020 MHz:   0% 1404 MHz:   0% 1788 MHz:   0% 2112 MHz:   0% 2352 MHz:   0% 2532 MHz:   0% 2592 MHz:  13%)
CPU 1 idle residency:  87.20%
CPU 1 down residency:   0.00%
CPU 2 frequency: 2592 MHz
CPU 2 active residency:   8.64% (1020 MHz:   0% 1404 MHz:   0% 1788 MHz:   0% 2112 MHz:   0% 2352 MHz:   0% 2532 MHz:   0% 2592 MHz: 8.6%)
CPU 2 idle residency:  91.36%
CPU 2 down residency:   0.00%
CPU 3 frequency: 2592 MHz
CPU 3 active residency:   3.87% (1020 MHz:   0% 1404 MHz:   0% 1788 MHz:   0% 2112 MHz:   0% 2352 MHz:   0% 2532 MHz:   0% 2592 MHz: 3.9%)
CPU 3 idle residency:  96.13%
CPU 3 down residency:   0.00%

P0-Cluster Online: 8%
P0-Cluster HW active frequency: 1450 MHz
P0-Cluster HW active residency:   1.93% (1260 MHz: 1.5% 1512 MHz:   0% 1800 MHz: .35% 2088 MHz: .03% 2352 MHz:   0% 2616 MHz:   0% 2868 MHz:   0% 3096 MHz:   0% 3300 MHz:   0% 3468 MHz:   0% 3624 MHz:   0% 3756 MHz:   0% 3828 MHz:   0% 3888 MHz:   0% 3948 MHz:   0% 3996 MHz:   0% 4044 MHz: .04% 4104 MHz:   0% 4416 MHz:   0% 4512 MHz: .01%)
P0-Cluster idle residency:   4.66%
P0-Cluster down residency:  93.41%
CPU 4 frequency: 0 MHz
CPU 4 active residency:   0.00% (1260 MHz:   0% 1512 MHz:   0% 1800 MHz:   0% 2088 MHz:   0% 2352 MHz:   0% 2616 MHz:   0% 2868 MHz:   0% 3096 MHz:   0% 3300 MHz:   0% 3468 MHz:   0% 3624 MHz:   0% 3756 MHz:   0% 3828 MHz:   0% 3888 MHz:   0% 3948 MHz:   0% 3996 MHz:   0% 4044 MHz:   0% 4104 MHz:   0% 4416 MHz:   0% 4512 MHz:   0%)
CPU 4 idle residency:   6.01%
CPU 4 down residency:  93.99%
CPU 5 frequency: 0 MHz
CPU 5 active residency:   0.00% (1260 MHz:   0% 1512 MHz:   0% 1800 MHz:   0% 2088 MHz:   0% 2352 MHz:   0% 2616 MHz:   0% 2868 MHz:   0% 3096 MHz:   0% 3300 MHz:   0% 3468 MHz:   0% 3624 MHz:   0% 3756 MHz:   0% 3828 MHz:   0% 3888 MHz:   0% 3948 MHz:   0% 3996 MHz:   0% 4044 MHz:   0% 4104 MHz:   0% 4416 MHz:   0% 4512 MHz:   0%)
CPU 5 idle residency:   6.26%
CPU 5 down residency:  93.74%
CPU 6 frequency: 0 MHz
CPU 6 active residency:   0.00% (1260 MHz:   0% 1512 MHz:   0% 1800 MHz:   0% 2088 MHz:   0% 2352 MHz:   0% 2616 MHz:   0% 2868 MHz:   0% 3096 MHz:   0% 3300 MHz:   0% 3468 MHz:   0% 3624 MHz:   0% 3756 MHz:   0% 3828 MHz:   0% 3888 MHz:   0% 3948 MHz:   0% 3996 MHz:   0% 4044 MHz:   0% 4104 MHz:   0% 4416 MHz:   0% 4512 MHz:   0%)
CPU 6 idle residency:   6.25%
CPU 6 down residency:  93.75%
CPU 7 frequency: 0 MHz
CPU 7 active residency:   0.00% (1260 MHz:   0% 1512 MHz:   0% 1800 MHz:   0% 2088 MHz:   0% 2352 MHz:   0% 2616 MHz:   0% 2868 MHz:   0% 3096 MHz:   0% 3300 MHz:   0% 3468 MHz:   0% 3624 MHz:   0% 3756 MHz:   0% 3828 MHz:   0% 3888 MHz:   0% 3948 MHz:   0% 3996 MHz:   0% 4044 MHz:   0% 4104 MHz:   0% 4416 MHz:   0% 4512 MHz:   0%)
CPU 7 idle residency:   6.28%
CPU 7 down residency:  93.72%
CPU 8 frequency: 0 MHz
CPU 8 active residency:   0.00% (1260 MHz:   0% 1512 MHz:   0% 1800 MHz:   0% 2088 MHz:   0% 2352 MHz:   0% 2616 MHz:   0% 2868 MHz:   0% 3096 MHz:   0% 3300 MHz:   0% 3468 MHz:   0% 3624 MHz:   0% 3756 MHz:   0% 3828 MHz:   0% 3888 MHz:   0% 3948 MHz:   0% 3996 MHz:   0% 4044 MHz:   0% 4104 MHz:   0% 4416 MHz:   0% 4512 MHz:   0%)
CPU 8 idle residency:   6.29%
CPU 8 down residency:  93.71%
CPU 9 frequency: 0 MHz
CPU 9 active residency:   0.00% (1260 MHz:   0% 1512 MHz:   0% 1800 MHz:   0% 2088 MHz:   0% 2352 MHz:   0% 2616 MHz:   0% 2868 MHz:   0% 3096 MHz:   0% 3300 MHz:   0% 3468 MHz:   0% 3624 MHz:   0% 3756 MHz:   0% 3828 MHz:   0% 3888 MHz:   0% 3948 MHz:   0% 3996 MHz:   0% 4044 MHz:   0% 4104 MHz:   0% 4416 MHz:   0% 4512 MHz:   0%)
CPU 9 idle residency:   6.26%
CPU 9 down residency:  93.74%

P1-Cluster HW active frequency: 3946 MHz
P1-Cluster HW active residency:  94.58% (1260 MHz: .60% 1512 MHz: .04% 1800 MHz: .04% 2088 MHz: .02% 2352 MHz: .00% 2616 MHz: .04% 2868 MHz: .03% 3096 MHz: .03% 3300 MHz:   0% 3468 MHz: .04% 3624 MHz:   0% 3756 MHz:   0% 3828 MHz: .00% 3888 MHz: 9.2% 3948 MHz:  54% 3996 MHz:  13% 4044 MHz:  17% 4104 MHz:   0% 4416 MHz:   0% 4512 MHz:   0%)
P1-Cluster idle residency:   5.42%
P1-Cluster down residency:   0.00%
CPU 10 frequency: 4503 MHz
CPU 10 active residency:  54.25% (1260 MHz: .08% 1512 MHz: .01% 1800 MHz: .04% 2088 MHz:   0% 2352 MHz:   0% 2616 MHz: .01% 2868 MHz: .00% 3096 MHz:   0% 3300 MHz:   0% 3468 MHz:   0% 3624 MHz:   0% 3756 MHz:   0% 3828 MHz:   0% 3888 MHz:   0% 3948 MHz:   0% 3996 MHz:   0% 4044 MHz:   0% 4104 MHz:   0% 4416 MHz: .89% 4512 MHz:  53%)
CPU 10 idle residency:  45.75%
CPU 10 down residency:   0.00%
CPU 11 frequency: 4507 MHz
CPU 11 active residency:  52.09% (1260 MHz: .05% 1512 MHz:   0% 1800 MHz: .01% 2088 MHz: .00% 2352 MHz:   0% 2616 MHz: .00% 2868 MHz:   0% 3096 MHz:   0% 3300 MHz:   0% 3468 MHz:   0% 3624 MHz:   0% 3756 MHz:   0% 3828 MHz:   0% 3888 MHz:   0% 3948 MHz: .00% 3996 MHz:   0% 4044 MHz:   0% 4104 MHz:   0% 4416 MHz: .56% 4512 MHz:  51%)
CPU 11 idle residency:  47.91%
CPU 11 down residency:   0.00%
CPU 12 frequency: 4505 MHz
CPU 12 active residency:  41.50% (1260 MHz: .05% 1512 MHz: .01% 1800 MHz:   0% 2088 MHz: .02% 2352 MHz: .00% 2616 MHz:   0% 2868 MHz:   0% 3096 MHz:   0% 3300 MHz:   0% 3468 MHz: .00% 3624 MHz:   0% 3756 MHz:   0% 3828 MHz:   0% 3888 MHz:   0% 3948 MHz:   0% 3996 MHz:   0% 4044 MHz:   0% 4104 MHz:   0% 4416 MHz: .84% 4512 MHz:  41%)
CPU 12 idle residency:  58.50%
CPU 12 down residency:   0.00%
CPU 13 frequency: 4506 MHz
CPU 13 active residency:  51.91% (1260 MHz: .05% 1512 MHz: .01% 1800 MHz: .00% 2088 MHz: .00% 2352 MHz:   0% 2616 MHz:   0% 2868 MHz:   0% 3096 MHz: .00% 3300 MHz:   0% 3468 MHz:   0% 3624 MHz:   0% 3756 MHz:   0% 3828 MHz:   0% 3888 MHz:   0% 3948 MHz:   0% 3996 MHz:   0% 4044 MHz:   0% 4104 MHz:   0% 4416 MHz: 1.1% 4512 MHz:  51%)
CPU 13 idle residency:  48.09%
CPU 13 down residency:   0.00%
CPU 14 frequency: 4509 MHz
CPU 14 active residency:  37.73% (1260 MHz: .02% 1512 MHz: .03% 1800 MHz:   0% 2088 MHz:   0% 2352 MHz:   0% 2616 MHz:   0% 2868 MHz:   0% 3096 MHz:   0% 3300 MHz:   0% 3468 MHz:   0% 3624 MHz:   0% 3756 MHz:   0% 3828 MHz:   0% 3888 MHz:   0% 3948 MHz:   0% 3996 MHz:   0% 4044 MHz:   0% 4104 MHz:   0% 4416 MHz:   0% 4512 MHz:  38%)
CPU 14 idle residency:  62.27%
CPU 14 down residency:   0.00%
CPU 15 frequency: 4498 MHz
CPU 15 active residency:  32.57% (1260 MHz: .03% 1512 MHz: .04% 1800 MHz: .01% 2088 MHz: .00% 2352 MHz: .00% 2616 MHz: .03% 2868 MHz: .03% 3096 MHz: .03% 3300 MHz:   0% 3468 MHz: .04% 3624 MHz:   0% 3756 MHz:   0% 3828 MHz:   0% 3888 MHz:   0% 3948 MHz: .00% 3996 MHz:   0% 4044 MHz:   0% 4104 MHz:   0% 4416 MHz: .06% 4512 MHz:  32%)
CPU 15 idle residency:  67.43%
CPU 15 down residency:   0.00%

CPU Power: 5680 mW
GPU Power: 29636 mW
ANE Power: 0 mW
Combined Power (CPU + GPU + ANE): 35315 mW

**** GPU usage ****

GPU HW active frequency: 1578 MHz
GPU HW active residency: 100.00% (338 MHz:   0% 618 MHz:   0% 796 MHz:   0% 924 MHz:   0% 952 MHz:   0% 1056 MHz:   0% 1062 MHz:   0% 1182 MHz:   0% 1182 MHz:   0% 1312 MHz:   0% 1242 MHz:   0% 1380 MHz:   0% 1326 MHz:   0% 1470 MHz:   0% 1578 MHz: 100%)
GPU SW requested state: (P1 :   0% P2 :   0% P3 :   0% P4 :   0% P5 :   0% P6 :   0% P7 :   0% P8 :   0% P9 :   0% P10 : 100% P11 :   0% P12 :   0% P13 :   0% P14 :   0% P15 :   0%)
GPU SW state: (SW_P1 :   0% SW_P2 :   0% SW_P3 :   0% SW_P4 :   0% SW_P5 :   0% SW_P6 :   0% SW_P7 :   0% SW_P8 :   0% SW_P9 :   0% SW_P10 : 100% SW_P11 :   0% SW_P12 :   0% SW_P13 :   0% SW_P14 :   0% SW_P15 :   0%)
GPU idle residency:   0.00%
GPU Power: 29391 mW



*** Sampled system activity (Tue Jan 20 15:04:44 2026 +0100) (1020.99ms elapsed) ***


**** Processor usage ****

E-Cluster Online: 100%
E-Cluster HW active frequency: 2592 MHz
E-Cluster HW active residency:  58.03% (1020 MHz:   0% 1404 MHz:   0% 1788 MHz:   0% 2112 MHz:   0% 2352 MHz:   0% 2532 MHz: .00% 2592 MHz:  58%)
E-Cluster idle residency:  41.97%
E-Cluster down residency:   0.00%
CPU 0 frequency: 2592 MHz
CPU 0 active residency:  24.78% (1020 MHz:   0% 1404 MHz:   0% 1788 MHz:   0% 2112 MHz:   0% 2352 MHz:   0% 2532 MHz:   0% 2592 MHz:  25%)
CPU 0 idle residency:  75.22%
CPU 0 down residency:   0.00%
CPU 1 frequency: 2592 MHz
CPU 1 active residency:  13.56% (1020 MHz:   0% 1404 MHz:   0% 1788 MHz:   0% 2112 MHz:   0% 2352 MHz:   0% 2532 MHz:   0% 2592 MHz:  14%)
CPU 1 idle residency:  86.44%
CPU 1 down residency:   0.00%
CPU 2 frequency: 2592 MHz
CPU 2 active residency:   8.97% (1020 MHz:   0% 1404 MHz:   0% 1788 MHz:   0% 2112 MHz:   0% 2352 MHz:   0% 2532 MHz:   0% 2592 MHz: 9.0%)
CPU 2 idle residency:  91.03%
CPU 2 down residency:   0.00%
CPU 3 frequency: 2592 MHz
CPU 3 active residency:   5.26% (1020 MHz:   0% 1404 MHz:   0% 1788 MHz:   0% 2112 MHz:   0% 2352 MHz:   0% 2532 MHz:   0% 2592 MHz: 5.3%)
CPU 3 idle residency:  94.74%
CPU 3 down residency:   0.00%

P0-Cluster Online: 21%
P0-Cluster HW active frequency: 3853 MHz
P0-Cluster HW active residency:  17.59% (1260 MHz: .72% 1512 MHz:   0% 1800 MHz:   0% 2088 MHz:   0% 2352 MHz:   0% 2616 MHz:   0% 2868 MHz:   0% 3096 MHz:   0% 3300 MHz:   0% 3468 MHz:   0% 3624 MHz:   0% 3756 MHz:   0% 3828 MHz:   0% 3888 MHz: 1.7% 3948 MHz:  10% 3996 MHz: 2.5% 4044 MHz: 2.4% 4104 MHz:   0% 4416 MHz: .02% 4512 MHz: .01%)
P0-Cluster idle residency:   2.18%
P0-Cluster down residency:  80.24%
CPU 4 frequency: 4223 MHz
CPU 4 active residency:  12.55% (1260 MHz: .65% 1512 MHz:   0% 1800 MHz: .40% 2088 MHz: .18% 2352 MHz:   0% 2616 MHz:   0% 2868 MHz:   0% 3096 MHz:   0% 3300 MHz:   0% 3468 MHz:   0% 3624 MHz:   0% 3756 MHz:   0% 3828 MHz:   0% 3888 MHz:   0% 3948 MHz:   0% 3996 MHz:   0% 4044 MHz:   0% 4104 MHz:   0% 4416 MHz:   0% 4512 MHz:  11%)
CPU 4 idle residency:   8.25%
CPU 4 down residency:  79.20%
CPU 5 frequency: 4242 MHz
CPU 5 active residency:   8.66% (1260 MHz: .61% 1512 MHz:   0% 1800 MHz: .12% 2088 MHz: .02% 2352 MHz:   0% 2616 MHz:   0% 2868 MHz:   0% 3096 MHz:   0% 3300 MHz:   0% 3468 MHz:   0% 3624 MHz:   0% 3756 MHz:   0% 3828 MHz:   0% 3888 MHz:   0% 3948 MHz:   0% 3996 MHz:   0% 4044 MHz:   0% 4104 MHz:   0% 4416 MHz:   0% 4512 MHz: 7.9%)
CPU 5 idle residency:  11.74%
CPU 5 down residency:  79.60%
CPU 6 frequency: 4311 MHz
CPU 6 active residency:  12.13% (1260 MHz: .60% 1512 MHz:   0% 1800 MHz: .16% 2088 MHz: .03% 2352 MHz:   0% 2616 MHz:   0% 2868 MHz:   0% 3096 MHz:   0% 3300 MHz:   0% 3468 MHz:   0% 3624 MHz:   0% 3756 MHz:   0% 3828 MHz:   0% 3888 MHz:   0% 3948 MHz:   0% 3996 MHz:   0% 4044 MHz:   0% 4104 MHz:   0% 4416 MHz:   0% 4512 MHz:  11%)
CPU 6 idle residency:   8.35%
CPU 6 down residency:  79.52%
CPU 7 frequency: 4064 MHz
CPU 7 active residency:   4.82% (1260 MHz: .58% 1512 MHz:   0% 1800 MHz: .08% 2088 MHz: .02% 2352 MHz:   0% 2616 MHz:   0% 2868 MHz:   0% 3096 MHz:   0% 3300 MHz:   0% 3468 MHz:   0% 3624 MHz:   0% 3756 MHz:   0% 3828 MHz:   0% 3888 MHz:   0% 3948 MHz:   0% 3996 MHz:   0% 4044 MHz:   0% 4104 MHz:   0% 4416 MHz:   0% 4512 MHz: 4.1%)
CPU 7 idle residency:  15.51%
CPU 7 down residency:  79.67%
CPU 8 frequency: 4195 MHz
CPU 8 active residency:   6.84% (1260 MHz: .59% 1512 MHz:   0% 1800 MHz: .08% 2088 MHz: .02% 2352 MHz:   0% 2616 MHz:   0% 2868 MHz:   0% 3096 MHz:   0% 3300 MHz:   0% 3468 MHz:   0% 3624 MHz:   0% 3756 MHz:   0% 3828 MHz:   0% 3888 MHz:   0% 3948 MHz:   0% 3996 MHz:   0% 4044 MHz:   0% 4104 MHz:   0% 4416 MHz:   0% 4512 MHz: 6.2%)
CPU 8 idle residency:  13.45%
CPU 8 down residency:  79.70%
CPU 9 frequency: 4279 MHz
CPU 9 active residency:  10.16% (1260 MHz: .59% 1512 MHz:   0% 1800 MHz: .14% 2088 MHz: .02% 2352 MHz:   0% 2616 MHz:   0% 2868 MHz:   0% 3096 MHz:   0% 3300 MHz:   0% 3468 MHz:   0% 3624 MHz:   0% 3756 MHz:   0% 3828 MHz:   0% 3888 MHz:   0% 3948 MHz:   0% 3996 MHz:   0% 4044 MHz:   0% 4104 MHz:   0% 4416 MHz:   0% 4512 MHz: 9.4%)
CPU 9 idle residency:  10.27%
CPU 9 down residency:  79.57%

P1-Cluster HW active frequency: 3940 MHz
P1-Cluster HW active residency:  78.03% (1260 MHz: .71% 1512 MHz:   0% 1800 MHz: .03% 2088 MHz: .00% 2352 MHz: .00% 2616 MHz: .10% 2868 MHz:   0% 3096 MHz: .00% 3300 MHz:   0% 3468 MHz: .02% 3624 MHz:   0% 3756 MHz: .00% 3828 MHz: .00% 3888 MHz: 6.0% 3948 MHz:  47% 3996 MHz:  11% 4044 MHz:  14% 4104 MHz:   0% 4416 MHz:   0% 4512 MHz:   0%)
P1-Cluster idle residency:   4.96%
P1-Cluster down residency:  17.01%
CPU 10 frequency: 4506 MHz
CPU 10 active residency:  57.29% (1260 MHz: .09% 1512 MHz:   0% 1800 MHz:   0% 2088 MHz:   0% 2352 MHz:   0% 2616 MHz: .02% 2868 MHz:   0% 3096 MHz:   0% 3300 MHz:   0% 3468 MHz:   0% 3624 MHz:   0% 3756 MHz: .00% 3828 MHz:   0% 3888 MHz:   0% 3948 MHz:   0% 3996 MHz:   0% 4044 MHz:   0% 4104 MHz:   0% 4416 MHz:   0% 4512 MHz:  57%)
CPU 10 idle residency:  28.07%
CPU 10 down residency:  14.64%
CPU 11 frequency: 4507 MHz
CPU 11 active residency:  48.53% (1260 MHz: .04% 1512 MHz:   0% 1800 MHz:   0% 2088 MHz:   0% 2352 MHz:   0% 2616 MHz: .07% 2868 MHz:   0% 3096 MHz:   0% 3300 MHz:   0% 3468 MHz:   0% 3624 MHz:   0% 3756 MHz:   0% 3828 MHz:   0% 3888 MHz:   0% 3948 MHz:   0% 3996 MHz:   0% 4044 MHz:   0% 4104 MHz:   0% 4416 MHz:   0% 4512 MHz:  48%)
CPU 11 idle residency:  36.46%
CPU 11 down residency:  15.02%
CPU 12 frequency: 4506 MHz
CPU 12 active residency:  50.05% (1260 MHz: .05% 1512 MHz:   0% 1800 MHz: .02% 2088 MHz: .00% 2352 MHz: .00% 2616 MHz: .02% 2868 MHz:   0% 3096 MHz: .00% 3300 MHz:   0% 3468 MHz: .02% 3624 MHz:   0% 3756 MHz: .00% 3828 MHz:   0% 3888 MHz:   0% 3948 MHz:   0% 3996 MHz:   0% 4044 MHz:   0% 4104 MHz:   0% 4416 MHz:   0% 4512 MHz:  50%)
CPU 12 idle residency:  35.35%
CPU 12 down residency:  14.60%
CPU 13 frequency: 4511 MHz
CPU 13 active residency:  27.06% (1260 MHz:   0% 1512 MHz:   0% 1800 MHz:   0% 2088 MHz:   0% 2352 MHz:   0% 2616 MHz: .02% 2868 MHz:   0% 3096 MHz:   0% 3300 MHz:   0% 3468 MHz:   0% 3624 MHz:   0% 3756 MHz:   0% 3828 MHz:   0% 3888 MHz:   0% 3948 MHz:   0% 3996 MHz:   0% 4044 MHz:   0% 4104 MHz:   0% 4416 MHz:   0% 4512 MHz:  27%)
CPU 13 idle residency:  58.30%
CPU 13 down residency:  14.65%
CPU 14 frequency: 4511 MHz
CPU 14 active residency:  53.84% (1260 MHz: .02% 1512 MHz:   0% 1800 MHz: .00% 2088 MHz: .00% 2352 MHz: .00% 2616 MHz:   0% 2868 MHz:   0% 3096 MHz: .00% 3300 MHz:   0% 3468 MHz: .00% 3624 MHz:   0% 3756 MHz:   0% 3828 MHz:   0% 3888 MHz:   0% 3948 MHz:   0% 3996 MHz:   0% 4044 MHz:   0% 4104 MHz:   0% 4416 MHz:   0% 4512 MHz:  54%)
CPU 14 idle residency:  31.55%
CPU 14 down residency:  14.60%
CPU 15 frequency: 4510 MHz
CPU 15 active residency:  37.63% (1260 MHz: .01% 1512 MHz:   0% 1800 MHz:   0% 2088 MHz:   0% 2352 MHz:   0% 2616 MHz: .02% 2868 MHz:   0% 3096 MHz:   0% 3300 MHz:   0% 3468 MHz:   0% 3624 MHz:   0% 3756 MHz:   0% 3828 MHz:   0% 3888 MHz:   0% 3948 MHz:   0% 3996 MHz:   0% 4044 MHz:   0% 4104 MHz:   0% 4416 MHz:   0% 4512 MHz:  38%)
CPU 15 idle residency:  47.73%
CPU 15 down residency:  14.65%

CPU Power: 5345 mW
GPU Power: 29431 mW
ANE Power: 0 mW
Combined Power (CPU + GPU + ANE): 34776 mW

**** GPU usage ****

GPU HW active frequency: 1578 MHz
GPU HW active residency: 100.00% (338 MHz:   0% 618 MHz:   0% 796 MHz:   0% 924 MHz:   0% 952 MHz:   0% 1056 MHz:   0% 1062 MHz:   0% 1182 MHz:   0% 1182 MHz:   0% 1312 MHz:   0% 1242 MHz:   0% 1380 MHz:   0% 1326 MHz:   0% 1470 MHz:   0% 1578 MHz: 100%)
GPU SW requested state: (P1 :   0% P2 :   0% P3 :   0% P4 :   0% P5 :   0% P6 :   0% P7 :   0% P8 :   0% P9 :   0% P10 : 100% P11 :   0% P12 :   0% P13 :   0% P14 :   0% P15 :   0%)
GPU SW state: (SW_P1 :   0% SW_P2 :   0% SW_P3 :   0% SW_P4 :   0% SW_P5 :   0% SW_P6 :   0% SW_P7 :   0% SW_P8 :   0% SW_P9 :   0% SW_P10 : 100% SW_P11 :   0% SW_P12 :   0% SW_P13 :   0% SW_P14 :   0% SW_P15 :   0%)
GPU idle residency:   0.00%
GPU Power: 29674 mW



*** Sampled system activity (Tue Jan 20 15:04:45 2026 +0100) (1020.44ms elapsed) ***


**** Processor usage ****

E-Cluster Online: 100%
E-Cluster HW active frequency: 2564 MHz
E-Cluster HW active residency:  60.60% (1020 MHz: .65% 1404 MHz: .24% 1788 MHz: .39% 2112 MHz:   0% 2352 MHz: .46% 2532 MHz: .00% 2592 MHz:  59%)
E-Cluster idle residency:  39.40%
E-Cluster down residency:   0.00%
CPU 0 frequency: 2564 MHz
CPU 0 active residency:  27.39% (1020 MHz: .32% 1404 MHz: .10% 1788 MHz: .14% 2112 MHz:   0% 2352 MHz: .13% 2532 MHz:   0% 2592 MHz:  27%)
CPU 0 idle residency:  72.61%
CPU 0 down residency:   0.00%
CPU 1 frequency: 2576 MHz
CPU 1 active residency:  15.87% (1020 MHz: .11% 1404 MHz: .03% 1788 MHz: .03% 2112 MHz:   0% 2352 MHz: .06% 2532 MHz:   0% 2592 MHz:  16%)
CPU 1 idle residency:  84.13%
CPU 1 down residency:   0.00%
CPU 2 frequency: 2567 MHz
CPU 2 active residency:   9.50% (1020 MHz: .12% 1404 MHz: .02% 1788 MHz: .01% 2112 MHz:   0% 2352 MHz: .02% 2532 MHz:   0% 2592 MHz: 9.3%)
CPU 2 idle residency:  90.50%
CPU 2 down residency:   0.00%
CPU 3 frequency: 2555 MHz
CPU 3 active residency:   5.58% (1020 MHz: .11% 1404 MHz: .02% 1788 MHz: .02% 2112 MHz:   0% 2352 MHz: .00% 2532 MHz:   0% 2592 MHz: 5.4%)
CPU 3 idle residency:  94.42%
CPU 3 down residency:   0.00%

P0-Cluster Online: 100%
P0-Cluster HW active frequency: 3939 MHz
P0-Cluster HW active residency:  96.49% (1260 MHz: .53% 1512 MHz: .06% 1800 MHz: .06% 2088 MHz: .02% 2352 MHz: .07% 2616 MHz: .08% 2868 MHz: .00% 3096 MHz:   0% 3300 MHz: .00% 3468 MHz:   0% 3624 MHz: .00% 3756 MHz:   0% 3828 MHz:   0% 3888 MHz:  12% 3948 MHz:  59% 3996 MHz:  12% 4044 MHz:  12% 4104 MHz:   0% 4416 MHz: .10% 4512 MHz: .10%)
P0-Cluster idle residency:   3.51%
P0-Cluster down residency:   0.00%
CPU 4 frequency: 4503 MHz
CPU 4 active residency:  50.94% (1260 MHz: .01% 1512 MHz: .04% 1800 MHz: .05% 2088 MHz: .01% 2352 MHz: .05% 2616 MHz: .02% 2868 MHz:   0% 3096 MHz:   0% 3300 MHz: .00% 3468 MHz:   0% 3624 MHz:   0% 3756 MHz:   0% 3828 MHz:   0% 3888 MHz:   0% 3948 MHz:   0% 3996 MHz:   0% 4044 MHz:   0% 4104 MHz:   0% 4416 MHz:   0% 4512 MHz:  51%)
CPU 4 idle residency:  49.06%
CPU 4 down residency:   0.00%
CPU 5 frequency: 4506 MHz
CPU 5 active residency:  59.14% (1260 MHz: .08% 1512 MHz:   0% 1800 MHz:   0% 2088 MHz: .01% 2352 MHz: .05% 2616 MHz: .01% 2868 MHz:   0% 3096 MHz:   0% 3300 MHz:   0% 3468 MHz:   0% 3624 MHz: .00% 3756 MHz:   0% 3828 MHz:   0% 3888 MHz:   0% 3948 MHz:   0% 3996 MHz: .02% 4044 MHz:   0% 4104 MHz: .00% 4416 MHz:   0% 4512 MHz:  59%)
CPU 5 idle residency:  40.86%
CPU 5 down residency:   0.00%
CPU 6 frequency: 4507 MHz
CPU 6 active residency:  45.51% (1260 MHz: .04% 1512 MHz: .02% 1800 MHz:   0% 2088 MHz:   0% 2352 MHz: .03% 2616 MHz: .00% 2868 MHz:   0% 3096 MHz:   0% 3300 MHz:   0% 3468 MHz:   0% 3624 MHz: .00% 3756 MHz:   0% 3828 MHz:   0% 3888 MHz:   0% 3948 MHz:   0% 3996 MHz:   0% 4044 MHz:   0% 4104 MHz:   0% 4416 MHz:   0% 4512 MHz:  45%)
CPU 6 idle residency:  54.49%
CPU 6 down residency:   0.00%
CPU 7 frequency: 4507 MHz
CPU 7 active residency:  52.40% (1260 MHz: .01% 1512 MHz: .04% 1800 MHz: .02% 2088 MHz: .00% 2352 MHz: .01% 2616 MHz: .01% 2868 MHz: .00% 3096 MHz:   0% 3300 MHz:   0% 3468 MHz:   0% 3624 MHz:   0% 3756 MHz:   0% 3828 MHz:   0% 3888 MHz:   0% 3948 MHz:   0% 3996 MHz: .00% 4044 MHz:   0% 4104 MHz:   0% 4416 MHz:   0% 4512 MHz:  52%)
CPU 7 idle residency:  47.60%
CPU 7 down residency:   0.00%
CPU 8 frequency: 4502 MHz
CPU 8 active residency:  41.21% (1260 MHz: .05% 1512 MHz: .01% 1800 MHz: .02% 2088 MHz: .02% 2352 MHz:   0% 2616 MHz: .05% 2868 MHz: .00% 3096 MHz:   0% 3300 MHz: .00% 3468 MHz:   0% 3624 MHz: .00% 3756 MHz:   0% 3828 MHz:   0% 3888 MHz:   0% 3948 MHz:   0% 3996 MHz:   0% 4044 MHz:   0% 4104 MHz: .00% 4416 MHz:   0% 4512 MHz:  41%)
CPU 8 idle residency:  58.79%
CPU 8 down residency:   0.00%
CPU 9 frequency: 4504 MHz
CPU 9 active residency:  54.31% (1260 MHz: .06% 1512 MHz:   0% 1800 MHz: .02% 2088 MHz: .01% 2352 MHz: .06% 2616 MHz: .01% 2868 MHz:   0% 3096 MHz:   0% 3300 MHz:   0% 3468 MHz:   0% 3624 MHz:   0% 3756 MHz:   0% 3828 MHz:   0% 3888 MHz:   0% 3948 MHz:   0% 3996 MHz: .00% 4044 MHz:   0% 4104 MHz:   0% 4416 MHz:   0% 4512 MHz:  54%)
CPU 9 idle residency:  45.69%
CPU 9 down residency:   0.00%

P1-Cluster HW active frequency: 2645 MHz
P1-Cluster HW active residency:   9.00% (1260 MHz: 4.4% 1512 MHz:   0% 1800 MHz: .08% 2088 MHz:   0% 2352 MHz:   0% 2616 MHz:   0% 2868 MHz:   0% 3096 MHz:   0% 3300 MHz:   0% 3468 MHz:   0% 3624 MHz:   0% 3756 MHz:   0% 3828 MHz:   0% 3888 MHz: .00% 3948 MHz: .87% 3996 MHz: 1.6% 4044 MHz: 2.0% 4104 MHz:   0% 4416 MHz: .01% 4512 MHz: .07%)
P1-Cluster idle residency:   6.85%
P1-Cluster down residency:  84.15%
CPU 10 frequency: 0 MHz
CPU 10 active residency:   0.00% (1260 MHz:   0% 1512 MHz:   0% 1800 MHz:   0% 2088 MHz:   0% 2352 MHz:   0% 2616 MHz:   0% 2868 MHz:   0% 3096 MHz:   0% 3300 MHz:   0% 3468 MHz:   0% 3624 MHz:   0% 3756 MHz:   0% 3828 MHz:   0% 3888 MHz:   0% 3948 MHz:   0% 3996 MHz:   0% 4044 MHz:   0% 4104 MHz:   0% 4416 MHz:   0% 4512 MHz:   0%)
CPU 10 idle residency:  13.51%
CPU 10 down residency:  86.49%
CPU 11 frequency: 0 MHz
CPU 11 active residency:   0.00% (1260 MHz:   0% 1512 MHz:   0% 1800 MHz:   0% 2088 MHz:   0% 2352 MHz:   0% 2616 MHz:   0% 2868 MHz:   0% 3096 MHz:   0% 3300 MHz:   0% 3468 MHz:   0% 3624 MHz:   0% 3756 MHz:   0% 3828 MHz:   0% 3888 MHz:   0% 3948 MHz:   0% 3996 MHz:   0% 4044 MHz:   0% 4104 MHz:   0% 4416 MHz:   0% 4512 MHz:   0%)
CPU 11 idle residency:  15.59%
CPU 11 down residency:  84.41%
CPU 12 frequency: 0 MHz
CPU 12 active residency:   0.00% (1260 MHz:   0% 1512 MHz:   0% 1800 MHz:   0% 2088 MHz:   0% 2352 MHz:   0% 2616 MHz:   0% 2868 MHz:   0% 3096 MHz:   0% 3300 MHz:   0% 3468 MHz:   0% 3624 MHz:   0% 3756 MHz:   0% 3828 MHz:   0% 3888 MHz:   0% 3948 MHz:   0% 3996 MHz:   0% 4044 MHz:   0% 4104 MHz:   0% 4416 MHz:   0% 4512 MHz:   0%)
CPU 12 idle residency:  15.67%
CPU 12 down residency:  84.33%
CPU 13 frequency: 0 MHz
CPU 13 active residency:   0.00% (1260 MHz:   0% 1512 MHz:   0% 1800 MHz:   0% 2088 MHz:   0% 2352 MHz:   0% 2616 MHz:   0% 2868 MHz:   0% 3096 MHz:   0% 3300 MHz:   0% 3468 MHz:   0% 3624 MHz:   0% 3756 MHz:   0% 3828 MHz:   0% 3888 MHz:   0% 3948 MHz:   0% 3996 MHz:   0% 4044 MHz:   0% 4104 MHz:   0% 4416 MHz:   0% 4512 MHz:   0%)
CPU 13 idle residency:  12.96%
CPU 13 down residency:  87.04%
CPU 14 frequency: 0 MHz
CPU 14 active residency:   0.00% (1260 MHz:   0% 1512 MHz:   0% 1800 MHz:   0% 2088 MHz:   0% 2352 MHz:   0% 2616 MHz:   0% 2868 MHz:   0% 3096 MHz:   0% 3300 MHz:   0% 3468 MHz:   0% 3624 MHz:   0% 3756 MHz:   0% 3828 MHz:   0% 3888 MHz:   0% 3948 MHz:   0% 3996 MHz:   0% 4044 MHz:   0% 4104 MHz:   0% 4416 MHz:   0% 4512 MHz:   0%)
CPU 14 idle residency:  15.67%
CPU 14 down residency:  84.33%
CPU 15 frequency: 0 MHz
CPU 15 active residency:   0.00% (1260 MHz:   0% 1512 MHz:   0% 1800 MHz:   0% 2088 MHz:   0% 2352 MHz:   0% 2616 MHz:   0% 2868 MHz:   0% 3096 MHz:   0% 3300 MHz:   0% 3468 MHz:   0% 3624 MHz:   0% 3756 MHz:   0% 3828 MHz:   0% 3888 MHz:   0% 3948 MHz:   0% 3996 MHz:   0% 4044 MHz:   0% 4104 MHz:   0% 4416 MHz:   0% 4512 MHz:   0%)
CPU 15 idle residency:  13.89%
CPU 15 down residency:  86.11%

CPU Power: 6372 mW
GPU Power: 29754 mW
ANE Power: 0 mW
Combined Power (CPU + GPU + ANE): 36125 mW

**** GPU usage ****

GPU HW active frequency: 1578 MHz
GPU HW active residency: 100.00% (338 MHz:   0% 618 MHz:   0% 796 MHz:   0% 924 MHz:   0% 952 MHz:   0% 1056 MHz:   0% 1062 MHz:   0% 1182 MHz:   0% 1182 MHz:   0% 1312 MHz:   0% 1242 MHz:   0% 1380 MHz:   0% 1326 MHz:   0% 1470 MHz:   0% 1578 MHz: 100%)
GPU SW requested state: (P1 :   0% P2 :   0% P3 :   0% P4 :   0% P5 :   0% P6 :   0% P7 :   0% P8 :   0% P9 :   0% P10 : 100% P11 :   0% P12 :   0% P13 :   0% P14 :   0% P15 :   0%)
GPU SW state: (SW_P1 :   0% SW_P2 :   0% SW_P3 :   0% SW_P4 :   0% SW_P5 :   0% SW_P6 :   0% SW_P7 :   0% SW_P8 :   0% SW_P9 :   0% SW_P10 : 100% SW_P11 :   0% SW_P12 :   0% SW_P13 :   0% SW_P14 :   0% SW_P15 :   0%)
GPU idle residency:   0.00%
GPU Power: 29511 mW



*** Sampled system activity (Tue Jan 20 15:04:46 2026 +0100) (1020.82ms elapsed) ***


**** Processor usage ****

E-Cluster Online: 100%
E-Cluster HW active frequency: 2592 MHz
E-Cluster HW active residency:  58.38% (1020 MHz:   0% 1404 MHz:   0% 1788 MHz:   0% 2112 MHz:   0% 2352 MHz:   0% 2532 MHz: .00% 2592 MHz:  58%)
E-Cluster idle residency:  41.62%
E-Cluster down residency:   0.00%
CPU 0 frequency: 2592 MHz
CPU 0 active residency:  25.77% (1020 MHz:   0% 1404 MHz:   0% 1788 MHz:   0% 2112 MHz:   0% 2352 MHz:   0% 2532 MHz:   0% 2592 MHz:  26%)
CPU 0 idle residency:  74.23%
CPU 0 down residency:   0.00%
CPU 1 frequency: 2592 MHz
CPU 1 active residency:  12.47% (1020 MHz:   0% 1404 MHz:   0% 1788 MHz:   0% 2112 MHz:   0% 2352 MHz:   0% 2532 MHz:   0% 2592 MHz:  12%)
CPU 1 idle residency:  87.53%
CPU 1 down residency:   0.00%
CPU 2 frequency: 2592 MHz
CPU 2 active residency:   8.81% (1020 MHz:   0% 1404 MHz:   0% 1788 MHz:   0% 2112 MHz:   0% 2352 MHz:   0% 2532 MHz:   0% 2592 MHz: 8.8%)
CPU 2 idle residency:  91.19%
CPU 2 down residency:   0.00%
CPU 3 frequency: 2592 MHz
CPU 3 active residency:   3.67% (1020 MHz:   0% 1404 MHz:   0% 1788 MHz:   0% 2112 MHz:   0% 2352 MHz:   0% 2532 MHz:   0% 2592 MHz: 3.7%)
CPU 3 idle residency:  96.33%
CPU 3 down residency:   0.00%

P0-Cluster Online: 100%
P0-Cluster HW active frequency: 3942 MHz
P0-Cluster HW active residency:  95.14% (1260 MHz: .76% 1512 MHz: .01% 1800 MHz: .03% 2088 MHz: .01% 2352 MHz:   0% 2616 MHz: .08% 2868 MHz: .00% 3096 MHz:   0% 3300 MHz: .00% 3468 MHz:   0% 3624 MHz: .00% 3756 MHz:   0% 3828 MHz: .00% 3888 MHz: 6.3% 3948 MHz:  60% 3996 MHz:  13% 4044 MHz:  15% 4104 MHz:   0% 4416 MHz: .01% 4512 MHz: .00%)
P0-Cluster idle residency:   4.86%
P0-Cluster down residency:   0.00%
CPU 4 frequency: 4506 MHz
CPU 4 active residency:  60.13% (1260 MHz: .09% 1512 MHz: .00% 1800 MHz:   0% 2088 MHz: .01% 2352 MHz:   0% 2616 MHz: .03% 2868 MHz: .00% 3096 MHz:   0% 3300 MHz:   0% 3468 MHz:   0% 3624 MHz:   0% 3756 MHz:   0% 3828 MHz:   0% 3888 MHz:   0% 3948 MHz:   0% 3996 MHz:   0% 4044 MHz:   0% 4104 MHz:   0% 4416 MHz:   0% 4512 MHz:  60%)
CPU 4 idle residency:  39.87%
CPU 4 down residency:   0.00%
CPU 5 frequency: 4505 MHz
CPU 5 active residency:  46.22% (1260 MHz: .09% 1512 MHz:   0% 1800 MHz: .00% 2088 MHz: .01% 2352 MHz:   0% 2616 MHz: .01% 2868 MHz:   0% 3096 MHz:   0% 3300 MHz: .00% 3468 MHz:   0% 3624 MHz:   0% 3756 MHz:   0% 3828 MHz:   0% 3888 MHz:   0% 3948 MHz:   0% 3996 MHz:   0% 4044 MHz:   0% 4104 MHz:   0% 4416 MHz:   0% 4512 MHz:  46%)
CPU 5 idle residency:  53.78%
CPU 5 down residency:   0.00%
CPU 6 frequency: 4508 MHz
CPU 6 active residency:  44.29% (1260 MHz: .05% 1512 MHz:   0% 1800 MHz:   0% 2088 MHz:   0% 2352 MHz:   0% 2616 MHz: .01% 2868 MHz:   0% 3096 MHz:   0% 3300 MHz:   0% 3468 MHz:   0% 3624 MHz: .00% 3756 MHz:   0% 3828 MHz:   0% 3888 MHz:   0% 3948 MHz:   0% 3996 MHz:   0% 4044 MHz:   0% 4104 MHz:   0% 4416 MHz:   0% 4512 MHz:  44%)
CPU 6 idle residency:  55.71%
CPU 6 down residency:   0.00%
CPU 7 frequency: 4509 MHz
CPU 7 active residency:  36.85% (1260 MHz: .01% 1512 MHz:   0% 1800 MHz: .03% 2088 MHz:   0% 2352 MHz:   0% 2616 MHz:   0% 2868 MHz: .00% 3096 MHz:   0% 3300 MHz:   0% 3468 MHz:   0% 3624 MHz:   0% 3756 MHz:   0% 3828 MHz:   0% 3888 MHz:   0% 3948 MHz:   0% 3996 MHz:   0% 4044 MHz:   0% 4104 MHz: .00% 4416 MHz:   0% 4512 MHz:  37%)
CPU 7 idle residency:  63.15%
CPU 7 down residency:   0.00%
CPU 8 frequency: 4509 MHz
CPU 8 active residency:  50.77% (1260 MHz: .04% 1512 MHz:   0% 1800 MHz: .00% 2088 MHz: .01% 2352 MHz:   0% 2616 MHz: .00% 2868 MHz:   0% 3096 MHz:   0% 3300 MHz:   0% 3468 MHz:   0% 3624 MHz:   0% 3756 MHz:   0% 3828 MHz:   0% 3888 MHz:   0% 3948 MHz:   0% 3996 MHz:   0% 4044 MHz:   0% 4104 MHz:   0% 4416 MHz:   0% 4512 MHz:  51%)
CPU 8 idle residency:  49.23%
CPU 8 down residency:   0.00%
CPU 9 frequency: 4508 MHz
CPU 9 active residency:  35.02% (1260 MHz: .02% 1512 MHz: .01% 1800 MHz: .00% 2088 MHz: .01% 2352 MHz:   0% 2616 MHz: .01% 2868 MHz: .00% 3096 MHz:   0% 3300 MHz: .00% 3468 MHz:   0% 3624 MHz: .00% 3756 MHz:   0% 3828 MHz:   0% 3888 MHz:   0% 3948 MHz:   0% 3996 MHz:   0% 4044 MHz:   0% 4104 MHz: .03% 4416 MHz:   0% 4512 MHz:  35%)
CPU 9 idle residency:  64.98%
CPU 9 down residency:   0.00%

P1-Cluster HW active frequency: 1489 MHz
P1-Cluster HW active residency:   0.68% (1260 MHz: .62% 1512 MHz:   0% 1800 MHz:   0% 2088 MHz:   0% 2352 MHz:   0% 2616 MHz:   0% 2868 MHz:   0% 3096 MHz:   0% 3300 MHz:   0% 3468 MHz:   0% 3624 MHz:   0% 3756 MHz:   0% 3828 MHz:   0% 3888 MHz:   0% 3948 MHz:   0% 3996 MHz:   0% 4044 MHz: .06% 4104 MHz:   0% 4416 MHz:   0% 4512 MHz:   0%)
P1-Cluster idle residency:   1.09%
P1-Cluster down residency:  98.23%
CPU 10 frequency: 0 MHz
CPU 10 active residency:   0.00% (1260 MHz:   0% 1512 MHz:   0% 1800 MHz:   0% 2088 MHz:   0% 2352 MHz:   0% 2616 MHz:   0% 2868 MHz:   0% 3096 MHz:   0% 3300 MHz:   0% 3468 MHz:   0% 3624 MHz:   0% 3756 MHz:   0% 3828 MHz:   0% 3888 MHz:   0% 3948 MHz:   0% 3996 MHz:   0% 4044 MHz:   0% 4104 MHz:   0% 4416 MHz:   0% 4512 MHz:   0%)
CPU 10 idle residency:   1.64%
CPU 10 down residency:  98.36%
CPU 11 frequency: 0 MHz
CPU 11 active residency:   0.00% (1260 MHz:   0% 1512 MHz:   0% 1800 MHz:   0% 2088 MHz:   0% 2352 MHz:   0% 2616 MHz:   0% 2868 MHz:   0% 3096 MHz:   0% 3300 MHz:   0% 3468 MHz:   0% 3624 MHz:   0% 3756 MHz:   0% 3828 MHz:   0% 3888 MHz:   0% 3948 MHz:   0% 3996 MHz:   0% 4044 MHz:   0% 4104 MHz:   0% 4416 MHz:   0% 4512 MHz:   0%)
CPU 11 idle residency:   1.66%
CPU 11 down residency:  98.34%
CPU 12 frequency: 0 MHz
CPU 12 active residency:   0.00% (1260 MHz:   0% 1512 MHz:   0% 1800 MHz:   0% 2088 MHz:   0% 2352 MHz:   0% 2616 MHz:   0% 2868 MHz:   0% 3096 MHz:   0% 3300 MHz:   0% 3468 MHz:   0% 3624 MHz:   0% 3756 MHz:   0% 3828 MHz:   0% 3888 MHz:   0% 3948 MHz:   0% 3996 MHz:   0% 4044 MHz:   0% 4104 MHz:   0% 4416 MHz:   0% 4512 MHz:   0%)
CPU 12 idle residency:   1.66%
CPU 12 down residency:  98.34%
CPU 13 frequency: 0 MHz
CPU 13 active residency:   0.00% (1260 MHz:   0% 1512 MHz:   0% 1800 MHz:   0% 2088 MHz:   0% 2352 MHz:   0% 2616 MHz:   0% 2868 MHz:   0% 3096 MHz:   0% 3300 MHz:   0% 3468 MHz:   0% 3624 MHz:   0% 3756 MHz:   0% 3828 MHz:   0% 3888 MHz:   0% 3948 MHz:   0% 3996 MHz:   0% 4044 MHz:   0% 4104 MHz:   0% 4416 MHz:   0% 4512 MHz:   0%)
CPU 13 idle residency:   1.66%
CPU 13 down residency:  98.34%
CPU 14 frequency: 0 MHz
CPU 14 active residency:   0.00% (1260 MHz:   0% 1512 MHz:   0% 1800 MHz:   0% 2088 MHz:   0% 2352 MHz:   0% 2616 MHz:   0% 2868 MHz:   0% 3096 MHz:   0% 3300 MHz:   0% 3468 MHz:   0% 3624 MHz:   0% 3756 MHz:   0% 3828 MHz:   0% 3888 MHz:   0% 3948 MHz:   0% 3996 MHz:   0% 4044 MHz:   0% 4104 MHz:   0% 4416 MHz:   0% 4512 MHz:   0%)
CPU 14 idle residency:   1.66%
CPU 14 down residency:  98.34%
CPU 15 frequency: 0 MHz
CPU 15 active residency:   0.00% (1260 MHz:   0% 1512 MHz:   0% 1800 MHz:   0% 2088 MHz:   0% 2352 MHz:   0% 2616 MHz:   0% 2868 MHz:   0% 3096 MHz:   0% 3300 MHz:   0% 3468 MHz:   0% 3624 MHz:   0% 3756 MHz:   0% 3828 MHz:   0% 3888 MHz:   0% 3948 MHz:   0% 3996 MHz:   0% 4044 MHz:   0% 4104 MHz:   0% 4416 MHz:   0% 4512 MHz:   0%)
CPU 15 idle residency:   1.66%
CPU 15 down residency:  98.34%

CPU Power: 5430 mW
GPU Power: 29629 mW
ANE Power: 0 mW
Combined Power (CPU + GPU + ANE): 35059 mW

**** GPU usage ****

GPU HW active frequency: 1578 MHz
GPU HW active residency: 100.00% (338 MHz:   0% 618 MHz:   0% 796 MHz:   0% 924 MHz:   0% 952 MHz:   0% 1056 MHz:   0% 1062 MHz:   0% 1182 MHz:   0% 1182 MHz:   0% 1312 MHz:   0% 1242 MHz:   0% 1380 MHz:   0% 1326 MHz:   0% 1470 MHz:   0% 1578 MHz: 100%)
GPU SW requested state: (P1 :   0% P2 :   0% P3 :   0% P4 :   0% P5 :   0% P6 :   0% P7 :   0% P8 :   0% P9 :   0% P10 : 100% P11 :   0% P12 :   0% P13 :   0% P14 :   0% P15 :   0%)
GPU SW state: (SW_P1 :   0% SW_P2 :   0% SW_P3 :   0% SW_P4 :   0% SW_P5 :   0% SW_P6 :   0% SW_P7 :   0% SW_P8 :   0% SW_P9 :   0% SW_P10 : 100% SW_P11 :   0% SW_P12 :   0% SW_P13 :   0% SW_P14 :   0% SW_P15 :   0%)
GPU idle residency:   0.00%
GPU Power: 29874 mW



*** Sampled system activity (Tue Jan 20 15:04:47 2026 +0100) (1018.24ms elapsed) ***


**** Processor usage ****

E-Cluster Online: 100%
E-Cluster HW active frequency: 2592 MHz
E-Cluster HW active residency:  59.35% (1020 MHz:   0% 1404 MHz:   0% 1788 MHz:   0% 2112 MHz:   0% 2352 MHz:   0% 2532 MHz: .00% 2592 MHz:  59%)
E-Cluster idle residency:  40.65%
E-Cluster down residency:   0.00%
CPU 0 frequency: 2592 MHz
CPU 0 active residency:  26.36% (1020 MHz:   0% 1404 MHz:   0% 1788 MHz:   0% 2112 MHz:   0% 2352 MHz:   0% 2532 MHz:   0% 2592 MHz:  26%)
CPU 0 idle residency:  73.64%
CPU 0 down residency:   0.00%
CPU 1 frequency: 2592 MHz
CPU 1 active residency:  18.04% (1020 MHz:   0% 1404 MHz:   0% 1788 MHz:   0% 2112 MHz:   0% 2352 MHz:   0% 2532 MHz:   0% 2592 MHz:  18%)
CPU 1 idle residency:  81.96%
CPU 1 down residency:   0.00%
CPU 2 frequency: 2592 MHz
CPU 2 active residency:  11.21% (1020 MHz:   0% 1404 MHz:   0% 1788 MHz:   0% 2112 MHz:   0% 2352 MHz:   0% 2532 MHz:   0% 2592 MHz:  11%)
CPU 2 idle residency:  88.79%
CPU 2 down residency:   0.00%
CPU 3 frequency: 2592 MHz
CPU 3 active residency:   8.78% (1020 MHz:   0% 1404 MHz:   0% 1788 MHz:   0% 2112 MHz:   0% 2352 MHz:   0% 2532 MHz:   0% 2592 MHz: 8.8%)
CPU 3 idle residency:  91.22%
CPU 3 down residency:   0.00%

P0-Cluster Online: 100%
P0-Cluster HW active frequency: 3940 MHz
P0-Cluster HW active residency:  94.67% (1260 MHz: .81% 1512 MHz: .01% 1800 MHz: .03% 2088 MHz: .01% 2352 MHz: .01% 2616 MHz: .00% 2868 MHz: .04% 3096 MHz:   0% 3300 MHz:   0% 3468 MHz: .00% 3624 MHz:   0% 3756 MHz:   0% 3828 MHz: .04% 3888 MHz: 8.5% 3948 MHz:  56% 3996 MHz:  14% 4044 MHz:  15% 4104 MHz:   0% 4416 MHz:   0% 4512 MHz:   0%)
P0-Cluster idle residency:   5.33%
P0-Cluster down residency:   0.00%
CPU 4 frequency: 4507 MHz
CPU 4 active residency:  64.53% (1260 MHz: .10% 1512 MHz: .01% 1800 MHz:   0% 2088 MHz:   0% 2352 MHz:   0% 2616 MHz:   0% 2868 MHz:   0% 3096 MHz:   0% 3300 MHz:   0% 3468 MHz:   0% 3624 MHz:   0% 3756 MHz:   0% 3828 MHz:   0% 3888 MHz:   0% 3948 MHz:   0% 3996 MHz:   0% 4044 MHz:   0% 4104 MHz: .00% 4416 MHz:   0% 4512 MHz:  64%)
CPU 4 idle residency:  35.47%
CPU 4 down residency:   0.00%
CPU 5 frequency: 4508 MHz
CPU 5 active residency:  46.70% (1260 MHz: .06% 1512 MHz:   0% 1800 MHz: .00% 2088 MHz: .00% 2352 MHz:   0% 2616 MHz: .00% 2868 MHz:   0% 3096 MHz:   0% 3300 MHz:   0% 3468 MHz:   0% 3624 MHz:   0% 3756 MHz:   0% 3828 MHz:   0% 3888 MHz:   0% 3948 MHz:   0% 3996 MHz:   0% 4044 MHz:   0% 4104 MHz:   0% 4416 MHz:   0% 4512 MHz:  47%)
CPU 5 idle residency:  53.30%
CPU 5 down residency:   0.00%
CPU 6 frequency: 4504 MHz
CPU 6 active residency:  42.68% (1260 MHz: .05% 1512 MHz:   0% 1800 MHz: .03% 2088 MHz: .01% 2352 MHz: .01% 2616 MHz: .00% 2868 MHz: .04% 3096 MHz:   0% 3300 MHz:   0% 3468 MHz: .00% 3624 MHz:   0% 3756 MHz:   0% 3828 MHz: .04% 3888 MHz:   0% 3948 MHz:   0% 3996 MHz:   0% 4044 MHz:   0% 4104 MHz: .00% 4416 MHz:   0% 4512 MHz:  43%)
CPU 6 idle residency:  57.32%
CPU 6 down residency:   0.00%
CPU 7 frequency: 4508 MHz
CPU 7 active residency:  24.89% (1260 MHz: .03% 1512 MHz:   0% 1800 MHz:   0% 2088 MHz:   0% 2352 MHz:   0% 2616 MHz:   0% 2868 MHz:   0% 3096 MHz:   0% 3300 MHz:   0% 3468 MHz:   0% 3624 MHz:   0% 3756 MHz:   0% 3828 MHz:   0% 3888 MHz:   0% 3948 MHz:   0% 3996 MHz:   0% 4044 MHz:   0% 4104 MHz:   0% 4416 MHz:   0% 4512 MHz:  25%)
CPU 7 idle residency:  75.11%
CPU 7 down residency:   0.00%
CPU 8 frequency: 4509 MHz
CPU 8 active residency:  45.15% (1260 MHz: .02% 1512 MHz: .01% 1800 MHz:   0% 2088 MHz: .01% 2352 MHz:   0% 2616 MHz:   0% 2868 MHz:   0% 3096 MHz:   0% 3300 MHz:   0% 3468 MHz: .00% 3624 MHz:   0% 3756 MHz:   0% 3828 MHz:   0% 3888 MHz:   0% 3948 MHz:   0% 3996 MHz:   0% 4044 MHz:   0% 4104 MHz:   0% 4416 MHz:   0% 4512 MHz:  45%)
CPU 8 idle residency:  54.85%
CPU 8 down residency:   0.00%
CPU 9 frequency: 4511 MHz
CPU 9 active residency:  49.30% (1260 MHz: .02% 1512 MHz:   0% 1800 MHz:   0% 2088 MHz:   0% 2352 MHz: .00% 2616 MHz:   0% 2868 MHz: .00% 3096 MHz:   0% 3300 MHz:   0% 3468 MHz:   0% 3624 MHz:   0% 3756 MHz:   0% 3828 MHz: .00% 3888 MHz:   0% 3948 MHz:   0% 3996 MHz:   0% 4044 MHz:   0% 4104 MHz: .00% 4416 MHz:   0% 4512 MHz:  49%)
CPU 9 idle residency:  50.70%
CPU 9 down residency:   0.00%

P1-Cluster HW active frequency: 1796 MHz
P1-Cluster HW active residency:   2.05% (1260 MHz: 1.3% 1512 MHz:   0% 1800 MHz: .18% 2088 MHz: .16% 2352 MHz: .06% 2616 MHz: .14% 2868 MHz: .01% 3096 MHz:   0% 3300 MHz:   0% 3468 MHz:   0% 3624 MHz:   0% 3756 MHz:   0% 3828 MHz:   0% 3888 MHz: .02% 3948 MHz: .01% 3996 MHz: .00% 4044 MHz: .08% 4104 MHz:   0% 4416 MHz: .01% 4512 MHz: .08%)
P1-Cluster idle residency:   0.96%
P1-Cluster down residency:  96.99%
CPU 10 frequency: 0 MHz
CPU 10 active residency:   0.00% (1260 MHz:   0% 1512 MHz:   0% 1800 MHz:   0% 2088 MHz:   0% 2352 MHz:   0% 2616 MHz:   0% 2868 MHz:   0% 3096 MHz:   0% 3300 MHz:   0% 3468 MHz:   0% 3624 MHz:   0% 3756 MHz:   0% 3828 MHz:   0% 3888 MHz:   0% 3948 MHz:   0% 3996 MHz:   0% 4044 MHz:   0% 4104 MHz:   0% 4416 MHz:   0% 4512 MHz:   0%)
CPU 10 idle residency:   2.71%
CPU 10 down residency:  97.29%
CPU 11 frequency: 0 MHz
CPU 11 active residency:   0.00% (1260 MHz:   0% 1512 MHz:   0% 1800 MHz:   0% 2088 MHz:   0% 2352 MHz:   0% 2616 MHz:   0% 2868 MHz:   0% 3096 MHz:   0% 3300 MHz:   0% 3468 MHz:   0% 3624 MHz:   0% 3756 MHz:   0% 3828 MHz:   0% 3888 MHz:   0% 3948 MHz:   0% 3996 MHz:   0% 4044 MHz:   0% 4104 MHz:   0% 4416 MHz:   0% 4512 MHz:   0%)
CPU 11 idle residency:   2.77%
CPU 11 down residency:  97.23%
CPU 12 frequency: 0 MHz
CPU 12 active residency:   0.00% (1260 MHz:   0% 1512 MHz:   0% 1800 MHz:   0% 2088 MHz:   0% 2352 MHz:   0% 2616 MHz:   0% 2868 MHz:   0% 3096 MHz:   0% 3300 MHz:   0% 3468 MHz:   0% 3624 MHz:   0% 3756 MHz:   0% 3828 MHz:   0% 3888 MHz:   0% 3948 MHz:   0% 3996 MHz:   0% 4044 MHz:   0% 4104 MHz:   0% 4416 MHz:   0% 4512 MHz:   0%)
CPU 12 idle residency:   2.83%
CPU 12 down residency:  97.17%
CPU 13 frequency: 0 MHz
CPU 13 active residency:   0.00% (1260 MHz:   0% 1512 MHz:   0% 1800 MHz:   0% 2088 MHz:   0% 2352 MHz:   0% 2616 MHz:   0% 2868 MHz:   0% 3096 MHz:   0% 3300 MHz:   0% 3468 MHz:   0% 3624 MHz:   0% 3756 MHz:   0% 3828 MHz:   0% 3888 MHz:   0% 3948 MHz:   0% 3996 MHz:   0% 4044 MHz:   0% 4104 MHz:   0% 4416 MHz:   0% 4512 MHz:   0%)
CPU 13 idle residency:   2.78%
CPU 13 down residency:  97.22%
CPU 14 frequency: 0 MHz
CPU 14 active residency:   0.00% (1260 MHz:   0% 1512 MHz:   0% 1800 MHz:   0% 2088 MHz:   0% 2352 MHz:   0% 2616 MHz:   0% 2868 MHz:   0% 3096 MHz:   0% 3300 MHz:   0% 3468 MHz:   0% 3624 MHz:   0% 3756 MHz:   0% 3828 MHz:   0% 3888 MHz:   0% 3948 MHz:   0% 3996 MHz:   0% 4044 MHz:   0% 4104 MHz:   0% 4416 MHz:   0% 4512 MHz:   0%)
CPU 14 idle residency:   2.87%
CPU 14 down residency:  97.13%
CPU 15 frequency: 0 MHz
CPU 15 active residency:   0.00% (1260 MHz:   0% 1512 MHz:   0% 1800 MHz:   0% 2088 MHz:   0% 2352 MHz:   0% 2616 MHz:   0% 2868 MHz:   0% 3096 MHz:   0% 3300 MHz:   0% 3468 MHz:   0% 3624 MHz:   0% 3756 MHz:   0% 3828 MHz:   0% 3888 MHz:   0% 3948 MHz:   0% 3996 MHz:   0% 4044 MHz:   0% 4104 MHz:   0% 4416 MHz:   0% 4512 MHz:   0%)
CPU 15 idle residency:   2.75%
CPU 15 down residency:  97.25%

CPU Power: 5663 mW
GPU Power: 29719 mW
ANE Power: 0 mW
Combined Power (CPU + GPU + ANE): 35381 mW

**** GPU usage ****

GPU HW active frequency: 1578 MHz
GPU HW active residency: 100.00% (338 MHz:   0% 618 MHz:   0% 796 MHz:   0% 924 MHz:   0% 952 MHz:   0% 1056 MHz:   0% 1062 MHz:   0% 1182 MHz:   0% 1182 MHz:   0% 1312 MHz:   0% 1242 MHz:   0% 1380 MHz:   0% 1326 MHz:   0% 1470 MHz:   0% 1578 MHz: 100%)
GPU SW requested state: (P1 :   0% P2 :   0% P3 :   0% P4 :   0% P5 :   0% P6 :   0% P7 :   0% P8 :   0% P9 :   0% P10 : 100% P11 :   0% P12 :   0% P13 :   0% P14 :   0% P15 :   0%)
GPU SW state: (SW_P1 :   0% SW_P2 :   0% SW_P3 :   0% SW_P4 :   0% SW_P5 :   0% SW_P6 :   0% SW_P7 :   0% SW_P8 :   0% SW_P9 :   0% SW_P10 : 100% SW_P11 :   0% SW_P12 :   0% SW_P13 :   0% SW_P14 :   0% SW_P15 :   0%)
GPU idle residency:   0.00%
GPU Power: 29720 mW



*** Sampled system activity (Tue Jan 20 15:04:48 2026 +0100) (1019.95ms elapsed) ***


**** Processor usage ****

E-Cluster Online: 100%
E-Cluster HW active frequency: 2592 MHz
E-Cluster HW active residency:  62.73% (1020 MHz:   0% 1404 MHz:   0% 1788 MHz:   0% 2112 MHz:   0% 2352 MHz:   0% 2532 MHz: .00% 2592 MHz:  63%)
E-Cluster idle residency:  37.27%
E-Cluster down residency:   0.00%
CPU 0 frequency: 2592 MHz
CPU 0 active residency:  30.85% (1020 MHz:   0% 1404 MHz:   0% 1788 MHz:   0% 2112 MHz:   0% 2352 MHz:   0% 2532 MHz:   0% 2592 MHz:  31%)
CPU 0 idle residency:  69.15%
CPU 0 down residency:   0.00%
CPU 1 frequency: 2592 MHz
CPU 1 active residency:  21.23% (1020 MHz:   0% 1404 MHz:   0% 1788 MHz:   0% 2112 MHz:   0% 2352 MHz:   0% 2532 MHz:   0% 2592 MHz:  21%)
CPU 1 idle residency:  78.77%
CPU 1 down residency:   0.00%
CPU 2 frequency: 2592 MHz
CPU 2 active residency:  10.40% (1020 MHz:   0% 1404 MHz:   0% 1788 MHz:   0% 2112 MHz:   0% 2352 MHz:   0% 2532 MHz:   0% 2592 MHz:  10%)
CPU 2 idle residency:  89.60%
CPU 2 down residency:   0.00%
CPU 3 frequency: 2592 MHz
CPU 3 active residency:   6.06% (1020 MHz:   0% 1404 MHz:   0% 1788 MHz:   0% 2112 MHz:   0% 2352 MHz:   0% 2532 MHz:   0% 2592 MHz: 6.1%)
CPU 3 idle residency:  93.94%
CPU 3 down residency:   0.00%

P0-Cluster Online: 100%
P0-Cluster HW active frequency: 3942 MHz
P0-Cluster HW active residency:  95.55% (1260 MHz: .62% 1512 MHz: .04% 1800 MHz: .08% 2088 MHz: .03% 2352 MHz: .00% 2616 MHz: .13% 2868 MHz:   0% 3096 MHz:   0% 3300 MHz: .05% 3468 MHz:   0% 3624 MHz: .01% 3756 MHz:   0% 3828 MHz:   0% 3888 MHz: 7.6% 3948 MHz:  59% 3996 MHz:  12% 4044 MHz:  16% 4104 MHz:   0% 4416 MHz:   0% 4512 MHz:   0%)
P0-Cluster idle residency:   4.45%
P0-Cluster down residency:   0.00%
CPU 4 frequency: 4497 MHz
CPU 4 active residency:  41.24% (1260 MHz: .04% 1512 MHz: .03% 1800 MHz: .05% 2088 MHz: .03% 2352 MHz:   0% 2616 MHz: .05% 2868 MHz:   0% 3096 MHz:   0% 3300 MHz: .05% 3468 MHz:   0% 3624 MHz: .01% 3756 MHz:   0% 3828 MHz:   0% 3888 MHz:   0% 3948 MHz:   0% 3996 MHz:   0% 4044 MHz:   0% 4104 MHz: .05% 4416 MHz:   0% 4512 MHz:  41%)
CPU 4 idle residency:  58.76%
CPU 4 down residency:   0.00%
CPU 5 frequency: 4506 MHz
CPU 5 active residency:  55.28% (1260 MHz: .06% 1512 MHz:   0% 1800 MHz: .01% 2088 MHz:   0% 2352 MHz: .00% 2616 MHz: .05% 2868 MHz:   0% 3096 MHz:   0% 3300 MHz:   0% 3468 MHz:   0% 3624 MHz:   0% 3756 MHz:   0% 3828 MHz:   0% 3888 MHz:   0% 3948 MHz:   0% 3996 MHz:   0% 4044 MHz:   0% 4104 MHz:   0% 4416 MHz:   0% 4512 MHz:  55%)
CPU 5 idle residency:  44.72%
CPU 5 down residency:   0.00%
CPU 6 frequency: 4506 MHz
CPU 6 active residency:  36.80% (1260 MHz: .05% 1512 MHz: .01% 1800 MHz: .02% 2088 MHz:   0% 2352 MHz:   0% 2616 MHz:   0% 2868 MHz:   0% 3096 MHz:   0% 3300 MHz: .00% 3468 MHz:   0% 3624 MHz:   0% 3756 MHz:   0% 3828 MHz:   0% 3888 MHz:   0% 3948 MHz:   0% 3996 MHz:   0% 4044 MHz:   0% 4104 MHz:   0% 4416 MHz:   0% 4512 MHz:  37%)
CPU 6 idle residency:  63.20%
CPU 6 down residency:   0.00%
CPU 7 frequency: 4506 MHz
CPU 7 active residency:  43.55% (1260 MHz: .05% 1512 MHz: .00% 1800 MHz: .01% 2088 MHz:   0% 2352 MHz:   0% 2616 MHz: .04% 2868 MHz:   0% 3096 MHz:   0% 3300 MHz:   0% 3468 MHz:   0% 3624 MHz:   0% 3756 MHz:   0% 3828 MHz:   0% 3888 MHz:   0% 3948 MHz:   0% 3996 MHz:   0% 4044 MHz:   0% 4104 MHz:   0% 4416 MHz:   0% 4512 MHz:  43%)
CPU 7 idle residency:  56.45%
CPU 7 down residency:   0.00%
CPU 8 frequency: 4508 MHz
CPU 8 active residency:  43.02% (1260 MHz: .02% 1512 MHz: .01% 1800 MHz:   0% 2088 MHz: .00% 2352 MHz:   0% 2616 MHz: .05% 2868 MHz:   0% 3096 MHz:   0% 3300 MHz:   0% 3468 MHz:   0% 3624 MHz: .00% 3756 MHz:   0% 3828 MHz:   0% 3888 MHz:   0% 3948 MHz:   0% 3996 MHz:   0% 4044 MHz:   0% 4104 MHz:   0% 4416 MHz:   0% 4512 MHz:  43%)
CPU 8 idle residency:  56.98%
CPU 8 down residency:   0.00%
CPU 9 frequency: 4508 MHz
CPU 9 active residency:  58.18% (1260 MHz: .06% 1512 MHz: .00% 1800 MHz: .01% 2088 MHz:   0% 2352 MHz: .00% 2616 MHz: .01% 2868 MHz:   0% 3096 MHz:   0% 3300 MHz:   0% 3468 MHz:   0% 3624 MHz:   0% 3756 MHz:   0% 3828 MHz:   0% 3888 MHz:   0% 3948 MHz:   0% 3996 MHz:   0% 4044 MHz:   0% 4104 MHz: .00% 4416 MHz:   0% 4512 MHz:  58%)
CPU 9 idle residency:  41.82%
CPU 9 down residency:   0.00%

P1-Cluster HW active frequency: 1359 MHz
P1-Cluster HW active residency:   0.17% (1260 MHz: .16% 1512 MHz:   0% 1800 MHz:   0% 2088 MHz:   0% 2352 MHz:   0% 2616 MHz:   0% 2868 MHz: .01% 3096 MHz:   0% 3300 MHz:   0% 3468 MHz:   0% 3624 MHz:   0% 3756 MHz:   0% 3828 MHz:   0% 3888 MHz:   0% 3948 MHz:   0% 3996 MHz:   0% 4044 MHz:   0% 4104 MHz:   0% 4416 MHz:   0% 4512 MHz:   0%)
P1-Cluster idle residency:   0.86%
P1-Cluster down residency:  98.97%
CPU 10 frequency: 0 MHz
CPU 10 active residency:   0.00% (1260 MHz:   0% 1512 MHz:   0% 1800 MHz:   0% 2088 MHz:   0% 2352 MHz:   0% 2616 MHz:   0% 2868 MHz:   0% 3096 MHz:   0% 3300 MHz:   0% 3468 MHz:   0% 3624 MHz:   0% 3756 MHz:   0% 3828 MHz:   0% 3888 MHz:   0% 3948 MHz:   0% 3996 MHz:   0% 4044 MHz:   0% 4104 MHz:   0% 4416 MHz:   0% 4512 MHz:   0%)
CPU 10 idle residency:   0.98%
CPU 10 down residency:  99.02%
CPU 11 frequency: 0 MHz
CPU 11 active residency:   0.00% (1260 MHz:   0% 1512 MHz:   0% 1800 MHz:   0% 2088 MHz:   0% 2352 MHz:   0% 2616 MHz:   0% 2868 MHz:   0% 3096 MHz:   0% 3300 MHz:   0% 3468 MHz:   0% 3624 MHz:   0% 3756 MHz:   0% 3828 MHz:   0% 3888 MHz:   0% 3948 MHz:   0% 3996 MHz:   0% 4044 MHz:   0% 4104 MHz:   0% 4416 MHz:   0% 4512 MHz:   0%)
CPU 11 idle residency:   0.98%
CPU 11 down residency:  99.02%
CPU 12 frequency: 0 MHz
CPU 12 active residency:   0.00% (1260 MHz:   0% 1512 MHz:   0% 1800 MHz:   0% 2088 MHz:   0% 2352 MHz:   0% 2616 MHz:   0% 2868 MHz:   0% 3096 MHz:   0% 3300 MHz:   0% 3468 MHz:   0% 3624 MHz:   0% 3756 MHz:   0% 3828 MHz:   0% 3888 MHz:   0% 3948 MHz:   0% 3996 MHz:   0% 4044 MHz:   0% 4104 MHz:   0% 4416 MHz:   0% 4512 MHz:   0%)
CPU 12 idle residency:   0.98%
CPU 12 down residency:  99.02%
CPU 13 frequency: 0 MHz
CPU 13 active residency:   0.00% (1260 MHz:   0% 1512 MHz:   0% 1800 MHz:   0% 2088 MHz:   0% 2352 MHz:   0% 2616 MHz:   0% 2868 MHz:   0% 3096 MHz:   0% 3300 MHz:   0% 3468 MHz:   0% 3624 MHz:   0% 3756 MHz:   0% 3828 MHz:   0% 3888 MHz:   0% 3948 MHz:   0% 3996 MHz:   0% 4044 MHz:   0% 4104 MHz:   0% 4416 MHz:   0% 4512 MHz:   0%)
CPU 13 idle residency:   0.98%
CPU 13 down residency:  99.02%
CPU 14 frequency: 0 MHz
CPU 14 active residency:   0.00% (1260 MHz:   0% 1512 MHz:   0% 1800 MHz:   0% 2088 MHz:   0% 2352 MHz:   0% 2616 MHz:   0% 2868 MHz:   0% 3096 MHz:   0% 3300 MHz:   0% 3468 MHz:   0% 3624 MHz:   0% 3756 MHz:   0% 3828 MHz:   0% 3888 MHz:   0% 3948 MHz:   0% 3996 MHz:   0% 4044 MHz:   0% 4104 MHz:   0% 4416 MHz:   0% 4512 MHz:   0%)
CPU 14 idle residency:   0.98%
CPU 14 down residency:  99.02%
CPU 15 frequency: 0 MHz
CPU 15 active residency:   0.00% (1260 MHz:   0% 1512 MHz:   0% 1800 MHz:   0% 2088 MHz:   0% 2352 MHz:   0% 2616 MHz:   0% 2868 MHz:   0% 3096 MHz:   0% 3300 MHz:   0% 3468 MHz:   0% 3624 MHz:   0% 3756 MHz:   0% 3828 MHz:   0% 3888 MHz:   0% 3948 MHz:   0% 3996 MHz:   0% 4044 MHz:   0% 4104 MHz:   0% 4416 MHz:   0% 4512 MHz:   0%)
CPU 15 idle residency:   0.98%
CPU 15 down residency:  99.02%

CPU Power: 5720 mW
GPU Power: 29952 mW
ANE Power: 0 mW
Combined Power (CPU + GPU + ANE): 35672 mW

**** GPU usage ****

GPU HW active frequency: 1578 MHz
GPU HW active residency: 100.00% (338 MHz:   0% 618 MHz:   0% 796 MHz:   0% 924 MHz:   0% 952 MHz:   0% 1056 MHz:   0% 1062 MHz:   0% 1182 MHz:   0% 1182 MHz:   0% 1312 MHz:   0% 1242 MHz:   0% 1380 MHz:   0% 1326 MHz:   0% 1470 MHz:   0% 1578 MHz: 100%)
GPU SW requested state: (P1 :   0% P2 :   0% P3 :   0% P4 :   0% P5 :   0% P6 :   0% P7 :   0% P8 :   0% P9 :   0% P10 : 100% P11 :   0% P12 :   0% P13 :   0% P14 :   0% P15 :   0%)
GPU SW state: (SW_P1 :   0% SW_P2 :   0% SW_P3 :   0% SW_P4 :   0% SW_P5 :   0% SW_P6 :   0% SW_P7 :   0% SW_P8 :   0% SW_P9 :   0% SW_P10 : 100% SW_P11 :   0% SW_P12 :   0% SW_P13 :   0% SW_P14 :   0% SW_P15 :   0%)
GPU idle residency:   0.00%
GPU Power: 29951 mW



*** Sampled system activity (Tue Jan 20 15:04:49 2026 +0100) (1021.16ms elapsed) ***


**** Processor usage ****

E-Cluster Online: 100%
E-Cluster HW active frequency: 2592 MHz
E-Cluster HW active residency:  56.20% (1020 MHz:   0% 1404 MHz:   0% 1788 MHz:   0% 2112 MHz:   0% 2352 MHz:   0% 2532 MHz: .00% 2592 MHz:  56%)
E-Cluster idle residency:  43.80%
E-Cluster down residency:   0.00%
CPU 0 frequency: 2592 MHz
CPU 0 active residency:  25.50% (1020 MHz:   0% 1404 MHz:   0% 1788 MHz:   0% 2112 MHz:   0% 2352 MHz:   0% 2532 MHz:   0% 2592 MHz:  25%)
CPU 0 idle residency:  74.50%
CPU 0 down residency:   0.00%
CPU 1 frequency: 2592 MHz
CPU 1 active residency:  11.32% (1020 MHz:   0% 1404 MHz:   0% 1788 MHz:   0% 2112 MHz:   0% 2352 MHz:   0% 2532 MHz:   0% 2592 MHz:  11%)
CPU 1 idle residency:  88.68%
CPU 1 down residency:   0.00%
CPU 2 frequency: 2592 MHz
CPU 2 active residency:   8.27% (1020 MHz:   0% 1404 MHz:   0% 1788 MHz:   0% 2112 MHz:   0% 2352 MHz:   0% 2532 MHz:   0% 2592 MHz: 8.3%)
CPU 2 idle residency:  91.73%
CPU 2 down residency:   0.00%
CPU 3 frequency: 2592 MHz
CPU 3 active residency:   4.01% (1020 MHz:   0% 1404 MHz:   0% 1788 MHz:   0% 2112 MHz:   0% 2352 MHz:   0% 2532 MHz:   0% 2592 MHz: 4.0%)
CPU 3 idle residency:  95.99%
CPU 3 down residency:   0.00%

P0-Cluster Online: 90%
P0-Cluster HW active frequency: 3943 MHz
P0-Cluster HW active residency:  86.90% (1260 MHz: .65% 1512 MHz: .02% 1800 MHz: .06% 2088 MHz:   0% 2352 MHz: .00% 2616 MHz: .01% 2868 MHz: .05% 3096 MHz:   0% 3300 MHz: .00% 3468 MHz:   0% 3624 MHz:   0% 3756 MHz:   0% 3828 MHz: .05% 3888 MHz: 6.1% 3948 MHz:  54% 3996 MHz:  11% 4044 MHz:  14% 4104 MHz:   0% 4416 MHz:   0% 4512 MHz:   0%)
P0-Cluster idle residency:   4.63%
P0-Cluster down residency:   8.48%
CPU 4 frequency: 4508 MHz
CPU 4 active residency:  45.00% (1260 MHz: .03% 1512 MHz: .00% 1800 MHz: .04% 2088 MHz:   0% 2352 MHz:   0% 2616 MHz:   0% 2868 MHz:   0% 3096 MHz:   0% 3300 MHz:   0% 3468 MHz:   0% 3624 MHz:   0% 3756 MHz:   0% 3828 MHz:   0% 3888 MHz:   0% 3948 MHz:   0% 3996 MHz:   0% 4044 MHz:   0% 4104 MHz:   0% 4416 MHz:   0% 4512 MHz:  45%)
CPU 4 idle residency:  45.78%
CPU 4 down residency:   9.22%
CPU 5 frequency: 4500 MHz
CPU 5 active residency:  35.20% (1260 MHz: .03% 1512 MHz: .02% 1800 MHz: .05% 2088 MHz:   0% 2352 MHz: .00% 2616 MHz: .00% 2868 MHz: .05% 3096 MHz:   0% 3300 MHz: .00% 3468 MHz:   0% 3624 MHz:   0% 3756 MHz:   0% 3828 MHz: .05% 3888 MHz:   0% 3948 MHz:   0% 3996 MHz:   0% 4044 MHz:   0% 4104 MHz: .00% 4416 MHz:   0% 4512 MHz:  35%)
CPU 5 idle residency:  56.27%
CPU 5 down residency:   8.53%
CPU 6 frequency: 4510 MHz
CPU 6 active residency:  32.40% (1260 MHz: .02% 1512 MHz:   0% 1800 MHz: .00% 2088 MHz:   0% 2352 MHz:   0% 2616 MHz: .00% 2868 MHz:   0% 3096 MHz:   0% 3300 MHz: .00% 3468 MHz:   0% 3624 MHz:   0% 3756 MHz:   0% 3828 MHz:   0% 3888 MHz:   0% 3948 MHz:   0% 3996 MHz:   0% 4044 MHz:   0% 4104 MHz:   0% 4416 MHz:   0% 4512 MHz:  32%)
CPU 6 idle residency:  58.99%
CPU 6 down residency:   8.62%
CPU 7 frequency: 4512 MHz
CPU 7 active residency:  30.93% (1260 MHz: .00% 1512 MHz:   0% 1800 MHz:   0% 2088 MHz:   0% 2352 MHz:   0% 2616 MHz: .00% 2868 MHz:   0% 3096 MHz:   0% 3300 MHz:   0% 3468 MHz:   0% 3624 MHz:   0% 3756 MHz:   0% 3828 MHz:   0% 3888 MHz:   0% 3948 MHz:   0% 3996 MHz:   0% 4044 MHz:   0% 4104 MHz:   0% 4416 MHz:   0% 4512 MHz:  31%)
CPU 7 idle residency:  60.50%
CPU 7 down residency:   8.56%
CPU 8 frequency: 4507 MHz
CPU 8 active residency:  49.06% (1260 MHz: .07% 1512 MHz:   0% 1800 MHz: .01% 2088 MHz:   0% 2352 MHz:   0% 2616 MHz:   0% 2868 MHz:   0% 3096 MHz:   0% 3300 MHz:   0% 3468 MHz:   0% 3624 MHz:   0% 3756 MHz:   0% 3828 MHz:   0% 3888 MHz:   0% 3948 MHz:   0% 3996 MHz:   0% 4044 MHz:   0% 4104 MHz:   0% 4416 MHz:   0% 4512 MHz:  49%)
CPU 8 idle residency:  41.79%
CPU 8 down residency:   9.15%
CPU 9 frequency: 4510 MHz
CPU 9 active residency:  44.48% (1260 MHz: .02% 1512 MHz:   0% 1800 MHz: .01% 2088 MHz:   0% 2352 MHz: .00% 2616 MHz: .00% 2868 MHz: .00% 3096 MHz:   0% 3300 MHz:   0% 3468 MHz:   0% 3624 MHz:   0% 3756 MHz:   0% 3828 MHz: .00% 3888 MHz:   0% 3948 MHz:   0% 3996 MHz:   0% 4044 MHz:   0% 4104 MHz: .00% 4416 MHz:   0% 4512 MHz:  44%)
CPU 9 idle residency:  46.35%
CPU 9 down residency:   9.17%

P1-Cluster HW active frequency: 3828 MHz
P1-Cluster HW active residency:   7.97% (1260 MHz: .31% 1512 MHz:   0% 1800 MHz: .16% 2088 MHz:   0% 2352 MHz:   0% 2616 MHz:   0% 2868 MHz:   0% 3096 MHz:   0% 3300 MHz:   0% 3468 MHz:   0% 3624 MHz:   0% 3756 MHz:   0% 3828 MHz:   0% 3888 MHz: .15% 3948 MHz: 4.6% 3996 MHz: 1.1% 4044 MHz: 1.6% 4104 MHz:   0% 4416 MHz: .00% 4512 MHz: .03%)
P1-Cluster idle residency:   1.54%
P1-Cluster down residency:  90.49%
CPU 10 frequency: 4295 MHz
CPU 10 active residency:   8.44% (1260 MHz: .44% 1512 MHz:   0% 1800 MHz: .10% 2088 MHz: .02% 2352 MHz:   0% 2616 MHz: .02% 2868 MHz: .03% 3096 MHz:   0% 3300 MHz:   0% 3468 MHz:   0% 3624 MHz:   0% 3756 MHz:   0% 3828 MHz:   0% 3888 MHz:   0% 3948 MHz:   0% 3996 MHz:   0% 4044 MHz:   0% 4104 MHz:   0% 4416 MHz:   0% 4512 MHz: 7.8%)
CPU 10 idle residency:   3.81%
CPU 10 down residency:  87.75%
CPU 11 frequency: 3469 MHz
CPU 11 active residency:   1.66% (1260 MHz: .42% 1512 MHz:   0% 1800 MHz: .05% 2088 MHz: .07% 2352 MHz:   0% 2616 MHz: .00% 2868 MHz: .03% 3096 MHz:   0% 3300 MHz:   0% 3468 MHz:   0% 3624 MHz:   0% 3756 MHz:   0% 3828 MHz:   0% 3888 MHz:   0% 3948 MHz:   0% 3996 MHz:   0% 4044 MHz:   0% 4104 MHz:   0% 4416 MHz:   0% 4512 MHz: 1.1%)
CPU 11 idle residency:   8.43%
CPU 11 down residency:  89.91%
CPU 12 frequency: 3320 MHz
CPU 12 active residency:   1.29% (1260 MHz: .41% 1512 MHz:   0% 1800 MHz: .03% 2088 MHz: .02% 2352 MHz:   0% 2616 MHz:   0% 2868 MHz: .03% 3096 MHz:   0% 3300 MHz:   0% 3468 MHz:   0% 3624 MHz:   0% 3756 MHz:   0% 3828 MHz:   0% 3888 MHz:   0% 3948 MHz:   0% 3996 MHz:   0% 4044 MHz:   0% 4104 MHz:   0% 4416 MHz:   0% 4512 MHz: .79%)
CPU 12 idle residency:   8.67%
CPU 12 down residency:  90.04%
CPU 13 frequency: 4322 MHz
CPU 13 active residency:   9.12% (1260 MHz: .43% 1512 MHz:   0% 1800 MHz: .09% 2088 MHz: .01% 2352 MHz:   0% 2616 MHz: .01% 2868 MHz: .03% 3096 MHz:   0% 3300 MHz:   0% 3468 MHz:   0% 3624 MHz:   0% 3756 MHz:   0% 3828 MHz:   0% 3888 MHz:   0% 3948 MHz:   0% 3996 MHz:   0% 4044 MHz:   0% 4104 MHz:   0% 4416 MHz:   0% 4512 MHz: 8.5%)
CPU 13 idle residency:   3.58%
CPU 13 down residency:  87.30%
CPU 14 frequency: 1515 MHz
CPU 14 active residency:   0.50% (1260 MHz: .41% 1512 MHz:   0% 1800 MHz: .02% 2088 MHz: .02% 2352 MHz:   0% 2616 MHz:   0% 2868 MHz: .03% 3096 MHz:   0% 3300 MHz:   0% 3468 MHz:   0% 3624 MHz:   0% 3756 MHz:   0% 3828 MHz:   0% 3888 MHz:   0% 3948 MHz:   0% 3996 MHz:   0% 4044 MHz:   0% 4104 MHz:   0% 4416 MHz:   0% 4512 MHz: .02%)
CPU 14 idle residency:   9.42%
CPU 14 down residency:  90.08%
CPU 15 frequency: 4271 MHz
CPU 15 active residency:   7.38% (1260 MHz: .44% 1512 MHz:   0% 1800 MHz: .10% 2088 MHz: .01% 2352 MHz: .01% 2616 MHz: .00% 2868 MHz: .03% 3096 MHz:   0% 3300 MHz:   0% 3468 MHz:   0% 3624 MHz:   0% 3756 MHz:   0% 3828 MHz:   0% 3888 MHz:   0% 3948 MHz:   0% 3996 MHz:   0% 4044 MHz:   0% 4104 MHz:   0% 4416 MHz:   0% 4512 MHz: 6.8%)
CPU 15 idle residency:   4.46%
CPU 15 down residency:  88.17%

CPU Power: 5440 mW
GPU Power: 29666 mW
ANE Power: 0 mW
Combined Power (CPU + GPU + ANE): 35106 mW

**** GPU usage ****

GPU HW active frequency: 1578 MHz
GPU HW active residency: 100.00% (338 MHz:   0% 618 MHz:   0% 796 MHz:   0% 924 MHz:   0% 952 MHz:   0% 1056 MHz:   0% 1062 MHz:   0% 1182 MHz:   0% 1182 MHz:   0% 1312 MHz:   0% 1242 MHz:   0% 1380 MHz:   0% 1326 MHz:   0% 1470 MHz:   0% 1578 MHz: 100%)
GPU SW requested state: (P1 :   0% P2 :   0% P3 :   0% P4 :   0% P5 :   0% P6 :   0% P7 :   0% P8 :   0% P9 :   0% P10 : 100% P11 :   0% P12 :   0% P13 :   0% P14 :   0% P15 :   0%)
GPU SW state: (SW_P1 :   0% SW_P2 :   0% SW_P3 :   0% SW_P4 :   0% SW_P5 :   0% SW_P6 :   0% SW_P7 :   0% SW_P8 :   0% SW_P9 :   0% SW_P10 : 100% SW_P11 :   0% SW_P12 :   0% SW_P13 :   0% SW_P14 :   0% SW_P15 :   0%)
GPU idle residency:   0.00%
GPU Power: 29667 mW



*** Sampled system activity (Tue Jan 20 15:04:50 2026 +0100) (1019.40ms elapsed) ***


**** Processor usage ****

E-Cluster Online: 100%
E-Cluster HW active frequency: 2592 MHz
E-Cluster HW active residency:  61.21% (1020 MHz:   0% 1404 MHz:   0% 1788 MHz:   0% 2112 MHz:   0% 2352 MHz:   0% 2532 MHz: .00% 2592 MHz:  61%)
E-Cluster idle residency:  38.79%
E-Cluster down residency:   0.00%
CPU 0 frequency: 2592 MHz
CPU 0 active residency:  27.68% (1020 MHz:   0% 1404 MHz:   0% 1788 MHz:   0% 2112 MHz:   0% 2352 MHz:   0% 2532 MHz:   0% 2592 MHz:  28%)
CPU 0 idle residency:  72.32%
CPU 0 down residency:   0.00%
CPU 1 frequency: 2592 MHz
CPU 1 active residency:  17.38% (1020 MHz:   0% 1404 MHz:   0% 1788 MHz:   0% 2112 MHz:   0% 2352 MHz:   0% 2532 MHz:   0% 2592 MHz:  17%)
CPU 1 idle residency:  82.62%
CPU 1 down residency:   0.00%
CPU 2 frequency: 2592 MHz
CPU 2 active residency:  12.29% (1020 MHz:   0% 1404 MHz:   0% 1788 MHz:   0% 2112 MHz:   0% 2352 MHz:   0% 2532 MHz:   0% 2592 MHz:  12%)
CPU 2 idle residency:  87.71%
CPU 2 down residency:   0.00%
CPU 3 frequency: 2592 MHz
CPU 3 active residency:   5.64% (1020 MHz:   0% 1404 MHz:   0% 1788 MHz:   0% 2112 MHz:   0% 2352 MHz:   0% 2532 MHz:   0% 2592 MHz: 5.6%)
CPU 3 idle residency:  94.36%
CPU 3 down residency:   0.00%

P0-Cluster Online: 5%
P0-Cluster HW active frequency: 1420 MHz
P0-Cluster HW active residency:   1.15% (1260 MHz: 1.1% 1512 MHz:   0% 1800 MHz:   0% 2088 MHz:   0% 2352 MHz:   0% 2616 MHz:   0% 2868 MHz:   0% 3096 MHz:   0% 3300 MHz:   0% 3468 MHz:   0% 3624 MHz:   0% 3756 MHz:   0% 3828 MHz:   0% 3888 MHz: .00% 3948 MHz: .00% 3996 MHz: .01% 4044 MHz: .05% 4104 MHz:   0% 4416 MHz:   0% 4512 MHz:   0%)
P0-Cluster idle residency:   3.24%
P0-Cluster down residency:  95.61%
CPU 4 frequency: 0 MHz
CPU 4 active residency:   0.00% (1260 MHz:   0% 1512 MHz:   0% 1800 MHz:   0% 2088 MHz:   0% 2352 MHz:   0% 2616 MHz:   0% 2868 MHz:   0% 3096 MHz:   0% 3300 MHz:   0% 3468 MHz:   0% 3624 MHz:   0% 3756 MHz:   0% 3828 MHz:   0% 3888 MHz:   0% 3948 MHz:   0% 3996 MHz:   0% 4044 MHz:   0% 4104 MHz:   0% 4416 MHz:   0% 4512 MHz:   0%)
CPU 4 idle residency:   4.20%
CPU 4 down residency:  95.80%
CPU 5 frequency: 0 MHz
CPU 5 active residency:   0.00% (1260 MHz:   0% 1512 MHz:   0% 1800 MHz:   0% 2088 MHz:   0% 2352 MHz:   0% 2616 MHz:   0% 2868 MHz:   0% 3096 MHz:   0% 3300 MHz:   0% 3468 MHz:   0% 3624 MHz:   0% 3756 MHz:   0% 3828 MHz:   0% 3888 MHz:   0% 3948 MHz:   0% 3996 MHz:   0% 4044 MHz:   0% 4104 MHz:   0% 4416 MHz:   0% 4512 MHz:   0%)
CPU 5 idle residency:   4.19%
CPU 5 down residency:  95.81%
CPU 6 frequency: 0 MHz
CPU 6 active residency:   0.00% (1260 MHz:   0% 1512 MHz:   0% 1800 MHz:   0% 2088 MHz:   0% 2352 MHz:   0% 2616 MHz:   0% 2868 MHz:   0% 3096 MHz:   0% 3300 MHz:   0% 3468 MHz:   0% 3624 MHz:   0% 3756 MHz:   0% 3828 MHz:   0% 3888 MHz:   0% 3948 MHz:   0% 3996 MHz:   0% 4044 MHz:   0% 4104 MHz:   0% 4416 MHz:   0% 4512 MHz:   0%)
CPU 6 idle residency:   4.21%
CPU 6 down residency:  95.79%
CPU 7 frequency: 0 MHz
CPU 7 active residency:   0.00% (1260 MHz:   0% 1512 MHz:   0% 1800 MHz:   0% 2088 MHz:   0% 2352 MHz:   0% 2616 MHz:   0% 2868 MHz:   0% 3096 MHz:   0% 3300 MHz:   0% 3468 MHz:   0% 3624 MHz:   0% 3756 MHz:   0% 3828 MHz:   0% 3888 MHz:   0% 3948 MHz:   0% 3996 MHz:   0% 4044 MHz:   0% 4104 MHz:   0% 4416 MHz:   0% 4512 MHz:   0%)
CPU 7 idle residency:   4.21%
CPU 7 down residency:  95.79%
CPU 8 frequency: 0 MHz
CPU 8 active residency:   0.00% (1260 MHz:   0% 1512 MHz:   0% 1800 MHz:   0% 2088 MHz:   0% 2352 MHz:   0% 2616 MHz:   0% 2868 MHz:   0% 3096 MHz:   0% 3300 MHz:   0% 3468 MHz:   0% 3624 MHz:   0% 3756 MHz:   0% 3828 MHz:   0% 3888 MHz:   0% 3948 MHz:   0% 3996 MHz:   0% 4044 MHz:   0% 4104 MHz:   0% 4416 MHz:   0% 4512 MHz:   0%)
CPU 8 idle residency:   4.19%
CPU 8 down residency:  95.81%
CPU 9 frequency: 0 MHz
CPU 9 active residency:   0.00% (1260 MHz:   0% 1512 MHz:   0% 1800 MHz:   0% 2088 MHz:   0% 2352 MHz:   0% 2616 MHz:   0% 2868 MHz:   0% 3096 MHz:   0% 3300 MHz:   0% 3468 MHz:   0% 3624 MHz:   0% 3756 MHz:   0% 3828 MHz:   0% 3888 MHz:   0% 3948 MHz:   0% 3996 MHz:   0% 4044 MHz:   0% 4104 MHz:   0% 4416 MHz:   0% 4512 MHz:   0%)
CPU 9 idle residency:   4.20%
CPU 9 down residency:  95.80%

P1-Cluster HW active frequency: 3939 MHz
P1-Cluster HW active residency:  95.26% (1260 MHz: .74% 1512 MHz: .06% 1800 MHz: .05% 2088 MHz: .02% 2352 MHz: .02% 2616 MHz: .03% 2868 MHz: .04% 3096 MHz: .01% 3300 MHz:   0% 3468 MHz: .00% 3624 MHz:   0% 3756 MHz:   0% 3828 MHz: .00% 3888 MHz: 8.2% 3948 MHz:  58% 3996 MHz:  13% 4044 MHz:  14% 4104 MHz:   0% 4416 MHz:   0% 4512 MHz:   0%)
P1-Cluster idle residency:   4.74%
P1-Cluster down residency:   0.00%
CPU 10 frequency: 4503 MHz
CPU 10 active residency:  41.42% (1260 MHz: .03% 1512 MHz: .01% 1800 MHz: .04% 2088 MHz: .02% 2352 MHz: .02% 2616 MHz: .00% 2868 MHz: .01% 3096 MHz: .00% 3300 MHz:   0% 3468 MHz: .00% 3624 MHz:   0% 3756 MHz:   0% 3828 MHz: .00% 3888 MHz:   0% 3948 MHz:   0% 3996 MHz:   0% 4044 MHz:   0% 4104 MHz: .02% 4416 MHz:   0% 4512 MHz:  41%)
CPU 10 idle residency:  58.58%
CPU 10 down residency:   0.00%
CPU 11 frequency: 4508 MHz
CPU 11 active residency:  31.43% (1260 MHz: .02% 1512 MHz:   0% 1800 MHz:   0% 2088 MHz:   0% 2352 MHz:   0% 2616 MHz: .02% 2868 MHz: .02% 3096 MHz: .00% 3300 MHz:   0% 3468 MHz:   0% 3624 MHz:   0% 3756 MHz:   0% 3828 MHz:   0% 3888 MHz:   0% 3948 MHz:   0% 3996 MHz:   0% 4044 MHz:   0% 4104 MHz:   0% 4416 MHz:   0% 4512 MHz:  31%)
CPU 11 idle residency:  68.57%
CPU 11 down residency:   0.00%
CPU 12 frequency: 4506 MHz
CPU 12 active residency:  51.87% (1260 MHz: .05% 1512 MHz: .04% 1800 MHz: .01% 2088 MHz:   0% 2352 MHz:   0% 2616 MHz: .00% 2868 MHz: .02% 3096 MHz: .00% 3300 MHz:   0% 3468 MHz: .00% 3624 MHz:   0% 3756 MHz:   0% 3828 MHz:   0% 3888 MHz:   0% 3948 MHz:   0% 3996 MHz:   0% 4044 MHz:   0% 4104 MHz: .00% 4416 MHz:   0% 4512 MHz:  52%)
CPU 12 idle residency:  48.13%
CPU 12 down residency:   0.00%
CPU 13 frequency: 4504 MHz
CPU 13 active residency:  56.54% (1260 MHz: .08% 1512 MHz: .05% 1800 MHz: .01% 2088 MHz: .00% 2352 MHz:   0% 2616 MHz: .02% 2868 MHz: .00% 3096 MHz: .00% 3300 MHz:   0% 3468 MHz:   0% 3624 MHz:   0% 3756 MHz:   0% 3828 MHz:   0% 3888 MHz:   0% 3948 MHz:   0% 3996 MHz:   0% 4044 MHz:   0% 4104 MHz:   0% 4416 MHz:   0% 4512 MHz:  56%)
CPU 13 idle residency:  43.46%
CPU 13 down residency:   0.00%
CPU 14 frequency: 4511 MHz
CPU 14 active residency:  37.40% (1260 MHz: .02% 1512 MHz:   0% 1800 MHz:   0% 2088 MHz:   0% 2352 MHz:   0% 2616 MHz:   0% 2868 MHz:   0% 3096 MHz:   0% 3300 MHz:   0% 3468 MHz:   0% 3624 MHz:   0% 3756 MHz:   0% 3828 MHz: .00% 3888 MHz:   0% 3948 MHz:   0% 3996 MHz:   0% 4044 MHz:   0% 4104 MHz:   0% 4416 MHz:   0% 4512 MHz:  37%)
CPU 14 idle residency:  62.60%
CPU 14 down residency:   0.00%
CPU 15 frequency: 4509 MHz
CPU 15 active residency:  59.22% (1260 MHz: .04% 1512 MHz: .02% 1800 MHz: .00% 2088 MHz:   0% 2352 MHz: .00% 2616 MHz: .00% 2868 MHz:   0% 3096 MHz:   0% 3300 MHz:   0% 3468 MHz:   0% 3624 MHz:   0% 3756 MHz:   0% 3828 MHz:   0% 3888 MHz:   0% 3948 MHz:   0% 3996 MHz:   0% 4044 MHz:   0% 4104 MHz:   0% 4416 MHz:   0% 4512 MHz:  59%)
CPU 15 idle residency:  40.78%
CPU 15 down residency:   0.00%

CPU Power: 5700 mW
GPU Power: 30088 mW
ANE Power: 0 mW
Combined Power (CPU + GPU + ANE): 35789 mW

**** GPU usage ****

GPU HW active frequency: 1578 MHz
GPU HW active residency: 100.00% (338 MHz:   0% 618 MHz:   0% 796 MHz:   0% 924 MHz:   0% 952 MHz:   0% 1056 MHz:   0% 1062 MHz:   0% 1182 MHz:   0% 1182 MHz:   0% 1312 MHz:   0% 1242 MHz:   0% 1380 MHz:   0% 1326 MHz:   0% 1470 MHz:   0% 1578 MHz: 100%)
GPU SW requested state: (P1 :   0% P2 :   0% P3 :   0% P4 :   0% P5 :   0% P6 :   0% P7 :   0% P8 :   0% P9 :   0% P10 : 100% P11 :   0% P12 :   0% P13 :   0% P14 :   0% P15 :   0%)
GPU SW state: (SW_P1 :   0% SW_P2 :   0% SW_P3 :   0% SW_P4 :   0% SW_P5 :   0% SW_P6 :   0% SW_P7 :   0% SW_P8 :   0% SW_P9 :   0% SW_P10 : 100% SW_P11 :   0% SW_P12 :   0% SW_P13 :   0% SW_P14 :   0% SW_P15 :   0%)
GPU idle residency:   0.00%
GPU Power: 29844 mW



*** Sampled system activity (Tue Jan 20 15:04:51 2026 +0100) (1020.63ms elapsed) ***


**** Processor usage ****

E-Cluster Online: 100%
E-Cluster HW active frequency: 2592 MHz
E-Cluster HW active residency:  55.24% (1020 MHz:   0% 1404 MHz:   0% 1788 MHz:   0% 2112 MHz:   0% 2352 MHz:   0% 2532 MHz: .00% 2592 MHz:  55%)
E-Cluster idle residency:  44.76%
E-Cluster down residency:   0.00%
CPU 0 frequency: 2592 MHz
CPU 0 active residency:  25.06% (1020 MHz:   0% 1404 MHz:   0% 1788 MHz:   0% 2112 MHz:   0% 2352 MHz:   0% 2532 MHz:   0% 2592 MHz:  25%)
CPU 0 idle residency:  74.94%
CPU 0 down residency:   0.00%
CPU 1 frequency: 2592 MHz
CPU 1 active residency:  12.79% (1020 MHz:   0% 1404 MHz:   0% 1788 MHz:   0% 2112 MHz:   0% 2352 MHz:   0% 2532 MHz:   0% 2592 MHz:  13%)
CPU 1 idle residency:  87.21%
CPU 1 down residency:   0.00%
CPU 2 frequency: 2592 MHz
CPU 2 active residency:   6.36% (1020 MHz:   0% 1404 MHz:   0% 1788 MHz:   0% 2112 MHz:   0% 2352 MHz:   0% 2532 MHz:   0% 2592 MHz: 6.4%)
CPU 2 idle residency:  93.64%
CPU 2 down residency:   0.00%
CPU 3 frequency: 2592 MHz
CPU 3 active residency:   4.84% (1020 MHz:   0% 1404 MHz:   0% 1788 MHz:   0% 2112 MHz:   0% 2352 MHz:   0% 2532 MHz:   0% 2592 MHz: 4.8%)
CPU 3 idle residency:  95.16%
CPU 3 down residency:   0.00%

P0-Cluster Online: 7%
P0-Cluster HW active frequency: 3140 MHz
P0-Cluster HW active residency:   4.09% (1260 MHz: .33% 1512 MHz: .03% 1800 MHz: .05% 2088 MHz:   0% 2352 MHz:   0% 2616 MHz: .39% 2868 MHz: .77% 3096 MHz: .39% 3300 MHz: .38% 3468 MHz: .39% 3624 MHz: .39% 3756 MHz:   0% 3828 MHz: .39% 3888 MHz: .03% 3948 MHz: .42% 3996 MHz: .01% 4044 MHz: .09% 4104 MHz:   0% 4416 MHz: .02% 4512 MHz: .03%)
P0-Cluster idle residency:   1.78%
P0-Cluster down residency:  94.13%
CPU 4 frequency: 0 MHz
CPU 4 active residency:   0.00% (1260 MHz:   0% 1512 MHz:   0% 1800 MHz:   0% 2088 MHz:   0% 2352 MHz:   0% 2616 MHz:   0% 2868 MHz:   0% 3096 MHz:   0% 3300 MHz:   0% 3468 MHz:   0% 3624 MHz:   0% 3756 MHz:   0% 3828 MHz:   0% 3888 MHz:   0% 3948 MHz:   0% 3996 MHz:   0% 4044 MHz:   0% 4104 MHz:   0% 4416 MHz:   0% 4512 MHz:   0%)
CPU 4 idle residency:   5.70%
CPU 4 down residency:  94.30%
CPU 5 frequency: 0 MHz
CPU 5 active residency:   0.00% (1260 MHz:   0% 1512 MHz:   0% 1800 MHz:   0% 2088 MHz:   0% 2352 MHz:   0% 2616 MHz:   0% 2868 MHz:   0% 3096 MHz:   0% 3300 MHz:   0% 3468 MHz:   0% 3624 MHz:   0% 3756 MHz:   0% 3828 MHz:   0% 3888 MHz:   0% 3948 MHz:   0% 3996 MHz:   0% 4044 MHz:   0% 4104 MHz:   0% 4416 MHz:   0% 4512 MHz:   0%)
CPU 5 idle residency:   5.72%
CPU 5 down residency:  94.28%
CPU 6 frequency: 0 MHz
CPU 6 active residency:   0.00% (1260 MHz:   0% 1512 MHz:   0% 1800 MHz:   0% 2088 MHz:   0% 2352 MHz:   0% 2616 MHz:   0% 2868 MHz:   0% 3096 MHz:   0% 3300 MHz:   0% 3468 MHz:   0% 3624 MHz:   0% 3756 MHz:   0% 3828 MHz:   0% 3888 MHz:   0% 3948 MHz:   0% 3996 MHz:   0% 4044 MHz:   0% 4104 MHz:   0% 4416 MHz:   0% 4512 MHz:   0%)
CPU 6 idle residency:   5.50%
CPU 6 down residency:  94.50%
CPU 7 frequency: 0 MHz
CPU 7 active residency:   0.00% (1260 MHz:   0% 1512 MHz:   0% 1800 MHz:   0% 2088 MHz:   0% 2352 MHz:   0% 2616 MHz:   0% 2868 MHz:   0% 3096 MHz:   0% 3300 MHz:   0% 3468 MHz:   0% 3624 MHz:   0% 3756 MHz:   0% 3828 MHz:   0% 3888 MHz:   0% 3948 MHz:   0% 3996 MHz:   0% 4044 MHz:   0% 4104 MHz:   0% 4416 MHz:   0% 4512 MHz:   0%)
CPU 7 idle residency:   5.73%
CPU 7 down residency:  94.27%
CPU 8 frequency: 0 MHz
CPU 8 active residency:   0.00% (1260 MHz:   0% 1512 MHz:   0% 1800 MHz:   0% 2088 MHz:   0% 2352 MHz:   0% 2616 MHz:   0% 2868 MHz:   0% 3096 MHz:   0% 3300 MHz:   0% 3468 MHz:   0% 3624 MHz:   0% 3756 MHz:   0% 3828 MHz:   0% 3888 MHz:   0% 3948 MHz:   0% 3996 MHz:   0% 4044 MHz:   0% 4104 MHz:   0% 4416 MHz:   0% 4512 MHz:   0%)
CPU 8 idle residency:   2.26%
CPU 8 down residency:  97.74%
CPU 9 frequency: 0 MHz
CPU 9 active residency:   0.00% (1260 MHz:   0% 1512 MHz:   0% 1800 MHz:   0% 2088 MHz:   0% 2352 MHz:   0% 2616 MHz:   0% 2868 MHz:   0% 3096 MHz:   0% 3300 MHz:   0% 3468 MHz:   0% 3624 MHz:   0% 3756 MHz:   0% 3828 MHz:   0% 3888 MHz:   0% 3948 MHz:   0% 3996 MHz:   0% 4044 MHz:   0% 4104 MHz:   0% 4416 MHz:   0% 4512 MHz:   0%)
CPU 9 idle residency:   5.72%
CPU 9 down residency:  94.28%

P1-Cluster HW active frequency: 3936 MHz
P1-Cluster HW active residency:  92.94% (1260 MHz: .91% 1512 MHz: .08% 1800 MHz: .02% 2088 MHz: .03% 2352 MHz:   0% 2616 MHz: .06% 2868 MHz:   0% 3096 MHz:   0% 3300 MHz:   0% 3468 MHz:   0% 3624 MHz:   0% 3756 MHz:   0% 3828 MHz:   0% 3888 MHz: 6.9% 3948 MHz:  57% 3996 MHz:  11% 4044 MHz:  16% 4104 MHz:   0% 4416 MHz:   0% 4512 MHz:   0%)
P1-Cluster idle residency:   7.06%
P1-Cluster down residency:   0.00%
CPU 10 frequency: 4506 MHz
CPU 10 active residency:  56.47% (1260 MHz: .07% 1512 MHz: .00% 1800 MHz:   0% 2088 MHz:   0% 2352 MHz:   0% 2616 MHz: .06% 2868 MHz:   0% 3096 MHz:   0% 3300 MHz:   0% 3468 MHz:   0% 3624 MHz:   0% 3756 MHz:   0% 3828 MHz:   0% 3888 MHz:   0% 3948 MHz:   0% 3996 MHz:   0% 4044 MHz:   0% 4104 MHz:   0% 4416 MHz: .00% 4512 MHz:  56%)
CPU 10 idle residency:  43.53%
CPU 10 down residency:   0.00%
CPU 11 frequency: 4511 MHz
CPU 11 active residency:  43.56% (1260 MHz: .02% 1512 MHz: .00% 1800 MHz:   0% 2088 MHz: .00% 2352 MHz:   0% 2616 MHz: .00% 2868 MHz:   0% 3096 MHz:   0% 3300 MHz:   0% 3468 MHz:   0% 3624 MHz:   0% 3756 MHz:   0% 3828 MHz:   0% 3888 MHz:   0% 3948 MHz:   0% 3996 MHz:   0% 4044 MHz:   0% 4104 MHz:   0% 4416 MHz:   0% 4512 MHz:  44%)
CPU 11 idle residency:  56.44%
CPU 11 down residency:   0.00%
CPU 12 frequency: 4508 MHz
CPU 12 active residency:  31.75% (1260 MHz: .03% 1512 MHz: .00% 1800 MHz:   0% 2088 MHz:   0% 2352 MHz:   0% 2616 MHz: .00% 2868 MHz:   0% 3096 MHz:   0% 3300 MHz:   0% 3468 MHz:   0% 3624 MHz:   0% 3756 MHz:   0% 3828 MHz:   0% 3888 MHz:   0% 3948 MHz:   0% 3996 MHz:   0% 4044 MHz:   0% 4104 MHz:   0% 4416 MHz: .00% 4512 MHz:  32%)
CPU 12 idle residency:  68.25%
CPU 12 down residency:   0.00%
CPU 13 frequency: 4500 MHz
CPU 13 active residency:  32.48% (1260 MHz: .04% 1512 MHz: .03% 1800 MHz: .02% 2088 MHz: .03% 2352 MHz:   0% 2616 MHz: .04% 2868 MHz:   0% 3096 MHz:   0% 3300 MHz:   0% 3468 MHz:   0% 3624 MHz:   0% 3756 MHz:   0% 3828 MHz:   0% 3888 MHz:   0% 3948 MHz:   0% 3996 MHz:   0% 4044 MHz:   0% 4104 MHz:   0% 4416 MHz:   0% 4512 MHz:  32%)
CPU 13 idle residency:  67.52%
CPU 13 down residency:   0.00%
CPU 14 frequency: 4507 MHz
CPU 14 active residency:  40.12% (1260 MHz: .02% 1512 MHz: .04% 1800 MHz: .01% 2088 MHz:   0% 2352 MHz:   0% 2616 MHz:   0% 2868 MHz:   0% 3096 MHz:   0% 3300 MHz:   0% 3468 MHz:   0% 3624 MHz:   0% 3756 MHz:   0% 3828 MHz:   0% 3888 MHz:   0% 3948 MHz:   0% 3996 MHz:   0% 4044 MHz:   0% 4104 MHz:   0% 4416 MHz:   0% 4512 MHz:  40%)
CPU 14 idle residency:  59.88%
CPU 14 down residency:   0.00%
CPU 15 frequency: 4507 MHz
CPU 15 active residency:  59.56% (1260 MHz: .08% 1512 MHz: .01% 1800 MHz:   0% 2088 MHz:   0% 2352 MHz:   0% 2616 MHz: .03% 2868 MHz:   0% 3096 MHz:   0% 3300 MHz:   0% 3468 MHz:   0% 3624 MHz:   0% 3756 MHz:   0% 3828 MHz:   0% 3888 MHz:   0% 3948 MHz:   0% 3996 MHz:   0% 4044 MHz:   0% 4104 MHz:   0% 4416 MHz:   0% 4512 MHz:  59%)
CPU 15 idle residency:  40.44%
CPU 15 down residency:   0.00%

CPU Power: 5300 mW
GPU Power: 29762 mW
ANE Power: 0 mW
Combined Power (CPU + GPU + ANE): 35062 mW

**** GPU usage ****

GPU HW active frequency: 1578 MHz
GPU HW active residency: 100.00% (338 MHz:   0% 618 MHz:   0% 796 MHz:   0% 924 MHz:   0% 952 MHz:   0% 1056 MHz:   0% 1062 MHz:   0% 1182 MHz:   0% 1182 MHz:   0% 1312 MHz:   0% 1242 MHz:   0% 1380 MHz:   0% 1326 MHz:   0% 1470 MHz:   0% 1578 MHz: 100%)
GPU SW requested state: (P1 :   0% P2 :   0% P3 :   0% P4 :   0% P5 :   0% P6 :   0% P7 :   0% P8 :   0% P9 :   0% P10 : 100% P11 :   0% P12 :   0% P13 :   0% P14 :   0% P15 :   0%)
GPU SW state: (SW_P1 :   0% SW_P2 :   0% SW_P3 :   0% SW_P4 :   0% SW_P5 :   0% SW_P6 :   0% SW_P7 :   0% SW_P8 :   0% SW_P9 :   0% SW_P10 : 100% SW_P11 :   0% SW_P12 :   0% SW_P13 :   0% SW_P14 :   0% SW_P15 :   0%)
GPU idle residency:   0.00%
GPU Power: 30004 mW



*** Sampled system activity (Tue Jan 20 15:04:52 2026 +0100) (1021.29ms elapsed) ***


**** Processor usage ****

E-Cluster Online: 100%
E-Cluster HW active frequency: 2592 MHz
E-Cluster HW active residency:  60.20% (1020 MHz:   0% 1404 MHz:   0% 1788 MHz:   0% 2112 MHz:   0% 2352 MHz:   0% 2532 MHz: .00% 2592 MHz:  60%)
E-Cluster idle residency:  39.80%
E-Cluster down residency:   0.00%
CPU 0 frequency: 2592 MHz
CPU 0 active residency:  30.25% (1020 MHz:   0% 1404 MHz:   0% 1788 MHz:   0% 2112 MHz:   0% 2352 MHz:   0% 2532 MHz:   0% 2592 MHz:  30%)
CPU 0 idle residency:  69.75%
CPU 0 down residency:   0.00%
CPU 1 frequency: 2592 MHz
CPU 1 active residency:  15.42% (1020 MHz:   0% 1404 MHz:   0% 1788 MHz:   0% 2112 MHz:   0% 2352 MHz:   0% 2532 MHz:   0% 2592 MHz:  15%)
CPU 1 idle residency:  84.58%
CPU 1 down residency:   0.00%
CPU 2 frequency: 2592 MHz
CPU 2 active residency:   9.36% (1020 MHz:   0% 1404 MHz:   0% 1788 MHz:   0% 2112 MHz:   0% 2352 MHz:   0% 2532 MHz:   0% 2592 MHz: 9.4%)
CPU 2 idle residency:  90.64%
CPU 2 down residency:   0.00%
CPU 3 frequency: 2592 MHz
CPU 3 active residency:   5.43% (1020 MHz:   0% 1404 MHz:   0% 1788 MHz:   0% 2112 MHz:   0% 2352 MHz:   0% 2532 MHz:   0% 2592 MHz: 5.4%)
CPU 3 idle residency:  94.57%
CPU 3 down residency:   0.00%

P0-Cluster Online: 5%
P0-Cluster HW active frequency: 1260 MHz
P0-Cluster HW active residency:   0.98% (1260 MHz: .98% 1512 MHz:   0% 1800 MHz:   0% 2088 MHz:   0% 2352 MHz:   0% 2616 MHz:   0% 2868 MHz:   0% 3096 MHz:   0% 3300 MHz:   0% 3468 MHz:   0% 3624 MHz:   0% 3756 MHz:   0% 3828 MHz:   0% 3888 MHz:   0% 3948 MHz:   0% 3996 MHz:   0% 4044 MHz:   0% 4104 MHz:   0% 4416 MHz:   0% 4512 MHz:   0%)
P0-Cluster idle residency:   3.47%
P0-Cluster down residency:  95.55%
CPU 4 frequency: 4340 MHz
CPU 4 active residency:   7.41% (1260 MHz: .38% 1512 MHz: .00% 1800 MHz: .00% 2088 MHz:   0% 2352 MHz:   0% 2616 MHz:   0% 2868 MHz:   0% 3096 MHz:   0% 3300 MHz:   0% 3468 MHz:   0% 3624 MHz:   0% 3756 MHz:   0% 3828 MHz:   0% 3888 MHz:   0% 3948 MHz:   0% 3996 MHz:   0% 4044 MHz:   0% 4104 MHz: .03% 4416 MHz:   0% 4512 MHz: 7.0%)
CPU 4 idle residency:   3.93%
CPU 4 down residency:  88.66%
CPU 5 frequency: 1995 MHz
CPU 5 active residency:   0.52% (1260 MHz: .40% 1512 MHz:   0% 1800 MHz: .00% 2088 MHz:   0% 2352 MHz:   0% 2616 MHz:   0% 2868 MHz:   0% 3096 MHz:   0% 3300 MHz:   0% 3468 MHz:   0% 3624 MHz:   0% 3756 MHz:   0% 3828 MHz:   0% 3888 MHz:   0% 3948 MHz:   0% 3996 MHz:   0% 4044 MHz:   0% 4104 MHz: .03% 4416 MHz:   0% 4512 MHz: .09%)
CPU 5 idle residency:   4.23%
CPU 5 down residency:  95.25%
CPU 6 frequency: 3475 MHz
CPU 6 active residency:   1.62% (1260 MHz: .39% 1512 MHz: .00% 1800 MHz: .00% 2088 MHz:   0% 2352 MHz:   0% 2616 MHz: .20% 2868 MHz:   0% 3096 MHz:   0% 3300 MHz:   0% 3468 MHz:   0% 3624 MHz:   0% 3756 MHz:   0% 3828 MHz:   0% 3888 MHz:   0% 3948 MHz:   0% 3996 MHz:   0% 4044 MHz:   0% 4104 MHz: .03% 4416 MHz:   0% 4512 MHz: .99%)
CPU 6 idle residency:   4.18%
CPU 6 down residency:  94.19%
CPU 7 frequency: 2945 MHz
CPU 7 active residency:   0.83% (1260 MHz: .40% 1512 MHz:   0% 1800 MHz: .00% 2088 MHz:   0% 2352 MHz:   0% 2616 MHz:   0% 2868 MHz:   0% 3096 MHz:   0% 3300 MHz:   0% 3468 MHz:   0% 3624 MHz:   0% 3756 MHz:   0% 3828 MHz:   0% 3888 MHz:   0% 3948 MHz:   0% 3996 MHz:   0% 4044 MHz:   0% 4104 MHz: .03% 4416 MHz:   0% 4512 MHz: .41%)
CPU 7 idle residency:   4.22%
CPU 7 down residency:  94.95%
CPU 8 frequency: 3988 MHz
CPU 8 active residency:   9.72% (1260 MHz: .37% 1512 MHz:   0% 1800 MHz: .01% 2088 MHz:   0% 2352 MHz:   0% 2616 MHz: .35% 2868 MHz: .69% 3096 MHz: .35% 3300 MHz: .34% 3468 MHz: .35% 3624 MHz: .35% 3756 MHz:   0% 3828 MHz: .35% 3888 MHz:   0% 3948 MHz: .35% 3996 MHz:   0% 4044 MHz:   0% 4104 MHz: .03% 4416 MHz:   0% 4512 MHz: 6.2%)
CPU 8 idle residency:   3.84%
CPU 8 down residency:  86.44%
CPU 9 frequency: 4332 MHz
CPU 9 active residency:   6.96% (1260 MHz: .38% 1512 MHz:   0% 1800 MHz: .00% 2088 MHz:   0% 2352 MHz:   0% 2616 MHz:   0% 2868 MHz:   0% 3096 MHz:   0% 3300 MHz:   0% 3468 MHz:   0% 3624 MHz:   0% 3756 MHz:   0% 3828 MHz:   0% 3888 MHz:   0% 3948 MHz:   0% 3996 MHz:   0% 4044 MHz:   0% 4104 MHz: .03% 4416 MHz:   0% 4512 MHz: 6.6%)
CPU 9 idle residency:   3.96%
CPU 9 down residency:  89.08%

P1-Cluster HW active frequency: 3934 MHz
P1-Cluster HW active residency:  95.22% (1260 MHz: .77% 1512 MHz: .08% 1800 MHz: .03% 2088 MHz: .01% 2352 MHz: .02% 2616 MHz: .02% 2868 MHz: .00% 3096 MHz:   0% 3300 MHz:   0% 3468 MHz:   0% 3624 MHz:   0% 3756 MHz:   0% 3828 MHz:   0% 3888 MHz:  10% 3948 MHz:  61% 3996 MHz:  12% 4044 MHz:  11% 4104 MHz:   0% 4416 MHz:   0% 4512 MHz:   0%)
P1-Cluster idle residency:   4.78%
P1-Cluster down residency:   0.00%
CPU 10 frequency: 4507 MHz
CPU 10 active residency:  64.30% (1260 MHz: .11% 1512 MHz: .00% 1800 MHz: .01% 2088 MHz:   0% 2352 MHz:   0% 2616 MHz:   0% 2868 MHz:   0% 3096 MHz:   0% 3300 MHz:   0% 3468 MHz:   0% 3624 MHz:   0% 3756 MHz:   0% 3828 MHz:   0% 3888 MHz:   0% 3948 MHz:   0% 3996 MHz:   0% 4044 MHz:   0% 4104 MHz:   0% 4416 MHz:   0% 4512 MHz:  64%)
CPU 10 idle residency:  35.70%
CPU 10 down residency:   0.00%
CPU 11 frequency: 4503 MHz
CPU 11 active residency:  29.45% (1260 MHz: .02% 1512 MHz: .03% 1800 MHz: .01% 2088 MHz:   0% 2352 MHz: .02% 2616 MHz: .02% 2868 MHz: .00% 3096 MHz:   0% 3300 MHz:   0% 3468 MHz:   0% 3624 MHz:   0% 3756 MHz:   0% 3828 MHz:   0% 3888 MHz:   0% 3948 MHz:   0% 3996 MHz:   0% 4044 MHz:   0% 4104 MHz:   0% 4416 MHz:   0% 4512 MHz:  29%)
CPU 11 idle residency:  70.55%
CPU 11 down residency:   0.00%
CPU 12 frequency: 4506 MHz
CPU 12 active residency:  49.29% (1260 MHz: .05% 1512 MHz: .04% 1800 MHz:   0% 2088 MHz:   0% 2352 MHz:   0% 2616 MHz:   0% 2868 MHz: .00% 3096 MHz:   0% 3300 MHz:   0% 3468 MHz:   0% 3624 MHz:   0% 3756 MHz:   0% 3828 MHz:   0% 3888 MHz:   0% 3948 MHz:   0% 3996 MHz:   0% 4044 MHz:   0% 4104 MHz:   0% 4416 MHz:   0% 4512 MHz:  49%)
CPU 12 idle residency:  50.71%
CPU 12 down residency:   0.00%
CPU 13 frequency: 4507 MHz
CPU 13 active residency:  52.34% (1260 MHz: .06% 1512 MHz: .01% 1800 MHz: .02% 2088 MHz:   0% 2352 MHz:   0% 2616 MHz: .00% 2868 MHz: .00% 3096 MHz:   0% 3300 MHz:   0% 3468 MHz:   0% 3624 MHz:   0% 3756 MHz:   0% 3828 MHz:   0% 3888 MHz:   0% 3948 MHz:   0% 3996 MHz:   0% 4044 MHz:   0% 4104 MHz:   0% 4416 MHz:   0% 4512 MHz:  52%)
CPU 13 idle residency:  47.66%
CPU 13 down residency:   0.00%
CPU 14 frequency: 4510 MHz
CPU 14 active residency:  36.27% (1260 MHz: .02% 1512 MHz: .00% 1800 MHz:   0% 2088 MHz: .00% 2352 MHz: .01% 2616 MHz: .00% 2868 MHz:   0% 3096 MHz:   0% 3300 MHz:   0% 3468 MHz:   0% 3624 MHz:   0% 3756 MHz:   0% 3828 MHz:   0% 3888 MHz:   0% 3948 MHz:   0% 3996 MHz:   0% 4044 MHz:   0% 4104 MHz:   0% 4416 MHz:   0% 4512 MHz:  36%)
CPU 14 idle residency:  63.73%
CPU 14 down residency:   0.00%
CPU 15 frequency: 4509 MHz
CPU 15 active residency:  56.70% (1260 MHz: .04% 1512 MHz: .00% 1800 MHz: .02% 2088 MHz: .00% 2352 MHz: .00% 2616 MHz:   0% 2868 MHz:   0% 3096 MHz:   0% 3300 MHz:   0% 3468 MHz:   0% 3624 MHz:   0% 3756 MHz:   0% 3828 MHz:   0% 3888 MHz:   0% 3948 MHz:   0% 3996 MHz:   0% 4044 MHz:   0% 4104 MHz:   0% 4416 MHz:   0% 4512 MHz:  57%)
CPU 15 idle residency:  43.30%
CPU 15 down residency:   0.00%

CPU Power: 5558 mW
GPU Power: 30131 mW
ANE Power: 0 mW
Combined Power (CPU + GPU + ANE): 35689 mW

**** GPU usage ****

GPU HW active frequency: 1578 MHz
GPU HW active residency: 100.00% (338 MHz:   0% 618 MHz:   0% 796 MHz:   0% 924 MHz:   0% 952 MHz:   0% 1056 MHz:   0% 1062 MHz:   0% 1182 MHz:   0% 1182 MHz:   0% 1312 MHz:   0% 1242 MHz:   0% 1380 MHz:   0% 1326 MHz:   0% 1470 MHz:   0% 1578 MHz: 100%)
GPU SW requested state: (P1 :   0% P2 :   0% P3 :   0% P4 :   0% P5 :   0% P6 :   0% P7 :   0% P8 :   0% P9 :   0% P10 : 100% P11 :   0% P12 :   0% P13 :   0% P14 :   0% P15 :   0%)
GPU SW state: (SW_P1 :   0% SW_P2 :   0% SW_P3 :   0% SW_P4 :   0% SW_P5 :   0% SW_P6 :   0% SW_P7 :   0% SW_P8 :   0% SW_P9 :   0% SW_P10 : 100% SW_P11 :   0% SW_P12 :   0% SW_P13 :   0% SW_P14 :   0% SW_P15 :   0%)
GPU idle residency:   0.00%
GPU Power: 29890 mW



*** Sampled system activity (Tue Jan 20 15:04:53 2026 +0100) (1021.03ms elapsed) ***


**** Processor usage ****

E-Cluster Online: 100%
E-Cluster HW active frequency: 2558 MHz
E-Cluster HW active residency:  57.92% (1020 MHz: .85% 1404 MHz: .19% 1788 MHz: .26% 2112 MHz: .27% 2352 MHz: .30% 2532 MHz: .00% 2592 MHz:  56%)
E-Cluster idle residency:  42.08%
E-Cluster down residency:   0.00%
CPU 0 frequency: 2559 MHz
CPU 0 active residency:  25.38% (1020 MHz: .35% 1404 MHz: .08% 1788 MHz: .16% 2112 MHz: .09% 2352 MHz: .07% 2532 MHz:   0% 2592 MHz:  25%)
CPU 0 idle residency:  74.62%
CPU 0 down residency:   0.00%
CPU 1 frequency: 2566 MHz
CPU 1 active residency:  12.29% (1020 MHz: .12% 1404 MHz: .01% 1788 MHz: .09% 2112 MHz: .11% 2352 MHz: .03% 2532 MHz:   0% 2592 MHz:  12%)
CPU 1 idle residency:  87.71%
CPU 1 down residency:   0.00%
CPU 2 frequency: 2563 MHz
CPU 2 active residency:   8.30% (1020 MHz: .11% 1404 MHz: .02% 1788 MHz: .04% 2112 MHz: .02% 2352 MHz: .00% 2532 MHz:   0% 2592 MHz: 8.1%)
CPU 2 idle residency:  91.70%
CPU 2 down residency:   0.00%
CPU 3 frequency: 2577 MHz
CPU 3 active residency:   5.31% (1020 MHz: .03% 1404 MHz: .01% 1788 MHz: .02% 2112 MHz: .01% 2352 MHz: .00% 2532 MHz:   0% 2592 MHz: 5.2%)
CPU 3 idle residency:  94.69%
CPU 3 down residency:   0.00%

P0-Cluster Online: 20%
P0-Cluster HW active frequency: 2906 MHz
P0-Cluster HW active residency:   7.64% (1260 MHz: 2.5% 1512 MHz: .26% 1800 MHz: .06% 2088 MHz:   0% 2352 MHz: .06% 2616 MHz: .16% 2868 MHz:   0% 3096 MHz: .13% 3300 MHz: .14% 3468 MHz:   0% 3624 MHz: .17% 3756 MHz: .18% 3828 MHz: .18% 3888 MHz: .15% 3948 MHz: 1.0% 3996 MHz: 1.3% 4044 MHz: 1.3% 4104 MHz:   0% 4416 MHz: .01% 4512 MHz: .01%)
P0-Cluster idle residency:  11.62%
P0-Cluster down residency:  80.75%
CPU 4 frequency: 0 MHz
CPU 4 active residency:   0.00% (1260 MHz:   0% 1512 MHz:   0% 1800 MHz:   0% 2088 MHz:   0% 2352 MHz:   0% 2616 MHz:   0% 2868 MHz:   0% 3096 MHz:   0% 3300 MHz:   0% 3468 MHz:   0% 3624 MHz:   0% 3756 MHz:   0% 3828 MHz:   0% 3888 MHz:   0% 3948 MHz:   0% 3996 MHz:   0% 4044 MHz:   0% 4104 MHz:   0% 4416 MHz:   0% 4512 MHz:   0%)
CPU 4 idle residency:  16.76%
CPU 4 down residency:  83.24%
CPU 5 frequency: 0 MHz
CPU 5 active residency:   0.00% (1260 MHz:   0% 1512 MHz:   0% 1800 MHz:   0% 2088 MHz:   0% 2352 MHz:   0% 2616 MHz:   0% 2868 MHz:   0% 3096 MHz:   0% 3300 MHz:   0% 3468 MHz:   0% 3624 MHz:   0% 3756 MHz:   0% 3828 MHz:   0% 3888 MHz:   0% 3948 MHz:   0% 3996 MHz:   0% 4044 MHz:   0% 4104 MHz:   0% 4416 MHz:   0% 4512 MHz:   0%)
CPU 5 idle residency:  18.33%
CPU 5 down residency:  81.67%
CPU 6 frequency: 0 MHz
CPU 6 active residency:   0.00% (1260 MHz:   0% 1512 MHz:   0% 1800 MHz:   0% 2088 MHz:   0% 2352 MHz:   0% 2616 MHz:   0% 2868 MHz:   0% 3096 MHz:   0% 3300 MHz:   0% 3468 MHz:   0% 3624 MHz:   0% 3756 MHz:   0% 3828 MHz:   0% 3888 MHz:   0% 3948 MHz:   0% 3996 MHz:   0% 4044 MHz:   0% 4104 MHz:   0% 4416 MHz:   0% 4512 MHz:   0%)
CPU 6 idle residency:  17.77%
CPU 6 down residency:  82.23%
CPU 7 frequency: 0 MHz
CPU 7 active residency:   0.00% (1260 MHz:   0% 1512 MHz:   0% 1800 MHz:   0% 2088 MHz:   0% 2352 MHz:   0% 2616 MHz:   0% 2868 MHz:   0% 3096 MHz:   0% 3300 MHz:   0% 3468 MHz:   0% 3624 MHz:   0% 3756 MHz:   0% 3828 MHz:   0% 3888 MHz:   0% 3948 MHz:   0% 3996 MHz:   0% 4044 MHz:   0% 4104 MHz:   0% 4416 MHz:   0% 4512 MHz:   0%)
CPU 7 idle residency:  19.08%
CPU 7 down residency:  80.92%
CPU 8 frequency: 0 MHz
CPU 8 active residency:   0.00% (1260 MHz:   0% 1512 MHz:   0% 1800 MHz:   0% 2088 MHz:   0% 2352 MHz:   0% 2616 MHz:   0% 2868 MHz:   0% 3096 MHz:   0% 3300 MHz:   0% 3468 MHz:   0% 3624 MHz:   0% 3756 MHz:   0% 3828 MHz:   0% 3888 MHz:   0% 3948 MHz:   0% 3996 MHz:   0% 4044 MHz:   0% 4104 MHz:   0% 4416 MHz:   0% 4512 MHz:   0%)
CPU 8 idle residency:  17.67%
CPU 8 down residency:  82.33%
CPU 9 frequency: 0 MHz
CPU 9 active residency:   0.00% (1260 MHz:   0% 1512 MHz:   0% 1800 MHz:   0% 2088 MHz:   0% 2352 MHz:   0% 2616 MHz:   0% 2868 MHz:   0% 3096 MHz:   0% 3300 MHz:   0% 3468 MHz:   0% 3624 MHz:   0% 3756 MHz:   0% 3828 MHz:   0% 3888 MHz:   0% 3948 MHz:   0% 3996 MHz:   0% 4044 MHz:   0% 4104 MHz:   0% 4416 MHz:   0% 4512 MHz:   0%)
CPU 9 idle residency:  19.12%
CPU 9 down residency:  80.88%

P1-Cluster HW active frequency: 3935 MHz
P1-Cluster HW active residency:  93.55% (1260 MHz: .90% 1512 MHz: .08% 1800 MHz: .02% 2088 MHz:   0% 2352 MHz:   0% 2616 MHz: .00% 2868 MHz: .04% 3096 MHz: .00% 3300 MHz:   0% 3468 MHz:   0% 3624 MHz:   0% 3756 MHz:   0% 3828 MHz:   0% 3888 MHz: 9.9% 3948 MHz:  55% 3996 MHz:  12% 4044 MHz:  15% 4104 MHz:   0% 4416 MHz:   0% 4512 MHz:   0%)
P1-Cluster idle residency:   6.45%
P1-Cluster down residency:   0.00%
CPU 10 frequency: 4508 MHz
CPU 10 active residency:  50.83% (1260 MHz: .03% 1512 MHz: .03% 1800 MHz: .01% 2088 MHz:   0% 2352 MHz:   0% 2616 MHz:   0% 2868 MHz:   0% 3096 MHz: .00% 3300 MHz:   0% 3468 MHz:   0% 3624 MHz:   0% 3756 MHz:   0% 3828 MHz:   0% 3888 MHz:   0% 3948 MHz:   0% 3996 MHz:   0% 4044 MHz:   0% 4104 MHz:   0% 4416 MHz: .13% 4512 MHz:  51%)
CPU 10 idle residency:  49.17%
CPU 10 down residency:   0.00%
CPU 11 frequency: 4507 MHz
CPU 11 active residency:  59.35% (1260 MHz: .07% 1512 MHz: .02% 1800 MHz: .01% 2088 MHz:   0% 2352 MHz:   0% 2616 MHz:   0% 2868 MHz: .00% 3096 MHz:   0% 3300 MHz:   0% 3468 MHz:   0% 3624 MHz:   0% 3756 MHz:   0% 3828 MHz:   0% 3888 MHz:   0% 3948 MHz:   0% 3996 MHz:   0% 4044 MHz:   0% 4104 MHz:   0% 4416 MHz: .13% 4512 MHz:  59%)
CPU 11 idle residency:  40.65%
CPU 11 down residency:   0.00%
CPU 12 frequency: 4508 MHz
CPU 12 active residency:  46.96% (1260 MHz: .06% 1512 MHz:   0% 1800 MHz:   0% 2088 MHz:   0% 2352 MHz:   0% 2616 MHz:   0% 2868 MHz:   0% 3096 MHz:   0% 3300 MHz:   0% 3468 MHz:   0% 3624 MHz:   0% 3756 MHz:   0% 3828 MHz:   0% 3888 MHz:   0% 3948 MHz:   0% 3996 MHz:   0% 4044 MHz:   0% 4104 MHz:   0% 4416 MHz: .13% 4512 MHz:  47%)
CPU 12 idle residency:  53.04%
CPU 12 down residency:   0.00%
CPU 13 frequency: 4507 MHz
CPU 13 active residency:  45.27% (1260 MHz: .04% 1512 MHz: .03% 1800 MHz:   0% 2088 MHz:   0% 2352 MHz:   0% 2616 MHz:   0% 2868 MHz:   0% 3096 MHz:   0% 3300 MHz:   0% 3468 MHz:   0% 3624 MHz:   0% 3756 MHz:   0% 3828 MHz:   0% 3888 MHz:   0% 3948 MHz:   0% 3996 MHz:   0% 4044 MHz:   0% 4104 MHz:   0% 4416 MHz: .13% 4512 MHz:  45%)
CPU 13 idle residency:  54.73%
CPU 13 down residency:   0.00%
CPU 14 frequency: 4500 MHz
CPU 14 active residency:  23.93% (1260 MHz: .02% 1512 MHz: .04% 1800 MHz: .01% 2088 MHz:   0% 2352 MHz:   0% 2616 MHz: .00% 2868 MHz: .04% 3096 MHz: .00% 3300 MHz:   0% 3468 MHz:   0% 3624 MHz:   0% 3756 MHz:   0% 3828 MHz:   0% 3888 MHz:   0% 3948 MHz:   0% 3996 MHz:   0% 4044 MHz:   0% 4104 MHz:   0% 4416 MHz: .13% 4512 MHz:  24%)
CPU 14 idle residency:  76.07%
CPU 14 down residency:   0.00%
CPU 15 frequency: 4507 MHz
CPU 15 active residency:  45.65% (1260 MHz: .03% 1512 MHz: .03% 1800 MHz: .00% 2088 MHz:   0% 2352 MHz:   0% 2616 MHz: .00% 2868 MHz:   0% 3096 MHz:   0% 3300 MHz:   0% 3468 MHz:   0% 3624 MHz:   0% 3756 MHz:   0% 3828 MHz:   0% 3888 MHz:   0% 3948 MHz:   0% 3996 MHz:   0% 4044 MHz:   0% 4104 MHz:   0% 4416 MHz: .13% 4512 MHz:  45%)
CPU 15 idle residency:  54.35%
CPU 15 down residency:   0.00%

CPU Power: 5757 mW
GPU Power: 29937 mW
ANE Power: 0 mW
Combined Power (CPU + GPU + ANE): 35694 mW

**** GPU usage ****

GPU HW active frequency: 1578 MHz
GPU HW active residency: 100.00% (338 MHz:   0% 618 MHz:   0% 796 MHz:   0% 924 MHz:   0% 952 MHz:   0% 1056 MHz:   0% 1062 MHz:   0% 1182 MHz:   0% 1182 MHz:   0% 1312 MHz:   0% 1242 MHz:   0% 1380 MHz:   0% 1326 MHz:   0% 1470 MHz:   0% 1578 MHz: 100%)
GPU SW requested state: (P1 :   0% P2 :   0% P3 :   0% P4 :   0% P5 :   0% P6 :   0% P7 :   0% P8 :   0% P9 :   0% P10 : 100% P11 :   0% P12 :   0% P13 :   0% P14 :   0% P15 :   0%)
GPU SW state: (SW_P1 :   0% SW_P2 :   0% SW_P3 :   0% SW_P4 :   0% SW_P5 :   0% SW_P6 :   0% SW_P7 :   0% SW_P8 :   0% SW_P9 :   0% SW_P10 : 100% SW_P11 :   0% SW_P12 :   0% SW_P13 :   0% SW_P14 :   0% SW_P15 :   0%)
GPU idle residency:   0.00%
GPU Power: 30184 mW



*** Sampled system activity (Tue Jan 20 15:04:54 2026 +0100) (1021.21ms elapsed) ***


**** Processor usage ****

E-Cluster Online: 100%
E-Cluster HW active frequency: 2592 MHz
E-Cluster HW active residency:  61.02% (1020 MHz:   0% 1404 MHz:   0% 1788 MHz:   0% 2112 MHz:   0% 2352 MHz:   0% 2532 MHz: .00% 2592 MHz:  61%)
E-Cluster idle residency:  38.98%
E-Cluster down residency:   0.00%
CPU 0 frequency: 2592 MHz
CPU 0 active residency:  29.82% (1020 MHz:   0% 1404 MHz:   0% 1788 MHz:   0% 2112 MHz:   0% 2352 MHz:   0% 2532 MHz:   0% 2592 MHz:  30%)
CPU 0 idle residency:  70.18%
CPU 0 down residency:   0.00%
CPU 1 frequency: 2592 MHz
CPU 1 active residency:  15.24% (1020 MHz:   0% 1404 MHz:   0% 1788 MHz:   0% 2112 MHz:   0% 2352 MHz:   0% 2532 MHz:   0% 2592 MHz:  15%)
CPU 1 idle residency:  84.76%
CPU 1 down residency:   0.00%
CPU 2 frequency: 2592 MHz
CPU 2 active residency:  10.17% (1020 MHz:   0% 1404 MHz:   0% 1788 MHz:   0% 2112 MHz:   0% 2352 MHz:   0% 2532 MHz:   0% 2592 MHz:  10%)
CPU 2 idle residency:  89.83%
CPU 2 down residency:   0.00%
CPU 3 frequency: 2592 MHz
CPU 3 active residency:   4.67% (1020 MHz:   0% 1404 MHz:   0% 1788 MHz:   0% 2112 MHz:   0% 2352 MHz:   0% 2532 MHz:   0% 2592 MHz: 4.7%)
CPU 3 idle residency:  95.33%
CPU 3 down residency:   0.00%

P0-Cluster Online: 4%
P0-Cluster HW active frequency: 1260 MHz
P0-Cluster HW active residency:   0.58% (1260 MHz: .58% 1512 MHz:   0% 1800 MHz:   0% 2088 MHz:   0% 2352 MHz:   0% 2616 MHz:   0% 2868 MHz:   0% 3096 MHz:   0% 3300 MHz:   0% 3468 MHz:   0% 3624 MHz:   0% 3756 MHz:   0% 3828 MHz:   0% 3888 MHz:   0% 3948 MHz:   0% 3996 MHz:   0% 4044 MHz:   0% 4104 MHz:   0% 4416 MHz:   0% 4512 MHz:   0%)
P0-Cluster idle residency:   1.97%
P0-Cluster down residency:  97.46%
CPU 4 frequency: 0 MHz
CPU 4 active residency:   0.00% (1260 MHz:   0% 1512 MHz:   0% 1800 MHz:   0% 2088 MHz:   0% 2352 MHz:   0% 2616 MHz:   0% 2868 MHz:   0% 3096 MHz:   0% 3300 MHz:   0% 3468 MHz:   0% 3624 MHz:   0% 3756 MHz:   0% 3828 MHz:   0% 3888 MHz:   0% 3948 MHz:   0% 3996 MHz:   0% 4044 MHz:   0% 4104 MHz:   0% 4416 MHz:   0% 4512 MHz:   0%)
CPU 4 idle residency:   2.43%
CPU 4 down residency:  97.57%
CPU 5 frequency: 0 MHz
CPU 5 active residency:   0.00% (1260 MHz:   0% 1512 MHz:   0% 1800 MHz:   0% 2088 MHz:   0% 2352 MHz:   0% 2616 MHz:   0% 2868 MHz:   0% 3096 MHz:   0% 3300 MHz:   0% 3468 MHz:   0% 3624 MHz:   0% 3756 MHz:   0% 3828 MHz:   0% 3888 MHz:   0% 3948 MHz:   0% 3996 MHz:   0% 4044 MHz:   0% 4104 MHz:   0% 4416 MHz:   0% 4512 MHz:   0%)
CPU 5 idle residency:   2.43%
CPU 5 down residency:  97.57%
CPU 6 frequency: 0 MHz
CPU 6 active residency:   0.00% (1260 MHz:   0% 1512 MHz:   0% 1800 MHz:   0% 2088 MHz:   0% 2352 MHz:   0% 2616 MHz:   0% 2868 MHz:   0% 3096 MHz:   0% 3300 MHz:   0% 3468 MHz:   0% 3624 MHz:   0% 3756 MHz:   0% 3828 MHz:   0% 3888 MHz:   0% 3948 MHz:   0% 3996 MHz:   0% 4044 MHz:   0% 4104 MHz:   0% 4416 MHz:   0% 4512 MHz:   0%)
CPU 6 idle residency:   2.43%
CPU 6 down residency:  97.57%
CPU 7 frequency: 0 MHz
CPU 7 active residency:   0.00% (1260 MHz:   0% 1512 MHz:   0% 1800 MHz:   0% 2088 MHz:   0% 2352 MHz:   0% 2616 MHz:   0% 2868 MHz:   0% 3096 MHz:   0% 3300 MHz:   0% 3468 MHz:   0% 3624 MHz:   0% 3756 MHz:   0% 3828 MHz:   0% 3888 MHz:   0% 3948 MHz:   0% 3996 MHz:   0% 4044 MHz:   0% 4104 MHz:   0% 4416 MHz:   0% 4512 MHz:   0%)
CPU 7 idle residency:   2.43%
CPU 7 down residency:  97.57%
CPU 8 frequency: 0 MHz
CPU 8 active residency:   0.00% (1260 MHz:   0% 1512 MHz:   0% 1800 MHz:   0% 2088 MHz:   0% 2352 MHz:   0% 2616 MHz:   0% 2868 MHz:   0% 3096 MHz:   0% 3300 MHz:   0% 3468 MHz:   0% 3624 MHz:   0% 3756 MHz:   0% 3828 MHz:   0% 3888 MHz:   0% 3948 MHz:   0% 3996 MHz:   0% 4044 MHz:   0% 4104 MHz:   0% 4416 MHz:   0% 4512 MHz:   0%)
CPU 8 idle residency:   2.43%
CPU 8 down residency:  97.57%
CPU 9 frequency: 0 MHz
CPU 9 active residency:   0.00% (1260 MHz:   0% 1512 MHz:   0% 1800 MHz:   0% 2088 MHz:   0% 2352 MHz:   0% 2616 MHz:   0% 2868 MHz:   0% 3096 MHz:   0% 3300 MHz:   0% 3468 MHz:   0% 3624 MHz:   0% 3756 MHz:   0% 3828 MHz:   0% 3888 MHz:   0% 3948 MHz:   0% 3996 MHz:   0% 4044 MHz:   0% 4104 MHz:   0% 4416 MHz:   0% 4512 MHz:   0%)
CPU 9 idle residency:   2.43%
CPU 9 down residency:  97.57%

P1-Cluster HW active frequency: 3933 MHz
P1-Cluster HW active residency:  94.70% (1260 MHz: .94% 1512 MHz: .05% 1800 MHz: .00% 2088 MHz: .01% 2352 MHz:   0% 2616 MHz: .03% 2868 MHz: .03% 3096 MHz: .03% 3300 MHz:   0% 3468 MHz:   0% 3624 MHz: .03% 3756 MHz:   0% 3828 MHz: .00% 3888 MHz: 9.4% 3948 MHz:  58% 3996 MHz:  13% 4044 MHz:  14% 4104 MHz:   0% 4416 MHz:   0% 4512 MHz:   0%)
P1-Cluster idle residency:   5.30%
P1-Cluster down residency:   0.00%
CPU 10 frequency: 4505 MHz
CPU 10 active residency:  60.41% (1260 MHz: .11% 1512 MHz:   0% 1800 MHz:   0% 2088 MHz: .00% 2352 MHz:   0% 2616 MHz: .02% 2868 MHz:   0% 3096 MHz: .00% 3300 MHz:   0% 3468 MHz:   0% 3624 MHz:   0% 3756 MHz:   0% 3828 MHz:   0% 3888 MHz:   0% 3948 MHz: .00% 3996 MHz:   0% 4044 MHz:   0% 4104 MHz:   0% 4416 MHz: .00% 4512 MHz:  60%)
CPU 10 idle residency:  39.59%
CPU 10 down residency:   0.00%
CPU 11 frequency: 4506 MHz
CPU 11 active residency:  56.33% (1260 MHz: .07% 1512 MHz: .04% 1800 MHz:   0% 2088 MHz:   0% 2352 MHz:   0% 2616 MHz: .02% 2868 MHz:   0% 3096 MHz:   0% 3300 MHz:   0% 3468 MHz:   0% 3624 MHz:   0% 3756 MHz:   0% 3828 MHz:   0% 3888 MHz:   0% 3948 MHz:   0% 3996 MHz:   0% 4044 MHz:   0% 4104 MHz:   0% 4416 MHz:   0% 4512 MHz:  56%)
CPU 11 idle residency:  43.67%
CPU 11 down residency:   0.00%
CPU 12 frequency: 4508 MHz
CPU 12 active residency:  35.58% (1260 MHz: .03% 1512 MHz: .00% 1800 MHz: .00% 2088 MHz: .00% 2352 MHz:   0% 2616 MHz: .02% 2868 MHz: .00% 3096 MHz:   0% 3300 MHz:   0% 3468 MHz:   0% 3624 MHz:   0% 3756 MHz:   0% 3828 MHz:   0% 3888 MHz:   0% 3948 MHz:   0% 3996 MHz:   0% 4044 MHz:   0% 4104 MHz:   0% 4416 MHz:   0% 4512 MHz:  36%)
CPU 12 idle residency:  64.42%
CPU 12 down residency:   0.00%
CPU 13 frequency: 4511 MHz
CPU 13 active residency:  45.70% (1260 MHz: .02% 1512 MHz:   0% 1800 MHz:   0% 2088 MHz:   0% 2352 MHz:   0% 2616 MHz:   0% 2868 MHz:   0% 3096 MHz:   0% 3300 MHz:   0% 3468 MHz:   0% 3624 MHz: .00% 3756 MHz:   0% 3828 MHz:   0% 3888 MHz:   0% 3948 MHz:   0% 3996 MHz:   0% 4044 MHz:   0% 4104 MHz:   0% 4416 MHz:   0% 4512 MHz:  46%)
CPU 13 idle residency:  54.30%
CPU 13 down residency:   0.00%
CPU 14 frequency: 4502 MHz
CPU 14 active residency:  28.67% (1260 MHz: .04% 1512 MHz:   0% 1800 MHz: .00% 2088 MHz: .01% 2352 MHz:   0% 2616 MHz: .00% 2868 MHz: .03% 3096 MHz: .03% 3300 MHz:   0% 3468 MHz:   0% 3624 MHz: .03% 3756 MHz:   0% 3828 MHz:   0% 3888 MHz:   0% 3948 MHz: .00% 3996 MHz:   0% 4044 MHz:   0% 4104 MHz:   0% 4416 MHz: .02% 4512 MHz:  28%)
CPU 14 idle residency:  71.33%
CPU 14 down residency:   0.00%
CPU 15 frequency: 4509 MHz
CPU 15 active residency:  52.94% (1260 MHz: .02% 1512 MHz:   0% 1800 MHz:   0% 2088 MHz: .01% 2352 MHz:   0% 2616 MHz: .03% 2868 MHz:   0% 3096 MHz:   0% 3300 MHz:   0% 3468 MHz:   0% 3624 MHz:   0% 3756 MHz:   0% 3828 MHz:   0% 3888 MHz:   0% 3948 MHz:   0% 3996 MHz:   0% 4044 MHz:   0% 4104 MHz:   0% 4416 MHz:   0% 4512 MHz:  53%)
CPU 15 idle residency:  47.06%
CPU 15 down residency:   0.00%

CPU Power: 5654 mW
GPU Power: 30266 mW
ANE Power: 0 mW
Combined Power (CPU + GPU + ANE): 35920 mW

**** GPU usage ****

GPU HW active frequency: 1578 MHz
GPU HW active residency: 100.00% (338 MHz:   0% 618 MHz:   0% 796 MHz:   0% 924 MHz:   0% 952 MHz:   0% 1056 MHz:   0% 1062 MHz:   0% 1182 MHz:   0% 1182 MHz:   0% 1312 MHz:   0% 1242 MHz:   0% 1380 MHz:   0% 1326 MHz:   0% 1470 MHz:   0% 1578 MHz: 100%)
GPU SW requested state: (P1 :   0% P2 :   0% P3 :   0% P4 :   0% P5 :   0% P6 :   0% P7 :   0% P8 :   0% P9 :   0% P10 : 100% P11 :   0% P12 :   0% P13 :   0% P14 :   0% P15 :   0%)
GPU SW state: (SW_P1 :   0% SW_P2 :   0% SW_P3 :   0% SW_P4 :   0% SW_P5 :   0% SW_P6 :   0% SW_P7 :   0% SW_P8 :   0% SW_P9 :   0% SW_P10 : 100% SW_P11 :   0% SW_P12 :   0% SW_P13 :   0% SW_P14 :   0% SW_P15 :   0%)
GPU idle residency:   0.00%
GPU Power: 30020 mW



*** Sampled system activity (Tue Jan 20 15:04:55 2026 +0100) (1020.99ms elapsed) ***


**** Processor usage ****

E-Cluster Online: 100%
E-Cluster HW active frequency: 2592 MHz
E-Cluster HW active residency:  57.07% (1020 MHz:   0% 1404 MHz:   0% 1788 MHz:   0% 2112 MHz:   0% 2352 MHz:   0% 2532 MHz:   0% 2592 MHz:  57%)
E-Cluster idle residency:  42.93%
E-Cluster down residency:   0.00%
CPU 0 frequency: 2592 MHz
CPU 0 active residency:  23.89% (1020 MHz:   0% 1404 MHz:   0% 1788 MHz:   0% 2112 MHz:   0% 2352 MHz:   0% 2532 MHz:   0% 2592 MHz:  24%)
CPU 0 idle residency:  76.11%
CPU 0 down residency:   0.00%
CPU 1 frequency: 2592 MHz
CPU 1 active residency:  12.31% (1020 MHz:   0% 1404 MHz:   0% 1788 MHz:   0% 2112 MHz:   0% 2352 MHz:   0% 2532 MHz:   0% 2592 MHz:  12%)
CPU 1 idle residency:  87.69%
CPU 1 down residency:   0.00%
CPU 2 frequency: 2592 MHz
CPU 2 active residency:   7.03% (1020 MHz:   0% 1404 MHz:   0% 1788 MHz:   0% 2112 MHz:   0% 2352 MHz:   0% 2532 MHz:   0% 2592 MHz: 7.0%)
CPU 2 idle residency:  92.97%
CPU 2 down residency:   0.00%
CPU 3 frequency: 2592 MHz
CPU 3 active residency:   5.65% (1020 MHz:   0% 1404 MHz:   0% 1788 MHz:   0% 2112 MHz:   0% 2352 MHz:   0% 2532 MHz:   0% 2592 MHz: 5.6%)
CPU 3 idle residency:  94.35%
CPU 3 down residency:   0.00%

P0-Cluster Online: 100%
P0-Cluster HW active frequency: 3940 MHz
P0-Cluster HW active residency:  93.77% (1260 MHz: .93% 1512 MHz: .03% 1800 MHz: .01% 2088 MHz: .03% 2352 MHz: .00% 2616 MHz: .03% 2868 MHz:   0% 3096 MHz: .00% 3300 MHz:   0% 3468 MHz: .00% 3624 MHz:   0% 3756 MHz:   0% 3828 MHz: .01% 3888 MHz: 5.4% 3948 MHz:  57% 3996 MHz:  13% 4044 MHz:  17% 4104 MHz:   0% 4416 MHz:   0% 4512 MHz:   0%)
P0-Cluster idle residency:   5.79%
P0-Cluster down residency:   0.43%
CPU 4 frequency: 4489 MHz
CPU 4 active residency:  57.45% (1260 MHz: .27% 1512 MHz: .11% 1800 MHz: .01% 2088 MHz:   0% 2352 MHz:   0% 2616 MHz: .02% 2868 MHz:   0% 3096 MHz: .00% 3300 MHz:   0% 3468 MHz:   0% 3624 MHz:   0% 3756 MHz:   0% 3828 MHz:   0% 3888 MHz:   0% 3948 MHz:   0% 3996 MHz:   0% 4044 MHz:   0% 4104 MHz:   0% 4416 MHz: .47% 4512 MHz:  57%)
CPU 4 idle residency:  42.18%
CPU 4 down residency:   0.37%
CPU 5 frequency: 4477 MHz
CPU 5 active residency:  29.17% (1260 MHz: .25% 1512 MHz: .03% 1800 MHz: .00% 2088 MHz: .03% 2352 MHz: .00% 2616 MHz: .02% 2868 MHz:   0% 3096 MHz: .00% 3300 MHz:   0% 3468 MHz: .00% 3624 MHz:   0% 3756 MHz:   0% 3828 MHz: .01% 3888 MHz:   0% 3948 MHz:   0% 3996 MHz:   0% 4044 MHz:   0% 4104 MHz: .00% 4416 MHz: .04% 4512 MHz:  29%)
CPU 5 idle residency:  70.45%
CPU 5 down residency:   0.38%
CPU 6 frequency: 4493 MHz
CPU 6 active residency:  48.19% (1260 MHz: .24% 1512 MHz: .01% 1800 MHz: .02% 2088 MHz:   0% 2352 MHz: .00% 2616 MHz: .01% 2868 MHz:   0% 3096 MHz:   0% 3300 MHz: .02% 3468 MHz: .00% 3624 MHz:   0% 3756 MHz:   0% 3828 MHz:   0% 3888 MHz:   0% 3948 MHz:   0% 3996 MHz:   0% 4044 MHz:   0% 4104 MHz:   0% 4416 MHz: .29% 4512 MHz:  48%)
CPU 6 idle residency:  51.43%
CPU 6 down residency:   0.38%
CPU 7 frequency: 4486 MHz
CPU 7 active residency:  26.47% (1260 MHz: .21% 1512 MHz:   0% 1800 MHz: .00% 2088 MHz:   0% 2352 MHz:   0% 2616 MHz:   0% 2868 MHz:   0% 3096 MHz:   0% 3300 MHz:   0% 3468 MHz:   0% 3624 MHz:   0% 3756 MHz:   0% 3828 MHz: .00% 3888 MHz:   0% 3948 MHz:   0% 3996 MHz:   0% 4044 MHz:   0% 4104 MHz: .00% 4416 MHz: .07% 4512 MHz:  26%)
CPU 7 idle residency:  73.15%
CPU 7 down residency:   0.38%
CPU 8 frequency: 4496 MHz
CPU 8 active residency:  55.05% (1260 MHz: .26% 1512 MHz: .00% 1800 MHz: .01% 2088 MHz: .00% 2352 MHz:   0% 2616 MHz:   0% 2868 MHz:   0% 3096 MHz:   0% 3300 MHz:   0% 3468 MHz:   0% 3624 MHz:   0% 3756 MHz:   0% 3828 MHz:   0% 3888 MHz:   0% 3948 MHz:   0% 3996 MHz:   0% 4044 MHz:   0% 4104 MHz:   0% 4416 MHz: .29% 4512 MHz:  54%)
CPU 8 idle residency:  44.57%
CPU 8 down residency:   0.38%
CPU 9 frequency: 4495 MHz
CPU 9 active residency:  47.09% (1260 MHz: .25% 1512 MHz: .01% 1800 MHz: .00% 2088 MHz:   0% 2352 MHz:   0% 2616 MHz:   0% 2868 MHz:   0% 3096 MHz:   0% 3300 MHz:   0% 3468 MHz:   0% 3624 MHz:   0% 3756 MHz:   0% 3828 MHz:   0% 3888 MHz:   0% 3948 MHz:   0% 3996 MHz:   0% 4044 MHz:   0% 4104 MHz:   0% 4416 MHz: .02% 4512 MHz:  47%)
CPU 9 idle residency:  52.52%
CPU 9 down residency:   0.38%

P1-Cluster HW active frequency: 2848 MHz
P1-Cluster HW active residency:   1.55% (1260 MHz: .47% 1512 MHz: .15% 1800 MHz: .05% 2088 MHz:   0% 2352 MHz:   0% 2616 MHz:   0% 2868 MHz:   0% 3096 MHz:   0% 3300 MHz:   0% 3468 MHz:   0% 3624 MHz:   0% 3756 MHz:   0% 3828 MHz:   0% 3888 MHz: .08% 3948 MHz: .35% 3996 MHz: .10% 4044 MHz: .36% 4104 MHz:   0% 4416 MHz:   0% 4512 MHz:   0%)
P1-Cluster idle residency:   2.71%
P1-Cluster down residency:  95.74%
CPU 10 frequency: 3877 MHz
CPU 10 active residency:   0.40% (1260 MHz: .08% 1512 MHz: .00% 1800 MHz:   0% 2088 MHz:   0% 2352 MHz:   0% 2616 MHz:   0% 2868 MHz:   0% 3096 MHz:   0% 3300 MHz:   0% 3468 MHz:   0% 3624 MHz:   0% 3756 MHz:   0% 3828 MHz:   0% 3888 MHz:   0% 3948 MHz:   0% 3996 MHz:   0% 4044 MHz:   0% 4104 MHz:   0% 4416 MHz:   0% 4512 MHz: .33%)
CPU 10 idle residency:   3.87%
CPU 10 down residency:  95.72%
CPU 11 frequency: 4051 MHz
CPU 11 active residency:   0.57% (1260 MHz: .08% 1512 MHz: .00% 1800 MHz: .00% 2088 MHz:   0% 2352 MHz:   0% 2616 MHz:   0% 2868 MHz:   0% 3096 MHz:   0% 3300 MHz:   0% 3468 MHz:   0% 3624 MHz:   0% 3756 MHz:   0% 3828 MHz:   0% 3888 MHz:   0% 3948 MHz:   0% 3996 MHz:   0% 4044 MHz:   0% 4104 MHz:   0% 4416 MHz:   0% 4512 MHz: .49%)
CPU 11 idle residency:   3.60%
CPU 11 down residency:  95.83%
CPU 12 frequency: 3135 MHz
CPU 12 active residency:   0.59% (1260 MHz: .08% 1512 MHz: .15% 1800 MHz: .05% 2088 MHz:   0% 2352 MHz:   0% 2616 MHz:   0% 2868 MHz:   0% 3096 MHz:   0% 3300 MHz:   0% 3468 MHz:   0% 3624 MHz:   0% 3756 MHz:   0% 3828 MHz:   0% 3888 MHz:   0% 3948 MHz:   0% 3996 MHz:   0% 4044 MHz:   0% 4104 MHz:   0% 4416 MHz:   0% 4512 MHz: .32%)
CPU 12 idle residency:   3.69%
CPU 12 down residency:  95.72%
CPU 13 frequency: 3696 MHz
CPU 13 active residency:   0.31% (1260 MHz: .08% 1512 MHz: .00% 1800 MHz:   0% 2088 MHz:   0% 2352 MHz:   0% 2616 MHz:   0% 2868 MHz:   0% 3096 MHz:   0% 3300 MHz:   0% 3468 MHz:   0% 3624 MHz:   0% 3756 MHz:   0% 3828 MHz:   0% 3888 MHz:   0% 3948 MHz:   0% 3996 MHz:   0% 4044 MHz:   0% 4104 MHz:   0% 4416 MHz:   0% 4512 MHz: .23%)
CPU 13 idle residency:   3.97%
CPU 13 down residency:  95.72%
CPU 14 frequency: 4045 MHz
CPU 14 active residency:   0.57% (1260 MHz: .08% 1512 MHz: .00% 1800 MHz: .00% 2088 MHz:   0% 2352 MHz:   0% 2616 MHz:   0% 2868 MHz:   0% 3096 MHz:   0% 3300 MHz:   0% 3468 MHz:   0% 3624 MHz:   0% 3756 MHz:   0% 3828 MHz:   0% 3888 MHz:   0% 3948 MHz:   0% 3996 MHz:   0% 4044 MHz:   0% 4104 MHz:   0% 4416 MHz:   0% 4512 MHz: .48%)
CPU 14 idle residency:   3.39%
CPU 14 down residency:  96.04%
CPU 15 frequency: 4021 MHz
CPU 15 active residency:   0.55% (1260 MHz: .08% 1512 MHz: .00% 1800 MHz: .00% 2088 MHz:   0% 2352 MHz:   0% 2616 MHz:   0% 2868 MHz:   0% 3096 MHz:   0% 3300 MHz:   0% 3468 MHz:   0% 3624 MHz:   0% 3756 MHz:   0% 3828 MHz:   0% 3888 MHz:   0% 3948 MHz:   0% 3996 MHz:   0% 4044 MHz:   0% 4104 MHz:   0% 4416 MHz:   0% 4512 MHz: .46%)
CPU 15 idle residency:   3.65%
CPU 15 down residency:  95.80%

CPU Power: 5475 mW
GPU Power: 30037 mW
ANE Power: 0 mW
Combined Power (CPU + GPU + ANE): 35512 mW

**** GPU usage ****

GPU HW active frequency: 1578 MHz
GPU HW active residency: 100.00% (338 MHz:   0% 618 MHz:   0% 796 MHz:   0% 924 MHz:   0% 952 MHz:   0% 1056 MHz:   0% 1062 MHz:   0% 1182 MHz:   0% 1182 MHz:   0% 1312 MHz:   0% 1242 MHz:   0% 1380 MHz:   0% 1326 MHz:   0% 1470 MHz:   0% 1578 MHz: 100%)
GPU SW requested state: (P1 :   0% P2 :   0% P3 :   0% P4 :   0% P5 :   0% P6 :   0% P7 :   0% P8 :   0% P9 :   0% P10 : 100% P11 :   0% P12 :   0% P13 :   0% P14 :   0% P15 :   0%)
GPU SW state: (SW_P1 :   0% SW_P2 :   0% SW_P3 :   0% SW_P4 :   0% SW_P5 :   0% SW_P6 :   0% SW_P7 :   0% SW_P8 :   0% SW_P9 :   0% SW_P10 : 100% SW_P11 :   0% SW_P12 :   0% SW_P13 :   0% SW_P14 :   0% SW_P15 :   0%)
GPU idle residency:   0.00%
GPU Power: 30281 mW



*** Sampled system activity (Tue Jan 20 15:04:56 2026 +0100) (1020.04ms elapsed) ***


**** Processor usage ****

E-Cluster Online: 100%
E-Cluster HW active frequency: 1991 MHz
E-Cluster HW active residency:  47.21% (1020 MHz:  16% 1404 MHz: .79% 1788 MHz: .94% 2112 MHz: 1.7% 2352 MHz: 1.3% 2532 MHz: 1.3% 2592 MHz:  25%)
E-Cluster idle residency:  52.79%
E-Cluster down residency:   0.00%
CPU 0 frequency: 2009 MHz
CPU 0 active residency:  26.74% (1020 MHz: 8.6% 1404 MHz: .41% 1788 MHz: .88% 2112 MHz: 1.4% 2352 MHz: .95% 2532 MHz: .66% 2592 MHz:  14%)
CPU 0 idle residency:  73.26%
CPU 0 down residency:   0.00%
CPU 1 frequency: 1954 MHz
CPU 1 active residency:  15.06% (1020 MHz: 5.1% 1404 MHz: .40% 1788 MHz: .64% 2112 MHz: .52% 2352 MHz: .92% 2532 MHz: 1.1% 2592 MHz: 6.3%)
CPU 1 idle residency:  84.94%
CPU 1 down residency:   0.00%
CPU 2 frequency: 2011 MHz
CPU 2 active residency:  10.32% (1020 MHz: 3.1% 1404 MHz: .18% 1788 MHz: .59% 2112 MHz: .44% 2352 MHz: .48% 2532 MHz: .55% 2592 MHz: 4.9%)
CPU 2 idle residency:  89.68%
CPU 2 down residency:   0.00%
CPU 3 frequency: 2013 MHz
CPU 3 active residency:   7.07% (1020 MHz: 2.1% 1404 MHz: .02% 1788 MHz: .52% 2112 MHz: .32% 2352 MHz: .52% 2532 MHz: .46% 2592 MHz: 3.1%)
CPU 3 idle residency:  92.93%
CPU 3 down residency:   0.00%

P0-Cluster Online: 76%
P0-Cluster HW active frequency: 3760 MHz
P0-Cluster HW active residency:  72.77% (1260 MHz: 1.9% 1512 MHz: .41% 1800 MHz: .61% 2088 MHz: .58% 2352 MHz: 1.4% 2616 MHz: 1.8% 2868 MHz: 1.6% 3096 MHz: .75% 3300 MHz: .78% 3468 MHz: .55% 3624 MHz: 2.0% 3756 MHz: .39% 3828 MHz:   0% 3888 MHz: 1.4% 3948 MHz:  18% 3996 MHz: 6.0% 4044 MHz:  34% 4104 MHz:   0% 4416 MHz:   0% 4512 MHz:   0%)
P0-Cluster idle residency:   4.44%
P0-Cluster down residency:  22.79%
CPU 4 frequency: 4491 MHz
CPU 4 active residency:  16.87% (1260 MHz: .08% 1512 MHz:   0% 1800 MHz: .01% 2088 MHz:   0% 2352 MHz:   0% 2616 MHz: .00% 2868 MHz:   0% 3096 MHz:   0% 3300 MHz: .05% 3468 MHz:   0% 3624 MHz:   0% 3756 MHz:   0% 3828 MHz:   0% 3888 MHz:   0% 3948 MHz:   0% 3996 MHz:   0% 4044 MHz:   0% 4104 MHz:   0% 4416 MHz: .00% 4512 MHz:  17%)
CPU 4 idle residency:  59.27%
CPU 4 down residency:  23.87%
CPU 5 frequency: 4421 MHz
CPU 5 active residency:  26.72% (1260 MHz: .05% 1512 MHz: .04% 1800 MHz: .01% 2088 MHz:   0% 2352 MHz: .03% 2616 MHz: .02% 2868 MHz:   0% 3096 MHz: .24% 3300 MHz: .38% 3468 MHz: .18% 3624 MHz: .39% 3756 MHz: .39% 3828 MHz:   0% 3888 MHz:   0% 3948 MHz: .39% 3996 MHz:   0% 4044 MHz:   0% 4104 MHz: .39% 4416 MHz: .60% 4512 MHz:  24%)
CPU 5 idle residency:  50.40%
CPU 5 down residency:  22.88%
CPU 6 frequency: 4498 MHz
CPU 6 active residency:  11.58% (1260 MHz: .02% 1512 MHz: .00% 1800 MHz: .02% 2088 MHz:   0% 2352 MHz: .00% 2616 MHz: .02% 2868 MHz:   0% 3096 MHz:   0% 3300 MHz:   0% 3468 MHz:   0% 3624 MHz:   0% 3756 MHz:   0% 3828 MHz:   0% 3888 MHz:   0% 3948 MHz:   0% 3996 MHz:   0% 4044 MHz:   0% 4104 MHz:   0% 4416 MHz: .00% 4512 MHz:  12%)
CPU 6 idle residency:  64.59%
CPU 6 down residency:  23.82%
CPU 7 frequency: 4504 MHz
CPU 7 active residency:  12.85% (1260 MHz: .02% 1512 MHz:   0% 1800 MHz: .02% 2088 MHz:   0% 2352 MHz:   0% 2616 MHz:   0% 2868 MHz:   0% 3096 MHz:   0% 3300 MHz:   0% 3468 MHz: .00% 3624 MHz:   0% 3756 MHz:   0% 3828 MHz:   0% 3888 MHz:   0% 3948 MHz:   0% 3996 MHz:   0% 4044 MHz:   0% 4104 MHz: .01% 4416 MHz: .00% 4512 MHz:  13%)
CPU 7 idle residency:  63.34%
CPU 7 down residency:  23.81%
CPU 8 frequency: 4508 MHz
CPU 8 active residency:  18.25% (1260 MHz: .01% 1512 MHz:   0% 1800 MHz:   0% 2088 MHz:   0% 2352 MHz:   0% 2616 MHz: .03% 2868 MHz:   0% 3096 MHz:   0% 3300 MHz:   0% 3468 MHz: .00% 3624 MHz:   0% 3756 MHz:   0% 3828 MHz:   0% 3888 MHz:   0% 3948 MHz:   0% 3996 MHz:   0% 4044 MHz:   0% 4104 MHz:   0% 4416 MHz: .00% 4512 MHz:  18%)
CPU 8 idle residency:  58.82%
CPU 8 down residency:  22.93%
CPU 9 frequency: 4506 MHz
CPU 9 active residency:  26.09% (1260 MHz: .03% 1512 MHz:   0% 1800 MHz:   0% 2088 MHz:   0% 2352 MHz: .00% 2616 MHz: .00% 2868 MHz:   0% 3096 MHz:   0% 3300 MHz: .04% 3468 MHz: .01% 3624 MHz:   0% 3756 MHz:   0% 3828 MHz:   0% 3888 MHz:   0% 3948 MHz:   0% 3996 MHz:   0% 4044 MHz:   0% 4104 MHz:   0% 4416 MHz: .00% 4512 MHz:  26%)
CPU 9 idle residency:  51.02%
CPU 9 down residency:  22.88%

P1-Cluster HW active frequency: 1953 MHz
P1-Cluster HW active residency:   9.08% (1260 MHz: 3.6% 1512 MHz: .69% 1800 MHz: .51% 2088 MHz: 1.2% 2352 MHz: .75% 2616 MHz: .91% 2868 MHz: .68% 3096 MHz: .28% 3300 MHz: .08% 3468 MHz:   0% 3624 MHz: .20% 3756 MHz: .23% 3828 MHz:   0% 3888 MHz:   0% 3948 MHz:   0% 3996 MHz:   0% 4044 MHz:   0% 4104 MHz:   0% 4416 MHz:   0% 4512 MHz:   0%)
P1-Cluster idle residency:  14.39%
P1-Cluster down residency:  76.53%
CPU 10 frequency: 2470 MHz
CPU 10 active residency:   0.72% (1260 MHz: .07% 1512 MHz: .02% 1800 MHz: .04% 2088 MHz: .05% 2352 MHz: .08% 2616 MHz: .29% 2868 MHz: .05% 3096 MHz: .09% 3300 MHz: .04% 3468 MHz:   0% 3624 MHz:   0% 3756 MHz:   0% 3828 MHz:   0% 3888 MHz:   0% 3948 MHz:   0% 3996 MHz:   0% 4044 MHz:   0% 4104 MHz:   0% 4416 MHz:   0% 4512 MHz:   0%)
CPU 10 idle residency:  22.82%
CPU 10 down residency:  76.46%
CPU 11 frequency: 2361 MHz
CPU 11 active residency:   1.66% (1260 MHz: .16% 1512 MHz: .19% 1800 MHz: .09% 2088 MHz: .41% 2352 MHz: .13% 2616 MHz: .28% 2868 MHz: .06% 3096 MHz: .06% 3300 MHz: .04% 3468 MHz:   0% 3624 MHz: .21% 3756 MHz: .04% 3828 MHz:   0% 3888 MHz:   0% 3948 MHz:   0% 3996 MHz:   0% 4044 MHz:   0% 4104 MHz:   0% 4416 MHz:   0% 4512 MHz:   0%)
CPU 11 idle residency:  21.88%
CPU 11 down residency:  76.46%
CPU 12 frequency: 2205 MHz
CPU 12 active residency:   0.52% (1260 MHz: .08% 1512 MHz: .05% 1800 MHz: .06% 2088 MHz: .02% 2352 MHz: .10% 2616 MHz: .12% 2868 MHz: .02% 3096 MHz:   0% 3300 MHz: .06% 3468 MHz:   0% 3624 MHz:   0% 3756 MHz:   0% 3828 MHz:   0% 3888 MHz:   0% 3948 MHz:   0% 3996 MHz:   0% 4044 MHz:   0% 4104 MHz:   0% 4416 MHz:   0% 4512 MHz:   0%)
CPU 12 idle residency:  23.03%
CPU 12 down residency:  76.46%
CPU 13 frequency: 1968 MHz
CPU 13 active residency:   0.25% (1260 MHz: .08% 1512 MHz:   0% 1800 MHz: .08% 2088 MHz: .02% 2352 MHz: .02% 2616 MHz: .00% 2868 MHz: .03% 3096 MHz:   0% 3300 MHz: .02% 3468 MHz:   0% 3624 MHz:   0% 3756 MHz:   0% 3828 MHz:   0% 3888 MHz:   0% 3948 MHz:   0% 3996 MHz:   0% 4044 MHz:   0% 4104 MHz:   0% 4416 MHz:   0% 4512 MHz:   0%)
CPU 13 idle residency:  23.29%
CPU 13 down residency:  76.46%
CPU 14 frequency: 2046 MHz
CPU 14 active residency:   1.70% (1260 MHz: .44% 1512 MHz: .25% 1800 MHz: .11% 2088 MHz: .13% 2352 MHz: .24% 2616 MHz: .37% 2868 MHz: .05% 3096 MHz: .01% 3300 MHz: .04% 3468 MHz:   0% 3624 MHz: .07% 3756 MHz: .00% 3828 MHz:   0% 3888 MHz:   0% 3948 MHz:   0% 3996 MHz:   0% 4044 MHz:   0% 4104 MHz:   0% 4416 MHz:   0% 4512 MHz:   0%)
CPU 14 idle residency:  21.84%
CPU 14 down residency:  76.46%
CPU 15 frequency: 2422 MHz
CPU 15 active residency:   2.61% (1260 MHz: .14% 1512 MHz: .17% 1800 MHz: .04% 2088 MHz: .61% 2352 MHz: .52% 2616 MHz: .38% 2868 MHz: .39% 3096 MHz: .22% 3300 MHz: .02% 3468 MHz:   0% 3624 MHz: .00% 3756 MHz: .12% 3828 MHz:   0% 3888 MHz:   0% 3948 MHz:   0% 3996 MHz:   0% 4044 MHz:   0% 4104 MHz:   0% 4416 MHz:   0% 4512 MHz:   0%)
CPU 15 idle residency:  20.93%
CPU 15 down residency:  76.46%

CPU Power: 3210 mW
GPU Power: 9445 mW
ANE Power: 0 mW
Combined Power (CPU + GPU + ANE): 12654 mW

**** GPU usage ****

GPU HW active frequency: 1401 MHz
GPU HW active residency:  35.21% (338 MHz: 5.0% 618 MHz:   0% 796 MHz:   0% 924 MHz:   0% 952 MHz:   0% 1056 MHz:   0% 1062 MHz:   0% 1182 MHz:   0% 1182 MHz:   0% 1312 MHz:   0% 1242 MHz:   0% 1380 MHz:   0% 1326 MHz:   0% 1470 MHz:   0% 1578 MHz:  30%)
GPU SW requested state: (P1 :  14% P2 :   0% P3 :   0% P4 :   0% P5 :   0% P6 :   0% P7 :   0% P8 :   0% P9 :   0% P10 :  86% P11 :   0% P12 :   0% P13 :   0% P14 :   0% P15 :   0%)
GPU SW state: (SW_P1 : 5.0% SW_P2 :   0% SW_P3 :   0% SW_P4 :   0% SW_P5 :   0% SW_P6 :   0% SW_P7 :   0% SW_P8 :   0% SW_P9 :   0% SW_P10 :  30% SW_P11 :   0% SW_P12 :   0% SW_P13 :   0% SW_P14 :   0% SW_P15 :   0%)
GPU idle residency:  64.79%
GPU Power: 9201 mW

