Machine model: Mac16,5
OS version: 24G419
Boot arguments: 
Boot time: Sun Jan 18 19:40:49 2026



*** Sampled system activity (Tue Jan 20 15:19:14 2026 +0100) (1018.59ms elapsed) ***


**** Processor usage ****

E-Cluster Online: 100%
E-Cluster HW active frequency: 1260 MHz
E-Cluster HW active residency:  57.63% (1020 MHz:  45% 1404 MHz: 3.0% 1788 MHz: 1.4% 2112 MHz: 2.3% 2352 MHz: .83% 2532 MHz: .54% 2592 MHz: 4.5%)
E-Cluster idle residency:  42.37%
E-Cluster down residency:   0.00%
CPU 0 frequency: 1292 MHz
CPU 0 active residency:  30.69% (1020 MHz:  23% 1404 MHz: 1.7% 1788 MHz: .81% 2112 MHz: 1.7% 2352 MHz: .74% 2532 MHz: .27% 2592 MHz: 2.4%)
CPU 0 idle residency:  69.31%
CPU 0 down residency:   0.00%
CPU 1 frequency: 1357 MHz
CPU 1 active residency:  18.99% (1020 MHz:  13% 1404 MHz: 1.7% 1788 MHz: .53% 2112 MHz: 1.5% 2352 MHz: .43% 2532 MHz: .23% 2592 MHz: 1.8%)
CPU 1 idle residency:  81.01%
CPU 1 down residency:   0.00%
CPU 2 frequency: 1405 MHz
CPU 2 active residency:  12.33% (1020 MHz: 7.5% 1404 MHz: 1.4% 1788 MHz: .86% 2112 MHz: .84% 2352 MHz: .47% 2532 MHz: .18% 2592 MHz: 1.1%)
CPU 2 idle residency:  87.67%
CPU 2 down residency:   0.00%
CPU 3 frequency: 1415 MHz
CPU 3 active residency:   7.47% (1020 MHz: 4.4% 1404 MHz: .98% 1788 MHz: .25% 2112 MHz: .70% 2352 MHz: .34% 2532 MHz: .33% 2592 MHz: .43%)
CPU 3 idle residency:  92.53%
CPU 3 down residency:   0.00%

P0-Cluster Online: 29%
P0-Cluster HW active frequency: 3048 MHz
P0-Cluster HW active residency:  12.67% (1260 MHz: 3.5% 1512 MHz: .26% 1800 MHz: .57% 2088 MHz: .48% 2352 MHz: .10% 2616 MHz: .42% 2868 MHz: .11% 3096 MHz: .09% 3300 MHz: .13% 3468 MHz:   0% 3624 MHz: .18% 3756 MHz:   0% 3828 MHz: .07% 3888 MHz: .31% 3948 MHz: 1.7% 3996 MHz: .24% 4044 MHz: 1.4% 4104 MHz:   0% 4416 MHz: .96% 4512 MHz: 2.2%)
P0-Cluster idle residency:  16.05%
P0-Cluster down residency:  71.28%
CPU 4 frequency: 4512 MHz
CPU 4 active residency:   1.66% (1260 MHz:   0% 1512 MHz:   0% 1800 MHz:   0% 2088 MHz:   0% 2352 MHz:   0% 2616 MHz:   0% 2868 MHz:   0% 3096 MHz:   0% 3300 MHz:   0% 3468 MHz:   0% 3624 MHz:   0% 3756 MHz:   0% 3828 MHz:   0% 3888 MHz:   0% 3948 MHz:   0% 3996 MHz:   0% 4044 MHz:   0% 4104 MHz:   0% 4416 MHz:   0% 4512 MHz: 1.7%)
CPU 4 idle residency:  26.07%
CPU 4 down residency:  72.27%
CPU 5 frequency: 4494 MHz
CPU 5 active residency:   1.83% (1260 MHz: .00% 1512 MHz:   0% 1800 MHz:   0% 2088 MHz:   0% 2352 MHz: .01% 2616 MHz:   0% 2868 MHz:   0% 3096 MHz:   0% 3300 MHz:   0% 3468 MHz:   0% 3624 MHz:   0% 3756 MHz:   0% 3828 MHz:   0% 3888 MHz:   0% 3948 MHz:   0% 3996 MHz:   0% 4044 MHz:   0% 4104 MHz:   0% 4416 MHz:   0% 4512 MHz: 1.8%)
CPU 5 idle residency:  25.57%
CPU 5 down residency:  72.59%
CPU 6 frequency: 4506 MHz
CPU 6 active residency:   1.40% (1260 MHz: .00% 1512 MHz:   0% 1800 MHz:   0% 2088 MHz:   0% 2352 MHz: .00% 2616 MHz:   0% 2868 MHz:   0% 3096 MHz:   0% 3300 MHz:   0% 3468 MHz:   0% 3624 MHz:   0% 3756 MHz:   0% 3828 MHz:   0% 3888 MHz:   0% 3948 MHz:   0% 3996 MHz:   0% 4044 MHz:   0% 4104 MHz:   0% 4416 MHz:   0% 4512 MHz: 1.4%)
CPU 6 idle residency:  26.18%
CPU 6 down residency:  72.42%
CPU 7 frequency: 4512 MHz
CPU 7 active residency:   0.83% (1260 MHz:   0% 1512 MHz:   0% 1800 MHz:   0% 2088 MHz:   0% 2352 MHz:   0% 2616 MHz:   0% 2868 MHz:   0% 3096 MHz:   0% 3300 MHz:   0% 3468 MHz:   0% 3624 MHz:   0% 3756 MHz:   0% 3828 MHz:   0% 3888 MHz:   0% 3948 MHz:   0% 3996 MHz:   0% 4044 MHz:   0% 4104 MHz:   0% 4416 MHz:   0% 4512 MHz: .83%)
CPU 7 idle residency:  27.63%
CPU 7 down residency:  71.54%
CPU 8 frequency: 4512 MHz
CPU 8 active residency:   0.05% (1260 MHz:   0% 1512 MHz:   0% 1800 MHz:   0% 2088 MHz:   0% 2352 MHz:   0% 2616 MHz:   0% 2868 MHz:   0% 3096 MHz:   0% 3300 MHz:   0% 3468 MHz:   0% 3624 MHz:   0% 3756 MHz:   0% 3828 MHz:   0% 3888 MHz:   0% 3948 MHz:   0% 3996 MHz:   0% 4044 MHz:   0% 4104 MHz:   0% 4416 MHz:   0% 4512 MHz: .05%)
CPU 8 idle residency:  28.41%
CPU 8 down residency:  71.54%
CPU 9 frequency: 4501 MHz
CPU 9 active residency:   0.79% (1260 MHz: .00% 1512 MHz:   0% 1800 MHz:   0% 2088 MHz:   0% 2352 MHz: .00% 2616 MHz:   0% 2868 MHz:   0% 3096 MHz:   0% 3300 MHz:   0% 3468 MHz:   0% 3624 MHz:   0% 3756 MHz:   0% 3828 MHz:   0% 3888 MHz:   0% 3948 MHz:   0% 3996 MHz:   0% 4044 MHz:   0% 4104 MHz:   0% 4416 MHz:   0% 4512 MHz: .78%)
CPU 9 idle residency:  25.56%
CPU 9 down residency:  73.65%

P1-Cluster HW active frequency: 4048 MHz
P1-Cluster HW active residency:  99.46% (1260 MHz:   0% 1512 MHz:   0% 1800 MHz:   0% 2088 MHz:   0% 2352 MHz:   0% 2616 MHz:   0% 2868 MHz:   0% 3096 MHz:   0% 3300 MHz:   0% 3468 MHz:   0% 3624 MHz:   0% 3756 MHz:   0% 3828 MHz:   0% 3888 MHz:  48% 3948 MHz:  25% 3996 MHz: 1.4% 4044 MHz: .36% 4104 MHz:   0% 4416 MHz:  11% 4512 MHz:  13%)
P1-Cluster idle residency:   0.54%
P1-Cluster down residency:   0.00%
CPU 10 frequency: 4512 MHz
CPU 10 active residency:  64.47% (1260 MHz:   0% 1512 MHz:   0% 1800 MHz:   0% 2088 MHz:   0% 2352 MHz:   0% 2616 MHz:   0% 2868 MHz:   0% 3096 MHz:   0% 3300 MHz:   0% 3468 MHz:   0% 3624 MHz:   0% 3756 MHz:   0% 3828 MHz:   0% 3888 MHz:   0% 3948 MHz:   0% 3996 MHz:   0% 4044 MHz:   0% 4104 MHz:   0% 4416 MHz:   0% 4512 MHz:  64%)
CPU 10 idle residency:  35.53%
CPU 10 down residency:   0.00%
CPU 11 frequency: 4512 MHz
CPU 11 active residency:  51.93% (1260 MHz:   0% 1512 MHz:   0% 1800 MHz:   0% 2088 MHz:   0% 2352 MHz:   0% 2616 MHz:   0% 2868 MHz:   0% 3096 MHz:   0% 3300 MHz:   0% 3468 MHz:   0% 3624 MHz:   0% 3756 MHz:   0% 3828 MHz:   0% 3888 MHz:   0% 3948 MHz:   0% 3996 MHz:   0% 4044 MHz:   0% 4104 MHz:   0% 4416 MHz:   0% 4512 MHz:  52%)
CPU 11 idle residency:  48.07%
CPU 11 down residency:   0.00%
CPU 12 frequency: 4512 MHz
CPU 12 active residency:  67.19% (1260 MHz:   0% 1512 MHz:   0% 1800 MHz:   0% 2088 MHz:   0% 2352 MHz:   0% 2616 MHz:   0% 2868 MHz:   0% 3096 MHz:   0% 3300 MHz:   0% 3468 MHz:   0% 3624 MHz:   0% 3756 MHz:   0% 3828 MHz:   0% 3888 MHz:   0% 3948 MHz:   0% 3996 MHz:   0% 4044 MHz:   0% 4104 MHz:   0% 4416 MHz:   0% 4512 MHz:  67%)
CPU 12 idle residency:  32.81%
CPU 12 down residency:   0.00%
CPU 13 frequency: 4512 MHz
CPU 13 active residency:  64.17% (1260 MHz:   0% 1512 MHz:   0% 1800 MHz:   0% 2088 MHz:   0% 2352 MHz:   0% 2616 MHz:   0% 2868 MHz:   0% 3096 MHz:   0% 3300 MHz:   0% 3468 MHz:   0% 3624 MHz:   0% 3756 MHz:   0% 3828 MHz:   0% 3888 MHz:   0% 3948 MHz:   0% 3996 MHz:   0% 4044 MHz:   0% 4104 MHz:   0% 4416 MHz:   0% 4512 MHz:  64%)
CPU 13 idle residency:  35.83%
CPU 13 down residency:   0.00%
CPU 14 frequency: 4512 MHz
CPU 14 active residency:  64.65% (1260 MHz:   0% 1512 MHz:   0% 1800 MHz:   0% 2088 MHz:   0% 2352 MHz:   0% 2616 MHz:   0% 2868 MHz:   0% 3096 MHz:   0% 3300 MHz:   0% 3468 MHz:   0% 3624 MHz:   0% 3756 MHz:   0% 3828 MHz:   0% 3888 MHz:   0% 3948 MHz:   0% 3996 MHz:   0% 4044 MHz:   0% 4104 MHz:   0% 4416 MHz:   0% 4512 MHz:  65%)
CPU 14 idle residency:  35.35%
CPU 14 down residency:   0.00%
CPU 15 frequency: 4512 MHz
CPU 15 active residency:  63.87% (1260 MHz:   0% 1512 MHz:   0% 1800 MHz:   0% 2088 MHz:   0% 2352 MHz:   0% 2616 MHz:   0% 2868 MHz:   0% 3096 MHz:   0% 3300 MHz:   0% 3468 MHz:   0% 3624 MHz:   0% 3756 MHz:   0% 3828 MHz:   0% 3888 MHz:   0% 3948 MHz:   0% 3996 MHz:   0% 4044 MHz:   0% 4104 MHz:   0% 4416 MHz:   0% 4512 MHz:  64%)
CPU 15 idle residency:  36.13%
CPU 15 down residency:   0.00%

CPU Power: 7837 mW
GPU Power: 20134 mW
ANE Power: 0 mW
Combined Power (CPU + GPU + ANE): 27971 mW

**** GPU usage ****

GPU HW active frequency: 1578 MHz
GPU HW active residency: 100.00% (338 MHz:   0% 618 MHz:   0% 796 MHz:   0% 924 MHz:   0% 952 MHz:   0% 1056 MHz:   0% 1062 MHz:   0% 1182 MHz:   0% 1182 MHz:   0% 1312 MHz:   0% 1242 MHz:   0% 1380 MHz:   0% 1326 MHz:   0% 1470 MHz:   0% 1578 MHz: 100%)
GPU SW requested state: (P1 :   0% P2 :   0% P3 :   0% P4 :   0% P5 :   0% P6 :   0% P7 :   0% P8 :   0% P9 :   0% P10 : 100% P11 :   0% P12 :   0% P13 :   0% P14 :   0% P15 :   0%)
GPU SW state: (SW_P1 :   0% SW_P2 :   0% SW_P3 :   0% SW_P4 :   0% SW_P5 :   0% SW_P6 :   0% SW_P7 :   0% SW_P8 :   0% SW_P9 :   0% SW_P10 : 100% SW_P11 :   0% SW_P12 :   0% SW_P13 :   0% SW_P14 :   0% SW_P15 :   0%)
GPU idle residency:   0.00%
GPU Power: 20147 mW



*** Sampled system activity (Tue Jan 20 15:19:15 2026 +0100) (1021.31ms elapsed) ***


**** Processor usage ****

E-Cluster Online: 100%
E-Cluster HW active frequency: 1203 MHz
E-Cluster HW active residency:  49.63% (1020 MHz:  40% 1404 MHz: 3.3% 1788 MHz: 1.3% 2112 MHz: 1.9% 2352 MHz: 1.7% 2532 MHz: .11% 2592 MHz: 1.5%)
E-Cluster idle residency:  50.37%
E-Cluster down residency:   0.00%
CPU 0 frequency: 1231 MHz
CPU 0 active residency:  22.01% (1020 MHz:  17% 1404 MHz: 2.1% 1788 MHz: .56% 2112 MHz: .95% 2352 MHz: 1.0% 2532 MHz: .01% 2592 MHz: .67%)
CPU 0 idle residency:  77.99%
CPU 0 down residency:   0.00%
CPU 1 frequency: 1357 MHz
CPU 1 active residency:  13.48% (1020 MHz: 8.8% 1404 MHz: 1.0% 1788 MHz: .91% 2112 MHz: 1.3% 2352 MHz: .89% 2532 MHz: .01% 2592 MHz: .54%)
CPU 1 idle residency:  86.52%
CPU 1 down residency:   0.00%
CPU 2 frequency: 1231 MHz
CPU 2 active residency:   8.44% (1020 MHz: 6.5% 1404 MHz: .65% 1788 MHz: .19% 2112 MHz: .52% 2352 MHz: .27% 2532 MHz: .03% 2592 MHz: .27%)
CPU 2 idle residency:  91.56%
CPU 2 down residency:   0.00%
CPU 3 frequency: 1233 MHz
CPU 3 active residency:   6.19% (1020 MHz: 4.6% 1404 MHz: .74% 1788 MHz: .07% 2112 MHz: .29% 2352 MHz: .33% 2532 MHz: .02% 2592 MHz: .12%)
CPU 3 idle residency:  93.81%
CPU 3 down residency:   0.00%

P0-Cluster Online: 6%
P0-Cluster HW active frequency: 2202 MHz
P0-Cluster HW active residency:   1.54% (1260 MHz: 1.1% 1512 MHz:   0% 1800 MHz: .02% 2088 MHz:   0% 2352 MHz:   0% 2616 MHz:   0% 2868 MHz:   0% 3096 MHz:   0% 3300 MHz:   0% 3468 MHz:   0% 3624 MHz:   0% 3756 MHz:   0% 3828 MHz:   0% 3888 MHz: .03% 3948 MHz: .01% 3996 MHz:   0% 4044 MHz:   0% 4104 MHz:   0% 4416 MHz: .04% 4512 MHz: .37%)
P0-Cluster idle residency:   3.03%
P0-Cluster down residency:  95.43%
CPU 4 frequency: 0 MHz
CPU 4 active residency:   0.00% (1260 MHz:   0% 1512 MHz:   0% 1800 MHz:   0% 2088 MHz:   0% 2352 MHz:   0% 2616 MHz:   0% 2868 MHz:   0% 3096 MHz:   0% 3300 MHz:   0% 3468 MHz:   0% 3624 MHz:   0% 3756 MHz:   0% 3828 MHz:   0% 3888 MHz:   0% 3948 MHz:   0% 3996 MHz:   0% 4044 MHz:   0% 4104 MHz:   0% 4416 MHz:   0% 4512 MHz:   0%)
CPU 4 idle residency:   4.37%
CPU 4 down residency:  95.63%
CPU 5 frequency: 0 MHz
CPU 5 active residency:   0.00% (1260 MHz:   0% 1512 MHz:   0% 1800 MHz:   0% 2088 MHz:   0% 2352 MHz:   0% 2616 MHz:   0% 2868 MHz:   0% 3096 MHz:   0% 3300 MHz:   0% 3468 MHz:   0% 3624 MHz:   0% 3756 MHz:   0% 3828 MHz:   0% 3888 MHz:   0% 3948 MHz:   0% 3996 MHz:   0% 4044 MHz:   0% 4104 MHz:   0% 4416 MHz:   0% 4512 MHz:   0%)
CPU 5 idle residency:   4.36%
CPU 5 down residency:  95.64%
CPU 6 frequency: 0 MHz
CPU 6 active residency:   0.00% (1260 MHz:   0% 1512 MHz:   0% 1800 MHz:   0% 2088 MHz:   0% 2352 MHz:   0% 2616 MHz:   0% 2868 MHz:   0% 3096 MHz:   0% 3300 MHz:   0% 3468 MHz:   0% 3624 MHz:   0% 3756 MHz:   0% 3828 MHz:   0% 3888 MHz:   0% 3948 MHz:   0% 3996 MHz:   0% 4044 MHz:   0% 4104 MHz:   0% 4416 MHz:   0% 4512 MHz:   0%)
CPU 6 idle residency:   4.34%
CPU 6 down residency:  95.66%
CPU 7 frequency: 0 MHz
CPU 7 active residency:   0.00% (1260 MHz:   0% 1512 MHz:   0% 1800 MHz:   0% 2088 MHz:   0% 2352 MHz:   0% 2616 MHz:   0% 2868 MHz:   0% 3096 MHz:   0% 3300 MHz:   0% 3468 MHz:   0% 3624 MHz:   0% 3756 MHz:   0% 3828 MHz:   0% 3888 MHz:   0% 3948 MHz:   0% 3996 MHz:   0% 4044 MHz:   0% 4104 MHz:   0% 4416 MHz:   0% 4512 MHz:   0%)
CPU 7 idle residency:   4.38%
CPU 7 down residency:  95.62%
CPU 8 frequency: 0 MHz
CPU 8 active residency:   0.00% (1260 MHz:   0% 1512 MHz:   0% 1800 MHz:   0% 2088 MHz:   0% 2352 MHz:   0% 2616 MHz:   0% 2868 MHz:   0% 3096 MHz:   0% 3300 MHz:   0% 3468 MHz:   0% 3624 MHz:   0% 3756 MHz:   0% 3828 MHz:   0% 3888 MHz:   0% 3948 MHz:   0% 3996 MHz:   0% 4044 MHz:   0% 4104 MHz:   0% 4416 MHz:   0% 4512 MHz:   0%)
CPU 8 idle residency:   4.40%
CPU 8 down residency:  95.60%
CPU 9 frequency: 0 MHz
CPU 9 active residency:   0.00% (1260 MHz:   0% 1512 MHz:   0% 1800 MHz:   0% 2088 MHz:   0% 2352 MHz:   0% 2616 MHz:   0% 2868 MHz:   0% 3096 MHz:   0% 3300 MHz:   0% 3468 MHz:   0% 3624 MHz:   0% 3756 MHz:   0% 3828 MHz:   0% 3888 MHz:   0% 3948 MHz:   0% 3996 MHz:   0% 4044 MHz:   0% 4104 MHz:   0% 4416 MHz:   0% 4512 MHz:   0%)
CPU 9 idle residency:   4.38%
CPU 9 down residency:  95.62%

P1-Cluster HW active frequency: 4072 MHz
P1-Cluster HW active residency:  99.41% (1260 MHz:   0% 1512 MHz:   0% 1800 MHz:   0% 2088 MHz:   0% 2352 MHz:   0% 2616 MHz:   0% 2868 MHz:   0% 3096 MHz:   0% 3300 MHz:   0% 3468 MHz:   0% 3624 MHz:   0% 3756 MHz:   0% 3828 MHz:   0% 3888 MHz:  42% 3948 MHz:  25% 3996 MHz: 3.1% 4044 MHz: .89% 4104 MHz:   0% 4416 MHz:  13% 4512 MHz:  15%)
P1-Cluster idle residency:   0.59%
P1-Cluster down residency:   0.00%
CPU 10 frequency: 4512 MHz
CPU 10 active residency:  65.28% (1260 MHz:   0% 1512 MHz:   0% 1800 MHz:   0% 2088 MHz:   0% 2352 MHz:   0% 2616 MHz:   0% 2868 MHz:   0% 3096 MHz:   0% 3300 MHz:   0% 3468 MHz:   0% 3624 MHz:   0% 3756 MHz:   0% 3828 MHz:   0% 3888 MHz:   0% 3948 MHz:   0% 3996 MHz:   0% 4044 MHz:   0% 4104 MHz:   0% 4416 MHz:   0% 4512 MHz:  65%)
CPU 10 idle residency:  34.72%
CPU 10 down residency:   0.00%
CPU 11 frequency: 4512 MHz
CPU 11 active residency:  42.71% (1260 MHz:   0% 1512 MHz:   0% 1800 MHz:   0% 2088 MHz:   0% 2352 MHz:   0% 2616 MHz:   0% 2868 MHz:   0% 3096 MHz:   0% 3300 MHz:   0% 3468 MHz:   0% 3624 MHz:   0% 3756 MHz:   0% 3828 MHz:   0% 3888 MHz:   0% 3948 MHz:   0% 3996 MHz:   0% 4044 MHz:   0% 4104 MHz:   0% 4416 MHz:   0% 4512 MHz:  43%)
CPU 11 idle residency:  57.29%
CPU 11 down residency:   0.00%
CPU 12 frequency: 4512 MHz
CPU 12 active residency:  56.13% (1260 MHz:   0% 1512 MHz:   0% 1800 MHz:   0% 2088 MHz:   0% 2352 MHz:   0% 2616 MHz:   0% 2868 MHz:   0% 3096 MHz:   0% 3300 MHz:   0% 3468 MHz:   0% 3624 MHz:   0% 3756 MHz:   0% 3828 MHz:   0% 3888 MHz:   0% 3948 MHz:   0% 3996 MHz:   0% 4044 MHz:   0% 4104 MHz:   0% 4416 MHz:   0% 4512 MHz:  56%)
CPU 12 idle residency:  43.87%
CPU 12 down residency:   0.00%
CPU 13 frequency: 4512 MHz
CPU 13 active residency:  62.12% (1260 MHz:   0% 1512 MHz:   0% 1800 MHz:   0% 2088 MHz:   0% 2352 MHz:   0% 2616 MHz:   0% 2868 MHz:   0% 3096 MHz:   0% 3300 MHz:   0% 3468 MHz:   0% 3624 MHz:   0% 3756 MHz:   0% 3828 MHz:   0% 3888 MHz:   0% 3948 MHz:   0% 3996 MHz:   0% 4044 MHz:   0% 4104 MHz:   0% 4416 MHz:   0% 4512 MHz:  62%)
CPU 13 idle residency:  37.88%
CPU 13 down residency:   0.00%
CPU 14 frequency: 4512 MHz
CPU 14 active residency:  58.42% (1260 MHz:   0% 1512 MHz:   0% 1800 MHz:   0% 2088 MHz:   0% 2352 MHz:   0% 2616 MHz:   0% 2868 MHz:   0% 3096 MHz:   0% 3300 MHz:   0% 3468 MHz:   0% 3624 MHz:   0% 3756 MHz:   0% 3828 MHz:   0% 3888 MHz:   0% 3948 MHz:   0% 3996 MHz:   0% 4044 MHz:   0% 4104 MHz:   0% 4416 MHz:   0% 4512 MHz:  58%)
CPU 14 idle residency:  41.58%
CPU 14 down residency:   0.00%
CPU 15 frequency: 4512 MHz
CPU 15 active residency:  60.60% (1260 MHz:   0% 1512 MHz:   0% 1800 MHz:   0% 2088 MHz:   0% 2352 MHz:   0% 2616 MHz:   0% 2868 MHz:   0% 3096 MHz:   0% 3300 MHz:   0% 3468 MHz:   0% 3624 MHz:   0% 3756 MHz:   0% 3828 MHz:   0% 3888 MHz:   0% 3948 MHz:   0% 3996 MHz:   0% 4044 MHz:   0% 4104 MHz:   0% 4416 MHz:   0% 4512 MHz:  61%)
CPU 15 idle residency:  39.40%
CPU 15 down residency:   0.00%

CPU Power: 7290 mW
GPU Power: 20414 mW
ANE Power: 0 mW
Combined Power (CPU + GPU + ANE): 27704 mW

**** GPU usage ****

GPU HW active frequency: 1578 MHz
GPU HW active residency:  99.98% (338 MHz: .01% 618 MHz:   0% 796 MHz:   0% 924 MHz:   0% 952 MHz:   0% 1056 MHz:   0% 1062 MHz:   0% 1182 MHz:   0% 1182 MHz:   0% 1312 MHz:   0% 1242 MHz:   0% 1380 MHz:   0% 1326 MHz:   0% 1470 MHz:   0% 1578 MHz: 100%)
GPU SW requested state: (P1 :   0% P2 :   0% P3 :   0% P4 :   0% P5 :   0% P6 :   0% P7 :   0% P8 :   0% P9 :   0% P10 : 100% P11 :   0% P12 :   0% P13 :   0% P14 :   0% P15 :   0%)
GPU SW state: (SW_P1 : .01% SW_P2 :   0% SW_P3 :   0% SW_P4 :   0% SW_P5 :   0% SW_P6 :   0% SW_P7 :   0% SW_P8 :   0% SW_P9 :   0% SW_P10 : 100% SW_P11 :   0% SW_P12 :   0% SW_P13 :   0% SW_P14 :   0% SW_P15 :   0%)
GPU idle residency:   0.02%
GPU Power: 20248 mW



*** Sampled system activity (Tue Jan 20 15:19:16 2026 +0100) (1018.03ms elapsed) ***


**** Processor usage ****

E-Cluster Online: 100%
E-Cluster HW active frequency: 1221 MHz
E-Cluster HW active residency:  49.95% (1020 MHz:  39% 1404 MHz: 3.9% 1788 MHz: 1.6% 2112 MHz: 1.7% 2352 MHz: 1.5% 2532 MHz: .06% 2592 MHz: 2.2%)
E-Cluster idle residency:  50.05%
E-Cluster down residency:   0.00%
CPU 0 frequency: 1254 MHz
CPU 0 active residency:  22.00% (1020 MHz:  16% 1404 MHz: 2.3% 1788 MHz: .78% 2112 MHz: 1.1% 2352 MHz: .56% 2532 MHz: .06% 2592 MHz: 1.1%)
CPU 0 idle residency:  78.00%
CPU 0 down residency:   0.00%
CPU 1 frequency: 1294 MHz
CPU 1 active residency:  14.02% (1020 MHz:  10% 1404 MHz: .83% 1788 MHz: .78% 2112 MHz: .94% 2352 MHz: .64% 2532 MHz: .01% 2592 MHz: .65%)
CPU 1 idle residency:  85.98%
CPU 1 down residency:   0.00%
CPU 2 frequency: 1190 MHz
CPU 2 active residency:   7.25% (1020 MHz: 5.8% 1404 MHz: .64% 1788 MHz: .17% 2112 MHz: .37% 2352 MHz: .09% 2532 MHz: .00% 2592 MHz: .22%)
CPU 2 idle residency:  92.75%
CPU 2 down residency:   0.00%
CPU 3 frequency: 1369 MHz
CPU 3 active residency:   5.48% (1020 MHz: 3.1% 1404 MHz: 1.0% 1788 MHz: .32% 2112 MHz: .53% 2352 MHz: .31% 2532 MHz:   0% 2592 MHz: .18%)
CPU 3 idle residency:  94.52%
CPU 3 down residency:   0.00%

P0-Cluster Online: 61%
P0-Cluster HW active frequency: 3952 MHz
P0-Cluster HW active residency:  52.81% (1260 MHz: 2.0% 1512 MHz:   0% 1800 MHz:   0% 2088 MHz: .14% 2352 MHz:   0% 2616 MHz:   0% 2868 MHz:   0% 3096 MHz:   0% 3300 MHz:   0% 3468 MHz:   0% 3624 MHz:   0% 3756 MHz:   0% 3828 MHz:   0% 3888 MHz:  20% 3948 MHz:  17% 3996 MHz: .11% 4044 MHz: .36% 4104 MHz:   0% 4416 MHz: 4.7% 4512 MHz: 8.4%)
P0-Cluster idle residency:   5.17%
P0-Cluster down residency:  42.02%
CPU 4 frequency: 4481 MHz
CPU 4 active residency:  34.34% (1260 MHz: .04% 1512 MHz:   0% 1800 MHz: .02% 2088 MHz:   0% 2352 MHz:   0% 2616 MHz: .42% 2868 MHz: .07% 3096 MHz:   0% 3300 MHz:   0% 3468 MHz:   0% 3624 MHz:   0% 3756 MHz:   0% 3828 MHz:   0% 3888 MHz:   0% 3948 MHz:   0% 3996 MHz:   0% 4044 MHz:   0% 4104 MHz:   0% 4416 MHz: .02% 4512 MHz:  34%)
CPU 4 idle residency:  24.21%
CPU 4 down residency:  41.46%
CPU 5 frequency: 4498 MHz
CPU 5 active residency:  33.41% (1260 MHz: .12% 1512 MHz:   0% 1800 MHz: .02% 2088 MHz: .00% 2352 MHz:   0% 2616 MHz: .03% 2868 MHz: .00% 3096 MHz:   0% 3300 MHz:   0% 3468 MHz:   0% 3624 MHz:   0% 3756 MHz:   0% 3828 MHz:   0% 3888 MHz:   0% 3948 MHz:   0% 3996 MHz:   0% 4044 MHz:   0% 4104 MHz:   0% 4416 MHz: .02% 4512 MHz:  33%)
CPU 5 idle residency:  25.26%
CPU 5 down residency:  41.34%
CPU 6 frequency: 4460 MHz
CPU 6 active residency:  34.92% (1260 MHz: .09% 1512 MHz:   0% 1800 MHz: .15% 2088 MHz: .45% 2352 MHz:   0% 2616 MHz: .03% 2868 MHz:   0% 3096 MHz:   0% 3300 MHz:   0% 3468 MHz:   0% 3624 MHz:   0% 3756 MHz:   0% 3828 MHz:   0% 3888 MHz:   0% 3948 MHz:   0% 3996 MHz:   0% 4044 MHz:   0% 4104 MHz:   0% 4416 MHz: .02% 4512 MHz:  34%)
CPU 6 idle residency:  23.72%
CPU 6 down residency:  41.36%
CPU 7 frequency: 4503 MHz
CPU 7 active residency:  26.82% (1260 MHz: .05% 1512 MHz:   0% 1800 MHz: .01% 2088 MHz:   0% 2352 MHz:   0% 2616 MHz: .03% 2868 MHz:   0% 3096 MHz:   0% 3300 MHz:   0% 3468 MHz:   0% 3624 MHz:   0% 3756 MHz:   0% 3828 MHz:   0% 3888 MHz:   0% 3948 MHz:   0% 3996 MHz:   0% 4044 MHz:   0% 4104 MHz:   0% 4416 MHz: .02% 4512 MHz:  27%)
CPU 7 idle residency:  31.32%
CPU 7 down residency:  41.86%
CPU 8 frequency: 4505 MHz
CPU 8 active residency:  27.50% (1260 MHz: .04% 1512 MHz:   0% 1800 MHz: .01% 2088 MHz:   0% 2352 MHz:   0% 2616 MHz: .03% 2868 MHz:   0% 3096 MHz:   0% 3300 MHz:   0% 3468 MHz:   0% 3624 MHz:   0% 3756 MHz:   0% 3828 MHz:   0% 3888 MHz:   0% 3948 MHz:   0% 3996 MHz:   0% 4044 MHz:   0% 4104 MHz:   0% 4416 MHz: .02% 4512 MHz:  27%)
CPU 8 idle residency:  30.63%
CPU 8 down residency:  41.87%
CPU 9 frequency: 4449 MHz
CPU 9 active residency:  30.99% (1260 MHz: .09% 1512 MHz: .05% 1800 MHz: .45% 2088 MHz: .10% 2352 MHz:   0% 2616 MHz: .03% 2868 MHz: .00% 3096 MHz:   0% 3300 MHz:   0% 3468 MHz:   0% 3624 MHz:   0% 3756 MHz:   0% 3828 MHz:   0% 3888 MHz:   0% 3948 MHz:   0% 3996 MHz:   0% 4044 MHz:   0% 4104 MHz:   0% 4416 MHz: .02% 4512 MHz:  30%)
CPU 9 idle residency:  28.31%
CPU 9 down residency:  40.70%

P1-Cluster HW active frequency: 3972 MHz
P1-Cluster HW active residency:  50.00% (1260 MHz: .16% 1512 MHz:   0% 1800 MHz:   0% 2088 MHz:   0% 2352 MHz:   0% 2616 MHz:   0% 2868 MHz:   0% 3096 MHz:   0% 3300 MHz:   0% 3468 MHz:   0% 3624 MHz:   0% 3756 MHz:   0% 3828 MHz:   0% 3888 MHz:  30% 3948 MHz:  10% 3996 MHz: 2.6% 4044 MHz: .55% 4104 MHz:   0% 4416 MHz: 3.7% 4512 MHz: 2.7%)
P1-Cluster idle residency:   0.93%
P1-Cluster down residency:  49.07%
CPU 10 frequency: 4512 MHz
CPU 10 active residency:  40.00% (1260 MHz:   0% 1512 MHz:   0% 1800 MHz:   0% 2088 MHz:   0% 2352 MHz:   0% 2616 MHz:   0% 2868 MHz:   0% 3096 MHz:   0% 3300 MHz:   0% 3468 MHz:   0% 3624 MHz:   0% 3756 MHz:   0% 3828 MHz:   0% 3888 MHz:   0% 3948 MHz:   0% 3996 MHz:   0% 4044 MHz:   0% 4104 MHz:   0% 4416 MHz:   0% 4512 MHz:  40%)
CPU 10 idle residency:  10.85%
CPU 10 down residency:  49.15%
CPU 11 frequency: 4512 MHz
CPU 11 active residency:  37.44% (1260 MHz:   0% 1512 MHz:   0% 1800 MHz:   0% 2088 MHz:   0% 2352 MHz:   0% 2616 MHz:   0% 2868 MHz:   0% 3096 MHz:   0% 3300 MHz:   0% 3468 MHz:   0% 3624 MHz:   0% 3756 MHz:   0% 3828 MHz:   0% 3888 MHz:   0% 3948 MHz:   0% 3996 MHz:   0% 4044 MHz:   0% 4104 MHz:   0% 4416 MHz:   0% 4512 MHz:  37%)
CPU 11 idle residency:  13.41%
CPU 11 down residency:  49.15%
CPU 12 frequency: 4512 MHz
CPU 12 active residency:  37.34% (1260 MHz:   0% 1512 MHz:   0% 1800 MHz:   0% 2088 MHz:   0% 2352 MHz:   0% 2616 MHz:   0% 2868 MHz:   0% 3096 MHz:   0% 3300 MHz:   0% 3468 MHz:   0% 3624 MHz:   0% 3756 MHz:   0% 3828 MHz:   0% 3888 MHz:   0% 3948 MHz:   0% 3996 MHz:   0% 4044 MHz:   0% 4104 MHz:   0% 4416 MHz:   0% 4512 MHz:  37%)
CPU 12 idle residency:  13.51%
CPU 12 down residency:  49.16%
CPU 13 frequency: 4512 MHz
CPU 13 active residency:  29.27% (1260 MHz:   0% 1512 MHz:   0% 1800 MHz:   0% 2088 MHz:   0% 2352 MHz:   0% 2616 MHz:   0% 2868 MHz:   0% 3096 MHz:   0% 3300 MHz:   0% 3468 MHz:   0% 3624 MHz:   0% 3756 MHz:   0% 3828 MHz:   0% 3888 MHz:   0% 3948 MHz:   0% 3996 MHz:   0% 4044 MHz:   0% 4104 MHz:   0% 4416 MHz:   0% 4512 MHz:  29%)
CPU 13 idle residency:  21.59%
CPU 13 down residency:  49.15%
CPU 14 frequency: 4512 MHz
CPU 14 active residency:  37.40% (1260 MHz:   0% 1512 MHz:   0% 1800 MHz:   0% 2088 MHz:   0% 2352 MHz:   0% 2616 MHz:   0% 2868 MHz:   0% 3096 MHz:   0% 3300 MHz:   0% 3468 MHz:   0% 3624 MHz:   0% 3756 MHz:   0% 3828 MHz:   0% 3888 MHz:   0% 3948 MHz:   0% 3996 MHz:   0% 4044 MHz:   0% 4104 MHz:   0% 4416 MHz:   0% 4512 MHz:  37%)
CPU 14 idle residency:  13.43%
CPU 14 down residency:  49.17%
CPU 15 frequency: 4512 MHz
CPU 15 active residency:  30.08% (1260 MHz:   0% 1512 MHz:   0% 1800 MHz:   0% 2088 MHz:   0% 2352 MHz:   0% 2616 MHz:   0% 2868 MHz:   0% 3096 MHz:   0% 3300 MHz:   0% 3468 MHz:   0% 3624 MHz:   0% 3756 MHz:   0% 3828 MHz:   0% 3888 MHz:   0% 3948 MHz:   0% 3996 MHz:   0% 4044 MHz:   0% 4104 MHz:   0% 4416 MHz:   0% 4512 MHz:  30%)
CPU 15 idle residency:  20.77%
CPU 15 down residency:  49.15%

CPU Power: 7352 mW
GPU Power: 20411 mW
ANE Power: 0 mW
Combined Power (CPU + GPU + ANE): 27764 mW

**** GPU usage ****

GPU HW active frequency: 1578 MHz
GPU HW active residency: 100.00% (338 MHz:   0% 618 MHz:   0% 796 MHz:   0% 924 MHz:   0% 952 MHz:   0% 1056 MHz:   0% 1062 MHz:   0% 1182 MHz:   0% 1182 MHz:   0% 1312 MHz:   0% 1242 MHz:   0% 1380 MHz:   0% 1326 MHz:   0% 1470 MHz:   0% 1578 MHz: 100%)
GPU SW requested state: (P1 :   0% P2 :   0% P3 :   0% P4 :   0% P5 :   0% P6 :   0% P7 :   0% P8 :   0% P9 :   0% P10 : 100% P11 :   0% P12 :   0% P13 :   0% P14 :   0% P15 :   0%)
GPU SW state: (SW_P1 :   0% SW_P2 :   0% SW_P3 :   0% SW_P4 :   0% SW_P5 :   0% SW_P6 :   0% SW_P7 :   0% SW_P8 :   0% SW_P9 :   0% SW_P10 : 100% SW_P11 :   0% SW_P12 :   0% SW_P13 :   0% SW_P14 :   0% SW_P15 :   0%)
GPU idle residency:   0.00%
GPU Power: 20578 mW



*** Sampled system activity (Tue Jan 20 15:19:17 2026 +0100) (1020.95ms elapsed) ***


**** Processor usage ****

E-Cluster Online: 100%
E-Cluster HW active frequency: 1241 MHz
E-Cluster HW active residency:  47.96% (1020 MHz:  38% 1404 MHz: 1.0% 1788 MHz: 1.5% 2112 MHz: 3.7% 2352 MHz: 1.8% 2532 MHz:   0% 2592 MHz: 1.7%)
E-Cluster idle residency:  52.04%
E-Cluster down residency:   0.00%
CPU 0 frequency: 1289 MHz
CPU 0 active residency:  20.67% (1020 MHz:  15% 1404 MHz: .50% 1788 MHz: 1.0% 2112 MHz: 2.2% 2352 MHz: .91% 2532 MHz:   0% 2592 MHz: .59%)
CPU 0 idle residency:  79.33%
CPU 0 down residency:   0.00%
CPU 1 frequency: 1351 MHz
CPU 1 active residency:  12.23% (1020 MHz: 8.8% 1404 MHz: .07% 1788 MHz: .30% 2112 MHz: 1.8% 2352 MHz: .79% 2532 MHz:   0% 2592 MHz: .48%)
CPU 1 idle residency:  87.77%
CPU 1 down residency:   0.00%
CPU 2 frequency: 1314 MHz
CPU 2 active residency:   7.99% (1020 MHz: 5.8% 1404 MHz: .06% 1788 MHz: .58% 2112 MHz: 1.2% 2352 MHz: .28% 2532 MHz:   0% 2592 MHz: .16%)
CPU 2 idle residency:  92.01%
CPU 2 down residency:   0.00%
CPU 3 frequency: 1230 MHz
CPU 3 active residency:   5.23% (1020 MHz: 4.0% 1404 MHz: .45% 1788 MHz: .12% 2112 MHz: .41% 2352 MHz: .14% 2532 MHz:   0% 2592 MHz: .13%)
CPU 3 idle residency:  94.77%
CPU 3 down residency:   0.00%

P0-Cluster Online: 100%
P0-Cluster HW active frequency: 4048 MHz
P0-Cluster HW active residency:  99.54% (1260 MHz:   0% 1512 MHz:   0% 1800 MHz:   0% 2088 MHz:   0% 2352 MHz:   0% 2616 MHz:   0% 2868 MHz:   0% 3096 MHz:   0% 3300 MHz:   0% 3468 MHz:   0% 3624 MHz:   0% 3756 MHz:   0% 3828 MHz:   0% 3888 MHz:  41% 3948 MHz:  30% 3996 MHz: 3.2% 4044 MHz: 1.2% 4104 MHz:   0% 4416 MHz:  12% 4512 MHz:  12%)
P0-Cluster idle residency:   0.46%
P0-Cluster down residency:   0.00%
CPU 4 frequency: 4512 MHz
CPU 4 active residency:  69.61% (1260 MHz:   0% 1512 MHz:   0% 1800 MHz:   0% 2088 MHz:   0% 2352 MHz:   0% 2616 MHz:   0% 2868 MHz:   0% 3096 MHz:   0% 3300 MHz:   0% 3468 MHz:   0% 3624 MHz:   0% 3756 MHz:   0% 3828 MHz:   0% 3888 MHz:   0% 3948 MHz:   0% 3996 MHz:   0% 4044 MHz:   0% 4104 MHz:   0% 4416 MHz:   0% 4512 MHz:  70%)
CPU 4 idle residency:  30.39%
CPU 4 down residency:   0.00%
CPU 5 frequency: 4512 MHz
CPU 5 active residency:  62.43% (1260 MHz:   0% 1512 MHz:   0% 1800 MHz:   0% 2088 MHz:   0% 2352 MHz:   0% 2616 MHz:   0% 2868 MHz:   0% 3096 MHz:   0% 3300 MHz:   0% 3468 MHz:   0% 3624 MHz:   0% 3756 MHz:   0% 3828 MHz:   0% 3888 MHz:   0% 3948 MHz:   0% 3996 MHz:   0% 4044 MHz:   0% 4104 MHz:   0% 4416 MHz:   0% 4512 MHz:  62%)
CPU 5 idle residency:  37.57%
CPU 5 down residency:   0.00%
CPU 6 frequency: 4512 MHz
CPU 6 active residency:  64.10% (1260 MHz:   0% 1512 MHz:   0% 1800 MHz:   0% 2088 MHz:   0% 2352 MHz:   0% 2616 MHz:   0% 2868 MHz:   0% 3096 MHz:   0% 3300 MHz:   0% 3468 MHz:   0% 3624 MHz:   0% 3756 MHz:   0% 3828 MHz:   0% 3888 MHz:   0% 3948 MHz:   0% 3996 MHz:   0% 4044 MHz:   0% 4104 MHz:   0% 4416 MHz:   0% 4512 MHz:  64%)
CPU 6 idle residency:  35.90%
CPU 6 down residency:   0.00%
CPU 7 frequency: 4512 MHz
CPU 7 active residency:  52.79% (1260 MHz:   0% 1512 MHz:   0% 1800 MHz:   0% 2088 MHz:   0% 2352 MHz:   0% 2616 MHz:   0% 2868 MHz:   0% 3096 MHz:   0% 3300 MHz:   0% 3468 MHz:   0% 3624 MHz:   0% 3756 MHz:   0% 3828 MHz:   0% 3888 MHz:   0% 3948 MHz:   0% 3996 MHz:   0% 4044 MHz:   0% 4104 MHz:   0% 4416 MHz:   0% 4512 MHz:  53%)
CPU 7 idle residency:  47.21%
CPU 7 down residency:   0.00%
CPU 8 frequency: 4512 MHz
CPU 8 active residency:  64.96% (1260 MHz:   0% 1512 MHz:   0% 1800 MHz:   0% 2088 MHz:   0% 2352 MHz:   0% 2616 MHz:   0% 2868 MHz:   0% 3096 MHz:   0% 3300 MHz:   0% 3468 MHz:   0% 3624 MHz:   0% 3756 MHz:   0% 3828 MHz:   0% 3888 MHz:   0% 3948 MHz:   0% 3996 MHz:   0% 4044 MHz:   0% 4104 MHz:   0% 4416 MHz:   0% 4512 MHz:  65%)
CPU 8 idle residency:  35.04%
CPU 8 down residency:   0.00%
CPU 9 frequency: 4512 MHz
CPU 9 active residency:  48.04% (1260 MHz:   0% 1512 MHz:   0% 1800 MHz:   0% 2088 MHz:   0% 2352 MHz:   0% 2616 MHz:   0% 2868 MHz:   0% 3096 MHz:   0% 3300 MHz:   0% 3468 MHz:   0% 3624 MHz:   0% 3756 MHz:   0% 3828 MHz:   0% 3888 MHz:   0% 3948 MHz:   0% 3996 MHz:   0% 4044 MHz:   0% 4104 MHz:   0% 4416 MHz:   0% 4512 MHz:  48%)
CPU 9 idle residency:  51.96%
CPU 9 down residency:   0.00%

P1-Cluster HW active frequency: 2051 MHz
P1-Cluster HW active residency:   1.56% (1260 MHz: 1.2% 1512 MHz:   0% 1800 MHz:   0% 2088 MHz:   0% 2352 MHz:   0% 2616 MHz:   0% 2868 MHz:   0% 3096 MHz:   0% 3300 MHz:   0% 3468 MHz:   0% 3624 MHz:   0% 3756 MHz:   0% 3828 MHz:   0% 3888 MHz: .01% 3948 MHz: .01% 3996 MHz:   0% 4044 MHz:   0% 4104 MHz:   0% 4416 MHz: .01% 4512 MHz: .35%)
P1-Cluster idle residency:   3.10%
P1-Cluster down residency:  95.34%
CPU 10 frequency: 0 MHz
CPU 10 active residency:   0.00% (1260 MHz:   0% 1512 MHz:   0% 1800 MHz:   0% 2088 MHz:   0% 2352 MHz:   0% 2616 MHz:   0% 2868 MHz:   0% 3096 MHz:   0% 3300 MHz:   0% 3468 MHz:   0% 3624 MHz:   0% 3756 MHz:   0% 3828 MHz:   0% 3888 MHz:   0% 3948 MHz:   0% 3996 MHz:   0% 4044 MHz:   0% 4104 MHz:   0% 4416 MHz:   0% 4512 MHz:   0%)
CPU 10 idle residency:   4.48%
CPU 10 down residency:  95.52%
CPU 11 frequency: 0 MHz
CPU 11 active residency:   0.00% (1260 MHz:   0% 1512 MHz:   0% 1800 MHz:   0% 2088 MHz:   0% 2352 MHz:   0% 2616 MHz:   0% 2868 MHz:   0% 3096 MHz:   0% 3300 MHz:   0% 3468 MHz:   0% 3624 MHz:   0% 3756 MHz:   0% 3828 MHz:   0% 3888 MHz:   0% 3948 MHz:   0% 3996 MHz:   0% 4044 MHz:   0% 4104 MHz:   0% 4416 MHz:   0% 4512 MHz:   0%)
CPU 11 idle residency:   4.47%
CPU 11 down residency:  95.53%
CPU 12 frequency: 0 MHz
CPU 12 active residency:   0.00% (1260 MHz:   0% 1512 MHz:   0% 1800 MHz:   0% 2088 MHz:   0% 2352 MHz:   0% 2616 MHz:   0% 2868 MHz:   0% 3096 MHz:   0% 3300 MHz:   0% 3468 MHz:   0% 3624 MHz:   0% 3756 MHz:   0% 3828 MHz:   0% 3888 MHz:   0% 3948 MHz:   0% 3996 MHz:   0% 4044 MHz:   0% 4104 MHz:   0% 4416 MHz:   0% 4512 MHz:   0%)
CPU 12 idle residency:   4.46%
CPU 12 down residency:  95.54%
CPU 13 frequency: 0 MHz
CPU 13 active residency:   0.00% (1260 MHz:   0% 1512 MHz:   0% 1800 MHz:   0% 2088 MHz:   0% 2352 MHz:   0% 2616 MHz:   0% 2868 MHz:   0% 3096 MHz:   0% 3300 MHz:   0% 3468 MHz:   0% 3624 MHz:   0% 3756 MHz:   0% 3828 MHz:   0% 3888 MHz:   0% 3948 MHz:   0% 3996 MHz:   0% 4044 MHz:   0% 4104 MHz:   0% 4416 MHz:   0% 4512 MHz:   0%)
CPU 13 idle residency:   4.49%
CPU 13 down residency:  95.51%
CPU 14 frequency: 0 MHz
CPU 14 active residency:   0.00% (1260 MHz:   0% 1512 MHz:   0% 1800 MHz:   0% 2088 MHz:   0% 2352 MHz:   0% 2616 MHz:   0% 2868 MHz:   0% 3096 MHz:   0% 3300 MHz:   0% 3468 MHz:   0% 3624 MHz:   0% 3756 MHz:   0% 3828 MHz:   0% 3888 MHz:   0% 3948 MHz:   0% 3996 MHz:   0% 4044 MHz:   0% 4104 MHz:   0% 4416 MHz:   0% 4512 MHz:   0%)
CPU 14 idle residency:   4.49%
CPU 14 down residency:  95.51%
CPU 15 frequency: 0 MHz
CPU 15 active residency:   0.00% (1260 MHz:   0% 1512 MHz:   0% 1800 MHz:   0% 2088 MHz:   0% 2352 MHz:   0% 2616 MHz:   0% 2868 MHz:   0% 3096 MHz:   0% 3300 MHz:   0% 3468 MHz:   0% 3624 MHz:   0% 3756 MHz:   0% 3828 MHz:   0% 3888 MHz:   0% 3948 MHz:   0% 3996 MHz:   0% 4044 MHz:   0% 4104 MHz:   0% 4416 MHz:   0% 4512 MHz:   0%)
CPU 15 idle residency:   4.49%
CPU 15 down residency:  95.51%

CPU Power: 7281 mW
GPU Power: 20662 mW
ANE Power: 0 mW
Combined Power (CPU + GPU + ANE): 27943 mW

**** GPU usage ****

GPU HW active frequency: 1578 MHz
GPU HW active residency: 100.00% (338 MHz:   0% 618 MHz:   0% 796 MHz:   0% 924 MHz:   0% 952 MHz:   0% 1056 MHz:   0% 1062 MHz:   0% 1182 MHz:   0% 1182 MHz:   0% 1312 MHz:   0% 1242 MHz:   0% 1380 MHz:   0% 1326 MHz:   0% 1470 MHz:   0% 1578 MHz: 100%)
GPU SW requested state: (P1 :   0% P2 :   0% P3 :   0% P4 :   0% P5 :   0% P6 :   0% P7 :   0% P8 :   0% P9 :   0% P10 : 100% P11 :   0% P12 :   0% P13 :   0% P14 :   0% P15 :   0%)
GPU SW state: (SW_P1 :   0% SW_P2 :   0% SW_P3 :   0% SW_P4 :   0% SW_P5 :   0% SW_P6 :   0% SW_P7 :   0% SW_P8 :   0% SW_P9 :   0% SW_P10 : 100% SW_P11 :   0% SW_P12 :   0% SW_P13 :   0% SW_P14 :   0% SW_P15 :   0%)
GPU idle residency:   0.00%
GPU Power: 20663 mW



*** Sampled system activity (Tue Jan 20 15:19:18 2026 +0100) (1023.10ms elapsed) ***


**** Processor usage ****

E-Cluster Online: 100%
E-Cluster HW active frequency: 1334 MHz
E-Cluster HW active residency:  57.01% (1020 MHz:  41% 1404 MHz: 3.4% 1788 MHz: 1.8% 2112 MHz: 3.1% 2352 MHz: 3.1% 2532 MHz: .16% 2592 MHz: 4.8%)
E-Cluster idle residency:  42.99%
E-Cluster down residency:   0.00%
CPU 0 frequency: 1400 MHz
CPU 0 active residency:  29.14% (1020 MHz:  19% 1404 MHz: 2.1% 1788 MHz: 1.2% 2112 MHz: 2.3% 2352 MHz: 1.6% 2532 MHz: .06% 2592 MHz: 3.0%)
CPU 0 idle residency:  70.86%
CPU 0 down residency:   0.00%
CPU 1 frequency: 1488 MHz
CPU 1 active residency:  16.96% (1020 MHz:  10% 1404 MHz: .74% 1788 MHz: .59% 2112 MHz: 1.2% 2352 MHz: 1.7% 2532 MHz: .03% 2592 MHz: 2.2%)
CPU 1 idle residency:  83.04%
CPU 1 down residency:   0.00%
CPU 2 frequency: 1549 MHz
CPU 2 active residency:  13.19% (1020 MHz: 6.9% 1404 MHz: .91% 1788 MHz: .93% 2112 MHz: 1.3% 2352 MHz: 1.6% 2532 MHz: .02% 2592 MHz: 1.5%)
CPU 2 idle residency:  86.81%
CPU 2 down residency:   0.00%
CPU 3 frequency: 1600 MHz
CPU 3 active residency:   8.12% (1020 MHz: 4.1% 1404 MHz: .55% 1788 MHz: .34% 2112 MHz: .79% 2352 MHz: 1.2% 2532 MHz: .00% 2592 MHz: 1.1%)
CPU 3 idle residency:  91.88%
CPU 3 down residency:   0.00%

P0-Cluster Online: 100%
P0-Cluster HW active frequency: 4015 MHz
P0-Cluster HW active residency:  99.73% (1260 MHz:   0% 1512 MHz:   0% 1800 MHz:   0% 2088 MHz:   0% 2352 MHz:   0% 2616 MHz:   0% 2868 MHz:   0% 3096 MHz:   0% 3300 MHz:   0% 3468 MHz:   0% 3624 MHz:   0% 3756 MHz:   0% 3828 MHz:   0% 3888 MHz:  48% 3948 MHz:  28% 3996 MHz: 4.3% 4044 MHz: 1.2% 4104 MHz:   0% 4416 MHz: 9.3% 4512 MHz: 8.7%)
P0-Cluster idle residency:   0.27%
P0-Cluster down residency:   0.00%
CPU 4 frequency: 4512 MHz
CPU 4 active residency:  71.93% (1260 MHz:   0% 1512 MHz:   0% 1800 MHz:   0% 2088 MHz:   0% 2352 MHz:   0% 2616 MHz:   0% 2868 MHz:   0% 3096 MHz:   0% 3300 MHz:   0% 3468 MHz:   0% 3624 MHz:   0% 3756 MHz:   0% 3828 MHz:   0% 3888 MHz:   0% 3948 MHz:   0% 3996 MHz:   0% 4044 MHz:   0% 4104 MHz:   0% 4416 MHz:   0% 4512 MHz:  72%)
CPU 4 idle residency:  28.07%
CPU 4 down residency:   0.00%
CPU 5 frequency: 4512 MHz
CPU 5 active residency:  59.96% (1260 MHz:   0% 1512 MHz:   0% 1800 MHz:   0% 2088 MHz:   0% 2352 MHz:   0% 2616 MHz:   0% 2868 MHz:   0% 3096 MHz:   0% 3300 MHz:   0% 3468 MHz:   0% 3624 MHz:   0% 3756 MHz:   0% 3828 MHz:   0% 3888 MHz:   0% 3948 MHz:   0% 3996 MHz:   0% 4044 MHz:   0% 4104 MHz:   0% 4416 MHz:   0% 4512 MHz:  60%)
CPU 5 idle residency:  40.04%
CPU 5 down residency:   0.00%
CPU 6 frequency: 4512 MHz
CPU 6 active residency:  50.85% (1260 MHz:   0% 1512 MHz:   0% 1800 MHz:   0% 2088 MHz:   0% 2352 MHz:   0% 2616 MHz:   0% 2868 MHz:   0% 3096 MHz:   0% 3300 MHz:   0% 3468 MHz:   0% 3624 MHz:   0% 3756 MHz:   0% 3828 MHz:   0% 3888 MHz:   0% 3948 MHz:   0% 3996 MHz:   0% 4044 MHz:   0% 4104 MHz:   0% 4416 MHz:   0% 4512 MHz:  51%)
CPU 6 idle residency:  49.15%
CPU 6 down residency:   0.00%
CPU 7 frequency: 4512 MHz
CPU 7 active residency:  68.14% (1260 MHz:   0% 1512 MHz:   0% 1800 MHz:   0% 2088 MHz:   0% 2352 MHz:   0% 2616 MHz:   0% 2868 MHz:   0% 3096 MHz:   0% 3300 MHz:   0% 3468 MHz:   0% 3624 MHz:   0% 3756 MHz:   0% 3828 MHz:   0% 3888 MHz:   0% 3948 MHz:   0% 3996 MHz:   0% 4044 MHz:   0% 4104 MHz:   0% 4416 MHz:   0% 4512 MHz:  68%)
CPU 7 idle residency:  31.86%
CPU 7 down residency:   0.00%
CPU 8 frequency: 4512 MHz
CPU 8 active residency:  67.21% (1260 MHz:   0% 1512 MHz:   0% 1800 MHz:   0% 2088 MHz:   0% 2352 MHz:   0% 2616 MHz:   0% 2868 MHz:   0% 3096 MHz:   0% 3300 MHz:   0% 3468 MHz:   0% 3624 MHz:   0% 3756 MHz:   0% 3828 MHz:   0% 3888 MHz:   0% 3948 MHz:   0% 3996 MHz:   0% 4044 MHz:   0% 4104 MHz:   0% 4416 MHz:   0% 4512 MHz:  67%)
CPU 8 idle residency:  32.79%
CPU 8 down residency:   0.00%
CPU 9 frequency: 4512 MHz
CPU 9 active residency:  63.38% (1260 MHz:   0% 1512 MHz:   0% 1800 MHz:   0% 2088 MHz:   0% 2352 MHz:   0% 2616 MHz:   0% 2868 MHz:   0% 3096 MHz:   0% 3300 MHz:   0% 3468 MHz:   0% 3624 MHz:   0% 3756 MHz:   0% 3828 MHz:   0% 3888 MHz:   0% 3948 MHz:   0% 3996 MHz:   0% 4044 MHz:   0% 4104 MHz:   0% 4416 MHz:   0% 4512 MHz:  63%)
CPU 9 idle residency:  36.62%
CPU 9 down residency:   0.00%

P1-Cluster HW active frequency: 2355 MHz
P1-Cluster HW active residency:   2.97% (1260 MHz: 1.9% 1512 MHz:   0% 1800 MHz:   0% 2088 MHz: .04% 2352 MHz:   0% 2616 MHz:   0% 2868 MHz:   0% 3096 MHz:   0% 3300 MHz:   0% 3468 MHz:   0% 3624 MHz:   0% 3756 MHz:   0% 3828 MHz:   0% 3888 MHz: .08% 3948 MHz: .04% 3996 MHz:   0% 4044 MHz:   0% 4104 MHz:   0% 4416 MHz: .20% 4512 MHz: .70%)
P1-Cluster idle residency:   4.54%
P1-Cluster down residency:  92.49%
CPU 10 frequency: 0 MHz
CPU 10 active residency:   0.00% (1260 MHz:   0% 1512 MHz:   0% 1800 MHz:   0% 2088 MHz:   0% 2352 MHz:   0% 2616 MHz:   0% 2868 MHz:   0% 3096 MHz:   0% 3300 MHz:   0% 3468 MHz:   0% 3624 MHz:   0% 3756 MHz:   0% 3828 MHz:   0% 3888 MHz:   0% 3948 MHz:   0% 3996 MHz:   0% 4044 MHz:   0% 4104 MHz:   0% 4416 MHz:   0% 4512 MHz:   0%)
CPU 10 idle residency:   7.21%
CPU 10 down residency:  92.79%
CPU 11 frequency: 0 MHz
CPU 11 active residency:   0.00% (1260 MHz:   0% 1512 MHz:   0% 1800 MHz:   0% 2088 MHz:   0% 2352 MHz:   0% 2616 MHz:   0% 2868 MHz:   0% 3096 MHz:   0% 3300 MHz:   0% 3468 MHz:   0% 3624 MHz:   0% 3756 MHz:   0% 3828 MHz:   0% 3888 MHz:   0% 3948 MHz:   0% 3996 MHz:   0% 4044 MHz:   0% 4104 MHz:   0% 4416 MHz:   0% 4512 MHz:   0%)
CPU 11 idle residency:   7.20%
CPU 11 down residency:  92.80%
CPU 12 frequency: 0 MHz
CPU 12 active residency:   0.00% (1260 MHz:   0% 1512 MHz:   0% 1800 MHz:   0% 2088 MHz:   0% 2352 MHz:   0% 2616 MHz:   0% 2868 MHz:   0% 3096 MHz:   0% 3300 MHz:   0% 3468 MHz:   0% 3624 MHz:   0% 3756 MHz:   0% 3828 MHz:   0% 3888 MHz:   0% 3948 MHz:   0% 3996 MHz:   0% 4044 MHz:   0% 4104 MHz:   0% 4416 MHz:   0% 4512 MHz:   0%)
CPU 12 idle residency:   7.16%
CPU 12 down residency:  92.84%
CPU 13 frequency: 0 MHz
CPU 13 active residency:   0.00% (1260 MHz:   0% 1512 MHz:   0% 1800 MHz:   0% 2088 MHz:   0% 2352 MHz:   0% 2616 MHz:   0% 2868 MHz:   0% 3096 MHz:   0% 3300 MHz:   0% 3468 MHz:   0% 3624 MHz:   0% 3756 MHz:   0% 3828 MHz:   0% 3888 MHz:   0% 3948 MHz:   0% 3996 MHz:   0% 4044 MHz:   0% 4104 MHz:   0% 4416 MHz:   0% 4512 MHz:   0%)
CPU 13 idle residency:   7.22%
CPU 13 down residency:  92.78%
CPU 14 frequency: 0 MHz
CPU 14 active residency:   0.00% (1260 MHz:   0% 1512 MHz:   0% 1800 MHz:   0% 2088 MHz:   0% 2352 MHz:   0% 2616 MHz:   0% 2868 MHz:   0% 3096 MHz:   0% 3300 MHz:   0% 3468 MHz:   0% 3624 MHz:   0% 3756 MHz:   0% 3828 MHz:   0% 3888 MHz:   0% 3948 MHz:   0% 3996 MHz:   0% 4044 MHz:   0% 4104 MHz:   0% 4416 MHz:   0% 4512 MHz:   0%)
CPU 14 idle residency:   7.17%
CPU 14 down residency:  92.83%
CPU 15 frequency: 0 MHz
CPU 15 active residency:   0.00% (1260 MHz:   0% 1512 MHz:   0% 1800 MHz:   0% 2088 MHz:   0% 2352 MHz:   0% 2616 MHz:   0% 2868 MHz:   0% 3096 MHz:   0% 3300 MHz:   0% 3468 MHz:   0% 3624 MHz:   0% 3756 MHz:   0% 3828 MHz:   0% 3888 MHz:   0% 3948 MHz:   0% 3996 MHz:   0% 4044 MHz:   0% 4104 MHz:   0% 4416 MHz:   0% 4512 MHz:   0%)
CPU 15 idle residency:   7.19%
CPU 15 down residency:  92.81%

CPU Power: 7678 mW
GPU Power: 20527 mW
ANE Power: 0 mW
Combined Power (CPU + GPU + ANE): 28204 mW

**** GPU usage ****

GPU HW active frequency: 1578 MHz
GPU HW active residency: 100.00% (338 MHz:   0% 618 MHz:   0% 796 MHz:   0% 924 MHz:   0% 952 MHz:   0% 1056 MHz:   0% 1062 MHz:   0% 1182 MHz:   0% 1182 MHz:   0% 1312 MHz:   0% 1242 MHz:   0% 1380 MHz:   0% 1326 MHz:   0% 1470 MHz:   0% 1578 MHz: 100%)
GPU SW requested state: (P1 :   0% P2 :   0% P3 :   0% P4 :   0% P5 :   0% P6 :   0% P7 :   0% P8 :   0% P9 :   0% P10 : 100% P11 :   0% P12 :   0% P13 :   0% P14 :   0% P15 :   0%)
GPU SW state: (SW_P1 :   0% SW_P2 :   0% SW_P3 :   0% SW_P4 :   0% SW_P5 :   0% SW_P6 :   0% SW_P7 :   0% SW_P8 :   0% SW_P9 :   0% SW_P10 : 100% SW_P11 :   0% SW_P12 :   0% SW_P13 :   0% SW_P14 :   0% SW_P15 :   0%)
GPU idle residency:   0.00%
GPU Power: 20530 mW



*** Sampled system activity (Tue Jan 20 15:19:19 2026 +0100) (1024.79ms elapsed) ***


**** Processor usage ****

E-Cluster Online: 100%
E-Cluster HW active frequency: 1236 MHz
E-Cluster HW active residency:  46.08% (1020 MHz:  37% 1404 MHz: 1.5% 1788 MHz: 1.6% 2112 MHz: 2.8% 2352 MHz: 2.0% 2532 MHz: .07% 2592 MHz: 1.5%)
E-Cluster idle residency:  53.92%
E-Cluster down residency:   0.00%
CPU 0 frequency: 1346 MHz
CPU 0 active residency:  21.36% (1020 MHz:  15% 1404 MHz: 1.0% 1788 MHz: .97% 2112 MHz: 1.9% 2352 MHz: 1.8% 2532 MHz: .02% 2592 MHz: .85%)
CPU 0 idle residency:  78.64%
CPU 0 down residency:   0.00%
CPU 1 frequency: 1287 MHz
CPU 1 active residency:  11.43% (1020 MHz: 8.3% 1404 MHz: .52% 1788 MHz: .67% 2112 MHz: 1.1% 2352 MHz: .46% 2532 MHz: .04% 2592 MHz: .29%)
CPU 1 idle residency:  88.57%
CPU 1 down residency:   0.00%
CPU 2 frequency: 1300 MHz
CPU 2 active residency:   7.70% (1020 MHz: 5.7% 1404 MHz: .23% 1788 MHz: .20% 2112 MHz: .80% 2352 MHz: .43% 2532 MHz: .02% 2592 MHz: .28%)
CPU 2 idle residency:  92.30%
CPU 2 down residency:   0.00%
CPU 3 frequency: 1348 MHz
CPU 3 active residency:   4.74% (1020 MHz: 3.3% 1404 MHz: .06% 1788 MHz: .35% 2112 MHz: .71% 2352 MHz: .17% 2532 MHz: .00% 2592 MHz: .16%)
CPU 3 idle residency:  95.26%
CPU 3 down residency:   0.00%

P0-Cluster Online: 100%
P0-Cluster HW active frequency: 4015 MHz
P0-Cluster HW active residency:  99.67% (1260 MHz:   0% 1512 MHz:   0% 1800 MHz:   0% 2088 MHz:   0% 2352 MHz:   0% 2616 MHz:   0% 2868 MHz:   0% 3096 MHz:   0% 3300 MHz:   0% 3468 MHz:   0% 3624 MHz:   0% 3756 MHz:   0% 3828 MHz:   0% 3888 MHz:  47% 3948 MHz:  30% 3996 MHz: 4.0% 4044 MHz: 1.3% 4104 MHz:   0% 4416 MHz: 8.1% 4512 MHz: 9.4%)
P0-Cluster idle residency:   0.33%
P0-Cluster down residency:   0.00%
CPU 4 frequency: 4512 MHz
CPU 4 active residency:  60.58% (1260 MHz:   0% 1512 MHz:   0% 1800 MHz:   0% 2088 MHz:   0% 2352 MHz:   0% 2616 MHz:   0% 2868 MHz:   0% 3096 MHz:   0% 3300 MHz:   0% 3468 MHz:   0% 3624 MHz:   0% 3756 MHz:   0% 3828 MHz:   0% 3888 MHz:   0% 3948 MHz:   0% 3996 MHz:   0% 4044 MHz:   0% 4104 MHz:   0% 4416 MHz:   0% 4512 MHz:  61%)
CPU 4 idle residency:  39.42%
CPU 4 down residency:   0.00%
CPU 5 frequency: 4512 MHz
CPU 5 active residency:  71.63% (1260 MHz:   0% 1512 MHz:   0% 1800 MHz:   0% 2088 MHz:   0% 2352 MHz:   0% 2616 MHz:   0% 2868 MHz:   0% 3096 MHz:   0% 3300 MHz:   0% 3468 MHz:   0% 3624 MHz:   0% 3756 MHz:   0% 3828 MHz:   0% 3888 MHz:   0% 3948 MHz:   0% 3996 MHz:   0% 4044 MHz:   0% 4104 MHz:   0% 4416 MHz:   0% 4512 MHz:  72%)
CPU 5 idle residency:  28.37%
CPU 5 down residency:   0.00%
CPU 6 frequency: 4512 MHz
CPU 6 active residency:  68.61% (1260 MHz:   0% 1512 MHz:   0% 1800 MHz:   0% 2088 MHz:   0% 2352 MHz:   0% 2616 MHz:   0% 2868 MHz:   0% 3096 MHz:   0% 3300 MHz:   0% 3468 MHz:   0% 3624 MHz:   0% 3756 MHz:   0% 3828 MHz:   0% 3888 MHz:   0% 3948 MHz:   0% 3996 MHz:   0% 4044 MHz:   0% 4104 MHz:   0% 4416 MHz:   0% 4512 MHz:  69%)
CPU 6 idle residency:  31.39%
CPU 6 down residency:   0.00%
CPU 7 frequency: 4512 MHz
CPU 7 active residency:  72.58% (1260 MHz:   0% 1512 MHz:   0% 1800 MHz:   0% 2088 MHz:   0% 2352 MHz:   0% 2616 MHz:   0% 2868 MHz:   0% 3096 MHz:   0% 3300 MHz:   0% 3468 MHz:   0% 3624 MHz:   0% 3756 MHz:   0% 3828 MHz:   0% 3888 MHz:   0% 3948 MHz:   0% 3996 MHz:   0% 4044 MHz:   0% 4104 MHz:   0% 4416 MHz:   0% 4512 MHz:  73%)
CPU 7 idle residency:  27.42%
CPU 7 down residency:   0.00%
CPU 8 frequency: 4512 MHz
CPU 8 active residency:  70.78% (1260 MHz:   0% 1512 MHz:   0% 1800 MHz:   0% 2088 MHz:   0% 2352 MHz:   0% 2616 MHz:   0% 2868 MHz:   0% 3096 MHz:   0% 3300 MHz:   0% 3468 MHz:   0% 3624 MHz:   0% 3756 MHz:   0% 3828 MHz:   0% 3888 MHz:   0% 3948 MHz:   0% 3996 MHz:   0% 4044 MHz:   0% 4104 MHz:   0% 4416 MHz:   0% 4512 MHz:  71%)
CPU 8 idle residency:  29.22%
CPU 8 down residency:   0.00%
CPU 9 frequency: 4512 MHz
CPU 9 active residency:  40.01% (1260 MHz:   0% 1512 MHz:   0% 1800 MHz:   0% 2088 MHz:   0% 2352 MHz:   0% 2616 MHz:   0% 2868 MHz:   0% 3096 MHz:   0% 3300 MHz:   0% 3468 MHz:   0% 3624 MHz:   0% 3756 MHz:   0% 3828 MHz:   0% 3888 MHz:   0% 3948 MHz:   0% 3996 MHz:   0% 4044 MHz:   0% 4104 MHz:   0% 4416 MHz:   0% 4512 MHz:  40%)
CPU 9 idle residency:  59.99%
CPU 9 down residency:   0.00%

P1-Cluster HW active frequency: 2283 MHz
P1-Cluster HW active residency:   0.81% (1260 MHz: .55% 1512 MHz:   0% 1800 MHz:   0% 2088 MHz:   0% 2352 MHz:   0% 2616 MHz:   0% 2868 MHz:   0% 3096 MHz:   0% 3300 MHz:   0% 3468 MHz:   0% 3624 MHz:   0% 3756 MHz:   0% 3828 MHz:   0% 3888 MHz: .01% 3948 MHz: .00% 3996 MHz:   0% 4044 MHz:   0% 4104 MHz:   0% 4416 MHz: .01% 4512 MHz: .23%)
P1-Cluster idle residency:   2.41%
P1-Cluster down residency:  96.78%
CPU 10 frequency: 0 MHz
CPU 10 active residency:   0.00% (1260 MHz:   0% 1512 MHz:   0% 1800 MHz:   0% 2088 MHz:   0% 2352 MHz:   0% 2616 MHz:   0% 2868 MHz:   0% 3096 MHz:   0% 3300 MHz:   0% 3468 MHz:   0% 3624 MHz:   0% 3756 MHz:   0% 3828 MHz:   0% 3888 MHz:   0% 3948 MHz:   0% 3996 MHz:   0% 4044 MHz:   0% 4104 MHz:   0% 4416 MHz:   0% 4512 MHz:   0%)
CPU 10 idle residency:   3.12%
CPU 10 down residency:  96.88%
CPU 11 frequency: 0 MHz
CPU 11 active residency:   0.00% (1260 MHz:   0% 1512 MHz:   0% 1800 MHz:   0% 2088 MHz:   0% 2352 MHz:   0% 2616 MHz:   0% 2868 MHz:   0% 3096 MHz:   0% 3300 MHz:   0% 3468 MHz:   0% 3624 MHz:   0% 3756 MHz:   0% 3828 MHz:   0% 3888 MHz:   0% 3948 MHz:   0% 3996 MHz:   0% 4044 MHz:   0% 4104 MHz:   0% 4416 MHz:   0% 4512 MHz:   0%)
CPU 11 idle residency:   3.11%
CPU 11 down residency:  96.89%
CPU 12 frequency: 0 MHz
CPU 12 active residency:   0.00% (1260 MHz:   0% 1512 MHz:   0% 1800 MHz:   0% 2088 MHz:   0% 2352 MHz:   0% 2616 MHz:   0% 2868 MHz:   0% 3096 MHz:   0% 3300 MHz:   0% 3468 MHz:   0% 3624 MHz:   0% 3756 MHz:   0% 3828 MHz:   0% 3888 MHz:   0% 3948 MHz:   0% 3996 MHz:   0% 4044 MHz:   0% 4104 MHz:   0% 4416 MHz:   0% 4512 MHz:   0%)
CPU 12 idle residency:   3.12%
CPU 12 down residency:  96.88%
CPU 13 frequency: 0 MHz
CPU 13 active residency:   0.00% (1260 MHz:   0% 1512 MHz:   0% 1800 MHz:   0% 2088 MHz:   0% 2352 MHz:   0% 2616 MHz:   0% 2868 MHz:   0% 3096 MHz:   0% 3300 MHz:   0% 3468 MHz:   0% 3624 MHz:   0% 3756 MHz:   0% 3828 MHz:   0% 3888 MHz:   0% 3948 MHz:   0% 3996 MHz:   0% 4044 MHz:   0% 4104 MHz:   0% 4416 MHz:   0% 4512 MHz:   0%)
CPU 13 idle residency:   3.13%
CPU 13 down residency:  96.87%
CPU 14 frequency: 0 MHz
CPU 14 active residency:   0.00% (1260 MHz:   0% 1512 MHz:   0% 1800 MHz:   0% 2088 MHz:   0% 2352 MHz:   0% 2616 MHz:   0% 2868 MHz:   0% 3096 MHz:   0% 3300 MHz:   0% 3468 MHz:   0% 3624 MHz:   0% 3756 MHz:   0% 3828 MHz:   0% 3888 MHz:   0% 3948 MHz:   0% 3996 MHz:   0% 4044 MHz:   0% 4104 MHz:   0% 4416 MHz:   0% 4512 MHz:   0%)
CPU 14 idle residency:   3.12%
CPU 14 down residency:  96.88%
CPU 15 frequency: 0 MHz
CPU 15 active residency:   0.00% (1260 MHz:   0% 1512 MHz:   0% 1800 MHz:   0% 2088 MHz:   0% 2352 MHz:   0% 2616 MHz:   0% 2868 MHz:   0% 3096 MHz:   0% 3300 MHz:   0% 3468 MHz:   0% 3624 MHz:   0% 3756 MHz:   0% 3828 MHz:   0% 3888 MHz:   0% 3948 MHz:   0% 3996 MHz:   0% 4044 MHz:   0% 4104 MHz:   0% 4416 MHz:   0% 4512 MHz:   0%)
CPU 15 idle residency:   3.13%
CPU 15 down residency:  96.87%

CPU Power: 7103 mW
GPU Power: 20590 mW
ANE Power: 0 mW
Combined Power (CPU + GPU + ANE): 27693 mW

**** GPU usage ****

GPU HW active frequency: 1578 MHz
GPU HW active residency: 100.00% (338 MHz:   0% 618 MHz:   0% 796 MHz:   0% 924 MHz:   0% 952 MHz:   0% 1056 MHz:   0% 1062 MHz:   0% 1182 MHz:   0% 1182 MHz:   0% 1312 MHz:   0% 1242 MHz:   0% 1380 MHz:   0% 1326 MHz:   0% 1470 MHz:   0% 1578 MHz: 100%)
GPU SW requested state: (P1 :   0% P2 :   0% P3 :   0% P4 :   0% P5 :   0% P6 :   0% P7 :   0% P8 :   0% P9 :   0% P10 : 100% P11 :   0% P12 :   0% P13 :   0% P14 :   0% P15 :   0%)
GPU SW state: (SW_P1 :   0% SW_P2 :   0% SW_P3 :   0% SW_P4 :   0% SW_P5 :   0% SW_P6 :   0% SW_P7 :   0% SW_P8 :   0% SW_P9 :   0% SW_P10 : 100% SW_P11 :   0% SW_P12 :   0% SW_P13 :   0% SW_P14 :   0% SW_P15 :   0%)
GPU idle residency:   0.00%
GPU Power: 20590 mW



*** Sampled system activity (Tue Jan 20 15:19:20 2026 +0100) (1020.64ms elapsed) ***


**** Processor usage ****

E-Cluster Online: 100%
E-Cluster HW active frequency: 1247 MHz
E-Cluster HW active residency:  53.40% (1020 MHz:  41% 1404 MHz: 4.1% 1788 MHz: 1.4% 2112 MHz: 1.8% 2352 MHz: 1.8% 2532 MHz: .21% 2592 MHz: 3.1%)
E-Cluster idle residency:  46.60%
E-Cluster down residency:   0.00%
CPU 0 frequency: 1317 MHz
CPU 0 active residency:  24.75% (1020 MHz:  17% 1404 MHz: 2.7% 1788 MHz: .85% 2112 MHz: 1.2% 2352 MHz: 1.2% 2532 MHz: .21% 2592 MHz: 1.5%)
CPU 0 idle residency:  75.25%
CPU 0 down residency:   0.00%
CPU 1 frequency: 1310 MHz
CPU 1 active residency:  15.42% (1020 MHz:  11% 1404 MHz: 1.1% 1788 MHz: .73% 2112 MHz: .73% 2352 MHz: .38% 2532 MHz: .21% 2592 MHz: 1.2%)
CPU 1 idle residency:  84.58%
CPU 1 down residency:   0.00%
CPU 2 frequency: 1334 MHz
CPU 2 active residency:   9.20% (1020 MHz: 6.6% 1404 MHz: .66% 1788 MHz: .12% 2112 MHz: .53% 2352 MHz: .36% 2532 MHz: .20% 2592 MHz: .76%)
CPU 2 idle residency:  90.80%
CPU 2 down residency:   0.00%
CPU 3 frequency: 1314 MHz
CPU 3 active residency:   5.70% (1020 MHz: 4.2% 1404 MHz: .46% 1788 MHz: .10% 2112 MHz: .16% 2352 MHz: .05% 2532 MHz: .19% 2592 MHz: .57%)
CPU 3 idle residency:  94.30%
CPU 3 down residency:   0.00%

P0-Cluster Online: 47%
P0-Cluster HW active frequency: 3941 MHz
P0-Cluster HW active residency:  45.97% (1260 MHz: .61% 1512 MHz:   0% 1800 MHz:   0% 2088 MHz:   0% 2352 MHz:   0% 2616 MHz:   0% 2868 MHz:   0% 3096 MHz:   0% 3300 MHz:   0% 3468 MHz:   0% 3624 MHz:   0% 3756 MHz:   0% 3828 MHz:   0% 3888 MHz:  25% 3948 MHz: 9.1% 3996 MHz: 5.2% 4044 MHz: 1.0% 4104 MHz:   0% 4416 MHz: 3.5% 4512 MHz: 1.4%)
P0-Cluster idle residency:   1.54%
P0-Cluster down residency:  52.49%
CPU 4 frequency: 4509 MHz
CPU 4 active residency:  54.31% (1260 MHz: .05% 1512 MHz:   0% 1800 MHz:   0% 2088 MHz:   0% 2352 MHz:   0% 2616 MHz:   0% 2868 MHz:   0% 3096 MHz:   0% 3300 MHz:   0% 3468 MHz:   0% 3624 MHz:   0% 3756 MHz:   0% 3828 MHz:   0% 3888 MHz:   0% 3948 MHz:   0% 3996 MHz:   0% 4044 MHz:   0% 4104 MHz:   0% 4416 MHz:   0% 4512 MHz:  54%)
CPU 4 idle residency:   8.00%
CPU 4 down residency:  37.69%
CPU 5 frequency: 4512 MHz
CPU 5 active residency:  49.05% (1260 MHz:   0% 1512 MHz:   0% 1800 MHz:   0% 2088 MHz:   0% 2352 MHz:   0% 2616 MHz:   0% 2868 MHz:   0% 3096 MHz:   0% 3300 MHz:   0% 3468 MHz:   0% 3624 MHz:   0% 3756 MHz:   0% 3828 MHz:   0% 3888 MHz:   0% 3948 MHz:   0% 3996 MHz:   0% 4044 MHz:   0% 4104 MHz:   0% 4416 MHz:   0% 4512 MHz:  49%)
CPU 5 idle residency:  13.30%
CPU 5 down residency:  37.65%
CPU 6 frequency: 4512 MHz
CPU 6 active residency:  50.80% (1260 MHz:   0% 1512 MHz:   0% 1800 MHz:   0% 2088 MHz:   0% 2352 MHz:   0% 2616 MHz:   0% 2868 MHz:   0% 3096 MHz:   0% 3300 MHz:   0% 3468 MHz:   0% 3624 MHz:   0% 3756 MHz:   0% 3828 MHz:   0% 3888 MHz:   0% 3948 MHz:   0% 3996 MHz:   0% 4044 MHz:   0% 4104 MHz:   0% 4416 MHz:   0% 4512 MHz:  51%)
CPU 6 idle residency:  11.56%
CPU 6 down residency:  37.64%
CPU 7 frequency: 4512 MHz
CPU 7 active residency:  50.10% (1260 MHz:   0% 1512 MHz:   0% 1800 MHz:   0% 2088 MHz:   0% 2352 MHz:   0% 2616 MHz:   0% 2868 MHz:   0% 3096 MHz:   0% 3300 MHz:   0% 3468 MHz:   0% 3624 MHz:   0% 3756 MHz:   0% 3828 MHz:   0% 3888 MHz:   0% 3948 MHz:   0% 3996 MHz:   0% 4044 MHz:   0% 4104 MHz:   0% 4416 MHz:   0% 4512 MHz:  50%)
CPU 7 idle residency:  12.26%
CPU 7 down residency:  37.64%
CPU 8 frequency: 4512 MHz
CPU 8 active residency:  47.73% (1260 MHz:   0% 1512 MHz:   0% 1800 MHz:   0% 2088 MHz:   0% 2352 MHz:   0% 2616 MHz:   0% 2868 MHz:   0% 3096 MHz:   0% 3300 MHz:   0% 3468 MHz:   0% 3624 MHz:   0% 3756 MHz:   0% 3828 MHz:   0% 3888 MHz:   0% 3948 MHz:   0% 3996 MHz:   0% 4044 MHz:   0% 4104 MHz:   0% 4416 MHz:   0% 4512 MHz:  48%)
CPU 8 idle residency:  14.63%
CPU 8 down residency:  37.64%
CPU 9 frequency: 4512 MHz
CPU 9 active residency:  49.32% (1260 MHz:   0% 1512 MHz:   0% 1800 MHz:   0% 2088 MHz:   0% 2352 MHz:   0% 2616 MHz:   0% 2868 MHz:   0% 3096 MHz:   0% 3300 MHz:   0% 3468 MHz:   0% 3624 MHz:   0% 3756 MHz:   0% 3828 MHz:   0% 3888 MHz:   0% 3948 MHz:   0% 3996 MHz:   0% 4044 MHz:   0% 4104 MHz:   0% 4416 MHz:   0% 4512 MHz:  49%)
CPU 9 idle residency:  12.87%
CPU 9 down residency:  37.81%

P1-Cluster HW active frequency: 3886 MHz
P1-Cluster HW active residency:  58.93% (1260 MHz: 3.1% 1512 MHz: .06% 1800 MHz: .36% 2088 MHz:   0% 2352 MHz:   0% 2616 MHz:   0% 2868 MHz:   0% 3096 MHz:   0% 3300 MHz:   0% 3468 MHz:   0% 3624 MHz:   0% 3756 MHz:   0% 3828 MHz:   0% 3888 MHz:  22% 3948 MHz:  19% 3996 MHz: .22% 4044 MHz: .38% 4104 MHz:   0% 4416 MHz: 5.6% 4512 MHz: 7.5%)
P1-Cluster idle residency:   6.75%
P1-Cluster down residency:  34.32%
CPU 10 frequency: 4511 MHz
CPU 10 active residency:  37.73% (1260 MHz: .02% 1512 MHz:   0% 1800 MHz:   0% 2088 MHz:   0% 2352 MHz:   0% 2616 MHz:   0% 2868 MHz:   0% 3096 MHz:   0% 3300 MHz:   0% 3468 MHz:   0% 3624 MHz:   0% 3756 MHz:   0% 3828 MHz:   0% 3888 MHz:   0% 3948 MHz:   0% 3996 MHz:   0% 4044 MHz:   0% 4104 MHz:   0% 4416 MHz: .03% 4512 MHz:  38%)
CPU 10 idle residency:  28.15%
CPU 10 down residency:  34.12%
CPU 11 frequency: 4511 MHz
CPU 11 active residency:  35.13% (1260 MHz: .01% 1512 MHz:   0% 1800 MHz:   0% 2088 MHz:   0% 2352 MHz:   0% 2616 MHz:   0% 2868 MHz:   0% 3096 MHz:   0% 3300 MHz:   0% 3468 MHz:   0% 3624 MHz:   0% 3756 MHz:   0% 3828 MHz:   0% 3888 MHz:   0% 3948 MHz:   0% 3996 MHz:   0% 4044 MHz:   0% 4104 MHz:   0% 4416 MHz: .03% 4512 MHz:  35%)
CPU 11 idle residency:  30.74%
CPU 11 down residency:  34.12%
CPU 12 frequency: 4493 MHz
CPU 12 active residency:  36.25% (1260 MHz: .05% 1512 MHz: .05% 1800 MHz: .14% 2088 MHz: .00% 2352 MHz:   0% 2616 MHz:   0% 2868 MHz:   0% 3096 MHz:   0% 3300 MHz:   0% 3468 MHz:   0% 3624 MHz:   0% 3756 MHz:   0% 3828 MHz:   0% 3888 MHz:   0% 3948 MHz:   0% 3996 MHz:   0% 4044 MHz:   0% 4104 MHz:   0% 4416 MHz: .03% 4512 MHz:  36%)
CPU 12 idle residency:  29.66%
CPU 12 down residency:  34.09%
CPU 13 frequency: 4510 MHz
CPU 13 active residency:  34.47% (1260 MHz: .02% 1512 MHz:   0% 1800 MHz:   0% 2088 MHz:   0% 2352 MHz:   0% 2616 MHz:   0% 2868 MHz:   0% 3096 MHz:   0% 3300 MHz:   0% 3468 MHz:   0% 3624 MHz:   0% 3756 MHz:   0% 3828 MHz:   0% 3888 MHz:   0% 3948 MHz:   0% 3996 MHz:   0% 4044 MHz:   0% 4104 MHz:   0% 4416 MHz: .03% 4512 MHz:  34%)
CPU 13 idle residency:  31.41%
CPU 13 down residency:  34.12%
CPU 14 frequency: 4504 MHz
CPU 14 active residency:  32.52% (1260 MHz: .04% 1512 MHz: .03% 1800 MHz: .00% 2088 MHz: .00% 2352 MHz:   0% 2616 MHz:   0% 2868 MHz:   0% 3096 MHz:   0% 3300 MHz:   0% 3468 MHz:   0% 3624 MHz:   0% 3756 MHz:   0% 3828 MHz:   0% 3888 MHz:   0% 3948 MHz:   0% 3996 MHz:   0% 4044 MHz:   0% 4104 MHz:   0% 4416 MHz: .03% 4512 MHz:  32%)
CPU 14 idle residency:  33.38%
CPU 14 down residency:  34.10%
CPU 15 frequency: 4504 MHz
CPU 15 active residency:  29.54% (1260 MHz: .04% 1512 MHz: .03% 1800 MHz: .00% 2088 MHz: .00% 2352 MHz:   0% 2616 MHz:   0% 2868 MHz:   0% 3096 MHz:   0% 3300 MHz:   0% 3468 MHz:   0% 3624 MHz:   0% 3756 MHz:   0% 3828 MHz:   0% 3888 MHz:   0% 3948 MHz:   0% 3996 MHz:   0% 4044 MHz:   0% 4104 MHz:   0% 4416 MHz: .03% 4512 MHz:  29%)
CPU 15 idle residency:  36.35%
CPU 15 down residency:  34.11%

CPU Power: 7395 mW
GPU Power: 20848 mW
ANE Power: 0 mW
Combined Power (CPU + GPU + ANE): 28243 mW

**** GPU usage ****

GPU HW active frequency: 1578 MHz
GPU HW active residency:  99.96% (338 MHz: .02% 618 MHz:   0% 796 MHz:   0% 924 MHz:   0% 952 MHz:   0% 1056 MHz:   0% 1062 MHz:   0% 1182 MHz:   0% 1182 MHz:   0% 1312 MHz:   0% 1242 MHz:   0% 1380 MHz:   0% 1326 MHz:   0% 1470 MHz:   0% 1578 MHz: 100%)
GPU SW requested state: (P1 :   0% P2 :   0% P3 :   0% P4 :   0% P5 :   0% P6 :   0% P7 :   0% P8 :   0% P9 :   0% P10 : 100% P11 :   0% P12 :   0% P13 :   0% P14 :   0% P15 :   0%)
GPU SW state: (SW_P1 : .02% SW_P2 :   0% SW_P3 :   0% SW_P4 :   0% SW_P5 :   0% SW_P6 :   0% SW_P7 :   0% SW_P8 :   0% SW_P9 :   0% SW_P10 : 100% SW_P11 :   0% SW_P12 :   0% SW_P13 :   0% SW_P14 :   0% SW_P15 :   0%)
GPU idle residency:   0.04%
GPU Power: 20846 mW



*** Sampled system activity (Tue Jan 20 15:19:21 2026 +0100) (1021.64ms elapsed) ***


**** Processor usage ****

E-Cluster Online: 100%
E-Cluster HW active frequency: 1167 MHz
E-Cluster HW active residency:  54.26% (1020 MHz:  47% 1404 MHz: 1.5% 1788 MHz: 1.1% 2112 MHz: 1.6% 2352 MHz: .67% 2532 MHz: .50% 2592 MHz: 2.0%)
E-Cluster idle residency:  45.74%
E-Cluster down residency:   0.00%
CPU 0 frequency: 1222 MHz
CPU 0 active residency:  23.31% (1020 MHz:  19% 1404 MHz: .94% 1788 MHz: .70% 2112 MHz: 1.2% 2352 MHz: .44% 2532 MHz: .06% 2592 MHz: 1.2%)
CPU 0 idle residency:  76.69%
CPU 0 down residency:   0.00%
CPU 1 frequency: 1178 MHz
CPU 1 active residency:  15.27% (1020 MHz:  13% 1404 MHz: .59% 1788 MHz: .55% 2112 MHz: .41% 2352 MHz: .04% 2532 MHz: .24% 2592 MHz: .58%)
CPU 1 idle residency:  84.73%
CPU 1 down residency:   0.00%
CPU 2 frequency: 1206 MHz
CPU 2 active residency:   9.97% (1020 MHz: 8.0% 1404 MHz: .56% 1788 MHz: .20% 2112 MHz: .67% 2352 MHz: .23% 2532 MHz: .18% 2592 MHz: .11%)
CPU 2 idle residency:  90.03%
CPU 2 down residency:   0.00%
CPU 3 frequency: 1111 MHz
CPU 3 active residency:   5.48% (1020 MHz: 5.0% 1404 MHz: .16% 1788 MHz: .06% 2112 MHz: .12% 2352 MHz: .02% 2532 MHz: .05% 2592 MHz: .10%)
CPU 3 idle residency:  94.52%
CPU 3 down residency:   0.00%

P0-Cluster Online: 1%
P0-Cluster HW active frequency: 1937 MHz
P0-Cluster HW active residency:   0.51% (1260 MHz: .41% 1512 MHz:   0% 1800 MHz:   0% 2088 MHz:   0% 2352 MHz:   0% 2616 MHz:   0% 2868 MHz:   0% 3096 MHz:   0% 3300 MHz:   0% 3468 MHz:   0% 3624 MHz:   0% 3756 MHz:   0% 3828 MHz:   0% 3888 MHz: .00% 3948 MHz:   0% 3996 MHz:   0% 4044 MHz:   0% 4104 MHz:   0% 4416 MHz: .00% 4512 MHz: .10%)
P0-Cluster idle residency:   0.15%
P0-Cluster down residency:  99.34%
CPU 4 frequency: 0 MHz
CPU 4 active residency:   0.00% (1260 MHz:   0% 1512 MHz:   0% 1800 MHz:   0% 2088 MHz:   0% 2352 MHz:   0% 2616 MHz:   0% 2868 MHz:   0% 3096 MHz:   0% 3300 MHz:   0% 3468 MHz:   0% 3624 MHz:   0% 3756 MHz:   0% 3828 MHz:   0% 3888 MHz:   0% 3948 MHz:   0% 3996 MHz:   0% 4044 MHz:   0% 4104 MHz:   0% 4416 MHz:   0% 4512 MHz:   0%)
CPU 4 idle residency:   0.65%
CPU 4 down residency:  99.35%
CPU 5 frequency: 0 MHz
CPU 5 active residency:   0.00% (1260 MHz:   0% 1512 MHz:   0% 1800 MHz:   0% 2088 MHz:   0% 2352 MHz:   0% 2616 MHz:   0% 2868 MHz:   0% 3096 MHz:   0% 3300 MHz:   0% 3468 MHz:   0% 3624 MHz:   0% 3756 MHz:   0% 3828 MHz:   0% 3888 MHz:   0% 3948 MHz:   0% 3996 MHz:   0% 4044 MHz:   0% 4104 MHz:   0% 4416 MHz:   0% 4512 MHz:   0%)
CPU 5 idle residency:   0.64%
CPU 5 down residency:  99.36%
CPU 6 frequency: 0 MHz
CPU 6 active residency:   0.00% (1260 MHz:   0% 1512 MHz:   0% 1800 MHz:   0% 2088 MHz:   0% 2352 MHz:   0% 2616 MHz:   0% 2868 MHz:   0% 3096 MHz:   0% 3300 MHz:   0% 3468 MHz:   0% 3624 MHz:   0% 3756 MHz:   0% 3828 MHz:   0% 3888 MHz:   0% 3948 MHz:   0% 3996 MHz:   0% 4044 MHz:   0% 4104 MHz:   0% 4416 MHz:   0% 4512 MHz:   0%)
CPU 6 idle residency:   0.65%
CPU 6 down residency:  99.35%
CPU 7 frequency: 0 MHz
CPU 7 active residency:   0.00% (1260 MHz:   0% 1512 MHz:   0% 1800 MHz:   0% 2088 MHz:   0% 2352 MHz:   0% 2616 MHz:   0% 2868 MHz:   0% 3096 MHz:   0% 3300 MHz:   0% 3468 MHz:   0% 3624 MHz:   0% 3756 MHz:   0% 3828 MHz:   0% 3888 MHz:   0% 3948 MHz:   0% 3996 MHz:   0% 4044 MHz:   0% 4104 MHz:   0% 4416 MHz:   0% 4512 MHz:   0%)
CPU 7 idle residency:   0.65%
CPU 7 down residency:  99.35%
CPU 8 frequency: 0 MHz
CPU 8 active residency:   0.00% (1260 MHz:   0% 1512 MHz:   0% 1800 MHz:   0% 2088 MHz:   0% 2352 MHz:   0% 2616 MHz:   0% 2868 MHz:   0% 3096 MHz:   0% 3300 MHz:   0% 3468 MHz:   0% 3624 MHz:   0% 3756 MHz:   0% 3828 MHz:   0% 3888 MHz:   0% 3948 MHz:   0% 3996 MHz:   0% 4044 MHz:   0% 4104 MHz:   0% 4416 MHz:   0% 4512 MHz:   0%)
CPU 8 idle residency:   0.65%
CPU 8 down residency:  99.35%
CPU 9 frequency: 0 MHz
CPU 9 active residency:   0.00% (1260 MHz:   0% 1512 MHz:   0% 1800 MHz:   0% 2088 MHz:   0% 2352 MHz:   0% 2616 MHz:   0% 2868 MHz:   0% 3096 MHz:   0% 3300 MHz:   0% 3468 MHz:   0% 3624 MHz:   0% 3756 MHz:   0% 3828 MHz:   0% 3888 MHz:   0% 3948 MHz:   0% 3996 MHz:   0% 4044 MHz:   0% 4104 MHz:   0% 4416 MHz:   0% 4512 MHz:   0%)
CPU 9 idle residency:   0.63%
CPU 9 down residency:  99.37%

P1-Cluster HW active frequency: 4055 MHz
P1-Cluster HW active residency:  99.51% (1260 MHz:   0% 1512 MHz:   0% 1800 MHz:   0% 2088 MHz:   0% 2352 MHz:   0% 2616 MHz:   0% 2868 MHz:   0% 3096 MHz:   0% 3300 MHz:   0% 3468 MHz:   0% 3624 MHz:   0% 3756 MHz:   0% 3828 MHz:   0% 3888 MHz:  40% 3948 MHz:  29% 3996 MHz: 3.8% 4044 MHz: 1.7% 4104 MHz:   0% 4416 MHz:  11% 4512 MHz:  13%)
P1-Cluster idle residency:   0.49%
P1-Cluster down residency:   0.00%
CPU 10 frequency: 4512 MHz
CPU 10 active residency:  69.46% (1260 MHz:   0% 1512 MHz:   0% 1800 MHz:   0% 2088 MHz:   0% 2352 MHz:   0% 2616 MHz:   0% 2868 MHz:   0% 3096 MHz:   0% 3300 MHz:   0% 3468 MHz:   0% 3624 MHz:   0% 3756 MHz:   0% 3828 MHz:   0% 3888 MHz:   0% 3948 MHz:   0% 3996 MHz:   0% 4044 MHz:   0% 4104 MHz:   0% 4416 MHz:   0% 4512 MHz:  69%)
CPU 10 idle residency:  30.54%
CPU 10 down residency:   0.00%
CPU 11 frequency: 4512 MHz
CPU 11 active residency:  67.66% (1260 MHz:   0% 1512 MHz:   0% 1800 MHz:   0% 2088 MHz:   0% 2352 MHz:   0% 2616 MHz:   0% 2868 MHz:   0% 3096 MHz:   0% 3300 MHz:   0% 3468 MHz:   0% 3624 MHz:   0% 3756 MHz:   0% 3828 MHz:   0% 3888 MHz:   0% 3948 MHz:   0% 3996 MHz:   0% 4044 MHz:   0% 4104 MHz:   0% 4416 MHz:   0% 4512 MHz:  68%)
CPU 11 idle residency:  32.34%
CPU 11 down residency:   0.00%
CPU 12 frequency: 4512 MHz
CPU 12 active residency:  65.26% (1260 MHz:   0% 1512 MHz:   0% 1800 MHz:   0% 2088 MHz:   0% 2352 MHz:   0% 2616 MHz:   0% 2868 MHz:   0% 3096 MHz:   0% 3300 MHz:   0% 3468 MHz:   0% 3624 MHz:   0% 3756 MHz:   0% 3828 MHz:   0% 3888 MHz:   0% 3948 MHz:   0% 3996 MHz:   0% 4044 MHz:   0% 4104 MHz:   0% 4416 MHz:   0% 4512 MHz:  65%)
CPU 12 idle residency:  34.74%
CPU 12 down residency:   0.00%
CPU 13 frequency: 4512 MHz
CPU 13 active residency:  56.79% (1260 MHz:   0% 1512 MHz:   0% 1800 MHz:   0% 2088 MHz:   0% 2352 MHz:   0% 2616 MHz:   0% 2868 MHz:   0% 3096 MHz:   0% 3300 MHz:   0% 3468 MHz:   0% 3624 MHz:   0% 3756 MHz:   0% 3828 MHz:   0% 3888 MHz:   0% 3948 MHz:   0% 3996 MHz:   0% 4044 MHz:   0% 4104 MHz:   0% 4416 MHz:   0% 4512 MHz:  57%)
CPU 13 idle residency:  43.21%
CPU 13 down residency:   0.00%
CPU 14 frequency: 4512 MHz
CPU 14 active residency:  42.90% (1260 MHz:   0% 1512 MHz:   0% 1800 MHz:   0% 2088 MHz:   0% 2352 MHz:   0% 2616 MHz:   0% 2868 MHz:   0% 3096 MHz:   0% 3300 MHz:   0% 3468 MHz:   0% 3624 MHz:   0% 3756 MHz:   0% 3828 MHz:   0% 3888 MHz:   0% 3948 MHz:   0% 3996 MHz:   0% 4044 MHz:   0% 4104 MHz:   0% 4416 MHz:   0% 4512 MHz:  43%)
CPU 14 idle residency:  57.10%
CPU 14 down residency:   0.00%
CPU 15 frequency: 4512 MHz
CPU 15 active residency:  48.82% (1260 MHz:   0% 1512 MHz:   0% 1800 MHz:   0% 2088 MHz:   0% 2352 MHz:   0% 2616 MHz:   0% 2868 MHz:   0% 3096 MHz:   0% 3300 MHz:   0% 3468 MHz:   0% 3624 MHz:   0% 3756 MHz:   0% 3828 MHz:   0% 3888 MHz:   0% 3948 MHz:   0% 3996 MHz:   0% 4044 MHz:   0% 4104 MHz:   0% 4416 MHz:   0% 4512 MHz:  49%)
CPU 15 idle residency:  51.18%
CPU 15 down residency:   0.00%

CPU Power: 7029 mW
GPU Power: 21117 mW
ANE Power: 0 mW
Combined Power (CPU + GPU + ANE): 28146 mW

**** GPU usage ****

GPU HW active frequency: 1578 MHz
GPU HW active residency: 100.00% (338 MHz:   0% 618 MHz:   0% 796 MHz:   0% 924 MHz:   0% 952 MHz:   0% 1056 MHz:   0% 1062 MHz:   0% 1182 MHz:   0% 1182 MHz:   0% 1312 MHz:   0% 1242 MHz:   0% 1380 MHz:   0% 1326 MHz:   0% 1470 MHz:   0% 1578 MHz: 100%)
GPU SW requested state: (P1 :   0% P2 :   0% P3 :   0% P4 :   0% P5 :   0% P6 :   0% P7 :   0% P8 :   0% P9 :   0% P10 : 100% P11 :   0% P12 :   0% P13 :   0% P14 :   0% P15 :   0%)
GPU SW state: (SW_P1 :   0% SW_P2 :   0% SW_P3 :   0% SW_P4 :   0% SW_P5 :   0% SW_P6 :   0% SW_P7 :   0% SW_P8 :   0% SW_P9 :   0% SW_P10 : 100% SW_P11 :   0% SW_P12 :   0% SW_P13 :   0% SW_P14 :   0% SW_P15 :   0%)
GPU idle residency:   0.00%
GPU Power: 20948 mW



*** Sampled system activity (Tue Jan 20 15:19:22 2026 +0100) (1022.94ms elapsed) ***


**** Processor usage ****

E-Cluster Online: 100%
E-Cluster HW active frequency: 1260 MHz
E-Cluster HW active residency:  50.70% (1020 MHz:  39% 1404 MHz: 2.2% 1788 MHz: 2.1% 2112 MHz: 2.4% 2352 MHz: 1.7% 2532 MHz: .40% 2592 MHz: 2.7%)
E-Cluster idle residency:  49.30%
E-Cluster down residency:   0.00%
CPU 0 frequency: 1301 MHz
CPU 0 active residency:  22.92% (1020 MHz:  17% 1404 MHz: 1.2% 1788 MHz: 1.2% 2112 MHz: 1.5% 2352 MHz: .84% 2532 MHz: .02% 2592 MHz: 1.5%)
CPU 0 idle residency:  77.08%
CPU 0 down residency:   0.00%
CPU 1 frequency: 1387 MHz
CPU 1 active residency:  13.46% (1020 MHz: 9.0% 1404 MHz: .40% 1788 MHz: .87% 2112 MHz: 1.5% 2352 MHz: .56% 2532 MHz: .40% 2592 MHz: .73%)
CPU 1 idle residency:  86.54%
CPU 1 down residency:   0.00%
CPU 2 frequency: 1405 MHz
CPU 2 active residency:   9.54% (1020 MHz: 6.2% 1404 MHz: .48% 1788 MHz: .58% 2112 MHz: .79% 2352 MHz: .82% 2532 MHz: .01% 2592 MHz: .68%)
CPU 2 idle residency:  90.46%
CPU 2 down residency:   0.00%
CPU 3 frequency: 1389 MHz
CPU 3 active residency:   7.16% (1020 MHz: 3.7% 1404 MHz: 1.4% 1788 MHz: 1.0% 2112 MHz: .38% 2352 MHz: .34% 2532 MHz: .00% 2592 MHz: .27%)
CPU 3 idle residency:  92.84%
CPU 3 down residency:   0.00%

P0-Cluster Online: 8%
P0-Cluster HW active frequency: 3102 MHz
P0-Cluster HW active residency:   3.69% (1260 MHz: 1.3% 1512 MHz:   0% 1800 MHz:   0% 2088 MHz:   0% 2352 MHz:   0% 2616 MHz:   0% 2868 MHz:   0% 3096 MHz:   0% 3300 MHz:   0% 3468 MHz:   0% 3624 MHz:   0% 3756 MHz:   0% 3828 MHz:   0% 3888 MHz: .03% 3948 MHz: .14% 3996 MHz: .20% 4044 MHz: 1.3% 4104 MHz:   0% 4416 MHz: .22% 4512 MHz: .47%)
P0-Cluster idle residency:   3.52%
P0-Cluster down residency:  92.79%
CPU 4 frequency: 0 MHz
CPU 4 active residency:   0.00% (1260 MHz:   0% 1512 MHz:   0% 1800 MHz:   0% 2088 MHz:   0% 2352 MHz:   0% 2616 MHz:   0% 2868 MHz:   0% 3096 MHz:   0% 3300 MHz:   0% 3468 MHz:   0% 3624 MHz:   0% 3756 MHz:   0% 3828 MHz:   0% 3888 MHz:   0% 3948 MHz:   0% 3996 MHz:   0% 4044 MHz:   0% 4104 MHz:   0% 4416 MHz:   0% 4512 MHz:   0%)
CPU 4 idle residency:   6.70%
CPU 4 down residency:  93.30%
CPU 5 frequency: 0 MHz
CPU 5 active residency:   0.00% (1260 MHz:   0% 1512 MHz:   0% 1800 MHz:   0% 2088 MHz:   0% 2352 MHz:   0% 2616 MHz:   0% 2868 MHz:   0% 3096 MHz:   0% 3300 MHz:   0% 3468 MHz:   0% 3624 MHz:   0% 3756 MHz:   0% 3828 MHz:   0% 3888 MHz:   0% 3948 MHz:   0% 3996 MHz:   0% 4044 MHz:   0% 4104 MHz:   0% 4416 MHz:   0% 4512 MHz:   0%)
CPU 5 idle residency:   7.03%
CPU 5 down residency:  92.97%
CPU 6 frequency: 0 MHz
CPU 6 active residency:   0.00% (1260 MHz:   0% 1512 MHz:   0% 1800 MHz:   0% 2088 MHz:   0% 2352 MHz:   0% 2616 MHz:   0% 2868 MHz:   0% 3096 MHz:   0% 3300 MHz:   0% 3468 MHz:   0% 3624 MHz:   0% 3756 MHz:   0% 3828 MHz:   0% 3888 MHz:   0% 3948 MHz:   0% 3996 MHz:   0% 4044 MHz:   0% 4104 MHz:   0% 4416 MHz:   0% 4512 MHz:   0%)
CPU 6 idle residency:   6.99%
CPU 6 down residency:  93.01%
CPU 7 frequency: 0 MHz
CPU 7 active residency:   0.00% (1260 MHz:   0% 1512 MHz:   0% 1800 MHz:   0% 2088 MHz:   0% 2352 MHz:   0% 2616 MHz:   0% 2868 MHz:   0% 3096 MHz:   0% 3300 MHz:   0% 3468 MHz:   0% 3624 MHz:   0% 3756 MHz:   0% 3828 MHz:   0% 3888 MHz:   0% 3948 MHz:   0% 3996 MHz:   0% 4044 MHz:   0% 4104 MHz:   0% 4416 MHz:   0% 4512 MHz:   0%)
CPU 7 idle residency:   7.09%
CPU 7 down residency:  92.91%
CPU 8 frequency: 0 MHz
CPU 8 active residency:   0.00% (1260 MHz:   0% 1512 MHz:   0% 1800 MHz:   0% 2088 MHz:   0% 2352 MHz:   0% 2616 MHz:   0% 2868 MHz:   0% 3096 MHz:   0% 3300 MHz:   0% 3468 MHz:   0% 3624 MHz:   0% 3756 MHz:   0% 3828 MHz:   0% 3888 MHz:   0% 3948 MHz:   0% 3996 MHz:   0% 4044 MHz:   0% 4104 MHz:   0% 4416 MHz:   0% 4512 MHz:   0%)
CPU 8 idle residency:   6.94%
CPU 8 down residency:  93.06%
CPU 9 frequency: 0 MHz
CPU 9 active residency:   0.00% (1260 MHz:   0% 1512 MHz:   0% 1800 MHz:   0% 2088 MHz:   0% 2352 MHz:   0% 2616 MHz:   0% 2868 MHz:   0% 3096 MHz:   0% 3300 MHz:   0% 3468 MHz:   0% 3624 MHz:   0% 3756 MHz:   0% 3828 MHz:   0% 3888 MHz:   0% 3948 MHz:   0% 3996 MHz:   0% 4044 MHz:   0% 4104 MHz:   0% 4416 MHz:   0% 4512 MHz:   0%)
CPU 9 idle residency:   5.03%
CPU 9 down residency:  94.97%

P1-Cluster HW active frequency: 4055 MHz
P1-Cluster HW active residency:  99.55% (1260 MHz:   0% 1512 MHz:   0% 1800 MHz:   0% 2088 MHz:   0% 2352 MHz:   0% 2616 MHz:   0% 2868 MHz:   0% 3096 MHz:   0% 3300 MHz:   0% 3468 MHz:   0% 3624 MHz:   0% 3756 MHz:   0% 3828 MHz:   0% 3888 MHz:  37% 3948 MHz:  29% 3996 MHz: 7.4% 4044 MHz: 2.7% 4104 MHz:   0% 4416 MHz:  11% 4512 MHz:  12%)
P1-Cluster idle residency:   0.45%
P1-Cluster down residency:   0.00%
CPU 10 frequency: 4512 MHz
CPU 10 active residency:  64.71% (1260 MHz:   0% 1512 MHz:   0% 1800 MHz:   0% 2088 MHz:   0% 2352 MHz:   0% 2616 MHz:   0% 2868 MHz:   0% 3096 MHz:   0% 3300 MHz:   0% 3468 MHz:   0% 3624 MHz:   0% 3756 MHz:   0% 3828 MHz:   0% 3888 MHz:   0% 3948 MHz:   0% 3996 MHz:   0% 4044 MHz:   0% 4104 MHz:   0% 4416 MHz:   0% 4512 MHz:  65%)
CPU 10 idle residency:  35.29%
CPU 10 down residency:   0.00%
CPU 11 frequency: 4512 MHz
CPU 11 active residency:  46.01% (1260 MHz:   0% 1512 MHz:   0% 1800 MHz:   0% 2088 MHz:   0% 2352 MHz:   0% 2616 MHz:   0% 2868 MHz:   0% 3096 MHz:   0% 3300 MHz:   0% 3468 MHz:   0% 3624 MHz:   0% 3756 MHz:   0% 3828 MHz:   0% 3888 MHz:   0% 3948 MHz:   0% 3996 MHz:   0% 4044 MHz:   0% 4104 MHz:   0% 4416 MHz:   0% 4512 MHz:  46%)
CPU 11 idle residency:  53.99%
CPU 11 down residency:   0.00%
CPU 12 frequency: 4512 MHz
CPU 12 active residency:  39.98% (1260 MHz:   0% 1512 MHz:   0% 1800 MHz:   0% 2088 MHz:   0% 2352 MHz:   0% 2616 MHz:   0% 2868 MHz:   0% 3096 MHz:   0% 3300 MHz:   0% 3468 MHz:   0% 3624 MHz:   0% 3756 MHz:   0% 3828 MHz:   0% 3888 MHz:   0% 3948 MHz:   0% 3996 MHz:   0% 4044 MHz:   0% 4104 MHz:   0% 4416 MHz:   0% 4512 MHz:  40%)
CPU 12 idle residency:  60.02%
CPU 12 down residency:   0.00%
CPU 13 frequency: 4512 MHz
CPU 13 active residency:  61.58% (1260 MHz:   0% 1512 MHz:   0% 1800 MHz:   0% 2088 MHz:   0% 2352 MHz:   0% 2616 MHz:   0% 2868 MHz:   0% 3096 MHz:   0% 3300 MHz:   0% 3468 MHz:   0% 3624 MHz:   0% 3756 MHz:   0% 3828 MHz:   0% 3888 MHz:   0% 3948 MHz:   0% 3996 MHz:   0% 4044 MHz:   0% 4104 MHz:   0% 4416 MHz:   0% 4512 MHz:  62%)
CPU 13 idle residency:  38.42%
CPU 13 down residency:   0.00%
CPU 14 frequency: 4512 MHz
CPU 14 active residency:  59.25% (1260 MHz:   0% 1512 MHz:   0% 1800 MHz:   0% 2088 MHz:   0% 2352 MHz:   0% 2616 MHz:   0% 2868 MHz:   0% 3096 MHz:   0% 3300 MHz:   0% 3468 MHz:   0% 3624 MHz:   0% 3756 MHz:   0% 3828 MHz:   0% 3888 MHz:   0% 3948 MHz:   0% 3996 MHz:   0% 4044 MHz:   0% 4104 MHz:   0% 4416 MHz:   0% 4512 MHz:  59%)
CPU 14 idle residency:  40.75%
CPU 14 down residency:   0.00%
CPU 15 frequency: 4512 MHz
CPU 15 active residency:  63.42% (1260 MHz:   0% 1512 MHz:   0% 1800 MHz:   0% 2088 MHz:   0% 2352 MHz:   0% 2616 MHz:   0% 2868 MHz:   0% 3096 MHz:   0% 3300 MHz:   0% 3468 MHz:   0% 3624 MHz:   0% 3756 MHz:   0% 3828 MHz:   0% 3888 MHz:   0% 3948 MHz:   0% 3996 MHz:   0% 4044 MHz:   0% 4104 MHz:   0% 4416 MHz:   0% 4512 MHz:  63%)
CPU 15 idle residency:  36.58%
CPU 15 down residency:   0.00%

CPU Power: 7249 mW
GPU Power: 20987 mW
ANE Power: 0 mW
Combined Power (CPU + GPU + ANE): 28235 mW

**** GPU usage ****

GPU HW active frequency: 1578 MHz
GPU HW active residency:  99.98% (338 MHz: .01% 618 MHz:   0% 796 MHz:   0% 924 MHz:   0% 952 MHz:   0% 1056 MHz:   0% 1062 MHz:   0% 1182 MHz:   0% 1182 MHz:   0% 1312 MHz:   0% 1242 MHz:   0% 1380 MHz:   0% 1326 MHz:   0% 1470 MHz:   0% 1578 MHz: 100%)
GPU SW requested state: (P1 :   0% P2 :   0% P3 :   0% P4 :   0% P5 :   0% P6 :   0% P7 :   0% P8 :   0% P9 :   0% P10 : 100% P11 :   0% P12 :   0% P13 :   0% P14 :   0% P15 :   0%)
GPU SW state: (SW_P1 : .01% SW_P2 :   0% SW_P3 :   0% SW_P4 :   0% SW_P5 :   0% SW_P6 :   0% SW_P7 :   0% SW_P8 :   0% SW_P9 :   0% SW_P10 : 100% SW_P11 :   0% SW_P12 :   0% SW_P13 :   0% SW_P14 :   0% SW_P15 :   0%)
GPU idle residency:   0.02%
GPU Power: 21160 mW



*** Sampled system activity (Tue Jan 20 15:19:23 2026 +0100) (1021.36ms elapsed) ***


**** Processor usage ****

E-Cluster Online: 100%
E-Cluster HW active frequency: 1258 MHz
E-Cluster HW active residency:  45.65% (1020 MHz:  36% 1404 MHz: 1.4% 1788 MHz: 2.5% 2112 MHz: 1.2% 2352 MHz: 2.2% 2532 MHz: .22% 2592 MHz: 2.5%)
E-Cluster idle residency:  54.35%
E-Cluster down residency:   0.00%
CPU 0 frequency: 1299 MHz
CPU 0 active residency:  18.48% (1020 MHz:  14% 1404 MHz: .79% 1788 MHz: 1.3% 2112 MHz: .55% 2352 MHz: 1.3% 2532 MHz: .05% 2592 MHz: .89%)
CPU 0 idle residency:  81.52%
CPU 0 down residency:   0.00%
CPU 1 frequency: 1369 MHz
CPU 1 active residency:  12.21% (1020 MHz: 8.0% 1404 MHz: .62% 1788 MHz: 1.5% 2112 MHz: .60% 2352 MHz: .95% 2532 MHz: .08% 2592 MHz: .55%)
CPU 1 idle residency:  87.79%
CPU 1 down residency:   0.00%
CPU 2 frequency: 1324 MHz
CPU 2 active residency:   6.99% (1020 MHz: 5.2% 1404 MHz: .13% 1788 MHz: .43% 2112 MHz: .30% 2352 MHz: .38% 2532 MHz: .02% 2592 MHz: .55%)
CPU 2 idle residency:  93.01%
CPU 2 down residency:   0.00%
CPU 3 frequency: 1459 MHz
CPU 3 active residency:   5.67% (1020 MHz: 3.6% 1404 MHz: .19% 1788 MHz: .33% 2112 MHz: .17% 2352 MHz: .45% 2532 MHz: .15% 2592 MHz: .73%)
CPU 3 idle residency:  94.33%
CPU 3 down residency:   0.00%

P0-Cluster Online: 12%
P0-Cluster HW active frequency: 2687 MHz
P0-Cluster HW active residency:   4.11% (1260 MHz: 2.3% 1512 MHz:   0% 1800 MHz:   0% 2088 MHz:   0% 2352 MHz:   0% 2616 MHz:   0% 2868 MHz:   0% 3096 MHz:   0% 3300 MHz:   0% 3468 MHz:   0% 3624 MHz:   0% 3756 MHz:   0% 3828 MHz:   0% 3888 MHz: .03% 3948 MHz: .02% 3996 MHz:   0% 4044 MHz: .14% 4104 MHz:   0% 4416 MHz: .06% 4512 MHz: 1.6%)
P0-Cluster idle residency:   6.43%
P0-Cluster down residency:  89.46%
CPU 4 frequency: 3839 MHz
CPU 4 active residency:   0.80% (1260 MHz: .16% 1512 MHz:   0% 1800 MHz:   0% 2088 MHz:   0% 2352 MHz:   0% 2616 MHz:   0% 2868 MHz:   0% 3096 MHz:   0% 3300 MHz:   0% 3468 MHz:   0% 3624 MHz:   0% 3756 MHz:   0% 3828 MHz:   0% 3888 MHz:   0% 3948 MHz:   0% 3996 MHz:   0% 4044 MHz:   0% 4104 MHz:   0% 4416 MHz:   0% 4512 MHz: .63%)
CPU 4 idle residency:  10.10%
CPU 4 down residency:  89.11%
CPU 5 frequency: 4302 MHz
CPU 5 active residency:   0.29% (1260 MHz: .02% 1512 MHz:   0% 1800 MHz:   0% 2088 MHz:   0% 2352 MHz:   0% 2616 MHz:   0% 2868 MHz:   0% 3096 MHz:   0% 3300 MHz:   0% 3468 MHz:   0% 3624 MHz:   0% 3756 MHz:   0% 3828 MHz:   0% 3888 MHz:   0% 3948 MHz:   0% 3996 MHz:   0% 4044 MHz:   0% 4104 MHz:   0% 4416 MHz:   0% 4512 MHz: .27%)
CPU 5 idle residency:  10.13%
CPU 5 down residency:  89.58%
CPU 6 frequency: 4343 MHz
CPU 6 active residency:   0.35% (1260 MHz: .02% 1512 MHz:   0% 1800 MHz:   0% 2088 MHz:   0% 2352 MHz:   0% 2616 MHz:   0% 2868 MHz:   0% 3096 MHz:   0% 3300 MHz:   0% 3468 MHz:   0% 3624 MHz:   0% 3756 MHz:   0% 3828 MHz:   0% 3888 MHz:   0% 3948 MHz:   0% 3996 MHz:   0% 4044 MHz:   0% 4104 MHz:   0% 4416 MHz:   0% 4512 MHz: .33%)
CPU 6 idle residency:  10.09%
CPU 6 down residency:  89.56%
CPU 7 frequency: 4281 MHz
CPU 7 active residency:   0.25% (1260 MHz: .02% 1512 MHz:   0% 1800 MHz:   0% 2088 MHz:   0% 2352 MHz:   0% 2616 MHz:   0% 2868 MHz:   0% 3096 MHz:   0% 3300 MHz:   0% 3468 MHz:   0% 3624 MHz:   0% 3756 MHz:   0% 3828 MHz:   0% 3888 MHz:   0% 3948 MHz:   0% 3996 MHz:   0% 4044 MHz:   0% 4104 MHz:   0% 4416 MHz:   0% 4512 MHz: .23%)
CPU 7 idle residency:  10.17%
CPU 7 down residency:  89.58%
CPU 8 frequency: 4366 MHz
CPU 8 active residency:   0.41% (1260 MHz: .02% 1512 MHz:   0% 1800 MHz:   0% 2088 MHz:   0% 2352 MHz:   0% 2616 MHz:   0% 2868 MHz:   0% 3096 MHz:   0% 3300 MHz:   0% 3468 MHz:   0% 3624 MHz:   0% 3756 MHz:   0% 3828 MHz:   0% 3888 MHz:   0% 3948 MHz:   0% 3996 MHz:   0% 4044 MHz:   0% 4104 MHz:   0% 4416 MHz:   0% 4512 MHz: .39%)
CPU 8 idle residency:   9.30%
CPU 8 down residency:  90.29%
CPU 9 frequency: 4486 MHz
CPU 9 active residency:   2.37% (1260 MHz: .02% 1512 MHz:   0% 1800 MHz:   0% 2088 MHz:   0% 2352 MHz:   0% 2616 MHz:   0% 2868 MHz:   0% 3096 MHz:   0% 3300 MHz:   0% 3468 MHz:   0% 3624 MHz:   0% 3756 MHz:   0% 3828 MHz:   0% 3888 MHz:   0% 3948 MHz:   0% 3996 MHz:   0% 4044 MHz:   0% 4104 MHz:   0% 4416 MHz:   0% 4512 MHz: 2.4%)
CPU 9 idle residency:   9.92%
CPU 9 down residency:  87.71%

P1-Cluster HW active frequency: 4031 MHz
P1-Cluster HW active residency:  99.64% (1260 MHz:   0% 1512 MHz:   0% 1800 MHz:   0% 2088 MHz:   0% 2352 MHz:   0% 2616 MHz:   0% 2868 MHz:   0% 3096 MHz:   0% 3300 MHz:   0% 3468 MHz:   0% 3624 MHz:   0% 3756 MHz:   0% 3828 MHz:   0% 3888 MHz:  41% 3948 MHz:  30% 3996 MHz: 5.9% 4044 MHz: 2.2% 4104 MHz:   0% 4416 MHz:  10% 4512 MHz: 9.6%)
P1-Cluster idle residency:   0.36%
P1-Cluster down residency:   0.00%
CPU 10 frequency: 4512 MHz
CPU 10 active residency:  62.64% (1260 MHz:   0% 1512 MHz:   0% 1800 MHz:   0% 2088 MHz:   0% 2352 MHz:   0% 2616 MHz:   0% 2868 MHz:   0% 3096 MHz:   0% 3300 MHz:   0% 3468 MHz:   0% 3624 MHz:   0% 3756 MHz:   0% 3828 MHz:   0% 3888 MHz:   0% 3948 MHz:   0% 3996 MHz:   0% 4044 MHz:   0% 4104 MHz:   0% 4416 MHz:   0% 4512 MHz:  63%)
CPU 10 idle residency:  37.36%
CPU 10 down residency:   0.00%
CPU 11 frequency: 4512 MHz
CPU 11 active residency:  63.49% (1260 MHz:   0% 1512 MHz:   0% 1800 MHz:   0% 2088 MHz:   0% 2352 MHz:   0% 2616 MHz:   0% 2868 MHz:   0% 3096 MHz:   0% 3300 MHz:   0% 3468 MHz:   0% 3624 MHz:   0% 3756 MHz:   0% 3828 MHz:   0% 3888 MHz:   0% 3948 MHz:   0% 3996 MHz:   0% 4044 MHz:   0% 4104 MHz:   0% 4416 MHz:   0% 4512 MHz:  63%)
CPU 11 idle residency:  36.51%
CPU 11 down residency:   0.00%
CPU 12 frequency: 4512 MHz
CPU 12 active residency:  54.41% (1260 MHz:   0% 1512 MHz:   0% 1800 MHz:   0% 2088 MHz:   0% 2352 MHz:   0% 2616 MHz:   0% 2868 MHz:   0% 3096 MHz:   0% 3300 MHz:   0% 3468 MHz:   0% 3624 MHz:   0% 3756 MHz:   0% 3828 MHz:   0% 3888 MHz:   0% 3948 MHz:   0% 3996 MHz:   0% 4044 MHz:   0% 4104 MHz:   0% 4416 MHz:   0% 4512 MHz:  54%)
CPU 12 idle residency:  45.59%
CPU 12 down residency:   0.00%
CPU 13 frequency: 4512 MHz
CPU 13 active residency:  67.95% (1260 MHz:   0% 1512 MHz:   0% 1800 MHz:   0% 2088 MHz:   0% 2352 MHz:   0% 2616 MHz:   0% 2868 MHz:   0% 3096 MHz:   0% 3300 MHz:   0% 3468 MHz:   0% 3624 MHz:   0% 3756 MHz:   0% 3828 MHz:   0% 3888 MHz:   0% 3948 MHz:   0% 3996 MHz:   0% 4044 MHz:   0% 4104 MHz:   0% 4416 MHz:   0% 4512 MHz:  68%)
CPU 13 idle residency:  32.05%
CPU 13 down residency:   0.00%
CPU 14 frequency: 4512 MHz
CPU 14 active residency:  56.84% (1260 MHz:   0% 1512 MHz:   0% 1800 MHz:   0% 2088 MHz:   0% 2352 MHz:   0% 2616 MHz:   0% 2868 MHz:   0% 3096 MHz:   0% 3300 MHz:   0% 3468 MHz:   0% 3624 MHz:   0% 3756 MHz:   0% 3828 MHz:   0% 3888 MHz:   0% 3948 MHz:   0% 3996 MHz:   0% 4044 MHz:   0% 4104 MHz:   0% 4416 MHz:   0% 4512 MHz:  57%)
CPU 14 idle residency:  43.16%
CPU 14 down residency:   0.00%
CPU 15 frequency: 4512 MHz
CPU 15 active residency:  54.76% (1260 MHz:   0% 1512 MHz:   0% 1800 MHz:   0% 2088 MHz:   0% 2352 MHz:   0% 2616 MHz:   0% 2868 MHz:   0% 3096 MHz:   0% 3300 MHz:   0% 3468 MHz:   0% 3624 MHz:   0% 3756 MHz:   0% 3828 MHz:   0% 3888 MHz:   0% 3948 MHz:   0% 3996 MHz:   0% 4044 MHz:   0% 4104 MHz:   0% 4416 MHz:   0% 4512 MHz:  55%)
CPU 15 idle residency:  45.24%
CPU 15 down residency:   0.00%

CPU Power: 7316 mW
GPU Power: 21155 mW
ANE Power: 0 mW
Combined Power (CPU + GPU + ANE): 28471 mW

**** GPU usage ****

GPU HW active frequency: 1578 MHz
GPU HW active residency: 100.00% (338 MHz:   0% 618 MHz:   0% 796 MHz:   0% 924 MHz:   0% 952 MHz:   0% 1056 MHz:   0% 1062 MHz:   0% 1182 MHz:   0% 1182 MHz:   0% 1312 MHz:   0% 1242 MHz:   0% 1380 MHz:   0% 1326 MHz:   0% 1470 MHz:   0% 1578 MHz: 100%)
GPU SW requested state: (P1 :   0% P2 :   0% P3 :   0% P4 :   0% P5 :   0% P6 :   0% P7 :   0% P8 :   0% P9 :   0% P10 : 100% P11 :   0% P12 :   0% P13 :   0% P14 :   0% P15 :   0%)
GPU SW state: (SW_P1 :   0% SW_P2 :   0% SW_P3 :   0% SW_P4 :   0% SW_P5 :   0% SW_P6 :   0% SW_P7 :   0% SW_P8 :   0% SW_P9 :   0% SW_P10 : 100% SW_P11 :   0% SW_P12 :   0% SW_P13 :   0% SW_P14 :   0% SW_P15 :   0%)
GPU idle residency:   0.00%
GPU Power: 21152 mW



*** Sampled system activity (Tue Jan 20 15:19:24 2026 +0100) (1021.79ms elapsed) ***


**** Processor usage ****

E-Cluster Online: 100%
E-Cluster HW active frequency: 1291 MHz
E-Cluster HW active residency:  53.44% (1020 MHz:  39% 1404 MHz: 4.2% 1788 MHz: 1.9% 2112 MHz: 2.6% 2352 MHz: 1.9% 2532 MHz: .39% 2592 MHz: 3.4%)
E-Cluster idle residency:  46.56%
E-Cluster down residency:   0.00%
CPU 0 frequency: 1383 MHz
CPU 0 active residency:  26.10% (1020 MHz:  17% 1404 MHz: 2.6% 1788 MHz: 1.4% 2112 MHz: 2.1% 2352 MHz: 1.1% 2532 MHz: .39% 2592 MHz: 1.9%)
CPU 0 idle residency:  73.90%
CPU 0 down residency:   0.00%
CPU 1 frequency: 1358 MHz
CPU 1 active residency:  13.66% (1020 MHz: 9.2% 1404 MHz: .92% 1788 MHz: .64% 2112 MHz: 1.2% 2352 MHz: .64% 2532 MHz: .05% 2592 MHz: .98%)
CPU 1 idle residency:  86.34%
CPU 1 down residency:   0.00%
CPU 2 frequency: 1389 MHz
CPU 2 active residency:  10.02% (1020 MHz: 6.7% 1404 MHz: .57% 1788 MHz: .36% 2112 MHz: .83% 2352 MHz: .75% 2532 MHz: .01% 2592 MHz: .82%)
CPU 2 idle residency:  89.98%
CPU 2 down residency:   0.00%
CPU 3 frequency: 1390 MHz
CPU 3 active residency:   6.92% (1020 MHz: 4.1% 1404 MHz: 1.1% 1788 MHz: .30% 2112 MHz: .55% 2352 MHz: .34% 2532 MHz: .02% 2592 MHz: .53%)
CPU 3 idle residency:  93.08%
CPU 3 down residency:   0.00%

P0-Cluster Online: 77%
P0-Cluster HW active frequency: 3952 MHz
P0-Cluster HW active residency:  66.32% (1260 MHz: 2.5% 1512 MHz:   0% 1800 MHz: .09% 2088 MHz:   0% 2352 MHz:   0% 2616 MHz:   0% 2868 MHz:   0% 3096 MHz:   0% 3300 MHz:   0% 3468 MHz:   0% 3624 MHz:   0% 3756 MHz:   0% 3828 MHz:   0% 3888 MHz:  21% 3948 MHz:  25% 3996 MHz: .53% 4044 MHz: 1.3% 4104 MHz:   0% 4416 MHz: 6.5% 4512 MHz: 9.4%)
P0-Cluster idle residency:   7.93%
P0-Cluster down residency:  25.76%
CPU 4 frequency: 4503 MHz
CPU 4 active residency:  44.39% (1260 MHz: .11% 1512 MHz:   0% 1800 MHz: .02% 2088 MHz:   0% 2352 MHz:   0% 2616 MHz:   0% 2868 MHz:   0% 3096 MHz:   0% 3300 MHz:   0% 3468 MHz:   0% 3624 MHz:   0% 3756 MHz:   0% 3828 MHz:   0% 3888 MHz:   0% 3948 MHz:   0% 3996 MHz:   0% 4044 MHz:   0% 4104 MHz:   0% 4416 MHz:   0% 4512 MHz:  44%)
CPU 4 idle residency:  29.99%
CPU 4 down residency:  25.62%
CPU 5 frequency: 4502 MHz
CPU 5 active residency:  39.27% (1260 MHz: .12% 1512 MHz:   0% 1800 MHz: .01% 2088 MHz:   0% 2352 MHz:   0% 2616 MHz:   0% 2868 MHz:   0% 3096 MHz:   0% 3300 MHz:   0% 3468 MHz:   0% 3624 MHz:   0% 3756 MHz:   0% 3828 MHz:   0% 3888 MHz:   0% 3948 MHz:   0% 3996 MHz:   0% 4044 MHz:   0% 4104 MHz:   0% 4416 MHz:   0% 4512 MHz:  39%)
CPU 5 idle residency:  35.11%
CPU 5 down residency:  25.62%
CPU 6 frequency: 4498 MHz
CPU 6 active residency:  39.88% (1260 MHz: .15% 1512 MHz:   0% 1800 MHz: .03% 2088 MHz:   0% 2352 MHz:   0% 2616 MHz:   0% 2868 MHz:   0% 3096 MHz:   0% 3300 MHz:   0% 3468 MHz:   0% 3624 MHz:   0% 3756 MHz:   0% 3828 MHz:   0% 3888 MHz:   0% 3948 MHz:   0% 3996 MHz:   0% 4044 MHz:   0% 4104 MHz:   0% 4416 MHz: .00% 4512 MHz:  40%)
CPU 6 idle residency:  34.27%
CPU 6 down residency:  25.85%
CPU 7 frequency: 4500 MHz
CPU 7 active residency:  31.89% (1260 MHz: .11% 1512 MHz:   0% 1800 MHz: .01% 2088 MHz:   0% 2352 MHz:   0% 2616 MHz:   0% 2868 MHz:   0% 3096 MHz:   0% 3300 MHz:   0% 3468 MHz:   0% 3624 MHz:   0% 3756 MHz:   0% 3828 MHz:   0% 3888 MHz:   0% 3948 MHz:   0% 3996 MHz:   0% 4044 MHz:   0% 4104 MHz:   0% 4416 MHz:   0% 4512 MHz:  32%)
CPU 7 idle residency:  42.49%
CPU 7 down residency:  25.62%
CPU 8 frequency: 4494 MHz
CPU 8 active residency:  34.92% (1260 MHz: .17% 1512 MHz:   0% 1800 MHz: .02% 2088 MHz:   0% 2352 MHz:   0% 2616 MHz:   0% 2868 MHz:   0% 3096 MHz:   0% 3300 MHz:   0% 3468 MHz:   0% 3624 MHz:   0% 3756 MHz:   0% 3828 MHz:   0% 3888 MHz:   0% 3948 MHz:   0% 3996 MHz:   0% 4044 MHz:   0% 4104 MHz:   0% 4416 MHz: .16% 4512 MHz:  35%)
CPU 8 idle residency:  39.16%
CPU 8 down residency:  25.93%
CPU 9 frequency: 4495 MHz
CPU 9 active residency:  33.21% (1260 MHz: .16% 1512 MHz:   0% 1800 MHz: .03% 2088 MHz:   0% 2352 MHz:   0% 2616 MHz:   0% 2868 MHz:   0% 3096 MHz:   0% 3300 MHz:   0% 3468 MHz:   0% 3624 MHz:   0% 3756 MHz:   0% 3828 MHz:   0% 3888 MHz:   0% 3948 MHz:   0% 3996 MHz:   0% 4044 MHz:   0% 4104 MHz:   0% 4416 MHz: .00% 4512 MHz:  33%)
CPU 9 idle residency:  41.14%
CPU 9 down residency:  25.65%

P1-Cluster HW active frequency: 3944 MHz
P1-Cluster HW active residency:  40.75% (1260 MHz: .05% 1512 MHz: .05% 1800 MHz:   0% 2088 MHz:   0% 2352 MHz:   0% 2616 MHz:   0% 2868 MHz:   0% 3096 MHz:   0% 3300 MHz:   0% 3468 MHz:   0% 3624 MHz:   0% 3756 MHz:   0% 3828 MHz:   0% 3888 MHz:  24% 3948 MHz: 9.3% 3996 MHz: 4.1% 4044 MHz: .99% 4104 MHz:   0% 4416 MHz: 1.8% 4512 MHz: .62%)
P1-Cluster idle residency:   0.16%
P1-Cluster down residency:  59.09%
CPU 10 frequency: 4511 MHz
CPU 10 active residency:  32.43% (1260 MHz:   0% 1512 MHz: .01% 1800 MHz:   0% 2088 MHz:   0% 2352 MHz:   0% 2616 MHz:   0% 2868 MHz:   0% 3096 MHz:   0% 3300 MHz:   0% 3468 MHz:   0% 3624 MHz:   0% 3756 MHz:   0% 3828 MHz:   0% 3888 MHz:   0% 3948 MHz:   0% 3996 MHz:   0% 4044 MHz:   0% 4104 MHz:   0% 4416 MHz:   0% 4512 MHz:  32%)
CPU 10 idle residency:   9.97%
CPU 10 down residency:  57.60%
CPU 11 frequency: 4511 MHz
CPU 11 active residency:  32.53% (1260 MHz:   0% 1512 MHz: .02% 1800 MHz:   0% 2088 MHz:   0% 2352 MHz:   0% 2616 MHz:   0% 2868 MHz:   0% 3096 MHz:   0% 3300 MHz:   0% 3468 MHz:   0% 3624 MHz:   0% 3756 MHz:   0% 3828 MHz:   0% 3888 MHz:   0% 3948 MHz:   0% 3996 MHz:   0% 4044 MHz:   0% 4104 MHz:   0% 4416 MHz:   0% 4512 MHz:  33%)
CPU 11 idle residency:  10.32%
CPU 11 down residency:  57.15%
CPU 12 frequency: 4512 MHz
CPU 12 active residency:  33.61% (1260 MHz:   0% 1512 MHz:   0% 1800 MHz:   0% 2088 MHz:   0% 2352 MHz:   0% 2616 MHz:   0% 2868 MHz:   0% 3096 MHz:   0% 3300 MHz:   0% 3468 MHz:   0% 3624 MHz:   0% 3756 MHz:   0% 3828 MHz:   0% 3888 MHz:   0% 3948 MHz:   0% 3996 MHz:   0% 4044 MHz:   0% 4104 MHz:   0% 4416 MHz:   0% 4512 MHz:  34%)
CPU 12 idle residency:   9.24%
CPU 12 down residency:  57.15%
CPU 13 frequency: 4510 MHz
CPU 13 active residency:  28.23% (1260 MHz:   0% 1512 MHz: .02% 1800 MHz:   0% 2088 MHz:   0% 2352 MHz:   0% 2616 MHz:   0% 2868 MHz:   0% 3096 MHz:   0% 3300 MHz:   0% 3468 MHz:   0% 3624 MHz:   0% 3756 MHz:   0% 3828 MHz:   0% 3888 MHz:   0% 3948 MHz:   0% 3996 MHz:   0% 4044 MHz:   0% 4104 MHz:   0% 4416 MHz:   0% 4512 MHz:  28%)
CPU 13 idle residency:  14.62%
CPU 13 down residency:  57.15%
CPU 14 frequency: 4509 MHz
CPU 14 active residency:  29.97% (1260 MHz:   0% 1512 MHz: .04% 1800 MHz:   0% 2088 MHz:   0% 2352 MHz:   0% 2616 MHz:   0% 2868 MHz:   0% 3096 MHz:   0% 3300 MHz:   0% 3468 MHz:   0% 3624 MHz:   0% 3756 MHz:   0% 3828 MHz:   0% 3888 MHz:   0% 3948 MHz:   0% 3996 MHz:   0% 4044 MHz:   0% 4104 MHz:   0% 4416 MHz:   0% 4512 MHz:  30%)
CPU 14 idle residency:  12.88%
CPU 14 down residency:  57.15%
CPU 15 frequency: 4512 MHz
CPU 15 active residency:  30.74% (1260 MHz:   0% 1512 MHz: .00% 1800 MHz:   0% 2088 MHz:   0% 2352 MHz:   0% 2616 MHz:   0% 2868 MHz:   0% 3096 MHz:   0% 3300 MHz:   0% 3468 MHz:   0% 3624 MHz:   0% 3756 MHz:   0% 3828 MHz:   0% 3888 MHz:   0% 3948 MHz:   0% 3996 MHz:   0% 4044 MHz:   0% 4104 MHz:   0% 4416 MHz:   0% 4512 MHz:  31%)
CPU 15 idle residency:  12.09%
CPU 15 down residency:  57.17%

CPU Power: 7501 mW
GPU Power: 20866 mW
ANE Power: 0 mW
Combined Power (CPU + GPU + ANE): 28367 mW

**** GPU usage ****

GPU HW active frequency: 1578 MHz
GPU HW active residency:  99.98% (338 MHz: .01% 618 MHz:   0% 796 MHz:   0% 924 MHz:   0% 952 MHz:   0% 1056 MHz:   0% 1062 MHz:   0% 1182 MHz:   0% 1182 MHz:   0% 1312 MHz:   0% 1242 MHz:   0% 1380 MHz:   0% 1326 MHz:   0% 1470 MHz:   0% 1578 MHz: 100%)
GPU SW requested state: (P1 :   0% P2 :   0% P3 :   0% P4 :   0% P5 :   0% P6 :   0% P7 :   0% P8 :   0% P9 :   0% P10 : 100% P11 :   0% P12 :   0% P13 :   0% P14 :   0% P15 :   0%)
GPU SW state: (SW_P1 : .01% SW_P2 :   0% SW_P3 :   0% SW_P4 :   0% SW_P5 :   0% SW_P6 :   0% SW_P7 :   0% SW_P8 :   0% SW_P9 :   0% SW_P10 : 100% SW_P11 :   0% SW_P12 :   0% SW_P13 :   0% SW_P14 :   0% SW_P15 :   0%)
GPU idle residency:   0.02%
GPU Power: 20858 mW



*** Sampled system activity (Tue Jan 20 15:19:25 2026 +0100) (1019.39ms elapsed) ***


**** Processor usage ****

E-Cluster Online: 100%
E-Cluster HW active frequency: 1238 MHz
E-Cluster HW active residency:  48.56% (1020 MHz:  40% 1404 MHz: 1.1% 1788 MHz: 1.1% 2112 MHz: 2.1% 2352 MHz: 1.7% 2532 MHz: .03% 2592 MHz: 3.0%)
E-Cluster idle residency:  51.44%
E-Cluster down residency:   0.00%
CPU 0 frequency: 1300 MHz
CPU 0 active residency:  20.91% (1020 MHz:  16% 1404 MHz: .55% 1788 MHz: .72% 2112 MHz: 1.4% 2352 MHz: 1.0% 2532 MHz: .02% 2592 MHz: 1.4%)
CPU 0 idle residency:  79.09%
CPU 0 down residency:   0.00%
CPU 1 frequency: 1217 MHz
CPU 1 active residency:  13.16% (1020 MHz:  11% 1404 MHz: .52% 1788 MHz: .38% 2112 MHz: .48% 2352 MHz: .16% 2532 MHz: .00% 2592 MHz: .87%)
CPU 1 idle residency:  86.84%
CPU 1 down residency:   0.00%
CPU 2 frequency: 1364 MHz
CPU 2 active residency:   8.02% (1020 MHz: 5.7% 1404 MHz: .09% 1788 MHz: .40% 2112 MHz: .72% 2352 MHz: .70% 2532 MHz:   0% 2592 MHz: .45%)
CPU 2 idle residency:  91.98%
CPU 2 down residency:   0.00%
CPU 3 frequency: 1220 MHz
CPU 3 active residency:   3.41% (1020 MHz: 2.8% 1404 MHz: .06% 1788 MHz: .14% 2112 MHz: .12% 2352 MHz: .05% 2532 MHz:   0% 2592 MHz: .22%)
CPU 3 idle residency:  96.59%
CPU 3 down residency:   0.00%

P0-Cluster Online: 100%
P0-Cluster HW active frequency: 4011 MHz
P0-Cluster HW active residency:  99.61% (1260 MHz: .03% 1512 MHz:   0% 1800 MHz:   0% 2088 MHz:   0% 2352 MHz:   0% 2616 MHz:   0% 2868 MHz:   0% 3096 MHz:   0% 3300 MHz:   0% 3468 MHz:   0% 3624 MHz:   0% 3756 MHz:   0% 3828 MHz:   0% 3888 MHz:  46% 3948 MHz:  29% 3996 MHz: 5.8% 4044 MHz: 2.1% 4104 MHz:   0% 4416 MHz: 7.4% 4512 MHz: 9.1%)
P0-Cluster idle residency:   0.39%
P0-Cluster down residency:   0.00%
CPU 4 frequency: 4512 MHz
CPU 4 active residency:  53.96% (1260 MHz:   0% 1512 MHz:   0% 1800 MHz:   0% 2088 MHz:   0% 2352 MHz:   0% 2616 MHz:   0% 2868 MHz:   0% 3096 MHz:   0% 3300 MHz:   0% 3468 MHz:   0% 3624 MHz:   0% 3756 MHz:   0% 3828 MHz:   0% 3888 MHz:   0% 3948 MHz:   0% 3996 MHz:   0% 4044 MHz:   0% 4104 MHz:   0% 4416 MHz:   0% 4512 MHz:  54%)
CPU 4 idle residency:  46.04%
CPU 4 down residency:   0.00%
CPU 5 frequency: 4512 MHz
CPU 5 active residency:  64.31% (1260 MHz:   0% 1512 MHz:   0% 1800 MHz:   0% 2088 MHz:   0% 2352 MHz:   0% 2616 MHz:   0% 2868 MHz:   0% 3096 MHz:   0% 3300 MHz:   0% 3468 MHz:   0% 3624 MHz:   0% 3756 MHz:   0% 3828 MHz:   0% 3888 MHz:   0% 3948 MHz:   0% 3996 MHz:   0% 4044 MHz:   0% 4104 MHz:   0% 4416 MHz:   0% 4512 MHz:  64%)
CPU 5 idle residency:  35.69%
CPU 5 down residency:   0.00%
CPU 6 frequency: 4512 MHz
CPU 6 active residency:  68.61% (1260 MHz: .00% 1512 MHz:   0% 1800 MHz:   0% 2088 MHz:   0% 2352 MHz:   0% 2616 MHz:   0% 2868 MHz:   0% 3096 MHz:   0% 3300 MHz:   0% 3468 MHz:   0% 3624 MHz:   0% 3756 MHz:   0% 3828 MHz:   0% 3888 MHz:   0% 3948 MHz:   0% 3996 MHz:   0% 4044 MHz:   0% 4104 MHz:   0% 4416 MHz:   0% 4512 MHz:  69%)
CPU 6 idle residency:  31.39%
CPU 6 down residency:   0.00%
CPU 7 frequency: 4512 MHz
CPU 7 active residency:  60.32% (1260 MHz:   0% 1512 MHz:   0% 1800 MHz:   0% 2088 MHz:   0% 2352 MHz:   0% 2616 MHz:   0% 2868 MHz:   0% 3096 MHz:   0% 3300 MHz:   0% 3468 MHz:   0% 3624 MHz:   0% 3756 MHz:   0% 3828 MHz:   0% 3888 MHz:   0% 3948 MHz:   0% 3996 MHz:   0% 4044 MHz:   0% 4104 MHz:   0% 4416 MHz:   0% 4512 MHz:  60%)
CPU 7 idle residency:  39.68%
CPU 7 down residency:   0.00%
CPU 8 frequency: 4512 MHz
CPU 8 active residency:  66.75% (1260 MHz:   0% 1512 MHz:   0% 1800 MHz:   0% 2088 MHz:   0% 2352 MHz:   0% 2616 MHz:   0% 2868 MHz:   0% 3096 MHz:   0% 3300 MHz:   0% 3468 MHz:   0% 3624 MHz:   0% 3756 MHz:   0% 3828 MHz:   0% 3888 MHz:   0% 3948 MHz:   0% 3996 MHz:   0% 4044 MHz:   0% 4104 MHz:   0% 4416 MHz:   0% 4512 MHz:  67%)
CPU 8 idle residency:  33.25%
CPU 8 down residency:   0.00%
CPU 9 frequency: 4512 MHz
CPU 9 active residency:  66.28% (1260 MHz:   0% 1512 MHz:   0% 1800 MHz:   0% 2088 MHz:   0% 2352 MHz:   0% 2616 MHz:   0% 2868 MHz:   0% 3096 MHz:   0% 3300 MHz:   0% 3468 MHz:   0% 3624 MHz:   0% 3756 MHz:   0% 3828 MHz:   0% 3888 MHz:   0% 3948 MHz:   0% 3996 MHz:   0% 4044 MHz:   0% 4104 MHz:   0% 4416 MHz:   0% 4512 MHz:  66%)
CPU 9 idle residency:  33.72%
CPU 9 down residency:   0.00%

P1-Cluster HW active frequency: 3139 MHz
P1-Cluster HW active residency:   6.67% (1260 MHz: 2.4% 1512 MHz:   0% 1800 MHz: .02% 2088 MHz: .01% 2352 MHz:   0% 2616 MHz:   0% 2868 MHz: .07% 3096 MHz:   0% 3300 MHz:   0% 3468 MHz:   0% 3624 MHz:   0% 3756 MHz:   0% 3828 MHz:   0% 3888 MHz: .03% 3948 MHz: .17% 3996 MHz: .08% 4044 MHz: 1.9% 4104 MHz:   0% 4416 MHz: .17% 4512 MHz: 1.8%)
P1-Cluster idle residency:   5.68%
P1-Cluster down residency:  87.65%
CPU 10 frequency: 4181 MHz
CPU 10 active residency:   0.04% (1260 MHz: .00% 1512 MHz:   0% 1800 MHz:   0% 2088 MHz:   0% 2352 MHz:   0% 2616 MHz:   0% 2868 MHz:   0% 3096 MHz:   0% 3300 MHz:   0% 3468 MHz:   0% 3624 MHz:   0% 3756 MHz:   0% 3828 MHz:   0% 3888 MHz:   0% 3948 MHz:   0% 3996 MHz:   0% 4044 MHz:   0% 4104 MHz:   0% 4416 MHz:   0% 4512 MHz: .04%)
CPU 10 idle residency:  11.67%
CPU 10 down residency:  88.29%
CPU 11 frequency: 4512 MHz
CPU 11 active residency:   0.03% (1260 MHz:   0% 1512 MHz:   0% 1800 MHz:   0% 2088 MHz:   0% 2352 MHz:   0% 2616 MHz:   0% 2868 MHz:   0% 3096 MHz:   0% 3300 MHz:   0% 3468 MHz:   0% 3624 MHz:   0% 3756 MHz:   0% 3828 MHz:   0% 3888 MHz:   0% 3948 MHz:   0% 3996 MHz:   0% 4044 MHz:   0% 4104 MHz:   0% 4416 MHz:   0% 4512 MHz: .03%)
CPU 11 idle residency:  11.76%
CPU 11 down residency:  88.21%
CPU 12 frequency: 4512 MHz
CPU 12 active residency:   0.03% (1260 MHz:   0% 1512 MHz:   0% 1800 MHz:   0% 2088 MHz:   0% 2352 MHz:   0% 2616 MHz:   0% 2868 MHz:   0% 3096 MHz:   0% 3300 MHz:   0% 3468 MHz:   0% 3624 MHz:   0% 3756 MHz:   0% 3828 MHz:   0% 3888 MHz:   0% 3948 MHz:   0% 3996 MHz:   0% 4044 MHz:   0% 4104 MHz:   0% 4416 MHz:   0% 4512 MHz: .03%)
CPU 12 idle residency:   9.14%
CPU 12 down residency:  90.84%
CPU 13 frequency: 4512 MHz
CPU 13 active residency:   0.03% (1260 MHz:   0% 1512 MHz:   0% 1800 MHz:   0% 2088 MHz:   0% 2352 MHz:   0% 2616 MHz:   0% 2868 MHz:   0% 3096 MHz:   0% 3300 MHz:   0% 3468 MHz:   0% 3624 MHz:   0% 3756 MHz:   0% 3828 MHz:   0% 3888 MHz:   0% 3948 MHz:   0% 3996 MHz:   0% 4044 MHz:   0% 4104 MHz:   0% 4416 MHz:   0% 4512 MHz: .03%)
CPU 13 idle residency:  11.93%
CPU 13 down residency:  88.05%
CPU 14 frequency: 4512 MHz
CPU 14 active residency:   0.03% (1260 MHz:   0% 1512 MHz:   0% 1800 MHz:   0% 2088 MHz:   0% 2352 MHz:   0% 2616 MHz:   0% 2868 MHz:   0% 3096 MHz:   0% 3300 MHz:   0% 3468 MHz:   0% 3624 MHz:   0% 3756 MHz:   0% 3828 MHz:   0% 3888 MHz:   0% 3948 MHz:   0% 3996 MHz:   0% 4044 MHz:   0% 4104 MHz:   0% 4416 MHz:   0% 4512 MHz: .03%)
CPU 14 idle residency:  11.99%
CPU 14 down residency:  87.98%
CPU 15 frequency: 4512 MHz
CPU 15 active residency:   0.03% (1260 MHz:   0% 1512 MHz:   0% 1800 MHz:   0% 2088 MHz:   0% 2352 MHz:   0% 2616 MHz:   0% 2868 MHz:   0% 3096 MHz:   0% 3300 MHz:   0% 3468 MHz:   0% 3624 MHz:   0% 3756 MHz:   0% 3828 MHz:   0% 3888 MHz:   0% 3948 MHz:   0% 3996 MHz:   0% 4044 MHz:   0% 4104 MHz:   0% 4416 MHz:   0% 4512 MHz: .03%)
CPU 15 idle residency:  12.00%
CPU 15 down residency:  87.97%

CPU Power: 7379 mW
GPU Power: 21355 mW
ANE Power: 0 mW
Combined Power (CPU + GPU + ANE): 28734 mW

**** GPU usage ****

GPU HW active frequency: 1578 MHz
GPU HW active residency: 100.00% (338 MHz:   0% 618 MHz:   0% 796 MHz:   0% 924 MHz:   0% 952 MHz:   0% 1056 MHz:   0% 1062 MHz:   0% 1182 MHz:   0% 1182 MHz:   0% 1312 MHz:   0% 1242 MHz:   0% 1380 MHz:   0% 1326 MHz:   0% 1470 MHz:   0% 1578 MHz: 100%)
GPU SW requested state: (P1 :   0% P2 :   0% P3 :   0% P4 :   0% P5 :   0% P6 :   0% P7 :   0% P8 :   0% P9 :   0% P10 : 100% P11 :   0% P12 :   0% P13 :   0% P14 :   0% P15 :   0%)
GPU SW state: (SW_P1 :   0% SW_P2 :   0% SW_P3 :   0% SW_P4 :   0% SW_P5 :   0% SW_P6 :   0% SW_P7 :   0% SW_P8 :   0% SW_P9 :   0% SW_P10 : 100% SW_P11 :   0% SW_P12 :   0% SW_P13 :   0% SW_P14 :   0% SW_P15 :   0%)
GPU idle residency:   0.00%
GPU Power: 21192 mW



*** Sampled system activity (Tue Jan 20 15:19:26 2026 +0100) (1021.19ms elapsed) ***


**** Processor usage ****

E-Cluster Online: 100%
E-Cluster HW active frequency: 1173 MHz
E-Cluster HW active residency:  48.74% (1020 MHz:  42% 1404 MHz: .87% 1788 MHz: .89% 2112 MHz: 1.7% 2352 MHz: 1.4% 2532 MHz: .22% 2592 MHz: 1.6%)
E-Cluster idle residency:  51.26%
E-Cluster down residency:   0.00%
CPU 0 frequency: 1183 MHz
CPU 0 active residency:  20.26% (1020 MHz:  17% 1404 MHz: .47% 1788 MHz: .44% 2112 MHz: 1.0% 2352 MHz: .49% 2532 MHz: .02% 2592 MHz: .64%)
CPU 0 idle residency:  79.74%
CPU 0 down residency:   0.00%
CPU 1 frequency: 1193 MHz
CPU 1 active residency:  13.23% (1020 MHz:  11% 1404 MHz: .07% 1788 MHz: .08% 2112 MHz: .67% 2352 MHz: .28% 2532 MHz: .00% 2592 MHz: .70%)
CPU 1 idle residency:  86.77%
CPU 1 down residency:   0.00%
CPU 2 frequency: 1294 MHz
CPU 2 active residency:   7.09% (1020 MHz: 5.6% 1404 MHz: .04% 1788 MHz: .06% 2112 MHz: .51% 2352 MHz: .45% 2532 MHz: .22% 2592 MHz: .25%)
CPU 2 idle residency:  92.91%
CPU 2 down residency:   0.00%
CPU 3 frequency: 1425 MHz
CPU 3 active residency:   5.67% (1020 MHz: 3.3% 1404 MHz: .41% 1788 MHz: .44% 2112 MHz: .82% 2352 MHz: .49% 2532 MHz:   0% 2592 MHz: .15%)
CPU 3 idle residency:  94.33%
CPU 3 down residency:   0.00%

P0-Cluster Online: 100%
P0-Cluster HW active frequency: 4021 MHz
P0-Cluster HW active residency:  99.60% (1260 MHz:   0% 1512 MHz:   0% 1800 MHz:   0% 2088 MHz:   0% 2352 MHz:   0% 2616 MHz:   0% 2868 MHz:   0% 3096 MHz:   0% 3300 MHz:   0% 3468 MHz:   0% 3624 MHz:   0% 3756 MHz:   0% 3828 MHz:   0% 3888 MHz:  45% 3948 MHz:  30% 3996 MHz: 4.3% 4044 MHz: 2.0% 4104 MHz:   0% 4416 MHz: 8.2% 4512 MHz:  10%)
P0-Cluster idle residency:   0.40%
P0-Cluster down residency:   0.00%
CPU 4 frequency: 4512 MHz
CPU 4 active residency:  73.69% (1260 MHz:   0% 1512 MHz:   0% 1800 MHz:   0% 2088 MHz:   0% 2352 MHz:   0% 2616 MHz:   0% 2868 MHz:   0% 3096 MHz:   0% 3300 MHz:   0% 3468 MHz:   0% 3624 MHz:   0% 3756 MHz:   0% 3828 MHz:   0% 3888 MHz:   0% 3948 MHz:   0% 3996 MHz:   0% 4044 MHz:   0% 4104 MHz:   0% 4416 MHz:   0% 4512 MHz:  74%)
CPU 4 idle residency:  26.31%
CPU 4 down residency:   0.00%
CPU 5 frequency: 4512 MHz
CPU 5 active residency:  73.78% (1260 MHz:   0% 1512 MHz:   0% 1800 MHz:   0% 2088 MHz:   0% 2352 MHz:   0% 2616 MHz:   0% 2868 MHz:   0% 3096 MHz:   0% 3300 MHz:   0% 3468 MHz:   0% 3624 MHz:   0% 3756 MHz:   0% 3828 MHz:   0% 3888 MHz:   0% 3948 MHz:   0% 3996 MHz:   0% 4044 MHz:   0% 4104 MHz:   0% 4416 MHz:   0% 4512 MHz:  74%)
CPU 5 idle residency:  26.22%
CPU 5 down residency:   0.00%
CPU 6 frequency: 4512 MHz
CPU 6 active residency:  56.42% (1260 MHz:   0% 1512 MHz:   0% 1800 MHz:   0% 2088 MHz:   0% 2352 MHz:   0% 2616 MHz:   0% 2868 MHz:   0% 3096 MHz:   0% 3300 MHz:   0% 3468 MHz:   0% 3624 MHz:   0% 3756 MHz:   0% 3828 MHz:   0% 3888 MHz:   0% 3948 MHz:   0% 3996 MHz:   0% 4044 MHz:   0% 4104 MHz:   0% 4416 MHz:   0% 4512 MHz:  56%)
CPU 6 idle residency:  43.58%
CPU 6 down residency:   0.00%
CPU 7 frequency: 4512 MHz
CPU 7 active residency:  55.71% (1260 MHz:   0% 1512 MHz:   0% 1800 MHz:   0% 2088 MHz:   0% 2352 MHz:   0% 2616 MHz:   0% 2868 MHz:   0% 3096 MHz:   0% 3300 MHz:   0% 3468 MHz:   0% 3624 MHz:   0% 3756 MHz:   0% 3828 MHz:   0% 3888 MHz:   0% 3948 MHz:   0% 3996 MHz:   0% 4044 MHz:   0% 4104 MHz:   0% 4416 MHz:   0% 4512 MHz:  56%)
CPU 7 idle residency:  44.29%
CPU 7 down residency:   0.00%
CPU 8 frequency: 4512 MHz
CPU 8 active residency:  64.20% (1260 MHz:   0% 1512 MHz:   0% 1800 MHz:   0% 2088 MHz:   0% 2352 MHz:   0% 2616 MHz:   0% 2868 MHz:   0% 3096 MHz:   0% 3300 MHz:   0% 3468 MHz:   0% 3624 MHz:   0% 3756 MHz:   0% 3828 MHz:   0% 3888 MHz:   0% 3948 MHz:   0% 3996 MHz:   0% 4044 MHz:   0% 4104 MHz:   0% 4416 MHz:   0% 4512 MHz:  64%)
CPU 8 idle residency:  35.80%
CPU 8 down residency:   0.00%
CPU 9 frequency: 4512 MHz
CPU 9 active residency:  50.76% (1260 MHz:   0% 1512 MHz:   0% 1800 MHz:   0% 2088 MHz:   0% 2352 MHz:   0% 2616 MHz:   0% 2868 MHz:   0% 3096 MHz:   0% 3300 MHz:   0% 3468 MHz:   0% 3624 MHz:   0% 3756 MHz:   0% 3828 MHz:   0% 3888 MHz:   0% 3948 MHz:   0% 3996 MHz:   0% 4044 MHz:   0% 4104 MHz:   0% 4416 MHz:   0% 4512 MHz:  51%)
CPU 9 idle residency:  49.24%
CPU 9 down residency:   0.00%

P1-Cluster HW active frequency: 2483 MHz
P1-Cluster HW active residency:   1.18% (1260 MHz: .68% 1512 MHz:   0% 1800 MHz: .06% 2088 MHz:   0% 2352 MHz:   0% 2616 MHz:   0% 2868 MHz:   0% 3096 MHz:   0% 3300 MHz:   0% 3468 MHz:   0% 3624 MHz:   0% 3756 MHz:   0% 3828 MHz:   0% 3888 MHz: .02% 3948 MHz: .01% 3996 MHz:   0% 4044 MHz:   0% 4104 MHz:   0% 4416 MHz: .03% 4512 MHz: .37%)
P1-Cluster idle residency:   2.48%
P1-Cluster down residency:  96.34%
CPU 10 frequency: 0 MHz
CPU 10 active residency:   0.00% (1260 MHz:   0% 1512 MHz:   0% 1800 MHz:   0% 2088 MHz:   0% 2352 MHz:   0% 2616 MHz:   0% 2868 MHz:   0% 3096 MHz:   0% 3300 MHz:   0% 3468 MHz:   0% 3624 MHz:   0% 3756 MHz:   0% 3828 MHz:   0% 3888 MHz:   0% 3948 MHz:   0% 3996 MHz:   0% 4044 MHz:   0% 4104 MHz:   0% 4416 MHz:   0% 4512 MHz:   0%)
CPU 10 idle residency:   3.49%
CPU 10 down residency:  96.51%
CPU 11 frequency: 0 MHz
CPU 11 active residency:   0.00% (1260 MHz:   0% 1512 MHz:   0% 1800 MHz:   0% 2088 MHz:   0% 2352 MHz:   0% 2616 MHz:   0% 2868 MHz:   0% 3096 MHz:   0% 3300 MHz:   0% 3468 MHz:   0% 3624 MHz:   0% 3756 MHz:   0% 3828 MHz:   0% 3888 MHz:   0% 3948 MHz:   0% 3996 MHz:   0% 4044 MHz:   0% 4104 MHz:   0% 4416 MHz:   0% 4512 MHz:   0%)
CPU 11 idle residency:   3.48%
CPU 11 down residency:  96.52%
CPU 12 frequency: 0 MHz
CPU 12 active residency:   0.00% (1260 MHz:   0% 1512 MHz:   0% 1800 MHz:   0% 2088 MHz:   0% 2352 MHz:   0% 2616 MHz:   0% 2868 MHz:   0% 3096 MHz:   0% 3300 MHz:   0% 3468 MHz:   0% 3624 MHz:   0% 3756 MHz:   0% 3828 MHz:   0% 3888 MHz:   0% 3948 MHz:   0% 3996 MHz:   0% 4044 MHz:   0% 4104 MHz:   0% 4416 MHz:   0% 4512 MHz:   0%)
CPU 12 idle residency:   3.50%
CPU 12 down residency:  96.50%
CPU 13 frequency: 0 MHz
CPU 13 active residency:   0.00% (1260 MHz:   0% 1512 MHz:   0% 1800 MHz:   0% 2088 MHz:   0% 2352 MHz:   0% 2616 MHz:   0% 2868 MHz:   0% 3096 MHz:   0% 3300 MHz:   0% 3468 MHz:   0% 3624 MHz:   0% 3756 MHz:   0% 3828 MHz:   0% 3888 MHz:   0% 3948 MHz:   0% 3996 MHz:   0% 4044 MHz:   0% 4104 MHz:   0% 4416 MHz:   0% 4512 MHz:   0%)
CPU 13 idle residency:   3.53%
CPU 13 down residency:  96.47%
CPU 14 frequency: 0 MHz
CPU 14 active residency:   0.00% (1260 MHz:   0% 1512 MHz:   0% 1800 MHz:   0% 2088 MHz:   0% 2352 MHz:   0% 2616 MHz:   0% 2868 MHz:   0% 3096 MHz:   0% 3300 MHz:   0% 3468 MHz:   0% 3624 MHz:   0% 3756 MHz:   0% 3828 MHz:   0% 3888 MHz:   0% 3948 MHz:   0% 3996 MHz:   0% 4044 MHz:   0% 4104 MHz:   0% 4416 MHz:   0% 4512 MHz:   0%)
CPU 14 idle residency:   3.52%
CPU 14 down residency:  96.48%
CPU 15 frequency: 0 MHz
CPU 15 active residency:   0.00% (1260 MHz:   0% 1512 MHz:   0% 1800 MHz:   0% 2088 MHz:   0% 2352 MHz:   0% 2616 MHz:   0% 2868 MHz:   0% 3096 MHz:   0% 3300 MHz:   0% 3468 MHz:   0% 3624 MHz:   0% 3756 MHz:   0% 3828 MHz:   0% 3888 MHz:   0% 3948 MHz:   0% 3996 MHz:   0% 4044 MHz:   0% 4104 MHz:   0% 4416 MHz:   0% 4512 MHz:   0%)
CPU 15 idle residency:   3.55%
CPU 15 down residency:  96.45%

CPU Power: 7056 mW
GPU Power: 21251 mW
ANE Power: 0 mW
Combined Power (CPU + GPU + ANE): 28307 mW

**** GPU usage ****

GPU HW active frequency: 1578 MHz
GPU HW active residency: 100.00% (338 MHz:   0% 618 MHz:   0% 796 MHz:   0% 924 MHz:   0% 952 MHz:   0% 1056 MHz:   0% 1062 MHz:   0% 1182 MHz:   0% 1182 MHz:   0% 1312 MHz:   0% 1242 MHz:   0% 1380 MHz:   0% 1326 MHz:   0% 1470 MHz:   0% 1578 MHz: 100%)
GPU SW requested state: (P1 :   0% P2 :   0% P3 :   0% P4 :   0% P5 :   0% P6 :   0% P7 :   0% P8 :   0% P9 :   0% P10 : 100% P11 :   0% P12 :   0% P13 :   0% P14 :   0% P15 :   0%)
GPU SW state: (SW_P1 :   0% SW_P2 :   0% SW_P3 :   0% SW_P4 :   0% SW_P5 :   0% SW_P6 :   0% SW_P7 :   0% SW_P8 :   0% SW_P9 :   0% SW_P10 : 100% SW_P11 :   0% SW_P12 :   0% SW_P13 :   0% SW_P14 :   0% SW_P15 :   0%)
GPU idle residency:   0.00%
GPU Power: 21410 mW



*** Sampled system activity (Tue Jan 20 15:19:27 2026 +0100) (1021.68ms elapsed) ***


**** Processor usage ****

E-Cluster Online: 100%
E-Cluster HW active frequency: 1264 MHz
E-Cluster HW active residency:  46.97% (1020 MHz:  37% 1404 MHz: 1.4% 1788 MHz: 1.4% 2112 MHz: 1.8% 2352 MHz: 1.7% 2532 MHz: .20% 2592 MHz: 3.4%)
E-Cluster idle residency:  53.03%
E-Cluster down residency:   0.00%
CPU 0 frequency: 1353 MHz
CPU 0 active residency:  23.55% (1020 MHz:  16% 1404 MHz: 1.2% 1788 MHz: 1.3% 2112 MHz: 1.6% 2352 MHz: 1.4% 2532 MHz: .11% 2592 MHz: 1.7%)
CPU 0 idle residency:  76.45%
CPU 0 down residency:   0.00%
CPU 1 frequency: 1379 MHz
CPU 1 active residency:  11.51% (1020 MHz: 7.7% 1404 MHz: .73% 1788 MHz: .64% 2112 MHz: .84% 2352 MHz: .55% 2532 MHz: .05% 2592 MHz: 1.0%)
CPU 1 idle residency:  88.49%
CPU 1 down residency:   0.00%
CPU 2 frequency: 1370 MHz
CPU 2 active residency:   8.32% (1020 MHz: 5.4% 1404 MHz: .66% 1788 MHz: .55% 2112 MHz: .56% 2352 MHz: .61% 2532 MHz: .06% 2592 MHz: .46%)
CPU 2 idle residency:  91.68%
CPU 2 down residency:   0.00%
CPU 3 frequency: 1341 MHz
CPU 3 active residency:   5.75% (1020 MHz: 3.9% 1404 MHz: .33% 1788 MHz: .55% 2112 MHz: .33% 2352 MHz: .29% 2532 MHz: .03% 2592 MHz: .32%)
CPU 3 idle residency:  94.25%
CPU 3 down residency:   0.00%

P0-Cluster Online: 100%
P0-Cluster HW active frequency: 4016 MHz
P0-Cluster HW active residency:  99.58% (1260 MHz:   0% 1512 MHz:   0% 1800 MHz:   0% 2088 MHz:   0% 2352 MHz:   0% 2616 MHz:   0% 2868 MHz:   0% 3096 MHz:   0% 3300 MHz:   0% 3468 MHz:   0% 3624 MHz:   0% 3756 MHz:   0% 3828 MHz:   0% 3888 MHz:  42% 3948 MHz:  33% 3996 MHz: 5.4% 4044 MHz: 2.5% 4104 MHz:   0% 4416 MHz: 7.9% 4512 MHz: 8.9%)
P0-Cluster idle residency:   0.42%
P0-Cluster down residency:   0.00%
CPU 4 frequency: 4512 MHz
CPU 4 active residency:  73.61% (1260 MHz:   0% 1512 MHz:   0% 1800 MHz:   0% 2088 MHz:   0% 2352 MHz:   0% 2616 MHz:   0% 2868 MHz:   0% 3096 MHz:   0% 3300 MHz:   0% 3468 MHz:   0% 3624 MHz:   0% 3756 MHz:   0% 3828 MHz:   0% 3888 MHz:   0% 3948 MHz:   0% 3996 MHz:   0% 4044 MHz:   0% 4104 MHz:   0% 4416 MHz:   0% 4512 MHz:  74%)
CPU 4 idle residency:  26.39%
CPU 4 down residency:   0.00%
CPU 5 frequency: 4512 MHz
CPU 5 active residency:  67.00% (1260 MHz:   0% 1512 MHz:   0% 1800 MHz:   0% 2088 MHz:   0% 2352 MHz:   0% 2616 MHz:   0% 2868 MHz:   0% 3096 MHz:   0% 3300 MHz:   0% 3468 MHz:   0% 3624 MHz:   0% 3756 MHz:   0% 3828 MHz:   0% 3888 MHz:   0% 3948 MHz:   0% 3996 MHz:   0% 4044 MHz:   0% 4104 MHz:   0% 4416 MHz:   0% 4512 MHz:  67%)
CPU 5 idle residency:  33.00%
CPU 5 down residency:   0.00%
CPU 6 frequency: 4512 MHz
CPU 6 active residency:  69.12% (1260 MHz:   0% 1512 MHz:   0% 1800 MHz:   0% 2088 MHz:   0% 2352 MHz:   0% 2616 MHz:   0% 2868 MHz:   0% 3096 MHz:   0% 3300 MHz:   0% 3468 MHz:   0% 3624 MHz:   0% 3756 MHz:   0% 3828 MHz:   0% 3888 MHz:   0% 3948 MHz:   0% 3996 MHz:   0% 4044 MHz:   0% 4104 MHz:   0% 4416 MHz:   0% 4512 MHz:  69%)
CPU 6 idle residency:  30.88%
CPU 6 down residency:   0.00%
CPU 7 frequency: 4512 MHz
CPU 7 active residency:  63.99% (1260 MHz:   0% 1512 MHz:   0% 1800 MHz:   0% 2088 MHz:   0% 2352 MHz:   0% 2616 MHz:   0% 2868 MHz:   0% 3096 MHz:   0% 3300 MHz:   0% 3468 MHz:   0% 3624 MHz:   0% 3756 MHz:   0% 3828 MHz:   0% 3888 MHz:   0% 3948 MHz:   0% 3996 MHz:   0% 4044 MHz:   0% 4104 MHz:   0% 4416 MHz:   0% 4512 MHz:  64%)
CPU 7 idle residency:  36.01%
CPU 7 down residency:   0.00%
CPU 8 frequency: 4512 MHz
CPU 8 active residency:  38.45% (1260 MHz:   0% 1512 MHz:   0% 1800 MHz:   0% 2088 MHz:   0% 2352 MHz:   0% 2616 MHz:   0% 2868 MHz:   0% 3096 MHz:   0% 3300 MHz:   0% 3468 MHz:   0% 3624 MHz:   0% 3756 MHz:   0% 3828 MHz:   0% 3888 MHz:   0% 3948 MHz:   0% 3996 MHz:   0% 4044 MHz:   0% 4104 MHz:   0% 4416 MHz:   0% 4512 MHz:  38%)
CPU 8 idle residency:  61.55%
CPU 8 down residency:   0.00%
CPU 9 frequency: 4512 MHz
CPU 9 active residency:  59.62% (1260 MHz:   0% 1512 MHz:   0% 1800 MHz:   0% 2088 MHz:   0% 2352 MHz:   0% 2616 MHz:   0% 2868 MHz:   0% 3096 MHz:   0% 3300 MHz:   0% 3468 MHz:   0% 3624 MHz:   0% 3756 MHz:   0% 3828 MHz:   0% 3888 MHz:   0% 3948 MHz:   0% 3996 MHz:   0% 4044 MHz:   0% 4104 MHz:   0% 4416 MHz:   0% 4512 MHz:  60%)
CPU 9 idle residency:  40.38%
CPU 9 down residency:   0.00%

P1-Cluster HW active frequency: 3087 MHz
P1-Cluster HW active residency:   6.25% (1260 MHz: 2.4% 1512 MHz:   0% 1800 MHz:   0% 2088 MHz: .19% 2352 MHz:   0% 2616 MHz:   0% 2868 MHz:   0% 3096 MHz:   0% 3300 MHz:   0% 3468 MHz:   0% 3624 MHz:   0% 3756 MHz:   0% 3828 MHz:   0% 3888 MHz: .04% 3948 MHz: .70% 3996 MHz: .03% 4044 MHz: .07% 4104 MHz:   0% 4416 MHz: .65% 4512 MHz: 2.1%)
P1-Cluster idle residency:  10.16%
P1-Cluster down residency:  83.59%
CPU 10 frequency: 4389 MHz
CPU 10 active residency:   1.18% (1260 MHz: .03% 1512 MHz:   0% 1800 MHz: .02% 2088 MHz: .00% 2352 MHz:   0% 2616 MHz:   0% 2868 MHz:   0% 3096 MHz:   0% 3300 MHz:   0% 3468 MHz:   0% 3624 MHz:   0% 3756 MHz:   0% 3828 MHz:   0% 3888 MHz:   0% 3948 MHz:   0% 3996 MHz:   0% 4044 MHz:   0% 4104 MHz:   0% 4416 MHz:   0% 4512 MHz: 1.1%)
CPU 10 idle residency:  14.07%
CPU 10 down residency:  84.75%
CPU 11 frequency: 4346 MHz
CPU 11 active residency:   0.80% (1260 MHz: .02% 1512 MHz:   0% 1800 MHz: .02% 2088 MHz: .01% 2352 MHz:   0% 2616 MHz:   0% 2868 MHz:   0% 3096 MHz:   0% 3300 MHz:   0% 3468 MHz:   0% 3624 MHz:   0% 3756 MHz:   0% 3828 MHz:   0% 3888 MHz:   0% 3948 MHz:   0% 3996 MHz:   0% 4044 MHz:   0% 4104 MHz:   0% 4416 MHz:   0% 4512 MHz: .75%)
CPU 11 idle residency:  14.69%
CPU 11 down residency:  84.51%
CPU 12 frequency: 4352 MHz
CPU 12 active residency:   1.33% (1260 MHz: .02% 1512 MHz:   0% 1800 MHz: .04% 2088 MHz: .00% 2352 MHz:   0% 2616 MHz:   0% 2868 MHz: .00% 3096 MHz:   0% 3300 MHz:   0% 3468 MHz:   0% 3624 MHz:   0% 3756 MHz:   0% 3828 MHz:   0% 3888 MHz:   0% 3948 MHz:   0% 3996 MHz:   0% 4044 MHz:   0% 4104 MHz:   0% 4416 MHz:   0% 4512 MHz: 1.3%)
CPU 12 idle residency:  14.90%
CPU 12 down residency:  83.77%
CPU 13 frequency: 4361 MHz
CPU 13 active residency:   0.57% (1260 MHz: .03% 1512 MHz:   0% 1800 MHz: .00% 2088 MHz: .00% 2352 MHz:   0% 2616 MHz:   0% 2868 MHz:   0% 3096 MHz:   0% 3300 MHz:   0% 3468 MHz:   0% 3624 MHz:   0% 3756 MHz:   0% 3828 MHz:   0% 3888 MHz:   0% 3948 MHz:   0% 3996 MHz:   0% 4044 MHz:   0% 4104 MHz:   0% 4416 MHz:   0% 4512 MHz: .54%)
CPU 13 idle residency:  16.08%
CPU 13 down residency:  83.35%
CPU 14 frequency: 4317 MHz
CPU 14 active residency:   0.51% (1260 MHz: .03% 1512 MHz:   0% 1800 MHz: .00% 2088 MHz:   0% 2352 MHz:   0% 2616 MHz:   0% 2868 MHz:   0% 3096 MHz:   0% 3300 MHz:   0% 3468 MHz:   0% 3624 MHz:   0% 3756 MHz:   0% 3828 MHz:   0% 3888 MHz:   0% 3948 MHz:   0% 3996 MHz:   0% 4044 MHz:   0% 4104 MHz:   0% 4416 MHz:   0% 4512 MHz: .48%)
CPU 14 idle residency:  16.11%
CPU 14 down residency:  83.38%
CPU 15 frequency: 4333 MHz
CPU 15 active residency:   0.48% (1260 MHz: .03% 1512 MHz:   0% 1800 MHz:   0% 2088 MHz:   0% 2352 MHz:   0% 2616 MHz:   0% 2868 MHz:   0% 3096 MHz:   0% 3300 MHz:   0% 3468 MHz:   0% 3624 MHz:   0% 3756 MHz:   0% 3828 MHz:   0% 3888 MHz:   0% 3948 MHz:   0% 3996 MHz:   0% 4044 MHz:   0% 4104 MHz:   0% 4416 MHz:   0% 4512 MHz: .45%)
CPU 15 idle residency:  16.13%
CPU 15 down residency:  83.39%

CPU Power: 7684 mW
GPU Power: 21614 mW
ANE Power: 0 mW
Combined Power (CPU + GPU + ANE): 29298 mW

**** GPU usage ****

GPU HW active frequency: 1578 MHz
GPU HW active residency:  99.98% (338 MHz: .01% 618 MHz:   0% 796 MHz:   0% 924 MHz:   0% 952 MHz:   0% 1056 MHz:   0% 1062 MHz:   0% 1182 MHz:   0% 1182 MHz:   0% 1312 MHz:   0% 1242 MHz:   0% 1380 MHz:   0% 1326 MHz:   0% 1470 MHz:   0% 1578 MHz: 100%)
GPU SW requested state: (P1 :   0% P2 :   0% P3 :   0% P4 :   0% P5 :   0% P6 :   0% P7 :   0% P8 :   0% P9 :   0% P10 : 100% P11 :   0% P12 :   0% P13 :   0% P14 :   0% P15 :   0%)
GPU SW state: (SW_P1 : .01% SW_P2 :   0% SW_P3 :   0% SW_P4 :   0% SW_P5 :   0% SW_P6 :   0% SW_P7 :   0% SW_P8 :   0% SW_P9 :   0% SW_P10 : 100% SW_P11 :   0% SW_P12 :   0% SW_P13 :   0% SW_P14 :   0% SW_P15 :   0%)
GPU idle residency:   0.02%
GPU Power: 21628 mW



*** Sampled system activity (Tue Jan 20 15:19:28 2026 +0100) (1020.86ms elapsed) ***


**** Processor usage ****

E-Cluster Online: 100%
E-Cluster HW active frequency: 1320 MHz
E-Cluster HW active residency:  55.60% (1020 MHz:  41% 1404 MHz: 1.9% 1788 MHz: 2.3% 2112 MHz: 2.0% 2352 MHz: 2.1% 2532 MHz: .11% 2592 MHz: 5.8%)
E-Cluster idle residency:  44.40%
E-Cluster down residency:   0.00%
CPU 0 frequency: 1442 MHz
CPU 0 active residency:  28.61% (1020 MHz:  18% 1404 MHz: 1.5% 1788 MHz: 1.9% 2112 MHz: 1.4% 2352 MHz: 1.2% 2532 MHz: .11% 2592 MHz: 4.3%)
CPU 0 idle residency:  71.39%
CPU 0 down residency:   0.00%
CPU 1 frequency: 1517 MHz
CPU 1 active residency:  18.18% (1020 MHz:  11% 1404 MHz: .82% 1788 MHz: .94% 2112 MHz: 1.2% 2352 MHz: .85% 2532 MHz: .11% 2592 MHz: 3.5%)
CPU 1 idle residency:  81.82%
CPU 1 down residency:   0.00%
CPU 2 frequency: 1605 MHz
CPU 2 active residency:  13.39% (1020 MHz: 7.2% 1404 MHz: .43% 1788 MHz: .75% 2112 MHz: .99% 2352 MHz: .95% 2532 MHz: .10% 2592 MHz: 2.9%)
CPU 2 idle residency:  86.61%
CPU 2 down residency:   0.00%
CPU 3 frequency: 1696 MHz
CPU 3 active residency:   9.07% (1020 MHz: 4.2% 1404 MHz: .47% 1788 MHz: .49% 2112 MHz: .76% 2352 MHz: .61% 2532 MHz: .06% 2592 MHz: 2.4%)
CPU 3 idle residency:  90.93%
CPU 3 down residency:   0.00%

P0-Cluster Online: 41%
P0-Cluster HW active frequency: 3876 MHz
P0-Cluster HW active residency:  38.91% (1260 MHz: 1.2% 1512 MHz:   0% 1800 MHz: .08% 2088 MHz:   0% 2352 MHz: .01% 2616 MHz:   0% 2868 MHz:   0% 3096 MHz:   0% 3300 MHz:   0% 3468 MHz:   0% 3624 MHz:   0% 3756 MHz:   0% 3828 MHz:   0% 3888 MHz:  21% 3948 MHz: 8.1% 3996 MHz: 4.6% 4044 MHz: 1.1% 4104 MHz:   0% 4416 MHz: 1.1% 4512 MHz: 1.6%)
P0-Cluster idle residency:   2.00%
P0-Cluster down residency:  59.09%
CPU 4 frequency: 4512 MHz
CPU 4 active residency:  22.74% (1260 MHz:   0% 1512 MHz:   0% 1800 MHz:   0% 2088 MHz:   0% 2352 MHz:   0% 2616 MHz:   0% 2868 MHz:   0% 3096 MHz:   0% 3300 MHz:   0% 3468 MHz:   0% 3624 MHz:   0% 3756 MHz:   0% 3828 MHz:   0% 3888 MHz:   0% 3948 MHz:   0% 3996 MHz:   0% 4044 MHz:   0% 4104 MHz:   0% 4416 MHz:   0% 4512 MHz:  23%)
CPU 4 idle residency:  13.22%
CPU 4 down residency:  64.04%
CPU 5 frequency: 4512 MHz
CPU 5 active residency:  21.48% (1260 MHz:   0% 1512 MHz:   0% 1800 MHz:   0% 2088 MHz:   0% 2352 MHz:   0% 2616 MHz:   0% 2868 MHz:   0% 3096 MHz:   0% 3300 MHz:   0% 3468 MHz:   0% 3624 MHz:   0% 3756 MHz:   0% 3828 MHz:   0% 3888 MHz:   0% 3948 MHz:   0% 3996 MHz:   0% 4044 MHz:   0% 4104 MHz:   0% 4416 MHz:   0% 4512 MHz:  21%)
CPU 5 idle residency:  14.15%
CPU 5 down residency:  64.37%
CPU 6 frequency: 4512 MHz
CPU 6 active residency:  21.92% (1260 MHz:   0% 1512 MHz:   0% 1800 MHz:   0% 2088 MHz:   0% 2352 MHz:   0% 2616 MHz:   0% 2868 MHz:   0% 3096 MHz:   0% 3300 MHz:   0% 3468 MHz:   0% 3624 MHz:   0% 3756 MHz:   0% 3828 MHz:   0% 3888 MHz:   0% 3948 MHz:   0% 3996 MHz:   0% 4044 MHz:   0% 4104 MHz:   0% 4416 MHz:   0% 4512 MHz:  22%)
CPU 6 idle residency:  14.12%
CPU 6 down residency:  63.96%
CPU 7 frequency: 4512 MHz
CPU 7 active residency:  21.12% (1260 MHz:   0% 1512 MHz:   0% 1800 MHz:   0% 2088 MHz:   0% 2352 MHz:   0% 2616 MHz:   0% 2868 MHz:   0% 3096 MHz:   0% 3300 MHz:   0% 3468 MHz:   0% 3624 MHz:   0% 3756 MHz:   0% 3828 MHz:   0% 3888 MHz:   0% 3948 MHz:   0% 3996 MHz:   0% 4044 MHz:   0% 4104 MHz:   0% 4416 MHz:   0% 4512 MHz:  21%)
CPU 7 idle residency:  15.71%
CPU 7 down residency:  63.17%
CPU 8 frequency: 4512 MHz
CPU 8 active residency:  14.14% (1260 MHz:   0% 1512 MHz:   0% 1800 MHz:   0% 2088 MHz:   0% 2352 MHz:   0% 2616 MHz:   0% 2868 MHz:   0% 3096 MHz:   0% 3300 MHz:   0% 3468 MHz:   0% 3624 MHz:   0% 3756 MHz:   0% 3828 MHz:   0% 3888 MHz:   0% 3948 MHz:   0% 3996 MHz:   0% 4044 MHz:   0% 4104 MHz:   0% 4416 MHz:   0% 4512 MHz:  14%)
CPU 8 idle residency:  23.49%
CPU 8 down residency:  62.37%
CPU 9 frequency: 4512 MHz
CPU 9 active residency:  23.62% (1260 MHz:   0% 1512 MHz:   0% 1800 MHz:   0% 2088 MHz:   0% 2352 MHz:   0% 2616 MHz:   0% 2868 MHz:   0% 3096 MHz:   0% 3300 MHz:   0% 3468 MHz:   0% 3624 MHz:   0% 3756 MHz:   0% 3828 MHz:   0% 3888 MHz:   0% 3948 MHz:   0% 3996 MHz:   0% 4044 MHz:   0% 4104 MHz:   0% 4416 MHz:   0% 4512 MHz:  24%)
CPU 9 idle residency:  15.36%
CPU 9 down residency:  61.02%

P1-Cluster HW active frequency: 4017 MHz
P1-Cluster HW active residency:  64.59% (1260 MHz: 1.2% 1512 MHz:   0% 1800 MHz: .02% 2088 MHz:   0% 2352 MHz:   0% 2616 MHz:   0% 2868 MHz:   0% 3096 MHz:   0% 3300 MHz:   0% 3468 MHz:   0% 3624 MHz:   0% 3756 MHz:   0% 3828 MHz:   0% 3888 MHz:  23% 3948 MHz:  20% 3996 MHz: 1.8% 4044 MHz: 1.6% 4104 MHz:   0% 4416 MHz: 7.2% 4512 MHz: 9.6%)
P1-Cluster idle residency:   5.24%
P1-Cluster down residency:  30.17%
CPU 10 frequency: 4510 MHz
CPU 10 active residency:  41.71% (1260 MHz: .03% 1512 MHz:   0% 1800 MHz: .00% 2088 MHz:   0% 2352 MHz:   0% 2616 MHz:   0% 2868 MHz:   0% 3096 MHz:   0% 3300 MHz:   0% 3468 MHz:   0% 3624 MHz:   0% 3756 MHz:   0% 3828 MHz:   0% 3888 MHz:   0% 3948 MHz:   0% 3996 MHz:   0% 4044 MHz:   0% 4104 MHz:   0% 4416 MHz:   0% 4512 MHz:  42%)
CPU 10 idle residency:  28.72%
CPU 10 down residency:  29.57%
CPU 11 frequency: 4509 MHz
CPU 11 active residency:  39.54% (1260 MHz: .04% 1512 MHz:   0% 1800 MHz: .01% 2088 MHz:   0% 2352 MHz:   0% 2616 MHz:   0% 2868 MHz:   0% 3096 MHz:   0% 3300 MHz:   0% 3468 MHz:   0% 3624 MHz:   0% 3756 MHz:   0% 3828 MHz:   0% 3888 MHz:   0% 3948 MHz:   0% 3996 MHz:   0% 4044 MHz:   0% 4104 MHz:   0% 4416 MHz:   0% 4512 MHz:  39%)
CPU 11 idle residency:  30.77%
CPU 11 down residency:  29.69%
CPU 12 frequency: 4508 MHz
CPU 12 active residency:  39.89% (1260 MHz: .04% 1512 MHz:   0% 1800 MHz: .00% 2088 MHz:   0% 2352 MHz:   0% 2616 MHz:   0% 2868 MHz:   0% 3096 MHz:   0% 3300 MHz:   0% 3468 MHz:   0% 3624 MHz:   0% 3756 MHz:   0% 3828 MHz:   0% 3888 MHz:   0% 3948 MHz:   0% 3996 MHz:   0% 4044 MHz:   0% 4104 MHz:   0% 4416 MHz:   0% 4512 MHz:  40%)
CPU 12 idle residency:  30.25%
CPU 12 down residency:  29.86%
CPU 13 frequency: 4510 MHz
CPU 13 active residency:  37.08% (1260 MHz: .03% 1512 MHz:   0% 1800 MHz:   0% 2088 MHz:   0% 2352 MHz:   0% 2616 MHz:   0% 2868 MHz:   0% 3096 MHz:   0% 3300 MHz:   0% 3468 MHz:   0% 3624 MHz:   0% 3756 MHz:   0% 3828 MHz:   0% 3888 MHz:   0% 3948 MHz:   0% 3996 MHz:   0% 4044 MHz:   0% 4104 MHz:   0% 4416 MHz:   0% 4512 MHz:  37%)
CPU 13 idle residency:  32.78%
CPU 13 down residency:  30.14%
CPU 14 frequency: 4509 MHz
CPU 14 active residency:  35.58% (1260 MHz: .03% 1512 MHz:   0% 1800 MHz:   0% 2088 MHz:   0% 2352 MHz:   0% 2616 MHz:   0% 2868 MHz:   0% 3096 MHz:   0% 3300 MHz:   0% 3468 MHz:   0% 3624 MHz:   0% 3756 MHz:   0% 3828 MHz:   0% 3888 MHz:   0% 3948 MHz:   0% 3996 MHz:   0% 4044 MHz:   0% 4104 MHz:   0% 4416 MHz:   0% 4512 MHz:  36%)
CPU 14 idle residency:  34.27%
CPU 14 down residency:  30.14%
CPU 15 frequency: 4508 MHz
CPU 15 active residency:  26.26% (1260 MHz: .03% 1512 MHz:   0% 1800 MHz:   0% 2088 MHz:   0% 2352 MHz:   0% 2616 MHz:   0% 2868 MHz:   0% 3096 MHz:   0% 3300 MHz:   0% 3468 MHz:   0% 3624 MHz:   0% 3756 MHz:   0% 3828 MHz:   0% 3888 MHz:   0% 3948 MHz:   0% 3996 MHz:   0% 4044 MHz:   0% 4104 MHz:   0% 4416 MHz:   0% 4512 MHz:  26%)
CPU 15 idle residency:  43.59%
CPU 15 down residency:  30.15%

CPU Power: 7247 mW
GPU Power: 21481 mW
ANE Power: 0 mW
Combined Power (CPU + GPU + ANE): 28728 mW

**** GPU usage ****

GPU HW active frequency: 1578 MHz
GPU HW active residency: 100.00% (338 MHz:   0% 618 MHz:   0% 796 MHz:   0% 924 MHz:   0% 952 MHz:   0% 1056 MHz:   0% 1062 MHz:   0% 1182 MHz:   0% 1182 MHz:   0% 1312 MHz:   0% 1242 MHz:   0% 1380 MHz:   0% 1326 MHz:   0% 1470 MHz:   0% 1578 MHz: 100%)
GPU SW requested state: (P1 :   0% P2 :   0% P3 :   0% P4 :   0% P5 :   0% P6 :   0% P7 :   0% P8 :   0% P9 :   0% P10 : 100% P11 :   0% P12 :   0% P13 :   0% P14 :   0% P15 :   0%)
GPU SW state: (SW_P1 :   0% SW_P2 :   0% SW_P3 :   0% SW_P4 :   0% SW_P5 :   0% SW_P6 :   0% SW_P7 :   0% SW_P8 :   0% SW_P9 :   0% SW_P10 : 100% SW_P11 :   0% SW_P12 :   0% SW_P13 :   0% SW_P14 :   0% SW_P15 :   0%)
GPU idle residency:   0.00%
GPU Power: 21483 mW



*** Sampled system activity (Tue Jan 20 15:19:29 2026 +0100) (1018.40ms elapsed) ***


**** Processor usage ****

E-Cluster Online: 100%
E-Cluster HW active frequency: 1244 MHz
E-Cluster HW active residency:  47.61% (1020 MHz:  38% 1404 MHz: 1.8% 1788 MHz: 1.5% 2112 MHz: 1.7% 2352 MHz: 1.7% 2532 MHz: .43% 2592 MHz: 2.6%)
E-Cluster idle residency:  52.39%
E-Cluster down residency:   0.00%
CPU 0 frequency: 1256 MHz
CPU 0 active residency:  19.71% (1020 MHz:  15% 1404 MHz: 1.3% 1788 MHz: 1.0% 2112 MHz: .88% 2352 MHz: .60% 2532 MHz: .07% 2592 MHz: .95%)
CPU 0 idle residency:  80.29%
CPU 0 down residency:   0.00%
CPU 1 frequency: 1315 MHz
CPU 1 active residency:  11.45% (1020 MHz: 8.5% 1404 MHz: .52% 1788 MHz: .31% 2112 MHz: .54% 2352 MHz: .32% 2532 MHz: .36% 2592 MHz: .88%)
CPU 1 idle residency:  88.55%
CPU 1 down residency:   0.00%
CPU 2 frequency: 1294 MHz
CPU 2 active residency:   7.51% (1020 MHz: 5.2% 1404 MHz: .76% 1788 MHz: .30% 2112 MHz: .69% 2352 MHz: .32% 2532 MHz: .02% 2592 MHz: .21%)
CPU 2 idle residency:  92.49%
CPU 2 down residency:   0.00%
CPU 3 frequency: 1329 MHz
CPU 3 active residency:   4.61% (1020 MHz: 3.2% 1404 MHz: .47% 1788 MHz: .09% 2112 MHz: .12% 2352 MHz: .49% 2532 MHz: .00% 2592 MHz: .24%)
CPU 3 idle residency:  95.39%
CPU 3 down residency:   0.00%

P0-Cluster Online: 8%
P0-Cluster HW active frequency: 2247 MHz
P0-Cluster HW active residency:   2.61% (1260 MHz: 1.8% 1512 MHz:   0% 1800 MHz:   0% 2088 MHz:   0% 2352 MHz:   0% 2616 MHz:   0% 2868 MHz:   0% 3096 MHz:   0% 3300 MHz:   0% 3468 MHz:   0% 3624 MHz:   0% 3756 MHz:   0% 3828 MHz:   0% 3888 MHz: .06% 3948 MHz: .01% 3996 MHz:   0% 4044 MHz:   0% 4104 MHz:   0% 4416 MHz: .07% 4512 MHz: .66%)
P0-Cluster idle residency:   3.85%
P0-Cluster down residency:  93.54%
CPU 4 frequency: 0 MHz
CPU 4 active residency:   0.00% (1260 MHz:   0% 1512 MHz:   0% 1800 MHz:   0% 2088 MHz:   0% 2352 MHz:   0% 2616 MHz:   0% 2868 MHz:   0% 3096 MHz:   0% 3300 MHz:   0% 3468 MHz:   0% 3624 MHz:   0% 3756 MHz:   0% 3828 MHz:   0% 3888 MHz:   0% 3948 MHz:   0% 3996 MHz:   0% 4044 MHz:   0% 4104 MHz:   0% 4416 MHz:   0% 4512 MHz:   0%)
CPU 4 idle residency:   6.12%
CPU 4 down residency:  93.88%
CPU 5 frequency: 0 MHz
CPU 5 active residency:   0.00% (1260 MHz:   0% 1512 MHz:   0% 1800 MHz:   0% 2088 MHz:   0% 2352 MHz:   0% 2616 MHz:   0% 2868 MHz:   0% 3096 MHz:   0% 3300 MHz:   0% 3468 MHz:   0% 3624 MHz:   0% 3756 MHz:   0% 3828 MHz:   0% 3888 MHz:   0% 3948 MHz:   0% 3996 MHz:   0% 4044 MHz:   0% 4104 MHz:   0% 4416 MHz:   0% 4512 MHz:   0%)
CPU 5 idle residency:   5.99%
CPU 5 down residency:  94.01%
CPU 6 frequency: 0 MHz
CPU 6 active residency:   0.00% (1260 MHz:   0% 1512 MHz:   0% 1800 MHz:   0% 2088 MHz:   0% 2352 MHz:   0% 2616 MHz:   0% 2868 MHz:   0% 3096 MHz:   0% 3300 MHz:   0% 3468 MHz:   0% 3624 MHz:   0% 3756 MHz:   0% 3828 MHz:   0% 3888 MHz:   0% 3948 MHz:   0% 3996 MHz:   0% 4044 MHz:   0% 4104 MHz:   0% 4416 MHz:   0% 4512 MHz:   0%)
CPU 6 idle residency:   6.17%
CPU 6 down residency:  93.83%
CPU 7 frequency: 0 MHz
CPU 7 active residency:   0.00% (1260 MHz:   0% 1512 MHz:   0% 1800 MHz:   0% 2088 MHz:   0% 2352 MHz:   0% 2616 MHz:   0% 2868 MHz:   0% 3096 MHz:   0% 3300 MHz:   0% 3468 MHz:   0% 3624 MHz:   0% 3756 MHz:   0% 3828 MHz:   0% 3888 MHz:   0% 3948 MHz:   0% 3996 MHz:   0% 4044 MHz:   0% 4104 MHz:   0% 4416 MHz:   0% 4512 MHz:   0%)
CPU 7 idle residency:   6.17%
CPU 7 down residency:  93.83%
CPU 8 frequency: 0 MHz
CPU 8 active residency:   0.00% (1260 MHz:   0% 1512 MHz:   0% 1800 MHz:   0% 2088 MHz:   0% 2352 MHz:   0% 2616 MHz:   0% 2868 MHz:   0% 3096 MHz:   0% 3300 MHz:   0% 3468 MHz:   0% 3624 MHz:   0% 3756 MHz:   0% 3828 MHz:   0% 3888 MHz:   0% 3948 MHz:   0% 3996 MHz:   0% 4044 MHz:   0% 4104 MHz:   0% 4416 MHz:   0% 4512 MHz:   0%)
CPU 8 idle residency:   6.19%
CPU 8 down residency:  93.81%
CPU 9 frequency: 0 MHz
CPU 9 active residency:   0.00% (1260 MHz:   0% 1512 MHz:   0% 1800 MHz:   0% 2088 MHz:   0% 2352 MHz:   0% 2616 MHz:   0% 2868 MHz:   0% 3096 MHz:   0% 3300 MHz:   0% 3468 MHz:   0% 3624 MHz:   0% 3756 MHz:   0% 3828 MHz:   0% 3888 MHz:   0% 3948 MHz:   0% 3996 MHz:   0% 4044 MHz:   0% 4104 MHz:   0% 4416 MHz:   0% 4512 MHz:   0%)
CPU 9 idle residency:   6.18%
CPU 9 down residency:  93.82%

P1-Cluster HW active frequency: 4062 MHz
P1-Cluster HW active residency:  99.40% (1260 MHz:   0% 1512 MHz:   0% 1800 MHz:   0% 2088 MHz:   0% 2352 MHz:   0% 2616 MHz:   0% 2868 MHz:   0% 3096 MHz:   0% 3300 MHz:   0% 3468 MHz:   0% 3624 MHz:   0% 3756 MHz:   0% 3828 MHz:   0% 3888 MHz:  35% 3948 MHz:  28% 3996 MHz: 8.0% 4044 MHz: 4.2% 4104 MHz:   0% 4416 MHz:  11% 4512 MHz:  14%)
P1-Cluster idle residency:   0.60%
P1-Cluster down residency:   0.00%
CPU 10 frequency: 4512 MHz
CPU 10 active residency:  60.06% (1260 MHz:   0% 1512 MHz:   0% 1800 MHz:   0% 2088 MHz:   0% 2352 MHz:   0% 2616 MHz:   0% 2868 MHz:   0% 3096 MHz:   0% 3300 MHz:   0% 3468 MHz:   0% 3624 MHz:   0% 3756 MHz:   0% 3828 MHz:   0% 3888 MHz:   0% 3948 MHz:   0% 3996 MHz:   0% 4044 MHz:   0% 4104 MHz:   0% 4416 MHz:   0% 4512 MHz:  60%)
CPU 10 idle residency:  39.94%
CPU 10 down residency:   0.00%
CPU 11 frequency: 4512 MHz
CPU 11 active residency:  50.27% (1260 MHz:   0% 1512 MHz:   0% 1800 MHz:   0% 2088 MHz:   0% 2352 MHz:   0% 2616 MHz:   0% 2868 MHz:   0% 3096 MHz:   0% 3300 MHz:   0% 3468 MHz:   0% 3624 MHz:   0% 3756 MHz:   0% 3828 MHz:   0% 3888 MHz:   0% 3948 MHz:   0% 3996 MHz:   0% 4044 MHz:   0% 4104 MHz:   0% 4416 MHz:   0% 4512 MHz:  50%)
CPU 11 idle residency:  49.73%
CPU 11 down residency:   0.00%
CPU 12 frequency: 4512 MHz
CPU 12 active residency:  53.55% (1260 MHz:   0% 1512 MHz:   0% 1800 MHz:   0% 2088 MHz:   0% 2352 MHz:   0% 2616 MHz:   0% 2868 MHz:   0% 3096 MHz:   0% 3300 MHz:   0% 3468 MHz:   0% 3624 MHz:   0% 3756 MHz:   0% 3828 MHz:   0% 3888 MHz:   0% 3948 MHz:   0% 3996 MHz:   0% 4044 MHz:   0% 4104 MHz:   0% 4416 MHz:   0% 4512 MHz:  54%)
CPU 12 idle residency:  46.45%
CPU 12 down residency:   0.00%
CPU 13 frequency: 4512 MHz
CPU 13 active residency:  53.89% (1260 MHz:   0% 1512 MHz:   0% 1800 MHz:   0% 2088 MHz:   0% 2352 MHz:   0% 2616 MHz:   0% 2868 MHz:   0% 3096 MHz:   0% 3300 MHz:   0% 3468 MHz:   0% 3624 MHz:   0% 3756 MHz:   0% 3828 MHz:   0% 3888 MHz:   0% 3948 MHz:   0% 3996 MHz:   0% 4044 MHz:   0% 4104 MHz:   0% 4416 MHz:   0% 4512 MHz:  54%)
CPU 13 idle residency:  46.11%
CPU 13 down residency:   0.00%
CPU 14 frequency: 4512 MHz
CPU 14 active residency:  53.63% (1260 MHz:   0% 1512 MHz:   0% 1800 MHz:   0% 2088 MHz:   0% 2352 MHz:   0% 2616 MHz:   0% 2868 MHz:   0% 3096 MHz:   0% 3300 MHz:   0% 3468 MHz:   0% 3624 MHz:   0% 3756 MHz:   0% 3828 MHz:   0% 3888 MHz:   0% 3948 MHz:   0% 3996 MHz:   0% 4044 MHz:   0% 4104 MHz:   0% 4416 MHz:   0% 4512 MHz:  54%)
CPU 14 idle residency:  46.37%
CPU 14 down residency:   0.00%
CPU 15 frequency: 4512 MHz
CPU 15 active residency:  54.08% (1260 MHz:   0% 1512 MHz:   0% 1800 MHz:   0% 2088 MHz:   0% 2352 MHz:   0% 2616 MHz:   0% 2868 MHz:   0% 3096 MHz:   0% 3300 MHz:   0% 3468 MHz:   0% 3624 MHz:   0% 3756 MHz:   0% 3828 MHz:   0% 3888 MHz:   0% 3948 MHz:   0% 3996 MHz:   0% 4044 MHz:   0% 4104 MHz:   0% 4416 MHz:   0% 4512 MHz:  54%)
CPU 15 idle residency:  45.92%
CPU 15 down residency:   0.00%

CPU Power: 7104 mW
GPU Power: 21719 mW
ANE Power: 0 mW
Combined Power (CPU + GPU + ANE): 28824 mW

**** GPU usage ****

GPU HW active frequency: 1578 MHz
GPU HW active residency:  99.91% (338 MHz: .02% 618 MHz:   0% 796 MHz:   0% 924 MHz:   0% 952 MHz:   0% 1056 MHz:   0% 1062 MHz:   0% 1182 MHz:   0% 1182 MHz:   0% 1312 MHz:   0% 1242 MHz:   0% 1380 MHz:   0% 1326 MHz:   0% 1470 MHz:   0% 1578 MHz: 100%)
GPU SW requested state: (P1 :   0% P2 :   0% P3 :   0% P4 :   0% P5 :   0% P6 :   0% P7 :   0% P8 :   0% P9 :   0% P10 : 100% P11 :   0% P12 :   0% P13 :   0% P14 :   0% P15 :   0%)
GPU SW state: (SW_P1 : .02% SW_P2 :   0% SW_P3 :   0% SW_P4 :   0% SW_P5 :   0% SW_P6 :   0% SW_P7 :   0% SW_P8 :   0% SW_P9 :   0% SW_P10 : 100% SW_P11 :   0% SW_P12 :   0% SW_P13 :   0% SW_P14 :   0% SW_P15 :   0%)
GPU idle residency:   0.09%
GPU Power: 21543 mW



*** Sampled system activity (Tue Jan 20 15:19:30 2026 +0100) (1021.70ms elapsed) ***


**** Processor usage ****

E-Cluster Online: 100%
E-Cluster HW active frequency: 1271 MHz
E-Cluster HW active residency:  49.41% (1020 MHz:  39% 1404 MHz: 1.6% 1788 MHz: 1.0% 2112 MHz: 2.0% 2352 MHz: 1.4% 2532 MHz: .05% 2592 MHz: 4.4%)
E-Cluster idle residency:  50.59%
E-Cluster down residency:   0.00%
CPU 0 frequency: 1281 MHz
CPU 0 active residency:  22.86% (1020 MHz:  18% 1404 MHz: 1.0% 1788 MHz: .61% 2112 MHz: 1.0% 2352 MHz: .77% 2532 MHz: .04% 2592 MHz: 1.8%)
CPU 0 idle residency:  77.14%
CPU 0 down residency:   0.00%
CPU 1 frequency: 1377 MHz
CPU 1 active residency:  13.23% (1020 MHz: 8.9% 1404 MHz: .75% 1788 MHz: .52% 2112 MHz: 1.2% 2352 MHz: .58% 2532 MHz: .01% 2592 MHz: 1.3%)
CPU 1 idle residency:  86.77%
CPU 1 down residency:   0.00%
CPU 2 frequency: 1378 MHz
CPU 2 active residency:   8.88% (1020 MHz: 6.3% 1404 MHz: .22% 1788 MHz: .08% 2112 MHz: .71% 2352 MHz: .97% 2532 MHz: .02% 2592 MHz: .59%)
CPU 2 idle residency:  91.12%
CPU 2 down residency:   0.00%
CPU 3 frequency: 1373 MHz
CPU 3 active residency:   5.82% (1020 MHz: 4.1% 1404 MHz: .17% 1788 MHz: .03% 2112 MHz: .72% 2352 MHz: .36% 2532 MHz: .00% 2592 MHz: .44%)
CPU 3 idle residency:  94.18%
CPU 3 down residency:   0.00%

P0-Cluster Online: 7%
P0-Cluster HW active frequency: 2252 MHz
P0-Cluster HW active residency:   2.08% (1260 MHz: 1.1% 1512 MHz:   0% 1800 MHz: .35% 2088 MHz:   0% 2352 MHz:   0% 2616 MHz:   0% 2868 MHz:   0% 3096 MHz:   0% 3300 MHz:   0% 3468 MHz:   0% 3624 MHz:   0% 3756 MHz:   0% 3828 MHz:   0% 3888 MHz: .02% 3948 MHz: .01% 3996 MHz:   0% 4044 MHz:   0% 4104 MHz:   0% 4416 MHz: .02% 4512 MHz: .53%)
P0-Cluster idle residency:   4.30%
P0-Cluster down residency:  93.62%
CPU 4 frequency: 4501 MHz
CPU 4 active residency:   7.99% (1260 MHz: .02% 1512 MHz:   0% 1800 MHz: .01% 2088 MHz:   0% 2352 MHz: .00% 2616 MHz:   0% 2868 MHz:   0% 3096 MHz:   0% 3300 MHz:   0% 3468 MHz:   0% 3624 MHz:   0% 3756 MHz:   0% 3828 MHz:   0% 3888 MHz:   0% 3948 MHz:   0% 3996 MHz:   0% 4044 MHz:   0% 4104 MHz:   0% 4416 MHz:   0% 4512 MHz: 8.0%)
CPU 4 idle residency:   5.61%
CPU 4 down residency:  86.40%
CPU 5 frequency: 4499 MHz
CPU 5 active residency:   8.27% (1260 MHz: .02% 1512 MHz:   0% 1800 MHz: .01% 2088 MHz:   0% 2352 MHz: .01% 2616 MHz:   0% 2868 MHz:   0% 3096 MHz:   0% 3300 MHz:   0% 3468 MHz:   0% 3624 MHz:   0% 3756 MHz:   0% 3828 MHz:   0% 3888 MHz:   0% 3948 MHz:   0% 3996 MHz:   0% 4044 MHz:   0% 4104 MHz:   0% 4416 MHz:   0% 4512 MHz: 8.2%)
CPU 5 idle residency:   5.58%
CPU 5 down residency:  86.15%
CPU 6 frequency: 4507 MHz
CPU 6 active residency:   8.78% (1260 MHz: .01% 1512 MHz:   0% 1800 MHz: .01% 2088 MHz:   0% 2352 MHz: .00% 2616 MHz:   0% 2868 MHz:   0% 3096 MHz:   0% 3300 MHz:   0% 3468 MHz:   0% 3624 MHz:   0% 3756 MHz:   0% 3828 MHz:   0% 3888 MHz:   0% 3948 MHz:   0% 3996 MHz:   0% 4044 MHz:   0% 4104 MHz:   0% 4416 MHz:   0% 4512 MHz: 8.8%)
CPU 6 idle residency:   5.57%
CPU 6 down residency:  85.64%
CPU 7 frequency: 4506 MHz
CPU 7 active residency:   7.71% (1260 MHz: .01% 1512 MHz:   0% 1800 MHz: .01% 2088 MHz:   0% 2352 MHz: .00% 2616 MHz:   0% 2868 MHz:   0% 3096 MHz:   0% 3300 MHz:   0% 3468 MHz:   0% 3624 MHz:   0% 3756 MHz:   0% 3828 MHz:   0% 3888 MHz:   0% 3948 MHz:   0% 3996 MHz:   0% 4044 MHz:   0% 4104 MHz:   0% 4416 MHz:   0% 4512 MHz: 7.7%)
CPU 7 idle residency:   5.64%
CPU 7 down residency:  86.65%
CPU 8 frequency: 4511 MHz
CPU 8 active residency:   6.67% (1260 MHz: .00% 1512 MHz:   0% 1800 MHz: .00% 2088 MHz:   0% 2352 MHz: .00% 2616 MHz:   0% 2868 MHz:   0% 3096 MHz:   0% 3300 MHz:   0% 3468 MHz:   0% 3624 MHz:   0% 3756 MHz:   0% 3828 MHz:   0% 3888 MHz:   0% 3948 MHz:   0% 3996 MHz:   0% 4044 MHz:   0% 4104 MHz:   0% 4416 MHz:   0% 4512 MHz: 6.7%)
CPU 8 idle residency:   5.53%
CPU 8 down residency:  87.80%
CPU 9 frequency: 4510 MHz
CPU 9 active residency:   5.14% (1260 MHz: .00% 1512 MHz:   0% 1800 MHz:   0% 2088 MHz:   0% 2352 MHz: .00% 2616 MHz:   0% 2868 MHz:   0% 3096 MHz:   0% 3300 MHz:   0% 3468 MHz:   0% 3624 MHz:   0% 3756 MHz:   0% 3828 MHz:   0% 3888 MHz:   0% 3948 MHz:   0% 3996 MHz:   0% 4044 MHz:   0% 4104 MHz:   0% 4416 MHz:   0% 4512 MHz: 5.1%)
CPU 9 idle residency:   5.81%
CPU 9 down residency:  89.05%

P1-Cluster HW active frequency: 3925 MHz
P1-Cluster HW active residency: 100.00% (1260 MHz:   0% 1512 MHz:   0% 1800 MHz:   0% 2088 MHz:   0% 2352 MHz:   0% 2616 MHz:   0% 2868 MHz:   0% 3096 MHz:   0% 3300 MHz:   0% 3468 MHz:   0% 3624 MHz:   0% 3756 MHz:   0% 3828 MHz: .00% 3888 MHz:  67% 3948 MHz:  26% 3996 MHz: 2.9% 4044 MHz: .96% 4104 MHz:   0% 4416 MHz: 1.4% 4512 MHz: 1.5%)
P1-Cluster idle residency:   0.00%
P1-Cluster down residency:   0.00%
CPU 10 frequency: 4512 MHz
CPU 10 active residency:  65.26% (1260 MHz:   0% 1512 MHz:   0% 1800 MHz:   0% 2088 MHz:   0% 2352 MHz:   0% 2616 MHz:   0% 2868 MHz:   0% 3096 MHz:   0% 3300 MHz:   0% 3468 MHz:   0% 3624 MHz:   0% 3756 MHz:   0% 3828 MHz:   0% 3888 MHz:   0% 3948 MHz:   0% 3996 MHz:   0% 4044 MHz:   0% 4104 MHz:   0% 4416 MHz:   0% 4512 MHz:  65%)
CPU 10 idle residency:  34.74%
CPU 10 down residency:   0.00%
CPU 11 frequency: 4512 MHz
CPU 11 active residency:  87.52% (1260 MHz:   0% 1512 MHz:   0% 1800 MHz:   0% 2088 MHz:   0% 2352 MHz:   0% 2616 MHz:   0% 2868 MHz:   0% 3096 MHz:   0% 3300 MHz:   0% 3468 MHz:   0% 3624 MHz:   0% 3756 MHz:   0% 3828 MHz:   0% 3888 MHz:   0% 3948 MHz:   0% 3996 MHz:   0% 4044 MHz:   0% 4104 MHz:   0% 4416 MHz:   0% 4512 MHz:  88%)
CPU 11 idle residency:  12.48%
CPU 11 down residency:   0.00%
CPU 12 frequency: 4512 MHz
CPU 12 active residency:  89.27% (1260 MHz:   0% 1512 MHz:   0% 1800 MHz:   0% 2088 MHz:   0% 2352 MHz:   0% 2616 MHz:   0% 2868 MHz:   0% 3096 MHz:   0% 3300 MHz:   0% 3468 MHz:   0% 3624 MHz:   0% 3756 MHz:   0% 3828 MHz:   0% 3888 MHz:   0% 3948 MHz:   0% 3996 MHz:   0% 4044 MHz:   0% 4104 MHz:   0% 4416 MHz:   0% 4512 MHz:  89%)
CPU 12 idle residency:  10.73%
CPU 12 down residency:   0.00%
CPU 13 frequency: 4512 MHz
CPU 13 active residency:  76.20% (1260 MHz:   0% 1512 MHz:   0% 1800 MHz:   0% 2088 MHz:   0% 2352 MHz:   0% 2616 MHz:   0% 2868 MHz:   0% 3096 MHz:   0% 3300 MHz:   0% 3468 MHz:   0% 3624 MHz:   0% 3756 MHz:   0% 3828 MHz:   0% 3888 MHz:   0% 3948 MHz:   0% 3996 MHz:   0% 4044 MHz:   0% 4104 MHz:   0% 4416 MHz:   0% 4512 MHz:  76%)
CPU 13 idle residency:  23.80%
CPU 13 down residency:   0.00%
CPU 14 frequency: 4512 MHz
CPU 14 active residency:  57.60% (1260 MHz:   0% 1512 MHz:   0% 1800 MHz:   0% 2088 MHz:   0% 2352 MHz:   0% 2616 MHz:   0% 2868 MHz:   0% 3096 MHz:   0% 3300 MHz:   0% 3468 MHz:   0% 3624 MHz:   0% 3756 MHz:   0% 3828 MHz:   0% 3888 MHz:   0% 3948 MHz:   0% 3996 MHz:   0% 4044 MHz:   0% 4104 MHz:   0% 4416 MHz:   0% 4512 MHz:  58%)
CPU 14 idle residency:  42.40%
CPU 14 down residency:   0.00%
CPU 15 frequency: 4512 MHz
CPU 15 active residency:  83.04% (1260 MHz:   0% 1512 MHz:   0% 1800 MHz:   0% 2088 MHz:   0% 2352 MHz:   0% 2616 MHz:   0% 2868 MHz:   0% 3096 MHz:   0% 3300 MHz:   0% 3468 MHz:   0% 3624 MHz:   0% 3756 MHz:   0% 3828 MHz:   0% 3888 MHz:   0% 3948 MHz:   0% 3996 MHz:   0% 4044 MHz:   0% 4104 MHz:   0% 4416 MHz:   0% 4512 MHz:  83%)
CPU 15 idle residency:  16.96%
CPU 15 down residency:   0.00%

CPU Power: 6907 mW
GPU Power: 21739 mW
ANE Power: 0 mW
Combined Power (CPU + GPU + ANE): 28646 mW

**** GPU usage ****

GPU HW active frequency: 1578 MHz
GPU HW active residency: 100.00% (338 MHz:   0% 618 MHz:   0% 796 MHz:   0% 924 MHz:   0% 952 MHz:   0% 1056 MHz:   0% 1062 MHz:   0% 1182 MHz:   0% 1182 MHz:   0% 1312 MHz:   0% 1242 MHz:   0% 1380 MHz:   0% 1326 MHz:   0% 1470 MHz:   0% 1578 MHz: 100%)
GPU SW requested state: (P1 :   0% P2 :   0% P3 :   0% P4 :   0% P5 :   0% P6 :   0% P7 :   0% P8 :   0% P9 :   0% P10 : 100% P11 :   0% P12 :   0% P13 :   0% P14 :   0% P15 :   0%)
GPU SW state: (SW_P1 :   0% SW_P2 :   0% SW_P3 :   0% SW_P4 :   0% SW_P5 :   0% SW_P6 :   0% SW_P7 :   0% SW_P8 :   0% SW_P9 :   0% SW_P10 : 100% SW_P11 :   0% SW_P12 :   0% SW_P13 :   0% SW_P14 :   0% SW_P15 :   0%)
GPU idle residency:   0.00%
GPU Power: 21912 mW



*** Sampled system activity (Tue Jan 20 15:19:31 2026 +0100) (1021.46ms elapsed) ***


**** Processor usage ****

E-Cluster Online: 100%
E-Cluster HW active frequency: 1222 MHz
E-Cluster HW active residency:  46.47% (1020 MHz:  38% 1404 MHz: 1.3% 1788 MHz: 1.4% 2112 MHz: 2.4% 2352 MHz: 1.6% 2532 MHz: .00% 2592 MHz: 2.0%)
E-Cluster idle residency:  53.53%
E-Cluster down residency:   0.00%
CPU 0 frequency: 1292 MHz
CPU 0 active residency:  19.96% (1020 MHz:  15% 1404 MHz: .85% 1788 MHz: .77% 2112 MHz: 1.7% 2352 MHz: .86% 2532 MHz:   0% 2592 MHz: .99%)
CPU 0 idle residency:  80.04%
CPU 0 down residency:   0.00%
CPU 1 frequency: 1342 MHz
CPU 1 active residency:  12.35% (1020 MHz: 8.4% 1404 MHz: .84% 1788 MHz: .84% 2112 MHz: 1.0% 2352 MHz: .63% 2532 MHz:   0% 2592 MHz: .67%)
CPU 1 idle residency:  87.65%
CPU 1 down residency:   0.00%
CPU 2 frequency: 1275 MHz
CPU 2 active residency:   6.09% (1020 MHz: 4.7% 1404 MHz: .25% 1788 MHz: .11% 2112 MHz: .56% 2352 MHz: .13% 2532 MHz:   0% 2592 MHz: .38%)
CPU 2 idle residency:  93.91%
CPU 2 down residency:   0.00%
CPU 3 frequency: 1320 MHz
CPU 3 active residency:   4.71% (1020 MHz: 3.4% 1404 MHz: .36% 1788 MHz: .05% 2112 MHz: .30% 2352 MHz: .30% 2532 MHz:   0% 2592 MHz: .33%)
CPU 3 idle residency:  95.29%
CPU 3 down residency:   0.00%

P0-Cluster Online: 2%
P0-Cluster HW active frequency: 3175 MHz
P0-Cluster HW active residency:   0.32% (1260 MHz: .13% 1512 MHz:   0% 1800 MHz:   0% 2088 MHz:   0% 2352 MHz:   0% 2616 MHz:   0% 2868 MHz:   0% 3096 MHz:   0% 3300 MHz:   0% 3468 MHz:   0% 3624 MHz:   0% 3756 MHz:   0% 3828 MHz:   0% 3888 MHz: .01% 3948 MHz:   0% 3996 MHz:   0% 4044 MHz:   0% 4104 MHz:   0% 4416 MHz: .00% 4512 MHz: .18%)
P0-Cluster idle residency:   0.87%
P0-Cluster down residency:  98.81%
CPU 4 frequency: 0 MHz
CPU 4 active residency:   0.00% (1260 MHz:   0% 1512 MHz:   0% 1800 MHz:   0% 2088 MHz:   0% 2352 MHz:   0% 2616 MHz:   0% 2868 MHz:   0% 3096 MHz:   0% 3300 MHz:   0% 3468 MHz:   0% 3624 MHz:   0% 3756 MHz:   0% 3828 MHz:   0% 3888 MHz:   0% 3948 MHz:   0% 3996 MHz:   0% 4044 MHz:   0% 4104 MHz:   0% 4416 MHz:   0% 4512 MHz:   0%)
CPU 4 idle residency:   1.16%
CPU 4 down residency:  98.84%
CPU 5 frequency: 0 MHz
CPU 5 active residency:   0.00% (1260 MHz:   0% 1512 MHz:   0% 1800 MHz:   0% 2088 MHz:   0% 2352 MHz:   0% 2616 MHz:   0% 2868 MHz:   0% 3096 MHz:   0% 3300 MHz:   0% 3468 MHz:   0% 3624 MHz:   0% 3756 MHz:   0% 3828 MHz:   0% 3888 MHz:   0% 3948 MHz:   0% 3996 MHz:   0% 4044 MHz:   0% 4104 MHz:   0% 4416 MHz:   0% 4512 MHz:   0%)
CPU 5 idle residency:   1.15%
CPU 5 down residency:  98.85%
CPU 6 frequency: 0 MHz
CPU 6 active residency:   0.00% (1260 MHz:   0% 1512 MHz:   0% 1800 MHz:   0% 2088 MHz:   0% 2352 MHz:   0% 2616 MHz:   0% 2868 MHz:   0% 3096 MHz:   0% 3300 MHz:   0% 3468 MHz:   0% 3624 MHz:   0% 3756 MHz:   0% 3828 MHz:   0% 3888 MHz:   0% 3948 MHz:   0% 3996 MHz:   0% 4044 MHz:   0% 4104 MHz:   0% 4416 MHz:   0% 4512 MHz:   0%)
CPU 6 idle residency:   1.16%
CPU 6 down residency:  98.84%
CPU 7 frequency: 0 MHz
CPU 7 active residency:   0.00% (1260 MHz:   0% 1512 MHz:   0% 1800 MHz:   0% 2088 MHz:   0% 2352 MHz:   0% 2616 MHz:   0% 2868 MHz:   0% 3096 MHz:   0% 3300 MHz:   0% 3468 MHz:   0% 3624 MHz:   0% 3756 MHz:   0% 3828 MHz:   0% 3888 MHz:   0% 3948 MHz:   0% 3996 MHz:   0% 4044 MHz:   0% 4104 MHz:   0% 4416 MHz:   0% 4512 MHz:   0%)
CPU 7 idle residency:   1.16%
CPU 7 down residency:  98.84%
CPU 8 frequency: 0 MHz
CPU 8 active residency:   0.00% (1260 MHz:   0% 1512 MHz:   0% 1800 MHz:   0% 2088 MHz:   0% 2352 MHz:   0% 2616 MHz:   0% 2868 MHz:   0% 3096 MHz:   0% 3300 MHz:   0% 3468 MHz:   0% 3624 MHz:   0% 3756 MHz:   0% 3828 MHz:   0% 3888 MHz:   0% 3948 MHz:   0% 3996 MHz:   0% 4044 MHz:   0% 4104 MHz:   0% 4416 MHz:   0% 4512 MHz:   0%)
CPU 8 idle residency:   1.16%
CPU 8 down residency:  98.84%
CPU 9 frequency: 0 MHz
CPU 9 active residency:   0.00% (1260 MHz:   0% 1512 MHz:   0% 1800 MHz:   0% 2088 MHz:   0% 2352 MHz:   0% 2616 MHz:   0% 2868 MHz:   0% 3096 MHz:   0% 3300 MHz:   0% 3468 MHz:   0% 3624 MHz:   0% 3756 MHz:   0% 3828 MHz:   0% 3888 MHz:   0% 3948 MHz:   0% 3996 MHz:   0% 4044 MHz:   0% 4104 MHz:   0% 4416 MHz:   0% 4512 MHz:   0%)
CPU 9 idle residency:   1.16%
CPU 9 down residency:  98.84%

P1-Cluster HW active frequency: 4027 MHz
P1-Cluster HW active residency:  99.58% (1260 MHz:   0% 1512 MHz:   0% 1800 MHz:   0% 2088 MHz:   0% 2352 MHz:   0% 2616 MHz:   0% 2868 MHz:   0% 3096 MHz:   0% 3300 MHz:   0% 3468 MHz:   0% 3624 MHz:   0% 3756 MHz:   0% 3828 MHz:   0% 3888 MHz:  39% 3948 MHz:  31% 3996 MHz: 7.4% 4044 MHz: 3.8% 4104 MHz:   0% 4416 MHz: 8.2% 4512 MHz: 9.9%)
P1-Cluster idle residency:   0.42%
P1-Cluster down residency:   0.00%
CPU 10 frequency: 4512 MHz
CPU 10 active residency:  69.22% (1260 MHz:   0% 1512 MHz:   0% 1800 MHz:   0% 2088 MHz:   0% 2352 MHz:   0% 2616 MHz:   0% 2868 MHz:   0% 3096 MHz:   0% 3300 MHz:   0% 3468 MHz:   0% 3624 MHz:   0% 3756 MHz:   0% 3828 MHz:   0% 3888 MHz:   0% 3948 MHz:   0% 3996 MHz:   0% 4044 MHz:   0% 4104 MHz:   0% 4416 MHz:   0% 4512 MHz:  69%)
CPU 10 idle residency:  30.78%
CPU 10 down residency:   0.00%
CPU 11 frequency: 4512 MHz
CPU 11 active residency:  65.94% (1260 MHz:   0% 1512 MHz:   0% 1800 MHz:   0% 2088 MHz:   0% 2352 MHz:   0% 2616 MHz:   0% 2868 MHz:   0% 3096 MHz:   0% 3300 MHz:   0% 3468 MHz:   0% 3624 MHz:   0% 3756 MHz:   0% 3828 MHz:   0% 3888 MHz:   0% 3948 MHz:   0% 3996 MHz:   0% 4044 MHz:   0% 4104 MHz:   0% 4416 MHz:   0% 4512 MHz:  66%)
CPU 11 idle residency:  34.06%
CPU 11 down residency:   0.00%
CPU 12 frequency: 4512 MHz
CPU 12 active residency:  64.01% (1260 MHz:   0% 1512 MHz:   0% 1800 MHz:   0% 2088 MHz:   0% 2352 MHz:   0% 2616 MHz:   0% 2868 MHz:   0% 3096 MHz:   0% 3300 MHz:   0% 3468 MHz:   0% 3624 MHz:   0% 3756 MHz:   0% 3828 MHz:   0% 3888 MHz:   0% 3948 MHz:   0% 3996 MHz:   0% 4044 MHz:   0% 4104 MHz:   0% 4416 MHz:   0% 4512 MHz:  64%)
CPU 12 idle residency:  35.99%
CPU 12 down residency:   0.00%
CPU 13 frequency: 4512 MHz
CPU 13 active residency:  59.81% (1260 MHz:   0% 1512 MHz:   0% 1800 MHz:   0% 2088 MHz:   0% 2352 MHz:   0% 2616 MHz:   0% 2868 MHz:   0% 3096 MHz:   0% 3300 MHz:   0% 3468 MHz:   0% 3624 MHz:   0% 3756 MHz:   0% 3828 MHz:   0% 3888 MHz:   0% 3948 MHz:   0% 3996 MHz:   0% 4044 MHz:   0% 4104 MHz:   0% 4416 MHz:   0% 4512 MHz:  60%)
CPU 13 idle residency:  40.19%
CPU 13 down residency:   0.00%
CPU 14 frequency: 4512 MHz
CPU 14 active residency:  37.51% (1260 MHz:   0% 1512 MHz:   0% 1800 MHz:   0% 2088 MHz:   0% 2352 MHz:   0% 2616 MHz:   0% 2868 MHz:   0% 3096 MHz:   0% 3300 MHz:   0% 3468 MHz:   0% 3624 MHz:   0% 3756 MHz:   0% 3828 MHz:   0% 3888 MHz:   0% 3948 MHz:   0% 3996 MHz:   0% 4044 MHz:   0% 4104 MHz:   0% 4416 MHz:   0% 4512 MHz:  38%)
CPU 14 idle residency:  62.49%
CPU 14 down residency:   0.00%
CPU 15 frequency: 4512 MHz
CPU 15 active residency:  54.35% (1260 MHz:   0% 1512 MHz:   0% 1800 MHz:   0% 2088 MHz:   0% 2352 MHz:   0% 2616 MHz:   0% 2868 MHz:   0% 3096 MHz:   0% 3300 MHz:   0% 3468 MHz:   0% 3624 MHz:   0% 3756 MHz:   0% 3828 MHz:   0% 3888 MHz:   0% 3948 MHz:   0% 3996 MHz:   0% 4044 MHz:   0% 4104 MHz:   0% 4416 MHz:   0% 4512 MHz:  54%)
CPU 15 idle residency:  45.65%
CPU 15 down residency:   0.00%

CPU Power: 6951 mW
GPU Power: 21792 mW
ANE Power: 0 mW
Combined Power (CPU + GPU + ANE): 28743 mW

**** GPU usage ****

GPU HW active frequency: 1578 MHz
GPU HW active residency:  99.89% (338 MHz: .02% 618 MHz:   0% 796 MHz:   0% 924 MHz:   0% 952 MHz:   0% 1056 MHz:   0% 1062 MHz:   0% 1182 MHz:   0% 1182 MHz:   0% 1312 MHz:   0% 1242 MHz:   0% 1380 MHz:   0% 1326 MHz:   0% 1470 MHz:   0% 1578 MHz: 100%)
GPU SW requested state: (P1 :   0% P2 :   0% P3 :   0% P4 :   0% P5 :   0% P6 :   0% P7 :   0% P8 :   0% P9 :   0% P10 : 100% P11 :   0% P12 :   0% P13 :   0% P14 :   0% P15 :   0%)
GPU SW state: (SW_P1 : .02% SW_P2 :   0% SW_P3 :   0% SW_P4 :   0% SW_P5 :   0% SW_P6 :   0% SW_P7 :   0% SW_P8 :   0% SW_P9 :   0% SW_P10 : 100% SW_P11 :   0% SW_P12 :   0% SW_P13 :   0% SW_P14 :   0% SW_P15 :   0%)
GPU idle residency:   0.11%
GPU Power: 21794 mW



*** Sampled system activity (Tue Jan 20 15:19:32 2026 +0100) (1021.97ms elapsed) ***


**** Processor usage ****

E-Cluster Online: 100%
E-Cluster HW active frequency: 1195 MHz
E-Cluster HW active residency:  49.46% (1020 MHz:  41% 1404 MHz: 2.5% 1788 MHz: .87% 2112 MHz: 1.7% 2352 MHz: 1.2% 2532 MHz: .62% 2592 MHz: 1.7%)
E-Cluster idle residency:  50.54%
E-Cluster down residency:   0.00%
CPU 0 frequency: 1182 MHz
CPU 0 active residency:  19.88% (1020 MHz:  17% 1404 MHz: .95% 1788 MHz: .17% 2112 MHz: .86% 2352 MHz: .34% 2532 MHz: .06% 2592 MHz: .79%)
CPU 0 idle residency:  80.12%
CPU 0 down residency:   0.00%
CPU 1 frequency: 1262 MHz
CPU 1 active residency:  14.37% (1020 MHz:  11% 1404 MHz: .96% 1788 MHz: .41% 2112 MHz: .59% 2352 MHz: .60% 2532 MHz: .40% 2592 MHz: .48%)
CPU 1 idle residency:  85.63%
CPU 1 down residency:   0.00%
CPU 2 frequency: 1381 MHz
CPU 2 active residency:   8.71% (1020 MHz: 5.2% 1404 MHz: 1.1% 1788 MHz: .52% 2112 MHz: 1.1% 2352 MHz: .43% 2532 MHz: .05% 2592 MHz: .30%)
CPU 2 idle residency:  91.29%
CPU 2 down residency:   0.00%
CPU 3 frequency: 1395 MHz
CPU 3 active residency:   5.64% (1020 MHz: 3.9% 1404 MHz: .21% 1788 MHz: .04% 2112 MHz: .48% 2352 MHz: .61% 2532 MHz: .22% 2592 MHz: .21%)
CPU 3 idle residency:  94.36%
CPU 3 down residency:   0.00%

P0-Cluster Online: 72%
P0-Cluster HW active frequency: 3925 MHz
P0-Cluster HW active residency:  68.34% (1260 MHz: .40% 1512 MHz:   0% 1800 MHz:   0% 2088 MHz:   0% 2352 MHz:   0% 2616 MHz:   0% 2868 MHz:   0% 3096 MHz:   0% 3300 MHz:   0% 3468 MHz:   0% 3624 MHz:   0% 3756 MHz:   0% 3828 MHz: .00% 3888 MHz:  37% 3948 MHz:  26% 3996 MHz: 1.2% 4044 MHz: .44% 4104 MHz:   0% 4416 MHz: 1.2% 4512 MHz: 1.9%)
P0-Cluster idle residency:   2.31%
P0-Cluster down residency:  29.35%
CPU 4 frequency: 4510 MHz
CPU 4 active residency:  60.66% (1260 MHz: .01% 1512 MHz:   0% 1800 MHz: .04% 2088 MHz:   0% 2352 MHz:   0% 2616 MHz:   0% 2868 MHz:   0% 3096 MHz:   0% 3300 MHz:   0% 3468 MHz:   0% 3624 MHz:   0% 3756 MHz:   0% 3828 MHz:   0% 3888 MHz:   0% 3948 MHz:   0% 3996 MHz:   0% 4044 MHz:   0% 4104 MHz:   0% 4416 MHz:   0% 4512 MHz:  61%)
CPU 4 idle residency:  10.11%
CPU 4 down residency:  29.23%
CPU 5 frequency: 4510 MHz
CPU 5 active residency:  58.41% (1260 MHz: .01% 1512 MHz:   0% 1800 MHz: .03% 2088 MHz:   0% 2352 MHz:   0% 2616 MHz:   0% 2868 MHz:   0% 3096 MHz:   0% 3300 MHz:   0% 3468 MHz:   0% 3624 MHz:   0% 3756 MHz:   0% 3828 MHz:   0% 3888 MHz:   0% 3948 MHz:   0% 3996 MHz:   0% 4044 MHz:   0% 4104 MHz:   0% 4416 MHz:   0% 4512 MHz:  58%)
CPU 5 idle residency:  12.35%
CPU 5 down residency:  29.24%
CPU 6 frequency: 4511 MHz
CPU 6 active residency:  59.65% (1260 MHz: .00% 1512 MHz:   0% 1800 MHz: .03% 2088 MHz:   0% 2352 MHz:   0% 2616 MHz:   0% 2868 MHz:   0% 3096 MHz:   0% 3300 MHz:   0% 3468 MHz:   0% 3624 MHz:   0% 3756 MHz:   0% 3828 MHz:   0% 3888 MHz:   0% 3948 MHz:   0% 3996 MHz:   0% 4044 MHz:   0% 4104 MHz:   0% 4416 MHz:   0% 4512 MHz:  60%)
CPU 6 idle residency:  11.11%
CPU 6 down residency:  29.24%
CPU 7 frequency: 4510 MHz
CPU 7 active residency:  54.57% (1260 MHz: .00% 1512 MHz:   0% 1800 MHz: .04% 2088 MHz:   0% 2352 MHz:   0% 2616 MHz:   0% 2868 MHz:   0% 3096 MHz:   0% 3300 MHz:   0% 3468 MHz:   0% 3624 MHz:   0% 3756 MHz:   0% 3828 MHz:   0% 3888 MHz:   0% 3948 MHz:   0% 3996 MHz:   0% 4044 MHz:   0% 4104 MHz:   0% 4416 MHz:   0% 4512 MHz:  55%)
CPU 7 idle residency:  16.19%
CPU 7 down residency:  29.23%
CPU 8 frequency: 4498 MHz
CPU 8 active residency:  37.24% (1260 MHz:   0% 1512 MHz:   0% 1800 MHz: .19% 2088 MHz:   0% 2352 MHz:   0% 2616 MHz:   0% 2868 MHz:   0% 3096 MHz:   0% 3300 MHz:   0% 3468 MHz:   0% 3624 MHz:   0% 3756 MHz:   0% 3828 MHz:   0% 3888 MHz:   0% 3948 MHz:   0% 3996 MHz:   0% 4044 MHz:   0% 4104 MHz:   0% 4416 MHz:   0% 4512 MHz:  37%)
CPU 8 idle residency:  33.59%
CPU 8 down residency:  29.17%
CPU 9 frequency: 4511 MHz
CPU 9 active residency:  33.95% (1260 MHz:   0% 1512 MHz:   0% 1800 MHz: .02% 2088 MHz:   0% 2352 MHz:   0% 2616 MHz:   0% 2868 MHz:   0% 3096 MHz:   0% 3300 MHz:   0% 3468 MHz:   0% 3624 MHz:   0% 3756 MHz:   0% 3828 MHz:   0% 3888 MHz:   0% 3948 MHz:   0% 3996 MHz:   0% 4044 MHz:   0% 4104 MHz:   0% 4416 MHz:   0% 4512 MHz:  34%)
CPU 9 idle residency:  36.81%
CPU 9 down residency:  29.24%

P1-Cluster HW active frequency: 3941 MHz
P1-Cluster HW active residency:  34.14% (1260 MHz: 1.3% 1512 MHz:   0% 1800 MHz: .11% 2088 MHz:   0% 2352 MHz:   0% 2616 MHz:   0% 2868 MHz:   0% 3096 MHz:   0% 3300 MHz:   0% 3468 MHz:   0% 3624 MHz:   0% 3756 MHz:   0% 3828 MHz:   0% 3888 MHz:  12% 3948 MHz: 8.3% 3996 MHz: 3.9% 4044 MHz: 1.6% 4104 MHz:   0% 4416 MHz: 3.0% 4512 MHz: 4.3%)
P1-Cluster idle residency:   3.91%
P1-Cluster down residency:  61.95%
CPU 10 frequency: 4491 MHz
CPU 10 active residency:  20.55% (1260 MHz: .07% 1512 MHz:   0% 1800 MHz: .08% 2088 MHz:   0% 2352 MHz:   0% 2616 MHz:   0% 2868 MHz:   0% 3096 MHz:   0% 3300 MHz:   0% 3468 MHz:   0% 3624 MHz:   0% 3756 MHz:   0% 3828 MHz:   0% 3888 MHz:   0% 3948 MHz:   0% 3996 MHz:   0% 4044 MHz:   0% 4104 MHz:   0% 4416 MHz:   0% 4512 MHz:  20%)
CPU 10 idle residency:  17.40%
CPU 10 down residency:  62.05%
CPU 11 frequency: 4497 MHz
CPU 11 active residency:  15.56% (1260 MHz: .07% 1512 MHz:   0% 1800 MHz: .01% 2088 MHz:   0% 2352 MHz:   0% 2616 MHz:   0% 2868 MHz:   0% 3096 MHz:   0% 3300 MHz:   0% 3468 MHz:   0% 3624 MHz:   0% 3756 MHz:   0% 3828 MHz:   0% 3888 MHz:   0% 3948 MHz:   0% 3996 MHz:   0% 4044 MHz:   0% 4104 MHz:   0% 4416 MHz:   0% 4512 MHz:  15%)
CPU 11 idle residency:  22.37%
CPU 11 down residency:  62.07%
CPU 12 frequency: 4506 MHz
CPU 12 active residency:  19.02% (1260 MHz: .03% 1512 MHz:   0% 1800 MHz: .01% 2088 MHz:   0% 2352 MHz:   0% 2616 MHz:   0% 2868 MHz:   0% 3096 MHz:   0% 3300 MHz:   0% 3468 MHz:   0% 3624 MHz:   0% 3756 MHz:   0% 3828 MHz:   0% 3888 MHz:   0% 3948 MHz:   0% 3996 MHz:   0% 4044 MHz:   0% 4104 MHz:   0% 4416 MHz:   0% 4512 MHz:  19%)
CPU 12 idle residency:  18.93%
CPU 12 down residency:  62.05%
CPU 13 frequency: 4508 MHz
CPU 13 active residency:  21.99% (1260 MHz: .03% 1512 MHz:   0% 1800 MHz: .00% 2088 MHz:   0% 2352 MHz:   0% 2616 MHz:   0% 2868 MHz:   0% 3096 MHz:   0% 3300 MHz:   0% 3468 MHz:   0% 3624 MHz:   0% 3756 MHz:   0% 3828 MHz:   0% 3888 MHz:   0% 3948 MHz:   0% 3996 MHz:   0% 4044 MHz:   0% 4104 MHz:   0% 4416 MHz:   0% 4512 MHz:  22%)
CPU 13 idle residency:  15.96%
CPU 13 down residency:  62.05%
CPU 14 frequency: 4507 MHz
CPU 14 active residency:  20.09% (1260 MHz: .03% 1512 MHz:   0% 1800 MHz: .00% 2088 MHz:   0% 2352 MHz:   0% 2616 MHz:   0% 2868 MHz:   0% 3096 MHz:   0% 3300 MHz:   0% 3468 MHz:   0% 3624 MHz:   0% 3756 MHz:   0% 3828 MHz:   0% 3888 MHz:   0% 3948 MHz:   0% 3996 MHz:   0% 4044 MHz:   0% 4104 MHz:   0% 4416 MHz:   0% 4512 MHz:  20%)
CPU 14 idle residency:  17.86%
CPU 14 down residency:  62.05%
CPU 15 frequency: 4501 MHz
CPU 15 active residency:   9.38% (1260 MHz: .03% 1512 MHz:   0% 1800 MHz: .00% 2088 MHz:   0% 2352 MHz:   0% 2616 MHz:   0% 2868 MHz:   0% 3096 MHz:   0% 3300 MHz:   0% 3468 MHz:   0% 3624 MHz:   0% 3756 MHz:   0% 3828 MHz:   0% 3888 MHz:   0% 3948 MHz:   0% 3996 MHz:   0% 4044 MHz:   0% 4104 MHz:   0% 4416 MHz:   0% 4512 MHz: 9.3%)
CPU 15 idle residency:  28.57%
CPU 15 down residency:  62.05%

CPU Power: 6993 mW
GPU Power: 21844 mW
ANE Power: 0 mW
Combined Power (CPU + GPU + ANE): 28838 mW

**** GPU usage ****

GPU HW active frequency: 1578 MHz
GPU HW active residency: 100.00% (338 MHz:   0% 618 MHz:   0% 796 MHz:   0% 924 MHz:   0% 952 MHz:   0% 1056 MHz:   0% 1062 MHz:   0% 1182 MHz:   0% 1182 MHz:   0% 1312 MHz:   0% 1242 MHz:   0% 1380 MHz:   0% 1326 MHz:   0% 1470 MHz:   0% 1578 MHz: 100%)
GPU SW requested state: (P1 :   0% P2 :   0% P3 :   0% P4 :   0% P5 :   0% P6 :   0% P7 :   0% P8 :   0% P9 :   0% P10 : 100% P11 :   0% P12 :   0% P13 :   0% P14 :   0% P15 :   0%)
GPU SW state: (SW_P1 :   0% SW_P2 :   0% SW_P3 :   0% SW_P4 :   0% SW_P5 :   0% SW_P6 :   0% SW_P7 :   0% SW_P8 :   0% SW_P9 :   0% SW_P10 : 100% SW_P11 :   0% SW_P12 :   0% SW_P13 :   0% SW_P14 :   0% SW_P15 :   0%)
GPU idle residency:   0.00%
GPU Power: 21843 mW



*** Sampled system activity (Tue Jan 20 15:19:33 2026 +0100) (1018.26ms elapsed) ***


**** Processor usage ****

E-Cluster Online: 100%
E-Cluster HW active frequency: 1211 MHz
E-Cluster HW active residency:  46.93% (1020 MHz:  39% 1404 MHz: 1.5% 1788 MHz: 1.3% 2112 MHz: 1.7% 2352 MHz: 1.3% 2532 MHz: .76% 2592 MHz: 1.7%)
E-Cluster idle residency:  53.07%
E-Cluster down residency:   0.00%
CPU 0 frequency: 1244 MHz
CPU 0 active residency:  18.40% (1020 MHz:  15% 1404 MHz: .56% 1788 MHz: .61% 2112 MHz: 1.2% 2352 MHz: .51% 2532 MHz: .11% 2592 MHz: .78%)
CPU 0 idle residency:  81.60%
CPU 0 down residency:   0.00%
CPU 1 frequency: 1227 MHz
CPU 1 active residency:  14.85% (1020 MHz:  12% 1404 MHz: .95% 1788 MHz: .60% 2112 MHz: .52% 2352 MHz: .19% 2532 MHz: .38% 2592 MHz: .54%)
CPU 1 idle residency:  85.15%
CPU 1 down residency:   0.00%
CPU 2 frequency: 1188 MHz
CPU 2 active residency:   8.94% (1020 MHz: 7.0% 1404 MHz: .88% 1788 MHz: .43% 2112 MHz: .22% 2352 MHz: .08% 2532 MHz: .07% 2592 MHz: .25%)
CPU 2 idle residency:  91.06%
CPU 2 down residency:   0.00%
CPU 3 frequency: 1347 MHz
CPU 3 active residency:   6.74% (1020 MHz: 4.8% 1404 MHz: .24% 1788 MHz: .24% 2112 MHz: .53% 2352 MHz: .48% 2532 MHz: .30% 2592 MHz: .16%)
CPU 3 idle residency:  93.26%
CPU 3 down residency:   0.00%

P0-Cluster Online: 100%
P0-Cluster HW active frequency: 3977 MHz
P0-Cluster HW active residency:  99.84% (1260 MHz:   0% 1512 MHz:   0% 1800 MHz:   0% 2088 MHz:   0% 2352 MHz:   0% 2616 MHz:   0% 2868 MHz:   0% 3096 MHz:   0% 3300 MHz:   0% 3468 MHz:   0% 3624 MHz:   0% 3756 MHz:   0% 3828 MHz:   0% 3888 MHz:  50% 3948 MHz:  32% 3996 MHz: 5.8% 4044 MHz: 2.5% 4104 MHz:   0% 4416 MHz: 5.1% 4512 MHz: 5.2%)
P0-Cluster idle residency:   0.16%
P0-Cluster down residency:   0.00%
CPU 4 frequency: 4512 MHz
CPU 4 active residency:  76.69% (1260 MHz:   0% 1512 MHz:   0% 1800 MHz:   0% 2088 MHz:   0% 2352 MHz:   0% 2616 MHz:   0% 2868 MHz:   0% 3096 MHz:   0% 3300 MHz:   0% 3468 MHz:   0% 3624 MHz:   0% 3756 MHz:   0% 3828 MHz:   0% 3888 MHz:   0% 3948 MHz:   0% 3996 MHz:   0% 4044 MHz:   0% 4104 MHz:   0% 4416 MHz:   0% 4512 MHz:  77%)
CPU 4 idle residency:  23.31%
CPU 4 down residency:   0.00%
CPU 5 frequency: 4512 MHz
CPU 5 active residency:  56.36% (1260 MHz:   0% 1512 MHz:   0% 1800 MHz:   0% 2088 MHz:   0% 2352 MHz:   0% 2616 MHz:   0% 2868 MHz:   0% 3096 MHz:   0% 3300 MHz:   0% 3468 MHz:   0% 3624 MHz:   0% 3756 MHz:   0% 3828 MHz:   0% 3888 MHz:   0% 3948 MHz:   0% 3996 MHz:   0% 4044 MHz:   0% 4104 MHz:   0% 4416 MHz:   0% 4512 MHz:  56%)
CPU 5 idle residency:  43.64%
CPU 5 down residency:   0.00%
CPU 6 frequency: 4512 MHz
CPU 6 active residency:  75.68% (1260 MHz:   0% 1512 MHz:   0% 1800 MHz:   0% 2088 MHz:   0% 2352 MHz:   0% 2616 MHz:   0% 2868 MHz:   0% 3096 MHz:   0% 3300 MHz:   0% 3468 MHz:   0% 3624 MHz:   0% 3756 MHz:   0% 3828 MHz:   0% 3888 MHz:   0% 3948 MHz:   0% 3996 MHz:   0% 4044 MHz:   0% 4104 MHz:   0% 4416 MHz:   0% 4512 MHz:  76%)
CPU 6 idle residency:  24.32%
CPU 6 down residency:   0.00%
CPU 7 frequency: 4512 MHz
CPU 7 active residency:  67.23% (1260 MHz:   0% 1512 MHz:   0% 1800 MHz:   0% 2088 MHz:   0% 2352 MHz:   0% 2616 MHz:   0% 2868 MHz:   0% 3096 MHz:   0% 3300 MHz:   0% 3468 MHz:   0% 3624 MHz:   0% 3756 MHz:   0% 3828 MHz:   0% 3888 MHz:   0% 3948 MHz:   0% 3996 MHz:   0% 4044 MHz:   0% 4104 MHz:   0% 4416 MHz:   0% 4512 MHz:  67%)
CPU 7 idle residency:  32.77%
CPU 7 down residency:   0.00%
CPU 8 frequency: 4512 MHz
CPU 8 active residency:  60.56% (1260 MHz:   0% 1512 MHz:   0% 1800 MHz:   0% 2088 MHz:   0% 2352 MHz:   0% 2616 MHz:   0% 2868 MHz:   0% 3096 MHz:   0% 3300 MHz:   0% 3468 MHz:   0% 3624 MHz:   0% 3756 MHz:   0% 3828 MHz:   0% 3888 MHz:   0% 3948 MHz:   0% 3996 MHz:   0% 4044 MHz:   0% 4104 MHz:   0% 4416 MHz:   0% 4512 MHz:  61%)
CPU 8 idle residency:  39.44%
CPU 8 down residency:   0.00%
CPU 9 frequency: 4512 MHz
CPU 9 active residency:  66.06% (1260 MHz:   0% 1512 MHz:   0% 1800 MHz:   0% 2088 MHz:   0% 2352 MHz:   0% 2616 MHz:   0% 2868 MHz:   0% 3096 MHz:   0% 3300 MHz:   0% 3468 MHz:   0% 3624 MHz:   0% 3756 MHz:   0% 3828 MHz:   0% 3888 MHz:   0% 3948 MHz:   0% 3996 MHz:   0% 4044 MHz:   0% 4104 MHz:   0% 4416 MHz:   0% 4512 MHz:  66%)
CPU 9 idle residency:  33.94%
CPU 9 down residency:   0.00%

P1-Cluster HW active frequency: 2111 MHz
P1-Cluster HW active residency:   0.95% (1260 MHz: .70% 1512 MHz:   0% 1800 MHz:   0% 2088 MHz:   0% 2352 MHz:   0% 2616 MHz:   0% 2868 MHz:   0% 3096 MHz:   0% 3300 MHz:   0% 3468 MHz:   0% 3624 MHz:   0% 3756 MHz:   0% 3828 MHz:   0% 3888 MHz: .01% 3948 MHz: .01% 3996 MHz:   0% 4044 MHz:   0% 4104 MHz:   0% 4416 MHz: .01% 4512 MHz: .24%)
P1-Cluster idle residency:   3.25%
P1-Cluster down residency:  95.80%
CPU 10 frequency: 3280 MHz
CPU 10 active residency:   0.02% (1260 MHz: .01% 1512 MHz:   0% 1800 MHz:   0% 2088 MHz:   0% 2352 MHz:   0% 2616 MHz:   0% 2868 MHz:   0% 3096 MHz:   0% 3300 MHz:   0% 3468 MHz:   0% 3624 MHz:   0% 3756 MHz:   0% 3828 MHz:   0% 3888 MHz:   0% 3948 MHz:   0% 3996 MHz:   0% 4044 MHz:   0% 4104 MHz:   0% 4416 MHz:   0% 4512 MHz: .01%)
CPU 10 idle residency:   4.05%
CPU 10 down residency:  95.93%
CPU 11 frequency: 1480 MHz
CPU 11 active residency:   0.02% (1260 MHz: .02% 1512 MHz:   0% 1800 MHz:   0% 2088 MHz:   0% 2352 MHz:   0% 2616 MHz:   0% 2868 MHz:   0% 3096 MHz:   0% 3300 MHz:   0% 3468 MHz:   0% 3624 MHz:   0% 3756 MHz:   0% 3828 MHz:   0% 3888 MHz:   0% 3948 MHz:   0% 3996 MHz:   0% 4044 MHz:   0% 4104 MHz:   0% 4416 MHz:   0% 4512 MHz: .00%)
CPU 11 idle residency:   4.03%
CPU 11 down residency:  95.95%
CPU 12 frequency: 1455 MHz
CPU 12 active residency:   0.02% (1260 MHz: .01% 1512 MHz:   0% 1800 MHz:   0% 2088 MHz:   0% 2352 MHz:   0% 2616 MHz:   0% 2868 MHz:   0% 3096 MHz:   0% 3300 MHz:   0% 3468 MHz:   0% 3624 MHz:   0% 3756 MHz:   0% 3828 MHz:   0% 3888 MHz:   0% 3948 MHz:   0% 3996 MHz:   0% 4044 MHz:   0% 4104 MHz:   0% 4416 MHz:   0% 4512 MHz: .00%)
CPU 12 idle residency:   4.05%
CPU 12 down residency:  95.93%
CPU 13 frequency: 1447 MHz
CPU 13 active residency:   0.02% (1260 MHz: .01% 1512 MHz:   0% 1800 MHz:   0% 2088 MHz:   0% 2352 MHz:   0% 2616 MHz:   0% 2868 MHz:   0% 3096 MHz:   0% 3300 MHz:   0% 3468 MHz:   0% 3624 MHz:   0% 3756 MHz:   0% 3828 MHz:   0% 3888 MHz:   0% 3948 MHz:   0% 3996 MHz:   0% 4044 MHz:   0% 4104 MHz:   0% 4416 MHz:   0% 4512 MHz: .00%)
CPU 13 idle residency:   4.06%
CPU 13 down residency:  95.92%
CPU 14 frequency: 1445 MHz
CPU 14 active residency:   0.02% (1260 MHz: .02% 1512 MHz:   0% 1800 MHz:   0% 2088 MHz:   0% 2352 MHz:   0% 2616 MHz:   0% 2868 MHz:   0% 3096 MHz:   0% 3300 MHz:   0% 3468 MHz:   0% 3624 MHz:   0% 3756 MHz:   0% 3828 MHz:   0% 3888 MHz:   0% 3948 MHz:   0% 3996 MHz:   0% 4044 MHz:   0% 4104 MHz:   0% 4416 MHz:   0% 4512 MHz: .00%)
CPU 14 idle residency:   4.06%
CPU 14 down residency:  95.93%
CPU 15 frequency: 1444 MHz
CPU 15 active residency:   0.02% (1260 MHz: .02% 1512 MHz:   0% 1800 MHz:   0% 2088 MHz:   0% 2352 MHz:   0% 2616 MHz:   0% 2868 MHz:   0% 3096 MHz:   0% 3300 MHz:   0% 3468 MHz:   0% 3624 MHz:   0% 3756 MHz:   0% 3828 MHz:   0% 3888 MHz:   0% 3948 MHz:   0% 3996 MHz:   0% 4044 MHz:   0% 4104 MHz:   0% 4416 MHz:   0% 4512 MHz: .00%)
CPU 15 idle residency:   4.06%
CPU 15 down residency:  95.93%

CPU Power: 7082 mW
GPU Power: 22160 mW
ANE Power: 0 mW
Combined Power (CPU + GPU + ANE): 29242 mW

**** GPU usage ****

GPU HW active frequency: 1578 MHz
GPU HW active residency: 100.00% (338 MHz:   0% 618 MHz:   0% 796 MHz:   0% 924 MHz:   0% 952 MHz:   0% 1056 MHz:   0% 1062 MHz:   0% 1182 MHz:   0% 1182 MHz:   0% 1312 MHz:   0% 1242 MHz:   0% 1380 MHz:   0% 1326 MHz:   0% 1470 MHz:   0% 1578 MHz: 100%)
GPU SW requested state: (P1 :   0% P2 :   0% P3 :   0% P4 :   0% P5 :   0% P6 :   0% P7 :   0% P8 :   0% P9 :   0% P10 : 100% P11 :   0% P12 :   0% P13 :   0% P14 :   0% P15 :   0%)
GPU SW state: (SW_P1 :   0% SW_P2 :   0% SW_P3 :   0% SW_P4 :   0% SW_P5 :   0% SW_P6 :   0% SW_P7 :   0% SW_P8 :   0% SW_P9 :   0% SW_P10 : 100% SW_P11 :   0% SW_P12 :   0% SW_P13 :   0% SW_P14 :   0% SW_P15 :   0%)
GPU idle residency:   0.00%
GPU Power: 21985 mW



*** Sampled system activity (Tue Jan 20 15:19:34 2026 +0100) (1022.02ms elapsed) ***


**** Processor usage ****

E-Cluster Online: 100%
E-Cluster HW active frequency: 1206 MHz
E-Cluster HW active residency:  49.28% (1020 MHz:  41% 1404 MHz: 1.1% 1788 MHz: .96% 2112 MHz: 2.3% 2352 MHz: 1.7% 2532 MHz: .03% 2592 MHz: 2.0%)
E-Cluster idle residency:  50.72%
E-Cluster down residency:   0.00%
CPU 0 frequency: 1247 MHz
CPU 0 active residency:  23.00% (1020 MHz:  19% 1404 MHz: .48% 1788 MHz: .30% 2112 MHz: 1.6% 2352 MHz: .79% 2532 MHz: .01% 2592 MHz: 1.3%)
CPU 0 idle residency:  77.00%
CPU 0 down residency:   0.00%
CPU 1 frequency: 1300 MHz
CPU 1 active residency:  13.43% (1020 MHz:  10% 1404 MHz: .36% 1788 MHz: .15% 2112 MHz: 1.3% 2352 MHz: .78% 2532 MHz: .00% 2592 MHz: .69%)
CPU 1 idle residency:  86.57%
CPU 1 down residency:   0.00%
CPU 2 frequency: 1376 MHz
CPU 2 active residency:   8.83% (1020 MHz: 5.8% 1404 MHz: .50% 1788 MHz: .49% 2112 MHz: .94% 2352 MHz: .68% 2532 MHz: .01% 2592 MHz: .40%)
CPU 2 idle residency:  91.17%
CPU 2 down residency:   0.00%
CPU 3 frequency: 1237 MHz
CPU 3 active residency:   5.41% (1020 MHz: 4.5% 1404 MHz: .05% 1788 MHz: .02% 2112 MHz: .42% 2352 MHz: .15% 2532 MHz: .00% 2592 MHz: .30%)
CPU 3 idle residency:  94.59%
CPU 3 down residency:   0.00%

P0-Cluster Online: 100%
P0-Cluster HW active frequency: 4018 MHz
P0-Cluster HW active residency:  99.51% (1260 MHz:   0% 1512 MHz:   0% 1800 MHz:   0% 2088 MHz:   0% 2352 MHz:   0% 2616 MHz:   0% 2868 MHz:   0% 3096 MHz:   0% 3300 MHz:   0% 3468 MHz:   0% 3624 MHz:   0% 3756 MHz:   0% 3828 MHz:   0% 3888 MHz:  45% 3948 MHz:  28% 3996 MHz: 6.7% 4044 MHz: 3.2% 4104 MHz:   0% 4416 MHz: 7.4% 4512 MHz: 9.8%)
P0-Cluster idle residency:   0.49%
P0-Cluster down residency:   0.00%
CPU 4 frequency: 4512 MHz
CPU 4 active residency:  67.40% (1260 MHz:   0% 1512 MHz:   0% 1800 MHz:   0% 2088 MHz:   0% 2352 MHz:   0% 2616 MHz:   0% 2868 MHz:   0% 3096 MHz:   0% 3300 MHz:   0% 3468 MHz:   0% 3624 MHz:   0% 3756 MHz:   0% 3828 MHz:   0% 3888 MHz:   0% 3948 MHz:   0% 3996 MHz:   0% 4044 MHz:   0% 4104 MHz:   0% 4416 MHz:   0% 4512 MHz:  67%)
CPU 4 idle residency:  32.60%
CPU 4 down residency:   0.00%
CPU 5 frequency: 4512 MHz
CPU 5 active residency:  60.56% (1260 MHz:   0% 1512 MHz:   0% 1800 MHz:   0% 2088 MHz:   0% 2352 MHz:   0% 2616 MHz:   0% 2868 MHz:   0% 3096 MHz:   0% 3300 MHz:   0% 3468 MHz:   0% 3624 MHz:   0% 3756 MHz:   0% 3828 MHz:   0% 3888 MHz:   0% 3948 MHz:   0% 3996 MHz:   0% 4044 MHz:   0% 4104 MHz:   0% 4416 MHz:   0% 4512 MHz:  61%)
CPU 5 idle residency:  39.44%
CPU 5 down residency:   0.00%
CPU 6 frequency: 4512 MHz
CPU 6 active residency:  54.89% (1260 MHz:   0% 1512 MHz:   0% 1800 MHz:   0% 2088 MHz:   0% 2352 MHz:   0% 2616 MHz:   0% 2868 MHz:   0% 3096 MHz:   0% 3300 MHz:   0% 3468 MHz:   0% 3624 MHz:   0% 3756 MHz:   0% 3828 MHz:   0% 3888 MHz:   0% 3948 MHz:   0% 3996 MHz:   0% 4044 MHz:   0% 4104 MHz:   0% 4416 MHz:   0% 4512 MHz:  55%)
CPU 6 idle residency:  45.11%
CPU 6 down residency:   0.00%
CPU 7 frequency: 4512 MHz
CPU 7 active residency:  54.05% (1260 MHz:   0% 1512 MHz:   0% 1800 MHz:   0% 2088 MHz:   0% 2352 MHz:   0% 2616 MHz:   0% 2868 MHz:   0% 3096 MHz:   0% 3300 MHz:   0% 3468 MHz:   0% 3624 MHz:   0% 3756 MHz:   0% 3828 MHz:   0% 3888 MHz:   0% 3948 MHz:   0% 3996 MHz:   0% 4044 MHz:   0% 4104 MHz:   0% 4416 MHz:   0% 4512 MHz:  54%)
CPU 7 idle residency:  45.95%
CPU 7 down residency:   0.00%
CPU 8 frequency: 4512 MHz
CPU 8 active residency:  61.23% (1260 MHz:   0% 1512 MHz:   0% 1800 MHz:   0% 2088 MHz:   0% 2352 MHz:   0% 2616 MHz:   0% 2868 MHz:   0% 3096 MHz:   0% 3300 MHz:   0% 3468 MHz:   0% 3624 MHz:   0% 3756 MHz:   0% 3828 MHz:   0% 3888 MHz:   0% 3948 MHz:   0% 3996 MHz:   0% 4044 MHz:   0% 4104 MHz:   0% 4416 MHz:   0% 4512 MHz:  61%)
CPU 8 idle residency:  38.77%
CPU 8 down residency:   0.00%
CPU 9 frequency: 4512 MHz
CPU 9 active residency:  68.04% (1260 MHz:   0% 1512 MHz:   0% 1800 MHz:   0% 2088 MHz:   0% 2352 MHz:   0% 2616 MHz:   0% 2868 MHz:   0% 3096 MHz:   0% 3300 MHz:   0% 3468 MHz:   0% 3624 MHz:   0% 3756 MHz:   0% 3828 MHz:   0% 3888 MHz:   0% 3948 MHz:   0% 3996 MHz:   0% 4044 MHz:   0% 4104 MHz:   0% 4416 MHz:   0% 4512 MHz:  68%)
CPU 9 idle residency:  31.96%
CPU 9 down residency:   0.00%

P1-Cluster HW active frequency: 2369 MHz
P1-Cluster HW active residency:   1.74% (1260 MHz: 1.0% 1512 MHz:   0% 1800 MHz:   0% 2088 MHz:   0% 2352 MHz:   0% 2616 MHz: .17% 2868 MHz:   0% 3096 MHz:   0% 3300 MHz:   0% 3468 MHz:   0% 3624 MHz:   0% 3756 MHz:   0% 3828 MHz:   0% 3888 MHz: .04% 3948 MHz: .04% 3996 MHz:   0% 4044 MHz:   0% 4104 MHz:   0% 4416 MHz: .06% 4512 MHz: .40%)
P1-Cluster idle residency:   3.77%
P1-Cluster down residency:  94.48%
CPU 10 frequency: 0 MHz
CPU 10 active residency:   0.00% (1260 MHz:   0% 1512 MHz:   0% 1800 MHz:   0% 2088 MHz:   0% 2352 MHz:   0% 2616 MHz:   0% 2868 MHz:   0% 3096 MHz:   0% 3300 MHz:   0% 3468 MHz:   0% 3624 MHz:   0% 3756 MHz:   0% 3828 MHz:   0% 3888 MHz:   0% 3948 MHz:   0% 3996 MHz:   0% 4044 MHz:   0% 4104 MHz:   0% 4416 MHz:   0% 4512 MHz:   0%)
CPU 10 idle residency:   5.23%
CPU 10 down residency:  94.77%
CPU 11 frequency: 0 MHz
CPU 11 active residency:   0.00% (1260 MHz:   0% 1512 MHz:   0% 1800 MHz:   0% 2088 MHz:   0% 2352 MHz:   0% 2616 MHz:   0% 2868 MHz:   0% 3096 MHz:   0% 3300 MHz:   0% 3468 MHz:   0% 3624 MHz:   0% 3756 MHz:   0% 3828 MHz:   0% 3888 MHz:   0% 3948 MHz:   0% 3996 MHz:   0% 4044 MHz:   0% 4104 MHz:   0% 4416 MHz:   0% 4512 MHz:   0%)
CPU 11 idle residency:   5.20%
CPU 11 down residency:  94.80%
CPU 12 frequency: 0 MHz
CPU 12 active residency:   0.00% (1260 MHz:   0% 1512 MHz:   0% 1800 MHz:   0% 2088 MHz:   0% 2352 MHz:   0% 2616 MHz:   0% 2868 MHz:   0% 3096 MHz:   0% 3300 MHz:   0% 3468 MHz:   0% 3624 MHz:   0% 3756 MHz:   0% 3828 MHz:   0% 3888 MHz:   0% 3948 MHz:   0% 3996 MHz:   0% 4044 MHz:   0% 4104 MHz:   0% 4416 MHz:   0% 4512 MHz:   0%)
CPU 12 idle residency:   5.20%
CPU 12 down residency:  94.80%
CPU 13 frequency: 0 MHz
CPU 13 active residency:   0.00% (1260 MHz:   0% 1512 MHz:   0% 1800 MHz:   0% 2088 MHz:   0% 2352 MHz:   0% 2616 MHz:   0% 2868 MHz:   0% 3096 MHz:   0% 3300 MHz:   0% 3468 MHz:   0% 3624 MHz:   0% 3756 MHz:   0% 3828 MHz:   0% 3888 MHz:   0% 3948 MHz:   0% 3996 MHz:   0% 4044 MHz:   0% 4104 MHz:   0% 4416 MHz:   0% 4512 MHz:   0%)
CPU 13 idle residency:   5.28%
CPU 13 down residency:  94.72%
CPU 14 frequency: 0 MHz
CPU 14 active residency:   0.00% (1260 MHz:   0% 1512 MHz:   0% 1800 MHz:   0% 2088 MHz:   0% 2352 MHz:   0% 2616 MHz:   0% 2868 MHz:   0% 3096 MHz:   0% 3300 MHz:   0% 3468 MHz:   0% 3624 MHz:   0% 3756 MHz:   0% 3828 MHz:   0% 3888 MHz:   0% 3948 MHz:   0% 3996 MHz:   0% 4044 MHz:   0% 4104 MHz:   0% 4416 MHz:   0% 4512 MHz:   0%)
CPU 14 idle residency:   5.28%
CPU 14 down residency:  94.72%
CPU 15 frequency: 0 MHz
CPU 15 active residency:   0.00% (1260 MHz:   0% 1512 MHz:   0% 1800 MHz:   0% 2088 MHz:   0% 2352 MHz:   0% 2616 MHz:   0% 2868 MHz:   0% 3096 MHz:   0% 3300 MHz:   0% 3468 MHz:   0% 3624 MHz:   0% 3756 MHz:   0% 3828 MHz:   0% 3888 MHz:   0% 3948 MHz:   0% 3996 MHz:   0% 4044 MHz:   0% 4104 MHz:   0% 4416 MHz:   0% 4512 MHz:   0%)
CPU 15 idle residency:   5.25%
CPU 15 down residency:  94.75%

CPU Power: 6929 mW
GPU Power: 21798 mW
ANE Power: 0 mW
Combined Power (CPU + GPU + ANE): 28727 mW

**** GPU usage ****

GPU HW active frequency: 1578 MHz
GPU HW active residency:  99.96% (338 MHz: .01% 618 MHz:   0% 796 MHz:   0% 924 MHz:   0% 952 MHz:   0% 1056 MHz:   0% 1062 MHz:   0% 1182 MHz:   0% 1182 MHz:   0% 1312 MHz:   0% 1242 MHz:   0% 1380 MHz:   0% 1326 MHz:   0% 1470 MHz:   0% 1578 MHz: 100%)
GPU SW requested state: (P1 :   0% P2 :   0% P3 :   0% P4 :   0% P5 :   0% P6 :   0% P7 :   0% P8 :   0% P9 :   0% P10 : 100% P11 :   0% P12 :   0% P13 :   0% P14 :   0% P15 :   0%)
GPU SW state: (SW_P1 : .01% SW_P2 :   0% SW_P3 :   0% SW_P4 :   0% SW_P5 :   0% SW_P6 :   0% SW_P7 :   0% SW_P8 :   0% SW_P9 :   0% SW_P10 : 100% SW_P11 :   0% SW_P12 :   0% SW_P13 :   0% SW_P14 :   0% SW_P15 :   0%)
GPU idle residency:   0.04%
GPU Power: 21978 mW



*** Sampled system activity (Tue Jan 20 15:19:35 2026 +0100) (1021.41ms elapsed) ***


**** Processor usage ****

E-Cluster Online: 100%
E-Cluster HW active frequency: 1251 MHz
E-Cluster HW active residency:  43.52% (1020 MHz:  35% 1404 MHz: 1.5% 1788 MHz: 1.5% 2112 MHz: 1.7% 2352 MHz: 1.4% 2532 MHz:   0% 2592 MHz: 2.9%)
E-Cluster idle residency:  56.48%
E-Cluster down residency:   0.00%
CPU 0 frequency: 1285 MHz
CPU 0 active residency:  18.12% (1020 MHz:  13% 1404 MHz: 1.3% 1788 MHz: .69% 2112 MHz: .68% 2352 MHz: .68% 2532 MHz:   0% 2592 MHz: 1.4%)
CPU 0 idle residency:  81.88%
CPU 0 down residency:   0.00%
CPU 1 frequency: 1383 MHz
CPU 1 active residency:  12.50% (1020 MHz: 8.3% 1404 MHz: .60% 1788 MHz: 1.0% 2112 MHz: .76% 2352 MHz: .64% 2532 MHz:   0% 2592 MHz: 1.2%)
CPU 1 idle residency:  87.50%
CPU 1 down residency:   0.00%
CPU 2 frequency: 1553 MHz
CPU 2 active residency:   8.93% (1020 MHz: 4.7% 1404 MHz: .58% 1788 MHz: .67% 2112 MHz: 1.1% 2352 MHz: .47% 2532 MHz:   0% 2592 MHz: 1.4%)
CPU 2 idle residency:  91.07%
CPU 2 down residency:   0.00%
CPU 3 frequency: 1399 MHz
CPU 3 active residency:   5.06% (1020 MHz: 3.3% 1404 MHz: .37% 1788 MHz: .20% 2112 MHz: .29% 2352 MHz: .27% 2532 MHz:   0% 2592 MHz: .60%)
CPU 3 idle residency:  94.94%
CPU 3 down residency:   0.00%

P0-Cluster Online: 100%
P0-Cluster HW active frequency: 4007 MHz
P0-Cluster HW active residency:  99.49% (1260 MHz:   0% 1512 MHz:   0% 1800 MHz:   0% 2088 MHz:   0% 2352 MHz:   0% 2616 MHz:   0% 2868 MHz:   0% 3096 MHz:   0% 3300 MHz:   0% 3468 MHz:   0% 3624 MHz:   0% 3756 MHz:   0% 3828 MHz:   0% 3888 MHz:  46% 3948 MHz:  29% 3996 MHz: 6.1% 4044 MHz: 3.1% 4104 MHz:   0% 4416 MHz: 6.1% 4512 MHz: 9.1%)
P0-Cluster idle residency:   0.51%
P0-Cluster down residency:   0.00%
CPU 4 frequency: 4512 MHz
CPU 4 active residency:  70.32% (1260 MHz:   0% 1512 MHz:   0% 1800 MHz:   0% 2088 MHz:   0% 2352 MHz:   0% 2616 MHz:   0% 2868 MHz:   0% 3096 MHz:   0% 3300 MHz:   0% 3468 MHz:   0% 3624 MHz:   0% 3756 MHz:   0% 3828 MHz:   0% 3888 MHz:   0% 3948 MHz:   0% 3996 MHz:   0% 4044 MHz:   0% 4104 MHz:   0% 4416 MHz:   0% 4512 MHz:  70%)
CPU 4 idle residency:  29.68%
CPU 4 down residency:   0.00%
CPU 5 frequency: 4512 MHz
CPU 5 active residency:  73.70% (1260 MHz:   0% 1512 MHz:   0% 1800 MHz:   0% 2088 MHz:   0% 2352 MHz:   0% 2616 MHz:   0% 2868 MHz:   0% 3096 MHz:   0% 3300 MHz:   0% 3468 MHz:   0% 3624 MHz:   0% 3756 MHz:   0% 3828 MHz:   0% 3888 MHz:   0% 3948 MHz:   0% 3996 MHz:   0% 4044 MHz:   0% 4104 MHz:   0% 4416 MHz:   0% 4512 MHz:  74%)
CPU 5 idle residency:  26.30%
CPU 5 down residency:   0.00%
CPU 6 frequency: 4512 MHz
CPU 6 active residency:  50.06% (1260 MHz:   0% 1512 MHz:   0% 1800 MHz:   0% 2088 MHz:   0% 2352 MHz:   0% 2616 MHz:   0% 2868 MHz:   0% 3096 MHz:   0% 3300 MHz:   0% 3468 MHz:   0% 3624 MHz:   0% 3756 MHz:   0% 3828 MHz:   0% 3888 MHz:   0% 3948 MHz:   0% 3996 MHz:   0% 4044 MHz:   0% 4104 MHz:   0% 4416 MHz:   0% 4512 MHz:  50%)
CPU 6 idle residency:  49.94%
CPU 6 down residency:   0.00%
CPU 7 frequency: 4512 MHz
CPU 7 active residency:  61.85% (1260 MHz:   0% 1512 MHz:   0% 1800 MHz:   0% 2088 MHz:   0% 2352 MHz:   0% 2616 MHz:   0% 2868 MHz:   0% 3096 MHz:   0% 3300 MHz:   0% 3468 MHz:   0% 3624 MHz:   0% 3756 MHz:   0% 3828 MHz:   0% 3888 MHz:   0% 3948 MHz:   0% 3996 MHz:   0% 4044 MHz:   0% 4104 MHz:   0% 4416 MHz:   0% 4512 MHz:  62%)
CPU 7 idle residency:  38.15%
CPU 7 down residency:   0.00%
CPU 8 frequency: 4512 MHz
CPU 8 active residency:  53.53% (1260 MHz:   0% 1512 MHz:   0% 1800 MHz:   0% 2088 MHz:   0% 2352 MHz:   0% 2616 MHz:   0% 2868 MHz:   0% 3096 MHz:   0% 3300 MHz:   0% 3468 MHz:   0% 3624 MHz:   0% 3756 MHz:   0% 3828 MHz:   0% 3888 MHz:   0% 3948 MHz:   0% 3996 MHz:   0% 4044 MHz:   0% 4104 MHz:   0% 4416 MHz:   0% 4512 MHz:  54%)
CPU 8 idle residency:  46.47%
CPU 8 down residency:   0.00%
CPU 9 frequency: 4512 MHz
CPU 9 active residency:  66.32% (1260 MHz:   0% 1512 MHz:   0% 1800 MHz:   0% 2088 MHz:   0% 2352 MHz:   0% 2616 MHz:   0% 2868 MHz:   0% 3096 MHz:   0% 3300 MHz:   0% 3468 MHz:   0% 3624 MHz:   0% 3756 MHz:   0% 3828 MHz:   0% 3888 MHz:   0% 3948 MHz:   0% 3996 MHz:   0% 4044 MHz:   0% 4104 MHz:   0% 4416 MHz:   0% 4512 MHz:  66%)
CPU 9 idle residency:  33.68%
CPU 9 down residency:   0.00%

P1-Cluster HW active frequency: 2484 MHz
P1-Cluster HW active residency:   2.03% (1260 MHz: 1.3% 1512 MHz:   0% 1800 MHz:   0% 2088 MHz:   0% 2352 MHz:   0% 2616 MHz:   0% 2868 MHz:   0% 3096 MHz:   0% 3300 MHz:   0% 3468 MHz:   0% 3624 MHz:   0% 3756 MHz:   0% 3828 MHz:   0% 3888 MHz: .05% 3948 MHz: .02% 3996 MHz:   0% 4044 MHz:   0% 4104 MHz:   0% 4416 MHz: .02% 4512 MHz: .68%)
P1-Cluster idle residency:   4.65%
P1-Cluster down residency:  93.32%
CPU 10 frequency: 0 MHz
CPU 10 active residency:   0.00% (1260 MHz:   0% 1512 MHz:   0% 1800 MHz:   0% 2088 MHz:   0% 2352 MHz:   0% 2616 MHz:   0% 2868 MHz:   0% 3096 MHz:   0% 3300 MHz:   0% 3468 MHz:   0% 3624 MHz:   0% 3756 MHz:   0% 3828 MHz:   0% 3888 MHz:   0% 3948 MHz:   0% 3996 MHz:   0% 4044 MHz:   0% 4104 MHz:   0% 4416 MHz:   0% 4512 MHz:   0%)
CPU 10 idle residency:   6.39%
CPU 10 down residency:  93.61%
CPU 11 frequency: 0 MHz
CPU 11 active residency:   0.00% (1260 MHz:   0% 1512 MHz:   0% 1800 MHz:   0% 2088 MHz:   0% 2352 MHz:   0% 2616 MHz:   0% 2868 MHz:   0% 3096 MHz:   0% 3300 MHz:   0% 3468 MHz:   0% 3624 MHz:   0% 3756 MHz:   0% 3828 MHz:   0% 3888 MHz:   0% 3948 MHz:   0% 3996 MHz:   0% 4044 MHz:   0% 4104 MHz:   0% 4416 MHz:   0% 4512 MHz:   0%)
CPU 11 idle residency:   6.28%
CPU 11 down residency:  93.72%
CPU 12 frequency: 0 MHz
CPU 12 active residency:   0.00% (1260 MHz:   0% 1512 MHz:   0% 1800 MHz:   0% 2088 MHz:   0% 2352 MHz:   0% 2616 MHz:   0% 2868 MHz:   0% 3096 MHz:   0% 3300 MHz:   0% 3468 MHz:   0% 3624 MHz:   0% 3756 MHz:   0% 3828 MHz:   0% 3888 MHz:   0% 3948 MHz:   0% 3996 MHz:   0% 4044 MHz:   0% 4104 MHz:   0% 4416 MHz:   0% 4512 MHz:   0%)
CPU 12 idle residency:   6.40%
CPU 12 down residency:  93.60%
CPU 13 frequency: 0 MHz
CPU 13 active residency:   0.00% (1260 MHz:   0% 1512 MHz:   0% 1800 MHz:   0% 2088 MHz:   0% 2352 MHz:   0% 2616 MHz:   0% 2868 MHz:   0% 3096 MHz:   0% 3300 MHz:   0% 3468 MHz:   0% 3624 MHz:   0% 3756 MHz:   0% 3828 MHz:   0% 3888 MHz:   0% 3948 MHz:   0% 3996 MHz:   0% 4044 MHz:   0% 4104 MHz:   0% 4416 MHz:   0% 4512 MHz:   0%)
CPU 13 idle residency:   6.42%
CPU 13 down residency:  93.58%
CPU 14 frequency: 0 MHz
CPU 14 active residency:   0.00% (1260 MHz:   0% 1512 MHz:   0% 1800 MHz:   0% 2088 MHz:   0% 2352 MHz:   0% 2616 MHz:   0% 2868 MHz:   0% 3096 MHz:   0% 3300 MHz:   0% 3468 MHz:   0% 3624 MHz:   0% 3756 MHz:   0% 3828 MHz:   0% 3888 MHz:   0% 3948 MHz:   0% 3996 MHz:   0% 4044 MHz:   0% 4104 MHz:   0% 4416 MHz:   0% 4512 MHz:   0%)
CPU 14 idle residency:   6.42%
CPU 14 down residency:  93.58%
CPU 15 frequency: 0 MHz
CPU 15 active residency:   0.00% (1260 MHz:   0% 1512 MHz:   0% 1800 MHz:   0% 2088 MHz:   0% 2352 MHz:   0% 2616 MHz:   0% 2868 MHz:   0% 3096 MHz:   0% 3300 MHz:   0% 3468 MHz:   0% 3624 MHz:   0% 3756 MHz:   0% 3828 MHz:   0% 3888 MHz:   0% 3948 MHz:   0% 3996 MHz:   0% 4044 MHz:   0% 4104 MHz:   0% 4416 MHz:   0% 4512 MHz:   0%)
CPU 15 idle residency:   6.41%
CPU 15 down residency:  93.59%

CPU Power: 6956 mW
GPU Power: 22265 mW
ANE Power: 0 mW
Combined Power (CPU + GPU + ANE): 29221 mW

**** GPU usage ****

GPU HW active frequency: 1578 MHz
GPU HW active residency: 100.00% (338 MHz:   0% 618 MHz:   0% 796 MHz:   0% 924 MHz:   0% 952 MHz:   0% 1056 MHz:   0% 1062 MHz:   0% 1182 MHz:   0% 1182 MHz:   0% 1312 MHz:   0% 1242 MHz:   0% 1380 MHz:   0% 1326 MHz:   0% 1470 MHz:   0% 1578 MHz: 100%)
GPU SW requested state: (P1 :   0% P2 :   0% P3 :   0% P4 :   0% P5 :   0% P6 :   0% P7 :   0% P8 :   0% P9 :   0% P10 : 100% P11 :   0% P12 :   0% P13 :   0% P14 :   0% P15 :   0%)
GPU SW state: (SW_P1 :   0% SW_P2 :   0% SW_P3 :   0% SW_P4 :   0% SW_P5 :   0% SW_P6 :   0% SW_P7 :   0% SW_P8 :   0% SW_P9 :   0% SW_P10 : 100% SW_P11 :   0% SW_P12 :   0% SW_P13 :   0% SW_P14 :   0% SW_P15 :   0%)
GPU idle residency:   0.00%
GPU Power: 22264 mW



*** Sampled system activity (Tue Jan 20 15:19:36 2026 +0100) (1020.11ms elapsed) ***


**** Processor usage ****

E-Cluster Online: 100%
E-Cluster HW active frequency: 1229 MHz
E-Cluster HW active residency:  47.53% (1020 MHz:  38% 1404 MHz: 2.8% 1788 MHz: 1.2% 2112 MHz: 2.1% 2352 MHz: 1.5% 2532 MHz: .03% 2592 MHz: 2.3%)
E-Cluster idle residency:  52.47%
E-Cluster down residency:   0.00%
CPU 0 frequency: 1300 MHz
CPU 0 active residency:  20.99% (1020 MHz:  15% 1404 MHz: 2.0% 1788 MHz: .87% 2112 MHz: 1.3% 2352 MHz: 1.1% 2532 MHz: .01% 2592 MHz: .97%)
CPU 0 idle residency:  79.01%
CPU 0 down residency:   0.00%
CPU 1 frequency: 1289 MHz
CPU 1 active residency:  12.09% (1020 MHz: 9.1% 1404 MHz: .42% 1788 MHz: .55% 2112 MHz: .85% 2352 MHz: .54% 2532 MHz: .01% 2592 MHz: .64%)
CPU 1 idle residency:  87.91%
CPU 1 down residency:   0.00%
CPU 2 frequency: 1242 MHz
CPU 2 active residency:   6.99% (1020 MHz: 5.5% 1404 MHz: .45% 1788 MHz: .15% 2112 MHz: .32% 2352 MHz: .16% 2532 MHz: .01% 2592 MHz: .43%)
CPU 2 idle residency:  93.01%
CPU 2 down residency:   0.00%
CPU 3 frequency: 1252 MHz
CPU 3 active residency:   4.51% (1020 MHz: 3.6% 1404 MHz: .18% 1788 MHz: .14% 2112 MHz: .20% 2352 MHz: .12% 2532 MHz: .01% 2592 MHz: .30%)
CPU 3 idle residency:  95.49%
CPU 3 down residency:   0.00%

P0-Cluster Online: 36%
P0-Cluster HW active frequency: 3949 MHz
P0-Cluster HW active residency:  33.25% (1260 MHz: 1.2% 1512 MHz:   0% 1800 MHz:   0% 2088 MHz: .13% 2352 MHz: .01% 2616 MHz:   0% 2868 MHz:   0% 3096 MHz:   0% 3300 MHz:   0% 3468 MHz:   0% 3624 MHz:   0% 3756 MHz:   0% 3828 MHz:   0% 3888 MHz: 8.1% 3948 MHz:  12% 3996 MHz: 2.0% 4044 MHz: 3.7% 4104 MHz:   0% 4416 MHz: 2.2% 4512 MHz: 4.3%)
P0-Cluster idle residency:   3.46%
P0-Cluster down residency:  63.30%
CPU 4 frequency: 4512 MHz
CPU 4 active residency:  10.54% (1260 MHz:   0% 1512 MHz:   0% 1800 MHz:   0% 2088 MHz:   0% 2352 MHz:   0% 2616 MHz:   0% 2868 MHz:   0% 3096 MHz:   0% 3300 MHz:   0% 3468 MHz:   0% 3624 MHz:   0% 3756 MHz:   0% 3828 MHz:   0% 3888 MHz:   0% 3948 MHz:   0% 3996 MHz:   0% 4044 MHz:   0% 4104 MHz:   0% 4416 MHz:   0% 4512 MHz:  11%)
CPU 4 idle residency:  18.18%
CPU 4 down residency:  71.29%
CPU 5 frequency: 4512 MHz
CPU 5 active residency:   9.60% (1260 MHz:   0% 1512 MHz:   0% 1800 MHz:   0% 2088 MHz:   0% 2352 MHz:   0% 2616 MHz:   0% 2868 MHz:   0% 3096 MHz:   0% 3300 MHz:   0% 3468 MHz:   0% 3624 MHz:   0% 3756 MHz:   0% 3828 MHz:   0% 3888 MHz:   0% 3948 MHz:   0% 3996 MHz:   0% 4044 MHz:   0% 4104 MHz:   0% 4416 MHz:   0% 4512 MHz: 9.6%)
CPU 5 idle residency:  23.48%
CPU 5 down residency:  66.92%
CPU 6 frequency: 4512 MHz
CPU 6 active residency:   9.04% (1260 MHz:   0% 1512 MHz:   0% 1800 MHz:   0% 2088 MHz:   0% 2352 MHz:   0% 2616 MHz:   0% 2868 MHz:   0% 3096 MHz:   0% 3300 MHz:   0% 3468 MHz:   0% 3624 MHz:   0% 3756 MHz:   0% 3828 MHz:   0% 3888 MHz:   0% 3948 MHz:   0% 3996 MHz:   0% 4044 MHz:   0% 4104 MHz:   0% 4416 MHz:   0% 4512 MHz: 9.0%)
CPU 6 idle residency:  27.05%
CPU 6 down residency:  63.91%
CPU 7 frequency: 4512 MHz
CPU 7 active residency:   9.98% (1260 MHz:   0% 1512 MHz:   0% 1800 MHz:   0% 2088 MHz:   0% 2352 MHz:   0% 2616 MHz:   0% 2868 MHz:   0% 3096 MHz:   0% 3300 MHz:   0% 3468 MHz:   0% 3624 MHz:   0% 3756 MHz:   0% 3828 MHz:   0% 3888 MHz:   0% 3948 MHz:   0% 3996 MHz:   0% 4044 MHz:   0% 4104 MHz:   0% 4416 MHz:   0% 4512 MHz:  10%)
CPU 7 idle residency:  19.31%
CPU 7 down residency:  70.71%
CPU 8 frequency: 4512 MHz
CPU 8 active residency:   3.03% (1260 MHz:   0% 1512 MHz:   0% 1800 MHz:   0% 2088 MHz:   0% 2352 MHz:   0% 2616 MHz:   0% 2868 MHz:   0% 3096 MHz:   0% 3300 MHz:   0% 3468 MHz:   0% 3624 MHz:   0% 3756 MHz:   0% 3828 MHz:   0% 3888 MHz:   0% 3948 MHz:   0% 3996 MHz:   0% 4044 MHz:   0% 4104 MHz:   0% 4416 MHz:   0% 4512 MHz: 3.0%)
CPU 8 idle residency:  24.91%
CPU 8 down residency:  72.05%
CPU 9 frequency: 4512 MHz
CPU 9 active residency:   9.78% (1260 MHz:   0% 1512 MHz:   0% 1800 MHz:   0% 2088 MHz:   0% 2352 MHz:   0% 2616 MHz:   0% 2868 MHz:   0% 3096 MHz:   0% 3300 MHz:   0% 3468 MHz:   0% 3624 MHz:   0% 3756 MHz:   0% 3828 MHz:   0% 3888 MHz:   0% 3948 MHz:   0% 3996 MHz:   0% 4044 MHz:   0% 4104 MHz:   0% 4416 MHz:   0% 4512 MHz: 9.8%)
CPU 9 idle residency:  17.95%
CPU 9 down residency:  72.28%

P1-Cluster HW active frequency: 3999 MHz
P1-Cluster HW active residency:  72.49% (1260 MHz: .48% 1512 MHz:   0% 1800 MHz:   0% 2088 MHz:   0% 2352 MHz:   0% 2616 MHz:   0% 2868 MHz:   0% 3096 MHz:   0% 3300 MHz:   0% 3468 MHz:   0% 3624 MHz:   0% 3756 MHz:   0% 3828 MHz: .00% 3888 MHz:  30% 3948 MHz:  24% 3996 MHz: 3.6% 4044 MHz: 2.2% 4104 MHz:   0% 4416 MHz: 5.2% 4512 MHz: 7.0%)
P1-Cluster idle residency:   2.57%
P1-Cluster down residency:  24.93%
CPU 10 frequency: 4510 MHz
CPU 10 active residency:  53.27% (1260 MHz: .04% 1512 MHz:   0% 1800 MHz:   0% 2088 MHz:   0% 2352 MHz:   0% 2616 MHz: .00% 2868 MHz:   0% 3096 MHz:   0% 3300 MHz:   0% 3468 MHz:   0% 3624 MHz:   0% 3756 MHz:   0% 3828 MHz:   0% 3888 MHz:   0% 3948 MHz:   0% 3996 MHz:   0% 4044 MHz:   0% 4104 MHz:   0% 4416 MHz:   0% 4512 MHz:  53%)
CPU 10 idle residency:  21.98%
CPU 10 down residency:  24.74%
CPU 11 frequency: 4509 MHz
CPU 11 active residency:  49.95% (1260 MHz: .05% 1512 MHz:   0% 1800 MHz:   0% 2088 MHz:   0% 2352 MHz:   0% 2616 MHz: .01% 2868 MHz:   0% 3096 MHz:   0% 3300 MHz:   0% 3468 MHz:   0% 3624 MHz:   0% 3756 MHz:   0% 3828 MHz:   0% 3888 MHz:   0% 3948 MHz:   0% 3996 MHz:   0% 4044 MHz:   0% 4104 MHz:   0% 4416 MHz:   0% 4512 MHz:  50%)
CPU 11 idle residency:  25.33%
CPU 11 down residency:  24.72%
CPU 12 frequency: 4506 MHz
CPU 12 active residency:  45.17% (1260 MHz: .04% 1512 MHz:   0% 1800 MHz:   0% 2088 MHz:   0% 2352 MHz:   0% 2616 MHz: .09% 2868 MHz:   0% 3096 MHz:   0% 3300 MHz:   0% 3468 MHz:   0% 3624 MHz:   0% 3756 MHz:   0% 3828 MHz:   0% 3888 MHz:   0% 3948 MHz:   0% 3996 MHz:   0% 4044 MHz:   0% 4104 MHz:   0% 4416 MHz:   0% 4512 MHz:  45%)
CPU 12 idle residency:  30.09%
CPU 12 down residency:  24.74%
CPU 13 frequency: 4510 MHz
CPU 13 active residency:  41.30% (1260 MHz: .03% 1512 MHz:   0% 1800 MHz:   0% 2088 MHz:   0% 2352 MHz:   0% 2616 MHz:   0% 2868 MHz:   0% 3096 MHz:   0% 3300 MHz:   0% 3468 MHz:   0% 3624 MHz:   0% 3756 MHz:   0% 3828 MHz:   0% 3888 MHz:   0% 3948 MHz:   0% 3996 MHz:   0% 4044 MHz:   0% 4104 MHz:   0% 4416 MHz:   0% 4512 MHz:  41%)
CPU 13 idle residency:  33.94%
CPU 13 down residency:  24.76%
CPU 14 frequency: 4510 MHz
CPU 14 active residency:  44.66% (1260 MHz: .03% 1512 MHz:   0% 1800 MHz:   0% 2088 MHz:   0% 2352 MHz:   0% 2616 MHz:   0% 2868 MHz:   0% 3096 MHz:   0% 3300 MHz:   0% 3468 MHz:   0% 3624 MHz:   0% 3756 MHz:   0% 3828 MHz:   0% 3888 MHz:   0% 3948 MHz:   0% 3996 MHz:   0% 4044 MHz:   0% 4104 MHz:   0% 4416 MHz:   0% 4512 MHz:  45%)
CPU 14 idle residency:  30.59%
CPU 14 down residency:  24.75%
CPU 15 frequency: 4508 MHz
CPU 15 active residency:  34.55% (1260 MHz: .04% 1512 MHz:   0% 1800 MHz:   0% 2088 MHz:   0% 2352 MHz:   0% 2616 MHz: .00% 2868 MHz:   0% 3096 MHz:   0% 3300 MHz:   0% 3468 MHz:   0% 3624 MHz:   0% 3756 MHz:   0% 3828 MHz:   0% 3888 MHz:   0% 3948 MHz:   0% 3996 MHz:   0% 4044 MHz:   0% 4104 MHz:   0% 4416 MHz:   0% 4512 MHz:  35%)
CPU 15 idle residency:  40.71%
CPU 15 down residency:  24.75%

CPU Power: 6835 mW
GPU Power: 21863 mW
ANE Power: 0 mW
Combined Power (CPU + GPU + ANE): 28698 mW

**** GPU usage ****

GPU HW active frequency: 1578 MHz
GPU HW active residency:  99.91% (338 MHz: .02% 618 MHz:   0% 796 MHz:   0% 924 MHz:   0% 952 MHz:   0% 1056 MHz:   0% 1062 MHz:   0% 1182 MHz:   0% 1182 MHz:   0% 1312 MHz:   0% 1242 MHz:   0% 1380 MHz:   0% 1326 MHz:   0% 1470 MHz:   0% 1578 MHz: 100%)
GPU SW requested state: (P1 :   0% P2 :   0% P3 :   0% P4 :   0% P5 :   0% P6 :   0% P7 :   0% P8 :   0% P9 :   0% P10 : 100% P11 :   0% P12 :   0% P13 :   0% P14 :   0% P15 :   0%)
GPU SW state: (SW_P1 : .02% SW_P2 :   0% SW_P3 :   0% SW_P4 :   0% SW_P5 :   0% SW_P6 :   0% SW_P7 :   0% SW_P8 :   0% SW_P9 :   0% SW_P10 : 100% SW_P11 :   0% SW_P12 :   0% SW_P13 :   0% SW_P14 :   0% SW_P15 :   0%)
GPU idle residency:   0.09%
GPU Power: 21861 mW



*** Sampled system activity (Tue Jan 20 15:19:37 2026 +0100) (1022.39ms elapsed) ***


**** Processor usage ****

E-Cluster Online: 100%
E-Cluster HW active frequency: 1234 MHz
E-Cluster HW active residency:  49.51% (1020 MHz:  40% 1404 MHz: 1.5% 1788 MHz: 1.4% 2112 MHz: 1.7% 2352 MHz: 1.7% 2532 MHz:   0% 2592 MHz: 3.1%)
E-Cluster idle residency:  50.49%
E-Cluster down residency:   0.00%
CPU 0 frequency: 1276 MHz
CPU 0 active residency:  22.11% (1020 MHz:  17% 1404 MHz: .98% 1788 MHz: .72% 2112 MHz: 1.3% 2352 MHz: .65% 2532 MHz:   0% 2592 MHz: 1.5%)
CPU 0 idle residency:  77.89%
CPU 0 down residency:   0.00%
CPU 1 frequency: 1332 MHz
CPU 1 active residency:  11.62% (1020 MHz: 8.6% 1404 MHz: .40% 1788 MHz: .43% 2112 MHz: .58% 2352 MHz: .38% 2532 MHz:   0% 2592 MHz: 1.3%)
CPU 1 idle residency:  88.38%
CPU 1 down residency:   0.00%
CPU 2 frequency: 1303 MHz
CPU 2 active residency:   8.80% (1020 MHz: 6.6% 1404 MHz: .46% 1788 MHz: .25% 2112 MHz: .25% 2352 MHz: .62% 2532 MHz:   0% 2592 MHz: .66%)
CPU 2 idle residency:  91.20%
CPU 2 down residency:   0.00%
CPU 3 frequency: 1297 MHz
CPU 3 active residency:   7.03% (1020 MHz: 4.8% 1404 MHz: .82% 1788 MHz: .47% 2112 MHz: .20% 2352 MHz: .21% 2532 MHz:   0% 2592 MHz: .49%)
CPU 3 idle residency:  92.97%
CPU 3 down residency:   0.00%

P0-Cluster Online: 12%
P0-Cluster HW active frequency: 2586 MHz
P0-Cluster HW active residency:   3.35% (1260 MHz: 1.9% 1512 MHz:   0% 1800 MHz:   0% 2088 MHz:   0% 2352 MHz:   0% 2616 MHz:   0% 2868 MHz:   0% 3096 MHz:   0% 3300 MHz:   0% 3468 MHz:   0% 3624 MHz:   0% 3756 MHz:   0% 3828 MHz:   0% 3888 MHz: .04% 3948 MHz: .04% 3996 MHz: .07% 4044 MHz: .05% 4104 MHz:   0% 4416 MHz: .25% 4512 MHz: .96%)
P0-Cluster idle residency:   5.89%
P0-Cluster down residency:  90.76%
CPU 4 frequency: 4507 MHz
CPU 4 active residency:  10.07% (1260 MHz: .00% 1512 MHz:   0% 1800 MHz:   0% 2088 MHz: .01% 2352 MHz: .01% 2616 MHz:   0% 2868 MHz:   0% 3096 MHz:   0% 3300 MHz:   0% 3468 MHz:   0% 3624 MHz:   0% 3756 MHz:   0% 3828 MHz:   0% 3888 MHz:   0% 3948 MHz:   0% 3996 MHz:   0% 4044 MHz:   0% 4104 MHz:   0% 4416 MHz:   0% 4512 MHz:  10%)
CPU 4 idle residency:   7.53%
CPU 4 down residency:  82.40%
CPU 5 frequency: 4504 MHz
CPU 5 active residency:   5.05% (1260 MHz: .00% 1512 MHz:   0% 1800 MHz:   0% 2088 MHz: .00% 2352 MHz: .01% 2616 MHz:   0% 2868 MHz:   0% 3096 MHz:   0% 3300 MHz:   0% 3468 MHz:   0% 3624 MHz:   0% 3756 MHz:   0% 3828 MHz:   0% 3888 MHz:   0% 3948 MHz:   0% 3996 MHz:   0% 4044 MHz:   0% 4104 MHz:   0% 4416 MHz:   0% 4512 MHz: 5.0%)
CPU 5 idle residency:   8.39%
CPU 5 down residency:  86.56%
CPU 6 frequency: 4467 MHz
CPU 6 active residency:   0.84% (1260 MHz:   0% 1512 MHz:   0% 1800 MHz:   0% 2088 MHz: .00% 2352 MHz: .01% 2616 MHz:   0% 2868 MHz:   0% 3096 MHz:   0% 3300 MHz:   0% 3468 MHz:   0% 3624 MHz:   0% 3756 MHz:   0% 3828 MHz:   0% 3888 MHz:   0% 3948 MHz:   0% 3996 MHz:   0% 4044 MHz:   0% 4104 MHz:   0% 4416 MHz:   0% 4512 MHz: .82%)
CPU 6 idle residency:   8.80%
CPU 6 down residency:  90.36%
CPU 7 frequency: 4509 MHz
CPU 7 active residency:   9.43% (1260 MHz:   0% 1512 MHz:   0% 1800 MHz:   0% 2088 MHz: .00% 2352 MHz: .01% 2616 MHz:   0% 2868 MHz:   0% 3096 MHz:   0% 3300 MHz:   0% 3468 MHz:   0% 3624 MHz:   0% 3756 MHz:   0% 3828 MHz:   0% 3888 MHz:   0% 3948 MHz:   0% 3996 MHz:   0% 4044 MHz:   0% 4104 MHz:   0% 4416 MHz:   0% 4512 MHz: 9.4%)
CPU 7 idle residency:   8.07%
CPU 7 down residency:  82.50%
CPU 8 frequency: 4508 MHz
CPU 8 active residency:   8.25% (1260 MHz:   0% 1512 MHz:   0% 1800 MHz:   0% 2088 MHz: .00% 2352 MHz: .01% 2616 MHz:   0% 2868 MHz:   0% 3096 MHz:   0% 3300 MHz:   0% 3468 MHz:   0% 3624 MHz:   0% 3756 MHz:   0% 3828 MHz:   0% 3888 MHz:   0% 3948 MHz:   0% 3996 MHz:   0% 4044 MHz:   0% 4104 MHz:   0% 4416 MHz:   0% 4512 MHz: 8.2%)
CPU 8 idle residency:   8.16%
CPU 8 down residency:  83.59%
CPU 9 frequency: 4493 MHz
CPU 9 active residency:  11.03% (1260 MHz: .00% 1512 MHz:   0% 1800 MHz:   0% 2088 MHz: .08% 2352 MHz: .01% 2616 MHz:   0% 2868 MHz:   0% 3096 MHz:   0% 3300 MHz:   0% 3468 MHz:   0% 3624 MHz:   0% 3756 MHz:   0% 3828 MHz:   0% 3888 MHz:   0% 3948 MHz:   0% 3996 MHz:   0% 4044 MHz:   0% 4104 MHz:   0% 4416 MHz:   0% 4512 MHz:  11%)
CPU 9 idle residency:   7.66%
CPU 9 down residency:  81.30%

P1-Cluster HW active frequency: 4029 MHz
P1-Cluster HW active residency:  99.35% (1260 MHz:   0% 1512 MHz:   0% 1800 MHz:   0% 2088 MHz:   0% 2352 MHz:   0% 2616 MHz:   0% 2868 MHz:   0% 3096 MHz:   0% 3300 MHz:   0% 3468 MHz:   0% 3624 MHz:   0% 3756 MHz:   0% 3828 MHz:   0% 3888 MHz:  37% 3948 MHz:  33% 3996 MHz: 6.7% 4044 MHz: 4.1% 4104 MHz:   0% 4416 MHz: 7.1% 4512 MHz:  11%)
P1-Cluster idle residency:   0.65%
P1-Cluster down residency:   0.00%
CPU 10 frequency: 4512 MHz
CPU 10 active residency:  67.16% (1260 MHz:   0% 1512 MHz:   0% 1800 MHz:   0% 2088 MHz:   0% 2352 MHz:   0% 2616 MHz:   0% 2868 MHz:   0% 3096 MHz:   0% 3300 MHz:   0% 3468 MHz:   0% 3624 MHz:   0% 3756 MHz:   0% 3828 MHz:   0% 3888 MHz:   0% 3948 MHz:   0% 3996 MHz:   0% 4044 MHz:   0% 4104 MHz:   0% 4416 MHz:   0% 4512 MHz:  67%)
CPU 10 idle residency:  32.84%
CPU 10 down residency:   0.00%
CPU 11 frequency: 4512 MHz
CPU 11 active residency:  65.19% (1260 MHz:   0% 1512 MHz:   0% 1800 MHz:   0% 2088 MHz:   0% 2352 MHz:   0% 2616 MHz:   0% 2868 MHz:   0% 3096 MHz:   0% 3300 MHz:   0% 3468 MHz:   0% 3624 MHz:   0% 3756 MHz:   0% 3828 MHz:   0% 3888 MHz:   0% 3948 MHz:   0% 3996 MHz:   0% 4044 MHz:   0% 4104 MHz:   0% 4416 MHz:   0% 4512 MHz:  65%)
CPU 11 idle residency:  34.81%
CPU 11 down residency:   0.00%
CPU 12 frequency: 4512 MHz
CPU 12 active residency:  58.47% (1260 MHz:   0% 1512 MHz:   0% 1800 MHz:   0% 2088 MHz:   0% 2352 MHz:   0% 2616 MHz:   0% 2868 MHz:   0% 3096 MHz:   0% 3300 MHz:   0% 3468 MHz:   0% 3624 MHz:   0% 3756 MHz:   0% 3828 MHz:   0% 3888 MHz:   0% 3948 MHz:   0% 3996 MHz:   0% 4044 MHz:   0% 4104 MHz:   0% 4416 MHz:   0% 4512 MHz:  58%)
CPU 12 idle residency:  41.53%
CPU 12 down residency:   0.00%
CPU 13 frequency: 4512 MHz
CPU 13 active residency:  59.63% (1260 MHz:   0% 1512 MHz:   0% 1800 MHz:   0% 2088 MHz:   0% 2352 MHz:   0% 2616 MHz:   0% 2868 MHz:   0% 3096 MHz:   0% 3300 MHz:   0% 3468 MHz:   0% 3624 MHz:   0% 3756 MHz:   0% 3828 MHz:   0% 3888 MHz:   0% 3948 MHz:   0% 3996 MHz:   0% 4044 MHz:   0% 4104 MHz:   0% 4416 MHz:   0% 4512 MHz:  60%)
CPU 13 idle residency:  40.37%
CPU 13 down residency:   0.00%
CPU 14 frequency: 4512 MHz
CPU 14 active residency:  39.02% (1260 MHz:   0% 1512 MHz:   0% 1800 MHz:   0% 2088 MHz:   0% 2352 MHz:   0% 2616 MHz:   0% 2868 MHz:   0% 3096 MHz:   0% 3300 MHz:   0% 3468 MHz:   0% 3624 MHz:   0% 3756 MHz:   0% 3828 MHz:   0% 3888 MHz:   0% 3948 MHz:   0% 3996 MHz:   0% 4044 MHz:   0% 4104 MHz:   0% 4416 MHz:   0% 4512 MHz:  39%)
CPU 14 idle residency:  60.98%
CPU 14 down residency:   0.00%
CPU 15 frequency: 4512 MHz
CPU 15 active residency:  59.95% (1260 MHz:   0% 1512 MHz:   0% 1800 MHz:   0% 2088 MHz:   0% 2352 MHz:   0% 2616 MHz:   0% 2868 MHz:   0% 3096 MHz:   0% 3300 MHz:   0% 3468 MHz:   0% 3624 MHz:   0% 3756 MHz:   0% 3828 MHz:   0% 3888 MHz:   0% 3948 MHz:   0% 3996 MHz:   0% 4044 MHz:   0% 4104 MHz:   0% 4416 MHz:   0% 4512 MHz:  60%)
CPU 15 idle residency:  40.05%
CPU 15 down residency:   0.00%

CPU Power: 6923 mW
GPU Power: 22184 mW
ANE Power: 0 mW
Combined Power (CPU + GPU + ANE): 29107 mW

**** GPU usage ****

GPU HW active frequency: 1578 MHz
GPU HW active residency: 100.00% (338 MHz:   0% 618 MHz:   0% 796 MHz:   0% 924 MHz:   0% 952 MHz:   0% 1056 MHz:   0% 1062 MHz:   0% 1182 MHz:   0% 1182 MHz:   0% 1312 MHz:   0% 1242 MHz:   0% 1380 MHz:   0% 1326 MHz:   0% 1470 MHz:   0% 1578 MHz: 100%)
GPU SW requested state: (P1 :   0% P2 :   0% P3 :   0% P4 :   0% P5 :   0% P6 :   0% P7 :   0% P8 :   0% P9 :   0% P10 : 100% P11 :   0% P12 :   0% P13 :   0% P14 :   0% P15 :   0%)
GPU SW state: (SW_P1 :   0% SW_P2 :   0% SW_P3 :   0% SW_P4 :   0% SW_P5 :   0% SW_P6 :   0% SW_P7 :   0% SW_P8 :   0% SW_P9 :   0% SW_P10 : 100% SW_P11 :   0% SW_P12 :   0% SW_P13 :   0% SW_P14 :   0% SW_P15 :   0%)
GPU idle residency:   0.00%
GPU Power: 22188 mW



*** Sampled system activity (Tue Jan 20 15:19:38 2026 +0100) (1017.73ms elapsed) ***


**** Processor usage ****

E-Cluster Online: 100%
E-Cluster HW active frequency: 1159 MHz
E-Cluster HW active residency:  49.30% (1020 MHz:  42% 1404 MHz: 3.0% 1788 MHz: .98% 2112 MHz: 1.4% 2352 MHz: .82% 2532 MHz:   0% 2592 MHz: 1.5%)
E-Cluster idle residency:  50.70%
E-Cluster down residency:   0.00%
CPU 0 frequency: 1168 MHz
CPU 0 active residency:  19.95% (1020 MHz:  17% 1404 MHz: 1.6% 1788 MHz: .40% 2112 MHz: .54% 2352 MHz: .14% 2532 MHz:   0% 2592 MHz: .80%)
CPU 0 idle residency:  80.05%
CPU 0 down residency:   0.00%
CPU 1 frequency: 1200 MHz
CPU 1 active residency:  13.03% (1020 MHz:  10% 1404 MHz: .94% 1788 MHz: .22% 2112 MHz: .54% 2352 MHz: .37% 2532 MHz:   0% 2592 MHz: .46%)
CPU 1 idle residency:  86.97%
CPU 1 down residency:   0.00%
CPU 2 frequency: 1301 MHz
CPU 2 active residency:  10.10% (1020 MHz: 7.1% 1404 MHz: .84% 1788 MHz: .48% 2112 MHz: .69% 2352 MHz: .48% 2532 MHz:   0% 2592 MHz: .48%)
CPU 2 idle residency:  89.90%
CPU 2 down residency:   0.00%
CPU 3 frequency: 1154 MHz
CPU 3 active residency:   5.90% (1020 MHz: 5.1% 1404 MHz: .28% 1788 MHz: .04% 2112 MHz: .18% 2352 MHz: .04% 2532 MHz:   0% 2592 MHz: .25%)
CPU 3 idle residency:  94.10%
CPU 3 down residency:   0.00%

P0-Cluster Online: 23%
P0-Cluster HW active frequency: 2796 MHz
P0-Cluster HW active residency:   8.86% (1260 MHz: 3.9% 1512 MHz: .06% 1800 MHz: .16% 2088 MHz: .09% 2352 MHz: .11% 2616 MHz: .10% 2868 MHz: .19% 3096 MHz: .31% 3300 MHz:   0% 3468 MHz:   0% 3624 MHz:   0% 3756 MHz:   0% 3828 MHz:   0% 3888 MHz: .04% 3948 MHz: .20% 3996 MHz: .13% 4044 MHz: .16% 4104 MHz:   0% 4416 MHz: 1.1% 4512 MHz: 2.3%)
P0-Cluster idle residency:  12.06%
P0-Cluster down residency:  79.08%
CPU 4 frequency: 4418 MHz
CPU 4 active residency:   0.33% (1260 MHz: .01% 1512 MHz:   0% 1800 MHz:   0% 2088 MHz:   0% 2352 MHz:   0% 2616 MHz:   0% 2868 MHz:   0% 3096 MHz:   0% 3300 MHz:   0% 3468 MHz:   0% 3624 MHz:   0% 3756 MHz:   0% 3828 MHz:   0% 3888 MHz:   0% 3948 MHz:   0% 3996 MHz:   0% 4044 MHz:   0% 4104 MHz:   0% 4416 MHz:   0% 4512 MHz: .32%)
CPU 4 idle residency:  19.56%
CPU 4 down residency:  80.11%
CPU 5 frequency: 4442 MHz
CPU 5 active residency:   0.32% (1260 MHz: .01% 1512 MHz:   0% 1800 MHz:   0% 2088 MHz:   0% 2352 MHz:   0% 2616 MHz:   0% 2868 MHz:   0% 3096 MHz:   0% 3300 MHz:   0% 3468 MHz:   0% 3624 MHz:   0% 3756 MHz:   0% 3828 MHz:   0% 3888 MHz:   0% 3948 MHz:   0% 3996 MHz:   0% 4044 MHz:   0% 4104 MHz:   0% 4416 MHz:   0% 4512 MHz: .31%)
CPU 5 idle residency:  20.43%
CPU 5 down residency:  79.25%
CPU 6 frequency: 4512 MHz
CPU 6 active residency:   0.31% (1260 MHz:   0% 1512 MHz:   0% 1800 MHz:   0% 2088 MHz:   0% 2352 MHz:   0% 2616 MHz:   0% 2868 MHz:   0% 3096 MHz:   0% 3300 MHz:   0% 3468 MHz:   0% 3624 MHz:   0% 3756 MHz:   0% 3828 MHz:   0% 3888 MHz:   0% 3948 MHz:   0% 3996 MHz:   0% 4044 MHz:   0% 4104 MHz:   0% 4416 MHz:   0% 4512 MHz: .31%)
CPU 6 idle residency:  20.52%
CPU 6 down residency:  79.18%
CPU 7 frequency: 4512 MHz
CPU 7 active residency:   0.28% (1260 MHz:   0% 1512 MHz:   0% 1800 MHz:   0% 2088 MHz:   0% 2352 MHz:   0% 2616 MHz:   0% 2868 MHz:   0% 3096 MHz:   0% 3300 MHz:   0% 3468 MHz:   0% 3624 MHz:   0% 3756 MHz:   0% 3828 MHz:   0% 3888 MHz:   0% 3948 MHz:   0% 3996 MHz:   0% 4044 MHz:   0% 4104 MHz:   0% 4416 MHz:   0% 4512 MHz: .28%)
CPU 7 idle residency:  20.40%
CPU 7 down residency:  79.32%
CPU 8 frequency: 4424 MHz
CPU 8 active residency:   0.31% (1260 MHz: .01% 1512 MHz:   0% 1800 MHz:   0% 2088 MHz:   0% 2352 MHz:   0% 2616 MHz:   0% 2868 MHz:   0% 3096 MHz:   0% 3300 MHz:   0% 3468 MHz:   0% 3624 MHz:   0% 3756 MHz:   0% 3828 MHz:   0% 3888 MHz:   0% 3948 MHz:   0% 3996 MHz:   0% 4044 MHz:   0% 4104 MHz:   0% 4416 MHz:   0% 4512 MHz: .30%)
CPU 8 idle residency:  18.28%
CPU 8 down residency:  81.41%
CPU 9 frequency: 4480 MHz
CPU 9 active residency:   0.60% (1260 MHz: .01% 1512 MHz:   0% 1800 MHz:   0% 2088 MHz:   0% 2352 MHz:   0% 2616 MHz:   0% 2868 MHz:   0% 3096 MHz:   0% 3300 MHz:   0% 3468 MHz:   0% 3624 MHz:   0% 3756 MHz:   0% 3828 MHz:   0% 3888 MHz:   0% 3948 MHz:   0% 3996 MHz:   0% 4044 MHz:   0% 4104 MHz:   0% 4416 MHz:   0% 4512 MHz: .60%)
CPU 9 idle residency:  20.06%
CPU 9 down residency:  79.34%

P1-Cluster HW active frequency: 4019 MHz
P1-Cluster HW active residency:  99.45% (1260 MHz:   0% 1512 MHz:   0% 1800 MHz:   0% 2088 MHz:   0% 2352 MHz:   0% 2616 MHz:   0% 2868 MHz:   0% 3096 MHz:   0% 3300 MHz:   0% 3468 MHz:   0% 3624 MHz:   0% 3756 MHz:   0% 3828 MHz: .00% 3888 MHz:  41% 3948 MHz:  30% 3996 MHz: 7.0% 4044 MHz: 4.1% 4104 MHz:   0% 4416 MHz: 6.8% 4512 MHz:  10%)
P1-Cluster idle residency:   0.55%
P1-Cluster down residency:   0.00%
CPU 10 frequency: 4512 MHz
CPU 10 active residency:  69.44% (1260 MHz:   0% 1512 MHz:   0% 1800 MHz:   0% 2088 MHz:   0% 2352 MHz:   0% 2616 MHz:   0% 2868 MHz:   0% 3096 MHz:   0% 3300 MHz:   0% 3468 MHz:   0% 3624 MHz:   0% 3756 MHz:   0% 3828 MHz:   0% 3888 MHz:   0% 3948 MHz:   0% 3996 MHz:   0% 4044 MHz:   0% 4104 MHz:   0% 4416 MHz:   0% 4512 MHz:  69%)
CPU 10 idle residency:  30.56%
CPU 10 down residency:   0.00%
CPU 11 frequency: 4512 MHz
CPU 11 active residency:  55.43% (1260 MHz:   0% 1512 MHz:   0% 1800 MHz:   0% 2088 MHz:   0% 2352 MHz:   0% 2616 MHz:   0% 2868 MHz:   0% 3096 MHz:   0% 3300 MHz:   0% 3468 MHz:   0% 3624 MHz:   0% 3756 MHz:   0% 3828 MHz:   0% 3888 MHz:   0% 3948 MHz:   0% 3996 MHz:   0% 4044 MHz:   0% 4104 MHz:   0% 4416 MHz:   0% 4512 MHz:  55%)
CPU 11 idle residency:  44.57%
CPU 11 down residency:   0.00%
CPU 12 frequency: 4512 MHz
CPU 12 active residency:  62.85% (1260 MHz:   0% 1512 MHz:   0% 1800 MHz:   0% 2088 MHz:   0% 2352 MHz:   0% 2616 MHz:   0% 2868 MHz:   0% 3096 MHz:   0% 3300 MHz:   0% 3468 MHz:   0% 3624 MHz:   0% 3756 MHz:   0% 3828 MHz:   0% 3888 MHz:   0% 3948 MHz:   0% 3996 MHz:   0% 4044 MHz:   0% 4104 MHz:   0% 4416 MHz:   0% 4512 MHz:  63%)
CPU 12 idle residency:  37.15%
CPU 12 down residency:   0.00%
CPU 13 frequency: 4512 MHz
CPU 13 active residency:  63.18% (1260 MHz:   0% 1512 MHz:   0% 1800 MHz:   0% 2088 MHz:   0% 2352 MHz:   0% 2616 MHz:   0% 2868 MHz:   0% 3096 MHz:   0% 3300 MHz:   0% 3468 MHz:   0% 3624 MHz:   0% 3756 MHz:   0% 3828 MHz:   0% 3888 MHz:   0% 3948 MHz:   0% 3996 MHz:   0% 4044 MHz:   0% 4104 MHz:   0% 4416 MHz:   0% 4512 MHz:  63%)
CPU 13 idle residency:  36.82%
CPU 13 down residency:   0.00%
CPU 14 frequency: 4512 MHz
CPU 14 active residency:  57.59% (1260 MHz:   0% 1512 MHz:   0% 1800 MHz:   0% 2088 MHz:   0% 2352 MHz:   0% 2616 MHz:   0% 2868 MHz:   0% 3096 MHz:   0% 3300 MHz:   0% 3468 MHz:   0% 3624 MHz:   0% 3756 MHz:   0% 3828 MHz:   0% 3888 MHz:   0% 3948 MHz:   0% 3996 MHz:   0% 4044 MHz:   0% 4104 MHz:   0% 4416 MHz:   0% 4512 MHz:  58%)
CPU 14 idle residency:  42.41%
CPU 14 down residency:   0.00%
CPU 15 frequency: 4512 MHz
CPU 15 active residency:  51.57% (1260 MHz:   0% 1512 MHz:   0% 1800 MHz:   0% 2088 MHz:   0% 2352 MHz:   0% 2616 MHz:   0% 2868 MHz:   0% 3096 MHz:   0% 3300 MHz:   0% 3468 MHz:   0% 3624 MHz:   0% 3756 MHz:   0% 3828 MHz:   0% 3888 MHz:   0% 3948 MHz:   0% 3996 MHz:   0% 4044 MHz:   0% 4104 MHz:   0% 4416 MHz:   0% 4512 MHz:  52%)
CPU 15 idle residency:  48.43%
CPU 15 down residency:   0.00%

CPU Power: 7148 mW
GPU Power: 22426 mW
ANE Power: 0 mW
Combined Power (CPU + GPU + ANE): 29575 mW

**** GPU usage ****

GPU HW active frequency: 1578 MHz
GPU HW active residency: 100.00% (338 MHz:   0% 618 MHz:   0% 796 MHz:   0% 924 MHz:   0% 952 MHz:   0% 1056 MHz:   0% 1062 MHz:   0% 1182 MHz:   0% 1182 MHz:   0% 1312 MHz:   0% 1242 MHz:   0% 1380 MHz:   0% 1326 MHz:   0% 1470 MHz:   0% 1578 MHz: 100%)
GPU SW requested state: (P1 :   0% P2 :   0% P3 :   0% P4 :   0% P5 :   0% P6 :   0% P7 :   0% P8 :   0% P9 :   0% P10 : 100% P11 :   0% P12 :   0% P13 :   0% P14 :   0% P15 :   0%)
GPU SW state: (SW_P1 :   0% SW_P2 :   0% SW_P3 :   0% SW_P4 :   0% SW_P5 :   0% SW_P6 :   0% SW_P7 :   0% SW_P8 :   0% SW_P9 :   0% SW_P10 : 100% SW_P11 :   0% SW_P12 :   0% SW_P13 :   0% SW_P14 :   0% SW_P15 :   0%)
GPU idle residency:   0.00%
GPU Power: 22402 mW



*** Sampled system activity (Tue Jan 20 15:19:39 2026 +0100) (1020.93ms elapsed) ***


**** Processor usage ****

E-Cluster Online: 100%
E-Cluster HW active frequency: 1216 MHz
E-Cluster HW active residency:  48.60% (1020 MHz:  39% 1404 MHz: 2.1% 1788 MHz: 1.6% 2112 MHz: 1.9% 2352 MHz: 1.5% 2532 MHz: .42% 2592 MHz: 1.7%)
E-Cluster idle residency:  51.40%
E-Cluster down residency:   0.00%
CPU 0 frequency: 1260 MHz
CPU 0 active residency:  21.28% (1020 MHz:  16% 1404 MHz: 1.2% 1788 MHz: .90% 2112 MHz: 1.3% 2352 MHz: .92% 2532 MHz: .03% 2592 MHz: .80%)
CPU 0 idle residency:  78.72%
CPU 0 down residency:   0.00%
CPU 1 frequency: 1329 MHz
CPU 1 active residency:  13.13% (1020 MHz: 9.4% 1404 MHz: .48% 1788 MHz: .75% 2112 MHz: .86% 2352 MHz: .57% 2532 MHz: .27% 2592 MHz: .75%)
CPU 1 idle residency:  86.87%
CPU 1 down residency:   0.00%
CPU 2 frequency: 1279 MHz
CPU 2 active residency:   8.44% (1020 MHz: 6.3% 1404 MHz: .54% 1788 MHz: .42% 2112 MHz: .21% 2352 MHz: .60% 2532 MHz: .16% 2592 MHz: .25%)
CPU 2 idle residency:  91.56%
CPU 2 down residency:   0.00%
CPU 3 frequency: 1236 MHz
CPU 3 active residency:   5.06% (1020 MHz: 3.9% 1404 MHz: .41% 1788 MHz: .13% 2112 MHz: .09% 2352 MHz: .35% 2532 MHz: .00% 2592 MHz: .17%)
CPU 3 idle residency:  94.94%
CPU 3 down residency:   0.00%

P0-Cluster Online: 7%
P0-Cluster HW active frequency: 2328 MHz
P0-Cluster HW active residency:   2.34% (1260 MHz: 1.5% 1512 MHz:   0% 1800 MHz:   0% 2088 MHz: .06% 2352 MHz:   0% 2616 MHz:   0% 2868 MHz:   0% 3096 MHz:   0% 3300 MHz:   0% 3468 MHz:   0% 3624 MHz:   0% 3756 MHz:   0% 3828 MHz:   0% 3888 MHz: .02% 3948 MHz: .01% 3996 MHz:   0% 4044 MHz:   0% 4104 MHz:   0% 4416 MHz: .02% 4512 MHz: .71%)
P0-Cluster idle residency:   3.17%
P0-Cluster down residency:  94.49%
CPU 4 frequency: 4239 MHz
CPU 4 active residency:   1.69% (1260 MHz: .09% 1512 MHz:   0% 1800 MHz:   0% 2088 MHz: .00% 2352 MHz: .06% 2616 MHz:   0% 2868 MHz:   0% 3096 MHz:   0% 3300 MHz:   0% 3468 MHz:   0% 3624 MHz:   0% 3756 MHz:   0% 3828 MHz:   0% 3888 MHz:   0% 3948 MHz:   0% 3996 MHz:   0% 4044 MHz:   0% 4104 MHz:   0% 4416 MHz: .04% 4512 MHz: 1.5%)
CPU 4 idle residency:   5.14%
CPU 4 down residency:  93.17%
CPU 5 frequency: 4385 MHz
CPU 5 active residency:   0.52% (1260 MHz: .01% 1512 MHz:   0% 1800 MHz:   0% 2088 MHz:   0% 2352 MHz: .02% 2616 MHz:   0% 2868 MHz:   0% 3096 MHz:   0% 3300 MHz:   0% 3468 MHz:   0% 3624 MHz:   0% 3756 MHz:   0% 3828 MHz:   0% 3888 MHz:   0% 3948 MHz:   0% 3996 MHz:   0% 4044 MHz:   0% 4104 MHz:   0% 4416 MHz: .04% 4512 MHz: .46%)
CPU 5 idle residency:   5.26%
CPU 5 down residency:  94.22%
CPU 6 frequency: 4403 MHz
CPU 6 active residency:   0.46% (1260 MHz: .00% 1512 MHz:   0% 1800 MHz:   0% 2088 MHz:   0% 2352 MHz: .02% 2616 MHz:   0% 2868 MHz:   0% 3096 MHz:   0% 3300 MHz:   0% 3468 MHz:   0% 3624 MHz:   0% 3756 MHz:   0% 3828 MHz:   0% 3888 MHz:   0% 3948 MHz:   0% 3996 MHz:   0% 4044 MHz:   0% 4104 MHz:   0% 4416 MHz: .04% 4512 MHz: .40%)
CPU 6 idle residency:   5.28%
CPU 6 down residency:  94.26%
CPU 7 frequency: 4435 MHz
CPU 7 active residency:   0.63% (1260 MHz: .00% 1512 MHz:   0% 1800 MHz:   0% 2088 MHz:   0% 2352 MHz: .02% 2616 MHz:   0% 2868 MHz:   0% 3096 MHz:   0% 3300 MHz:   0% 3468 MHz:   0% 3624 MHz:   0% 3756 MHz:   0% 3828 MHz:   0% 3888 MHz:   0% 3948 MHz:   0% 3996 MHz:   0% 4044 MHz:   0% 4104 MHz:   0% 4416 MHz: .04% 4512 MHz: .57%)
CPU 7 idle residency:   5.28%
CPU 7 down residency:  94.09%
CPU 8 frequency: 4485 MHz
CPU 8 active residency:   3.12% (1260 MHz: .01% 1512 MHz:   0% 1800 MHz:   0% 2088 MHz:   0% 2352 MHz: .02% 2616 MHz:   0% 2868 MHz:   0% 3096 MHz: .00% 3300 MHz:   0% 3468 MHz:   0% 3624 MHz:   0% 3756 MHz:   0% 3828 MHz:   0% 3888 MHz:   0% 3948 MHz:   0% 3996 MHz:   0% 4044 MHz:   0% 4104 MHz:   0% 4416 MHz: .04% 4512 MHz: 3.0%)
CPU 8 idle residency:   5.15%
CPU 8 down residency:  91.73%
CPU 9 frequency: 4407 MHz
CPU 9 active residency:   1.01% (1260 MHz: .01% 1512 MHz:   0% 1800 MHz: .00% 2088 MHz:   0% 2352 MHz: .03% 2616 MHz:   0% 2868 MHz:   0% 3096 MHz:   0% 3300 MHz:   0% 3468 MHz:   0% 3624 MHz:   0% 3756 MHz:   0% 3828 MHz:   0% 3888 MHz:   0% 3948 MHz:   0% 3996 MHz:   0% 4044 MHz:   0% 4104 MHz:   0% 4416 MHz: .04% 4512 MHz: .92%)
CPU 9 idle residency:   5.22%
CPU 9 down residency:  93.77%

P1-Cluster HW active frequency: 4028 MHz
P1-Cluster HW active residency:  99.49% (1260 MHz:   0% 1512 MHz:   0% 1800 MHz:   0% 2088 MHz:   0% 2352 MHz:   0% 2616 MHz:   0% 2868 MHz:   0% 3096 MHz:   0% 3300 MHz:   0% 3468 MHz:   0% 3624 MHz:   0% 3756 MHz:   0% 3828 MHz:   0% 3888 MHz:  36% 3948 MHz:  33% 3996 MHz: 8.5% 4044 MHz: 5.0% 4104 MHz:   0% 4416 MHz: 7.2% 4512 MHz:  10%)
P1-Cluster idle residency:   0.51%
P1-Cluster down residency:   0.00%
CPU 10 frequency: 4512 MHz
CPU 10 active residency:  64.39% (1260 MHz:   0% 1512 MHz:   0% 1800 MHz:   0% 2088 MHz:   0% 2352 MHz:   0% 2616 MHz:   0% 2868 MHz:   0% 3096 MHz:   0% 3300 MHz:   0% 3468 MHz:   0% 3624 MHz:   0% 3756 MHz:   0% 3828 MHz:   0% 3888 MHz:   0% 3948 MHz:   0% 3996 MHz:   0% 4044 MHz:   0% 4104 MHz:   0% 4416 MHz:   0% 4512 MHz:  64%)
CPU 10 idle residency:  35.61%
CPU 10 down residency:   0.00%
CPU 11 frequency: 4512 MHz
CPU 11 active residency:  54.20% (1260 MHz:   0% 1512 MHz:   0% 1800 MHz:   0% 2088 MHz:   0% 2352 MHz:   0% 2616 MHz:   0% 2868 MHz:   0% 3096 MHz:   0% 3300 MHz:   0% 3468 MHz:   0% 3624 MHz:   0% 3756 MHz:   0% 3828 MHz:   0% 3888 MHz:   0% 3948 MHz:   0% 3996 MHz:   0% 4044 MHz:   0% 4104 MHz:   0% 4416 MHz:   0% 4512 MHz:  54%)
CPU 11 idle residency:  45.80%
CPU 11 down residency:   0.00%
CPU 12 frequency: 4512 MHz
CPU 12 active residency:  62.39% (1260 MHz:   0% 1512 MHz:   0% 1800 MHz:   0% 2088 MHz:   0% 2352 MHz:   0% 2616 MHz:   0% 2868 MHz:   0% 3096 MHz:   0% 3300 MHz:   0% 3468 MHz:   0% 3624 MHz:   0% 3756 MHz:   0% 3828 MHz:   0% 3888 MHz:   0% 3948 MHz:   0% 3996 MHz:   0% 4044 MHz:   0% 4104 MHz:   0% 4416 MHz:   0% 4512 MHz:  62%)
CPU 12 idle residency:  37.61%
CPU 12 down residency:   0.00%
CPU 13 frequency: 4512 MHz
CPU 13 active residency:  58.22% (1260 MHz:   0% 1512 MHz:   0% 1800 MHz:   0% 2088 MHz:   0% 2352 MHz:   0% 2616 MHz:   0% 2868 MHz:   0% 3096 MHz:   0% 3300 MHz:   0% 3468 MHz:   0% 3624 MHz:   0% 3756 MHz:   0% 3828 MHz:   0% 3888 MHz:   0% 3948 MHz:   0% 3996 MHz:   0% 4044 MHz:   0% 4104 MHz:   0% 4416 MHz:   0% 4512 MHz:  58%)
CPU 13 idle residency:  41.78%
CPU 13 down residency:   0.00%
CPU 14 frequency: 4512 MHz
CPU 14 active residency:  42.75% (1260 MHz:   0% 1512 MHz:   0% 1800 MHz:   0% 2088 MHz:   0% 2352 MHz:   0% 2616 MHz:   0% 2868 MHz:   0% 3096 MHz:   0% 3300 MHz:   0% 3468 MHz:   0% 3624 MHz:   0% 3756 MHz:   0% 3828 MHz:   0% 3888 MHz:   0% 3948 MHz:   0% 3996 MHz:   0% 4044 MHz:   0% 4104 MHz:   0% 4416 MHz:   0% 4512 MHz:  43%)
CPU 14 idle residency:  57.25%
CPU 14 down residency:   0.00%
CPU 15 frequency: 4512 MHz
CPU 15 active residency:  59.98% (1260 MHz:   0% 1512 MHz:   0% 1800 MHz:   0% 2088 MHz:   0% 2352 MHz:   0% 2616 MHz:   0% 2868 MHz:   0% 3096 MHz:   0% 3300 MHz:   0% 3468 MHz:   0% 3624 MHz:   0% 3756 MHz:   0% 3828 MHz:   0% 3888 MHz:   0% 3948 MHz:   0% 3996 MHz:   0% 4044 MHz:   0% 4104 MHz:   0% 4416 MHz:   0% 4512 MHz:  60%)
CPU 15 idle residency:  40.02%
CPU 15 down residency:   0.00%

CPU Power: 6750 mW
GPU Power: 22087 mW
ANE Power: 0 mW
Combined Power (CPU + GPU + ANE): 28836 mW

**** GPU usage ****

GPU HW active frequency: 1578 MHz
GPU HW active residency:  99.94% (338 MHz: .02% 618 MHz:   0% 796 MHz:   0% 924 MHz:   0% 952 MHz:   0% 1056 MHz:   0% 1062 MHz:   0% 1182 MHz:   0% 1182 MHz:   0% 1312 MHz:   0% 1242 MHz:   0% 1380 MHz:   0% 1326 MHz:   0% 1470 MHz:   0% 1578 MHz: 100%)
GPU SW requested state: (P1 :   0% P2 :   0% P3 :   0% P4 :   0% P5 :   0% P6 :   0% P7 :   0% P8 :   0% P9 :   0% P10 : 100% P11 :   0% P12 :   0% P13 :   0% P14 :   0% P15 :   0%)
GPU SW state: (SW_P1 : .02% SW_P2 :   0% SW_P3 :   0% SW_P4 :   0% SW_P5 :   0% SW_P6 :   0% SW_P7 :   0% SW_P8 :   0% SW_P9 :   0% SW_P10 : 100% SW_P11 :   0% SW_P12 :   0% SW_P13 :   0% SW_P14 :   0% SW_P15 :   0%)
GPU idle residency:   0.06%
GPU Power: 22105 mW



*** Sampled system activity (Tue Jan 20 15:19:40 2026 +0100) (1021.10ms elapsed) ***


**** Processor usage ****

E-Cluster Online: 100%
E-Cluster HW active frequency: 1272 MHz
E-Cluster HW active residency:  50.99% (1020 MHz:  39% 1404 MHz: 3.2% 1788 MHz: 1.2% 2112 MHz: 2.0% 2352 MHz: 2.1% 2532 MHz: .71% 2592 MHz: 2.9%)
E-Cluster idle residency:  49.01%
E-Cluster down residency:   0.00%
CPU 0 frequency: 1326 MHz
CPU 0 active residency:  22.88% (1020 MHz:  16% 1404 MHz: 1.9% 1788 MHz: .89% 2112 MHz: 1.5% 2352 MHz: 1.4% 2532 MHz: .26% 2592 MHz: 1.1%)
CPU 0 idle residency:  77.12%
CPU 0 down residency:   0.00%
CPU 1 frequency: 1325 MHz
CPU 1 active residency:  12.59% (1020 MHz: 8.7% 1404 MHz: .95% 1788 MHz: .56% 2112 MHz: 1.0% 2352 MHz: .51% 2532 MHz: .14% 2592 MHz: .64%)
CPU 1 idle residency:  87.41%
CPU 1 down residency:   0.00%
CPU 2 frequency: 1335 MHz
CPU 2 active residency:   7.87% (1020 MHz: 5.6% 1404 MHz: .38% 1788 MHz: .19% 2112 MHz: 1.0% 2352 MHz: .09% 2532 MHz: .23% 2592 MHz: .38%)
CPU 2 idle residency:  92.13%
CPU 2 down residency:   0.00%
CPU 3 frequency: 1516 MHz
CPU 3 active residency:   5.49% (1020 MHz: 3.3% 1404 MHz: .14% 1788 MHz: .16% 2112 MHz: .63% 2352 MHz: .46% 2532 MHz: .34% 2592 MHz: .46%)
CPU 3 idle residency:  94.51%
CPU 3 down residency:   0.00%

P0-Cluster Online: 78%
P0-Cluster HW active frequency: 4017 MHz
P0-Cluster HW active residency:  76.71% (1260 MHz: .47% 1512 MHz:   0% 1800 MHz:   0% 2088 MHz:   0% 2352 MHz:   0% 2616 MHz:   0% 2868 MHz:   0% 3096 MHz:   0% 3300 MHz:   0% 3468 MHz:   0% 3624 MHz:   0% 3756 MHz:   0% 3828 MHz:   0% 3888 MHz:  32% 3948 MHz:  18% 3996 MHz: 7.0% 4044 MHz: 3.7% 4104 MHz:   0% 4416 MHz: 6.2% 4512 MHz: 8.6%)
P0-Cluster idle residency:   0.90%
P0-Cluster down residency:  22.39%
CPU 4 frequency: 4511 MHz
CPU 4 active residency:  48.36% (1260 MHz: .01% 1512 MHz:   0% 1800 MHz:   0% 2088 MHz:   0% 2352 MHz:   0% 2616 MHz:   0% 2868 MHz:   0% 3096 MHz:   0% 3300 MHz:   0% 3468 MHz:   0% 3624 MHz:   0% 3756 MHz:   0% 3828 MHz:   0% 3888 MHz:   0% 3948 MHz:   0% 3996 MHz:   0% 4044 MHz:   0% 4104 MHz:   0% 4416 MHz: .00% 4512 MHz:  48%)
CPU 4 idle residency:  29.29%
CPU 4 down residency:  22.36%
CPU 5 frequency: 4512 MHz
CPU 5 active residency:  43.80% (1260 MHz:   0% 1512 MHz:   0% 1800 MHz:   0% 2088 MHz:   0% 2352 MHz:   0% 2616 MHz:   0% 2868 MHz:   0% 3096 MHz:   0% 3300 MHz:   0% 3468 MHz:   0% 3624 MHz:   0% 3756 MHz:   0% 3828 MHz:   0% 3888 MHz:   0% 3948 MHz:   0% 3996 MHz:   0% 4044 MHz:   0% 4104 MHz:   0% 4416 MHz: .00% 4512 MHz:  44%)
CPU 5 idle residency:  33.84%
CPU 5 down residency:  22.36%
CPU 6 frequency: 4512 MHz
CPU 6 active residency:  40.53% (1260 MHz:   0% 1512 MHz:   0% 1800 MHz:   0% 2088 MHz:   0% 2352 MHz:   0% 2616 MHz:   0% 2868 MHz:   0% 3096 MHz:   0% 3300 MHz:   0% 3468 MHz:   0% 3624 MHz:   0% 3756 MHz:   0% 3828 MHz:   0% 3888 MHz:   0% 3948 MHz:   0% 3996 MHz:   0% 4044 MHz:   0% 4104 MHz:   0% 4416 MHz:   0% 4512 MHz:  41%)
CPU 6 idle residency:  37.11%
CPU 6 down residency:  22.36%
CPU 7 frequency: 4512 MHz
CPU 7 active residency:  39.85% (1260 MHz:   0% 1512 MHz:   0% 1800 MHz:   0% 2088 MHz:   0% 2352 MHz:   0% 2616 MHz:   0% 2868 MHz:   0% 3096 MHz:   0% 3300 MHz:   0% 3468 MHz:   0% 3624 MHz:   0% 3756 MHz:   0% 3828 MHz:   0% 3888 MHz:   0% 3948 MHz:   0% 3996 MHz:   0% 4044 MHz:   0% 4104 MHz:   0% 4416 MHz:   0% 4512 MHz:  40%)
CPU 7 idle residency:  37.79%
CPU 7 down residency:  22.36%
CPU 8 frequency: 4512 MHz
CPU 8 active residency:  44.21% (1260 MHz: .00% 1512 MHz:   0% 1800 MHz:   0% 2088 MHz:   0% 2352 MHz:   0% 2616 MHz:   0% 2868 MHz:   0% 3096 MHz:   0% 3300 MHz:   0% 3468 MHz:   0% 3624 MHz:   0% 3756 MHz:   0% 3828 MHz:   0% 3888 MHz:   0% 3948 MHz:   0% 3996 MHz:   0% 4044 MHz:   0% 4104 MHz:   0% 4416 MHz: .00% 4512 MHz:  44%)
CPU 8 idle residency:  33.43%
CPU 8 down residency:  22.36%
CPU 9 frequency: 4512 MHz
CPU 9 active residency:  46.92% (1260 MHz: .00% 1512 MHz:   0% 1800 MHz:   0% 2088 MHz:   0% 2352 MHz:   0% 2616 MHz:   0% 2868 MHz:   0% 3096 MHz:   0% 3300 MHz:   0% 3468 MHz:   0% 3624 MHz:   0% 3756 MHz:   0% 3828 MHz:   0% 3888 MHz:   0% 3948 MHz:   0% 3996 MHz:   0% 4044 MHz:   0% 4104 MHz:   0% 4416 MHz: .00% 4512 MHz:  47%)
CPU 9 idle residency:  30.73%
CPU 9 down residency:  22.36%

P1-Cluster HW active frequency: 3943 MHz
P1-Cluster HW active residency:  25.75% (1260 MHz: 1.6% 1512 MHz:   0% 1800 MHz:   0% 2088 MHz:   0% 2352 MHz:   0% 2616 MHz:   0% 2868 MHz:   0% 3096 MHz:   0% 3300 MHz:   0% 3468 MHz:   0% 3624 MHz:   0% 3756 MHz:   0% 3828 MHz:   0% 3888 MHz: 3.6% 3948 MHz:  10% 3996 MHz: .94% 4044 MHz: 1.2% 4104 MHz:   0% 4416 MHz: 3.0% 4512 MHz: 5.0%)
P1-Cluster idle residency:   4.97%
P1-Cluster down residency:  69.28%
CPU 10 frequency: 4512 MHz
CPU 10 active residency:   4.46% (1260 MHz:   0% 1512 MHz:   0% 1800 MHz:   0% 2088 MHz:   0% 2352 MHz:   0% 2616 MHz:   0% 2868 MHz:   0% 3096 MHz:   0% 3300 MHz:   0% 3468 MHz:   0% 3624 MHz:   0% 3756 MHz:   0% 3828 MHz:   0% 3888 MHz:   0% 3948 MHz:   0% 3996 MHz:   0% 4044 MHz:   0% 4104 MHz:   0% 4416 MHz:   0% 4512 MHz: 4.5%)
CPU 10 idle residency:  18.30%
CPU 10 down residency:  77.24%
CPU 11 frequency: 4512 MHz
CPU 11 active residency:   2.64% (1260 MHz:   0% 1512 MHz:   0% 1800 MHz:   0% 2088 MHz:   0% 2352 MHz:   0% 2616 MHz:   0% 2868 MHz:   0% 3096 MHz:   0% 3300 MHz:   0% 3468 MHz:   0% 3624 MHz:   0% 3756 MHz:   0% 3828 MHz:   0% 3888 MHz:   0% 3948 MHz:   0% 3996 MHz:   0% 4044 MHz:   0% 4104 MHz:   0% 4416 MHz:   0% 4512 MHz: 2.6%)
CPU 11 idle residency:  22.58%
CPU 11 down residency:  74.79%
CPU 12 frequency: 4512 MHz
CPU 12 active residency:   2.56% (1260 MHz:   0% 1512 MHz:   0% 1800 MHz:   0% 2088 MHz:   0% 2352 MHz:   0% 2616 MHz:   0% 2868 MHz:   0% 3096 MHz:   0% 3300 MHz:   0% 3468 MHz:   0% 3624 MHz:   0% 3756 MHz:   0% 3828 MHz:   0% 3888 MHz:   0% 3948 MHz:   0% 3996 MHz:   0% 4044 MHz:   0% 4104 MHz:   0% 4416 MHz:   0% 4512 MHz: 2.6%)
CPU 12 idle residency:  19.89%
CPU 12 down residency:  77.54%
CPU 13 frequency: 4512 MHz
CPU 13 active residency:   2.69% (1260 MHz:   0% 1512 MHz:   0% 1800 MHz:   0% 2088 MHz:   0% 2352 MHz:   0% 2616 MHz:   0% 2868 MHz:   0% 3096 MHz:   0% 3300 MHz:   0% 3468 MHz:   0% 3624 MHz:   0% 3756 MHz:   0% 3828 MHz:   0% 3888 MHz:   0% 3948 MHz:   0% 3996 MHz:   0% 4044 MHz:   0% 4104 MHz:   0% 4416 MHz:   0% 4512 MHz: 2.7%)
CPU 13 idle residency:  18.60%
CPU 13 down residency:  78.71%
CPU 14 frequency: 4512 MHz
CPU 14 active residency:   3.08% (1260 MHz:   0% 1512 MHz:   0% 1800 MHz:   0% 2088 MHz:   0% 2352 MHz:   0% 2616 MHz:   0% 2868 MHz:   0% 3096 MHz:   0% 3300 MHz:   0% 3468 MHz:   0% 3624 MHz:   0% 3756 MHz:   0% 3828 MHz:   0% 3888 MHz:   0% 3948 MHz:   0% 3996 MHz:   0% 4044 MHz:   0% 4104 MHz:   0% 4416 MHz:   0% 4512 MHz: 3.1%)
CPU 14 idle residency:  20.31%
CPU 14 down residency:  76.61%
CPU 15 frequency: 4512 MHz
CPU 15 active residency:   2.04% (1260 MHz:   0% 1512 MHz:   0% 1800 MHz:   0% 2088 MHz:   0% 2352 MHz:   0% 2616 MHz:   0% 2868 MHz:   0% 3096 MHz:   0% 3300 MHz:   0% 3468 MHz:   0% 3624 MHz:   0% 3756 MHz:   0% 3828 MHz:   0% 3888 MHz:   0% 3948 MHz:   0% 3996 MHz:   0% 4044 MHz:   0% 4104 MHz:   0% 4416 MHz:   0% 4512 MHz: 2.0%)
CPU 15 idle residency:  26.92%
CPU 15 down residency:  71.04%

CPU Power: 6892 mW
GPU Power: 22500 mW
ANE Power: 0 mW
Combined Power (CPU + GPU + ANE): 29392 mW

**** GPU usage ****

GPU HW active frequency: 1578 MHz
GPU HW active residency: 100.00% (338 MHz:   0% 618 MHz:   0% 796 MHz:   0% 924 MHz:   0% 952 MHz:   0% 1056 MHz:   0% 1062 MHz:   0% 1182 MHz:   0% 1182 MHz:   0% 1312 MHz:   0% 1242 MHz:   0% 1380 MHz:   0% 1326 MHz:   0% 1470 MHz:   0% 1578 MHz: 100%)
GPU SW requested state: (P1 :   0% P2 :   0% P3 :   0% P4 :   0% P5 :   0% P6 :   0% P7 :   0% P8 :   0% P9 :   0% P10 : 100% P11 :   0% P12 :   0% P13 :   0% P14 :   0% P15 :   0%)
GPU SW state: (SW_P1 :   0% SW_P2 :   0% SW_P3 :   0% SW_P4 :   0% SW_P5 :   0% SW_P6 :   0% SW_P7 :   0% SW_P8 :   0% SW_P9 :   0% SW_P10 : 100% SW_P11 :   0% SW_P12 :   0% SW_P13 :   0% SW_P14 :   0% SW_P15 :   0%)
GPU idle residency:   0.00%
GPU Power: 22499 mW



*** Sampled system activity (Tue Jan 20 15:19:41 2026 +0100) (1018.11ms elapsed) ***


**** Processor usage ****

E-Cluster Online: 100%
E-Cluster HW active frequency: 1152 MHz
E-Cluster HW active residency:  44.17% (1020 MHz:  38% 1404 MHz: 2.3% 1788 MHz: .94% 2112 MHz: 1.5% 2352 MHz: 1.1% 2532 MHz: .06% 2592 MHz: .69%)
E-Cluster idle residency:  55.83%
E-Cluster down residency:   0.00%
CPU 0 frequency: 1210 MHz
CPU 0 active residency:  16.21% (1020 MHz:  13% 1404 MHz: .82% 1788 MHz: .40% 2112 MHz: .77% 2352 MHz: .94% 2532 MHz: .06% 2592 MHz: .18%)
CPU 0 idle residency:  83.79%
CPU 0 down residency:   0.00%
CPU 1 frequency: 1195 MHz
CPU 1 active residency:  12.57% (1020 MHz:  10% 1404 MHz: .93% 1788 MHz: .47% 2112 MHz: .45% 2352 MHz: .37% 2532 MHz: .02% 2592 MHz: .29%)
CPU 1 idle residency:  87.43%
CPU 1 down residency:   0.00%
CPU 2 frequency: 1220 MHz
CPU 2 active residency:   7.32% (1020 MHz: 5.7% 1404 MHz: .50% 1788 MHz: .21% 2112 MHz: .68% 2352 MHz: .16% 2532 MHz: .06% 2592 MHz: .05%)
CPU 2 idle residency:  92.68%
CPU 2 down residency:   0.00%
CPU 3 frequency: 1147 MHz
CPU 3 active residency:   3.56% (1020 MHz: 3.0% 1404 MHz: .34% 1788 MHz: .02% 2112 MHz: .08% 2352 MHz: .09% 2532 MHz: .02% 2592 MHz: .05%)
CPU 3 idle residency:  96.44%
CPU 3 down residency:   0.00%

P0-Cluster Online: 100%
P0-Cluster HW active frequency: 4038 MHz
P0-Cluster HW active residency:  99.38% (1260 MHz:   0% 1512 MHz:   0% 1800 MHz:   0% 2088 MHz:   0% 2352 MHz:   0% 2616 MHz:   0% 2868 MHz:   0% 3096 MHz:   0% 3300 MHz:   0% 3468 MHz:   0% 3624 MHz:   0% 3756 MHz:   0% 3828 MHz:   0% 3888 MHz:  32% 3948 MHz:  33% 3996 MHz: 9.3% 4044 MHz: 5.2% 4104 MHz:   0% 4416 MHz: 7.5% 4512 MHz:  11%)
P0-Cluster idle residency:   0.62%
P0-Cluster down residency:   0.00%
CPU 4 frequency: 4512 MHz
CPU 4 active residency:  67.78% (1260 MHz:   0% 1512 MHz:   0% 1800 MHz:   0% 2088 MHz:   0% 2352 MHz:   0% 2616 MHz:   0% 2868 MHz:   0% 3096 MHz:   0% 3300 MHz:   0% 3468 MHz:   0% 3624 MHz:   0% 3756 MHz:   0% 3828 MHz:   0% 3888 MHz:   0% 3948 MHz:   0% 3996 MHz:   0% 4044 MHz:   0% 4104 MHz:   0% 4416 MHz:   0% 4512 MHz:  68%)
CPU 4 idle residency:  32.22%
CPU 4 down residency:   0.00%
CPU 5 frequency: 4512 MHz
CPU 5 active residency:  57.39% (1260 MHz:   0% 1512 MHz:   0% 1800 MHz:   0% 2088 MHz:   0% 2352 MHz:   0% 2616 MHz:   0% 2868 MHz:   0% 3096 MHz:   0% 3300 MHz:   0% 3468 MHz:   0% 3624 MHz:   0% 3756 MHz:   0% 3828 MHz:   0% 3888 MHz:   0% 3948 MHz:   0% 3996 MHz:   0% 4044 MHz:   0% 4104 MHz:   0% 4416 MHz:   0% 4512 MHz:  57%)
CPU 5 idle residency:  42.61%
CPU 5 down residency:   0.00%
CPU 6 frequency: 4512 MHz
CPU 6 active residency:  56.88% (1260 MHz:   0% 1512 MHz:   0% 1800 MHz:   0% 2088 MHz:   0% 2352 MHz:   0% 2616 MHz:   0% 2868 MHz:   0% 3096 MHz:   0% 3300 MHz:   0% 3468 MHz:   0% 3624 MHz:   0% 3756 MHz:   0% 3828 MHz:   0% 3888 MHz:   0% 3948 MHz:   0% 3996 MHz:   0% 4044 MHz:   0% 4104 MHz:   0% 4416 MHz:   0% 4512 MHz:  57%)
CPU 6 idle residency:  43.12%
CPU 6 down residency:   0.00%
CPU 7 frequency: 4512 MHz
CPU 7 active residency:  56.93% (1260 MHz:   0% 1512 MHz:   0% 1800 MHz:   0% 2088 MHz:   0% 2352 MHz:   0% 2616 MHz:   0% 2868 MHz:   0% 3096 MHz:   0% 3300 MHz:   0% 3468 MHz:   0% 3624 MHz:   0% 3756 MHz:   0% 3828 MHz:   0% 3888 MHz:   0% 3948 MHz:   0% 3996 MHz:   0% 4044 MHz:   0% 4104 MHz:   0% 4416 MHz:   0% 4512 MHz:  57%)
CPU 7 idle residency:  43.07%
CPU 7 down residency:   0.00%
CPU 8 frequency: 4512 MHz
CPU 8 active residency:  33.33% (1260 MHz:   0% 1512 MHz:   0% 1800 MHz:   0% 2088 MHz:   0% 2352 MHz:   0% 2616 MHz:   0% 2868 MHz:   0% 3096 MHz:   0% 3300 MHz:   0% 3468 MHz:   0% 3624 MHz:   0% 3756 MHz:   0% 3828 MHz:   0% 3888 MHz:   0% 3948 MHz:   0% 3996 MHz:   0% 4044 MHz:   0% 4104 MHz:   0% 4416 MHz:   0% 4512 MHz:  33%)
CPU 8 idle residency:  66.67%
CPU 8 down residency:   0.00%
CPU 9 frequency: 4512 MHz
CPU 9 active residency:  54.99% (1260 MHz:   0% 1512 MHz:   0% 1800 MHz:   0% 2088 MHz:   0% 2352 MHz:   0% 2616 MHz:   0% 2868 MHz:   0% 3096 MHz:   0% 3300 MHz:   0% 3468 MHz:   0% 3624 MHz:   0% 3756 MHz:   0% 3828 MHz:   0% 3888 MHz:   0% 3948 MHz:   0% 3996 MHz:   0% 4044 MHz:   0% 4104 MHz:   0% 4416 MHz:   0% 4512 MHz:  55%)
CPU 9 idle residency:  45.01%
CPU 9 down residency:   0.00%

P1-Cluster HW active frequency: 2513 MHz
P1-Cluster HW active residency:   0.71% (1260 MHz: .43% 1512 MHz:   0% 1800 MHz:   0% 2088 MHz:   0% 2352 MHz:   0% 2616 MHz:   0% 2868 MHz:   0% 3096 MHz:   0% 3300 MHz:   0% 3468 MHz:   0% 3624 MHz:   0% 3756 MHz:   0% 3828 MHz:   0% 3888 MHz: .01% 3948 MHz: .00% 3996 MHz:   0% 4044 MHz:   0% 4104 MHz: .01% 4416 MHz: .10% 4512 MHz: .16%)
P1-Cluster idle residency:   1.13%
P1-Cluster down residency:  98.17%
CPU 10 frequency: 4499 MHz
CPU 10 active residency:   9.68% (1260 MHz: .04% 1512 MHz:   0% 1800 MHz:   0% 2088 MHz:   0% 2352 MHz:   0% 2616 MHz:   0% 2868 MHz:   0% 3096 MHz:   0% 3300 MHz:   0% 3468 MHz:   0% 3624 MHz:   0% 3756 MHz:   0% 3828 MHz:   0% 3888 MHz:   0% 3948 MHz:   0% 3996 MHz:   0% 4044 MHz:   0% 4104 MHz:   0% 4416 MHz: .05% 4512 MHz: 9.6%)
CPU 10 idle residency:   1.55%
CPU 10 down residency:  88.77%
CPU 11 frequency: 4496 MHz
CPU 11 active residency:   6.72% (1260 MHz: .03% 1512 MHz:   0% 1800 MHz:   0% 2088 MHz:   0% 2352 MHz:   0% 2616 MHz:   0% 2868 MHz:   0% 3096 MHz:   0% 3300 MHz:   0% 3468 MHz:   0% 3624 MHz:   0% 3756 MHz:   0% 3828 MHz:   0% 3888 MHz:   0% 3948 MHz:   0% 3996 MHz:   0% 4044 MHz:   0% 4104 MHz:   0% 4416 MHz: .05% 4512 MHz: 6.6%)
CPU 11 idle residency:   1.62%
CPU 11 down residency:  91.66%
CPU 12 frequency: 4502 MHz
CPU 12 active residency:   9.68% (1260 MHz: .03% 1512 MHz:   0% 1800 MHz:   0% 2088 MHz:   0% 2352 MHz:   0% 2616 MHz:   0% 2868 MHz:   0% 3096 MHz:   0% 3300 MHz:   0% 3468 MHz:   0% 3624 MHz:   0% 3756 MHz:   0% 3828 MHz:   0% 3888 MHz:   0% 3948 MHz:   0% 3996 MHz:   0% 4044 MHz:   0% 4104 MHz:   0% 4416 MHz: .05% 4512 MHz: 9.6%)
CPU 12 idle residency:   1.58%
CPU 12 down residency:  88.74%
CPU 13 frequency: 4503 MHz
CPU 13 active residency:  10.94% (1260 MHz: .03% 1512 MHz:   0% 1800 MHz:   0% 2088 MHz:   0% 2352 MHz:   0% 2616 MHz:   0% 2868 MHz:   0% 3096 MHz:   0% 3300 MHz:   0% 3468 MHz:   0% 3624 MHz:   0% 3756 MHz:   0% 3828 MHz:   0% 3888 MHz:   0% 3948 MHz:   0% 3996 MHz:   0% 4044 MHz:   0% 4104 MHz:   0% 4416 MHz: .05% 4512 MHz:  11%)
CPU 13 idle residency:   1.56%
CPU 13 down residency:  87.50%
CPU 14 frequency: 4498 MHz
CPU 14 active residency:   9.11% (1260 MHz: .04% 1512 MHz:   0% 1800 MHz:   0% 2088 MHz:   0% 2352 MHz:   0% 2616 MHz:   0% 2868 MHz:   0% 3096 MHz:   0% 3300 MHz:   0% 3468 MHz:   0% 3624 MHz:   0% 3756 MHz:   0% 3828 MHz:   0% 3888 MHz:   0% 3948 MHz:   0% 3996 MHz:   0% 4044 MHz:   0% 4104 MHz:   0% 4416 MHz: .05% 4512 MHz: 9.0%)
CPU 14 idle residency:   1.59%
CPU 14 down residency:  89.30%
CPU 15 frequency: 4463 MHz
CPU 15 active residency:   2.73% (1260 MHz: .04% 1512 MHz:   0% 1800 MHz:   0% 2088 MHz:   0% 2352 MHz:   0% 2616 MHz:   0% 2868 MHz:   0% 3096 MHz:   0% 3300 MHz:   0% 3468 MHz:   0% 3624 MHz:   0% 3756 MHz:   0% 3828 MHz:   0% 3888 MHz:   0% 3948 MHz:   0% 3996 MHz:   0% 4044 MHz:   0% 4104 MHz:   0% 4416 MHz: .06% 4512 MHz: 2.6%)
CPU 15 idle residency:   1.70%
CPU 15 down residency:  95.57%

CPU Power: 6543 mW
GPU Power: 22264 mW
ANE Power: 0 mW
Combined Power (CPU + GPU + ANE): 28807 mW

**** GPU usage ****

GPU HW active frequency: 1578 MHz
GPU HW active residency:  99.87% (338 MHz: .04% 618 MHz:   0% 796 MHz:   0% 924 MHz:   0% 952 MHz:   0% 1056 MHz:   0% 1062 MHz:   0% 1182 MHz:   0% 1182 MHz:   0% 1312 MHz:   0% 1242 MHz:   0% 1380 MHz:   0% 1326 MHz:   0% 1470 MHz:   0% 1578 MHz: 100%)
GPU SW requested state: (P1 :   0% P2 :   0% P3 :   0% P4 :   0% P5 :   0% P6 :   0% P7 :   0% P8 :   0% P9 :   0% P10 : 100% P11 :   0% P12 :   0% P13 :   0% P14 :   0% P15 :   0%)
GPU SW state: (SW_P1 : .04% SW_P2 :   0% SW_P3 :   0% SW_P4 :   0% SW_P5 :   0% SW_P6 :   0% SW_P7 :   0% SW_P8 :   0% SW_P9 :   0% SW_P10 : 100% SW_P11 :   0% SW_P12 :   0% SW_P13 :   0% SW_P14 :   0% SW_P15 :   0%)
GPU idle residency:   0.13%
GPU Power: 22273 mW



*** Sampled system activity (Tue Jan 20 15:19:42 2026 +0100) (1023.76ms elapsed) ***


**** Processor usage ****

E-Cluster Online: 100%
E-Cluster HW active frequency: 1243 MHz
E-Cluster HW active residency:  53.68% (1020 MHz:  43% 1404 MHz: 2.1% 1788 MHz: 1.5% 2112 MHz: 1.9% 2352 MHz: 1.8% 2532 MHz: .34% 2592 MHz: 3.2%)
E-Cluster idle residency:  46.32%
E-Cluster down residency:   0.00%
CPU 0 frequency: 1255 MHz
CPU 0 active residency:  23.72% (1020 MHz:  18% 1404 MHz: 1.2% 1788 MHz: .71% 2112 MHz: .83% 2352 MHz: 1.1% 2532 MHz: .02% 2592 MHz: 1.4%)
CPU 0 idle residency:  76.28%
CPU 0 down residency:   0.00%
CPU 1 frequency: 1302 MHz
CPU 1 active residency:  17.86% (1020 MHz:  13% 1404 MHz: 1.1% 1788 MHz: .71% 2112 MHz: .70% 2352 MHz: .67% 2532 MHz: .34% 2592 MHz: 1.2%)
CPU 1 idle residency:  82.14%
CPU 1 down residency:   0.00%
CPU 2 frequency: 1185 MHz
CPU 2 active residency:  10.54% (1020 MHz: 8.7% 1404 MHz: .60% 1788 MHz: .25% 2112 MHz: .48% 2352 MHz: .15% 2532 MHz: .01% 2592 MHz: .37%)
CPU 2 idle residency:  89.46%
CPU 2 down residency:   0.00%
CPU 3 frequency: 1189 MHz
CPU 3 active residency:   8.45% (1020 MHz: 6.9% 1404 MHz: .48% 1788 MHz: .18% 2112 MHz: .58% 2352 MHz: .13% 2532 MHz: .00% 2592 MHz: .18%)
CPU 3 idle residency:  91.55%
CPU 3 down residency:   0.00%

P0-Cluster Online: 100%
P0-Cluster HW active frequency: 4027 MHz
P0-Cluster HW active residency:  99.53% (1260 MHz:   0% 1512 MHz:   0% 1800 MHz:   0% 2088 MHz:   0% 2352 MHz:   0% 2616 MHz:   0% 2868 MHz:   0% 3096 MHz:   0% 3300 MHz:   0% 3468 MHz:   0% 3624 MHz:   0% 3756 MHz:   0% 3828 MHz: .00% 3888 MHz:  43% 3948 MHz:  26% 3996 MHz: 8.0% 4044 MHz: 4.4% 4104 MHz:   0% 4416 MHz: 8.1% 4512 MHz:  10%)
P0-Cluster idle residency:   0.47%
P0-Cluster down residency:   0.00%
CPU 4 frequency: 4512 MHz
CPU 4 active residency:  61.50% (1260 MHz:   0% 1512 MHz:   0% 1800 MHz:   0% 2088 MHz:   0% 2352 MHz:   0% 2616 MHz:   0% 2868 MHz:   0% 3096 MHz:   0% 3300 MHz:   0% 3468 MHz:   0% 3624 MHz:   0% 3756 MHz:   0% 3828 MHz:   0% 3888 MHz:   0% 3948 MHz:   0% 3996 MHz:   0% 4044 MHz:   0% 4104 MHz:   0% 4416 MHz:   0% 4512 MHz:  61%)
CPU 4 idle residency:  38.50%
CPU 4 down residency:   0.00%
CPU 5 frequency: 4512 MHz
CPU 5 active residency:  57.32% (1260 MHz:   0% 1512 MHz:   0% 1800 MHz:   0% 2088 MHz:   0% 2352 MHz:   0% 2616 MHz:   0% 2868 MHz:   0% 3096 MHz:   0% 3300 MHz:   0% 3468 MHz:   0% 3624 MHz:   0% 3756 MHz:   0% 3828 MHz:   0% 3888 MHz:   0% 3948 MHz:   0% 3996 MHz:   0% 4044 MHz:   0% 4104 MHz:   0% 4416 MHz:   0% 4512 MHz:  57%)
CPU 5 idle residency:  42.68%
CPU 5 down residency:   0.00%
CPU 6 frequency: 4512 MHz
CPU 6 active residency:  42.80% (1260 MHz:   0% 1512 MHz:   0% 1800 MHz:   0% 2088 MHz:   0% 2352 MHz:   0% 2616 MHz:   0% 2868 MHz:   0% 3096 MHz:   0% 3300 MHz:   0% 3468 MHz:   0% 3624 MHz:   0% 3756 MHz:   0% 3828 MHz:   0% 3888 MHz:   0% 3948 MHz:   0% 3996 MHz:   0% 4044 MHz:   0% 4104 MHz:   0% 4416 MHz:   0% 4512 MHz:  43%)
CPU 6 idle residency:  57.20%
CPU 6 down residency:   0.00%
CPU 7 frequency: 4512 MHz
CPU 7 active residency:  68.22% (1260 MHz:   0% 1512 MHz:   0% 1800 MHz:   0% 2088 MHz:   0% 2352 MHz:   0% 2616 MHz:   0% 2868 MHz:   0% 3096 MHz:   0% 3300 MHz:   0% 3468 MHz:   0% 3624 MHz:   0% 3756 MHz:   0% 3828 MHz:   0% 3888 MHz:   0% 3948 MHz:   0% 3996 MHz:   0% 4044 MHz:   0% 4104 MHz:   0% 4416 MHz:   0% 4512 MHz:  68%)
CPU 7 idle residency:  31.78%
CPU 7 down residency:   0.00%
CPU 8 frequency: 4512 MHz
CPU 8 active residency:  57.26% (1260 MHz:   0% 1512 MHz:   0% 1800 MHz:   0% 2088 MHz:   0% 2352 MHz:   0% 2616 MHz:   0% 2868 MHz:   0% 3096 MHz:   0% 3300 MHz:   0% 3468 MHz:   0% 3624 MHz:   0% 3756 MHz:   0% 3828 MHz:   0% 3888 MHz:   0% 3948 MHz:   0% 3996 MHz:   0% 4044 MHz:   0% 4104 MHz:   0% 4416 MHz:   0% 4512 MHz:  57%)
CPU 8 idle residency:  42.74%
CPU 8 down residency:   0.00%
CPU 9 frequency: 4512 MHz
CPU 9 active residency:  63.08% (1260 MHz:   0% 1512 MHz:   0% 1800 MHz:   0% 2088 MHz:   0% 2352 MHz:   0% 2616 MHz:   0% 2868 MHz:   0% 3096 MHz:   0% 3300 MHz:   0% 3468 MHz:   0% 3624 MHz:   0% 3756 MHz:   0% 3828 MHz:   0% 3888 MHz:   0% 3948 MHz:   0% 3996 MHz:   0% 4044 MHz:   0% 4104 MHz:   0% 4416 MHz:   0% 4512 MHz:  63%)
CPU 9 idle residency:  36.92%
CPU 9 down residency:   0.00%

P1-Cluster HW active frequency: 2461 MHz
P1-Cluster HW active residency:   1.28% (1260 MHz: .80% 1512 MHz:   0% 1800 MHz:   0% 2088 MHz:   0% 2352 MHz:   0% 2616 MHz:   0% 2868 MHz:   0% 3096 MHz:   0% 3300 MHz:   0% 3468 MHz:   0% 3624 MHz:   0% 3756 MHz:   0% 3828 MHz:   0% 3888 MHz: .02% 3948 MHz: .00% 3996 MHz:   0% 4044 MHz:   0% 4104 MHz: .00% 4416 MHz: .22% 4512 MHz: .24%)
P1-Cluster idle residency:   3.37%
P1-Cluster down residency:  95.35%
CPU 10 frequency: 0 MHz
CPU 10 active residency:   0.00% (1260 MHz:   0% 1512 MHz:   0% 1800 MHz:   0% 2088 MHz:   0% 2352 MHz:   0% 2616 MHz:   0% 2868 MHz:   0% 3096 MHz:   0% 3300 MHz:   0% 3468 MHz:   0% 3624 MHz:   0% 3756 MHz:   0% 3828 MHz:   0% 3888 MHz:   0% 3948 MHz:   0% 3996 MHz:   0% 4044 MHz:   0% 4104 MHz:   0% 4416 MHz:   0% 4512 MHz:   0%)
CPU 10 idle residency:   4.49%
CPU 10 down residency:  95.51%
CPU 11 frequency: 0 MHz
CPU 11 active residency:   0.00% (1260 MHz:   0% 1512 MHz:   0% 1800 MHz:   0% 2088 MHz:   0% 2352 MHz:   0% 2616 MHz:   0% 2868 MHz:   0% 3096 MHz:   0% 3300 MHz:   0% 3468 MHz:   0% 3624 MHz:   0% 3756 MHz:   0% 3828 MHz:   0% 3888 MHz:   0% 3948 MHz:   0% 3996 MHz:   0% 4044 MHz:   0% 4104 MHz:   0% 4416 MHz:   0% 4512 MHz:   0%)
CPU 11 idle residency:   4.47%
CPU 11 down residency:  95.53%
CPU 12 frequency: 0 MHz
CPU 12 active residency:   0.00% (1260 MHz:   0% 1512 MHz:   0% 1800 MHz:   0% 2088 MHz:   0% 2352 MHz:   0% 2616 MHz:   0% 2868 MHz:   0% 3096 MHz:   0% 3300 MHz:   0% 3468 MHz:   0% 3624 MHz:   0% 3756 MHz:   0% 3828 MHz:   0% 3888 MHz:   0% 3948 MHz:   0% 3996 MHz:   0% 4044 MHz:   0% 4104 MHz:   0% 4416 MHz:   0% 4512 MHz:   0%)
CPU 12 idle residency:   4.48%
CPU 12 down residency:  95.52%
CPU 13 frequency: 0 MHz
CPU 13 active residency:   0.00% (1260 MHz:   0% 1512 MHz:   0% 1800 MHz:   0% 2088 MHz:   0% 2352 MHz:   0% 2616 MHz:   0% 2868 MHz:   0% 3096 MHz:   0% 3300 MHz:   0% 3468 MHz:   0% 3624 MHz:   0% 3756 MHz:   0% 3828 MHz:   0% 3888 MHz:   0% 3948 MHz:   0% 3996 MHz:   0% 4044 MHz:   0% 4104 MHz:   0% 4416 MHz:   0% 4512 MHz:   0%)
CPU 13 idle residency:   4.50%
CPU 13 down residency:  95.50%
CPU 14 frequency: 0 MHz
CPU 14 active residency:   0.00% (1260 MHz:   0% 1512 MHz:   0% 1800 MHz:   0% 2088 MHz:   0% 2352 MHz:   0% 2616 MHz:   0% 2868 MHz:   0% 3096 MHz:   0% 3300 MHz:   0% 3468 MHz:   0% 3624 MHz:   0% 3756 MHz:   0% 3828 MHz:   0% 3888 MHz:   0% 3948 MHz:   0% 3996 MHz:   0% 4044 MHz:   0% 4104 MHz:   0% 4416 MHz:   0% 4512 MHz:   0%)
CPU 14 idle residency:   4.50%
CPU 14 down residency:  95.50%
CPU 15 frequency: 0 MHz
CPU 15 active residency:   0.00% (1260 MHz:   0% 1512 MHz:   0% 1800 MHz:   0% 2088 MHz:   0% 2352 MHz:   0% 2616 MHz:   0% 2868 MHz:   0% 3096 MHz:   0% 3300 MHz:   0% 3468 MHz:   0% 3624 MHz:   0% 3756 MHz:   0% 3828 MHz:   0% 3888 MHz:   0% 3948 MHz:   0% 3996 MHz:   0% 4044 MHz:   0% 4104 MHz:   0% 4416 MHz:   0% 4512 MHz:   0%)
CPU 15 idle residency:   4.50%
CPU 15 down residency:  95.50%

CPU Power: 6889 mW
GPU Power: 22545 mW
ANE Power: 0 mW
Combined Power (CPU + GPU + ANE): 29435 mW

**** GPU usage ****

GPU HW active frequency: 1578 MHz
GPU HW active residency: 100.00% (338 MHz:   0% 618 MHz:   0% 796 MHz:   0% 924 MHz:   0% 952 MHz:   0% 1056 MHz:   0% 1062 MHz:   0% 1182 MHz:   0% 1182 MHz:   0% 1312 MHz:   0% 1242 MHz:   0% 1380 MHz:   0% 1326 MHz:   0% 1470 MHz:   0% 1578 MHz: 100%)
GPU SW requested state: (P1 :   0% P2 :   0% P3 :   0% P4 :   0% P5 :   0% P6 :   0% P7 :   0% P8 :   0% P9 :   0% P10 : 100% P11 :   0% P12 :   0% P13 :   0% P14 :   0% P15 :   0%)
GPU SW state: (SW_P1 :   0% SW_P2 :   0% SW_P3 :   0% SW_P4 :   0% SW_P5 :   0% SW_P6 :   0% SW_P7 :   0% SW_P8 :   0% SW_P9 :   0% SW_P10 : 100% SW_P11 :   0% SW_P12 :   0% SW_P13 :   0% SW_P14 :   0% SW_P15 :   0%)
GPU idle residency:   0.00%
GPU Power: 22547 mW



*** Sampled system activity (Tue Jan 20 15:19:43 2026 +0100) (1019.15ms elapsed) ***


**** Processor usage ****

E-Cluster Online: 100%
E-Cluster HW active frequency: 1174 MHz
E-Cluster HW active residency:  45.01% (1020 MHz:  38% 1404 MHz: 1.3% 1788 MHz: 1.0% 2112 MHz: 2.0% 2352 MHz: .85% 2532 MHz:   0% 2592 MHz: 1.5%)
E-Cluster idle residency:  54.99%
E-Cluster down residency:   0.00%
CPU 0 frequency: 1223 MHz
CPU 0 active residency:  20.73% (1020 MHz:  16% 1404 MHz: 1.1% 1788 MHz: .96% 2112 MHz: 1.6% 2352 MHz: .37% 2532 MHz:   0% 2592 MHz: .54%)
CPU 0 idle residency:  79.27%
CPU 0 down residency:   0.00%
CPU 1 frequency: 1177 MHz
CPU 1 active residency:  10.58% (1020 MHz: 9.1% 1404 MHz: .23% 1788 MHz: .12% 2112 MHz: .45% 2352 MHz: .12% 2532 MHz:   0% 2592 MHz: .53%)
CPU 1 idle residency:  89.42%
CPU 1 down residency:   0.00%
CPU 2 frequency: 1149 MHz
CPU 2 active residency:   6.65% (1020 MHz: 5.9% 1404 MHz: .14% 1788 MHz: .01% 2112 MHz: .36% 2352 MHz: .04% 2532 MHz:   0% 2592 MHz: .22%)
CPU 2 idle residency:  93.35%
CPU 2 down residency:   0.00%
CPU 3 frequency: 1342 MHz
CPU 3 active residency:   5.15% (1020 MHz: 3.8% 1404 MHz: .09% 1788 MHz: .02% 2112 MHz: .64% 2352 MHz: .42% 2532 MHz:   0% 2592 MHz: .22%)
CPU 3 idle residency:  94.85%
CPU 3 down residency:   0.00%

P0-Cluster Online: 100%
P0-Cluster HW active frequency: 4044 MHz
P0-Cluster HW active residency:  99.34% (1260 MHz:   0% 1512 MHz:   0% 1800 MHz:   0% 2088 MHz:   0% 2352 MHz:   0% 2616 MHz:   0% 2868 MHz:   0% 3096 MHz:   0% 3300 MHz:   0% 3468 MHz:   0% 3624 MHz:   0% 3756 MHz:   0% 3828 MHz:   0% 3888 MHz:  27% 3948 MHz:  37% 3996 MHz:  10% 4044 MHz: 5.9% 4104 MHz:   0% 4416 MHz: 7.8% 4512 MHz:  11%)
P0-Cluster idle residency:   0.66%
P0-Cluster down residency:   0.00%
CPU 4 frequency: 4512 MHz
CPU 4 active residency:  65.16% (1260 MHz:   0% 1512 MHz:   0% 1800 MHz:   0% 2088 MHz:   0% 2352 MHz:   0% 2616 MHz:   0% 2868 MHz:   0% 3096 MHz:   0% 3300 MHz:   0% 3468 MHz:   0% 3624 MHz:   0% 3756 MHz:   0% 3828 MHz:   0% 3888 MHz:   0% 3948 MHz:   0% 3996 MHz:   0% 4044 MHz:   0% 4104 MHz:   0% 4416 MHz:   0% 4512 MHz:  65%)
CPU 4 idle residency:  34.84%
CPU 4 down residency:   0.00%
CPU 5 frequency: 4512 MHz
CPU 5 active residency:  46.17% (1260 MHz:   0% 1512 MHz:   0% 1800 MHz:   0% 2088 MHz:   0% 2352 MHz:   0% 2616 MHz:   0% 2868 MHz:   0% 3096 MHz:   0% 3300 MHz:   0% 3468 MHz:   0% 3624 MHz:   0% 3756 MHz:   0% 3828 MHz:   0% 3888 MHz:   0% 3948 MHz:   0% 3996 MHz:   0% 4044 MHz:   0% 4104 MHz:   0% 4416 MHz:   0% 4512 MHz:  46%)
CPU 5 idle residency:  53.83%
CPU 5 down residency:   0.00%
CPU 6 frequency: 4512 MHz
CPU 6 active residency:  57.06% (1260 MHz:   0% 1512 MHz:   0% 1800 MHz:   0% 2088 MHz:   0% 2352 MHz:   0% 2616 MHz:   0% 2868 MHz:   0% 3096 MHz:   0% 3300 MHz:   0% 3468 MHz:   0% 3624 MHz:   0% 3756 MHz:   0% 3828 MHz:   0% 3888 MHz:   0% 3948 MHz:   0% 3996 MHz:   0% 4044 MHz:   0% 4104 MHz:   0% 4416 MHz:   0% 4512 MHz:  57%)
CPU 6 idle residency:  42.94%
CPU 6 down residency:   0.00%
CPU 7 frequency: 4512 MHz
CPU 7 active residency:  31.83% (1260 MHz:   0% 1512 MHz:   0% 1800 MHz:   0% 2088 MHz:   0% 2352 MHz:   0% 2616 MHz:   0% 2868 MHz:   0% 3096 MHz:   0% 3300 MHz:   0% 3468 MHz:   0% 3624 MHz:   0% 3756 MHz:   0% 3828 MHz:   0% 3888 MHz:   0% 3948 MHz:   0% 3996 MHz:   0% 4044 MHz:   0% 4104 MHz:   0% 4416 MHz:   0% 4512 MHz:  32%)
CPU 7 idle residency:  68.17%
CPU 7 down residency:   0.00%
CPU 8 frequency: 4512 MHz
CPU 8 active residency:  56.48% (1260 MHz:   0% 1512 MHz:   0% 1800 MHz:   0% 2088 MHz:   0% 2352 MHz:   0% 2616 MHz:   0% 2868 MHz:   0% 3096 MHz:   0% 3300 MHz:   0% 3468 MHz:   0% 3624 MHz:   0% 3756 MHz:   0% 3828 MHz:   0% 3888 MHz:   0% 3948 MHz:   0% 3996 MHz:   0% 4044 MHz:   0% 4104 MHz:   0% 4416 MHz:   0% 4512 MHz:  56%)
CPU 8 idle residency:  43.52%
CPU 8 down residency:   0.00%
CPU 9 frequency: 4512 MHz
CPU 9 active residency:  56.88% (1260 MHz:   0% 1512 MHz:   0% 1800 MHz:   0% 2088 MHz:   0% 2352 MHz:   0% 2616 MHz:   0% 2868 MHz:   0% 3096 MHz:   0% 3300 MHz:   0% 3468 MHz:   0% 3624 MHz:   0% 3756 MHz:   0% 3828 MHz:   0% 3888 MHz:   0% 3948 MHz:   0% 3996 MHz:   0% 4044 MHz:   0% 4104 MHz:   0% 4416 MHz:   0% 4512 MHz:  57%)
CPU 9 idle residency:  43.12%
CPU 9 down residency:   0.00%

P1-Cluster HW active frequency: 2138 MHz
P1-Cluster HW active residency:   2.56% (1260 MHz: 1.3% 1512 MHz:   0% 1800 MHz:   0% 2088 MHz: .32% 2352 MHz: .34% 2616 MHz:   0% 2868 MHz:   0% 3096 MHz:   0% 3300 MHz:   0% 3468 MHz:   0% 3624 MHz:   0% 3756 MHz: .10% 3828 MHz: .02% 3888 MHz: .07% 3948 MHz: .09% 3996 MHz: .02% 4044 MHz:   0% 4104 MHz: .18% 4416 MHz: .00% 4512 MHz: .09%)
P1-Cluster idle residency:   5.64%
P1-Cluster down residency:  91.80%
CPU 10 frequency: 0 MHz
CPU 10 active residency:   0.00% (1260 MHz:   0% 1512 MHz:   0% 1800 MHz:   0% 2088 MHz:   0% 2352 MHz:   0% 2616 MHz:   0% 2868 MHz:   0% 3096 MHz:   0% 3300 MHz:   0% 3468 MHz:   0% 3624 MHz:   0% 3756 MHz:   0% 3828 MHz:   0% 3888 MHz:   0% 3948 MHz:   0% 3996 MHz:   0% 4044 MHz:   0% 4104 MHz:   0% 4416 MHz:   0% 4512 MHz:   0%)
CPU 10 idle residency:   7.92%
CPU 10 down residency:  92.08%
CPU 11 frequency: 0 MHz
CPU 11 active residency:   0.00% (1260 MHz:   0% 1512 MHz:   0% 1800 MHz:   0% 2088 MHz:   0% 2352 MHz:   0% 2616 MHz:   0% 2868 MHz:   0% 3096 MHz:   0% 3300 MHz:   0% 3468 MHz:   0% 3624 MHz:   0% 3756 MHz:   0% 3828 MHz:   0% 3888 MHz:   0% 3948 MHz:   0% 3996 MHz:   0% 4044 MHz:   0% 4104 MHz:   0% 4416 MHz:   0% 4512 MHz:   0%)
CPU 11 idle residency:   7.30%
CPU 11 down residency:  92.70%
CPU 12 frequency: 0 MHz
CPU 12 active residency:   0.00% (1260 MHz:   0% 1512 MHz:   0% 1800 MHz:   0% 2088 MHz:   0% 2352 MHz:   0% 2616 MHz:   0% 2868 MHz:   0% 3096 MHz:   0% 3300 MHz:   0% 3468 MHz:   0% 3624 MHz:   0% 3756 MHz:   0% 3828 MHz:   0% 3888 MHz:   0% 3948 MHz:   0% 3996 MHz:   0% 4044 MHz:   0% 4104 MHz:   0% 4416 MHz:   0% 4512 MHz:   0%)
CPU 12 idle residency:   7.92%
CPU 12 down residency:  92.08%
CPU 13 frequency: 0 MHz
CPU 13 active residency:   0.00% (1260 MHz:   0% 1512 MHz:   0% 1800 MHz:   0% 2088 MHz:   0% 2352 MHz:   0% 2616 MHz:   0% 2868 MHz:   0% 3096 MHz:   0% 3300 MHz:   0% 3468 MHz:   0% 3624 MHz:   0% 3756 MHz:   0% 3828 MHz:   0% 3888 MHz:   0% 3948 MHz:   0% 3996 MHz:   0% 4044 MHz:   0% 4104 MHz:   0% 4416 MHz:   0% 4512 MHz:   0%)
CPU 13 idle residency:   7.93%
CPU 13 down residency:  92.07%
CPU 14 frequency: 0 MHz
CPU 14 active residency:   0.00% (1260 MHz:   0% 1512 MHz:   0% 1800 MHz:   0% 2088 MHz:   0% 2352 MHz:   0% 2616 MHz:   0% 2868 MHz:   0% 3096 MHz:   0% 3300 MHz:   0% 3468 MHz:   0% 3624 MHz:   0% 3756 MHz:   0% 3828 MHz:   0% 3888 MHz:   0% 3948 MHz:   0% 3996 MHz:   0% 4044 MHz:   0% 4104 MHz:   0% 4416 MHz:   0% 4512 MHz:   0%)
CPU 14 idle residency:   7.89%
CPU 14 down residency:  92.11%
CPU 15 frequency: 0 MHz
CPU 15 active residency:   0.00% (1260 MHz:   0% 1512 MHz:   0% 1800 MHz:   0% 2088 MHz:   0% 2352 MHz:   0% 2616 MHz:   0% 2868 MHz:   0% 3096 MHz:   0% 3300 MHz:   0% 3468 MHz:   0% 3624 MHz:   0% 3756 MHz:   0% 3828 MHz:   0% 3888 MHz:   0% 3948 MHz:   0% 3996 MHz:   0% 4044 MHz:   0% 4104 MHz:   0% 4416 MHz:   0% 4512 MHz:   0%)
CPU 15 idle residency:   7.91%
CPU 15 down residency:  92.09%

CPU Power: 6562 mW
GPU Power: 22552 mW
ANE Power: 0 mW
Combined Power (CPU + GPU + ANE): 29114 mW

**** GPU usage ****

GPU HW active frequency: 1578 MHz
GPU HW active residency: 100.00% (338 MHz:   0% 618 MHz:   0% 796 MHz:   0% 924 MHz:   0% 952 MHz:   0% 1056 MHz:   0% 1062 MHz:   0% 1182 MHz:   0% 1182 MHz:   0% 1312 MHz:   0% 1242 MHz:   0% 1380 MHz:   0% 1326 MHz:   0% 1470 MHz:   0% 1578 MHz: 100%)
GPU SW requested state: (P1 :   0% P2 :   0% P3 :   0% P4 :   0% P5 :   0% P6 :   0% P7 :   0% P8 :   0% P9 :   0% P10 : 100% P11 :   0% P12 :   0% P13 :   0% P14 :   0% P15 :   0%)
GPU SW state: (SW_P1 :   0% SW_P2 :   0% SW_P3 :   0% SW_P4 :   0% SW_P5 :   0% SW_P6 :   0% SW_P7 :   0% SW_P8 :   0% SW_P9 :   0% SW_P10 : 100% SW_P11 :   0% SW_P12 :   0% SW_P13 :   0% SW_P14 :   0% SW_P15 :   0%)
GPU idle residency:   0.00%
GPU Power: 22552 mW



*** Sampled system activity (Tue Jan 20 15:19:44 2026 +0100) (1020.37ms elapsed) ***


**** Processor usage ****

E-Cluster Online: 100%
E-Cluster HW active frequency: 1369 MHz
E-Cluster HW active residency:  51.32% (1020 MHz:  33% 1404 MHz: 3.7% 1788 MHz: 5.2% 2112 MHz: 2.7% 2352 MHz: 2.8% 2532 MHz: 1.0% 2592 MHz: 2.8%)
E-Cluster idle residency:  48.68%
E-Cluster down residency:   0.00%
CPU 0 frequency: 1372 MHz
CPU 0 active residency:  22.39% (1020 MHz:  14% 1404 MHz: 2.3% 1788 MHz: 2.7% 2112 MHz: 1.0% 2352 MHz: 1.0% 2532 MHz: .54% 2592 MHz: 1.0%)
CPU 0 idle residency:  77.61%
CPU 0 down residency:   0.00%
CPU 1 frequency: 1502 MHz
CPU 1 active residency:  14.67% (1020 MHz: 8.6% 1404 MHz: .72% 1788 MHz: .88% 2112 MHz: 1.1% 2352 MHz: 1.6% 2532 MHz: .52% 2592 MHz: 1.3%)
CPU 1 idle residency:  85.33%
CPU 1 down residency:   0.00%
CPU 2 frequency: 1403 MHz
CPU 2 active residency:   9.18% (1020 MHz: 5.4% 1404 MHz: 1.2% 1788 MHz: .77% 2112 MHz: .58% 2352 MHz: .21% 2532 MHz: .65% 2592 MHz: .36%)
CPU 2 idle residency:  90.82%
CPU 2 down residency:   0.00%
CPU 3 frequency: 1477 MHz
CPU 3 active residency:   5.90% (1020 MHz: 3.2% 1404 MHz: .67% 1788 MHz: .58% 2112 MHz: .34% 2352 MHz: .22% 2532 MHz: .62% 2592 MHz: .25%)
CPU 3 idle residency:  94.10%
CPU 3 down residency:   0.00%

P0-Cluster Online: 77%
P0-Cluster HW active frequency: 4050 MHz
P0-Cluster HW active residency:  75.84% (1260 MHz: .33% 1512 MHz:   0% 1800 MHz:   0% 2088 MHz:   0% 2352 MHz:   0% 2616 MHz:   0% 2868 MHz:   0% 3096 MHz:   0% 3300 MHz:   0% 3468 MHz:   0% 3624 MHz:   0% 3756 MHz:   0% 3828 MHz: .00% 3888 MHz:  26% 3948 MHz:  22% 3996 MHz: 4.9% 4044 MHz: 3.6% 4104 MHz:   0% 4416 MHz: 7.4% 4512 MHz:  11%)
P0-Cluster idle residency:   2.01%
P0-Cluster down residency:  22.15%
CPU 4 frequency: 4512 MHz
CPU 4 active residency:  32.38% (1260 MHz:   0% 1512 MHz:   0% 1800 MHz:   0% 2088 MHz:   0% 2352 MHz:   0% 2616 MHz:   0% 2868 MHz:   0% 3096 MHz:   0% 3300 MHz:   0% 3468 MHz:   0% 3624 MHz:   0% 3756 MHz:   0% 3828 MHz:   0% 3888 MHz:   0% 3948 MHz:   0% 3996 MHz:   0% 4044 MHz:   0% 4104 MHz:   0% 4416 MHz:   0% 4512 MHz:  32%)
CPU 4 idle residency:  41.15%
CPU 4 down residency:  26.47%
CPU 5 frequency: 4512 MHz
CPU 5 active residency:  24.48% (1260 MHz:   0% 1512 MHz:   0% 1800 MHz:   0% 2088 MHz:   0% 2352 MHz:   0% 2616 MHz:   0% 2868 MHz:   0% 3096 MHz:   0% 3300 MHz:   0% 3468 MHz:   0% 3624 MHz:   0% 3756 MHz:   0% 3828 MHz:   0% 3888 MHz:   0% 3948 MHz:   0% 3996 MHz:   0% 4044 MHz:   0% 4104 MHz:   0% 4416 MHz:   0% 4512 MHz:  24%)
CPU 5 idle residency:  48.66%
CPU 5 down residency:  26.86%
CPU 6 frequency: 4512 MHz
CPU 6 active residency:  32.47% (1260 MHz:   0% 1512 MHz:   0% 1800 MHz:   0% 2088 MHz:   0% 2352 MHz:   0% 2616 MHz:   0% 2868 MHz:   0% 3096 MHz:   0% 3300 MHz:   0% 3468 MHz:   0% 3624 MHz:   0% 3756 MHz:   0% 3828 MHz:   0% 3888 MHz:   0% 3948 MHz:   0% 3996 MHz:   0% 4044 MHz:   0% 4104 MHz:   0% 4416 MHz:   0% 4512 MHz:  32%)
CPU 6 idle residency:  40.87%
CPU 6 down residency:  26.66%
CPU 7 frequency: 4512 MHz
CPU 7 active residency:  37.18% (1260 MHz:   0% 1512 MHz:   0% 1800 MHz:   0% 2088 MHz:   0% 2352 MHz:   0% 2616 MHz:   0% 2868 MHz:   0% 3096 MHz:   0% 3300 MHz:   0% 3468 MHz:   0% 3624 MHz:   0% 3756 MHz:   0% 3828 MHz:   0% 3888 MHz:   0% 3948 MHz:   0% 3996 MHz:   0% 4044 MHz:   0% 4104 MHz:   0% 4416 MHz:   0% 4512 MHz:  37%)
CPU 7 idle residency:  35.80%
CPU 7 down residency:  27.02%
CPU 8 frequency: 4512 MHz
CPU 8 active residency:  25.49% (1260 MHz:   0% 1512 MHz:   0% 1800 MHz:   0% 2088 MHz:   0% 2352 MHz:   0% 2616 MHz:   0% 2868 MHz:   0% 3096 MHz:   0% 3300 MHz:   0% 3468 MHz:   0% 3624 MHz:   0% 3756 MHz:   0% 3828 MHz:   0% 3888 MHz:   0% 3948 MHz:   0% 3996 MHz:   0% 4044 MHz:   0% 4104 MHz:   0% 4416 MHz:   0% 4512 MHz:  25%)
CPU 8 idle residency:  47.75%
CPU 8 down residency:  26.75%
CPU 9 frequency: 4512 MHz
CPU 9 active residency:  28.16% (1260 MHz:   0% 1512 MHz:   0% 1800 MHz:   0% 2088 MHz:   0% 2352 MHz:   0% 2616 MHz:   0% 2868 MHz:   0% 3096 MHz:   0% 3300 MHz:   0% 3468 MHz:   0% 3624 MHz:   0% 3756 MHz:   0% 3828 MHz:   0% 3888 MHz:   0% 3948 MHz:   0% 3996 MHz:   0% 4044 MHz:   0% 4104 MHz:   0% 4416 MHz:   0% 4512 MHz:  28%)
CPU 9 idle residency:  45.48%
CPU 9 down residency:  26.36%

P1-Cluster HW active frequency: 3965 MHz
P1-Cluster HW active residency:  24.61% (1260 MHz: .47% 1512 MHz:   0% 1800 MHz:   0% 2088 MHz:   0% 2352 MHz:   0% 2616 MHz:   0% 2868 MHz:   0% 3096 MHz:   0% 3300 MHz:   0% 3468 MHz:   0% 3624 MHz: .01% 3756 MHz:   0% 3828 MHz:   0% 3888 MHz: 9.2% 3948 MHz: 6.0% 3996 MHz: 3.6% 4044 MHz: 1.6% 4104 MHz: .10% 4416 MHz: 1.8% 4512 MHz: 1.8%)
P1-Cluster idle residency:   2.30%
P1-Cluster down residency:  73.09%
CPU 10 frequency: 4501 MHz
CPU 10 active residency:  16.74% (1260 MHz: .01% 1512 MHz:   0% 1800 MHz:   0% 2088 MHz:   0% 2352 MHz:   0% 2616 MHz:   0% 2868 MHz:   0% 3096 MHz:   0% 3300 MHz:   0% 3468 MHz:   0% 3624 MHz: .02% 3756 MHz: .05% 3828 MHz: .03% 3888 MHz: .03% 3948 MHz: .04% 3996 MHz: .02% 4044 MHz:   0% 4104 MHz: .10% 4416 MHz: .05% 4512 MHz:  16%)
CPU 10 idle residency:  10.49%
CPU 10 down residency:  72.77%
CPU 11 frequency: 4397 MHz
CPU 11 active residency:  13.81% (1260 MHz: .01% 1512 MHz:   0% 1800 MHz:   0% 2088 MHz: .32% 2352 MHz: .28% 2616 MHz:   0% 2868 MHz:   0% 3096 MHz:   0% 3300 MHz:   0% 3468 MHz:   0% 3624 MHz: .02% 3756 MHz: .05% 3828 MHz: .03% 3888 MHz: .03% 3948 MHz: .04% 3996 MHz: .02% 4044 MHz:   0% 4104 MHz: .15% 4416 MHz: .05% 4512 MHz:  13%)
CPU 11 idle residency:  13.89%
CPU 11 down residency:  72.30%
CPU 12 frequency: 4500 MHz
CPU 12 active residency:  14.71% (1260 MHz: .00% 1512 MHz:   0% 1800 MHz:   0% 2088 MHz: .00% 2352 MHz:   0% 2616 MHz:   0% 2868 MHz:   0% 3096 MHz:   0% 3300 MHz:   0% 3468 MHz:   0% 3624 MHz: .02% 3756 MHz: .05% 3828 MHz: .03% 3888 MHz: .03% 3948 MHz: .04% 3996 MHz: .02% 4044 MHz:   0% 4104 MHz: .10% 4416 MHz: .05% 4512 MHz:  14%)
CPU 12 idle residency:  12.51%
CPU 12 down residency:  72.77%
CPU 13 frequency: 4497 MHz
CPU 13 active residency:  11.43% (1260 MHz:   0% 1512 MHz:   0% 1800 MHz:   0% 2088 MHz:   0% 2352 MHz:   0% 2616 MHz:   0% 2868 MHz:   0% 3096 MHz:   0% 3300 MHz:   0% 3468 MHz:   0% 3624 MHz: .02% 3756 MHz: .05% 3828 MHz: .03% 3888 MHz: .03% 3948 MHz: .04% 3996 MHz: .02% 4044 MHz:   0% 4104 MHz: .10% 4416 MHz: .06% 4512 MHz:  11%)
CPU 13 idle residency:  15.80%
CPU 13 down residency:  72.77%
CPU 14 frequency: 4496 MHz
CPU 14 active residency:  13.49% (1260 MHz: .01% 1512 MHz:   0% 1800 MHz:   0% 2088 MHz: .01% 2352 MHz:   0% 2616 MHz:   0% 2868 MHz:   0% 3096 MHz:   0% 3300 MHz:   0% 3468 MHz:   0% 3624 MHz: .02% 3756 MHz: .05% 3828 MHz: .03% 3888 MHz: .03% 3948 MHz: .04% 3996 MHz: .02% 4044 MHz:   0% 4104 MHz: .10% 4416 MHz: .06% 4512 MHz:  13%)
CPU 14 idle residency:  13.77%
CPU 14 down residency:  72.74%
CPU 15 frequency: 4499 MHz
CPU 15 active residency:  14.44% (1260 MHz: .00% 1512 MHz:   0% 1800 MHz:   0% 2088 MHz: .01% 2352 MHz:   0% 2616 MHz:   0% 2868 MHz:   0% 3096 MHz:   0% 3300 MHz:   0% 3468 MHz:   0% 3624 MHz: .02% 3756 MHz: .05% 3828 MHz: .03% 3888 MHz: .03% 3948 MHz: .04% 3996 MHz: .02% 4044 MHz:   0% 4104 MHz: .11% 4416 MHz: .05% 4512 MHz:  14%)
CPU 15 idle residency:  12.80%
CPU 15 down residency:  72.76%

CPU Power: 6725 mW
GPU Power: 22643 mW
ANE Power: 0 mW
Combined Power (CPU + GPU + ANE): 29368 mW

**** GPU usage ****

GPU HW active frequency: 1578 MHz
GPU HW active residency:  99.94% (338 MHz: .02% 618 MHz:   0% 796 MHz:   0% 924 MHz:   0% 952 MHz:   0% 1056 MHz:   0% 1062 MHz:   0% 1182 MHz:   0% 1182 MHz:   0% 1312 MHz:   0% 1242 MHz:   0% 1380 MHz:   0% 1326 MHz:   0% 1470 MHz:   0% 1578 MHz: 100%)
GPU SW requested state: (P1 :   0% P2 :   0% P3 :   0% P4 :   0% P5 :   0% P6 :   0% P7 :   0% P8 :   0% P9 :   0% P10 : 100% P11 :   0% P12 :   0% P13 :   0% P14 :   0% P15 :   0%)
GPU SW state: (SW_P1 : .02% SW_P2 :   0% SW_P3 :   0% SW_P4 :   0% SW_P5 :   0% SW_P6 :   0% SW_P7 :   0% SW_P8 :   0% SW_P9 :   0% SW_P10 : 100% SW_P11 :   0% SW_P12 :   0% SW_P13 :   0% SW_P14 :   0% SW_P15 :   0%)
GPU idle residency:   0.06%
GPU Power: 22458 mW



*** Sampled system activity (Tue Jan 20 15:19:45 2026 +0100) (1018.88ms elapsed) ***


**** Processor usage ****

E-Cluster Online: 100%
E-Cluster HW active frequency: 1205 MHz
E-Cluster HW active residency:  44.28% (1020 MHz:  37% 1404 MHz: 1.5% 1788 MHz: 1.0% 2112 MHz: 1.9% 2352 MHz: 1.2% 2532 MHz:   0% 2592 MHz: 2.0%)
E-Cluster idle residency:  55.72%
E-Cluster down residency:   0.00%
CPU 0 frequency: 1281 MHz
CPU 0 active residency:  17.65% (1020 MHz:  13% 1404 MHz: .94% 1788 MHz: .91% 2112 MHz: 1.3% 2352 MHz: .54% 2532 MHz:   0% 2592 MHz: .91%)
CPU 0 idle residency:  82.35%
CPU 0 down residency:   0.00%
CPU 1 frequency: 1247 MHz
CPU 1 active residency:  10.89% (1020 MHz: 8.5% 1404 MHz: .58% 1788 MHz: .13% 2112 MHz: .80% 2352 MHz: .39% 2532 MHz:   0% 2592 MHz: .49%)
CPU 1 idle residency:  89.11%
CPU 1 down residency:   0.00%
CPU 2 frequency: 1250 MHz
CPU 2 active residency:   6.72% (1020 MHz: 5.4% 1404 MHz: .07% 1788 MHz: .06% 2112 MHz: .60% 2352 MHz: .35% 2532 MHz:   0% 2592 MHz: .22%)
CPU 2 idle residency:  93.28%
CPU 2 down residency:   0.00%
CPU 3 frequency: 1235 MHz
CPU 3 active residency:   3.67% (1020 MHz: 3.0% 1404 MHz: .05% 1788 MHz: .05% 2112 MHz: .29% 2352 MHz: .23% 2532 MHz:   0% 2592 MHz: .07%)
CPU 3 idle residency:  96.33%
CPU 3 down residency:   0.00%

P0-Cluster Online: 6%
P0-Cluster HW active frequency: 1993 MHz
P0-Cluster HW active residency:   2.00% (1260 MHz: 1.4% 1512 MHz:   0% 1800 MHz:   0% 2088 MHz:   0% 2352 MHz:   0% 2616 MHz: .03% 2868 MHz:   0% 3096 MHz:   0% 3300 MHz:   0% 3468 MHz: .17% 3624 MHz: .11% 3756 MHz:   0% 3828 MHz:   0% 3888 MHz: .02% 3948 MHz: .02% 3996 MHz:   0% 4044 MHz:   0% 4104 MHz:   0% 4416 MHz: .01% 4512 MHz: .19%)
P0-Cluster idle residency:   2.89%
P0-Cluster down residency:  95.12%
CPU 4 frequency: 4508 MHz
CPU 4 active residency:  27.09% (1260 MHz: .00% 1512 MHz:   0% 1800 MHz:   0% 2088 MHz:   0% 2352 MHz:   0% 2616 MHz: .02% 2868 MHz:   0% 3096 MHz:   0% 3300 MHz:   0% 3468 MHz: .04% 3624 MHz: .01% 3756 MHz:   0% 3828 MHz:   0% 3888 MHz: .02% 3948 MHz: .03% 3996 MHz: .00% 4044 MHz:   0% 4104 MHz:   0% 4416 MHz:   0% 4512 MHz:  27%)
CPU 4 idle residency:   3.43%
CPU 4 down residency:  69.47%
CPU 5 frequency: 4508 MHz
CPU 5 active residency:  28.05% (1260 MHz: .00% 1512 MHz:   0% 1800 MHz:   0% 2088 MHz:   0% 2352 MHz:   0% 2616 MHz: .02% 2868 MHz:   0% 3096 MHz:   0% 3300 MHz:   0% 3468 MHz: .04% 3624 MHz: .01% 3756 MHz:   0% 3828 MHz:   0% 3888 MHz: .02% 3948 MHz: .03% 3996 MHz: .00% 4044 MHz:   0% 4104 MHz:   0% 4416 MHz:   0% 4512 MHz:  28%)
CPU 5 idle residency:   3.39%
CPU 5 down residency:  68.56%
CPU 6 frequency: 4508 MHz
CPU 6 active residency:  27.20% (1260 MHz:   0% 1512 MHz:   0% 1800 MHz:   0% 2088 MHz:   0% 2352 MHz:   0% 2616 MHz: .02% 2868 MHz:   0% 3096 MHz:   0% 3300 MHz:   0% 3468 MHz: .04% 3624 MHz: .02% 3756 MHz:   0% 3828 MHz:   0% 3888 MHz: .02% 3948 MHz: .03% 3996 MHz: .00% 4044 MHz:   0% 4104 MHz:   0% 4416 MHz:   0% 4512 MHz:  27%)
CPU 6 idle residency:   3.40%
CPU 6 down residency:  69.40%
CPU 7 frequency: 4508 MHz
CPU 7 active residency:  27.93% (1260 MHz:   0% 1512 MHz:   0% 1800 MHz:   0% 2088 MHz:   0% 2352 MHz:   0% 2616 MHz: .02% 2868 MHz:   0% 3096 MHz:   0% 3300 MHz:   0% 3468 MHz: .04% 3624 MHz: .02% 3756 MHz:   0% 3828 MHz:   0% 3888 MHz: .02% 3948 MHz: .03% 3996 MHz: .00% 4044 MHz:   0% 4104 MHz:   0% 4416 MHz:   0% 4512 MHz:  28%)
CPU 7 idle residency:   3.39%
CPU 7 down residency:  68.68%
CPU 8 frequency: 4508 MHz
CPU 8 active residency:  27.47% (1260 MHz:   0% 1512 MHz:   0% 1800 MHz:   0% 2088 MHz:   0% 2352 MHz:   0% 2616 MHz: .02% 2868 MHz:   0% 3096 MHz:   0% 3300 MHz:   0% 3468 MHz: .04% 3624 MHz: .02% 3756 MHz:   0% 3828 MHz:   0% 3888 MHz: .02% 3948 MHz: .03% 3996 MHz: .00% 4044 MHz:   0% 4104 MHz:   0% 4416 MHz:   0% 4512 MHz:  27%)
CPU 8 idle residency:   3.42%
CPU 8 down residency:  69.11%
CPU 9 frequency: 4508 MHz
CPU 9 active residency:  25.61% (1260 MHz:   0% 1512 MHz:   0% 1800 MHz:   0% 2088 MHz:   0% 2352 MHz:   0% 2616 MHz: .02% 2868 MHz:   0% 3096 MHz:   0% 3300 MHz:   0% 3468 MHz: .04% 3624 MHz: .01% 3756 MHz:   0% 3828 MHz:   0% 3888 MHz: .02% 3948 MHz: .03% 3996 MHz: .00% 4044 MHz:   0% 4104 MHz:   0% 4416 MHz:   0% 4512 MHz:  25%)
CPU 9 idle residency:   3.52%
CPU 9 down residency:  70.87%

P1-Cluster HW active frequency: 4038 MHz
P1-Cluster HW active residency:  99.39% (1260 MHz:   0% 1512 MHz:   0% 1800 MHz:   0% 2088 MHz:   0% 2352 MHz:   0% 2616 MHz:   0% 2868 MHz:   0% 3096 MHz:   0% 3300 MHz:   0% 3468 MHz:   0% 3624 MHz:   0% 3756 MHz:   0% 3828 MHz: .00% 3888 MHz:  36% 3948 MHz:  30% 3996 MHz: 8.8% 4044 MHz: 5.2% 4104 MHz:   0% 4416 MHz: 8.4% 4512 MHz:  11%)
P1-Cluster idle residency:   0.61%
P1-Cluster down residency:   0.00%
CPU 10 frequency: 4512 MHz
CPU 10 active residency:  62.30% (1260 MHz:   0% 1512 MHz:   0% 1800 MHz:   0% 2088 MHz:   0% 2352 MHz:   0% 2616 MHz:   0% 2868 MHz:   0% 3096 MHz:   0% 3300 MHz:   0% 3468 MHz:   0% 3624 MHz:   0% 3756 MHz:   0% 3828 MHz:   0% 3888 MHz:   0% 3948 MHz:   0% 3996 MHz:   0% 4044 MHz:   0% 4104 MHz:   0% 4416 MHz:   0% 4512 MHz:  62%)
CPU 10 idle residency:  37.70%
CPU 10 down residency:   0.00%
CPU 11 frequency: 4512 MHz
CPU 11 active residency:  45.02% (1260 MHz:   0% 1512 MHz:   0% 1800 MHz:   0% 2088 MHz:   0% 2352 MHz:   0% 2616 MHz:   0% 2868 MHz:   0% 3096 MHz:   0% 3300 MHz:   0% 3468 MHz:   0% 3624 MHz:   0% 3756 MHz:   0% 3828 MHz:   0% 3888 MHz:   0% 3948 MHz:   0% 3996 MHz:   0% 4044 MHz:   0% 4104 MHz:   0% 4416 MHz:   0% 4512 MHz:  45%)
CPU 11 idle residency:  54.98%
CPU 11 down residency:   0.00%
CPU 12 frequency: 4512 MHz
CPU 12 active residency:  54.68% (1260 MHz:   0% 1512 MHz:   0% 1800 MHz:   0% 2088 MHz:   0% 2352 MHz:   0% 2616 MHz:   0% 2868 MHz:   0% 3096 MHz:   0% 3300 MHz:   0% 3468 MHz:   0% 3624 MHz:   0% 3756 MHz:   0% 3828 MHz:   0% 3888 MHz:   0% 3948 MHz:   0% 3996 MHz:   0% 4044 MHz:   0% 4104 MHz:   0% 4416 MHz:   0% 4512 MHz:  55%)
CPU 12 idle residency:  45.32%
CPU 12 down residency:   0.00%
CPU 13 frequency: 4512 MHz
CPU 13 active residency:  54.61% (1260 MHz:   0% 1512 MHz:   0% 1800 MHz:   0% 2088 MHz:   0% 2352 MHz:   0% 2616 MHz:   0% 2868 MHz:   0% 3096 MHz:   0% 3300 MHz:   0% 3468 MHz:   0% 3624 MHz:   0% 3756 MHz:   0% 3828 MHz:   0% 3888 MHz:   0% 3948 MHz:   0% 3996 MHz:   0% 4044 MHz:   0% 4104 MHz:   0% 4416 MHz:   0% 4512 MHz:  55%)
CPU 13 idle residency:  45.39%
CPU 13 down residency:   0.00%
CPU 14 frequency: 4512 MHz
CPU 14 active residency:  60.62% (1260 MHz:   0% 1512 MHz:   0% 1800 MHz:   0% 2088 MHz:   0% 2352 MHz:   0% 2616 MHz:   0% 2868 MHz:   0% 3096 MHz:   0% 3300 MHz:   0% 3468 MHz:   0% 3624 MHz:   0% 3756 MHz:   0% 3828 MHz:   0% 3888 MHz:   0% 3948 MHz:   0% 3996 MHz:   0% 4044 MHz:   0% 4104 MHz:   0% 4416 MHz:   0% 4512 MHz:  61%)
CPU 14 idle residency:  39.38%
CPU 14 down residency:   0.00%
CPU 15 frequency: 4512 MHz
CPU 15 active residency:  57.75% (1260 MHz:   0% 1512 MHz:   0% 1800 MHz:   0% 2088 MHz:   0% 2352 MHz:   0% 2616 MHz:   0% 2868 MHz:   0% 3096 MHz:   0% 3300 MHz:   0% 3468 MHz:   0% 3624 MHz:   0% 3756 MHz:   0% 3828 MHz:   0% 3888 MHz:   0% 3948 MHz:   0% 3996 MHz:   0% 4044 MHz:   0% 4104 MHz:   0% 4416 MHz:   0% 4512 MHz:  58%)
CPU 15 idle residency:  42.25%
CPU 15 down residency:   0.00%

CPU Power: 6575 mW
GPU Power: 22623 mW
ANE Power: 0 mW
Combined Power (CPU + GPU + ANE): 29198 mW

**** GPU usage ****

GPU HW active frequency: 1578 MHz
GPU HW active residency: 100.00% (338 MHz:   0% 618 MHz:   0% 796 MHz:   0% 924 MHz:   0% 952 MHz:   0% 1056 MHz:   0% 1062 MHz:   0% 1182 MHz:   0% 1182 MHz:   0% 1312 MHz:   0% 1242 MHz:   0% 1380 MHz:   0% 1326 MHz:   0% 1470 MHz:   0% 1578 MHz: 100%)
GPU SW requested state: (P1 :   0% P2 :   0% P3 :   0% P4 :   0% P5 :   0% P6 :   0% P7 :   0% P8 :   0% P9 :   0% P10 : 100% P11 :   0% P12 :   0% P13 :   0% P14 :   0% P15 :   0%)
GPU SW state: (SW_P1 :   0% SW_P2 :   0% SW_P3 :   0% SW_P4 :   0% SW_P5 :   0% SW_P6 :   0% SW_P7 :   0% SW_P8 :   0% SW_P9 :   0% SW_P10 : 100% SW_P11 :   0% SW_P12 :   0% SW_P13 :   0% SW_P14 :   0% SW_P15 :   0%)
GPU idle residency:   0.00%
GPU Power: 22623 mW



*** Sampled system activity (Tue Jan 20 15:19:46 2026 +0100) (1018.04ms elapsed) ***


**** Processor usage ****

E-Cluster Online: 100%
E-Cluster HW active frequency: 1232 MHz
E-Cluster HW active residency:  51.15% (1020 MHz:  40% 1404 MHz: 3.7% 1788 MHz: 1.1% 2112 MHz: 1.7% 2352 MHz: 1.1% 2532 MHz: .14% 2592 MHz: 3.2%)
E-Cluster idle residency:  48.85%
E-Cluster down residency:   0.00%
CPU 0 frequency: 1264 MHz
CPU 0 active residency:  24.45% (1020 MHz:  18% 1404 MHz: 2.7% 1788 MHz: .85% 2112 MHz: 1.0% 2352 MHz: .57% 2532 MHz: .13% 2592 MHz: 1.4%)
CPU 0 idle residency:  75.55%
CPU 0 down residency:   0.00%
CPU 1 frequency: 1285 MHz
CPU 1 active residency:  16.32% (1020 MHz:  12% 1404 MHz: 1.3% 1788 MHz: .54% 2112 MHz: .78% 2352 MHz: .52% 2532 MHz: .13% 2592 MHz: 1.1%)
CPU 1 idle residency:  83.68%
CPU 1 down residency:   0.00%
CPU 2 frequency: 1285 MHz
CPU 2 active residency:  11.45% (1020 MHz: 8.4% 1404 MHz: .85% 1788 MHz: .38% 2112 MHz: .66% 2352 MHz: .28% 2532 MHz: .10% 2592 MHz: .75%)
CPU 2 idle residency:  88.55%
CPU 2 down residency:   0.00%
CPU 3 frequency: 1302 MHz
CPU 3 active residency:   7.07% (1020 MHz: 5.1% 1404 MHz: .75% 1788 MHz: .05% 2112 MHz: .28% 2352 MHz: .23% 2532 MHz: .09% 2592 MHz: .59%)
CPU 3 idle residency:  92.93%
CPU 3 down residency:   0.00%

P0-Cluster Online: 6%
P0-Cluster HW active frequency: 2429 MHz
P0-Cluster HW active residency:   1.79% (1260 MHz: .83% 1512 MHz: .03% 1800 MHz: .16% 2088 MHz: .14% 2352 MHz:   0% 2616 MHz: .01% 2868 MHz:   0% 3096 MHz:   0% 3300 MHz:   0% 3468 MHz:   0% 3624 MHz:   0% 3756 MHz:   0% 3828 MHz:   0% 3888 MHz: .01% 3948 MHz: .00% 3996 MHz:   0% 4044 MHz: .26% 4104 MHz:   0% 4416 MHz: .01% 4512 MHz: .34%)
P0-Cluster idle residency:   3.28%
P0-Cluster down residency:  94.93%
CPU 4 frequency: 0 MHz
CPU 4 active residency:   0.00% (1260 MHz:   0% 1512 MHz:   0% 1800 MHz:   0% 2088 MHz:   0% 2352 MHz:   0% 2616 MHz:   0% 2868 MHz:   0% 3096 MHz:   0% 3300 MHz:   0% 3468 MHz:   0% 3624 MHz:   0% 3756 MHz:   0% 3828 MHz:   0% 3888 MHz:   0% 3948 MHz:   0% 3996 MHz:   0% 4044 MHz:   0% 4104 MHz:   0% 4416 MHz:   0% 4512 MHz:   0%)
CPU 4 idle residency:   4.90%
CPU 4 down residency:  95.10%
CPU 5 frequency: 0 MHz
CPU 5 active residency:   0.00% (1260 MHz:   0% 1512 MHz:   0% 1800 MHz:   0% 2088 MHz:   0% 2352 MHz:   0% 2616 MHz:   0% 2868 MHz:   0% 3096 MHz:   0% 3300 MHz:   0% 3468 MHz:   0% 3624 MHz:   0% 3756 MHz:   0% 3828 MHz:   0% 3888 MHz:   0% 3948 MHz:   0% 3996 MHz:   0% 4044 MHz:   0% 4104 MHz:   0% 4416 MHz:   0% 4512 MHz:   0%)
CPU 5 idle residency:   4.91%
CPU 5 down residency:  95.09%
CPU 6 frequency: 0 MHz
CPU 6 active residency:   0.00% (1260 MHz:   0% 1512 MHz:   0% 1800 MHz:   0% 2088 MHz:   0% 2352 MHz:   0% 2616 MHz:   0% 2868 MHz:   0% 3096 MHz:   0% 3300 MHz:   0% 3468 MHz:   0% 3624 MHz:   0% 3756 MHz:   0% 3828 MHz:   0% 3888 MHz:   0% 3948 MHz:   0% 3996 MHz:   0% 4044 MHz:   0% 4104 MHz:   0% 4416 MHz:   0% 4512 MHz:   0%)
CPU 6 idle residency:   4.38%
CPU 6 down residency:  95.62%
CPU 7 frequency: 0 MHz
CPU 7 active residency:   0.00% (1260 MHz:   0% 1512 MHz:   0% 1800 MHz:   0% 2088 MHz:   0% 2352 MHz:   0% 2616 MHz:   0% 2868 MHz:   0% 3096 MHz:   0% 3300 MHz:   0% 3468 MHz:   0% 3624 MHz:   0% 3756 MHz:   0% 3828 MHz:   0% 3888 MHz:   0% 3948 MHz:   0% 3996 MHz:   0% 4044 MHz:   0% 4104 MHz:   0% 4416 MHz:   0% 4512 MHz:   0%)
CPU 7 idle residency:   4.90%
CPU 7 down residency:  95.10%
CPU 8 frequency: 0 MHz
CPU 8 active residency:   0.00% (1260 MHz:   0% 1512 MHz:   0% 1800 MHz:   0% 2088 MHz:   0% 2352 MHz:   0% 2616 MHz:   0% 2868 MHz:   0% 3096 MHz:   0% 3300 MHz:   0% 3468 MHz:   0% 3624 MHz:   0% 3756 MHz:   0% 3828 MHz:   0% 3888 MHz:   0% 3948 MHz:   0% 3996 MHz:   0% 4044 MHz:   0% 4104 MHz:   0% 4416 MHz:   0% 4512 MHz:   0%)
CPU 8 idle residency:   4.91%
CPU 8 down residency:  95.09%
CPU 9 frequency: 0 MHz
CPU 9 active residency:   0.00% (1260 MHz:   0% 1512 MHz:   0% 1800 MHz:   0% 2088 MHz:   0% 2352 MHz:   0% 2616 MHz:   0% 2868 MHz:   0% 3096 MHz:   0% 3300 MHz:   0% 3468 MHz:   0% 3624 MHz:   0% 3756 MHz:   0% 3828 MHz:   0% 3888 MHz:   0% 3948 MHz:   0% 3996 MHz:   0% 4044 MHz:   0% 4104 MHz:   0% 4416 MHz:   0% 4512 MHz:   0%)
CPU 9 idle residency:   4.91%
CPU 9 down residency:  95.09%

P1-Cluster HW active frequency: 4035 MHz
P1-Cluster HW active residency:  99.33% (1260 MHz:   0% 1512 MHz:   0% 1800 MHz:   0% 2088 MHz:   0% 2352 MHz:   0% 2616 MHz:   0% 2868 MHz:   0% 3096 MHz:   0% 3300 MHz:   0% 3468 MHz:   0% 3624 MHz:   0% 3756 MHz:   0% 3828 MHz:   0% 3888 MHz:  33% 3948 MHz:  33% 3996 MHz:  10% 4044 MHz: 5.6% 4104 MHz:   0% 4416 MHz: 7.5% 4512 MHz:  11%)
P1-Cluster idle residency:   0.67%
P1-Cluster down residency:   0.00%
CPU 10 frequency: 4512 MHz
CPU 10 active residency:  60.89% (1260 MHz:   0% 1512 MHz:   0% 1800 MHz:   0% 2088 MHz:   0% 2352 MHz:   0% 2616 MHz:   0% 2868 MHz:   0% 3096 MHz:   0% 3300 MHz:   0% 3468 MHz:   0% 3624 MHz:   0% 3756 MHz:   0% 3828 MHz:   0% 3888 MHz:   0% 3948 MHz:   0% 3996 MHz:   0% 4044 MHz:   0% 4104 MHz:   0% 4416 MHz:   0% 4512 MHz:  61%)
CPU 10 idle residency:  39.11%
CPU 10 down residency:   0.00%
CPU 11 frequency: 4512 MHz
CPU 11 active residency:  52.29% (1260 MHz:   0% 1512 MHz:   0% 1800 MHz:   0% 2088 MHz:   0% 2352 MHz:   0% 2616 MHz:   0% 2868 MHz:   0% 3096 MHz:   0% 3300 MHz:   0% 3468 MHz:   0% 3624 MHz:   0% 3756 MHz:   0% 3828 MHz:   0% 3888 MHz:   0% 3948 MHz:   0% 3996 MHz:   0% 4044 MHz:   0% 4104 MHz:   0% 4416 MHz:   0% 4512 MHz:  52%)
CPU 11 idle residency:  47.71%
CPU 11 down residency:   0.00%
CPU 12 frequency: 4512 MHz
CPU 12 active residency:  43.42% (1260 MHz:   0% 1512 MHz:   0% 1800 MHz:   0% 2088 MHz:   0% 2352 MHz:   0% 2616 MHz:   0% 2868 MHz:   0% 3096 MHz:   0% 3300 MHz:   0% 3468 MHz:   0% 3624 MHz:   0% 3756 MHz:   0% 3828 MHz:   0% 3888 MHz:   0% 3948 MHz:   0% 3996 MHz:   0% 4044 MHz:   0% 4104 MHz:   0% 4416 MHz:   0% 4512 MHz:  43%)
CPU 12 idle residency:  56.58%
CPU 12 down residency:   0.00%
CPU 13 frequency: 4512 MHz
CPU 13 active residency:  59.04% (1260 MHz:   0% 1512 MHz:   0% 1800 MHz:   0% 2088 MHz:   0% 2352 MHz:   0% 2616 MHz:   0% 2868 MHz:   0% 3096 MHz:   0% 3300 MHz:   0% 3468 MHz:   0% 3624 MHz:   0% 3756 MHz:   0% 3828 MHz:   0% 3888 MHz:   0% 3948 MHz:   0% 3996 MHz:   0% 4044 MHz:   0% 4104 MHz:   0% 4416 MHz:   0% 4512 MHz:  59%)
CPU 13 idle residency:  40.96%
CPU 13 down residency:   0.00%
CPU 14 frequency: 4512 MHz
CPU 14 active residency:  56.46% (1260 MHz:   0% 1512 MHz:   0% 1800 MHz:   0% 2088 MHz:   0% 2352 MHz:   0% 2616 MHz:   0% 2868 MHz:   0% 3096 MHz:   0% 3300 MHz:   0% 3468 MHz:   0% 3624 MHz:   0% 3756 MHz:   0% 3828 MHz:   0% 3888 MHz:   0% 3948 MHz:   0% 3996 MHz:   0% 4044 MHz:   0% 4104 MHz:   0% 4416 MHz:   0% 4512 MHz:  56%)
CPU 14 idle residency:  43.54%
CPU 14 down residency:   0.00%
CPU 15 frequency: 4512 MHz
CPU 15 active residency:  56.52% (1260 MHz:   0% 1512 MHz:   0% 1800 MHz:   0% 2088 MHz:   0% 2352 MHz:   0% 2616 MHz:   0% 2868 MHz:   0% 3096 MHz:   0% 3300 MHz:   0% 3468 MHz:   0% 3624 MHz:   0% 3756 MHz:   0% 3828 MHz:   0% 3888 MHz:   0% 3948 MHz:   0% 3996 MHz:   0% 4044 MHz:   0% 4104 MHz:   0% 4416 MHz:   0% 4512 MHz:  57%)
CPU 15 idle residency:  43.48%
CPU 15 down residency:   0.00%

CPU Power: 6621 mW
GPU Power: 22719 mW
ANE Power: 0 mW
Combined Power (CPU + GPU + ANE): 29340 mW

**** GPU usage ****

GPU HW active frequency: 1578 MHz
GPU HW active residency: 100.00% (338 MHz:   0% 618 MHz:   0% 796 MHz:   0% 924 MHz:   0% 952 MHz:   0% 1056 MHz:   0% 1062 MHz:   0% 1182 MHz:   0% 1182 MHz:   0% 1312 MHz:   0% 1242 MHz:   0% 1380 MHz:   0% 1326 MHz:   0% 1470 MHz:   0% 1578 MHz: 100%)
GPU SW requested state: (P1 :   0% P2 :   0% P3 :   0% P4 :   0% P5 :   0% P6 :   0% P7 :   0% P8 :   0% P9 :   0% P10 : 100% P11 :   0% P12 :   0% P13 :   0% P14 :   0% P15 :   0%)
GPU SW state: (SW_P1 :   0% SW_P2 :   0% SW_P3 :   0% SW_P4 :   0% SW_P5 :   0% SW_P6 :   0% SW_P7 :   0% SW_P8 :   0% SW_P9 :   0% SW_P10 : 100% SW_P11 :   0% SW_P12 :   0% SW_P13 :   0% SW_P14 :   0% SW_P15 :   0%)
GPU idle residency:   0.00%
GPU Power: 22906 mW



*** Sampled system activity (Tue Jan 20 15:19:47 2026 +0100) (1018.29ms elapsed) ***


**** Processor usage ****

E-Cluster Online: 100%
E-Cluster HW active frequency: 1440 MHz
E-Cluster HW active residency:  52.63% (1020 MHz:  33% 1404 MHz: 3.9% 1788 MHz: 3.0% 2112 MHz: 2.0% 2352 MHz: 2.9% 2532 MHz: 2.1% 2592 MHz: 5.8%)
E-Cluster idle residency:  47.37%
E-Cluster down residency:   0.00%
CPU 0 frequency: 1490 MHz
CPU 0 active residency:  22.93% (1020 MHz:  13% 1404 MHz: 2.2% 1788 MHz: 1.6% 2112 MHz: 1.1% 2352 MHz: 1.5% 2532 MHz: .75% 2592 MHz: 2.8%)
CPU 0 idle residency:  77.07%
CPU 0 down residency:   0.00%
CPU 1 frequency: 1419 MHz
CPU 1 active residency:  13.49% (1020 MHz: 8.3% 1404 MHz: .92% 1788 MHz: 1.2% 2112 MHz: .88% 2352 MHz: .79% 2532 MHz: .27% 2592 MHz: 1.1%)
CPU 1 idle residency:  86.51%
CPU 1 down residency:   0.00%
CPU 2 frequency: 1498 MHz
CPU 2 active residency:  11.40% (1020 MHz: 5.9% 1404 MHz: .85% 1788 MHz: 1.7% 2112 MHz: 1.1% 2352 MHz: .97% 2532 MHz: .10% 2592 MHz: .75%)
CPU 2 idle residency:  88.60%
CPU 2 down residency:   0.00%
CPU 3 frequency: 1532 MHz
CPU 3 active residency:   9.00% (1020 MHz: 4.6% 1404 MHz: .78% 1788 MHz: .97% 2112 MHz: .71% 2352 MHz: 1.3% 2532 MHz: .07% 2592 MHz: .61%)
CPU 3 idle residency:  91.00%
CPU 3 down residency:   0.00%

P0-Cluster Online: 16%
P0-Cluster HW active frequency: 2966 MHz
P0-Cluster HW active residency:   7.12% (1260 MHz: 1.8% 1512 MHz: .34% 1800 MHz: .34% 2088 MHz: .86% 2352 MHz:   0% 2616 MHz: .26% 2868 MHz: .04% 3096 MHz:   0% 3300 MHz:   0% 3468 MHz:   0% 3624 MHz:   0% 3756 MHz:   0% 3828 MHz:   0% 3888 MHz: .01% 3948 MHz: .47% 3996 MHz: .12% 4044 MHz: .42% 4104 MHz:   0% 4416 MHz: 1.1% 4512 MHz: 1.4%)
P0-Cluster idle residency:   7.33%
P0-Cluster down residency:  85.54%
CPU 4 frequency: 0 MHz
CPU 4 active residency:   0.00% (1260 MHz:   0% 1512 MHz:   0% 1800 MHz:   0% 2088 MHz:   0% 2352 MHz:   0% 2616 MHz:   0% 2868 MHz:   0% 3096 MHz:   0% 3300 MHz:   0% 3468 MHz:   0% 3624 MHz:   0% 3756 MHz:   0% 3828 MHz:   0% 3888 MHz:   0% 3948 MHz:   0% 3996 MHz:   0% 4044 MHz:   0% 4104 MHz:   0% 4416 MHz:   0% 4512 MHz:   0%)
CPU 4 idle residency:  14.00%
CPU 4 down residency:  86.00%
CPU 5 frequency: 0 MHz
CPU 5 active residency:   0.00% (1260 MHz:   0% 1512 MHz:   0% 1800 MHz:   0% 2088 MHz:   0% 2352 MHz:   0% 2616 MHz:   0% 2868 MHz:   0% 3096 MHz:   0% 3300 MHz:   0% 3468 MHz:   0% 3624 MHz:   0% 3756 MHz:   0% 3828 MHz:   0% 3888 MHz:   0% 3948 MHz:   0% 3996 MHz:   0% 4044 MHz:   0% 4104 MHz:   0% 4416 MHz:   0% 4512 MHz:   0%)
CPU 5 idle residency:  14.17%
CPU 5 down residency:  85.83%
CPU 6 frequency: 0 MHz
CPU 6 active residency:   0.00% (1260 MHz:   0% 1512 MHz:   0% 1800 MHz:   0% 2088 MHz:   0% 2352 MHz:   0% 2616 MHz:   0% 2868 MHz:   0% 3096 MHz:   0% 3300 MHz:   0% 3468 MHz:   0% 3624 MHz:   0% 3756 MHz:   0% 3828 MHz:   0% 3888 MHz:   0% 3948 MHz:   0% 3996 MHz:   0% 4044 MHz:   0% 4104 MHz:   0% 4416 MHz:   0% 4512 MHz:   0%)
CPU 6 idle residency:  12.60%
CPU 6 down residency:  87.40%
CPU 7 frequency: 0 MHz
CPU 7 active residency:   0.00% (1260 MHz:   0% 1512 MHz:   0% 1800 MHz:   0% 2088 MHz:   0% 2352 MHz:   0% 2616 MHz:   0% 2868 MHz:   0% 3096 MHz:   0% 3300 MHz:   0% 3468 MHz:   0% 3624 MHz:   0% 3756 MHz:   0% 3828 MHz:   0% 3888 MHz:   0% 3948 MHz:   0% 3996 MHz:   0% 4044 MHz:   0% 4104 MHz:   0% 4416 MHz:   0% 4512 MHz:   0%)
CPU 7 idle residency:  12.69%
CPU 7 down residency:  87.31%
CPU 8 frequency: 0 MHz
CPU 8 active residency:   0.00% (1260 MHz:   0% 1512 MHz:   0% 1800 MHz:   0% 2088 MHz:   0% 2352 MHz:   0% 2616 MHz:   0% 2868 MHz:   0% 3096 MHz:   0% 3300 MHz:   0% 3468 MHz:   0% 3624 MHz:   0% 3756 MHz:   0% 3828 MHz:   0% 3888 MHz:   0% 3948 MHz:   0% 3996 MHz:   0% 4044 MHz:   0% 4104 MHz:   0% 4416 MHz:   0% 4512 MHz:   0%)
CPU 8 idle residency:  12.54%
CPU 8 down residency:  87.46%
CPU 9 frequency: 0 MHz
CPU 9 active residency:   0.00% (1260 MHz:   0% 1512 MHz:   0% 1800 MHz:   0% 2088 MHz:   0% 2352 MHz:   0% 2616 MHz:   0% 2868 MHz:   0% 3096 MHz:   0% 3300 MHz:   0% 3468 MHz:   0% 3624 MHz:   0% 3756 MHz:   0% 3828 MHz:   0% 3888 MHz:   0% 3948 MHz:   0% 3996 MHz:   0% 4044 MHz:   0% 4104 MHz:   0% 4416 MHz:   0% 4512 MHz:   0%)
CPU 9 idle residency:  14.18%
CPU 9 down residency:  85.82%

P1-Cluster HW active frequency: 4030 MHz
P1-Cluster HW active residency:  99.26% (1260 MHz:   0% 1512 MHz:   0% 1800 MHz:   0% 2088 MHz:   0% 2352 MHz:   0% 2616 MHz:   0% 2868 MHz:   0% 3096 MHz:   0% 3300 MHz:   0% 3468 MHz:   0% 3624 MHz:   0% 3756 MHz:   0% 3828 MHz:   0% 3888 MHz:  37% 3948 MHz:  32% 3996 MHz: 7.4% 4044 MHz: 4.8% 4104 MHz:   0% 4416 MHz: 7.5% 4512 MHz:  11%)
P1-Cluster idle residency:   0.74%
P1-Cluster down residency:   0.00%
CPU 10 frequency: 4512 MHz
CPU 10 active residency:  63.86% (1260 MHz:   0% 1512 MHz:   0% 1800 MHz:   0% 2088 MHz:   0% 2352 MHz:   0% 2616 MHz:   0% 2868 MHz:   0% 3096 MHz:   0% 3300 MHz:   0% 3468 MHz:   0% 3624 MHz:   0% 3756 MHz:   0% 3828 MHz:   0% 3888 MHz:   0% 3948 MHz:   0% 3996 MHz:   0% 4044 MHz:   0% 4104 MHz:   0% 4416 MHz:   0% 4512 MHz:  64%)
CPU 10 idle residency:  36.14%
CPU 10 down residency:   0.00%
CPU 11 frequency: 4512 MHz
CPU 11 active residency:  61.14% (1260 MHz:   0% 1512 MHz:   0% 1800 MHz:   0% 2088 MHz:   0% 2352 MHz:   0% 2616 MHz:   0% 2868 MHz:   0% 3096 MHz:   0% 3300 MHz:   0% 3468 MHz:   0% 3624 MHz:   0% 3756 MHz:   0% 3828 MHz:   0% 3888 MHz:   0% 3948 MHz:   0% 3996 MHz:   0% 4044 MHz:   0% 4104 MHz:   0% 4416 MHz:   0% 4512 MHz:  61%)
CPU 11 idle residency:  38.86%
CPU 11 down residency:   0.00%
CPU 12 frequency: 4512 MHz
CPU 12 active residency:  67.37% (1260 MHz:   0% 1512 MHz:   0% 1800 MHz:   0% 2088 MHz:   0% 2352 MHz:   0% 2616 MHz:   0% 2868 MHz:   0% 3096 MHz:   0% 3300 MHz:   0% 3468 MHz:   0% 3624 MHz:   0% 3756 MHz:   0% 3828 MHz:   0% 3888 MHz:   0% 3948 MHz:   0% 3996 MHz:   0% 4044 MHz:   0% 4104 MHz:   0% 4416 MHz:   0% 4512 MHz:  67%)
CPU 12 idle residency:  32.63%
CPU 12 down residency:   0.00%
CPU 13 frequency: 4512 MHz
CPU 13 active residency:  59.21% (1260 MHz:   0% 1512 MHz:   0% 1800 MHz:   0% 2088 MHz:   0% 2352 MHz:   0% 2616 MHz:   0% 2868 MHz:   0% 3096 MHz:   0% 3300 MHz:   0% 3468 MHz:   0% 3624 MHz:   0% 3756 MHz:   0% 3828 MHz:   0% 3888 MHz:   0% 3948 MHz:   0% 3996 MHz:   0% 4044 MHz:   0% 4104 MHz:   0% 4416 MHz:   0% 4512 MHz:  59%)
CPU 13 idle residency:  40.79%
CPU 13 down residency:   0.00%
CPU 14 frequency: 4512 MHz
CPU 14 active residency:  45.89% (1260 MHz:   0% 1512 MHz:   0% 1800 MHz:   0% 2088 MHz:   0% 2352 MHz:   0% 2616 MHz:   0% 2868 MHz:   0% 3096 MHz:   0% 3300 MHz:   0% 3468 MHz:   0% 3624 MHz:   0% 3756 MHz:   0% 3828 MHz:   0% 3888 MHz:   0% 3948 MHz:   0% 3996 MHz:   0% 4044 MHz:   0% 4104 MHz:   0% 4416 MHz:   0% 4512 MHz:  46%)
CPU 14 idle residency:  54.11%
CPU 14 down residency:   0.00%
CPU 15 frequency: 4512 MHz
CPU 15 active residency:  48.49% (1260 MHz:   0% 1512 MHz:   0% 1800 MHz:   0% 2088 MHz:   0% 2352 MHz:   0% 2616 MHz:   0% 2868 MHz:   0% 3096 MHz:   0% 3300 MHz:   0% 3468 MHz:   0% 3624 MHz:   0% 3756 MHz:   0% 3828 MHz:   0% 3888 MHz:   0% 3948 MHz:   0% 3996 MHz:   0% 4044 MHz:   0% 4104 MHz:   0% 4416 MHz:   0% 4512 MHz:  48%)
CPU 15 idle residency:  51.51%
CPU 15 down residency:   0.00%

CPU Power: 7061 mW
GPU Power: 22477 mW
ANE Power: 0 mW
Combined Power (CPU + GPU + ANE): 29538 mW

**** GPU usage ****

GPU HW active frequency: 1578 MHz
GPU HW active residency:  99.78% (338 MHz: .04% 618 MHz:   0% 796 MHz:   0% 924 MHz:   0% 952 MHz:   0% 1056 MHz:   0% 1062 MHz:   0% 1182 MHz:   0% 1182 MHz:   0% 1312 MHz:   0% 1242 MHz:   0% 1380 MHz:   0% 1326 MHz:   0% 1470 MHz:   0% 1578 MHz: 100%)
GPU SW requested state: (P1 :   0% P2 :   0% P3 :   0% P4 :   0% P5 :   0% P6 :   0% P7 :   0% P8 :   0% P9 :   0% P10 : 100% P11 :   0% P12 :   0% P13 :   0% P14 :   0% P15 :   0%)
GPU SW state: (SW_P1 : .04% SW_P2 :   0% SW_P3 :   0% SW_P4 :   0% SW_P5 :   0% SW_P6 :   0% SW_P7 :   0% SW_P8 :   0% SW_P9 :   0% SW_P10 : 100% SW_P11 :   0% SW_P12 :   0% SW_P13 :   0% SW_P14 :   0% SW_P15 :   0%)
GPU idle residency:   0.22%
GPU Power: 22478 mW



*** Sampled system activity (Tue Jan 20 15:19:48 2026 +0100) (1017.96ms elapsed) ***


**** Processor usage ****

E-Cluster Online: 100%
E-Cluster HW active frequency: 1463 MHz
E-Cluster HW active residency:  51.44% (1020 MHz:  32% 1404 MHz: 3.7% 1788 MHz: 2.8% 2112 MHz: 1.9% 2352 MHz: 1.5% 2532 MHz: 2.2% 2592 MHz: 7.5%)
E-Cluster idle residency:  48.56%
E-Cluster down residency:   0.00%
CPU 0 frequency: 1474 MHz
CPU 0 active residency:  21.06% (1020 MHz:  13% 1404 MHz: 1.4% 1788 MHz: .92% 2112 MHz: 1.1% 2352 MHz: .47% 2532 MHz: 1.2% 2592 MHz: 3.0%)
CPU 0 idle residency:  78.94%
CPU 0 down residency:   0.00%
CPU 1 frequency: 1397 MHz
CPU 1 active residency:  14.74% (1020 MHz: 9.6% 1404 MHz: 1.2% 1788 MHz: .85% 2112 MHz: .59% 2352 MHz: .52% 2532 MHz: .29% 2592 MHz: 1.7%)
CPU 1 idle residency:  85.26%
CPU 1 down residency:   0.00%
CPU 2 frequency: 1400 MHz
CPU 2 active residency:  10.31% (1020 MHz: 6.3% 1404 MHz: 1.2% 1788 MHz: .53% 2112 MHz: .82% 2352 MHz: .67% 2532 MHz: .07% 2592 MHz: .74%)
CPU 2 idle residency:  89.69%
CPU 2 down residency:   0.00%
CPU 3 frequency: 1361 MHz
CPU 3 active residency:   4.61% (1020 MHz: 2.9% 1404 MHz: .72% 1788 MHz: .16% 2112 MHz: .31% 2352 MHz: .08% 2532 MHz: .02% 2592 MHz: .44%)
CPU 3 idle residency:  95.39%
CPU 3 down residency:   0.00%

P0-Cluster Online: 33%
P0-Cluster HW active frequency: 3941 MHz
P0-Cluster HW active residency:  28.31% (1260 MHz: .85% 1512 MHz: .16% 1800 MHz: .10% 2088 MHz: .20% 2352 MHz:   0% 2616 MHz:   0% 2868 MHz:   0% 3096 MHz:   0% 3300 MHz:   0% 3468 MHz:   0% 3624 MHz:   0% 3756 MHz:   0% 3828 MHz:   0% 3888 MHz: 6.4% 3948 MHz: 8.5% 3996 MHz: 4.1% 4044 MHz: 2.3% 4104 MHz:   0% 4416 MHz: 2.4% 4512 MHz: 3.4%)
P0-Cluster idle residency:   2.76%
P0-Cluster down residency:  68.93%
CPU 4 frequency: 4374 MHz
CPU 4 active residency:  14.80% (1260 MHz: .17% 1512 MHz: .30% 1800 MHz: .13% 2088 MHz: .05% 2352 MHz:   0% 2616 MHz: .06% 2868 MHz:   0% 3096 MHz:   0% 3300 MHz:   0% 3468 MHz:   0% 3624 MHz:   0% 3756 MHz:   0% 3828 MHz:   0% 3888 MHz:   0% 3948 MHz:   0% 3996 MHz:   0% 4044 MHz:   0% 4104 MHz:   0% 4416 MHz:   0% 4512 MHz:  14%)
CPU 4 idle residency:  16.67%
CPU 4 down residency:  68.53%
CPU 5 frequency: 4406 MHz
CPU 5 active residency:  13.44% (1260 MHz: .00% 1512 MHz: .30% 1800 MHz: .13% 2088 MHz: .05% 2352 MHz:   0% 2616 MHz: .03% 2868 MHz:   0% 3096 MHz:   0% 3300 MHz:   0% 3468 MHz:   0% 3624 MHz:   0% 3756 MHz:   0% 3828 MHz:   0% 3888 MHz:   0% 3948 MHz:   0% 3996 MHz:   0% 4044 MHz:   0% 4104 MHz:   0% 4416 MHz:   0% 4512 MHz:  13%)
CPU 5 idle residency:  17.89%
CPU 5 down residency:  68.67%
CPU 6 frequency: 4391 MHz
CPU 6 active residency:  14.50% (1260 MHz: .04% 1512 MHz: .29% 1800 MHz: .20% 2088 MHz: .05% 2352 MHz:   0% 2616 MHz: .04% 2868 MHz: .00% 3096 MHz:   0% 3300 MHz:   0% 3468 MHz:   0% 3624 MHz:   0% 3756 MHz:   0% 3828 MHz:   0% 3888 MHz:   0% 3948 MHz:   0% 3996 MHz:   0% 4044 MHz:   0% 4104 MHz:   0% 4416 MHz:   0% 4512 MHz:  14%)
CPU 6 idle residency:  18.41%
CPU 6 down residency:  67.09%
CPU 7 frequency: 4399 MHz
CPU 7 active residency:  17.35% (1260 MHz: .03% 1512 MHz: .30% 1800 MHz: .27% 2088 MHz: .06% 2352 MHz:   0% 2616 MHz: .04% 2868 MHz: .00% 3096 MHz:   0% 3300 MHz:   0% 3468 MHz:   0% 3624 MHz:   0% 3756 MHz:   0% 3828 MHz:   0% 3888 MHz:   0% 3948 MHz:   0% 3996 MHz:   0% 4044 MHz:   0% 4104 MHz:   0% 4416 MHz:   0% 4512 MHz:  17%)
CPU 7 idle residency:  15.14%
CPU 7 down residency:  67.51%
CPU 8 frequency: 4381 MHz
CPU 8 active residency:  16.15% (1260 MHz: .04% 1512 MHz: .30% 1800 MHz: .17% 2088 MHz: .22% 2352 MHz:   0% 2616 MHz: .06% 2868 MHz:   0% 3096 MHz:   0% 3300 MHz:   0% 3468 MHz:   0% 3624 MHz:   0% 3756 MHz:   0% 3828 MHz:   0% 3888 MHz:   0% 3948 MHz:   0% 3996 MHz:   0% 4044 MHz:   0% 4104 MHz:   0% 4416 MHz:   0% 4512 MHz:  15%)
CPU 8 idle residency:  16.14%
CPU 8 down residency:  67.71%
CPU 9 frequency: 4352 MHz
CPU 9 active residency:   8.87% (1260 MHz: .00% 1512 MHz: .29% 1800 MHz: .13% 2088 MHz: .05% 2352 MHz:   0% 2616 MHz: .03% 2868 MHz:   0% 3096 MHz:   0% 3300 MHz:   0% 3468 MHz:   0% 3624 MHz:   0% 3756 MHz:   0% 3828 MHz:   0% 3888 MHz:   0% 3948 MHz:   0% 3996 MHz:   0% 4044 MHz:   0% 4104 MHz:   0% 4416 MHz:   0% 4512 MHz: 8.4%)
CPU 9 idle residency:  22.47%
CPU 9 down residency:  68.66%

P1-Cluster HW active frequency: 4018 MHz
P1-Cluster HW active residency:  72.63% (1260 MHz: .21% 1512 MHz: .09% 1800 MHz:   0% 2088 MHz:   0% 2352 MHz:   0% 2616 MHz:   0% 2868 MHz:   0% 3096 MHz:   0% 3300 MHz:   0% 3468 MHz:   0% 3624 MHz:   0% 3756 MHz:   0% 3828 MHz:   0% 3888 MHz:  28% 3948 MHz:  21% 3996 MHz: 5.6% 4044 MHz: 4.0% 4104 MHz:   0% 4416 MHz: 5.2% 4512 MHz: 8.0%)
P1-Cluster idle residency:   1.43%
P1-Cluster down residency:  25.94%
CPU 10 frequency: 4512 MHz
CPU 10 active residency:  36.11% (1260 MHz:   0% 1512 MHz:   0% 1800 MHz:   0% 2088 MHz:   0% 2352 MHz:   0% 2616 MHz:   0% 2868 MHz:   0% 3096 MHz:   0% 3300 MHz:   0% 3468 MHz:   0% 3624 MHz:   0% 3756 MHz:   0% 3828 MHz:   0% 3888 MHz:   0% 3948 MHz:   0% 3996 MHz:   0% 4044 MHz:   0% 4104 MHz:   0% 4416 MHz:   0% 4512 MHz:  36%)
CPU 10 idle residency:  30.27%
CPU 10 down residency:  33.62%
CPU 11 frequency: 4512 MHz
CPU 11 active residency:  35.07% (1260 MHz:   0% 1512 MHz:   0% 1800 MHz:   0% 2088 MHz:   0% 2352 MHz:   0% 2616 MHz:   0% 2868 MHz:   0% 3096 MHz:   0% 3300 MHz:   0% 3468 MHz:   0% 3624 MHz:   0% 3756 MHz:   0% 3828 MHz:   0% 3888 MHz:   0% 3948 MHz:   0% 3996 MHz:   0% 4044 MHz:   0% 4104 MHz:   0% 4416 MHz:   0% 4512 MHz:  35%)
CPU 11 idle residency:  31.45%
CPU 11 down residency:  33.48%
CPU 12 frequency: 4512 MHz
CPU 12 active residency:  24.16% (1260 MHz:   0% 1512 MHz:   0% 1800 MHz:   0% 2088 MHz:   0% 2352 MHz:   0% 2616 MHz:   0% 2868 MHz:   0% 3096 MHz:   0% 3300 MHz:   0% 3468 MHz:   0% 3624 MHz:   0% 3756 MHz:   0% 3828 MHz:   0% 3888 MHz:   0% 3948 MHz:   0% 3996 MHz:   0% 4044 MHz:   0% 4104 MHz:   0% 4416 MHz:   0% 4512 MHz:  24%)
CPU 12 idle residency:  43.21%
CPU 12 down residency:  32.62%
CPU 13 frequency: 4512 MHz
CPU 13 active residency:  26.44% (1260 MHz:   0% 1512 MHz:   0% 1800 MHz:   0% 2088 MHz:   0% 2352 MHz:   0% 2616 MHz:   0% 2868 MHz:   0% 3096 MHz:   0% 3300 MHz:   0% 3468 MHz:   0% 3624 MHz:   0% 3756 MHz:   0% 3828 MHz:   0% 3888 MHz:   0% 3948 MHz:   0% 3996 MHz:   0% 4044 MHz:   0% 4104 MHz:   0% 4416 MHz:   0% 4512 MHz:  26%)
CPU 13 idle residency:  41.28%
CPU 13 down residency:  32.28%
CPU 14 frequency: 4512 MHz
CPU 14 active residency:  21.20% (1260 MHz:   0% 1512 MHz:   0% 1800 MHz:   0% 2088 MHz:   0% 2352 MHz:   0% 2616 MHz:   0% 2868 MHz:   0% 3096 MHz:   0% 3300 MHz:   0% 3468 MHz:   0% 3624 MHz:   0% 3756 MHz:   0% 3828 MHz:   0% 3888 MHz:   0% 3948 MHz:   0% 3996 MHz:   0% 4044 MHz:   0% 4104 MHz:   0% 4416 MHz:   0% 4512 MHz:  21%)
CPU 14 idle residency:  46.64%
CPU 14 down residency:  32.16%
CPU 15 frequency: 4512 MHz
CPU 15 active residency:  19.05% (1260 MHz:   0% 1512 MHz:   0% 1800 MHz:   0% 2088 MHz:   0% 2352 MHz:   0% 2616 MHz:   0% 2868 MHz:   0% 3096 MHz:   0% 3300 MHz:   0% 3468 MHz:   0% 3624 MHz:   0% 3756 MHz:   0% 3828 MHz:   0% 3888 MHz:   0% 3948 MHz:   0% 3996 MHz:   0% 4044 MHz:   0% 4104 MHz:   0% 4416 MHz:   0% 4512 MHz:  19%)
CPU 15 idle residency:  48.34%
CPU 15 down residency:  32.61%

CPU Power: 6555 mW
GPU Power: 22837 mW
ANE Power: 0 mW
Combined Power (CPU + GPU + ANE): 29392 mW

**** GPU usage ****

GPU HW active frequency: 1578 MHz
GPU HW active residency: 100.00% (338 MHz:   0% 618 MHz:   0% 796 MHz:   0% 924 MHz:   0% 952 MHz:   0% 1056 MHz:   0% 1062 MHz:   0% 1182 MHz:   0% 1182 MHz:   0% 1312 MHz:   0% 1242 MHz:   0% 1380 MHz:   0% 1326 MHz:   0% 1470 MHz:   0% 1578 MHz: 100%)
GPU SW requested state: (P1 :   0% P2 :   0% P3 :   0% P4 :   0% P5 :   0% P6 :   0% P7 :   0% P8 :   0% P9 :   0% P10 : 100% P11 :   0% P12 :   0% P13 :   0% P14 :   0% P15 :   0%)
GPU SW state: (SW_P1 :   0% SW_P2 :   0% SW_P3 :   0% SW_P4 :   0% SW_P5 :   0% SW_P6 :   0% SW_P7 :   0% SW_P8 :   0% SW_P9 :   0% SW_P10 : 100% SW_P11 :   0% SW_P12 :   0% SW_P13 :   0% SW_P14 :   0% SW_P15 :   0%)
GPU idle residency:   0.00%
GPU Power: 22831 mW



*** Sampled system activity (Tue Jan 20 15:19:49 2026 +0100) (1018.63ms elapsed) ***


**** Processor usage ****

E-Cluster Online: 100%
E-Cluster HW active frequency: 1407 MHz
E-Cluster HW active residency:  46.29% (1020 MHz:  30% 1404 MHz: 3.2% 1788 MHz: 2.0% 2112 MHz: 3.6% 2352 MHz: .66% 2532 MHz: 1.4% 2592 MHz: 5.2%)
E-Cluster idle residency:  53.71%
E-Cluster down residency:   0.00%
CPU 0 frequency: 1421 MHz
CPU 0 active residency:  19.12% (1020 MHz:  12% 1404 MHz: 1.3% 1788 MHz: .77% 2112 MHz: 1.7% 2352 MHz: .06% 2532 MHz: .81% 2592 MHz: 2.1%)
CPU 0 idle residency:  80.88%
CPU 0 down residency:   0.00%
CPU 1 frequency: 1405 MHz
CPU 1 active residency:  10.65% (1020 MHz: 7.2% 1404 MHz: .51% 1788 MHz: .29% 2112 MHz: .80% 2352 MHz: .31% 2532 MHz: .25% 2592 MHz: 1.3%)
CPU 1 idle residency:  89.35%
CPU 1 down residency:   0.00%
CPU 2 frequency: 1333 MHz
CPU 2 active residency:   8.24% (1020 MHz: 5.4% 1404 MHz: .96% 1788 MHz: .56% 2112 MHz: .63% 2352 MHz: .23% 2532 MHz: .07% 2592 MHz: .44%)
CPU 2 idle residency:  91.76%
CPU 2 down residency:   0.00%
CPU 3 frequency: 1420 MHz
CPU 3 active residency:   4.35% (1020 MHz: 2.8% 1404 MHz: .21% 1788 MHz: .10% 2112 MHz: .58% 2352 MHz: .07% 2532 MHz: .13% 2592 MHz: .42%)
CPU 3 idle residency:  95.65%
CPU 3 down residency:   0.00%

P0-Cluster Online: 100%
P0-Cluster HW active frequency: 4064 MHz
P0-Cluster HW active residency:  99.07% (1260 MHz:   0% 1512 MHz:   0% 1800 MHz:   0% 2088 MHz:   0% 2352 MHz:   0% 2616 MHz:   0% 2868 MHz:   0% 3096 MHz:   0% 3300 MHz:   0% 3468 MHz:   0% 3624 MHz:   0% 3756 MHz:   0% 3828 MHz:   0% 3888 MHz:  26% 3948 MHz:  34% 3996 MHz:  10% 4044 MHz: 6.1% 4104 MHz:   0% 4416 MHz: 9.0% 4512 MHz:  14%)
P0-Cluster idle residency:   0.93%
P0-Cluster down residency:   0.00%
CPU 4 frequency: 4512 MHz
CPU 4 active residency:  60.56% (1260 MHz:   0% 1512 MHz:   0% 1800 MHz:   0% 2088 MHz:   0% 2352 MHz:   0% 2616 MHz:   0% 2868 MHz:   0% 3096 MHz:   0% 3300 MHz:   0% 3468 MHz:   0% 3624 MHz:   0% 3756 MHz:   0% 3828 MHz:   0% 3888 MHz:   0% 3948 MHz:   0% 3996 MHz:   0% 4044 MHz:   0% 4104 MHz:   0% 4416 MHz:   0% 4512 MHz:  61%)
CPU 4 idle residency:  39.44%
CPU 4 down residency:   0.00%
CPU 5 frequency: 4512 MHz
CPU 5 active residency:  39.44% (1260 MHz:   0% 1512 MHz:   0% 1800 MHz:   0% 2088 MHz:   0% 2352 MHz:   0% 2616 MHz:   0% 2868 MHz:   0% 3096 MHz:   0% 3300 MHz:   0% 3468 MHz:   0% 3624 MHz:   0% 3756 MHz:   0% 3828 MHz:   0% 3888 MHz:   0% 3948 MHz:   0% 3996 MHz:   0% 4044 MHz:   0% 4104 MHz:   0% 4416 MHz:   0% 4512 MHz:  39%)
CPU 5 idle residency:  60.56%
CPU 5 down residency:   0.00%
CPU 6 frequency: 4512 MHz
CPU 6 active residency:  54.05% (1260 MHz:   0% 1512 MHz:   0% 1800 MHz:   0% 2088 MHz:   0% 2352 MHz:   0% 2616 MHz:   0% 2868 MHz:   0% 3096 MHz:   0% 3300 MHz:   0% 3468 MHz:   0% 3624 MHz:   0% 3756 MHz:   0% 3828 MHz:   0% 3888 MHz:   0% 3948 MHz:   0% 3996 MHz:   0% 4044 MHz:   0% 4104 MHz:   0% 4416 MHz:   0% 4512 MHz:  54%)
CPU 6 idle residency:  45.95%
CPU 6 down residency:   0.00%
CPU 7 frequency: 4512 MHz
CPU 7 active residency:  53.20% (1260 MHz:   0% 1512 MHz:   0% 1800 MHz:   0% 2088 MHz:   0% 2352 MHz:   0% 2616 MHz:   0% 2868 MHz:   0% 3096 MHz:   0% 3300 MHz:   0% 3468 MHz:   0% 3624 MHz:   0% 3756 MHz:   0% 3828 MHz:   0% 3888 MHz:   0% 3948 MHz:   0% 3996 MHz:   0% 4044 MHz:   0% 4104 MHz:   0% 4416 MHz:   0% 4512 MHz:  53%)
CPU 7 idle residency:  46.80%
CPU 7 down residency:   0.00%
CPU 8 frequency: 4512 MHz
CPU 8 active residency:  51.59% (1260 MHz:   0% 1512 MHz:   0% 1800 MHz:   0% 2088 MHz:   0% 2352 MHz:   0% 2616 MHz:   0% 2868 MHz:   0% 3096 MHz:   0% 3300 MHz:   0% 3468 MHz:   0% 3624 MHz:   0% 3756 MHz:   0% 3828 MHz:   0% 3888 MHz:   0% 3948 MHz:   0% 3996 MHz:   0% 4044 MHz:   0% 4104 MHz:   0% 4416 MHz:   0% 4512 MHz:  52%)
CPU 8 idle residency:  48.41%
CPU 8 down residency:   0.00%
CPU 9 frequency: 4512 MHz
CPU 9 active residency:  39.81% (1260 MHz:   0% 1512 MHz:   0% 1800 MHz:   0% 2088 MHz:   0% 2352 MHz:   0% 2616 MHz:   0% 2868 MHz:   0% 3096 MHz:   0% 3300 MHz:   0% 3468 MHz:   0% 3624 MHz:   0% 3756 MHz:   0% 3828 MHz:   0% 3888 MHz:   0% 3948 MHz:   0% 3996 MHz:   0% 4044 MHz:   0% 4104 MHz:   0% 4416 MHz:   0% 4512 MHz:  40%)
CPU 9 idle residency:  60.19%
CPU 9 down residency:   0.00%

P1-Cluster HW active frequency: 2788 MHz
P1-Cluster HW active residency:   2.23% (1260 MHz: .82% 1512 MHz: .25% 1800 MHz: .08% 2088 MHz:   0% 2352 MHz:   0% 2616 MHz:   0% 2868 MHz:   0% 3096 MHz:   0% 3300 MHz:   0% 3468 MHz:   0% 3624 MHz:   0% 3756 MHz:   0% 3828 MHz:   0% 3888 MHz: .01% 3948 MHz: .02% 3996 MHz: .00% 4044 MHz: .38% 4104 MHz:   0% 4416 MHz: .08% 4512 MHz: .58%)
P1-Cluster idle residency:   3.40%
P1-Cluster down residency:  94.37%
CPU 10 frequency: 4503 MHz
CPU 10 active residency:  18.53% (1260 MHz: .00% 1512 MHz: .06% 1800 MHz:   0% 2088 MHz:   0% 2352 MHz:   0% 2616 MHz:   0% 2868 MHz:   0% 3096 MHz:   0% 3300 MHz:   0% 3468 MHz:   0% 3624 MHz:   0% 3756 MHz:   0% 3828 MHz:   0% 3888 MHz:   0% 3948 MHz:   0% 3996 MHz:   0% 4044 MHz:   0% 4104 MHz:   0% 4416 MHz:   0% 4512 MHz:  18%)
CPU 10 idle residency:   4.40%
CPU 10 down residency:  77.06%
CPU 11 frequency: 4498 MHz
CPU 11 active residency:  12.39% (1260 MHz:   0% 1512 MHz: .06% 1800 MHz:   0% 2088 MHz:   0% 2352 MHz:   0% 2616 MHz:   0% 2868 MHz:   0% 3096 MHz:   0% 3300 MHz:   0% 3468 MHz:   0% 3624 MHz:   0% 3756 MHz:   0% 3828 MHz:   0% 3888 MHz:   0% 3948 MHz:   0% 3996 MHz:   0% 4044 MHz:   0% 4104 MHz:   0% 4416 MHz:   0% 4512 MHz:  12%)
CPU 11 idle residency:   4.73%
CPU 11 down residency:  82.88%
CPU 12 frequency: 4501 MHz
CPU 12 active residency:  16.94% (1260 MHz: .00% 1512 MHz: .06% 1800 MHz:   0% 2088 MHz:   0% 2352 MHz:   0% 2616 MHz:   0% 2868 MHz:   0% 3096 MHz:   0% 3300 MHz:   0% 3468 MHz:   0% 3624 MHz:   0% 3756 MHz:   0% 3828 MHz:   0% 3888 MHz:   0% 3948 MHz:   0% 3996 MHz:   0% 4044 MHz:   0% 4104 MHz:   0% 4416 MHz:   0% 4512 MHz:  17%)
CPU 12 idle residency:   4.45%
CPU 12 down residency:  78.61%
CPU 13 frequency: 4501 MHz
CPU 13 active residency:  16.36% (1260 MHz:   0% 1512 MHz: .06% 1800 MHz:   0% 2088 MHz:   0% 2352 MHz:   0% 2616 MHz:   0% 2868 MHz:   0% 3096 MHz:   0% 3300 MHz:   0% 3468 MHz:   0% 3624 MHz:   0% 3756 MHz:   0% 3828 MHz:   0% 3888 MHz:   0% 3948 MHz:   0% 3996 MHz:   0% 4044 MHz:   0% 4104 MHz:   0% 4416 MHz:   0% 4512 MHz:  16%)
CPU 13 idle residency:   4.46%
CPU 13 down residency:  79.18%
CPU 14 frequency: 4501 MHz
CPU 14 active residency:  16.24% (1260 MHz: .00% 1512 MHz: .06% 1800 MHz:   0% 2088 MHz:   0% 2352 MHz:   0% 2616 MHz:   0% 2868 MHz:   0% 3096 MHz:   0% 3300 MHz:   0% 3468 MHz:   0% 3624 MHz:   0% 3756 MHz:   0% 3828 MHz:   0% 3888 MHz:   0% 3948 MHz:   0% 3996 MHz:   0% 4044 MHz:   0% 4104 MHz:   0% 4416 MHz:   0% 4512 MHz:  16%)
CPU 14 idle residency:   3.90%
CPU 14 down residency:  79.86%
CPU 15 frequency: 4502 MHz
CPU 15 active residency:  16.91% (1260 MHz:   0% 1512 MHz: .06% 1800 MHz:   0% 2088 MHz:   0% 2352 MHz:   0% 2616 MHz:   0% 2868 MHz:   0% 3096 MHz:   0% 3300 MHz:   0% 3468 MHz:   0% 3624 MHz:   0% 3756 MHz:   0% 3828 MHz:   0% 3888 MHz:   0% 3948 MHz:   0% 3996 MHz:   0% 4044 MHz:   0% 4104 MHz:   0% 4416 MHz:   0% 4512 MHz:  17%)
CPU 15 idle residency:   4.50%
CPU 15 down residency:  78.59%

CPU Power: 6415 mW
GPU Power: 22786 mW
ANE Power: 0 mW
Combined Power (CPU + GPU + ANE): 29201 mW

**** GPU usage ****

GPU HW active frequency: 1578 MHz
GPU HW active residency:  99.90% (338 MHz: .02% 618 MHz:   0% 796 MHz:   0% 924 MHz:   0% 952 MHz:   0% 1056 MHz:   0% 1062 MHz:   0% 1182 MHz:   0% 1182 MHz:   0% 1312 MHz:   0% 1242 MHz:   0% 1380 MHz:   0% 1326 MHz:   0% 1470 MHz:   0% 1578 MHz: 100%)
GPU SW requested state: (P1 :   0% P2 :   0% P3 :   0% P4 :   0% P5 :   0% P6 :   0% P7 :   0% P8 :   0% P9 :   0% P10 : 100% P11 :   0% P12 :   0% P13 :   0% P14 :   0% P15 :   0%)
GPU SW state: (SW_P1 : .02% SW_P2 :   0% SW_P3 :   0% SW_P4 :   0% SW_P5 :   0% SW_P6 :   0% SW_P7 :   0% SW_P8 :   0% SW_P9 :   0% SW_P10 : 100% SW_P11 :   0% SW_P12 :   0% SW_P13 :   0% SW_P14 :   0% SW_P15 :   0%)
GPU idle residency:   0.10%
GPU Power: 22605 mW



*** Sampled system activity (Tue Jan 20 15:19:50 2026 +0100) (1020.20ms elapsed) ***


**** Processor usage ****

E-Cluster Online: 100%
E-Cluster HW active frequency: 1494 MHz
E-Cluster HW active residency:  53.61% (1020 MHz:  31% 1404 MHz: 5.3% 1788 MHz: 2.4% 2112 MHz: 2.4% 2352 MHz: 1.7% 2532 MHz: 3.2% 2592 MHz: 7.4%)
E-Cluster idle residency:  46.39%
E-Cluster down residency:   0.00%
CPU 0 frequency: 1531 MHz
CPU 0 active residency:  23.35% (1020 MHz:  13% 1404 MHz: 2.5% 1788 MHz: 1.2% 2112 MHz: 1.2% 2352 MHz: .78% 2532 MHz: 1.2% 2592 MHz: 3.7%)
CPU 0 idle residency:  76.65%
CPU 0 down residency:   0.00%
CPU 1 frequency: 1547 MHz
CPU 1 active residency:  18.77% (1020 MHz: 9.7% 1404 MHz: 2.6% 1788 MHz: .82% 2112 MHz: .90% 2352 MHz: .53% 2532 MHz: .62% 2592 MHz: 3.6%)
CPU 1 idle residency:  81.23%
CPU 1 down residency:   0.00%
CPU 2 frequency: 1627 MHz
CPU 2 active residency:  13.93% (1020 MHz: 6.0% 1404 MHz: 1.8% 1788 MHz: 1.5% 2112 MHz: 1.0% 2352 MHz: .92% 2532 MHz: .06% 2592 MHz: 2.7%)
CPU 2 idle residency:  86.07%
CPU 2 down residency:   0.00%
CPU 3 frequency: 1549 MHz
CPU 3 active residency:   8.02% (1020 MHz: 3.7% 1404 MHz: 1.6% 1788 MHz: .40% 2112 MHz: .58% 2352 MHz: .22% 2532 MHz: .06% 2592 MHz: 1.4%)
CPU 3 idle residency:  91.98%
CPU 3 down residency:   0.00%

P0-Cluster Online: 100%
P0-Cluster HW active frequency: 4066 MHz
P0-Cluster HW active residency:  99.16% (1260 MHz:   0% 1512 MHz:   0% 1800 MHz:   0% 2088 MHz:   0% 2352 MHz:   0% 2616 MHz:   0% 2868 MHz:   0% 3096 MHz:   0% 3300 MHz:   0% 3468 MHz:   0% 3624 MHz:   0% 3756 MHz:   0% 3828 MHz:   0% 3888 MHz:  29% 3948 MHz:  31% 3996 MHz:  10% 4044 MHz: 5.6% 4104 MHz:   0% 4416 MHz: 9.5% 4512 MHz:  14%)
P0-Cluster idle residency:   0.84%
P0-Cluster down residency:   0.00%
CPU 4 frequency: 4512 MHz
CPU 4 active residency:  56.60% (1260 MHz:   0% 1512 MHz:   0% 1800 MHz:   0% 2088 MHz:   0% 2352 MHz:   0% 2616 MHz:   0% 2868 MHz:   0% 3096 MHz:   0% 3300 MHz:   0% 3468 MHz:   0% 3624 MHz:   0% 3756 MHz:   0% 3828 MHz:   0% 3888 MHz:   0% 3948 MHz:   0% 3996 MHz:   0% 4044 MHz:   0% 4104 MHz:   0% 4416 MHz:   0% 4512 MHz:  57%)
CPU 4 idle residency:  43.40%
CPU 4 down residency:   0.00%
CPU 5 frequency: 4512 MHz
CPU 5 active residency:  45.77% (1260 MHz:   0% 1512 MHz:   0% 1800 MHz:   0% 2088 MHz:   0% 2352 MHz:   0% 2616 MHz:   0% 2868 MHz:   0% 3096 MHz:   0% 3300 MHz:   0% 3468 MHz:   0% 3624 MHz:   0% 3756 MHz:   0% 3828 MHz:   0% 3888 MHz:   0% 3948 MHz:   0% 3996 MHz:   0% 4044 MHz:   0% 4104 MHz:   0% 4416 MHz:   0% 4512 MHz:  46%)
CPU 5 idle residency:  54.23%
CPU 5 down residency:   0.00%
CPU 6 frequency: 4512 MHz
CPU 6 active residency:  40.61% (1260 MHz:   0% 1512 MHz:   0% 1800 MHz:   0% 2088 MHz:   0% 2352 MHz:   0% 2616 MHz:   0% 2868 MHz:   0% 3096 MHz:   0% 3300 MHz:   0% 3468 MHz:   0% 3624 MHz:   0% 3756 MHz:   0% 3828 MHz:   0% 3888 MHz:   0% 3948 MHz:   0% 3996 MHz:   0% 4044 MHz:   0% 4104 MHz:   0% 4416 MHz:   0% 4512 MHz:  41%)
CPU 6 idle residency:  59.39%
CPU 6 down residency:   0.00%
CPU 7 frequency: 4512 MHz
CPU 7 active residency:  53.84% (1260 MHz:   0% 1512 MHz:   0% 1800 MHz:   0% 2088 MHz:   0% 2352 MHz:   0% 2616 MHz:   0% 2868 MHz:   0% 3096 MHz:   0% 3300 MHz:   0% 3468 MHz:   0% 3624 MHz:   0% 3756 MHz:   0% 3828 MHz:   0% 3888 MHz:   0% 3948 MHz:   0% 3996 MHz:   0% 4044 MHz:   0% 4104 MHz:   0% 4416 MHz:   0% 4512 MHz:  54%)
CPU 7 idle residency:  46.16%
CPU 7 down residency:   0.00%
CPU 8 frequency: 4512 MHz
CPU 8 active residency:  53.63% (1260 MHz:   0% 1512 MHz:   0% 1800 MHz:   0% 2088 MHz:   0% 2352 MHz:   0% 2616 MHz:   0% 2868 MHz:   0% 3096 MHz:   0% 3300 MHz:   0% 3468 MHz:   0% 3624 MHz:   0% 3756 MHz:   0% 3828 MHz:   0% 3888 MHz:   0% 3948 MHz:   0% 3996 MHz:   0% 4044 MHz:   0% 4104 MHz:   0% 4416 MHz:   0% 4512 MHz:  54%)
CPU 8 idle residency:  46.37%
CPU 8 down residency:   0.00%
CPU 9 frequency: 4512 MHz
CPU 9 active residency:  52.78% (1260 MHz:   0% 1512 MHz:   0% 1800 MHz:   0% 2088 MHz:   0% 2352 MHz:   0% 2616 MHz:   0% 2868 MHz:   0% 3096 MHz:   0% 3300 MHz:   0% 3468 MHz:   0% 3624 MHz:   0% 3756 MHz:   0% 3828 MHz:   0% 3888 MHz:   0% 3948 MHz:   0% 3996 MHz:   0% 4044 MHz:   0% 4104 MHz:   0% 4416 MHz:   0% 4512 MHz:  53%)
CPU 9 idle residency:  47.22%
CPU 9 down residency:   0.00%

P1-Cluster HW active frequency: 2044 MHz
P1-Cluster HW active residency:   1.84% (1260 MHz: 1.1% 1512 MHz: .01% 1800 MHz:   0% 2088 MHz: .26% 2352 MHz:   0% 2616 MHz: .07% 2868 MHz:   0% 3096 MHz:   0% 3300 MHz: .10% 3468 MHz: .03% 3624 MHz: .02% 3756 MHz:   0% 3828 MHz:   0% 3888 MHz: .01% 3948 MHz: .00% 3996 MHz: .05% 4044 MHz:   0% 4104 MHz: .04% 4416 MHz: .03% 4512 MHz: .15%)
P1-Cluster idle residency:   4.74%
P1-Cluster down residency:  93.42%
CPU 10 frequency: 0 MHz
CPU 10 active residency:   0.00% (1260 MHz:   0% 1512 MHz:   0% 1800 MHz:   0% 2088 MHz:   0% 2352 MHz:   0% 2616 MHz:   0% 2868 MHz:   0% 3096 MHz:   0% 3300 MHz:   0% 3468 MHz:   0% 3624 MHz:   0% 3756 MHz:   0% 3828 MHz:   0% 3888 MHz:   0% 3948 MHz:   0% 3996 MHz:   0% 4044 MHz:   0% 4104 MHz:   0% 4416 MHz:   0% 4512 MHz:   0%)
CPU 10 idle residency:   6.38%
CPU 10 down residency:  93.62%
CPU 11 frequency: 0 MHz
CPU 11 active residency:   0.00% (1260 MHz:   0% 1512 MHz:   0% 1800 MHz:   0% 2088 MHz:   0% 2352 MHz:   0% 2616 MHz:   0% 2868 MHz:   0% 3096 MHz:   0% 3300 MHz:   0% 3468 MHz:   0% 3624 MHz:   0% 3756 MHz:   0% 3828 MHz:   0% 3888 MHz:   0% 3948 MHz:   0% 3996 MHz:   0% 4044 MHz:   0% 4104 MHz:   0% 4416 MHz:   0% 4512 MHz:   0%)
CPU 11 idle residency:   6.32%
CPU 11 down residency:  93.68%
CPU 12 frequency: 0 MHz
CPU 12 active residency:   0.00% (1260 MHz:   0% 1512 MHz:   0% 1800 MHz:   0% 2088 MHz:   0% 2352 MHz:   0% 2616 MHz:   0% 2868 MHz:   0% 3096 MHz:   0% 3300 MHz:   0% 3468 MHz:   0% 3624 MHz:   0% 3756 MHz:   0% 3828 MHz:   0% 3888 MHz:   0% 3948 MHz:   0% 3996 MHz:   0% 4044 MHz:   0% 4104 MHz:   0% 4416 MHz:   0% 4512 MHz:   0%)
CPU 12 idle residency:   6.38%
CPU 12 down residency:  93.62%
CPU 13 frequency: 0 MHz
CPU 13 active residency:   0.00% (1260 MHz:   0% 1512 MHz:   0% 1800 MHz:   0% 2088 MHz:   0% 2352 MHz:   0% 2616 MHz:   0% 2868 MHz:   0% 3096 MHz:   0% 3300 MHz:   0% 3468 MHz:   0% 3624 MHz:   0% 3756 MHz:   0% 3828 MHz:   0% 3888 MHz:   0% 3948 MHz:   0% 3996 MHz:   0% 4044 MHz:   0% 4104 MHz:   0% 4416 MHz:   0% 4512 MHz:   0%)
CPU 13 idle residency:   6.39%
CPU 13 down residency:  93.61%
CPU 14 frequency: 0 MHz
CPU 14 active residency:   0.00% (1260 MHz:   0% 1512 MHz:   0% 1800 MHz:   0% 2088 MHz:   0% 2352 MHz:   0% 2616 MHz:   0% 2868 MHz:   0% 3096 MHz:   0% 3300 MHz:   0% 3468 MHz:   0% 3624 MHz:   0% 3756 MHz:   0% 3828 MHz:   0% 3888 MHz:   0% 3948 MHz:   0% 3996 MHz:   0% 4044 MHz:   0% 4104 MHz:   0% 4416 MHz:   0% 4512 MHz:   0%)
CPU 14 idle residency:   6.14%
CPU 14 down residency:  93.86%
CPU 15 frequency: 0 MHz
CPU 15 active residency:   0.00% (1260 MHz:   0% 1512 MHz:   0% 1800 MHz:   0% 2088 MHz:   0% 2352 MHz:   0% 2616 MHz:   0% 2868 MHz:   0% 3096 MHz:   0% 3300 MHz:   0% 3468 MHz:   0% 3624 MHz:   0% 3756 MHz:   0% 3828 MHz:   0% 3888 MHz:   0% 3948 MHz:   0% 3996 MHz:   0% 4044 MHz:   0% 4104 MHz:   0% 4416 MHz:   0% 4512 MHz:   0%)
CPU 15 idle residency:   6.39%
CPU 15 down residency:  93.61%

CPU Power: 6772 mW
GPU Power: 25114 mW
ANE Power: 0 mW
Combined Power (CPU + GPU + ANE): 31886 mW

**** GPU usage ****

GPU HW active frequency: 1578 MHz
GPU HW active residency: 100.00% (338 MHz:   0% 618 MHz:   0% 796 MHz:   0% 924 MHz:   0% 952 MHz:   0% 1056 MHz:   0% 1062 MHz:   0% 1182 MHz:   0% 1182 MHz:   0% 1312 MHz:   0% 1242 MHz:   0% 1380 MHz:   0% 1326 MHz:   0% 1470 MHz:   0% 1578 MHz: 100%)
GPU SW requested state: (P1 :   0% P2 :   0% P3 :   0% P4 :   0% P5 :   0% P6 :   0% P7 :   0% P8 :   0% P9 :   0% P10 : 100% P11 :   0% P12 :   0% P13 :   0% P14 :   0% P15 :   0%)
GPU SW state: (SW_P1 :   0% SW_P2 :   0% SW_P3 :   0% SW_P4 :   0% SW_P5 :   0% SW_P6 :   0% SW_P7 :   0% SW_P8 :   0% SW_P9 :   0% SW_P10 : 100% SW_P11 :   0% SW_P12 :   0% SW_P13 :   0% SW_P14 :   0% SW_P15 :   0%)
GPU idle residency:   0.00%
GPU Power: 25335 mW



*** Sampled system activity (Tue Jan 20 15:19:51 2026 +0100) (1021.11ms elapsed) ***


**** Processor usage ****

E-Cluster Online: 100%
E-Cluster HW active frequency: 1200 MHz
E-Cluster HW active residency:  44.33% (1020 MHz:  37% 1404 MHz: 1.2% 1788 MHz: 1.5% 2112 MHz: 2.0% 2352 MHz: 1.5% 2532 MHz:   0% 2592 MHz: 1.4%)
E-Cluster idle residency:  55.67%
E-Cluster down residency:   0.00%
CPU 0 frequency: 1235 MHz
CPU 0 active residency:  19.49% (1020 MHz:  15% 1404 MHz: .86% 1788 MHz: .75% 2112 MHz: 1.2% 2352 MHz: .89% 2532 MHz:   0% 2592 MHz: .51%)
CPU 0 idle residency:  80.51%
CPU 0 down residency:   0.00%
CPU 1 frequency: 1307 MHz
CPU 1 active residency:  12.85% (1020 MHz: 9.3% 1404 MHz: .61% 1788 MHz: .54% 2112 MHz: 1.2% 2352 MHz: .63% 2532 MHz:   0% 2592 MHz: .57%)
CPU 1 idle residency:  87.15%
CPU 1 down residency:   0.00%
CPU 2 frequency: 1322 MHz
CPU 2 active residency:   7.71% (1020 MHz: 5.3% 1404 MHz: .53% 1788 MHz: .52% 2112 MHz: .72% 2352 MHz: .47% 2532 MHz:   0% 2592 MHz: .20%)
CPU 2 idle residency:  92.29%
CPU 2 down residency:   0.00%
CPU 3 frequency: 1283 MHz
CPU 3 active residency:   6.63% (1020 MHz: 4.9% 1404 MHz: .29% 1788 MHz: .21% 2112 MHz: .72% 2352 MHz: .36% 2532 MHz:   0% 2592 MHz: .13%)
CPU 3 idle residency:  93.37%
CPU 3 down residency:   0.00%

P0-Cluster Online: 100%
P0-Cluster HW active frequency: 4049 MHz
P0-Cluster HW active residency:  99.28% (1260 MHz:   0% 1512 MHz:   0% 1800 MHz:   0% 2088 MHz:   0% 2352 MHz:   0% 2616 MHz:   0% 2868 MHz:   0% 3096 MHz:   0% 3300 MHz:   0% 3468 MHz:   0% 3624 MHz:   0% 3756 MHz:   0% 3828 MHz:   0% 3888 MHz:  35% 3948 MHz:  28% 3996 MHz:  10% 4044 MHz: 5.6% 4104 MHz:   0% 4416 MHz: 9.1% 4512 MHz:  12%)
P0-Cluster idle residency:   0.72%
P0-Cluster down residency:   0.00%
CPU 4 frequency: 4512 MHz
CPU 4 active residency:  54.93% (1260 MHz:   0% 1512 MHz:   0% 1800 MHz:   0% 2088 MHz:   0% 2352 MHz:   0% 2616 MHz:   0% 2868 MHz:   0% 3096 MHz:   0% 3300 MHz:   0% 3468 MHz:   0% 3624 MHz:   0% 3756 MHz:   0% 3828 MHz:   0% 3888 MHz:   0% 3948 MHz:   0% 3996 MHz:   0% 4044 MHz:   0% 4104 MHz:   0% 4416 MHz:   0% 4512 MHz:  55%)
CPU 4 idle residency:  45.07%
CPU 4 down residency:   0.00%
CPU 5 frequency: 4512 MHz
CPU 5 active residency:  59.93% (1260 MHz:   0% 1512 MHz:   0% 1800 MHz:   0% 2088 MHz:   0% 2352 MHz:   0% 2616 MHz:   0% 2868 MHz:   0% 3096 MHz:   0% 3300 MHz:   0% 3468 MHz:   0% 3624 MHz:   0% 3756 MHz:   0% 3828 MHz:   0% 3888 MHz:   0% 3948 MHz:   0% 3996 MHz:   0% 4044 MHz:   0% 4104 MHz:   0% 4416 MHz:   0% 4512 MHz:  60%)
CPU 5 idle residency:  40.07%
CPU 5 down residency:   0.00%
CPU 6 frequency: 4512 MHz
CPU 6 active residency:  44.65% (1260 MHz:   0% 1512 MHz:   0% 1800 MHz:   0% 2088 MHz:   0% 2352 MHz:   0% 2616 MHz:   0% 2868 MHz:   0% 3096 MHz:   0% 3300 MHz:   0% 3468 MHz:   0% 3624 MHz:   0% 3756 MHz:   0% 3828 MHz:   0% 3888 MHz:   0% 3948 MHz:   0% 3996 MHz:   0% 4044 MHz:   0% 4104 MHz:   0% 4416 MHz:   0% 4512 MHz:  45%)
CPU 6 idle residency:  55.35%
CPU 6 down residency:   0.00%
CPU 7 frequency: 4512 MHz
CPU 7 active residency:  49.61% (1260 MHz:   0% 1512 MHz:   0% 1800 MHz:   0% 2088 MHz:   0% 2352 MHz:   0% 2616 MHz:   0% 2868 MHz:   0% 3096 MHz:   0% 3300 MHz:   0% 3468 MHz:   0% 3624 MHz:   0% 3756 MHz:   0% 3828 MHz:   0% 3888 MHz:   0% 3948 MHz:   0% 3996 MHz:   0% 4044 MHz:   0% 4104 MHz:   0% 4416 MHz:   0% 4512 MHz:  50%)
CPU 7 idle residency:  50.39%
CPU 7 down residency:   0.00%
CPU 8 frequency: 4512 MHz
CPU 8 active residency:  61.78% (1260 MHz:   0% 1512 MHz:   0% 1800 MHz:   0% 2088 MHz:   0% 2352 MHz:   0% 2616 MHz:   0% 2868 MHz:   0% 3096 MHz:   0% 3300 MHz:   0% 3468 MHz:   0% 3624 MHz:   0% 3756 MHz:   0% 3828 MHz:   0% 3888 MHz:   0% 3948 MHz:   0% 3996 MHz:   0% 4044 MHz:   0% 4104 MHz:   0% 4416 MHz:   0% 4512 MHz:  62%)
CPU 8 idle residency:  38.22%
CPU 8 down residency:   0.00%
CPU 9 frequency: 4512 MHz
CPU 9 active residency:  47.15% (1260 MHz:   0% 1512 MHz:   0% 1800 MHz:   0% 2088 MHz:   0% 2352 MHz:   0% 2616 MHz:   0% 2868 MHz:   0% 3096 MHz:   0% 3300 MHz:   0% 3468 MHz:   0% 3624 MHz:   0% 3756 MHz:   0% 3828 MHz:   0% 3888 MHz:   0% 3948 MHz:   0% 3996 MHz:   0% 4044 MHz:   0% 4104 MHz:   0% 4416 MHz:   0% 4512 MHz:  47%)
CPU 9 idle residency:  52.85%
CPU 9 down residency:   0.00%

P1-Cluster HW active frequency: 2345 MHz
P1-Cluster HW active residency:   1.61% (1260 MHz: 1.0% 1512 MHz:   0% 1800 MHz: .07% 2088 MHz:   0% 2352 MHz:   0% 2616 MHz:   0% 2868 MHz:   0% 3096 MHz:   0% 3300 MHz:   0% 3468 MHz:   0% 3624 MHz:   0% 3756 MHz:   0% 3828 MHz:   0% 3888 MHz: .03% 3948 MHz: .02% 3996 MHz:   0% 4044 MHz:   0% 4104 MHz:   0% 4416 MHz: .03% 4512 MHz: .45%)
P1-Cluster idle residency:   3.09%
P1-Cluster down residency:  95.30%
CPU 10 frequency: 0 MHz
CPU 10 active residency:   0.00% (1260 MHz:   0% 1512 MHz:   0% 1800 MHz:   0% 2088 MHz:   0% 2352 MHz:   0% 2616 MHz:   0% 2868 MHz:   0% 3096 MHz:   0% 3300 MHz:   0% 3468 MHz:   0% 3624 MHz:   0% 3756 MHz:   0% 3828 MHz:   0% 3888 MHz:   0% 3948 MHz:   0% 3996 MHz:   0% 4044 MHz:   0% 4104 MHz:   0% 4416 MHz:   0% 4512 MHz:   0%)
CPU 10 idle residency:   4.60%
CPU 10 down residency:  95.40%
CPU 11 frequency: 0 MHz
CPU 11 active residency:   0.00% (1260 MHz:   0% 1512 MHz:   0% 1800 MHz:   0% 2088 MHz:   0% 2352 MHz:   0% 2616 MHz:   0% 2868 MHz:   0% 3096 MHz:   0% 3300 MHz:   0% 3468 MHz:   0% 3624 MHz:   0% 3756 MHz:   0% 3828 MHz:   0% 3888 MHz:   0% 3948 MHz:   0% 3996 MHz:   0% 4044 MHz:   0% 4104 MHz:   0% 4416 MHz:   0% 4512 MHz:   0%)
CPU 11 idle residency:   4.60%
CPU 11 down residency:  95.40%
CPU 12 frequency: 0 MHz
CPU 12 active residency:   0.00% (1260 MHz:   0% 1512 MHz:   0% 1800 MHz:   0% 2088 MHz:   0% 2352 MHz:   0% 2616 MHz:   0% 2868 MHz:   0% 3096 MHz:   0% 3300 MHz:   0% 3468 MHz:   0% 3624 MHz:   0% 3756 MHz:   0% 3828 MHz:   0% 3888 MHz:   0% 3948 MHz:   0% 3996 MHz:   0% 4044 MHz:   0% 4104 MHz:   0% 4416 MHz:   0% 4512 MHz:   0%)
CPU 12 idle residency:   4.48%
CPU 12 down residency:  95.52%
CPU 13 frequency: 0 MHz
CPU 13 active residency:   0.00% (1260 MHz:   0% 1512 MHz:   0% 1800 MHz:   0% 2088 MHz:   0% 2352 MHz:   0% 2616 MHz:   0% 2868 MHz:   0% 3096 MHz:   0% 3300 MHz:   0% 3468 MHz:   0% 3624 MHz:   0% 3756 MHz:   0% 3828 MHz:   0% 3888 MHz:   0% 3948 MHz:   0% 3996 MHz:   0% 4044 MHz:   0% 4104 MHz:   0% 4416 MHz:   0% 4512 MHz:   0%)
CPU 13 idle residency:   4.58%
CPU 13 down residency:  95.42%
CPU 14 frequency: 0 MHz
CPU 14 active residency:   0.00% (1260 MHz:   0% 1512 MHz:   0% 1800 MHz:   0% 2088 MHz:   0% 2352 MHz:   0% 2616 MHz:   0% 2868 MHz:   0% 3096 MHz:   0% 3300 MHz:   0% 3468 MHz:   0% 3624 MHz:   0% 3756 MHz:   0% 3828 MHz:   0% 3888 MHz:   0% 3948 MHz:   0% 3996 MHz:   0% 4044 MHz:   0% 4104 MHz:   0% 4416 MHz:   0% 4512 MHz:   0%)
CPU 14 idle residency:   4.58%
CPU 14 down residency:  95.42%
CPU 15 frequency: 0 MHz
CPU 15 active residency:   0.00% (1260 MHz:   0% 1512 MHz:   0% 1800 MHz:   0% 2088 MHz:   0% 2352 MHz:   0% 2616 MHz:   0% 2868 MHz:   0% 3096 MHz:   0% 3300 MHz:   0% 3468 MHz:   0% 3624 MHz:   0% 3756 MHz:   0% 3828 MHz:   0% 3888 MHz:   0% 3948 MHz:   0% 3996 MHz:   0% 4044 MHz:   0% 4104 MHz:   0% 4416 MHz:   0% 4512 MHz:   0%)
CPU 15 idle residency:   4.62%
CPU 15 down residency:  95.38%

CPU Power: 6689 mW
GPU Power: 26402 mW
ANE Power: 0 mW
Combined Power (CPU + GPU + ANE): 33090 mW

**** GPU usage ****

GPU HW active frequency: 1578 MHz
GPU HW active residency:  99.98% (338 MHz: .01% 618 MHz:   0% 796 MHz:   0% 924 MHz:   0% 952 MHz:   0% 1056 MHz:   0% 1062 MHz:   0% 1182 MHz:   0% 1182 MHz:   0% 1312 MHz:   0% 1242 MHz:   0% 1380 MHz:   0% 1326 MHz:   0% 1470 MHz:   0% 1578 MHz: 100%)
GPU SW requested state: (P1 :   0% P2 :   0% P3 :   0% P4 :   0% P5 :   0% P6 :   0% P7 :   0% P8 :   0% P9 :   0% P10 : 100% P11 :   0% P12 :   0% P13 :   0% P14 :   0% P15 :   0%)
GPU SW state: (SW_P1 : .01% SW_P2 :   0% SW_P3 :   0% SW_P4 :   0% SW_P5 :   0% SW_P6 :   0% SW_P7 :   0% SW_P8 :   0% SW_P9 :   0% SW_P10 : 100% SW_P11 :   0% SW_P12 :   0% SW_P13 :   0% SW_P14 :   0% SW_P15 :   0%)
GPU idle residency:   0.02%
GPU Power: 26395 mW



*** Sampled system activity (Tue Jan 20 15:19:52 2026 +0100) (1021.65ms elapsed) ***


**** Processor usage ****

E-Cluster Online: 100%
E-Cluster HW active frequency: 1249 MHz
E-Cluster HW active residency:  51.36% (1020 MHz:  40% 1404 MHz: 3.7% 1788 MHz: 1.5% 2112 MHz: 1.7% 2352 MHz: 1.7% 2532 MHz: .07% 2592 MHz: 3.2%)
E-Cluster idle residency:  48.64%
E-Cluster down residency:   0.00%
CPU 0 frequency: 1295 MHz
CPU 0 active residency:  23.22% (1020 MHz:  16% 1404 MHz: 2.5% 1788 MHz: 1.2% 2112 MHz: 1.1% 2352 MHz: .93% 2532 MHz: .03% 2592 MHz: 1.3%)
CPU 0 idle residency:  76.78%
CPU 0 down residency:   0.00%
CPU 1 frequency: 1276 MHz
CPU 1 active residency:  11.81% (1020 MHz: 8.8% 1404 MHz: .68% 1788 MHz: .57% 2112 MHz: .64% 2352 MHz: .28% 2532 MHz: .02% 2592 MHz: .78%)
CPU 1 idle residency:  88.19%
CPU 1 down residency:   0.00%
CPU 2 frequency: 1377 MHz
CPU 2 active residency:   7.98% (1020 MHz: 5.0% 1404 MHz: .93% 1788 MHz: .45% 2112 MHz: .29% 2352 MHz: .71% 2532 MHz: .03% 2592 MHz: .53%)
CPU 2 idle residency:  92.02%
CPU 2 down residency:   0.00%
CPU 3 frequency: 1199 MHz
CPU 3 active residency:   5.20% (1020 MHz: 4.0% 1404 MHz: .48% 1788 MHz: .32% 2112 MHz: .15% 2352 MHz: .05% 2532 MHz:   0% 2592 MHz: .18%)
CPU 3 idle residency:  94.80%
CPU 3 down residency:   0.00%

P0-Cluster Online: 100%
P0-Cluster HW active frequency: 4002 MHz
P0-Cluster HW active residency:  99.52% (1260 MHz:   0% 1512 MHz:   0% 1800 MHz:   0% 2088 MHz:   0% 2352 MHz:   0% 2616 MHz:   0% 2868 MHz:   0% 3096 MHz:   0% 3300 MHz:   0% 3468 MHz:   0% 3624 MHz:   0% 3756 MHz:   0% 3828 MHz: .00% 3888 MHz:  46% 3948 MHz:  28% 3996 MHz: 6.8% 4044 MHz: 4.4% 4104 MHz:   0% 4416 MHz: 6.2% 4512 MHz: 7.9%)
P0-Cluster idle residency:   0.48%
P0-Cluster down residency:   0.00%
CPU 4 frequency: 4512 MHz
CPU 4 active residency:  67.98% (1260 MHz:   0% 1512 MHz:   0% 1800 MHz:   0% 2088 MHz:   0% 2352 MHz:   0% 2616 MHz:   0% 2868 MHz:   0% 3096 MHz:   0% 3300 MHz:   0% 3468 MHz:   0% 3624 MHz:   0% 3756 MHz:   0% 3828 MHz:   0% 3888 MHz:   0% 3948 MHz:   0% 3996 MHz:   0% 4044 MHz:   0% 4104 MHz:   0% 4416 MHz:   0% 4512 MHz:  68%)
CPU 4 idle residency:  32.02%
CPU 4 down residency:   0.00%
CPU 5 frequency: 4512 MHz
CPU 5 active residency:  69.69% (1260 MHz:   0% 1512 MHz:   0% 1800 MHz:   0% 2088 MHz:   0% 2352 MHz:   0% 2616 MHz:   0% 2868 MHz:   0% 3096 MHz:   0% 3300 MHz:   0% 3468 MHz:   0% 3624 MHz:   0% 3756 MHz:   0% 3828 MHz:   0% 3888 MHz:   0% 3948 MHz:   0% 3996 MHz:   0% 4044 MHz:   0% 4104 MHz:   0% 4416 MHz:   0% 4512 MHz:  70%)
CPU 5 idle residency:  30.31%
CPU 5 down residency:   0.00%
CPU 6 frequency: 4512 MHz
CPU 6 active residency:  60.24% (1260 MHz:   0% 1512 MHz:   0% 1800 MHz:   0% 2088 MHz:   0% 2352 MHz:   0% 2616 MHz:   0% 2868 MHz:   0% 3096 MHz:   0% 3300 MHz:   0% 3468 MHz:   0% 3624 MHz:   0% 3756 MHz:   0% 3828 MHz:   0% 3888 MHz:   0% 3948 MHz:   0% 3996 MHz:   0% 4044 MHz:   0% 4104 MHz:   0% 4416 MHz:   0% 4512 MHz:  60%)
CPU 6 idle residency:  39.76%
CPU 6 down residency:   0.00%
CPU 7 frequency: 4512 MHz
CPU 7 active residency:  64.19% (1260 MHz:   0% 1512 MHz:   0% 1800 MHz:   0% 2088 MHz:   0% 2352 MHz:   0% 2616 MHz:   0% 2868 MHz:   0% 3096 MHz:   0% 3300 MHz:   0% 3468 MHz:   0% 3624 MHz:   0% 3756 MHz:   0% 3828 MHz:   0% 3888 MHz:   0% 3948 MHz:   0% 3996 MHz:   0% 4044 MHz:   0% 4104 MHz:   0% 4416 MHz:   0% 4512 MHz:  64%)
CPU 7 idle residency:  35.81%
CPU 7 down residency:   0.00%
CPU 8 frequency: 4512 MHz
CPU 8 active residency:  60.28% (1260 MHz:   0% 1512 MHz:   0% 1800 MHz:   0% 2088 MHz:   0% 2352 MHz:   0% 2616 MHz:   0% 2868 MHz:   0% 3096 MHz:   0% 3300 MHz:   0% 3468 MHz:   0% 3624 MHz:   0% 3756 MHz:   0% 3828 MHz:   0% 3888 MHz:   0% 3948 MHz:   0% 3996 MHz:   0% 4044 MHz:   0% 4104 MHz:   0% 4416 MHz:   0% 4512 MHz:  60%)
CPU 8 idle residency:  39.72%
CPU 8 down residency:   0.00%
CPU 9 frequency: 4512 MHz
CPU 9 active residency:  53.11% (1260 MHz:   0% 1512 MHz:   0% 1800 MHz:   0% 2088 MHz:   0% 2352 MHz:   0% 2616 MHz:   0% 2868 MHz:   0% 3096 MHz:   0% 3300 MHz:   0% 3468 MHz:   0% 3624 MHz:   0% 3756 MHz:   0% 3828 MHz:   0% 3888 MHz:   0% 3948 MHz:   0% 3996 MHz:   0% 4044 MHz:   0% 4104 MHz:   0% 4416 MHz:   0% 4512 MHz:  53%)
CPU 9 idle residency:  46.89%
CPU 9 down residency:   0.00%

P1-Cluster HW active frequency: 2671 MHz
P1-Cluster HW active residency:   3.34% (1260 MHz: 1.8% 1512 MHz:   0% 1800 MHz:   0% 2088 MHz:   0% 2352 MHz:   0% 2616 MHz:   0% 2868 MHz:   0% 3096 MHz:   0% 3300 MHz:   0% 3468 MHz:   0% 3624 MHz:   0% 3756 MHz:   0% 3828 MHz:   0% 3888 MHz: .05% 3948 MHz: .01% 3996 MHz: .00% 4044 MHz: .19% 4104 MHz:   0% 4416 MHz: .11% 4512 MHz: 1.1%)
P1-Cluster idle residency:   6.12%
P1-Cluster down residency:  90.54%
CPU 10 frequency: 3765 MHz
CPU 10 active residency:   0.70% (1260 MHz: .01% 1512 MHz: .09% 1800 MHz: .03% 2088 MHz:   0% 2352 MHz:   0% 2616 MHz: .03% 2868 MHz:   0% 3096 MHz:   0% 3300 MHz: .01% 3468 MHz: .03% 3624 MHz: .02% 3756 MHz:   0% 3828 MHz:   0% 3888 MHz:   0% 3948 MHz:   0% 3996 MHz: .01% 4044 MHz:   0% 4104 MHz:   0% 4416 MHz: .02% 4512 MHz: .44%)
CPU 10 idle residency:   9.00%
CPU 10 down residency:  90.30%
CPU 11 frequency: 3806 MHz
CPU 11 active residency:   0.76% (1260 MHz: .01% 1512 MHz: .09% 1800 MHz: .03% 2088 MHz:   0% 2352 MHz:   0% 2616 MHz: .03% 2868 MHz:   0% 3096 MHz:   0% 3300 MHz: .01% 3468 MHz: .03% 3624 MHz: .02% 3756 MHz:   0% 3828 MHz:   0% 3888 MHz:   0% 3948 MHz:   0% 3996 MHz: .01% 4044 MHz:   0% 4104 MHz:   0% 4416 MHz: .02% 4512 MHz: .49%)
CPU 11 idle residency:   8.97%
CPU 11 down residency:  90.26%
CPU 12 frequency: 3649 MHz
CPU 12 active residency:   0.88% (1260 MHz: .02% 1512 MHz: .09% 1800 MHz: .11% 2088 MHz:   0% 2352 MHz:   0% 2616 MHz: .03% 2868 MHz:   0% 3096 MHz:   0% 3300 MHz: .01% 3468 MHz: .03% 3624 MHz: .02% 3756 MHz:   0% 3828 MHz:   0% 3888 MHz:   0% 3948 MHz:   0% 3996 MHz: .01% 4044 MHz:   0% 4104 MHz:   0% 4416 MHz: .02% 4512 MHz: .53%)
CPU 12 idle residency:   8.64%
CPU 12 down residency:  90.47%
CPU 13 frequency: 3814 MHz
CPU 13 active residency:   0.83% (1260 MHz: .02% 1512 MHz: .09% 1800 MHz: .04% 2088 MHz:   0% 2352 MHz:   0% 2616 MHz: .03% 2868 MHz:   0% 3096 MHz:   0% 3300 MHz: .01% 3468 MHz: .03% 3624 MHz: .02% 3756 MHz:   0% 3828 MHz:   0% 3888 MHz:   0% 3948 MHz:   0% 3996 MHz: .01% 4044 MHz:   0% 4104 MHz:   0% 4416 MHz: .02% 4512 MHz: .55%)
CPU 13 idle residency:   8.96%
CPU 13 down residency:  90.20%
CPU 14 frequency: 3387 MHz
CPU 14 active residency:   1.08% (1260 MHz: .02% 1512 MHz: .09% 1800 MHz: .04% 2088 MHz: .26% 2352 MHz:   0% 2616 MHz: .03% 2868 MHz:   0% 3096 MHz:   0% 3300 MHz: .01% 3468 MHz: .03% 3624 MHz: .02% 3756 MHz:   0% 3828 MHz:   0% 3888 MHz:   0% 3948 MHz:   0% 3996 MHz: .01% 4044 MHz:   0% 4104 MHz:   0% 4416 MHz: .02% 4512 MHz: .54%)
CPU 14 idle residency:   8.92%
CPU 14 down residency:  90.00%
CPU 15 frequency: 3784 MHz
CPU 15 active residency:   0.69% (1260 MHz:   0% 1512 MHz: .09% 1800 MHz: .03% 2088 MHz:   0% 2352 MHz:   0% 2616 MHz: .03% 2868 MHz:   0% 3096 MHz:   0% 3300 MHz: .01% 3468 MHz: .03% 3624 MHz: .02% 3756 MHz:   0% 3828 MHz:   0% 3888 MHz:   0% 3948 MHz:   0% 3996 MHz: .01% 4044 MHz:   0% 4104 MHz:   0% 4416 MHz: .02% 4512 MHz: .43%)
CPU 15 idle residency:   9.01%
CPU 15 down residency:  90.30%

CPU Power: 7076 mW
GPU Power: 26020 mW
ANE Power: 0 mW
Combined Power (CPU + GPU + ANE): 33095 mW

**** GPU usage ****

GPU HW active frequency: 1578 MHz
GPU HW active residency: 100.00% (338 MHz:   0% 618 MHz:   0% 796 MHz:   0% 924 MHz:   0% 952 MHz:   0% 1056 MHz:   0% 1062 MHz:   0% 1182 MHz:   0% 1182 MHz:   0% 1312 MHz:   0% 1242 MHz:   0% 1380 MHz:   0% 1326 MHz:   0% 1470 MHz:   0% 1578 MHz: 100%)
GPU SW requested state: (P1 :   0% P2 :   0% P3 :   0% P4 :   0% P5 :   0% P6 :   0% P7 :   0% P8 :   0% P9 :   0% P10 : 100% P11 :   0% P12 :   0% P13 :   0% P14 :   0% P15 :   0%)
GPU SW state: (SW_P1 :   0% SW_P2 :   0% SW_P3 :   0% SW_P4 :   0% SW_P5 :   0% SW_P6 :   0% SW_P7 :   0% SW_P8 :   0% SW_P9 :   0% SW_P10 : 100% SW_P11 :   0% SW_P12 :   0% SW_P13 :   0% SW_P14 :   0% SW_P15 :   0%)
GPU idle residency:   0.00%
GPU Power: 26022 mW



*** Sampled system activity (Tue Jan 20 15:19:53 2026 +0100) (1021.45ms elapsed) ***


**** Processor usage ****

E-Cluster Online: 100%
E-Cluster HW active frequency: 1156 MHz
E-Cluster HW active residency:  43.71% (1020 MHz:  38% 1404 MHz: 1.3% 1788 MHz: .93% 2112 MHz: 1.6% 2352 MHz: 1.2% 2532 MHz: .07% 2592 MHz: .85%)
E-Cluster idle residency:  56.29%
E-Cluster down residency:   0.00%
CPU 0 frequency: 1240 MHz
CPU 0 active residency:  19.77% (1020 MHz:  15% 1404 MHz: 1.1% 1788 MHz: .90% 2112 MHz: 1.4% 2352 MHz: .76% 2532 MHz: .03% 2592 MHz: .40%)
CPU 0 idle residency:  80.23%
CPU 0 down residency:   0.00%
CPU 1 frequency: 1176 MHz
CPU 1 active residency:  10.94% (1020 MHz: 9.2% 1404 MHz: .39% 1788 MHz: .13% 2112 MHz: .66% 2352 MHz: .46% 2532 MHz: .00% 2592 MHz: .08%)
CPU 1 idle residency:  89.06%
CPU 1 down residency:   0.00%
CPU 2 frequency: 1171 MHz
CPU 2 active residency:   6.22% (1020 MHz: 5.2% 1404 MHz: .22% 1788 MHz: .05% 2112 MHz: .58% 2352 MHz: .08% 2532 MHz: .00% 2592 MHz: .05%)
CPU 2 idle residency:  93.78%
CPU 2 down residency:   0.00%
CPU 3 frequency: 1208 MHz
CPU 3 active residency:   5.39% (1020 MHz: 4.4% 1404 MHz: .16% 1788 MHz: .06% 2112 MHz: .53% 2352 MHz: .18% 2532 MHz:   0% 2592 MHz: .06%)
CPU 3 idle residency:  94.61%
CPU 3 down residency:   0.00%

P0-Cluster Online: 25%
P0-Cluster HW active frequency: 4079 MHz
P0-Cluster HW active residency:  25.58% (1260 MHz: .04% 1512 MHz:   0% 1800 MHz: .07% 2088 MHz:   0% 2352 MHz:   0% 2616 MHz:   0% 2868 MHz:   0% 3096 MHz:   0% 3300 MHz:   0% 3468 MHz:   0% 3624 MHz:   0% 3756 MHz:   0% 3828 MHz:   0% 3888 MHz: 4.9% 3948 MHz:  11% 3996 MHz: .85% 4044 MHz: 1.2% 4104 MHz:   0% 4416 MHz: 3.3% 4512 MHz: 3.9%)
P0-Cluster idle residency:   0.29%
P0-Cluster down residency:  74.13%
CPU 4 frequency: 4512 MHz
CPU 4 active residency:   0.46% (1260 MHz:   0% 1512 MHz:   0% 1800 MHz:   0% 2088 MHz:   0% 2352 MHz:   0% 2616 MHz:   0% 2868 MHz:   0% 3096 MHz:   0% 3300 MHz:   0% 3468 MHz:   0% 3624 MHz:   0% 3756 MHz:   0% 3828 MHz:   0% 3888 MHz:   0% 3948 MHz:   0% 3996 MHz:   0% 4044 MHz:   0% 4104 MHz:   0% 4416 MHz:   0% 4512 MHz: .46%)
CPU 4 idle residency:  10.85%
CPU 4 down residency:  88.69%
CPU 5 frequency: 4512 MHz
CPU 5 active residency:   0.41% (1260 MHz:   0% 1512 MHz:   0% 1800 MHz:   0% 2088 MHz:   0% 2352 MHz:   0% 2616 MHz:   0% 2868 MHz:   0% 3096 MHz:   0% 3300 MHz:   0% 3468 MHz:   0% 3624 MHz:   0% 3756 MHz:   0% 3828 MHz:   0% 3888 MHz:   0% 3948 MHz:   0% 3996 MHz:   0% 4044 MHz:   0% 4104 MHz:   0% 4416 MHz:   0% 4512 MHz: .41%)
CPU 5 idle residency:  12.66%
CPU 5 down residency:  86.93%
CPU 6 frequency: 4512 MHz
CPU 6 active residency:   0.02% (1260 MHz:   0% 1512 MHz:   0% 1800 MHz:   0% 2088 MHz:   0% 2352 MHz:   0% 2616 MHz:   0% 2868 MHz:   0% 3096 MHz:   0% 3300 MHz:   0% 3468 MHz:   0% 3624 MHz:   0% 3756 MHz:   0% 3828 MHz:   0% 3888 MHz:   0% 3948 MHz:   0% 3996 MHz:   0% 4044 MHz:   0% 4104 MHz:   0% 4416 MHz:   0% 4512 MHz: .02%)
CPU 6 idle residency:  13.86%
CPU 6 down residency:  86.12%
CPU 7 frequency: 4512 MHz
CPU 7 active residency:   0.02% (1260 MHz:   0% 1512 MHz:   0% 1800 MHz:   0% 2088 MHz:   0% 2352 MHz:   0% 2616 MHz:   0% 2868 MHz:   0% 3096 MHz:   0% 3300 MHz:   0% 3468 MHz:   0% 3624 MHz:   0% 3756 MHz:   0% 3828 MHz:   0% 3888 MHz:   0% 3948 MHz:   0% 3996 MHz:   0% 4044 MHz:   0% 4104 MHz:   0% 4416 MHz:   0% 4512 MHz: .02%)
CPU 7 idle residency:  22.24%
CPU 7 down residency:  77.75%
CPU 8 frequency: 4512 MHz
CPU 8 active residency:   0.48% (1260 MHz:   0% 1512 MHz:   0% 1800 MHz:   0% 2088 MHz:   0% 2352 MHz:   0% 2616 MHz:   0% 2868 MHz:   0% 3096 MHz:   0% 3300 MHz:   0% 3468 MHz:   0% 3624 MHz:   0% 3756 MHz:   0% 3828 MHz:   0% 3888 MHz:   0% 3948 MHz:   0% 3996 MHz:   0% 4044 MHz:   0% 4104 MHz:   0% 4416 MHz:   0% 4512 MHz: .48%)
CPU 8 idle residency:  14.37%
CPU 8 down residency:  85.15%
CPU 9 frequency: 4512 MHz
CPU 9 active residency:   1.03% (1260 MHz:   0% 1512 MHz:   0% 1800 MHz:   0% 2088 MHz:   0% 2352 MHz:   0% 2616 MHz:   0% 2868 MHz:   0% 3096 MHz:   0% 3300 MHz:   0% 3468 MHz:   0% 3624 MHz:   0% 3756 MHz:   0% 3828 MHz:   0% 3888 MHz:   0% 3948 MHz:   0% 3996 MHz:   0% 4044 MHz:   0% 4104 MHz:   0% 4416 MHz:   0% 4512 MHz: 1.0%)
CPU 9 idle residency:  14.75%
CPU 9 down residency:  84.22%

P1-Cluster HW active frequency: 4007 MHz
P1-Cluster HW active residency:  74.52% (1260 MHz: .05% 1512 MHz:   0% 1800 MHz:   0% 2088 MHz:   0% 2352 MHz:   0% 2616 MHz:   0% 2868 MHz:   0% 3096 MHz:   0% 3300 MHz:   0% 3468 MHz:   0% 3624 MHz:   0% 3756 MHz:   0% 3828 MHz:   0% 3888 MHz:  32% 3948 MHz:  20% 3996 MHz: 8.0% 4044 MHz: 3.6% 4104 MHz:   0% 4416 MHz: 4.5% 4512 MHz: 6.4%)
P1-Cluster idle residency:   0.34%
P1-Cluster down residency:  25.14%
CPU 10 frequency: 4512 MHz
CPU 10 active residency:  30.74% (1260 MHz: .00% 1512 MHz:   0% 1800 MHz:   0% 2088 MHz:   0% 2352 MHz:   0% 2616 MHz:   0% 2868 MHz:   0% 3096 MHz:   0% 3300 MHz:   0% 3468 MHz:   0% 3624 MHz:   0% 3756 MHz:   0% 3828 MHz:   0% 3888 MHz:   0% 3948 MHz:   0% 3996 MHz:   0% 4044 MHz:   0% 4104 MHz:   0% 4416 MHz:   0% 4512 MHz:  31%)
CPU 10 idle residency:  44.18%
CPU 10 down residency:  25.08%
CPU 11 frequency: 4512 MHz
CPU 11 active residency:  45.84% (1260 MHz: .00% 1512 MHz:   0% 1800 MHz:   0% 2088 MHz:   0% 2352 MHz:   0% 2616 MHz:   0% 2868 MHz:   0% 3096 MHz:   0% 3300 MHz:   0% 3468 MHz:   0% 3624 MHz:   0% 3756 MHz:   0% 3828 MHz:   0% 3888 MHz:   0% 3948 MHz:   0% 3996 MHz:   0% 4044 MHz:   0% 4104 MHz:   0% 4416 MHz:   0% 4512 MHz:  46%)
CPU 11 idle residency:  29.08%
CPU 11 down residency:  25.08%
CPU 12 frequency: 4512 MHz
CPU 12 active residency:  50.39% (1260 MHz: .00% 1512 MHz:   0% 1800 MHz:   0% 2088 MHz:   0% 2352 MHz:   0% 2616 MHz:   0% 2868 MHz:   0% 3096 MHz:   0% 3300 MHz:   0% 3468 MHz:   0% 3624 MHz:   0% 3756 MHz:   0% 3828 MHz:   0% 3888 MHz:   0% 3948 MHz:   0% 3996 MHz:   0% 4044 MHz:   0% 4104 MHz:   0% 4416 MHz:   0% 4512 MHz:  50%)
CPU 12 idle residency:  24.53%
CPU 12 down residency:  25.08%
CPU 13 frequency: 4512 MHz
CPU 13 active residency:  50.99% (1260 MHz:   0% 1512 MHz:   0% 1800 MHz:   0% 2088 MHz:   0% 2352 MHz:   0% 2616 MHz:   0% 2868 MHz:   0% 3096 MHz:   0% 3300 MHz:   0% 3468 MHz:   0% 3624 MHz:   0% 3756 MHz:   0% 3828 MHz:   0% 3888 MHz:   0% 3948 MHz:   0% 3996 MHz:   0% 4044 MHz:   0% 4104 MHz:   0% 4416 MHz:   0% 4512 MHz:  51%)
CPU 13 idle residency:  23.93%
CPU 13 down residency:  25.08%
CPU 14 frequency: 4512 MHz
CPU 14 active residency:  44.00% (1260 MHz:   0% 1512 MHz:   0% 1800 MHz:   0% 2088 MHz:   0% 2352 MHz:   0% 2616 MHz:   0% 2868 MHz:   0% 3096 MHz:   0% 3300 MHz:   0% 3468 MHz:   0% 3624 MHz:   0% 3756 MHz:   0% 3828 MHz:   0% 3888 MHz:   0% 3948 MHz:   0% 3996 MHz:   0% 4044 MHz:   0% 4104 MHz:   0% 4416 MHz:   0% 4512 MHz:  44%)
CPU 14 idle residency:  30.91%
CPU 14 down residency:  25.08%
CPU 15 frequency: 4512 MHz
CPU 15 active residency:  44.31% (1260 MHz:   0% 1512 MHz:   0% 1800 MHz:   0% 2088 MHz:   0% 2352 MHz:   0% 2616 MHz:   0% 2868 MHz:   0% 3096 MHz:   0% 3300 MHz:   0% 3468 MHz:   0% 3624 MHz:   0% 3756 MHz:   0% 3828 MHz:   0% 3888 MHz:   0% 3948 MHz:   0% 3996 MHz:   0% 4044 MHz:   0% 4104 MHz:   0% 4416 MHz:   0% 4512 MHz:  44%)
CPU 15 idle residency:  30.61%
CPU 15 down residency:  25.08%

CPU Power: 6597 mW
GPU Power: 26389 mW
ANE Power: 0 mW
Combined Power (CPU + GPU + ANE): 32986 mW

**** GPU usage ****

GPU HW active frequency: 1578 MHz
GPU HW active residency: 100.00% (338 MHz:   0% 618 MHz:   0% 796 MHz:   0% 924 MHz:   0% 952 MHz:   0% 1056 MHz:   0% 1062 MHz:   0% 1182 MHz:   0% 1182 MHz:   0% 1312 MHz:   0% 1242 MHz:   0% 1380 MHz:   0% 1326 MHz:   0% 1470 MHz:   0% 1578 MHz: 100%)
GPU SW requested state: (P1 :   0% P2 :   0% P3 :   0% P4 :   0% P5 :   0% P6 :   0% P7 :   0% P8 :   0% P9 :   0% P10 : 100% P11 :   0% P12 :   0% P13 :   0% P14 :   0% P15 :   0%)
GPU SW state: (SW_P1 :   0% SW_P2 :   0% SW_P3 :   0% SW_P4 :   0% SW_P5 :   0% SW_P6 :   0% SW_P7 :   0% SW_P8 :   0% SW_P9 :   0% SW_P10 : 100% SW_P11 :   0% SW_P12 :   0% SW_P13 :   0% SW_P14 :   0% SW_P15 :   0%)
GPU idle residency:   0.00%
GPU Power: 26383 mW



*** Sampled system activity (Tue Jan 20 15:19:54 2026 +0100) (1021.28ms elapsed) ***


**** Processor usage ****

E-Cluster Online: 100%
E-Cluster HW active frequency: 1215 MHz
E-Cluster HW active residency:  53.40% (1020 MHz:  44% 1404 MHz: 2.2% 1788 MHz: 1.5% 2112 MHz: 1.7% 2352 MHz: 1.5% 2532 MHz: .63% 2592 MHz: 2.4%)
E-Cluster idle residency:  46.60%
E-Cluster down residency:   0.00%
CPU 0 frequency: 1265 MHz
CPU 0 active residency:  23.62% (1020 MHz:  18% 1404 MHz: 1.0% 1788 MHz: .95% 2112 MHz: .89% 2352 MHz: 1.1% 2532 MHz: .12% 2592 MHz: 1.3%)
CPU 0 idle residency:  76.38%
CPU 0 down residency:   0.00%
CPU 1 frequency: 1314 MHz
CPU 1 active residency:  16.07% (1020 MHz:  12% 1404 MHz: .68% 1788 MHz: .87% 2112 MHz: 1.1% 2352 MHz: .73% 2532 MHz: .37% 2592 MHz: .70%)
CPU 1 idle residency:  83.93%
CPU 1 down residency:   0.00%
CPU 2 frequency: 1303 MHz
CPU 2 active residency:   8.49% (1020 MHz: 6.3% 1404 MHz: .25% 1788 MHz: .56% 2112 MHz: .43% 2352 MHz: .47% 2532 MHz: .04% 2592 MHz: .45%)
CPU 2 idle residency:  91.51%
CPU 2 down residency:   0.00%
CPU 3 frequency: 1308 MHz
CPU 3 active residency:   5.86% (1020 MHz: 4.0% 1404 MHz: .73% 1788 MHz: .29% 2112 MHz: .15% 2352 MHz: .26% 2532 MHz: .19% 2592 MHz: .24%)
CPU 3 idle residency:  94.14%
CPU 3 down residency:   0.00%

P0-Cluster Online: 5%
P0-Cluster HW active frequency: 2504 MHz
P0-Cluster HW active residency:   0.89% (1260 MHz: .54% 1512 MHz:   0% 1800 MHz:   0% 2088 MHz:   0% 2352 MHz:   0% 2616 MHz:   0% 2868 MHz:   0% 3096 MHz:   0% 3300 MHz:   0% 3468 MHz:   0% 3624 MHz:   0% 3756 MHz:   0% 3828 MHz:   0% 3888 MHz: .01% 3948 MHz: .01% 3996 MHz:   0% 4044 MHz:   0% 4104 MHz:   0% 4416 MHz: .08% 4512 MHz: .24%)
P0-Cluster idle residency:   2.81%
P0-Cluster down residency:  96.30%
CPU 4 frequency: 4508 MHz
CPU 4 active residency:  13.81% (1260 MHz: .00% 1512 MHz:   0% 1800 MHz: .02% 2088 MHz:   0% 2352 MHz:   0% 2616 MHz:   0% 2868 MHz:   0% 3096 MHz:   0% 3300 MHz:   0% 3468 MHz:   0% 3624 MHz:   0% 3756 MHz:   0% 3828 MHz:   0% 3888 MHz:   0% 3948 MHz:   0% 3996 MHz:   0% 4044 MHz:   0% 4104 MHz:   0% 4416 MHz:   0% 4512 MHz:  14%)
CPU 4 idle residency:   3.07%
CPU 4 down residency:  83.12%
CPU 5 frequency: 4508 MHz
CPU 5 active residency:  12.55% (1260 MHz: .00% 1512 MHz:   0% 1800 MHz: .02% 2088 MHz:   0% 2352 MHz:   0% 2616 MHz:   0% 2868 MHz:   0% 3096 MHz:   0% 3300 MHz:   0% 3468 MHz:   0% 3624 MHz:   0% 3756 MHz:   0% 3828 MHz:   0% 3888 MHz:   0% 3948 MHz:   0% 3996 MHz:   0% 4044 MHz:   0% 4104 MHz:   0% 4416 MHz:   0% 4512 MHz:  13%)
CPU 5 idle residency:   3.10%
CPU 5 down residency:  84.36%
CPU 6 frequency: 4512 MHz
CPU 6 active residency:  11.25% (1260 MHz: .00% 1512 MHz:   0% 1800 MHz: .00% 2088 MHz:   0% 2352 MHz:   0% 2616 MHz:   0% 2868 MHz:   0% 3096 MHz:   0% 3300 MHz:   0% 3468 MHz:   0% 3624 MHz:   0% 3756 MHz:   0% 3828 MHz:   0% 3888 MHz:   0% 3948 MHz:   0% 3996 MHz:   0% 4044 MHz:   0% 4104 MHz:   0% 4416 MHz:   0% 4512 MHz:  11%)
CPU 6 idle residency:   3.17%
CPU 6 down residency:  85.59%
CPU 7 frequency: 4511 MHz
CPU 7 active residency:   4.41% (1260 MHz: .00% 1512 MHz:   0% 1800 MHz: .00% 2088 MHz:   0% 2352 MHz:   0% 2616 MHz:   0% 2868 MHz:   0% 3096 MHz:   0% 3300 MHz:   0% 3468 MHz:   0% 3624 MHz:   0% 3756 MHz:   0% 3828 MHz:   0% 3888 MHz:   0% 3948 MHz:   0% 3996 MHz:   0% 4044 MHz:   0% 4104 MHz:   0% 4416 MHz:   0% 4512 MHz: 4.4%)
CPU 7 idle residency:   3.41%
CPU 7 down residency:  92.18%
CPU 8 frequency: 4512 MHz
CPU 8 active residency:  11.13% (1260 MHz: .00% 1512 MHz:   0% 1800 MHz: .00% 2088 MHz:   0% 2352 MHz:   0% 2616 MHz:   0% 2868 MHz:   0% 3096 MHz:   0% 3300 MHz:   0% 3468 MHz:   0% 3624 MHz:   0% 3756 MHz:   0% 3828 MHz:   0% 3888 MHz:   0% 3948 MHz:   0% 3996 MHz:   0% 4044 MHz:   0% 4104 MHz:   0% 4416 MHz:   0% 4512 MHz:  11%)
CPU 8 idle residency:   3.17%
CPU 8 down residency:  85.69%
CPU 9 frequency: 4512 MHz
CPU 9 active residency:  10.69% (1260 MHz: .00% 1512 MHz:   0% 1800 MHz:   0% 2088 MHz:   0% 2352 MHz:   0% 2616 MHz:   0% 2868 MHz:   0% 3096 MHz:   0% 3300 MHz:   0% 3468 MHz:   0% 3624 MHz:   0% 3756 MHz:   0% 3828 MHz:   0% 3888 MHz:   0% 3948 MHz:   0% 3996 MHz:   0% 4044 MHz:   0% 4104 MHz:   0% 4416 MHz:   0% 4512 MHz:  11%)
CPU 9 idle residency:   3.19%
CPU 9 down residency:  86.13%

P1-Cluster HW active frequency: 4051 MHz
P1-Cluster HW active residency:  99.28% (1260 MHz:   0% 1512 MHz:   0% 1800 MHz:   0% 2088 MHz:   0% 2352 MHz:   0% 2616 MHz:   0% 2868 MHz:   0% 3096 MHz:   0% 3300 MHz:   0% 3468 MHz:   0% 3624 MHz:   0% 3756 MHz:   0% 3828 MHz:   0% 3888 MHz:  35% 3948 MHz:  24% 3996 MHz:  12% 4044 MHz: 6.5% 4104 MHz:   0% 4416 MHz: 8.8% 4512 MHz:  12%)
P1-Cluster idle residency:   0.72%
P1-Cluster down residency:   0.00%
CPU 10 frequency: 4512 MHz
CPU 10 active residency:  56.99% (1260 MHz:   0% 1512 MHz:   0% 1800 MHz:   0% 2088 MHz:   0% 2352 MHz:   0% 2616 MHz:   0% 2868 MHz:   0% 3096 MHz:   0% 3300 MHz:   0% 3468 MHz:   0% 3624 MHz:   0% 3756 MHz:   0% 3828 MHz:   0% 3888 MHz:   0% 3948 MHz:   0% 3996 MHz:   0% 4044 MHz:   0% 4104 MHz:   0% 4416 MHz:   0% 4512 MHz:  57%)
CPU 10 idle residency:  43.01%
CPU 10 down residency:   0.00%
CPU 11 frequency: 4512 MHz
CPU 11 active residency:  38.04% (1260 MHz:   0% 1512 MHz:   0% 1800 MHz:   0% 2088 MHz:   0% 2352 MHz:   0% 2616 MHz:   0% 2868 MHz:   0% 3096 MHz:   0% 3300 MHz:   0% 3468 MHz:   0% 3624 MHz:   0% 3756 MHz:   0% 3828 MHz:   0% 3888 MHz:   0% 3948 MHz:   0% 3996 MHz:   0% 4044 MHz:   0% 4104 MHz:   0% 4416 MHz:   0% 4512 MHz:  38%)
CPU 11 idle residency:  61.96%
CPU 11 down residency:   0.00%
CPU 12 frequency: 4512 MHz
CPU 12 active residency:  56.42% (1260 MHz:   0% 1512 MHz:   0% 1800 MHz:   0% 2088 MHz:   0% 2352 MHz:   0% 2616 MHz:   0% 2868 MHz:   0% 3096 MHz:   0% 3300 MHz:   0% 3468 MHz:   0% 3624 MHz:   0% 3756 MHz:   0% 3828 MHz:   0% 3888 MHz:   0% 3948 MHz:   0% 3996 MHz:   0% 4044 MHz:   0% 4104 MHz:   0% 4416 MHz:   0% 4512 MHz:  56%)
CPU 12 idle residency:  43.58%
CPU 12 down residency:   0.00%
CPU 13 frequency: 4512 MHz
CPU 13 active residency:  52.22% (1260 MHz:   0% 1512 MHz:   0% 1800 MHz:   0% 2088 MHz:   0% 2352 MHz:   0% 2616 MHz:   0% 2868 MHz:   0% 3096 MHz:   0% 3300 MHz:   0% 3468 MHz:   0% 3624 MHz:   0% 3756 MHz:   0% 3828 MHz:   0% 3888 MHz:   0% 3948 MHz:   0% 3996 MHz:   0% 4044 MHz:   0% 4104 MHz:   0% 4416 MHz:   0% 4512 MHz:  52%)
CPU 13 idle residency:  47.78%
CPU 13 down residency:   0.00%
CPU 14 frequency: 4512 MHz
CPU 14 active residency:  52.05% (1260 MHz:   0% 1512 MHz:   0% 1800 MHz:   0% 2088 MHz:   0% 2352 MHz:   0% 2616 MHz:   0% 2868 MHz:   0% 3096 MHz:   0% 3300 MHz:   0% 3468 MHz:   0% 3624 MHz:   0% 3756 MHz:   0% 3828 MHz:   0% 3888 MHz:   0% 3948 MHz:   0% 3996 MHz:   0% 4044 MHz:   0% 4104 MHz:   0% 4416 MHz:   0% 4512 MHz:  52%)
CPU 14 idle residency:  47.95%
CPU 14 down residency:   0.00%
CPU 15 frequency: 4512 MHz
CPU 15 active residency:  57.22% (1260 MHz:   0% 1512 MHz:   0% 1800 MHz:   0% 2088 MHz:   0% 2352 MHz:   0% 2616 MHz:   0% 2868 MHz:   0% 3096 MHz:   0% 3300 MHz:   0% 3468 MHz:   0% 3624 MHz:   0% 3756 MHz:   0% 3828 MHz:   0% 3888 MHz:   0% 3948 MHz:   0% 3996 MHz:   0% 4044 MHz:   0% 4104 MHz:   0% 4416 MHz:   0% 4512 MHz:  57%)
CPU 15 idle residency:  42.78%
CPU 15 down residency:   0.00%

CPU Power: 6717 mW
GPU Power: 26167 mW
ANE Power: 0 mW
Combined Power (CPU + GPU + ANE): 32884 mW

**** GPU usage ****

GPU HW active frequency: 1578 MHz
GPU HW active residency: 100.00% (338 MHz:   0% 618 MHz:   0% 796 MHz:   0% 924 MHz:   0% 952 MHz:   0% 1056 MHz:   0% 1062 MHz:   0% 1182 MHz:   0% 1182 MHz:   0% 1312 MHz:   0% 1242 MHz:   0% 1380 MHz:   0% 1326 MHz:   0% 1470 MHz:   0% 1578 MHz: 100%)
GPU SW requested state: (P1 :   0% P2 :   0% P3 :   0% P4 :   0% P5 :   0% P6 :   0% P7 :   0% P8 :   0% P9 :   0% P10 : 100% P11 :   0% P12 :   0% P13 :   0% P14 :   0% P15 :   0%)
GPU SW state: (SW_P1 :   0% SW_P2 :   0% SW_P3 :   0% SW_P4 :   0% SW_P5 :   0% SW_P6 :   0% SW_P7 :   0% SW_P8 :   0% SW_P9 :   0% SW_P10 : 100% SW_P11 :   0% SW_P12 :   0% SW_P13 :   0% SW_P14 :   0% SW_P15 :   0%)
GPU idle residency:   0.00%
GPU Power: 26170 mW



*** Sampled system activity (Tue Jan 20 15:19:55 2026 +0100) (1021.74ms elapsed) ***


**** Processor usage ****

E-Cluster Online: 100%
E-Cluster HW active frequency: 1204 MHz
E-Cluster HW active residency:  44.09% (1020 MHz:  37% 1404 MHz: .87% 1788 MHz: 1.1% 2112 MHz: 2.2% 2352 MHz: 1.6% 2532 MHz:   0% 2592 MHz: 1.5%)
E-Cluster idle residency:  55.91%
E-Cluster down residency:   0.00%
CPU 0 frequency: 1280 MHz
CPU 0 active residency:  17.57% (1020 MHz:  14% 1404 MHz: .46% 1788 MHz: .52% 2112 MHz: 1.4% 2352 MHz: .82% 2532 MHz:   0% 2592 MHz: .88%)
CPU 0 idle residency:  82.43%
CPU 0 down residency:   0.00%
CPU 1 frequency: 1432 MHz
CPU 1 active residency:  13.38% (1020 MHz: 8.4% 1404 MHz: .42% 1788 MHz: .81% 2112 MHz: 1.8% 2352 MHz: 1.4% 2532 MHz:   0% 2592 MHz: .64%)
CPU 1 idle residency:  86.62%
CPU 1 down residency:   0.00%
CPU 2 frequency: 1391 MHz
CPU 2 active residency:   7.72% (1020 MHz: 5.2% 1404 MHz: .01% 1788 MHz: .55% 2112 MHz: .98% 2352 MHz: .59% 2532 MHz:   0% 2592 MHz: .37%)
CPU 2 idle residency:  92.28%
CPU 2 down residency:   0.00%
CPU 3 frequency: 1584 MHz
CPU 3 active residency:   4.42% (1020 MHz: 2.2% 1404 MHz: .01% 1788 MHz: .36% 2112 MHz: 1.1% 2352 MHz: .43% 2532 MHz:   0% 2592 MHz: .29%)
CPU 3 idle residency:  95.58%
CPU 3 down residency:   0.00%

P0-Cluster Online: 30%
P0-Cluster HW active frequency: 2947 MHz
P0-Cluster HW active residency:   9.54% (1260 MHz: 3.1% 1512 MHz: .16% 1800 MHz: .14% 2088 MHz:   0% 2352 MHz:   0% 2616 MHz: 1.0% 2868 MHz:   0% 3096 MHz:   0% 3300 MHz: .21% 3468 MHz: .43% 3624 MHz: .19% 3756 MHz:   0% 3828 MHz:   0% 3888 MHz: .17% 3948 MHz: 1.0% 3996 MHz: .54% 4044 MHz: .40% 4104 MHz:   0% 4416 MHz: 1.0% 4512 MHz: 1.2%)
P0-Cluster idle residency:  19.38%
P0-Cluster down residency:  71.08%
CPU 4 frequency: 3923 MHz
CPU 4 active residency:   3.84% (1260 MHz: .02% 1512 MHz: .01% 1800 MHz: .01% 2088 MHz:   0% 2352 MHz:   0% 2616 MHz: .77% 2868 MHz:   0% 3096 MHz:   0% 3300 MHz: .22% 3468 MHz: .43% 3624 MHz: .00% 3756 MHz:   0% 3828 MHz:   0% 3888 MHz:   0% 3948 MHz:   0% 3996 MHz:   0% 4044 MHz:   0% 4104 MHz:   0% 4416 MHz: .03% 4512 MHz: 2.4%)
CPU 4 idle residency:  25.02%
CPU 4 down residency:  71.13%
CPU 5 frequency: 4453 MHz
CPU 5 active residency:   3.41% (1260 MHz: .02% 1512 MHz: .00% 1800 MHz: .01% 2088 MHz:   0% 2352 MHz:   0% 2616 MHz: .05% 2868 MHz:   0% 3096 MHz:   0% 3300 MHz:   0% 3468 MHz:   0% 3624 MHz:   0% 3756 MHz:   0% 3828 MHz:   0% 3888 MHz:   0% 3948 MHz:   0% 3996 MHz:   0% 4044 MHz:   0% 4104 MHz:   0% 4416 MHz: .03% 4512 MHz: 3.3%)
CPU 5 idle residency:  25.44%
CPU 5 down residency:  71.14%
CPU 6 frequency: 4330 MHz
CPU 6 active residency:   0.38% (1260 MHz: .02% 1512 MHz:   0% 1800 MHz: .00% 2088 MHz:   0% 2352 MHz:   0% 2616 MHz:   0% 2868 MHz:   0% 3096 MHz:   0% 3300 MHz:   0% 3468 MHz:   0% 3624 MHz:   0% 3756 MHz:   0% 3828 MHz:   0% 3888 MHz:   0% 3948 MHz:   0% 3996 MHz:   0% 4044 MHz:   0% 4104 MHz:   0% 4416 MHz: .03% 4512 MHz: .33%)
CPU 6 idle residency:  28.25%
CPU 6 down residency:  71.37%
CPU 7 frequency: 4367 MHz
CPU 7 active residency:   0.33% (1260 MHz: .01% 1512 MHz:   0% 1800 MHz: .00% 2088 MHz:   0% 2352 MHz:   0% 2616 MHz:   0% 2868 MHz:   0% 3096 MHz:   0% 3300 MHz:   0% 3468 MHz:   0% 3624 MHz:   0% 3756 MHz:   0% 3828 MHz:   0% 3888 MHz:   0% 3948 MHz:   0% 3996 MHz:   0% 4044 MHz:   0% 4104 MHz:   0% 4416 MHz: .03% 4512 MHz: .29%)
CPU 7 idle residency:  28.54%
CPU 7 down residency:  71.13%
CPU 8 frequency: 4395 MHz
CPU 8 active residency:   0.40% (1260 MHz: .01% 1512 MHz:   0% 1800 MHz:   0% 2088 MHz:   0% 2352 MHz:   0% 2616 MHz:   0% 2868 MHz:   0% 3096 MHz:   0% 3300 MHz:   0% 3468 MHz:   0% 3624 MHz:   0% 3756 MHz:   0% 3828 MHz:   0% 3888 MHz:   0% 3948 MHz:   0% 3996 MHz:   0% 4044 MHz:   0% 4104 MHz:   0% 4416 MHz: .03% 4512 MHz: .36%)
CPU 8 idle residency:  28.48%
CPU 8 down residency:  71.13%
CPU 9 frequency: 4175 MHz
CPU 9 active residency:   2.22% (1260 MHz: .02% 1512 MHz: .16% 1800 MHz: .04% 2088 MHz:   0% 2352 MHz:   0% 2616 MHz: .05% 2868 MHz:   0% 3096 MHz:   0% 3300 MHz:   0% 3468 MHz:   0% 3624 MHz:   0% 3756 MHz:   0% 3828 MHz:   0% 3888 MHz:   0% 3948 MHz:   0% 3996 MHz:   0% 4044 MHz:   0% 4104 MHz:   0% 4416 MHz: .03% 4512 MHz: 1.9%)
CPU 9 idle residency:  26.66%
CPU 9 down residency:  71.13%

P1-Cluster HW active frequency: 4012 MHz
P1-Cluster HW active residency:  94.50% (1260 MHz: .19% 1512 MHz:   0% 1800 MHz:   0% 2088 MHz:   0% 2352 MHz:   0% 2616 MHz:   0% 2868 MHz:   0% 3096 MHz:   0% 3300 MHz:   0% 3468 MHz: .08% 3624 MHz: .01% 3756 MHz: .07% 3828 MHz: .01% 3888 MHz:  35% 3948 MHz:  28% 3996 MHz:  11% 4044 MHz: 6.3% 4104 MHz: .02% 4416 MHz: 6.4% 4512 MHz: 8.1%)
P1-Cluster idle residency:   5.50%
P1-Cluster down residency:   0.00%
CPU 10 frequency: 4510 MHz
CPU 10 active residency:  59.02% (1260 MHz: .02% 1512 MHz:   0% 1800 MHz:   0% 2088 MHz:   0% 2352 MHz:   0% 2616 MHz:   0% 2868 MHz:   0% 3096 MHz:   0% 3300 MHz:   0% 3468 MHz: .01% 3624 MHz:   0% 3756 MHz: .03% 3828 MHz:   0% 3888 MHz:   0% 3948 MHz:   0% 3996 MHz: .00% 4044 MHz: .00% 4104 MHz: .00% 4416 MHz:   0% 4512 MHz:  59%)
CPU 10 idle residency:  40.98%
CPU 10 down residency:   0.00%
CPU 11 frequency: 4510 MHz
CPU 11 active residency:  59.68% (1260 MHz: .03% 1512 MHz:   0% 1800 MHz:   0% 2088 MHz:   0% 2352 MHz:   0% 2616 MHz:   0% 2868 MHz:   0% 3096 MHz:   0% 3300 MHz:   0% 3468 MHz: .00% 3624 MHz:   0% 3756 MHz:   0% 3828 MHz:   0% 3888 MHz:   0% 3948 MHz:   0% 3996 MHz: .01% 4044 MHz: .06% 4104 MHz:   0% 4416 MHz:   0% 4512 MHz:  60%)
CPU 11 idle residency:  40.32%
CPU 11 down residency:   0.00%
CPU 12 frequency: 4512 MHz
CPU 12 active residency:  40.64% (1260 MHz: .00% 1512 MHz:   0% 1800 MHz:   0% 2088 MHz:   0% 2352 MHz:   0% 2616 MHz:   0% 2868 MHz:   0% 3096 MHz:   0% 3300 MHz:   0% 3468 MHz:   0% 3624 MHz:   0% 3756 MHz:   0% 3828 MHz:   0% 3888 MHz:   0% 3948 MHz:   0% 3996 MHz:   0% 4044 MHz:   0% 4104 MHz:   0% 4416 MHz:   0% 4512 MHz:  41%)
CPU 12 idle residency:  59.36%
CPU 12 down residency:   0.00%
CPU 13 frequency: 4512 MHz
CPU 13 active residency:  40.56% (1260 MHz:   0% 1512 MHz:   0% 1800 MHz:   0% 2088 MHz:   0% 2352 MHz:   0% 2616 MHz:   0% 2868 MHz:   0% 3096 MHz:   0% 3300 MHz:   0% 3468 MHz:   0% 3624 MHz:   0% 3756 MHz:   0% 3828 MHz:   0% 3888 MHz:   0% 3948 MHz:   0% 3996 MHz:   0% 4044 MHz: .01% 4104 MHz:   0% 4416 MHz:   0% 4512 MHz:  41%)
CPU 13 idle residency:  59.44%
CPU 13 down residency:   0.00%
CPU 14 frequency: 4511 MHz
CPU 14 active residency:  58.69% (1260 MHz: .01% 1512 MHz:   0% 1800 MHz:   0% 2088 MHz:   0% 2352 MHz:   0% 2616 MHz:   0% 2868 MHz:   0% 3096 MHz:   0% 3300 MHz:   0% 3468 MHz: .01% 3624 MHz:   0% 3756 MHz: .00% 3828 MHz: .00% 3888 MHz:   0% 3948 MHz:   0% 3996 MHz:   0% 4044 MHz: .00% 4104 MHz:   0% 4416 MHz: .00% 4512 MHz:  59%)
CPU 14 idle residency:  41.31%
CPU 14 down residency:   0.00%
CPU 15 frequency: 4511 MHz
CPU 15 active residency:  59.45% (1260 MHz: .02% 1512 MHz:   0% 1800 MHz:   0% 2088 MHz:   0% 2352 MHz:   0% 2616 MHz:   0% 2868 MHz:   0% 3096 MHz:   0% 3300 MHz:   0% 3468 MHz: .01% 3624 MHz:   0% 3756 MHz: .00% 3828 MHz: .00% 3888 MHz:   0% 3948 MHz:   0% 3996 MHz: .00% 4044 MHz: .00% 4104 MHz: .00% 4416 MHz: .06% 4512 MHz:  59%)
CPU 15 idle residency:  40.55%
CPU 15 down residency:   0.00%

CPU Power: 6851 mW
GPU Power: 24513 mW
ANE Power: 0 mW
Combined Power (CPU + GPU + ANE): 31364 mW

**** GPU usage ****

GPU HW active frequency: 1578 MHz
GPU HW active residency:  92.97% (338 MHz:   0% 618 MHz:   0% 796 MHz:   0% 924 MHz:   0% 952 MHz:   0% 1056 MHz:   0% 1062 MHz:   0% 1182 MHz:   0% 1182 MHz:   0% 1312 MHz:   0% 1242 MHz:   0% 1380 MHz:   0% 1326 MHz:   0% 1470 MHz:   0% 1578 MHz:  93%)
GPU SW requested state: (P1 :   0% P2 :   0% P3 :   0% P4 :   0% P5 :   0% P6 :   0% P7 :   0% P8 :   0% P9 :   0% P10 : 100% P11 :   0% P12 :   0% P13 :   0% P14 :   0% P15 :   0%)
GPU SW state: (SW_P1 :   0% SW_P2 :   0% SW_P3 :   0% SW_P4 :   0% SW_P5 :   0% SW_P6 :   0% SW_P7 :   0% SW_P8 :   0% SW_P9 :   0% SW_P10 :  93% SW_P11 :   0% SW_P12 :   0% SW_P13 :   0% SW_P14 :   0% SW_P15 :   0%)
GPU idle residency:   7.03%
GPU Power: 24300 mW



*** Sampled system activity (Tue Jan 20 15:19:56 2026 +0100) (1025.98ms elapsed) ***


**** Processor usage ****

E-Cluster Online: 100%
E-Cluster HW active frequency: 1436 MHz
E-Cluster HW active residency:  40.72% (1020 MHz:  25% 1404 MHz: 3.4% 1788 MHz: 2.2% 2112 MHz: 2.9% 2352 MHz: 3.7% 2532 MHz: .62% 2592 MHz: 3.1%)
E-Cluster idle residency:  59.28%
E-Cluster down residency:   0.00%
CPU 0 frequency: 1435 MHz
CPU 0 active residency:  23.77% (1020 MHz:  14% 1404 MHz: 2.8% 1788 MHz: 1.2% 2112 MHz: 1.5% 2352 MHz: 2.3% 2532 MHz: .58% 2592 MHz: 1.5%)
CPU 0 idle residency:  76.23%
CPU 0 down residency:   0.00%
CPU 1 frequency: 1489 MHz
CPU 1 active residency:  18.33% (1020 MHz:  11% 1404 MHz: 1.0% 1788 MHz: .72% 2112 MHz: 1.1% 2352 MHz: 2.3% 2532 MHz: .48% 2592 MHz: 1.7%)
CPU 1 idle residency:  81.67%
CPU 1 down residency:   0.00%
CPU 2 frequency: 1511 MHz
CPU 2 active residency:  11.66% (1020 MHz: 6.8% 1404 MHz: .60% 1788 MHz: .39% 2112 MHz: .94% 2352 MHz: 1.4% 2532 MHz: .43% 2592 MHz: 1.0%)
CPU 2 idle residency:  88.34%
CPU 2 down residency:   0.00%
CPU 3 frequency: 1440 MHz
CPU 3 active residency:   7.98% (1020 MHz: 4.7% 1404 MHz: .78% 1788 MHz: .58% 2112 MHz: .64% 2352 MHz: .60% 2532 MHz: .28% 2592 MHz: .44%)
CPU 3 idle residency:  92.02%
CPU 3 down residency:   0.00%

P0-Cluster Online: 1%
P0-Cluster HW active frequency: 1806 MHz
P0-Cluster HW active residency:   0.14% (1260 MHz: .11% 1512 MHz:   0% 1800 MHz:   0% 2088 MHz:   0% 2352 MHz:   0% 2616 MHz:   0% 2868 MHz:   0% 3096 MHz:   0% 3300 MHz:   0% 3468 MHz:   0% 3624 MHz:   0% 3756 MHz:   0% 3828 MHz:   0% 3888 MHz: .00% 3948 MHz:   0% 3996 MHz:   0% 4044 MHz:   0% 4104 MHz:   0% 4416 MHz: .00% 4512 MHz: .02%)
P0-Cluster idle residency:   0.59%
P0-Cluster down residency:  99.27%
CPU 4 frequency: 0 MHz
CPU 4 active residency:   0.00% (1260 MHz:   0% 1512 MHz:   0% 1800 MHz:   0% 2088 MHz:   0% 2352 MHz:   0% 2616 MHz:   0% 2868 MHz:   0% 3096 MHz:   0% 3300 MHz:   0% 3468 MHz:   0% 3624 MHz:   0% 3756 MHz:   0% 3828 MHz:   0% 3888 MHz:   0% 3948 MHz:   0% 3996 MHz:   0% 4044 MHz:   0% 4104 MHz:   0% 4416 MHz:   0% 4512 MHz:   0%)
CPU 4 idle residency:   0.69%
CPU 4 down residency:  99.31%
CPU 5 frequency: 0 MHz
CPU 5 active residency:   0.00% (1260 MHz:   0% 1512 MHz:   0% 1800 MHz:   0% 2088 MHz:   0% 2352 MHz:   0% 2616 MHz:   0% 2868 MHz:   0% 3096 MHz:   0% 3300 MHz:   0% 3468 MHz:   0% 3624 MHz:   0% 3756 MHz:   0% 3828 MHz:   0% 3888 MHz:   0% 3948 MHz:   0% 3996 MHz:   0% 4044 MHz:   0% 4104 MHz:   0% 4416 MHz:   0% 4512 MHz:   0%)
CPU 5 idle residency:   0.69%
CPU 5 down residency:  99.31%
CPU 6 frequency: 0 MHz
CPU 6 active residency:   0.00% (1260 MHz:   0% 1512 MHz:   0% 1800 MHz:   0% 2088 MHz:   0% 2352 MHz:   0% 2616 MHz:   0% 2868 MHz:   0% 3096 MHz:   0% 3300 MHz:   0% 3468 MHz:   0% 3624 MHz:   0% 3756 MHz:   0% 3828 MHz:   0% 3888 MHz:   0% 3948 MHz:   0% 3996 MHz:   0% 4044 MHz:   0% 4104 MHz:   0% 4416 MHz:   0% 4512 MHz:   0%)
CPU 6 idle residency:   0.69%
CPU 6 down residency:  99.31%
CPU 7 frequency: 0 MHz
CPU 7 active residency:   0.00% (1260 MHz:   0% 1512 MHz:   0% 1800 MHz:   0% 2088 MHz:   0% 2352 MHz:   0% 2616 MHz:   0% 2868 MHz:   0% 3096 MHz:   0% 3300 MHz:   0% 3468 MHz:   0% 3624 MHz:   0% 3756 MHz:   0% 3828 MHz:   0% 3888 MHz:   0% 3948 MHz:   0% 3996 MHz:   0% 4044 MHz:   0% 4104 MHz:   0% 4416 MHz:   0% 4512 MHz:   0%)
CPU 7 idle residency:   0.69%
CPU 7 down residency:  99.31%
CPU 8 frequency: 0 MHz
CPU 8 active residency:   0.00% (1260 MHz:   0% 1512 MHz:   0% 1800 MHz:   0% 2088 MHz:   0% 2352 MHz:   0% 2616 MHz:   0% 2868 MHz:   0% 3096 MHz:   0% 3300 MHz:   0% 3468 MHz:   0% 3624 MHz:   0% 3756 MHz:   0% 3828 MHz:   0% 3888 MHz:   0% 3948 MHz:   0% 3996 MHz:   0% 4044 MHz:   0% 4104 MHz:   0% 4416 MHz:   0% 4512 MHz:   0%)
CPU 8 idle residency:   0.69%
CPU 8 down residency:  99.31%
CPU 9 frequency: 0 MHz
CPU 9 active residency:   0.00% (1260 MHz:   0% 1512 MHz:   0% 1800 MHz:   0% 2088 MHz:   0% 2352 MHz:   0% 2616 MHz:   0% 2868 MHz:   0% 3096 MHz:   0% 3300 MHz:   0% 3468 MHz:   0% 3624 MHz:   0% 3756 MHz:   0% 3828 MHz:   0% 3888 MHz:   0% 3948 MHz:   0% 3996 MHz:   0% 4044 MHz:   0% 4104 MHz:   0% 4416 MHz:   0% 4512 MHz:   0%)
CPU 9 idle residency:   0.69%
CPU 9 down residency:  99.31%

P1-Cluster HW active frequency: 3304 MHz
P1-Cluster HW active residency:  53.77% (1260 MHz: 4.6% 1512 MHz: 3.2% 1800 MHz: 2.4% 2088 MHz: 2.8% 2352 MHz: 2.0% 2616 MHz: 1.1% 2868 MHz: 1.8% 3096 MHz: 1.2% 3300 MHz: .59% 3468 MHz: .44% 3624 MHz: .43% 3756 MHz:   0% 3828 MHz:   0% 3888 MHz: .52% 3948 MHz: .41% 3996 MHz: 1.1% 4044 MHz:  28% 4104 MHz:   0% 4416 MHz: .25% 4512 MHz: 2.6%)
P1-Cluster idle residency:  38.63%
P1-Cluster down residency:   7.61%
CPU 10 frequency: 3499 MHz
CPU 10 active residency:  22.29% (1260 MHz: .15% 1512 MHz: 1.5% 1800 MHz: 1.1% 2088 MHz: 1.5% 2352 MHz: 1.5% 2616 MHz: 1.1% 2868 MHz: 1.5% 3096 MHz: .93% 3300 MHz: .46% 3468 MHz: .42% 3624 MHz: .43% 3756 MHz:   0% 3828 MHz:   0% 3888 MHz: .42% 3948 MHz:   0% 3996 MHz:   0% 4044 MHz: .42% 4104 MHz:   0% 4416 MHz: .86% 4512 MHz:  10%)
CPU 10 idle residency:  70.10%
CPU 10 down residency:   7.61%
CPU 11 frequency: 4314 MHz
CPU 11 active residency:   2.30% (1260 MHz: .05% 1512 MHz: .10% 1800 MHz:   0% 2088 MHz:   0% 2352 MHz:   0% 2616 MHz:   0% 2868 MHz:   0% 3096 MHz:   0% 3300 MHz:   0% 3468 MHz:   0% 3624 MHz:   0% 3756 MHz:   0% 3828 MHz:   0% 3888 MHz:   0% 3948 MHz:   0% 3996 MHz:   0% 4044 MHz:   0% 4104 MHz:   0% 4416 MHz:   0% 4512 MHz: 2.2%)
CPU 11 idle residency:  90.09%
CPU 11 down residency:   7.61%
CPU 12 frequency: 3563 MHz
CPU 12 active residency:   0.64% (1260 MHz: .04% 1512 MHz: .16% 1800 MHz:   0% 2088 MHz:   0% 2352 MHz:   0% 2616 MHz:   0% 2868 MHz:   0% 3096 MHz:   0% 3300 MHz:   0% 3468 MHz:   0% 3624 MHz:   0% 3756 MHz:   0% 3828 MHz:   0% 3888 MHz:   0% 3948 MHz:   0% 3996 MHz:   0% 4044 MHz:   0% 4104 MHz:   0% 4416 MHz:   0% 4512 MHz: .44%)
CPU 12 idle residency:  91.75%
CPU 12 down residency:   7.61%
CPU 13 frequency: 4498 MHz
CPU 13 active residency:  11.28% (1260 MHz: .04% 1512 MHz: .01% 1800 MHz: .00% 2088 MHz:   0% 2352 MHz: .00% 2616 MHz: .00% 2868 MHz:   0% 3096 MHz:   0% 3300 MHz:   0% 3468 MHz:   0% 3624 MHz:   0% 3756 MHz:   0% 3828 MHz:   0% 3888 MHz:   0% 3948 MHz:   0% 3996 MHz:   0% 4044 MHz:   0% 4104 MHz:   0% 4416 MHz:   0% 4512 MHz:  11%)
CPU 13 idle residency:  81.11%
CPU 13 down residency:   7.61%
CPU 14 frequency: 3868 MHz
CPU 14 active residency:   7.42% (1260 MHz: .08% 1512 MHz: .31% 1800 MHz: .41% 2088 MHz: .59% 2352 MHz: .08% 2616 MHz: .01% 2868 MHz: .24% 3096 MHz: .22% 3300 MHz: .11% 3468 MHz:   0% 3624 MHz: .00% 3756 MHz:   0% 3828 MHz:   0% 3888 MHz:   0% 3948 MHz:   0% 3996 MHz:   0% 4044 MHz:   0% 4104 MHz:   0% 4416 MHz:   0% 4512 MHz: 5.4%)
CPU 14 idle residency:  84.97%
CPU 14 down residency:   7.61%
CPU 15 frequency: 3691 MHz
CPU 15 active residency:   6.40% (1260 MHz: .11% 1512 MHz: .50% 1800 MHz: .52% 2088 MHz: .66% 2352 MHz: .16% 2616 MHz: .01% 2868 MHz: .01% 3096 MHz: .00% 3300 MHz: .00% 3468 MHz:   0% 3624 MHz:   0% 3756 MHz:   0% 3828 MHz:   0% 3888 MHz:   0% 3948 MHz:   0% 3996 MHz:   0% 4044 MHz:   0% 4104 MHz:   0% 4416 MHz:   0% 4512 MHz: 4.4%)
CPU 15 idle residency:  85.99%
CPU 15 down residency:   7.61%

CPU Power: 1787 mW
GPU Power: 61 mW
ANE Power: 0 mW
Combined Power (CPU + GPU + ANE): 1848 mW

**** GPU usage ****

GPU HW active frequency: 338 MHz
GPU HW active residency:   5.69% (338 MHz: 5.7% 618 MHz:   0% 796 MHz:   0% 924 MHz:   0% 952 MHz:   0% 1056 MHz:   0% 1062 MHz:   0% 1182 MHz:   0% 1182 MHz:   0% 1312 MHz:   0% 1242 MHz:   0% 1380 MHz:   0% 1326 MHz:   0% 1470 MHz:   0% 1578 MHz:   0%)
GPU SW requested state: (P1 : 100% P2 :   0% P3 :   0% P4 :   0% P5 :   0% P6 :   0% P7 :   0% P8 :   0% P9 :   0% P10 : .25% P11 :   0% P12 :   0% P13 :   0% P14 :   0% P15 :   0%)
GPU SW state: (SW_P1 : 5.7% SW_P2 :   0% SW_P3 :   0% SW_P4 :   0% SW_P5 :   0% SW_P6 :   0% SW_P7 :   0% SW_P8 :   0% SW_P9 :   0% SW_P10 :   0% SW_P11 :   0% SW_P12 :   0% SW_P13 :   0% SW_P14 :   0% SW_P15 :   0%)
GPU idle residency:  94.31%
GPU Power: 63 mW

