Machine model: Mac16,5
OS version: 24G419
Boot arguments: 
Boot time: Sun Jan 18 19:40:49 2026



*** Sampled system activity (Tue Jan 20 15:13:12 2026 +0100) (1016.93ms elapsed) ***


**** Processor usage ****

E-Cluster Online: 100%
E-Cluster HW active frequency: 1235 MHz
E-Cluster HW active residency:  58.55% (1020 MHz:  46% 1404 MHz: 4.7% 1788 MHz: 2.2% 2112 MHz: .46% 2352 MHz: .61% 2532 MHz: .54% 2592 MHz: 4.4%)
E-Cluster idle residency:  41.45%
E-Cluster down residency:   0.00%
CPU 0 frequency: 1266 MHz
CPU 0 active residency:  29.30% (1020 MHz:  22% 1404 MHz: 3.0% 1788 MHz: 1.4% 2112 MHz: .32% 2352 MHz: .41% 2532 MHz: .31% 2592 MHz: 2.3%)
CPU 0 idle residency:  70.70%
CPU 0 down residency:   0.00%
CPU 1 frequency: 1301 MHz
CPU 1 active residency:  18.42% (1020 MHz:  13% 1404 MHz: 2.0% 1788 MHz: .95% 2112 MHz: .20% 2352 MHz: .26% 2532 MHz: .15% 2592 MHz: 1.8%)
CPU 1 idle residency:  81.58%
CPU 1 down residency:   0.00%
CPU 2 frequency: 1319 MHz
CPU 2 active residency:  12.33% (1020 MHz: 8.4% 1404 MHz: 1.3% 1788 MHz: 1.0% 2112 MHz: .13% 2352 MHz: .11% 2532 MHz: .21% 2592 MHz: 1.1%)
CPU 2 idle residency:  87.67%
CPU 2 down residency:   0.00%
CPU 3 frequency: 1255 MHz
CPU 3 active residency:   7.50% (1020 MHz: 5.7% 1404 MHz: .56% 1788 MHz: .41% 2112 MHz: .15% 2352 MHz: .04% 2532 MHz: .04% 2592 MHz: .61%)
CPU 3 idle residency:  92.50%
CPU 3 down residency:   0.00%

P0-Cluster Online: 42%
P0-Cluster HW active frequency: 3851 MHz
P0-Cluster HW active residency:  34.78% (1260 MHz: 2.6% 1512 MHz:   0% 1800 MHz:   0% 2088 MHz:   0% 2352 MHz:   0% 2616 MHz:   0% 2868 MHz:   0% 3096 MHz:   0% 3300 MHz: .01% 3468 MHz: .39% 3624 MHz:   0% 3756 MHz:   0% 3828 MHz:   0% 3888 MHz: 7.9% 3948 MHz: 9.2% 3996 MHz: 3.7% 4044 MHz: 4.0% 4104 MHz: .02% 4416 MHz: 2.9% 4512 MHz: 4.0%)
P0-Cluster idle residency:   4.36%
P0-Cluster down residency:  60.86%
CPU 4 frequency: 4471 MHz
CPU 4 active residency:  18.32% (1260 MHz: .08% 1512 MHz:   0% 1800 MHz: .08% 2088 MHz: .03% 2352 MHz: .02% 2616 MHz: .01% 2868 MHz: .02% 3096 MHz:   0% 3300 MHz: .01% 3468 MHz: .09% 3624 MHz:   0% 3756 MHz:   0% 3828 MHz:   0% 3888 MHz:   0% 3948 MHz:   0% 3996 MHz:   0% 4044 MHz:   0% 4104 MHz: .03% 4416 MHz:   0% 4512 MHz:  18%)
CPU 4 idle residency:  20.94%
CPU 4 down residency:  60.74%
CPU 5 frequency: 4462 MHz
CPU 5 active residency:  17.36% (1260 MHz: .09% 1512 MHz:   0% 1800 MHz: .08% 2088 MHz: .03% 2352 MHz: .02% 2616 MHz: .01% 2868 MHz: .02% 3096 MHz: .00% 3300 MHz: .01% 3468 MHz: .16% 3624 MHz:   0% 3756 MHz:   0% 3828 MHz:   0% 3888 MHz:   0% 3948 MHz:   0% 3996 MHz:   0% 4044 MHz:   0% 4104 MHz: .03% 4416 MHz:   0% 4512 MHz:  17%)
CPU 5 idle residency:  21.87%
CPU 5 down residency:  60.77%
CPU 6 frequency: 4464 MHz
CPU 6 active residency:  15.35% (1260 MHz: .08% 1512 MHz:   0% 1800 MHz: .08% 2088 MHz: .03% 2352 MHz: .02% 2616 MHz: .01% 2868 MHz: .02% 3096 MHz:   0% 3300 MHz: .01% 3468 MHz: .05% 3624 MHz:   0% 3756 MHz:   0% 3828 MHz:   0% 3888 MHz:   0% 3948 MHz:   0% 3996 MHz:   0% 4044 MHz:   0% 4104 MHz: .03% 4416 MHz:   0% 4512 MHz:  15%)
CPU 6 idle residency:  23.91%
CPU 6 down residency:  60.74%
CPU 7 frequency: 4461 MHz
CPU 7 active residency:  13.20% (1260 MHz: .08% 1512 MHz:   0% 1800 MHz: .08% 2088 MHz: .03% 2352 MHz: .02% 2616 MHz: .01% 2868 MHz: .02% 3096 MHz:   0% 3300 MHz: .01% 3468 MHz:   0% 3624 MHz:   0% 3756 MHz:   0% 3828 MHz:   0% 3888 MHz:   0% 3948 MHz:   0% 3996 MHz:   0% 4044 MHz:   0% 4104 MHz: .03% 4416 MHz:   0% 4512 MHz:  13%)
CPU 7 idle residency:  26.07%
CPU 7 down residency:  60.73%
CPU 8 frequency: 4455 MHz
CPU 8 active residency:  15.21% (1260 MHz: .09% 1512 MHz:   0% 1800 MHz: .08% 2088 MHz: .03% 2352 MHz: .02% 2616 MHz: .02% 2868 MHz: .02% 3096 MHz:   0% 3300 MHz: .01% 3468 MHz: .15% 3624 MHz:   0% 3756 MHz:   0% 3828 MHz:   0% 3888 MHz:   0% 3948 MHz:   0% 3996 MHz:   0% 4044 MHz:   0% 4104 MHz: .03% 4416 MHz:   0% 4512 MHz:  15%)
CPU 8 idle residency:  24.06%
CPU 8 down residency:  60.73%
CPU 9 frequency: 4447 MHz
CPU 9 active residency:  15.10% (1260 MHz: .09% 1512 MHz:   0% 1800 MHz: .08% 2088 MHz: .03% 2352 MHz: .02% 2616 MHz: .01% 2868 MHz: .02% 3096 MHz:   0% 3300 MHz: .01% 3468 MHz: .25% 3624 MHz:   0% 3756 MHz:   0% 3828 MHz:   0% 3888 MHz:   0% 3948 MHz:   0% 3996 MHz:   0% 4044 MHz: .00% 4104 MHz: .03% 4416 MHz:   0% 4512 MHz:  15%)
CPU 9 idle residency:  24.17%
CPU 9 down residency:  60.73%

P1-Cluster HW active frequency: 4007 MHz
P1-Cluster HW active residency:  69.73% (1260 MHz: .42% 1512 MHz:   0% 1800 MHz:   0% 2088 MHz:   0% 2352 MHz:   0% 2616 MHz:   0% 2868 MHz:   0% 3096 MHz:   0% 3300 MHz:   0% 3468 MHz:   0% 3624 MHz:   0% 3756 MHz:   0% 3828 MHz:   0% 3888 MHz:  27% 3948 MHz:  14% 3996 MHz:  11% 4044 MHz: 5.5% 4104 MHz:   0% 4416 MHz: 5.8% 4512 MHz: 5.4%)
P1-Cluster idle residency:   2.13%
P1-Cluster down residency:  28.14%
CPU 10 frequency: 4512 MHz
CPU 10 active residency:  38.26% (1260 MHz:   0% 1512 MHz:   0% 1800 MHz:   0% 2088 MHz:   0% 2352 MHz:   0% 2616 MHz:   0% 2868 MHz:   0% 3096 MHz:   0% 3300 MHz:   0% 3468 MHz:   0% 3624 MHz:   0% 3756 MHz:   0% 3828 MHz:   0% 3888 MHz:   0% 3948 MHz:   0% 3996 MHz:   0% 4044 MHz:   0% 4104 MHz:   0% 4416 MHz:   0% 4512 MHz:  38%)
CPU 10 idle residency:  33.51%
CPU 10 down residency:  28.23%
CPU 11 frequency: 4512 MHz
CPU 11 active residency:  37.20% (1260 MHz: .00% 1512 MHz:   0% 1800 MHz:   0% 2088 MHz:   0% 2352 MHz:   0% 2616 MHz:   0% 2868 MHz:   0% 3096 MHz:   0% 3300 MHz:   0% 3468 MHz:   0% 3624 MHz:   0% 3756 MHz:   0% 3828 MHz:   0% 3888 MHz:   0% 3948 MHz:   0% 3996 MHz:   0% 4044 MHz:   0% 4104 MHz:   0% 4416 MHz:   0% 4512 MHz:  37%)
CPU 11 idle residency:  34.57%
CPU 11 down residency:  28.23%
CPU 12 frequency: 4512 MHz
CPU 12 active residency:  36.69% (1260 MHz:   0% 1512 MHz:   0% 1800 MHz:   0% 2088 MHz:   0% 2352 MHz:   0% 2616 MHz:   0% 2868 MHz:   0% 3096 MHz:   0% 3300 MHz:   0% 3468 MHz:   0% 3624 MHz:   0% 3756 MHz:   0% 3828 MHz:   0% 3888 MHz:   0% 3948 MHz:   0% 3996 MHz:   0% 4044 MHz:   0% 4104 MHz:   0% 4416 MHz:   0% 4512 MHz:  37%)
CPU 12 idle residency:  35.08%
CPU 12 down residency:  28.23%
CPU 13 frequency: 4512 MHz
CPU 13 active residency:  41.90% (1260 MHz:   0% 1512 MHz:   0% 1800 MHz:   0% 2088 MHz:   0% 2352 MHz:   0% 2616 MHz:   0% 2868 MHz:   0% 3096 MHz:   0% 3300 MHz:   0% 3468 MHz:   0% 3624 MHz:   0% 3756 MHz:   0% 3828 MHz:   0% 3888 MHz:   0% 3948 MHz:   0% 3996 MHz:   0% 4044 MHz:   0% 4104 MHz:   0% 4416 MHz:   0% 4512 MHz:  42%)
CPU 13 idle residency:  29.87%
CPU 13 down residency:  28.23%
CPU 14 frequency: 4512 MHz
CPU 14 active residency:  40.70% (1260 MHz:   0% 1512 MHz:   0% 1800 MHz:   0% 2088 MHz:   0% 2352 MHz:   0% 2616 MHz:   0% 2868 MHz:   0% 3096 MHz:   0% 3300 MHz:   0% 3468 MHz:   0% 3624 MHz:   0% 3756 MHz:   0% 3828 MHz:   0% 3888 MHz:   0% 3948 MHz:   0% 3996 MHz:   0% 4044 MHz:   0% 4104 MHz:   0% 4416 MHz:   0% 4512 MHz:  41%)
CPU 14 idle residency:  29.57%
CPU 14 down residency:  29.73%
CPU 15 frequency: 4512 MHz
CPU 15 active residency:  35.28% (1260 MHz:   0% 1512 MHz:   0% 1800 MHz:   0% 2088 MHz:   0% 2352 MHz:   0% 2616 MHz:   0% 2868 MHz:   0% 3096 MHz:   0% 3300 MHz:   0% 3468 MHz:   0% 3624 MHz:   0% 3756 MHz:   0% 3828 MHz:   0% 3888 MHz:   0% 3948 MHz:   0% 3996 MHz:   0% 4044 MHz:   0% 4104 MHz:   0% 4416 MHz:   0% 4512 MHz:  35%)
CPU 15 idle residency:  36.49%
CPU 15 down residency:  28.23%

CPU Power: 7697 mW
GPU Power: 11671 mW
ANE Power: 0 mW
Combined Power (CPU + GPU + ANE): 19368 mW

**** GPU usage ****

GPU HW active frequency: 1561 MHz
GPU HW active residency:  95.18% (338 MHz: 1.3% 618 MHz:   0% 796 MHz:   0% 924 MHz:   0% 952 MHz:   0% 1056 MHz:   0% 1062 MHz:   0% 1182 MHz:   0% 1182 MHz:   0% 1312 MHz:   0% 1242 MHz:   0% 1380 MHz:   0% 1326 MHz:   0% 1470 MHz:   0% 1578 MHz:  94%)
GPU SW requested state: (P1 :   0% P2 :   0% P3 :   0% P4 :   0% P5 :   0% P6 :   0% P7 :   0% P8 :   0% P9 :   0% P10 : 100% P11 :   0% P12 :   0% P13 :   0% P14 :   0% P15 :   0%)
GPU SW state: (SW_P1 : 1.3% SW_P2 :   0% SW_P3 :   0% SW_P4 :   0% SW_P5 :   0% SW_P6 :   0% SW_P7 :   0% SW_P8 :   0% SW_P9 :   0% SW_P10 :  94% SW_P11 :   0% SW_P12 :   0% SW_P13 :   0% SW_P14 :   0% SW_P15 :   0%)
GPU idle residency:   4.82%
GPU Power: 11786 mW



*** Sampled system activity (Tue Jan 20 15:13:13 2026 +0100) (1019.97ms elapsed) ***


**** Processor usage ****

E-Cluster Online: 100%
E-Cluster HW active frequency: 1252 MHz
E-Cluster HW active residency:  52.14% (1020 MHz:  40% 1404 MHz: 2.9% 1788 MHz: 2.8% 2112 MHz: .81% 2352 MHz: .84% 2532 MHz: 1.3% 2592 MHz: 3.1%)
E-Cluster idle residency:  47.86%
E-Cluster down residency:   0.00%
CPU 0 frequency: 1291 MHz
CPU 0 active residency:  22.41% (1020 MHz:  16% 1404 MHz: 1.6% 1788 MHz: 1.6% 2112 MHz: .33% 2352 MHz: .38% 2532 MHz: .59% 2592 MHz: 1.6%)
CPU 0 idle residency:  77.59%
CPU 0 down residency:   0.00%
CPU 1 frequency: 1268 MHz
CPU 1 active residency:  14.52% (1020 MHz:  11% 1404 MHz: .88% 1788 MHz: .98% 2112 MHz: .25% 2352 MHz: .18% 2532 MHz: .25% 2592 MHz: 1.0%)
CPU 1 idle residency:  85.48%
CPU 1 down residency:   0.00%
CPU 2 frequency: 1466 MHz
CPU 2 active residency:  10.44% (1020 MHz: 5.9% 1404 MHz: .90% 1788 MHz: 1.4% 2112 MHz: .19% 2352 MHz: .38% 2532 MHz: .89% 2592 MHz: .75%)
CPU 2 idle residency:  89.56%
CPU 2 down residency:   0.00%
CPU 3 frequency: 1453 MHz
CPU 3 active residency:   6.50% (1020 MHz: 3.9% 1404 MHz: .42% 1788 MHz: .52% 2112 MHz: .60% 2352 MHz: .30% 2532 MHz: .30% 2592 MHz: .47%)
CPU 3 idle residency:  93.50%
CPU 3 down residency:   0.00%

P0-Cluster Online: 100%
P0-Cluster HW active frequency: 4049 MHz
P0-Cluster HW active residency:  99.84% (1260 MHz:   0% 1512 MHz:   0% 1800 MHz:   0% 2088 MHz:   0% 2352 MHz:   0% 2616 MHz:   0% 2868 MHz:   0% 3096 MHz:   0% 3300 MHz:   0% 3468 MHz:   0% 3624 MHz:   0% 3756 MHz:   0% 3828 MHz:   0% 3888 MHz:  27% 3948 MHz:  23% 3996 MHz:  20% 4044 MHz:  11% 4104 MHz:   0% 4416 MHz: 8.3% 4512 MHz:  10%)
P0-Cluster idle residency:   0.16%
P0-Cluster down residency:   0.00%
CPU 4 frequency: 4512 MHz
CPU 4 active residency:  50.81% (1260 MHz:   0% 1512 MHz:   0% 1800 MHz:   0% 2088 MHz:   0% 2352 MHz:   0% 2616 MHz:   0% 2868 MHz:   0% 3096 MHz:   0% 3300 MHz:   0% 3468 MHz:   0% 3624 MHz:   0% 3756 MHz:   0% 3828 MHz:   0% 3888 MHz:   0% 3948 MHz:   0% 3996 MHz:   0% 4044 MHz:   0% 4104 MHz:   0% 4416 MHz:   0% 4512 MHz:  51%)
CPU 4 idle residency:  49.19%
CPU 4 down residency:   0.00%
CPU 5 frequency: 4512 MHz
CPU 5 active residency:  44.41% (1260 MHz:   0% 1512 MHz:   0% 1800 MHz:   0% 2088 MHz:   0% 2352 MHz:   0% 2616 MHz:   0% 2868 MHz:   0% 3096 MHz:   0% 3300 MHz:   0% 3468 MHz:   0% 3624 MHz:   0% 3756 MHz:   0% 3828 MHz:   0% 3888 MHz:   0% 3948 MHz:   0% 3996 MHz:   0% 4044 MHz:   0% 4104 MHz:   0% 4416 MHz:   0% 4512 MHz:  44%)
CPU 5 idle residency:  55.59%
CPU 5 down residency:   0.00%
CPU 6 frequency: 4512 MHz
CPU 6 active residency:  48.58% (1260 MHz:   0% 1512 MHz:   0% 1800 MHz:   0% 2088 MHz:   0% 2352 MHz:   0% 2616 MHz:   0% 2868 MHz:   0% 3096 MHz:   0% 3300 MHz:   0% 3468 MHz:   0% 3624 MHz:   0% 3756 MHz:   0% 3828 MHz:   0% 3888 MHz:   0% 3948 MHz:   0% 3996 MHz:   0% 4044 MHz:   0% 4104 MHz:   0% 4416 MHz:   0% 4512 MHz:  49%)
CPU 6 idle residency:  51.42%
CPU 6 down residency:   0.00%
CPU 7 frequency: 4512 MHz
CPU 7 active residency:  49.45% (1260 MHz:   0% 1512 MHz:   0% 1800 MHz:   0% 2088 MHz:   0% 2352 MHz:   0% 2616 MHz:   0% 2868 MHz:   0% 3096 MHz:   0% 3300 MHz:   0% 3468 MHz:   0% 3624 MHz:   0% 3756 MHz:   0% 3828 MHz:   0% 3888 MHz:   0% 3948 MHz:   0% 3996 MHz:   0% 4044 MHz:   0% 4104 MHz:   0% 4416 MHz:   0% 4512 MHz:  49%)
CPU 7 idle residency:  50.55%
CPU 7 down residency:   0.00%
CPU 8 frequency: 4512 MHz
CPU 8 active residency:  50.71% (1260 MHz:   0% 1512 MHz:   0% 1800 MHz:   0% 2088 MHz:   0% 2352 MHz:   0% 2616 MHz:   0% 2868 MHz:   0% 3096 MHz:   0% 3300 MHz:   0% 3468 MHz:   0% 3624 MHz:   0% 3756 MHz:   0% 3828 MHz:   0% 3888 MHz:   0% 3948 MHz:   0% 3996 MHz:   0% 4044 MHz:   0% 4104 MHz:   0% 4416 MHz:   0% 4512 MHz:  51%)
CPU 8 idle residency:  49.29%
CPU 8 down residency:   0.00%
CPU 9 frequency: 4512 MHz
CPU 9 active residency:  46.84% (1260 MHz:   0% 1512 MHz:   0% 1800 MHz:   0% 2088 MHz:   0% 2352 MHz:   0% 2616 MHz:   0% 2868 MHz:   0% 3096 MHz:   0% 3300 MHz:   0% 3468 MHz:   0% 3624 MHz:   0% 3756 MHz:   0% 3828 MHz:   0% 3888 MHz:   0% 3948 MHz:   0% 3996 MHz:   0% 4044 MHz:   0% 4104 MHz:   0% 4416 MHz:   0% 4512 MHz:  47%)
CPU 9 idle residency:  53.16%
CPU 9 down residency:   0.00%

P1-Cluster HW active frequency: 2612 MHz
P1-Cluster HW active residency:   1.41% (1260 MHz: .81% 1512 MHz:   0% 1800 MHz:   0% 2088 MHz:   0% 2352 MHz:   0% 2616 MHz:   0% 2868 MHz:   0% 3096 MHz:   0% 3300 MHz:   0% 3468 MHz:   0% 3624 MHz:   0% 3756 MHz:   0% 3828 MHz:   0% 3888 MHz: .04% 3948 MHz: .01% 3996 MHz:   0% 4044 MHz:   0% 4104 MHz:   0% 4416 MHz: .07% 4512 MHz: .48%)
P1-Cluster idle residency:   2.93%
P1-Cluster down residency:  95.65%
CPU 10 frequency: 4359 MHz
CPU 10 active residency:   0.06% (1260 MHz: .00% 1512 MHz:   0% 1800 MHz:   0% 2088 MHz:   0% 2352 MHz:   0% 2616 MHz:   0% 2868 MHz:   0% 3096 MHz:   0% 3300 MHz:   0% 3468 MHz:   0% 3624 MHz:   0% 3756 MHz:   0% 3828 MHz:   0% 3888 MHz:   0% 3948 MHz:   0% 3996 MHz:   0% 4044 MHz:   0% 4104 MHz:   0% 4416 MHz:   0% 4512 MHz: .06%)
CPU 10 idle residency:   4.12%
CPU 10 down residency:  95.81%
CPU 11 frequency: 4336 MHz
CPU 11 active residency:   0.06% (1260 MHz: .00% 1512 MHz:   0% 1800 MHz:   0% 2088 MHz:   0% 2352 MHz:   0% 2616 MHz:   0% 2868 MHz:   0% 3096 MHz:   0% 3300 MHz:   0% 3468 MHz:   0% 3624 MHz:   0% 3756 MHz:   0% 3828 MHz:   0% 3888 MHz:   0% 3948 MHz:   0% 3996 MHz:   0% 4044 MHz:   0% 4104 MHz:   0% 4416 MHz:   0% 4512 MHz: .06%)
CPU 11 idle residency:   4.01%
CPU 11 down residency:  95.92%
CPU 12 frequency: 4447 MHz
CPU 12 active residency:   0.06% (1260 MHz: .00% 1512 MHz:   0% 1800 MHz:   0% 2088 MHz:   0% 2352 MHz:   0% 2616 MHz:   0% 2868 MHz:   0% 3096 MHz:   0% 3300 MHz:   0% 3468 MHz:   0% 3624 MHz:   0% 3756 MHz:   0% 3828 MHz:   0% 3888 MHz:   0% 3948 MHz:   0% 3996 MHz:   0% 4044 MHz:   0% 4104 MHz:   0% 4416 MHz:   0% 4512 MHz: .06%)
CPU 12 idle residency:   4.04%
CPU 12 down residency:  95.90%
CPU 13 frequency: 4472 MHz
CPU 13 active residency:   0.06% (1260 MHz: .00% 1512 MHz:   0% 1800 MHz:   0% 2088 MHz:   0% 2352 MHz:   0% 2616 MHz:   0% 2868 MHz:   0% 3096 MHz:   0% 3300 MHz:   0% 3468 MHz:   0% 3624 MHz:   0% 3756 MHz:   0% 3828 MHz:   0% 3888 MHz:   0% 3948 MHz:   0% 3996 MHz:   0% 4044 MHz:   0% 4104 MHz:   0% 4416 MHz:   0% 4512 MHz: .06%)
CPU 13 idle residency:   4.10%
CPU 13 down residency:  95.84%
CPU 14 frequency: 4512 MHz
CPU 14 active residency:   0.06% (1260 MHz:   0% 1512 MHz:   0% 1800 MHz:   0% 2088 MHz:   0% 2352 MHz:   0% 2616 MHz:   0% 2868 MHz:   0% 3096 MHz:   0% 3300 MHz:   0% 3468 MHz:   0% 3624 MHz:   0% 3756 MHz:   0% 3828 MHz:   0% 3888 MHz:   0% 3948 MHz:   0% 3996 MHz:   0% 4044 MHz:   0% 4104 MHz:   0% 4416 MHz:   0% 4512 MHz: .06%)
CPU 14 idle residency:   4.13%
CPU 14 down residency:  95.81%
CPU 15 frequency: 4512 MHz
CPU 15 active residency:   0.06% (1260 MHz:   0% 1512 MHz:   0% 1800 MHz:   0% 2088 MHz:   0% 2352 MHz:   0% 2616 MHz:   0% 2868 MHz:   0% 3096 MHz:   0% 3300 MHz:   0% 3468 MHz:   0% 3624 MHz:   0% 3756 MHz:   0% 3828 MHz:   0% 3888 MHz:   0% 3948 MHz:   0% 3996 MHz:   0% 4044 MHz:   0% 4104 MHz:   0% 4416 MHz:   0% 4512 MHz: .06%)
CPU 15 idle residency:   4.13%
CPU 15 down residency:  95.81%

CPU Power: 7715 mW
GPU Power: 12485 mW
ANE Power: 0 mW
Combined Power (CPU + GPU + ANE): 20200 mW

**** GPU usage ****

GPU HW active frequency: 1561 MHz
GPU HW active residency:  95.80% (338 MHz: 1.3% 618 MHz:   0% 796 MHz:   0% 924 MHz:   0% 952 MHz:   0% 1056 MHz:   0% 1062 MHz:   0% 1182 MHz:   0% 1182 MHz:   0% 1312 MHz:   0% 1242 MHz:   0% 1380 MHz:   0% 1326 MHz:   0% 1470 MHz:   0% 1578 MHz:  94%)
GPU SW requested state: (P1 :   0% P2 :   0% P3 :   0% P4 :   0% P5 :   0% P6 :   0% P7 :   0% P8 :   0% P9 :   0% P10 : 100% P11 :   0% P12 :   0% P13 :   0% P14 :   0% P15 :   0%)
GPU SW state: (SW_P1 : 1.3% SW_P2 :   0% SW_P3 :   0% SW_P4 :   0% SW_P5 :   0% SW_P6 :   0% SW_P7 :   0% SW_P8 :   0% SW_P9 :   0% SW_P10 :  94% SW_P11 :   0% SW_P12 :   0% SW_P13 :   0% SW_P14 :   0% SW_P15 :   0%)
GPU idle residency:   4.20%
GPU Power: 12354 mW



*** Sampled system activity (Tue Jan 20 15:13:14 2026 +0100) (1022.69ms elapsed) ***


**** Processor usage ****

E-Cluster Online: 100%
E-Cluster HW active frequency: 1185 MHz
E-Cluster HW active residency:  47.66% (1020 MHz:  41% 1404 MHz: .51% 1788 MHz: 2.3% 2112 MHz: .58% 2352 MHz: .90% 2532 MHz: .86% 2592 MHz: 1.7%)
E-Cluster idle residency:  52.34%
E-Cluster down residency:   0.00%
CPU 0 frequency: 1243 MHz
CPU 0 active residency:  20.72% (1020 MHz:  17% 1404 MHz: .21% 1788 MHz: 1.3% 2112 MHz: .21% 2352 MHz: .30% 2532 MHz: .64% 2592 MHz: 1.2%)
CPU 0 idle residency:  79.28%
CPU 0 down residency:   0.00%
CPU 1 frequency: 1223 MHz
CPU 1 active residency:  11.93% (1020 MHz: 9.6% 1404 MHz: .18% 1788 MHz: 1.1% 2112 MHz: .04% 2352 MHz: .20% 2532 MHz: .28% 2592 MHz: .50%)
CPU 1 idle residency:  88.07%
CPU 1 down residency:   0.00%
CPU 2 frequency: 1354 MHz
CPU 2 active residency:   8.50% (1020 MHz: 5.7% 1404 MHz: .35% 1788 MHz: 1.0% 2112 MHz: .39% 2352 MHz: .50% 2532 MHz: .17% 2592 MHz: .37%)
CPU 2 idle residency:  91.50%
CPU 2 down residency:   0.00%
CPU 3 frequency: 1316 MHz
CPU 3 active residency:   4.47% (1020 MHz: 3.3% 1404 MHz: .04% 1788 MHz: .46% 2112 MHz: .01% 2352 MHz: .24% 2532 MHz: .17% 2592 MHz: .24%)
CPU 3 idle residency:  95.53%
CPU 3 down residency:   0.00%

P0-Cluster Online: 100%
P0-Cluster HW active frequency: 4043 MHz
P0-Cluster HW active residency:  99.88% (1260 MHz:   0% 1512 MHz:   0% 1800 MHz:   0% 2088 MHz:   0% 2352 MHz:   0% 2616 MHz:   0% 2868 MHz:   0% 3096 MHz:   0% 3300 MHz:   0% 3468 MHz:   0% 3624 MHz:   0% 3756 MHz:   0% 3828 MHz:   0% 3888 MHz:  24% 3948 MHz:  27% 3996 MHz:  21% 4044 MHz:  11% 4104 MHz:   0% 4416 MHz: 7.4% 4512 MHz: 9.4%)
P0-Cluster idle residency:   0.12%
P0-Cluster down residency:   0.00%
CPU 4 frequency: 4512 MHz
CPU 4 active residency:  51.93% (1260 MHz:   0% 1512 MHz:   0% 1800 MHz:   0% 2088 MHz:   0% 2352 MHz:   0% 2616 MHz:   0% 2868 MHz:   0% 3096 MHz:   0% 3300 MHz:   0% 3468 MHz:   0% 3624 MHz:   0% 3756 MHz:   0% 3828 MHz:   0% 3888 MHz:   0% 3948 MHz:   0% 3996 MHz:   0% 4044 MHz:   0% 4104 MHz:   0% 4416 MHz:   0% 4512 MHz:  52%)
CPU 4 idle residency:  48.07%
CPU 4 down residency:   0.00%
CPU 5 frequency: 4512 MHz
CPU 5 active residency:  50.31% (1260 MHz:   0% 1512 MHz:   0% 1800 MHz:   0% 2088 MHz:   0% 2352 MHz:   0% 2616 MHz:   0% 2868 MHz:   0% 3096 MHz:   0% 3300 MHz:   0% 3468 MHz:   0% 3624 MHz:   0% 3756 MHz:   0% 3828 MHz:   0% 3888 MHz:   0% 3948 MHz:   0% 3996 MHz:   0% 4044 MHz:   0% 4104 MHz:   0% 4416 MHz:   0% 4512 MHz:  50%)
CPU 5 idle residency:  49.69%
CPU 5 down residency:   0.00%
CPU 6 frequency: 4512 MHz
CPU 6 active residency:  46.13% (1260 MHz:   0% 1512 MHz:   0% 1800 MHz:   0% 2088 MHz:   0% 2352 MHz:   0% 2616 MHz:   0% 2868 MHz:   0% 3096 MHz:   0% 3300 MHz:   0% 3468 MHz:   0% 3624 MHz:   0% 3756 MHz:   0% 3828 MHz:   0% 3888 MHz:   0% 3948 MHz:   0% 3996 MHz:   0% 4044 MHz:   0% 4104 MHz:   0% 4416 MHz:   0% 4512 MHz:  46%)
CPU 6 idle residency:  53.87%
CPU 6 down residency:   0.00%
CPU 7 frequency: 4512 MHz
CPU 7 active residency:  44.06% (1260 MHz:   0% 1512 MHz:   0% 1800 MHz:   0% 2088 MHz:   0% 2352 MHz:   0% 2616 MHz:   0% 2868 MHz:   0% 3096 MHz:   0% 3300 MHz:   0% 3468 MHz:   0% 3624 MHz:   0% 3756 MHz:   0% 3828 MHz:   0% 3888 MHz:   0% 3948 MHz:   0% 3996 MHz:   0% 4044 MHz:   0% 4104 MHz:   0% 4416 MHz:   0% 4512 MHz:  44%)
CPU 7 idle residency:  55.94%
CPU 7 down residency:   0.00%
CPU 8 frequency: 4512 MHz
CPU 8 active residency:  50.17% (1260 MHz:   0% 1512 MHz:   0% 1800 MHz:   0% 2088 MHz:   0% 2352 MHz:   0% 2616 MHz:   0% 2868 MHz:   0% 3096 MHz:   0% 3300 MHz:   0% 3468 MHz:   0% 3624 MHz:   0% 3756 MHz:   0% 3828 MHz:   0% 3888 MHz:   0% 3948 MHz:   0% 3996 MHz:   0% 4044 MHz:   0% 4104 MHz:   0% 4416 MHz:   0% 4512 MHz:  50%)
CPU 8 idle residency:  49.83%
CPU 8 down residency:   0.00%
CPU 9 frequency: 4512 MHz
CPU 9 active residency:  40.96% (1260 MHz:   0% 1512 MHz:   0% 1800 MHz:   0% 2088 MHz:   0% 2352 MHz:   0% 2616 MHz:   0% 2868 MHz:   0% 3096 MHz:   0% 3300 MHz:   0% 3468 MHz:   0% 3624 MHz:   0% 3756 MHz:   0% 3828 MHz:   0% 3888 MHz:   0% 3948 MHz:   0% 3996 MHz:   0% 4044 MHz:   0% 4104 MHz:   0% 4416 MHz:   0% 4512 MHz:  41%)
CPU 9 idle residency:  59.04%
CPU 9 down residency:   0.00%

P1-Cluster HW active frequency: 2124 MHz
P1-Cluster HW active residency:   3.34% (1260 MHz: 1.2% 1512 MHz: .11% 1800 MHz: .52% 2088 MHz: .40% 2352 MHz: .58% 2616 MHz:   0% 2868 MHz:   0% 3096 MHz:   0% 3300 MHz:   0% 3468 MHz:   0% 3624 MHz:   0% 3756 MHz:   0% 3828 MHz:   0% 3888 MHz: .02% 3948 MHz: .02% 3996 MHz:   0% 4044 MHz:   0% 4104 MHz:   0% 4416 MHz: .09% 4512 MHz: .38%)
P1-Cluster idle residency:   0.12%
P1-Cluster down residency:  96.54%
CPU 10 frequency: 3848 MHz
CPU 10 active residency:   0.21% (1260 MHz: .04% 1512 MHz:   0% 1800 MHz: .00% 2088 MHz: .00% 2352 MHz:   0% 2616 MHz:   0% 2868 MHz:   0% 3096 MHz:   0% 3300 MHz:   0% 3468 MHz:   0% 3624 MHz:   0% 3756 MHz:   0% 3828 MHz:   0% 3888 MHz:   0% 3948 MHz:   0% 3996 MHz:   0% 4044 MHz:   0% 4104 MHz:   0% 4416 MHz:   0% 4512 MHz: .17%)
CPU 10 idle residency:   3.34%
CPU 10 down residency:  96.45%
CPU 11 frequency: 2472 MHz
CPU 11 active residency:   1.37% (1260 MHz: .07% 1512 MHz: .11% 1800 MHz: .10% 2088 MHz: .36% 2352 MHz: .49% 2616 MHz:   0% 2868 MHz:   0% 3096 MHz:   0% 3300 MHz:   0% 3468 MHz:   0% 3624 MHz:   0% 3756 MHz:   0% 3828 MHz:   0% 3888 MHz:   0% 3948 MHz:   0% 3996 MHz:   0% 4044 MHz:   0% 4104 MHz:   0% 4416 MHz:   0% 4512 MHz: .23%)
CPU 11 idle residency:   2.16%
CPU 11 down residency:  96.47%
CPU 12 frequency: 2535 MHz
CPU 12 active residency:   1.00% (1260 MHz: .08% 1512 MHz: .11% 1800 MHz: .49% 2088 MHz: .02% 2352 MHz:   0% 2616 MHz:   0% 2868 MHz:   0% 3096 MHz:   0% 3300 MHz:   0% 3468 MHz:   0% 3624 MHz:   0% 3756 MHz:   0% 3828 MHz:   0% 3888 MHz:   0% 3948 MHz:   0% 3996 MHz:   0% 4044 MHz:   0% 4104 MHz:   0% 4416 MHz:   0% 4512 MHz: .30%)
CPU 12 idle residency:   2.58%
CPU 12 down residency:  96.43%
CPU 13 frequency: 3171 MHz
CPU 13 active residency:   0.27% (1260 MHz: .09% 1512 MHz:   0% 1800 MHz: .01% 2088 MHz: .01% 2352 MHz:   0% 2616 MHz:   0% 2868 MHz:   0% 3096 MHz:   0% 3300 MHz:   0% 3468 MHz:   0% 3624 MHz:   0% 3756 MHz:   0% 3828 MHz:   0% 3888 MHz:   0% 3948 MHz:   0% 3996 MHz:   0% 4044 MHz:   0% 4104 MHz:   0% 4416 MHz:   0% 4512 MHz: .15%)
CPU 13 idle residency:   3.32%
CPU 13 down residency:  96.41%
CPU 14 frequency: 3697 MHz
CPU 14 active residency:   0.24% (1260 MHz: .06% 1512 MHz:   0% 1800 MHz: .00% 2088 MHz:   0% 2352 MHz:   0% 2616 MHz:   0% 2868 MHz:   0% 3096 MHz:   0% 3300 MHz:   0% 3468 MHz:   0% 3624 MHz:   0% 3756 MHz:   0% 3828 MHz:   0% 3888 MHz:   0% 3948 MHz:   0% 3996 MHz:   0% 4044 MHz:   0% 4104 MHz:   0% 4416 MHz:   0% 4512 MHz: .18%)
CPU 14 idle residency:   3.31%
CPU 14 down residency:  96.45%
CPU 15 frequency: 3403 MHz
CPU 15 active residency:   0.18% (1260 MHz: .06% 1512 MHz:   0% 1800 MHz:   0% 2088 MHz:   0% 2352 MHz:   0% 2616 MHz:   0% 2868 MHz:   0% 3096 MHz:   0% 3300 MHz:   0% 3468 MHz:   0% 3624 MHz:   0% 3756 MHz:   0% 3828 MHz:   0% 3888 MHz:   0% 3948 MHz:   0% 3996 MHz:   0% 4044 MHz:   0% 4104 MHz:   0% 4416 MHz:   0% 4512 MHz: .12%)
CPU 15 idle residency:   3.38%
CPU 15 down residency:  96.45%

CPU Power: 7482 mW
GPU Power: 11954 mW
ANE Power: 0 mW
Combined Power (CPU + GPU + ANE): 19436 mW

**** GPU usage ****

GPU HW active frequency: 1560 MHz
GPU HW active residency:  95.65% (338 MHz: 1.4% 618 MHz:   0% 796 MHz:   0% 924 MHz:   0% 952 MHz:   0% 1056 MHz:   0% 1062 MHz:   0% 1182 MHz:   0% 1182 MHz:   0% 1312 MHz:   0% 1242 MHz:   0% 1380 MHz:   0% 1326 MHz:   0% 1470 MHz:   0% 1578 MHz:  94%)
GPU SW requested state: (P1 :   0% P2 :   0% P3 :   0% P4 :   0% P5 :   0% P6 :   0% P7 :   0% P8 :   0% P9 :   0% P10 : 100% P11 :   0% P12 :   0% P13 :   0% P14 :   0% P15 :   0%)
GPU SW state: (SW_P1 : 1.4% SW_P2 :   0% SW_P3 :   0% SW_P4 :   0% SW_P5 :   0% SW_P6 :   0% SW_P7 :   0% SW_P8 :   0% SW_P9 :   0% SW_P10 :  94% SW_P11 :   0% SW_P12 :   0% SW_P13 :   0% SW_P14 :   0% SW_P15 :   0%)
GPU idle residency:   4.35%
GPU Power: 12000 mW



*** Sampled system activity (Tue Jan 20 15:13:15 2026 +0100) (1020.36ms elapsed) ***


**** Processor usage ****

E-Cluster Online: 100%
E-Cluster HW active frequency: 1285 MHz
E-Cluster HW active residency:  50.23% (1020 MHz:  38% 1404 MHz: 1.4% 1788 MHz: 3.1% 2112 MHz: 1.6% 2352 MHz: 1.2% 2532 MHz: 1.3% 2592 MHz: 3.3%)
E-Cluster idle residency:  49.77%
E-Cluster down residency:   0.00%
CPU 0 frequency: 1276 MHz
CPU 0 active residency:  20.73% (1020 MHz:  15% 1404 MHz: .95% 1788 MHz: 2.3% 2112 MHz: .66% 2352 MHz: .20% 2532 MHz: .20% 2592 MHz: 1.2%)
CPU 0 idle residency:  79.27%
CPU 0 down residency:   0.00%
CPU 1 frequency: 1341 MHz
CPU 1 active residency:  11.11% (1020 MHz: 7.8% 1404 MHz: .45% 1788 MHz: 1.0% 2112 MHz: .41% 2352 MHz: .19% 2532 MHz: .41% 2592 MHz: .81%)
CPU 1 idle residency:  88.89%
CPU 1 down residency:   0.00%
CPU 2 frequency: 1400 MHz
CPU 2 active residency:   8.76% (1020 MHz: 5.7% 1404 MHz: .79% 1788 MHz: .47% 2112 MHz: .32% 2352 MHz: .24% 2532 MHz: .36% 2592 MHz: .93%)
CPU 2 idle residency:  91.24%
CPU 2 down residency:   0.00%
CPU 3 frequency: 1569 MHz
CPU 3 active residency:   6.44% (1020 MHz: 3.2% 1404 MHz: .44% 1788 MHz: .58% 2112 MHz: .63% 2352 MHz: .74% 2532 MHz: .48% 2592 MHz: .33%)
CPU 3 idle residency:  93.56%
CPU 3 down residency:   0.00%

P0-Cluster Online: 100%
P0-Cluster HW active frequency: 4049 MHz
P0-Cluster HW active residency:  99.83% (1260 MHz:   0% 1512 MHz:   0% 1800 MHz:   0% 2088 MHz:   0% 2352 MHz:   0% 2616 MHz:   0% 2868 MHz:   0% 3096 MHz:   0% 3300 MHz:   0% 3468 MHz:   0% 3624 MHz:   0% 3756 MHz:   0% 3828 MHz:   0% 3888 MHz:  28% 3948 MHz:  24% 3996 MHz:  17% 4044 MHz:  12% 4104 MHz:   0% 4416 MHz: 8.2% 4512 MHz:  11%)
P0-Cluster idle residency:   0.17%
P0-Cluster down residency:   0.00%
CPU 4 frequency: 4512 MHz
CPU 4 active residency:  56.76% (1260 MHz:   0% 1512 MHz:   0% 1800 MHz:   0% 2088 MHz:   0% 2352 MHz:   0% 2616 MHz:   0% 2868 MHz:   0% 3096 MHz:   0% 3300 MHz:   0% 3468 MHz:   0% 3624 MHz:   0% 3756 MHz:   0% 3828 MHz:   0% 3888 MHz:   0% 3948 MHz:   0% 3996 MHz:   0% 4044 MHz:   0% 4104 MHz:   0% 4416 MHz:   0% 4512 MHz:  57%)
CPU 4 idle residency:  43.24%
CPU 4 down residency:   0.00%
CPU 5 frequency: 4512 MHz
CPU 5 active residency:  49.22% (1260 MHz:   0% 1512 MHz:   0% 1800 MHz:   0% 2088 MHz:   0% 2352 MHz:   0% 2616 MHz:   0% 2868 MHz:   0% 3096 MHz:   0% 3300 MHz:   0% 3468 MHz:   0% 3624 MHz:   0% 3756 MHz:   0% 3828 MHz:   0% 3888 MHz:   0% 3948 MHz:   0% 3996 MHz:   0% 4044 MHz:   0% 4104 MHz:   0% 4416 MHz:   0% 4512 MHz:  49%)
CPU 5 idle residency:  50.78%
CPU 5 down residency:   0.00%
CPU 6 frequency: 4512 MHz
CPU 6 active residency:  50.15% (1260 MHz:   0% 1512 MHz:   0% 1800 MHz:   0% 2088 MHz:   0% 2352 MHz:   0% 2616 MHz:   0% 2868 MHz:   0% 3096 MHz:   0% 3300 MHz:   0% 3468 MHz:   0% 3624 MHz:   0% 3756 MHz:   0% 3828 MHz:   0% 3888 MHz:   0% 3948 MHz:   0% 3996 MHz:   0% 4044 MHz:   0% 4104 MHz:   0% 4416 MHz:   0% 4512 MHz:  50%)
CPU 6 idle residency:  49.85%
CPU 6 down residency:   0.00%
CPU 7 frequency: 4512 MHz
CPU 7 active residency:  45.20% (1260 MHz:   0% 1512 MHz:   0% 1800 MHz:   0% 2088 MHz:   0% 2352 MHz:   0% 2616 MHz:   0% 2868 MHz:   0% 3096 MHz:   0% 3300 MHz:   0% 3468 MHz:   0% 3624 MHz:   0% 3756 MHz:   0% 3828 MHz:   0% 3888 MHz:   0% 3948 MHz:   0% 3996 MHz:   0% 4044 MHz:   0% 4104 MHz:   0% 4416 MHz:   0% 4512 MHz:  45%)
CPU 7 idle residency:  54.80%
CPU 7 down residency:   0.00%
CPU 8 frequency: 4512 MHz
CPU 8 active residency:  46.72% (1260 MHz:   0% 1512 MHz:   0% 1800 MHz:   0% 2088 MHz:   0% 2352 MHz:   0% 2616 MHz:   0% 2868 MHz:   0% 3096 MHz:   0% 3300 MHz:   0% 3468 MHz:   0% 3624 MHz:   0% 3756 MHz:   0% 3828 MHz:   0% 3888 MHz:   0% 3948 MHz:   0% 3996 MHz:   0% 4044 MHz:   0% 4104 MHz:   0% 4416 MHz:   0% 4512 MHz:  47%)
CPU 8 idle residency:  53.28%
CPU 8 down residency:   0.00%
CPU 9 frequency: 4512 MHz
CPU 9 active residency:  44.44% (1260 MHz:   0% 1512 MHz:   0% 1800 MHz:   0% 2088 MHz:   0% 2352 MHz:   0% 2616 MHz:   0% 2868 MHz:   0% 3096 MHz:   0% 3300 MHz:   0% 3468 MHz:   0% 3624 MHz:   0% 3756 MHz:   0% 3828 MHz:   0% 3888 MHz:   0% 3948 MHz:   0% 3996 MHz:   0% 4044 MHz:   0% 4104 MHz:   0% 4416 MHz:   0% 4512 MHz:  44%)
CPU 9 idle residency:  55.56%
CPU 9 down residency:   0.00%

P1-Cluster HW active frequency: 2156 MHz
P1-Cluster HW active residency:   2.24% (1260 MHz: 1.5% 1512 MHz:   0% 1800 MHz:   0% 2088 MHz: .05% 2352 MHz: .05% 2616 MHz:   0% 2868 MHz:   0% 3096 MHz:   0% 3300 MHz:   0% 3468 MHz:   0% 3624 MHz:   0% 3756 MHz:   0% 3828 MHz:   0% 3888 MHz: .06% 3948 MHz: .01% 3996 MHz:   0% 4044 MHz:   0% 4104 MHz:   0% 4416 MHz: .02% 4512 MHz: .52%)
P1-Cluster idle residency:   3.83%
P1-Cluster down residency:  93.93%
CPU 10 frequency: 0 MHz
CPU 10 active residency:   0.00% (1260 MHz:   0% 1512 MHz:   0% 1800 MHz:   0% 2088 MHz:   0% 2352 MHz:   0% 2616 MHz:   0% 2868 MHz:   0% 3096 MHz:   0% 3300 MHz:   0% 3468 MHz:   0% 3624 MHz:   0% 3756 MHz:   0% 3828 MHz:   0% 3888 MHz:   0% 3948 MHz:   0% 3996 MHz:   0% 4044 MHz:   0% 4104 MHz:   0% 4416 MHz:   0% 4512 MHz:   0%)
CPU 10 idle residency:   5.79%
CPU 10 down residency:  94.21%
CPU 11 frequency: 0 MHz
CPU 11 active residency:   0.00% (1260 MHz:   0% 1512 MHz:   0% 1800 MHz:   0% 2088 MHz:   0% 2352 MHz:   0% 2616 MHz:   0% 2868 MHz:   0% 3096 MHz:   0% 3300 MHz:   0% 3468 MHz:   0% 3624 MHz:   0% 3756 MHz:   0% 3828 MHz:   0% 3888 MHz:   0% 3948 MHz:   0% 3996 MHz:   0% 4044 MHz:   0% 4104 MHz:   0% 4416 MHz:   0% 4512 MHz:   0%)
CPU 11 idle residency:   5.77%
CPU 11 down residency:  94.23%
CPU 12 frequency: 0 MHz
CPU 12 active residency:   0.00% (1260 MHz:   0% 1512 MHz:   0% 1800 MHz:   0% 2088 MHz:   0% 2352 MHz:   0% 2616 MHz:   0% 2868 MHz:   0% 3096 MHz:   0% 3300 MHz:   0% 3468 MHz:   0% 3624 MHz:   0% 3756 MHz:   0% 3828 MHz:   0% 3888 MHz:   0% 3948 MHz:   0% 3996 MHz:   0% 4044 MHz:   0% 4104 MHz:   0% 4416 MHz:   0% 4512 MHz:   0%)
CPU 12 idle residency:   5.80%
CPU 12 down residency:  94.20%
CPU 13 frequency: 0 MHz
CPU 13 active residency:   0.00% (1260 MHz:   0% 1512 MHz:   0% 1800 MHz:   0% 2088 MHz:   0% 2352 MHz:   0% 2616 MHz:   0% 2868 MHz:   0% 3096 MHz:   0% 3300 MHz:   0% 3468 MHz:   0% 3624 MHz:   0% 3756 MHz:   0% 3828 MHz:   0% 3888 MHz:   0% 3948 MHz:   0% 3996 MHz:   0% 4044 MHz:   0% 4104 MHz:   0% 4416 MHz:   0% 4512 MHz:   0%)
CPU 13 idle residency:   5.70%
CPU 13 down residency:  94.30%
CPU 14 frequency: 0 MHz
CPU 14 active residency:   0.00% (1260 MHz:   0% 1512 MHz:   0% 1800 MHz:   0% 2088 MHz:   0% 2352 MHz:   0% 2616 MHz:   0% 2868 MHz:   0% 3096 MHz:   0% 3300 MHz:   0% 3468 MHz:   0% 3624 MHz:   0% 3756 MHz:   0% 3828 MHz:   0% 3888 MHz:   0% 3948 MHz:   0% 3996 MHz:   0% 4044 MHz:   0% 4104 MHz:   0% 4416 MHz:   0% 4512 MHz:   0%)
CPU 14 idle residency:   5.81%
CPU 14 down residency:  94.19%
CPU 15 frequency: 0 MHz
CPU 15 active residency:   0.00% (1260 MHz:   0% 1512 MHz:   0% 1800 MHz:   0% 2088 MHz:   0% 2352 MHz:   0% 2616 MHz:   0% 2868 MHz:   0% 3096 MHz:   0% 3300 MHz:   0% 3468 MHz:   0% 3624 MHz:   0% 3756 MHz:   0% 3828 MHz:   0% 3888 MHz:   0% 3948 MHz:   0% 3996 MHz:   0% 4044 MHz:   0% 4104 MHz:   0% 4416 MHz:   0% 4512 MHz:   0%)
CPU 15 idle residency:   5.81%
CPU 15 down residency:  94.19%

CPU Power: 7751 mW
GPU Power: 11285 mW
ANE Power: 0 mW
Combined Power (CPU + GPU + ANE): 19036 mW

**** GPU usage ****

GPU HW active frequency: 1560 MHz
GPU HW active residency:  95.67% (338 MHz: 1.4% 618 MHz:   0% 796 MHz:   0% 924 MHz:   0% 952 MHz:   0% 1056 MHz:   0% 1062 MHz:   0% 1182 MHz:   0% 1182 MHz:   0% 1312 MHz:   0% 1242 MHz:   0% 1380 MHz:   0% 1326 MHz:   0% 1470 MHz:   0% 1578 MHz:  94%)
GPU SW requested state: (P1 :   0% P2 :   0% P3 :   0% P4 :   0% P5 :   0% P6 :   0% P7 :   0% P8 :   0% P9 :   0% P10 : 100% P11 :   0% P12 :   0% P13 :   0% P14 :   0% P15 :   0%)
GPU SW state: (SW_P1 : 1.4% SW_P2 :   0% SW_P3 :   0% SW_P4 :   0% SW_P5 :   0% SW_P6 :   0% SW_P7 :   0% SW_P8 :   0% SW_P9 :   0% SW_P10 :  94% SW_P11 :   0% SW_P12 :   0% SW_P13 :   0% SW_P14 :   0% SW_P15 :   0%)
GPU idle residency:   4.33%
GPU Power: 11240 mW



*** Sampled system activity (Tue Jan 20 15:13:16 2026 +0100) (1019.89ms elapsed) ***


**** Processor usage ****

E-Cluster Online: 100%
E-Cluster HW active frequency: 1229 MHz
E-Cluster HW active residency:  50.13% (1020 MHz:  39% 1404 MHz: 3.8% 1788 MHz: 1.5% 2112 MHz: 1.3% 2352 MHz: .80% 2532 MHz: 1.4% 2592 MHz: 2.1%)
E-Cluster idle residency:  49.87%
E-Cluster down residency:   0.00%
CPU 0 frequency: 1254 MHz
CPU 0 active residency:  21.53% (1020 MHz:  16% 1404 MHz: 2.1% 1788 MHz: .41% 2112 MHz: .40% 2352 MHz: .39% 2532 MHz: .82% 2592 MHz: 1.1%)
CPU 0 idle residency:  78.47%
CPU 0 down residency:   0.00%
CPU 1 frequency: 1318 MHz
CPU 1 active residency:  14.69% (1020 MHz:  10% 1404 MHz: 1.6% 1788 MHz: .68% 2112 MHz: 1.0% 2352 MHz: .21% 2532 MHz: .48% 2592 MHz: .72%)
CPU 1 idle residency:  85.31%
CPU 1 down residency:   0.00%
CPU 2 frequency: 1342 MHz
CPU 2 active residency:   9.57% (1020 MHz: 6.8% 1404 MHz: .43% 1788 MHz: .67% 2112 MHz: .23% 2352 MHz: .36% 2532 MHz: .29% 2592 MHz: .78%)
CPU 2 idle residency:  90.43%
CPU 2 down residency:   0.00%
CPU 3 frequency: 1373 MHz
CPU 3 active residency:   6.02% (1020 MHz: 3.8% 1404 MHz: .65% 1788 MHz: .50% 2112 MHz: .25% 2352 MHz: .04% 2532 MHz: .18% 2592 MHz: .56%)
CPU 3 idle residency:  93.98%
CPU 3 down residency:   0.00%

P0-Cluster Online: 64%
P0-Cluster HW active frequency: 4044 MHz
P0-Cluster HW active residency:  64.62% (1260 MHz: .04% 1512 MHz:   0% 1800 MHz:   0% 2088 MHz:   0% 2352 MHz:   0% 2616 MHz:   0% 2868 MHz:   0% 3096 MHz:   0% 3300 MHz:   0% 3468 MHz:   0% 3624 MHz:   0% 3756 MHz:   0% 3828 MHz:   0% 3888 MHz:  17% 3948 MHz:  16% 3996 MHz:  13% 4044 MHz: 7.1% 4104 MHz:   0% 4416 MHz: 4.9% 4512 MHz: 6.7%)
P0-Cluster idle residency:   0.45%
P0-Cluster down residency:  34.93%
CPU 4 frequency: 4512 MHz
CPU 4 active residency:  13.56% (1260 MHz:   0% 1512 MHz:   0% 1800 MHz:   0% 2088 MHz:   0% 2352 MHz:   0% 2616 MHz:   0% 2868 MHz:   0% 3096 MHz:   0% 3300 MHz:   0% 3468 MHz:   0% 3624 MHz:   0% 3756 MHz:   0% 3828 MHz:   0% 3888 MHz:   0% 3948 MHz:   0% 3996 MHz:   0% 4044 MHz:   0% 4104 MHz:   0% 4416 MHz:   0% 4512 MHz:  14%)
CPU 4 idle residency:  41.73%
CPU 4 down residency:  44.71%
CPU 5 frequency: 4512 MHz
CPU 5 active residency:  14.09% (1260 MHz:   0% 1512 MHz:   0% 1800 MHz:   0% 2088 MHz:   0% 2352 MHz:   0% 2616 MHz:   0% 2868 MHz:   0% 3096 MHz:   0% 3300 MHz:   0% 3468 MHz:   0% 3624 MHz:   0% 3756 MHz:   0% 3828 MHz:   0% 3888 MHz:   0% 3948 MHz:   0% 3996 MHz:   0% 4044 MHz:   0% 4104 MHz:   0% 4416 MHz:   0% 4512 MHz:  14%)
CPU 5 idle residency:  42.07%
CPU 5 down residency:  43.84%
CPU 6 frequency: 4512 MHz
CPU 6 active residency:  13.14% (1260 MHz:   0% 1512 MHz:   0% 1800 MHz:   0% 2088 MHz:   0% 2352 MHz:   0% 2616 MHz:   0% 2868 MHz:   0% 3096 MHz:   0% 3300 MHz:   0% 3468 MHz:   0% 3624 MHz:   0% 3756 MHz:   0% 3828 MHz:   0% 3888 MHz:   0% 3948 MHz:   0% 3996 MHz:   0% 4044 MHz:   0% 4104 MHz:   0% 4416 MHz:   0% 4512 MHz:  13%)
CPU 6 idle residency:  42.87%
CPU 6 down residency:  43.99%
CPU 7 frequency: 4512 MHz
CPU 7 active residency:  12.61% (1260 MHz:   0% 1512 MHz:   0% 1800 MHz:   0% 2088 MHz:   0% 2352 MHz:   0% 2616 MHz:   0% 2868 MHz:   0% 3096 MHz:   0% 3300 MHz:   0% 3468 MHz:   0% 3624 MHz:   0% 3756 MHz:   0% 3828 MHz:   0% 3888 MHz:   0% 3948 MHz:   0% 3996 MHz:   0% 4044 MHz:   0% 4104 MHz:   0% 4416 MHz:   0% 4512 MHz:  13%)
CPU 7 idle residency:  43.92%
CPU 7 down residency:  43.47%
CPU 8 frequency: 4512 MHz
CPU 8 active residency:  14.43% (1260 MHz:   0% 1512 MHz:   0% 1800 MHz:   0% 2088 MHz:   0% 2352 MHz:   0% 2616 MHz:   0% 2868 MHz:   0% 3096 MHz:   0% 3300 MHz:   0% 3468 MHz:   0% 3624 MHz:   0% 3756 MHz:   0% 3828 MHz:   0% 3888 MHz:   0% 3948 MHz:   0% 3996 MHz:   0% 4044 MHz:   0% 4104 MHz:   0% 4416 MHz:   0% 4512 MHz:  14%)
CPU 8 idle residency:  40.54%
CPU 8 down residency:  45.04%
CPU 9 frequency: 4512 MHz
CPU 9 active residency:  13.37% (1260 MHz:   0% 1512 MHz:   0% 1800 MHz:   0% 2088 MHz:   0% 2352 MHz:   0% 2616 MHz:   0% 2868 MHz:   0% 3096 MHz:   0% 3300 MHz:   0% 3468 MHz:   0% 3624 MHz:   0% 3756 MHz:   0% 3828 MHz:   0% 3888 MHz:   0% 3948 MHz:   0% 3996 MHz:   0% 4044 MHz:   0% 4104 MHz:   0% 4416 MHz:   0% 4512 MHz:  13%)
CPU 9 idle residency:  43.54%
CPU 9 down residency:  43.09%

P1-Cluster HW active frequency: 3823 MHz
P1-Cluster HW active residency:  41.06% (1260 MHz: 3.5% 1512 MHz:   0% 1800 MHz:   0% 2088 MHz:   0% 2352 MHz:   0% 2616 MHz: .01% 2868 MHz: .04% 3096 MHz:   0% 3300 MHz:   0% 3468 MHz: .03% 3624 MHz: .34% 3756 MHz: .39% 3828 MHz:   0% 3888 MHz: 7.3% 3948 MHz:  11% 3996 MHz: 4.2% 4044 MHz: 6.1% 4104 MHz: .01% 4416 MHz: 3.6% 4512 MHz: 4.3%)
P1-Cluster idle residency:   6.42%
P1-Cluster down residency:  52.52%
CPU 10 frequency: 4504 MHz
CPU 10 active residency:  18.83% (1260 MHz: .03% 1512 MHz:   0% 1800 MHz:   0% 2088 MHz:   0% 2352 MHz:   0% 2616 MHz:   0% 2868 MHz: .04% 3096 MHz:   0% 3300 MHz:   0% 3468 MHz: .00% 3624 MHz:   0% 3756 MHz: .00% 3828 MHz:   0% 3888 MHz:   0% 3948 MHz:   0% 3996 MHz:   0% 4044 MHz:   0% 4104 MHz:   0% 4416 MHz: .00% 4512 MHz:  19%)
CPU 10 idle residency:  28.80%
CPU 10 down residency:  52.37%
CPU 11 frequency: 4448 MHz
CPU 11 active residency:  19.57% (1260 MHz: .04% 1512 MHz:   0% 1800 MHz:   0% 2088 MHz:   0% 2352 MHz: .03% 2616 MHz: .01% 2868 MHz: .03% 3096 MHz:   0% 3300 MHz:   0% 3468 MHz: .03% 3624 MHz: .34% 3756 MHz: .39% 3828 MHz:   0% 3888 MHz:   0% 3948 MHz: .39% 3996 MHz:   0% 4044 MHz:   0% 4104 MHz: .39% 4416 MHz: .07% 4512 MHz:  18%)
CPU 11 idle residency:  28.08%
CPU 11 down residency:  52.36%
CPU 12 frequency: 4497 MHz
CPU 12 active residency:  13.55% (1260 MHz: .04% 1512 MHz:   0% 1800 MHz:   0% 2088 MHz: .00% 2352 MHz:   0% 2616 MHz: .00% 2868 MHz: .03% 3096 MHz:   0% 3300 MHz:   0% 3468 MHz: .00% 3624 MHz: .00% 3756 MHz: .00% 3828 MHz:   0% 3888 MHz:   0% 3948 MHz:   0% 3996 MHz:   0% 4044 MHz:   0% 4104 MHz:   0% 4416 MHz: .00% 4512 MHz:  13%)
CPU 12 idle residency:  34.11%
CPU 12 down residency:  52.34%
CPU 13 frequency: 4499 MHz
CPU 13 active residency:  17.12% (1260 MHz: .04% 1512 MHz:   0% 1800 MHz:   0% 2088 MHz: .01% 2352 MHz: .00% 2616 MHz: .00% 2868 MHz: .03% 3096 MHz:   0% 3300 MHz:   0% 3468 MHz: .00% 3624 MHz:   0% 3756 MHz: .01% 3828 MHz:   0% 3888 MHz:   0% 3948 MHz:   0% 3996 MHz:   0% 4044 MHz:   0% 4104 MHz:   0% 4416 MHz: .00% 4512 MHz:  17%)
CPU 13 idle residency:  30.57%
CPU 13 down residency:  52.31%
CPU 14 frequency: 4505 MHz
CPU 14 active residency:  17.36% (1260 MHz: .02% 1512 MHz:   0% 1800 MHz:   0% 2088 MHz:   0% 2352 MHz:   0% 2616 MHz:   0% 2868 MHz: .03% 3096 MHz:   0% 3300 MHz:   0% 3468 MHz: .00% 3624 MHz:   0% 3756 MHz: .00% 3828 MHz:   0% 3888 MHz:   0% 3948 MHz:   0% 3996 MHz:   0% 4044 MHz:   0% 4104 MHz:   0% 4416 MHz: .00% 4512 MHz:  17%)
CPU 14 idle residency:  30.27%
CPU 14 down residency:  52.37%
CPU 15 frequency: 4505 MHz
CPU 15 active residency:  16.27% (1260 MHz: .02% 1512 MHz:   0% 1800 MHz:   0% 2088 MHz:   0% 2352 MHz:   0% 2616 MHz:   0% 2868 MHz: .02% 3096 MHz:   0% 3300 MHz:   0% 3468 MHz:   0% 3624 MHz:   0% 3756 MHz:   0% 3828 MHz:   0% 3888 MHz:   0% 3948 MHz:   0% 3996 MHz:   0% 4044 MHz:   0% 4104 MHz:   0% 4416 MHz: .00% 4512 MHz:  16%)
CPU 15 idle residency:  31.37%
CPU 15 down residency:  52.37%

CPU Power: 7495 mW
GPU Power: 11373 mW
ANE Power: 0 mW
Combined Power (CPU + GPU + ANE): 18868 mW

**** GPU usage ****

GPU HW active frequency: 1560 MHz
GPU HW active residency:  95.66% (338 MHz: 1.4% 618 MHz:   0% 796 MHz:   0% 924 MHz:   0% 952 MHz:   0% 1056 MHz:   0% 1062 MHz:   0% 1182 MHz:   0% 1182 MHz:   0% 1312 MHz:   0% 1242 MHz:   0% 1380 MHz:   0% 1326 MHz:   0% 1470 MHz:   0% 1578 MHz:  94%)
GPU SW requested state: (P1 :   0% P2 :   0% P3 :   0% P4 :   0% P5 :   0% P6 :   0% P7 :   0% P8 :   0% P9 :   0% P10 : 100% P11 :   0% P12 :   0% P13 :   0% P14 :   0% P15 :   0%)
GPU SW state: (SW_P1 : 1.4% SW_P2 :   0% SW_P3 :   0% SW_P4 :   0% SW_P5 :   0% SW_P6 :   0% SW_P7 :   0% SW_P8 :   0% SW_P9 :   0% SW_P10 :  94% SW_P11 :   0% SW_P12 :   0% SW_P13 :   0% SW_P14 :   0% SW_P15 :   0%)
GPU idle residency:   4.34%
GPU Power: 11354 mW



*** Sampled system activity (Tue Jan 20 15:13:17 2026 +0100) (1020.31ms elapsed) ***


**** Processor usage ****

E-Cluster Online: 100%
E-Cluster HW active frequency: 1288 MHz
E-Cluster HW active residency:  51.21% (1020 MHz:  39% 1404 MHz: 1.4% 1788 MHz: 3.1% 2112 MHz: .93% 2352 MHz: 1.6% 2532 MHz: 1.2% 2592 MHz: 3.7%)
E-Cluster idle residency:  48.79%
E-Cluster down residency:   0.00%
CPU 0 frequency: 1325 MHz
CPU 0 active residency:  20.81% (1020 MHz:  15% 1404 MHz: 1.1% 1788 MHz: 2.0% 2112 MHz: .38% 2352 MHz: .77% 2532 MHz: .46% 2592 MHz: 1.4%)
CPU 0 idle residency:  79.19%
CPU 0 down residency:   0.00%
CPU 1 frequency: 1413 MHz
CPU 1 active residency:  14.54% (1020 MHz: 9.5% 1404 MHz: .49% 1788 MHz: 1.5% 2112 MHz: .37% 2352 MHz: 1.1% 2532 MHz: .31% 2592 MHz: 1.3%)
CPU 1 idle residency:  85.46%
CPU 1 down residency:   0.00%
CPU 2 frequency: 1485 MHz
CPU 2 active residency:   8.84% (1020 MHz: 5.1% 1404 MHz: .52% 1788 MHz: 1.1% 2112 MHz: .36% 2352 MHz: .65% 2532 MHz: .45% 2592 MHz: .73%)
CPU 2 idle residency:  91.16%
CPU 2 down residency:   0.00%
CPU 3 frequency: 1425 MHz
CPU 3 active residency:   4.28% (1020 MHz: 2.4% 1404 MHz: .45% 1788 MHz: .71% 2112 MHz: .12% 2352 MHz: .20% 2532 MHz: .14% 2592 MHz: .26%)
CPU 3 idle residency:  95.72%
CPU 3 down residency:   0.00%

P0-Cluster Online: 10%
P0-Cluster HW active frequency: 2415 MHz
P0-Cluster HW active residency:   2.86% (1260 MHz: 1.8% 1512 MHz:   0% 1800 MHz:   0% 2088 MHz:   0% 2352 MHz:   0% 2616 MHz:   0% 2868 MHz:   0% 3096 MHz: .09% 3300 MHz:   0% 3468 MHz:   0% 3624 MHz:   0% 3756 MHz:   0% 3828 MHz:   0% 3888 MHz: .04% 3948 MHz: .02% 3996 MHz: .00% 4044 MHz: .06% 4104 MHz:   0% 4416 MHz: .04% 4512 MHz: .83%)
P0-Cluster idle residency:   5.25%
P0-Cluster down residency:  91.90%
CPU 4 frequency: 0 MHz
CPU 4 active residency:   0.00% (1260 MHz:   0% 1512 MHz:   0% 1800 MHz:   0% 2088 MHz:   0% 2352 MHz:   0% 2616 MHz:   0% 2868 MHz:   0% 3096 MHz:   0% 3300 MHz:   0% 3468 MHz:   0% 3624 MHz:   0% 3756 MHz:   0% 3828 MHz:   0% 3888 MHz:   0% 3948 MHz:   0% 3996 MHz:   0% 4044 MHz:   0% 4104 MHz:   0% 4416 MHz:   0% 4512 MHz:   0%)
CPU 4 idle residency:   7.77%
CPU 4 down residency:  92.23%
CPU 5 frequency: 0 MHz
CPU 5 active residency:   0.00% (1260 MHz:   0% 1512 MHz:   0% 1800 MHz:   0% 2088 MHz:   0% 2352 MHz:   0% 2616 MHz:   0% 2868 MHz:   0% 3096 MHz:   0% 3300 MHz:   0% 3468 MHz:   0% 3624 MHz:   0% 3756 MHz:   0% 3828 MHz:   0% 3888 MHz:   0% 3948 MHz:   0% 3996 MHz:   0% 4044 MHz:   0% 4104 MHz:   0% 4416 MHz:   0% 4512 MHz:   0%)
CPU 5 idle residency:   7.56%
CPU 5 down residency:  92.44%
CPU 6 frequency: 0 MHz
CPU 6 active residency:   0.00% (1260 MHz:   0% 1512 MHz:   0% 1800 MHz:   0% 2088 MHz:   0% 2352 MHz:   0% 2616 MHz:   0% 2868 MHz:   0% 3096 MHz:   0% 3300 MHz:   0% 3468 MHz:   0% 3624 MHz:   0% 3756 MHz:   0% 3828 MHz:   0% 3888 MHz:   0% 3948 MHz:   0% 3996 MHz:   0% 4044 MHz:   0% 4104 MHz:   0% 4416 MHz:   0% 4512 MHz:   0%)
CPU 6 idle residency:   7.78%
CPU 6 down residency:  92.22%
CPU 7 frequency: 0 MHz
CPU 7 active residency:   0.00% (1260 MHz:   0% 1512 MHz:   0% 1800 MHz:   0% 2088 MHz:   0% 2352 MHz:   0% 2616 MHz:   0% 2868 MHz:   0% 3096 MHz:   0% 3300 MHz:   0% 3468 MHz:   0% 3624 MHz:   0% 3756 MHz:   0% 3828 MHz:   0% 3888 MHz:   0% 3948 MHz:   0% 3996 MHz:   0% 4044 MHz:   0% 4104 MHz:   0% 4416 MHz:   0% 4512 MHz:   0%)
CPU 7 idle residency:   7.73%
CPU 7 down residency:  92.27%
CPU 8 frequency: 0 MHz
CPU 8 active residency:   0.00% (1260 MHz:   0% 1512 MHz:   0% 1800 MHz:   0% 2088 MHz:   0% 2352 MHz:   0% 2616 MHz:   0% 2868 MHz:   0% 3096 MHz:   0% 3300 MHz:   0% 3468 MHz:   0% 3624 MHz:   0% 3756 MHz:   0% 3828 MHz:   0% 3888 MHz:   0% 3948 MHz:   0% 3996 MHz:   0% 4044 MHz:   0% 4104 MHz:   0% 4416 MHz:   0% 4512 MHz:   0%)
CPU 8 idle residency:   7.78%
CPU 8 down residency:  92.22%
CPU 9 frequency: 0 MHz
CPU 9 active residency:   0.00% (1260 MHz:   0% 1512 MHz:   0% 1800 MHz:   0% 2088 MHz:   0% 2352 MHz:   0% 2616 MHz:   0% 2868 MHz:   0% 3096 MHz:   0% 3300 MHz:   0% 3468 MHz:   0% 3624 MHz:   0% 3756 MHz:   0% 3828 MHz:   0% 3888 MHz:   0% 3948 MHz:   0% 3996 MHz:   0% 4044 MHz:   0% 4104 MHz:   0% 4416 MHz:   0% 4512 MHz:   0%)
CPU 9 idle residency:   7.73%
CPU 9 down residency:  92.27%

P1-Cluster HW active frequency: 4035 MHz
P1-Cluster HW active residency:  99.86% (1260 MHz:   0% 1512 MHz:   0% 1800 MHz:   0% 2088 MHz:   0% 2352 MHz:   0% 2616 MHz:   0% 2868 MHz:   0% 3096 MHz:   0% 3300 MHz:   0% 3468 MHz:   0% 3624 MHz:   0% 3756 MHz:   0% 3828 MHz:   0% 3888 MHz:  28% 3948 MHz:  29% 3996 MHz:  16% 4044 MHz:  11% 4104 MHz:   0% 4416 MHz: 7.3% 4512 MHz: 9.1%)
P1-Cluster idle residency:   0.14%
P1-Cluster down residency:   0.00%
CPU 10 frequency: 4512 MHz
CPU 10 active residency:  54.16% (1260 MHz:   0% 1512 MHz:   0% 1800 MHz:   0% 2088 MHz:   0% 2352 MHz:   0% 2616 MHz:   0% 2868 MHz:   0% 3096 MHz:   0% 3300 MHz:   0% 3468 MHz:   0% 3624 MHz:   0% 3756 MHz:   0% 3828 MHz:   0% 3888 MHz:   0% 3948 MHz:   0% 3996 MHz:   0% 4044 MHz:   0% 4104 MHz:   0% 4416 MHz:   0% 4512 MHz:  54%)
CPU 10 idle residency:  45.84%
CPU 10 down residency:   0.00%
CPU 11 frequency: 4512 MHz
CPU 11 active residency:  49.38% (1260 MHz:   0% 1512 MHz:   0% 1800 MHz:   0% 2088 MHz:   0% 2352 MHz:   0% 2616 MHz:   0% 2868 MHz:   0% 3096 MHz:   0% 3300 MHz:   0% 3468 MHz:   0% 3624 MHz:   0% 3756 MHz:   0% 3828 MHz:   0% 3888 MHz:   0% 3948 MHz:   0% 3996 MHz:   0% 4044 MHz:   0% 4104 MHz:   0% 4416 MHz:   0% 4512 MHz:  49%)
CPU 11 idle residency:  50.62%
CPU 11 down residency:   0.00%
CPU 12 frequency: 4512 MHz
CPU 12 active residency:  51.13% (1260 MHz:   0% 1512 MHz:   0% 1800 MHz:   0% 2088 MHz:   0% 2352 MHz:   0% 2616 MHz:   0% 2868 MHz:   0% 3096 MHz:   0% 3300 MHz:   0% 3468 MHz:   0% 3624 MHz:   0% 3756 MHz:   0% 3828 MHz:   0% 3888 MHz:   0% 3948 MHz:   0% 3996 MHz:   0% 4044 MHz:   0% 4104 MHz:   0% 4416 MHz:   0% 4512 MHz:  51%)
CPU 12 idle residency:  48.87%
CPU 12 down residency:   0.00%
CPU 13 frequency: 4512 MHz
CPU 13 active residency:  48.12% (1260 MHz:   0% 1512 MHz:   0% 1800 MHz:   0% 2088 MHz:   0% 2352 MHz:   0% 2616 MHz:   0% 2868 MHz:   0% 3096 MHz:   0% 3300 MHz:   0% 3468 MHz:   0% 3624 MHz:   0% 3756 MHz:   0% 3828 MHz:   0% 3888 MHz:   0% 3948 MHz:   0% 3996 MHz:   0% 4044 MHz:   0% 4104 MHz:   0% 4416 MHz:   0% 4512 MHz:  48%)
CPU 13 idle residency:  51.88%
CPU 13 down residency:   0.00%
CPU 14 frequency: 4512 MHz
CPU 14 active residency:  46.54% (1260 MHz:   0% 1512 MHz:   0% 1800 MHz:   0% 2088 MHz:   0% 2352 MHz:   0% 2616 MHz:   0% 2868 MHz:   0% 3096 MHz:   0% 3300 MHz:   0% 3468 MHz:   0% 3624 MHz:   0% 3756 MHz:   0% 3828 MHz:   0% 3888 MHz:   0% 3948 MHz:   0% 3996 MHz:   0% 4044 MHz:   0% 4104 MHz:   0% 4416 MHz:   0% 4512 MHz:  47%)
CPU 14 idle residency:  53.46%
CPU 14 down residency:   0.00%
CPU 15 frequency: 4512 MHz
CPU 15 active residency:  52.22% (1260 MHz:   0% 1512 MHz:   0% 1800 MHz:   0% 2088 MHz:   0% 2352 MHz:   0% 2616 MHz:   0% 2868 MHz:   0% 3096 MHz:   0% 3300 MHz:   0% 3468 MHz:   0% 3624 MHz:   0% 3756 MHz:   0% 3828 MHz:   0% 3888 MHz:   0% 3948 MHz:   0% 3996 MHz:   0% 4044 MHz:   0% 4104 MHz:   0% 4416 MHz:   0% 4512 MHz:  52%)
CPU 15 idle residency:  47.78%
CPU 15 down residency:   0.00%

CPU Power: 7642 mW
GPU Power: 11019 mW
ANE Power: 0 mW
Combined Power (CPU + GPU + ANE): 18661 mW

**** GPU usage ****

GPU HW active frequency: 1560 MHz
GPU HW active residency:  95.36% (338 MHz: 1.4% 618 MHz:   0% 796 MHz:   0% 924 MHz:   0% 952 MHz:   0% 1056 MHz:   0% 1062 MHz:   0% 1182 MHz:   0% 1182 MHz:   0% 1312 MHz:   0% 1242 MHz:   0% 1380 MHz:   0% 1326 MHz:   0% 1470 MHz:   0% 1578 MHz:  94%)
GPU SW requested state: (P1 :   0% P2 :   0% P3 :   0% P4 :   0% P5 :   0% P6 :   0% P7 :   0% P8 :   0% P9 :   0% P10 : 100% P11 :   0% P12 :   0% P13 :   0% P14 :   0% P15 :   0%)
GPU SW state: (SW_P1 : 1.4% SW_P2 :   0% SW_P3 :   0% SW_P4 :   0% SW_P5 :   0% SW_P6 :   0% SW_P7 :   0% SW_P8 :   0% SW_P9 :   0% SW_P10 :  94% SW_P11 :   0% SW_P12 :   0% SW_P13 :   0% SW_P14 :   0% SW_P15 :   0%)
GPU idle residency:   4.64%
GPU Power: 11013 mW



*** Sampled system activity (Tue Jan 20 15:13:18 2026 +0100) (1020.46ms elapsed) ***


**** Processor usage ****

E-Cluster Online: 100%
E-Cluster HW active frequency: 1201 MHz
E-Cluster HW active residency:  51.66% (1020 MHz:  42% 1404 MHz: 2.9% 1788 MHz: 2.4% 2112 MHz: .43% 2352 MHz: 1.2% 2532 MHz: .81% 2592 MHz: 2.0%)
E-Cluster idle residency:  48.34%
E-Cluster down residency:   0.00%
CPU 0 frequency: 1308 MHz
CPU 0 active residency:  24.57% (1020 MHz:  17% 1404 MHz: 2.2% 1788 MHz: 2.0% 2112 MHz: .39% 2352 MHz: .99% 2532 MHz: .59% 2592 MHz: 1.3%)
CPU 0 idle residency:  75.43%
CPU 0 down residency:   0.00%
CPU 1 frequency: 1199 MHz
CPU 1 active residency:  12.91% (1020 MHz:  11% 1404 MHz: .37% 1788 MHz: .53% 2112 MHz: .04% 2352 MHz: .16% 2532 MHz: .27% 2592 MHz: .70%)
CPU 1 idle residency:  87.09%
CPU 1 down residency:   0.00%
CPU 2 frequency: 1285 MHz
CPU 2 active residency:   7.56% (1020 MHz: 5.9% 1404 MHz: .24% 1788 MHz: .39% 2112 MHz: .02% 2352 MHz: .05% 2532 MHz: .16% 2592 MHz: .82%)
CPU 2 idle residency:  92.44%
CPU 2 down residency:   0.00%
CPU 3 frequency: 1305 MHz
CPU 3 active residency:   5.44% (1020 MHz: 4.2% 1404 MHz: .06% 1788 MHz: .39% 2112 MHz: .01% 2352 MHz: .22% 2532 MHz: .22% 2592 MHz: .37%)
CPU 3 idle residency:  94.56%
CPU 3 down residency:   0.00%

P0-Cluster Online: 11%
P0-Cluster HW active frequency: 2232 MHz
P0-Cluster HW active residency:   5.84% (1260 MHz: 3.7% 1512 MHz: .00% 1800 MHz: .08% 2088 MHz: .29% 2352 MHz:   0% 2616 MHz:   0% 2868 MHz:   0% 3096 MHz:   0% 3300 MHz:   0% 3468 MHz:   0% 3624 MHz:   0% 3756 MHz:   0% 3828 MHz:   0% 3888 MHz: .10% 3948 MHz: .28% 3996 MHz: .03% 4044 MHz: .35% 4104 MHz:   0% 4416 MHz: .33% 4512 MHz: .70%)
P0-Cluster idle residency:   4.24%
P0-Cluster down residency:  89.93%
CPU 4 frequency: 0 MHz
CPU 4 active residency:   0.00% (1260 MHz:   0% 1512 MHz:   0% 1800 MHz:   0% 2088 MHz:   0% 2352 MHz:   0% 2616 MHz:   0% 2868 MHz:   0% 3096 MHz:   0% 3300 MHz:   0% 3468 MHz:   0% 3624 MHz:   0% 3756 MHz:   0% 3828 MHz:   0% 3888 MHz:   0% 3948 MHz:   0% 3996 MHz:   0% 4044 MHz:   0% 4104 MHz:   0% 4416 MHz:   0% 4512 MHz:   0%)
CPU 4 idle residency:   9.52%
CPU 4 down residency:  90.48%
CPU 5 frequency: 0 MHz
CPU 5 active residency:   0.00% (1260 MHz:   0% 1512 MHz:   0% 1800 MHz:   0% 2088 MHz:   0% 2352 MHz:   0% 2616 MHz:   0% 2868 MHz:   0% 3096 MHz:   0% 3300 MHz:   0% 3468 MHz:   0% 3624 MHz:   0% 3756 MHz:   0% 3828 MHz:   0% 3888 MHz:   0% 3948 MHz:   0% 3996 MHz:   0% 4044 MHz:   0% 4104 MHz:   0% 4416 MHz:   0% 4512 MHz:   0%)
CPU 5 idle residency:   8.89%
CPU 5 down residency:  91.11%
CPU 6 frequency: 0 MHz
CPU 6 active residency:   0.00% (1260 MHz:   0% 1512 MHz:   0% 1800 MHz:   0% 2088 MHz:   0% 2352 MHz:   0% 2616 MHz:   0% 2868 MHz:   0% 3096 MHz:   0% 3300 MHz:   0% 3468 MHz:   0% 3624 MHz:   0% 3756 MHz:   0% 3828 MHz:   0% 3888 MHz:   0% 3948 MHz:   0% 3996 MHz:   0% 4044 MHz:   0% 4104 MHz:   0% 4416 MHz:   0% 4512 MHz:   0%)
CPU 6 idle residency:   9.72%
CPU 6 down residency:  90.28%
CPU 7 frequency: 0 MHz
CPU 7 active residency:   0.00% (1260 MHz:   0% 1512 MHz:   0% 1800 MHz:   0% 2088 MHz:   0% 2352 MHz:   0% 2616 MHz:   0% 2868 MHz:   0% 3096 MHz:   0% 3300 MHz:   0% 3468 MHz:   0% 3624 MHz:   0% 3756 MHz:   0% 3828 MHz:   0% 3888 MHz:   0% 3948 MHz:   0% 3996 MHz:   0% 4044 MHz:   0% 4104 MHz:   0% 4416 MHz:   0% 4512 MHz:   0%)
CPU 7 idle residency:   9.20%
CPU 7 down residency:  90.80%
CPU 8 frequency: 0 MHz
CPU 8 active residency:   0.00% (1260 MHz:   0% 1512 MHz:   0% 1800 MHz:   0% 2088 MHz:   0% 2352 MHz:   0% 2616 MHz:   0% 2868 MHz:   0% 3096 MHz:   0% 3300 MHz:   0% 3468 MHz:   0% 3624 MHz:   0% 3756 MHz:   0% 3828 MHz:   0% 3888 MHz:   0% 3948 MHz:   0% 3996 MHz:   0% 4044 MHz:   0% 4104 MHz:   0% 4416 MHz:   0% 4512 MHz:   0%)
CPU 8 idle residency:   9.85%
CPU 8 down residency:  90.15%
CPU 9 frequency: 0 MHz
CPU 9 active residency:   0.00% (1260 MHz:   0% 1512 MHz:   0% 1800 MHz:   0% 2088 MHz:   0% 2352 MHz:   0% 2616 MHz:   0% 2868 MHz:   0% 3096 MHz:   0% 3300 MHz:   0% 3468 MHz:   0% 3624 MHz:   0% 3756 MHz:   0% 3828 MHz:   0% 3888 MHz:   0% 3948 MHz:   0% 3996 MHz:   0% 4044 MHz:   0% 4104 MHz:   0% 4416 MHz:   0% 4512 MHz:   0%)
CPU 9 idle residency:   9.41%
CPU 9 down residency:  90.59%

P1-Cluster HW active frequency: 4049 MHz
P1-Cluster HW active residency:  99.85% (1260 MHz:   0% 1512 MHz:   0% 1800 MHz:   0% 2088 MHz:   0% 2352 MHz:   0% 2616 MHz:   0% 2868 MHz:   0% 3096 MHz:   0% 3300 MHz:   0% 3468 MHz:   0% 3624 MHz:   0% 3756 MHz:   0% 3828 MHz:   0% 3888 MHz:  25% 3948 MHz:  24% 3996 MHz:  19% 4044 MHz:  14% 4104 MHz:   0% 4416 MHz: 7.6% 4512 MHz:  10%)
P1-Cluster idle residency:   0.15%
P1-Cluster down residency:   0.00%
CPU 10 frequency: 4512 MHz
CPU 10 active residency:  48.97% (1260 MHz:   0% 1512 MHz:   0% 1800 MHz:   0% 2088 MHz:   0% 2352 MHz:   0% 2616 MHz:   0% 2868 MHz:   0% 3096 MHz:   0% 3300 MHz:   0% 3468 MHz:   0% 3624 MHz:   0% 3756 MHz:   0% 3828 MHz:   0% 3888 MHz:   0% 3948 MHz:   0% 3996 MHz:   0% 4044 MHz:   0% 4104 MHz:   0% 4416 MHz:   0% 4512 MHz:  49%)
CPU 10 idle residency:  51.03%
CPU 10 down residency:   0.00%
CPU 11 frequency: 4512 MHz
CPU 11 active residency:  49.75% (1260 MHz:   0% 1512 MHz:   0% 1800 MHz:   0% 2088 MHz:   0% 2352 MHz:   0% 2616 MHz:   0% 2868 MHz:   0% 3096 MHz:   0% 3300 MHz:   0% 3468 MHz:   0% 3624 MHz:   0% 3756 MHz:   0% 3828 MHz:   0% 3888 MHz:   0% 3948 MHz:   0% 3996 MHz:   0% 4044 MHz:   0% 4104 MHz:   0% 4416 MHz:   0% 4512 MHz:  50%)
CPU 11 idle residency:  50.25%
CPU 11 down residency:   0.00%
CPU 12 frequency: 4512 MHz
CPU 12 active residency:  43.33% (1260 MHz:   0% 1512 MHz:   0% 1800 MHz:   0% 2088 MHz:   0% 2352 MHz:   0% 2616 MHz:   0% 2868 MHz:   0% 3096 MHz:   0% 3300 MHz:   0% 3468 MHz:   0% 3624 MHz:   0% 3756 MHz:   0% 3828 MHz:   0% 3888 MHz:   0% 3948 MHz:   0% 3996 MHz:   0% 4044 MHz:   0% 4104 MHz:   0% 4416 MHz:   0% 4512 MHz:  43%)
CPU 12 idle residency:  56.67%
CPU 12 down residency:   0.00%
CPU 13 frequency: 4512 MHz
CPU 13 active residency:  50.08% (1260 MHz:   0% 1512 MHz:   0% 1800 MHz:   0% 2088 MHz:   0% 2352 MHz:   0% 2616 MHz:   0% 2868 MHz:   0% 3096 MHz:   0% 3300 MHz:   0% 3468 MHz:   0% 3624 MHz:   0% 3756 MHz:   0% 3828 MHz:   0% 3888 MHz:   0% 3948 MHz:   0% 3996 MHz:   0% 4044 MHz:   0% 4104 MHz:   0% 4416 MHz:   0% 4512 MHz:  50%)
CPU 13 idle residency:  49.92%
CPU 13 down residency:   0.00%
CPU 14 frequency: 4512 MHz
CPU 14 active residency:  44.37% (1260 MHz:   0% 1512 MHz:   0% 1800 MHz:   0% 2088 MHz:   0% 2352 MHz:   0% 2616 MHz:   0% 2868 MHz:   0% 3096 MHz:   0% 3300 MHz:   0% 3468 MHz:   0% 3624 MHz:   0% 3756 MHz:   0% 3828 MHz:   0% 3888 MHz:   0% 3948 MHz:   0% 3996 MHz:   0% 4044 MHz:   0% 4104 MHz:   0% 4416 MHz:   0% 4512 MHz:  44%)
CPU 14 idle residency:  55.63%
CPU 14 down residency:   0.00%
CPU 15 frequency: 4512 MHz
CPU 15 active residency:  43.58% (1260 MHz:   0% 1512 MHz:   0% 1800 MHz:   0% 2088 MHz:   0% 2352 MHz:   0% 2616 MHz:   0% 2868 MHz:   0% 3096 MHz:   0% 3300 MHz:   0% 3468 MHz:   0% 3624 MHz:   0% 3756 MHz:   0% 3828 MHz:   0% 3888 MHz:   0% 3948 MHz:   0% 3996 MHz:   0% 4044 MHz:   0% 4104 MHz:   0% 4416 MHz:   0% 4512 MHz:  44%)
CPU 15 idle residency:  56.42%
CPU 15 down residency:   0.00%

CPU Power: 7453 mW
GPU Power: 12492 mW
ANE Power: 0 mW
Combined Power (CPU + GPU + ANE): 19945 mW

**** GPU usage ****

GPU HW active frequency: 1560 MHz
GPU HW active residency:  95.37% (338 MHz: 1.3% 618 MHz:   0% 796 MHz:   0% 924 MHz:   0% 952 MHz:   0% 1056 MHz:   0% 1062 MHz:   0% 1182 MHz:   0% 1182 MHz:   0% 1312 MHz:   0% 1242 MHz:   0% 1380 MHz:   0% 1326 MHz:   0% 1470 MHz:   0% 1578 MHz:  94%)
GPU SW requested state: (P1 :   0% P2 :   0% P3 :   0% P4 :   0% P5 :   0% P6 :   0% P7 :   0% P8 :   0% P9 :   0% P10 : 100% P11 :   0% P12 :   0% P13 :   0% P14 :   0% P15 :   0%)
GPU SW state: (SW_P1 : 1.3% SW_P2 :   0% SW_P3 :   0% SW_P4 :   0% SW_P5 :   0% SW_P6 :   0% SW_P7 :   0% SW_P8 :   0% SW_P9 :   0% SW_P10 :  94% SW_P11 :   0% SW_P12 :   0% SW_P13 :   0% SW_P14 :   0% SW_P15 :   0%)
GPU idle residency:   4.63%
GPU Power: 12563 mW



*** Sampled system activity (Tue Jan 20 15:13:19 2026 +0100) (1020.13ms elapsed) ***


**** Processor usage ****

E-Cluster Online: 100%
E-Cluster HW active frequency: 1275 MHz
E-Cluster HW active residency:  53.35% (1020 MHz:  41% 1404 MHz: 1.5% 1788 MHz: 3.0% 2112 MHz: 1.0% 2352 MHz: 1.4% 2532 MHz: 1.2% 2592 MHz: 3.7%)
E-Cluster idle residency:  46.65%
E-Cluster down residency:   0.00%
CPU 0 frequency: 1309 MHz
CPU 0 active residency:  24.67% (1020 MHz:  18% 1404 MHz: 1.0% 1788 MHz: 1.9% 2112 MHz: .58% 2352 MHz: .98% 2532 MHz: .44% 2592 MHz: 1.7%)
CPU 0 idle residency:  75.33%
CPU 0 down residency:   0.00%
CPU 1 frequency: 1399 MHz
CPU 1 active residency:  14.44% (1020 MHz: 9.9% 1404 MHz: .30% 1788 MHz: 1.3% 2112 MHz: .48% 2352 MHz: .44% 2532 MHz: .27% 2592 MHz: 1.8%)
CPU 1 idle residency:  85.56%
CPU 1 down residency:   0.00%
CPU 2 frequency: 1288 MHz
CPU 2 active residency:   8.51% (1020 MHz: 6.5% 1404 MHz: .24% 1788 MHz: .69% 2112 MHz: .12% 2352 MHz: .25% 2532 MHz: .06% 2592 MHz: .70%)
CPU 2 idle residency:  91.49%
CPU 2 down residency:   0.00%
CPU 3 frequency: 1495 MHz
CPU 3 active residency:   7.10% (1020 MHz: 4.1% 1404 MHz: .31% 1788 MHz: .99% 2112 MHz: .23% 2352 MHz: .39% 2532 MHz: .59% 2592 MHz: .53%)
CPU 3 idle residency:  92.90%
CPU 3 down residency:   0.00%

P0-Cluster Online: 7%
P0-Cluster HW active frequency: 2117 MHz
P0-Cluster HW active residency:   1.56% (1260 MHz: 1.1% 1512 MHz:   0% 1800 MHz:   0% 2088 MHz:   0% 2352 MHz:   0% 2616 MHz:   0% 2868 MHz:   0% 3096 MHz:   0% 3300 MHz:   0% 3468 MHz:   0% 3624 MHz:   0% 3756 MHz:   0% 3828 MHz:   0% 3888 MHz: .02% 3948 MHz: .01% 3996 MHz:   0% 4044 MHz:   0% 4104 MHz:   0% 4416 MHz: .02% 4512 MHz: .37%)
P0-Cluster idle residency:   4.22%
P0-Cluster down residency:  94.22%
CPU 4 frequency: 4508 MHz
CPU 4 active residency:  32.68% (1260 MHz: .05% 1512 MHz: .00% 1800 MHz:   0% 2088 MHz:   0% 2352 MHz:   0% 2616 MHz:   0% 2868 MHz:   0% 3096 MHz: .00% 3300 MHz:   0% 3468 MHz:   0% 3624 MHz:   0% 3756 MHz:   0% 3828 MHz:   0% 3888 MHz:   0% 3948 MHz:   0% 3996 MHz:   0% 4044 MHz:   0% 4104 MHz:   0% 4416 MHz: .02% 4512 MHz:  33%)
CPU 4 idle residency:   3.72%
CPU 4 down residency:  63.60%
CPU 5 frequency: 4501 MHz
CPU 5 active residency:  32.29% (1260 MHz: .07% 1512 MHz: .00% 1800 MHz:   0% 2088 MHz: .05% 2352 MHz:   0% 2616 MHz:   0% 2868 MHz:   0% 3096 MHz: .00% 3300 MHz:   0% 3468 MHz:   0% 3624 MHz:   0% 3756 MHz:   0% 3828 MHz:   0% 3888 MHz:   0% 3948 MHz:   0% 3996 MHz:   0% 4044 MHz:   0% 4104 MHz:   0% 4416 MHz: .02% 4512 MHz:  32%)
CPU 5 idle residency:   3.72%
CPU 5 down residency:  63.99%
CPU 6 frequency: 4508 MHz
CPU 6 active residency:  31.99% (1260 MHz: .04% 1512 MHz: .00% 1800 MHz:   0% 2088 MHz:   0% 2352 MHz:   0% 2616 MHz:   0% 2868 MHz:   0% 3096 MHz:   0% 3300 MHz:   0% 3468 MHz:   0% 3624 MHz:   0% 3756 MHz:   0% 3828 MHz:   0% 3888 MHz:   0% 3948 MHz:   0% 3996 MHz:   0% 4044 MHz:   0% 4104 MHz:   0% 4416 MHz: .02% 4512 MHz:  32%)
CPU 6 idle residency:   3.76%
CPU 6 down residency:  64.24%
CPU 7 frequency: 4498 MHz
CPU 7 active residency:  31.85% (1260 MHz: .07% 1512 MHz: .00% 1800 MHz: .03% 2088 MHz: .04% 2352 MHz:   0% 2616 MHz:   0% 2868 MHz:   0% 3096 MHz: .05% 3300 MHz:   0% 3468 MHz:   0% 3624 MHz:   0% 3756 MHz:   0% 3828 MHz:   0% 3888 MHz:   0% 3948 MHz:   0% 3996 MHz:   0% 4044 MHz:   0% 4104 MHz:   0% 4416 MHz: .02% 4512 MHz:  32%)
CPU 7 idle residency:   3.77%
CPU 7 down residency:  64.38%
CPU 8 frequency: 4508 MHz
CPU 8 active residency:  32.78% (1260 MHz: .04% 1512 MHz: .00% 1800 MHz:   0% 2088 MHz:   0% 2352 MHz:   0% 2616 MHz:   0% 2868 MHz:   0% 3096 MHz:   0% 3300 MHz:   0% 3468 MHz:   0% 3624 MHz:   0% 3756 MHz:   0% 3828 MHz:   0% 3888 MHz:   0% 3948 MHz:   0% 3996 MHz:   0% 4044 MHz:   0% 4104 MHz:   0% 4416 MHz: .02% 4512 MHz:  33%)
CPU 8 idle residency:   3.72%
CPU 8 down residency:  63.50%
CPU 9 frequency: 4498 MHz
CPU 9 active residency:  31.06% (1260 MHz: .09% 1512 MHz: .00% 1800 MHz: .00% 2088 MHz: .06% 2352 MHz:   0% 2616 MHz:   0% 2868 MHz:   0% 3096 MHz: .00% 3300 MHz:   0% 3468 MHz:   0% 3624 MHz:   0% 3756 MHz:   0% 3828 MHz:   0% 3888 MHz:   0% 3948 MHz:   0% 3996 MHz:   0% 4044 MHz:   0% 4104 MHz:   0% 4416 MHz: .02% 4512 MHz:  31%)
CPU 9 idle residency:   3.81%
CPU 9 down residency:  65.13%

P1-Cluster HW active frequency: 4031 MHz
P1-Cluster HW active residency:  99.85% (1260 MHz:   0% 1512 MHz:   0% 1800 MHz:   0% 2088 MHz:   0% 2352 MHz:   0% 2616 MHz:   0% 2868 MHz:   0% 3096 MHz:   0% 3300 MHz:   0% 3468 MHz:   0% 3624 MHz:   0% 3756 MHz:   0% 3828 MHz:   0% 3888 MHz:  29% 3948 MHz:  25% 3996 MHz:  18% 4044 MHz:  13% 4104 MHz:   0% 4416 MHz: 6.8% 4512 MHz: 8.3%)
P1-Cluster idle residency:   0.15%
P1-Cluster down residency:   0.00%
CPU 10 frequency: 4512 MHz
CPU 10 active residency:  54.39% (1260 MHz:   0% 1512 MHz:   0% 1800 MHz:   0% 2088 MHz:   0% 2352 MHz:   0% 2616 MHz:   0% 2868 MHz:   0% 3096 MHz:   0% 3300 MHz:   0% 3468 MHz:   0% 3624 MHz:   0% 3756 MHz:   0% 3828 MHz:   0% 3888 MHz:   0% 3948 MHz:   0% 3996 MHz:   0% 4044 MHz:   0% 4104 MHz:   0% 4416 MHz:   0% 4512 MHz:  54%)
CPU 10 idle residency:  45.61%
CPU 10 down residency:   0.00%
CPU 11 frequency: 4512 MHz
CPU 11 active residency:  52.16% (1260 MHz:   0% 1512 MHz:   0% 1800 MHz:   0% 2088 MHz:   0% 2352 MHz:   0% 2616 MHz:   0% 2868 MHz:   0% 3096 MHz:   0% 3300 MHz:   0% 3468 MHz:   0% 3624 MHz:   0% 3756 MHz:   0% 3828 MHz:   0% 3888 MHz:   0% 3948 MHz:   0% 3996 MHz:   0% 4044 MHz:   0% 4104 MHz:   0% 4416 MHz:   0% 4512 MHz:  52%)
CPU 11 idle residency:  47.84%
CPU 11 down residency:   0.00%
CPU 12 frequency: 4512 MHz
CPU 12 active residency:  52.54% (1260 MHz:   0% 1512 MHz:   0% 1800 MHz:   0% 2088 MHz:   0% 2352 MHz:   0% 2616 MHz:   0% 2868 MHz:   0% 3096 MHz:   0% 3300 MHz:   0% 3468 MHz:   0% 3624 MHz:   0% 3756 MHz:   0% 3828 MHz:   0% 3888 MHz:   0% 3948 MHz:   0% 3996 MHz:   0% 4044 MHz:   0% 4104 MHz:   0% 4416 MHz:   0% 4512 MHz:  53%)
CPU 12 idle residency:  47.46%
CPU 12 down residency:   0.00%
CPU 13 frequency: 4512 MHz
CPU 13 active residency:  44.54% (1260 MHz:   0% 1512 MHz:   0% 1800 MHz:   0% 2088 MHz:   0% 2352 MHz:   0% 2616 MHz:   0% 2868 MHz:   0% 3096 MHz:   0% 3300 MHz:   0% 3468 MHz:   0% 3624 MHz:   0% 3756 MHz:   0% 3828 MHz:   0% 3888 MHz:   0% 3948 MHz:   0% 3996 MHz:   0% 4044 MHz:   0% 4104 MHz:   0% 4416 MHz:   0% 4512 MHz:  45%)
CPU 13 idle residency:  55.46%
CPU 13 down residency:   0.00%
CPU 14 frequency: 4512 MHz
CPU 14 active residency:  47.77% (1260 MHz:   0% 1512 MHz:   0% 1800 MHz:   0% 2088 MHz:   0% 2352 MHz:   0% 2616 MHz:   0% 2868 MHz:   0% 3096 MHz:   0% 3300 MHz:   0% 3468 MHz:   0% 3624 MHz:   0% 3756 MHz:   0% 3828 MHz:   0% 3888 MHz:   0% 3948 MHz:   0% 3996 MHz:   0% 4044 MHz:   0% 4104 MHz:   0% 4416 MHz:   0% 4512 MHz:  48%)
CPU 14 idle residency:  52.23%
CPU 14 down residency:   0.00%
CPU 15 frequency: 4512 MHz
CPU 15 active residency:  49.45% (1260 MHz:   0% 1512 MHz:   0% 1800 MHz:   0% 2088 MHz:   0% 2352 MHz:   0% 2616 MHz:   0% 2868 MHz:   0% 3096 MHz:   0% 3300 MHz:   0% 3468 MHz:   0% 3624 MHz:   0% 3756 MHz:   0% 3828 MHz:   0% 3888 MHz:   0% 3948 MHz:   0% 3996 MHz:   0% 4044 MHz:   0% 4104 MHz:   0% 4416 MHz:   0% 4512 MHz:  49%)
CPU 15 idle residency:  50.55%
CPU 15 down residency:   0.00%

CPU Power: 7526 mW
GPU Power: 11288 mW
ANE Power: 0 mW
Combined Power (CPU + GPU + ANE): 18814 mW

**** GPU usage ****

GPU HW active frequency: 1560 MHz
GPU HW active residency:  95.45% (338 MHz: 1.4% 618 MHz:   0% 796 MHz:   0% 924 MHz:   0% 952 MHz:   0% 1056 MHz:   0% 1062 MHz:   0% 1182 MHz:   0% 1182 MHz:   0% 1312 MHz:   0% 1242 MHz:   0% 1380 MHz:   0% 1326 MHz:   0% 1470 MHz:   0% 1578 MHz:  94%)
GPU SW requested state: (P1 :   0% P2 :   0% P3 :   0% P4 :   0% P5 :   0% P6 :   0% P7 :   0% P8 :   0% P9 :   0% P10 : 100% P11 :   0% P12 :   0% P13 :   0% P14 :   0% P15 :   0%)
GPU SW state: (SW_P1 : 1.4% SW_P2 :   0% SW_P3 :   0% SW_P4 :   0% SW_P5 :   0% SW_P6 :   0% SW_P7 :   0% SW_P8 :   0% SW_P9 :   0% SW_P10 :  94% SW_P11 :   0% SW_P12 :   0% SW_P13 :   0% SW_P14 :   0% SW_P15 :   0%)
GPU idle residency:   4.55%
GPU Power: 11362 mW



*** Sampled system activity (Tue Jan 20 15:13:21 2026 +0100) (1020.60ms elapsed) ***


**** Processor usage ****

E-Cluster Online: 100%
E-Cluster HW active frequency: 1190 MHz
E-Cluster HW active residency:  51.40% (1020 MHz:  41% 1404 MHz: 3.4% 1788 MHz: 2.8% 2112 MHz: .54% 2352 MHz: 1.4% 2532 MHz: .67% 2592 MHz: 1.1%)
E-Cluster idle residency:  48.60%
E-Cluster down residency:   0.00%
CPU 0 frequency: 1279 MHz
CPU 0 active residency:  24.27% (1020 MHz:  17% 1404 MHz: 2.3% 1788 MHz: 2.5% 2112 MHz: .51% 2352 MHz: .96% 2532 MHz: .56% 2592 MHz: .50%)
CPU 0 idle residency:  75.73%
CPU 0 down residency:   0.00%
CPU 1 frequency: 1216 MHz
CPU 1 active residency:  13.12% (1020 MHz:  10% 1404 MHz: .85% 1788 MHz: .70% 2112 MHz: .04% 2352 MHz: .74% 2532 MHz: .07% 2592 MHz: .36%)
CPU 1 idle residency:  86.88%
CPU 1 down residency:   0.00%
CPU 2 frequency: 1240 MHz
CPU 2 active residency:   8.06% (1020 MHz: 6.0% 1404 MHz: .82% 1788 MHz: .45% 2112 MHz: .09% 2352 MHz: .31% 2532 MHz: .06% 2592 MHz: .32%)
CPU 2 idle residency:  91.94%
CPU 2 down residency:   0.00%
CPU 3 frequency: 1256 MHz
CPU 3 active residency:   4.93% (1020 MHz: 3.8% 1404 MHz: .28% 1788 MHz: .26% 2112 MHz: .02% 2352 MHz: .32% 2532 MHz: .02% 2592 MHz: .24%)
CPU 3 idle residency:  95.07%
CPU 3 down residency:   0.00%

P0-Cluster Online: 51%
P0-Cluster HW active frequency: 4070 MHz
P0-Cluster HW active residency:  46.77% (1260 MHz: .47% 1512 MHz:   0% 1800 MHz: .07% 2088 MHz:   0% 2352 MHz:   0% 2616 MHz:   0% 2868 MHz:   0% 3096 MHz:   0% 3300 MHz:   0% 3468 MHz: .03% 3624 MHz:   0% 3756 MHz:   0% 3828 MHz:   0% 3888 MHz: 6.8% 3948 MHz:  13% 3996 MHz: 3.2% 4044 MHz:  11% 4104 MHz:   0% 4416 MHz: 4.7% 4512 MHz: 7.4%)
P0-Cluster idle residency:   2.16%
P0-Cluster down residency:  51.08%
CPU 4 frequency: 4511 MHz
CPU 4 active residency:  21.47% (1260 MHz: .01% 1512 MHz:   0% 1800 MHz: .01% 2088 MHz:   0% 2352 MHz:   0% 2616 MHz:   0% 2868 MHz:   0% 3096 MHz:   0% 3300 MHz:   0% 3468 MHz:   0% 3624 MHz:   0% 3756 MHz:   0% 3828 MHz:   0% 3888 MHz:   0% 3948 MHz:   0% 3996 MHz:   0% 4044 MHz:   0% 4104 MHz:   0% 4416 MHz:   0% 4512 MHz:  21%)
CPU 4 idle residency:  26.47%
CPU 4 down residency:  52.06%
CPU 5 frequency: 4510 MHz
CPU 5 active residency:  18.48% (1260 MHz: .01% 1512 MHz:   0% 1800 MHz: .01% 2088 MHz:   0% 2352 MHz:   0% 2616 MHz:   0% 2868 MHz:   0% 3096 MHz:   0% 3300 MHz:   0% 3468 MHz:   0% 3624 MHz:   0% 3756 MHz:   0% 3828 MHz:   0% 3888 MHz:   0% 3948 MHz:   0% 3996 MHz:   0% 4044 MHz:   0% 4104 MHz:   0% 4416 MHz:   0% 4512 MHz:  18%)
CPU 5 idle residency:  30.48%
CPU 5 down residency:  51.04%
CPU 6 frequency: 4511 MHz
CPU 6 active residency:  15.86% (1260 MHz: .00% 1512 MHz:   0% 1800 MHz: .00% 2088 MHz:   0% 2352 MHz:   0% 2616 MHz:   0% 2868 MHz:   0% 3096 MHz:   0% 3300 MHz:   0% 3468 MHz:   0% 3624 MHz:   0% 3756 MHz:   0% 3828 MHz:   0% 3888 MHz:   0% 3948 MHz:   0% 3996 MHz:   0% 4044 MHz:   0% 4104 MHz:   0% 4416 MHz:   0% 4512 MHz:  16%)
CPU 6 idle residency:  33.11%
CPU 6 down residency:  51.03%
CPU 7 frequency: 4500 MHz
CPU 7 active residency:  16.41% (1260 MHz: .01% 1512 MHz:   0% 1800 MHz: .06% 2088 MHz:   0% 2352 MHz:   0% 2616 MHz:   0% 2868 MHz:   0% 3096 MHz:   0% 3300 MHz:   0% 3468 MHz:   0% 3624 MHz:   0% 3756 MHz:   0% 3828 MHz:   0% 3888 MHz:   0% 3948 MHz:   0% 3996 MHz:   0% 4044 MHz:   0% 4104 MHz:   0% 4416 MHz:   0% 4512 MHz:  16%)
CPU 7 idle residency:  32.56%
CPU 7 down residency:  51.03%
CPU 8 frequency: 4512 MHz
CPU 8 active residency:  17.15% (1260 MHz: .00% 1512 MHz:   0% 1800 MHz: .00% 2088 MHz:   0% 2352 MHz:   0% 2616 MHz:   0% 2868 MHz:   0% 3096 MHz:   0% 3300 MHz:   0% 3468 MHz:   0% 3624 MHz:   0% 3756 MHz:   0% 3828 MHz:   0% 3888 MHz:   0% 3948 MHz:   0% 3996 MHz:   0% 4044 MHz:   0% 4104 MHz:   0% 4416 MHz:   0% 4512 MHz:  17%)
CPU 8 idle residency:  31.82%
CPU 8 down residency:  51.03%
CPU 9 frequency: 4509 MHz
CPU 9 active residency:  19.81% (1260 MHz: .01% 1512 MHz:   0% 1800 MHz: .01% 2088 MHz:   0% 2352 MHz:   0% 2616 MHz:   0% 2868 MHz:   0% 3096 MHz:   0% 3300 MHz:   0% 3468 MHz: .00% 3624 MHz:   0% 3756 MHz:   0% 3828 MHz:   0% 3888 MHz:   0% 3948 MHz:   0% 3996 MHz:   0% 4044 MHz:   0% 4104 MHz:   0% 4416 MHz: .00% 4512 MHz:  20%)
CPU 9 idle residency:  29.16%
CPU 9 down residency:  51.03%

P1-Cluster HW active frequency: 3970 MHz
P1-Cluster HW active residency:  63.80% (1260 MHz: 1.3% 1512 MHz:   0% 1800 MHz:   0% 2088 MHz:   0% 2352 MHz:   0% 2616 MHz:   0% 2868 MHz:   0% 3096 MHz:   0% 3300 MHz:   0% 3468 MHz:   0% 3624 MHz:   0% 3756 MHz:   0% 3828 MHz:   0% 3888 MHz:  18% 3948 MHz:  15% 3996 MHz:  13% 4044 MHz: 8.6% 4104 MHz:   0% 4416 MHz: 3.7% 4512 MHz: 4.8%)
P1-Cluster idle residency:   7.40%
P1-Cluster down residency:  28.81%
CPU 10 frequency: 4512 MHz
CPU 10 active residency:  30.30% (1260 MHz: .00% 1512 MHz:   0% 1800 MHz:   0% 2088 MHz:   0% 2352 MHz:   0% 2616 MHz:   0% 2868 MHz:   0% 3096 MHz:   0% 3300 MHz:   0% 3468 MHz:   0% 3624 MHz:   0% 3756 MHz:   0% 3828 MHz:   0% 3888 MHz:   0% 3948 MHz:   0% 3996 MHz:   0% 4044 MHz:   0% 4104 MHz:   0% 4416 MHz:   0% 4512 MHz:  30%)
CPU 10 idle residency:  40.80%
CPU 10 down residency:  28.90%
CPU 11 frequency: 4512 MHz
CPU 11 active residency:  31.89% (1260 MHz: .00% 1512 MHz:   0% 1800 MHz:   0% 2088 MHz:   0% 2352 MHz:   0% 2616 MHz:   0% 2868 MHz:   0% 3096 MHz:   0% 3300 MHz:   0% 3468 MHz:   0% 3624 MHz:   0% 3756 MHz:   0% 3828 MHz:   0% 3888 MHz:   0% 3948 MHz:   0% 3996 MHz:   0% 4044 MHz:   0% 4104 MHz:   0% 4416 MHz:   0% 4512 MHz:  32%)
CPU 11 idle residency:  39.21%
CPU 11 down residency:  28.90%
CPU 12 frequency: 4512 MHz
CPU 12 active residency:  32.92% (1260 MHz:   0% 1512 MHz:   0% 1800 MHz:   0% 2088 MHz:   0% 2352 MHz:   0% 2616 MHz:   0% 2868 MHz:   0% 3096 MHz:   0% 3300 MHz:   0% 3468 MHz:   0% 3624 MHz:   0% 3756 MHz:   0% 3828 MHz:   0% 3888 MHz:   0% 3948 MHz:   0% 3996 MHz:   0% 4044 MHz:   0% 4104 MHz:   0% 4416 MHz:   0% 4512 MHz:  33%)
CPU 12 idle residency:  38.18%
CPU 12 down residency:  28.90%
CPU 13 frequency: 4512 MHz
CPU 13 active residency:  32.39% (1260 MHz: .01% 1512 MHz:   0% 1800 MHz:   0% 2088 MHz:   0% 2352 MHz:   0% 2616 MHz:   0% 2868 MHz:   0% 3096 MHz:   0% 3300 MHz:   0% 3468 MHz:   0% 3624 MHz:   0% 3756 MHz:   0% 3828 MHz:   0% 3888 MHz:   0% 3948 MHz:   0% 3996 MHz:   0% 4044 MHz:   0% 4104 MHz:   0% 4416 MHz:   0% 4512 MHz:  32%)
CPU 13 idle residency:  38.71%
CPU 13 down residency:  28.90%
CPU 14 frequency: 4512 MHz
CPU 14 active residency:  27.73% (1260 MHz:   0% 1512 MHz:   0% 1800 MHz:   0% 2088 MHz:   0% 2352 MHz:   0% 2616 MHz:   0% 2868 MHz:   0% 3096 MHz:   0% 3300 MHz:   0% 3468 MHz:   0% 3624 MHz:   0% 3756 MHz:   0% 3828 MHz:   0% 3888 MHz:   0% 3948 MHz:   0% 3996 MHz:   0% 4044 MHz:   0% 4104 MHz:   0% 4416 MHz:   0% 4512 MHz:  28%)
CPU 14 idle residency:  43.37%
CPU 14 down residency:  28.90%
CPU 15 frequency: 4512 MHz
CPU 15 active residency:  30.00% (1260 MHz: .00% 1512 MHz:   0% 1800 MHz:   0% 2088 MHz:   0% 2352 MHz:   0% 2616 MHz:   0% 2868 MHz:   0% 3096 MHz:   0% 3300 MHz:   0% 3468 MHz:   0% 3624 MHz:   0% 3756 MHz:   0% 3828 MHz:   0% 3888 MHz:   0% 3948 MHz:   0% 3996 MHz:   0% 4044 MHz:   0% 4104 MHz:   0% 4416 MHz:   0% 4512 MHz:  30%)
CPU 15 idle residency:  41.10%
CPU 15 down residency:  28.90%

CPU Power: 7783 mW
GPU Power: 11599 mW
ANE Power: 0 mW
Combined Power (CPU + GPU + ANE): 19382 mW

**** GPU usage ****

GPU HW active frequency: 1560 MHz
GPU HW active residency:  95.35% (338 MHz: 1.4% 618 MHz:   0% 796 MHz:   0% 924 MHz:   0% 952 MHz:   0% 1056 MHz:   0% 1062 MHz:   0% 1182 MHz:   0% 1182 MHz:   0% 1312 MHz:   0% 1242 MHz:   0% 1380 MHz:   0% 1326 MHz:   0% 1470 MHz:   0% 1578 MHz:  94%)
GPU SW requested state: (P1 :   0% P2 :   0% P3 :   0% P4 :   0% P5 :   0% P6 :   0% P7 :   0% P8 :   0% P9 :   0% P10 : 100% P11 :   0% P12 :   0% P13 :   0% P14 :   0% P15 :   0%)
GPU SW state: (SW_P1 : 1.4% SW_P2 :   0% SW_P3 :   0% SW_P4 :   0% SW_P5 :   0% SW_P6 :   0% SW_P7 :   0% SW_P8 :   0% SW_P9 :   0% SW_P10 :  94% SW_P11 :   0% SW_P12 :   0% SW_P13 :   0% SW_P14 :   0% SW_P15 :   0%)
GPU idle residency:   4.65%
GPU Power: 11555 mW



*** Sampled system activity (Tue Jan 20 15:13:22 2026 +0100) (1020.70ms elapsed) ***


**** Processor usage ****

E-Cluster Online: 100%
E-Cluster HW active frequency: 1284 MHz
E-Cluster HW active residency:  51.77% (1020 MHz:  39% 1404 MHz: 2.1% 1788 MHz: 3.2% 2112 MHz: .87% 2352 MHz: 1.1% 2532 MHz: 1.9% 2592 MHz: 3.3%)
E-Cluster idle residency:  48.23%
E-Cluster down residency:   0.00%
CPU 0 frequency: 1342 MHz
CPU 0 active residency:  22.08% (1020 MHz:  15% 1404 MHz: 1.5% 1788 MHz: 1.8% 2112 MHz: .44% 2352 MHz: .54% 2532 MHz: 1.2% 2592 MHz: 1.4%)
CPU 0 idle residency:  77.92%
CPU 0 down residency:   0.00%
CPU 1 frequency: 1411 MHz
CPU 1 active residency:  14.69% (1020 MHz: 9.1% 1404 MHz: .83% 1788 MHz: 2.1% 2112 MHz: .62% 2352 MHz: .50% 2532 MHz: .30% 2592 MHz: 1.3%)
CPU 1 idle residency:  85.31%
CPU 1 down residency:   0.00%
CPU 2 frequency: 1455 MHz
CPU 2 active residency:  10.03% (1020 MHz: 5.7% 1404 MHz: .88% 1788 MHz: 1.5% 2112 MHz: .08% 2352 MHz: .21% 2532 MHz: .76% 2592 MHz: .88%)
CPU 2 idle residency:  89.97%
CPU 2 down residency:   0.00%
CPU 3 frequency: 1383 MHz
CPU 3 active residency:   6.47% (1020 MHz: 4.1% 1404 MHz: .64% 1788 MHz: .73% 2112 MHz: .05% 2352 MHz: .26% 2532 MHz: .16% 2592 MHz: .58%)
CPU 3 idle residency:  93.53%
CPU 3 down residency:   0.00%

P0-Cluster Online: 100%
P0-Cluster HW active frequency: 4030 MHz
P0-Cluster HW active residency:  99.92% (1260 MHz:   0% 1512 MHz:   0% 1800 MHz:   0% 2088 MHz:   0% 2352 MHz:   0% 2616 MHz:   0% 2868 MHz:   0% 3096 MHz:   0% 3300 MHz:   0% 3468 MHz:   0% 3624 MHz:   0% 3756 MHz:   0% 3828 MHz: .00% 3888 MHz:  23% 3948 MHz:  27% 3996 MHz:  24% 4044 MHz:  12% 4104 MHz:   0% 4416 MHz: 6.5% 4512 MHz: 7.4%)
P0-Cluster idle residency:   0.08%
P0-Cluster down residency:   0.00%
CPU 4 frequency: 4512 MHz
CPU 4 active residency:  50.08% (1260 MHz:   0% 1512 MHz:   0% 1800 MHz:   0% 2088 MHz:   0% 2352 MHz:   0% 2616 MHz:   0% 2868 MHz:   0% 3096 MHz:   0% 3300 MHz:   0% 3468 MHz:   0% 3624 MHz:   0% 3756 MHz:   0% 3828 MHz:   0% 3888 MHz:   0% 3948 MHz:   0% 3996 MHz:   0% 4044 MHz:   0% 4104 MHz:   0% 4416 MHz:   0% 4512 MHz:  50%)
CPU 4 idle residency:  49.92%
CPU 4 down residency:   0.00%
CPU 5 frequency: 4512 MHz
CPU 5 active residency:  49.04% (1260 MHz:   0% 1512 MHz:   0% 1800 MHz:   0% 2088 MHz:   0% 2352 MHz:   0% 2616 MHz:   0% 2868 MHz:   0% 3096 MHz:   0% 3300 MHz:   0% 3468 MHz:   0% 3624 MHz:   0% 3756 MHz:   0% 3828 MHz:   0% 3888 MHz:   0% 3948 MHz:   0% 3996 MHz:   0% 4044 MHz:   0% 4104 MHz:   0% 4416 MHz:   0% 4512 MHz:  49%)
CPU 5 idle residency:  50.96%
CPU 5 down residency:   0.00%
CPU 6 frequency: 4512 MHz
CPU 6 active residency:  48.31% (1260 MHz:   0% 1512 MHz:   0% 1800 MHz:   0% 2088 MHz:   0% 2352 MHz:   0% 2616 MHz:   0% 2868 MHz:   0% 3096 MHz:   0% 3300 MHz:   0% 3468 MHz:   0% 3624 MHz:   0% 3756 MHz:   0% 3828 MHz:   0% 3888 MHz:   0% 3948 MHz:   0% 3996 MHz:   0% 4044 MHz:   0% 4104 MHz:   0% 4416 MHz:   0% 4512 MHz:  48%)
CPU 6 idle residency:  51.69%
CPU 6 down residency:   0.00%
CPU 7 frequency: 4512 MHz
CPU 7 active residency:  48.40% (1260 MHz:   0% 1512 MHz:   0% 1800 MHz:   0% 2088 MHz:   0% 2352 MHz:   0% 2616 MHz:   0% 2868 MHz:   0% 3096 MHz:   0% 3300 MHz:   0% 3468 MHz:   0% 3624 MHz:   0% 3756 MHz:   0% 3828 MHz:   0% 3888 MHz:   0% 3948 MHz:   0% 3996 MHz:   0% 4044 MHz:   0% 4104 MHz:   0% 4416 MHz:   0% 4512 MHz:  48%)
CPU 7 idle residency:  51.60%
CPU 7 down residency:   0.00%
CPU 8 frequency: 4512 MHz
CPU 8 active residency:  44.17% (1260 MHz:   0% 1512 MHz:   0% 1800 MHz:   0% 2088 MHz:   0% 2352 MHz:   0% 2616 MHz:   0% 2868 MHz:   0% 3096 MHz:   0% 3300 MHz:   0% 3468 MHz:   0% 3624 MHz:   0% 3756 MHz:   0% 3828 MHz:   0% 3888 MHz:   0% 3948 MHz:   0% 3996 MHz:   0% 4044 MHz:   0% 4104 MHz:   0% 4416 MHz:   0% 4512 MHz:  44%)
CPU 8 idle residency:  55.83%
CPU 8 down residency:   0.00%
CPU 9 frequency: 4512 MHz
CPU 9 active residency:  39.47% (1260 MHz:   0% 1512 MHz:   0% 1800 MHz:   0% 2088 MHz:   0% 2352 MHz:   0% 2616 MHz:   0% 2868 MHz:   0% 3096 MHz:   0% 3300 MHz:   0% 3468 MHz:   0% 3624 MHz:   0% 3756 MHz:   0% 3828 MHz:   0% 3888 MHz:   0% 3948 MHz:   0% 3996 MHz:   0% 4044 MHz:   0% 4104 MHz:   0% 4416 MHz:   0% 4512 MHz:  39%)
CPU 9 idle residency:  60.53%
CPU 9 down residency:   0.00%

P1-Cluster HW active frequency: 2169 MHz
P1-Cluster HW active residency:   1.75% (1260 MHz: 1.2% 1512 MHz:   0% 1800 MHz: .02% 2088 MHz:   0% 2352 MHz:   0% 2616 MHz:   0% 2868 MHz:   0% 3096 MHz:   0% 3300 MHz:   0% 3468 MHz:   0% 3624 MHz:   0% 3756 MHz:   0% 3828 MHz:   0% 3888 MHz: .02% 3948 MHz: .00% 3996 MHz:   0% 4044 MHz:   0% 4104 MHz:   0% 4416 MHz: .02% 4512 MHz: .44%)
P1-Cluster idle residency:   3.85%
P1-Cluster down residency:  94.40%
CPU 10 frequency: 0 MHz
CPU 10 active residency:   0.00% (1260 MHz:   0% 1512 MHz:   0% 1800 MHz:   0% 2088 MHz:   0% 2352 MHz:   0% 2616 MHz:   0% 2868 MHz:   0% 3096 MHz:   0% 3300 MHz:   0% 3468 MHz:   0% 3624 MHz:   0% 3756 MHz:   0% 3828 MHz:   0% 3888 MHz:   0% 3948 MHz:   0% 3996 MHz:   0% 4044 MHz:   0% 4104 MHz:   0% 4416 MHz:   0% 4512 MHz:   0%)
CPU 10 idle residency:   5.34%
CPU 10 down residency:  94.66%
CPU 11 frequency: 0 MHz
CPU 11 active residency:   0.00% (1260 MHz:   0% 1512 MHz:   0% 1800 MHz:   0% 2088 MHz:   0% 2352 MHz:   0% 2616 MHz:   0% 2868 MHz:   0% 3096 MHz:   0% 3300 MHz:   0% 3468 MHz:   0% 3624 MHz:   0% 3756 MHz:   0% 3828 MHz:   0% 3888 MHz:   0% 3948 MHz:   0% 3996 MHz:   0% 4044 MHz:   0% 4104 MHz:   0% 4416 MHz:   0% 4512 MHz:   0%)
CPU 11 idle residency:   5.30%
CPU 11 down residency:  94.70%
CPU 12 frequency: 0 MHz
CPU 12 active residency:   0.00% (1260 MHz:   0% 1512 MHz:   0% 1800 MHz:   0% 2088 MHz:   0% 2352 MHz:   0% 2616 MHz:   0% 2868 MHz:   0% 3096 MHz:   0% 3300 MHz:   0% 3468 MHz:   0% 3624 MHz:   0% 3756 MHz:   0% 3828 MHz:   0% 3888 MHz:   0% 3948 MHz:   0% 3996 MHz:   0% 4044 MHz:   0% 4104 MHz:   0% 4416 MHz:   0% 4512 MHz:   0%)
CPU 12 idle residency:   5.34%
CPU 12 down residency:  94.66%
CPU 13 frequency: 0 MHz
CPU 13 active residency:   0.00% (1260 MHz:   0% 1512 MHz:   0% 1800 MHz:   0% 2088 MHz:   0% 2352 MHz:   0% 2616 MHz:   0% 2868 MHz:   0% 3096 MHz:   0% 3300 MHz:   0% 3468 MHz:   0% 3624 MHz:   0% 3756 MHz:   0% 3828 MHz:   0% 3888 MHz:   0% 3948 MHz:   0% 3996 MHz:   0% 4044 MHz:   0% 4104 MHz:   0% 4416 MHz:   0% 4512 MHz:   0%)
CPU 13 idle residency:   5.35%
CPU 13 down residency:  94.65%
CPU 14 frequency: 0 MHz
CPU 14 active residency:   0.00% (1260 MHz:   0% 1512 MHz:   0% 1800 MHz:   0% 2088 MHz:   0% 2352 MHz:   0% 2616 MHz:   0% 2868 MHz:   0% 3096 MHz:   0% 3300 MHz:   0% 3468 MHz:   0% 3624 MHz:   0% 3756 MHz:   0% 3828 MHz:   0% 3888 MHz:   0% 3948 MHz:   0% 3996 MHz:   0% 4044 MHz:   0% 4104 MHz:   0% 4416 MHz:   0% 4512 MHz:   0%)
CPU 14 idle residency:   5.36%
CPU 14 down residency:  94.64%
CPU 15 frequency: 0 MHz
CPU 15 active residency:   0.00% (1260 MHz:   0% 1512 MHz:   0% 1800 MHz:   0% 2088 MHz:   0% 2352 MHz:   0% 2616 MHz:   0% 2868 MHz:   0% 3096 MHz:   0% 3300 MHz:   0% 3468 MHz:   0% 3624 MHz:   0% 3756 MHz:   0% 3828 MHz:   0% 3888 MHz:   0% 3948 MHz:   0% 3996 MHz:   0% 4044 MHz:   0% 4104 MHz:   0% 4416 MHz:   0% 4512 MHz:   0%)
CPU 15 idle residency:   5.36%
CPU 15 down residency:  94.64%

CPU Power: 7547 mW
GPU Power: 12021 mW
ANE Power: 0 mW
Combined Power (CPU + GPU + ANE): 19568 mW

**** GPU usage ****

GPU HW active frequency: 1561 MHz
GPU HW active residency:  95.20% (338 MHz: 1.3% 618 MHz:   0% 796 MHz:   0% 924 MHz:   0% 952 MHz:   0% 1056 MHz:   0% 1062 MHz:   0% 1182 MHz:   0% 1182 MHz:   0% 1312 MHz:   0% 1242 MHz:   0% 1380 MHz:   0% 1326 MHz:   0% 1470 MHz:   0% 1578 MHz:  94%)
GPU SW requested state: (P1 :   0% P2 :   0% P3 :   0% P4 :   0% P5 :   0% P6 :   0% P7 :   0% P8 :   0% P9 :   0% P10 : 100% P11 :   0% P12 :   0% P13 :   0% P14 :   0% P15 :   0%)
GPU SW state: (SW_P1 : 1.3% SW_P2 :   0% SW_P3 :   0% SW_P4 :   0% SW_P5 :   0% SW_P6 :   0% SW_P7 :   0% SW_P8 :   0% SW_P9 :   0% SW_P10 :  94% SW_P11 :   0% SW_P12 :   0% SW_P13 :   0% SW_P14 :   0% SW_P15 :   0%)
GPU idle residency:   4.80%
GPU Power: 12013 mW



*** Sampled system activity (Tue Jan 20 15:13:23 2026 +0100) (1017.57ms elapsed) ***


**** Processor usage ****

E-Cluster Online: 100%
E-Cluster HW active frequency: 1175 MHz
E-Cluster HW active residency:  50.50% (1020 MHz:  41% 1404 MHz: 3.4% 1788 MHz: 2.2% 2112 MHz: .49% 2352 MHz: 1.0% 2532 MHz: .71% 2592 MHz: 1.2%)
E-Cluster idle residency:  49.50%
E-Cluster down residency:   0.00%
CPU 0 frequency: 1207 MHz
CPU 0 active residency:  21.16% (1020 MHz:  17% 1404 MHz: 1.6% 1788 MHz: 1.3% 2112 MHz: .15% 2352 MHz: .55% 2532 MHz: .47% 2592 MHz: .44%)
CPU 0 idle residency:  78.84%
CPU 0 down residency:   0.00%
CPU 1 frequency: 1265 MHz
CPU 1 active residency:  14.20% (1020 MHz: 9.9% 1404 MHz: 1.5% 1788 MHz: 1.4% 2112 MHz: .43% 2352 MHz: .44% 2532 MHz: .22% 2592 MHz: .28%)
CPU 1 idle residency:  85.80%
CPU 1 down residency:   0.00%
CPU 2 frequency: 1202 MHz
CPU 2 active residency:   8.66% (1020 MHz: 6.8% 1404 MHz: .69% 1788 MHz: .49% 2112 MHz: .04% 2352 MHz: .27% 2532 MHz: .21% 2592 MHz: .14%)
CPU 2 idle residency:  91.34%
CPU 2 down residency:   0.00%
CPU 3 frequency: 1350 MHz
CPU 3 active residency:   5.59% (1020 MHz: 3.7% 1404 MHz: .56% 1788 MHz: .43% 2112 MHz: .07% 2352 MHz: .62% 2532 MHz: .12% 2592 MHz: .13%)
CPU 3 idle residency:  94.41%
CPU 3 down residency:   0.00%

P0-Cluster Online: 100%
P0-Cluster HW active frequency: 4039 MHz
P0-Cluster HW active residency:  99.87% (1260 MHz:   0% 1512 MHz:   0% 1800 MHz:   0% 2088 MHz:   0% 2352 MHz:   0% 2616 MHz:   0% 2868 MHz:   0% 3096 MHz:   0% 3300 MHz:   0% 3468 MHz:   0% 3624 MHz:   0% 3756 MHz:   0% 3828 MHz:   0% 3888 MHz:  28% 3948 MHz:  25% 3996 MHz:  18% 4044 MHz:  13% 4104 MHz:   0% 4416 MHz: 6.7% 4512 MHz: 9.6%)
P0-Cluster idle residency:   0.13%
P0-Cluster down residency:   0.00%
CPU 4 frequency: 4512 MHz
CPU 4 active residency:  53.48% (1260 MHz:   0% 1512 MHz:   0% 1800 MHz:   0% 2088 MHz:   0% 2352 MHz:   0% 2616 MHz:   0% 2868 MHz:   0% 3096 MHz:   0% 3300 MHz:   0% 3468 MHz:   0% 3624 MHz:   0% 3756 MHz:   0% 3828 MHz:   0% 3888 MHz:   0% 3948 MHz:   0% 3996 MHz:   0% 4044 MHz:   0% 4104 MHz:   0% 4416 MHz:   0% 4512 MHz:  53%)
CPU 4 idle residency:  46.52%
CPU 4 down residency:   0.00%
CPU 5 frequency: 4512 MHz
CPU 5 active residency:  50.84% (1260 MHz:   0% 1512 MHz:   0% 1800 MHz:   0% 2088 MHz:   0% 2352 MHz:   0% 2616 MHz:   0% 2868 MHz:   0% 3096 MHz:   0% 3300 MHz:   0% 3468 MHz:   0% 3624 MHz:   0% 3756 MHz:   0% 3828 MHz:   0% 3888 MHz:   0% 3948 MHz:   0% 3996 MHz:   0% 4044 MHz:   0% 4104 MHz:   0% 4416 MHz:   0% 4512 MHz:  51%)
CPU 5 idle residency:  49.16%
CPU 5 down residency:   0.00%
CPU 6 frequency: 4512 MHz
CPU 6 active residency:  47.22% (1260 MHz:   0% 1512 MHz:   0% 1800 MHz:   0% 2088 MHz:   0% 2352 MHz:   0% 2616 MHz:   0% 2868 MHz:   0% 3096 MHz:   0% 3300 MHz:   0% 3468 MHz:   0% 3624 MHz:   0% 3756 MHz:   0% 3828 MHz:   0% 3888 MHz:   0% 3948 MHz:   0% 3996 MHz:   0% 4044 MHz:   0% 4104 MHz:   0% 4416 MHz:   0% 4512 MHz:  47%)
CPU 6 idle residency:  52.78%
CPU 6 down residency:   0.00%
CPU 7 frequency: 4512 MHz
CPU 7 active residency:  42.60% (1260 MHz:   0% 1512 MHz:   0% 1800 MHz:   0% 2088 MHz:   0% 2352 MHz:   0% 2616 MHz:   0% 2868 MHz:   0% 3096 MHz:   0% 3300 MHz:   0% 3468 MHz:   0% 3624 MHz:   0% 3756 MHz:   0% 3828 MHz:   0% 3888 MHz:   0% 3948 MHz:   0% 3996 MHz:   0% 4044 MHz:   0% 4104 MHz:   0% 4416 MHz:   0% 4512 MHz:  43%)
CPU 7 idle residency:  57.40%
CPU 7 down residency:   0.00%
CPU 8 frequency: 4512 MHz
CPU 8 active residency:  49.79% (1260 MHz:   0% 1512 MHz:   0% 1800 MHz:   0% 2088 MHz:   0% 2352 MHz:   0% 2616 MHz:   0% 2868 MHz:   0% 3096 MHz:   0% 3300 MHz:   0% 3468 MHz:   0% 3624 MHz:   0% 3756 MHz:   0% 3828 MHz:   0% 3888 MHz:   0% 3948 MHz:   0% 3996 MHz:   0% 4044 MHz:   0% 4104 MHz:   0% 4416 MHz:   0% 4512 MHz:  50%)
CPU 8 idle residency:  50.21%
CPU 8 down residency:   0.00%
CPU 9 frequency: 4512 MHz
CPU 9 active residency:  47.90% (1260 MHz:   0% 1512 MHz:   0% 1800 MHz:   0% 2088 MHz:   0% 2352 MHz:   0% 2616 MHz:   0% 2868 MHz:   0% 3096 MHz:   0% 3300 MHz:   0% 3468 MHz:   0% 3624 MHz:   0% 3756 MHz:   0% 3828 MHz:   0% 3888 MHz:   0% 3948 MHz:   0% 3996 MHz:   0% 4044 MHz:   0% 4104 MHz:   0% 4416 MHz:   0% 4512 MHz:  48%)
CPU 9 idle residency:  52.10%
CPU 9 down residency:   0.00%

P1-Cluster HW active frequency: 2104 MHz
P1-Cluster HW active residency:   2.91% (1260 MHz: 1.8% 1512 MHz: .01% 1800 MHz: .37% 2088 MHz:   0% 2352 MHz:   0% 2616 MHz:   0% 2868 MHz:   0% 3096 MHz:   0% 3300 MHz:   0% 3468 MHz:   0% 3624 MHz:   0% 3756 MHz:   0% 3828 MHz:   0% 3888 MHz: .03% 3948 MHz: .02% 3996 MHz:   0% 4044 MHz:   0% 4104 MHz:   0% 4416 MHz: .07% 4512 MHz: .59%)
P1-Cluster idle residency:   6.31%
P1-Cluster down residency:  90.78%
CPU 10 frequency: 3799 MHz
CPU 10 active residency:   0.57% (1260 MHz: .06% 1512 MHz: .01% 1800 MHz: .07% 2088 MHz:   0% 2352 MHz:   0% 2616 MHz:   0% 2868 MHz:   0% 3096 MHz:   0% 3300 MHz:   0% 3468 MHz:   0% 3624 MHz:   0% 3756 MHz:   0% 3828 MHz:   0% 3888 MHz:   0% 3948 MHz:   0% 3996 MHz:   0% 4044 MHz:   0% 4104 MHz:   0% 4416 MHz:   0% 4512 MHz: .43%)
CPU 10 idle residency:   8.77%
CPU 10 down residency:  90.66%
CPU 11 frequency: 3437 MHz
CPU 11 active residency:   0.86% (1260 MHz: .06% 1512 MHz: .01% 1800 MHz: .27% 2088 MHz:   0% 2352 MHz:   0% 2616 MHz:   0% 2868 MHz:   0% 3096 MHz:   0% 3300 MHz:   0% 3468 MHz:   0% 3624 MHz:   0% 3756 MHz:   0% 3828 MHz:   0% 3888 MHz:   0% 3948 MHz:   0% 3996 MHz:   0% 4044 MHz:   0% 4104 MHz:   0% 4416 MHz:   0% 4512 MHz: .53%)
CPU 11 idle residency:   8.45%
CPU 11 down residency:  90.69%
CPU 12 frequency: 4085 MHz
CPU 12 active residency:   0.52% (1260 MHz: .05% 1512 MHz: .00% 1800 MHz: .03% 2088 MHz:   0% 2352 MHz:   0% 2616 MHz:   0% 2868 MHz:   0% 3096 MHz:   0% 3300 MHz:   0% 3468 MHz:   0% 3624 MHz:   0% 3756 MHz:   0% 3828 MHz:   0% 3888 MHz:   0% 3948 MHz:   0% 3996 MHz:   0% 4044 MHz:   0% 4104 MHz:   0% 4416 MHz:   0% 4512 MHz: .45%)
CPU 12 idle residency:   8.83%
CPU 12 down residency:  90.65%
CPU 13 frequency: 4000 MHz
CPU 13 active residency:   0.52% (1260 MHz: .05% 1512 MHz:   0% 1800 MHz: .04% 2088 MHz:   0% 2352 MHz:   0% 2616 MHz:   0% 2868 MHz:   0% 3096 MHz:   0% 3300 MHz:   0% 3468 MHz:   0% 3624 MHz:   0% 3756 MHz:   0% 3828 MHz:   0% 3888 MHz:   0% 3948 MHz:   0% 3996 MHz:   0% 4044 MHz:   0% 4104 MHz:   0% 4416 MHz:   0% 4512 MHz: .43%)
CPU 13 idle residency:   8.84%
CPU 13 down residency:  90.65%
CPU 14 frequency: 4164 MHz
CPU 14 active residency:   0.48% (1260 MHz: .04% 1512 MHz:   0% 1800 MHz: .01% 2088 MHz:   0% 2352 MHz:   0% 2616 MHz:   0% 2868 MHz:   0% 3096 MHz:   0% 3300 MHz:   0% 3468 MHz:   0% 3624 MHz:   0% 3756 MHz:   0% 3828 MHz:   0% 3888 MHz:   0% 3948 MHz:   0% 3996 MHz:   0% 4044 MHz:   0% 4104 MHz:   0% 4416 MHz:   0% 4512 MHz: .42%)
CPU 14 idle residency:   8.87%
CPU 14 down residency:  90.66%
CPU 15 frequency: 3793 MHz
CPU 15 active residency:   0.62% (1260 MHz: .05% 1512 MHz: .00% 1800 MHz: .10% 2088 MHz:   0% 2352 MHz:   0% 2616 MHz:   0% 2868 MHz:   0% 3096 MHz:   0% 3300 MHz:   0% 3468 MHz:   0% 3624 MHz:   0% 3756 MHz:   0% 3828 MHz:   0% 3888 MHz:   0% 3948 MHz:   0% 3996 MHz:   0% 4044 MHz:   0% 4104 MHz:   0% 4416 MHz:   0% 4512 MHz: .47%)
CPU 15 idle residency:   8.72%
CPU 15 down residency:  90.65%

CPU Power: 7516 mW
GPU Power: 12240 mW
ANE Power: 0 mW
Combined Power (CPU + GPU + ANE): 19756 mW

**** GPU usage ****

GPU HW active frequency: 1560 MHz
GPU HW active residency:  95.33% (338 MHz: 1.4% 618 MHz:   0% 796 MHz:   0% 924 MHz:   0% 952 MHz:   0% 1056 MHz:   0% 1062 MHz:   0% 1182 MHz:   0% 1182 MHz:   0% 1312 MHz:   0% 1242 MHz:   0% 1380 MHz:   0% 1326 MHz:   0% 1470 MHz:   0% 1578 MHz:  94%)
GPU SW requested state: (P1 :   0% P2 :   0% P3 :   0% P4 :   0% P5 :   0% P6 :   0% P7 :   0% P8 :   0% P9 :   0% P10 : 100% P11 :   0% P12 :   0% P13 :   0% P14 :   0% P15 :   0%)
GPU SW state: (SW_P1 : 1.4% SW_P2 :   0% SW_P3 :   0% SW_P4 :   0% SW_P5 :   0% SW_P6 :   0% SW_P7 :   0% SW_P8 :   0% SW_P9 :   0% SW_P10 :  94% SW_P11 :   0% SW_P12 :   0% SW_P13 :   0% SW_P14 :   0% SW_P15 :   0%)
GPU idle residency:   4.67%
GPU Power: 12147 mW



*** Sampled system activity (Tue Jan 20 15:13:24 2026 +0100) (1020.81ms elapsed) ***


**** Processor usage ****

E-Cluster Online: 100%
E-Cluster HW active frequency: 1275 MHz
E-Cluster HW active residency:  52.61% (1020 MHz:  41% 1404 MHz: 1.5% 1788 MHz: 2.8% 2112 MHz: .95% 2352 MHz: 1.4% 2532 MHz: 1.7% 2592 MHz: 3.3%)
E-Cluster idle residency:  47.39%
E-Cluster down residency:   0.00%
CPU 0 frequency: 1338 MHz
CPU 0 active residency:  23.68% (1020 MHz:  17% 1404 MHz: .80% 1788 MHz: 1.9% 2112 MHz: .51% 2352 MHz: 1.2% 2532 MHz: .91% 2592 MHz: 1.4%)
CPU 0 idle residency:  76.32%
CPU 0 down residency:   0.00%
CPU 1 frequency: 1381 MHz
CPU 1 active residency:  14.54% (1020 MHz:  10% 1404 MHz: .66% 1788 MHz: .99% 2112 MHz: .30% 2352 MHz: .36% 2532 MHz: .86% 2592 MHz: 1.4%)
CPU 1 idle residency:  85.46%
CPU 1 down residency:   0.00%
CPU 2 frequency: 1316 MHz
CPU 2 active residency:   8.80% (1020 MHz: 6.1% 1404 MHz: .90% 1788 MHz: .67% 2112 MHz: .08% 2352 MHz: .15% 2532 MHz: .24% 2592 MHz: .70%)
CPU 2 idle residency:  91.20%
CPU 2 down residency:   0.00%
CPU 3 frequency: 1457 MHz
CPU 3 active residency:   6.63% (1020 MHz: 3.7% 1404 MHz: .54% 1788 MHz: 1.0% 2112 MHz: .36% 2352 MHz: .31% 2532 MHz: .21% 2592 MHz: .49%)
CPU 3 idle residency:  93.37%
CPU 3 down residency:   0.00%

P0-Cluster Online: 100%
P0-Cluster HW active frequency: 4032 MHz
P0-Cluster HW active residency:  99.87% (1260 MHz:   0% 1512 MHz:   0% 1800 MHz:   0% 2088 MHz:   0% 2352 MHz:   0% 2616 MHz:   0% 2868 MHz:   0% 3096 MHz:   0% 3300 MHz:   0% 3468 MHz:   0% 3624 MHz:   0% 3756 MHz:   0% 3828 MHz:   0% 3888 MHz:  27% 3948 MHz:  24% 3996 MHz:  22% 4044 MHz:  12% 4104 MHz:   0% 4416 MHz: 6.8% 4512 MHz: 8.2%)
P0-Cluster idle residency:   0.13%
P0-Cluster down residency:   0.00%
CPU 4 frequency: 4512 MHz
CPU 4 active residency:  49.74% (1260 MHz:   0% 1512 MHz:   0% 1800 MHz:   0% 2088 MHz:   0% 2352 MHz:   0% 2616 MHz:   0% 2868 MHz:   0% 3096 MHz:   0% 3300 MHz:   0% 3468 MHz:   0% 3624 MHz:   0% 3756 MHz:   0% 3828 MHz:   0% 3888 MHz:   0% 3948 MHz:   0% 3996 MHz:   0% 4044 MHz:   0% 4104 MHz:   0% 4416 MHz:   0% 4512 MHz:  50%)
CPU 4 idle residency:  50.26%
CPU 4 down residency:   0.00%
CPU 5 frequency: 4512 MHz
CPU 5 active residency:  45.01% (1260 MHz:   0% 1512 MHz:   0% 1800 MHz:   0% 2088 MHz:   0% 2352 MHz:   0% 2616 MHz:   0% 2868 MHz:   0% 3096 MHz:   0% 3300 MHz:   0% 3468 MHz:   0% 3624 MHz:   0% 3756 MHz:   0% 3828 MHz:   0% 3888 MHz:   0% 3948 MHz:   0% 3996 MHz:   0% 4044 MHz:   0% 4104 MHz:   0% 4416 MHz:   0% 4512 MHz:  45%)
CPU 5 idle residency:  54.99%
CPU 5 down residency:   0.00%
CPU 6 frequency: 4512 MHz
CPU 6 active residency:  51.03% (1260 MHz:   0% 1512 MHz:   0% 1800 MHz:   0% 2088 MHz:   0% 2352 MHz:   0% 2616 MHz:   0% 2868 MHz:   0% 3096 MHz:   0% 3300 MHz:   0% 3468 MHz:   0% 3624 MHz:   0% 3756 MHz:   0% 3828 MHz:   0% 3888 MHz:   0% 3948 MHz:   0% 3996 MHz:   0% 4044 MHz:   0% 4104 MHz:   0% 4416 MHz:   0% 4512 MHz:  51%)
CPU 6 idle residency:  48.97%
CPU 6 down residency:   0.00%
CPU 7 frequency: 4512 MHz
CPU 7 active residency:  47.34% (1260 MHz:   0% 1512 MHz:   0% 1800 MHz:   0% 2088 MHz:   0% 2352 MHz:   0% 2616 MHz:   0% 2868 MHz:   0% 3096 MHz:   0% 3300 MHz:   0% 3468 MHz:   0% 3624 MHz:   0% 3756 MHz:   0% 3828 MHz:   0% 3888 MHz:   0% 3948 MHz:   0% 3996 MHz:   0% 4044 MHz:   0% 4104 MHz:   0% 4416 MHz:   0% 4512 MHz:  47%)
CPU 7 idle residency:  52.66%
CPU 7 down residency:   0.00%
CPU 8 frequency: 4512 MHz
CPU 8 active residency:  48.22% (1260 MHz:   0% 1512 MHz:   0% 1800 MHz:   0% 2088 MHz:   0% 2352 MHz:   0% 2616 MHz:   0% 2868 MHz:   0% 3096 MHz:   0% 3300 MHz:   0% 3468 MHz:   0% 3624 MHz:   0% 3756 MHz:   0% 3828 MHz:   0% 3888 MHz:   0% 3948 MHz:   0% 3996 MHz:   0% 4044 MHz:   0% 4104 MHz:   0% 4416 MHz:   0% 4512 MHz:  48%)
CPU 8 idle residency:  51.78%
CPU 8 down residency:   0.00%
CPU 9 frequency: 4512 MHz
CPU 9 active residency:  48.31% (1260 MHz:   0% 1512 MHz:   0% 1800 MHz:   0% 2088 MHz:   0% 2352 MHz:   0% 2616 MHz:   0% 2868 MHz:   0% 3096 MHz:   0% 3300 MHz:   0% 3468 MHz:   0% 3624 MHz:   0% 3756 MHz:   0% 3828 MHz:   0% 3888 MHz:   0% 3948 MHz:   0% 3996 MHz:   0% 4044 MHz:   0% 4104 MHz:   0% 4416 MHz:   0% 4512 MHz:  48%)
CPU 9 idle residency:  51.69%
CPU 9 down residency:   0.00%

P1-Cluster HW active frequency: 2403 MHz
P1-Cluster HW active residency:   2.08% (1260 MHz: 1.3% 1512 MHz:   0% 1800 MHz:   0% 2088 MHz:   0% 2352 MHz: .02% 2616 MHz:   0% 2868 MHz: .03% 3096 MHz:   0% 3300 MHz: .01% 3468 MHz:   0% 3624 MHz:   0% 3756 MHz:   0% 3828 MHz:   0% 3888 MHz: .02% 3948 MHz: .00% 3996 MHz:   0% 4044 MHz:   0% 4104 MHz:   0% 4416 MHz: .17% 4512 MHz: .52%)
P1-Cluster idle residency:   3.53%
P1-Cluster down residency:  94.38%
CPU 10 frequency: 0 MHz
CPU 10 active residency:   0.00% (1260 MHz:   0% 1512 MHz:   0% 1800 MHz:   0% 2088 MHz:   0% 2352 MHz:   0% 2616 MHz:   0% 2868 MHz:   0% 3096 MHz:   0% 3300 MHz:   0% 3468 MHz:   0% 3624 MHz:   0% 3756 MHz:   0% 3828 MHz:   0% 3888 MHz:   0% 3948 MHz:   0% 3996 MHz:   0% 4044 MHz:   0% 4104 MHz:   0% 4416 MHz:   0% 4512 MHz:   0%)
CPU 10 idle residency:   5.37%
CPU 10 down residency:  94.63%
CPU 11 frequency: 0 MHz
CPU 11 active residency:   0.00% (1260 MHz:   0% 1512 MHz:   0% 1800 MHz:   0% 2088 MHz:   0% 2352 MHz:   0% 2616 MHz:   0% 2868 MHz:   0% 3096 MHz:   0% 3300 MHz:   0% 3468 MHz:   0% 3624 MHz:   0% 3756 MHz:   0% 3828 MHz:   0% 3888 MHz:   0% 3948 MHz:   0% 3996 MHz:   0% 4044 MHz:   0% 4104 MHz:   0% 4416 MHz:   0% 4512 MHz:   0%)
CPU 11 idle residency:   5.27%
CPU 11 down residency:  94.73%
CPU 12 frequency: 0 MHz
CPU 12 active residency:   0.00% (1260 MHz:   0% 1512 MHz:   0% 1800 MHz:   0% 2088 MHz:   0% 2352 MHz:   0% 2616 MHz:   0% 2868 MHz:   0% 3096 MHz:   0% 3300 MHz:   0% 3468 MHz:   0% 3624 MHz:   0% 3756 MHz:   0% 3828 MHz:   0% 3888 MHz:   0% 3948 MHz:   0% 3996 MHz:   0% 4044 MHz:   0% 4104 MHz:   0% 4416 MHz:   0% 4512 MHz:   0%)
CPU 12 idle residency:   5.41%
CPU 12 down residency:  94.59%
CPU 13 frequency: 0 MHz
CPU 13 active residency:   0.00% (1260 MHz:   0% 1512 MHz:   0% 1800 MHz:   0% 2088 MHz:   0% 2352 MHz:   0% 2616 MHz:   0% 2868 MHz:   0% 3096 MHz:   0% 3300 MHz:   0% 3468 MHz:   0% 3624 MHz:   0% 3756 MHz:   0% 3828 MHz:   0% 3888 MHz:   0% 3948 MHz:   0% 3996 MHz:   0% 4044 MHz:   0% 4104 MHz:   0% 4416 MHz:   0% 4512 MHz:   0%)
CPU 13 idle residency:   5.41%
CPU 13 down residency:  94.59%
CPU 14 frequency: 0 MHz
CPU 14 active residency:   0.00% (1260 MHz:   0% 1512 MHz:   0% 1800 MHz:   0% 2088 MHz:   0% 2352 MHz:   0% 2616 MHz:   0% 2868 MHz:   0% 3096 MHz:   0% 3300 MHz:   0% 3468 MHz:   0% 3624 MHz:   0% 3756 MHz:   0% 3828 MHz:   0% 3888 MHz:   0% 3948 MHz:   0% 3996 MHz:   0% 4044 MHz:   0% 4104 MHz:   0% 4416 MHz:   0% 4512 MHz:   0%)
CPU 14 idle residency:   5.41%
CPU 14 down residency:  94.59%
CPU 15 frequency: 0 MHz
CPU 15 active residency:   0.00% (1260 MHz:   0% 1512 MHz:   0% 1800 MHz:   0% 2088 MHz:   0% 2352 MHz:   0% 2616 MHz:   0% 2868 MHz:   0% 3096 MHz:   0% 3300 MHz:   0% 3468 MHz:   0% 3624 MHz:   0% 3756 MHz:   0% 3828 MHz:   0% 3888 MHz:   0% 3948 MHz:   0% 3996 MHz:   0% 4044 MHz:   0% 4104 MHz:   0% 4416 MHz:   0% 4512 MHz:   0%)
CPU 15 idle residency:   5.37%
CPU 15 down residency:  94.63%

CPU Power: 7672 mW
GPU Power: 12055 mW
ANE Power: 0 mW
Combined Power (CPU + GPU + ANE): 19727 mW

**** GPU usage ****

GPU HW active frequency: 1561 MHz
GPU HW active residency:  95.24% (338 MHz: 1.3% 618 MHz:   0% 796 MHz:   0% 924 MHz:   0% 952 MHz:   0% 1056 MHz:   0% 1062 MHz:   0% 1182 MHz:   0% 1182 MHz:   0% 1312 MHz:   0% 1242 MHz:   0% 1380 MHz:   0% 1326 MHz:   0% 1470 MHz:   0% 1578 MHz:  94%)
GPU SW requested state: (P1 :   0% P2 :   0% P3 :   0% P4 :   0% P5 :   0% P6 :   0% P7 :   0% P8 :   0% P9 :   0% P10 : 100% P11 :   0% P12 :   0% P13 :   0% P14 :   0% P15 :   0%)
GPU SW state: (SW_P1 : 1.3% SW_P2 :   0% SW_P3 :   0% SW_P4 :   0% SW_P5 :   0% SW_P6 :   0% SW_P7 :   0% SW_P8 :   0% SW_P9 :   0% SW_P10 :  94% SW_P11 :   0% SW_P12 :   0% SW_P13 :   0% SW_P14 :   0% SW_P15 :   0%)
GPU idle residency:   4.76%
GPU Power: 12055 mW



*** Sampled system activity (Tue Jan 20 15:13:25 2026 +0100) (1017.59ms elapsed) ***


**** Processor usage ****

E-Cluster Online: 100%
E-Cluster HW active frequency: 1190 MHz
E-Cluster HW active residency:  47.05% (1020 MHz:  38% 1404 MHz: 3.0% 1788 MHz: 2.4% 2112 MHz: .55% 2352 MHz: 1.4% 2532 MHz: .60% 2592 MHz: 1.0%)
E-Cluster idle residency:  52.95%
E-Cluster down residency:   0.00%
CPU 0 frequency: 1229 MHz
CPU 0 active residency:  20.45% (1020 MHz:  15% 1404 MHz: 2.2% 1788 MHz: 1.8% 2112 MHz: .18% 2352 MHz: .69% 2532 MHz: .18% 2592 MHz: .43%)
CPU 0 idle residency:  79.55%
CPU 0 down residency:   0.00%
CPU 1 frequency: 1301 MHz
CPU 1 active residency:  12.85% (1020 MHz: 8.8% 1404 MHz: 1.3% 1788 MHz: 1.1% 2112 MHz: .41% 2352 MHz: .80% 2532 MHz: .23% 2592 MHz: .26%)
CPU 1 idle residency:  87.15%
CPU 1 down residency:   0.00%
CPU 2 frequency: 1365 MHz
CPU 2 active residency:   7.62% (1020 MHz: 5.2% 1404 MHz: .35% 1788 MHz: .72% 2112 MHz: .06% 2352 MHz: .55% 2532 MHz: .32% 2592 MHz: .42%)
CPU 2 idle residency:  92.38%
CPU 2 down residency:   0.00%
CPU 3 frequency: 1230 MHz
CPU 3 active residency:   4.81% (1020 MHz: 3.8% 1404 MHz: .18% 1788 MHz: .43% 2112 MHz: .02% 2352 MHz: .28% 2532 MHz: .06% 2592 MHz: .08%)
CPU 3 idle residency:  95.19%
CPU 3 down residency:   0.00%

P0-Cluster Online: 57%
P0-Cluster HW active frequency: 4006 MHz
P0-Cluster HW active residency:  57.18% (1260 MHz: .05% 1512 MHz:   0% 1800 MHz: .01% 2088 MHz:   0% 2352 MHz:   0% 2616 MHz:   0% 2868 MHz:   0% 3096 MHz:   0% 3300 MHz:   0% 3468 MHz:   0% 3624 MHz:   0% 3756 MHz:   0% 3828 MHz:   0% 3888 MHz:  16% 3948 MHz:  14% 3996 MHz:  16% 4044 MHz: 4.8% 4104 MHz:   0% 4416 MHz: 2.7% 4512 MHz: 3.4%)
P0-Cluster idle residency:   0.10%
P0-Cluster down residency:  42.72%
CPU 4 frequency: 4512 MHz
CPU 4 active residency:  26.11% (1260 MHz:   0% 1512 MHz:   0% 1800 MHz:   0% 2088 MHz:   0% 2352 MHz:   0% 2616 MHz:   0% 2868 MHz:   0% 3096 MHz:   0% 3300 MHz:   0% 3468 MHz:   0% 3624 MHz:   0% 3756 MHz:   0% 3828 MHz:   0% 3888 MHz:   0% 3948 MHz:   0% 3996 MHz:   0% 4044 MHz:   0% 4104 MHz:   0% 4416 MHz:   0% 4512 MHz:  26%)
CPU 4 idle residency:  30.96%
CPU 4 down residency:  42.93%
CPU 5 frequency: 4512 MHz
CPU 5 active residency:  28.95% (1260 MHz:   0% 1512 MHz:   0% 1800 MHz:   0% 2088 MHz:   0% 2352 MHz:   0% 2616 MHz:   0% 2868 MHz:   0% 3096 MHz:   0% 3300 MHz:   0% 3468 MHz:   0% 3624 MHz:   0% 3756 MHz:   0% 3828 MHz:   0% 3888 MHz:   0% 3948 MHz:   0% 3996 MHz:   0% 4044 MHz:   0% 4104 MHz:   0% 4416 MHz:   0% 4512 MHz:  29%)
CPU 5 idle residency:  28.12%
CPU 5 down residency:  42.93%
CPU 6 frequency: 4512 MHz
CPU 6 active residency:  30.49% (1260 MHz:   0% 1512 MHz:   0% 1800 MHz:   0% 2088 MHz:   0% 2352 MHz:   0% 2616 MHz:   0% 2868 MHz:   0% 3096 MHz:   0% 3300 MHz:   0% 3468 MHz:   0% 3624 MHz:   0% 3756 MHz:   0% 3828 MHz:   0% 3888 MHz:   0% 3948 MHz:   0% 3996 MHz:   0% 4044 MHz:   0% 4104 MHz:   0% 4416 MHz:   0% 4512 MHz:  30%)
CPU 6 idle residency:  26.60%
CPU 6 down residency:  42.91%
CPU 7 frequency: 4512 MHz
CPU 7 active residency:  26.11% (1260 MHz:   0% 1512 MHz:   0% 1800 MHz:   0% 2088 MHz:   0% 2352 MHz:   0% 2616 MHz:   0% 2868 MHz:   0% 3096 MHz:   0% 3300 MHz:   0% 3468 MHz:   0% 3624 MHz:   0% 3756 MHz:   0% 3828 MHz:   0% 3888 MHz:   0% 3948 MHz:   0% 3996 MHz:   0% 4044 MHz:   0% 4104 MHz:   0% 4416 MHz:   0% 4512 MHz:  26%)
CPU 7 idle residency:  30.92%
CPU 7 down residency:  42.97%
CPU 8 frequency: 4512 MHz
CPU 8 active residency:  29.98% (1260 MHz:   0% 1512 MHz:   0% 1800 MHz:   0% 2088 MHz:   0% 2352 MHz:   0% 2616 MHz:   0% 2868 MHz:   0% 3096 MHz:   0% 3300 MHz:   0% 3468 MHz:   0% 3624 MHz:   0% 3756 MHz:   0% 3828 MHz:   0% 3888 MHz:   0% 3948 MHz:   0% 3996 MHz:   0% 4044 MHz:   0% 4104 MHz:   0% 4416 MHz:   0% 4512 MHz:  30%)
CPU 8 idle residency:  27.10%
CPU 8 down residency:  42.91%
CPU 9 frequency: 4512 MHz
CPU 9 active residency:  28.07% (1260 MHz:   0% 1512 MHz:   0% 1800 MHz:   0% 2088 MHz:   0% 2352 MHz:   0% 2616 MHz:   0% 2868 MHz:   0% 3096 MHz:   0% 3300 MHz:   0% 3468 MHz:   0% 3624 MHz:   0% 3756 MHz:   0% 3828 MHz:   0% 3888 MHz:   0% 3948 MHz:   0% 3996 MHz:   0% 4044 MHz:   0% 4104 MHz:   0% 4416 MHz:   0% 4512 MHz:  28%)
CPU 9 idle residency:  29.02%
CPU 9 down residency:  42.90%

P1-Cluster HW active frequency: 4014 MHz
P1-Cluster HW active residency:  45.37% (1260 MHz: 1.6% 1512 MHz:   0% 1800 MHz:   0% 2088 MHz:   0% 2352 MHz:   0% 2616 MHz:   0% 2868 MHz:   0% 3096 MHz:   0% 3300 MHz:   0% 3468 MHz:   0% 3624 MHz:   0% 3756 MHz:   0% 3828 MHz:   0% 3888 MHz: 6.8% 3948 MHz:  13% 3996 MHz: 2.2% 4044 MHz: 8.9% 4104 MHz:   0% 4416 MHz: 5.2% 4512 MHz: 7.4%)
P1-Cluster idle residency:   3.47%
P1-Cluster down residency:  51.16%
CPU 10 frequency: 4508 MHz
CPU 10 active residency:  21.88% (1260 MHz: .02% 1512 MHz:   0% 1800 MHz:   0% 2088 MHz:   0% 2352 MHz:   0% 2616 MHz:   0% 2868 MHz:   0% 3096 MHz:   0% 3300 MHz: .01% 3468 MHz:   0% 3624 MHz:   0% 3756 MHz:   0% 3828 MHz:   0% 3888 MHz:   0% 3948 MHz:   0% 3996 MHz:   0% 4044 MHz:   0% 4104 MHz:   0% 4416 MHz: .11% 4512 MHz:  22%)
CPU 10 idle residency:  27.06%
CPU 10 down residency:  51.06%
CPU 11 frequency: 4505 MHz
CPU 11 active residency:  20.39% (1260 MHz: .03% 1512 MHz:   0% 1800 MHz:   0% 2088 MHz:   0% 2352 MHz: .01% 2616 MHz:   0% 2868 MHz: .00% 3096 MHz:   0% 3300 MHz: .00% 3468 MHz:   0% 3624 MHz:   0% 3756 MHz:   0% 3828 MHz:   0% 3888 MHz:   0% 3948 MHz:   0% 3996 MHz:   0% 4044 MHz:   0% 4104 MHz:   0% 4416 MHz: .11% 4512 MHz:  20%)
CPU 11 idle residency:  28.59%
CPU 11 down residency:  51.03%
CPU 12 frequency: 4508 MHz
CPU 12 active residency:  18.39% (1260 MHz: .02% 1512 MHz:   0% 1800 MHz:   0% 2088 MHz:   0% 2352 MHz:   0% 2616 MHz:   0% 2868 MHz:   0% 3096 MHz:   0% 3300 MHz:   0% 3468 MHz:   0% 3624 MHz:   0% 3756 MHz:   0% 3828 MHz:   0% 3888 MHz:   0% 3948 MHz:   0% 3996 MHz:   0% 4044 MHz:   0% 4104 MHz:   0% 4416 MHz: .11% 4512 MHz:  18%)
CPU 12 idle residency:  30.54%
CPU 12 down residency:  51.07%
CPU 13 frequency: 4502 MHz
CPU 13 active residency:  14.69% (1260 MHz: .05% 1512 MHz:   0% 1800 MHz:   0% 2088 MHz:   0% 2352 MHz:   0% 2616 MHz:   0% 2868 MHz:   0% 3096 MHz:   0% 3300 MHz:   0% 3468 MHz:   0% 3624 MHz:   0% 3756 MHz:   0% 3828 MHz:   0% 3888 MHz:   0% 3948 MHz:   0% 3996 MHz:   0% 4044 MHz:   0% 4104 MHz:   0% 4416 MHz: .10% 4512 MHz:  15%)
CPU 13 idle residency:  34.24%
CPU 13 down residency:  51.07%
CPU 14 frequency: 4502 MHz
CPU 14 active residency:  15.92% (1260 MHz: .04% 1512 MHz:   0% 1800 MHz:   0% 2088 MHz:   0% 2352 MHz:   0% 2616 MHz:   0% 2868 MHz:   0% 3096 MHz:   0% 3300 MHz:   0% 3468 MHz:   0% 3624 MHz:   0% 3756 MHz:   0% 3828 MHz:   0% 3888 MHz:   0% 3948 MHz:   0% 3996 MHz:   0% 4044 MHz:   0% 4104 MHz:   0% 4416 MHz: .11% 4512 MHz:  16%)
CPU 14 idle residency:  33.02%
CPU 14 down residency:  51.06%
CPU 15 frequency: 4501 MHz
CPU 15 active residency:  18.52% (1260 MHz: .06% 1512 MHz:   0% 1800 MHz:   0% 2088 MHz:   0% 2352 MHz:   0% 2616 MHz:   0% 2868 MHz:   0% 3096 MHz:   0% 3300 MHz: .01% 3468 MHz:   0% 3624 MHz:   0% 3756 MHz:   0% 3828 MHz:   0% 3888 MHz:   0% 3948 MHz:   0% 3996 MHz:   0% 4044 MHz:   0% 4104 MHz:   0% 4416 MHz: .11% 4512 MHz:  18%)
CPU 15 idle residency:  30.44%
CPU 15 down residency:  51.05%

CPU Power: 7358 mW
GPU Power: 12342 mW
ANE Power: 0 mW
Combined Power (CPU + GPU + ANE): 19699 mW

**** GPU usage ****

GPU HW active frequency: 1561 MHz
GPU HW active residency:  95.35% (338 MHz: 1.3% 618 MHz:   0% 796 MHz:   0% 924 MHz:   0% 952 MHz:   0% 1056 MHz:   0% 1062 MHz:   0% 1182 MHz:   0% 1182 MHz:   0% 1312 MHz:   0% 1242 MHz:   0% 1380 MHz:   0% 1326 MHz:   0% 1470 MHz:   0% 1578 MHz:  94%)
GPU SW requested state: (P1 :   0% P2 :   0% P3 :   0% P4 :   0% P5 :   0% P6 :   0% P7 :   0% P8 :   0% P9 :   0% P10 : 100% P11 :   0% P12 :   0% P13 :   0% P14 :   0% P15 :   0%)
GPU SW state: (SW_P1 : 1.3% SW_P2 :   0% SW_P3 :   0% SW_P4 :   0% SW_P5 :   0% SW_P6 :   0% SW_P7 :   0% SW_P8 :   0% SW_P9 :   0% SW_P10 :  94% SW_P11 :   0% SW_P12 :   0% SW_P13 :   0% SW_P14 :   0% SW_P15 :   0%)
GPU idle residency:   4.65%
GPU Power: 12464 mW



*** Sampled system activity (Tue Jan 20 15:13:26 2026 +0100) (1020.45ms elapsed) ***


**** Processor usage ****

E-Cluster Online: 100%
E-Cluster HW active frequency: 1282 MHz
E-Cluster HW active residency:  59.81% (1020 MHz:  41% 1404 MHz: 6.8% 1788 MHz: 5.5% 2112 MHz: 2.0% 2352 MHz: .85% 2532 MHz: 1.7% 2592 MHz: 1.9%)
E-Cluster idle residency:  40.19%
E-Cluster down residency:   0.00%
CPU 0 frequency: 1314 MHz
CPU 0 active residency:  30.34% (1020 MHz:  19% 1404 MHz: 4.8% 1788 MHz: 3.3% 2112 MHz: 1.0% 2352 MHz: .45% 2532 MHz: 1.0% 2592 MHz: .79%)
CPU 0 idle residency:  69.66%
CPU 0 down residency:   0.00%
CPU 1 frequency: 1288 MHz
CPU 1 active residency:  19.95% (1020 MHz:  13% 1404 MHz: 2.8% 1788 MHz: 1.9% 2112 MHz: .94% 2352 MHz: .07% 2532 MHz: .39% 2592 MHz: .73%)
CPU 1 idle residency:  80.05%
CPU 1 down residency:   0.00%
CPU 2 frequency: 1297 MHz
CPU 2 active residency:  12.14% (1020 MHz: 8.0% 1404 MHz: 1.6% 1788 MHz: 1.3% 2112 MHz: .38% 2352 MHz: .23% 2532 MHz: .27% 2592 MHz: .38%)
CPU 2 idle residency:  87.86%
CPU 2 down residency:   0.00%
CPU 3 frequency: 1341 MHz
CPU 3 active residency:   9.47% (1020 MHz: 5.8% 1404 MHz: 1.3% 1788 MHz: 1.1% 2112 MHz: .51% 2352 MHz: .24% 2532 MHz: .33% 2592 MHz: .22%)
CPU 3 idle residency:  90.53%
CPU 3 down residency:   0.00%

P0-Cluster Online: 6%
P0-Cluster HW active frequency: 2423 MHz
P0-Cluster HW active residency:   1.86% (1260 MHz: 1.2% 1512 MHz:   0% 1800 MHz:   0% 2088 MHz:   0% 2352 MHz:   0% 2616 MHz:   0% 2868 MHz:   0% 3096 MHz:   0% 3300 MHz:   0% 3468 MHz:   0% 3624 MHz:   0% 3756 MHz:   0% 3828 MHz:   0% 3888 MHz: .02% 3948 MHz: .00% 3996 MHz:   0% 4044 MHz:   0% 4104 MHz:   0% 4416 MHz: .02% 4512 MHz: .62%)
P0-Cluster idle residency:   2.96%
P0-Cluster down residency:  95.18%
CPU 4 frequency: 4512 MHz
CPU 4 active residency:  28.55% (1260 MHz: .00% 1512 MHz:   0% 1800 MHz: .00% 2088 MHz:   0% 2352 MHz:   0% 2616 MHz:   0% 2868 MHz:   0% 3096 MHz:   0% 3300 MHz:   0% 3468 MHz:   0% 3624 MHz:   0% 3756 MHz:   0% 3828 MHz:   0% 3888 MHz:   0% 3948 MHz:   0% 3996 MHz:   0% 4044 MHz:   0% 4104 MHz:   0% 4416 MHz: .00% 4512 MHz:  29%)
CPU 4 idle residency:   3.28%
CPU 4 down residency:  68.17%
CPU 5 frequency: 4512 MHz
CPU 5 active residency:  28.51% (1260 MHz: .00% 1512 MHz:   0% 1800 MHz: .00% 2088 MHz:   0% 2352 MHz:   0% 2616 MHz:   0% 2868 MHz:   0% 3096 MHz:   0% 3300 MHz:   0% 3468 MHz:   0% 3624 MHz:   0% 3756 MHz:   0% 3828 MHz:   0% 3888 MHz:   0% 3948 MHz:   0% 3996 MHz:   0% 4044 MHz:   0% 4104 MHz:   0% 4416 MHz: .00% 4512 MHz:  28%)
CPU 5 idle residency:   3.26%
CPU 5 down residency:  68.23%
CPU 6 frequency: 4512 MHz
CPU 6 active residency:  28.56% (1260 MHz: .00% 1512 MHz:   0% 1800 MHz:   0% 2088 MHz:   0% 2352 MHz:   0% 2616 MHz:   0% 2868 MHz:   0% 3096 MHz:   0% 3300 MHz:   0% 3468 MHz:   0% 3624 MHz:   0% 3756 MHz:   0% 3828 MHz:   0% 3888 MHz:   0% 3948 MHz:   0% 3996 MHz:   0% 4044 MHz:   0% 4104 MHz:   0% 4416 MHz: .00% 4512 MHz:  29%)
CPU 6 idle residency:   3.28%
CPU 6 down residency:  68.16%
CPU 7 frequency: 4512 MHz
CPU 7 active residency:  28.82% (1260 MHz: .00% 1512 MHz:   0% 1800 MHz:   0% 2088 MHz:   0% 2352 MHz:   0% 2616 MHz:   0% 2868 MHz:   0% 3096 MHz:   0% 3300 MHz:   0% 3468 MHz:   0% 3624 MHz:   0% 3756 MHz:   0% 3828 MHz:   0% 3888 MHz:   0% 3948 MHz:   0% 3996 MHz:   0% 4044 MHz:   0% 4104 MHz:   0% 4416 MHz:   0% 4512 MHz:  29%)
CPU 7 idle residency:   3.28%
CPU 7 down residency:  67.90%
CPU 8 frequency: 4512 MHz
CPU 8 active residency:  28.55% (1260 MHz:   0% 1512 MHz:   0% 1800 MHz:   0% 2088 MHz:   0% 2352 MHz:   0% 2616 MHz:   0% 2868 MHz:   0% 3096 MHz:   0% 3300 MHz:   0% 3468 MHz:   0% 3624 MHz:   0% 3756 MHz:   0% 3828 MHz:   0% 3888 MHz:   0% 3948 MHz:   0% 3996 MHz:   0% 4044 MHz:   0% 4104 MHz:   0% 4416 MHz:   0% 4512 MHz:  29%)
CPU 8 idle residency:   3.24%
CPU 8 down residency:  68.21%
CPU 9 frequency: 4512 MHz
CPU 9 active residency:  28.36% (1260 MHz:   0% 1512 MHz:   0% 1800 MHz:   0% 2088 MHz:   0% 2352 MHz:   0% 2616 MHz:   0% 2868 MHz:   0% 3096 MHz:   0% 3300 MHz:   0% 3468 MHz:   0% 3624 MHz:   0% 3756 MHz:   0% 3828 MHz:   0% 3888 MHz:   0% 3948 MHz:   0% 3996 MHz:   0% 4044 MHz:   0% 4104 MHz:   0% 4416 MHz:   0% 4512 MHz:  28%)
CPU 9 idle residency:   3.30%
CPU 9 down residency:  68.35%

P1-Cluster HW active frequency: 4039 MHz
P1-Cluster HW active residency:  99.88% (1260 MHz:   0% 1512 MHz:   0% 1800 MHz:   0% 2088 MHz:   0% 2352 MHz:   0% 2616 MHz:   0% 2868 MHz:   0% 3096 MHz:   0% 3300 MHz:   0% 3468 MHz:   0% 3624 MHz:   0% 3756 MHz:   0% 3828 MHz:   0% 3888 MHz:  25% 3948 MHz:  26% 3996 MHz:  20% 4044 MHz:  14% 4104 MHz:   0% 4416 MHz: 6.9% 4512 MHz: 8.9%)
P1-Cluster idle residency:   0.12%
P1-Cluster down residency:   0.00%
CPU 10 frequency: 4512 MHz
CPU 10 active residency:  36.83% (1260 MHz:   0% 1512 MHz:   0% 1800 MHz:   0% 2088 MHz:   0% 2352 MHz:   0% 2616 MHz:   0% 2868 MHz:   0% 3096 MHz:   0% 3300 MHz:   0% 3468 MHz:   0% 3624 MHz:   0% 3756 MHz:   0% 3828 MHz:   0% 3888 MHz:   0% 3948 MHz:   0% 3996 MHz:   0% 4044 MHz:   0% 4104 MHz:   0% 4416 MHz:   0% 4512 MHz:  37%)
CPU 10 idle residency:  63.17%
CPU 10 down residency:   0.00%
CPU 11 frequency: 4512 MHz
CPU 11 active residency:  50.08% (1260 MHz:   0% 1512 MHz:   0% 1800 MHz:   0% 2088 MHz:   0% 2352 MHz:   0% 2616 MHz:   0% 2868 MHz:   0% 3096 MHz:   0% 3300 MHz:   0% 3468 MHz:   0% 3624 MHz:   0% 3756 MHz:   0% 3828 MHz:   0% 3888 MHz:   0% 3948 MHz:   0% 3996 MHz:   0% 4044 MHz:   0% 4104 MHz:   0% 4416 MHz:   0% 4512 MHz:  50%)
CPU 11 idle residency:  49.92%
CPU 11 down residency:   0.00%
CPU 12 frequency: 4512 MHz
CPU 12 active residency:  49.70% (1260 MHz:   0% 1512 MHz:   0% 1800 MHz:   0% 2088 MHz:   0% 2352 MHz:   0% 2616 MHz:   0% 2868 MHz:   0% 3096 MHz:   0% 3300 MHz:   0% 3468 MHz:   0% 3624 MHz:   0% 3756 MHz:   0% 3828 MHz:   0% 3888 MHz:   0% 3948 MHz:   0% 3996 MHz:   0% 4044 MHz:   0% 4104 MHz:   0% 4416 MHz:   0% 4512 MHz:  50%)
CPU 12 idle residency:  50.30%
CPU 12 down residency:   0.00%
CPU 13 frequency: 4512 MHz
CPU 13 active residency:  49.94% (1260 MHz:   0% 1512 MHz:   0% 1800 MHz:   0% 2088 MHz:   0% 2352 MHz:   0% 2616 MHz:   0% 2868 MHz:   0% 3096 MHz:   0% 3300 MHz:   0% 3468 MHz:   0% 3624 MHz:   0% 3756 MHz:   0% 3828 MHz:   0% 3888 MHz:   0% 3948 MHz:   0% 3996 MHz:   0% 4044 MHz:   0% 4104 MHz:   0% 4416 MHz:   0% 4512 MHz:  50%)
CPU 13 idle residency:  50.06%
CPU 13 down residency:   0.00%
CPU 14 frequency: 4512 MHz
CPU 14 active residency:  49.30% (1260 MHz:   0% 1512 MHz:   0% 1800 MHz:   0% 2088 MHz:   0% 2352 MHz:   0% 2616 MHz:   0% 2868 MHz:   0% 3096 MHz:   0% 3300 MHz:   0% 3468 MHz:   0% 3624 MHz:   0% 3756 MHz:   0% 3828 MHz:   0% 3888 MHz:   0% 3948 MHz:   0% 3996 MHz:   0% 4044 MHz:   0% 4104 MHz:   0% 4416 MHz:   0% 4512 MHz:  49%)
CPU 14 idle residency:  50.70%
CPU 14 down residency:   0.00%
CPU 15 frequency: 4512 MHz
CPU 15 active residency:  48.53% (1260 MHz:   0% 1512 MHz:   0% 1800 MHz:   0% 2088 MHz:   0% 2352 MHz:   0% 2616 MHz:   0% 2868 MHz:   0% 3096 MHz:   0% 3300 MHz:   0% 3468 MHz:   0% 3624 MHz:   0% 3756 MHz:   0% 3828 MHz:   0% 3888 MHz:   0% 3948 MHz:   0% 3996 MHz:   0% 4044 MHz:   0% 4104 MHz:   0% 4416 MHz:   0% 4512 MHz:  49%)
CPU 15 idle residency:  51.47%
CPU 15 down residency:   0.00%

CPU Power: 7252 mW
GPU Power: 11860 mW
ANE Power: 0 mW
Combined Power (CPU + GPU + ANE): 19112 mW

**** GPU usage ****

GPU HW active frequency: 1560 MHz
GPU HW active residency:  95.40% (338 MHz: 1.4% 618 MHz:   0% 796 MHz:   0% 924 MHz:   0% 952 MHz:   0% 1056 MHz:   0% 1062 MHz:   0% 1182 MHz:   0% 1182 MHz:   0% 1312 MHz:   0% 1242 MHz:   0% 1380 MHz:   0% 1326 MHz:   0% 1470 MHz:   0% 1578 MHz:  94%)
GPU SW requested state: (P1 :   0% P2 :   0% P3 :   0% P4 :   0% P5 :   0% P6 :   0% P7 :   0% P8 :   0% P9 :   0% P10 : 100% P11 :   0% P12 :   0% P13 :   0% P14 :   0% P15 :   0%)
GPU SW state: (SW_P1 : 1.4% SW_P2 :   0% SW_P3 :   0% SW_P4 :   0% SW_P5 :   0% SW_P6 :   0% SW_P7 :   0% SW_P8 :   0% SW_P9 :   0% SW_P10 :  94% SW_P11 :   0% SW_P12 :   0% SW_P13 :   0% SW_P14 :   0% SW_P15 :   0%)
GPU idle residency:   4.60%
GPU Power: 11738 mW



*** Sampled system activity (Tue Jan 20 15:13:27 2026 +0100) (1020.20ms elapsed) ***


**** Processor usage ****

E-Cluster Online: 100%
E-Cluster HW active frequency: 1220 MHz
E-Cluster HW active residency:  69.97% (1020 MHz:  56% 1404 MHz: 4.2% 1788 MHz: 3.1% 2112 MHz: 1.2% 2352 MHz: 1.4% 2532 MHz: 1.4% 2592 MHz: 3.1%)
E-Cluster idle residency:  30.03%
E-Cluster down residency:   0.00%
CPU 0 frequency: 1247 MHz
CPU 0 active residency:  42.75% (1020 MHz:  33% 1404 MHz: 3.0% 1788 MHz: 2.2% 2112 MHz: .64% 2352 MHz: 1.0% 2532 MHz: 1.2% 2592 MHz: 1.9%)
CPU 0 idle residency:  57.25%
CPU 0 down residency:   0.00%
CPU 1 frequency: 1272 MHz
CPU 1 active residency:  29.80% (1020 MHz:  22% 1404 MHz: 2.2% 1788 MHz: 2.2% 2112 MHz: .97% 2352 MHz: .71% 2532 MHz: .54% 2592 MHz: 1.4%)
CPU 1 idle residency:  70.20%
CPU 1 down residency:   0.00%
CPU 2 frequency: 1291 MHz
CPU 2 active residency:  19.29% (1020 MHz:  14% 1404 MHz: 2.0% 1788 MHz: 1.3% 2112 MHz: .23% 2352 MHz: .61% 2532 MHz: .72% 2592 MHz: .83%)
CPU 2 idle residency:  80.71%
CPU 2 down residency:   0.00%
CPU 3 frequency: 1268 MHz
CPU 3 active residency:  14.68% (1020 MHz:  11% 1404 MHz: 1.1% 1788 MHz: 1.2% 2112 MHz: .24% 2352 MHz: .67% 2532 MHz: .15% 2592 MHz: .60%)
CPU 3 idle residency:  85.32%
CPU 3 down residency:   0.00%

P0-Cluster Online: 5%
P0-Cluster HW active frequency: 2329 MHz
P0-Cluster HW active residency:   2.10% (1260 MHz: 1.4% 1512 MHz:   0% 1800 MHz:   0% 2088 MHz:   0% 2352 MHz:   0% 2616 MHz:   0% 2868 MHz:   0% 3096 MHz:   0% 3300 MHz:   0% 3468 MHz:   0% 3624 MHz:   0% 3756 MHz:   0% 3828 MHz:   0% 3888 MHz: .08% 3948 MHz: .06% 3996 MHz:   0% 4044 MHz: .01% 4104 MHz:   0% 4416 MHz: .03% 4512 MHz: .54%)
P0-Cluster idle residency:   1.87%
P0-Cluster down residency:  96.04%
CPU 4 frequency: 4472 MHz
CPU 4 active residency:   0.41% (1260 MHz: .01% 1512 MHz:   0% 1800 MHz:   0% 2088 MHz:   0% 2352 MHz:   0% 2616 MHz:   0% 2868 MHz:   0% 3096 MHz:   0% 3300 MHz:   0% 3468 MHz:   0% 3624 MHz:   0% 3756 MHz:   0% 3828 MHz:   0% 3888 MHz:   0% 3948 MHz:   0% 3996 MHz:   0% 4044 MHz:   0% 4104 MHz:   0% 4416 MHz:   0% 4512 MHz: .40%)
CPU 4 idle residency:   3.68%
CPU 4 down residency:  95.92%
CPU 5 frequency: 4241 MHz
CPU 5 active residency:   0.45% (1260 MHz: .04% 1512 MHz:   0% 1800 MHz:   0% 2088 MHz:   0% 2352 MHz:   0% 2616 MHz:   0% 2868 MHz:   0% 3096 MHz:   0% 3300 MHz:   0% 3468 MHz:   0% 3624 MHz:   0% 3756 MHz:   0% 3828 MHz:   0% 3888 MHz:   0% 3948 MHz:   0% 3996 MHz:   0% 4044 MHz:   0% 4104 MHz:   0% 4416 MHz:   0% 4512 MHz: .41%)
CPU 5 idle residency:   3.63%
CPU 5 down residency:  95.92%
CPU 6 frequency: 4260 MHz
CPU 6 active residency:   0.39% (1260 MHz: .03% 1512 MHz:   0% 1800 MHz:   0% 2088 MHz:   0% 2352 MHz:   0% 2616 MHz:   0% 2868 MHz:   0% 3096 MHz:   0% 3300 MHz:   0% 3468 MHz:   0% 3624 MHz:   0% 3756 MHz:   0% 3828 MHz:   0% 3888 MHz:   0% 3948 MHz:   0% 3996 MHz:   0% 4044 MHz:   0% 4104 MHz:   0% 4416 MHz: .00% 4512 MHz: .36%)
CPU 6 idle residency:   3.71%
CPU 6 down residency:  95.90%
CPU 7 frequency: 4263 MHz
CPU 7 active residency:   0.37% (1260 MHz: .03% 1512 MHz:   0% 1800 MHz:   0% 2088 MHz:   0% 2352 MHz:   0% 2616 MHz:   0% 2868 MHz:   0% 3096 MHz:   0% 3300 MHz:   0% 3468 MHz:   0% 3624 MHz:   0% 3756 MHz:   0% 3828 MHz:   0% 3888 MHz:   0% 3948 MHz:   0% 3996 MHz:   0% 4044 MHz:   0% 4104 MHz:   0% 4416 MHz: .00% 4512 MHz: .34%)
CPU 7 idle residency:   3.72%
CPU 7 down residency:  95.91%
CPU 8 frequency: 3933 MHz
CPU 8 active residency:   0.77% (1260 MHz: .14% 1512 MHz:   0% 1800 MHz:   0% 2088 MHz:   0% 2352 MHz:   0% 2616 MHz:   0% 2868 MHz:   0% 3096 MHz:   0% 3300 MHz:   0% 3468 MHz:   0% 3624 MHz:   0% 3756 MHz:   0% 3828 MHz:   0% 3888 MHz:   0% 3948 MHz:   0% 3996 MHz:   0% 4044 MHz:   0% 4104 MHz:   0% 4416 MHz: .00% 4512 MHz: .63%)
CPU 8 idle residency:   3.38%
CPU 8 down residency:  95.84%
CPU 9 frequency: 4273 MHz
CPU 9 active residency:   0.47% (1260 MHz: .03% 1512 MHz:   0% 1800 MHz:   0% 2088 MHz:   0% 2352 MHz:   0% 2616 MHz:   0% 2868 MHz:   0% 3096 MHz:   0% 3300 MHz:   0% 3468 MHz:   0% 3624 MHz:   0% 3756 MHz:   0% 3828 MHz:   0% 3888 MHz:   0% 3948 MHz:   0% 3996 MHz:   0% 4044 MHz:   0% 4104 MHz:   0% 4416 MHz: .00% 4512 MHz: .44%)
CPU 9 idle residency:   3.63%
CPU 9 down residency:  95.90%

P1-Cluster HW active frequency: 4020 MHz
P1-Cluster HW active residency:  99.93% (1260 MHz:   0% 1512 MHz:   0% 1800 MHz:   0% 2088 MHz:   0% 2352 MHz:   0% 2616 MHz:   0% 2868 MHz:   0% 3096 MHz:   0% 3300 MHz:   0% 3468 MHz:   0% 3624 MHz:   0% 3756 MHz:   0% 3828 MHz:   0% 3888 MHz:  25% 3948 MHz:  26% 3996 MHz:  25% 4044 MHz:  12% 4104 MHz:   0% 4416 MHz: 5.5% 4512 MHz: 6.6%)
P1-Cluster idle residency:   0.07%
P1-Cluster down residency:   0.00%
CPU 10 frequency: 4512 MHz
CPU 10 active residency:  52.04% (1260 MHz:   0% 1512 MHz:   0% 1800 MHz:   0% 2088 MHz:   0% 2352 MHz:   0% 2616 MHz:   0% 2868 MHz:   0% 3096 MHz:   0% 3300 MHz:   0% 3468 MHz:   0% 3624 MHz:   0% 3756 MHz:   0% 3828 MHz:   0% 3888 MHz:   0% 3948 MHz:   0% 3996 MHz:   0% 4044 MHz:   0% 4104 MHz:   0% 4416 MHz:   0% 4512 MHz:  52%)
CPU 10 idle residency:  47.96%
CPU 10 down residency:   0.00%
CPU 11 frequency: 4512 MHz
CPU 11 active residency:  49.31% (1260 MHz:   0% 1512 MHz:   0% 1800 MHz:   0% 2088 MHz:   0% 2352 MHz:   0% 2616 MHz:   0% 2868 MHz:   0% 3096 MHz:   0% 3300 MHz:   0% 3468 MHz:   0% 3624 MHz:   0% 3756 MHz:   0% 3828 MHz:   0% 3888 MHz:   0% 3948 MHz:   0% 3996 MHz:   0% 4044 MHz:   0% 4104 MHz:   0% 4416 MHz:   0% 4512 MHz:  49%)
CPU 11 idle residency:  50.69%
CPU 11 down residency:   0.00%
CPU 12 frequency: 4512 MHz
CPU 12 active residency:  46.56% (1260 MHz:   0% 1512 MHz:   0% 1800 MHz:   0% 2088 MHz:   0% 2352 MHz:   0% 2616 MHz:   0% 2868 MHz:   0% 3096 MHz:   0% 3300 MHz:   0% 3468 MHz:   0% 3624 MHz:   0% 3756 MHz:   0% 3828 MHz:   0% 3888 MHz:   0% 3948 MHz:   0% 3996 MHz:   0% 4044 MHz:   0% 4104 MHz:   0% 4416 MHz:   0% 4512 MHz:  47%)
CPU 12 idle residency:  53.44%
CPU 12 down residency:   0.00%
CPU 13 frequency: 4512 MHz
CPU 13 active residency:  49.58% (1260 MHz:   0% 1512 MHz:   0% 1800 MHz:   0% 2088 MHz:   0% 2352 MHz:   0% 2616 MHz:   0% 2868 MHz:   0% 3096 MHz:   0% 3300 MHz:   0% 3468 MHz:   0% 3624 MHz:   0% 3756 MHz:   0% 3828 MHz:   0% 3888 MHz:   0% 3948 MHz:   0% 3996 MHz:   0% 4044 MHz:   0% 4104 MHz:   0% 4416 MHz:   0% 4512 MHz:  50%)
CPU 13 idle residency:  50.42%
CPU 13 down residency:   0.00%
CPU 14 frequency: 4512 MHz
CPU 14 active residency:  42.37% (1260 MHz:   0% 1512 MHz:   0% 1800 MHz:   0% 2088 MHz:   0% 2352 MHz:   0% 2616 MHz:   0% 2868 MHz:   0% 3096 MHz:   0% 3300 MHz:   0% 3468 MHz:   0% 3624 MHz:   0% 3756 MHz:   0% 3828 MHz:   0% 3888 MHz:   0% 3948 MHz:   0% 3996 MHz:   0% 4044 MHz:   0% 4104 MHz:   0% 4416 MHz:   0% 4512 MHz:  42%)
CPU 14 idle residency:  57.63%
CPU 14 down residency:   0.00%
CPU 15 frequency: 4512 MHz
CPU 15 active residency:  48.44% (1260 MHz:   0% 1512 MHz:   0% 1800 MHz:   0% 2088 MHz:   0% 2352 MHz:   0% 2616 MHz:   0% 2868 MHz:   0% 3096 MHz:   0% 3300 MHz:   0% 3468 MHz:   0% 3624 MHz:   0% 3756 MHz:   0% 3828 MHz:   0% 3888 MHz:   0% 3948 MHz:   0% 3996 MHz:   0% 4044 MHz:   0% 4104 MHz:   0% 4416 MHz:   0% 4512 MHz:  48%)
CPU 15 idle residency:  51.56%
CPU 15 down residency:   0.00%

CPU Power: 7594 mW
GPU Power: 11916 mW
ANE Power: 0 mW
Combined Power (CPU + GPU + ANE): 19510 mW

**** GPU usage ****

GPU HW active frequency: 1561 MHz
GPU HW active residency:  94.82% (338 MHz: 1.3% 618 MHz:   0% 796 MHz:   0% 924 MHz:   0% 952 MHz:   0% 1056 MHz:   0% 1062 MHz:   0% 1182 MHz:   0% 1182 MHz:   0% 1312 MHz:   0% 1242 MHz:   0% 1380 MHz:   0% 1326 MHz:   0% 1470 MHz:   0% 1578 MHz:  93%)
GPU SW requested state: (P1 :   0% P2 :   0% P3 :   0% P4 :   0% P5 :   0% P6 :   0% P7 :   0% P8 :   0% P9 :   0% P10 : 100% P11 :   0% P12 :   0% P13 :   0% P14 :   0% P15 :   0%)
GPU SW state: (SW_P1 : 1.3% SW_P2 :   0% SW_P3 :   0% SW_P4 :   0% SW_P5 :   0% SW_P6 :   0% SW_P7 :   0% SW_P8 :   0% SW_P9 :   0% SW_P10 :  93% SW_P11 :   0% SW_P12 :   0% SW_P13 :   0% SW_P14 :   0% SW_P15 :   0%)
GPU idle residency:   5.18%
GPU Power: 12086 mW



*** Sampled system activity (Tue Jan 20 15:13:28 2026 +0100) (1017.22ms elapsed) ***


**** Processor usage ****

E-Cluster Online: 100%
E-Cluster HW active frequency: 1221 MHz
E-Cluster HW active residency:  72.44% (1020 MHz:  57% 1404 MHz: 5.9% 1788 MHz: 2.4% 2112 MHz: .40% 2352 MHz: 1.3% 2532 MHz: .93% 2592 MHz: 4.4%)
E-Cluster idle residency:  27.56%
E-Cluster down residency:   0.00%
CPU 0 frequency: 1296 MHz
CPU 0 active residency:  47.71% (1020 MHz:  34% 1404 MHz: 4.5% 1788 MHz: 2.3% 2112 MHz: .40% 2352 MHz: 1.0% 2532 MHz: .82% 2592 MHz: 4.2%)
CPU 0 idle residency:  52.29%
CPU 0 down residency:   0.00%
CPU 1 frequency: 1347 MHz
CPU 1 active residency:  35.75% (1020 MHz:  25% 1404 MHz: 3.1% 1788 MHz: 1.8% 2112 MHz: .36% 2352 MHz: .88% 2532 MHz: .90% 2592 MHz: 3.9%)
CPU 1 idle residency:  64.25%
CPU 1 down residency:   0.00%
CPU 2 frequency: 1428 MHz
CPU 2 active residency:  25.85% (1020 MHz:  16% 1404 MHz: 2.9% 1788 MHz: 1.6% 2112 MHz: .34% 2352 MHz: .92% 2532 MHz: .71% 2592 MHz: 3.5%)
CPU 2 idle residency:  74.15%
CPU 2 down residency:   0.00%
CPU 3 frequency: 1472 MHz
CPU 3 active residency:  20.42% (1020 MHz:  12% 1404 MHz: 2.1% 1788 MHz: 1.4% 2112 MHz: .29% 2352 MHz: .69% 2532 MHz: .65% 2592 MHz: 3.3%)
CPU 3 idle residency:  79.58%
CPU 3 down residency:   0.00%

P0-Cluster Online: 10%
P0-Cluster HW active frequency: 2043 MHz
P0-Cluster HW active residency:   3.42% (1260 MHz: 2.5% 1512 MHz:   0% 1800 MHz: .09% 2088 MHz:   0% 2352 MHz:   0% 2616 MHz:   0% 2868 MHz:   0% 3096 MHz:   0% 3300 MHz:   0% 3468 MHz:   0% 3624 MHz:   0% 3756 MHz:   0% 3828 MHz:   0% 3888 MHz: .03% 3948 MHz: .00% 3996 MHz:   0% 4044 MHz:   0% 4104 MHz:   0% 4416 MHz: .03% 4512 MHz: .75%)
P0-Cluster idle residency:   5.23%
P0-Cluster down residency:  91.35%
CPU 4 frequency: 4276 MHz
CPU 4 active residency:   0.08% (1260 MHz: .01% 1512 MHz:   0% 1800 MHz:   0% 2088 MHz:   0% 2352 MHz:   0% 2616 MHz:   0% 2868 MHz:   0% 3096 MHz:   0% 3300 MHz:   0% 3468 MHz:   0% 3624 MHz:   0% 3756 MHz:   0% 3828 MHz:   0% 3888 MHz:   0% 3948 MHz:   0% 3996 MHz:   0% 4044 MHz:   0% 4104 MHz:   0% 4416 MHz:   0% 4512 MHz: .07%)
CPU 4 idle residency:   8.30%
CPU 4 down residency:  91.62%
CPU 5 frequency: 4512 MHz
CPU 5 active residency:   0.07% (1260 MHz:   0% 1512 MHz:   0% 1800 MHz:   0% 2088 MHz:   0% 2352 MHz:   0% 2616 MHz:   0% 2868 MHz:   0% 3096 MHz:   0% 3300 MHz:   0% 3468 MHz:   0% 3624 MHz:   0% 3756 MHz:   0% 3828 MHz:   0% 3888 MHz:   0% 3948 MHz:   0% 3996 MHz:   0% 4044 MHz:   0% 4104 MHz:   0% 4416 MHz:   0% 4512 MHz: .07%)
CPU 5 idle residency:   8.23%
CPU 5 down residency:  91.70%
CPU 6 frequency: 4512 MHz
CPU 6 active residency:   0.07% (1260 MHz:   0% 1512 MHz:   0% 1800 MHz:   0% 2088 MHz:   0% 2352 MHz:   0% 2616 MHz:   0% 2868 MHz:   0% 3096 MHz:   0% 3300 MHz:   0% 3468 MHz:   0% 3624 MHz:   0% 3756 MHz:   0% 3828 MHz:   0% 3888 MHz:   0% 3948 MHz:   0% 3996 MHz:   0% 4044 MHz:   0% 4104 MHz:   0% 4416 MHz:   0% 4512 MHz: .07%)
CPU 6 idle residency:   8.31%
CPU 6 down residency:  91.62%
CPU 7 frequency: 4512 MHz
CPU 7 active residency:   0.07% (1260 MHz:   0% 1512 MHz:   0% 1800 MHz:   0% 2088 MHz:   0% 2352 MHz:   0% 2616 MHz:   0% 2868 MHz:   0% 3096 MHz:   0% 3300 MHz:   0% 3468 MHz:   0% 3624 MHz:   0% 3756 MHz:   0% 3828 MHz:   0% 3888 MHz:   0% 3948 MHz:   0% 3996 MHz:   0% 4044 MHz:   0% 4104 MHz:   0% 4416 MHz:   0% 4512 MHz: .07%)
CPU 7 idle residency:   8.33%
CPU 7 down residency:  91.60%
CPU 8 frequency: 4479 MHz
CPU 8 active residency:   0.07% (1260 MHz: .00% 1512 MHz:   0% 1800 MHz:   0% 2088 MHz:   0% 2352 MHz:   0% 2616 MHz:   0% 2868 MHz:   0% 3096 MHz:   0% 3300 MHz:   0% 3468 MHz:   0% 3624 MHz:   0% 3756 MHz:   0% 3828 MHz:   0% 3888 MHz:   0% 3948 MHz:   0% 3996 MHz:   0% 4044 MHz:   0% 4104 MHz:   0% 4416 MHz:   0% 4512 MHz: .07%)
CPU 8 idle residency:   8.32%
CPU 8 down residency:  91.61%
CPU 9 frequency: 4483 MHz
CPU 9 active residency:   0.07% (1260 MHz: .00% 1512 MHz:   0% 1800 MHz:   0% 2088 MHz:   0% 2352 MHz:   0% 2616 MHz:   0% 2868 MHz:   0% 3096 MHz:   0% 3300 MHz:   0% 3468 MHz:   0% 3624 MHz:   0% 3756 MHz:   0% 3828 MHz:   0% 3888 MHz:   0% 3948 MHz:   0% 3996 MHz:   0% 4044 MHz:   0% 4104 MHz:   0% 4416 MHz:   0% 4512 MHz: .07%)
CPU 9 idle residency:   8.21%
CPU 9 down residency:  91.72%

P1-Cluster HW active frequency: 4010 MHz
P1-Cluster HW active residency:  99.90% (1260 MHz:   0% 1512 MHz:   0% 1800 MHz:   0% 2088 MHz:   0% 2352 MHz:   0% 2616 MHz:   0% 2868 MHz:   0% 3096 MHz:   0% 3300 MHz:   0% 3468 MHz:   0% 3624 MHz:   0% 3756 MHz:   0% 3828 MHz:   0% 3888 MHz:  33% 3948 MHz:  24% 3996 MHz:  19% 4044 MHz:  13% 4104 MHz:   0% 4416 MHz: 5.0% 4512 MHz: 6.5%)
P1-Cluster idle residency:   0.10%
P1-Cluster down residency:   0.00%
CPU 10 frequency: 4512 MHz
CPU 10 active residency:  57.65% (1260 MHz:   0% 1512 MHz:   0% 1800 MHz:   0% 2088 MHz:   0% 2352 MHz:   0% 2616 MHz:   0% 2868 MHz:   0% 3096 MHz:   0% 3300 MHz:   0% 3468 MHz:   0% 3624 MHz:   0% 3756 MHz:   0% 3828 MHz:   0% 3888 MHz:   0% 3948 MHz:   0% 3996 MHz:   0% 4044 MHz:   0% 4104 MHz:   0% 4416 MHz:   0% 4512 MHz:  58%)
CPU 10 idle residency:  42.35%
CPU 10 down residency:   0.00%
CPU 11 frequency: 4512 MHz
CPU 11 active residency:  51.87% (1260 MHz:   0% 1512 MHz:   0% 1800 MHz:   0% 2088 MHz:   0% 2352 MHz:   0% 2616 MHz:   0% 2868 MHz:   0% 3096 MHz:   0% 3300 MHz:   0% 3468 MHz:   0% 3624 MHz:   0% 3756 MHz:   0% 3828 MHz:   0% 3888 MHz:   0% 3948 MHz:   0% 3996 MHz:   0% 4044 MHz:   0% 4104 MHz:   0% 4416 MHz:   0% 4512 MHz:  52%)
CPU 11 idle residency:  48.13%
CPU 11 down residency:   0.00%
CPU 12 frequency: 4512 MHz
CPU 12 active residency:  57.19% (1260 MHz:   0% 1512 MHz:   0% 1800 MHz:   0% 2088 MHz:   0% 2352 MHz:   0% 2616 MHz:   0% 2868 MHz:   0% 3096 MHz:   0% 3300 MHz:   0% 3468 MHz:   0% 3624 MHz:   0% 3756 MHz:   0% 3828 MHz:   0% 3888 MHz:   0% 3948 MHz:   0% 3996 MHz:   0% 4044 MHz:   0% 4104 MHz:   0% 4416 MHz:   0% 4512 MHz:  57%)
CPU 12 idle residency:  42.81%
CPU 12 down residency:   0.00%
CPU 13 frequency: 4512 MHz
CPU 13 active residency:  51.10% (1260 MHz:   0% 1512 MHz:   0% 1800 MHz:   0% 2088 MHz:   0% 2352 MHz:   0% 2616 MHz:   0% 2868 MHz:   0% 3096 MHz:   0% 3300 MHz:   0% 3468 MHz:   0% 3624 MHz:   0% 3756 MHz:   0% 3828 MHz:   0% 3888 MHz:   0% 3948 MHz:   0% 3996 MHz:   0% 4044 MHz:   0% 4104 MHz:   0% 4416 MHz:   0% 4512 MHz:  51%)
CPU 13 idle residency:  48.90%
CPU 13 down residency:   0.00%
CPU 14 frequency: 4512 MHz
CPU 14 active residency:  53.01% (1260 MHz:   0% 1512 MHz:   0% 1800 MHz:   0% 2088 MHz:   0% 2352 MHz:   0% 2616 MHz:   0% 2868 MHz:   0% 3096 MHz:   0% 3300 MHz:   0% 3468 MHz:   0% 3624 MHz:   0% 3756 MHz:   0% 3828 MHz:   0% 3888 MHz:   0% 3948 MHz:   0% 3996 MHz:   0% 4044 MHz:   0% 4104 MHz:   0% 4416 MHz:   0% 4512 MHz:  53%)
CPU 14 idle residency:  46.99%
CPU 14 down residency:   0.00%
CPU 15 frequency: 4512 MHz
CPU 15 active residency:  46.32% (1260 MHz:   0% 1512 MHz:   0% 1800 MHz:   0% 2088 MHz:   0% 2352 MHz:   0% 2616 MHz:   0% 2868 MHz:   0% 3096 MHz:   0% 3300 MHz:   0% 3468 MHz:   0% 3624 MHz:   0% 3756 MHz:   0% 3828 MHz:   0% 3888 MHz:   0% 3948 MHz:   0% 3996 MHz:   0% 4044 MHz:   0% 4104 MHz:   0% 4416 MHz:   0% 4512 MHz:  46%)
CPU 15 idle residency:  53.68%
CPU 15 down residency:   0.00%

CPU Power: 7424 mW
GPU Power: 11883 mW
ANE Power: 0 mW
Combined Power (CPU + GPU + ANE): 19308 mW

**** GPU usage ****

GPU HW active frequency: 1560 MHz
GPU HW active residency:  94.96% (338 MHz: 1.4% 618 MHz:   0% 796 MHz:   0% 924 MHz:   0% 952 MHz:   0% 1056 MHz:   0% 1062 MHz:   0% 1182 MHz:   0% 1182 MHz:   0% 1312 MHz:   0% 1242 MHz:   0% 1380 MHz:   0% 1326 MHz:   0% 1470 MHz:   0% 1578 MHz:  94%)
GPU SW requested state: (P1 :   0% P2 :   0% P3 :   0% P4 :   0% P5 :   0% P6 :   0% P7 :   0% P8 :   0% P9 :   0% P10 : 100% P11 :   0% P12 :   0% P13 :   0% P14 :   0% P15 :   0%)
GPU SW state: (SW_P1 : 1.4% SW_P2 :   0% SW_P3 :   0% SW_P4 :   0% SW_P5 :   0% SW_P6 :   0% SW_P7 :   0% SW_P8 :   0% SW_P9 :   0% SW_P10 :  94% SW_P11 :   0% SW_P12 :   0% SW_P13 :   0% SW_P14 :   0% SW_P15 :   0%)
GPU idle residency:   5.04%
GPU Power: 11817 mW



*** Sampled system activity (Tue Jan 20 15:13:29 2026 +0100) (1024.01ms elapsed) ***


**** Processor usage ****

E-Cluster Online: 100%
E-Cluster HW active frequency: 1268 MHz
E-Cluster HW active residency:  73.17% (1020 MHz:  55% 1404 MHz: 4.6% 1788 MHz: 4.1% 2112 MHz: 2.1% 2352 MHz: 1.9% 2532 MHz: 1.6% 2592 MHz: 3.8%)
E-Cluster idle residency:  26.83%
E-Cluster down residency:   0.00%
CPU 0 frequency: 1275 MHz
CPU 0 active residency:  42.45% (1020 MHz:  32% 1404 MHz: 2.6% 1788 MHz: 2.0% 2112 MHz: 1.2% 2352 MHz: 1.4% 2532 MHz: .95% 2592 MHz: 2.3%)
CPU 0 idle residency:  57.55%
CPU 0 down residency:   0.00%
CPU 1 frequency: 1323 MHz
CPU 1 active residency:  33.30% (1020 MHz:  23% 1404 MHz: 2.4% 1788 MHz: 2.7% 2112 MHz: 1.3% 2352 MHz: 1.3% 2532 MHz: .58% 2592 MHz: 1.9%)
CPU 1 idle residency:  66.70%
CPU 1 down residency:   0.00%
CPU 2 frequency: 1346 MHz
CPU 2 active residency:  22.07% (1020 MHz:  15% 1404 MHz: 1.8% 1788 MHz: 1.6% 2112 MHz: 1.2% 2352 MHz: .89% 2532 MHz: .81% 2592 MHz: .99%)
CPU 2 idle residency:  77.93%
CPU 2 down residency:   0.00%
CPU 3 frequency: 1321 MHz
CPU 3 active residency:  14.29% (1020 MHz:  10% 1404 MHz: 1.1% 1788 MHz: .94% 2112 MHz: .54% 2352 MHz: .63% 2532 MHz: .33% 2592 MHz: .79%)
CPU 3 idle residency:  85.71%
CPU 3 down residency:   0.00%

P0-Cluster Online: 58%
P0-Cluster HW active frequency: 3988 MHz
P0-Cluster HW active residency:  50.11% (1260 MHz: 2.0% 1512 MHz:   0% 1800 MHz:   0% 2088 MHz:   0% 2352 MHz:   0% 2616 MHz:   0% 2868 MHz:   0% 3096 MHz:   0% 3300 MHz:   0% 3468 MHz:   0% 3624 MHz:   0% 3756 MHz:   0% 3828 MHz:   0% 3888 MHz: 8.8% 3948 MHz:  13% 3996 MHz: 3.8% 4044 MHz: 9.5% 4104 MHz:   0% 4416 MHz: 5.5% 4512 MHz: 7.8%)
P0-Cluster idle residency:   5.01%
P0-Cluster down residency:  44.88%
CPU 4 frequency: 4501 MHz
CPU 4 active residency:  23.01% (1260 MHz: .08% 1512 MHz:   0% 1800 MHz:   0% 2088 MHz:   0% 2352 MHz:   0% 2616 MHz:   0% 2868 MHz:   0% 3096 MHz:   0% 3300 MHz:   0% 3468 MHz:   0% 3624 MHz:   0% 3756 MHz:   0% 3828 MHz:   0% 3888 MHz:   0% 3948 MHz:   0% 3996 MHz:   0% 4044 MHz:   0% 4104 MHz:   0% 4416 MHz: .02% 4512 MHz:  23%)
CPU 4 idle residency:  32.49%
CPU 4 down residency:  44.50%
CPU 5 frequency: 4497 MHz
CPU 5 active residency:  21.41% (1260 MHz: .10% 1512 MHz:   0% 1800 MHz:   0% 2088 MHz:   0% 2352 MHz:   0% 2616 MHz:   0% 2868 MHz:   0% 3096 MHz:   0% 3300 MHz:   0% 3468 MHz:   0% 3624 MHz:   0% 3756 MHz:   0% 3828 MHz:   0% 3888 MHz:   0% 3948 MHz:   0% 3996 MHz:   0% 4044 MHz:   0% 4104 MHz:   0% 4416 MHz: .00% 4512 MHz:  21%)
CPU 5 idle residency:  34.10%
CPU 5 down residency:  44.49%
CPU 6 frequency: 4498 MHz
CPU 6 active residency:  18.55% (1260 MHz: .08% 1512 MHz:   0% 1800 MHz:   0% 2088 MHz:   0% 2352 MHz:   0% 2616 MHz:   0% 2868 MHz:   0% 3096 MHz:   0% 3300 MHz:   0% 3468 MHz:   0% 3624 MHz:   0% 3756 MHz:   0% 3828 MHz:   0% 3888 MHz:   0% 3948 MHz:   0% 3996 MHz:   0% 4044 MHz:   0% 4104 MHz:   0% 4416 MHz: .00% 4512 MHz:  18%)
CPU 6 idle residency:  36.95%
CPU 6 down residency:  44.50%
CPU 7 frequency: 4498 MHz
CPU 7 active residency:  18.84% (1260 MHz: .08% 1512 MHz:   0% 1800 MHz:   0% 2088 MHz:   0% 2352 MHz:   0% 2616 MHz:   0% 2868 MHz:   0% 3096 MHz:   0% 3300 MHz:   0% 3468 MHz:   0% 3624 MHz:   0% 3756 MHz:   0% 3828 MHz:   0% 3888 MHz:   0% 3948 MHz:   0% 3996 MHz:   0% 4044 MHz:   0% 4104 MHz:   0% 4416 MHz: .00% 4512 MHz:  19%)
CPU 7 idle residency:  36.66%
CPU 7 down residency:  44.50%
CPU 8 frequency: 4498 MHz
CPU 8 active residency:  20.26% (1260 MHz: .09% 1512 MHz:   0% 1800 MHz: .00% 2088 MHz:   0% 2352 MHz:   0% 2616 MHz:   0% 2868 MHz:   0% 3096 MHz:   0% 3300 MHz:   0% 3468 MHz:   0% 3624 MHz:   0% 3756 MHz:   0% 3828 MHz:   0% 3888 MHz:   0% 3948 MHz:   0% 3996 MHz:   0% 4044 MHz:   0% 4104 MHz:   0% 4416 MHz: .00% 4512 MHz:  20%)
CPU 8 idle residency:  35.25%
CPU 8 down residency:  44.50%
CPU 9 frequency: 4493 MHz
CPU 9 active residency:  21.51% (1260 MHz: .09% 1512 MHz:   0% 1800 MHz: .05% 2088 MHz:   0% 2352 MHz:   0% 2616 MHz:   0% 2868 MHz:   0% 3096 MHz:   0% 3300 MHz:   0% 3468 MHz:   0% 3624 MHz:   0% 3756 MHz:   0% 3828 MHz:   0% 3888 MHz:   0% 3948 MHz:   0% 3996 MHz:   0% 4044 MHz:   0% 4104 MHz:   0% 4416 MHz: .00% 4512 MHz:  21%)
CPU 9 idle residency:  33.90%
CPU 9 down residency:  44.59%

P1-Cluster HW active frequency: 3955 MHz
P1-Cluster HW active residency:  53.84% (1260 MHz: .42% 1512 MHz:   0% 1800 MHz: .08% 2088 MHz:   0% 2352 MHz:   0% 2616 MHz:   0% 2868 MHz:   0% 3096 MHz:   0% 3300 MHz:   0% 3468 MHz:   0% 3624 MHz:   0% 3756 MHz:   0% 3828 MHz:   0% 3888 MHz:  19% 3948 MHz:  14% 3996 MHz:  13% 4044 MHz: 3.8% 4104 MHz:   0% 4416 MHz: 1.7% 4512 MHz: 1.8%)
P1-Cluster idle residency:   0.57%
P1-Cluster down residency:  45.59%
CPU 10 frequency: 4512 MHz
CPU 10 active residency:  29.22% (1260 MHz:   0% 1512 MHz:   0% 1800 MHz:   0% 2088 MHz:   0% 2352 MHz:   0% 2616 MHz:   0% 2868 MHz:   0% 3096 MHz:   0% 3300 MHz:   0% 3468 MHz:   0% 3624 MHz:   0% 3756 MHz:   0% 3828 MHz:   0% 3888 MHz:   0% 3948 MHz:   0% 3996 MHz:   0% 4044 MHz:   0% 4104 MHz:   0% 4416 MHz:   0% 4512 MHz:  29%)
CPU 10 idle residency:  24.52%
CPU 10 down residency:  46.26%
CPU 11 frequency: 4512 MHz
CPU 11 active residency:  28.88% (1260 MHz:   0% 1512 MHz:   0% 1800 MHz:   0% 2088 MHz:   0% 2352 MHz:   0% 2616 MHz:   0% 2868 MHz:   0% 3096 MHz:   0% 3300 MHz:   0% 3468 MHz:   0% 3624 MHz:   0% 3756 MHz:   0% 3828 MHz:   0% 3888 MHz:   0% 3948 MHz:   0% 3996 MHz:   0% 4044 MHz:   0% 4104 MHz:   0% 4416 MHz:   0% 4512 MHz:  29%)
CPU 11 idle residency:  24.55%
CPU 11 down residency:  46.57%
CPU 12 frequency: 4512 MHz
CPU 12 active residency:  28.75% (1260 MHz:   0% 1512 MHz:   0% 1800 MHz:   0% 2088 MHz:   0% 2352 MHz:   0% 2616 MHz:   0% 2868 MHz:   0% 3096 MHz:   0% 3300 MHz:   0% 3468 MHz:   0% 3624 MHz:   0% 3756 MHz:   0% 3828 MHz:   0% 3888 MHz:   0% 3948 MHz:   0% 3996 MHz:   0% 4044 MHz:   0% 4104 MHz:   0% 4416 MHz:   0% 4512 MHz:  29%)
CPU 12 idle residency:  24.83%
CPU 12 down residency:  46.42%
CPU 13 frequency: 4512 MHz
CPU 13 active residency:  29.94% (1260 MHz:   0% 1512 MHz:   0% 1800 MHz:   0% 2088 MHz:   0% 2352 MHz:   0% 2616 MHz:   0% 2868 MHz:   0% 3096 MHz:   0% 3300 MHz:   0% 3468 MHz:   0% 3624 MHz:   0% 3756 MHz:   0% 3828 MHz:   0% 3888 MHz:   0% 3948 MHz:   0% 3996 MHz:   0% 4044 MHz:   0% 4104 MHz:   0% 4416 MHz:   0% 4512 MHz:  30%)
CPU 13 idle residency:  23.69%
CPU 13 down residency:  46.37%
CPU 14 frequency: 4512 MHz
CPU 14 active residency:  30.98% (1260 MHz:   0% 1512 MHz:   0% 1800 MHz:   0% 2088 MHz:   0% 2352 MHz:   0% 2616 MHz:   0% 2868 MHz:   0% 3096 MHz:   0% 3300 MHz:   0% 3468 MHz:   0% 3624 MHz:   0% 3756 MHz:   0% 3828 MHz:   0% 3888 MHz:   0% 3948 MHz:   0% 3996 MHz:   0% 4044 MHz:   0% 4104 MHz:   0% 4416 MHz:   0% 4512 MHz:  31%)
CPU 14 idle residency:  22.61%
CPU 14 down residency:  46.41%
CPU 15 frequency: 4512 MHz
CPU 15 active residency:  28.10% (1260 MHz:   0% 1512 MHz:   0% 1800 MHz:   0% 2088 MHz:   0% 2352 MHz:   0% 2616 MHz:   0% 2868 MHz:   0% 3096 MHz:   0% 3300 MHz:   0% 3468 MHz:   0% 3624 MHz:   0% 3756 MHz:   0% 3828 MHz:   0% 3888 MHz:   0% 3948 MHz:   0% 3996 MHz:   0% 4044 MHz:   0% 4104 MHz:   0% 4416 MHz:   0% 4512 MHz:  28%)
CPU 15 idle residency:  25.92%
CPU 15 down residency:  45.98%

CPU Power: 7615 mW
GPU Power: 11892 mW
ANE Power: 0 mW
Combined Power (CPU + GPU + ANE): 19508 mW

**** GPU usage ****

GPU HW active frequency: 1561 MHz
GPU HW active residency:  94.99% (338 MHz: 1.3% 618 MHz:   0% 796 MHz:   0% 924 MHz:   0% 952 MHz:   0% 1056 MHz:   0% 1062 MHz:   0% 1182 MHz:   0% 1182 MHz:   0% 1312 MHz:   0% 1242 MHz:   0% 1380 MHz:   0% 1326 MHz:   0% 1470 MHz:   0% 1578 MHz:  94%)
GPU SW requested state: (P1 :   0% P2 :   0% P3 :   0% P4 :   0% P5 :   0% P6 :   0% P7 :   0% P8 :   0% P9 :   0% P10 : 100% P11 :   0% P12 :   0% P13 :   0% P14 :   0% P15 :   0%)
GPU SW state: (SW_P1 : 1.3% SW_P2 :   0% SW_P3 :   0% SW_P4 :   0% SW_P5 :   0% SW_P6 :   0% SW_P7 :   0% SW_P8 :   0% SW_P9 :   0% SW_P10 :  94% SW_P11 :   0% SW_P12 :   0% SW_P13 :   0% SW_P14 :   0% SW_P15 :   0%)
GPU idle residency:   5.01%
GPU Power: 11790 mW



*** Sampled system activity (Tue Jan 20 15:13:30 2026 +0100) (1021.89ms elapsed) ***


**** Processor usage ****

E-Cluster Online: 100%
E-Cluster HW active frequency: 1161 MHz
E-Cluster HW active residency:  68.24% (1020 MHz:  58% 1404 MHz: 3.2% 1788 MHz: 2.1% 2112 MHz: 1.2% 2352 MHz: .97% 2532 MHz: 1.5% 2592 MHz: 1.2%)
E-Cluster idle residency:  31.76%
E-Cluster down residency:   0.00%
CPU 0 frequency: 1162 MHz
CPU 0 active residency:  37.37% (1020 MHz:  32% 1404 MHz: 1.9% 1788 MHz: 1.3% 2112 MHz: .52% 2352 MHz: .59% 2532 MHz: .70% 2592 MHz: .71%)
CPU 0 idle residency:  62.63%
CPU 0 down residency:   0.00%
CPU 1 frequency: 1175 MHz
CPU 1 active residency:  29.65% (1020 MHz:  24% 1404 MHz: 1.9% 1788 MHz: 1.2% 2112 MHz: .58% 2352 MHz: .58% 2532 MHz: .66% 2592 MHz: .33%)
CPU 1 idle residency:  70.35%
CPU 1 down residency:   0.00%
CPU 2 frequency: 1200 MHz
CPU 2 active residency:  19.09% (1020 MHz:  16% 1404 MHz: .90% 1788 MHz: .58% 2112 MHz: .55% 2352 MHz: .42% 2532 MHz: .50% 2592 MHz: .47%)
CPU 2 idle residency:  80.91%
CPU 2 down residency:   0.00%
CPU 3 frequency: 1202 MHz
CPU 3 active residency:  12.98% (1020 MHz:  11% 1404 MHz: .70% 1788 MHz: .32% 2112 MHz: .27% 2352 MHz: .24% 2532 MHz: .57% 2592 MHz: .24%)
CPU 3 idle residency:  87.02%
CPU 3 down residency:   0.00%

P0-Cluster Online: 100%
P0-Cluster HW active frequency: 4016 MHz
P0-Cluster HW active residency:  99.91% (1260 MHz:   0% 1512 MHz:   0% 1800 MHz:   0% 2088 MHz:   0% 2352 MHz:   0% 2616 MHz:   0% 2868 MHz:   0% 3096 MHz:   0% 3300 MHz:   0% 3468 MHz:   0% 3624 MHz:   0% 3756 MHz:   0% 3828 MHz:   0% 3888 MHz:  29% 3948 MHz:  25% 3996 MHz:  21% 4044 MHz:  13% 4104 MHz:   0% 4416 MHz: 5.4% 4512 MHz: 6.5%)
P0-Cluster idle residency:   0.09%
P0-Cluster down residency:   0.00%
CPU 4 frequency: 4512 MHz
CPU 4 active residency:  53.93% (1260 MHz:   0% 1512 MHz:   0% 1800 MHz:   0% 2088 MHz:   0% 2352 MHz:   0% 2616 MHz:   0% 2868 MHz:   0% 3096 MHz:   0% 3300 MHz:   0% 3468 MHz:   0% 3624 MHz:   0% 3756 MHz:   0% 3828 MHz:   0% 3888 MHz:   0% 3948 MHz:   0% 3996 MHz:   0% 4044 MHz:   0% 4104 MHz:   0% 4416 MHz:   0% 4512 MHz:  54%)
CPU 4 idle residency:  46.07%
CPU 4 down residency:   0.00%
CPU 5 frequency: 4512 MHz
CPU 5 active residency:  50.36% (1260 MHz:   0% 1512 MHz:   0% 1800 MHz:   0% 2088 MHz:   0% 2352 MHz:   0% 2616 MHz:   0% 2868 MHz:   0% 3096 MHz:   0% 3300 MHz:   0% 3468 MHz:   0% 3624 MHz:   0% 3756 MHz:   0% 3828 MHz:   0% 3888 MHz:   0% 3948 MHz:   0% 3996 MHz:   0% 4044 MHz:   0% 4104 MHz:   0% 4416 MHz:   0% 4512 MHz:  50%)
CPU 5 idle residency:  49.64%
CPU 5 down residency:   0.00%
CPU 6 frequency: 4512 MHz
CPU 6 active residency:  50.86% (1260 MHz:   0% 1512 MHz:   0% 1800 MHz:   0% 2088 MHz:   0% 2352 MHz:   0% 2616 MHz:   0% 2868 MHz:   0% 3096 MHz:   0% 3300 MHz:   0% 3468 MHz:   0% 3624 MHz:   0% 3756 MHz:   0% 3828 MHz:   0% 3888 MHz:   0% 3948 MHz:   0% 3996 MHz:   0% 4044 MHz:   0% 4104 MHz:   0% 4416 MHz:   0% 4512 MHz:  51%)
CPU 6 idle residency:  49.14%
CPU 6 down residency:   0.00%
CPU 7 frequency: 4512 MHz
CPU 7 active residency:  49.99% (1260 MHz:   0% 1512 MHz:   0% 1800 MHz:   0% 2088 MHz:   0% 2352 MHz:   0% 2616 MHz:   0% 2868 MHz:   0% 3096 MHz:   0% 3300 MHz:   0% 3468 MHz:   0% 3624 MHz:   0% 3756 MHz:   0% 3828 MHz:   0% 3888 MHz:   0% 3948 MHz:   0% 3996 MHz:   0% 4044 MHz:   0% 4104 MHz:   0% 4416 MHz:   0% 4512 MHz:  50%)
CPU 7 idle residency:  50.01%
CPU 7 down residency:   0.00%
CPU 8 frequency: 4512 MHz
CPU 8 active residency:  51.24% (1260 MHz:   0% 1512 MHz:   0% 1800 MHz:   0% 2088 MHz:   0% 2352 MHz:   0% 2616 MHz:   0% 2868 MHz:   0% 3096 MHz:   0% 3300 MHz:   0% 3468 MHz:   0% 3624 MHz:   0% 3756 MHz:   0% 3828 MHz:   0% 3888 MHz:   0% 3948 MHz:   0% 3996 MHz:   0% 4044 MHz:   0% 4104 MHz:   0% 4416 MHz:   0% 4512 MHz:  51%)
CPU 8 idle residency:  48.76%
CPU 8 down residency:   0.00%
CPU 9 frequency: 4512 MHz
CPU 9 active residency:  45.28% (1260 MHz:   0% 1512 MHz:   0% 1800 MHz:   0% 2088 MHz:   0% 2352 MHz:   0% 2616 MHz:   0% 2868 MHz:   0% 3096 MHz:   0% 3300 MHz:   0% 3468 MHz:   0% 3624 MHz:   0% 3756 MHz:   0% 3828 MHz:   0% 3888 MHz:   0% 3948 MHz:   0% 3996 MHz:   0% 4044 MHz:   0% 4104 MHz:   0% 4416 MHz:   0% 4512 MHz:  45%)
CPU 9 idle residency:  54.72%
CPU 9 down residency:   0.00%

P1-Cluster HW active frequency: 2310 MHz
P1-Cluster HW active residency:   0.90% (1260 MHz: .61% 1512 MHz:   0% 1800 MHz:   0% 2088 MHz:   0% 2352 MHz:   0% 2616 MHz:   0% 2868 MHz:   0% 3096 MHz:   0% 3300 MHz:   0% 3468 MHz:   0% 3624 MHz:   0% 3756 MHz:   0% 3828 MHz:   0% 3888 MHz: .01% 3948 MHz: .00% 3996 MHz:   0% 4044 MHz:   0% 4104 MHz:   0% 4416 MHz: .02% 4512 MHz: .26%)
P1-Cluster idle residency:   2.41%
P1-Cluster down residency:  96.69%
CPU 10 frequency: 4385 MHz
CPU 10 active residency:   1.29% (1260 MHz: .01% 1512 MHz:   0% 1800 MHz: .05% 2088 MHz:   0% 2352 MHz:   0% 2616 MHz:   0% 2868 MHz:   0% 3096 MHz:   0% 3300 MHz:   0% 3468 MHz:   0% 3624 MHz:   0% 3756 MHz:   0% 3828 MHz:   0% 3888 MHz:   0% 3948 MHz:   0% 3996 MHz:   0% 4044 MHz:   0% 4104 MHz:   0% 4416 MHz:   0% 4512 MHz: 1.2%)
CPU 10 idle residency:   3.18%
CPU 10 down residency:  95.54%
CPU 11 frequency: 4465 MHz
CPU 11 active residency:   1.58% (1260 MHz: .00% 1512 MHz:   0% 1800 MHz: .02% 2088 MHz:   0% 2352 MHz:   0% 2616 MHz:   0% 2868 MHz:   0% 3096 MHz:   0% 3300 MHz:   0% 3468 MHz:   0% 3624 MHz:   0% 3756 MHz:   0% 3828 MHz:   0% 3888 MHz:   0% 3948 MHz:   0% 3996 MHz:   0% 4044 MHz:   0% 4104 MHz:   0% 4416 MHz:   0% 4512 MHz: 1.6%)
CPU 11 idle residency:   3.15%
CPU 11 down residency:  95.27%
CPU 12 frequency: 4459 MHz
CPU 12 active residency:   1.55% (1260 MHz:   0% 1512 MHz:   0% 1800 MHz: .03% 2088 MHz:   0% 2352 MHz:   0% 2616 MHz:   0% 2868 MHz:   0% 3096 MHz:   0% 3300 MHz:   0% 3468 MHz:   0% 3624 MHz:   0% 3756 MHz:   0% 3828 MHz:   0% 3888 MHz:   0% 3948 MHz:   0% 3996 MHz:   0% 4044 MHz:   0% 4104 MHz:   0% 4416 MHz:   0% 4512 MHz: 1.5%)
CPU 12 idle residency:   3.17%
CPU 12 down residency:  95.28%
CPU 13 frequency: 4468 MHz
CPU 13 active residency:   1.52% (1260 MHz:   0% 1512 MHz:   0% 1800 MHz: .02% 2088 MHz:   0% 2352 MHz:   0% 2616 MHz:   0% 2868 MHz:   0% 3096 MHz:   0% 3300 MHz:   0% 3468 MHz:   0% 3624 MHz:   0% 3756 MHz:   0% 3828 MHz:   0% 3888 MHz:   0% 3948 MHz:   0% 3996 MHz:   0% 4044 MHz:   0% 4104 MHz:   0% 4416 MHz:   0% 4512 MHz: 1.5%)
CPU 13 idle residency:   3.18%
CPU 13 down residency:  95.30%
CPU 14 frequency: 4471 MHz
CPU 14 active residency:   1.53% (1260 MHz:   0% 1512 MHz:   0% 1800 MHz: .02% 2088 MHz:   0% 2352 MHz:   0% 2616 MHz:   0% 2868 MHz:   0% 3096 MHz:   0% 3300 MHz:   0% 3468 MHz:   0% 3624 MHz:   0% 3756 MHz:   0% 3828 MHz:   0% 3888 MHz:   0% 3948 MHz:   0% 3996 MHz:   0% 4044 MHz:   0% 4104 MHz:   0% 4416 MHz:   0% 4512 MHz: 1.5%)
CPU 14 idle residency:   3.18%
CPU 14 down residency:  95.30%
CPU 15 frequency: 4429 MHz
CPU 15 active residency:   0.69% (1260 MHz:   0% 1512 MHz:   0% 1800 MHz: .02% 2088 MHz:   0% 2352 MHz:   0% 2616 MHz:   0% 2868 MHz:   0% 3096 MHz:   0% 3300 MHz:   0% 3468 MHz:   0% 3624 MHz:   0% 3756 MHz:   0% 3828 MHz:   0% 3888 MHz:   0% 3948 MHz:   0% 3996 MHz:   0% 4044 MHz:   0% 4104 MHz:   0% 4416 MHz:   0% 4512 MHz: .67%)
CPU 15 idle residency:   3.21%
CPU 15 down residency:  96.10%

CPU Power: 7282 mW
GPU Power: 11903 mW
ANE Power: 0 mW
Combined Power (CPU + GPU + ANE): 19185 mW

**** GPU usage ****

GPU HW active frequency: 1561 MHz
GPU HW active residency:  95.31% (338 MHz: 1.3% 618 MHz:   0% 796 MHz:   0% 924 MHz:   0% 952 MHz:   0% 1056 MHz:   0% 1062 MHz:   0% 1182 MHz:   0% 1182 MHz:   0% 1312 MHz:   0% 1242 MHz:   0% 1380 MHz:   0% 1326 MHz:   0% 1470 MHz:   0% 1578 MHz:  94%)
GPU SW requested state: (P1 :   0% P2 :   0% P3 :   0% P4 :   0% P5 :   0% P6 :   0% P7 :   0% P8 :   0% P9 :   0% P10 : 100% P11 :   0% P12 :   0% P13 :   0% P14 :   0% P15 :   0%)
GPU SW state: (SW_P1 : 1.3% SW_P2 :   0% SW_P3 :   0% SW_P4 :   0% SW_P5 :   0% SW_P6 :   0% SW_P7 :   0% SW_P8 :   0% SW_P9 :   0% SW_P10 :  94% SW_P11 :   0% SW_P12 :   0% SW_P13 :   0% SW_P14 :   0% SW_P15 :   0%)
GPU idle residency:   4.69%
GPU Power: 12059 mW



*** Sampled system activity (Tue Jan 20 15:13:31 2026 +0100) (1020.28ms elapsed) ***


**** Processor usage ****

E-Cluster Online: 100%
E-Cluster HW active frequency: 1223 MHz
E-Cluster HW active residency:  66.75% (1020 MHz:  54% 1404 MHz: 2.6% 1788 MHz: 3.5% 2112 MHz: 1.1% 2352 MHz: .78% 2532 MHz: 1.6% 2592 MHz: 3.3%)
E-Cluster idle residency:  33.25%
E-Cluster down residency:   0.00%
CPU 0 frequency: 1230 MHz
CPU 0 active residency:  38.85% (1020 MHz:  31% 1404 MHz: 1.8% 1788 MHz: 2.4% 2112 MHz: .50% 2352 MHz: .59% 2532 MHz: .91% 2592 MHz: 1.9%)
CPU 0 idle residency:  61.15%
CPU 0 down residency:   0.00%
CPU 1 frequency: 1252 MHz
CPU 1 active residency:  24.17% (1020 MHz:  18% 1404 MHz: 1.3% 1788 MHz: 2.0% 2112 MHz: .52% 2352 MHz: .12% 2532 MHz: .40% 2592 MHz: 1.4%)
CPU 1 idle residency:  75.83%
CPU 1 down residency:   0.00%
CPU 2 frequency: 1327 MHz
CPU 2 active residency:  15.69% (1020 MHz:  11% 1404 MHz: 1.1% 1788 MHz: 1.4% 2112 MHz: .22% 2352 MHz: .27% 2532 MHz: .94% 2592 MHz: .83%)
CPU 2 idle residency:  84.31%
CPU 2 down residency:   0.00%
CPU 3 frequency: 1203 MHz
CPU 3 active residency:  10.42% (1020 MHz: 8.0% 1404 MHz: .72% 1788 MHz: 1.2% 2112 MHz: .07% 2352 MHz: .07% 2532 MHz: .06% 2592 MHz: .31%)
CPU 3 idle residency:  89.58%
CPU 3 down residency:   0.00%

P0-Cluster Online: 100%
P0-Cluster HW active frequency: 4025 MHz
P0-Cluster HW active residency:  99.91% (1260 MHz:   0% 1512 MHz:   0% 1800 MHz:   0% 2088 MHz:   0% 2352 MHz:   0% 2616 MHz:   0% 2868 MHz:   0% 3096 MHz:   0% 3300 MHz:   0% 3468 MHz:   0% 3624 MHz:   0% 3756 MHz:   0% 3828 MHz:   0% 3888 MHz:  29% 3948 MHz:  23% 3996 MHz:  21% 4044 MHz:  13% 4104 MHz:   0% 4416 MHz: 6.0% 4512 MHz: 7.6%)
P0-Cluster idle residency:   0.09%
P0-Cluster down residency:   0.00%
CPU 4 frequency: 4512 MHz
CPU 4 active residency:  53.14% (1260 MHz:   0% 1512 MHz:   0% 1800 MHz:   0% 2088 MHz:   0% 2352 MHz:   0% 2616 MHz:   0% 2868 MHz:   0% 3096 MHz:   0% 3300 MHz:   0% 3468 MHz:   0% 3624 MHz:   0% 3756 MHz:   0% 3828 MHz:   0% 3888 MHz:   0% 3948 MHz:   0% 3996 MHz:   0% 4044 MHz:   0% 4104 MHz:   0% 4416 MHz:   0% 4512 MHz:  53%)
CPU 4 idle residency:  46.86%
CPU 4 down residency:   0.00%
CPU 5 frequency: 4512 MHz
CPU 5 active residency:  50.14% (1260 MHz:   0% 1512 MHz:   0% 1800 MHz:   0% 2088 MHz:   0% 2352 MHz:   0% 2616 MHz:   0% 2868 MHz:   0% 3096 MHz:   0% 3300 MHz:   0% 3468 MHz:   0% 3624 MHz:   0% 3756 MHz:   0% 3828 MHz:   0% 3888 MHz:   0% 3948 MHz:   0% 3996 MHz:   0% 4044 MHz:   0% 4104 MHz:   0% 4416 MHz:   0% 4512 MHz:  50%)
CPU 5 idle residency:  49.86%
CPU 5 down residency:   0.00%
CPU 6 frequency: 4512 MHz
CPU 6 active residency:  49.03% (1260 MHz:   0% 1512 MHz:   0% 1800 MHz:   0% 2088 MHz:   0% 2352 MHz:   0% 2616 MHz:   0% 2868 MHz:   0% 3096 MHz:   0% 3300 MHz:   0% 3468 MHz:   0% 3624 MHz:   0% 3756 MHz:   0% 3828 MHz:   0% 3888 MHz:   0% 3948 MHz:   0% 3996 MHz:   0% 4044 MHz:   0% 4104 MHz:   0% 4416 MHz:   0% 4512 MHz:  49%)
CPU 6 idle residency:  50.97%
CPU 6 down residency:   0.00%
CPU 7 frequency: 4512 MHz
CPU 7 active residency:  51.45% (1260 MHz:   0% 1512 MHz:   0% 1800 MHz:   0% 2088 MHz:   0% 2352 MHz:   0% 2616 MHz:   0% 2868 MHz:   0% 3096 MHz:   0% 3300 MHz:   0% 3468 MHz:   0% 3624 MHz:   0% 3756 MHz:   0% 3828 MHz:   0% 3888 MHz:   0% 3948 MHz:   0% 3996 MHz:   0% 4044 MHz:   0% 4104 MHz:   0% 4416 MHz:   0% 4512 MHz:  51%)
CPU 7 idle residency:  48.55%
CPU 7 down residency:   0.00%
CPU 8 frequency: 4512 MHz
CPU 8 active residency:  48.37% (1260 MHz:   0% 1512 MHz:   0% 1800 MHz:   0% 2088 MHz:   0% 2352 MHz:   0% 2616 MHz:   0% 2868 MHz:   0% 3096 MHz:   0% 3300 MHz:   0% 3468 MHz:   0% 3624 MHz:   0% 3756 MHz:   0% 3828 MHz:   0% 3888 MHz:   0% 3948 MHz:   0% 3996 MHz:   0% 4044 MHz:   0% 4104 MHz:   0% 4416 MHz:   0% 4512 MHz:  48%)
CPU 8 idle residency:  51.63%
CPU 8 down residency:   0.00%
CPU 9 frequency: 4512 MHz
CPU 9 active residency:  45.22% (1260 MHz:   0% 1512 MHz:   0% 1800 MHz:   0% 2088 MHz:   0% 2352 MHz:   0% 2616 MHz:   0% 2868 MHz:   0% 3096 MHz:   0% 3300 MHz:   0% 3468 MHz:   0% 3624 MHz:   0% 3756 MHz:   0% 3828 MHz:   0% 3888 MHz:   0% 3948 MHz:   0% 3996 MHz:   0% 4044 MHz:   0% 4104 MHz:   0% 4416 MHz:   0% 4512 MHz:  45%)
CPU 9 idle residency:  54.78%
CPU 9 down residency:   0.00%

P1-Cluster HW active frequency: 2326 MHz
P1-Cluster HW active residency:   2.23% (1260 MHz: 1.5% 1512 MHz:   0% 1800 MHz: .01% 2088 MHz: .02% 2352 MHz:   0% 2616 MHz:   0% 2868 MHz:   0% 3096 MHz:   0% 3300 MHz:   0% 3468 MHz:   0% 3624 MHz:   0% 3756 MHz:   0% 3828 MHz:   0% 3888 MHz: .03% 3948 MHz: .04% 3996 MHz:   0% 4044 MHz:   0% 4104 MHz:   0% 4416 MHz: .12% 4512 MHz: .56%)
P1-Cluster idle residency:   2.48%
P1-Cluster down residency:  95.28%
CPU 10 frequency: 4491 MHz
CPU 10 active residency:   0.08% (1260 MHz:   0% 1512 MHz:   0% 1800 MHz:   0% 2088 MHz:   0% 2352 MHz:   0% 2616 MHz:   0% 2868 MHz:   0% 3096 MHz:   0% 3300 MHz:   0% 3468 MHz:   0% 3624 MHz:   0% 3756 MHz:   0% 3828 MHz:   0% 3888 MHz:   0% 3948 MHz:   0% 3996 MHz:   0% 4044 MHz:   0% 4104 MHz:   0% 4416 MHz: .02% 4512 MHz: .06%)
CPU 10 idle residency:   4.51%
CPU 10 down residency:  95.41%
CPU 11 frequency: 4474 MHz
CPU 11 active residency:   0.08% (1260 MHz: .00% 1512 MHz:   0% 1800 MHz:   0% 2088 MHz:   0% 2352 MHz:   0% 2616 MHz:   0% 2868 MHz:   0% 3096 MHz:   0% 3300 MHz:   0% 3468 MHz:   0% 3624 MHz:   0% 3756 MHz:   0% 3828 MHz:   0% 3888 MHz:   0% 3948 MHz:   0% 3996 MHz:   0% 4044 MHz:   0% 4104 MHz:   0% 4416 MHz: .02% 4512 MHz: .06%)
CPU 11 idle residency:   4.47%
CPU 11 down residency:  95.45%
CPU 12 frequency: 4348 MHz
CPU 12 active residency:   0.09% (1260 MHz: .00% 1512 MHz:   0% 1800 MHz:   0% 2088 MHz:   0% 2352 MHz:   0% 2616 MHz:   0% 2868 MHz:   0% 3096 MHz:   0% 3300 MHz:   0% 3468 MHz:   0% 3624 MHz:   0% 3756 MHz:   0% 3828 MHz:   0% 3888 MHz:   0% 3948 MHz:   0% 3996 MHz:   0% 4044 MHz:   0% 4104 MHz:   0% 4416 MHz: .02% 4512 MHz: .06%)
CPU 12 idle residency:   4.44%
CPU 12 down residency:  95.47%
CPU 13 frequency: 4491 MHz
CPU 13 active residency:   0.08% (1260 MHz:   0% 1512 MHz:   0% 1800 MHz:   0% 2088 MHz:   0% 2352 MHz:   0% 2616 MHz:   0% 2868 MHz:   0% 3096 MHz:   0% 3300 MHz:   0% 3468 MHz:   0% 3624 MHz:   0% 3756 MHz:   0% 3828 MHz:   0% 3888 MHz:   0% 3948 MHz:   0% 3996 MHz:   0% 4044 MHz:   0% 4104 MHz:   0% 4416 MHz: .02% 4512 MHz: .06%)
CPU 13 idle residency:   4.53%
CPU 13 down residency:  95.39%
CPU 14 frequency: 4396 MHz
CPU 14 active residency:   0.10% (1260 MHz: .00% 1512 MHz:   0% 1800 MHz:   0% 2088 MHz:   0% 2352 MHz:   0% 2616 MHz:   0% 2868 MHz:   0% 3096 MHz:   0% 3300 MHz:   0% 3468 MHz:   0% 3624 MHz:   0% 3756 MHz:   0% 3828 MHz:   0% 3888 MHz:   0% 3948 MHz:   0% 3996 MHz:   0% 4044 MHz:   0% 4104 MHz:   0% 4416 MHz: .02% 4512 MHz: .08%)
CPU 14 idle residency:   4.31%
CPU 14 down residency:  95.59%
CPU 15 frequency: 4491 MHz
CPU 15 active residency:   0.08% (1260 MHz:   0% 1512 MHz:   0% 1800 MHz:   0% 2088 MHz:   0% 2352 MHz:   0% 2616 MHz:   0% 2868 MHz:   0% 3096 MHz:   0% 3300 MHz:   0% 3468 MHz:   0% 3624 MHz:   0% 3756 MHz:   0% 3828 MHz:   0% 3888 MHz:   0% 3948 MHz:   0% 3996 MHz:   0% 4044 MHz:   0% 4104 MHz:   0% 4416 MHz: .02% 4512 MHz: .06%)
CPU 15 idle residency:   4.55%
CPU 15 down residency:  95.37%

CPU Power: 7623 mW
GPU Power: 12184 mW
ANE Power: 0 mW
Combined Power (CPU + GPU + ANE): 19807 mW

**** GPU usage ****

GPU HW active frequency: 1561 MHz
GPU HW active residency:  95.30% (338 MHz: 1.3% 618 MHz:   0% 796 MHz:   0% 924 MHz:   0% 952 MHz:   0% 1056 MHz:   0% 1062 MHz:   0% 1182 MHz:   0% 1182 MHz:   0% 1312 MHz:   0% 1242 MHz:   0% 1380 MHz:   0% 1326 MHz:   0% 1470 MHz:   0% 1578 MHz:  94%)
GPU SW requested state: (P1 :   0% P2 :   0% P3 :   0% P4 :   0% P5 :   0% P6 :   0% P7 :   0% P8 :   0% P9 :   0% P10 : 100% P11 :   0% P12 :   0% P13 :   0% P14 :   0% P15 :   0%)
GPU SW state: (SW_P1 : 1.3% SW_P2 :   0% SW_P3 :   0% SW_P4 :   0% SW_P5 :   0% SW_P6 :   0% SW_P7 :   0% SW_P8 :   0% SW_P9 :   0% SW_P10 :  94% SW_P11 :   0% SW_P12 :   0% SW_P13 :   0% SW_P14 :   0% SW_P15 :   0%)
GPU idle residency:   4.70%
GPU Power: 12161 mW



*** Sampled system activity (Tue Jan 20 15:13:32 2026 +0100) (1019.91ms elapsed) ***


**** Processor usage ****

E-Cluster Online: 100%
E-Cluster HW active frequency: 1209 MHz
E-Cluster HW active residency:  67.41% (1020 MHz:  52% 1404 MHz: 6.6% 1788 MHz: 2.9% 2112 MHz: 1.2% 2352 MHz: 1.6% 2532 MHz: .91% 2592 MHz: 2.0%)
E-Cluster idle residency:  32.59%
E-Cluster down residency:   0.00%
CPU 0 frequency: 1237 MHz
CPU 0 active residency:  40.80% (1020 MHz:  30% 1404 MHz: 4.2% 1788 MHz: 2.3% 2112 MHz: .95% 2352 MHz: 1.3% 2532 MHz: .53% 2592 MHz: 1.2%)
CPU 0 idle residency:  59.20%
CPU 0 down residency:   0.00%
CPU 1 frequency: 1272 MHz
CPU 1 active residency:  20.76% (1020 MHz:  15% 1404 MHz: 2.7% 1788 MHz: 1.1% 2112 MHz: .64% 2352 MHz: .72% 2532 MHz: .20% 2592 MHz: .91%)
CPU 1 idle residency:  79.24%
CPU 1 down residency:   0.00%
CPU 2 frequency: 1344 MHz
CPU 2 active residency:  13.05% (1020 MHz: 8.6% 1404 MHz: 1.2% 1788 MHz: 1.0% 2112 MHz: .40% 2352 MHz: .75% 2532 MHz: .32% 2592 MHz: .65%)
CPU 2 idle residency:  86.95%
CPU 2 down residency:   0.00%
CPU 3 frequency: 1370 MHz
CPU 3 active residency:   7.94% (1020 MHz: 5.1% 1404 MHz: .73% 1788 MHz: .66% 2112 MHz: .25% 2352 MHz: .39% 2532 MHz: .24% 2592 MHz: .52%)
CPU 3 idle residency:  92.06%
CPU 3 down residency:   0.00%

P0-Cluster Online: 100%
P0-Cluster HW active frequency: 4029 MHz
P0-Cluster HW active residency:  99.83% (1260 MHz:   0% 1512 MHz:   0% 1800 MHz:   0% 2088 MHz:   0% 2352 MHz:   0% 2616 MHz:   0% 2868 MHz:   0% 3096 MHz:   0% 3300 MHz:   0% 3468 MHz:   0% 3624 MHz:   0% 3756 MHz:   0% 3828 MHz:   0% 3888 MHz:  26% 3948 MHz:  23% 3996 MHz:  22% 4044 MHz:  15% 4104 MHz:   0% 4416 MHz: 6.2% 4512 MHz: 7.5%)
P0-Cluster idle residency:   0.17%
P0-Cluster down residency:   0.00%
CPU 4 frequency: 4512 MHz
CPU 4 active residency:  51.80% (1260 MHz:   0% 1512 MHz:   0% 1800 MHz:   0% 2088 MHz:   0% 2352 MHz:   0% 2616 MHz:   0% 2868 MHz:   0% 3096 MHz:   0% 3300 MHz:   0% 3468 MHz:   0% 3624 MHz:   0% 3756 MHz:   0% 3828 MHz:   0% 3888 MHz:   0% 3948 MHz:   0% 3996 MHz:   0% 4044 MHz:   0% 4104 MHz:   0% 4416 MHz:   0% 4512 MHz:  52%)
CPU 4 idle residency:  48.20%
CPU 4 down residency:   0.00%
CPU 5 frequency: 4512 MHz
CPU 5 active residency:  49.54% (1260 MHz:   0% 1512 MHz:   0% 1800 MHz:   0% 2088 MHz:   0% 2352 MHz:   0% 2616 MHz:   0% 2868 MHz:   0% 3096 MHz:   0% 3300 MHz:   0% 3468 MHz:   0% 3624 MHz:   0% 3756 MHz:   0% 3828 MHz:   0% 3888 MHz:   0% 3948 MHz:   0% 3996 MHz:   0% 4044 MHz:   0% 4104 MHz:   0% 4416 MHz:   0% 4512 MHz:  50%)
CPU 5 idle residency:  50.46%
CPU 5 down residency:   0.00%
CPU 6 frequency: 4512 MHz
CPU 6 active residency:  49.66% (1260 MHz:   0% 1512 MHz:   0% 1800 MHz:   0% 2088 MHz:   0% 2352 MHz:   0% 2616 MHz:   0% 2868 MHz:   0% 3096 MHz:   0% 3300 MHz:   0% 3468 MHz:   0% 3624 MHz:   0% 3756 MHz:   0% 3828 MHz:   0% 3888 MHz:   0% 3948 MHz:   0% 3996 MHz:   0% 4044 MHz:   0% 4104 MHz:   0% 4416 MHz:   0% 4512 MHz:  50%)
CPU 6 idle residency:  50.34%
CPU 6 down residency:   0.00%
CPU 7 frequency: 4512 MHz
CPU 7 active residency:  38.52% (1260 MHz:   0% 1512 MHz:   0% 1800 MHz:   0% 2088 MHz:   0% 2352 MHz:   0% 2616 MHz:   0% 2868 MHz:   0% 3096 MHz:   0% 3300 MHz:   0% 3468 MHz:   0% 3624 MHz:   0% 3756 MHz:   0% 3828 MHz:   0% 3888 MHz:   0% 3948 MHz:   0% 3996 MHz:   0% 4044 MHz:   0% 4104 MHz:   0% 4416 MHz:   0% 4512 MHz:  39%)
CPU 7 idle residency:  61.48%
CPU 7 down residency:   0.00%
CPU 8 frequency: 4512 MHz
CPU 8 active residency:  46.15% (1260 MHz:   0% 1512 MHz:   0% 1800 MHz:   0% 2088 MHz:   0% 2352 MHz:   0% 2616 MHz:   0% 2868 MHz:   0% 3096 MHz:   0% 3300 MHz:   0% 3468 MHz:   0% 3624 MHz:   0% 3756 MHz:   0% 3828 MHz:   0% 3888 MHz:   0% 3948 MHz:   0% 3996 MHz:   0% 4044 MHz:   0% 4104 MHz:   0% 4416 MHz:   0% 4512 MHz:  46%)
CPU 8 idle residency:  53.85%
CPU 8 down residency:   0.00%
CPU 9 frequency: 4512 MHz
CPU 9 active residency:  46.49% (1260 MHz:   0% 1512 MHz:   0% 1800 MHz:   0% 2088 MHz:   0% 2352 MHz:   0% 2616 MHz:   0% 2868 MHz:   0% 3096 MHz:   0% 3300 MHz:   0% 3468 MHz:   0% 3624 MHz:   0% 3756 MHz:   0% 3828 MHz:   0% 3888 MHz:   0% 3948 MHz:   0% 3996 MHz:   0% 4044 MHz:   0% 4104 MHz:   0% 4416 MHz:   0% 4512 MHz:  46%)
CPU 9 idle residency:  53.51%
CPU 9 down residency:   0.00%

P1-Cluster HW active frequency: 2405 MHz
P1-Cluster HW active residency:   2.78% (1260 MHz: 1.3% 1512 MHz:   0% 1800 MHz:   0% 2088 MHz: .30% 2352 MHz: .40% 2616 MHz:   0% 2868 MHz:   0% 3096 MHz:   0% 3300 MHz:   0% 3468 MHz:   0% 3624 MHz:   0% 3756 MHz:   0% 3828 MHz:   0% 3888 MHz: .02% 3948 MHz: .01% 3996 MHz: .00% 4044 MHz: .06% 4104 MHz:   0% 4416 MHz: .03% 4512 MHz: .66%)
P1-Cluster idle residency:   4.27%
P1-Cluster down residency:  92.94%
CPU 10 frequency: 4488 MHz
CPU 10 active residency:   0.42% (1260 MHz: .00% 1512 MHz:   0% 1800 MHz:   0% 2088 MHz:   0% 2352 MHz:   0% 2616 MHz:   0% 2868 MHz:   0% 3096 MHz:   0% 3300 MHz:   0% 3468 MHz:   0% 3624 MHz:   0% 3756 MHz:   0% 3828 MHz:   0% 3888 MHz:   0% 3948 MHz:   0% 3996 MHz:   0% 4044 MHz:   0% 4104 MHz:   0% 4416 MHz: .04% 4512 MHz: .38%)
CPU 10 idle residency:   6.77%
CPU 10 down residency:  92.81%
CPU 11 frequency: 4414 MHz
CPU 11 active residency:   0.47% (1260 MHz: .01% 1512 MHz:   0% 1800 MHz: .00% 2088 MHz: .01% 2352 MHz:   0% 2616 MHz:   0% 2868 MHz:   0% 3096 MHz:   0% 3300 MHz:   0% 3468 MHz:   0% 3624 MHz:   0% 3756 MHz:   0% 3828 MHz:   0% 3888 MHz:   0% 3948 MHz:   0% 3996 MHz:   0% 4044 MHz:   0% 4104 MHz:   0% 4416 MHz: .03% 4512 MHz: .43%)
CPU 11 idle residency:   6.72%
CPU 11 down residency:  92.80%
CPU 12 frequency: 4443 MHz
CPU 12 active residency:   0.50% (1260 MHz: .00% 1512 MHz:   0% 1800 MHz:   0% 2088 MHz: .01% 2352 MHz:   0% 2616 MHz:   0% 2868 MHz:   0% 3096 MHz:   0% 3300 MHz:   0% 3468 MHz:   0% 3624 MHz:   0% 3756 MHz:   0% 3828 MHz:   0% 3888 MHz:   0% 3948 MHz:   0% 3996 MHz:   0% 4044 MHz:   0% 4104 MHz:   0% 4416 MHz: .04% 4512 MHz: .45%)
CPU 12 idle residency:   6.76%
CPU 12 down residency:  92.74%
CPU 13 frequency: 4505 MHz
CPU 13 active residency:   0.41% (1260 MHz:   0% 1512 MHz:   0% 1800 MHz:   0% 2088 MHz:   0% 2352 MHz:   0% 2616 MHz:   0% 2868 MHz:   0% 3096 MHz:   0% 3300 MHz:   0% 3468 MHz:   0% 3624 MHz:   0% 3756 MHz:   0% 3828 MHz:   0% 3888 MHz:   0% 3948 MHz:   0% 3996 MHz:   0% 4044 MHz:   0% 4104 MHz:   0% 4416 MHz: .03% 4512 MHz: .38%)
CPU 13 idle residency:   6.78%
CPU 13 down residency:  92.81%
CPU 14 frequency: 3327 MHz
CPU 14 active residency:   1.38% (1260 MHz: .00% 1512 MHz:   0% 1800 MHz:   0% 2088 MHz: .32% 2352 MHz: .39% 2616 MHz:   0% 2868 MHz:   0% 3096 MHz:   0% 3300 MHz:   0% 3468 MHz:   0% 3624 MHz:   0% 3756 MHz:   0% 3828 MHz:   0% 3888 MHz:   0% 3948 MHz:   0% 3996 MHz:   0% 4044 MHz:   0% 4104 MHz:   0% 4416 MHz: .03% 4512 MHz: .63%)
CPU 14 idle residency:   5.87%
CPU 14 down residency:  92.75%
CPU 15 frequency: 4505 MHz
CPU 15 active residency:   0.40% (1260 MHz:   0% 1512 MHz:   0% 1800 MHz:   0% 2088 MHz:   0% 2352 MHz:   0% 2616 MHz:   0% 2868 MHz:   0% 3096 MHz:   0% 3300 MHz:   0% 3468 MHz:   0% 3624 MHz:   0% 3756 MHz:   0% 3828 MHz:   0% 3888 MHz:   0% 3948 MHz:   0% 3996 MHz:   0% 4044 MHz:   0% 4104 MHz:   0% 4416 MHz: .03% 4512 MHz: .37%)
CPU 15 idle residency:   6.79%
CPU 15 down residency:  92.82%

CPU Power: 7384 mW
GPU Power: 12377 mW
ANE Power: 0 mW
Combined Power (CPU + GPU + ANE): 19761 mW

**** GPU usage ****

GPU HW active frequency: 1561 MHz
GPU HW active residency:  95.28% (338 MHz: 1.3% 618 MHz:   0% 796 MHz:   0% 924 MHz:   0% 952 MHz:   0% 1056 MHz:   0% 1062 MHz:   0% 1182 MHz:   0% 1182 MHz:   0% 1312 MHz:   0% 1242 MHz:   0% 1380 MHz:   0% 1326 MHz:   0% 1470 MHz:   0% 1578 MHz:  94%)
GPU SW requested state: (P1 :   0% P2 :   0% P3 :   0% P4 :   0% P5 :   0% P6 :   0% P7 :   0% P8 :   0% P9 :   0% P10 : 100% P11 :   0% P12 :   0% P13 :   0% P14 :   0% P15 :   0%)
GPU SW state: (SW_P1 : 1.3% SW_P2 :   0% SW_P3 :   0% SW_P4 :   0% SW_P5 :   0% SW_P6 :   0% SW_P7 :   0% SW_P8 :   0% SW_P9 :   0% SW_P10 :  94% SW_P11 :   0% SW_P12 :   0% SW_P13 :   0% SW_P14 :   0% SW_P15 :   0%)
GPU idle residency:   4.72%
GPU Power: 12289 mW



*** Sampled system activity (Tue Jan 20 15:13:33 2026 +0100) (1023.93ms elapsed) ***


**** Processor usage ****

E-Cluster Online: 100%
E-Cluster HW active frequency: 1246 MHz
E-Cluster HW active residency:  59.39% (1020 MHz:  47% 1404 MHz: 2.3% 1788 MHz: 3.3% 2112 MHz: 1.4% 2352 MHz: .94% 2532 MHz: 1.5% 2592 MHz: 3.2%)
E-Cluster idle residency:  40.61%
E-Cluster down residency:   0.00%
CPU 0 frequency: 1261 MHz
CPU 0 active residency:  27.39% (1020 MHz:  21% 1404 MHz: 1.5% 1788 MHz: 1.6% 2112 MHz: .51% 2352 MHz: .30% 2532 MHz: .93% 2592 MHz: 1.5%)
CPU 0 idle residency:  72.61%
CPU 0 down residency:   0.00%
CPU 1 frequency: 1341 MHz
CPU 1 active residency:  18.32% (1020 MHz:  12% 1404 MHz: 1.6% 1788 MHz: 1.8% 2112 MHz: .90% 2352 MHz: .68% 2532 MHz: .53% 2592 MHz: .78%)
CPU 1 idle residency:  81.68%
CPU 1 down residency:   0.00%
CPU 2 frequency: 1385 MHz
CPU 2 active residency:  11.79% (1020 MHz: 7.3% 1404 MHz: 1.1% 1788 MHz: 1.3% 2112 MHz: .56% 2352 MHz: .29% 2532 MHz: .27% 2592 MHz: .92%)
CPU 2 idle residency:  88.21%
CPU 2 down residency:   0.00%
CPU 3 frequency: 1552 MHz
CPU 3 active residency:   6.29% (1020 MHz: 3.1% 1404 MHz: .81% 1788 MHz: .54% 2112 MHz: .10% 2352 MHz: .51% 2532 MHz: .46% 2592 MHz: .72%)
CPU 3 idle residency:  93.71%
CPU 3 down residency:   0.00%

P0-Cluster Online: 53%
P0-Cluster HW active frequency: 3909 MHz
P0-Cluster HW active residency:  50.25% (1260 MHz: 1.2% 1512 MHz:   0% 1800 MHz: .09% 2088 MHz: .01% 2352 MHz:   0% 2616 MHz:   0% 2868 MHz:   0% 3096 MHz:   0% 3300 MHz:   0% 3468 MHz:   0% 3624 MHz: .07% 3756 MHz: .04% 3828 MHz: .02% 3888 MHz:  12% 3948 MHz:  13% 3996 MHz:  18% 4044 MHz: 3.5% 4104 MHz:   0% 4416 MHz: .85% 4512 MHz: 1.1%)
P0-Cluster idle residency:   2.76%
P0-Cluster down residency:  46.99%
CPU 4 frequency: 4512 MHz
CPU 4 active residency:  22.48% (1260 MHz:   0% 1512 MHz:   0% 1800 MHz:   0% 2088 MHz:   0% 2352 MHz:   0% 2616 MHz:   0% 2868 MHz:   0% 3096 MHz:   0% 3300 MHz:   0% 3468 MHz:   0% 3624 MHz:   0% 3756 MHz:   0% 3828 MHz:   0% 3888 MHz:   0% 3948 MHz:   0% 3996 MHz:   0% 4044 MHz:   0% 4104 MHz:   0% 4416 MHz:   0% 4512 MHz:  22%)
CPU 4 idle residency:  28.42%
CPU 4 down residency:  49.10%
CPU 5 frequency: 4512 MHz
CPU 5 active residency:  26.38% (1260 MHz:   0% 1512 MHz:   0% 1800 MHz:   0% 2088 MHz:   0% 2352 MHz:   0% 2616 MHz:   0% 2868 MHz:   0% 3096 MHz:   0% 3300 MHz:   0% 3468 MHz:   0% 3624 MHz:   0% 3756 MHz:   0% 3828 MHz:   0% 3888 MHz:   0% 3948 MHz:   0% 3996 MHz:   0% 4044 MHz:   0% 4104 MHz:   0% 4416 MHz:   0% 4512 MHz:  26%)
CPU 5 idle residency:  25.58%
CPU 5 down residency:  48.04%
CPU 6 frequency: 4512 MHz
CPU 6 active residency:  23.02% (1260 MHz:   0% 1512 MHz:   0% 1800 MHz:   0% 2088 MHz:   0% 2352 MHz:   0% 2616 MHz:   0% 2868 MHz:   0% 3096 MHz:   0% 3300 MHz:   0% 3468 MHz:   0% 3624 MHz:   0% 3756 MHz:   0% 3828 MHz:   0% 3888 MHz:   0% 3948 MHz:   0% 3996 MHz:   0% 4044 MHz:   0% 4104 MHz:   0% 4416 MHz:   0% 4512 MHz:  23%)
CPU 6 idle residency:  29.70%
CPU 6 down residency:  47.28%
CPU 7 frequency: 4512 MHz
CPU 7 active residency:  19.54% (1260 MHz:   0% 1512 MHz:   0% 1800 MHz:   0% 2088 MHz:   0% 2352 MHz:   0% 2616 MHz:   0% 2868 MHz:   0% 3096 MHz:   0% 3300 MHz:   0% 3468 MHz:   0% 3624 MHz:   0% 3756 MHz:   0% 3828 MHz:   0% 3888 MHz:   0% 3948 MHz:   0% 3996 MHz:   0% 4044 MHz:   0% 4104 MHz:   0% 4416 MHz:   0% 4512 MHz:  20%)
CPU 7 idle residency:  31.24%
CPU 7 down residency:  49.23%
CPU 8 frequency: 4512 MHz
CPU 8 active residency:  20.11% (1260 MHz:   0% 1512 MHz:   0% 1800 MHz:   0% 2088 MHz:   0% 2352 MHz:   0% 2616 MHz:   0% 2868 MHz:   0% 3096 MHz:   0% 3300 MHz:   0% 3468 MHz:   0% 3624 MHz:   0% 3756 MHz:   0% 3828 MHz:   0% 3888 MHz:   0% 3948 MHz:   0% 3996 MHz:   0% 4044 MHz:   0% 4104 MHz:   0% 4416 MHz:   0% 4512 MHz:  20%)
CPU 8 idle residency:  31.00%
CPU 8 down residency:  48.89%
CPU 9 frequency: 4512 MHz
CPU 9 active residency:  21.49% (1260 MHz:   0% 1512 MHz:   0% 1800 MHz:   0% 2088 MHz:   0% 2352 MHz:   0% 2616 MHz:   0% 2868 MHz:   0% 3096 MHz:   0% 3300 MHz:   0% 3468 MHz:   0% 3624 MHz:   0% 3756 MHz:   0% 3828 MHz:   0% 3888 MHz:   0% 3948 MHz:   0% 3996 MHz:   0% 4044 MHz:   0% 4104 MHz:   0% 4416 MHz:   0% 4512 MHz:  21%)
CPU 9 idle residency:  29.35%
CPU 9 down residency:  49.17%

P1-Cluster HW active frequency: 4055 MHz
P1-Cluster HW active residency:  51.99% (1260 MHz: .31% 1512 MHz:   0% 1800 MHz:   0% 2088 MHz:   0% 2352 MHz:   0% 2616 MHz:   0% 2868 MHz:   0% 3096 MHz:   0% 3300 MHz:   0% 3468 MHz:   0% 3624 MHz:   0% 3756 MHz:   0% 3828 MHz:   0% 3888 MHz:  12% 3948 MHz:  13% 3996 MHz: 6.2% 4044 MHz:  10% 4104 MHz:   0% 4416 MHz: 4.8% 4512 MHz: 6.3%)
P1-Cluster idle residency:   1.50%
P1-Cluster down residency:  46.52%
CPU 10 frequency: 4512 MHz
CPU 10 active residency:  24.55% (1260 MHz:   0% 1512 MHz:   0% 1800 MHz:   0% 2088 MHz:   0% 2352 MHz:   0% 2616 MHz:   0% 2868 MHz:   0% 3096 MHz:   0% 3300 MHz:   0% 3468 MHz:   0% 3624 MHz:   0% 3756 MHz:   0% 3828 MHz:   0% 3888 MHz:   0% 3948 MHz:   0% 3996 MHz:   0% 4044 MHz:   0% 4104 MHz:   0% 4416 MHz: .04% 4512 MHz:  25%)
CPU 10 idle residency:  29.11%
CPU 10 down residency:  46.34%
CPU 11 frequency: 4512 MHz
CPU 11 active residency:  25.88% (1260 MHz: .00% 1512 MHz:   0% 1800 MHz:   0% 2088 MHz:   0% 2352 MHz:   0% 2616 MHz:   0% 2868 MHz:   0% 3096 MHz:   0% 3300 MHz:   0% 3468 MHz:   0% 3624 MHz:   0% 3756 MHz:   0% 3828 MHz:   0% 3888 MHz:   0% 3948 MHz:   0% 3996 MHz:   0% 4044 MHz:   0% 4104 MHz:   0% 4416 MHz: .05% 4512 MHz:  26%)
CPU 11 idle residency:  27.77%
CPU 11 down residency:  46.34%
CPU 12 frequency: 4512 MHz
CPU 12 active residency:  24.08% (1260 MHz: .00% 1512 MHz:   0% 1800 MHz:   0% 2088 MHz:   0% 2352 MHz:   0% 2616 MHz:   0% 2868 MHz:   0% 3096 MHz:   0% 3300 MHz:   0% 3468 MHz:   0% 3624 MHz:   0% 3756 MHz:   0% 3828 MHz:   0% 3888 MHz:   0% 3948 MHz:   0% 3996 MHz:   0% 4044 MHz:   0% 4104 MHz:   0% 4416 MHz: .05% 4512 MHz:  24%)
CPU 12 idle residency:  29.59%
CPU 12 down residency:  46.34%
CPU 13 frequency: 4512 MHz
CPU 13 active residency:  20.16% (1260 MHz:   0% 1512 MHz:   0% 1800 MHz:   0% 2088 MHz:   0% 2352 MHz:   0% 2616 MHz:   0% 2868 MHz:   0% 3096 MHz:   0% 3300 MHz:   0% 3468 MHz:   0% 3624 MHz:   0% 3756 MHz:   0% 3828 MHz:   0% 3888 MHz:   0% 3948 MHz:   0% 3996 MHz:   0% 4044 MHz:   0% 4104 MHz:   0% 4416 MHz: .04% 4512 MHz:  20%)
CPU 13 idle residency:  33.50%
CPU 13 down residency:  46.34%
CPU 14 frequency: 4512 MHz
CPU 14 active residency:  20.83% (1260 MHz:   0% 1512 MHz:   0% 1800 MHz:   0% 2088 MHz:   0% 2352 MHz:   0% 2616 MHz:   0% 2868 MHz:   0% 3096 MHz:   0% 3300 MHz:   0% 3468 MHz:   0% 3624 MHz:   0% 3756 MHz:   0% 3828 MHz:   0% 3888 MHz:   0% 3948 MHz:   0% 3996 MHz:   0% 4044 MHz:   0% 4104 MHz:   0% 4416 MHz: .04% 4512 MHz:  21%)
CPU 14 idle residency:  32.83%
CPU 14 down residency:  46.34%
CPU 15 frequency: 4512 MHz
CPU 15 active residency:  20.84% (1260 MHz:   0% 1512 MHz:   0% 1800 MHz:   0% 2088 MHz:   0% 2352 MHz:   0% 2616 MHz:   0% 2868 MHz:   0% 3096 MHz:   0% 3300 MHz:   0% 3468 MHz:   0% 3624 MHz:   0% 3756 MHz:   0% 3828 MHz:   0% 3888 MHz:   0% 3948 MHz:   0% 3996 MHz:   0% 4044 MHz:   0% 4104 MHz:   0% 4416 MHz: .04% 4512 MHz:  21%)
CPU 15 idle residency:  32.82%
CPU 15 down residency:  46.34%

CPU Power: 7513 mW
GPU Power: 11993 mW
ANE Power: 0 mW
Combined Power (CPU + GPU + ANE): 19506 mW

**** GPU usage ****

GPU HW active frequency: 1561 MHz
GPU HW active residency:  95.17% (338 MHz: 1.3% 618 MHz:   0% 796 MHz:   0% 924 MHz:   0% 952 MHz:   0% 1056 MHz:   0% 1062 MHz:   0% 1182 MHz:   0% 1182 MHz:   0% 1312 MHz:   0% 1242 MHz:   0% 1380 MHz:   0% 1326 MHz:   0% 1470 MHz:   0% 1578 MHz:  94%)
GPU SW requested state: (P1 :   0% P2 :   0% P3 :   0% P4 :   0% P5 :   0% P6 :   0% P7 :   0% P8 :   0% P9 :   0% P10 : 100% P11 :   0% P12 :   0% P13 :   0% P14 :   0% P15 :   0%)
GPU SW state: (SW_P1 : 1.3% SW_P2 :   0% SW_P3 :   0% SW_P4 :   0% SW_P5 :   0% SW_P6 :   0% SW_P7 :   0% SW_P8 :   0% SW_P9 :   0% SW_P10 :  94% SW_P11 :   0% SW_P12 :   0% SW_P13 :   0% SW_P14 :   0% SW_P15 :   0%)
GPU idle residency:   4.83%
GPU Power: 11947 mW



*** Sampled system activity (Tue Jan 20 15:13:34 2026 +0100) (1021.11ms elapsed) ***


**** Processor usage ****

E-Cluster Online: 100%
E-Cluster HW active frequency: 1182 MHz
E-Cluster HW active residency:  50.31% (1020 MHz:  41% 1404 MHz: 3.4% 1788 MHz: 2.7% 2112 MHz: .44% 2352 MHz: 1.1% 2532 MHz: .80% 2592 MHz: 1.0%)
E-Cluster idle residency:  49.69%
E-Cluster down residency:   0.00%
CPU 0 frequency: 1205 MHz
CPU 0 active residency:  22.22% (1020 MHz:  17% 1404 MHz: 2.0% 1788 MHz: 1.8% 2112 MHz: .07% 2352 MHz: .48% 2532 MHz: .35% 2592 MHz: .44%)
CPU 0 idle residency:  77.78%
CPU 0 down residency:   0.00%
CPU 1 frequency: 1267 MHz
CPU 1 active residency:  15.01% (1020 MHz:  11% 1404 MHz: 1.3% 1788 MHz: 1.7% 2112 MHz: .11% 2352 MHz: .35% 2532 MHz: .37% 2592 MHz: .47%)
CPU 1 idle residency:  84.99%
CPU 1 down residency:   0.00%
CPU 2 frequency: 1319 MHz
CPU 2 active residency:   9.38% (1020 MHz: 6.7% 1404 MHz: .41% 1788 MHz: .90% 2112 MHz: .32% 2352 MHz: .38% 2532 MHz: .40% 2592 MHz: .32%)
CPU 2 idle residency:  90.62%
CPU 2 down residency:   0.00%
CPU 3 frequency: 1274 MHz
CPU 3 active residency:   6.09% (1020 MHz: 4.5% 1404 MHz: .31% 1788 MHz: .53% 2112 MHz: .03% 2352 MHz: .21% 2532 MHz: .21% 2592 MHz: .24%)
CPU 3 idle residency:  93.91%
CPU 3 down residency:   0.00%

P0-Cluster Online: 11%
P0-Cluster HW active frequency: 1830 MHz
P0-Cluster HW active residency:   4.57% (1260 MHz: 3.3% 1512 MHz:   0% 1800 MHz: .12% 2088 MHz:   0% 2352 MHz: .44% 2616 MHz:   0% 2868 MHz:   0% 3096 MHz:   0% 3300 MHz:   0% 3468 MHz:   0% 3624 MHz:   0% 3756 MHz: .00% 3828 MHz:   0% 3888 MHz: .04% 3948 MHz: .12% 3996 MHz: .14% 4044 MHz: .05% 4104 MHz: .04% 4416 MHz: .23% 4512 MHz: .09%)
P0-Cluster idle residency:   6.60%
P0-Cluster down residency:  88.83%
CPU 4 frequency: 4492 MHz
CPU 4 active residency:   3.79% (1260 MHz:   0% 1512 MHz:   0% 1800 MHz:   0% 2088 MHz:   0% 2352 MHz: .00% 2616 MHz:   0% 2868 MHz:   0% 3096 MHz:   0% 3300 MHz:   0% 3468 MHz:   0% 3624 MHz: .02% 3756 MHz: .01% 3828 MHz: .01% 3888 MHz:   0% 3948 MHz: .02% 3996 MHz:   0% 4044 MHz: .06% 4104 MHz:   0% 4416 MHz:   0% 4512 MHz: 3.7%)
CPU 4 idle residency:  10.60%
CPU 4 down residency:  85.61%
CPU 5 frequency: 4473 MHz
CPU 5 active residency:   1.77% (1260 MHz:   0% 1512 MHz:   0% 1800 MHz:   0% 2088 MHz:   0% 2352 MHz: .00% 2616 MHz:   0% 2868 MHz:   0% 3096 MHz:   0% 3300 MHz:   0% 3468 MHz:   0% 3624 MHz: .02% 3756 MHz: .01% 3828 MHz: .01% 3888 MHz:   0% 3948 MHz: .02% 3996 MHz:   0% 4044 MHz: .06% 4104 MHz:   0% 4416 MHz:   0% 4512 MHz: 1.7%)
CPU 5 idle residency:  10.81%
CPU 5 down residency:  87.42%
CPU 6 frequency: 4390 MHz
CPU 6 active residency:   0.56% (1260 MHz:   0% 1512 MHz:   0% 1800 MHz:   0% 2088 MHz:   0% 2352 MHz:   0% 2616 MHz:   0% 2868 MHz:   0% 3096 MHz:   0% 3300 MHz:   0% 3468 MHz:   0% 3624 MHz: .02% 3756 MHz: .01% 3828 MHz: .01% 3888 MHz:   0% 3948 MHz: .02% 3996 MHz:   0% 4044 MHz: .06% 4104 MHz:   0% 4416 MHz:   0% 4512 MHz: .45%)
CPU 6 idle residency:  10.74%
CPU 6 down residency:  88.69%
CPU 7 frequency: 4294 MHz
CPU 7 active residency:   4.59% (1260 MHz: .00% 1512 MHz:   0% 1800 MHz: .00% 2088 MHz:   0% 2352 MHz: .43% 2616 MHz:   0% 2868 MHz:   0% 3096 MHz:   0% 3300 MHz:   0% 3468 MHz:   0% 3624 MHz: .02% 3756 MHz: .01% 3828 MHz: .01% 3888 MHz:   0% 3948 MHz: .02% 3996 MHz:   0% 4044 MHz: .06% 4104 MHz:   0% 4416 MHz:   0% 4512 MHz: 4.0%)
CPU 7 idle residency:  10.00%
CPU 7 down residency:  85.41%
CPU 8 frequency: 4291 MHz
CPU 8 active residency:   3.75% (1260 MHz: .00% 1512 MHz:   0% 1800 MHz: .09% 2088 MHz: .00% 2352 MHz: .23% 2616 MHz:   0% 2868 MHz:   0% 3096 MHz:   0% 3300 MHz:   0% 3468 MHz:   0% 3624 MHz: .02% 3756 MHz: .01% 3828 MHz: .01% 3888 MHz:   0% 3948 MHz: .02% 3996 MHz:   0% 4044 MHz: .06% 4104 MHz:   0% 4416 MHz:   0% 4512 MHz: 3.3%)
CPU 8 idle residency:  10.09%
CPU 8 down residency:  86.16%
CPU 9 frequency: 4412 MHz
CPU 9 active residency:   3.97% (1260 MHz: .00% 1512 MHz:   0% 1800 MHz: .09% 2088 MHz: .00% 2352 MHz: .04% 2616 MHz:   0% 2868 MHz:   0% 3096 MHz:   0% 3300 MHz:   0% 3468 MHz:   0% 3624 MHz: .02% 3756 MHz: .01% 3828 MHz: .01% 3888 MHz:   0% 3948 MHz: .02% 3996 MHz:   0% 4044 MHz: .06% 4104 MHz:   0% 4416 MHz:   0% 4512 MHz: 3.7%)
CPU 9 idle residency:  10.50%
CPU 9 down residency:  85.52%

P1-Cluster HW active frequency: 4019 MHz
P1-Cluster HW active residency:  99.89% (1260 MHz:   0% 1512 MHz:   0% 1800 MHz: .10% 2088 MHz: .03% 2352 MHz:   0% 2616 MHz:   0% 2868 MHz:   0% 3096 MHz:   0% 3300 MHz:   0% 3468 MHz:   0% 3624 MHz:   0% 3756 MHz:   0% 3828 MHz:   0% 3888 MHz:  24% 3948 MHz:  26% 3996 MHz:  24% 4044 MHz:  15% 4104 MHz:   0% 4416 MHz: 5.2% 4512 MHz: 6.7%)
P1-Cluster idle residency:   0.11%
P1-Cluster down residency:   0.00%
CPU 10 frequency: 4507 MHz
CPU 10 active residency:  52.04% (1260 MHz:   0% 1512 MHz:   0% 1800 MHz: .10% 2088 MHz:   0% 2352 MHz:   0% 2616 MHz:   0% 2868 MHz:   0% 3096 MHz:   0% 3300 MHz:   0% 3468 MHz:   0% 3624 MHz:   0% 3756 MHz:   0% 3828 MHz:   0% 3888 MHz:   0% 3948 MHz:   0% 3996 MHz:   0% 4044 MHz:   0% 4104 MHz:   0% 4416 MHz:   0% 4512 MHz:  52%)
CPU 10 idle residency:  47.96%
CPU 10 down residency:   0.00%
CPU 11 frequency: 4502 MHz
CPU 11 active residency:  33.27% (1260 MHz:   0% 1512 MHz:   0% 1800 MHz: .10% 2088 MHz: .03% 2352 MHz:   0% 2616 MHz:   0% 2868 MHz:   0% 3096 MHz:   0% 3300 MHz:   0% 3468 MHz:   0% 3624 MHz:   0% 3756 MHz:   0% 3828 MHz:   0% 3888 MHz:   0% 3948 MHz:   0% 3996 MHz:   0% 4044 MHz:   0% 4104 MHz:   0% 4416 MHz:   0% 4512 MHz:  33%)
CPU 11 idle residency:  66.73%
CPU 11 down residency:   0.00%
CPU 12 frequency: 4507 MHz
CPU 12 active residency:  50.48% (1260 MHz:   0% 1512 MHz:   0% 1800 MHz: .10% 2088 MHz:   0% 2352 MHz:   0% 2616 MHz:   0% 2868 MHz:   0% 3096 MHz:   0% 3300 MHz:   0% 3468 MHz:   0% 3624 MHz:   0% 3756 MHz:   0% 3828 MHz:   0% 3888 MHz:   0% 3948 MHz:   0% 3996 MHz:   0% 4044 MHz:   0% 4104 MHz:   0% 4416 MHz:   0% 4512 MHz:  50%)
CPU 12 idle residency:  49.52%
CPU 12 down residency:   0.00%
CPU 13 frequency: 4506 MHz
CPU 13 active residency:  45.59% (1260 MHz:   0% 1512 MHz:   0% 1800 MHz: .10% 2088 MHz:   0% 2352 MHz:   0% 2616 MHz:   0% 2868 MHz:   0% 3096 MHz:   0% 3300 MHz:   0% 3468 MHz:   0% 3624 MHz:   0% 3756 MHz:   0% 3828 MHz:   0% 3888 MHz:   0% 3948 MHz:   0% 3996 MHz:   0% 4044 MHz:   0% 4104 MHz:   0% 4416 MHz:   0% 4512 MHz:  45%)
CPU 13 idle residency:  54.41%
CPU 13 down residency:   0.00%
CPU 14 frequency: 4507 MHz
CPU 14 active residency:  51.07% (1260 MHz:   0% 1512 MHz:   0% 1800 MHz: .10% 2088 MHz:   0% 2352 MHz:   0% 2616 MHz:   0% 2868 MHz:   0% 3096 MHz:   0% 3300 MHz:   0% 3468 MHz:   0% 3624 MHz:   0% 3756 MHz:   0% 3828 MHz:   0% 3888 MHz:   0% 3948 MHz:   0% 3996 MHz:   0% 4044 MHz:   0% 4104 MHz:   0% 4416 MHz:   0% 4512 MHz:  51%)
CPU 14 idle residency:  48.93%
CPU 14 down residency:   0.00%
CPU 15 frequency: 4507 MHz
CPU 15 active residency:  49.89% (1260 MHz:   0% 1512 MHz:   0% 1800 MHz: .10% 2088 MHz: .00% 2352 MHz:   0% 2616 MHz:   0% 2868 MHz:   0% 3096 MHz:   0% 3300 MHz:   0% 3468 MHz:   0% 3624 MHz:   0% 3756 MHz:   0% 3828 MHz:   0% 3888 MHz:   0% 3948 MHz:   0% 3996 MHz:   0% 4044 MHz:   0% 4104 MHz:   0% 4416 MHz:   0% 4512 MHz:  50%)
CPU 15 idle residency:  50.11%
CPU 15 down residency:   0.00%

CPU Power: 7120 mW
GPU Power: 12049 mW
ANE Power: 0 mW
Combined Power (CPU + GPU + ANE): 19168 mW

**** GPU usage ****

GPU HW active frequency: 1560 MHz
GPU HW active residency:  95.42% (338 MHz: 1.4% 618 MHz:   0% 796 MHz:   0% 924 MHz:   0% 952 MHz:   0% 1056 MHz:   0% 1062 MHz:   0% 1182 MHz:   0% 1182 MHz:   0% 1312 MHz:   0% 1242 MHz:   0% 1380 MHz:   0% 1326 MHz:   0% 1470 MHz:   0% 1578 MHz:  94%)
GPU SW requested state: (P1 :   0% P2 :   0% P3 :   0% P4 :   0% P5 :   0% P6 :   0% P7 :   0% P8 :   0% P9 :   0% P10 : 100% P11 :   0% P12 :   0% P13 :   0% P14 :   0% P15 :   0%)
GPU SW state: (SW_P1 : 1.4% SW_P2 :   0% SW_P3 :   0% SW_P4 :   0% SW_P5 :   0% SW_P6 :   0% SW_P7 :   0% SW_P8 :   0% SW_P9 :   0% SW_P10 :  94% SW_P11 :   0% SW_P12 :   0% SW_P13 :   0% SW_P14 :   0% SW_P15 :   0%)
GPU idle residency:   4.58%
GPU Power: 12208 mW



*** Sampled system activity (Tue Jan 20 15:13:35 2026 +0100) (1021.44ms elapsed) ***


**** Processor usage ****

E-Cluster Online: 100%
E-Cluster HW active frequency: 1363 MHz
E-Cluster HW active residency:  54.26% (1020 MHz:  38% 1404 MHz: 2.4% 1788 MHz: 3.1% 2112 MHz: .67% 2352 MHz: 2.8% 2532 MHz: 3.7% 2592 MHz: 3.3%)
E-Cluster idle residency:  45.74%
E-Cluster down residency:   0.00%
CPU 0 frequency: 1459 MHz
CPU 0 active residency:  24.83% (1020 MHz:  15% 1404 MHz: 1.1% 1788 MHz: 2.0% 2112 MHz: .51% 2352 MHz: 2.0% 2532 MHz: 1.8% 2592 MHz: 1.9%)
CPU 0 idle residency:  75.17%
CPU 0 down residency:   0.00%
CPU 1 frequency: 1416 MHz
CPU 1 active residency:  16.36% (1020 MHz:  11% 1404 MHz: .87% 1788 MHz: 1.1% 2112 MHz: .12% 2352 MHz: .63% 2532 MHz: 1.6% 2592 MHz: 1.2%)
CPU 1 idle residency:  83.64%
CPU 1 down residency:   0.00%
CPU 2 frequency: 1455 MHz
CPU 2 active residency:  10.58% (1020 MHz: 6.6% 1404 MHz: .81% 1788 MHz: .49% 2112 MHz: .06% 2352 MHz: .63% 2532 MHz: 1.4% 2592 MHz: .57%)
CPU 2 idle residency:  89.42%
CPU 2 down residency:   0.00%
CPU 3 frequency: 1545 MHz
CPU 3 active residency:   6.81% (1020 MHz: 3.5% 1404 MHz: .70% 1788 MHz: .71% 2112 MHz: .12% 2352 MHz: .44% 2532 MHz: .88% 2592 MHz: .45%)
CPU 3 idle residency:  93.19%
CPU 3 down residency:   0.00%

P0-Cluster Online: 7%
P0-Cluster HW active frequency: 2183 MHz
P0-Cluster HW active residency:   1.84% (1260 MHz: 1.3% 1512 MHz:   0% 1800 MHz:   0% 2088 MHz:   0% 2352 MHz:   0% 2616 MHz:   0% 2868 MHz:   0% 3096 MHz:   0% 3300 MHz:   0% 3468 MHz:   0% 3624 MHz:   0% 3756 MHz:   0% 3828 MHz:   0% 3888 MHz: .03% 3948 MHz: .04% 3996 MHz: .05% 4044 MHz: .03% 4104 MHz: .26% 4416 MHz: .11% 4512 MHz: .06%)
P0-Cluster idle residency:   4.20%
P0-Cluster down residency:  93.96%
CPU 4 frequency: 4207 MHz
CPU 4 active residency:   0.15% (1260 MHz: .00% 1512 MHz:   0% 1800 MHz: .00% 2088 MHz:   0% 2352 MHz:   0% 2616 MHz:   0% 2868 MHz:   0% 3096 MHz:   0% 3300 MHz:   0% 3468 MHz:   0% 3624 MHz:   0% 3756 MHz:   0% 3828 MHz:   0% 3888 MHz:   0% 3948 MHz:   0% 3996 MHz:   0% 4044 MHz:   0% 4104 MHz: .07% 4416 MHz: .07% 4512 MHz: .00%)
CPU 4 idle residency:   5.83%
CPU 4 down residency:  94.03%
CPU 5 frequency: 4277 MHz
CPU 5 active residency:   0.15% (1260 MHz:   0% 1512 MHz:   0% 1800 MHz:   0% 2088 MHz:   0% 2352 MHz:   0% 2616 MHz:   0% 2868 MHz:   0% 3096 MHz:   0% 3300 MHz:   0% 3468 MHz:   0% 3624 MHz:   0% 3756 MHz:   0% 3828 MHz:   0% 3888 MHz:   0% 3948 MHz:   0% 3996 MHz:   0% 4044 MHz:   0% 4104 MHz: .07% 4416 MHz: .07% 4512 MHz: .01%)
CPU 5 idle residency:   5.80%
CPU 5 down residency:  94.05%
CPU 6 frequency: 4425 MHz
CPU 6 active residency:   0.40% (1260 MHz:   0% 1512 MHz:   0% 1800 MHz:   0% 2088 MHz:   0% 2352 MHz:   0% 2616 MHz:   0% 2868 MHz:   0% 3096 MHz:   0% 3300 MHz:   0% 3468 MHz:   0% 3624 MHz:   0% 3756 MHz:   0% 3828 MHz:   0% 3888 MHz:   0% 3948 MHz:   0% 3996 MHz:   0% 4044 MHz:   0% 4104 MHz: .07% 4416 MHz: .07% 4512 MHz: .26%)
CPU 6 idle residency:   5.82%
CPU 6 down residency:  93.77%
CPU 7 frequency: 4251 MHz
CPU 7 active residency:   0.15% (1260 MHz: .00% 1512 MHz:   0% 1800 MHz: .00% 2088 MHz:   0% 2352 MHz:   0% 2616 MHz:   0% 2868 MHz:   0% 3096 MHz:   0% 3300 MHz:   0% 3468 MHz:   0% 3624 MHz:   0% 3756 MHz:   0% 3828 MHz:   0% 3888 MHz:   0% 3948 MHz:   0% 3996 MHz:   0% 4044 MHz:   0% 4104 MHz: .07% 4416 MHz: .07% 4512 MHz: .01%)
CPU 7 idle residency:   5.83%
CPU 7 down residency:  94.01%
CPU 8 frequency: 4389 MHz
CPU 8 active residency:   0.41% (1260 MHz: .00% 1512 MHz:   0% 1800 MHz: .00% 2088 MHz:   0% 2352 MHz:   0% 2616 MHz:   0% 2868 MHz:   0% 3096 MHz:   0% 3300 MHz:   0% 3468 MHz:   0% 3624 MHz:   0% 3756 MHz:   0% 3828 MHz:   0% 3888 MHz:   0% 3948 MHz:   0% 3996 MHz:   0% 4044 MHz:   0% 4104 MHz: .07% 4416 MHz: .07% 4512 MHz: .26%)
CPU 8 idle residency:   5.82%
CPU 8 down residency:  93.77%
CPU 9 frequency: 4151 MHz
CPU 9 active residency:   0.17% (1260 MHz: .00% 1512 MHz:   0% 1800 MHz: .01% 2088 MHz:   0% 2352 MHz:   0% 2616 MHz:   0% 2868 MHz:   0% 3096 MHz:   0% 3300 MHz:   0% 3468 MHz:   0% 3624 MHz:   0% 3756 MHz:   0% 3828 MHz:   0% 3888 MHz:   0% 3948 MHz:   0% 3996 MHz:   0% 4044 MHz:   0% 4104 MHz: .07% 4416 MHz: .07% 4512 MHz: .02%)
CPU 9 idle residency:   5.83%
CPU 9 down residency:  94.00%

P1-Cluster HW active frequency: 4009 MHz
P1-Cluster HW active residency:  99.90% (1260 MHz:   0% 1512 MHz:   0% 1800 MHz:   0% 2088 MHz:   0% 2352 MHz:   0% 2616 MHz:   0% 2868 MHz:   0% 3096 MHz:   0% 3300 MHz:   0% 3468 MHz:   0% 3624 MHz:   0% 3756 MHz:   0% 3828 MHz:   0% 3888 MHz:  25% 3948 MHz:  25% 3996 MHz:  25% 4044 MHz:  14% 4104 MHz:   0% 4416 MHz: 4.2% 4512 MHz: 5.5%)
P1-Cluster idle residency:   0.10%
P1-Cluster down residency:   0.00%
CPU 10 frequency: 4512 MHz
CPU 10 active residency:  52.65% (1260 MHz:   0% 1512 MHz:   0% 1800 MHz:   0% 2088 MHz:   0% 2352 MHz:   0% 2616 MHz:   0% 2868 MHz:   0% 3096 MHz:   0% 3300 MHz:   0% 3468 MHz:   0% 3624 MHz:   0% 3756 MHz:   0% 3828 MHz:   0% 3888 MHz:   0% 3948 MHz:   0% 3996 MHz:   0% 4044 MHz:   0% 4104 MHz:   0% 4416 MHz:   0% 4512 MHz:  53%)
CPU 10 idle residency:  47.35%
CPU 10 down residency:   0.00%
CPU 11 frequency: 4512 MHz
CPU 11 active residency:  52.48% (1260 MHz:   0% 1512 MHz:   0% 1800 MHz:   0% 2088 MHz:   0% 2352 MHz:   0% 2616 MHz:   0% 2868 MHz:   0% 3096 MHz:   0% 3300 MHz:   0% 3468 MHz:   0% 3624 MHz:   0% 3756 MHz:   0% 3828 MHz:   0% 3888 MHz:   0% 3948 MHz:   0% 3996 MHz:   0% 4044 MHz:   0% 4104 MHz:   0% 4416 MHz:   0% 4512 MHz:  52%)
CPU 11 idle residency:  47.52%
CPU 11 down residency:   0.00%
CPU 12 frequency: 4512 MHz
CPU 12 active residency:  38.30% (1260 MHz:   0% 1512 MHz:   0% 1800 MHz:   0% 2088 MHz:   0% 2352 MHz:   0% 2616 MHz:   0% 2868 MHz:   0% 3096 MHz:   0% 3300 MHz:   0% 3468 MHz:   0% 3624 MHz:   0% 3756 MHz:   0% 3828 MHz:   0% 3888 MHz:   0% 3948 MHz:   0% 3996 MHz:   0% 4044 MHz:   0% 4104 MHz:   0% 4416 MHz:   0% 4512 MHz:  38%)
CPU 12 idle residency:  61.70%
CPU 12 down residency:   0.00%
CPU 13 frequency: 4512 MHz
CPU 13 active residency:  47.23% (1260 MHz:   0% 1512 MHz:   0% 1800 MHz:   0% 2088 MHz:   0% 2352 MHz:   0% 2616 MHz:   0% 2868 MHz:   0% 3096 MHz:   0% 3300 MHz:   0% 3468 MHz:   0% 3624 MHz:   0% 3756 MHz:   0% 3828 MHz:   0% 3888 MHz:   0% 3948 MHz:   0% 3996 MHz:   0% 4044 MHz:   0% 4104 MHz:   0% 4416 MHz:   0% 4512 MHz:  47%)
CPU 13 idle residency:  52.77%
CPU 13 down residency:   0.00%
CPU 14 frequency: 4512 MHz
CPU 14 active residency:  48.83% (1260 MHz:   0% 1512 MHz:   0% 1800 MHz:   0% 2088 MHz:   0% 2352 MHz:   0% 2616 MHz:   0% 2868 MHz:   0% 3096 MHz:   0% 3300 MHz:   0% 3468 MHz:   0% 3624 MHz:   0% 3756 MHz:   0% 3828 MHz:   0% 3888 MHz:   0% 3948 MHz:   0% 3996 MHz:   0% 4044 MHz:   0% 4104 MHz:   0% 4416 MHz:   0% 4512 MHz:  49%)
CPU 14 idle residency:  51.17%
CPU 14 down residency:   0.00%
CPU 15 frequency: 4512 MHz
CPU 15 active residency:  48.15% (1260 MHz:   0% 1512 MHz:   0% 1800 MHz:   0% 2088 MHz:   0% 2352 MHz:   0% 2616 MHz:   0% 2868 MHz:   0% 3096 MHz:   0% 3300 MHz:   0% 3468 MHz:   0% 3624 MHz:   0% 3756 MHz:   0% 3828 MHz:   0% 3888 MHz:   0% 3948 MHz:   0% 3996 MHz:   0% 4044 MHz:   0% 4104 MHz:   0% 4416 MHz:   0% 4512 MHz:  48%)
CPU 15 idle residency:  51.85%
CPU 15 down residency:   0.00%

CPU Power: 7417 mW
GPU Power: 12018 mW
ANE Power: 0 mW
Combined Power (CPU + GPU + ANE): 19435 mW

**** GPU usage ****

GPU HW active frequency: 1561 MHz
GPU HW active residency:  95.16% (338 MHz: 1.3% 618 MHz:   0% 796 MHz:   0% 924 MHz:   0% 952 MHz:   0% 1056 MHz:   0% 1062 MHz:   0% 1182 MHz:   0% 1182 MHz:   0% 1312 MHz:   0% 1242 MHz:   0% 1380 MHz:   0% 1326 MHz:   0% 1470 MHz:   0% 1578 MHz:  94%)
GPU SW requested state: (P1 :   0% P2 :   0% P3 :   0% P4 :   0% P5 :   0% P6 :   0% P7 :   0% P8 :   0% P9 :   0% P10 : 100% P11 :   0% P12 :   0% P13 :   0% P14 :   0% P15 :   0%)
GPU SW state: (SW_P1 : 1.3% SW_P2 :   0% SW_P3 :   0% SW_P4 :   0% SW_P5 :   0% SW_P6 :   0% SW_P7 :   0% SW_P8 :   0% SW_P9 :   0% SW_P10 :  94% SW_P11 :   0% SW_P12 :   0% SW_P13 :   0% SW_P14 :   0% SW_P15 :   0%)
GPU idle residency:   4.84%
GPU Power: 11976 mW



*** Sampled system activity (Tue Jan 20 15:13:36 2026 +0100) (1021.40ms elapsed) ***


**** Processor usage ****

E-Cluster Online: 100%
E-Cluster HW active frequency: 1257 MHz
E-Cluster HW active residency:  54.32% (1020 MHz:  42% 1404 MHz: 3.2% 1788 MHz: 3.0% 2112 MHz: .56% 2352 MHz: 1.4% 2532 MHz: 1.4% 2592 MHz: 3.1%)
E-Cluster idle residency:  45.68%
E-Cluster down residency:   0.00%
CPU 0 frequency: 1310 MHz
CPU 0 active residency:  24.35% (1020 MHz:  17% 1404 MHz: 1.8% 1788 MHz: 1.7% 2112 MHz: .19% 2352 MHz: .88% 2532 MHz: .65% 2592 MHz: 1.7%)
CPU 0 idle residency:  75.65%
CPU 0 down residency:   0.00%
CPU 1 frequency: 1354 MHz
CPU 1 active residency:  16.12% (1020 MHz:  11% 1404 MHz: .60% 1788 MHz: 1.3% 2112 MHz: .45% 2352 MHz: .66% 2532 MHz: .56% 2592 MHz: 1.2%)
CPU 1 idle residency:  83.88%
CPU 1 down residency:   0.00%
CPU 2 frequency: 1296 MHz
CPU 2 active residency:   8.87% (1020 MHz: 6.6% 1404 MHz: .18% 1788 MHz: .96% 2112 MHz: .03% 2352 MHz: .32% 2532 MHz: .23% 2592 MHz: .53%)
CPU 2 idle residency:  91.13%
CPU 2 down residency:   0.00%
CPU 3 frequency: 1366 MHz
CPU 3 active residency:   7.86% (1020 MHz: 5.4% 1404 MHz: .41% 1788 MHz: .76% 2112 MHz: .01% 2352 MHz: .35% 2532 MHz: .41% 2592 MHz: .56%)
CPU 3 idle residency:  92.14%
CPU 3 down residency:   0.00%

P0-Cluster Online: 10%
P0-Cluster HW active frequency: 2059 MHz
P0-Cluster HW active residency:   3.82% (1260 MHz: 2.6% 1512 MHz:   0% 1800 MHz: .08% 2088 MHz:   0% 2352 MHz:   0% 2616 MHz:   0% 2868 MHz:   0% 3096 MHz:   0% 3300 MHz: .02% 3468 MHz: .06% 3624 MHz:   0% 3756 MHz: .02% 3828 MHz:   0% 3888 MHz: .11% 3948 MHz: .10% 3996 MHz: .23% 4044 MHz: .47% 4104 MHz:   0% 4416 MHz: .09% 4512 MHz:   0%)
P0-Cluster idle residency:   4.52%
P0-Cluster down residency:  91.66%
CPU 4 frequency: 3994 MHz
CPU 4 active residency:   0.17% (1260 MHz: .00% 1512 MHz:   0% 1800 MHz:   0% 2088 MHz:   0% 2352 MHz:   0% 2616 MHz:   0% 2868 MHz:   0% 3096 MHz:   0% 3300 MHz: .02% 3468 MHz:   0% 3624 MHz:   0% 3756 MHz:   0% 3828 MHz:   0% 3888 MHz: .01% 3948 MHz: .02% 3996 MHz: .01% 4044 MHz: .02% 4104 MHz: .04% 4416 MHz:   0% 4512 MHz: .04%)
CPU 4 idle residency:   8.14%
CPU 4 down residency:  91.68%
CPU 5 frequency: 4010 MHz
CPU 5 active residency:   0.17% (1260 MHz:   0% 1512 MHz:   0% 1800 MHz:   0% 2088 MHz:   0% 2352 MHz:   0% 2616 MHz:   0% 2868 MHz:   0% 3096 MHz:   0% 3300 MHz: .02% 3468 MHz:   0% 3624 MHz:   0% 3756 MHz:   0% 3828 MHz:   0% 3888 MHz: .01% 3948 MHz: .02% 3996 MHz: .01% 4044 MHz: .02% 4104 MHz: .04% 4416 MHz:   0% 4512 MHz: .03%)
CPU 5 idle residency:   8.15%
CPU 5 down residency:  91.69%
CPU 6 frequency: 3985 MHz
CPU 6 active residency:   0.16% (1260 MHz:   0% 1512 MHz:   0% 1800 MHz:   0% 2088 MHz:   0% 2352 MHz:   0% 2616 MHz:   0% 2868 MHz:   0% 3096 MHz:   0% 3300 MHz: .02% 3468 MHz:   0% 3624 MHz:   0% 3756 MHz:   0% 3828 MHz:   0% 3888 MHz: .01% 3948 MHz: .02% 3996 MHz: .01% 4044 MHz: .02% 4104 MHz: .04% 4416 MHz:   0% 4512 MHz: .02%)
CPU 6 idle residency:   8.15%
CPU 6 down residency:  91.69%
CPU 7 frequency: 4382 MHz
CPU 7 active residency:   0.84% (1260 MHz: .01% 1512 MHz:   0% 1800 MHz: .00% 2088 MHz:   0% 2352 MHz:   0% 2616 MHz:   0% 2868 MHz:   0% 3096 MHz:   0% 3300 MHz: .02% 3468 MHz:   0% 3624 MHz:   0% 3756 MHz:   0% 3828 MHz:   0% 3888 MHz: .01% 3948 MHz: .03% 3996 MHz: .01% 4044 MHz: .03% 4104 MHz: .04% 4416 MHz:   0% 4512 MHz: .69%)
CPU 7 idle residency:   7.49%
CPU 7 down residency:  91.67%
CPU 8 frequency: 3669 MHz
CPU 8 active residency:   0.40% (1260 MHz: .00% 1512 MHz:   0% 1800 MHz: .08% 2088 MHz:   0% 2352 MHz:   0% 2616 MHz:   0% 2868 MHz:   0% 3096 MHz:   0% 3300 MHz: .03% 3468 MHz:   0% 3624 MHz:   0% 3756 MHz:   0% 3828 MHz:   0% 3888 MHz: .01% 3948 MHz: .02% 3996 MHz: .01% 4044 MHz: .09% 4104 MHz: .04% 4416 MHz:   0% 4512 MHz: .12%)
CPU 8 idle residency:   7.92%
CPU 8 down residency:  91.68%
CPU 9 frequency: 4340 MHz
CPU 9 active residency:   0.55% (1260 MHz: .00% 1512 MHz:   0% 1800 MHz: .00% 2088 MHz:   0% 2352 MHz:   0% 2616 MHz:   0% 2868 MHz:   0% 3096 MHz:   0% 3300 MHz: .02% 3468 MHz:   0% 3624 MHz:   0% 3756 MHz:   0% 3828 MHz:   0% 3888 MHz: .01% 3948 MHz: .02% 3996 MHz: .01% 4044 MHz: .03% 4104 MHz: .04% 4416 MHz:   0% 4512 MHz: .40%)
CPU 9 idle residency:   7.79%
CPU 9 down residency:  91.66%

P1-Cluster HW active frequency: 4025 MHz
P1-Cluster HW active residency:  99.82% (1260 MHz: .02% 1512 MHz:   0% 1800 MHz: .02% 2088 MHz:   0% 2352 MHz:   0% 2616 MHz:   0% 2868 MHz:   0% 3096 MHz:   0% 3300 MHz:   0% 3468 MHz:   0% 3624 MHz:   0% 3756 MHz:   0% 3828 MHz: .00% 3888 MHz:  24% 3948 MHz:  26% 3996 MHz:  22% 4044 MHz:  15% 4104 MHz:   0% 4416 MHz: 5.6% 4512 MHz: 7.3%)
P1-Cluster idle residency:   0.18%
P1-Cluster down residency:   0.00%
CPU 10 frequency: 4512 MHz
CPU 10 active residency:  49.40% (1260 MHz:   0% 1512 MHz:   0% 1800 MHz: .00% 2088 MHz:   0% 2352 MHz:   0% 2616 MHz:   0% 2868 MHz:   0% 3096 MHz:   0% 3300 MHz:   0% 3468 MHz:   0% 3624 MHz:   0% 3756 MHz:   0% 3828 MHz:   0% 3888 MHz:   0% 3948 MHz:   0% 3996 MHz: .00% 4044 MHz: .01% 4104 MHz:   0% 4416 MHz:   0% 4512 MHz:  49%)
CPU 10 idle residency:  50.60%
CPU 10 down residency:   0.00%
CPU 11 frequency: 4511 MHz
CPU 11 active residency:  43.92% (1260 MHz:   0% 1512 MHz:   0% 1800 MHz: .02% 2088 MHz:   0% 2352 MHz:   0% 2616 MHz:   0% 2868 MHz:   0% 3096 MHz:   0% 3300 MHz:   0% 3468 MHz:   0% 3624 MHz:   0% 3756 MHz:   0% 3828 MHz:   0% 3888 MHz:   0% 3948 MHz:   0% 3996 MHz:   0% 4044 MHz: .00% 4104 MHz:   0% 4416 MHz:   0% 4512 MHz:  44%)
CPU 11 idle residency:  56.08%
CPU 11 down residency:   0.00%
CPU 12 frequency: 4512 MHz
CPU 12 active residency:  46.58% (1260 MHz:   0% 1512 MHz:   0% 1800 MHz: .00% 2088 MHz:   0% 2352 MHz:   0% 2616 MHz:   0% 2868 MHz:   0% 3096 MHz:   0% 3300 MHz:   0% 3468 MHz:   0% 3624 MHz:   0% 3756 MHz:   0% 3828 MHz:   0% 3888 MHz:   0% 3948 MHz:   0% 3996 MHz:   0% 4044 MHz: .00% 4104 MHz:   0% 4416 MHz:   0% 4512 MHz:  47%)
CPU 12 idle residency:  53.42%
CPU 12 down residency:   0.00%
CPU 13 frequency: 4511 MHz
CPU 13 active residency:  50.67% (1260 MHz:   0% 1512 MHz:   0% 1800 MHz: .02% 2088 MHz:   0% 2352 MHz:   0% 2616 MHz:   0% 2868 MHz:   0% 3096 MHz:   0% 3300 MHz:   0% 3468 MHz:   0% 3624 MHz:   0% 3756 MHz:   0% 3828 MHz:   0% 3888 MHz:   0% 3948 MHz:   0% 3996 MHz: .00% 4044 MHz: .00% 4104 MHz:   0% 4416 MHz:   0% 4512 MHz:  51%)
CPU 13 idle residency:  49.33%
CPU 13 down residency:   0.00%
CPU 14 frequency: 4512 MHz
CPU 14 active residency:  53.09% (1260 MHz:   0% 1512 MHz:   0% 1800 MHz: .01% 2088 MHz:   0% 2352 MHz:   0% 2616 MHz:   0% 2868 MHz:   0% 3096 MHz:   0% 3300 MHz:   0% 3468 MHz:   0% 3624 MHz:   0% 3756 MHz:   0% 3828 MHz:   0% 3888 MHz:   0% 3948 MHz:   0% 3996 MHz:   0% 4044 MHz: .02% 4104 MHz:   0% 4416 MHz:   0% 4512 MHz:  53%)
CPU 14 idle residency:  46.91%
CPU 14 down residency:   0.00%
CPU 15 frequency: 4511 MHz
CPU 15 active residency:  41.66% (1260 MHz: .00% 1512 MHz:   0% 1800 MHz: .01% 2088 MHz:   0% 2352 MHz:   0% 2616 MHz:   0% 2868 MHz:   0% 3096 MHz:   0% 3300 MHz:   0% 3468 MHz:   0% 3624 MHz:   0% 3756 MHz:   0% 3828 MHz:   0% 3888 MHz:   0% 3948 MHz:   0% 3996 MHz: .00% 4044 MHz: .01% 4104 MHz:   0% 4416 MHz:   0% 4512 MHz:  42%)
CPU 15 idle residency:  58.34%
CPU 15 down residency:   0.00%

CPU Power: 7218 mW
GPU Power: 11845 mW
ANE Power: 0 mW
Combined Power (CPU + GPU + ANE): 19063 mW

**** GPU usage ****

GPU HW active frequency: 1560 MHz
GPU HW active residency:  95.36% (338 MHz: 1.3% 618 MHz:   0% 796 MHz:   0% 924 MHz:   0% 952 MHz:   0% 1056 MHz:   0% 1062 MHz:   0% 1182 MHz:   0% 1182 MHz:   0% 1312 MHz:   0% 1242 MHz:   0% 1380 MHz:   0% 1326 MHz:   0% 1470 MHz:   0% 1578 MHz:  94%)
GPU SW requested state: (P1 :   0% P2 :   0% P3 :   0% P4 :   0% P5 :   0% P6 :   0% P7 :   0% P8 :   0% P9 :   0% P10 : 100% P11 :   0% P12 :   0% P13 :   0% P14 :   0% P15 :   0%)
GPU SW state: (SW_P1 : 1.3% SW_P2 :   0% SW_P3 :   0% SW_P4 :   0% SW_P5 :   0% SW_P6 :   0% SW_P7 :   0% SW_P8 :   0% SW_P9 :   0% SW_P10 :  94% SW_P11 :   0% SW_P12 :   0% SW_P13 :   0% SW_P14 :   0% SW_P15 :   0%)
GPU idle residency:   4.64%
GPU Power: 11727 mW



*** Sampled system activity (Tue Jan 20 15:13:37 2026 +0100) (1020.26ms elapsed) ***


**** Processor usage ****

E-Cluster Online: 100%
E-Cluster HW active frequency: 1224 MHz
E-Cluster HW active residency:  65.50% (1020 MHz:  51% 1404 MHz: 5.4% 1788 MHz: 2.8% 2112 MHz: 1.1% 2352 MHz: .55% 2532 MHz: 1.5% 2592 MHz: 3.1%)
E-Cluster idle residency:  34.50%
E-Cluster down residency:   0.00%
CPU 0 frequency: 1260 MHz
CPU 0 active residency:  37.04% (1020 MHz:  27% 1404 MHz: 3.6% 1788 MHz: 2.1% 2112 MHz: .85% 2352 MHz: .46% 2532 MHz: 1.0% 2592 MHz: 1.8%)
CPU 0 idle residency:  62.96%
CPU 0 down residency:   0.00%
CPU 1 frequency: 1248 MHz
CPU 1 active residency:  25.10% (1020 MHz:  19% 1404 MHz: 2.5% 1788 MHz: 1.6% 2112 MHz: .46% 2352 MHz: .29% 2532 MHz: .43% 2592 MHz: 1.3%)
CPU 1 idle residency:  74.90%
CPU 1 down residency:   0.00%
CPU 2 frequency: 1256 MHz
CPU 2 active residency:  18.44% (1020 MHz:  14% 1404 MHz: 1.8% 1788 MHz: .91% 2112 MHz: .37% 2352 MHz: .12% 2532 MHz: .70% 2592 MHz: .84%)
CPU 2 idle residency:  81.56%
CPU 2 down residency:   0.00%
CPU 3 frequency: 1307 MHz
CPU 3 active residency:  14.31% (1020 MHz: 9.9% 1404 MHz: 1.7% 1788 MHz: .67% 2112 MHz: .40% 2352 MHz: .09% 2532 MHz: .60% 2592 MHz: .94%)
CPU 3 idle residency:  85.69%
CPU 3 down residency:   0.00%

P0-Cluster Online: 58%
P0-Cluster HW active frequency: 4039 MHz
P0-Cluster HW active residency:  56.62% (1260 MHz: .16% 1512 MHz:   0% 1800 MHz:   0% 2088 MHz:   0% 2352 MHz:   0% 2616 MHz:   0% 2868 MHz:   0% 3096 MHz:   0% 3300 MHz:   0% 3468 MHz:   0% 3624 MHz:   0% 3756 MHz:   0% 3828 MHz:   0% 3888 MHz:  13% 3948 MHz:  17% 3996 MHz: 9.0% 4044 MHz: 8.2% 4104 MHz:   0% 4416 MHz: 4.2% 4512 MHz: 5.5%)
P0-Cluster idle residency:   0.82%
P0-Cluster down residency:  42.56%
CPU 4 frequency: 4511 MHz
CPU 4 active residency:  28.03% (1260 MHz:   0% 1512 MHz:   0% 1800 MHz:   0% 2088 MHz:   0% 2352 MHz:   0% 2616 MHz:   0% 2868 MHz:   0% 3096 MHz:   0% 3300 MHz:   0% 3468 MHz:   0% 3624 MHz:   0% 3756 MHz:   0% 3828 MHz:   0% 3888 MHz:   0% 3948 MHz: .03% 3996 MHz:   0% 4044 MHz: .02% 4104 MHz:   0% 4416 MHz: .03% 4512 MHz:  28%)
CPU 4 idle residency:  29.46%
CPU 4 down residency:  42.51%
CPU 5 frequency: 4511 MHz
CPU 5 active residency:  25.08% (1260 MHz: .00% 1512 MHz:   0% 1800 MHz:   0% 2088 MHz:   0% 2352 MHz:   0% 2616 MHz:   0% 2868 MHz:   0% 3096 MHz:   0% 3300 MHz:   0% 3468 MHz:   0% 3624 MHz:   0% 3756 MHz:   0% 3828 MHz:   0% 3888 MHz:   0% 3948 MHz: .03% 3996 MHz:   0% 4044 MHz: .02% 4104 MHz:   0% 4416 MHz: .03% 4512 MHz:  25%)
CPU 5 idle residency:  32.41%
CPU 5 down residency:  42.51%
CPU 6 frequency: 4511 MHz
CPU 6 active residency:  24.06% (1260 MHz:   0% 1512 MHz:   0% 1800 MHz:   0% 2088 MHz:   0% 2352 MHz:   0% 2616 MHz:   0% 2868 MHz:   0% 3096 MHz:   0% 3300 MHz:   0% 3468 MHz:   0% 3624 MHz:   0% 3756 MHz:   0% 3828 MHz:   0% 3888 MHz:   0% 3948 MHz: .03% 3996 MHz:   0% 4044 MHz: .02% 4104 MHz:   0% 4416 MHz: .03% 4512 MHz:  24%)
CPU 6 idle residency:  33.43%
CPU 6 down residency:  42.51%
CPU 7 frequency: 4511 MHz
CPU 7 active residency:  26.04% (1260 MHz: .00% 1512 MHz:   0% 1800 MHz:   0% 2088 MHz:   0% 2352 MHz:   0% 2616 MHz:   0% 2868 MHz:   0% 3096 MHz:   0% 3300 MHz:   0% 3468 MHz:   0% 3624 MHz:   0% 3756 MHz:   0% 3828 MHz:   0% 3888 MHz:   0% 3948 MHz: .03% 3996 MHz:   0% 4044 MHz: .02% 4104 MHz:   0% 4416 MHz: .03% 4512 MHz:  26%)
CPU 7 idle residency:  31.46%
CPU 7 down residency:  42.51%
CPU 8 frequency: 4511 MHz
CPU 8 active residency:  28.58% (1260 MHz:   0% 1512 MHz:   0% 1800 MHz:   0% 2088 MHz:   0% 2352 MHz:   0% 2616 MHz:   0% 2868 MHz:   0% 3096 MHz:   0% 3300 MHz:   0% 3468 MHz:   0% 3624 MHz:   0% 3756 MHz:   0% 3828 MHz:   0% 3888 MHz:   0% 3948 MHz: .03% 3996 MHz:   0% 4044 MHz: .02% 4104 MHz:   0% 4416 MHz: .03% 4512 MHz:  28%)
CPU 8 idle residency:  28.92%
CPU 8 down residency:  42.51%
CPU 9 frequency: 4511 MHz
CPU 9 active residency:  27.90% (1260 MHz:   0% 1512 MHz:   0% 1800 MHz:   0% 2088 MHz:   0% 2352 MHz:   0% 2616 MHz:   0% 2868 MHz:   0% 3096 MHz:   0% 3300 MHz:   0% 3468 MHz:   0% 3624 MHz:   0% 3756 MHz:   0% 3828 MHz:   0% 3888 MHz:   0% 3948 MHz: .03% 3996 MHz:   0% 4044 MHz: .02% 4104 MHz:   0% 4416 MHz: .03% 4512 MHz:  28%)
CPU 9 idle residency:  29.59%
CPU 9 down residency:  42.51%

P1-Cluster HW active frequency: 3897 MHz
P1-Cluster HW active residency:  45.69% (1260 MHz: 1.4% 1512 MHz:   0% 1800 MHz:   0% 2088 MHz:   0% 2352 MHz: .06% 2616 MHz:   0% 2868 MHz:   0% 3096 MHz:   0% 3300 MHz:   0% 3468 MHz:   0% 3624 MHz:   0% 3756 MHz:   0% 3828 MHz:   0% 3888 MHz:  16% 3948 MHz:  10% 3996 MHz:  11% 4044 MHz: 4.2% 4104 MHz:   0% 4416 MHz: 1.1% 4512 MHz: 1.9%)
P1-Cluster idle residency:   2.15%
P1-Cluster down residency:  52.16%
CPU 10 frequency: 4512 MHz
CPU 10 active residency:  19.94% (1260 MHz:   0% 1512 MHz:   0% 1800 MHz:   0% 2088 MHz:   0% 2352 MHz:   0% 2616 MHz:   0% 2868 MHz:   0% 3096 MHz:   0% 3300 MHz:   0% 3468 MHz:   0% 3624 MHz:   0% 3756 MHz:   0% 3828 MHz:   0% 3888 MHz:   0% 3948 MHz:   0% 3996 MHz:   0% 4044 MHz:   0% 4104 MHz:   0% 4416 MHz:   0% 4512 MHz:  20%)
CPU 10 idle residency:  24.82%
CPU 10 down residency:  55.24%
CPU 11 frequency: 4512 MHz
CPU 11 active residency:  24.97% (1260 MHz:   0% 1512 MHz:   0% 1800 MHz:   0% 2088 MHz:   0% 2352 MHz:   0% 2616 MHz:   0% 2868 MHz:   0% 3096 MHz:   0% 3300 MHz:   0% 3468 MHz:   0% 3624 MHz:   0% 3756 MHz:   0% 3828 MHz:   0% 3888 MHz:   0% 3948 MHz:   0% 3996 MHz:   0% 4044 MHz:   0% 4104 MHz:   0% 4416 MHz:   0% 4512 MHz:  25%)
CPU 11 idle residency:  20.71%
CPU 11 down residency:  54.31%
CPU 12 frequency: 4512 MHz
CPU 12 active residency:  20.98% (1260 MHz:   0% 1512 MHz:   0% 1800 MHz:   0% 2088 MHz:   0% 2352 MHz:   0% 2616 MHz:   0% 2868 MHz:   0% 3096 MHz:   0% 3300 MHz:   0% 3468 MHz:   0% 3624 MHz:   0% 3756 MHz:   0% 3828 MHz:   0% 3888 MHz:   0% 3948 MHz:   0% 3996 MHz:   0% 4044 MHz:   0% 4104 MHz:   0% 4416 MHz:   0% 4512 MHz:  21%)
CPU 12 idle residency:  26.55%
CPU 12 down residency:  52.47%
CPU 13 frequency: 4512 MHz
CPU 13 active residency:  20.27% (1260 MHz:   0% 1512 MHz:   0% 1800 MHz:   0% 2088 MHz:   0% 2352 MHz:   0% 2616 MHz:   0% 2868 MHz:   0% 3096 MHz:   0% 3300 MHz:   0% 3468 MHz:   0% 3624 MHz:   0% 3756 MHz:   0% 3828 MHz:   0% 3888 MHz:   0% 3948 MHz:   0% 3996 MHz:   0% 4044 MHz:   0% 4104 MHz:   0% 4416 MHz:   0% 4512 MHz:  20%)
CPU 13 idle residency:  24.04%
CPU 13 down residency:  55.69%
CPU 14 frequency: 4512 MHz
CPU 14 active residency:  16.84% (1260 MHz:   0% 1512 MHz:   0% 1800 MHz:   0% 2088 MHz:   0% 2352 MHz:   0% 2616 MHz:   0% 2868 MHz:   0% 3096 MHz:   0% 3300 MHz:   0% 3468 MHz:   0% 3624 MHz:   0% 3756 MHz:   0% 3828 MHz:   0% 3888 MHz:   0% 3948 MHz:   0% 3996 MHz:   0% 4044 MHz:   0% 4104 MHz:   0% 4416 MHz:   0% 4512 MHz:  17%)
CPU 14 idle residency:  28.22%
CPU 14 down residency:  54.95%
CPU 15 frequency: 4512 MHz
CPU 15 active residency:  20.14% (1260 MHz:   0% 1512 MHz:   0% 1800 MHz:   0% 2088 MHz:   0% 2352 MHz:   0% 2616 MHz:   0% 2868 MHz:   0% 3096 MHz:   0% 3300 MHz:   0% 3468 MHz:   0% 3624 MHz:   0% 3756 MHz:   0% 3828 MHz:   0% 3888 MHz:   0% 3948 MHz:   0% 3996 MHz:   0% 4044 MHz:   0% 4104 MHz:   0% 4416 MHz:   0% 4512 MHz:  20%)
CPU 15 idle residency:  24.20%
CPU 15 down residency:  55.66%

CPU Power: 7646 mW
GPU Power: 12064 mW
ANE Power: 0 mW
Combined Power (CPU + GPU + ANE): 19710 mW

**** GPU usage ****

GPU HW active frequency: 1561 MHz
GPU HW active residency:  95.21% (338 MHz: 1.3% 618 MHz:   0% 796 MHz:   0% 924 MHz:   0% 952 MHz:   0% 1056 MHz:   0% 1062 MHz:   0% 1182 MHz:   0% 1182 MHz:   0% 1312 MHz:   0% 1242 MHz:   0% 1380 MHz:   0% 1326 MHz:   0% 1470 MHz:   0% 1578 MHz:  94%)
GPU SW requested state: (P1 :   0% P2 :   0% P3 :   0% P4 :   0% P5 :   0% P6 :   0% P7 :   0% P8 :   0% P9 :   0% P10 : 100% P11 :   0% P12 :   0% P13 :   0% P14 :   0% P15 :   0%)
GPU SW state: (SW_P1 : 1.3% SW_P2 :   0% SW_P3 :   0% SW_P4 :   0% SW_P5 :   0% SW_P6 :   0% SW_P7 :   0% SW_P8 :   0% SW_P9 :   0% SW_P10 :  94% SW_P11 :   0% SW_P12 :   0% SW_P13 :   0% SW_P14 :   0% SW_P15 :   0%)
GPU idle residency:   4.79%
GPU Power: 12066 mW



*** Sampled system activity (Tue Jan 20 15:13:38 2026 +0100) (1021.38ms elapsed) ***


**** Processor usage ****

E-Cluster Online: 100%
E-Cluster HW active frequency: 1152 MHz
E-Cluster HW active residency:  73.22% (1020 MHz:  62% 1404 MHz: 4.6% 1788 MHz: 2.6% 2112 MHz: .52% 2352 MHz: 1.2% 2532 MHz: .86% 2592 MHz: 1.6%)
E-Cluster idle residency:  26.78%
E-Cluster down residency:   0.00%
CPU 0 frequency: 1152 MHz
CPU 0 active residency:  44.05% (1020 MHz:  37% 1404 MHz: 2.9% 1788 MHz: 1.7% 2112 MHz: .24% 2352 MHz: .71% 2532 MHz: .44% 2592 MHz: .94%)
CPU 0 idle residency:  55.95%
CPU 0 down residency:   0.00%
CPU 1 frequency: 1170 MHz
CPU 1 active residency:  30.11% (1020 MHz:  25% 1404 MHz: 2.1% 1788 MHz: 1.3% 2112 MHz: .13% 2352 MHz: .60% 2532 MHz: .33% 2592 MHz: .80%)
CPU 1 idle residency:  69.89%
CPU 1 down residency:   0.00%
CPU 2 frequency: 1197 MHz
CPU 2 active residency:  23.81% (1020 MHz:  19% 1404 MHz: 1.7% 1788 MHz: 1.2% 2112 MHz: .12% 2352 MHz: .79% 2532 MHz: .37% 2592 MHz: .57%)
CPU 2 idle residency:  76.19%
CPU 2 down residency:   0.00%
CPU 3 frequency: 1269 MHz
CPU 3 active residency:  17.87% (1020 MHz:  13% 1404 MHz: 1.4% 1788 MHz: 1.4% 2112 MHz: .44% 2352 MHz: .92% 2532 MHz: .25% 2592 MHz: .49%)
CPU 3 idle residency:  82.13%
CPU 3 down residency:   0.00%

P0-Cluster Online: 100%
P0-Cluster HW active frequency: 4035 MHz
P0-Cluster HW active residency:  99.88% (1260 MHz:   0% 1512 MHz:   0% 1800 MHz:   0% 2088 MHz:   0% 2352 MHz:   0% 2616 MHz:   0% 2868 MHz:   0% 3096 MHz:   0% 3300 MHz:   0% 3468 MHz:   0% 3624 MHz:   0% 3756 MHz:   0% 3828 MHz:   0% 3888 MHz:  25% 3948 MHz:  24% 3996 MHz:  21% 4044 MHz:  15% 4104 MHz:   0% 4416 MHz: 6.2% 4512 MHz: 8.6%)
P0-Cluster idle residency:   0.12%
P0-Cluster down residency:   0.00%
CPU 4 frequency: 4512 MHz
CPU 4 active residency:  51.17% (1260 MHz:   0% 1512 MHz:   0% 1800 MHz:   0% 2088 MHz:   0% 2352 MHz:   0% 2616 MHz:   0% 2868 MHz:   0% 3096 MHz:   0% 3300 MHz:   0% 3468 MHz:   0% 3624 MHz:   0% 3756 MHz:   0% 3828 MHz:   0% 3888 MHz:   0% 3948 MHz:   0% 3996 MHz:   0% 4044 MHz:   0% 4104 MHz:   0% 4416 MHz:   0% 4512 MHz:  51%)
CPU 4 idle residency:  48.83%
CPU 4 down residency:   0.00%
CPU 5 frequency: 4512 MHz
CPU 5 active residency:  43.58% (1260 MHz:   0% 1512 MHz:   0% 1800 MHz:   0% 2088 MHz:   0% 2352 MHz:   0% 2616 MHz:   0% 2868 MHz:   0% 3096 MHz:   0% 3300 MHz:   0% 3468 MHz:   0% 3624 MHz:   0% 3756 MHz:   0% 3828 MHz:   0% 3888 MHz:   0% 3948 MHz:   0% 3996 MHz:   0% 4044 MHz:   0% 4104 MHz:   0% 4416 MHz:   0% 4512 MHz:  44%)
CPU 5 idle residency:  56.42%
CPU 5 down residency:   0.00%
CPU 6 frequency: 4512 MHz
CPU 6 active residency:  52.77% (1260 MHz:   0% 1512 MHz:   0% 1800 MHz:   0% 2088 MHz:   0% 2352 MHz:   0% 2616 MHz:   0% 2868 MHz:   0% 3096 MHz:   0% 3300 MHz:   0% 3468 MHz:   0% 3624 MHz:   0% 3756 MHz:   0% 3828 MHz:   0% 3888 MHz:   0% 3948 MHz:   0% 3996 MHz:   0% 4044 MHz:   0% 4104 MHz:   0% 4416 MHz:   0% 4512 MHz:  53%)
CPU 6 idle residency:  47.23%
CPU 6 down residency:   0.00%
CPU 7 frequency: 4512 MHz
CPU 7 active residency:  46.82% (1260 MHz:   0% 1512 MHz:   0% 1800 MHz:   0% 2088 MHz:   0% 2352 MHz:   0% 2616 MHz:   0% 2868 MHz:   0% 3096 MHz:   0% 3300 MHz:   0% 3468 MHz:   0% 3624 MHz:   0% 3756 MHz:   0% 3828 MHz:   0% 3888 MHz:   0% 3948 MHz:   0% 3996 MHz:   0% 4044 MHz:   0% 4104 MHz:   0% 4416 MHz:   0% 4512 MHz:  47%)
CPU 7 idle residency:  53.18%
CPU 7 down residency:   0.00%
CPU 8 frequency: 4512 MHz
CPU 8 active residency:  39.16% (1260 MHz:   0% 1512 MHz:   0% 1800 MHz:   0% 2088 MHz:   0% 2352 MHz:   0% 2616 MHz:   0% 2868 MHz:   0% 3096 MHz:   0% 3300 MHz:   0% 3468 MHz:   0% 3624 MHz:   0% 3756 MHz:   0% 3828 MHz:   0% 3888 MHz:   0% 3948 MHz:   0% 3996 MHz:   0% 4044 MHz:   0% 4104 MHz:   0% 4416 MHz:   0% 4512 MHz:  39%)
CPU 8 idle residency:  60.84%
CPU 8 down residency:   0.00%
CPU 9 frequency: 4512 MHz
CPU 9 active residency:  48.15% (1260 MHz:   0% 1512 MHz:   0% 1800 MHz:   0% 2088 MHz:   0% 2352 MHz:   0% 2616 MHz:   0% 2868 MHz:   0% 3096 MHz:   0% 3300 MHz:   0% 3468 MHz:   0% 3624 MHz:   0% 3756 MHz:   0% 3828 MHz:   0% 3888 MHz:   0% 3948 MHz:   0% 3996 MHz:   0% 4044 MHz:   0% 4104 MHz:   0% 4416 MHz:   0% 4512 MHz:  48%)
CPU 9 idle residency:  51.85%
CPU 9 down residency:   0.00%

P1-Cluster HW active frequency: 3436 MHz
P1-Cluster HW active residency:   4.84% (1260 MHz: 1.0% 1512 MHz:   0% 1800 MHz: .13% 2088 MHz:   0% 2352 MHz:   0% 2616 MHz:   0% 2868 MHz:   0% 3096 MHz:   0% 3300 MHz:   0% 3468 MHz:   0% 3624 MHz:   0% 3756 MHz:   0% 3828 MHz:   0% 3888 MHz: .05% 3948 MHz: .02% 3996 MHz: .03% 4044 MHz: 3.3% 4104 MHz:   0% 4416 MHz: .08% 4512 MHz: .27%)
P1-Cluster idle residency:   2.16%
P1-Cluster down residency:  92.99%
CPU 10 frequency: 0 MHz
CPU 10 active residency:   0.00% (1260 MHz:   0% 1512 MHz:   0% 1800 MHz:   0% 2088 MHz:   0% 2352 MHz:   0% 2616 MHz:   0% 2868 MHz:   0% 3096 MHz:   0% 3300 MHz:   0% 3468 MHz:   0% 3624 MHz:   0% 3756 MHz:   0% 3828 MHz:   0% 3888 MHz:   0% 3948 MHz:   0% 3996 MHz:   0% 4044 MHz:   0% 4104 MHz:   0% 4416 MHz:   0% 4512 MHz:   0%)
CPU 10 idle residency:   6.68%
CPU 10 down residency:  93.32%
CPU 11 frequency: 0 MHz
CPU 11 active residency:   0.00% (1260 MHz:   0% 1512 MHz:   0% 1800 MHz:   0% 2088 MHz:   0% 2352 MHz:   0% 2616 MHz:   0% 2868 MHz:   0% 3096 MHz:   0% 3300 MHz:   0% 3468 MHz:   0% 3624 MHz:   0% 3756 MHz:   0% 3828 MHz:   0% 3888 MHz:   0% 3948 MHz:   0% 3996 MHz:   0% 4044 MHz:   0% 4104 MHz:   0% 4416 MHz:   0% 4512 MHz:   0%)
CPU 11 idle residency:   6.80%
CPU 11 down residency:  93.20%
CPU 12 frequency: 0 MHz
CPU 12 active residency:   0.00% (1260 MHz:   0% 1512 MHz:   0% 1800 MHz:   0% 2088 MHz:   0% 2352 MHz:   0% 2616 MHz:   0% 2868 MHz:   0% 3096 MHz:   0% 3300 MHz:   0% 3468 MHz:   0% 3624 MHz:   0% 3756 MHz:   0% 3828 MHz:   0% 3888 MHz:   0% 3948 MHz:   0% 3996 MHz:   0% 4044 MHz:   0% 4104 MHz:   0% 4416 MHz:   0% 4512 MHz:   0%)
CPU 12 idle residency:   6.88%
CPU 12 down residency:  93.12%
CPU 13 frequency: 0 MHz
CPU 13 active residency:   0.00% (1260 MHz:   0% 1512 MHz:   0% 1800 MHz:   0% 2088 MHz:   0% 2352 MHz:   0% 2616 MHz:   0% 2868 MHz:   0% 3096 MHz:   0% 3300 MHz:   0% 3468 MHz:   0% 3624 MHz:   0% 3756 MHz:   0% 3828 MHz:   0% 3888 MHz:   0% 3948 MHz:   0% 3996 MHz:   0% 4044 MHz:   0% 4104 MHz:   0% 4416 MHz:   0% 4512 MHz:   0%)
CPU 13 idle residency:   6.88%
CPU 13 down residency:  93.12%
CPU 14 frequency: 0 MHz
CPU 14 active residency:   0.00% (1260 MHz:   0% 1512 MHz:   0% 1800 MHz:   0% 2088 MHz:   0% 2352 MHz:   0% 2616 MHz:   0% 2868 MHz:   0% 3096 MHz:   0% 3300 MHz:   0% 3468 MHz:   0% 3624 MHz:   0% 3756 MHz:   0% 3828 MHz:   0% 3888 MHz:   0% 3948 MHz:   0% 3996 MHz:   0% 4044 MHz:   0% 4104 MHz:   0% 4416 MHz:   0% 4512 MHz:   0%)
CPU 14 idle residency:   3.61%
CPU 14 down residency:  96.39%
CPU 15 frequency: 0 MHz
CPU 15 active residency:   0.00% (1260 MHz:   0% 1512 MHz:   0% 1800 MHz:   0% 2088 MHz:   0% 2352 MHz:   0% 2616 MHz:   0% 2868 MHz:   0% 3096 MHz:   0% 3300 MHz:   0% 3468 MHz:   0% 3624 MHz:   0% 3756 MHz:   0% 3828 MHz:   0% 3888 MHz:   0% 3948 MHz:   0% 3996 MHz:   0% 4044 MHz:   0% 4104 MHz:   0% 4416 MHz:   0% 4512 MHz:   0%)
CPU 15 idle residency:   6.89%
CPU 15 down residency:  93.11%

CPU Power: 7404 mW
GPU Power: 11805 mW
ANE Power: 0 mW
Combined Power (CPU + GPU + ANE): 19208 mW

**** GPU usage ****

GPU HW active frequency: 1561 MHz
GPU HW active residency:  95.38% (338 MHz: 1.3% 618 MHz:   0% 796 MHz:   0% 924 MHz:   0% 952 MHz:   0% 1056 MHz:   0% 1062 MHz:   0% 1182 MHz:   0% 1182 MHz:   0% 1312 MHz:   0% 1242 MHz:   0% 1380 MHz:   0% 1326 MHz:   0% 1470 MHz:   0% 1578 MHz:  94%)
GPU SW requested state: (P1 :   0% P2 :   0% P3 :   0% P4 :   0% P5 :   0% P6 :   0% P7 :   0% P8 :   0% P9 :   0% P10 : 100% P11 :   0% P12 :   0% P13 :   0% P14 :   0% P15 :   0%)
GPU SW state: (SW_P1 : 1.3% SW_P2 :   0% SW_P3 :   0% SW_P4 :   0% SW_P5 :   0% SW_P6 :   0% SW_P7 :   0% SW_P8 :   0% SW_P9 :   0% SW_P10 :  94% SW_P11 :   0% SW_P12 :   0% SW_P13 :   0% SW_P14 :   0% SW_P15 :   0%)
GPU idle residency:   4.62%
GPU Power: 11959 mW



*** Sampled system activity (Tue Jan 20 15:13:39 2026 +0100) (1020.87ms elapsed) ***


**** Processor usage ****

E-Cluster Online: 100%
E-Cluster HW active frequency: 1197 MHz
E-Cluster HW active residency:  69.37% (1020 MHz:  57% 1404 MHz: 3.4% 1788 MHz: 2.7% 2112 MHz: 1.1% 2352 MHz: .85% 2532 MHz: 2.1% 2592 MHz: 2.2%)
E-Cluster idle residency:  30.63%
E-Cluster down residency:   0.00%
CPU 0 frequency: 1183 MHz
CPU 0 active residency:  38.43% (1020 MHz:  32% 1404 MHz: 2.3% 1788 MHz: 1.7% 2112 MHz: .60% 2352 MHz: .46% 2532 MHz: .81% 2592 MHz: 1.0%)
CPU 0 idle residency:  61.57%
CPU 0 down residency:   0.00%
CPU 1 frequency: 1222 MHz
CPU 1 active residency:  27.75% (1020 MHz:  21% 1404 MHz: 2.2% 1788 MHz: 1.8% 2112 MHz: .41% 2352 MHz: .32% 2532 MHz: .65% 2592 MHz: .99%)
CPU 1 idle residency:  72.25%
CPU 1 down residency:   0.00%
CPU 2 frequency: 1305 MHz
CPU 2 active residency:  18.36% (1020 MHz:  13% 1404 MHz: 1.8% 1788 MHz: .86% 2112 MHz: .72% 2352 MHz: .33% 2532 MHz: 1.1% 2592 MHz: .64%)
CPU 2 idle residency:  81.64%
CPU 2 down residency:   0.00%
CPU 3 frequency: 1348 MHz
CPU 3 active residency:  13.11% (1020 MHz: 9.1% 1404 MHz: .83% 1788 MHz: .79% 2112 MHz: .29% 2352 MHz: .69% 2532 MHz: .93% 2592 MHz: .47%)
CPU 3 idle residency:  86.89%
CPU 3 down residency:   0.00%

P0-Cluster Online: 100%
P0-Cluster HW active frequency: 4028 MHz
P0-Cluster HW active residency:  99.89% (1260 MHz:   0% 1512 MHz:   0% 1800 MHz:   0% 2088 MHz:   0% 2352 MHz:   0% 2616 MHz:   0% 2868 MHz:   0% 3096 MHz:   0% 3300 MHz:   0% 3468 MHz:   0% 3624 MHz:   0% 3756 MHz:   0% 3828 MHz:   0% 3888 MHz:  25% 3948 MHz:  25% 3996 MHz:  22% 4044 MHz:  14% 4104 MHz:   0% 4416 MHz: 5.8% 4512 MHz: 7.7%)
P0-Cluster idle residency:   0.11%
P0-Cluster down residency:   0.00%
CPU 4 frequency: 4512 MHz
CPU 4 active residency:  51.76% (1260 MHz:   0% 1512 MHz:   0% 1800 MHz:   0% 2088 MHz:   0% 2352 MHz:   0% 2616 MHz:   0% 2868 MHz:   0% 3096 MHz:   0% 3300 MHz:   0% 3468 MHz:   0% 3624 MHz:   0% 3756 MHz:   0% 3828 MHz:   0% 3888 MHz:   0% 3948 MHz:   0% 3996 MHz:   0% 4044 MHz:   0% 4104 MHz:   0% 4416 MHz:   0% 4512 MHz:  52%)
CPU 4 idle residency:  48.24%
CPU 4 down residency:   0.00%
CPU 5 frequency: 4512 MHz
CPU 5 active residency:  49.96% (1260 MHz:   0% 1512 MHz:   0% 1800 MHz:   0% 2088 MHz:   0% 2352 MHz:   0% 2616 MHz:   0% 2868 MHz:   0% 3096 MHz:   0% 3300 MHz:   0% 3468 MHz:   0% 3624 MHz:   0% 3756 MHz:   0% 3828 MHz:   0% 3888 MHz:   0% 3948 MHz:   0% 3996 MHz:   0% 4044 MHz:   0% 4104 MHz:   0% 4416 MHz: .00% 4512 MHz:  50%)
CPU 5 idle residency:  50.04%
CPU 5 down residency:   0.00%
CPU 6 frequency: 4512 MHz
CPU 6 active residency:  47.30% (1260 MHz:   0% 1512 MHz:   0% 1800 MHz:   0% 2088 MHz:   0% 2352 MHz:   0% 2616 MHz:   0% 2868 MHz:   0% 3096 MHz:   0% 3300 MHz:   0% 3468 MHz:   0% 3624 MHz:   0% 3756 MHz:   0% 3828 MHz:   0% 3888 MHz:   0% 3948 MHz:   0% 3996 MHz:   0% 4044 MHz:   0% 4104 MHz:   0% 4416 MHz: .00% 4512 MHz:  47%)
CPU 6 idle residency:  52.70%
CPU 6 down residency:   0.00%
CPU 7 frequency: 4512 MHz
CPU 7 active residency:  48.41% (1260 MHz:   0% 1512 MHz:   0% 1800 MHz:   0% 2088 MHz:   0% 2352 MHz:   0% 2616 MHz:   0% 2868 MHz:   0% 3096 MHz:   0% 3300 MHz:   0% 3468 MHz:   0% 3624 MHz:   0% 3756 MHz:   0% 3828 MHz:   0% 3888 MHz:   0% 3948 MHz:   0% 3996 MHz:   0% 4044 MHz:   0% 4104 MHz:   0% 4416 MHz:   0% 4512 MHz:  48%)
CPU 7 idle residency:  51.59%
CPU 7 down residency:   0.00%
CPU 8 frequency: 4512 MHz
CPU 8 active residency:  43.93% (1260 MHz:   0% 1512 MHz:   0% 1800 MHz:   0% 2088 MHz:   0% 2352 MHz:   0% 2616 MHz:   0% 2868 MHz:   0% 3096 MHz:   0% 3300 MHz:   0% 3468 MHz:   0% 3624 MHz:   0% 3756 MHz:   0% 3828 MHz:   0% 3888 MHz:   0% 3948 MHz:   0% 3996 MHz:   0% 4044 MHz:   0% 4104 MHz:   0% 4416 MHz: .00% 4512 MHz:  44%)
CPU 8 idle residency:  56.07%
CPU 8 down residency:   0.00%
CPU 9 frequency: 4512 MHz
CPU 9 active residency:  44.19% (1260 MHz:   0% 1512 MHz:   0% 1800 MHz:   0% 2088 MHz:   0% 2352 MHz:   0% 2616 MHz:   0% 2868 MHz:   0% 3096 MHz:   0% 3300 MHz:   0% 3468 MHz:   0% 3624 MHz:   0% 3756 MHz:   0% 3828 MHz:   0% 3888 MHz:   0% 3948 MHz:   0% 3996 MHz:   0% 4044 MHz:   0% 4104 MHz:   0% 4416 MHz:   0% 4512 MHz:  44%)
CPU 9 idle residency:  55.81%
CPU 9 down residency:   0.00%

P1-Cluster HW active frequency: 2316 MHz
P1-Cluster HW active residency:   2.14% (1260 MHz: 1.4% 1512 MHz:   0% 1800 MHz:   0% 2088 MHz:   0% 2352 MHz:   0% 2616 MHz:   0% 2868 MHz:   0% 3096 MHz:   0% 3300 MHz:   0% 3468 MHz:   0% 3624 MHz:   0% 3756 MHz:   0% 3828 MHz:   0% 3888 MHz: .02% 3948 MHz: .01% 3996 MHz: .00% 4044 MHz:   0% 4104 MHz: .07% 4416 MHz: .14% 4512 MHz: .47%)
P1-Cluster idle residency:   3.82%
P1-Cluster down residency:  94.04%
CPU 10 frequency: 4434 MHz
CPU 10 active residency:   5.57% (1260 MHz: .03% 1512 MHz:   0% 1800 MHz: .11% 2088 MHz:   0% 2352 MHz: .00% 2616 MHz:   0% 2868 MHz:   0% 3096 MHz:   0% 3300 MHz:   0% 3468 MHz:   0% 3624 MHz:   0% 3756 MHz:   0% 3828 MHz:   0% 3888 MHz:   0% 3948 MHz:   0% 3996 MHz:   0% 4044 MHz:   0% 4104 MHz: .06% 4416 MHz: .08% 4512 MHz: 5.3%)
CPU 10 idle residency:   5.40%
CPU 10 down residency:  89.03%
CPU 11 frequency: 4492 MHz
CPU 11 active residency:   4.75% (1260 MHz: .02% 1512 MHz:   0% 1800 MHz: .00% 2088 MHz:   0% 2352 MHz:   0% 2616 MHz:   0% 2868 MHz:   0% 3096 MHz:   0% 3300 MHz:   0% 3468 MHz:   0% 3624 MHz:   0% 3756 MHz:   0% 3828 MHz:   0% 3888 MHz:   0% 3948 MHz:   0% 3996 MHz:   0% 4044 MHz:   0% 4104 MHz: .06% 4416 MHz: .08% 4512 MHz: 4.6%)
CPU 11 idle residency:   5.42%
CPU 11 down residency:  89.83%
CPU 12 frequency: 4460 MHz
CPU 12 active residency:   1.53% (1260 MHz: .01% 1512 MHz:   0% 1800 MHz: .00% 2088 MHz:   0% 2352 MHz:   0% 2616 MHz:   0% 2868 MHz:   0% 3096 MHz:   0% 3300 MHz:   0% 3468 MHz:   0% 3624 MHz:   0% 3756 MHz:   0% 3828 MHz:   0% 3888 MHz:   0% 3948 MHz:   0% 3996 MHz:   0% 4044 MHz:   0% 4104 MHz: .06% 4416 MHz: .08% 4512 MHz: 1.4%)
CPU 12 idle residency:   5.64%
CPU 12 down residency:  92.83%
CPU 13 frequency: 4493 MHz
CPU 13 active residency:   6.39% (1260 MHz: .02% 1512 MHz:   0% 1800 MHz: .00% 2088 MHz:   0% 2352 MHz: .00% 2616 MHz:   0% 2868 MHz:   0% 3096 MHz:   0% 3300 MHz:   0% 3468 MHz:   0% 3624 MHz:   0% 3756 MHz:   0% 3828 MHz:   0% 3888 MHz:   0% 3948 MHz:   0% 3996 MHz:   0% 4044 MHz:   0% 4104 MHz: .06% 4416 MHz: .08% 4512 MHz: 6.2%)
CPU 13 idle residency:   5.36%
CPU 13 down residency:  88.24%
CPU 14 frequency: 4499 MHz
CPU 14 active residency:   8.21% (1260 MHz: .02% 1512 MHz:   0% 1800 MHz: .00% 2088 MHz:   0% 2352 MHz:   0% 2616 MHz:   0% 2868 MHz:   0% 3096 MHz:   0% 3300 MHz:   0% 3468 MHz:   0% 3624 MHz:   0% 3756 MHz:   0% 3828 MHz:   0% 3888 MHz:   0% 3948 MHz:   0% 3996 MHz:   0% 4044 MHz:   0% 4104 MHz: .06% 4416 MHz: .08% 4512 MHz: 8.0%)
CPU 14 idle residency:   5.23%
CPU 14 down residency:  86.56%
CPU 15 frequency: 4501 MHz
CPU 15 active residency:   6.65% (1260 MHz: .01% 1512 MHz:   0% 1800 MHz: .00% 2088 MHz:   0% 2352 MHz:   0% 2616 MHz:   0% 2868 MHz:   0% 3096 MHz:   0% 3300 MHz:   0% 3468 MHz:   0% 3624 MHz:   0% 3756 MHz:   0% 3828 MHz:   0% 3888 MHz:   0% 3948 MHz:   0% 3996 MHz:   0% 4044 MHz:   0% 4104 MHz: .06% 4416 MHz: .08% 4512 MHz: 6.5%)
CPU 15 idle residency:   5.36%
CPU 15 down residency:  87.99%

CPU Power: 7413 mW
GPU Power: 12251 mW
ANE Power: 0 mW
Combined Power (CPU + GPU + ANE): 19665 mW

**** GPU usage ****

GPU HW active frequency: 1562 MHz
GPU HW active residency:  95.70% (338 MHz: 1.3% 618 MHz:   0% 796 MHz:   0% 924 MHz:   0% 952 MHz:   0% 1056 MHz:   0% 1062 MHz:   0% 1182 MHz:   0% 1182 MHz:   0% 1312 MHz:   0% 1242 MHz:   0% 1380 MHz:   0% 1326 MHz:   0% 1470 MHz:   0% 1578 MHz:  94%)
GPU SW requested state: (P1 :   0% P2 :   0% P3 :   0% P4 :   0% P5 :   0% P6 :   0% P7 :   0% P8 :   0% P9 :   0% P10 : 100% P11 :   0% P12 :   0% P13 :   0% P14 :   0% P15 :   0%)
GPU SW state: (SW_P1 : 1.3% SW_P2 :   0% SW_P3 :   0% SW_P4 :   0% SW_P5 :   0% SW_P6 :   0% SW_P7 :   0% SW_P8 :   0% SW_P9 :   0% SW_P10 :  94% SW_P11 :   0% SW_P12 :   0% SW_P13 :   0% SW_P14 :   0% SW_P15 :   0%)
GPU idle residency:   4.30%
GPU Power: 12252 mW



*** Sampled system activity (Tue Jan 20 15:13:40 2026 +0100) (1020.48ms elapsed) ***


**** Processor usage ****

E-Cluster Online: 100%
E-Cluster HW active frequency: 1219 MHz
E-Cluster HW active residency:  70.58% (1020 MHz:  57% 1404 MHz: 2.7% 1788 MHz: 3.9% 2112 MHz: 1.3% 2352 MHz: 1.3% 2532 MHz: 1.8% 2592 MHz: 2.7%)
E-Cluster idle residency:  29.42%
E-Cluster down residency:   0.00%
CPU 0 frequency: 1211 MHz
CPU 0 active residency:  41.43% (1020 MHz:  33% 1404 MHz: 1.9% 1788 MHz: 2.8% 2112 MHz: .59% 2352 MHz: .58% 2532 MHz: .83% 2592 MHz: 1.5%)
CPU 0 idle residency:  58.57%
CPU 0 down residency:   0.00%
CPU 1 frequency: 1256 MHz
CPU 1 active residency:  29.85% (1020 MHz:  22% 1404 MHz: 1.8% 1788 MHz: 2.4% 2112 MHz: .53% 2352 MHz: .79% 2532 MHz: .70% 2592 MHz: 1.2%)
CPU 1 idle residency:  70.15%
CPU 1 down residency:   0.00%
CPU 2 frequency: 1330 MHz
CPU 2 active residency:  18.31% (1020 MHz:  13% 1404 MHz: 1.1% 1788 MHz: 1.3% 2112 MHz: .68% 2352 MHz: .74% 2532 MHz: .89% 2592 MHz: .72%)
CPU 2 idle residency:  81.69%
CPU 2 down residency:   0.00%
CPU 3 frequency: 1275 MHz
CPU 3 active residency:  11.48% (1020 MHz: 8.4% 1404 MHz: .79% 1788 MHz: .99% 2112 MHz: .24% 2352 MHz: .35% 2532 MHz: .25% 2592 MHz: .47%)
CPU 3 idle residency:  88.52%
CPU 3 down residency:   0.00%

P0-Cluster Online: 100%
P0-Cluster HW active frequency: 3988 MHz
P0-Cluster HW active residency:  99.93% (1260 MHz:   0% 1512 MHz:   0% 1800 MHz:   0% 2088 MHz:   0% 2352 MHz:   0% 2616 MHz:   0% 2868 MHz:   0% 3096 MHz:   0% 3300 MHz:   0% 3468 MHz:   0% 3624 MHz:   0% 3756 MHz:   0% 3828 MHz:   0% 3888 MHz:  35% 3948 MHz:  26% 3996 MHz:  19% 4044 MHz:  11% 4104 MHz:   0% 4416 MHz: 3.6% 4512 MHz: 4.3%)
P0-Cluster idle residency:   0.07%
P0-Cluster down residency:   0.00%
CPU 4 frequency: 4512 MHz
CPU 4 active residency:  61.56% (1260 MHz:   0% 1512 MHz:   0% 1800 MHz:   0% 2088 MHz:   0% 2352 MHz:   0% 2616 MHz:   0% 2868 MHz:   0% 3096 MHz:   0% 3300 MHz:   0% 3468 MHz:   0% 3624 MHz:   0% 3756 MHz:   0% 3828 MHz:   0% 3888 MHz:   0% 3948 MHz:   0% 3996 MHz:   0% 4044 MHz:   0% 4104 MHz: .00% 4416 MHz:   0% 4512 MHz:  62%)
CPU 4 idle residency:  38.44%
CPU 4 down residency:   0.00%
CPU 5 frequency: 4512 MHz
CPU 5 active residency:  59.91% (1260 MHz:   0% 1512 MHz:   0% 1800 MHz:   0% 2088 MHz:   0% 2352 MHz:   0% 2616 MHz:   0% 2868 MHz:   0% 3096 MHz:   0% 3300 MHz:   0% 3468 MHz:   0% 3624 MHz:   0% 3756 MHz:   0% 3828 MHz:   0% 3888 MHz:   0% 3948 MHz:   0% 3996 MHz:   0% 4044 MHz:   0% 4104 MHz: .00% 4416 MHz:   0% 4512 MHz:  60%)
CPU 5 idle residency:  40.09%
CPU 5 down residency:   0.00%
CPU 6 frequency: 4512 MHz
CPU 6 active residency:  35.88% (1260 MHz:   0% 1512 MHz:   0% 1800 MHz:   0% 2088 MHz:   0% 2352 MHz:   0% 2616 MHz:   0% 2868 MHz:   0% 3096 MHz:   0% 3300 MHz:   0% 3468 MHz:   0% 3624 MHz:   0% 3756 MHz:   0% 3828 MHz:   0% 3888 MHz:   0% 3948 MHz:   0% 3996 MHz:   0% 4044 MHz:   0% 4104 MHz:   0% 4416 MHz:   0% 4512 MHz:  36%)
CPU 6 idle residency:  64.12%
CPU 6 down residency:   0.00%
CPU 7 frequency: 4512 MHz
CPU 7 active residency:  55.19% (1260 MHz:   0% 1512 MHz:   0% 1800 MHz:   0% 2088 MHz:   0% 2352 MHz:   0% 2616 MHz:   0% 2868 MHz:   0% 3096 MHz:   0% 3300 MHz:   0% 3468 MHz:   0% 3624 MHz:   0% 3756 MHz:   0% 3828 MHz:   0% 3888 MHz:   0% 3948 MHz:   0% 3996 MHz:   0% 4044 MHz:   0% 4104 MHz: .00% 4416 MHz:   0% 4512 MHz:  55%)
CPU 7 idle residency:  44.81%
CPU 7 down residency:   0.00%
CPU 8 frequency: 4512 MHz
CPU 8 active residency:  59.84% (1260 MHz:   0% 1512 MHz:   0% 1800 MHz:   0% 2088 MHz:   0% 2352 MHz:   0% 2616 MHz:   0% 2868 MHz:   0% 3096 MHz:   0% 3300 MHz:   0% 3468 MHz:   0% 3624 MHz:   0% 3756 MHz:   0% 3828 MHz:   0% 3888 MHz:   0% 3948 MHz:   0% 3996 MHz:   0% 4044 MHz:   0% 4104 MHz: .00% 4416 MHz:   0% 4512 MHz:  60%)
CPU 8 idle residency:  40.16%
CPU 8 down residency:   0.00%
CPU 9 frequency: 4512 MHz
CPU 9 active residency:  58.03% (1260 MHz:   0% 1512 MHz:   0% 1800 MHz:   0% 2088 MHz:   0% 2352 MHz:   0% 2616 MHz:   0% 2868 MHz:   0% 3096 MHz:   0% 3300 MHz:   0% 3468 MHz:   0% 3624 MHz:   0% 3756 MHz:   0% 3828 MHz:   0% 3888 MHz:   0% 3948 MHz:   0% 3996 MHz:   0% 4044 MHz:   0% 4104 MHz: .00% 4416 MHz:   0% 4512 MHz:  58%)
CPU 9 idle residency:  41.97%
CPU 9 down residency:   0.00%

P1-Cluster HW active frequency: 2640 MHz
P1-Cluster HW active residency:  10.23% (1260 MHz: 5.1% 1512 MHz:   0% 1800 MHz: .41% 2088 MHz: .02% 2352 MHz: .02% 2616 MHz:   0% 2868 MHz:   0% 3096 MHz:   0% 3300 MHz:   0% 3468 MHz:   0% 3624 MHz:   0% 3756 MHz:   0% 3828 MHz:   0% 3888 MHz: .08% 3948 MHz: .53% 3996 MHz: 1.6% 4044 MHz: .53% 4104 MHz: .03% 4416 MHz: .63% 4512 MHz: 1.3%)
P1-Cluster idle residency:  10.61%
P1-Cluster down residency:  79.16%
CPU 10 frequency: 3077 MHz
CPU 10 active residency:   0.85% (1260 MHz: .03% 1512 MHz:   0% 1800 MHz: .40% 2088 MHz: .00% 2352 MHz: .02% 2616 MHz:   0% 2868 MHz:   0% 3096 MHz:   0% 3300 MHz:   0% 3468 MHz:   0% 3624 MHz:   0% 3756 MHz:   0% 3828 MHz:   0% 3888 MHz:   0% 3948 MHz:   0% 3996 MHz:   0% 4044 MHz:   0% 4104 MHz:   0% 4416 MHz: .03% 4512 MHz: .37%)
CPU 10 idle residency:  17.80%
CPU 10 down residency:  81.35%
CPU 11 frequency: 4338 MHz
CPU 11 active residency:   0.29% (1260 MHz: .01% 1512 MHz:   0% 1800 MHz:   0% 2088 MHz:   0% 2352 MHz:   0% 2616 MHz:   0% 2868 MHz:   0% 3096 MHz:   0% 3300 MHz:   0% 3468 MHz:   0% 3624 MHz:   0% 3756 MHz:   0% 3828 MHz:   0% 3888 MHz:   0% 3948 MHz:   0% 3996 MHz:   0% 4044 MHz:   0% 4104 MHz:   0% 4416 MHz: .03% 4512 MHz: .24%)
CPU 11 idle residency:  20.37%
CPU 11 down residency:  79.34%
CPU 12 frequency: 4191 MHz
CPU 12 active residency:   0.15% (1260 MHz: .01% 1512 MHz:   0% 1800 MHz:   0% 2088 MHz:   0% 2352 MHz:   0% 2616 MHz:   0% 2868 MHz:   0% 3096 MHz:   0% 3300 MHz:   0% 3468 MHz:   0% 3624 MHz:   0% 3756 MHz:   0% 3828 MHz:   0% 3888 MHz:   0% 3948 MHz:   0% 3996 MHz:   0% 4044 MHz:   0% 4104 MHz:   0% 4416 MHz: .03% 4512 MHz: .11%)
CPU 12 idle residency:  20.55%
CPU 12 down residency:  79.30%
CPU 13 frequency: 4287 MHz
CPU 13 active residency:   0.29% (1260 MHz: .02% 1512 MHz:   0% 1800 MHz: .00% 2088 MHz:   0% 2352 MHz:   0% 2616 MHz:   0% 2868 MHz:   0% 3096 MHz:   0% 3300 MHz:   0% 3468 MHz:   0% 3624 MHz:   0% 3756 MHz:   0% 3828 MHz:   0% 3888 MHz:   0% 3948 MHz:   0% 3996 MHz:   0% 4044 MHz:   0% 4104 MHz:   0% 4416 MHz: .03% 4512 MHz: .24%)
CPU 13 idle residency:  19.20%
CPU 13 down residency:  80.51%
CPU 14 frequency: 4418 MHz
CPU 14 active residency:   0.85% (1260 MHz: .02% 1512 MHz:   0% 1800 MHz: .00% 2088 MHz: .01% 2352 MHz:   0% 2616 MHz:   0% 2868 MHz:   0% 3096 MHz:   0% 3300 MHz:   0% 3468 MHz:   0% 3624 MHz:   0% 3756 MHz:   0% 3828 MHz:   0% 3888 MHz:   0% 3948 MHz:   0% 3996 MHz:   0% 4044 MHz:   0% 4104 MHz:   0% 4416 MHz: .03% 4512 MHz: .80%)
CPU 14 idle residency:  18.44%
CPU 14 down residency:  80.71%
CPU 15 frequency: 4230 MHz
CPU 15 active residency:   0.17% (1260 MHz: .01% 1512 MHz:   0% 1800 MHz:   0% 2088 MHz:   0% 2352 MHz:   0% 2616 MHz:   0% 2868 MHz:   0% 3096 MHz:   0% 3300 MHz:   0% 3468 MHz:   0% 3624 MHz:   0% 3756 MHz:   0% 3828 MHz:   0% 3888 MHz:   0% 3948 MHz:   0% 3996 MHz:   0% 4044 MHz:   0% 4104 MHz:   0% 4416 MHz: .03% 4512 MHz: .13%)
CPU 15 idle residency:  20.53%
CPU 15 down residency:  79.30%

CPU Power: 8100 mW
GPU Power: 11962 mW
ANE Power: 0 mW
Combined Power (CPU + GPU + ANE): 20062 mW

**** GPU usage ****

GPU HW active frequency: 1561 MHz
GPU HW active residency:  94.74% (338 MHz: 1.3% 618 MHz:   0% 796 MHz:   0% 924 MHz:   0% 952 MHz:   0% 1056 MHz:   0% 1062 MHz:   0% 1182 MHz:   0% 1182 MHz:   0% 1312 MHz:   0% 1242 MHz:   0% 1380 MHz:   0% 1326 MHz:   0% 1470 MHz:   0% 1578 MHz:  93%)
GPU SW requested state: (P1 :   0% P2 :   0% P3 :   0% P4 :   0% P5 :   0% P6 :   0% P7 :   0% P8 :   0% P9 :   0% P10 : 100% P11 :   0% P12 :   0% P13 :   0% P14 :   0% P15 :   0%)
GPU SW state: (SW_P1 : 1.3% SW_P2 :   0% SW_P3 :   0% SW_P4 :   0% SW_P5 :   0% SW_P6 :   0% SW_P7 :   0% SW_P8 :   0% SW_P9 :   0% SW_P10 :  93% SW_P11 :   0% SW_P12 :   0% SW_P13 :   0% SW_P14 :   0% SW_P15 :   0%)
GPU idle residency:   5.26%
GPU Power: 11963 mW



*** Sampled system activity (Tue Jan 20 15:13:41 2026 +0100) (1020.29ms elapsed) ***


**** Processor usage ****

E-Cluster Online: 100%
E-Cluster HW active frequency: 1154 MHz
E-Cluster HW active residency:  68.23% (1020 MHz:  59% 1404 MHz: 3.0% 1788 MHz: 2.2% 2112 MHz: .72% 2352 MHz: 1.2% 2532 MHz: 1.4% 2592 MHz: 1.2%)
E-Cluster idle residency:  31.77%
E-Cluster down residency:   0.00%
CPU 0 frequency: 1133 MHz
CPU 0 active residency:  37.93% (1020 MHz:  33% 1404 MHz: 2.1% 1788 MHz: 1.2% 2112 MHz: .32% 2352 MHz: .55% 2532 MHz: .51% 2592 MHz: .42%)
CPU 0 idle residency:  62.07%
CPU 0 down residency:   0.00%
CPU 1 frequency: 1185 MHz
CPU 1 active residency:  26.57% (1020 MHz:  22% 1404 MHz: 1.2% 1788 MHz: .96% 2112 MHz: .29% 2352 MHz: .81% 2532 MHz: .44% 2592 MHz: .71%)
CPU 1 idle residency:  73.43%
CPU 1 down residency:   0.00%
CPU 2 frequency: 1212 MHz
CPU 2 active residency:  19.37% (1020 MHz:  16% 1404 MHz: .90% 1788 MHz: .89% 2112 MHz: .33% 2352 MHz: .35% 2532 MHz: .83% 2592 MHz: .38%)
CPU 2 idle residency:  80.63%
CPU 2 down residency:   0.00%
CPU 3 frequency: 1264 MHz
CPU 3 active residency:  11.77% (1020 MHz: 8.8% 1404 MHz: .89% 1788 MHz: .75% 2112 MHz: .07% 2352 MHz: .59% 2532 MHz: .40% 2592 MHz: .32%)
CPU 3 idle residency:  88.23%
CPU 3 down residency:   0.00%

P0-Cluster Online: 42%
P0-Cluster HW active frequency: 3935 MHz
P0-Cluster HW active residency:  40.36% (1260 MHz: .60% 1512 MHz:   0% 1800 MHz:   0% 2088 MHz:   0% 2352 MHz:   0% 2616 MHz:   0% 2868 MHz:   0% 3096 MHz:   0% 3300 MHz:   0% 3468 MHz:   0% 3624 MHz:   0% 3756 MHz:   0% 3828 MHz:   0% 3888 MHz:  16% 3948 MHz:  10% 3996 MHz: 7.9% 4044 MHz: 3.3% 4104 MHz:   0% 4416 MHz: 1.2% 4512 MHz: 1.4%)
P0-Cluster idle residency:   1.92%
P0-Cluster down residency:  57.72%
CPU 4 frequency: 4512 MHz
CPU 4 active residency:  17.06% (1260 MHz:   0% 1512 MHz:   0% 1800 MHz:   0% 2088 MHz:   0% 2352 MHz:   0% 2616 MHz:   0% 2868 MHz:   0% 3096 MHz:   0% 3300 MHz:   0% 3468 MHz:   0% 3624 MHz:   0% 3756 MHz:   0% 3828 MHz:   0% 3888 MHz:   0% 3948 MHz:   0% 3996 MHz:   0% 4044 MHz:   0% 4104 MHz:   0% 4416 MHz:   0% 4512 MHz:  17%)
CPU 4 idle residency:  19.07%
CPU 4 down residency:  63.87%
CPU 5 frequency: 4512 MHz
CPU 5 active residency:  17.21% (1260 MHz:   0% 1512 MHz:   0% 1800 MHz:   0% 2088 MHz:   0% 2352 MHz:   0% 2616 MHz:   0% 2868 MHz:   0% 3096 MHz:   0% 3300 MHz:   0% 3468 MHz:   0% 3624 MHz:   0% 3756 MHz:   0% 3828 MHz:   0% 3888 MHz:   0% 3948 MHz:   0% 3996 MHz:   0% 4044 MHz:   0% 4104 MHz:   0% 4416 MHz:   0% 4512 MHz:  17%)
CPU 5 idle residency:  19.13%
CPU 5 down residency:  63.66%
CPU 6 frequency: 4512 MHz
CPU 6 active residency:  16.53% (1260 MHz:   0% 1512 MHz:   0% 1800 MHz:   0% 2088 MHz:   0% 2352 MHz:   0% 2616 MHz:   0% 2868 MHz:   0% 3096 MHz:   0% 3300 MHz:   0% 3468 MHz:   0% 3624 MHz:   0% 3756 MHz:   0% 3828 MHz:   0% 3888 MHz:   0% 3948 MHz:   0% 3996 MHz:   0% 4044 MHz:   0% 4104 MHz:   0% 4416 MHz:   0% 4512 MHz:  17%)
CPU 6 idle residency:  22.02%
CPU 6 down residency:  61.45%
CPU 7 frequency: 4512 MHz
CPU 7 active residency:  17.60% (1260 MHz:   0% 1512 MHz:   0% 1800 MHz:   0% 2088 MHz:   0% 2352 MHz:   0% 2616 MHz:   0% 2868 MHz:   0% 3096 MHz:   0% 3300 MHz:   0% 3468 MHz:   0% 3624 MHz:   0% 3756 MHz:   0% 3828 MHz:   0% 3888 MHz:   0% 3948 MHz:   0% 3996 MHz:   0% 4044 MHz:   0% 4104 MHz:   0% 4416 MHz:   0% 4512 MHz:  18%)
CPU 7 idle residency:  18.28%
CPU 7 down residency:  64.12%
CPU 8 frequency: 4512 MHz
CPU 8 active residency:  19.04% (1260 MHz:   0% 1512 MHz:   0% 1800 MHz:   0% 2088 MHz:   0% 2352 MHz:   0% 2616 MHz:   0% 2868 MHz:   0% 3096 MHz:   0% 3300 MHz:   0% 3468 MHz:   0% 3624 MHz:   0% 3756 MHz:   0% 3828 MHz:   0% 3888 MHz:   0% 3948 MHz:   0% 3996 MHz:   0% 4044 MHz:   0% 4104 MHz:   0% 4416 MHz:   0% 4512 MHz:  19%)
CPU 8 idle residency:  20.31%
CPU 8 down residency:  60.65%
CPU 9 frequency: 4512 MHz
CPU 9 active residency:  13.57% (1260 MHz:   0% 1512 MHz:   0% 1800 MHz:   0% 2088 MHz:   0% 2352 MHz:   0% 2616 MHz:   0% 2868 MHz:   0% 3096 MHz:   0% 3300 MHz:   0% 3468 MHz:   0% 3624 MHz:   0% 3756 MHz:   0% 3828 MHz:   0% 3888 MHz:   0% 3948 MHz:   0% 3996 MHz:   0% 4044 MHz:   0% 4104 MHz:   0% 4416 MHz:   0% 4512 MHz:  14%)
CPU 9 idle residency:  22.74%
CPU 9 down residency:  63.69%

P1-Cluster HW active frequency: 4007 MHz
P1-Cluster HW active residency:  60.87% (1260 MHz: .22% 1512 MHz:   0% 1800 MHz:   0% 2088 MHz:   0% 2352 MHz:   0% 2616 MHz:   0% 2868 MHz:   0% 3096 MHz:   0% 3300 MHz:   0% 3468 MHz:   0% 3624 MHz:   0% 3756 MHz:   0% 3828 MHz:   0% 3888 MHz:  21% 3948 MHz:  17% 3996 MHz: 7.0% 4044 MHz: 8.0% 4104 MHz: .06% 4416 MHz: 3.8% 4512 MHz: 4.4%)
P1-Cluster idle residency:   1.35%
P1-Cluster down residency:  37.78%
CPU 10 frequency: 4510 MHz
CPU 10 active residency:  38.25% (1260 MHz: .02% 1512 MHz:   0% 1800 MHz:   0% 2088 MHz:   0% 2352 MHz:   0% 2616 MHz:   0% 2868 MHz:   0% 3096 MHz:   0% 3300 MHz:   0% 3468 MHz:   0% 3624 MHz:   0% 3756 MHz:   0% 3828 MHz:   0% 3888 MHz:   0% 3948 MHz: .02% 3996 MHz: .03% 4044 MHz: .02% 4104 MHz: .02% 4416 MHz: .04% 4512 MHz:  38%)
CPU 10 idle residency:  24.87%
CPU 10 down residency:  36.89%
CPU 11 frequency: 4510 MHz
CPU 11 active residency:  36.93% (1260 MHz: .01% 1512 MHz:   0% 1800 MHz:   0% 2088 MHz:   0% 2352 MHz:   0% 2616 MHz:   0% 2868 MHz:   0% 3096 MHz:   0% 3300 MHz:   0% 3468 MHz:   0% 3624 MHz:   0% 3756 MHz:   0% 3828 MHz:   0% 3888 MHz:   0% 3948 MHz: .02% 3996 MHz: .03% 4044 MHz: .02% 4104 MHz: .02% 4416 MHz: .04% 4512 MHz:  37%)
CPU 11 idle residency:  25.38%
CPU 11 down residency:  37.69%
CPU 12 frequency: 4508 MHz
CPU 12 active residency:  32.47% (1260 MHz: .03% 1512 MHz:   0% 1800 MHz:   0% 2088 MHz:   0% 2352 MHz:   0% 2616 MHz:   0% 2868 MHz:   0% 3096 MHz:   0% 3300 MHz:   0% 3468 MHz:   0% 3624 MHz:   0% 3756 MHz:   0% 3828 MHz:   0% 3888 MHz:   0% 3948 MHz: .00% 3996 MHz: .03% 4044 MHz: .02% 4104 MHz: .02% 4416 MHz: .04% 4512 MHz:  32%)
CPU 12 idle residency:  29.84%
CPU 12 down residency:  37.69%
CPU 13 frequency: 4506 MHz
CPU 13 active residency:  31.87% (1260 MHz: .05% 1512 MHz:   0% 1800 MHz:   0% 2088 MHz:   0% 2352 MHz:   0% 2616 MHz:   0% 2868 MHz:   0% 3096 MHz:   0% 3300 MHz:   0% 3468 MHz:   0% 3624 MHz:   0% 3756 MHz:   0% 3828 MHz:   0% 3888 MHz:   0% 3948 MHz: .00% 3996 MHz: .03% 4044 MHz: .02% 4104 MHz: .02% 4416 MHz: .04% 4512 MHz:  32%)
CPU 13 idle residency:  31.00%
CPU 13 down residency:  37.13%
CPU 14 frequency: 4508 MHz
CPU 14 active residency:  34.81% (1260 MHz: .03% 1512 MHz:   0% 1800 MHz:   0% 2088 MHz:   0% 2352 MHz:   0% 2616 MHz:   0% 2868 MHz:   0% 3096 MHz:   0% 3300 MHz:   0% 3468 MHz:   0% 3624 MHz:   0% 3756 MHz:   0% 3828 MHz:   0% 3888 MHz:   0% 3948 MHz: .00% 3996 MHz: .03% 4044 MHz: .02% 4104 MHz: .02% 4416 MHz: .04% 4512 MHz:  35%)
CPU 14 idle residency:  28.15%
CPU 14 down residency:  37.04%
CPU 15 frequency: 4508 MHz
CPU 15 active residency:  27.67% (1260 MHz: .03% 1512 MHz:   0% 1800 MHz:   0% 2088 MHz:   0% 2352 MHz:   0% 2616 MHz:   0% 2868 MHz:   0% 3096 MHz:   0% 3300 MHz:   0% 3468 MHz:   0% 3624 MHz:   0% 3756 MHz:   0% 3828 MHz:   0% 3888 MHz:   0% 3948 MHz: .00% 3996 MHz: .03% 4044 MHz: .02% 4104 MHz: .02% 4416 MHz: .04% 4512 MHz:  28%)
CPU 15 idle residency:  34.64%
CPU 15 down residency:  37.69%

CPU Power: 7340 mW
GPU Power: 12386 mW
ANE Power: 0 mW
Combined Power (CPU + GPU + ANE): 19726 mW

**** GPU usage ****

GPU HW active frequency: 1562 MHz
GPU HW active residency:  95.34% (338 MHz: 1.3% 618 MHz:   0% 796 MHz:   0% 924 MHz:   0% 952 MHz:   0% 1056 MHz:   0% 1062 MHz:   0% 1182 MHz:   0% 1182 MHz:   0% 1312 MHz:   0% 1242 MHz:   0% 1380 MHz:   0% 1326 MHz:   0% 1470 MHz:   0% 1578 MHz:  94%)
GPU SW requested state: (P1 :   0% P2 :   0% P3 :   0% P4 :   0% P5 :   0% P6 :   0% P7 :   0% P8 :   0% P9 :   0% P10 : 100% P11 :   0% P12 :   0% P13 :   0% P14 :   0% P15 :   0%)
GPU SW state: (SW_P1 : 1.3% SW_P2 :   0% SW_P3 :   0% SW_P4 :   0% SW_P5 :   0% SW_P6 :   0% SW_P7 :   0% SW_P8 :   0% SW_P9 :   0% SW_P10 :  94% SW_P11 :   0% SW_P12 :   0% SW_P13 :   0% SW_P14 :   0% SW_P15 :   0%)
GPU idle residency:   4.66%
GPU Power: 12284 mW



*** Sampled system activity (Tue Jan 20 15:13:42 2026 +0100) (1020.30ms elapsed) ***


**** Processor usage ****

E-Cluster Online: 100%
E-Cluster HW active frequency: 1294 MHz
E-Cluster HW active residency:  63.34% (1020 MHz:  45% 1404 MHz: 4.8% 1788 MHz: 4.7% 2112 MHz: 1.3% 2352 MHz: 2.0% 2532 MHz: 1.4% 2592 MHz: 3.7%)
E-Cluster idle residency:  36.66%
E-Cluster down residency:   0.00%
CPU 0 frequency: 1299 MHz
CPU 0 active residency:  31.91% (1020 MHz:  22% 1404 MHz: 2.8% 1788 MHz: 3.0% 2112 MHz: .63% 2352 MHz: .77% 2532 MHz: .51% 2592 MHz: 1.9%)
CPU 0 idle residency:  68.09%
CPU 0 down residency:   0.00%
CPU 1 frequency: 1356 MHz
CPU 1 active residency:  21.53% (1020 MHz:  14% 1404 MHz: 2.1% 1788 MHz: 1.7% 2112 MHz: .73% 2352 MHz: .81% 2532 MHz: .53% 2592 MHz: 1.6%)
CPU 1 idle residency:  78.47%
CPU 1 down residency:   0.00%
CPU 2 frequency: 1383 MHz
CPU 2 active residency:  13.60% (1020 MHz: 8.9% 1404 MHz: .96% 1788 MHz: 1.3% 2112 MHz: .22% 2352 MHz: .54% 2532 MHz: .68% 2592 MHz: 1.0%)
CPU 2 idle residency:  86.40%
CPU 2 down residency:   0.00%
CPU 3 frequency: 1416 MHz
CPU 3 active residency:   9.74% (1020 MHz: 5.7% 1404 MHz: .82% 1788 MHz: 1.5% 2112 MHz: .39% 2352 MHz: .35% 2532 MHz: .56% 2592 MHz: .42%)
CPU 3 idle residency:  90.26%
CPU 3 down residency:   0.00%

P0-Cluster Online: 14%
P0-Cluster HW active frequency: 2243 MHz
P0-Cluster HW active residency:   3.95% (1260 MHz: 2.4% 1512 MHz:   0% 1800 MHz: .07% 2088 MHz:   0% 2352 MHz:   0% 2616 MHz: .12% 2868 MHz: .11% 3096 MHz:   0% 3300 MHz: .15% 3468 MHz: .10% 3624 MHz: .03% 3756 MHz: .14% 3828 MHz: .05% 3888 MHz: .04% 3948 MHz: .02% 3996 MHz: .01% 4044 MHz: .31% 4104 MHz:   0% 4416 MHz: .05% 4512 MHz: .36%)
P0-Cluster idle residency:   7.60%
P0-Cluster down residency:  88.45%
CPU 4 frequency: 4506 MHz
CPU 4 active residency:   9.20% (1260 MHz: .00% 1512 MHz:   0% 1800 MHz:   0% 2088 MHz:   0% 2352 MHz:   0% 2616 MHz:   0% 2868 MHz:   0% 3096 MHz:   0% 3300 MHz: .01% 3468 MHz:   0% 3624 MHz:   0% 3756 MHz: .02% 3828 MHz: .02% 3888 MHz: .01% 3948 MHz:   0% 3996 MHz:   0% 4044 MHz:   0% 4104 MHz:   0% 4416 MHz: .03% 4512 MHz: 9.1%)
CPU 4 idle residency:  10.09%
CPU 4 down residency:  80.70%
CPU 5 frequency: 4503 MHz
CPU 5 active residency:   8.98% (1260 MHz: .01% 1512 MHz:   0% 1800 MHz:   0% 2088 MHz:   0% 2352 MHz:   0% 2616 MHz:   0% 2868 MHz:   0% 3096 MHz:   0% 3300 MHz: .01% 3468 MHz:   0% 3624 MHz:   0% 3756 MHz: .02% 3828 MHz: .02% 3888 MHz: .01% 3948 MHz:   0% 3996 MHz:   0% 4044 MHz:   0% 4104 MHz:   0% 4416 MHz: .03% 4512 MHz: 8.9%)
CPU 5 idle residency:  10.09%
CPU 5 down residency:  80.94%
CPU 6 frequency: 4503 MHz
CPU 6 active residency:   6.34% (1260 MHz: .00% 1512 MHz:   0% 1800 MHz:   0% 2088 MHz:   0% 2352 MHz:   0% 2616 MHz:   0% 2868 MHz:   0% 3096 MHz:   0% 3300 MHz: .01% 3468 MHz:   0% 3624 MHz:   0% 3756 MHz: .02% 3828 MHz: .02% 3888 MHz: .01% 3948 MHz:   0% 3996 MHz:   0% 4044 MHz:   0% 4104 MHz:   0% 4416 MHz: .03% 4512 MHz: 6.2%)
CPU 6 idle residency:  10.24%
CPU 6 down residency:  83.42%
CPU 7 frequency: 4506 MHz
CPU 7 active residency:   9.64% (1260 MHz: .00% 1512 MHz:   0% 1800 MHz:   0% 2088 MHz:   0% 2352 MHz:   0% 2616 MHz:   0% 2868 MHz:   0% 3096 MHz:   0% 3300 MHz: .02% 3468 MHz:   0% 3624 MHz:   0% 3756 MHz: .02% 3828 MHz: .02% 3888 MHz: .01% 3948 MHz:   0% 3996 MHz:   0% 4044 MHz:   0% 4104 MHz:   0% 4416 MHz: .03% 4512 MHz: 9.5%)
CPU 7 idle residency:   9.73%
CPU 7 down residency:  80.63%
CPU 8 frequency: 4501 MHz
CPU 8 active residency:   5.20% (1260 MHz: .00% 1512 MHz:   0% 1800 MHz:   0% 2088 MHz:   0% 2352 MHz:   0% 2616 MHz:   0% 2868 MHz:   0% 3096 MHz:   0% 3300 MHz: .02% 3468 MHz:   0% 3624 MHz:   0% 3756 MHz: .02% 3828 MHz: .02% 3888 MHz: .01% 3948 MHz:   0% 3996 MHz:   0% 4044 MHz:   0% 4104 MHz:   0% 4416 MHz: .03% 4512 MHz: 5.1%)
CPU 8 idle residency:  10.51%
CPU 8 down residency:  84.29%
CPU 9 frequency: 4506 MHz
CPU 9 active residency:   8.81% (1260 MHz: .00% 1512 MHz:   0% 1800 MHz:   0% 2088 MHz:   0% 2352 MHz:   0% 2616 MHz:   0% 2868 MHz:   0% 3096 MHz:   0% 3300 MHz: .01% 3468 MHz:   0% 3624 MHz:   0% 3756 MHz: .02% 3828 MHz: .02% 3888 MHz: .01% 3948 MHz:   0% 3996 MHz:   0% 4044 MHz:   0% 4104 MHz:   0% 4416 MHz: .03% 4512 MHz: 8.7%)
CPU 9 idle residency:  10.16%
CPU 9 down residency:  81.04%

P1-Cluster HW active frequency: 3974 MHz
P1-Cluster HW active residency:  99.91% (1260 MHz:   0% 1512 MHz:   0% 1800 MHz: .11% 2088 MHz:   0% 2352 MHz:   0% 2616 MHz:   0% 2868 MHz: .08% 3096 MHz:   0% 3300 MHz:   0% 3468 MHz:   0% 3624 MHz:   0% 3756 MHz: .01% 3828 MHz:   0% 3888 MHz:  40% 3948 MHz:  28% 3996 MHz:  16% 4044 MHz: 9.3% 4104 MHz:   0% 4416 MHz: 3.3% 4512 MHz: 3.6%)
P1-Cluster idle residency:   0.09%
P1-Cluster down residency:   0.00%
CPU 10 frequency: 4511 MHz
CPU 10 active residency:  65.50% (1260 MHz:   0% 1512 MHz:   0% 1800 MHz: .03% 2088 MHz:   0% 2352 MHz:   0% 2616 MHz:   0% 2868 MHz: .00% 3096 MHz:   0% 3300 MHz:   0% 3468 MHz:   0% 3624 MHz:   0% 3756 MHz: .00% 3828 MHz:   0% 3888 MHz:   0% 3948 MHz:   0% 3996 MHz:   0% 4044 MHz:   0% 4104 MHz:   0% 4416 MHz:   0% 4512 MHz:  65%)
CPU 10 idle residency:  34.50%
CPU 10 down residency:   0.00%
CPU 11 frequency: 4511 MHz
CPU 11 active residency:  60.13% (1260 MHz:   0% 1512 MHz:   0% 1800 MHz: .03% 2088 MHz:   0% 2352 MHz:   0% 2616 MHz:   0% 2868 MHz:   0% 3096 MHz:   0% 3300 MHz:   0% 3468 MHz:   0% 3624 MHz:   0% 3756 MHz: .00% 3828 MHz:   0% 3888 MHz:   0% 3948 MHz:   0% 3996 MHz:   0% 4044 MHz:   0% 4104 MHz:   0% 4416 MHz:   0% 4512 MHz:  60%)
CPU 11 idle residency:  39.87%
CPU 11 down residency:   0.00%
CPU 12 frequency: 4507 MHz
CPU 12 active residency:  53.01% (1260 MHz:   0% 1512 MHz:   0% 1800 MHz: .10% 2088 MHz:   0% 2352 MHz:   0% 2616 MHz:   0% 2868 MHz:   0% 3096 MHz:   0% 3300 MHz:   0% 3468 MHz:   0% 3624 MHz:   0% 3756 MHz: .01% 3828 MHz:   0% 3888 MHz:   0% 3948 MHz:   0% 3996 MHz:   0% 4044 MHz:   0% 4104 MHz:   0% 4416 MHz:   0% 4512 MHz:  53%)
CPU 12 idle residency:  46.99%
CPU 12 down residency:   0.00%
CPU 13 frequency: 4510 MHz
CPU 13 active residency:  65.73% (1260 MHz:   0% 1512 MHz:   0% 1800 MHz: .04% 2088 MHz:   0% 2352 MHz:   0% 2616 MHz:   0% 2868 MHz: .01% 3096 MHz:   0% 3300 MHz:   0% 3468 MHz:   0% 3624 MHz:   0% 3756 MHz: .01% 3828 MHz:   0% 3888 MHz:   0% 3948 MHz:   0% 3996 MHz:   0% 4044 MHz:   0% 4104 MHz:   0% 4416 MHz:   0% 4512 MHz:  66%)
CPU 13 idle residency:  34.27%
CPU 13 down residency:   0.00%
CPU 14 frequency: 4511 MHz
CPU 14 active residency:  54.21% (1260 MHz:   0% 1512 MHz:   0% 1800 MHz: .02% 2088 MHz:   0% 2352 MHz:   0% 2616 MHz:   0% 2868 MHz:   0% 3096 MHz:   0% 3300 MHz:   0% 3468 MHz:   0% 3624 MHz:   0% 3756 MHz: .01% 3828 MHz:   0% 3888 MHz:   0% 3948 MHz:   0% 3996 MHz:   0% 4044 MHz:   0% 4104 MHz:   0% 4416 MHz:   0% 4512 MHz:  54%)
CPU 14 idle residency:  45.79%
CPU 14 down residency:   0.00%
CPU 15 frequency: 4508 MHz
CPU 15 active residency:  57.92% (1260 MHz:   0% 1512 MHz:   0% 1800 MHz: .10% 2088 MHz:   0% 2352 MHz:   0% 2616 MHz:   0% 2868 MHz:   0% 3096 MHz:   0% 3300 MHz:   0% 3468 MHz:   0% 3624 MHz:   0% 3756 MHz: .01% 3828 MHz:   0% 3888 MHz:   0% 3948 MHz:   0% 3996 MHz:   0% 4044 MHz:   0% 4104 MHz:   0% 4416 MHz:   0% 4512 MHz:  58%)
CPU 15 idle residency:  42.08%
CPU 15 down residency:   0.00%

CPU Power: 7720 mW
GPU Power: 12125 mW
ANE Power: 0 mW
Combined Power (CPU + GPU + ANE): 19845 mW

**** GPU usage ****

GPU HW active frequency: 1561 MHz
GPU HW active residency:  94.89% (338 MHz: 1.3% 618 MHz:   0% 796 MHz:   0% 924 MHz:   0% 952 MHz:   0% 1056 MHz:   0% 1062 MHz:   0% 1182 MHz:   0% 1182 MHz:   0% 1312 MHz:   0% 1242 MHz:   0% 1380 MHz:   0% 1326 MHz:   0% 1470 MHz:   0% 1578 MHz:  94%)
GPU SW requested state: (P1 :   0% P2 :   0% P3 :   0% P4 :   0% P5 :   0% P6 :   0% P7 :   0% P8 :   0% P9 :   0% P10 : 100% P11 :   0% P12 :   0% P13 :   0% P14 :   0% P15 :   0%)
GPU SW state: (SW_P1 : 1.3% SW_P2 :   0% SW_P3 :   0% SW_P4 :   0% SW_P5 :   0% SW_P6 :   0% SW_P7 :   0% SW_P8 :   0% SW_P9 :   0% SW_P10 :  94% SW_P11 :   0% SW_P12 :   0% SW_P13 :   0% SW_P14 :   0% SW_P15 :   0%)
GPU idle residency:   5.11%
GPU Power: 12068 mW



*** Sampled system activity (Tue Jan 20 15:13:43 2026 +0100) (1020.46ms elapsed) ***


**** Processor usage ****

E-Cluster Online: 100%
E-Cluster HW active frequency: 2081 MHz
E-Cluster HW active residency:  56.86% (1020 MHz:  17% 1404 MHz: .90% 1788 MHz: .38% 2112 MHz: .14% 2352 MHz: .43% 2532 MHz: 3.5% 2592 MHz:  34%)
E-Cluster idle residency:  43.14%
E-Cluster down residency:   0.00%
CPU 0 frequency: 2190 MHz
CPU 0 active residency:  24.86% (1020 MHz: 5.9% 1404 MHz: .33% 1788 MHz: .14% 2112 MHz: .02% 2352 MHz: .22% 2532 MHz: 1.6% 2592 MHz:  17%)
CPU 0 idle residency:  75.14%
CPU 0 down residency:   0.00%
CPU 1 frequency: 2191 MHz
CPU 1 active residency:  17.54% (1020 MHz: 3.9% 1404 MHz: .50% 1788 MHz: .19% 2112 MHz: .02% 2352 MHz: .04% 2532 MHz: 1.0% 2592 MHz:  12%)
CPU 1 idle residency:  82.46%
CPU 1 down residency:   0.00%
CPU 2 frequency: 2104 MHz
CPU 2 active residency:   7.75% (1020 MHz: 2.1% 1404 MHz: .30% 1788 MHz: .08% 2112 MHz: .00% 2352 MHz: .01% 2532 MHz: .42% 2592 MHz: 4.8%)
CPU 2 idle residency:  92.25%
CPU 2 down residency:   0.00%
CPU 3 frequency: 1869 MHz
CPU 3 active residency:   4.59% (1020 MHz: 1.9% 1404 MHz: .22% 1788 MHz: .04% 2112 MHz: .00% 2352 MHz: .01% 2532 MHz: .14% 2592 MHz: 2.3%)
CPU 3 idle residency:  95.41%
CPU 3 down residency:   0.00%

P0-Cluster Online: 3%
P0-Cluster HW active frequency: 1642 MHz
P0-Cluster HW active residency:   0.74% (1260 MHz: .53% 1512 MHz:   0% 1800 MHz: .06% 2088 MHz: .02% 2352 MHz: .07% 2616 MHz: .01% 2868 MHz:   0% 3096 MHz:   0% 3300 MHz:   0% 3468 MHz:   0% 3624 MHz:   0% 3756 MHz:   0% 3828 MHz:   0% 3888 MHz:   0% 3948 MHz:   0% 3996 MHz:   0% 4044 MHz:   0% 4104 MHz:   0% 4416 MHz:   0% 4512 MHz: .04%)
P0-Cluster idle residency:   2.13%
P0-Cluster down residency:  97.13%
CPU 4 frequency: 3025 MHz
CPU 4 active residency:   0.39% (1260 MHz: .01% 1512 MHz:   0% 1800 MHz: .00% 2088 MHz: .04% 2352 MHz: .03% 2616 MHz: .09% 2868 MHz: .06% 3096 MHz:   0% 3300 MHz: .08% 3468 MHz: .02% 3624 MHz:   0% 3756 MHz:   0% 3828 MHz:   0% 3888 MHz:   0% 3948 MHz:   0% 3996 MHz:   0% 4044 MHz:   0% 4104 MHz:   0% 4416 MHz:   0% 4512 MHz: .06%)
CPU 4 idle residency:   2.70%
CPU 4 down residency:  96.91%
CPU 5 frequency: 3060 MHz
CPU 5 active residency:   0.40% (1260 MHz: .00% 1512 MHz:   0% 1800 MHz: .01% 2088 MHz: .04% 2352 MHz: .03% 2616 MHz: .09% 2868 MHz: .06% 3096 MHz:   0% 3300 MHz: .09% 3468 MHz: .02% 3624 MHz:   0% 3756 MHz:   0% 3828 MHz:   0% 3888 MHz:   0% 3948 MHz:   0% 3996 MHz:   0% 4044 MHz:   0% 4104 MHz:   0% 4416 MHz:   0% 4512 MHz: .07%)
CPU 5 idle residency:   2.69%
CPU 5 down residency:  96.90%
CPU 6 frequency: 2974 MHz
CPU 6 active residency:   0.40% (1260 MHz: .01% 1512 MHz:   0% 1800 MHz: .01% 2088 MHz: .04% 2352 MHz: .03% 2616 MHz: .09% 2868 MHz: .06% 3096 MHz:   0% 3300 MHz: .08% 3468 MHz: .02% 3624 MHz:   0% 3756 MHz:   0% 3828 MHz:   0% 3888 MHz:   0% 3948 MHz:   0% 3996 MHz:   0% 4044 MHz:   0% 4104 MHz:   0% 4416 MHz:   0% 4512 MHz: .06%)
CPU 6 idle residency:   2.69%
CPU 6 down residency:  96.91%
CPU 7 frequency: 2961 MHz
CPU 7 active residency:   0.43% (1260 MHz: .02% 1512 MHz:   0% 1800 MHz: .02% 2088 MHz: .04% 2352 MHz: .03% 2616 MHz: .09% 2868 MHz: .06% 3096 MHz:   0% 3300 MHz: .08% 3468 MHz: .02% 3624 MHz:   0% 3756 MHz:   0% 3828 MHz:   0% 3888 MHz:   0% 3948 MHz:   0% 3996 MHz:   0% 4044 MHz:   0% 4104 MHz:   0% 4416 MHz:   0% 4512 MHz: .07%)
CPU 7 idle residency:   2.70%
CPU 7 down residency:  96.87%
CPU 8 frequency: 3158 MHz
CPU 8 active residency:   0.44% (1260 MHz: .01% 1512 MHz:   0% 1800 MHz: .00% 2088 MHz: .04% 2352 MHz: .03% 2616 MHz: .09% 2868 MHz: .06% 3096 MHz:   0% 3300 MHz: .09% 3468 MHz: .02% 3624 MHz:   0% 3756 MHz:   0% 3828 MHz:   0% 3888 MHz:   0% 3948 MHz:   0% 3996 MHz:   0% 4044 MHz:   0% 4104 MHz:   0% 4416 MHz:   0% 4512 MHz: .10%)
CPU 8 idle residency:   2.70%
CPU 8 down residency:  96.86%
CPU 9 frequency: 2932 MHz
CPU 9 active residency:   0.39% (1260 MHz: .02% 1512 MHz:   0% 1800 MHz: .00% 2088 MHz: .04% 2352 MHz: .03% 2616 MHz: .09% 2868 MHz: .06% 3096 MHz:   0% 3300 MHz: .08% 3468 MHz: .02% 3624 MHz:   0% 3756 MHz:   0% 3828 MHz:   0% 3888 MHz:   0% 3948 MHz:   0% 3996 MHz:   0% 4044 MHz:   0% 4104 MHz:   0% 4416 MHz:   0% 4512 MHz: .04%)
CPU 9 idle residency:   2.70%
CPU 9 down residency:  96.91%

P1-Cluster HW active frequency: 4028 MHz
P1-Cluster HW active residency:  99.75% (1260 MHz:   0% 1512 MHz:   0% 1800 MHz:   0% 2088 MHz:   0% 2352 MHz:   0% 2616 MHz:   0% 2868 MHz:   0% 3096 MHz:   0% 3300 MHz:   0% 3468 MHz:   0% 3624 MHz:   0% 3756 MHz:   0% 3828 MHz:   0% 3888 MHz:  13% 3948 MHz:  37% 3996 MHz:  21% 4044 MHz:  17% 4104 MHz:   0% 4416 MHz: 4.6% 4512 MHz: 7.0%)
P1-Cluster idle residency:   0.25%
P1-Cluster down residency:   0.00%
CPU 10 frequency: 4512 MHz
CPU 10 active residency:  47.27% (1260 MHz:   0% 1512 MHz:   0% 1800 MHz:   0% 2088 MHz:   0% 2352 MHz:   0% 2616 MHz:   0% 2868 MHz:   0% 3096 MHz:   0% 3300 MHz:   0% 3468 MHz:   0% 3624 MHz:   0% 3756 MHz:   0% 3828 MHz:   0% 3888 MHz:   0% 3948 MHz:   0% 3996 MHz:   0% 4044 MHz:   0% 4104 MHz:   0% 4416 MHz:   0% 4512 MHz:  47%)
CPU 10 idle residency:  52.73%
CPU 10 down residency:   0.00%
CPU 11 frequency: 4512 MHz
CPU 11 active residency:  40.32% (1260 MHz:   0% 1512 MHz:   0% 1800 MHz:   0% 2088 MHz:   0% 2352 MHz:   0% 2616 MHz:   0% 2868 MHz:   0% 3096 MHz:   0% 3300 MHz:   0% 3468 MHz:   0% 3624 MHz:   0% 3756 MHz:   0% 3828 MHz:   0% 3888 MHz:   0% 3948 MHz:   0% 3996 MHz:   0% 4044 MHz:   0% 4104 MHz:   0% 4416 MHz:   0% 4512 MHz:  40%)
CPU 11 idle residency:  59.68%
CPU 11 down residency:   0.00%
CPU 12 frequency: 4512 MHz
CPU 12 active residency:  39.85% (1260 MHz:   0% 1512 MHz:   0% 1800 MHz:   0% 2088 MHz:   0% 2352 MHz:   0% 2616 MHz:   0% 2868 MHz:   0% 3096 MHz:   0% 3300 MHz:   0% 3468 MHz:   0% 3624 MHz:   0% 3756 MHz:   0% 3828 MHz:   0% 3888 MHz:   0% 3948 MHz:   0% 3996 MHz:   0% 4044 MHz:   0% 4104 MHz:   0% 4416 MHz:   0% 4512 MHz:  40%)
CPU 12 idle residency:  60.15%
CPU 12 down residency:   0.00%
CPU 13 frequency: 4512 MHz
CPU 13 active residency:  31.57% (1260 MHz:   0% 1512 MHz:   0% 1800 MHz:   0% 2088 MHz:   0% 2352 MHz:   0% 2616 MHz:   0% 2868 MHz:   0% 3096 MHz:   0% 3300 MHz:   0% 3468 MHz:   0% 3624 MHz:   0% 3756 MHz:   0% 3828 MHz:   0% 3888 MHz:   0% 3948 MHz:   0% 3996 MHz:   0% 4044 MHz:   0% 4104 MHz:   0% 4416 MHz:   0% 4512 MHz:  32%)
CPU 13 idle residency:  68.43%
CPU 13 down residency:   0.00%
CPU 14 frequency: 4512 MHz
CPU 14 active residency:  53.57% (1260 MHz:   0% 1512 MHz:   0% 1800 MHz:   0% 2088 MHz:   0% 2352 MHz:   0% 2616 MHz:   0% 2868 MHz:   0% 3096 MHz:   0% 3300 MHz:   0% 3468 MHz:   0% 3624 MHz:   0% 3756 MHz:   0% 3828 MHz:   0% 3888 MHz:   0% 3948 MHz:   0% 3996 MHz:   0% 4044 MHz:   0% 4104 MHz:   0% 4416 MHz:   0% 4512 MHz:  54%)
CPU 14 idle residency:  46.43%
CPU 14 down residency:   0.00%
CPU 15 frequency: 4512 MHz
CPU 15 active residency:  46.57% (1260 MHz:   0% 1512 MHz:   0% 1800 MHz:   0% 2088 MHz:   0% 2352 MHz:   0% 2616 MHz:   0% 2868 MHz:   0% 3096 MHz:   0% 3300 MHz:   0% 3468 MHz:   0% 3624 MHz:   0% 3756 MHz:   0% 3828 MHz:   0% 3888 MHz:   0% 3948 MHz:   0% 3996 MHz:   0% 4044 MHz:   0% 4104 MHz:   0% 4416 MHz:   0% 4512 MHz:  47%)
CPU 15 idle residency:  53.43%
CPU 15 down residency:   0.00%

CPU Power: 6937 mW
GPU Power: 12103 mW
ANE Power: 0 mW
Combined Power (CPU + GPU + ANE): 19040 mW

**** GPU usage ****

GPU HW active frequency: 1561 MHz
GPU HW active residency:  96.15% (338 MHz: 1.3% 618 MHz:   0% 796 MHz:   0% 924 MHz:   0% 952 MHz:   0% 1056 MHz:   0% 1062 MHz:   0% 1182 MHz:   0% 1182 MHz:   0% 1312 MHz:   0% 1242 MHz:   0% 1380 MHz:   0% 1326 MHz:   0% 1470 MHz:   0% 1578 MHz:  95%)
GPU SW requested state: (P1 :   0% P2 :   0% P3 :   0% P4 :   0% P5 :   0% P6 :   0% P7 :   0% P8 :   0% P9 :   0% P10 : 100% P11 :   0% P12 :   0% P13 :   0% P14 :   0% P15 :   0%)
GPU SW state: (SW_P1 : 1.3% SW_P2 :   0% SW_P3 :   0% SW_P4 :   0% SW_P5 :   0% SW_P6 :   0% SW_P7 :   0% SW_P8 :   0% SW_P9 :   0% SW_P10 :  95% SW_P11 :   0% SW_P12 :   0% SW_P13 :   0% SW_P14 :   0% SW_P15 :   0%)
GPU idle residency:   3.85%
GPU Power: 12256 mW



*** Sampled system activity (Tue Jan 20 15:13:44 2026 +0100) (1020.89ms elapsed) ***


**** Processor usage ****

E-Cluster Online: 100%
E-Cluster HW active frequency: 2592 MHz
E-Cluster HW active residency:  70.47% (1020 MHz:   0% 1404 MHz:   0% 1788 MHz:   0% 2112 MHz:   0% 2352 MHz:   0% 2532 MHz: .00% 2592 MHz:  70%)
E-Cluster idle residency:  29.53%
E-Cluster down residency:   0.00%
CPU 0 frequency: 2592 MHz
CPU 0 active residency:  32.42% (1020 MHz:   0% 1404 MHz:   0% 1788 MHz:   0% 2112 MHz:   0% 2352 MHz:   0% 2532 MHz:   0% 2592 MHz:  32%)
CPU 0 idle residency:  67.58%
CPU 0 down residency:   0.00%
CPU 1 frequency: 2592 MHz
CPU 1 active residency:  20.62% (1020 MHz:   0% 1404 MHz:   0% 1788 MHz:   0% 2112 MHz:   0% 2352 MHz:   0% 2532 MHz:   0% 2592 MHz:  21%)
CPU 1 idle residency:  79.38%
CPU 1 down residency:   0.00%
CPU 2 frequency: 2592 MHz
CPU 2 active residency:  12.33% (1020 MHz:   0% 1404 MHz:   0% 1788 MHz:   0% 2112 MHz:   0% 2352 MHz:   0% 2532 MHz:   0% 2592 MHz:  12%)
CPU 2 idle residency:  87.67%
CPU 2 down residency:   0.00%
CPU 3 frequency: 2592 MHz
CPU 3 active residency:   7.11% (1020 MHz:   0% 1404 MHz:   0% 1788 MHz:   0% 2112 MHz:   0% 2352 MHz:   0% 2532 MHz:   0% 2592 MHz: 7.1%)
CPU 3 idle residency:  92.89%
CPU 3 down residency:   0.00%

P0-Cluster Online: 9%
P0-Cluster HW active frequency: 1635 MHz
P0-Cluster HW active residency:   3.46% (1260 MHz: 3.0% 1512 MHz:   0% 1800 MHz:   0% 2088 MHz:   0% 2352 MHz:   0% 2616 MHz: .10% 2868 MHz: .07% 3096 MHz:   0% 3300 MHz:   0% 3468 MHz:   0% 3624 MHz:   0% 3756 MHz:   0% 3828 MHz:   0% 3888 MHz: .05% 3948 MHz: .05% 3996 MHz:   0% 4044 MHz:   0% 4104 MHz:   0% 4416 MHz: .04% 4512 MHz: .20%)
P0-Cluster idle residency:   4.71%
P0-Cluster down residency:  91.82%
CPU 4 frequency: 0 MHz
CPU 4 active residency:   0.00% (1260 MHz:   0% 1512 MHz:   0% 1800 MHz:   0% 2088 MHz:   0% 2352 MHz:   0% 2616 MHz:   0% 2868 MHz:   0% 3096 MHz:   0% 3300 MHz:   0% 3468 MHz:   0% 3624 MHz:   0% 3756 MHz:   0% 3828 MHz:   0% 3888 MHz:   0% 3948 MHz:   0% 3996 MHz:   0% 4044 MHz:   0% 4104 MHz:   0% 4416 MHz:   0% 4512 MHz:   0%)
CPU 4 idle residency:   7.93%
CPU 4 down residency:  92.07%
CPU 5 frequency: 0 MHz
CPU 5 active residency:   0.00% (1260 MHz:   0% 1512 MHz:   0% 1800 MHz:   0% 2088 MHz:   0% 2352 MHz:   0% 2616 MHz:   0% 2868 MHz:   0% 3096 MHz:   0% 3300 MHz:   0% 3468 MHz:   0% 3624 MHz:   0% 3756 MHz:   0% 3828 MHz:   0% 3888 MHz:   0% 3948 MHz:   0% 3996 MHz:   0% 4044 MHz:   0% 4104 MHz:   0% 4416 MHz:   0% 4512 MHz:   0%)
CPU 5 idle residency:   7.74%
CPU 5 down residency:  92.26%
CPU 6 frequency: 0 MHz
CPU 6 active residency:   0.00% (1260 MHz:   0% 1512 MHz:   0% 1800 MHz:   0% 2088 MHz:   0% 2352 MHz:   0% 2616 MHz:   0% 2868 MHz:   0% 3096 MHz:   0% 3300 MHz:   0% 3468 MHz:   0% 3624 MHz:   0% 3756 MHz:   0% 3828 MHz:   0% 3888 MHz:   0% 3948 MHz:   0% 3996 MHz:   0% 4044 MHz:   0% 4104 MHz:   0% 4416 MHz:   0% 4512 MHz:   0%)
CPU 6 idle residency:   7.82%
CPU 6 down residency:  92.18%
CPU 7 frequency: 0 MHz
CPU 7 active residency:   0.00% (1260 MHz:   0% 1512 MHz:   0% 1800 MHz:   0% 2088 MHz:   0% 2352 MHz:   0% 2616 MHz:   0% 2868 MHz:   0% 3096 MHz:   0% 3300 MHz:   0% 3468 MHz:   0% 3624 MHz:   0% 3756 MHz:   0% 3828 MHz:   0% 3888 MHz:   0% 3948 MHz:   0% 3996 MHz:   0% 4044 MHz:   0% 4104 MHz:   0% 4416 MHz:   0% 4512 MHz:   0%)
CPU 7 idle residency:   7.80%
CPU 7 down residency:  92.20%
CPU 8 frequency: 0 MHz
CPU 8 active residency:   0.00% (1260 MHz:   0% 1512 MHz:   0% 1800 MHz:   0% 2088 MHz:   0% 2352 MHz:   0% 2616 MHz:   0% 2868 MHz:   0% 3096 MHz:   0% 3300 MHz:   0% 3468 MHz:   0% 3624 MHz:   0% 3756 MHz:   0% 3828 MHz:   0% 3888 MHz:   0% 3948 MHz:   0% 3996 MHz:   0% 4044 MHz:   0% 4104 MHz:   0% 4416 MHz:   0% 4512 MHz:   0%)
CPU 8 idle residency:   7.95%
CPU 8 down residency:  92.05%
CPU 9 frequency: 0 MHz
CPU 9 active residency:   0.00% (1260 MHz:   0% 1512 MHz:   0% 1800 MHz:   0% 2088 MHz:   0% 2352 MHz:   0% 2616 MHz:   0% 2868 MHz:   0% 3096 MHz:   0% 3300 MHz:   0% 3468 MHz:   0% 3624 MHz:   0% 3756 MHz:   0% 3828 MHz:   0% 3888 MHz:   0% 3948 MHz:   0% 3996 MHz:   0% 4044 MHz:   0% 4104 MHz:   0% 4416 MHz:   0% 4512 MHz:   0%)
CPU 9 idle residency:   7.95%
CPU 9 down residency:  92.05%

P1-Cluster HW active frequency: 4022 MHz
P1-Cluster HW active residency:  99.80% (1260 MHz:   0% 1512 MHz:   0% 1800 MHz:   0% 2088 MHz:   0% 2352 MHz:   0% 2616 MHz:   0% 2868 MHz:   0% 3096 MHz:   0% 3300 MHz:   0% 3468 MHz:   0% 3624 MHz:   0% 3756 MHz:   0% 3828 MHz:   0% 3888 MHz: 4.9% 3948 MHz:  43% 3996 MHz:  25% 4044 MHz:  18% 4104 MHz:   0% 4416 MHz: 3.8% 4512 MHz: 5.2%)
P1-Cluster idle residency:   0.20%
P1-Cluster down residency:   0.00%
CPU 10 frequency: 4512 MHz
CPU 10 active residency:  45.92% (1260 MHz:   0% 1512 MHz:   0% 1800 MHz:   0% 2088 MHz:   0% 2352 MHz:   0% 2616 MHz:   0% 2868 MHz:   0% 3096 MHz:   0% 3300 MHz:   0% 3468 MHz:   0% 3624 MHz:   0% 3756 MHz:   0% 3828 MHz:   0% 3888 MHz:   0% 3948 MHz:   0% 3996 MHz:   0% 4044 MHz:   0% 4104 MHz:   0% 4416 MHz:   0% 4512 MHz:  46%)
CPU 10 idle residency:  54.08%
CPU 10 down residency:   0.00%
CPU 11 frequency: 4512 MHz
CPU 11 active residency:  42.57% (1260 MHz:   0% 1512 MHz:   0% 1800 MHz:   0% 2088 MHz:   0% 2352 MHz:   0% 2616 MHz:   0% 2868 MHz:   0% 3096 MHz:   0% 3300 MHz:   0% 3468 MHz:   0% 3624 MHz:   0% 3756 MHz:   0% 3828 MHz:   0% 3888 MHz:   0% 3948 MHz:   0% 3996 MHz:   0% 4044 MHz:   0% 4104 MHz:   0% 4416 MHz:   0% 4512 MHz:  43%)
CPU 11 idle residency:  57.43%
CPU 11 down residency:   0.00%
CPU 12 frequency: 4512 MHz
CPU 12 active residency:  46.19% (1260 MHz:   0% 1512 MHz:   0% 1800 MHz:   0% 2088 MHz:   0% 2352 MHz:   0% 2616 MHz:   0% 2868 MHz:   0% 3096 MHz:   0% 3300 MHz:   0% 3468 MHz:   0% 3624 MHz:   0% 3756 MHz:   0% 3828 MHz:   0% 3888 MHz:   0% 3948 MHz:   0% 3996 MHz:   0% 4044 MHz:   0% 4104 MHz:   0% 4416 MHz:   0% 4512 MHz:  46%)
CPU 12 idle residency:  53.81%
CPU 12 down residency:   0.00%
CPU 13 frequency: 4512 MHz
CPU 13 active residency:  40.08% (1260 MHz:   0% 1512 MHz:   0% 1800 MHz:   0% 2088 MHz:   0% 2352 MHz:   0% 2616 MHz:   0% 2868 MHz:   0% 3096 MHz:   0% 3300 MHz:   0% 3468 MHz:   0% 3624 MHz:   0% 3756 MHz:   0% 3828 MHz:   0% 3888 MHz:   0% 3948 MHz:   0% 3996 MHz:   0% 4044 MHz:   0% 4104 MHz:   0% 4416 MHz:   0% 4512 MHz:  40%)
CPU 13 idle residency:  59.92%
CPU 13 down residency:   0.00%
CPU 14 frequency: 4512 MHz
CPU 14 active residency:  31.16% (1260 MHz:   0% 1512 MHz:   0% 1800 MHz:   0% 2088 MHz:   0% 2352 MHz:   0% 2616 MHz:   0% 2868 MHz:   0% 3096 MHz:   0% 3300 MHz:   0% 3468 MHz:   0% 3624 MHz:   0% 3756 MHz:   0% 3828 MHz:   0% 3888 MHz:   0% 3948 MHz:   0% 3996 MHz:   0% 4044 MHz:   0% 4104 MHz:   0% 4416 MHz:   0% 4512 MHz:  31%)
CPU 14 idle residency:  68.84%
CPU 14 down residency:   0.00%
CPU 15 frequency: 4512 MHz
CPU 15 active residency:  41.45% (1260 MHz:   0% 1512 MHz:   0% 1800 MHz:   0% 2088 MHz:   0% 2352 MHz:   0% 2616 MHz:   0% 2868 MHz:   0% 3096 MHz:   0% 3300 MHz:   0% 3468 MHz:   0% 3624 MHz:   0% 3756 MHz:   0% 3828 MHz:   0% 3888 MHz:   0% 3948 MHz:   0% 3996 MHz:   0% 4044 MHz:   0% 4104 MHz:   0% 4416 MHz:   0% 4512 MHz:  41%)
CPU 15 idle residency:  58.55%
CPU 15 down residency:   0.00%

CPU Power: 7276 mW
GPU Power: 12373 mW
ANE Power: 0 mW
Combined Power (CPU + GPU + ANE): 19649 mW

**** GPU usage ****

GPU HW active frequency: 1561 MHz
GPU HW active residency:  95.56% (338 MHz: 1.3% 618 MHz:   0% 796 MHz:   0% 924 MHz:   0% 952 MHz:   0% 1056 MHz:   0% 1062 MHz:   0% 1182 MHz:   0% 1182 MHz:   0% 1312 MHz:   0% 1242 MHz:   0% 1380 MHz:   0% 1326 MHz:   0% 1470 MHz:   0% 1578 MHz:  94%)
GPU SW requested state: (P1 :   0% P2 :   0% P3 :   0% P4 :   0% P5 :   0% P6 :   0% P7 :   0% P8 :   0% P9 :   0% P10 : 100% P11 :   0% P12 :   0% P13 :   0% P14 :   0% P15 :   0%)
GPU SW state: (SW_P1 : 1.3% SW_P2 :   0% SW_P3 :   0% SW_P4 :   0% SW_P5 :   0% SW_P6 :   0% SW_P7 :   0% SW_P8 :   0% SW_P9 :   0% SW_P10 :  94% SW_P11 :   0% SW_P12 :   0% SW_P13 :   0% SW_P14 :   0% SW_P15 :   0%)
GPU idle residency:   4.44%
GPU Power: 12378 mW



*** Sampled system activity (Tue Jan 20 15:13:45 2026 +0100) (1020.75ms elapsed) ***


**** Processor usage ****

E-Cluster Online: 100%
E-Cluster HW active frequency: 2454 MHz
E-Cluster HW active residency:  63.47% (1020 MHz: 4.1% 1404 MHz: .58% 1788 MHz: .58% 2112 MHz: .41% 2352 MHz: 3.5% 2532 MHz: 2.9% 2592 MHz:  51%)
E-Cluster idle residency:  36.53%
E-Cluster down residency:   0.00%
CPU 0 frequency: 2463 MHz
CPU 0 active residency:  28.07% (1020 MHz: 1.7% 1404 MHz: .17% 1788 MHz: .26% 2112 MHz: .03% 2352 MHz: 1.6% 2532 MHz: 1.4% 2592 MHz:  23%)
CPU 0 idle residency:  71.93%
CPU 0 down residency:   0.00%
CPU 1 frequency: 2456 MHz
CPU 1 active residency:  17.09% (1020 MHz: .98% 1404 MHz: .13% 1788 MHz: .17% 2112 MHz: .38% 2352 MHz: 1.0% 2532 MHz: .99% 2592 MHz:  13%)
CPU 1 idle residency:  82.91%
CPU 1 down residency:   0.00%
CPU 2 frequency: 2437 MHz
CPU 2 active residency:   9.67% (1020 MHz: .54% 1404 MHz: .12% 1788 MHz: .41% 2112 MHz: .02% 2352 MHz: .39% 2532 MHz: 1.4% 2592 MHz: 6.8%)
CPU 2 idle residency:  90.33%
CPU 2 down residency:   0.00%
CPU 3 frequency: 2463 MHz
CPU 3 active residency:   5.24% (1020 MHz: .25% 1404 MHz: .05% 1788 MHz: .09% 2112 MHz: .01% 2352 MHz: .45% 2532 MHz: .69% 2592 MHz: 3.7%)
CPU 3 idle residency:  94.76%
CPU 3 down residency:   0.00%

P0-Cluster Online: 66%
P0-Cluster HW active frequency: 4004 MHz
P0-Cluster HW active residency:  64.50% (1260 MHz: .02% 1512 MHz:   0% 1800 MHz:   0% 2088 MHz:   0% 2352 MHz:   0% 2616 MHz:   0% 2868 MHz:   0% 3096 MHz:   0% 3300 MHz:   0% 3468 MHz:   0% 3624 MHz:   0% 3756 MHz:   0% 3828 MHz: .00% 3888 MHz: 6.8% 3948 MHz:  34% 3996 MHz:  10% 4044 MHz: 8.1% 4104 MHz:   0% 4416 MHz: 2.7% 4512 MHz: 2.6%)
P0-Cluster idle residency:   0.06%
P0-Cluster down residency:  35.44%
CPU 4 frequency: 4491 MHz
CPU 4 active residency:  32.81% (1260 MHz: .20% 1512 MHz:   0% 1800 MHz: .02% 2088 MHz:   0% 2352 MHz:   0% 2616 MHz: .01% 2868 MHz:   0% 3096 MHz:   0% 3300 MHz:   0% 3468 MHz:   0% 3624 MHz:   0% 3756 MHz:   0% 3828 MHz:   0% 3888 MHz:   0% 3948 MHz:   0% 3996 MHz:   0% 4044 MHz:   0% 4104 MHz:   0% 4416 MHz:   0% 4512 MHz:  33%)
CPU 4 idle residency:  31.89%
CPU 4 down residency:  35.30%
CPU 5 frequency: 4490 MHz
CPU 5 active residency:  35.68% (1260 MHz: .21% 1512 MHz:   0% 1800 MHz: .02% 2088 MHz:   0% 2352 MHz:   0% 2616 MHz: .04% 2868 MHz: .01% 3096 MHz:   0% 3300 MHz:   0% 3468 MHz:   0% 3624 MHz:   0% 3756 MHz:   0% 3828 MHz:   0% 3888 MHz:   0% 3948 MHz:   0% 3996 MHz:   0% 4044 MHz:   0% 4104 MHz:   0% 4416 MHz:   0% 4512 MHz:  35%)
CPU 5 idle residency:  29.10%
CPU 5 down residency:  35.23%
CPU 6 frequency: 4489 MHz
CPU 6 active residency:  33.38% (1260 MHz: .20% 1512 MHz:   0% 1800 MHz: .02% 2088 MHz:   0% 2352 MHz:   0% 2616 MHz: .04% 2868 MHz: .00% 3096 MHz:   0% 3300 MHz:   0% 3468 MHz:   0% 3624 MHz:   0% 3756 MHz:   0% 3828 MHz:   0% 3888 MHz:   0% 3948 MHz:   0% 3996 MHz:   0% 4044 MHz:   0% 4104 MHz:   0% 4416 MHz:   0% 4512 MHz:  33%)
CPU 6 idle residency:  31.36%
CPU 6 down residency:  35.26%
CPU 7 frequency: 4481 MHz
CPU 7 active residency:  27.84% (1260 MHz: .21% 1512 MHz:   0% 1800 MHz: .02% 2088 MHz:   0% 2352 MHz:   0% 2616 MHz: .07% 2868 MHz: .00% 3096 MHz:   0% 3300 MHz:   0% 3468 MHz:   0% 3624 MHz:   0% 3756 MHz:   0% 3828 MHz:   0% 3888 MHz:   0% 3948 MHz:   0% 3996 MHz:   0% 4044 MHz:   0% 4104 MHz:   0% 4416 MHz:   0% 4512 MHz:  28%)
CPU 7 idle residency:  36.91%
CPU 7 down residency:  35.25%
CPU 8 frequency: 4490 MHz
CPU 8 active residency:  31.58% (1260 MHz: .20% 1512 MHz:   0% 1800 MHz: .02% 2088 MHz:   0% 2352 MHz:   0% 2616 MHz: .00% 2868 MHz:   0% 3096 MHz:   0% 3300 MHz:   0% 3468 MHz:   0% 3624 MHz:   0% 3756 MHz:   0% 3828 MHz:   0% 3888 MHz:   0% 3948 MHz:   0% 3996 MHz:   0% 4044 MHz:   0% 4104 MHz:   0% 4416 MHz:   0% 4512 MHz:  31%)
CPU 8 idle residency:  33.12%
CPU 8 down residency:  35.31%
CPU 9 frequency: 4486 MHz
CPU 9 active residency:  27.03% (1260 MHz: .20% 1512 MHz:   0% 1800 MHz: .02% 2088 MHz:   0% 2352 MHz:   0% 2616 MHz: .02% 2868 MHz:   0% 3096 MHz:   0% 3300 MHz:   0% 3468 MHz:   0% 3624 MHz:   0% 3756 MHz:   0% 3828 MHz:   0% 3888 MHz:   0% 3948 MHz:   0% 3996 MHz:   0% 4044 MHz:   0% 4104 MHz:   0% 4416 MHz:   0% 4512 MHz:  27%)
CPU 9 idle residency:  37.66%
CPU 9 down residency:  35.31%

P1-Cluster HW active frequency: 3991 MHz
P1-Cluster HW active residency:  35.72% (1260 MHz: .17% 1512 MHz: .09% 1800 MHz:   0% 2088 MHz:   0% 2352 MHz:   0% 2616 MHz:   0% 2868 MHz:   0% 3096 MHz:   0% 3300 MHz:   0% 3468 MHz:   0% 3624 MHz:   0% 3756 MHz:   0% 3828 MHz:   0% 3888 MHz: .72% 3948 MHz:  20% 3996 MHz: 6.3% 4044 MHz: 5.8% 4104 MHz:   0% 4416 MHz: 1.1% 4512 MHz: 1.5%)
P1-Cluster idle residency:   0.71%
P1-Cluster down residency:  63.58%
CPU 10 frequency: 4512 MHz
CPU 10 active residency:  14.27% (1260 MHz:   0% 1512 MHz:   0% 1800 MHz:   0% 2088 MHz:   0% 2352 MHz:   0% 2616 MHz:   0% 2868 MHz:   0% 3096 MHz:   0% 3300 MHz:   0% 3468 MHz:   0% 3624 MHz:   0% 3756 MHz:   0% 3828 MHz:   0% 3888 MHz:   0% 3948 MHz:   0% 3996 MHz:   0% 4044 MHz:   0% 4104 MHz:   0% 4416 MHz:   0% 4512 MHz:  14%)
CPU 10 idle residency:  22.06%
CPU 10 down residency:  63.67%
CPU 11 frequency: 4512 MHz
CPU 11 active residency:  21.82% (1260 MHz:   0% 1512 MHz:   0% 1800 MHz:   0% 2088 MHz:   0% 2352 MHz:   0% 2616 MHz:   0% 2868 MHz:   0% 3096 MHz:   0% 3300 MHz:   0% 3468 MHz:   0% 3624 MHz:   0% 3756 MHz:   0% 3828 MHz:   0% 3888 MHz:   0% 3948 MHz:   0% 3996 MHz:   0% 4044 MHz:   0% 4104 MHz:   0% 4416 MHz:   0% 4512 MHz:  22%)
CPU 11 idle residency:  14.33%
CPU 11 down residency:  63.85%
CPU 12 frequency: 4512 MHz
CPU 12 active residency:   7.01% (1260 MHz:   0% 1512 MHz:   0% 1800 MHz:   0% 2088 MHz:   0% 2352 MHz:   0% 2616 MHz:   0% 2868 MHz:   0% 3096 MHz:   0% 3300 MHz:   0% 3468 MHz:   0% 3624 MHz:   0% 3756 MHz:   0% 3828 MHz:   0% 3888 MHz:   0% 3948 MHz:   0% 3996 MHz:   0% 4044 MHz:   0% 4104 MHz:   0% 4416 MHz:   0% 4512 MHz: 7.0%)
CPU 12 idle residency:  29.33%
CPU 12 down residency:  63.67%
CPU 13 frequency: 4512 MHz
CPU 13 active residency:  18.61% (1260 MHz:   0% 1512 MHz:   0% 1800 MHz:   0% 2088 MHz:   0% 2352 MHz:   0% 2616 MHz:   0% 2868 MHz:   0% 3096 MHz:   0% 3300 MHz:   0% 3468 MHz:   0% 3624 MHz:   0% 3756 MHz:   0% 3828 MHz:   0% 3888 MHz:   0% 3948 MHz:   0% 3996 MHz:   0% 4044 MHz:   0% 4104 MHz:   0% 4416 MHz:   0% 4512 MHz:  19%)
CPU 13 idle residency:  17.73%
CPU 13 down residency:  63.67%
CPU 14 frequency: 4512 MHz
CPU 14 active residency:   8.98% (1260 MHz:   0% 1512 MHz:   0% 1800 MHz:   0% 2088 MHz:   0% 2352 MHz:   0% 2616 MHz:   0% 2868 MHz:   0% 3096 MHz:   0% 3300 MHz:   0% 3468 MHz:   0% 3624 MHz:   0% 3756 MHz:   0% 3828 MHz:   0% 3888 MHz:   0% 3948 MHz:   0% 3996 MHz:   0% 4044 MHz:   0% 4104 MHz:   0% 4416 MHz:   0% 4512 MHz: 9.0%)
CPU 14 idle residency:  27.35%
CPU 14 down residency:  63.67%
CPU 15 frequency: 4512 MHz
CPU 15 active residency:  20.66% (1260 MHz:   0% 1512 MHz:   0% 1800 MHz:   0% 2088 MHz:   0% 2352 MHz:   0% 2616 MHz:   0% 2868 MHz:   0% 3096 MHz:   0% 3300 MHz:   0% 3468 MHz:   0% 3624 MHz:   0% 3756 MHz:   0% 3828 MHz:   0% 3888 MHz:   0% 3948 MHz:   0% 3996 MHz:   0% 4044 MHz:   0% 4104 MHz:   0% 4416 MHz:   0% 4512 MHz:  21%)
CPU 15 idle residency:  15.67%
CPU 15 down residency:  63.67%

CPU Power: 7001 mW
GPU Power: 12334 mW
ANE Power: 0 mW
Combined Power (CPU + GPU + ANE): 19335 mW

**** GPU usage ****

GPU HW active frequency: 1562 MHz
GPU HW active residency:  95.76% (338 MHz: 1.3% 618 MHz:   0% 796 MHz:   0% 924 MHz:   0% 952 MHz:   0% 1056 MHz:   0% 1062 MHz:   0% 1182 MHz:   0% 1182 MHz:   0% 1312 MHz:   0% 1242 MHz:   0% 1380 MHz:   0% 1326 MHz:   0% 1470 MHz:   0% 1578 MHz:  95%)
GPU SW requested state: (P1 :   0% P2 :   0% P3 :   0% P4 :   0% P5 :   0% P6 :   0% P7 :   0% P8 :   0% P9 :   0% P10 : 100% P11 :   0% P12 :   0% P13 :   0% P14 :   0% P15 :   0%)
GPU SW state: (SW_P1 : 1.3% SW_P2 :   0% SW_P3 :   0% SW_P4 :   0% SW_P5 :   0% SW_P6 :   0% SW_P7 :   0% SW_P8 :   0% SW_P9 :   0% SW_P10 :  95% SW_P11 :   0% SW_P12 :   0% SW_P13 :   0% SW_P14 :   0% SW_P15 :   0%)
GPU idle residency:   4.24%
GPU Power: 12218 mW



*** Sampled system activity (Tue Jan 20 15:13:46 2026 +0100) (1021.11ms elapsed) ***


**** Processor usage ****

E-Cluster Online: 100%
E-Cluster HW active frequency: 2592 MHz
E-Cluster HW active residency:  68.20% (1020 MHz:   0% 1404 MHz:   0% 1788 MHz:   0% 2112 MHz:   0% 2352 MHz:   0% 2532 MHz: .00% 2592 MHz:  68%)
E-Cluster idle residency:  31.80%
E-Cluster down residency:   0.00%
CPU 0 frequency: 2592 MHz
CPU 0 active residency:  31.71% (1020 MHz:   0% 1404 MHz:   0% 1788 MHz:   0% 2112 MHz:   0% 2352 MHz:   0% 2532 MHz:   0% 2592 MHz:  32%)
CPU 0 idle residency:  68.29%
CPU 0 down residency:   0.00%
CPU 1 frequency: 2592 MHz
CPU 1 active residency:  19.92% (1020 MHz:   0% 1404 MHz:   0% 1788 MHz:   0% 2112 MHz:   0% 2352 MHz:   0% 2532 MHz:   0% 2592 MHz:  20%)
CPU 1 idle residency:  80.08%
CPU 1 down residency:   0.00%
CPU 2 frequency: 2592 MHz
CPU 2 active residency:  10.73% (1020 MHz:   0% 1404 MHz:   0% 1788 MHz:   0% 2112 MHz:   0% 2352 MHz:   0% 2532 MHz:   0% 2592 MHz:  11%)
CPU 2 idle residency:  89.27%
CPU 2 down residency:   0.00%
CPU 3 frequency: 2592 MHz
CPU 3 active residency:   6.66% (1020 MHz:   0% 1404 MHz:   0% 1788 MHz:   0% 2112 MHz:   0% 2352 MHz:   0% 2532 MHz:   0% 2592 MHz: 6.7%)
CPU 3 idle residency:  93.34%
CPU 3 down residency:   0.00%

P0-Cluster Online: 100%
P0-Cluster HW active frequency: 4000 MHz
P0-Cluster HW active residency:  99.89% (1260 MHz:   0% 1512 MHz:   0% 1800 MHz:   0% 2088 MHz:   0% 2352 MHz:   0% 2616 MHz:   0% 2868 MHz:   0% 3096 MHz:   0% 3300 MHz:   0% 3468 MHz:   0% 3624 MHz:   0% 3756 MHz:   0% 3828 MHz:   0% 3888 MHz: 4.7% 3948 MHz:  58% 3996 MHz:  17% 4044 MHz:  14% 4104 MHz:   0% 4416 MHz: 3.0% 4512 MHz: 3.5%)
P0-Cluster idle residency:   0.11%
P0-Cluster down residency:   0.00%
CPU 4 frequency: 4512 MHz
CPU 4 active residency:  34.92% (1260 MHz:   0% 1512 MHz:   0% 1800 MHz:   0% 2088 MHz:   0% 2352 MHz:   0% 2616 MHz:   0% 2868 MHz:   0% 3096 MHz:   0% 3300 MHz:   0% 3468 MHz:   0% 3624 MHz:   0% 3756 MHz:   0% 3828 MHz:   0% 3888 MHz:   0% 3948 MHz:   0% 3996 MHz:   0% 4044 MHz:   0% 4104 MHz:   0% 4416 MHz:   0% 4512 MHz:  35%)
CPU 4 idle residency:  65.08%
CPU 4 down residency:   0.00%
CPU 5 frequency: 4512 MHz
CPU 5 active residency:  52.98% (1260 MHz:   0% 1512 MHz:   0% 1800 MHz:   0% 2088 MHz:   0% 2352 MHz:   0% 2616 MHz:   0% 2868 MHz:   0% 3096 MHz:   0% 3300 MHz:   0% 3468 MHz:   0% 3624 MHz:   0% 3756 MHz:   0% 3828 MHz:   0% 3888 MHz:   0% 3948 MHz:   0% 3996 MHz:   0% 4044 MHz:   0% 4104 MHz:   0% 4416 MHz:   0% 4512 MHz:  53%)
CPU 5 idle residency:  47.02%
CPU 5 down residency:   0.00%
CPU 6 frequency: 4512 MHz
CPU 6 active residency:  56.69% (1260 MHz:   0% 1512 MHz:   0% 1800 MHz:   0% 2088 MHz:   0% 2352 MHz:   0% 2616 MHz:   0% 2868 MHz:   0% 3096 MHz:   0% 3300 MHz:   0% 3468 MHz:   0% 3624 MHz:   0% 3756 MHz:   0% 3828 MHz:   0% 3888 MHz:   0% 3948 MHz:   0% 3996 MHz:   0% 4044 MHz:   0% 4104 MHz:   0% 4416 MHz:   0% 4512 MHz:  57%)
CPU 6 idle residency:  43.31%
CPU 6 down residency:   0.00%
CPU 7 frequency: 4512 MHz
CPU 7 active residency:  45.46% (1260 MHz:   0% 1512 MHz:   0% 1800 MHz:   0% 2088 MHz:   0% 2352 MHz:   0% 2616 MHz:   0% 2868 MHz:   0% 3096 MHz:   0% 3300 MHz:   0% 3468 MHz:   0% 3624 MHz:   0% 3756 MHz:   0% 3828 MHz:   0% 3888 MHz:   0% 3948 MHz:   0% 3996 MHz:   0% 4044 MHz:   0% 4104 MHz:   0% 4416 MHz:   0% 4512 MHz:  45%)
CPU 7 idle residency:  54.54%
CPU 7 down residency:   0.00%
CPU 8 frequency: 4512 MHz
CPU 8 active residency:  32.81% (1260 MHz:   0% 1512 MHz:   0% 1800 MHz:   0% 2088 MHz:   0% 2352 MHz:   0% 2616 MHz:   0% 2868 MHz:   0% 3096 MHz:   0% 3300 MHz:   0% 3468 MHz:   0% 3624 MHz:   0% 3756 MHz:   0% 3828 MHz:   0% 3888 MHz:   0% 3948 MHz:   0% 3996 MHz:   0% 4044 MHz:   0% 4104 MHz:   0% 4416 MHz:   0% 4512 MHz:  33%)
CPU 8 idle residency:  67.19%
CPU 8 down residency:   0.00%
CPU 9 frequency: 4512 MHz
CPU 9 active residency:  52.83% (1260 MHz:   0% 1512 MHz:   0% 1800 MHz:   0% 2088 MHz:   0% 2352 MHz:   0% 2616 MHz:   0% 2868 MHz:   0% 3096 MHz:   0% 3300 MHz:   0% 3468 MHz:   0% 3624 MHz:   0% 3756 MHz:   0% 3828 MHz:   0% 3888 MHz:   0% 3948 MHz:   0% 3996 MHz:   0% 4044 MHz:   0% 4104 MHz:   0% 4416 MHz:   0% 4512 MHz:  53%)
CPU 9 idle residency:  47.17%
CPU 9 down residency:   0.00%

P1-Cluster HW active frequency: 1546 MHz
P1-Cluster HW active residency:   2.44% (1260 MHz: 2.0% 1512 MHz: .02% 1800 MHz: .14% 2088 MHz: .09% 2352 MHz:   0% 2616 MHz:   0% 2868 MHz:   0% 3096 MHz:   0% 3300 MHz:   0% 3468 MHz:   0% 3624 MHz:   0% 3756 MHz:   0% 3828 MHz:   0% 3888 MHz: .02% 3948 MHz: .03% 3996 MHz:   0% 4044 MHz:   0% 4104 MHz:   0% 4416 MHz: .07% 4512 MHz: .06%)
P1-Cluster idle residency:   2.81%
P1-Cluster down residency:  94.74%
CPU 10 frequency: 0 MHz
CPU 10 active residency:   0.00% (1260 MHz:   0% 1512 MHz:   0% 1800 MHz:   0% 2088 MHz:   0% 2352 MHz:   0% 2616 MHz:   0% 2868 MHz:   0% 3096 MHz:   0% 3300 MHz:   0% 3468 MHz:   0% 3624 MHz:   0% 3756 MHz:   0% 3828 MHz:   0% 3888 MHz:   0% 3948 MHz:   0% 3996 MHz:   0% 4044 MHz:   0% 4104 MHz:   0% 4416 MHz:   0% 4512 MHz:   0%)
CPU 10 idle residency:   5.10%
CPU 10 down residency:  94.90%
CPU 11 frequency: 0 MHz
CPU 11 active residency:   0.00% (1260 MHz:   0% 1512 MHz:   0% 1800 MHz:   0% 2088 MHz:   0% 2352 MHz:   0% 2616 MHz:   0% 2868 MHz:   0% 3096 MHz:   0% 3300 MHz:   0% 3468 MHz:   0% 3624 MHz:   0% 3756 MHz:   0% 3828 MHz:   0% 3888 MHz:   0% 3948 MHz:   0% 3996 MHz:   0% 4044 MHz:   0% 4104 MHz:   0% 4416 MHz:   0% 4512 MHz:   0%)
CPU 11 idle residency:   5.12%
CPU 11 down residency:  94.88%
CPU 12 frequency: 0 MHz
CPU 12 active residency:   0.00% (1260 MHz:   0% 1512 MHz:   0% 1800 MHz:   0% 2088 MHz:   0% 2352 MHz:   0% 2616 MHz:   0% 2868 MHz:   0% 3096 MHz:   0% 3300 MHz:   0% 3468 MHz:   0% 3624 MHz:   0% 3756 MHz:   0% 3828 MHz:   0% 3888 MHz:   0% 3948 MHz:   0% 3996 MHz:   0% 4044 MHz:   0% 4104 MHz:   0% 4416 MHz:   0% 4512 MHz:   0%)
CPU 12 idle residency:   5.16%
CPU 12 down residency:  94.84%
CPU 13 frequency: 0 MHz
CPU 13 active residency:   0.00% (1260 MHz:   0% 1512 MHz:   0% 1800 MHz:   0% 2088 MHz:   0% 2352 MHz:   0% 2616 MHz:   0% 2868 MHz:   0% 3096 MHz:   0% 3300 MHz:   0% 3468 MHz:   0% 3624 MHz:   0% 3756 MHz:   0% 3828 MHz:   0% 3888 MHz:   0% 3948 MHz:   0% 3996 MHz:   0% 4044 MHz:   0% 4104 MHz:   0% 4416 MHz:   0% 4512 MHz:   0%)
CPU 13 idle residency:   5.04%
CPU 13 down residency:  94.96%
CPU 14 frequency: 0 MHz
CPU 14 active residency:   0.00% (1260 MHz:   0% 1512 MHz:   0% 1800 MHz:   0% 2088 MHz:   0% 2352 MHz:   0% 2616 MHz:   0% 2868 MHz:   0% 3096 MHz:   0% 3300 MHz:   0% 3468 MHz:   0% 3624 MHz:   0% 3756 MHz:   0% 3828 MHz:   0% 3888 MHz:   0% 3948 MHz:   0% 3996 MHz:   0% 4044 MHz:   0% 4104 MHz:   0% 4416 MHz:   0% 4512 MHz:   0%)
CPU 14 idle residency:   4.96%
CPU 14 down residency:  95.04%
CPU 15 frequency: 0 MHz
CPU 15 active residency:   0.00% (1260 MHz:   0% 1512 MHz:   0% 1800 MHz:   0% 2088 MHz:   0% 2352 MHz:   0% 2616 MHz:   0% 2868 MHz:   0% 3096 MHz:   0% 3300 MHz:   0% 3468 MHz:   0% 3624 MHz:   0% 3756 MHz:   0% 3828 MHz:   0% 3888 MHz:   0% 3948 MHz:   0% 3996 MHz:   0% 4044 MHz:   0% 4104 MHz:   0% 4416 MHz:   0% 4512 MHz:   0%)
CPU 15 idle residency:   5.11%
CPU 15 down residency:  94.89%

CPU Power: 7237 mW
GPU Power: 12056 mW
ANE Power: 0 mW
Combined Power (CPU + GPU + ANE): 19293 mW

**** GPU usage ****

GPU HW active frequency: 1561 MHz
GPU HW active residency:  95.84% (338 MHz: 1.3% 618 MHz:   0% 796 MHz:   0% 924 MHz:   0% 952 MHz:   0% 1056 MHz:   0% 1062 MHz:   0% 1182 MHz:   0% 1182 MHz:   0% 1312 MHz:   0% 1242 MHz:   0% 1380 MHz:   0% 1326 MHz:   0% 1470 MHz:   0% 1578 MHz:  95%)
GPU SW requested state: (P1 :   0% P2 :   0% P3 :   0% P4 :   0% P5 :   0% P6 :   0% P7 :   0% P8 :   0% P9 :   0% P10 : 100% P11 :   0% P12 :   0% P13 :   0% P14 :   0% P15 :   0%)
GPU SW state: (SW_P1 : 1.3% SW_P2 :   0% SW_P3 :   0% SW_P4 :   0% SW_P5 :   0% SW_P6 :   0% SW_P7 :   0% SW_P8 :   0% SW_P9 :   0% SW_P10 :  95% SW_P11 :   0% SW_P12 :   0% SW_P13 :   0% SW_P14 :   0% SW_P15 :   0%)
GPU idle residency:   4.16%
GPU Power: 12178 mW



*** Sampled system activity (Tue Jan 20 15:13:47 2026 +0100) (1020.57ms elapsed) ***


**** Processor usage ****

E-Cluster Online: 100%
E-Cluster HW active frequency: 2592 MHz
E-Cluster HW active residency:  68.88% (1020 MHz:   0% 1404 MHz:   0% 1788 MHz:   0% 2112 MHz:   0% 2352 MHz:   0% 2532 MHz: .00% 2592 MHz:  69%)
E-Cluster idle residency:  31.12%
E-Cluster down residency:   0.00%
CPU 0 frequency: 2592 MHz
CPU 0 active residency:  33.62% (1020 MHz:   0% 1404 MHz:   0% 1788 MHz:   0% 2112 MHz:   0% 2352 MHz:   0% 2532 MHz:   0% 2592 MHz:  34%)
CPU 0 idle residency:  66.38%
CPU 0 down residency:   0.00%
CPU 1 frequency: 2592 MHz
CPU 1 active residency:  24.27% (1020 MHz:   0% 1404 MHz:   0% 1788 MHz:   0% 2112 MHz:   0% 2352 MHz:   0% 2532 MHz:   0% 2592 MHz:  24%)
CPU 1 idle residency:  75.73%
CPU 1 down residency:   0.00%
CPU 2 frequency: 2592 MHz
CPU 2 active residency:  13.02% (1020 MHz:   0% 1404 MHz:   0% 1788 MHz:   0% 2112 MHz:   0% 2352 MHz:   0% 2532 MHz:   0% 2592 MHz:  13%)
CPU 2 idle residency:  86.98%
CPU 2 down residency:   0.00%
CPU 3 frequency: 2592 MHz
CPU 3 active residency:   8.96% (1020 MHz:   0% 1404 MHz:   0% 1788 MHz:   0% 2112 MHz:   0% 2352 MHz:   0% 2532 MHz:   0% 2592 MHz: 9.0%)
CPU 3 idle residency:  91.04%
CPU 3 down residency:   0.00%

P0-Cluster Online: 100%
P0-Cluster HW active frequency: 4018 MHz
P0-Cluster HW active residency:  99.83% (1260 MHz:   0% 1512 MHz:   0% 1800 MHz:   0% 2088 MHz: .09% 2352 MHz:   0% 2616 MHz: .11% 2868 MHz:   0% 3096 MHz:   0% 3300 MHz:   0% 3468 MHz:   0% 3624 MHz:   0% 3756 MHz:   0% 3828 MHz:   0% 3888 MHz: 7.5% 3948 MHz:  48% 3996 MHz:  19% 4044 MHz:  15% 4104 MHz:   0% 4416 MHz: 4.8% 4512 MHz: 5.6%)
P0-Cluster idle residency:   0.17%
P0-Cluster down residency:   0.00%
CPU 4 frequency: 4504 MHz
CPU 4 active residency:  40.78% (1260 MHz:   0% 1512 MHz:   0% 1800 MHz:   0% 2088 MHz: .06% 2352 MHz:   0% 2616 MHz: .10% 2868 MHz:   0% 3096 MHz:   0% 3300 MHz:   0% 3468 MHz:   0% 3624 MHz:   0% 3756 MHz:   0% 3828 MHz:   0% 3888 MHz:   0% 3948 MHz:   0% 3996 MHz:   0% 4044 MHz:   0% 4104 MHz:   0% 4416 MHz:   0% 4512 MHz:  41%)
CPU 4 idle residency:  59.22%
CPU 4 down residency:   0.00%
CPU 5 frequency: 4501 MHz
CPU 5 active residency:  29.76% (1260 MHz:   0% 1512 MHz:   0% 1800 MHz:   0% 2088 MHz: .05% 2352 MHz:   0% 2616 MHz: .11% 2868 MHz:   0% 3096 MHz:   0% 3300 MHz:   0% 3468 MHz:   0% 3624 MHz:   0% 3756 MHz:   0% 3828 MHz:   0% 3888 MHz:   0% 3948 MHz:   0% 3996 MHz:   0% 4044 MHz:   0% 4104 MHz:   0% 4416 MHz:   0% 4512 MHz:  30%)
CPU 5 idle residency:  70.24%
CPU 5 down residency:   0.00%
CPU 6 frequency: 4507 MHz
CPU 6 active residency:  44.75% (1260 MHz:   0% 1512 MHz:   0% 1800 MHz:   0% 2088 MHz: .01% 2352 MHz:   0% 2616 MHz: .10% 2868 MHz:   0% 3096 MHz:   0% 3300 MHz:   0% 3468 MHz:   0% 3624 MHz:   0% 3756 MHz:   0% 3828 MHz:   0% 3888 MHz:   0% 3948 MHz:   0% 3996 MHz:   0% 4044 MHz:   0% 4104 MHz:   0% 4416 MHz:   0% 4512 MHz:  45%)
CPU 6 idle residency:  55.25%
CPU 6 down residency:   0.00%
CPU 7 frequency: 4508 MHz
CPU 7 active residency:  50.46% (1260 MHz:   0% 1512 MHz:   0% 1800 MHz:   0% 2088 MHz: .00% 2352 MHz:   0% 2616 MHz: .11% 2868 MHz:   0% 3096 MHz:   0% 3300 MHz:   0% 3468 MHz:   0% 3624 MHz:   0% 3756 MHz:   0% 3828 MHz:   0% 3888 MHz:   0% 3948 MHz:   0% 3996 MHz:   0% 4044 MHz:   0% 4104 MHz:   0% 4416 MHz:   0% 4512 MHz:  50%)
CPU 7 idle residency:  49.54%
CPU 7 down residency:   0.00%
CPU 8 frequency: 4509 MHz
CPU 8 active residency:  56.42% (1260 MHz:   0% 1512 MHz:   0% 1800 MHz:   0% 2088 MHz:   0% 2352 MHz:   0% 2616 MHz: .11% 2868 MHz:   0% 3096 MHz:   0% 3300 MHz:   0% 3468 MHz:   0% 3624 MHz:   0% 3756 MHz:   0% 3828 MHz:   0% 3888 MHz:   0% 3948 MHz:   0% 3996 MHz:   0% 4044 MHz:   0% 4104 MHz:   0% 4416 MHz:   0% 4512 MHz:  56%)
CPU 8 idle residency:  43.58%
CPU 8 down residency:   0.00%
CPU 9 frequency: 4504 MHz
CPU 9 active residency:  42.46% (1260 MHz:   0% 1512 MHz:   0% 1800 MHz:   0% 2088 MHz: .06% 2352 MHz:   0% 2616 MHz: .11% 2868 MHz:   0% 3096 MHz:   0% 3300 MHz:   0% 3468 MHz:   0% 3624 MHz:   0% 3756 MHz:   0% 3828 MHz:   0% 3888 MHz:   0% 3948 MHz:   0% 3996 MHz:   0% 4044 MHz:   0% 4104 MHz:   0% 4416 MHz:   0% 4512 MHz:  42%)
CPU 9 idle residency:  57.54%
CPU 9 down residency:   0.00%

P1-Cluster HW active frequency: 2797 MHz
P1-Cluster HW active residency:  13.18% (1260 MHz: 5.4% 1512 MHz: .04% 1800 MHz: .10% 2088 MHz: .02% 2352 MHz: .16% 2616 MHz: .51% 2868 MHz:   0% 3096 MHz:   0% 3300 MHz:   0% 3468 MHz:   0% 3624 MHz:   0% 3756 MHz:   0% 3828 MHz:   0% 3888 MHz: .48% 3948 MHz: 1.0% 3996 MHz: .23% 4044 MHz: 4.5% 4104 MHz:   0% 4416 MHz: .10% 4512 MHz: .52%)
P1-Cluster idle residency:  23.08%
P1-Cluster down residency:  63.74%
CPU 10 frequency: 3504 MHz
CPU 10 active residency:   1.07% (1260 MHz: .13% 1512 MHz: .05% 1800 MHz:   0% 2088 MHz:   0% 2352 MHz:   0% 2616 MHz: .27% 2868 MHz:   0% 3096 MHz:   0% 3300 MHz:   0% 3468 MHz:   0% 3624 MHz:   0% 3756 MHz:   0% 3828 MHz:   0% 3888 MHz:   0% 3948 MHz:   0% 3996 MHz:   0% 4044 MHz:   0% 4104 MHz:   0% 4416 MHz:   0% 4512 MHz: .62%)
CPU 10 idle residency:  35.15%
CPU 10 down residency:  63.77%
CPU 11 frequency: 3704 MHz
CPU 11 active residency:   1.37% (1260 MHz: .13% 1512 MHz: .05% 1800 MHz: .00% 2088 MHz:   0% 2352 MHz:   0% 2616 MHz: .28% 2868 MHz:   0% 3096 MHz:   0% 3300 MHz:   0% 3468 MHz:   0% 3624 MHz:   0% 3756 MHz:   0% 3828 MHz:   0% 3888 MHz:   0% 3948 MHz:   0% 3996 MHz:   0% 4044 MHz:   0% 4104 MHz:   0% 4416 MHz:   0% 4512 MHz: .91%)
CPU 11 idle residency:  34.45%
CPU 11 down residency:  64.18%
CPU 12 frequency: 3868 MHz
CPU 12 active residency:   1.33% (1260 MHz: .14% 1512 MHz: .05% 1800 MHz:   0% 2088 MHz:   0% 2352 MHz:   0% 2616 MHz: .14% 2868 MHz:   0% 3096 MHz:   0% 3300 MHz:   0% 3468 MHz:   0% 3624 MHz:   0% 3756 MHz:   0% 3828 MHz:   0% 3888 MHz:   0% 3948 MHz:   0% 3996 MHz:   0% 4044 MHz:   0% 4104 MHz:   0% 4416 MHz:   0% 4512 MHz: 1.0%)
CPU 12 idle residency:  34.86%
CPU 12 down residency:  63.81%
CPU 13 frequency: 3492 MHz
CPU 13 active residency:   0.99% (1260 MHz: .14% 1512 MHz: .05% 1800 MHz: .09% 2088 MHz:   0% 2352 MHz:   0% 2616 MHz: .08% 2868 MHz:   0% 3096 MHz:   0% 3300 MHz:   0% 3468 MHz:   0% 3624 MHz:   0% 3756 MHz:   0% 3828 MHz:   0% 3888 MHz:   0% 3948 MHz:   0% 3996 MHz:   0% 4044 MHz:   0% 4104 MHz:   0% 4416 MHz:   0% 4512 MHz: .62%)
CPU 13 idle residency:  34.65%
CPU 13 down residency:  64.37%
CPU 14 frequency: 3913 MHz
CPU 14 active residency:   1.27% (1260 MHz: .13% 1512 MHz: .05% 1800 MHz: .01% 2088 MHz: .07% 2352 MHz:   0% 2616 MHz: .00% 2868 MHz:   0% 3096 MHz:   0% 3300 MHz:   0% 3468 MHz:   0% 3624 MHz:   0% 3756 MHz:   0% 3828 MHz:   0% 3888 MHz:   0% 3948 MHz:   0% 3996 MHz:   0% 4044 MHz:   0% 4104 MHz:   0% 4416 MHz:   0% 4512 MHz: 1.0%)
CPU 14 idle residency:  34.71%
CPU 14 down residency:  64.02%
CPU 15 frequency: 3764 MHz
CPU 15 active residency:   0.84% (1260 MHz: .14% 1512 MHz: .05% 1800 MHz: .00% 2088 MHz:   0% 2352 MHz:   0% 2616 MHz: .01% 2868 MHz:   0% 3096 MHz:   0% 3300 MHz:   0% 3468 MHz:   0% 3624 MHz:   0% 3756 MHz:   0% 3828 MHz:   0% 3888 MHz:   0% 3948 MHz:   0% 3996 MHz:   0% 4044 MHz:   0% 4104 MHz:   0% 4416 MHz:   0% 4512 MHz: .64%)
CPU 15 idle residency:  32.31%
CPU 15 down residency:  66.85%

CPU Power: 7738 mW
GPU Power: 12088 mW
ANE Power: 0 mW
Combined Power (CPU + GPU + ANE): 19826 mW

**** GPU usage ****

GPU HW active frequency: 1561 MHz
GPU HW active residency:  95.30% (338 MHz: 1.3% 618 MHz:   0% 796 MHz:   0% 924 MHz:   0% 952 MHz:   0% 1056 MHz:   0% 1062 MHz:   0% 1182 MHz:   0% 1182 MHz:   0% 1312 MHz:   0% 1242 MHz:   0% 1380 MHz:   0% 1326 MHz:   0% 1470 MHz:   0% 1578 MHz:  94%)
GPU SW requested state: (P1 :   0% P2 :   0% P3 :   0% P4 :   0% P5 :   0% P6 :   0% P7 :   0% P8 :   0% P9 :   0% P10 : 100% P11 :   0% P12 :   0% P13 :   0% P14 :   0% P15 :   0%)
GPU SW state: (SW_P1 : 1.3% SW_P2 :   0% SW_P3 :   0% SW_P4 :   0% SW_P5 :   0% SW_P6 :   0% SW_P7 :   0% SW_P8 :   0% SW_P9 :   0% SW_P10 :  94% SW_P11 :   0% SW_P12 :   0% SW_P13 :   0% SW_P14 :   0% SW_P15 :   0%)
GPU idle residency:   4.70%
GPU Power: 11928 mW



*** Sampled system activity (Tue Jan 20 15:13:48 2026 +0100) (1020.82ms elapsed) ***


**** Processor usage ****

E-Cluster Online: 100%
E-Cluster HW active frequency: 2592 MHz
E-Cluster HW active residency:  68.26% (1020 MHz:   0% 1404 MHz:   0% 1788 MHz:   0% 2112 MHz:   0% 2352 MHz:   0% 2532 MHz: .00% 2592 MHz:  68%)
E-Cluster idle residency:  31.74%
E-Cluster down residency:   0.00%
CPU 0 frequency: 2592 MHz
CPU 0 active residency:  31.71% (1020 MHz:   0% 1404 MHz:   0% 1788 MHz:   0% 2112 MHz:   0% 2352 MHz:   0% 2532 MHz:   0% 2592 MHz:  32%)
CPU 0 idle residency:  68.29%
CPU 0 down residency:   0.00%
CPU 1 frequency: 2592 MHz
CPU 1 active residency:  19.65% (1020 MHz:   0% 1404 MHz:   0% 1788 MHz:   0% 2112 MHz:   0% 2352 MHz:   0% 2532 MHz:   0% 2592 MHz:  20%)
CPU 1 idle residency:  80.35%
CPU 1 down residency:   0.00%
CPU 2 frequency: 2592 MHz
CPU 2 active residency:  11.69% (1020 MHz:   0% 1404 MHz:   0% 1788 MHz:   0% 2112 MHz:   0% 2352 MHz:   0% 2532 MHz:   0% 2592 MHz:  12%)
CPU 2 idle residency:  88.31%
CPU 2 down residency:   0.00%
CPU 3 frequency: 2592 MHz
CPU 3 active residency:   7.64% (1020 MHz:   0% 1404 MHz:   0% 1788 MHz:   0% 2112 MHz:   0% 2352 MHz:   0% 2532 MHz:   0% 2592 MHz: 7.6%)
CPU 3 idle residency:  92.36%
CPU 3 down residency:   0.00%

P0-Cluster Online: 100%
P0-Cluster HW active frequency: 4032 MHz
P0-Cluster HW active residency:  99.80% (1260 MHz:   0% 1512 MHz:   0% 1800 MHz:   0% 2088 MHz:   0% 2352 MHz:   0% 2616 MHz:   0% 2868 MHz:   0% 3096 MHz:   0% 3300 MHz:   0% 3468 MHz:   0% 3624 MHz:   0% 3756 MHz:   0% 3828 MHz: .00% 3888 MHz: 4.6% 3948 MHz:  46% 3996 MHz:  20% 4044 MHz:  17% 4104 MHz:   0% 4416 MHz: 4.7% 4512 MHz: 6.8%)
P0-Cluster idle residency:   0.20%
P0-Cluster down residency:   0.00%
CPU 4 frequency: 4512 MHz
CPU 4 active residency:  43.43% (1260 MHz:   0% 1512 MHz:   0% 1800 MHz:   0% 2088 MHz:   0% 2352 MHz:   0% 2616 MHz:   0% 2868 MHz:   0% 3096 MHz:   0% 3300 MHz:   0% 3468 MHz:   0% 3624 MHz:   0% 3756 MHz:   0% 3828 MHz:   0% 3888 MHz:   0% 3948 MHz:   0% 3996 MHz:   0% 4044 MHz:   0% 4104 MHz:   0% 4416 MHz:   0% 4512 MHz:  43%)
CPU 4 idle residency:  56.57%
CPU 4 down residency:   0.00%
CPU 5 frequency: 4512 MHz
CPU 5 active residency:  41.92% (1260 MHz:   0% 1512 MHz:   0% 1800 MHz:   0% 2088 MHz:   0% 2352 MHz:   0% 2616 MHz:   0% 2868 MHz:   0% 3096 MHz:   0% 3300 MHz:   0% 3468 MHz:   0% 3624 MHz:   0% 3756 MHz:   0% 3828 MHz:   0% 3888 MHz:   0% 3948 MHz:   0% 3996 MHz:   0% 4044 MHz:   0% 4104 MHz:   0% 4416 MHz:   0% 4512 MHz:  42%)
CPU 5 idle residency:  58.08%
CPU 5 down residency:   0.00%
CPU 6 frequency: 4512 MHz
CPU 6 active residency:  37.57% (1260 MHz:   0% 1512 MHz:   0% 1800 MHz:   0% 2088 MHz:   0% 2352 MHz:   0% 2616 MHz:   0% 2868 MHz:   0% 3096 MHz:   0% 3300 MHz:   0% 3468 MHz:   0% 3624 MHz:   0% 3756 MHz:   0% 3828 MHz:   0% 3888 MHz:   0% 3948 MHz:   0% 3996 MHz:   0% 4044 MHz:   0% 4104 MHz:   0% 4416 MHz:   0% 4512 MHz:  38%)
CPU 6 idle residency:  62.43%
CPU 6 down residency:   0.00%
CPU 7 frequency: 4512 MHz
CPU 7 active residency:  47.24% (1260 MHz:   0% 1512 MHz:   0% 1800 MHz:   0% 2088 MHz:   0% 2352 MHz:   0% 2616 MHz:   0% 2868 MHz:   0% 3096 MHz:   0% 3300 MHz:   0% 3468 MHz:   0% 3624 MHz:   0% 3756 MHz:   0% 3828 MHz:   0% 3888 MHz:   0% 3948 MHz:   0% 3996 MHz:   0% 4044 MHz:   0% 4104 MHz:   0% 4416 MHz:   0% 4512 MHz:  47%)
CPU 7 idle residency:  52.76%
CPU 7 down residency:   0.00%
CPU 8 frequency: 4512 MHz
CPU 8 active residency:  29.22% (1260 MHz:   0% 1512 MHz:   0% 1800 MHz:   0% 2088 MHz:   0% 2352 MHz:   0% 2616 MHz:   0% 2868 MHz:   0% 3096 MHz:   0% 3300 MHz:   0% 3468 MHz:   0% 3624 MHz:   0% 3756 MHz:   0% 3828 MHz:   0% 3888 MHz:   0% 3948 MHz:   0% 3996 MHz:   0% 4044 MHz:   0% 4104 MHz:   0% 4416 MHz:   0% 4512 MHz:  29%)
CPU 8 idle residency:  70.78%
CPU 8 down residency:   0.00%
CPU 9 frequency: 4512 MHz
CPU 9 active residency:  43.43% (1260 MHz:   0% 1512 MHz:   0% 1800 MHz:   0% 2088 MHz:   0% 2352 MHz:   0% 2616 MHz:   0% 2868 MHz:   0% 3096 MHz:   0% 3300 MHz:   0% 3468 MHz:   0% 3624 MHz:   0% 3756 MHz:   0% 3828 MHz:   0% 3888 MHz:   0% 3948 MHz:   0% 3996 MHz:   0% 4044 MHz:   0% 4104 MHz:   0% 4416 MHz:   0% 4512 MHz:  43%)
CPU 9 idle residency:  56.57%
CPU 9 down residency:   0.00%

P1-Cluster HW active frequency: 2159 MHz
P1-Cluster HW active residency:   2.42% (1260 MHz: .90% 1512 MHz:   0% 1800 MHz: .15% 2088 MHz: .31% 2352 MHz: .66% 2616 MHz: .03% 2868 MHz: .04% 3096 MHz:   0% 3300 MHz:   0% 3468 MHz:   0% 3624 MHz:   0% 3756 MHz:   0% 3828 MHz:   0% 3888 MHz:   0% 3948 MHz:   0% 3996 MHz:   0% 4044 MHz: .08% 4104 MHz:   0% 4416 MHz: .01% 4512 MHz: .23%)
P1-Cluster idle residency:   2.94%
P1-Cluster down residency:  94.64%
CPU 10 frequency: 0 MHz
CPU 10 active residency:   0.00% (1260 MHz:   0% 1512 MHz:   0% 1800 MHz:   0% 2088 MHz:   0% 2352 MHz:   0% 2616 MHz:   0% 2868 MHz:   0% 3096 MHz:   0% 3300 MHz:   0% 3468 MHz:   0% 3624 MHz:   0% 3756 MHz:   0% 3828 MHz:   0% 3888 MHz:   0% 3948 MHz:   0% 3996 MHz:   0% 4044 MHz:   0% 4104 MHz:   0% 4416 MHz:   0% 4512 MHz:   0%)
CPU 10 idle residency:   5.11%
CPU 10 down residency:  94.89%
CPU 11 frequency: 0 MHz
CPU 11 active residency:   0.00% (1260 MHz:   0% 1512 MHz:   0% 1800 MHz:   0% 2088 MHz:   0% 2352 MHz:   0% 2616 MHz:   0% 2868 MHz:   0% 3096 MHz:   0% 3300 MHz:   0% 3468 MHz:   0% 3624 MHz:   0% 3756 MHz:   0% 3828 MHz:   0% 3888 MHz:   0% 3948 MHz:   0% 3996 MHz:   0% 4044 MHz:   0% 4104 MHz:   0% 4416 MHz:   0% 4512 MHz:   0%)
CPU 11 idle residency:   4.13%
CPU 11 down residency:  95.87%
CPU 12 frequency: 0 MHz
CPU 12 active residency:   0.00% (1260 MHz:   0% 1512 MHz:   0% 1800 MHz:   0% 2088 MHz:   0% 2352 MHz:   0% 2616 MHz:   0% 2868 MHz:   0% 3096 MHz:   0% 3300 MHz:   0% 3468 MHz:   0% 3624 MHz:   0% 3756 MHz:   0% 3828 MHz:   0% 3888 MHz:   0% 3948 MHz:   0% 3996 MHz:   0% 4044 MHz:   0% 4104 MHz:   0% 4416 MHz:   0% 4512 MHz:   0%)
CPU 12 idle residency:   5.12%
CPU 12 down residency:  94.88%
CPU 13 frequency: 0 MHz
CPU 13 active residency:   0.00% (1260 MHz:   0% 1512 MHz:   0% 1800 MHz:   0% 2088 MHz:   0% 2352 MHz:   0% 2616 MHz:   0% 2868 MHz:   0% 3096 MHz:   0% 3300 MHz:   0% 3468 MHz:   0% 3624 MHz:   0% 3756 MHz:   0% 3828 MHz:   0% 3888 MHz:   0% 3948 MHz:   0% 3996 MHz:   0% 4044 MHz:   0% 4104 MHz:   0% 4416 MHz:   0% 4512 MHz:   0%)
CPU 13 idle residency:   4.86%
CPU 13 down residency:  95.14%
CPU 14 frequency: 0 MHz
CPU 14 active residency:   0.00% (1260 MHz:   0% 1512 MHz:   0% 1800 MHz:   0% 2088 MHz:   0% 2352 MHz:   0% 2616 MHz:   0% 2868 MHz:   0% 3096 MHz:   0% 3300 MHz:   0% 3468 MHz:   0% 3624 MHz:   0% 3756 MHz:   0% 3828 MHz:   0% 3888 MHz:   0% 3948 MHz:   0% 3996 MHz:   0% 4044 MHz:   0% 4104 MHz:   0% 4416 MHz:   0% 4512 MHz:   0%)
CPU 14 idle residency:   5.14%
CPU 14 down residency:  94.86%
CPU 15 frequency: 0 MHz
CPU 15 active residency:   0.00% (1260 MHz:   0% 1512 MHz:   0% 1800 MHz:   0% 2088 MHz:   0% 2352 MHz:   0% 2616 MHz:   0% 2868 MHz:   0% 3096 MHz:   0% 3300 MHz:   0% 3468 MHz:   0% 3624 MHz:   0% 3756 MHz:   0% 3828 MHz:   0% 3888 MHz:   0% 3948 MHz:   0% 3996 MHz:   0% 4044 MHz:   0% 4104 MHz:   0% 4416 MHz:   0% 4512 MHz:   0%)
CPU 15 idle residency:   5.09%
CPU 15 down residency:  94.91%

CPU Power: 7228 mW
GPU Power: 12021 mW
ANE Power: 0 mW
Combined Power (CPU + GPU + ANE): 19248 mW

**** GPU usage ****

GPU HW active frequency: 1561 MHz
GPU HW active residency:  95.76% (338 MHz: 1.3% 618 MHz:   0% 796 MHz:   0% 924 MHz:   0% 952 MHz:   0% 1056 MHz:   0% 1062 MHz:   0% 1182 MHz:   0% 1182 MHz:   0% 1312 MHz:   0% 1242 MHz:   0% 1380 MHz:   0% 1326 MHz:   0% 1470 MHz:   0% 1578 MHz:  94%)
GPU SW requested state: (P1 :   0% P2 :   0% P3 :   0% P4 :   0% P5 :   0% P6 :   0% P7 :   0% P8 :   0% P9 :   0% P10 : 100% P11 :   0% P12 :   0% P13 :   0% P14 :   0% P15 :   0%)
GPU SW state: (SW_P1 : 1.3% SW_P2 :   0% SW_P3 :   0% SW_P4 :   0% SW_P5 :   0% SW_P6 :   0% SW_P7 :   0% SW_P8 :   0% SW_P9 :   0% SW_P10 :  94% SW_P11 :   0% SW_P12 :   0% SW_P13 :   0% SW_P14 :   0% SW_P15 :   0%)
GPU idle residency:   4.24%
GPU Power: 12084 mW



*** Sampled system activity (Tue Jan 20 15:13:49 2026 +0100) (1018.64ms elapsed) ***


**** Processor usage ****

E-Cluster Online: 100%
E-Cluster HW active frequency: 2499 MHz
E-Cluster HW active residency:  66.64% (1020 MHz: 2.6% 1404 MHz: .75% 1788 MHz: .82% 2112 MHz: .38% 2352 MHz: 1.3% 2532 MHz: 1.9% 2592 MHz:  59%)
E-Cluster idle residency:  33.36%
E-Cluster down residency:   0.00%
CPU 0 frequency: 2497 MHz
CPU 0 active residency:  29.05% (1020 MHz: 1.5% 1404 MHz: .15% 1788 MHz: .11% 2112 MHz: .02% 2352 MHz: .57% 2532 MHz: 1.0% 2592 MHz:  26%)
CPU 0 idle residency:  70.95%
CPU 0 down residency:   0.00%
CPU 1 frequency: 2480 MHz
CPU 1 active residency:  18.89% (1020 MHz: .69% 1404 MHz: .48% 1788 MHz: .23% 2112 MHz: .38% 2352 MHz: .25% 2532 MHz: .38% 2592 MHz:  16%)
CPU 1 idle residency:  81.11%
CPU 1 down residency:   0.00%
CPU 2 frequency: 2443 MHz
CPU 2 active residency:   9.90% (1020 MHz: .36% 1404 MHz: .31% 1788 MHz: .62% 2112 MHz: .01% 2352 MHz: .11% 2532 MHz: .12% 2592 MHz: 8.4%)
CPU 2 idle residency:  90.10%
CPU 2 down residency:   0.00%
CPU 3 frequency: 2504 MHz
CPU 3 active residency:   4.74% (1020 MHz: .16% 1404 MHz: .08% 1788 MHz: .07% 2112 MHz: .00% 2352 MHz: .06% 2532 MHz: .05% 2592 MHz: 4.3%)
CPU 3 idle residency:  95.26%
CPU 3 down residency:   0.00%

P0-Cluster Online: 31%
P0-Cluster HW active frequency: 4027 MHz
P0-Cluster HW active residency:  31.44% (1260 MHz: .07% 1512 MHz: .03% 1800 MHz:   0% 2088 MHz:   0% 2352 MHz:   0% 2616 MHz:   0% 2868 MHz:   0% 3096 MHz:   0% 3300 MHz:   0% 3468 MHz:   0% 3624 MHz:   0% 3756 MHz:   0% 3828 MHz:   0% 3888 MHz: 1.0% 3948 MHz:  15% 3996 MHz: 5.1% 4044 MHz: 7.0% 4104 MHz:   0% 4416 MHz: 1.4% 4512 MHz: 2.2%)
P0-Cluster idle residency:   0.61%
P0-Cluster down residency:  67.96%
CPU 4 frequency: 4512 MHz
CPU 4 active residency:   6.22% (1260 MHz:   0% 1512 MHz:   0% 1800 MHz:   0% 2088 MHz:   0% 2352 MHz:   0% 2616 MHz:   0% 2868 MHz:   0% 3096 MHz:   0% 3300 MHz:   0% 3468 MHz:   0% 3624 MHz:   0% 3756 MHz:   0% 3828 MHz:   0% 3888 MHz:   0% 3948 MHz:   0% 3996 MHz:   0% 4044 MHz:   0% 4104 MHz:   0% 4416 MHz:   0% 4512 MHz: 6.2%)
CPU 4 idle residency:  18.41%
CPU 4 down residency:  75.37%
CPU 5 frequency: 4512 MHz
CPU 5 active residency:   5.64% (1260 MHz:   0% 1512 MHz:   0% 1800 MHz:   0% 2088 MHz:   0% 2352 MHz:   0% 2616 MHz:   0% 2868 MHz:   0% 3096 MHz:   0% 3300 MHz:   0% 3468 MHz:   0% 3624 MHz:   0% 3756 MHz:   0% 3828 MHz:   0% 3888 MHz:   0% 3948 MHz:   0% 3996 MHz:   0% 4044 MHz:   0% 4104 MHz:   0% 4416 MHz:   0% 4512 MHz: 5.6%)
CPU 5 idle residency:  17.28%
CPU 5 down residency:  77.08%
CPU 6 frequency: 4512 MHz
CPU 6 active residency:   0.20% (1260 MHz:   0% 1512 MHz:   0% 1800 MHz:   0% 2088 MHz:   0% 2352 MHz:   0% 2616 MHz:   0% 2868 MHz:   0% 3096 MHz:   0% 3300 MHz:   0% 3468 MHz:   0% 3624 MHz:   0% 3756 MHz:   0% 3828 MHz:   0% 3888 MHz:   0% 3948 MHz:   0% 3996 MHz:   0% 4044 MHz:   0% 4104 MHz:   0% 4416 MHz:   0% 4512 MHz: .20%)
CPU 6 idle residency:  26.64%
CPU 6 down residency:  73.16%
CPU 7 frequency: 4512 MHz
CPU 7 active residency:   1.89% (1260 MHz:   0% 1512 MHz:   0% 1800 MHz:   0% 2088 MHz:   0% 2352 MHz:   0% 2616 MHz:   0% 2868 MHz:   0% 3096 MHz:   0% 3300 MHz:   0% 3468 MHz:   0% 3624 MHz:   0% 3756 MHz:   0% 3828 MHz:   0% 3888 MHz:   0% 3948 MHz:   0% 3996 MHz:   0% 4044 MHz:   0% 4104 MHz:   0% 4416 MHz:   0% 4512 MHz: 1.9%)
CPU 7 idle residency:  30.09%
CPU 7 down residency:  68.02%
CPU 8 frequency: 4512 MHz
CPU 8 active residency:   6.52% (1260 MHz:   0% 1512 MHz:   0% 1800 MHz:   0% 2088 MHz:   0% 2352 MHz:   0% 2616 MHz:   0% 2868 MHz:   0% 3096 MHz:   0% 3300 MHz:   0% 3468 MHz:   0% 3624 MHz:   0% 3756 MHz:   0% 3828 MHz:   0% 3888 MHz:   0% 3948 MHz:   0% 3996 MHz:   0% 4044 MHz:   0% 4104 MHz:   0% 4416 MHz:   0% 4512 MHz: 6.5%)
CPU 8 idle residency:  19.80%
CPU 8 down residency:  73.68%
CPU 9 frequency: 4512 MHz
CPU 9 active residency:   5.88% (1260 MHz:   0% 1512 MHz:   0% 1800 MHz:   0% 2088 MHz:   0% 2352 MHz:   0% 2616 MHz:   0% 2868 MHz:   0% 3096 MHz:   0% 3300 MHz:   0% 3468 MHz:   0% 3624 MHz:   0% 3756 MHz:   0% 3828 MHz:   0% 3888 MHz:   0% 3948 MHz:   0% 3996 MHz:   0% 4044 MHz:   0% 4104 MHz:   0% 4416 MHz:   0% 4512 MHz: 5.9%)
CPU 9 idle residency:  18.10%
CPU 9 down residency:  76.02%

P1-Cluster HW active frequency: 4015 MHz
P1-Cluster HW active residency:  69.09% (1260 MHz: .53% 1512 MHz:   0% 1800 MHz:   0% 2088 MHz:   0% 2352 MHz:   0% 2616 MHz:   0% 2868 MHz:   0% 3096 MHz:   0% 3300 MHz:   0% 3468 MHz:   0% 3624 MHz:   0% 3756 MHz:   0% 3828 MHz:   0% 3888 MHz: 4.6% 3948 MHz:  31% 3996 MHz:  15% 4044 MHz: 9.3% 4104 MHz:   0% 4416 MHz: 4.0% 4512 MHz: 5.1%)
P1-Cluster idle residency:   0.35%
P1-Cluster down residency:  30.55%
CPU 10 frequency: 4473 MHz
CPU 10 active residency:  25.99% (1260 MHz: .25% 1512 MHz:   0% 1800 MHz: .03% 2088 MHz: .05% 2352 MHz:   0% 2616 MHz: .02% 2868 MHz:   0% 3096 MHz:   0% 3300 MHz:   0% 3468 MHz:   0% 3624 MHz:   0% 3756 MHz:   0% 3828 MHz:   0% 3888 MHz:   0% 3948 MHz:   0% 3996 MHz:   0% 4044 MHz:   0% 4104 MHz:   0% 4416 MHz:   0% 4512 MHz:  26%)
CPU 10 idle residency:  43.60%
CPU 10 down residency:  30.42%
CPU 11 frequency: 4426 MHz
CPU 11 active residency:  32.66% (1260 MHz: .25% 1512 MHz:   0% 1800 MHz: .05% 2088 MHz: .14% 2352 MHz: .68% 2616 MHz: .03% 2868 MHz:   0% 3096 MHz:   0% 3300 MHz:   0% 3468 MHz:   0% 3624 MHz:   0% 3756 MHz:   0% 3828 MHz:   0% 3888 MHz:   0% 3948 MHz:   0% 3996 MHz:   0% 4044 MHz:   0% 4104 MHz:   0% 4416 MHz:   0% 4512 MHz:  32%)
CPU 11 idle residency:  37.42%
CPU 11 down residency:  29.93%
CPU 12 frequency: 4476 MHz
CPU 12 active residency:  28.36% (1260 MHz: .25% 1512 MHz:   0% 1800 MHz: .02% 2088 MHz: .05% 2352 MHz:   0% 2616 MHz: .02% 2868 MHz:   0% 3096 MHz:   0% 3300 MHz:   0% 3468 MHz:   0% 3624 MHz:   0% 3756 MHz:   0% 3828 MHz:   0% 3888 MHz:   0% 3948 MHz:   0% 3996 MHz:   0% 4044 MHz:   0% 4104 MHz:   0% 4416 MHz:   0% 4512 MHz:  28%)
CPU 12 idle residency:  41.22%
CPU 12 down residency:  30.42%
CPU 13 frequency: 4474 MHz
CPU 13 active residency:  36.76% (1260 MHz: .26% 1512 MHz:   0% 1800 MHz: .05% 2088 MHz: .05% 2352 MHz: .01% 2616 MHz: .15% 2868 MHz:   0% 3096 MHz:   0% 3300 MHz:   0% 3468 MHz:   0% 3624 MHz:   0% 3756 MHz:   0% 3828 MHz:   0% 3888 MHz:   0% 3948 MHz:   0% 3996 MHz:   0% 4044 MHz:   0% 4104 MHz:   0% 4416 MHz:   0% 4512 MHz:  36%)
CPU 13 idle residency:  33.14%
CPU 13 down residency:  30.10%
CPU 14 frequency: 4474 MHz
CPU 14 active residency:  24.74% (1260 MHz: .24% 1512 MHz:   0% 1800 MHz: .00% 2088 MHz: .05% 2352 MHz:   0% 2616 MHz: .02% 2868 MHz:   0% 3096 MHz:   0% 3300 MHz:   0% 3468 MHz:   0% 3624 MHz:   0% 3756 MHz:   0% 3828 MHz:   0% 3888 MHz:   0% 3948 MHz:   0% 3996 MHz:   0% 4044 MHz:   0% 4104 MHz:   0% 4416 MHz:   0% 4512 MHz:  24%)
CPU 14 idle residency:  45.00%
CPU 14 down residency:  30.26%
CPU 15 frequency: 4478 MHz
CPU 15 active residency:  33.97% (1260 MHz: .25% 1512 MHz: .01% 1800 MHz: .04% 2088 MHz: .04% 2352 MHz: .01% 2616 MHz: .04% 2868 MHz:   0% 3096 MHz:   0% 3300 MHz:   0% 3468 MHz:   0% 3624 MHz:   0% 3756 MHz:   0% 3828 MHz:   0% 3888 MHz:   0% 3948 MHz:   0% 3996 MHz:   0% 4044 MHz:   0% 4104 MHz:   0% 4416 MHz:   0% 4512 MHz:  34%)
CPU 15 idle residency:  36.95%
CPU 15 down residency:  29.07%

CPU Power: 6849 mW
GPU Power: 12400 mW
ANE Power: 0 mW
Combined Power (CPU + GPU + ANE): 19249 mW

**** GPU usage ****

GPU HW active frequency: 1562 MHz
GPU HW active residency:  96.15% (338 MHz: 1.3% 618 MHz:   0% 796 MHz:   0% 924 MHz:   0% 952 MHz:   0% 1056 MHz:   0% 1062 MHz:   0% 1182 MHz:   0% 1182 MHz:   0% 1312 MHz:   0% 1242 MHz:   0% 1380 MHz:   0% 1326 MHz:   0% 1470 MHz:   0% 1578 MHz:  95%)
GPU SW requested state: (P1 :   0% P2 :   0% P3 :   0% P4 :   0% P5 :   0% P6 :   0% P7 :   0% P8 :   0% P9 :   0% P10 : 100% P11 :   0% P12 :   0% P13 :   0% P14 :   0% P15 :   0%)
GPU SW state: (SW_P1 : 1.3% SW_P2 :   0% SW_P3 :   0% SW_P4 :   0% SW_P5 :   0% SW_P6 :   0% SW_P7 :   0% SW_P8 :   0% SW_P9 :   0% SW_P10 :  95% SW_P11 :   0% SW_P12 :   0% SW_P13 :   0% SW_P14 :   0% SW_P15 :   0%)
GPU idle residency:   3.85%
GPU Power: 12421 mW



*** Sampled system activity (Tue Jan 20 15:13:50 2026 +0100) (1017.37ms elapsed) ***


**** Processor usage ****

E-Cluster Online: 100%
E-Cluster HW active frequency: 2592 MHz
E-Cluster HW active residency:  67.62% (1020 MHz:   0% 1404 MHz:   0% 1788 MHz:   0% 2112 MHz:   0% 2352 MHz:   0% 2532 MHz: .00% 2592 MHz:  68%)
E-Cluster idle residency:  32.38%
E-Cluster down residency:   0.00%
CPU 0 frequency: 2592 MHz
CPU 0 active residency:  30.63% (1020 MHz:   0% 1404 MHz:   0% 1788 MHz:   0% 2112 MHz:   0% 2352 MHz:   0% 2532 MHz:   0% 2592 MHz:  31%)
CPU 0 idle residency:  69.37%
CPU 0 down residency:   0.00%
CPU 1 frequency: 2592 MHz
CPU 1 active residency:  18.08% (1020 MHz:   0% 1404 MHz:   0% 1788 MHz:   0% 2112 MHz:   0% 2352 MHz:   0% 2532 MHz:   0% 2592 MHz:  18%)
CPU 1 idle residency:  81.92%
CPU 1 down residency:   0.00%
CPU 2 frequency: 2592 MHz
CPU 2 active residency:  10.89% (1020 MHz:   0% 1404 MHz:   0% 1788 MHz:   0% 2112 MHz:   0% 2352 MHz:   0% 2532 MHz:   0% 2592 MHz:  11%)
CPU 2 idle residency:  89.11%
CPU 2 down residency:   0.00%
CPU 3 frequency: 2592 MHz
CPU 3 active residency:   6.13% (1020 MHz:   0% 1404 MHz:   0% 1788 MHz:   0% 2112 MHz:   0% 2352 MHz:   0% 2532 MHz:   0% 2592 MHz: 6.1%)
CPU 3 idle residency:  93.87%
CPU 3 down residency:   0.00%

P0-Cluster Online: 9%
P0-Cluster HW active frequency: 1829 MHz
P0-Cluster HW active residency:   3.77% (1260 MHz: 2.2% 1512 MHz: .14% 1800 MHz: .09% 2088 MHz: .77% 2352 MHz: .19% 2616 MHz:   0% 2868 MHz:   0% 3096 MHz:   0% 3300 MHz:   0% 3468 MHz:   0% 3624 MHz: .00% 3756 MHz:   0% 3828 MHz:   0% 3888 MHz: .01% 3948 MHz: .01% 3996 MHz:   0% 4044 MHz:   0% 4104 MHz:   0% 4416 MHz: .02% 4512 MHz: .34%)
P0-Cluster idle residency:   4.13%
P0-Cluster down residency:  92.10%
CPU 4 frequency: 0 MHz
CPU 4 active residency:   0.00% (1260 MHz:   0% 1512 MHz:   0% 1800 MHz:   0% 2088 MHz:   0% 2352 MHz:   0% 2616 MHz:   0% 2868 MHz:   0% 3096 MHz:   0% 3300 MHz:   0% 3468 MHz:   0% 3624 MHz:   0% 3756 MHz:   0% 3828 MHz:   0% 3888 MHz:   0% 3948 MHz:   0% 3996 MHz:   0% 4044 MHz:   0% 4104 MHz:   0% 4416 MHz:   0% 4512 MHz:   0%)
CPU 4 idle residency:   7.71%
CPU 4 down residency:  92.29%
CPU 5 frequency: 0 MHz
CPU 5 active residency:   0.00% (1260 MHz:   0% 1512 MHz:   0% 1800 MHz:   0% 2088 MHz:   0% 2352 MHz:   0% 2616 MHz:   0% 2868 MHz:   0% 3096 MHz:   0% 3300 MHz:   0% 3468 MHz:   0% 3624 MHz:   0% 3756 MHz:   0% 3828 MHz:   0% 3888 MHz:   0% 3948 MHz:   0% 3996 MHz:   0% 4044 MHz:   0% 4104 MHz:   0% 4416 MHz:   0% 4512 MHz:   0%)
CPU 5 idle residency:   7.66%
CPU 5 down residency:  92.34%
CPU 6 frequency: 0 MHz
CPU 6 active residency:   0.00% (1260 MHz:   0% 1512 MHz:   0% 1800 MHz:   0% 2088 MHz:   0% 2352 MHz:   0% 2616 MHz:   0% 2868 MHz:   0% 3096 MHz:   0% 3300 MHz:   0% 3468 MHz:   0% 3624 MHz:   0% 3756 MHz:   0% 3828 MHz:   0% 3888 MHz:   0% 3948 MHz:   0% 3996 MHz:   0% 4044 MHz:   0% 4104 MHz:   0% 4416 MHz:   0% 4512 MHz:   0%)
CPU 6 idle residency:   7.64%
CPU 6 down residency:  92.36%
CPU 7 frequency: 0 MHz
CPU 7 active residency:   0.00% (1260 MHz:   0% 1512 MHz:   0% 1800 MHz:   0% 2088 MHz:   0% 2352 MHz:   0% 2616 MHz:   0% 2868 MHz:   0% 3096 MHz:   0% 3300 MHz:   0% 3468 MHz:   0% 3624 MHz:   0% 3756 MHz:   0% 3828 MHz:   0% 3888 MHz:   0% 3948 MHz:   0% 3996 MHz:   0% 4044 MHz:   0% 4104 MHz:   0% 4416 MHz:   0% 4512 MHz:   0%)
CPU 7 idle residency:   6.83%
CPU 7 down residency:  93.17%
CPU 8 frequency: 0 MHz
CPU 8 active residency:   0.00% (1260 MHz:   0% 1512 MHz:   0% 1800 MHz:   0% 2088 MHz:   0% 2352 MHz:   0% 2616 MHz:   0% 2868 MHz:   0% 3096 MHz:   0% 3300 MHz:   0% 3468 MHz:   0% 3624 MHz:   0% 3756 MHz:   0% 3828 MHz:   0% 3888 MHz:   0% 3948 MHz:   0% 3996 MHz:   0% 4044 MHz:   0% 4104 MHz:   0% 4416 MHz:   0% 4512 MHz:   0%)
CPU 8 idle residency:   7.64%
CPU 8 down residency:  92.36%
CPU 9 frequency: 0 MHz
CPU 9 active residency:   0.00% (1260 MHz:   0% 1512 MHz:   0% 1800 MHz:   0% 2088 MHz:   0% 2352 MHz:   0% 2616 MHz:   0% 2868 MHz:   0% 3096 MHz:   0% 3300 MHz:   0% 3468 MHz:   0% 3624 MHz:   0% 3756 MHz:   0% 3828 MHz:   0% 3888 MHz:   0% 3948 MHz:   0% 3996 MHz:   0% 4044 MHz:   0% 4104 MHz:   0% 4416 MHz:   0% 4512 MHz:   0%)
CPU 9 idle residency:   7.72%
CPU 9 down residency:  92.28%

P1-Cluster HW active frequency: 4041 MHz
P1-Cluster HW active residency:  99.68% (1260 MHz:   0% 1512 MHz:   0% 1800 MHz:   0% 2088 MHz:   0% 2352 MHz:   0% 2616 MHz:   0% 2868 MHz:   0% 3096 MHz:   0% 3300 MHz:   0% 3468 MHz:   0% 3624 MHz:   0% 3756 MHz:   0% 3828 MHz:   0% 3888 MHz: 6.5% 3948 MHz:  44% 3996 MHz:  18% 4044 MHz:  18% 4104 MHz:   0% 4416 MHz: 5.6% 4512 MHz: 7.8%)
P1-Cluster idle residency:   0.32%
P1-Cluster down residency:   0.00%
CPU 10 frequency: 4512 MHz
CPU 10 active residency:  36.45% (1260 MHz:   0% 1512 MHz:   0% 1800 MHz:   0% 2088 MHz:   0% 2352 MHz:   0% 2616 MHz:   0% 2868 MHz:   0% 3096 MHz:   0% 3300 MHz:   0% 3468 MHz:   0% 3624 MHz:   0% 3756 MHz:   0% 3828 MHz:   0% 3888 MHz:   0% 3948 MHz:   0% 3996 MHz:   0% 4044 MHz:   0% 4104 MHz:   0% 4416 MHz:   0% 4512 MHz:  36%)
CPU 10 idle residency:  63.55%
CPU 10 down residency:   0.00%
CPU 11 frequency: 4512 MHz
CPU 11 active residency:  44.07% (1260 MHz:   0% 1512 MHz:   0% 1800 MHz:   0% 2088 MHz:   0% 2352 MHz:   0% 2616 MHz:   0% 2868 MHz:   0% 3096 MHz:   0% 3300 MHz:   0% 3468 MHz:   0% 3624 MHz:   0% 3756 MHz:   0% 3828 MHz:   0% 3888 MHz:   0% 3948 MHz:   0% 3996 MHz:   0% 4044 MHz:   0% 4104 MHz:   0% 4416 MHz:   0% 4512 MHz:  44%)
CPU 11 idle residency:  55.93%
CPU 11 down residency:   0.00%
CPU 12 frequency: 4512 MHz
CPU 12 active residency:  34.35% (1260 MHz:   0% 1512 MHz:   0% 1800 MHz:   0% 2088 MHz:   0% 2352 MHz:   0% 2616 MHz:   0% 2868 MHz:   0% 3096 MHz:   0% 3300 MHz:   0% 3468 MHz:   0% 3624 MHz:   0% 3756 MHz:   0% 3828 MHz:   0% 3888 MHz:   0% 3948 MHz:   0% 3996 MHz:   0% 4044 MHz:   0% 4104 MHz:   0% 4416 MHz:   0% 4512 MHz:  34%)
CPU 12 idle residency:  65.65%
CPU 12 down residency:   0.00%
CPU 13 frequency: 4512 MHz
CPU 13 active residency:  31.97% (1260 MHz:   0% 1512 MHz:   0% 1800 MHz:   0% 2088 MHz:   0% 2352 MHz:   0% 2616 MHz:   0% 2868 MHz:   0% 3096 MHz:   0% 3300 MHz:   0% 3468 MHz:   0% 3624 MHz:   0% 3756 MHz:   0% 3828 MHz:   0% 3888 MHz:   0% 3948 MHz:   0% 3996 MHz:   0% 4044 MHz:   0% 4104 MHz:   0% 4416 MHz:   0% 4512 MHz:  32%)
CPU 13 idle residency:  68.03%
CPU 13 down residency:   0.00%
CPU 14 frequency: 4512 MHz
CPU 14 active residency:  49.30% (1260 MHz:   0% 1512 MHz:   0% 1800 MHz:   0% 2088 MHz:   0% 2352 MHz:   0% 2616 MHz:   0% 2868 MHz:   0% 3096 MHz:   0% 3300 MHz:   0% 3468 MHz:   0% 3624 MHz:   0% 3756 MHz:   0% 3828 MHz:   0% 3888 MHz:   0% 3948 MHz:   0% 3996 MHz:   0% 4044 MHz:   0% 4104 MHz:   0% 4416 MHz:   0% 4512 MHz:  49%)
CPU 14 idle residency:  50.70%
CPU 14 down residency:   0.00%
CPU 15 frequency: 4512 MHz
CPU 15 active residency:  46.39% (1260 MHz:   0% 1512 MHz:   0% 1800 MHz:   0% 2088 MHz:   0% 2352 MHz:   0% 2616 MHz:   0% 2868 MHz:   0% 3096 MHz:   0% 3300 MHz:   0% 3468 MHz:   0% 3624 MHz:   0% 3756 MHz:   0% 3828 MHz:   0% 3888 MHz:   0% 3948 MHz:   0% 3996 MHz:   0% 4044 MHz:   0% 4104 MHz:   0% 4416 MHz:   0% 4512 MHz:  46%)
CPU 15 idle residency:  53.61%
CPU 15 down residency:   0.00%

CPU Power: 7111 mW
GPU Power: 11953 mW
ANE Power: 0 mW
Combined Power (CPU + GPU + ANE): 19065 mW

**** GPU usage ****

GPU HW active frequency: 1562 MHz
GPU HW active residency:  96.10% (338 MHz: 1.3% 618 MHz:   0% 796 MHz:   0% 924 MHz:   0% 952 MHz:   0% 1056 MHz:   0% 1062 MHz:   0% 1182 MHz:   0% 1182 MHz:   0% 1312 MHz:   0% 1242 MHz:   0% 1380 MHz:   0% 1326 MHz:   0% 1470 MHz:   0% 1578 MHz:  95%)
GPU SW requested state: (P1 :   0% P2 :   0% P3 :   0% P4 :   0% P5 :   0% P6 :   0% P7 :   0% P8 :   0% P9 :   0% P10 : 100% P11 :   0% P12 :   0% P13 :   0% P14 :   0% P15 :   0%)
GPU SW state: (SW_P1 : 1.3% SW_P2 :   0% SW_P3 :   0% SW_P4 :   0% SW_P5 :   0% SW_P6 :   0% SW_P7 :   0% SW_P8 :   0% SW_P9 :   0% SW_P10 :  95% SW_P11 :   0% SW_P12 :   0% SW_P13 :   0% SW_P14 :   0% SW_P15 :   0%)
GPU idle residency:   3.90%
GPU Power: 11917 mW



*** Sampled system activity (Tue Jan 20 15:13:51 2026 +0100) (1017.06ms elapsed) ***


**** Processor usage ****

E-Cluster Online: 100%
E-Cluster HW active frequency: 2592 MHz
E-Cluster HW active residency:  64.81% (1020 MHz:   0% 1404 MHz:   0% 1788 MHz:   0% 2112 MHz:   0% 2352 MHz:   0% 2532 MHz: .00% 2592 MHz:  65%)
E-Cluster idle residency:  35.19%
E-Cluster down residency:   0.00%
CPU 0 frequency: 2592 MHz
CPU 0 active residency:  28.42% (1020 MHz:   0% 1404 MHz:   0% 1788 MHz:   0% 2112 MHz:   0% 2352 MHz:   0% 2532 MHz:   0% 2592 MHz:  28%)
CPU 0 idle residency:  71.58%
CPU 0 down residency:   0.00%
CPU 1 frequency: 2592 MHz
CPU 1 active residency:  18.54% (1020 MHz:   0% 1404 MHz:   0% 1788 MHz:   0% 2112 MHz:   0% 2352 MHz:   0% 2532 MHz:   0% 2592 MHz:  19%)
CPU 1 idle residency:  81.46%
CPU 1 down residency:   0.00%
CPU 2 frequency: 2592 MHz
CPU 2 active residency:   8.76% (1020 MHz:   0% 1404 MHz:   0% 1788 MHz:   0% 2112 MHz:   0% 2352 MHz:   0% 2532 MHz:   0% 2592 MHz: 8.8%)
CPU 2 idle residency:  91.24%
CPU 2 down residency:   0.00%
CPU 3 frequency: 2592 MHz
CPU 3 active residency:   4.24% (1020 MHz:   0% 1404 MHz:   0% 1788 MHz:   0% 2112 MHz:   0% 2352 MHz:   0% 2532 MHz:   0% 2592 MHz: 4.2%)
CPU 3 idle residency:  95.76%
CPU 3 down residency:   0.00%

P0-Cluster Online: 7%
P0-Cluster HW active frequency: 1398 MHz
P0-Cluster HW active residency:   1.34% (1260 MHz: 1.3% 1512 MHz:   0% 1800 MHz:   0% 2088 MHz:   0% 2352 MHz:   0% 2616 MHz:   0% 2868 MHz:   0% 3096 MHz:   0% 3300 MHz:   0% 3468 MHz:   0% 3624 MHz:   0% 3756 MHz:   0% 3828 MHz:   0% 3888 MHz:   0% 3948 MHz:   0% 3996 MHz:   0% 4044 MHz:   0% 4104 MHz:   0% 4416 MHz:   0% 4512 MHz: .06%)
P0-Cluster idle residency:   4.58%
P0-Cluster down residency:  94.08%
CPU 4 frequency: 4440 MHz
CPU 4 active residency:   9.11% (1260 MHz: .16% 1512 MHz: .02% 1800 MHz: .02% 2088 MHz: .00% 2352 MHz:   0% 2616 MHz:   0% 2868 MHz:   0% 3096 MHz:   0% 3300 MHz:   0% 3468 MHz:   0% 3624 MHz:   0% 3756 MHz:   0% 3828 MHz:   0% 3888 MHz:   0% 3948 MHz:   0% 3996 MHz:   0% 4044 MHz:   0% 4104 MHz:   0% 4416 MHz:   0% 4512 MHz: 8.9%)
CPU 4 idle residency:   5.12%
CPU 4 down residency:  85.77%
CPU 5 frequency: 4449 MHz
CPU 5 active residency:  10.79% (1260 MHz: .16% 1512 MHz: .03% 1800 MHz: .03% 2088 MHz: .00% 2352 MHz:   0% 2616 MHz:   0% 2868 MHz:   0% 3096 MHz:   0% 3300 MHz:   0% 3468 MHz:   0% 3624 MHz:   0% 3756 MHz:   0% 3828 MHz:   0% 3888 MHz:   0% 3948 MHz:   0% 3996 MHz:   0% 4044 MHz:   0% 4104 MHz:   0% 4416 MHz:   0% 4512 MHz:  11%)
CPU 5 idle residency:   5.05%
CPU 5 down residency:  84.16%
CPU 6 frequency: 4396 MHz
CPU 6 active residency:   6.86% (1260 MHz: .17% 1512 MHz: .03% 1800 MHz: .03% 2088 MHz: .03% 2352 MHz:   0% 2616 MHz:   0% 2868 MHz:   0% 3096 MHz:   0% 3300 MHz:   0% 3468 MHz:   0% 3624 MHz: .01% 3756 MHz:   0% 3828 MHz:   0% 3888 MHz:   0% 3948 MHz:   0% 3996 MHz:   0% 4044 MHz:   0% 4104 MHz:   0% 4416 MHz:   0% 4512 MHz: 6.6%)
CPU 6 idle residency:   5.27%
CPU 6 down residency:  87.86%
CPU 7 frequency: 2114 MHz
CPU 7 active residency:   1.18% (1260 MHz: .17% 1512 MHz: .02% 1800 MHz: .03% 2088 MHz: .76% 2352 MHz: .13% 2616 MHz:   0% 2868 MHz:   0% 3096 MHz:   0% 3300 MHz:   0% 3468 MHz:   0% 3624 MHz:   0% 3756 MHz:   0% 3828 MHz:   0% 3888 MHz:   0% 3948 MHz:   0% 3996 MHz:   0% 4044 MHz:   0% 4104 MHz:   0% 4416 MHz:   0% 4512 MHz: .07%)
CPU 7 idle residency:   5.60%
CPU 7 down residency:  93.22%
CPU 8 frequency: 4404 MHz
CPU 8 active residency:   7.44% (1260 MHz: .16% 1512 MHz: .03% 1800 MHz: .04% 2088 MHz: .03% 2352 MHz:   0% 2616 MHz:   0% 2868 MHz:   0% 3096 MHz:   0% 3300 MHz:   0% 3468 MHz:   0% 3624 MHz: .00% 3756 MHz:   0% 3828 MHz:   0% 3888 MHz:   0% 3948 MHz:   0% 3996 MHz:   0% 4044 MHz:   0% 4104 MHz:   0% 4416 MHz:   0% 4512 MHz: 7.2%)
CPU 8 idle residency:   5.24%
CPU 8 down residency:  87.32%
CPU 9 frequency: 4447 MHz
CPU 9 active residency:   9.74% (1260 MHz: .16% 1512 MHz: .02% 1800 MHz: .03% 2088 MHz:   0% 2352 MHz:   0% 2616 MHz:   0% 2868 MHz:   0% 3096 MHz:   0% 3300 MHz:   0% 3468 MHz:   0% 3624 MHz:   0% 3756 MHz:   0% 3828 MHz:   0% 3888 MHz:   0% 3948 MHz:   0% 3996 MHz:   0% 4044 MHz:   0% 4104 MHz:   0% 4416 MHz:   0% 4512 MHz: 9.5%)
CPU 9 idle residency:   5.11%
CPU 9 down residency:  85.15%

P1-Cluster HW active frequency: 4021 MHz
P1-Cluster HW active residency:  99.70% (1260 MHz:   0% 1512 MHz:   0% 1800 MHz:   0% 2088 MHz:   0% 2352 MHz:   0% 2616 MHz:   0% 2868 MHz:   0% 3096 MHz:   0% 3300 MHz:   0% 3468 MHz:   0% 3624 MHz:   0% 3756 MHz:   0% 3828 MHz:   0% 3888 MHz: 3.8% 3948 MHz:  48% 3996 MHz:  21% 4044 MHz:  19% 4104 MHz:   0% 4416 MHz: 3.9% 4512 MHz: 5.2%)
P1-Cluster idle residency:   0.30%
P1-Cluster down residency:   0.00%
CPU 10 frequency: 4512 MHz
CPU 10 active residency:  46.95% (1260 MHz:   0% 1512 MHz:   0% 1800 MHz:   0% 2088 MHz:   0% 2352 MHz:   0% 2616 MHz:   0% 2868 MHz:   0% 3096 MHz:   0% 3300 MHz:   0% 3468 MHz:   0% 3624 MHz:   0% 3756 MHz:   0% 3828 MHz:   0% 3888 MHz:   0% 3948 MHz:   0% 3996 MHz:   0% 4044 MHz:   0% 4104 MHz:   0% 4416 MHz:   0% 4512 MHz:  47%)
CPU 10 idle residency:  53.05%
CPU 10 down residency:   0.00%
CPU 11 frequency: 4512 MHz
CPU 11 active residency:  39.03% (1260 MHz:   0% 1512 MHz:   0% 1800 MHz:   0% 2088 MHz:   0% 2352 MHz:   0% 2616 MHz:   0% 2868 MHz:   0% 3096 MHz:   0% 3300 MHz:   0% 3468 MHz:   0% 3624 MHz:   0% 3756 MHz:   0% 3828 MHz:   0% 3888 MHz:   0% 3948 MHz:   0% 3996 MHz:   0% 4044 MHz:   0% 4104 MHz:   0% 4416 MHz:   0% 4512 MHz:  39%)
CPU 11 idle residency:  60.97%
CPU 11 down residency:   0.00%
CPU 12 frequency: 4512 MHz
CPU 12 active residency:  40.44% (1260 MHz:   0% 1512 MHz:   0% 1800 MHz:   0% 2088 MHz:   0% 2352 MHz:   0% 2616 MHz:   0% 2868 MHz:   0% 3096 MHz:   0% 3300 MHz:   0% 3468 MHz:   0% 3624 MHz:   0% 3756 MHz:   0% 3828 MHz:   0% 3888 MHz:   0% 3948 MHz:   0% 3996 MHz:   0% 4044 MHz:   0% 4104 MHz:   0% 4416 MHz:   0% 4512 MHz:  40%)
CPU 12 idle residency:  59.56%
CPU 12 down residency:   0.00%
CPU 13 frequency: 4512 MHz
CPU 13 active residency:  46.68% (1260 MHz:   0% 1512 MHz:   0% 1800 MHz:   0% 2088 MHz:   0% 2352 MHz:   0% 2616 MHz:   0% 2868 MHz:   0% 3096 MHz:   0% 3300 MHz:   0% 3468 MHz:   0% 3624 MHz:   0% 3756 MHz:   0% 3828 MHz:   0% 3888 MHz:   0% 3948 MHz:   0% 3996 MHz:   0% 4044 MHz:   0% 4104 MHz:   0% 4416 MHz:   0% 4512 MHz:  47%)
CPU 13 idle residency:  53.32%
CPU 13 down residency:   0.00%
CPU 14 frequency: 4512 MHz
CPU 14 active residency:  28.43% (1260 MHz:   0% 1512 MHz:   0% 1800 MHz:   0% 2088 MHz:   0% 2352 MHz:   0% 2616 MHz:   0% 2868 MHz:   0% 3096 MHz:   0% 3300 MHz:   0% 3468 MHz:   0% 3624 MHz:   0% 3756 MHz:   0% 3828 MHz:   0% 3888 MHz:   0% 3948 MHz:   0% 3996 MHz:   0% 4044 MHz:   0% 4104 MHz:   0% 4416 MHz:   0% 4512 MHz:  28%)
CPU 14 idle residency:  71.57%
CPU 14 down residency:   0.00%
CPU 15 frequency: 4512 MHz
CPU 15 active residency:  39.36% (1260 MHz:   0% 1512 MHz:   0% 1800 MHz:   0% 2088 MHz:   0% 2352 MHz:   0% 2616 MHz:   0% 2868 MHz:   0% 3096 MHz:   0% 3300 MHz:   0% 3468 MHz:   0% 3624 MHz:   0% 3756 MHz:   0% 3828 MHz:   0% 3888 MHz:   0% 3948 MHz:   0% 3996 MHz:   0% 4044 MHz:   0% 4104 MHz:   0% 4416 MHz:   0% 4512 MHz:  39%)
CPU 15 idle residency:  60.64%
CPU 15 down residency:   0.00%

CPU Power: 6800 mW
GPU Power: 12226 mW
ANE Power: 0 mW
Combined Power (CPU + GPU + ANE): 19026 mW

**** GPU usage ****

GPU HW active frequency: 1562 MHz
GPU HW active residency:  96.22% (338 MHz: 1.3% 618 MHz:   0% 796 MHz:   0% 924 MHz:   0% 952 MHz:   0% 1056 MHz:   0% 1062 MHz:   0% 1182 MHz:   0% 1182 MHz:   0% 1312 MHz:   0% 1242 MHz:   0% 1380 MHz:   0% 1326 MHz:   0% 1470 MHz:   0% 1578 MHz:  95%)
GPU SW requested state: (P1 :   0% P2 :   0% P3 :   0% P4 :   0% P5 :   0% P6 :   0% P7 :   0% P8 :   0% P9 :   0% P10 : 100% P11 :   0% P12 :   0% P13 :   0% P14 :   0% P15 :   0%)
GPU SW state: (SW_P1 : 1.3% SW_P2 :   0% SW_P3 :   0% SW_P4 :   0% SW_P5 :   0% SW_P6 :   0% SW_P7 :   0% SW_P8 :   0% SW_P9 :   0% SW_P10 :  95% SW_P11 :   0% SW_P12 :   0% SW_P13 :   0% SW_P14 :   0% SW_P15 :   0%)
GPU idle residency:   3.78%
GPU Power: 12179 mW



*** Sampled system activity (Tue Jan 20 15:13:52 2026 +0100) (1017.41ms elapsed) ***


**** Processor usage ****

E-Cluster Online: 100%
E-Cluster HW active frequency: 2565 MHz
E-Cluster HW active residency:  68.85% (1020 MHz: .63% 1404 MHz: .05% 1788 MHz: .23% 2112 MHz: .35% 2352 MHz: 1.5% 2532 MHz: 1.5% 2592 MHz:  65%)
E-Cluster idle residency:  31.15%
E-Cluster down residency:   0.00%
CPU 0 frequency: 2574 MHz
CPU 0 active residency:  31.85% (1020 MHz: .18% 1404 MHz: .01% 1788 MHz: .07% 2112 MHz: .13% 2352 MHz: .62% 2532 MHz: .56% 2592 MHz:  30%)
CPU 0 idle residency:  68.15%
CPU 0 down residency:   0.00%
CPU 1 frequency: 2576 MHz
CPU 1 active residency:  22.37% (1020 MHz: .09% 1404 MHz: .01% 1788 MHz: .13% 2112 MHz: .08% 2352 MHz: .27% 2532 MHz: .23% 2592 MHz:  22%)
CPU 1 idle residency:  77.63%
CPU 1 down residency:   0.00%
CPU 2 frequency: 2576 MHz
CPU 2 active residency:  15.46% (1020 MHz: .04% 1404 MHz: .00% 1788 MHz: .17% 2112 MHz: .01% 2352 MHz: .16% 2532 MHz: .04% 2592 MHz:  15%)
CPU 2 idle residency:  84.54%
CPU 2 down residency:   0.00%
CPU 3 frequency: 2586 MHz
CPU 3 active residency:   9.17% (1020 MHz: .01% 1404 MHz: .00% 1788 MHz: .03% 2112 MHz: .01% 2352 MHz: .06% 2532 MHz: .03% 2592 MHz: 9.0%)
CPU 3 idle residency:  90.83%
CPU 3 down residency:   0.00%

P0-Cluster Online: 9%
P0-Cluster HW active frequency: 2008 MHz
P0-Cluster HW active residency:   4.01% (1260 MHz: 2.7% 1512 MHz: .26% 1800 MHz:   0% 2088 MHz:   0% 2352 MHz:   0% 2616 MHz:   0% 2868 MHz:   0% 3096 MHz:   0% 3300 MHz:   0% 3468 MHz:   0% 3624 MHz:   0% 3756 MHz:   0% 3828 MHz:   0% 3888 MHz: .03% 3948 MHz: .06% 3996 MHz: .00% 4044 MHz: .80% 4104 MHz:   0% 4416 MHz: .01% 4512 MHz: .13%)
P0-Cluster idle residency:   4.66%
P0-Cluster down residency:  91.33%
CPU 4 frequency: 1530 MHz
CPU 4 active residency:   0.22% (1260 MHz: .20% 1512 MHz:   0% 1800 MHz:   0% 2088 MHz:   0% 2352 MHz:   0% 2616 MHz:   0% 2868 MHz:   0% 3096 MHz:   0% 3300 MHz:   0% 3468 MHz:   0% 3624 MHz:   0% 3756 MHz:   0% 3828 MHz:   0% 3888 MHz:   0% 3948 MHz:   0% 3996 MHz:   0% 4044 MHz:   0% 4104 MHz:   0% 4416 MHz:   0% 4512 MHz: .02%)
CPU 4 idle residency:   8.45%
CPU 4 down residency:  91.33%
CPU 5 frequency: 1260 MHz
CPU 5 active residency:   0.20% (1260 MHz: .20% 1512 MHz:   0% 1800 MHz:   0% 2088 MHz:   0% 2352 MHz:   0% 2616 MHz:   0% 2868 MHz:   0% 3096 MHz:   0% 3300 MHz:   0% 3468 MHz:   0% 3624 MHz:   0% 3756 MHz:   0% 3828 MHz:   0% 3888 MHz:   0% 3948 MHz:   0% 3996 MHz:   0% 4044 MHz:   0% 4104 MHz:   0% 4416 MHz:   0% 4512 MHz:   0%)
CPU 5 idle residency:   8.40%
CPU 5 down residency:  91.41%
CPU 6 frequency: 1260 MHz
CPU 6 active residency:   0.20% (1260 MHz: .20% 1512 MHz:   0% 1800 MHz:   0% 2088 MHz:   0% 2352 MHz:   0% 2616 MHz:   0% 2868 MHz:   0% 3096 MHz:   0% 3300 MHz:   0% 3468 MHz:   0% 3624 MHz:   0% 3756 MHz:   0% 3828 MHz:   0% 3888 MHz:   0% 3948 MHz:   0% 3996 MHz:   0% 4044 MHz:   0% 4104 MHz:   0% 4416 MHz:   0% 4512 MHz:   0%)
CPU 6 idle residency:   7.60%
CPU 6 down residency:  92.20%
CPU 7 frequency: 1260 MHz
CPU 7 active residency:   0.20% (1260 MHz: .20% 1512 MHz:   0% 1800 MHz:   0% 2088 MHz:   0% 2352 MHz:   0% 2616 MHz:   0% 2868 MHz:   0% 3096 MHz:   0% 3300 MHz:   0% 3468 MHz:   0% 3624 MHz:   0% 3756 MHz:   0% 3828 MHz:   0% 3888 MHz:   0% 3948 MHz:   0% 3996 MHz:   0% 4044 MHz:   0% 4104 MHz:   0% 4416 MHz:   0% 4512 MHz:   0%)
CPU 7 idle residency:   8.42%
CPU 7 down residency:  91.39%
CPU 8 frequency: 1260 MHz
CPU 8 active residency:   0.20% (1260 MHz: .20% 1512 MHz:   0% 1800 MHz:   0% 2088 MHz:   0% 2352 MHz:   0% 2616 MHz:   0% 2868 MHz:   0% 3096 MHz:   0% 3300 MHz:   0% 3468 MHz:   0% 3624 MHz:   0% 3756 MHz:   0% 3828 MHz:   0% 3888 MHz:   0% 3948 MHz:   0% 3996 MHz:   0% 4044 MHz:   0% 4104 MHz:   0% 4416 MHz:   0% 4512 MHz:   0%)
CPU 8 idle residency:   8.40%
CPU 8 down residency:  91.41%
CPU 9 frequency: 1260 MHz
CPU 9 active residency:   0.20% (1260 MHz: .20% 1512 MHz:   0% 1800 MHz:   0% 2088 MHz:   0% 2352 MHz:   0% 2616 MHz:   0% 2868 MHz:   0% 3096 MHz:   0% 3300 MHz:   0% 3468 MHz:   0% 3624 MHz:   0% 3756 MHz:   0% 3828 MHz:   0% 3888 MHz:   0% 3948 MHz:   0% 3996 MHz:   0% 4044 MHz:   0% 4104 MHz:   0% 4416 MHz:   0% 4512 MHz:   0%)
CPU 9 idle residency:   8.48%
CPU 9 down residency:  91.32%

P1-Cluster HW active frequency: 4033 MHz
P1-Cluster HW active residency:  99.69% (1260 MHz:   0% 1512 MHz:   0% 1800 MHz:   0% 2088 MHz:   0% 2352 MHz:   0% 2616 MHz:   0% 2868 MHz:   0% 3096 MHz:   0% 3300 MHz:   0% 3468 MHz:   0% 3624 MHz:   0% 3756 MHz:   0% 3828 MHz:   0% 3888 MHz: 6.4% 3948 MHz:  42% 3996 MHz:  21% 4044 MHz:  18% 4104 MHz:   0% 4416 MHz: 4.9% 4512 MHz: 6.6%)
P1-Cluster idle residency:   0.31%
P1-Cluster down residency:   0.00%
CPU 10 frequency: 4512 MHz
CPU 10 active residency:  36.73% (1260 MHz:   0% 1512 MHz:   0% 1800 MHz:   0% 2088 MHz:   0% 2352 MHz:   0% 2616 MHz:   0% 2868 MHz:   0% 3096 MHz:   0% 3300 MHz:   0% 3468 MHz:   0% 3624 MHz:   0% 3756 MHz:   0% 3828 MHz:   0% 3888 MHz:   0% 3948 MHz:   0% 3996 MHz:   0% 4044 MHz:   0% 4104 MHz:   0% 4416 MHz:   0% 4512 MHz:  37%)
CPU 10 idle residency:  63.27%
CPU 10 down residency:   0.00%
CPU 11 frequency: 4512 MHz
CPU 11 active residency:  38.36% (1260 MHz:   0% 1512 MHz:   0% 1800 MHz:   0% 2088 MHz:   0% 2352 MHz:   0% 2616 MHz:   0% 2868 MHz:   0% 3096 MHz:   0% 3300 MHz:   0% 3468 MHz:   0% 3624 MHz:   0% 3756 MHz:   0% 3828 MHz:   0% 3888 MHz:   0% 3948 MHz:   0% 3996 MHz:   0% 4044 MHz:   0% 4104 MHz:   0% 4416 MHz:   0% 4512 MHz:  38%)
CPU 11 idle residency:  61.64%
CPU 11 down residency:   0.00%
CPU 12 frequency: 4512 MHz
CPU 12 active residency:  43.39% (1260 MHz:   0% 1512 MHz:   0% 1800 MHz:   0% 2088 MHz:   0% 2352 MHz:   0% 2616 MHz:   0% 2868 MHz:   0% 3096 MHz:   0% 3300 MHz:   0% 3468 MHz:   0% 3624 MHz:   0% 3756 MHz:   0% 3828 MHz:   0% 3888 MHz:   0% 3948 MHz:   0% 3996 MHz:   0% 4044 MHz:   0% 4104 MHz:   0% 4416 MHz:   0% 4512 MHz:  43%)
CPU 12 idle residency:  56.61%
CPU 12 down residency:   0.00%
CPU 13 frequency: 4512 MHz
CPU 13 active residency:  32.16% (1260 MHz:   0% 1512 MHz:   0% 1800 MHz:   0% 2088 MHz:   0% 2352 MHz:   0% 2616 MHz:   0% 2868 MHz:   0% 3096 MHz:   0% 3300 MHz:   0% 3468 MHz:   0% 3624 MHz:   0% 3756 MHz:   0% 3828 MHz:   0% 3888 MHz:   0% 3948 MHz:   0% 3996 MHz:   0% 4044 MHz:   0% 4104 MHz:   0% 4416 MHz:   0% 4512 MHz:  32%)
CPU 13 idle residency:  67.84%
CPU 13 down residency:   0.00%
CPU 14 frequency: 4512 MHz
CPU 14 active residency:  46.42% (1260 MHz:   0% 1512 MHz:   0% 1800 MHz:   0% 2088 MHz:   0% 2352 MHz:   0% 2616 MHz:   0% 2868 MHz:   0% 3096 MHz:   0% 3300 MHz:   0% 3468 MHz:   0% 3624 MHz:   0% 3756 MHz:   0% 3828 MHz:   0% 3888 MHz:   0% 3948 MHz:   0% 3996 MHz:   0% 4044 MHz:   0% 4104 MHz:   0% 4416 MHz:   0% 4512 MHz:  46%)
CPU 14 idle residency:  53.58%
CPU 14 down residency:   0.00%
CPU 15 frequency: 4512 MHz
CPU 15 active residency:  40.80% (1260 MHz:   0% 1512 MHz:   0% 1800 MHz:   0% 2088 MHz:   0% 2352 MHz:   0% 2616 MHz:   0% 2868 MHz:   0% 3096 MHz:   0% 3300 MHz:   0% 3468 MHz:   0% 3624 MHz:   0% 3756 MHz:   0% 3828 MHz:   0% 3888 MHz:   0% 3948 MHz:   0% 3996 MHz:   0% 4044 MHz:   0% 4104 MHz:   0% 4416 MHz:   0% 4512 MHz:  41%)
CPU 15 idle residency:  59.20%
CPU 15 down residency:   0.00%

CPU Power: 6907 mW
GPU Power: 12368 mW
ANE Power: 0 mW
Combined Power (CPU + GPU + ANE): 19274 mW

**** GPU usage ****

GPU HW active frequency: 1561 MHz
GPU HW active residency:  95.89% (338 MHz: 1.3% 618 MHz:   0% 796 MHz:   0% 924 MHz:   0% 952 MHz:   0% 1056 MHz:   0% 1062 MHz:   0% 1182 MHz:   0% 1182 MHz:   0% 1312 MHz:   0% 1242 MHz:   0% 1380 MHz:   0% 1326 MHz:   0% 1470 MHz:   0% 1578 MHz:  95%)
GPU SW requested state: (P1 :   0% P2 :   0% P3 :   0% P4 :   0% P5 :   0% P6 :   0% P7 :   0% P8 :   0% P9 :   0% P10 : 100% P11 :   0% P12 :   0% P13 :   0% P14 :   0% P15 :   0%)
GPU SW state: (SW_P1 : 1.3% SW_P2 :   0% SW_P3 :   0% SW_P4 :   0% SW_P5 :   0% SW_P6 :   0% SW_P7 :   0% SW_P8 :   0% SW_P9 :   0% SW_P10 :  95% SW_P11 :   0% SW_P12 :   0% SW_P13 :   0% SW_P14 :   0% SW_P15 :   0%)
GPU idle residency:   4.11%
GPU Power: 12368 mW



*** Sampled system activity (Tue Jan 20 15:13:53 2026 +0100) (1019.71ms elapsed) ***


**** Processor usage ****

E-Cluster Online: 100%
E-Cluster HW active frequency: 2565 MHz
E-Cluster HW active residency:  66.61% (1020 MHz: .64% 1404 MHz: .27% 1788 MHz: .30% 2112 MHz: .22% 2352 MHz: .53% 2532 MHz: .00% 2592 MHz:  65%)
E-Cluster idle residency:  33.39%
E-Cluster down residency:   0.00%
CPU 0 frequency: 2568 MHz
CPU 0 active residency:  30.23% (1020 MHz: .27% 1404 MHz: .10% 1788 MHz: .12% 2112 MHz: .11% 2352 MHz: .19% 2532 MHz:   0% 2592 MHz:  29%)
CPU 0 idle residency:  69.77%
CPU 0 down residency:   0.00%
CPU 1 frequency: 2568 MHz
CPU 1 active residency:  18.44% (1020 MHz: .16% 1404 MHz: .05% 1788 MHz: .10% 2112 MHz: .09% 2352 MHz: .09% 2532 MHz:   0% 2592 MHz:  18%)
CPU 1 idle residency:  81.56%
CPU 1 down residency:   0.00%
CPU 2 frequency: 2570 MHz
CPU 2 active residency:   9.93% (1020 MHz: .08% 1404 MHz: .02% 1788 MHz: .03% 2112 MHz: .09% 2352 MHz: .03% 2532 MHz:   0% 2592 MHz: 9.7%)
CPU 2 idle residency:  90.07%
CPU 2 down residency:   0.00%
CPU 3 frequency: 2576 MHz
CPU 3 active residency:   6.62% (1020 MHz: .03% 1404 MHz: .00% 1788 MHz: .02% 2112 MHz: .08% 2352 MHz: .00% 2532 MHz:   0% 2592 MHz: 6.5%)
CPU 3 idle residency:  93.38%
CPU 3 down residency:   0.00%

P0-Cluster Online: 74%
P0-Cluster HW active frequency: 4023 MHz
P0-Cluster HW active residency:  71.74% (1260 MHz: .13% 1512 MHz:   0% 1800 MHz:   0% 2088 MHz:   0% 2352 MHz:   0% 2616 MHz:   0% 2868 MHz:   0% 3096 MHz:   0% 3300 MHz:   0% 3468 MHz:   0% 3624 MHz:   0% 3756 MHz:   0% 3828 MHz:   0% 3888 MHz: 3.9% 3948 MHz:  33% 3996 MHz:  17% 4044 MHz: 9.5% 4104 MHz:   0% 4416 MHz: 3.6% 4512 MHz: 4.5%)
P0-Cluster idle residency:   0.70%
P0-Cluster down residency:  27.57%
CPU 4 frequency: 4493 MHz
CPU 4 active residency:  28.09% (1260 MHz: .12% 1512 MHz: .05% 1800 MHz:   0% 2088 MHz:   0% 2352 MHz:   0% 2616 MHz:   0% 2868 MHz:   0% 3096 MHz:   0% 3300 MHz:   0% 3468 MHz:   0% 3624 MHz:   0% 3756 MHz:   0% 3828 MHz:   0% 3888 MHz:   0% 3948 MHz:   0% 3996 MHz:   0% 4044 MHz:   0% 4104 MHz:   0% 4416 MHz:   0% 4512 MHz:  28%)
CPU 4 idle residency:  44.46%
CPU 4 down residency:  27.44%
CPU 5 frequency: 4495 MHz
CPU 5 active residency:  35.91% (1260 MHz: .12% 1512 MHz: .08% 1800 MHz:   0% 2088 MHz:   0% 2352 MHz:   0% 2616 MHz:   0% 2868 MHz:   0% 3096 MHz:   0% 3300 MHz:   0% 3468 MHz:   0% 3624 MHz:   0% 3756 MHz:   0% 3828 MHz:   0% 3888 MHz:   0% 3948 MHz:   0% 3996 MHz:   0% 4044 MHz:   0% 4104 MHz:   0% 4416 MHz:   0% 4512 MHz:  36%)
CPU 5 idle residency:  36.67%
CPU 5 down residency:  27.43%
CPU 6 frequency: 4494 MHz
CPU 6 active residency:  34.00% (1260 MHz: .12% 1512 MHz: .08% 1800 MHz:   0% 2088 MHz:   0% 2352 MHz:   0% 2616 MHz:   0% 2868 MHz:   0% 3096 MHz:   0% 3300 MHz:   0% 3468 MHz:   0% 3624 MHz:   0% 3756 MHz:   0% 3828 MHz:   0% 3888 MHz:   0% 3948 MHz:   0% 3996 MHz:   0% 4044 MHz:   0% 4104 MHz:   0% 4416 MHz:   0% 4512 MHz:  34%)
CPU 6 idle residency:  38.81%
CPU 6 down residency:  27.19%
CPU 7 frequency: 4492 MHz
CPU 7 active residency:  27.13% (1260 MHz: .12% 1512 MHz: .06% 1800 MHz:   0% 2088 MHz:   0% 2352 MHz:   0% 2616 MHz:   0% 2868 MHz:   0% 3096 MHz:   0% 3300 MHz:   0% 3468 MHz:   0% 3624 MHz:   0% 3756 MHz:   0% 3828 MHz:   0% 3888 MHz:   0% 3948 MHz:   0% 3996 MHz:   0% 4044 MHz:   0% 4104 MHz:   0% 4416 MHz:   0% 4512 MHz:  27%)
CPU 7 idle residency:  45.44%
CPU 7 down residency:  27.43%
CPU 8 frequency: 4496 MHz
CPU 8 active residency:  34.86% (1260 MHz: .12% 1512 MHz: .06% 1800 MHz:   0% 2088 MHz:   0% 2352 MHz:   0% 2616 MHz:   0% 2868 MHz:   0% 3096 MHz:   0% 3300 MHz:   0% 3468 MHz:   0% 3624 MHz:   0% 3756 MHz:   0% 3828 MHz:   0% 3888 MHz:   0% 3948 MHz:   0% 3996 MHz:   0% 4044 MHz:   0% 4104 MHz:   0% 4416 MHz:   0% 4512 MHz:  35%)
CPU 8 idle residency:  37.71%
CPU 8 down residency:  27.43%
CPU 9 frequency: 4492 MHz
CPU 9 active residency:  25.39% (1260 MHz: .12% 1512 MHz: .05% 1800 MHz:   0% 2088 MHz:   0% 2352 MHz:   0% 2616 MHz:   0% 2868 MHz:   0% 3096 MHz:   0% 3300 MHz:   0% 3468 MHz:   0% 3624 MHz:   0% 3756 MHz:   0% 3828 MHz:   0% 3888 MHz:   0% 3948 MHz:   0% 3996 MHz:   0% 4044 MHz:   0% 4104 MHz:   0% 4416 MHz:   0% 4512 MHz:  25%)
CPU 9 idle residency:  47.15%
CPU 9 down residency:  27.45%

P1-Cluster HW active frequency: 3979 MHz
P1-Cluster HW active residency:  34.56% (1260 MHz: .72% 1512 MHz:   0% 1800 MHz:   0% 2088 MHz:   0% 2352 MHz:   0% 2616 MHz:   0% 2868 MHz:   0% 3096 MHz:   0% 3300 MHz:   0% 3468 MHz:   0% 3624 MHz:   0% 3756 MHz:   0% 3828 MHz:   0% 3888 MHz: 1.8% 3948 MHz:  13% 3996 MHz: 5.9% 4044 MHz: 8.8% 4104 MHz:   0% 4416 MHz: 1.8% 4512 MHz: 2.0%)
P1-Cluster idle residency:   2.97%
P1-Cluster down residency:  62.47%
CPU 10 frequency: 4512 MHz
CPU 10 active residency:  17.12% (1260 MHz:   0% 1512 MHz:   0% 1800 MHz:   0% 2088 MHz:   0% 2352 MHz:   0% 2616 MHz:   0% 2868 MHz:   0% 3096 MHz:   0% 3300 MHz:   0% 3468 MHz:   0% 3624 MHz:   0% 3756 MHz:   0% 3828 MHz:   0% 3888 MHz:   0% 3948 MHz:   0% 3996 MHz:   0% 4044 MHz:   0% 4104 MHz:   0% 4416 MHz:   0% 4512 MHz:  17%)
CPU 10 idle residency:  20.33%
CPU 10 down residency:  62.55%
CPU 11 frequency: 4512 MHz
CPU 11 active residency:  14.07% (1260 MHz:   0% 1512 MHz:   0% 1800 MHz:   0% 2088 MHz:   0% 2352 MHz:   0% 2616 MHz:   0% 2868 MHz:   0% 3096 MHz:   0% 3300 MHz:   0% 3468 MHz:   0% 3624 MHz:   0% 3756 MHz:   0% 3828 MHz:   0% 3888 MHz:   0% 3948 MHz:   0% 3996 MHz:   0% 4044 MHz:   0% 4104 MHz:   0% 4416 MHz:   0% 4512 MHz:  14%)
CPU 11 idle residency:  23.35%
CPU 11 down residency:  62.58%
CPU 12 frequency: 4512 MHz
CPU 12 active residency:  12.41% (1260 MHz:   0% 1512 MHz:   0% 1800 MHz:   0% 2088 MHz:   0% 2352 MHz:   0% 2616 MHz:   0% 2868 MHz:   0% 3096 MHz:   0% 3300 MHz:   0% 3468 MHz:   0% 3624 MHz:   0% 3756 MHz:   0% 3828 MHz:   0% 3888 MHz:   0% 3948 MHz:   0% 3996 MHz:   0% 4044 MHz:   0% 4104 MHz:   0% 4416 MHz:   0% 4512 MHz:  12%)
CPU 12 idle residency:  25.04%
CPU 12 down residency:  62.55%
CPU 13 frequency: 4512 MHz
CPU 13 active residency:  16.16% (1260 MHz:   0% 1512 MHz:   0% 1800 MHz:   0% 2088 MHz:   0% 2352 MHz:   0% 2616 MHz:   0% 2868 MHz:   0% 3096 MHz:   0% 3300 MHz:   0% 3468 MHz:   0% 3624 MHz:   0% 3756 MHz:   0% 3828 MHz:   0% 3888 MHz:   0% 3948 MHz:   0% 3996 MHz:   0% 4044 MHz:   0% 4104 MHz:   0% 4416 MHz:   0% 4512 MHz:  16%)
CPU 13 idle residency:  21.29%
CPU 13 down residency:  62.55%
CPU 14 frequency: 4512 MHz
CPU 14 active residency:   3.16% (1260 MHz:   0% 1512 MHz:   0% 1800 MHz:   0% 2088 MHz:   0% 2352 MHz:   0% 2616 MHz:   0% 2868 MHz:   0% 3096 MHz:   0% 3300 MHz:   0% 3468 MHz:   0% 3624 MHz:   0% 3756 MHz:   0% 3828 MHz:   0% 3888 MHz:   0% 3948 MHz:   0% 3996 MHz:   0% 4044 MHz:   0% 4104 MHz:   0% 4416 MHz:   0% 4512 MHz: 3.2%)
CPU 14 idle residency:  34.28%
CPU 14 down residency:  62.55%
CPU 15 frequency: 4512 MHz
CPU 15 active residency:  14.10% (1260 MHz:   0% 1512 MHz:   0% 1800 MHz:   0% 2088 MHz:   0% 2352 MHz:   0% 2616 MHz:   0% 2868 MHz:   0% 3096 MHz:   0% 3300 MHz:   0% 3468 MHz:   0% 3624 MHz:   0% 3756 MHz:   0% 3828 MHz:   0% 3888 MHz:   0% 3948 MHz:   0% 3996 MHz:   0% 4044 MHz:   0% 4104 MHz:   0% 4416 MHz:   0% 4512 MHz:  14%)
CPU 15 idle residency:  23.34%
CPU 15 down residency:  62.55%

CPU Power: 7496 mW
GPU Power: 12369 mW
ANE Power: 0 mW
Combined Power (CPU + GPU + ANE): 19866 mW

**** GPU usage ****

GPU HW active frequency: 1561 MHz
GPU HW active residency:  95.58% (338 MHz: 1.3% 618 MHz:   0% 796 MHz:   0% 924 MHz:   0% 952 MHz:   0% 1056 MHz:   0% 1062 MHz:   0% 1182 MHz:   0% 1182 MHz:   0% 1312 MHz:   0% 1242 MHz:   0% 1380 MHz:   0% 1326 MHz:   0% 1470 MHz:   0% 1578 MHz:  94%)
GPU SW requested state: (P1 :   0% P2 :   0% P3 :   0% P4 :   0% P5 :   0% P6 :   0% P7 :   0% P8 :   0% P9 :   0% P10 : 100% P11 :   0% P12 :   0% P13 :   0% P14 :   0% P15 :   0%)
GPU SW state: (SW_P1 : 1.3% SW_P2 :   0% SW_P3 :   0% SW_P4 :   0% SW_P5 :   0% SW_P6 :   0% SW_P7 :   0% SW_P8 :   0% SW_P9 :   0% SW_P10 :  94% SW_P11 :   0% SW_P12 :   0% SW_P13 :   0% SW_P14 :   0% SW_P15 :   0%)
GPU idle residency:   4.42%
GPU Power: 12524 mW



*** Sampled system activity (Tue Jan 20 15:13:54 2026 +0100) (1017.73ms elapsed) ***


**** Processor usage ****

E-Cluster Online: 100%
E-Cluster HW active frequency: 2592 MHz
E-Cluster HW active residency:  65.90% (1020 MHz:   0% 1404 MHz:   0% 1788 MHz:   0% 2112 MHz:   0% 2352 MHz:   0% 2532 MHz: .00% 2592 MHz:  66%)
E-Cluster idle residency:  34.10%
E-Cluster down residency:   0.00%
CPU 0 frequency: 2592 MHz
CPU 0 active residency:  29.41% (1020 MHz:   0% 1404 MHz:   0% 1788 MHz:   0% 2112 MHz:   0% 2352 MHz:   0% 2532 MHz:   0% 2592 MHz:  29%)
CPU 0 idle residency:  70.59%
CPU 0 down residency:   0.00%
CPU 1 frequency: 2592 MHz
CPU 1 active residency:  19.12% (1020 MHz:   0% 1404 MHz:   0% 1788 MHz:   0% 2112 MHz:   0% 2352 MHz:   0% 2532 MHz:   0% 2592 MHz:  19%)
CPU 1 idle residency:  80.88%
CPU 1 down residency:   0.00%
CPU 2 frequency: 2592 MHz
CPU 2 active residency:  10.52% (1020 MHz:   0% 1404 MHz:   0% 1788 MHz:   0% 2112 MHz:   0% 2352 MHz:   0% 2532 MHz:   0% 2592 MHz:  11%)
CPU 2 idle residency:  89.48%
CPU 2 down residency:   0.00%
CPU 3 frequency: 2592 MHz
CPU 3 active residency:   5.01% (1020 MHz:   0% 1404 MHz:   0% 1788 MHz:   0% 2112 MHz:   0% 2352 MHz:   0% 2532 MHz:   0% 2592 MHz: 5.0%)
CPU 3 idle residency:  94.99%
CPU 3 down residency:   0.00%

P0-Cluster Online: 100%
P0-Cluster HW active frequency: 4037 MHz
P0-Cluster HW active residency:  99.66% (1260 MHz:   0% 1512 MHz:   0% 1800 MHz:   0% 2088 MHz:   0% 2352 MHz:   0% 2616 MHz:   0% 2868 MHz:   0% 3096 MHz:   0% 3300 MHz:   0% 3468 MHz:   0% 3624 MHz:   0% 3756 MHz:   0% 3828 MHz:   0% 3888 MHz: 3.7% 3948 MHz:  46% 3996 MHz:  19% 4044 MHz:  19% 4104 MHz:   0% 4416 MHz: 4.9% 4512 MHz: 7.2%)
P0-Cluster idle residency:   0.34%
P0-Cluster down residency:   0.00%
CPU 4 frequency: 4512 MHz
CPU 4 active residency:  43.12% (1260 MHz:   0% 1512 MHz:   0% 1800 MHz:   0% 2088 MHz:   0% 2352 MHz:   0% 2616 MHz:   0% 2868 MHz:   0% 3096 MHz:   0% 3300 MHz:   0% 3468 MHz:   0% 3624 MHz:   0% 3756 MHz:   0% 3828 MHz:   0% 3888 MHz:   0% 3948 MHz:   0% 3996 MHz:   0% 4044 MHz:   0% 4104 MHz:   0% 4416 MHz:   0% 4512 MHz:  43%)
CPU 4 idle residency:  56.88%
CPU 4 down residency:   0.00%
CPU 5 frequency: 4512 MHz
CPU 5 active residency:  43.87% (1260 MHz:   0% 1512 MHz:   0% 1800 MHz:   0% 2088 MHz:   0% 2352 MHz:   0% 2616 MHz:   0% 2868 MHz:   0% 3096 MHz:   0% 3300 MHz:   0% 3468 MHz:   0% 3624 MHz:   0% 3756 MHz:   0% 3828 MHz:   0% 3888 MHz:   0% 3948 MHz:   0% 3996 MHz:   0% 4044 MHz:   0% 4104 MHz:   0% 4416 MHz:   0% 4512 MHz:  44%)
CPU 5 idle residency:  56.13%
CPU 5 down residency:   0.00%
CPU 6 frequency: 4512 MHz
CPU 6 active residency:  40.52% (1260 MHz:   0% 1512 MHz:   0% 1800 MHz:   0% 2088 MHz:   0% 2352 MHz:   0% 2616 MHz:   0% 2868 MHz:   0% 3096 MHz:   0% 3300 MHz:   0% 3468 MHz:   0% 3624 MHz:   0% 3756 MHz:   0% 3828 MHz:   0% 3888 MHz:   0% 3948 MHz:   0% 3996 MHz:   0% 4044 MHz:   0% 4104 MHz:   0% 4416 MHz:   0% 4512 MHz:  41%)
CPU 6 idle residency:  59.48%
CPU 6 down residency:   0.00%
CPU 7 frequency: 4512 MHz
CPU 7 active residency:  39.81% (1260 MHz:   0% 1512 MHz:   0% 1800 MHz:   0% 2088 MHz:   0% 2352 MHz:   0% 2616 MHz:   0% 2868 MHz:   0% 3096 MHz:   0% 3300 MHz:   0% 3468 MHz:   0% 3624 MHz:   0% 3756 MHz:   0% 3828 MHz:   0% 3888 MHz:   0% 3948 MHz:   0% 3996 MHz:   0% 4044 MHz:   0% 4104 MHz:   0% 4416 MHz:   0% 4512 MHz:  40%)
CPU 7 idle residency:  60.19%
CPU 7 down residency:   0.00%
CPU 8 frequency: 4512 MHz
CPU 8 active residency:  32.58% (1260 MHz:   0% 1512 MHz:   0% 1800 MHz:   0% 2088 MHz:   0% 2352 MHz:   0% 2616 MHz:   0% 2868 MHz:   0% 3096 MHz:   0% 3300 MHz:   0% 3468 MHz:   0% 3624 MHz:   0% 3756 MHz:   0% 3828 MHz:   0% 3888 MHz:   0% 3948 MHz:   0% 3996 MHz:   0% 4044 MHz:   0% 4104 MHz:   0% 4416 MHz:   0% 4512 MHz:  33%)
CPU 8 idle residency:  67.42%
CPU 8 down residency:   0.00%
CPU 9 frequency: 4512 MHz
CPU 9 active residency:  36.26% (1260 MHz:   0% 1512 MHz:   0% 1800 MHz:   0% 2088 MHz:   0% 2352 MHz:   0% 2616 MHz:   0% 2868 MHz:   0% 3096 MHz:   0% 3300 MHz:   0% 3468 MHz:   0% 3624 MHz:   0% 3756 MHz:   0% 3828 MHz:   0% 3888 MHz:   0% 3948 MHz:   0% 3996 MHz:   0% 4044 MHz:   0% 4104 MHz:   0% 4416 MHz:   0% 4512 MHz:  36%)
CPU 9 idle residency:  63.74%
CPU 9 down residency:   0.00%

P1-Cluster HW active frequency: 3374 MHz
P1-Cluster HW active residency:   4.30% (1260 MHz: .65% 1512 MHz: .15% 1800 MHz: .34% 2088 MHz:   0% 2352 MHz:   0% 2616 MHz:   0% 2868 MHz:   0% 3096 MHz:   0% 3300 MHz:   0% 3468 MHz:   0% 3624 MHz:   0% 3756 MHz:   0% 3828 MHz:   0% 3888 MHz: .00% 3948 MHz: .01% 3996 MHz: .01% 4044 MHz: 3.0% 4104 MHz:   0% 4416 MHz: .04% 4512 MHz: .12%)
P1-Cluster idle residency:   6.44%
P1-Cluster down residency:  89.27%
CPU 10 frequency: 0 MHz
CPU 10 active residency:   0.00% (1260 MHz:   0% 1512 MHz:   0% 1800 MHz:   0% 2088 MHz:   0% 2352 MHz:   0% 2616 MHz:   0% 2868 MHz:   0% 3096 MHz:   0% 3300 MHz:   0% 3468 MHz:   0% 3624 MHz:   0% 3756 MHz:   0% 3828 MHz:   0% 3888 MHz:   0% 3948 MHz:   0% 3996 MHz:   0% 4044 MHz:   0% 4104 MHz:   0% 4416 MHz:   0% 4512 MHz:   0%)
CPU 10 idle residency:  10.30%
CPU 10 down residency:  89.70%
CPU 11 frequency: 0 MHz
CPU 11 active residency:   0.00% (1260 MHz:   0% 1512 MHz:   0% 1800 MHz:   0% 2088 MHz:   0% 2352 MHz:   0% 2616 MHz:   0% 2868 MHz:   0% 3096 MHz:   0% 3300 MHz:   0% 3468 MHz:   0% 3624 MHz:   0% 3756 MHz:   0% 3828 MHz:   0% 3888 MHz:   0% 3948 MHz:   0% 3996 MHz:   0% 4044 MHz:   0% 4104 MHz:   0% 4416 MHz:   0% 4512 MHz:   0%)
CPU 11 idle residency:  10.59%
CPU 11 down residency:  89.41%
CPU 12 frequency: 0 MHz
CPU 12 active residency:   0.00% (1260 MHz:   0% 1512 MHz:   0% 1800 MHz:   0% 2088 MHz:   0% 2352 MHz:   0% 2616 MHz:   0% 2868 MHz:   0% 3096 MHz:   0% 3300 MHz:   0% 3468 MHz:   0% 3624 MHz:   0% 3756 MHz:   0% 3828 MHz:   0% 3888 MHz:   0% 3948 MHz:   0% 3996 MHz:   0% 4044 MHz:   0% 4104 MHz:   0% 4416 MHz:   0% 4512 MHz:   0%)
CPU 12 idle residency:   7.74%
CPU 12 down residency:  92.26%
CPU 13 frequency: 0 MHz
CPU 13 active residency:   0.00% (1260 MHz:   0% 1512 MHz:   0% 1800 MHz:   0% 2088 MHz:   0% 2352 MHz:   0% 2616 MHz:   0% 2868 MHz:   0% 3096 MHz:   0% 3300 MHz:   0% 3468 MHz:   0% 3624 MHz:   0% 3756 MHz:   0% 3828 MHz:   0% 3888 MHz:   0% 3948 MHz:   0% 3996 MHz:   0% 4044 MHz:   0% 4104 MHz:   0% 4416 MHz:   0% 4512 MHz:   0%)
CPU 13 idle residency:  10.62%
CPU 13 down residency:  89.38%
CPU 14 frequency: 0 MHz
CPU 14 active residency:   0.00% (1260 MHz:   0% 1512 MHz:   0% 1800 MHz:   0% 2088 MHz:   0% 2352 MHz:   0% 2616 MHz:   0% 2868 MHz:   0% 3096 MHz:   0% 3300 MHz:   0% 3468 MHz:   0% 3624 MHz:   0% 3756 MHz:   0% 3828 MHz:   0% 3888 MHz:   0% 3948 MHz:   0% 3996 MHz:   0% 4044 MHz:   0% 4104 MHz:   0% 4416 MHz:   0% 4512 MHz:   0%)
CPU 14 idle residency:  10.58%
CPU 14 down residency:  89.42%
CPU 15 frequency: 0 MHz
CPU 15 active residency:   0.00% (1260 MHz:   0% 1512 MHz:   0% 1800 MHz:   0% 2088 MHz:   0% 2352 MHz:   0% 2616 MHz:   0% 2868 MHz:   0% 3096 MHz:   0% 3300 MHz:   0% 3468 MHz:   0% 3624 MHz:   0% 3756 MHz:   0% 3828 MHz:   0% 3888 MHz:   0% 3948 MHz:   0% 3996 MHz:   0% 4044 MHz:   0% 4104 MHz:   0% 4416 MHz:   0% 4512 MHz:   0%)
CPU 15 idle residency:  10.51%
CPU 15 down residency:  89.49%

CPU Power: 6806 mW
GPU Power: 12134 mW
ANE Power: 0 mW
Combined Power (CPU + GPU + ANE): 18940 mW

**** GPU usage ****

GPU HW active frequency: 1562 MHz
GPU HW active residency:  96.22% (338 MHz: 1.3% 618 MHz:   0% 796 MHz:   0% 924 MHz:   0% 952 MHz:   0% 1056 MHz:   0% 1062 MHz:   0% 1182 MHz:   0% 1182 MHz:   0% 1312 MHz:   0% 1242 MHz:   0% 1380 MHz:   0% 1326 MHz:   0% 1470 MHz:   0% 1578 MHz:  95%)
GPU SW requested state: (P1 :   0% P2 :   0% P3 :   0% P4 :   0% P5 :   0% P6 :   0% P7 :   0% P8 :   0% P9 :   0% P10 : 100% P11 :   0% P12 :   0% P13 :   0% P14 :   0% P15 :   0%)
GPU SW state: (SW_P1 : 1.3% SW_P2 :   0% SW_P3 :   0% SW_P4 :   0% SW_P5 :   0% SW_P6 :   0% SW_P7 :   0% SW_P8 :   0% SW_P9 :   0% SW_P10 :  95% SW_P11 :   0% SW_P12 :   0% SW_P13 :   0% SW_P14 :   0% SW_P15 :   0%)
GPU idle residency:   3.78%
GPU Power: 12110 mW



*** Sampled system activity (Tue Jan 20 15:13:55 2026 +0100) (1019.65ms elapsed) ***


**** Processor usage ****

E-Cluster Online: 100%
E-Cluster HW active frequency: 2592 MHz
E-Cluster HW active residency:  69.73% (1020 MHz:   0% 1404 MHz:   0% 1788 MHz:   0% 2112 MHz:   0% 2352 MHz:   0% 2532 MHz: .00% 2592 MHz:  70%)
E-Cluster idle residency:  30.27%
E-Cluster down residency:   0.00%
CPU 0 frequency: 2592 MHz
CPU 0 active residency:  31.76% (1020 MHz:   0% 1404 MHz:   0% 1788 MHz:   0% 2112 MHz:   0% 2352 MHz:   0% 2532 MHz:   0% 2592 MHz:  32%)
CPU 0 idle residency:  68.24%
CPU 0 down residency:   0.00%
CPU 1 frequency: 2592 MHz
CPU 1 active residency:  18.45% (1020 MHz:   0% 1404 MHz:   0% 1788 MHz:   0% 2112 MHz:   0% 2352 MHz:   0% 2532 MHz:   0% 2592 MHz:  18%)
CPU 1 idle residency:  81.55%
CPU 1 down residency:   0.00%
CPU 2 frequency: 2592 MHz
CPU 2 active residency:  12.42% (1020 MHz:   0% 1404 MHz:   0% 1788 MHz:   0% 2112 MHz:   0% 2352 MHz:   0% 2532 MHz:   0% 2592 MHz:  12%)
CPU 2 idle residency:  87.58%
CPU 2 down residency:   0.00%
CPU 3 frequency: 2592 MHz
CPU 3 active residency:   8.75% (1020 MHz:   0% 1404 MHz:   0% 1788 MHz:   0% 2112 MHz:   0% 2352 MHz:   0% 2532 MHz:   0% 2592 MHz: 8.7%)
CPU 3 idle residency:  91.25%
CPU 3 down residency:   0.00%

P0-Cluster Online: 100%
P0-Cluster HW active frequency: 4037 MHz
P0-Cluster HW active residency:  99.65% (1260 MHz:   0% 1512 MHz:   0% 1800 MHz:   0% 2088 MHz:   0% 2352 MHz:   0% 2616 MHz:   0% 2868 MHz:   0% 3096 MHz:   0% 3300 MHz:   0% 3468 MHz:   0% 3624 MHz:   0% 3756 MHz:   0% 3828 MHz:   0% 3888 MHz: 2.8% 3948 MHz:  44% 3996 MHz:  24% 4044 MHz:  16% 4104 MHz:   0% 4416 MHz: 5.1% 4512 MHz: 6.9%)
P0-Cluster idle residency:   0.35%
P0-Cluster down residency:   0.00%
CPU 4 frequency: 4512 MHz
CPU 4 active residency:  36.31% (1260 MHz:   0% 1512 MHz:   0% 1800 MHz:   0% 2088 MHz:   0% 2352 MHz:   0% 2616 MHz:   0% 2868 MHz:   0% 3096 MHz:   0% 3300 MHz:   0% 3468 MHz:   0% 3624 MHz:   0% 3756 MHz:   0% 3828 MHz:   0% 3888 MHz:   0% 3948 MHz:   0% 3996 MHz:   0% 4044 MHz:   0% 4104 MHz:   0% 4416 MHz:   0% 4512 MHz:  36%)
CPU 4 idle residency:  63.69%
CPU 4 down residency:   0.00%
CPU 5 frequency: 4512 MHz
CPU 5 active residency:  38.49% (1260 MHz:   0% 1512 MHz:   0% 1800 MHz:   0% 2088 MHz:   0% 2352 MHz:   0% 2616 MHz:   0% 2868 MHz:   0% 3096 MHz:   0% 3300 MHz:   0% 3468 MHz:   0% 3624 MHz:   0% 3756 MHz:   0% 3828 MHz:   0% 3888 MHz:   0% 3948 MHz:   0% 3996 MHz:   0% 4044 MHz:   0% 4104 MHz:   0% 4416 MHz:   0% 4512 MHz:  38%)
CPU 5 idle residency:  61.51%
CPU 5 down residency:   0.00%
CPU 6 frequency: 4512 MHz
CPU 6 active residency:  45.85% (1260 MHz:   0% 1512 MHz:   0% 1800 MHz:   0% 2088 MHz:   0% 2352 MHz:   0% 2616 MHz:   0% 2868 MHz:   0% 3096 MHz:   0% 3300 MHz:   0% 3468 MHz:   0% 3624 MHz:   0% 3756 MHz:   0% 3828 MHz:   0% 3888 MHz:   0% 3948 MHz:   0% 3996 MHz:   0% 4044 MHz:   0% 4104 MHz:   0% 4416 MHz:   0% 4512 MHz:  46%)
CPU 6 idle residency:  54.15%
CPU 6 down residency:   0.00%
CPU 7 frequency: 4512 MHz
CPU 7 active residency:  32.32% (1260 MHz:   0% 1512 MHz:   0% 1800 MHz:   0% 2088 MHz:   0% 2352 MHz:   0% 2616 MHz:   0% 2868 MHz:   0% 3096 MHz:   0% 3300 MHz:   0% 3468 MHz:   0% 3624 MHz:   0% 3756 MHz:   0% 3828 MHz:   0% 3888 MHz:   0% 3948 MHz:   0% 3996 MHz:   0% 4044 MHz:   0% 4104 MHz:   0% 4416 MHz:   0% 4512 MHz:  32%)
CPU 7 idle residency:  67.68%
CPU 7 down residency:   0.00%
CPU 8 frequency: 4512 MHz
CPU 8 active residency:  41.65% (1260 MHz:   0% 1512 MHz:   0% 1800 MHz:   0% 2088 MHz:   0% 2352 MHz:   0% 2616 MHz:   0% 2868 MHz:   0% 3096 MHz:   0% 3300 MHz:   0% 3468 MHz:   0% 3624 MHz:   0% 3756 MHz:   0% 3828 MHz:   0% 3888 MHz:   0% 3948 MHz:   0% 3996 MHz:   0% 4044 MHz:   0% 4104 MHz:   0% 4416 MHz:   0% 4512 MHz:  42%)
CPU 8 idle residency:  58.35%
CPU 8 down residency:   0.00%
CPU 9 frequency: 4512 MHz
CPU 9 active residency:  43.69% (1260 MHz:   0% 1512 MHz:   0% 1800 MHz:   0% 2088 MHz:   0% 2352 MHz:   0% 2616 MHz:   0% 2868 MHz:   0% 3096 MHz:   0% 3300 MHz:   0% 3468 MHz:   0% 3624 MHz:   0% 3756 MHz:   0% 3828 MHz:   0% 3888 MHz:   0% 3948 MHz:   0% 3996 MHz:   0% 4044 MHz:   0% 4104 MHz:   0% 4416 MHz:   0% 4512 MHz:  44%)
CPU 9 idle residency:  56.31%
CPU 9 down residency:   0.00%

P1-Cluster HW active frequency: 1936 MHz
P1-Cluster HW active residency:   0.40% (1260 MHz: .31% 1512 MHz:   0% 1800 MHz:   0% 2088 MHz:   0% 2352 MHz:   0% 2616 MHz:   0% 2868 MHz:   0% 3096 MHz:   0% 3300 MHz:   0% 3468 MHz:   0% 3624 MHz:   0% 3756 MHz:   0% 3828 MHz:   0% 3888 MHz: .00% 3948 MHz:   0% 3996 MHz:   0% 4044 MHz:   0% 4104 MHz:   0% 4416 MHz: .00% 4512 MHz: .08%)
P1-Cluster idle residency:   0.06%
P1-Cluster down residency:  99.55%
CPU 10 frequency: 0 MHz
CPU 10 active residency:   0.00% (1260 MHz:   0% 1512 MHz:   0% 1800 MHz:   0% 2088 MHz:   0% 2352 MHz:   0% 2616 MHz:   0% 2868 MHz:   0% 3096 MHz:   0% 3300 MHz:   0% 3468 MHz:   0% 3624 MHz:   0% 3756 MHz:   0% 3828 MHz:   0% 3888 MHz:   0% 3948 MHz:   0% 3996 MHz:   0% 4044 MHz:   0% 4104 MHz:   0% 4416 MHz:   0% 4512 MHz:   0%)
CPU 10 idle residency:   0.40%
CPU 10 down residency:  99.60%
CPU 11 frequency: 0 MHz
CPU 11 active residency:   0.00% (1260 MHz:   0% 1512 MHz:   0% 1800 MHz:   0% 2088 MHz:   0% 2352 MHz:   0% 2616 MHz:   0% 2868 MHz:   0% 3096 MHz:   0% 3300 MHz:   0% 3468 MHz:   0% 3624 MHz:   0% 3756 MHz:   0% 3828 MHz:   0% 3888 MHz:   0% 3948 MHz:   0% 3996 MHz:   0% 4044 MHz:   0% 4104 MHz:   0% 4416 MHz:   0% 4512 MHz:   0%)
CPU 11 idle residency:   0.42%
CPU 11 down residency:  99.58%
CPU 12 frequency: 0 MHz
CPU 12 active residency:   0.00% (1260 MHz:   0% 1512 MHz:   0% 1800 MHz:   0% 2088 MHz:   0% 2352 MHz:   0% 2616 MHz:   0% 2868 MHz:   0% 3096 MHz:   0% 3300 MHz:   0% 3468 MHz:   0% 3624 MHz:   0% 3756 MHz:   0% 3828 MHz:   0% 3888 MHz:   0% 3948 MHz:   0% 3996 MHz:   0% 4044 MHz:   0% 4104 MHz:   0% 4416 MHz:   0% 4512 MHz:   0%)
CPU 12 idle residency:   0.42%
CPU 12 down residency:  99.58%
CPU 13 frequency: 0 MHz
CPU 13 active residency:   0.00% (1260 MHz:   0% 1512 MHz:   0% 1800 MHz:   0% 2088 MHz:   0% 2352 MHz:   0% 2616 MHz:   0% 2868 MHz:   0% 3096 MHz:   0% 3300 MHz:   0% 3468 MHz:   0% 3624 MHz:   0% 3756 MHz:   0% 3828 MHz:   0% 3888 MHz:   0% 3948 MHz:   0% 3996 MHz:   0% 4044 MHz:   0% 4104 MHz:   0% 4416 MHz:   0% 4512 MHz:   0%)
CPU 13 idle residency:   0.42%
CPU 13 down residency:  99.58%
CPU 14 frequency: 0 MHz
CPU 14 active residency:   0.00% (1260 MHz:   0% 1512 MHz:   0% 1800 MHz:   0% 2088 MHz:   0% 2352 MHz:   0% 2616 MHz:   0% 2868 MHz:   0% 3096 MHz:   0% 3300 MHz:   0% 3468 MHz:   0% 3624 MHz:   0% 3756 MHz:   0% 3828 MHz:   0% 3888 MHz:   0% 3948 MHz:   0% 3996 MHz:   0% 4044 MHz:   0% 4104 MHz:   0% 4416 MHz:   0% 4512 MHz:   0%)
CPU 14 idle residency:   0.42%
CPU 14 down residency:  99.58%
CPU 15 frequency: 0 MHz
CPU 15 active residency:   0.00% (1260 MHz:   0% 1512 MHz:   0% 1800 MHz:   0% 2088 MHz:   0% 2352 MHz:   0% 2616 MHz:   0% 2868 MHz:   0% 3096 MHz:   0% 3300 MHz:   0% 3468 MHz:   0% 3624 MHz:   0% 3756 MHz:   0% 3828 MHz:   0% 3888 MHz:   0% 3948 MHz:   0% 3996 MHz:   0% 4044 MHz:   0% 4104 MHz:   0% 4416 MHz:   0% 4512 MHz:   0%)
CPU 15 idle residency:   0.42%
CPU 15 down residency:  99.58%

CPU Power: 7062 mW
GPU Power: 11979 mW
ANE Power: 0 mW
Combined Power (CPU + GPU + ANE): 19041 mW

**** GPU usage ****

GPU HW active frequency: 1561 MHz
GPU HW active residency:  96.09% (338 MHz: 1.3% 618 MHz:   0% 796 MHz:   0% 924 MHz:   0% 952 MHz:   0% 1056 MHz:   0% 1062 MHz:   0% 1182 MHz:   0% 1182 MHz:   0% 1312 MHz:   0% 1242 MHz:   0% 1380 MHz:   0% 1326 MHz:   0% 1470 MHz:   0% 1578 MHz:  95%)
GPU SW requested state: (P1 :   0% P2 :   0% P3 :   0% P4 :   0% P5 :   0% P6 :   0% P7 :   0% P8 :   0% P9 :   0% P10 : 100% P11 :   0% P12 :   0% P13 :   0% P14 :   0% P15 :   0%)
GPU SW state: (SW_P1 : 1.3% SW_P2 :   0% SW_P3 :   0% SW_P4 :   0% SW_P5 :   0% SW_P6 :   0% SW_P7 :   0% SW_P8 :   0% SW_P9 :   0% SW_P10 :  95% SW_P11 :   0% SW_P12 :   0% SW_P13 :   0% SW_P14 :   0% SW_P15 :   0%)
GPU idle residency:   3.91%
GPU Power: 11841 mW



*** Sampled system activity (Tue Jan 20 15:13:56 2026 +0100) (1021.11ms elapsed) ***


**** Processor usage ****

E-Cluster Online: 100%
E-Cluster HW active frequency: 2592 MHz
E-Cluster HW active residency:  66.63% (1020 MHz:   0% 1404 MHz:   0% 1788 MHz:   0% 2112 MHz:   0% 2352 MHz:   0% 2532 MHz: .00% 2592 MHz:  67%)
E-Cluster idle residency:  33.37%
E-Cluster down residency:   0.00%
CPU 0 frequency: 2592 MHz
CPU 0 active residency:  31.36% (1020 MHz:   0% 1404 MHz:   0% 1788 MHz:   0% 2112 MHz:   0% 2352 MHz:   0% 2532 MHz:   0% 2592 MHz:  31%)
CPU 0 idle residency:  68.64%
CPU 0 down residency:   0.00%
CPU 1 frequency: 2592 MHz
CPU 1 active residency:  20.89% (1020 MHz:   0% 1404 MHz:   0% 1788 MHz:   0% 2112 MHz:   0% 2352 MHz:   0% 2532 MHz:   0% 2592 MHz:  21%)
CPU 1 idle residency:  79.11%
CPU 1 down residency:   0.00%
CPU 2 frequency: 2592 MHz
CPU 2 active residency:  10.26% (1020 MHz:   0% 1404 MHz:   0% 1788 MHz:   0% 2112 MHz:   0% 2352 MHz:   0% 2532 MHz:   0% 2592 MHz:  10%)
CPU 2 idle residency:  89.74%
CPU 2 down residency:   0.00%
CPU 3 frequency: 2592 MHz
CPU 3 active residency:   7.34% (1020 MHz:   0% 1404 MHz:   0% 1788 MHz:   0% 2112 MHz:   0% 2352 MHz:   0% 2532 MHz:   0% 2592 MHz: 7.3%)
CPU 3 idle residency:  92.66%
CPU 3 down residency:   0.00%

P0-Cluster Online: 100%
P0-Cluster HW active frequency: 4040 MHz
P0-Cluster HW active residency:  99.65% (1260 MHz:   0% 1512 MHz:   0% 1800 MHz:   0% 2088 MHz:   0% 2352 MHz:   0% 2616 MHz:   0% 2868 MHz:   0% 3096 MHz:   0% 3300 MHz:   0% 3468 MHz:   0% 3624 MHz:   0% 3756 MHz:   0% 3828 MHz:   0% 3888 MHz: 1.9% 3948 MHz:  44% 3996 MHz:  23% 4044 MHz:  19% 4104 MHz:   0% 4416 MHz: 5.3% 4512 MHz: 7.0%)
P0-Cluster idle residency:   0.35%
P0-Cluster down residency:   0.00%
CPU 4 frequency: 4512 MHz
CPU 4 active residency:  46.32% (1260 MHz:   0% 1512 MHz:   0% 1800 MHz:   0% 2088 MHz:   0% 2352 MHz:   0% 2616 MHz:   0% 2868 MHz:   0% 3096 MHz:   0% 3300 MHz:   0% 3468 MHz:   0% 3624 MHz:   0% 3756 MHz:   0% 3828 MHz:   0% 3888 MHz:   0% 3948 MHz:   0% 3996 MHz:   0% 4044 MHz:   0% 4104 MHz:   0% 4416 MHz:   0% 4512 MHz:  46%)
CPU 4 idle residency:  53.68%
CPU 4 down residency:   0.00%
CPU 5 frequency: 4512 MHz
CPU 5 active residency:  40.21% (1260 MHz:   0% 1512 MHz:   0% 1800 MHz:   0% 2088 MHz:   0% 2352 MHz:   0% 2616 MHz:   0% 2868 MHz:   0% 3096 MHz:   0% 3300 MHz:   0% 3468 MHz:   0% 3624 MHz:   0% 3756 MHz:   0% 3828 MHz:   0% 3888 MHz:   0% 3948 MHz:   0% 3996 MHz:   0% 4044 MHz:   0% 4104 MHz:   0% 4416 MHz:   0% 4512 MHz:  40%)
CPU 5 idle residency:  59.79%
CPU 5 down residency:   0.00%
CPU 6 frequency: 4512 MHz
CPU 6 active residency:  33.01% (1260 MHz:   0% 1512 MHz:   0% 1800 MHz:   0% 2088 MHz:   0% 2352 MHz:   0% 2616 MHz:   0% 2868 MHz:   0% 3096 MHz:   0% 3300 MHz:   0% 3468 MHz:   0% 3624 MHz:   0% 3756 MHz:   0% 3828 MHz:   0% 3888 MHz:   0% 3948 MHz:   0% 3996 MHz:   0% 4044 MHz:   0% 4104 MHz:   0% 4416 MHz:   0% 4512 MHz:  33%)
CPU 6 idle residency:  66.99%
CPU 6 down residency:   0.00%
CPU 7 frequency: 4512 MHz
CPU 7 active residency:  32.42% (1260 MHz:   0% 1512 MHz:   0% 1800 MHz:   0% 2088 MHz:   0% 2352 MHz:   0% 2616 MHz:   0% 2868 MHz:   0% 3096 MHz:   0% 3300 MHz:   0% 3468 MHz:   0% 3624 MHz:   0% 3756 MHz:   0% 3828 MHz:   0% 3888 MHz:   0% 3948 MHz:   0% 3996 MHz:   0% 4044 MHz:   0% 4104 MHz:   0% 4416 MHz:   0% 4512 MHz:  32%)
CPU 7 idle residency:  67.58%
CPU 7 down residency:   0.00%
CPU 8 frequency: 4512 MHz
CPU 8 active residency:  38.59% (1260 MHz:   0% 1512 MHz:   0% 1800 MHz:   0% 2088 MHz:   0% 2352 MHz:   0% 2616 MHz:   0% 2868 MHz:   0% 3096 MHz:   0% 3300 MHz:   0% 3468 MHz:   0% 3624 MHz:   0% 3756 MHz:   0% 3828 MHz:   0% 3888 MHz:   0% 3948 MHz:   0% 3996 MHz:   0% 4044 MHz:   0% 4104 MHz:   0% 4416 MHz:   0% 4512 MHz:  39%)
CPU 8 idle residency:  61.41%
CPU 8 down residency:   0.00%
CPU 9 frequency: 4512 MHz
CPU 9 active residency:  40.98% (1260 MHz:   0% 1512 MHz:   0% 1800 MHz:   0% 2088 MHz:   0% 2352 MHz:   0% 2616 MHz:   0% 2868 MHz:   0% 3096 MHz:   0% 3300 MHz:   0% 3468 MHz:   0% 3624 MHz:   0% 3756 MHz:   0% 3828 MHz:   0% 3888 MHz:   0% 3948 MHz:   0% 3996 MHz:   0% 4044 MHz:   0% 4104 MHz:   0% 4416 MHz:   0% 4512 MHz:  41%)
CPU 9 idle residency:  59.02%
CPU 9 down residency:   0.00%

P1-Cluster HW active frequency: 1788 MHz
P1-Cluster HW active residency:   0.67% (1260 MHz: .30% 1512 MHz: .14% 1800 MHz: .15% 2088 MHz:   0% 2352 MHz:   0% 2616 MHz:   0% 2868 MHz:   0% 3096 MHz:   0% 3300 MHz:   0% 3468 MHz:   0% 3624 MHz:   0% 3756 MHz:   0% 3828 MHz:   0% 3888 MHz: .01% 3948 MHz: .01% 3996 MHz:   0% 4044 MHz:   0% 4104 MHz:   0% 4416 MHz: .03% 4512 MHz: .02%)
P1-Cluster idle residency:   0.89%
P1-Cluster down residency:  98.44%
CPU 10 frequency: 2082 MHz
CPU 10 active residency:   0.55% (1260 MHz: .11% 1512 MHz: .15% 1800 MHz: .19% 2088 MHz:   0% 2352 MHz:   0% 2616 MHz:   0% 2868 MHz:   0% 3096 MHz:   0% 3300 MHz:   0% 3468 MHz:   0% 3624 MHz:   0% 3756 MHz:   0% 3828 MHz:   0% 3888 MHz:   0% 3948 MHz:   0% 3996 MHz:   0% 4044 MHz:   0% 4104 MHz:   0% 4416 MHz:   0% 4512 MHz: .09%)
CPU 10 idle residency:   1.46%
CPU 10 down residency:  97.99%
CPU 11 frequency: 1873 MHz
CPU 11 active residency:   0.44% (1260 MHz: .10% 1512 MHz: .14% 1800 MHz: .15% 2088 MHz:   0% 2352 MHz:   0% 2616 MHz:   0% 2868 MHz:   0% 3096 MHz:   0% 3300 MHz:   0% 3468 MHz:   0% 3624 MHz:   0% 3756 MHz:   0% 3828 MHz:   0% 3888 MHz:   0% 3948 MHz:   0% 3996 MHz:   0% 4044 MHz:   0% 4104 MHz:   0% 4416 MHz:   0% 4512 MHz: .05%)
CPU 11 idle residency:   1.19%
CPU 11 down residency:  98.37%
CPU 12 frequency: 2348 MHz
CPU 12 active residency:   0.19% (1260 MHz: .10% 1512 MHz: .00% 1800 MHz: .02% 2088 MHz:   0% 2352 MHz:   0% 2616 MHz:   0% 2868 MHz:   0% 3096 MHz:   0% 3300 MHz:   0% 3468 MHz:   0% 3624 MHz:   0% 3756 MHz:   0% 3828 MHz:   0% 3888 MHz:   0% 3948 MHz:   0% 3996 MHz:   0% 4044 MHz:   0% 4104 MHz:   0% 4416 MHz:   0% 4512 MHz: .06%)
CPU 12 idle residency:   1.47%
CPU 12 down residency:  98.34%
CPU 13 frequency: 2332 MHz
CPU 13 active residency:   0.16% (1260 MHz: .10% 1512 MHz:   0% 1800 MHz: .01% 2088 MHz:   0% 2352 MHz:   0% 2616 MHz:   0% 2868 MHz:   0% 3096 MHz:   0% 3300 MHz:   0% 3468 MHz:   0% 3624 MHz:   0% 3756 MHz:   0% 3828 MHz:   0% 3888 MHz:   0% 3948 MHz:   0% 3996 MHz:   0% 4044 MHz:   0% 4104 MHz:   0% 4416 MHz:   0% 4512 MHz: .05%)
CPU 13 idle residency:   1.48%
CPU 13 down residency:  98.36%
CPU 14 frequency: 2872 MHz
CPU 14 active residency:   0.20% (1260 MHz: .10% 1512 MHz:   0% 1800 MHz: .00% 2088 MHz:   0% 2352 MHz:   0% 2616 MHz:   0% 2868 MHz:   0% 3096 MHz:   0% 3300 MHz:   0% 3468 MHz:   0% 3624 MHz:   0% 3756 MHz:   0% 3828 MHz:   0% 3888 MHz:   0% 3948 MHz:   0% 3996 MHz:   0% 4044 MHz:   0% 4104 MHz:   0% 4416 MHz:   0% 4512 MHz: .10%)
CPU 14 idle residency:   1.49%
CPU 14 down residency:  98.31%
CPU 15 frequency: 2513 MHz
CPU 15 active residency:   0.33% (1260 MHz: .10% 1512 MHz: .00% 1800 MHz: .11% 2088 MHz:   0% 2352 MHz:   0% 2616 MHz:   0% 2868 MHz:   0% 3096 MHz:   0% 3300 MHz:   0% 3468 MHz:   0% 3624 MHz:   0% 3756 MHz:   0% 3828 MHz:   0% 3888 MHz:   0% 3948 MHz:   0% 3996 MHz:   0% 4044 MHz:   0% 4104 MHz:   0% 4416 MHz:   0% 4512 MHz: .11%)
CPU 15 idle residency:   1.44%
CPU 15 down residency:  98.24%

CPU Power: 6839 mW
GPU Power: 12270 mW
ANE Power: 0 mW
Combined Power (CPU + GPU + ANE): 19109 mW

**** GPU usage ****

GPU HW active frequency: 1562 MHz
GPU HW active residency:  96.14% (338 MHz: 1.3% 618 MHz:   0% 796 MHz:   0% 924 MHz:   0% 952 MHz:   0% 1056 MHz:   0% 1062 MHz:   0% 1182 MHz:   0% 1182 MHz:   0% 1312 MHz:   0% 1242 MHz:   0% 1380 MHz:   0% 1326 MHz:   0% 1470 MHz:   0% 1578 MHz:  95%)
GPU SW requested state: (P1 :   0% P2 :   0% P3 :   0% P4 :   0% P5 :   0% P6 :   0% P7 :   0% P8 :   0% P9 :   0% P10 : 100% P11 :   0% P12 :   0% P13 :   0% P14 :   0% P15 :   0%)
GPU SW state: (SW_P1 : 1.3% SW_P2 :   0% SW_P3 :   0% SW_P4 :   0% SW_P5 :   0% SW_P6 :   0% SW_P7 :   0% SW_P8 :   0% SW_P9 :   0% SW_P10 :  95% SW_P11 :   0% SW_P12 :   0% SW_P13 :   0% SW_P14 :   0% SW_P15 :   0%)
GPU idle residency:   3.86%
GPU Power: 12415 mW



*** Sampled system activity (Tue Jan 20 15:13:57 2026 +0100) (1020.03ms elapsed) ***


**** Processor usage ****

E-Cluster Online: 100%
E-Cluster HW active frequency: 2592 MHz
E-Cluster HW active residency:  66.66% (1020 MHz:   0% 1404 MHz:   0% 1788 MHz:   0% 2112 MHz:   0% 2352 MHz:   0% 2532 MHz: .00% 2592 MHz:  67%)
E-Cluster idle residency:  33.34%
E-Cluster down residency:   0.00%
CPU 0 frequency: 2592 MHz
CPU 0 active residency:  30.20% (1020 MHz:   0% 1404 MHz:   0% 1788 MHz:   0% 2112 MHz:   0% 2352 MHz:   0% 2532 MHz:   0% 2592 MHz:  30%)
CPU 0 idle residency:  69.80%
CPU 0 down residency:   0.00%
CPU 1 frequency: 2592 MHz
CPU 1 active residency:  19.17% (1020 MHz:   0% 1404 MHz:   0% 1788 MHz:   0% 2112 MHz:   0% 2352 MHz:   0% 2532 MHz:   0% 2592 MHz:  19%)
CPU 1 idle residency:  80.83%
CPU 1 down residency:   0.00%
CPU 2 frequency: 2592 MHz
CPU 2 active residency:  12.46% (1020 MHz:   0% 1404 MHz:   0% 1788 MHz:   0% 2112 MHz:   0% 2352 MHz:   0% 2532 MHz:   0% 2592 MHz:  12%)
CPU 2 idle residency:  87.54%
CPU 2 down residency:   0.00%
CPU 3 frequency: 2592 MHz
CPU 3 active residency:   6.64% (1020 MHz:   0% 1404 MHz:   0% 1788 MHz:   0% 2112 MHz:   0% 2352 MHz:   0% 2532 MHz:   0% 2592 MHz: 6.6%)
CPU 3 idle residency:  93.36%
CPU 3 down residency:   0.00%

P0-Cluster Online: 27%
P0-Cluster HW active frequency: 3971 MHz
P0-Cluster HW active residency:  25.11% (1260 MHz: .94% 1512 MHz:   0% 1800 MHz:   0% 2088 MHz:   0% 2352 MHz:   0% 2616 MHz:   0% 2868 MHz:   0% 3096 MHz:   0% 3300 MHz:   0% 3468 MHz:   0% 3624 MHz:   0% 3756 MHz:   0% 3828 MHz:   0% 3888 MHz: .13% 3948 MHz: 8.5% 3996 MHz: 4.2% 4044 MHz: 7.2% 4104 MHz:   0% 4416 MHz: 1.7% 4512 MHz: 2.5%)
P0-Cluster idle residency:   2.08%
P0-Cluster down residency:  72.82%
CPU 4 frequency: 4495 MHz
CPU 4 active residency:   7.98% (1260 MHz: .04% 1512 MHz:   0% 1800 MHz:   0% 2088 MHz:   0% 2352 MHz:   0% 2616 MHz:   0% 2868 MHz:   0% 3096 MHz:   0% 3300 MHz:   0% 3468 MHz:   0% 3624 MHz:   0% 3756 MHz:   0% 3828 MHz:   0% 3888 MHz:   0% 3948 MHz:   0% 3996 MHz:   0% 4044 MHz:   0% 4104 MHz:   0% 4416 MHz:   0% 4512 MHz: 7.9%)
CPU 4 idle residency:  19.08%
CPU 4 down residency:  72.94%
CPU 5 frequency: 4498 MHz
CPU 5 active residency:   9.93% (1260 MHz: .04% 1512 MHz:   0% 1800 MHz:   0% 2088 MHz:   0% 2352 MHz:   0% 2616 MHz:   0% 2868 MHz:   0% 3096 MHz:   0% 3300 MHz:   0% 3468 MHz:   0% 3624 MHz:   0% 3756 MHz:   0% 3828 MHz:   0% 3888 MHz:   0% 3948 MHz:   0% 3996 MHz:   0% 4044 MHz:   0% 4104 MHz:   0% 4416 MHz:   0% 4512 MHz: 9.9%)
CPU 5 idle residency:  16.60%
CPU 5 down residency:  73.47%
CPU 6 frequency: 4488 MHz
CPU 6 active residency:   6.72% (1260 MHz: .05% 1512 MHz:   0% 1800 MHz:   0% 2088 MHz:   0% 2352 MHz:   0% 2616 MHz:   0% 2868 MHz:   0% 3096 MHz:   0% 3300 MHz:   0% 3468 MHz:   0% 3624 MHz:   0% 3756 MHz:   0% 3828 MHz:   0% 3888 MHz:   0% 3948 MHz:   0% 3996 MHz:   0% 4044 MHz:   0% 4104 MHz:   0% 4416 MHz:   0% 4512 MHz: 6.7%)
CPU 6 idle residency:  19.81%
CPU 6 down residency:  73.47%
CPU 7 frequency: 4497 MHz
CPU 7 active residency:   9.04% (1260 MHz: .04% 1512 MHz:   0% 1800 MHz:   0% 2088 MHz:   0% 2352 MHz:   0% 2616 MHz:   0% 2868 MHz:   0% 3096 MHz:   0% 3300 MHz:   0% 3468 MHz:   0% 3624 MHz:   0% 3756 MHz:   0% 3828 MHz:   0% 3888 MHz:   0% 3948 MHz:   0% 3996 MHz:   0% 4044 MHz:   0% 4104 MHz:   0% 4416 MHz:   0% 4512 MHz: 9.0%)
CPU 7 idle residency:  17.49%
CPU 7 down residency:  73.47%
CPU 8 frequency: 4493 MHz
CPU 8 active residency:   7.31% (1260 MHz: .04% 1512 MHz:   0% 1800 MHz:   0% 2088 MHz:   0% 2352 MHz:   0% 2616 MHz:   0% 2868 MHz:   0% 3096 MHz:   0% 3300 MHz:   0% 3468 MHz:   0% 3624 MHz:   0% 3756 MHz:   0% 3828 MHz:   0% 3888 MHz:   0% 3948 MHz:   0% 3996 MHz:   0% 4044 MHz:   0% 4104 MHz:   0% 4416 MHz:   0% 4512 MHz: 7.3%)
CPU 8 idle residency:  19.75%
CPU 8 down residency:  72.94%
CPU 9 frequency: 4429 MHz
CPU 9 active residency:   1.91% (1260 MHz: .05% 1512 MHz:   0% 1800 MHz:   0% 2088 MHz:   0% 2352 MHz:   0% 2616 MHz:   0% 2868 MHz:   0% 3096 MHz:   0% 3300 MHz:   0% 3468 MHz:   0% 3624 MHz:   0% 3756 MHz:   0% 3828 MHz:   0% 3888 MHz:   0% 3948 MHz:   0% 3996 MHz:   0% 4044 MHz:   0% 4104 MHz:   0% 4416 MHz:   0% 4512 MHz: 1.9%)
CPU 9 idle residency:  25.15%
CPU 9 down residency:  72.94%

P1-Cluster HW active frequency: 4011 MHz
P1-Cluster HW active residency:  75.71% (1260 MHz: .13% 1512 MHz:   0% 1800 MHz:   0% 2088 MHz:   0% 2352 MHz:   0% 2616 MHz:   0% 2868 MHz:   0% 3096 MHz:   0% 3300 MHz:   0% 3468 MHz:   0% 3624 MHz:   0% 3756 MHz:   0% 3828 MHz:   0% 3888 MHz: 5.0% 3948 MHz:  34% 3996 MHz:  21% 4044 MHz: 8.7% 4104 MHz:   0% 4416 MHz: 2.9% 4512 MHz: 3.9%)
P1-Cluster idle residency:   0.68%
P1-Cluster down residency:  23.61%
CPU 10 frequency: 4508 MHz
CPU 10 active residency:  38.58% (1260 MHz: .05% 1512 MHz:   0% 1800 MHz:   0% 2088 MHz:   0% 2352 MHz:   0% 2616 MHz:   0% 2868 MHz:   0% 3096 MHz:   0% 3300 MHz:   0% 3468 MHz:   0% 3624 MHz:   0% 3756 MHz:   0% 3828 MHz:   0% 3888 MHz:   0% 3948 MHz:   0% 3996 MHz:   0% 4044 MHz:   0% 4104 MHz:   0% 4416 MHz:   0% 4512 MHz:  39%)
CPU 10 idle residency:  37.85%
CPU 10 down residency:  23.57%
CPU 11 frequency: 4508 MHz
CPU 11 active residency:  37.28% (1260 MHz: .05% 1512 MHz:   0% 1800 MHz:   0% 2088 MHz:   0% 2352 MHz:   0% 2616 MHz:   0% 2868 MHz:   0% 3096 MHz:   0% 3300 MHz:   0% 3468 MHz:   0% 3624 MHz:   0% 3756 MHz:   0% 3828 MHz:   0% 3888 MHz:   0% 3948 MHz:   0% 3996 MHz:   0% 4044 MHz:   0% 4104 MHz:   0% 4416 MHz:   0% 4512 MHz:  37%)
CPU 11 idle residency:  39.15%
CPU 11 down residency:  23.57%
CPU 12 frequency: 4507 MHz
CPU 12 active residency:  28.22% (1260 MHz: .05% 1512 MHz:   0% 1800 MHz:   0% 2088 MHz:   0% 2352 MHz:   0% 2616 MHz:   0% 2868 MHz:   0% 3096 MHz:   0% 3300 MHz:   0% 3468 MHz:   0% 3624 MHz:   0% 3756 MHz:   0% 3828 MHz:   0% 3888 MHz:   0% 3948 MHz:   0% 3996 MHz:   0% 4044 MHz:   0% 4104 MHz:   0% 4416 MHz:   0% 4512 MHz:  28%)
CPU 12 idle residency:  48.20%
CPU 12 down residency:  23.57%
CPU 13 frequency: 4507 MHz
CPU 13 active residency:  27.20% (1260 MHz: .05% 1512 MHz:   0% 1800 MHz:   0% 2088 MHz:   0% 2352 MHz:   0% 2616 MHz:   0% 2868 MHz:   0% 3096 MHz:   0% 3300 MHz:   0% 3468 MHz:   0% 3624 MHz:   0% 3756 MHz:   0% 3828 MHz:   0% 3888 MHz:   0% 3948 MHz:   0% 3996 MHz:   0% 4044 MHz:   0% 4104 MHz:   0% 4416 MHz:   0% 4512 MHz:  27%)
CPU 13 idle residency:  49.23%
CPU 13 down residency:  23.57%
CPU 14 frequency: 4508 MHz
CPU 14 active residency:  33.61% (1260 MHz: .05% 1512 MHz:   0% 1800 MHz:   0% 2088 MHz:   0% 2352 MHz:   0% 2616 MHz:   0% 2868 MHz:   0% 3096 MHz:   0% 3300 MHz:   0% 3468 MHz:   0% 3624 MHz:   0% 3756 MHz:   0% 3828 MHz:   0% 3888 MHz:   0% 3948 MHz:   0% 3996 MHz:   0% 4044 MHz:   0% 4104 MHz:   0% 4416 MHz:   0% 4512 MHz:  34%)
CPU 14 idle residency:  42.82%
CPU 14 down residency:  23.57%
CPU 15 frequency: 4508 MHz
CPU 15 active residency:  34.65% (1260 MHz: .05% 1512 MHz:   0% 1800 MHz:   0% 2088 MHz:   0% 2352 MHz:   0% 2616 MHz:   0% 2868 MHz:   0% 3096 MHz:   0% 3300 MHz:   0% 3468 MHz:   0% 3624 MHz:   0% 3756 MHz:   0% 3828 MHz:   0% 3888 MHz:   0% 3948 MHz:   0% 3996 MHz:   0% 4044 MHz:   0% 4104 MHz:   0% 4416 MHz:   0% 4512 MHz:  35%)
CPU 15 idle residency:  41.78%
CPU 15 down residency:  23.57%

CPU Power: 7118 mW
GPU Power: 12274 mW
ANE Power: 0 mW
Combined Power (CPU + GPU + ANE): 19393 mW

**** GPU usage ****

GPU HW active frequency: 1562 MHz
GPU HW active residency:  95.72% (338 MHz: 1.2% 618 MHz:   0% 796 MHz:   0% 924 MHz:   0% 952 MHz:   0% 1056 MHz:   0% 1062 MHz:   0% 1182 MHz:   0% 1182 MHz:   0% 1312 MHz:   0% 1242 MHz:   0% 1380 MHz:   0% 1326 MHz:   0% 1470 MHz:   0% 1578 MHz:  94%)
GPU SW requested state: (P1 :   0% P2 :   0% P3 :   0% P4 :   0% P5 :   0% P6 :   0% P7 :   0% P8 :   0% P9 :   0% P10 : 100% P11 :   0% P12 :   0% P13 :   0% P14 :   0% P15 :   0%)
GPU SW state: (SW_P1 : 1.2% SW_P2 :   0% SW_P3 :   0% SW_P4 :   0% SW_P5 :   0% SW_P6 :   0% SW_P7 :   0% SW_P8 :   0% SW_P9 :   0% SW_P10 :  94% SW_P11 :   0% SW_P12 :   0% SW_P13 :   0% SW_P14 :   0% SW_P15 :   0%)
GPU idle residency:   4.28%
GPU Power: 12277 mW



*** Sampled system activity (Tue Jan 20 15:13:58 2026 +0100) (1019.77ms elapsed) ***


**** Processor usage ****

E-Cluster Online: 100%
E-Cluster HW active frequency: 2592 MHz
E-Cluster HW active residency:  64.76% (1020 MHz:   0% 1404 MHz:   0% 1788 MHz:   0% 2112 MHz:   0% 2352 MHz:   0% 2532 MHz: .00% 2592 MHz:  65%)
E-Cluster idle residency:  35.24%
E-Cluster down residency:   0.00%
CPU 0 frequency: 2592 MHz
CPU 0 active residency:  27.32% (1020 MHz:   0% 1404 MHz:   0% 1788 MHz:   0% 2112 MHz:   0% 2352 MHz:   0% 2532 MHz:   0% 2592 MHz:  27%)
CPU 0 idle residency:  72.68%
CPU 0 down residency:   0.00%
CPU 1 frequency: 2592 MHz
CPU 1 active residency:  17.30% (1020 MHz:   0% 1404 MHz:   0% 1788 MHz:   0% 2112 MHz:   0% 2352 MHz:   0% 2532 MHz:   0% 2592 MHz:  17%)
CPU 1 idle residency:  82.70%
CPU 1 down residency:   0.00%
CPU 2 frequency: 2592 MHz
CPU 2 active residency:   9.69% (1020 MHz:   0% 1404 MHz:   0% 1788 MHz:   0% 2112 MHz:   0% 2352 MHz:   0% 2532 MHz:   0% 2592 MHz: 9.7%)
CPU 2 idle residency:  90.31%
CPU 2 down residency:   0.00%
CPU 3 frequency: 2592 MHz
CPU 3 active residency:   5.62% (1020 MHz:   0% 1404 MHz:   0% 1788 MHz:   0% 2112 MHz:   0% 2352 MHz:   0% 2532 MHz:   0% 2592 MHz: 5.6%)
CPU 3 idle residency:  94.38%
CPU 3 down residency:   0.00%

P0-Cluster Online: 1%
P0-Cluster HW active frequency: 2344 MHz
P0-Cluster HW active residency:   0.46% (1260 MHz: .14% 1512 MHz:   0% 1800 MHz: .20% 2088 MHz:   0% 2352 MHz:   0% 2616 MHz:   0% 2868 MHz:   0% 3096 MHz:   0% 3300 MHz:   0% 3468 MHz:   0% 3624 MHz:   0% 3756 MHz:   0% 3828 MHz:   0% 3888 MHz: .00% 3948 MHz: .02% 3996 MHz:   0% 4044 MHz:   0% 4104 MHz:   0% 4416 MHz: .05% 4512 MHz: .06%)
P0-Cluster idle residency:   0.44%
P0-Cluster down residency:  99.10%
CPU 4 frequency: 0 MHz
CPU 4 active residency:   0.00% (1260 MHz:   0% 1512 MHz:   0% 1800 MHz:   0% 2088 MHz:   0% 2352 MHz:   0% 2616 MHz:   0% 2868 MHz:   0% 3096 MHz:   0% 3300 MHz:   0% 3468 MHz:   0% 3624 MHz:   0% 3756 MHz:   0% 3828 MHz:   0% 3888 MHz:   0% 3948 MHz:   0% 3996 MHz:   0% 4044 MHz:   0% 4104 MHz:   0% 4416 MHz:   0% 4512 MHz:   0%)
CPU 4 idle residency:   0.64%
CPU 4 down residency:  99.36%
CPU 5 frequency: 0 MHz
CPU 5 active residency:   0.00% (1260 MHz:   0% 1512 MHz:   0% 1800 MHz:   0% 2088 MHz:   0% 2352 MHz:   0% 2616 MHz:   0% 2868 MHz:   0% 3096 MHz:   0% 3300 MHz:   0% 3468 MHz:   0% 3624 MHz:   0% 3756 MHz:   0% 3828 MHz:   0% 3888 MHz:   0% 3948 MHz:   0% 3996 MHz:   0% 4044 MHz:   0% 4104 MHz:   0% 4416 MHz:   0% 4512 MHz:   0%)
CPU 5 idle residency:   0.82%
CPU 5 down residency:  99.18%
CPU 6 frequency: 0 MHz
CPU 6 active residency:   0.00% (1260 MHz:   0% 1512 MHz:   0% 1800 MHz:   0% 2088 MHz:   0% 2352 MHz:   0% 2616 MHz:   0% 2868 MHz:   0% 3096 MHz:   0% 3300 MHz:   0% 3468 MHz:   0% 3624 MHz:   0% 3756 MHz:   0% 3828 MHz:   0% 3888 MHz:   0% 3948 MHz:   0% 3996 MHz:   0% 4044 MHz:   0% 4104 MHz:   0% 4416 MHz:   0% 4512 MHz:   0%)
CPU 6 idle residency:   0.83%
CPU 6 down residency:  99.17%
CPU 7 frequency: 0 MHz
CPU 7 active residency:   0.00% (1260 MHz:   0% 1512 MHz:   0% 1800 MHz:   0% 2088 MHz:   0% 2352 MHz:   0% 2616 MHz:   0% 2868 MHz:   0% 3096 MHz:   0% 3300 MHz:   0% 3468 MHz:   0% 3624 MHz:   0% 3756 MHz:   0% 3828 MHz:   0% 3888 MHz:   0% 3948 MHz:   0% 3996 MHz:   0% 4044 MHz:   0% 4104 MHz:   0% 4416 MHz:   0% 4512 MHz:   0%)
CPU 7 idle residency:   0.85%
CPU 7 down residency:  99.15%
CPU 8 frequency: 0 MHz
CPU 8 active residency:   0.00% (1260 MHz:   0% 1512 MHz:   0% 1800 MHz:   0% 2088 MHz:   0% 2352 MHz:   0% 2616 MHz:   0% 2868 MHz:   0% 3096 MHz:   0% 3300 MHz:   0% 3468 MHz:   0% 3624 MHz:   0% 3756 MHz:   0% 3828 MHz:   0% 3888 MHz:   0% 3948 MHz:   0% 3996 MHz:   0% 4044 MHz:   0% 4104 MHz:   0% 4416 MHz:   0% 4512 MHz:   0%)
CPU 8 idle residency:   0.82%
CPU 8 down residency:  99.18%
CPU 9 frequency: 0 MHz
CPU 9 active residency:   0.00% (1260 MHz:   0% 1512 MHz:   0% 1800 MHz:   0% 2088 MHz:   0% 2352 MHz:   0% 2616 MHz:   0% 2868 MHz:   0% 3096 MHz:   0% 3300 MHz:   0% 3468 MHz:   0% 3624 MHz:   0% 3756 MHz:   0% 3828 MHz:   0% 3888 MHz:   0% 3948 MHz:   0% 3996 MHz:   0% 4044 MHz:   0% 4104 MHz:   0% 4416 MHz:   0% 4512 MHz:   0%)
CPU 9 idle residency:   0.85%
CPU 9 down residency:  99.15%

P1-Cluster HW active frequency: 4040 MHz
P1-Cluster HW active residency:  99.63% (1260 MHz:   0% 1512 MHz:   0% 1800 MHz:   0% 2088 MHz:   0% 2352 MHz:   0% 2616 MHz:   0% 2868 MHz:   0% 3096 MHz:   0% 3300 MHz:   0% 3468 MHz:   0% 3624 MHz:   0% 3756 MHz:   0% 3828 MHz:   0% 3888 MHz: 1.6% 3948 MHz:  45% 3996 MHz:  23% 4044 MHz:  17% 4104 MHz:   0% 4416 MHz: 5.3% 4512 MHz: 7.1%)
P1-Cluster idle residency:   0.37%
P1-Cluster down residency:   0.00%
CPU 10 frequency: 4512 MHz
CPU 10 active residency:  36.53% (1260 MHz:   0% 1512 MHz:   0% 1800 MHz:   0% 2088 MHz:   0% 2352 MHz:   0% 2616 MHz:   0% 2868 MHz:   0% 3096 MHz:   0% 3300 MHz:   0% 3468 MHz:   0% 3624 MHz:   0% 3756 MHz:   0% 3828 MHz:   0% 3888 MHz:   0% 3948 MHz:   0% 3996 MHz:   0% 4044 MHz:   0% 4104 MHz:   0% 4416 MHz:   0% 4512 MHz:  37%)
CPU 10 idle residency:  63.47%
CPU 10 down residency:   0.00%
CPU 11 frequency: 4512 MHz
CPU 11 active residency:  42.85% (1260 MHz:   0% 1512 MHz:   0% 1800 MHz:   0% 2088 MHz:   0% 2352 MHz:   0% 2616 MHz:   0% 2868 MHz:   0% 3096 MHz:   0% 3300 MHz:   0% 3468 MHz:   0% 3624 MHz:   0% 3756 MHz:   0% 3828 MHz:   0% 3888 MHz:   0% 3948 MHz:   0% 3996 MHz:   0% 4044 MHz:   0% 4104 MHz:   0% 4416 MHz:   0% 4512 MHz:  43%)
CPU 11 idle residency:  57.15%
CPU 11 down residency:   0.00%
CPU 12 frequency: 4512 MHz
CPU 12 active residency:  43.80% (1260 MHz:   0% 1512 MHz:   0% 1800 MHz:   0% 2088 MHz:   0% 2352 MHz:   0% 2616 MHz:   0% 2868 MHz:   0% 3096 MHz:   0% 3300 MHz:   0% 3468 MHz:   0% 3624 MHz:   0% 3756 MHz:   0% 3828 MHz:   0% 3888 MHz:   0% 3948 MHz:   0% 3996 MHz:   0% 4044 MHz:   0% 4104 MHz:   0% 4416 MHz:   0% 4512 MHz:  44%)
CPU 12 idle residency:  56.20%
CPU 12 down residency:   0.00%
CPU 13 frequency: 4512 MHz
CPU 13 active residency:  35.91% (1260 MHz:   0% 1512 MHz:   0% 1800 MHz:   0% 2088 MHz:   0% 2352 MHz:   0% 2616 MHz:   0% 2868 MHz:   0% 3096 MHz:   0% 3300 MHz:   0% 3468 MHz:   0% 3624 MHz:   0% 3756 MHz:   0% 3828 MHz:   0% 3888 MHz:   0% 3948 MHz:   0% 3996 MHz:   0% 4044 MHz:   0% 4104 MHz:   0% 4416 MHz:   0% 4512 MHz:  36%)
CPU 13 idle residency:  64.09%
CPU 13 down residency:   0.00%
CPU 14 frequency: 4512 MHz
CPU 14 active residency:  27.13% (1260 MHz:   0% 1512 MHz:   0% 1800 MHz:   0% 2088 MHz:   0% 2352 MHz:   0% 2616 MHz:   0% 2868 MHz:   0% 3096 MHz:   0% 3300 MHz:   0% 3468 MHz:   0% 3624 MHz:   0% 3756 MHz:   0% 3828 MHz:   0% 3888 MHz:   0% 3948 MHz:   0% 3996 MHz:   0% 4044 MHz:   0% 4104 MHz:   0% 4416 MHz:   0% 4512 MHz:  27%)
CPU 14 idle residency:  72.87%
CPU 14 down residency:   0.00%
CPU 15 frequency: 4512 MHz
CPU 15 active residency:  43.11% (1260 MHz:   0% 1512 MHz:   0% 1800 MHz:   0% 2088 MHz:   0% 2352 MHz:   0% 2616 MHz:   0% 2868 MHz:   0% 3096 MHz:   0% 3300 MHz:   0% 3468 MHz:   0% 3624 MHz:   0% 3756 MHz:   0% 3828 MHz:   0% 3888 MHz:   0% 3948 MHz:   0% 3996 MHz:   0% 4044 MHz:   0% 4104 MHz:   0% 4416 MHz:   0% 4512 MHz:  43%)
CPU 15 idle residency:  56.89%
CPU 15 down residency:   0.00%

CPU Power: 6709 mW
GPU Power: 12185 mW
ANE Power: 0 mW
Combined Power (CPU + GPU + ANE): 18894 mW

**** GPU usage ****

GPU HW active frequency: 1562 MHz
GPU HW active residency:  96.27% (338 MHz: 1.3% 618 MHz:   0% 796 MHz:   0% 924 MHz:   0% 952 MHz:   0% 1056 MHz:   0% 1062 MHz:   0% 1182 MHz:   0% 1182 MHz:   0% 1312 MHz:   0% 1242 MHz:   0% 1380 MHz:   0% 1326 MHz:   0% 1470 MHz:   0% 1578 MHz:  95%)
GPU SW requested state: (P1 :   0% P2 :   0% P3 :   0% P4 :   0% P5 :   0% P6 :   0% P7 :   0% P8 :   0% P9 :   0% P10 : 100% P11 :   0% P12 :   0% P13 :   0% P14 :   0% P15 :   0%)
GPU SW state: (SW_P1 : 1.3% SW_P2 :   0% SW_P3 :   0% SW_P4 :   0% SW_P5 :   0% SW_P6 :   0% SW_P7 :   0% SW_P8 :   0% SW_P9 :   0% SW_P10 :  95% SW_P11 :   0% SW_P12 :   0% SW_P13 :   0% SW_P14 :   0% SW_P15 :   0%)
GPU idle residency:   3.73%
GPU Power: 12185 mW



*** Sampled system activity (Tue Jan 20 15:13:59 2026 +0100) (1017.12ms elapsed) ***


**** Processor usage ****

E-Cluster Online: 100%
E-Cluster HW active frequency: 2592 MHz
E-Cluster HW active residency:  65.38% (1020 MHz:   0% 1404 MHz:   0% 1788 MHz:   0% 2112 MHz:   0% 2352 MHz:   0% 2532 MHz: .00% 2592 MHz:  65%)
E-Cluster idle residency:  34.62%
E-Cluster down residency:   0.00%
CPU 0 frequency: 2592 MHz
CPU 0 active residency:  29.51% (1020 MHz:   0% 1404 MHz:   0% 1788 MHz:   0% 2112 MHz:   0% 2352 MHz:   0% 2532 MHz:   0% 2592 MHz:  30%)
CPU 0 idle residency:  70.49%
CPU 0 down residency:   0.00%
CPU 1 frequency: 2592 MHz
CPU 1 active residency:  17.62% (1020 MHz:   0% 1404 MHz:   0% 1788 MHz:   0% 2112 MHz:   0% 2352 MHz:   0% 2532 MHz:   0% 2592 MHz:  18%)
CPU 1 idle residency:  82.38%
CPU 1 down residency:   0.00%
CPU 2 frequency: 2592 MHz
CPU 2 active residency:  10.31% (1020 MHz:   0% 1404 MHz:   0% 1788 MHz:   0% 2112 MHz:   0% 2352 MHz:   0% 2532 MHz:   0% 2592 MHz:  10%)
CPU 2 idle residency:  89.69%
CPU 2 down residency:   0.00%
CPU 3 frequency: 2592 MHz
CPU 3 active residency:   6.47% (1020 MHz:   0% 1404 MHz:   0% 1788 MHz:   0% 2112 MHz:   0% 2352 MHz:   0% 2532 MHz:   0% 2592 MHz: 6.5%)
CPU 3 idle residency:  93.53%
CPU 3 down residency:   0.00%

P0-Cluster Online: 6%
P0-Cluster HW active frequency: 1611 MHz
P0-Cluster HW active residency:   1.65% (1260 MHz: 1.4% 1512 MHz:   0% 1800 MHz:   0% 2088 MHz:   0% 2352 MHz: .17% 2616 MHz:   0% 2868 MHz:   0% 3096 MHz:   0% 3300 MHz:   0% 3468 MHz:   0% 3624 MHz:   0% 3756 MHz:   0% 3828 MHz:   0% 3888 MHz: .00% 3948 MHz:   0% 3996 MHz:   0% 4044 MHz:   0% 4104 MHz:   0% 4416 MHz: .00% 4512 MHz: .12%)
P0-Cluster idle residency:   2.69%
P0-Cluster down residency:  95.67%
CPU 4 frequency: 0 MHz
CPU 4 active residency:   0.00% (1260 MHz:   0% 1512 MHz:   0% 1800 MHz:   0% 2088 MHz:   0% 2352 MHz:   0% 2616 MHz:   0% 2868 MHz:   0% 3096 MHz:   0% 3300 MHz:   0% 3468 MHz:   0% 3624 MHz:   0% 3756 MHz:   0% 3828 MHz:   0% 3888 MHz:   0% 3948 MHz:   0% 3996 MHz:   0% 4044 MHz:   0% 4104 MHz:   0% 4416 MHz:   0% 4512 MHz:   0%)
CPU 4 idle residency:   4.04%
CPU 4 down residency:  95.96%
CPU 5 frequency: 0 MHz
CPU 5 active residency:   0.00% (1260 MHz:   0% 1512 MHz:   0% 1800 MHz:   0% 2088 MHz:   0% 2352 MHz:   0% 2616 MHz:   0% 2868 MHz:   0% 3096 MHz:   0% 3300 MHz:   0% 3468 MHz:   0% 3624 MHz:   0% 3756 MHz:   0% 3828 MHz:   0% 3888 MHz:   0% 3948 MHz:   0% 3996 MHz:   0% 4044 MHz:   0% 4104 MHz:   0% 4416 MHz:   0% 4512 MHz:   0%)
CPU 5 idle residency:   4.09%
CPU 5 down residency:  95.91%
CPU 6 frequency: 0 MHz
CPU 6 active residency:   0.00% (1260 MHz:   0% 1512 MHz:   0% 1800 MHz:   0% 2088 MHz:   0% 2352 MHz:   0% 2616 MHz:   0% 2868 MHz:   0% 3096 MHz:   0% 3300 MHz:   0% 3468 MHz:   0% 3624 MHz:   0% 3756 MHz:   0% 3828 MHz:   0% 3888 MHz:   0% 3948 MHz:   0% 3996 MHz:   0% 4044 MHz:   0% 4104 MHz:   0% 4416 MHz:   0% 4512 MHz:   0%)
CPU 6 idle residency:   3.96%
CPU 6 down residency:  96.04%
CPU 7 frequency: 0 MHz
CPU 7 active residency:   0.00% (1260 MHz:   0% 1512 MHz:   0% 1800 MHz:   0% 2088 MHz:   0% 2352 MHz:   0% 2616 MHz:   0% 2868 MHz:   0% 3096 MHz:   0% 3300 MHz:   0% 3468 MHz:   0% 3624 MHz:   0% 3756 MHz:   0% 3828 MHz:   0% 3888 MHz:   0% 3948 MHz:   0% 3996 MHz:   0% 4044 MHz:   0% 4104 MHz:   0% 4416 MHz:   0% 4512 MHz:   0%)
CPU 7 idle residency:   4.10%
CPU 7 down residency:  95.90%
CPU 8 frequency: 0 MHz
CPU 8 active residency:   0.00% (1260 MHz:   0% 1512 MHz:   0% 1800 MHz:   0% 2088 MHz:   0% 2352 MHz:   0% 2616 MHz:   0% 2868 MHz:   0% 3096 MHz:   0% 3300 MHz:   0% 3468 MHz:   0% 3624 MHz:   0% 3756 MHz:   0% 3828 MHz:   0% 3888 MHz:   0% 3948 MHz:   0% 3996 MHz:   0% 4044 MHz:   0% 4104 MHz:   0% 4416 MHz:   0% 4512 MHz:   0%)
CPU 8 idle residency:   4.10%
CPU 8 down residency:  95.90%
CPU 9 frequency: 0 MHz
CPU 9 active residency:   0.00% (1260 MHz:   0% 1512 MHz:   0% 1800 MHz:   0% 2088 MHz:   0% 2352 MHz:   0% 2616 MHz:   0% 2868 MHz:   0% 3096 MHz:   0% 3300 MHz:   0% 3468 MHz:   0% 3624 MHz:   0% 3756 MHz:   0% 3828 MHz:   0% 3888 MHz:   0% 3948 MHz:   0% 3996 MHz:   0% 4044 MHz:   0% 4104 MHz:   0% 4416 MHz:   0% 4512 MHz:   0%)
CPU 9 idle residency:   4.10%
CPU 9 down residency:  95.90%

P1-Cluster HW active frequency: 4038 MHz
P1-Cluster HW active residency:  99.59% (1260 MHz:   0% 1512 MHz:   0% 1800 MHz:   0% 2088 MHz:   0% 2352 MHz:   0% 2616 MHz:   0% 2868 MHz:   0% 3096 MHz:   0% 3300 MHz:   0% 3468 MHz:   0% 3624 MHz:   0% 3756 MHz:   0% 3828 MHz:   0% 3888 MHz: 5.9% 3948 MHz:  43% 3996 MHz:  21% 4044 MHz:  17% 4104 MHz:   0% 4416 MHz: 5.5% 4512 MHz: 7.2%)
P1-Cluster idle residency:   0.41%
P1-Cluster down residency:   0.00%
CPU 10 frequency: 4512 MHz
CPU 10 active residency:  37.04% (1260 MHz:   0% 1512 MHz:   0% 1800 MHz:   0% 2088 MHz:   0% 2352 MHz:   0% 2616 MHz:   0% 2868 MHz:   0% 3096 MHz:   0% 3300 MHz:   0% 3468 MHz:   0% 3624 MHz:   0% 3756 MHz:   0% 3828 MHz:   0% 3888 MHz:   0% 3948 MHz:   0% 3996 MHz:   0% 4044 MHz:   0% 4104 MHz:   0% 4416 MHz:   0% 4512 MHz:  37%)
CPU 10 idle residency:  62.96%
CPU 10 down residency:   0.00%
CPU 11 frequency: 4512 MHz
CPU 11 active residency:  41.52% (1260 MHz:   0% 1512 MHz:   0% 1800 MHz:   0% 2088 MHz:   0% 2352 MHz:   0% 2616 MHz:   0% 2868 MHz:   0% 3096 MHz:   0% 3300 MHz:   0% 3468 MHz:   0% 3624 MHz:   0% 3756 MHz:   0% 3828 MHz:   0% 3888 MHz:   0% 3948 MHz:   0% 3996 MHz:   0% 4044 MHz:   0% 4104 MHz:   0% 4416 MHz:   0% 4512 MHz:  42%)
CPU 11 idle residency:  58.48%
CPU 11 down residency:   0.00%
CPU 12 frequency: 4512 MHz
CPU 12 active residency:  41.14% (1260 MHz:   0% 1512 MHz:   0% 1800 MHz:   0% 2088 MHz:   0% 2352 MHz:   0% 2616 MHz:   0% 2868 MHz:   0% 3096 MHz:   0% 3300 MHz:   0% 3468 MHz:   0% 3624 MHz:   0% 3756 MHz:   0% 3828 MHz:   0% 3888 MHz:   0% 3948 MHz:   0% 3996 MHz:   0% 4044 MHz:   0% 4104 MHz:   0% 4416 MHz:   0% 4512 MHz:  41%)
CPU 12 idle residency:  58.86%
CPU 12 down residency:   0.00%
CPU 13 frequency: 4512 MHz
CPU 13 active residency:  43.26% (1260 MHz:   0% 1512 MHz:   0% 1800 MHz:   0% 2088 MHz:   0% 2352 MHz:   0% 2616 MHz:   0% 2868 MHz:   0% 3096 MHz:   0% 3300 MHz:   0% 3468 MHz:   0% 3624 MHz:   0% 3756 MHz:   0% 3828 MHz:   0% 3888 MHz:   0% 3948 MHz:   0% 3996 MHz:   0% 4044 MHz:   0% 4104 MHz:   0% 4416 MHz:   0% 4512 MHz:  43%)
CPU 13 idle residency:  56.74%
CPU 13 down residency:   0.00%
CPU 14 frequency: 4512 MHz
CPU 14 active residency:  43.49% (1260 MHz:   0% 1512 MHz:   0% 1800 MHz:   0% 2088 MHz:   0% 2352 MHz:   0% 2616 MHz:   0% 2868 MHz:   0% 3096 MHz:   0% 3300 MHz:   0% 3468 MHz:   0% 3624 MHz:   0% 3756 MHz:   0% 3828 MHz:   0% 3888 MHz:   0% 3948 MHz:   0% 3996 MHz:   0% 4044 MHz:   0% 4104 MHz:   0% 4416 MHz:   0% 4512 MHz:  43%)
CPU 14 idle residency:  56.51%
CPU 14 down residency:   0.00%
CPU 15 frequency: 4512 MHz
CPU 15 active residency:  33.46% (1260 MHz:   0% 1512 MHz:   0% 1800 MHz:   0% 2088 MHz:   0% 2352 MHz:   0% 2616 MHz:   0% 2868 MHz:   0% 3096 MHz:   0% 3300 MHz:   0% 3468 MHz:   0% 3624 MHz:   0% 3756 MHz:   0% 3828 MHz:   0% 3888 MHz:   0% 3948 MHz:   0% 3996 MHz:   0% 4044 MHz:   0% 4104 MHz:   0% 4416 MHz:   0% 4512 MHz:  33%)
CPU 15 idle residency:  66.54%
CPU 15 down residency:   0.00%

CPU Power: 6976 mW
GPU Power: 12363 mW
ANE Power: 0 mW
Combined Power (CPU + GPU + ANE): 19339 mW

**** GPU usage ****

GPU HW active frequency: 1563 MHz
GPU HW active residency:  96.22% (338 MHz: 1.2% 618 MHz:   0% 796 MHz:   0% 924 MHz:   0% 952 MHz:   0% 1056 MHz:   0% 1062 MHz:   0% 1182 MHz:   0% 1182 MHz:   0% 1312 MHz:   0% 1242 MHz:   0% 1380 MHz:   0% 1326 MHz:   0% 1470 MHz:   0% 1578 MHz:  95%)
GPU SW requested state: (P1 :   0% P2 :   0% P3 :   0% P4 :   0% P5 :   0% P6 :   0% P7 :   0% P8 :   0% P9 :   0% P10 : 100% P11 :   0% P12 :   0% P13 :   0% P14 :   0% P15 :   0%)
GPU SW state: (SW_P1 : 1.2% SW_P2 :   0% SW_P3 :   0% SW_P4 :   0% SW_P5 :   0% SW_P6 :   0% SW_P7 :   0% SW_P8 :   0% SW_P9 :   0% SW_P10 :  95% SW_P11 :   0% SW_P12 :   0% SW_P13 :   0% SW_P14 :   0% SW_P15 :   0%)
GPU idle residency:   3.78%
GPU Power: 12371 mW



*** Sampled system activity (Tue Jan 20 15:14:00 2026 +0100) (1020.21ms elapsed) ***


**** Processor usage ****

E-Cluster Online: 100%
E-Cluster HW active frequency: 2592 MHz
E-Cluster HW active residency:  66.24% (1020 MHz:   0% 1404 MHz:   0% 1788 MHz:   0% 2112 MHz:   0% 2352 MHz:   0% 2532 MHz: .00% 2592 MHz:  66%)
E-Cluster idle residency:  33.76%
E-Cluster down residency:   0.00%
CPU 0 frequency: 2592 MHz
CPU 0 active residency:  32.16% (1020 MHz:   0% 1404 MHz:   0% 1788 MHz:   0% 2112 MHz:   0% 2352 MHz:   0% 2532 MHz:   0% 2592 MHz:  32%)
CPU 0 idle residency:  67.84%
CPU 0 down residency:   0.00%
CPU 1 frequency: 2592 MHz
CPU 1 active residency:  18.38% (1020 MHz:   0% 1404 MHz:   0% 1788 MHz:   0% 2112 MHz:   0% 2352 MHz:   0% 2532 MHz:   0% 2592 MHz:  18%)
CPU 1 idle residency:  81.62%
CPU 1 down residency:   0.00%
CPU 2 frequency: 2592 MHz
CPU 2 active residency:   8.64% (1020 MHz:   0% 1404 MHz:   0% 1788 MHz:   0% 2112 MHz:   0% 2352 MHz:   0% 2532 MHz:   0% 2592 MHz: 8.6%)
CPU 2 idle residency:  91.36%
CPU 2 down residency:   0.00%
CPU 3 frequency: 2592 MHz
CPU 3 active residency:   5.25% (1020 MHz:   0% 1404 MHz:   0% 1788 MHz:   0% 2112 MHz:   0% 2352 MHz:   0% 2532 MHz:   0% 2592 MHz: 5.2%)
CPU 3 idle residency:  94.75%
CPU 3 down residency:   0.00%

P0-Cluster Online: 1%
P0-Cluster HW active frequency: 1629 MHz
P0-Cluster HW active residency:   0.24% (1260 MHz: .21% 1512 MHz:   0% 1800 MHz:   0% 2088 MHz:   0% 2352 MHz:   0% 2616 MHz:   0% 2868 MHz:   0% 3096 MHz:   0% 3300 MHz:   0% 3468 MHz:   0% 3624 MHz:   0% 3756 MHz:   0% 3828 MHz:   0% 3888 MHz:   0% 3948 MHz:   0% 3996 MHz:   0% 4044 MHz:   0% 4104 MHz:   0% 4416 MHz:   0% 4512 MHz: .03%)
P0-Cluster idle residency:   0.40%
P0-Cluster down residency:  99.36%
CPU 4 frequency: 0 MHz
CPU 4 active residency:   0.00% (1260 MHz:   0% 1512 MHz:   0% 1800 MHz:   0% 2088 MHz:   0% 2352 MHz:   0% 2616 MHz:   0% 2868 MHz:   0% 3096 MHz:   0% 3300 MHz:   0% 3468 MHz:   0% 3624 MHz:   0% 3756 MHz:   0% 3828 MHz:   0% 3888 MHz:   0% 3948 MHz:   0% 3996 MHz:   0% 4044 MHz:   0% 4104 MHz:   0% 4416 MHz:   0% 4512 MHz:   0%)
CPU 4 idle residency:   0.61%
CPU 4 down residency:  99.39%
CPU 5 frequency: 0 MHz
CPU 5 active residency:   0.00% (1260 MHz:   0% 1512 MHz:   0% 1800 MHz:   0% 2088 MHz:   0% 2352 MHz:   0% 2616 MHz:   0% 2868 MHz:   0% 3096 MHz:   0% 3300 MHz:   0% 3468 MHz:   0% 3624 MHz:   0% 3756 MHz:   0% 3828 MHz:   0% 3888 MHz:   0% 3948 MHz:   0% 3996 MHz:   0% 4044 MHz:   0% 4104 MHz:   0% 4416 MHz:   0% 4512 MHz:   0%)
CPU 5 idle residency:   0.61%
CPU 5 down residency:  99.39%
CPU 6 frequency: 0 MHz
CPU 6 active residency:   0.00% (1260 MHz:   0% 1512 MHz:   0% 1800 MHz:   0% 2088 MHz:   0% 2352 MHz:   0% 2616 MHz:   0% 2868 MHz:   0% 3096 MHz:   0% 3300 MHz:   0% 3468 MHz:   0% 3624 MHz:   0% 3756 MHz:   0% 3828 MHz:   0% 3888 MHz:   0% 3948 MHz:   0% 3996 MHz:   0% 4044 MHz:   0% 4104 MHz:   0% 4416 MHz:   0% 4512 MHz:   0%)
CPU 6 idle residency:   0.61%
CPU 6 down residency:  99.39%
CPU 7 frequency: 0 MHz
CPU 7 active residency:   0.00% (1260 MHz:   0% 1512 MHz:   0% 1800 MHz:   0% 2088 MHz:   0% 2352 MHz:   0% 2616 MHz:   0% 2868 MHz:   0% 3096 MHz:   0% 3300 MHz:   0% 3468 MHz:   0% 3624 MHz:   0% 3756 MHz:   0% 3828 MHz:   0% 3888 MHz:   0% 3948 MHz:   0% 3996 MHz:   0% 4044 MHz:   0% 4104 MHz:   0% 4416 MHz:   0% 4512 MHz:   0%)
CPU 7 idle residency:   0.60%
CPU 7 down residency:  99.40%
CPU 8 frequency: 0 MHz
CPU 8 active residency:   0.00% (1260 MHz:   0% 1512 MHz:   0% 1800 MHz:   0% 2088 MHz:   0% 2352 MHz:   0% 2616 MHz:   0% 2868 MHz:   0% 3096 MHz:   0% 3300 MHz:   0% 3468 MHz:   0% 3624 MHz:   0% 3756 MHz:   0% 3828 MHz:   0% 3888 MHz:   0% 3948 MHz:   0% 3996 MHz:   0% 4044 MHz:   0% 4104 MHz:   0% 4416 MHz:   0% 4512 MHz:   0%)
CPU 8 idle residency:   0.61%
CPU 8 down residency:  99.39%
CPU 9 frequency: 0 MHz
CPU 9 active residency:   0.00% (1260 MHz:   0% 1512 MHz:   0% 1800 MHz:   0% 2088 MHz:   0% 2352 MHz:   0% 2616 MHz:   0% 2868 MHz:   0% 3096 MHz:   0% 3300 MHz:   0% 3468 MHz:   0% 3624 MHz:   0% 3756 MHz:   0% 3828 MHz:   0% 3888 MHz:   0% 3948 MHz:   0% 3996 MHz:   0% 4044 MHz:   0% 4104 MHz:   0% 4416 MHz:   0% 4512 MHz:   0%)
CPU 9 idle residency:   0.61%
CPU 9 down residency:  99.39%

P1-Cluster HW active frequency: 4059 MHz
P1-Cluster HW active residency:  99.49% (1260 MHz:   0% 1512 MHz:   0% 1800 MHz:   0% 2088 MHz:   0% 2352 MHz:   0% 2616 MHz:   0% 2868 MHz:   0% 3096 MHz:   0% 3300 MHz:   0% 3468 MHz:   0% 3624 MHz:   0% 3756 MHz:   0% 3828 MHz: .00% 3888 MHz: 2.6% 3948 MHz:  41% 3996 MHz:  22% 4044 MHz:  18% 4104 MHz:   0% 4416 MHz: 6.6% 4512 MHz: 9.3%)
P1-Cluster idle residency:   0.51%
P1-Cluster down residency:   0.00%
CPU 10 frequency: 4512 MHz
CPU 10 active residency:  37.25% (1260 MHz:   0% 1512 MHz:   0% 1800 MHz:   0% 2088 MHz:   0% 2352 MHz:   0% 2616 MHz:   0% 2868 MHz:   0% 3096 MHz:   0% 3300 MHz:   0% 3468 MHz:   0% 3624 MHz:   0% 3756 MHz:   0% 3828 MHz:   0% 3888 MHz:   0% 3948 MHz:   0% 3996 MHz:   0% 4044 MHz:   0% 4104 MHz:   0% 4416 MHz:   0% 4512 MHz:  37%)
CPU 10 idle residency:  62.75%
CPU 10 down residency:   0.00%
CPU 11 frequency: 4512 MHz
CPU 11 active residency:  35.32% (1260 MHz:   0% 1512 MHz:   0% 1800 MHz:   0% 2088 MHz:   0% 2352 MHz:   0% 2616 MHz:   0% 2868 MHz:   0% 3096 MHz:   0% 3300 MHz:   0% 3468 MHz:   0% 3624 MHz:   0% 3756 MHz:   0% 3828 MHz:   0% 3888 MHz:   0% 3948 MHz:   0% 3996 MHz:   0% 4044 MHz:   0% 4104 MHz:   0% 4416 MHz:   0% 4512 MHz:  35%)
CPU 11 idle residency:  64.68%
CPU 11 down residency:   0.00%
CPU 12 frequency: 4512 MHz
CPU 12 active residency:  31.62% (1260 MHz:   0% 1512 MHz:   0% 1800 MHz:   0% 2088 MHz:   0% 2352 MHz:   0% 2616 MHz:   0% 2868 MHz:   0% 3096 MHz:   0% 3300 MHz:   0% 3468 MHz:   0% 3624 MHz:   0% 3756 MHz:   0% 3828 MHz:   0% 3888 MHz:   0% 3948 MHz:   0% 3996 MHz:   0% 4044 MHz:   0% 4104 MHz:   0% 4416 MHz:   0% 4512 MHz:  32%)
CPU 12 idle residency:  68.38%
CPU 12 down residency:   0.00%
CPU 13 frequency: 4512 MHz
CPU 13 active residency:  36.84% (1260 MHz:   0% 1512 MHz:   0% 1800 MHz:   0% 2088 MHz:   0% 2352 MHz:   0% 2616 MHz:   0% 2868 MHz:   0% 3096 MHz:   0% 3300 MHz:   0% 3468 MHz:   0% 3624 MHz:   0% 3756 MHz:   0% 3828 MHz:   0% 3888 MHz:   0% 3948 MHz:   0% 3996 MHz:   0% 4044 MHz:   0% 4104 MHz:   0% 4416 MHz:   0% 4512 MHz:  37%)
CPU 13 idle residency:  63.16%
CPU 13 down residency:   0.00%
CPU 14 frequency: 4512 MHz
CPU 14 active residency:  39.88% (1260 MHz:   0% 1512 MHz:   0% 1800 MHz:   0% 2088 MHz:   0% 2352 MHz:   0% 2616 MHz:   0% 2868 MHz:   0% 3096 MHz:   0% 3300 MHz:   0% 3468 MHz:   0% 3624 MHz:   0% 3756 MHz:   0% 3828 MHz:   0% 3888 MHz:   0% 3948 MHz:   0% 3996 MHz:   0% 4044 MHz:   0% 4104 MHz:   0% 4416 MHz:   0% 4512 MHz:  40%)
CPU 14 idle residency:  60.12%
CPU 14 down residency:   0.00%
CPU 15 frequency: 4512 MHz
CPU 15 active residency:  41.69% (1260 MHz:   0% 1512 MHz:   0% 1800 MHz:   0% 2088 MHz:   0% 2352 MHz:   0% 2616 MHz:   0% 2868 MHz:   0% 3096 MHz:   0% 3300 MHz:   0% 3468 MHz:   0% 3624 MHz:   0% 3756 MHz:   0% 3828 MHz:   0% 3888 MHz:   0% 3948 MHz:   0% 3996 MHz:   0% 4044 MHz:   0% 4104 MHz:   0% 4416 MHz:   0% 4512 MHz:  42%)
CPU 15 idle residency:  58.31%
CPU 15 down residency:   0.00%

CPU Power: 6703 mW
GPU Power: 12077 mW
ANE Power: 0 mW
Combined Power (CPU + GPU + ANE): 18779 mW

**** GPU usage ****

GPU HW active frequency: 1562 MHz
GPU HW active residency:  96.39% (338 MHz: 1.3% 618 MHz:   0% 796 MHz:   0% 924 MHz:   0% 952 MHz:   0% 1056 MHz:   0% 1062 MHz:   0% 1182 MHz:   0% 1182 MHz:   0% 1312 MHz:   0% 1242 MHz:   0% 1380 MHz:   0% 1326 MHz:   0% 1470 MHz:   0% 1578 MHz:  95%)
GPU SW requested state: (P1 :   0% P2 :   0% P3 :   0% P4 :   0% P5 :   0% P6 :   0% P7 :   0% P8 :   0% P9 :   0% P10 : 100% P11 :   0% P12 :   0% P13 :   0% P14 :   0% P15 :   0%)
GPU SW state: (SW_P1 : 1.3% SW_P2 :   0% SW_P3 :   0% SW_P4 :   0% SW_P5 :   0% SW_P6 :   0% SW_P7 :   0% SW_P8 :   0% SW_P9 :   0% SW_P10 :  95% SW_P11 :   0% SW_P12 :   0% SW_P13 :   0% SW_P14 :   0% SW_P15 :   0%)
GPU idle residency:   3.61%
GPU Power: 12079 mW



*** Sampled system activity (Tue Jan 20 15:14:01 2026 +0100) (1020.89ms elapsed) ***


**** Processor usage ****

E-Cluster Online: 100%
E-Cluster HW active frequency: 2592 MHz
E-Cluster HW active residency:  65.97% (1020 MHz:   0% 1404 MHz:   0% 1788 MHz:   0% 2112 MHz:   0% 2352 MHz:   0% 2532 MHz: .00% 2592 MHz:  66%)
E-Cluster idle residency:  34.03%
E-Cluster down residency:   0.00%
CPU 0 frequency: 2592 MHz
CPU 0 active residency:  29.57% (1020 MHz:   0% 1404 MHz:   0% 1788 MHz:   0% 2112 MHz:   0% 2352 MHz:   0% 2532 MHz:   0% 2592 MHz:  30%)
CPU 0 idle residency:  70.43%
CPU 0 down residency:   0.00%
CPU 1 frequency: 2592 MHz
CPU 1 active residency:  17.30% (1020 MHz:   0% 1404 MHz:   0% 1788 MHz:   0% 2112 MHz:   0% 2352 MHz:   0% 2532 MHz:   0% 2592 MHz:  17%)
CPU 1 idle residency:  82.70%
CPU 1 down residency:   0.00%
CPU 2 frequency: 2592 MHz
CPU 2 active residency:  10.48% (1020 MHz:   0% 1404 MHz:   0% 1788 MHz:   0% 2112 MHz:   0% 2352 MHz:   0% 2532 MHz:   0% 2592 MHz:  10%)
CPU 2 idle residency:  89.52%
CPU 2 down residency:   0.00%
CPU 3 frequency: 2592 MHz
CPU 3 active residency:   6.94% (1020 MHz:   0% 1404 MHz:   0% 1788 MHz:   0% 2112 MHz:   0% 2352 MHz:   0% 2532 MHz:   0% 2592 MHz: 6.9%)
CPU 3 idle residency:  93.06%
CPU 3 down residency:   0.00%

P0-Cluster Online: 83%
P0-Cluster HW active frequency: 4010 MHz
P0-Cluster HW active residency:  79.67% (1260 MHz: .33% 1512 MHz:   0% 1800 MHz: .25% 2088 MHz:   0% 2352 MHz:   0% 2616 MHz:   0% 2868 MHz:   0% 3096 MHz:   0% 3300 MHz:   0% 3468 MHz:   0% 3624 MHz:   0% 3756 MHz:   0% 3828 MHz:   0% 3888 MHz: 2.9% 3948 MHz:  37% 3996 MHz:  18% 4044 MHz:  13% 4104 MHz:   0% 4416 MHz: 3.6% 4512 MHz: 4.8%)
P0-Cluster idle residency:   1.40%
P0-Cluster down residency:  18.92%
CPU 4 frequency: 4463 MHz
CPU 4 active residency:  37.36% (1260 MHz: .37% 1512 MHz:   0% 1800 MHz: .19% 2088 MHz:   0% 2352 MHz: .05% 2616 MHz:   0% 2868 MHz:   0% 3096 MHz:   0% 3300 MHz:   0% 3468 MHz:   0% 3624 MHz:   0% 3756 MHz:   0% 3828 MHz:   0% 3888 MHz:   0% 3948 MHz:   0% 3996 MHz:   0% 4044 MHz:   0% 4104 MHz:   0% 4416 MHz:   0% 4512 MHz:  37%)
CPU 4 idle residency:  43.87%
CPU 4 down residency:  18.78%
CPU 5 frequency: 4479 MHz
CPU 5 active residency:  40.24% (1260 MHz: .36% 1512 MHz:   0% 1800 MHz: .05% 2088 MHz:   0% 2352 MHz: .00% 2616 MHz:   0% 2868 MHz:   0% 3096 MHz:   0% 3300 MHz:   0% 3468 MHz:   0% 3624 MHz:   0% 3756 MHz:   0% 3828 MHz:   0% 3888 MHz:   0% 3948 MHz:   0% 3996 MHz:   0% 4044 MHz:   0% 4104 MHz:   0% 4416 MHz:   0% 4512 MHz:  40%)
CPU 5 idle residency:  40.94%
CPU 5 down residency:  18.82%
CPU 6 frequency: 4449 MHz
CPU 6 active residency:  26.63% (1260 MHz: .36% 1512 MHz:   0% 1800 MHz: .07% 2088 MHz:   0% 2352 MHz: .15% 2616 MHz:   0% 2868 MHz:   0% 3096 MHz:   0% 3300 MHz:   0% 3468 MHz:   0% 3624 MHz:   0% 3756 MHz:   0% 3828 MHz:   0% 3888 MHz:   0% 3948 MHz:   0% 3996 MHz:   0% 4044 MHz:   0% 4104 MHz:   0% 4416 MHz:   0% 4512 MHz:  26%)
CPU 6 idle residency:  54.58%
CPU 6 down residency:  18.79%
CPU 7 frequency: 4459 MHz
CPU 7 active residency:  30.51% (1260 MHz: .36% 1512 MHz:   0% 1800 MHz: .16% 2088 MHz:   0% 2352 MHz: .00% 2616 MHz:   0% 2868 MHz:   0% 3096 MHz:   0% 3300 MHz:   0% 3468 MHz:   0% 3624 MHz:   0% 3756 MHz:   0% 3828 MHz:   0% 3888 MHz:   0% 3948 MHz:   0% 3996 MHz:   0% 4044 MHz:   0% 4104 MHz:   0% 4416 MHz:   0% 4512 MHz:  30%)
CPU 7 idle residency:  50.67%
CPU 7 down residency:  18.82%
CPU 8 frequency: 4473 MHz
CPU 8 active residency:  32.11% (1260 MHz: .36% 1512 MHz:   0% 1800 MHz: .03% 2088 MHz:   0% 2352 MHz: .00% 2616 MHz:   0% 2868 MHz:   0% 3096 MHz:   0% 3300 MHz:   0% 3468 MHz:   0% 3624 MHz:   0% 3756 MHz:   0% 3828 MHz:   0% 3888 MHz:   0% 3948 MHz:   0% 3996 MHz:   0% 4044 MHz:   0% 4104 MHz:   0% 4416 MHz:   0% 4512 MHz:  32%)
CPU 8 idle residency:  49.08%
CPU 8 down residency:  18.82%
CPU 9 frequency: 4467 MHz
CPU 9 active residency:  26.20% (1260 MHz: .36% 1512 MHz:   0% 1800 MHz: .00% 2088 MHz:   0% 2352 MHz: .00% 2616 MHz:   0% 2868 MHz:   0% 3096 MHz:   0% 3300 MHz:   0% 3468 MHz:   0% 3624 MHz:   0% 3756 MHz:   0% 3828 MHz:   0% 3888 MHz:   0% 3948 MHz:   0% 3996 MHz:   0% 4044 MHz:   0% 4104 MHz:   0% 4416 MHz:   0% 4512 MHz:  26%)
CPU 9 idle residency:  54.97%
CPU 9 down residency:  18.83%

P1-Cluster HW active frequency: 3950 MHz
P1-Cluster HW active residency:  21.67% (1260 MHz: 1.0% 1512 MHz:   0% 1800 MHz:   0% 2088 MHz:   0% 2352 MHz:   0% 2616 MHz:   0% 2868 MHz:   0% 3096 MHz:   0% 3300 MHz:   0% 3468 MHz:   0% 3624 MHz:   0% 3756 MHz:   0% 3828 MHz:   0% 3888 MHz: .41% 3948 MHz: 9.3% 3996 MHz: 2.6% 4044 MHz: 4.0% 4104 MHz:   0% 4416 MHz: 1.8% 4512 MHz: 2.5%)
P1-Cluster idle residency:   1.52%
P1-Cluster down residency:  76.81%
CPU 10 frequency: 4512 MHz
CPU 10 active residency:   1.19% (1260 MHz:   0% 1512 MHz:   0% 1800 MHz:   0% 2088 MHz:   0% 2352 MHz:   0% 2616 MHz:   0% 2868 MHz:   0% 3096 MHz:   0% 3300 MHz:   0% 3468 MHz:   0% 3624 MHz:   0% 3756 MHz:   0% 3828 MHz:   0% 3888 MHz:   0% 3948 MHz:   0% 3996 MHz:   0% 4044 MHz:   0% 4104 MHz:   0% 4416 MHz:   0% 4512 MHz: 1.2%)
CPU 10 idle residency:  15.64%
CPU 10 down residency:  83.17%
CPU 11 frequency: 4512 MHz
CPU 11 active residency:   0.00% (1260 MHz:   0% 1512 MHz:   0% 1800 MHz:   0% 2088 MHz:   0% 2352 MHz:   0% 2616 MHz:   0% 2868 MHz:   0% 3096 MHz:   0% 3300 MHz:   0% 3468 MHz:   0% 3624 MHz:   0% 3756 MHz:   0% 3828 MHz:   0% 3888 MHz:   0% 3948 MHz:   0% 3996 MHz:   0% 4044 MHz:   0% 4104 MHz:   0% 4416 MHz:   0% 4512 MHz: .00%)
CPU 11 idle residency:  22.77%
CPU 11 down residency:  77.23%
CPU 12 frequency: 0 MHz
CPU 12 active residency:   0.00% (1260 MHz:   0% 1512 MHz:   0% 1800 MHz:   0% 2088 MHz:   0% 2352 MHz:   0% 2616 MHz:   0% 2868 MHz:   0% 3096 MHz:   0% 3300 MHz:   0% 3468 MHz:   0% 3624 MHz:   0% 3756 MHz:   0% 3828 MHz:   0% 3888 MHz:   0% 3948 MHz:   0% 3996 MHz:   0% 4044 MHz:   0% 4104 MHz:   0% 4416 MHz:   0% 4512 MHz:   0%)
CPU 12 idle residency:  16.26%
CPU 12 down residency:  83.74%
CPU 13 frequency: 4512 MHz
CPU 13 active residency:   0.19% (1260 MHz:   0% 1512 MHz:   0% 1800 MHz:   0% 2088 MHz:   0% 2352 MHz:   0% 2616 MHz:   0% 2868 MHz:   0% 3096 MHz:   0% 3300 MHz:   0% 3468 MHz:   0% 3624 MHz:   0% 3756 MHz:   0% 3828 MHz:   0% 3888 MHz:   0% 3948 MHz:   0% 3996 MHz:   0% 4044 MHz:   0% 4104 MHz:   0% 4416 MHz:   0% 4512 MHz: .19%)
CPU 13 idle residency:  17.37%
CPU 13 down residency:  82.44%
CPU 14 frequency: 4512 MHz
CPU 14 active residency:   1.15% (1260 MHz:   0% 1512 MHz:   0% 1800 MHz:   0% 2088 MHz:   0% 2352 MHz:   0% 2616 MHz:   0% 2868 MHz:   0% 3096 MHz:   0% 3300 MHz:   0% 3468 MHz:   0% 3624 MHz:   0% 3756 MHz:   0% 3828 MHz:   0% 3888 MHz:   0% 3948 MHz:   0% 3996 MHz:   0% 4044 MHz:   0% 4104 MHz:   0% 4416 MHz:   0% 4512 MHz: 1.2%)
CPU 14 idle residency:  14.68%
CPU 14 down residency:  84.17%
CPU 15 frequency: 4512 MHz
CPU 15 active residency:   0.93% (1260 MHz:   0% 1512 MHz:   0% 1800 MHz:   0% 2088 MHz:   0% 2352 MHz:   0% 2616 MHz:   0% 2868 MHz:   0% 3096 MHz:   0% 3300 MHz:   0% 3468 MHz:   0% 3624 MHz:   0% 3756 MHz:   0% 3828 MHz:   0% 3888 MHz:   0% 3948 MHz:   0% 3996 MHz:   0% 4044 MHz:   0% 4104 MHz:   0% 4416 MHz:   0% 4512 MHz: .93%)
CPU 15 idle residency:  13.55%
CPU 15 down residency:  85.52%

CPU Power: 7029 mW
GPU Power: 12375 mW
ANE Power: 0 mW
Combined Power (CPU + GPU + ANE): 19405 mW

**** GPU usage ****

GPU HW active frequency: 1562 MHz
GPU HW active residency:  95.69% (338 MHz: 1.3% 618 MHz:   0% 796 MHz:   0% 924 MHz:   0% 952 MHz:   0% 1056 MHz:   0% 1062 MHz:   0% 1182 MHz:   0% 1182 MHz:   0% 1312 MHz:   0% 1242 MHz:   0% 1380 MHz:   0% 1326 MHz:   0% 1470 MHz:   0% 1578 MHz:  94%)
GPU SW requested state: (P1 :   0% P2 :   0% P3 :   0% P4 :   0% P5 :   0% P6 :   0% P7 :   0% P8 :   0% P9 :   0% P10 : 100% P11 :   0% P12 :   0% P13 :   0% P14 :   0% P15 :   0%)
GPU SW state: (SW_P1 : 1.3% SW_P2 :   0% SW_P3 :   0% SW_P4 :   0% SW_P5 :   0% SW_P6 :   0% SW_P7 :   0% SW_P8 :   0% SW_P9 :   0% SW_P10 :  94% SW_P11 :   0% SW_P12 :   0% SW_P13 :   0% SW_P14 :   0% SW_P15 :   0%)
GPU idle residency:   4.31%
GPU Power: 12347 mW



*** Sampled system activity (Tue Jan 20 15:14:02 2026 +0100) (1021.80ms elapsed) ***


**** Processor usage ****

E-Cluster Online: 100%
E-Cluster HW active frequency: 2357 MHz
E-Cluster HW active residency:  61.56% (1020 MHz: 8.5% 1404 MHz: .44% 1788 MHz: .49% 2112 MHz:   0% 2352 MHz: .22% 2532 MHz: 2.0% 2592 MHz:  50%)
E-Cluster idle residency:  38.44%
E-Cluster down residency:   0.00%
CPU 0 frequency: 2388 MHz
CPU 0 active residency:  29.74% (1020 MHz: 3.3% 1404 MHz: .41% 1788 MHz: .47% 2112 MHz:   0% 2352 MHz: .08% 2532 MHz: .83% 2592 MHz:  25%)
CPU 0 idle residency:  70.26%
CPU 0 down residency:   0.00%
CPU 1 frequency: 2399 MHz
CPU 1 active residency:  16.51% (1020 MHz: 1.8% 1404 MHz: .09% 1788 MHz: .33% 2112 MHz:   0% 2352 MHz: .09% 2532 MHz: .38% 2592 MHz:  14%)
CPU 1 idle residency:  83.49%
CPU 1 down residency:   0.00%
CPU 2 frequency: 2332 MHz
CPU 2 active residency:   7.77% (1020 MHz: 1.1% 1404 MHz: .04% 1788 MHz: .26% 2112 MHz:   0% 2352 MHz: .05% 2532 MHz: .12% 2592 MHz: 6.2%)
CPU 2 idle residency:  92.23%
CPU 2 down residency:   0.00%
CPU 3 frequency: 2242 MHz
CPU 3 active residency:   5.02% (1020 MHz: .95% 1404 MHz: .04% 1788 MHz: .25% 2112 MHz:   0% 2352 MHz: .05% 2532 MHz: .14% 2592 MHz: 3.6%)
CPU 3 idle residency:  94.98%
CPU 3 down residency:   0.00%

P0-Cluster Online: 100%
P0-Cluster HW active frequency: 4043 MHz
P0-Cluster HW active residency:  99.70% (1260 MHz:   0% 1512 MHz:   0% 1800 MHz:   0% 2088 MHz:   0% 2352 MHz:   0% 2616 MHz:   0% 2868 MHz:   0% 3096 MHz:   0% 3300 MHz:   0% 3468 MHz:   0% 3624 MHz:   0% 3756 MHz:   0% 3828 MHz:   0% 3888 MHz: 6.1% 3948 MHz:  40% 3996 MHz:  25% 4044 MHz:  16% 4104 MHz:   0% 4416 MHz: 5.7% 4512 MHz: 7.8%)
P0-Cluster idle residency:   0.30%
P0-Cluster down residency:   0.00%
CPU 4 frequency: 4512 MHz
CPU 4 active residency:  43.62% (1260 MHz:   0% 1512 MHz:   0% 1800 MHz:   0% 2088 MHz:   0% 2352 MHz:   0% 2616 MHz:   0% 2868 MHz:   0% 3096 MHz:   0% 3300 MHz:   0% 3468 MHz:   0% 3624 MHz:   0% 3756 MHz:   0% 3828 MHz:   0% 3888 MHz:   0% 3948 MHz:   0% 3996 MHz:   0% 4044 MHz:   0% 4104 MHz:   0% 4416 MHz:   0% 4512 MHz:  44%)
CPU 4 idle residency:  56.38%
CPU 4 down residency:   0.00%
CPU 5 frequency: 4512 MHz
CPU 5 active residency:  33.85% (1260 MHz:   0% 1512 MHz:   0% 1800 MHz:   0% 2088 MHz:   0% 2352 MHz:   0% 2616 MHz:   0% 2868 MHz:   0% 3096 MHz:   0% 3300 MHz:   0% 3468 MHz:   0% 3624 MHz:   0% 3756 MHz:   0% 3828 MHz:   0% 3888 MHz:   0% 3948 MHz:   0% 3996 MHz:   0% 4044 MHz:   0% 4104 MHz:   0% 4416 MHz:   0% 4512 MHz:  34%)
CPU 5 idle residency:  66.15%
CPU 5 down residency:   0.00%
CPU 6 frequency: 4512 MHz
CPU 6 active residency:  45.83% (1260 MHz:   0% 1512 MHz:   0% 1800 MHz:   0% 2088 MHz:   0% 2352 MHz:   0% 2616 MHz:   0% 2868 MHz:   0% 3096 MHz:   0% 3300 MHz:   0% 3468 MHz:   0% 3624 MHz:   0% 3756 MHz:   0% 3828 MHz:   0% 3888 MHz:   0% 3948 MHz:   0% 3996 MHz:   0% 4044 MHz:   0% 4104 MHz:   0% 4416 MHz:   0% 4512 MHz:  46%)
CPU 6 idle residency:  54.17%
CPU 6 down residency:   0.00%
CPU 7 frequency: 4512 MHz
CPU 7 active residency:  41.62% (1260 MHz:   0% 1512 MHz:   0% 1800 MHz:   0% 2088 MHz:   0% 2352 MHz:   0% 2616 MHz:   0% 2868 MHz:   0% 3096 MHz:   0% 3300 MHz:   0% 3468 MHz:   0% 3624 MHz:   0% 3756 MHz:   0% 3828 MHz:   0% 3888 MHz:   0% 3948 MHz:   0% 3996 MHz:   0% 4044 MHz:   0% 4104 MHz:   0% 4416 MHz:   0% 4512 MHz:  42%)
CPU 7 idle residency:  58.38%
CPU 7 down residency:   0.00%
CPU 8 frequency: 4512 MHz
CPU 8 active residency:  42.18% (1260 MHz:   0% 1512 MHz:   0% 1800 MHz:   0% 2088 MHz:   0% 2352 MHz:   0% 2616 MHz:   0% 2868 MHz:   0% 3096 MHz:   0% 3300 MHz:   0% 3468 MHz:   0% 3624 MHz:   0% 3756 MHz:   0% 3828 MHz:   0% 3888 MHz:   0% 3948 MHz:   0% 3996 MHz:   0% 4044 MHz:   0% 4104 MHz:   0% 4416 MHz:   0% 4512 MHz:  42%)
CPU 8 idle residency:  57.82%
CPU 8 down residency:   0.00%
CPU 9 frequency: 4512 MHz
CPU 9 active residency:  33.32% (1260 MHz:   0% 1512 MHz:   0% 1800 MHz:   0% 2088 MHz:   0% 2352 MHz:   0% 2616 MHz:   0% 2868 MHz:   0% 3096 MHz:   0% 3300 MHz:   0% 3468 MHz:   0% 3624 MHz:   0% 3756 MHz:   0% 3828 MHz:   0% 3888 MHz:   0% 3948 MHz:   0% 3996 MHz:   0% 4044 MHz:   0% 4104 MHz:   0% 4416 MHz:   0% 4512 MHz:  33%)
CPU 9 idle residency:  66.68%
CPU 9 down residency:   0.00%

P1-Cluster HW active frequency: 1285 MHz
P1-Cluster HW active residency:   0.33% (1260 MHz: .30% 1512 MHz: .03% 1800 MHz:   0% 2088 MHz:   0% 2352 MHz:   0% 2616 MHz:   0% 2868 MHz:   0% 3096 MHz:   0% 3300 MHz:   0% 3468 MHz:   0% 3624 MHz:   0% 3756 MHz:   0% 3828 MHz:   0% 3888 MHz:   0% 3948 MHz:   0% 3996 MHz:   0% 4044 MHz:   0% 4104 MHz:   0% 4416 MHz:   0% 4512 MHz:   0%)
P1-Cluster idle residency:   1.80%
P1-Cluster down residency:  97.87%
CPU 10 frequency: 0 MHz
CPU 10 active residency:   0.00% (1260 MHz:   0% 1512 MHz:   0% 1800 MHz:   0% 2088 MHz:   0% 2352 MHz:   0% 2616 MHz:   0% 2868 MHz:   0% 3096 MHz:   0% 3300 MHz:   0% 3468 MHz:   0% 3624 MHz:   0% 3756 MHz:   0% 3828 MHz:   0% 3888 MHz:   0% 3948 MHz:   0% 3996 MHz:   0% 4044 MHz:   0% 4104 MHz:   0% 4416 MHz:   0% 4512 MHz:   0%)
CPU 10 idle residency:   2.01%
CPU 10 down residency:  97.99%
CPU 11 frequency: 0 MHz
CPU 11 active residency:   0.00% (1260 MHz:   0% 1512 MHz:   0% 1800 MHz:   0% 2088 MHz:   0% 2352 MHz:   0% 2616 MHz:   0% 2868 MHz:   0% 3096 MHz:   0% 3300 MHz:   0% 3468 MHz:   0% 3624 MHz:   0% 3756 MHz:   0% 3828 MHz:   0% 3888 MHz:   0% 3948 MHz:   0% 3996 MHz:   0% 4044 MHz:   0% 4104 MHz:   0% 4416 MHz:   0% 4512 MHz:   0%)
CPU 11 idle residency:   2.02%
CPU 11 down residency:  97.98%
CPU 12 frequency: 0 MHz
CPU 12 active residency:   0.00% (1260 MHz:   0% 1512 MHz:   0% 1800 MHz:   0% 2088 MHz:   0% 2352 MHz:   0% 2616 MHz:   0% 2868 MHz:   0% 3096 MHz:   0% 3300 MHz:   0% 3468 MHz:   0% 3624 MHz:   0% 3756 MHz:   0% 3828 MHz:   0% 3888 MHz:   0% 3948 MHz:   0% 3996 MHz:   0% 4044 MHz:   0% 4104 MHz:   0% 4416 MHz:   0% 4512 MHz:   0%)
CPU 12 idle residency:   2.02%
CPU 12 down residency:  97.98%
CPU 13 frequency: 0 MHz
CPU 13 active residency:   0.00% (1260 MHz:   0% 1512 MHz:   0% 1800 MHz:   0% 2088 MHz:   0% 2352 MHz:   0% 2616 MHz:   0% 2868 MHz:   0% 3096 MHz:   0% 3300 MHz:   0% 3468 MHz:   0% 3624 MHz:   0% 3756 MHz:   0% 3828 MHz:   0% 3888 MHz:   0% 3948 MHz:   0% 3996 MHz:   0% 4044 MHz:   0% 4104 MHz:   0% 4416 MHz:   0% 4512 MHz:   0%)
CPU 13 idle residency:   2.02%
CPU 13 down residency:  97.98%
CPU 14 frequency: 0 MHz
CPU 14 active residency:   0.00% (1260 MHz:   0% 1512 MHz:   0% 1800 MHz:   0% 2088 MHz:   0% 2352 MHz:   0% 2616 MHz:   0% 2868 MHz:   0% 3096 MHz:   0% 3300 MHz:   0% 3468 MHz:   0% 3624 MHz:   0% 3756 MHz:   0% 3828 MHz:   0% 3888 MHz:   0% 3948 MHz:   0% 3996 MHz:   0% 4044 MHz:   0% 4104 MHz:   0% 4416 MHz:   0% 4512 MHz:   0%)
CPU 14 idle residency:   2.02%
CPU 14 down residency:  97.98%
CPU 15 frequency: 0 MHz
CPU 15 active residency:   0.00% (1260 MHz:   0% 1512 MHz:   0% 1800 MHz:   0% 2088 MHz:   0% 2352 MHz:   0% 2616 MHz:   0% 2868 MHz:   0% 3096 MHz:   0% 3300 MHz:   0% 3468 MHz:   0% 3624 MHz:   0% 3756 MHz:   0% 3828 MHz:   0% 3888 MHz:   0% 3948 MHz:   0% 3996 MHz:   0% 4044 MHz:   0% 4104 MHz:   0% 4416 MHz:   0% 4512 MHz:   0%)
CPU 15 idle residency:   2.01%
CPU 15 down residency:  97.99%

CPU Power: 7030 mW
GPU Power: 12148 mW
ANE Power: 0 mW
Combined Power (CPU + GPU + ANE): 19178 mW

**** GPU usage ****

GPU HW active frequency: 1561 MHz
GPU HW active residency:  94.01% (338 MHz: 1.3% 618 MHz:   0% 796 MHz:   0% 924 MHz:   0% 952 MHz:   0% 1056 MHz:   0% 1062 MHz:   0% 1182 MHz:   0% 1182 MHz:   0% 1312 MHz:   0% 1242 MHz:   0% 1380 MHz:   0% 1326 MHz:   0% 1470 MHz:   0% 1578 MHz:  93%)
GPU SW requested state: (P1 :   0% P2 :   0% P3 :   0% P4 :   0% P5 :   0% P6 :   0% P7 :   0% P8 :   0% P9 :   0% P10 : 100% P11 :   0% P12 :   0% P13 :   0% P14 :   0% P15 :   0%)
GPU SW state: (SW_P1 : 1.3% SW_P2 :   0% SW_P3 :   0% SW_P4 :   0% SW_P5 :   0% SW_P6 :   0% SW_P7 :   0% SW_P8 :   0% SW_P9 :   0% SW_P10 :  93% SW_P11 :   0% SW_P12 :   0% SW_P13 :   0% SW_P14 :   0% SW_P15 :   0%)
GPU idle residency:   5.99%
GPU Power: 12185 mW



*** Sampled system activity (Tue Jan 20 15:14:03 2026 +0100) (1020.39ms elapsed) ***


**** Processor usage ****

E-Cluster Online: 100%
E-Cluster HW active frequency: 1845 MHz
E-Cluster HW active residency:  57.14% (1020 MHz:  23% 1404 MHz: 2.6% 1788 MHz: 2.2% 2112 MHz: .90% 2352 MHz: 3.7% 2532 MHz: 5.6% 2592 MHz:  19%)
E-Cluster idle residency:  42.86%
E-Cluster down residency:   0.00%
CPU 0 frequency: 1868 MHz
CPU 0 active residency:  22.79% (1020 MHz: 9.0% 1404 MHz: .99% 1788 MHz: .81% 2112 MHz: .10% 2352 MHz: 1.7% 2532 MHz: 2.0% 2592 MHz: 8.2%)
CPU 0 idle residency:  77.21%
CPU 0 down residency:   0.00%
CPU 1 frequency: 1817 MHz
CPU 1 active residency:  14.74% (1020 MHz: 5.6% 1404 MHz: 1.2% 1788 MHz: 1.0% 2112 MHz: .10% 2352 MHz: .98% 2532 MHz: 1.4% 2592 MHz: 4.4%)
CPU 1 idle residency:  85.26%
CPU 1 down residency:   0.00%
CPU 2 frequency: 1776 MHz
CPU 2 active residency:  10.01% (1020 MHz: 4.0% 1404 MHz: .68% 1788 MHz: .63% 2112 MHz: .77% 2352 MHz: .40% 2532 MHz: 1.1% 2592 MHz: 2.4%)
CPU 2 idle residency:  89.99%
CPU 2 down residency:   0.00%
CPU 3 frequency: 1857 MHz
CPU 3 active residency:   5.63% (1020 MHz: 1.9% 1404 MHz: .55% 1788 MHz: .49% 2112 MHz: .00% 2352 MHz: .36% 2532 MHz: .51% 2592 MHz: 1.8%)
CPU 3 idle residency:  94.37%
CPU 3 down residency:   0.00%

P0-Cluster Online: 100%
P0-Cluster HW active frequency: 4016 MHz
P0-Cluster HW active residency:  99.92% (1260 MHz:   0% 1512 MHz:   0% 1800 MHz:   0% 2088 MHz:   0% 2352 MHz:   0% 2616 MHz:   0% 2868 MHz:   0% 3096 MHz:   0% 3300 MHz:   0% 3468 MHz:   0% 3624 MHz:   0% 3756 MHz:   0% 3828 MHz:   0% 3888 MHz:  18% 3948 MHz:  34% 3996 MHz:  24% 4044 MHz:  14% 4104 MHz:   0% 4416 MHz: 5.0% 4512 MHz: 5.4%)
P0-Cluster idle residency:   0.08%
P0-Cluster down residency:   0.00%
CPU 4 frequency: 4512 MHz
CPU 4 active residency:  49.83% (1260 MHz:   0% 1512 MHz:   0% 1800 MHz:   0% 2088 MHz:   0% 2352 MHz:   0% 2616 MHz:   0% 2868 MHz:   0% 3096 MHz:   0% 3300 MHz:   0% 3468 MHz:   0% 3624 MHz:   0% 3756 MHz:   0% 3828 MHz:   0% 3888 MHz:   0% 3948 MHz:   0% 3996 MHz:   0% 4044 MHz:   0% 4104 MHz:   0% 4416 MHz:   0% 4512 MHz:  50%)
CPU 4 idle residency:  50.17%
CPU 4 down residency:   0.00%
CPU 5 frequency: 4512 MHz
CPU 5 active residency:  50.32% (1260 MHz:   0% 1512 MHz:   0% 1800 MHz:   0% 2088 MHz:   0% 2352 MHz:   0% 2616 MHz:   0% 2868 MHz:   0% 3096 MHz:   0% 3300 MHz:   0% 3468 MHz:   0% 3624 MHz:   0% 3756 MHz:   0% 3828 MHz:   0% 3888 MHz:   0% 3948 MHz:   0% 3996 MHz:   0% 4044 MHz:   0% 4104 MHz:   0% 4416 MHz:   0% 4512 MHz:  50%)
CPU 5 idle residency:  49.68%
CPU 5 down residency:   0.00%
CPU 6 frequency: 4512 MHz
CPU 6 active residency:  43.55% (1260 MHz:   0% 1512 MHz:   0% 1800 MHz:   0% 2088 MHz:   0% 2352 MHz:   0% 2616 MHz:   0% 2868 MHz:   0% 3096 MHz:   0% 3300 MHz:   0% 3468 MHz:   0% 3624 MHz:   0% 3756 MHz:   0% 3828 MHz:   0% 3888 MHz:   0% 3948 MHz:   0% 3996 MHz:   0% 4044 MHz:   0% 4104 MHz:   0% 4416 MHz:   0% 4512 MHz:  44%)
CPU 6 idle residency:  56.45%
CPU 6 down residency:   0.00%
CPU 7 frequency: 4512 MHz
CPU 7 active residency:  43.06% (1260 MHz:   0% 1512 MHz:   0% 1800 MHz:   0% 2088 MHz:   0% 2352 MHz:   0% 2616 MHz:   0% 2868 MHz:   0% 3096 MHz:   0% 3300 MHz:   0% 3468 MHz:   0% 3624 MHz:   0% 3756 MHz:   0% 3828 MHz:   0% 3888 MHz:   0% 3948 MHz:   0% 3996 MHz:   0% 4044 MHz:   0% 4104 MHz:   0% 4416 MHz:   0% 4512 MHz:  43%)
CPU 7 idle residency:  56.94%
CPU 7 down residency:   0.00%
CPU 8 frequency: 4512 MHz
CPU 8 active residency:  43.88% (1260 MHz:   0% 1512 MHz:   0% 1800 MHz:   0% 2088 MHz:   0% 2352 MHz:   0% 2616 MHz:   0% 2868 MHz:   0% 3096 MHz:   0% 3300 MHz:   0% 3468 MHz:   0% 3624 MHz:   0% 3756 MHz:   0% 3828 MHz:   0% 3888 MHz:   0% 3948 MHz:   0% 3996 MHz:   0% 4044 MHz:   0% 4104 MHz:   0% 4416 MHz:   0% 4512 MHz:  44%)
CPU 8 idle residency:  56.12%
CPU 8 down residency:   0.00%
CPU 9 frequency: 4512 MHz
CPU 9 active residency:  47.05% (1260 MHz:   0% 1512 MHz:   0% 1800 MHz:   0% 2088 MHz:   0% 2352 MHz:   0% 2616 MHz:   0% 2868 MHz:   0% 3096 MHz:   0% 3300 MHz:   0% 3468 MHz:   0% 3624 MHz:   0% 3756 MHz:   0% 3828 MHz:   0% 3888 MHz:   0% 3948 MHz:   0% 3996 MHz:   0% 4044 MHz:   0% 4104 MHz:   0% 4416 MHz:   0% 4512 MHz:  47%)
CPU 9 idle residency:  52.95%
CPU 9 down residency:   0.00%

P1-Cluster HW active frequency: 1977 MHz
P1-Cluster HW active residency:   1.52% (1260 MHz: .83% 1512 MHz: .22% 1800 MHz:   0% 2088 MHz:   0% 2352 MHz: .06% 2616 MHz: .07% 2868 MHz: .11% 3096 MHz:   0% 3300 MHz:   0% 3468 MHz:   0% 3624 MHz:   0% 3756 MHz:   0% 3828 MHz:   0% 3888 MHz: .02% 3948 MHz: .02% 3996 MHz:   0% 4044 MHz:   0% 4104 MHz:   0% 4416 MHz: .03% 4512 MHz: .15%)
P1-Cluster idle residency:   2.90%
P1-Cluster down residency:  95.58%
CPU 10 frequency: 0 MHz
CPU 10 active residency:   0.00% (1260 MHz:   0% 1512 MHz:   0% 1800 MHz:   0% 2088 MHz:   0% 2352 MHz:   0% 2616 MHz:   0% 2868 MHz:   0% 3096 MHz:   0% 3300 MHz:   0% 3468 MHz:   0% 3624 MHz:   0% 3756 MHz:   0% 3828 MHz:   0% 3888 MHz:   0% 3948 MHz:   0% 3996 MHz:   0% 4044 MHz:   0% 4104 MHz:   0% 4416 MHz:   0% 4512 MHz:   0%)
CPU 10 idle residency:   4.12%
CPU 10 down residency:  95.88%
CPU 11 frequency: 0 MHz
CPU 11 active residency:   0.00% (1260 MHz:   0% 1512 MHz:   0% 1800 MHz:   0% 2088 MHz:   0% 2352 MHz:   0% 2616 MHz:   0% 2868 MHz:   0% 3096 MHz:   0% 3300 MHz:   0% 3468 MHz:   0% 3624 MHz:   0% 3756 MHz:   0% 3828 MHz:   0% 3888 MHz:   0% 3948 MHz:   0% 3996 MHz:   0% 4044 MHz:   0% 4104 MHz:   0% 4416 MHz:   0% 4512 MHz:   0%)
CPU 11 idle residency:   4.19%
CPU 11 down residency:  95.81%
CPU 12 frequency: 0 MHz
CPU 12 active residency:   0.00% (1260 MHz:   0% 1512 MHz:   0% 1800 MHz:   0% 2088 MHz:   0% 2352 MHz:   0% 2616 MHz:   0% 2868 MHz:   0% 3096 MHz:   0% 3300 MHz:   0% 3468 MHz:   0% 3624 MHz:   0% 3756 MHz:   0% 3828 MHz:   0% 3888 MHz:   0% 3948 MHz:   0% 3996 MHz:   0% 4044 MHz:   0% 4104 MHz:   0% 4416 MHz:   0% 4512 MHz:   0%)
CPU 12 idle residency:   4.22%
CPU 12 down residency:  95.78%
CPU 13 frequency: 0 MHz
CPU 13 active residency:   0.00% (1260 MHz:   0% 1512 MHz:   0% 1800 MHz:   0% 2088 MHz:   0% 2352 MHz:   0% 2616 MHz:   0% 2868 MHz:   0% 3096 MHz:   0% 3300 MHz:   0% 3468 MHz:   0% 3624 MHz:   0% 3756 MHz:   0% 3828 MHz:   0% 3888 MHz:   0% 3948 MHz:   0% 3996 MHz:   0% 4044 MHz:   0% 4104 MHz:   0% 4416 MHz:   0% 4512 MHz:   0%)
CPU 13 idle residency:   4.02%
CPU 13 down residency:  95.98%
CPU 14 frequency: 0 MHz
CPU 14 active residency:   0.00% (1260 MHz:   0% 1512 MHz:   0% 1800 MHz:   0% 2088 MHz:   0% 2352 MHz:   0% 2616 MHz:   0% 2868 MHz:   0% 3096 MHz:   0% 3300 MHz:   0% 3468 MHz:   0% 3624 MHz:   0% 3756 MHz:   0% 3828 MHz:   0% 3888 MHz:   0% 3948 MHz:   0% 3996 MHz:   0% 4044 MHz:   0% 4104 MHz:   0% 4416 MHz:   0% 4512 MHz:   0%)
CPU 14 idle residency:   4.15%
CPU 14 down residency:  95.85%
CPU 15 frequency: 0 MHz
CPU 15 active residency:   0.00% (1260 MHz:   0% 1512 MHz:   0% 1800 MHz:   0% 2088 MHz:   0% 2352 MHz:   0% 2616 MHz:   0% 2868 MHz:   0% 3096 MHz:   0% 3300 MHz:   0% 3468 MHz:   0% 3624 MHz:   0% 3756 MHz:   0% 3828 MHz:   0% 3888 MHz:   0% 3948 MHz:   0% 3996 MHz:   0% 4044 MHz:   0% 4104 MHz:   0% 4416 MHz:   0% 4512 MHz:   0%)
CPU 15 idle residency:   4.22%
CPU 15 down residency:  95.78%

CPU Power: 7456 mW
GPU Power: 12767 mW
ANE Power: 0 mW
Combined Power (CPU + GPU + ANE): 20223 mW

**** GPU usage ****

GPU HW active frequency: 1561 MHz
GPU HW active residency:  94.88% (338 MHz: 1.3% 618 MHz:   0% 796 MHz:   0% 924 MHz:   0% 952 MHz:   0% 1056 MHz:   0% 1062 MHz:   0% 1182 MHz:   0% 1182 MHz:   0% 1312 MHz:   0% 1242 MHz:   0% 1380 MHz:   0% 1326 MHz:   0% 1470 MHz:   0% 1578 MHz:  94%)
GPU SW requested state: (P1 :   0% P2 :   0% P3 :   0% P4 :   0% P5 :   0% P6 :   0% P7 :   0% P8 :   0% P9 :   0% P10 : 100% P11 :   0% P12 :   0% P13 :   0% P14 :   0% P15 :   0%)
GPU SW state: (SW_P1 : 1.3% SW_P2 :   0% SW_P3 :   0% SW_P4 :   0% SW_P5 :   0% SW_P6 :   0% SW_P7 :   0% SW_P8 :   0% SW_P9 :   0% SW_P10 :  94% SW_P11 :   0% SW_P12 :   0% SW_P13 :   0% SW_P14 :   0% SW_P15 :   0%)
GPU idle residency:   5.12%
GPU Power: 12683 mW



*** Sampled system activity (Tue Jan 20 15:14:04 2026 +0100) (1020.05ms elapsed) ***


**** Processor usage ****

E-Cluster Online: 100%
E-Cluster HW active frequency: 1556 MHz
E-Cluster HW active residency:  53.98% (1020 MHz:  32% 1404 MHz: 1.9% 1788 MHz: 2.8% 2112 MHz: 1.1% 2352 MHz: .82% 2532 MHz: 2.6% 2592 MHz:  13%)
E-Cluster idle residency:  46.02%
E-Cluster down residency:   0.00%
CPU 0 frequency: 1545 MHz
CPU 0 active residency:  22.23% (1020 MHz:  13% 1404 MHz: 1.2% 1788 MHz: 1.7% 2112 MHz: .64% 2352 MHz: .50% 2532 MHz: 1.2% 2592 MHz: 4.3%)
CPU 0 idle residency:  77.77%
CPU 0 down residency:   0.00%
CPU 1 frequency: 1555 MHz
CPU 1 active residency:  15.79% (1020 MHz: 8.7% 1404 MHz: .86% 1788 MHz: 1.5% 2112 MHz: .63% 2352 MHz: .17% 2532 MHz: .97% 2592 MHz: 2.9%)
CPU 1 idle residency:  84.21%
CPU 1 down residency:   0.00%
CPU 2 frequency: 1557 MHz
CPU 2 active residency:   8.56% (1020 MHz: 4.9% 1404 MHz: .42% 1788 MHz: .42% 2112 MHz: .61% 2352 MHz: .28% 2532 MHz: .38% 2592 MHz: 1.6%)
CPU 2 idle residency:  91.44%
CPU 2 down residency:   0.00%
CPU 3 frequency: 1529 MHz
CPU 3 active residency:   5.86% (1020 MHz: 3.4% 1404 MHz: .25% 1788 MHz: .45% 2112 MHz: .27% 2352 MHz: .18% 2532 MHz: .19% 2592 MHz: 1.1%)
CPU 3 idle residency:  94.14%
CPU 3 down residency:   0.00%

P0-Cluster Online: 100%
P0-Cluster HW active frequency: 4013 MHz
P0-Cluster HW active residency:  99.89% (1260 MHz:   0% 1512 MHz:   0% 1800 MHz:   0% 2088 MHz:   0% 2352 MHz:   0% 2616 MHz:   0% 2868 MHz:   0% 3096 MHz:   0% 3300 MHz:   0% 3468 MHz:   0% 3624 MHz:   0% 3756 MHz:   0% 3828 MHz:   0% 3888 MHz:  24% 3948 MHz:  28% 3996 MHz:  24% 4044 MHz:  13% 4104 MHz:   0% 4416 MHz: 4.7% 4512 MHz: 5.7%)
P0-Cluster idle residency:   0.11%
P0-Cluster down residency:   0.00%
CPU 4 frequency: 4512 MHz
CPU 4 active residency:  51.25% (1260 MHz:   0% 1512 MHz:   0% 1800 MHz:   0% 2088 MHz:   0% 2352 MHz:   0% 2616 MHz:   0% 2868 MHz:   0% 3096 MHz:   0% 3300 MHz:   0% 3468 MHz:   0% 3624 MHz:   0% 3756 MHz:   0% 3828 MHz:   0% 3888 MHz:   0% 3948 MHz:   0% 3996 MHz:   0% 4044 MHz:   0% 4104 MHz:   0% 4416 MHz:   0% 4512 MHz:  51%)
CPU 4 idle residency:  48.75%
CPU 4 down residency:   0.00%
CPU 5 frequency: 4512 MHz
CPU 5 active residency:  50.28% (1260 MHz:   0% 1512 MHz:   0% 1800 MHz:   0% 2088 MHz:   0% 2352 MHz:   0% 2616 MHz:   0% 2868 MHz:   0% 3096 MHz:   0% 3300 MHz:   0% 3468 MHz:   0% 3624 MHz:   0% 3756 MHz:   0% 3828 MHz:   0% 3888 MHz:   0% 3948 MHz:   0% 3996 MHz:   0% 4044 MHz:   0% 4104 MHz:   0% 4416 MHz:   0% 4512 MHz:  50%)
CPU 5 idle residency:  49.72%
CPU 5 down residency:   0.00%
CPU 6 frequency: 4512 MHz
CPU 6 active residency:  45.32% (1260 MHz:   0% 1512 MHz:   0% 1800 MHz:   0% 2088 MHz:   0% 2352 MHz:   0% 2616 MHz:   0% 2868 MHz:   0% 3096 MHz:   0% 3300 MHz:   0% 3468 MHz:   0% 3624 MHz:   0% 3756 MHz:   0% 3828 MHz:   0% 3888 MHz:   0% 3948 MHz:   0% 3996 MHz:   0% 4044 MHz:   0% 4104 MHz:   0% 4416 MHz:   0% 4512 MHz:  45%)
CPU 6 idle residency:  54.68%
CPU 6 down residency:   0.00%
CPU 7 frequency: 4512 MHz
CPU 7 active residency:  51.84% (1260 MHz:   0% 1512 MHz:   0% 1800 MHz:   0% 2088 MHz:   0% 2352 MHz:   0% 2616 MHz:   0% 2868 MHz:   0% 3096 MHz:   0% 3300 MHz:   0% 3468 MHz:   0% 3624 MHz:   0% 3756 MHz:   0% 3828 MHz:   0% 3888 MHz:   0% 3948 MHz:   0% 3996 MHz:   0% 4044 MHz:   0% 4104 MHz:   0% 4416 MHz:   0% 4512 MHz:  52%)
CPU 7 idle residency:  48.16%
CPU 7 down residency:   0.00%
CPU 8 frequency: 4512 MHz
CPU 8 active residency:  43.00% (1260 MHz:   0% 1512 MHz:   0% 1800 MHz:   0% 2088 MHz:   0% 2352 MHz:   0% 2616 MHz:   0% 2868 MHz:   0% 3096 MHz:   0% 3300 MHz:   0% 3468 MHz:   0% 3624 MHz:   0% 3756 MHz:   0% 3828 MHz:   0% 3888 MHz:   0% 3948 MHz:   0% 3996 MHz:   0% 4044 MHz:   0% 4104 MHz:   0% 4416 MHz:   0% 4512 MHz:  43%)
CPU 8 idle residency:  57.00%
CPU 8 down residency:   0.00%
CPU 9 frequency: 4512 MHz
CPU 9 active residency:  47.20% (1260 MHz:   0% 1512 MHz:   0% 1800 MHz:   0% 2088 MHz:   0% 2352 MHz:   0% 2616 MHz:   0% 2868 MHz:   0% 3096 MHz:   0% 3300 MHz:   0% 3468 MHz:   0% 3624 MHz:   0% 3756 MHz:   0% 3828 MHz:   0% 3888 MHz:   0% 3948 MHz:   0% 3996 MHz:   0% 4044 MHz:   0% 4104 MHz:   0% 4416 MHz:   0% 4512 MHz:  47%)
CPU 9 idle residency:  52.80%
CPU 9 down residency:   0.00%

P1-Cluster HW active frequency: 2666 MHz
P1-Cluster HW active residency:   6.37% (1260 MHz: 2.7% 1512 MHz: .17% 1800 MHz: .35% 2088 MHz:   0% 2352 MHz: .01% 2616 MHz:   0% 2868 MHz:   0% 3096 MHz:   0% 3300 MHz:   0% 3468 MHz:   0% 3624 MHz:   0% 3756 MHz:   0% 3828 MHz:   0% 3888 MHz: .22% 3948 MHz: 1.6% 3996 MHz: .49% 4044 MHz: .14% 4104 MHz:   0% 4416 MHz: .15% 4512 MHz: .46%)
P1-Cluster idle residency:  17.54%
P1-Cluster down residency:  76.09%
CPU 10 frequency: 4336 MHz
CPU 10 active residency:   9.80% (1260 MHz: .23% 1512 MHz: .20% 1800 MHz: .11% 2088 MHz:   0% 2352 MHz: .02% 2616 MHz: .01% 2868 MHz: .01% 3096 MHz:   0% 3300 MHz:   0% 3468 MHz:   0% 3624 MHz:   0% 3756 MHz:   0% 3828 MHz:   0% 3888 MHz:   0% 3948 MHz:   0% 3996 MHz:   0% 4044 MHz:   0% 4104 MHz:   0% 4416 MHz:   0% 4512 MHz: 9.2%)
CPU 10 idle residency:  19.70%
CPU 10 down residency:  70.50%
CPU 11 frequency: 3523 MHz
CPU 11 active residency:   1.77% (1260 MHz: .22% 1512 MHz: .22% 1800 MHz: .12% 2088 MHz:   0% 2352 MHz: .03% 2616 MHz: .01% 2868 MHz: .01% 3096 MHz:   0% 3300 MHz:   0% 3468 MHz:   0% 3624 MHz:   0% 3756 MHz:   0% 3828 MHz:   0% 3888 MHz:   0% 3948 MHz:   0% 3996 MHz:   0% 4044 MHz:   0% 4104 MHz:   0% 4416 MHz:   0% 4512 MHz: 1.2%)
CPU 11 idle residency:  22.69%
CPU 11 down residency:  75.54%
CPU 12 frequency: 4316 MHz
CPU 12 active residency:   8.22% (1260 MHz: .20% 1512 MHz: .20% 1800 MHz: .11% 2088 MHz:   0% 2352 MHz: .02% 2616 MHz: .00% 2868 MHz: .00% 3096 MHz:   0% 3300 MHz:   0% 3468 MHz:   0% 3624 MHz:   0% 3756 MHz:   0% 3828 MHz:   0% 3888 MHz:   0% 3948 MHz:   0% 3996 MHz:   0% 4044 MHz:   0% 4104 MHz:   0% 4416 MHz:   0% 4512 MHz: 7.7%)
CPU 12 idle residency:  21.63%
CPU 12 down residency:  70.15%
CPU 13 frequency: 4300 MHz
CPU 13 active residency:   8.84% (1260 MHz: .22% 1512 MHz: .21% 1800 MHz: .11% 2088 MHz:   0% 2352 MHz: .06% 2616 MHz: .00% 2868 MHz: .05% 3096 MHz:   0% 3300 MHz:   0% 3468 MHz:   0% 3624 MHz:   0% 3756 MHz:   0% 3828 MHz:   0% 3888 MHz:   0% 3948 MHz:   0% 3996 MHz:   0% 4044 MHz:   0% 4104 MHz:   0% 4416 MHz:   0% 4512 MHz: 8.2%)
CPU 13 idle residency:  20.19%
CPU 13 down residency:  70.98%
CPU 14 frequency: 4356 MHz
CPU 14 active residency:  10.96% (1260 MHz: .22% 1512 MHz: .20% 1800 MHz: .11% 2088 MHz:   0% 2352 MHz: .02% 2616 MHz: .00% 2868 MHz: .02% 3096 MHz:   0% 3300 MHz:   0% 3468 MHz:   0% 3624 MHz:   0% 3756 MHz:   0% 3828 MHz:   0% 3888 MHz:   0% 3948 MHz:   0% 3996 MHz:   0% 4044 MHz:   0% 4104 MHz:   0% 4416 MHz:   0% 4512 MHz:  10%)
CPU 14 idle residency:  19.23%
CPU 14 down residency:  69.81%
CPU 15 frequency: 4348 MHz
CPU 15 active residency:   9.66% (1260 MHz: .20% 1512 MHz: .20% 1800 MHz: .11% 2088 MHz:   0% 2352 MHz: .02% 2616 MHz: .00% 2868 MHz: .00% 3096 MHz:   0% 3300 MHz:   0% 3468 MHz:   0% 3624 MHz:   0% 3756 MHz:   0% 3828 MHz:   0% 3888 MHz:   0% 3948 MHz:   0% 3996 MHz:   0% 4044 MHz:   0% 4104 MHz:   0% 4416 MHz:   0% 4512 MHz: 9.1%)
CPU 15 idle residency:  21.40%
CPU 15 down residency:  68.94%

CPU Power: 7914 mW
GPU Power: 12940 mW
ANE Power: 0 mW
Combined Power (CPU + GPU + ANE): 20854 mW

**** GPU usage ****

GPU HW active frequency: 1561 MHz
GPU HW active residency:  94.87% (338 MHz: 1.3% 618 MHz:   0% 796 MHz:   0% 924 MHz:   0% 952 MHz:   0% 1056 MHz:   0% 1062 MHz:   0% 1182 MHz:   0% 1182 MHz:   0% 1312 MHz:   0% 1242 MHz:   0% 1380 MHz:   0% 1326 MHz:   0% 1470 MHz:   0% 1578 MHz:  94%)
GPU SW requested state: (P1 :   0% P2 :   0% P3 :   0% P4 :   0% P5 :   0% P6 :   0% P7 :   0% P8 :   0% P9 :   0% P10 : 100% P11 :   0% P12 :   0% P13 :   0% P14 :   0% P15 :   0%)
GPU SW state: (SW_P1 : 1.3% SW_P2 :   0% SW_P3 :   0% SW_P4 :   0% SW_P5 :   0% SW_P6 :   0% SW_P7 :   0% SW_P8 :   0% SW_P9 :   0% SW_P10 :  94% SW_P11 :   0% SW_P12 :   0% SW_P13 :   0% SW_P14 :   0% SW_P15 :   0%)
GPU idle residency:   5.13%
GPU Power: 13029 mW



*** Sampled system activity (Tue Jan 20 15:14:05 2026 +0100) (1020.03ms elapsed) ***


**** Processor usage ****

E-Cluster Online: 100%
E-Cluster HW active frequency: 1552 MHz
E-Cluster HW active residency:  53.48% (1020 MHz:  31% 1404 MHz: 2.2% 1788 MHz: 3.0% 2112 MHz: .78% 2352 MHz: 2.1% 2532 MHz: 3.2% 2592 MHz:  11%)
E-Cluster idle residency:  46.52%
E-Cluster down residency:   0.00%
CPU 0 frequency: 1577 MHz
CPU 0 active residency:  22.50% (1020 MHz:  12% 1404 MHz: 1.8% 1788 MHz: 2.1% 2112 MHz: .36% 2352 MHz: .78% 2532 MHz: 1.4% 2592 MHz: 4.3%)
CPU 0 idle residency:  77.50%
CPU 0 down residency:   0.00%
CPU 1 frequency: 1561 MHz
CPU 1 active residency:  14.53% (1020 MHz: 7.8% 1404 MHz: .92% 1788 MHz: 1.6% 2112 MHz: .37% 2352 MHz: .39% 2532 MHz: .98% 2592 MHz: 2.5%)
CPU 1 idle residency:  85.47%
CPU 1 down residency:   0.00%
CPU 2 frequency: 1624 MHz
CPU 2 active residency:  10.05% (1020 MHz: 5.2% 1404 MHz: .43% 1788 MHz: .70% 2112 MHz: .70% 2352 MHz: .20% 2532 MHz: .78% 2592 MHz: 2.0%)
CPU 2 idle residency:  89.95%
CPU 2 down residency:   0.00%
CPU 3 frequency: 1637 MHz
CPU 3 active residency:   6.42% (1020 MHz: 3.2% 1404 MHz: .30% 1788 MHz: .62% 2112 MHz: .27% 2352 MHz: .14% 2532 MHz: .91% 2592 MHz: .96%)
CPU 3 idle residency:  93.58%
CPU 3 down residency:   0.00%

P0-Cluster Online: 28%
P0-Cluster HW active frequency: 3775 MHz
P0-Cluster HW active residency:  22.86% (1260 MHz: 1.9% 1512 MHz: .14% 1800 MHz: .07% 2088 MHz: .25% 2352 MHz: .14% 2616 MHz:   0% 2868 MHz: .29% 3096 MHz:   0% 3300 MHz:   0% 3468 MHz:   0% 3624 MHz:   0% 3756 MHz:   0% 3828 MHz:   0% 3888 MHz: 2.1% 3948 MHz: 5.8% 3996 MHz: 3.1% 4044 MHz: 5.0% 4104 MHz:   0% 4416 MHz: 1.6% 4512 MHz: 2.4%)
P0-Cluster idle residency:   3.41%
P0-Cluster down residency:  73.73%
CPU 4 frequency: 4463 MHz
CPU 4 active residency:   7.12% (1260 MHz: .00% 1512 MHz: .09% 1800 MHz:   0% 2088 MHz:   0% 2352 MHz: .04% 2616 MHz:   0% 2868 MHz:   0% 3096 MHz:   0% 3300 MHz:   0% 3468 MHz:   0% 3624 MHz:   0% 3756 MHz:   0% 3828 MHz:   0% 3888 MHz:   0% 3948 MHz:   0% 3996 MHz:   0% 4044 MHz:   0% 4104 MHz:   0% 4416 MHz:   0% 4512 MHz: 7.0%)
CPU 4 idle residency:  17.26%
CPU 4 down residency:  75.62%
CPU 5 frequency: 4471 MHz
CPU 5 active residency:   7.56% (1260 MHz: .00% 1512 MHz: .08% 1800 MHz:   0% 2088 MHz:   0% 2352 MHz: .03% 2616 MHz:   0% 2868 MHz:   0% 3096 MHz:   0% 3300 MHz:   0% 3468 MHz:   0% 3624 MHz:   0% 3756 MHz:   0% 3828 MHz:   0% 3888 MHz:   0% 3948 MHz:   0% 3996 MHz:   0% 4044 MHz:   0% 4104 MHz:   0% 4416 MHz:   0% 4512 MHz: 7.4%)
CPU 5 idle residency:  18.34%
CPU 5 down residency:  74.10%
CPU 6 frequency: 4401 MHz
CPU 6 active residency:   3.95% (1260 MHz: .01% 1512 MHz: .08% 1800 MHz:   0% 2088 MHz: .04% 2352 MHz: .03% 2616 MHz:   0% 2868 MHz:   0% 3096 MHz:   0% 3300 MHz:   0% 3468 MHz:   0% 3624 MHz:   0% 3756 MHz:   0% 3828 MHz:   0% 3888 MHz:   0% 3948 MHz:   0% 3996 MHz:   0% 4044 MHz:   0% 4104 MHz:   0% 4416 MHz:   0% 4512 MHz: 3.8%)
CPU 6 idle residency:  21.96%
CPU 6 down residency:  74.09%
CPU 7 frequency: 4466 MHz
CPU 7 active residency:   7.39% (1260 MHz: .00% 1512 MHz: .08% 1800 MHz:   0% 2088 MHz: .00% 2352 MHz: .04% 2616 MHz:   0% 2868 MHz:   0% 3096 MHz:   0% 3300 MHz:   0% 3468 MHz:   0% 3624 MHz:   0% 3756 MHz:   0% 3828 MHz:   0% 3888 MHz:   0% 3948 MHz:   0% 3996 MHz:   0% 4044 MHz:   0% 4104 MHz:   0% 4416 MHz:   0% 4512 MHz: 7.3%)
CPU 7 idle residency:  17.09%
CPU 7 down residency:  75.51%
CPU 8 frequency: 4415 MHz
CPU 8 active residency:   6.25% (1260 MHz: .00% 1512 MHz: .08% 1800 MHz:   0% 2088 MHz: .12% 2352 MHz: .03% 2616 MHz:   0% 2868 MHz:   0% 3096 MHz:   0% 3300 MHz:   0% 3468 MHz:   0% 3624 MHz:   0% 3756 MHz:   0% 3828 MHz:   0% 3888 MHz:   0% 3948 MHz:   0% 3996 MHz:   0% 4044 MHz:   0% 4104 MHz:   0% 4416 MHz:   0% 4512 MHz: 6.0%)
CPU 8 idle residency:  19.60%
CPU 8 down residency:  74.15%
CPU 9 frequency: 4469 MHz
CPU 9 active residency:   7.68% (1260 MHz: .00% 1512 MHz: .08% 1800 MHz:   0% 2088 MHz:   0% 2352 MHz: .04% 2616 MHz:   0% 2868 MHz:   0% 3096 MHz:   0% 3300 MHz:   0% 3468 MHz:   0% 3624 MHz:   0% 3756 MHz:   0% 3828 MHz:   0% 3888 MHz:   0% 3948 MHz:   0% 3996 MHz:   0% 4044 MHz:   0% 4104 MHz:   0% 4416 MHz:   0% 4512 MHz: 7.6%)
CPU 9 idle residency:  17.59%
CPU 9 down residency:  74.73%

P1-Cluster HW active frequency: 4019 MHz
P1-Cluster HW active residency:  83.87% (1260 MHz: .19% 1512 MHz: .09% 1800 MHz: .03% 2088 MHz:   0% 2352 MHz:   0% 2616 MHz: .01% 2868 MHz:   0% 3096 MHz:   0% 3300 MHz:   0% 3468 MHz:   0% 3624 MHz:   0% 3756 MHz:   0% 3828 MHz:   0% 3888 MHz:  21% 3948 MHz:  21% 3996 MHz:  19% 4044 MHz:  11% 4104 MHz:   0% 4416 MHz: 5.1% 4512 MHz: 6.5%)
P1-Cluster idle residency:   1.44%
P1-Cluster down residency:  14.69%
CPU 10 frequency: 4506 MHz
CPU 10 active residency:  44.36% (1260 MHz:   0% 1512 MHz: .09% 1800 MHz:   0% 2088 MHz:   0% 2352 MHz:   0% 2616 MHz: .01% 2868 MHz:   0% 3096 MHz:   0% 3300 MHz:   0% 3468 MHz:   0% 3624 MHz:   0% 3756 MHz:   0% 3828 MHz:   0% 3888 MHz:   0% 3948 MHz:   0% 3996 MHz:   0% 4044 MHz:   0% 4104 MHz:   0% 4416 MHz:   0% 4512 MHz:  44%)
CPU 10 idle residency:  40.96%
CPU 10 down residency:  14.68%
CPU 11 frequency: 4504 MHz
CPU 11 active residency:  32.00% (1260 MHz:   0% 1512 MHz: .09% 1800 MHz:   0% 2088 MHz:   0% 2352 MHz:   0% 2616 MHz:   0% 2868 MHz:   0% 3096 MHz:   0% 3300 MHz:   0% 3468 MHz:   0% 3624 MHz:   0% 3756 MHz:   0% 3828 MHz:   0% 3888 MHz:   0% 3948 MHz:   0% 3996 MHz:   0% 4044 MHz:   0% 4104 MHz:   0% 4416 MHz:   0% 4512 MHz:  32%)
CPU 11 idle residency:  53.32%
CPU 11 down residency:  14.68%
CPU 12 frequency: 4506 MHz
CPU 12 active residency:  39.92% (1260 MHz:   0% 1512 MHz: .09% 1800 MHz:   0% 2088 MHz:   0% 2352 MHz:   0% 2616 MHz:   0% 2868 MHz:   0% 3096 MHz:   0% 3300 MHz:   0% 3468 MHz:   0% 3624 MHz:   0% 3756 MHz:   0% 3828 MHz:   0% 3888 MHz:   0% 3948 MHz:   0% 3996 MHz:   0% 4044 MHz:   0% 4104 MHz:   0% 4416 MHz:   0% 4512 MHz:  40%)
CPU 12 idle residency:  45.40%
CPU 12 down residency:  14.68%
CPU 13 frequency: 4505 MHz
CPU 13 active residency:  39.75% (1260 MHz:   0% 1512 MHz: .09% 1800 MHz:   0% 2088 MHz:   0% 2352 MHz:   0% 2616 MHz: .00% 2868 MHz:   0% 3096 MHz:   0% 3300 MHz:   0% 3468 MHz:   0% 3624 MHz:   0% 3756 MHz:   0% 3828 MHz:   0% 3888 MHz:   0% 3948 MHz:   0% 3996 MHz:   0% 4044 MHz:   0% 4104 MHz:   0% 4416 MHz:   0% 4512 MHz:  40%)
CPU 13 idle residency:  45.57%
CPU 13 down residency:  14.68%
CPU 14 frequency: 4506 MHz
CPU 14 active residency:  42.11% (1260 MHz:   0% 1512 MHz: .09% 1800 MHz:   0% 2088 MHz:   0% 2352 MHz:   0% 2616 MHz: .00% 2868 MHz:   0% 3096 MHz:   0% 3300 MHz:   0% 3468 MHz:   0% 3624 MHz:   0% 3756 MHz:   0% 3828 MHz:   0% 3888 MHz:   0% 3948 MHz:   0% 3996 MHz:   0% 4044 MHz:   0% 4104 MHz:   0% 4416 MHz:   0% 4512 MHz:  42%)
CPU 14 idle residency:  43.21%
CPU 14 down residency:  14.68%
CPU 15 frequency: 4506 MHz
CPU 15 active residency:  40.86% (1260 MHz:   0% 1512 MHz: .09% 1800 MHz:   0% 2088 MHz:   0% 2352 MHz:   0% 2616 MHz:   0% 2868 MHz:   0% 3096 MHz:   0% 3300 MHz:   0% 3468 MHz:   0% 3624 MHz:   0% 3756 MHz:   0% 3828 MHz:   0% 3888 MHz:   0% 3948 MHz:   0% 3996 MHz:   0% 4044 MHz:   0% 4104 MHz:   0% 4416 MHz:   0% 4512 MHz:  41%)
CPU 15 idle residency:  44.46%
CPU 15 down residency:  14.68%

CPU Power: 7567 mW
GPU Power: 12305 mW
ANE Power: 0 mW
Combined Power (CPU + GPU + ANE): 19873 mW

**** GPU usage ****

GPU HW active frequency: 1560 MHz
GPU HW active residency:  94.57% (338 MHz: 1.3% 618 MHz:   0% 796 MHz:   0% 924 MHz:   0% 952 MHz:   0% 1056 MHz:   0% 1062 MHz:   0% 1182 MHz:   0% 1182 MHz:   0% 1312 MHz:   0% 1242 MHz:   0% 1380 MHz:   0% 1326 MHz:   0% 1470 MHz:   0% 1578 MHz:  93%)
GPU SW requested state: (P1 :   0% P2 :   0% P3 :   0% P4 :   0% P5 :   0% P6 :   0% P7 :   0% P8 :   0% P9 :   0% P10 : 100% P11 :   0% P12 :   0% P13 :   0% P14 :   0% P15 :   0%)
GPU SW state: (SW_P1 : 1.3% SW_P2 :   0% SW_P3 :   0% SW_P4 :   0% SW_P5 :   0% SW_P6 :   0% SW_P7 :   0% SW_P8 :   0% SW_P9 :   0% SW_P10 :  93% SW_P11 :   0% SW_P12 :   0% SW_P13 :   0% SW_P14 :   0% SW_P15 :   0%)
GPU idle residency:   5.43%
GPU Power: 12132 mW



*** Sampled system activity (Tue Jan 20 15:14:06 2026 +0100) (1019.67ms elapsed) ***


**** Processor usage ****

E-Cluster Online: 100%
E-Cluster HW active frequency: 1255 MHz
E-Cluster HW active residency:  59.25% (1020 MHz:  47% 1404 MHz: 2.0% 1788 MHz: 3.1% 2112 MHz: 1.0% 2352 MHz: .76% 2532 MHz: 1.5% 2592 MHz: 4.0%)
E-Cluster idle residency:  40.75%
E-Cluster down residency:   0.00%
CPU 0 frequency: 1253 MHz
CPU 0 active residency:  26.20% (1020 MHz:  20% 1404 MHz: 1.8% 1788 MHz: 1.8% 2112 MHz: .35% 2352 MHz: .27% 2532 MHz: .33% 2592 MHz: 1.8%)
CPU 0 idle residency:  73.80%
CPU 0 down residency:   0.00%
CPU 1 frequency: 1323 MHz
CPU 1 active residency:  15.89% (1020 MHz:  12% 1404 MHz: .72% 1788 MHz: .94% 2112 MHz: .11% 2352 MHz: .33% 2532 MHz: .67% 2592 MHz: 1.4%)
CPU 1 idle residency:  84.11%
CPU 1 down residency:   0.00%
CPU 2 frequency: 1333 MHz
CPU 2 active residency:  11.38% (1020 MHz: 8.2% 1404 MHz: .71% 1788 MHz: .70% 2112 MHz: .03% 2352 MHz: .31% 2532 MHz: .30% 2592 MHz: 1.2%)
CPU 2 idle residency:  88.62%
CPU 2 down residency:   0.00%
CPU 3 frequency: 1379 MHz
CPU 3 active residency:   8.47% (1020 MHz: 5.6% 1404 MHz: .15% 1788 MHz: 1.1% 2112 MHz: .74% 2352 MHz: .16% 2532 MHz: .42% 2592 MHz: .32%)
CPU 3 idle residency:  91.53%
CPU 3 down residency:   0.00%

P0-Cluster Online: 4%
P0-Cluster HW active frequency: 2051 MHz
P0-Cluster HW active residency:   0.89% (1260 MHz: .53% 1512 MHz:   0% 1800 MHz: .04% 2088 MHz: .02% 2352 MHz: .15% 2616 MHz:   0% 2868 MHz:   0% 3096 MHz:   0% 3300 MHz:   0% 3468 MHz:   0% 3624 MHz:   0% 3756 MHz:   0% 3828 MHz:   0% 3888 MHz:   0% 3948 MHz:   0% 3996 MHz:   0% 4044 MHz:   0% 4104 MHz:   0% 4416 MHz: .00% 4512 MHz: .15%)
P0-Cluster idle residency:   2.20%
P0-Cluster down residency:  96.91%
CPU 4 frequency: 4196 MHz
CPU 4 active residency:   2.38% (1260 MHz: .02% 1512 MHz: .03% 1800 MHz: .05% 2088 MHz: .09% 2352 MHz: .11% 2616 MHz:   0% 2868 MHz: .01% 3096 MHz:   0% 3300 MHz:   0% 3468 MHz:   0% 3624 MHz:   0% 3756 MHz:   0% 3828 MHz:   0% 3888 MHz:   0% 3948 MHz:   0% 3996 MHz:   0% 4044 MHz:   0% 4104 MHz:   0% 4416 MHz:   0% 4512 MHz: 2.1%)
CPU 4 idle residency:   2.89%
CPU 4 down residency:  94.73%
CPU 5 frequency: 4061 MHz
CPU 5 active residency:   1.54% (1260 MHz: .01% 1512 MHz: .03% 1800 MHz: .05% 2088 MHz: .09% 2352 MHz: .11% 2616 MHz:   0% 2868 MHz:   0% 3096 MHz:   0% 3300 MHz:   0% 3468 MHz:   0% 3624 MHz:   0% 3756 MHz:   0% 3828 MHz:   0% 3888 MHz:   0% 3948 MHz:   0% 3996 MHz:   0% 4044 MHz:   0% 4104 MHz:   0% 4416 MHz:   0% 4512 MHz: 1.3%)
CPU 5 idle residency:   2.91%
CPU 5 down residency:  95.55%
CPU 6 frequency: 4062 MHz
CPU 6 active residency:   1.53% (1260 MHz: .01% 1512 MHz: .03% 1800 MHz: .05% 2088 MHz: .09% 2352 MHz: .11% 2616 MHz:   0% 2868 MHz:   0% 3096 MHz:   0% 3300 MHz:   0% 3468 MHz:   0% 3624 MHz:   0% 3756 MHz:   0% 3828 MHz:   0% 3888 MHz:   0% 3948 MHz:   0% 3996 MHz:   0% 4044 MHz:   0% 4104 MHz:   0% 4416 MHz:   0% 4512 MHz: 1.2%)
CPU 6 idle residency:   2.92%
CPU 6 down residency:  95.55%
CPU 7 frequency: 4194 MHz
CPU 7 active residency:   2.48% (1260 MHz: .03% 1512 MHz: .03% 1800 MHz: .05% 2088 MHz: .09% 2352 MHz: .11% 2616 MHz:   0% 2868 MHz: .00% 3096 MHz:   0% 3300 MHz:   0% 3468 MHz:   0% 3624 MHz:   0% 3756 MHz:   0% 3828 MHz:   0% 3888 MHz:   0% 3948 MHz:   0% 3996 MHz:   0% 4044 MHz:   0% 4104 MHz:   0% 4416 MHz: .04% 4512 MHz: 2.1%)
CPU 7 idle residency:   2.80%
CPU 7 down residency:  94.72%
CPU 8 frequency: 4063 MHz
CPU 8 active residency:   1.54% (1260 MHz: .01% 1512 MHz: .03% 1800 MHz: .05% 2088 MHz: .09% 2352 MHz: .11% 2616 MHz:   0% 2868 MHz:   0% 3096 MHz:   0% 3300 MHz:   0% 3468 MHz:   0% 3624 MHz:   0% 3756 MHz:   0% 3828 MHz:   0% 3888 MHz:   0% 3948 MHz:   0% 3996 MHz:   0% 4044 MHz:   0% 4104 MHz:   0% 4416 MHz:   0% 4512 MHz: 1.3%)
CPU 8 idle residency:   2.92%
CPU 8 down residency:  95.54%
CPU 9 frequency: 4178 MHz
CPU 9 active residency:   2.35% (1260 MHz: .02% 1512 MHz: .03% 1800 MHz: .05% 2088 MHz: .10% 2352 MHz: .11% 2616 MHz:   0% 2868 MHz: .01% 3096 MHz:   0% 3300 MHz:   0% 3468 MHz:   0% 3624 MHz:   0% 3756 MHz:   0% 3828 MHz:   0% 3888 MHz:   0% 3948 MHz:   0% 3996 MHz:   0% 4044 MHz:   0% 4104 MHz:   0% 4416 MHz: .00% 4512 MHz: 2.0%)
CPU 9 idle residency:   2.90%
CPU 9 down residency:  94.76%

P1-Cluster HW active frequency: 4018 MHz
P1-Cluster HW active residency:  99.87% (1260 MHz:   0% 1512 MHz:   0% 1800 MHz:   0% 2088 MHz:   0% 2352 MHz:   0% 2616 MHz:   0% 2868 MHz:   0% 3096 MHz:   0% 3300 MHz:   0% 3468 MHz:   0% 3624 MHz:   0% 3756 MHz:   0% 3828 MHz:   0% 3888 MHz:  26% 3948 MHz:  24% 3996 MHz:  24% 4044 MHz:  14% 4104 MHz:   0% 4416 MHz: 4.9% 4512 MHz: 6.6%)
P1-Cluster idle residency:   0.13%
P1-Cluster down residency:   0.00%
CPU 10 frequency: 4512 MHz
CPU 10 active residency:  46.80% (1260 MHz:   0% 1512 MHz:   0% 1800 MHz:   0% 2088 MHz:   0% 2352 MHz:   0% 2616 MHz:   0% 2868 MHz:   0% 3096 MHz:   0% 3300 MHz:   0% 3468 MHz:   0% 3624 MHz:   0% 3756 MHz:   0% 3828 MHz:   0% 3888 MHz:   0% 3948 MHz:   0% 3996 MHz:   0% 4044 MHz:   0% 4104 MHz:   0% 4416 MHz:   0% 4512 MHz:  47%)
CPU 10 idle residency:  53.20%
CPU 10 down residency:   0.00%
CPU 11 frequency: 4512 MHz
CPU 11 active residency:  49.15% (1260 MHz:   0% 1512 MHz:   0% 1800 MHz:   0% 2088 MHz:   0% 2352 MHz:   0% 2616 MHz:   0% 2868 MHz:   0% 3096 MHz:   0% 3300 MHz:   0% 3468 MHz:   0% 3624 MHz:   0% 3756 MHz:   0% 3828 MHz:   0% 3888 MHz:   0% 3948 MHz:   0% 3996 MHz:   0% 4044 MHz:   0% 4104 MHz:   0% 4416 MHz:   0% 4512 MHz:  49%)
CPU 11 idle residency:  50.85%
CPU 11 down residency:   0.00%
CPU 12 frequency: 4512 MHz
CPU 12 active residency:  44.99% (1260 MHz:   0% 1512 MHz:   0% 1800 MHz:   0% 2088 MHz:   0% 2352 MHz:   0% 2616 MHz:   0% 2868 MHz:   0% 3096 MHz:   0% 3300 MHz:   0% 3468 MHz:   0% 3624 MHz:   0% 3756 MHz:   0% 3828 MHz:   0% 3888 MHz:   0% 3948 MHz:   0% 3996 MHz:   0% 4044 MHz:   0% 4104 MHz:   0% 4416 MHz:   0% 4512 MHz:  45%)
CPU 12 idle residency:  55.01%
CPU 12 down residency:   0.00%
CPU 13 frequency: 4512 MHz
CPU 13 active residency:  47.34% (1260 MHz:   0% 1512 MHz:   0% 1800 MHz:   0% 2088 MHz:   0% 2352 MHz:   0% 2616 MHz:   0% 2868 MHz:   0% 3096 MHz:   0% 3300 MHz:   0% 3468 MHz:   0% 3624 MHz:   0% 3756 MHz:   0% 3828 MHz:   0% 3888 MHz:   0% 3948 MHz:   0% 3996 MHz:   0% 4044 MHz:   0% 4104 MHz:   0% 4416 MHz:   0% 4512 MHz:  47%)
CPU 13 idle residency:  52.66%
CPU 13 down residency:   0.00%
CPU 14 frequency: 4512 MHz
CPU 14 active residency:  48.33% (1260 MHz:   0% 1512 MHz:   0% 1800 MHz:   0% 2088 MHz:   0% 2352 MHz:   0% 2616 MHz:   0% 2868 MHz:   0% 3096 MHz:   0% 3300 MHz:   0% 3468 MHz:   0% 3624 MHz:   0% 3756 MHz:   0% 3828 MHz:   0% 3888 MHz:   0% 3948 MHz:   0% 3996 MHz:   0% 4044 MHz:   0% 4104 MHz:   0% 4416 MHz:   0% 4512 MHz:  48%)
CPU 14 idle residency:  51.67%
CPU 14 down residency:   0.00%
CPU 15 frequency: 4512 MHz
CPU 15 active residency:  49.17% (1260 MHz:   0% 1512 MHz:   0% 1800 MHz:   0% 2088 MHz:   0% 2352 MHz:   0% 2616 MHz:   0% 2868 MHz:   0% 3096 MHz:   0% 3300 MHz:   0% 3468 MHz:   0% 3624 MHz:   0% 3756 MHz:   0% 3828 MHz:   0% 3888 MHz:   0% 3948 MHz:   0% 3996 MHz:   0% 4044 MHz:   0% 4104 MHz:   0% 4416 MHz:   0% 4512 MHz:  49%)
CPU 15 idle residency:  50.83%
CPU 15 down residency:   0.00%

CPU Power: 7387 mW
GPU Power: 12713 mW
ANE Power: 0 mW
Combined Power (CPU + GPU + ANE): 20100 mW

**** GPU usage ****

GPU HW active frequency: 1561 MHz
GPU HW active residency:  95.15% (338 MHz: 1.3% 618 MHz:   0% 796 MHz:   0% 924 MHz:   0% 952 MHz:   0% 1056 MHz:   0% 1062 MHz:   0% 1182 MHz:   0% 1182 MHz:   0% 1312 MHz:   0% 1242 MHz:   0% 1380 MHz:   0% 1326 MHz:   0% 1470 MHz:   0% 1578 MHz:  94%)
GPU SW requested state: (P1 :   0% P2 :   0% P3 :   0% P4 :   0% P5 :   0% P6 :   0% P7 :   0% P8 :   0% P9 :   0% P10 : 100% P11 :   0% P12 :   0% P13 :   0% P14 :   0% P15 :   0%)
GPU SW state: (SW_P1 : 1.3% SW_P2 :   0% SW_P3 :   0% SW_P4 :   0% SW_P5 :   0% SW_P6 :   0% SW_P7 :   0% SW_P8 :   0% SW_P9 :   0% SW_P10 :  94% SW_P11 :   0% SW_P12 :   0% SW_P13 :   0% SW_P14 :   0% SW_P15 :   0%)
GPU idle residency:   4.85%
GPU Power: 12878 mW



*** Sampled system activity (Tue Jan 20 15:14:07 2026 +0100) (1020.22ms elapsed) ***


**** Processor usage ****

E-Cluster Online: 100%
E-Cluster HW active frequency: 2272 MHz
E-Cluster HW active residency:  56.69% (1020 MHz: 9.7% 1404 MHz: .43% 1788 MHz: 1.8% 2112 MHz: .38% 2352 MHz: 2.2% 2532 MHz: 4.3% 2592 MHz:  38%)
E-Cluster idle residency:  43.31%
E-Cluster down residency:   0.00%
CPU 0 frequency: 2316 MHz
CPU 0 active residency:  21.04% (1020 MHz: 2.9% 1404 MHz: .19% 1788 MHz: .77% 2112 MHz: .11% 2352 MHz: .71% 2532 MHz: 1.8% 2592 MHz:  15%)
CPU 0 idle residency:  78.96%
CPU 0 down residency:   0.00%
CPU 1 frequency: 2267 MHz
CPU 1 active residency:  14.66% (1020 MHz: 2.3% 1404 MHz: .22% 1788 MHz: .74% 2112 MHz: .27% 2352 MHz: .68% 2532 MHz: 1.2% 2592 MHz: 9.3%)
CPU 1 idle residency:  85.34%
CPU 1 down residency:   0.00%
CPU 2 frequency: 2298 MHz
CPU 2 active residency:   7.20% (1020 MHz: 1.2% 1404 MHz: .03% 1788 MHz: .12% 2112 MHz: .00% 2352 MHz: .11% 2532 MHz: .42% 2592 MHz: 5.3%)
CPU 2 idle residency:  92.80%
CPU 2 down residency:   0.00%
CPU 3 frequency: 2150 MHz
CPU 3 active residency:   4.01% (1020 MHz: .97% 1404 MHz: .04% 1788 MHz: .13% 2112 MHz: .02% 2352 MHz: .23% 2532 MHz: .50% 2592 MHz: 2.1%)
CPU 3 idle residency:  95.99%
CPU 3 down residency:   0.00%

P0-Cluster Online: 8%
P0-Cluster HW active frequency: 1838 MHz
P0-Cluster HW active residency:   2.23% (1260 MHz: 1.5% 1512 MHz: .23% 1800 MHz:   0% 2088 MHz:   0% 2352 MHz: .01% 2616 MHz: .17% 2868 MHz:   0% 3096 MHz:   0% 3300 MHz:   0% 3468 MHz:   0% 3624 MHz:   0% 3756 MHz:   0% 3828 MHz:   0% 3888 MHz: .01% 3948 MHz: .01% 3996 MHz: .01% 4044 MHz: .04% 4104 MHz:   0% 4416 MHz: .01% 4512 MHz: .23%)
P0-Cluster idle residency:   4.33%
P0-Cluster down residency:  93.44%
CPU 4 frequency: 0 MHz
CPU 4 active residency:   0.00% (1260 MHz:   0% 1512 MHz:   0% 1800 MHz:   0% 2088 MHz:   0% 2352 MHz:   0% 2616 MHz:   0% 2868 MHz:   0% 3096 MHz:   0% 3300 MHz:   0% 3468 MHz:   0% 3624 MHz:   0% 3756 MHz:   0% 3828 MHz:   0% 3888 MHz:   0% 3948 MHz:   0% 3996 MHz:   0% 4044 MHz:   0% 4104 MHz:   0% 4416 MHz:   0% 4512 MHz:   0%)
CPU 4 idle residency:   6.23%
CPU 4 down residency:  93.77%
CPU 5 frequency: 0 MHz
CPU 5 active residency:   0.00% (1260 MHz:   0% 1512 MHz:   0% 1800 MHz:   0% 2088 MHz:   0% 2352 MHz:   0% 2616 MHz:   0% 2868 MHz:   0% 3096 MHz:   0% 3300 MHz:   0% 3468 MHz:   0% 3624 MHz:   0% 3756 MHz:   0% 3828 MHz:   0% 3888 MHz:   0% 3948 MHz:   0% 3996 MHz:   0% 4044 MHz:   0% 4104 MHz:   0% 4416 MHz:   0% 4512 MHz:   0%)
CPU 5 idle residency:   6.30%
CPU 5 down residency:  93.70%
CPU 6 frequency: 0 MHz
CPU 6 active residency:   0.00% (1260 MHz:   0% 1512 MHz:   0% 1800 MHz:   0% 2088 MHz:   0% 2352 MHz:   0% 2616 MHz:   0% 2868 MHz:   0% 3096 MHz:   0% 3300 MHz:   0% 3468 MHz:   0% 3624 MHz:   0% 3756 MHz:   0% 3828 MHz:   0% 3888 MHz:   0% 3948 MHz:   0% 3996 MHz:   0% 4044 MHz:   0% 4104 MHz:   0% 4416 MHz:   0% 4512 MHz:   0%)
CPU 6 idle residency:   6.31%
CPU 6 down residency:  93.69%
CPU 7 frequency: 0 MHz
CPU 7 active residency:   0.00% (1260 MHz:   0% 1512 MHz:   0% 1800 MHz:   0% 2088 MHz:   0% 2352 MHz:   0% 2616 MHz:   0% 2868 MHz:   0% 3096 MHz:   0% 3300 MHz:   0% 3468 MHz:   0% 3624 MHz:   0% 3756 MHz:   0% 3828 MHz:   0% 3888 MHz:   0% 3948 MHz:   0% 3996 MHz:   0% 4044 MHz:   0% 4104 MHz:   0% 4416 MHz:   0% 4512 MHz:   0%)
CPU 7 idle residency:   6.27%
CPU 7 down residency:  93.73%
CPU 8 frequency: 0 MHz
CPU 8 active residency:   0.00% (1260 MHz:   0% 1512 MHz:   0% 1800 MHz:   0% 2088 MHz:   0% 2352 MHz:   0% 2616 MHz:   0% 2868 MHz:   0% 3096 MHz:   0% 3300 MHz:   0% 3468 MHz:   0% 3624 MHz:   0% 3756 MHz:   0% 3828 MHz:   0% 3888 MHz:   0% 3948 MHz:   0% 3996 MHz:   0% 4044 MHz:   0% 4104 MHz:   0% 4416 MHz:   0% 4512 MHz:   0%)
CPU 8 idle residency:   6.30%
CPU 8 down residency:  93.70%
CPU 9 frequency: 0 MHz
CPU 9 active residency:   0.00% (1260 MHz:   0% 1512 MHz:   0% 1800 MHz:   0% 2088 MHz:   0% 2352 MHz:   0% 2616 MHz:   0% 2868 MHz:   0% 3096 MHz:   0% 3300 MHz:   0% 3468 MHz:   0% 3624 MHz:   0% 3756 MHz:   0% 3828 MHz:   0% 3888 MHz:   0% 3948 MHz:   0% 3996 MHz:   0% 4044 MHz:   0% 4104 MHz:   0% 4416 MHz:   0% 4512 MHz:   0%)
CPU 9 idle residency:   6.00%
CPU 9 down residency:  94.00%

P1-Cluster HW active frequency: 4033 MHz
P1-Cluster HW active residency:  99.83% (1260 MHz:   0% 1512 MHz: .01% 1800 MHz:   0% 2088 MHz:   0% 2352 MHz:   0% 2616 MHz:   0% 2868 MHz:   0% 3096 MHz:   0% 3300 MHz:   0% 3468 MHz:   0% 3624 MHz:   0% 3756 MHz:   0% 3828 MHz: .00% 3888 MHz:  12% 3948 MHz:  33% 3996 MHz:  27% 4044 MHz:  15% 4104 MHz:   0% 4416 MHz: 5.5% 4512 MHz: 6.9%)
P1-Cluster idle residency:   0.17%
P1-Cluster down residency:   0.00%
CPU 10 frequency: 4512 MHz
CPU 10 active residency:  43.93% (1260 MHz:   0% 1512 MHz:   0% 1800 MHz:   0% 2088 MHz:   0% 2352 MHz:   0% 2616 MHz:   0% 2868 MHz:   0% 3096 MHz:   0% 3300 MHz:   0% 3468 MHz:   0% 3624 MHz:   0% 3756 MHz:   0% 3828 MHz:   0% 3888 MHz:   0% 3948 MHz:   0% 3996 MHz:   0% 4044 MHz:   0% 4104 MHz:   0% 4416 MHz:   0% 4512 MHz:  44%)
CPU 10 idle residency:  56.07%
CPU 10 down residency:   0.00%
CPU 11 frequency: 4511 MHz
CPU 11 active residency:  41.58% (1260 MHz:   0% 1512 MHz: .01% 1800 MHz:   0% 2088 MHz:   0% 2352 MHz:   0% 2616 MHz:   0% 2868 MHz:   0% 3096 MHz:   0% 3300 MHz:   0% 3468 MHz:   0% 3624 MHz:   0% 3756 MHz:   0% 3828 MHz:   0% 3888 MHz:   0% 3948 MHz:   0% 3996 MHz:   0% 4044 MHz:   0% 4104 MHz:   0% 4416 MHz:   0% 4512 MHz:  42%)
CPU 11 idle residency:  58.42%
CPU 11 down residency:   0.00%
CPU 12 frequency: 4511 MHz
CPU 12 active residency:  38.83% (1260 MHz:   0% 1512 MHz: .01% 1800 MHz:   0% 2088 MHz:   0% 2352 MHz:   0% 2616 MHz:   0% 2868 MHz:   0% 3096 MHz:   0% 3300 MHz:   0% 3468 MHz:   0% 3624 MHz:   0% 3756 MHz:   0% 3828 MHz:   0% 3888 MHz:   0% 3948 MHz:   0% 3996 MHz:   0% 4044 MHz:   0% 4104 MHz:   0% 4416 MHz:   0% 4512 MHz:  39%)
CPU 12 idle residency:  61.17%
CPU 12 down residency:   0.00%
CPU 13 frequency: 4512 MHz
CPU 13 active residency:  40.57% (1260 MHz:   0% 1512 MHz:   0% 1800 MHz:   0% 2088 MHz:   0% 2352 MHz:   0% 2616 MHz:   0% 2868 MHz:   0% 3096 MHz:   0% 3300 MHz:   0% 3468 MHz:   0% 3624 MHz:   0% 3756 MHz:   0% 3828 MHz:   0% 3888 MHz:   0% 3948 MHz:   0% 3996 MHz:   0% 4044 MHz:   0% 4104 MHz:   0% 4416 MHz:   0% 4512 MHz:  41%)
CPU 13 idle residency:  59.43%
CPU 13 down residency:   0.00%
CPU 14 frequency: 4511 MHz
CPU 14 active residency:  41.95% (1260 MHz:   0% 1512 MHz: .01% 1800 MHz:   0% 2088 MHz:   0% 2352 MHz:   0% 2616 MHz:   0% 2868 MHz:   0% 3096 MHz:   0% 3300 MHz:   0% 3468 MHz:   0% 3624 MHz:   0% 3756 MHz:   0% 3828 MHz:   0% 3888 MHz:   0% 3948 MHz:   0% 3996 MHz:   0% 4044 MHz:   0% 4104 MHz:   0% 4416 MHz:   0% 4512 MHz:  42%)
CPU 14 idle residency:  58.05%
CPU 14 down residency:   0.00%
CPU 15 frequency: 4512 MHz
CPU 15 active residency:  43.86% (1260 MHz:   0% 1512 MHz: .01% 1800 MHz:   0% 2088 MHz:   0% 2352 MHz:   0% 2616 MHz:   0% 2868 MHz:   0% 3096 MHz:   0% 3300 MHz:   0% 3468 MHz:   0% 3624 MHz:   0% 3756 MHz:   0% 3828 MHz:   0% 3888 MHz:   0% 3948 MHz:   0% 3996 MHz:   0% 4044 MHz:   0% 4104 MHz:   0% 4416 MHz:   0% 4512 MHz:  44%)
CPU 15 idle residency:  56.14%
CPU 15 down residency:   0.00%

CPU Power: 7126 mW
GPU Power: 12678 mW
ANE Power: 0 mW
Combined Power (CPU + GPU + ANE): 19804 mW

**** GPU usage ****

GPU HW active frequency: 1561 MHz
GPU HW active residency:  95.29% (338 MHz: 1.3% 618 MHz:   0% 796 MHz:   0% 924 MHz:   0% 952 MHz:   0% 1056 MHz:   0% 1062 MHz:   0% 1182 MHz:   0% 1182 MHz:   0% 1312 MHz:   0% 1242 MHz:   0% 1380 MHz:   0% 1326 MHz:   0% 1470 MHz:   0% 1578 MHz:  94%)
GPU SW requested state: (P1 :   0% P2 :   0% P3 :   0% P4 :   0% P5 :   0% P6 :   0% P7 :   0% P8 :   0% P9 :   0% P10 : 100% P11 :   0% P12 :   0% P13 :   0% P14 :   0% P15 :   0%)
GPU SW state: (SW_P1 : 1.3% SW_P2 :   0% SW_P3 :   0% SW_P4 :   0% SW_P5 :   0% SW_P6 :   0% SW_P7 :   0% SW_P8 :   0% SW_P9 :   0% SW_P10 :  94% SW_P11 :   0% SW_P12 :   0% SW_P13 :   0% SW_P14 :   0% SW_P15 :   0%)
GPU idle residency:   4.71%
GPU Power: 12684 mW



*** Sampled system activity (Tue Jan 20 15:14:08 2026 +0100) (1020.31ms elapsed) ***


**** Processor usage ****

E-Cluster Online: 100%
E-Cluster HW active frequency: 1844 MHz
E-Cluster HW active residency:  67.34% (1020 MHz:  26% 1404 MHz: 3.6% 1788 MHz: 4.0% 2112 MHz: 1.4% 2352 MHz: 4.9% 2532 MHz: 4.8% 2592 MHz:  23%)
E-Cluster idle residency:  32.66%
E-Cluster down residency:   0.00%
CPU 0 frequency: 1868 MHz
CPU 0 active residency:  35.36% (1020 MHz:  13% 1404 MHz: 2.2% 1788 MHz: 2.7% 2112 MHz: .75% 2352 MHz: 2.8% 2532 MHz: 2.5% 2592 MHz:  12%)
CPU 0 idle residency:  64.64%
CPU 0 down residency:   0.00%
CPU 1 frequency: 1855 MHz
CPU 1 active residency:  25.40% (1020 MHz: 9.1% 1404 MHz: 1.6% 1788 MHz: 1.9% 2112 MHz: 1.2% 2352 MHz: 1.5% 2532 MHz: 1.9% 2592 MHz: 8.2%)
CPU 1 idle residency:  74.60%
CPU 1 down residency:   0.00%
CPU 2 frequency: 1769 MHz
CPU 2 active residency:  18.44% (1020 MHz: 7.9% 1404 MHz: 1.1% 1788 MHz: 1.1% 2112 MHz: .50% 2352 MHz: 1.1% 2532 MHz: 1.3% 2592 MHz: 5.5%)
CPU 2 idle residency:  81.56%
CPU 2 down residency:   0.00%
CPU 3 frequency: 1798 MHz
CPU 3 active residency:  12.17% (1020 MHz: 4.6% 1404 MHz: 1.1% 1788 MHz: .95% 2112 MHz: .50% 2352 MHz: .80% 2532 MHz: .69% 2592 MHz: 3.6%)
CPU 3 idle residency:  87.83%
CPU 3 down residency:   0.00%

P0-Cluster Online: 4%
P0-Cluster HW active frequency: 1758 MHz
P0-Cluster HW active residency:   1.28% (1260 MHz: .78% 1512 MHz: .06% 1800 MHz: .09% 2088 MHz: .22% 2352 MHz:   0% 2616 MHz:   0% 2868 MHz:   0% 3096 MHz:   0% 3300 MHz:   0% 3468 MHz:   0% 3624 MHz:   0% 3756 MHz:   0% 3828 MHz:   0% 3888 MHz: .00% 3948 MHz: .01% 3996 MHz:   0% 4044 MHz: .04% 4104 MHz:   0% 4416 MHz: .03% 4512 MHz: .04%)
P0-Cluster idle residency:   1.86%
P0-Cluster down residency:  96.86%
CPU 4 frequency: 0 MHz
CPU 4 active residency:   0.00% (1260 MHz:   0% 1512 MHz:   0% 1800 MHz:   0% 2088 MHz:   0% 2352 MHz:   0% 2616 MHz:   0% 2868 MHz:   0% 3096 MHz:   0% 3300 MHz:   0% 3468 MHz:   0% 3624 MHz:   0% 3756 MHz:   0% 3828 MHz:   0% 3888 MHz:   0% 3948 MHz:   0% 3996 MHz:   0% 4044 MHz:   0% 4104 MHz:   0% 4416 MHz:   0% 4512 MHz:   0%)
CPU 4 idle residency:   2.99%
CPU 4 down residency:  97.01%
CPU 5 frequency: 0 MHz
CPU 5 active residency:   0.00% (1260 MHz:   0% 1512 MHz:   0% 1800 MHz:   0% 2088 MHz:   0% 2352 MHz:   0% 2616 MHz:   0% 2868 MHz:   0% 3096 MHz:   0% 3300 MHz:   0% 3468 MHz:   0% 3624 MHz:   0% 3756 MHz:   0% 3828 MHz:   0% 3888 MHz:   0% 3948 MHz:   0% 3996 MHz:   0% 4044 MHz:   0% 4104 MHz:   0% 4416 MHz:   0% 4512 MHz:   0%)
CPU 5 idle residency:   3.02%
CPU 5 down residency:  96.98%
CPU 6 frequency: 0 MHz
CPU 6 active residency:   0.00% (1260 MHz:   0% 1512 MHz:   0% 1800 MHz:   0% 2088 MHz:   0% 2352 MHz:   0% 2616 MHz:   0% 2868 MHz:   0% 3096 MHz:   0% 3300 MHz:   0% 3468 MHz:   0% 3624 MHz:   0% 3756 MHz:   0% 3828 MHz:   0% 3888 MHz:   0% 3948 MHz:   0% 3996 MHz:   0% 4044 MHz:   0% 4104 MHz:   0% 4416 MHz:   0% 4512 MHz:   0%)
CPU 6 idle residency:   3.03%
CPU 6 down residency:  96.97%
CPU 7 frequency: 0 MHz
CPU 7 active residency:   0.00% (1260 MHz:   0% 1512 MHz:   0% 1800 MHz:   0% 2088 MHz:   0% 2352 MHz:   0% 2616 MHz:   0% 2868 MHz:   0% 3096 MHz:   0% 3300 MHz:   0% 3468 MHz:   0% 3624 MHz:   0% 3756 MHz:   0% 3828 MHz:   0% 3888 MHz:   0% 3948 MHz:   0% 3996 MHz:   0% 4044 MHz:   0% 4104 MHz:   0% 4416 MHz:   0% 4512 MHz:   0%)
CPU 7 idle residency:   3.02%
CPU 7 down residency:  96.98%
CPU 8 frequency: 0 MHz
CPU 8 active residency:   0.00% (1260 MHz:   0% 1512 MHz:   0% 1800 MHz:   0% 2088 MHz:   0% 2352 MHz:   0% 2616 MHz:   0% 2868 MHz:   0% 3096 MHz:   0% 3300 MHz:   0% 3468 MHz:   0% 3624 MHz:   0% 3756 MHz:   0% 3828 MHz:   0% 3888 MHz:   0% 3948 MHz:   0% 3996 MHz:   0% 4044 MHz:   0% 4104 MHz:   0% 4416 MHz:   0% 4512 MHz:   0%)
CPU 8 idle residency:   3.01%
CPU 8 down residency:  96.99%
CPU 9 frequency: 0 MHz
CPU 9 active residency:   0.00% (1260 MHz:   0% 1512 MHz:   0% 1800 MHz:   0% 2088 MHz:   0% 2352 MHz:   0% 2616 MHz:   0% 2868 MHz:   0% 3096 MHz:   0% 3300 MHz:   0% 3468 MHz:   0% 3624 MHz:   0% 3756 MHz:   0% 3828 MHz:   0% 3888 MHz:   0% 3948 MHz:   0% 3996 MHz:   0% 4044 MHz:   0% 4104 MHz:   0% 4416 MHz:   0% 4512 MHz:   0%)
CPU 9 idle residency:   2.95%
CPU 9 down residency:  97.05%

P1-Cluster HW active frequency: 4025 MHz
P1-Cluster HW active residency:  99.90% (1260 MHz:   0% 1512 MHz:   0% 1800 MHz:   0% 2088 MHz:   0% 2352 MHz:   0% 2616 MHz:   0% 2868 MHz:   0% 3096 MHz:   0% 3300 MHz:   0% 3468 MHz:   0% 3624 MHz:   0% 3756 MHz:   0% 3828 MHz:   0% 3888 MHz:  19% 3948 MHz:  28% 3996 MHz:  25% 4044 MHz:  16% 4104 MHz:   0% 4416 MHz: 5.0% 4512 MHz: 6.6%)
P1-Cluster idle residency:   0.10%
P1-Cluster down residency:   0.00%
CPU 10 frequency: 4512 MHz
CPU 10 active residency:  46.29% (1260 MHz:   0% 1512 MHz:   0% 1800 MHz:   0% 2088 MHz:   0% 2352 MHz:   0% 2616 MHz:   0% 2868 MHz:   0% 3096 MHz:   0% 3300 MHz:   0% 3468 MHz:   0% 3624 MHz:   0% 3756 MHz:   0% 3828 MHz:   0% 3888 MHz:   0% 3948 MHz:   0% 3996 MHz:   0% 4044 MHz:   0% 4104 MHz:   0% 4416 MHz:   0% 4512 MHz:  46%)
CPU 10 idle residency:  53.71%
CPU 10 down residency:   0.00%
CPU 11 frequency: 4512 MHz
CPU 11 active residency:  47.46% (1260 MHz:   0% 1512 MHz:   0% 1800 MHz:   0% 2088 MHz:   0% 2352 MHz:   0% 2616 MHz:   0% 2868 MHz:   0% 3096 MHz:   0% 3300 MHz:   0% 3468 MHz:   0% 3624 MHz:   0% 3756 MHz:   0% 3828 MHz:   0% 3888 MHz:   0% 3948 MHz:   0% 3996 MHz:   0% 4044 MHz:   0% 4104 MHz:   0% 4416 MHz:   0% 4512 MHz:  47%)
CPU 11 idle residency:  52.54%
CPU 11 down residency:   0.00%
CPU 12 frequency: 4512 MHz
CPU 12 active residency:  46.98% (1260 MHz:   0% 1512 MHz:   0% 1800 MHz:   0% 2088 MHz:   0% 2352 MHz:   0% 2616 MHz:   0% 2868 MHz:   0% 3096 MHz:   0% 3300 MHz:   0% 3468 MHz:   0% 3624 MHz:   0% 3756 MHz:   0% 3828 MHz:   0% 3888 MHz:   0% 3948 MHz:   0% 3996 MHz:   0% 4044 MHz:   0% 4104 MHz:   0% 4416 MHz:   0% 4512 MHz:  47%)
CPU 12 idle residency:  53.02%
CPU 12 down residency:   0.00%
CPU 13 frequency: 4512 MHz
CPU 13 active residency:  42.81% (1260 MHz:   0% 1512 MHz:   0% 1800 MHz:   0% 2088 MHz:   0% 2352 MHz:   0% 2616 MHz:   0% 2868 MHz:   0% 3096 MHz:   0% 3300 MHz:   0% 3468 MHz:   0% 3624 MHz:   0% 3756 MHz:   0% 3828 MHz:   0% 3888 MHz:   0% 3948 MHz:   0% 3996 MHz:   0% 4044 MHz:   0% 4104 MHz:   0% 4416 MHz:   0% 4512 MHz:  43%)
CPU 13 idle residency:  57.19%
CPU 13 down residency:   0.00%
CPU 14 frequency: 4512 MHz
CPU 14 active residency:  43.00% (1260 MHz:   0% 1512 MHz:   0% 1800 MHz:   0% 2088 MHz:   0% 2352 MHz:   0% 2616 MHz:   0% 2868 MHz:   0% 3096 MHz:   0% 3300 MHz:   0% 3468 MHz:   0% 3624 MHz:   0% 3756 MHz:   0% 3828 MHz:   0% 3888 MHz:   0% 3948 MHz:   0% 3996 MHz:   0% 4044 MHz:   0% 4104 MHz:   0% 4416 MHz:   0% 4512 MHz:  43%)
CPU 14 idle residency:  57.00%
CPU 14 down residency:   0.00%
CPU 15 frequency: 4512 MHz
CPU 15 active residency:  36.49% (1260 MHz:   0% 1512 MHz:   0% 1800 MHz:   0% 2088 MHz:   0% 2352 MHz:   0% 2616 MHz:   0% 2868 MHz:   0% 3096 MHz:   0% 3300 MHz:   0% 3468 MHz:   0% 3624 MHz:   0% 3756 MHz:   0% 3828 MHz:   0% 3888 MHz:   0% 3948 MHz:   0% 3996 MHz:   0% 4044 MHz:   0% 4104 MHz:   0% 4416 MHz:   0% 4512 MHz:  36%)
CPU 15 idle residency:  63.51%
CPU 15 down residency:   0.00%

CPU Power: 7242 mW
GPU Power: 12724 mW
ANE Power: 0 mW
Combined Power (CPU + GPU + ANE): 19966 mW

**** GPU usage ****

GPU HW active frequency: 1561 MHz
GPU HW active residency:  95.26% (338 MHz: 1.3% 618 MHz:   0% 796 MHz:   0% 924 MHz:   0% 952 MHz:   0% 1056 MHz:   0% 1062 MHz:   0% 1182 MHz:   0% 1182 MHz:   0% 1312 MHz:   0% 1242 MHz:   0% 1380 MHz:   0% 1326 MHz:   0% 1470 MHz:   0% 1578 MHz:  94%)
GPU SW requested state: (P1 :   0% P2 :   0% P3 :   0% P4 :   0% P5 :   0% P6 :   0% P7 :   0% P8 :   0% P9 :   0% P10 : 100% P11 :   0% P12 :   0% P13 :   0% P14 :   0% P15 :   0%)
GPU SW state: (SW_P1 : 1.3% SW_P2 :   0% SW_P3 :   0% SW_P4 :   0% SW_P5 :   0% SW_P6 :   0% SW_P7 :   0% SW_P8 :   0% SW_P9 :   0% SW_P10 :  94% SW_P11 :   0% SW_P12 :   0% SW_P13 :   0% SW_P14 :   0% SW_P15 :   0%)
GPU idle residency:   4.74%
GPU Power: 12595 mW



*** Sampled system activity (Tue Jan 20 15:14:09 2026 +0100) (1020.01ms elapsed) ***


**** Processor usage ****

E-Cluster Online: 100%
E-Cluster HW active frequency: 1402 MHz
E-Cluster HW active residency:  65.63% (1020 MHz:  41% 1404 MHz: 5.4% 1788 MHz: 7.9% 2112 MHz: 1.5% 2352 MHz: 2.1% 2532 MHz: 3.2% 2592 MHz: 4.8%)
E-Cluster idle residency:  34.37%
E-Cluster down residency:   0.00%
CPU 0 frequency: 1397 MHz
CPU 0 active residency:  32.45% (1020 MHz:  20% 1404 MHz: 2.8% 1788 MHz: 5.0% 2112 MHz: .88% 2352 MHz: 1.0% 2532 MHz: 1.3% 2592 MHz: 2.0%)
CPU 0 idle residency:  67.55%
CPU 0 down residency:   0.00%
CPU 1 frequency: 1440 MHz
CPU 1 active residency:  25.53% (1020 MHz:  14% 1404 MHz: 2.1% 1788 MHz: 4.7% 2112 MHz: 1.2% 2352 MHz: .72% 2532 MHz: 1.2% 2592 MHz: 1.4%)
CPU 1 idle residency:  74.47%
CPU 1 down residency:   0.00%
CPU 2 frequency: 1447 MHz
CPU 2 active residency:  22.53% (1020 MHz:  12% 1404 MHz: 2.4% 1788 MHz: 4.0% 2112 MHz: .71% 2352 MHz: 1.2% 2532 MHz: .59% 2592 MHz: 1.5%)
CPU 2 idle residency:  77.47%
CPU 2 down residency:   0.00%
CPU 3 frequency: 1448 MHz
CPU 3 active residency:  15.00% (1020 MHz: 8.1% 1404 MHz: 1.6% 1788 MHz: 2.6% 2112 MHz: .59% 2352 MHz: .55% 2532 MHz: .51% 2592 MHz: 1.0%)
CPU 3 idle residency:  85.00%
CPU 3 down residency:   0.00%

P0-Cluster Online: 89%
P0-Cluster HW active frequency: 4026 MHz
P0-Cluster HW active residency:  87.77% (1260 MHz: .00% 1512 MHz: .02% 1800 MHz:   0% 2088 MHz:   0% 2352 MHz:   0% 2616 MHz: .20% 2868 MHz:   0% 3096 MHz:   0% 3300 MHz:   0% 3468 MHz:   0% 3624 MHz:   0% 3756 MHz:   0% 3828 MHz: .00% 3888 MHz:  22% 3948 MHz:  22% 3996 MHz:  19% 4044 MHz:  12% 4104 MHz:   0% 4416 MHz: 5.2% 4512 MHz: 7.1%)
P0-Cluster idle residency:   0.12%
P0-Cluster down residency:  12.11%
CPU 4 frequency: 4484 MHz
CPU 4 active residency:  48.31% (1260 MHz: .11% 1512 MHz: .16% 1800 MHz: .02% 2088 MHz: .01% 2352 MHz: .02% 2616 MHz: .21% 2868 MHz:   0% 3096 MHz:   0% 3300 MHz:   0% 3468 MHz:   0% 3624 MHz:   0% 3756 MHz:   0% 3828 MHz:   0% 3888 MHz:   0% 3948 MHz:   0% 3996 MHz:   0% 4044 MHz:   0% 4104 MHz:   0% 4416 MHz:   0% 4512 MHz:  48%)
CPU 4 idle residency:  39.71%
CPU 4 down residency:  11.98%
CPU 5 frequency: 4482 MHz
CPU 5 active residency:  43.06% (1260 MHz: .10% 1512 MHz: .15% 1800 MHz: .02% 2088 MHz: .01% 2352 MHz: .02% 2616 MHz: .20% 2868 MHz:   0% 3096 MHz:   0% 3300 MHz:   0% 3468 MHz:   0% 3624 MHz:   0% 3756 MHz:   0% 3828 MHz:   0% 3888 MHz:   0% 3948 MHz:   0% 3996 MHz:   0% 4044 MHz:   0% 4104 MHz:   0% 4416 MHz:   0% 4512 MHz:  43%)
CPU 5 idle residency:  44.95%
CPU 5 down residency:  11.99%
CPU 6 frequency: 4478 MHz
CPU 6 active residency:  43.33% (1260 MHz: .11% 1512 MHz: .15% 1800 MHz: .02% 2088 MHz: .01% 2352 MHz: .02% 2616 MHz: .30% 2868 MHz:   0% 3096 MHz:   0% 3300 MHz:   0% 3468 MHz:   0% 3624 MHz:   0% 3756 MHz:   0% 3828 MHz:   0% 3888 MHz:   0% 3948 MHz:   0% 3996 MHz:   0% 4044 MHz:   0% 4104 MHz:   0% 4416 MHz:   0% 4512 MHz:  43%)
CPU 6 idle residency:  44.68%
CPU 6 down residency:  11.99%
CPU 7 frequency: 4476 MHz
CPU 7 active residency:  41.10% (1260 MHz: .11% 1512 MHz: .15% 1800 MHz: .02% 2088 MHz: .01% 2352 MHz: .02% 2616 MHz: .28% 2868 MHz:   0% 3096 MHz:   0% 3300 MHz:   0% 3468 MHz:   0% 3624 MHz:   0% 3756 MHz:   0% 3828 MHz:   0% 3888 MHz:   0% 3948 MHz:   0% 3996 MHz:   0% 4044 MHz:   0% 4104 MHz:   0% 4416 MHz:   0% 4512 MHz:  41%)
CPU 7 idle residency:  46.91%
CPU 7 down residency:  11.99%
CPU 8 frequency: 4470 MHz
CPU 8 active residency:  35.83% (1260 MHz: .11% 1512 MHz: .15% 1800 MHz: .02% 2088 MHz: .02% 2352 MHz: .02% 2616 MHz: .31% 2868 MHz:   0% 3096 MHz:   0% 3300 MHz:   0% 3468 MHz:   0% 3624 MHz:   0% 3756 MHz:   0% 3828 MHz:   0% 3888 MHz:   0% 3948 MHz:   0% 3996 MHz:   0% 4044 MHz:   0% 4104 MHz:   0% 4416 MHz:   0% 4512 MHz:  35%)
CPU 8 idle residency:  52.18%
CPU 8 down residency:  11.99%
CPU 9 frequency: 4481 MHz
CPU 9 active residency:  41.36% (1260 MHz: .11% 1512 MHz: .16% 1800 MHz: .02% 2088 MHz: .01% 2352 MHz: .02% 2616 MHz: .18% 2868 MHz:   0% 3096 MHz:   0% 3300 MHz:   0% 3468 MHz:   0% 3624 MHz:   0% 3756 MHz:   0% 3828 MHz:   0% 3888 MHz:   0% 3948 MHz:   0% 3996 MHz:   0% 4044 MHz:   0% 4104 MHz:   0% 4416 MHz:   0% 4512 MHz:  41%)
CPU 9 idle residency:  46.66%
CPU 9 down residency:  11.98%

P1-Cluster HW active frequency: 3553 MHz
P1-Cluster HW active residency:  16.58% (1260 MHz: 2.9% 1512 MHz:   0% 1800 MHz: .13% 2088 MHz:   0% 2352 MHz: .05% 2616 MHz: .03% 2868 MHz: .09% 3096 MHz: .03% 3300 MHz: .29% 3468 MHz: .07% 3624 MHz: .05% 3756 MHz: .04% 3828 MHz: .02% 3888 MHz: 1.0% 3948 MHz: 4.1% 3996 MHz: 1.2% 4044 MHz: 3.0% 4104 MHz:   0% 4416 MHz: 1.2% 4512 MHz: 2.2%)
P1-Cluster idle residency:   6.77%
P1-Cluster down residency:  76.64%
CPU 10 frequency: 4512 MHz
CPU 10 active residency:   0.21% (1260 MHz:   0% 1512 MHz:   0% 1800 MHz:   0% 2088 MHz:   0% 2352 MHz:   0% 2616 MHz:   0% 2868 MHz:   0% 3096 MHz:   0% 3300 MHz:   0% 3468 MHz:   0% 3624 MHz:   0% 3756 MHz:   0% 3828 MHz:   0% 3888 MHz:   0% 3948 MHz:   0% 3996 MHz:   0% 4044 MHz:   0% 4104 MHz:   0% 4416 MHz:   0% 4512 MHz: .21%)
CPU 10 idle residency:  19.33%
CPU 10 down residency:  80.47%
CPU 11 frequency: 4512 MHz
CPU 11 active residency:   0.55% (1260 MHz:   0% 1512 MHz:   0% 1800 MHz:   0% 2088 MHz:   0% 2352 MHz:   0% 2616 MHz:   0% 2868 MHz:   0% 3096 MHz:   0% 3300 MHz:   0% 3468 MHz:   0% 3624 MHz:   0% 3756 MHz:   0% 3828 MHz:   0% 3888 MHz:   0% 3948 MHz:   0% 3996 MHz:   0% 4044 MHz:   0% 4104 MHz:   0% 4416 MHz:   0% 4512 MHz: .55%)
CPU 11 idle residency:  19.61%
CPU 11 down residency:  79.85%
CPU 12 frequency: 4512 MHz
CPU 12 active residency:   1.10% (1260 MHz:   0% 1512 MHz:   0% 1800 MHz:   0% 2088 MHz:   0% 2352 MHz:   0% 2616 MHz:   0% 2868 MHz:   0% 3096 MHz:   0% 3300 MHz:   0% 3468 MHz:   0% 3624 MHz:   0% 3756 MHz:   0% 3828 MHz:   0% 3888 MHz:   0% 3948 MHz:   0% 3996 MHz:   0% 4044 MHz:   0% 4104 MHz:   0% 4416 MHz:   0% 4512 MHz: 1.1%)
CPU 12 idle residency:  20.13%
CPU 12 down residency:  78.77%
CPU 13 frequency: 4512 MHz
CPU 13 active residency:   0.72% (1260 MHz:   0% 1512 MHz:   0% 1800 MHz:   0% 2088 MHz:   0% 2352 MHz:   0% 2616 MHz:   0% 2868 MHz:   0% 3096 MHz:   0% 3300 MHz:   0% 3468 MHz:   0% 3624 MHz:   0% 3756 MHz:   0% 3828 MHz:   0% 3888 MHz:   0% 3948 MHz:   0% 3996 MHz:   0% 4044 MHz:   0% 4104 MHz:   0% 4416 MHz:   0% 4512 MHz: .72%)
CPU 13 idle residency:  19.52%
CPU 13 down residency:  79.76%
CPU 14 frequency: 4512 MHz
CPU 14 active residency:   0.01% (1260 MHz:   0% 1512 MHz:   0% 1800 MHz:   0% 2088 MHz:   0% 2352 MHz:   0% 2616 MHz:   0% 2868 MHz:   0% 3096 MHz:   0% 3300 MHz:   0% 3468 MHz:   0% 3624 MHz:   0% 3756 MHz:   0% 3828 MHz:   0% 3888 MHz:   0% 3948 MHz:   0% 3996 MHz:   0% 4044 MHz:   0% 4104 MHz:   0% 4416 MHz:   0% 4512 MHz: .01%)
CPU 14 idle residency:  18.42%
CPU 14 down residency:  81.57%
CPU 15 frequency: 4512 MHz
CPU 15 active residency:   0.90% (1260 MHz:   0% 1512 MHz:   0% 1800 MHz:   0% 2088 MHz:   0% 2352 MHz:   0% 2616 MHz:   0% 2868 MHz:   0% 3096 MHz:   0% 3300 MHz:   0% 3468 MHz:   0% 3624 MHz:   0% 3756 MHz:   0% 3828 MHz:   0% 3888 MHz:   0% 3948 MHz:   0% 3996 MHz:   0% 4044 MHz:   0% 4104 MHz:   0% 4416 MHz:   0% 4512 MHz: .90%)
CPU 15 idle residency:  18.48%
CPU 15 down residency:  80.62%

CPU Power: 7395 mW
GPU Power: 12872 mW
ANE Power: 0 mW
Combined Power (CPU + GPU + ANE): 20267 mW

**** GPU usage ****

GPU HW active frequency: 1561 MHz
GPU HW active residency:  95.20% (338 MHz: 1.3% 618 MHz:   0% 796 MHz:   0% 924 MHz:   0% 952 MHz:   0% 1056 MHz:   0% 1062 MHz:   0% 1182 MHz:   0% 1182 MHz:   0% 1312 MHz:   0% 1242 MHz:   0% 1380 MHz:   0% 1326 MHz:   0% 1470 MHz:   0% 1578 MHz:  94%)
GPU SW requested state: (P1 :   0% P2 :   0% P3 :   0% P4 :   0% P5 :   0% P6 :   0% P7 :   0% P8 :   0% P9 :   0% P10 : 100% P11 :   0% P12 :   0% P13 :   0% P14 :   0% P15 :   0%)
GPU SW state: (SW_P1 : 1.3% SW_P2 :   0% SW_P3 :   0% SW_P4 :   0% SW_P5 :   0% SW_P6 :   0% SW_P7 :   0% SW_P8 :   0% SW_P9 :   0% SW_P10 :  94% SW_P11 :   0% SW_P12 :   0% SW_P13 :   0% SW_P14 :   0% SW_P15 :   0%)
GPU idle residency:   4.80%
GPU Power: 13005 mW



*** Sampled system activity (Tue Jan 20 15:14:10 2026 +0100) (1021.73ms elapsed) ***


**** Processor usage ****

E-Cluster Online: 100%
E-Cluster HW active frequency: 1311 MHz
E-Cluster HW active residency:  69.40% (1020 MHz:  45% 1404 MHz: 9.0% 1788 MHz: 8.4% 2112 MHz: 1.8% 2352 MHz: .92% 2532 MHz: .98% 2592 MHz: 3.6%)
E-Cluster idle residency:  30.60%
E-Cluster down residency:   0.00%
CPU 0 frequency: 1339 MHz
CPU 0 active residency:  37.58% (1020 MHz:  22% 1404 MHz: 6.1% 1788 MHz: 5.8% 2112 MHz: 1.1% 2352 MHz: .71% 2532 MHz: .38% 2592 MHz: 1.6%)
CPU 0 idle residency:  62.42%
CPU 0 down residency:   0.00%
CPU 1 frequency: 1356 MHz
CPU 1 active residency:  27.43% (1020 MHz:  15% 1404 MHz: 4.8% 1788 MHz: 4.3% 2112 MHz: .84% 2352 MHz: .34% 2532 MHz: .16% 2592 MHz: 1.5%)
CPU 1 idle residency:  72.57%
CPU 1 down residency:   0.00%
CPU 2 frequency: 1345 MHz
CPU 2 active residency:  19.94% (1020 MHz:  11% 1404 MHz: 3.2% 1788 MHz: 3.7% 2112 MHz: .54% 2352 MHz: .07% 2532 MHz: .14% 2592 MHz: .97%)
CPU 2 idle residency:  80.06%
CPU 2 down residency:   0.00%
CPU 3 frequency: 1422 MHz
CPU 3 active residency:  14.36% (1020 MHz: 6.9% 1404 MHz: 2.5% 1788 MHz: 3.3% 2112 MHz: .62% 2352 MHz: .05% 2532 MHz: .43% 2592 MHz: .56%)
CPU 3 idle residency:  85.64%
CPU 3 down residency:   0.00%

P0-Cluster Online: 100%
P0-Cluster HW active frequency: 4009 MHz
P0-Cluster HW active residency:  99.86% (1260 MHz:   0% 1512 MHz:   0% 1800 MHz:   0% 2088 MHz:   0% 2352 MHz:   0% 2616 MHz:   0% 2868 MHz:   0% 3096 MHz:   0% 3300 MHz:   0% 3468 MHz:   0% 3624 MHz:   0% 3756 MHz:   0% 3828 MHz:   0% 3888 MHz:  29% 3948 MHz:  29% 3996 MHz:  18% 4044 MHz:  14% 4104 MHz:   0% 4416 MHz: 4.8% 4512 MHz: 6.0%)
P0-Cluster idle residency:   0.14%
P0-Cluster down residency:   0.00%
CPU 4 frequency: 4512 MHz
CPU 4 active residency:  56.75% (1260 MHz:   0% 1512 MHz:   0% 1800 MHz:   0% 2088 MHz:   0% 2352 MHz:   0% 2616 MHz:   0% 2868 MHz:   0% 3096 MHz:   0% 3300 MHz:   0% 3468 MHz:   0% 3624 MHz:   0% 3756 MHz:   0% 3828 MHz:   0% 3888 MHz:   0% 3948 MHz:   0% 3996 MHz:   0% 4044 MHz:   0% 4104 MHz:   0% 4416 MHz:   0% 4512 MHz:  57%)
CPU 4 idle residency:  43.25%
CPU 4 down residency:   0.00%
CPU 5 frequency: 4512 MHz
CPU 5 active residency:  55.72% (1260 MHz:   0% 1512 MHz:   0% 1800 MHz:   0% 2088 MHz:   0% 2352 MHz:   0% 2616 MHz:   0% 2868 MHz:   0% 3096 MHz:   0% 3300 MHz:   0% 3468 MHz:   0% 3624 MHz:   0% 3756 MHz:   0% 3828 MHz:   0% 3888 MHz:   0% 3948 MHz:   0% 3996 MHz:   0% 4044 MHz:   0% 4104 MHz:   0% 4416 MHz:   0% 4512 MHz:  56%)
CPU 5 idle residency:  44.28%
CPU 5 down residency:   0.00%
CPU 6 frequency: 4512 MHz
CPU 6 active residency:  54.43% (1260 MHz:   0% 1512 MHz:   0% 1800 MHz:   0% 2088 MHz:   0% 2352 MHz:   0% 2616 MHz:   0% 2868 MHz:   0% 3096 MHz:   0% 3300 MHz:   0% 3468 MHz:   0% 3624 MHz:   0% 3756 MHz:   0% 3828 MHz:   0% 3888 MHz:   0% 3948 MHz:   0% 3996 MHz:   0% 4044 MHz:   0% 4104 MHz:   0% 4416 MHz:   0% 4512 MHz:  54%)
CPU 6 idle residency:  45.57%
CPU 6 down residency:   0.00%
CPU 7 frequency: 4512 MHz
CPU 7 active residency:  52.04% (1260 MHz:   0% 1512 MHz:   0% 1800 MHz:   0% 2088 MHz:   0% 2352 MHz:   0% 2616 MHz:   0% 2868 MHz:   0% 3096 MHz:   0% 3300 MHz:   0% 3468 MHz:   0% 3624 MHz:   0% 3756 MHz:   0% 3828 MHz:   0% 3888 MHz:   0% 3948 MHz:   0% 3996 MHz:   0% 4044 MHz:   0% 4104 MHz:   0% 4416 MHz:   0% 4512 MHz:  52%)
CPU 7 idle residency:  47.96%
CPU 7 down residency:   0.00%
CPU 8 frequency: 4512 MHz
CPU 8 active residency:  46.90% (1260 MHz:   0% 1512 MHz:   0% 1800 MHz:   0% 2088 MHz:   0% 2352 MHz:   0% 2616 MHz:   0% 2868 MHz:   0% 3096 MHz:   0% 3300 MHz:   0% 3468 MHz:   0% 3624 MHz:   0% 3756 MHz:   0% 3828 MHz:   0% 3888 MHz:   0% 3948 MHz:   0% 3996 MHz:   0% 4044 MHz:   0% 4104 MHz:   0% 4416 MHz:   0% 4512 MHz:  47%)
CPU 8 idle residency:  53.10%
CPU 8 down residency:   0.00%
CPU 9 frequency: 4512 MHz
CPU 9 active residency:  44.10% (1260 MHz:   0% 1512 MHz:   0% 1800 MHz:   0% 2088 MHz:   0% 2352 MHz:   0% 2616 MHz:   0% 2868 MHz:   0% 3096 MHz:   0% 3300 MHz:   0% 3468 MHz:   0% 3624 MHz:   0% 3756 MHz:   0% 3828 MHz:   0% 3888 MHz:   0% 3948 MHz:   0% 3996 MHz:   0% 4044 MHz:   0% 4104 MHz:   0% 4416 MHz:   0% 4512 MHz:  44%)
CPU 9 idle residency:  55.90%
CPU 9 down residency:   0.00%

P1-Cluster HW active frequency: 1901 MHz
P1-Cluster HW active residency:   3.19% (1260 MHz: 2.3% 1512 MHz:   0% 1800 MHz: .01% 2088 MHz: .04% 2352 MHz: .02% 2616 MHz: .04% 2868 MHz: .04% 3096 MHz: .43% 3300 MHz: .03% 3468 MHz:   0% 3624 MHz:   0% 3756 MHz: .01% 3828 MHz:   0% 3888 MHz:   0% 3948 MHz: .00% 3996 MHz:   0% 4044 MHz: .04% 4104 MHz:   0% 4416 MHz: .01% 4512 MHz: .26%)
P1-Cluster idle residency:   5.71%
P1-Cluster down residency:  91.10%
CPU 10 frequency: 4420 MHz
CPU 10 active residency:   4.81% (1260 MHz: .04% 1512 MHz:   0% 1800 MHz: .00% 2088 MHz:   0% 2352 MHz:   0% 2616 MHz: .02% 2868 MHz: .06% 3096 MHz: .01% 3300 MHz: .07% 3468 MHz: .04% 3624 MHz: .00% 3756 MHz: .07% 3828 MHz:   0% 3888 MHz:   0% 3948 MHz:   0% 3996 MHz:   0% 4044 MHz:   0% 4104 MHz:   0% 4416 MHz:   0% 4512 MHz: 4.5%)
CPU 10 idle residency:   8.06%
CPU 10 down residency:  87.13%
CPU 11 frequency: 4353 MHz
CPU 11 active residency:   4.30% (1260 MHz: .06% 1512 MHz:   0% 1800 MHz: .08% 2088 MHz:   0% 2352 MHz:   0% 2616 MHz: .02% 2868 MHz: .06% 3096 MHz: .01% 3300 MHz: .05% 3468 MHz: .04% 3624 MHz:   0% 3756 MHz: .07% 3828 MHz:   0% 3888 MHz:   0% 3948 MHz:   0% 3996 MHz:   0% 4044 MHz:   0% 4104 MHz:   0% 4416 MHz:   0% 4512 MHz: 3.9%)
CPU 11 idle residency:   8.12%
CPU 11 down residency:  87.59%
CPU 12 frequency: 4370 MHz
CPU 12 active residency:   3.24% (1260 MHz: .05% 1512 MHz:   0% 1800 MHz:   0% 2088 MHz:   0% 2352 MHz:   0% 2616 MHz: .02% 2868 MHz: .06% 3096 MHz: .00% 3300 MHz: .05% 3468 MHz: .04% 3624 MHz:   0% 3756 MHz: .07% 3828 MHz:   0% 3888 MHz:   0% 3948 MHz:   0% 3996 MHz:   0% 4044 MHz:   0% 4104 MHz:   0% 4416 MHz:   0% 4512 MHz: 2.9%)
CPU 12 idle residency:   8.30%
CPU 12 down residency:  88.46%
CPU 13 frequency: 4410 MHz
CPU 13 active residency:   4.36% (1260 MHz: .05% 1512 MHz:   0% 1800 MHz:   0% 2088 MHz:   0% 2352 MHz:   0% 2616 MHz: .02% 2868 MHz: .06% 3096 MHz: .00% 3300 MHz: .05% 3468 MHz: .04% 3624 MHz:   0% 3756 MHz: .07% 3828 MHz:   0% 3888 MHz:   0% 3948 MHz:   0% 3996 MHz:   0% 4044 MHz:   0% 4104 MHz:   0% 4416 MHz:   0% 4512 MHz: 4.1%)
CPU 13 idle residency:   8.21%
CPU 13 down residency:  87.43%
CPU 14 frequency: 4365 MHz
CPU 14 active residency:   5.37% (1260 MHz: .06% 1512 MHz:   0% 1800 MHz: .06% 2088 MHz:   0% 2352 MHz:   0% 2616 MHz: .02% 2868 MHz: .06% 3096 MHz: .00% 3300 MHz: .18% 3468 MHz: .04% 3624 MHz:   0% 3756 MHz: .07% 3828 MHz:   0% 3888 MHz:   0% 3948 MHz:   0% 3996 MHz:   0% 4044 MHz:   0% 4104 MHz:   0% 4416 MHz:   0% 4512 MHz: 4.9%)
CPU 14 idle residency:   8.11%
CPU 14 down residency:  86.52%
CPU 15 frequency: 4425 MHz
CPU 15 active residency:   5.10% (1260 MHz: .05% 1512 MHz:   0% 1800 MHz:   0% 2088 MHz:   0% 2352 MHz:   0% 2616 MHz: .02% 2868 MHz: .06% 3096 MHz: .00% 3300 MHz: .05% 3468 MHz: .04% 3624 MHz:   0% 3756 MHz: .07% 3828 MHz:   0% 3888 MHz:   0% 3948 MHz:   0% 3996 MHz:   0% 4044 MHz:   0% 4104 MHz:   0% 4416 MHz:   0% 4512 MHz: 4.8%)
CPU 15 idle residency:   8.15%
CPU 15 down residency:  86.76%

CPU Power: 7696 mW
GPU Power: 12535 mW
ANE Power: 0 mW
Combined Power (CPU + GPU + ANE): 20230 mW

**** GPU usage ****

GPU HW active frequency: 1561 MHz
GPU HW active residency:  94.60% (338 MHz: 1.3% 618 MHz:   0% 796 MHz:   0% 924 MHz:   0% 952 MHz:   0% 1056 MHz:   0% 1062 MHz:   0% 1182 MHz:   0% 1182 MHz:   0% 1312 MHz:   0% 1242 MHz:   0% 1380 MHz:   0% 1326 MHz:   0% 1470 MHz:   0% 1578 MHz:  93%)
GPU SW requested state: (P1 :   0% P2 :   0% P3 :   0% P4 :   0% P5 :   0% P6 :   0% P7 :   0% P8 :   0% P9 :   0% P10 : 100% P11 :   0% P12 :   0% P13 :   0% P14 :   0% P15 :   0%)
GPU SW state: (SW_P1 : 1.3% SW_P2 :   0% SW_P3 :   0% SW_P4 :   0% SW_P5 :   0% SW_P6 :   0% SW_P7 :   0% SW_P8 :   0% SW_P9 :   0% SW_P10 :  93% SW_P11 :   0% SW_P12 :   0% SW_P13 :   0% SW_P14 :   0% SW_P15 :   0%)
GPU idle residency:   5.40%
GPU Power: 12529 mW



*** Sampled system activity (Tue Jan 20 15:14:12 2026 +0100) (1020.43ms elapsed) ***


**** Processor usage ****

E-Cluster Online: 100%
E-Cluster HW active frequency: 1815 MHz
E-Cluster HW active residency:  56.58% (1020 MHz:  24% 1404 MHz: 1.8% 1788 MHz: 2.8% 2112 MHz: 1.3% 2352 MHz: 5.1% 2532 MHz: 6.6% 2592 MHz:  15%)
E-Cluster idle residency:  43.42%
E-Cluster down residency:   0.00%
CPU 0 frequency: 1839 MHz
CPU 0 active residency:  24.45% (1020 MHz: 9.8% 1404 MHz: .76% 1788 MHz: 1.1% 2112 MHz: .69% 2352 MHz: 2.5% 2532 MHz: 3.3% 2592 MHz: 6.3%)
CPU 0 idle residency:  75.55%
CPU 0 down residency:   0.00%
CPU 1 frequency: 1885 MHz
CPU 1 active residency:  17.19% (1020 MHz: 6.0% 1404 MHz: .74% 1788 MHz: 1.4% 2112 MHz: .41% 2352 MHz: 1.3% 2532 MHz: 3.0% 2592 MHz: 4.4%)
CPU 1 idle residency:  82.81%
CPU 1 down residency:   0.00%
CPU 2 frequency: 1892 MHz
CPU 2 active residency:  11.59% (1020 MHz: 4.2% 1404 MHz: .24% 1788 MHz: 1.0% 2112 MHz: .20% 2352 MHz: 1.1% 2532 MHz: 1.5% 2592 MHz: 3.4%)
CPU 2 idle residency:  88.41%
CPU 2 down residency:   0.00%
CPU 3 frequency: 1828 MHz
CPU 3 active residency:   7.43% (1020 MHz: 2.9% 1404 MHz: .12% 1788 MHz: .83% 2112 MHz: .23% 2352 MHz: .54% 2532 MHz: .57% 2592 MHz: 2.2%)
CPU 3 idle residency:  92.57%
CPU 3 down residency:   0.00%

P0-Cluster Online: 100%
P0-Cluster HW active frequency: 4035 MHz
P0-Cluster HW active residency:  99.88% (1260 MHz:   0% 1512 MHz:   0% 1800 MHz:   0% 2088 MHz:   0% 2352 MHz:   0% 2616 MHz:   0% 2868 MHz:   0% 3096 MHz:   0% 3300 MHz:   0% 3468 MHz:   0% 3624 MHz:   0% 3756 MHz:   0% 3828 MHz: .00% 3888 MHz:  15% 3948 MHz:  35% 3996 MHz:  20% 4044 MHz:  16% 4104 MHz:   0% 4416 MHz: 6.0% 4512 MHz: 7.7%)
P0-Cluster idle residency:   0.12%
P0-Cluster down residency:   0.00%
CPU 4 frequency: 4512 MHz
CPU 4 active residency:  46.03% (1260 MHz:   0% 1512 MHz:   0% 1800 MHz:   0% 2088 MHz:   0% 2352 MHz:   0% 2616 MHz:   0% 2868 MHz:   0% 3096 MHz:   0% 3300 MHz:   0% 3468 MHz:   0% 3624 MHz:   0% 3756 MHz:   0% 3828 MHz:   0% 3888 MHz:   0% 3948 MHz:   0% 3996 MHz:   0% 4044 MHz:   0% 4104 MHz:   0% 4416 MHz:   0% 4512 MHz:  46%)
CPU 4 idle residency:  53.97%
CPU 4 down residency:   0.00%
CPU 5 frequency: 4512 MHz
CPU 5 active residency:  44.28% (1260 MHz:   0% 1512 MHz:   0% 1800 MHz:   0% 2088 MHz:   0% 2352 MHz:   0% 2616 MHz:   0% 2868 MHz:   0% 3096 MHz:   0% 3300 MHz:   0% 3468 MHz:   0% 3624 MHz:   0% 3756 MHz:   0% 3828 MHz:   0% 3888 MHz:   0% 3948 MHz:   0% 3996 MHz:   0% 4044 MHz:   0% 4104 MHz:   0% 4416 MHz:   0% 4512 MHz:  44%)
CPU 5 idle residency:  55.72%
CPU 5 down residency:   0.00%
CPU 6 frequency: 4512 MHz
CPU 6 active residency:  48.91% (1260 MHz:   0% 1512 MHz:   0% 1800 MHz:   0% 2088 MHz:   0% 2352 MHz:   0% 2616 MHz:   0% 2868 MHz:   0% 3096 MHz:   0% 3300 MHz:   0% 3468 MHz:   0% 3624 MHz:   0% 3756 MHz:   0% 3828 MHz:   0% 3888 MHz:   0% 3948 MHz:   0% 3996 MHz:   0% 4044 MHz:   0% 4104 MHz:   0% 4416 MHz:   0% 4512 MHz:  49%)
CPU 6 idle residency:  51.09%
CPU 6 down residency:   0.00%
CPU 7 frequency: 4512 MHz
CPU 7 active residency:  36.29% (1260 MHz:   0% 1512 MHz:   0% 1800 MHz:   0% 2088 MHz:   0% 2352 MHz:   0% 2616 MHz:   0% 2868 MHz:   0% 3096 MHz:   0% 3300 MHz:   0% 3468 MHz:   0% 3624 MHz:   0% 3756 MHz:   0% 3828 MHz:   0% 3888 MHz:   0% 3948 MHz:   0% 3996 MHz:   0% 4044 MHz:   0% 4104 MHz:   0% 4416 MHz:   0% 4512 MHz:  36%)
CPU 7 idle residency:  63.71%
CPU 7 down residency:   0.00%
CPU 8 frequency: 4512 MHz
CPU 8 active residency:  47.51% (1260 MHz:   0% 1512 MHz:   0% 1800 MHz:   0% 2088 MHz:   0% 2352 MHz:   0% 2616 MHz:   0% 2868 MHz:   0% 3096 MHz:   0% 3300 MHz:   0% 3468 MHz:   0% 3624 MHz:   0% 3756 MHz:   0% 3828 MHz:   0% 3888 MHz:   0% 3948 MHz:   0% 3996 MHz:   0% 4044 MHz:   0% 4104 MHz:   0% 4416 MHz:   0% 4512 MHz:  48%)
CPU 8 idle residency:  52.49%
CPU 8 down residency:   0.00%
CPU 9 frequency: 4512 MHz
CPU 9 active residency:  43.56% (1260 MHz:   0% 1512 MHz:   0% 1800 MHz:   0% 2088 MHz:   0% 2352 MHz:   0% 2616 MHz:   0% 2868 MHz:   0% 3096 MHz:   0% 3300 MHz:   0% 3468 MHz:   0% 3624 MHz:   0% 3756 MHz:   0% 3828 MHz:   0% 3888 MHz:   0% 3948 MHz:   0% 3996 MHz:   0% 4044 MHz:   0% 4104 MHz:   0% 4416 MHz:   0% 4512 MHz:  44%)
CPU 9 idle residency:  56.44%
CPU 9 down residency:   0.00%

P1-Cluster HW active frequency: 2234 MHz
P1-Cluster HW active residency:   3.39% (1260 MHz: 2.1% 1512 MHz: .11% 1800 MHz: .06% 2088 MHz: .01% 2352 MHz:   0% 2616 MHz:   0% 2868 MHz:   0% 3096 MHz:   0% 3300 MHz:   0% 3468 MHz:   0% 3624 MHz:   0% 3756 MHz:   0% 3828 MHz:   0% 3888 MHz: .09% 3948 MHz: .11% 3996 MHz: .04% 4044 MHz: .62% 4104 MHz:   0% 4416 MHz: .12% 4512 MHz: .15%)
P1-Cluster idle residency:   3.80%
P1-Cluster down residency:  92.81%
CPU 10 frequency: 0 MHz
CPU 10 active residency:   0.00% (1260 MHz:   0% 1512 MHz:   0% 1800 MHz:   0% 2088 MHz:   0% 2352 MHz:   0% 2616 MHz:   0% 2868 MHz:   0% 3096 MHz:   0% 3300 MHz:   0% 3468 MHz:   0% 3624 MHz:   0% 3756 MHz:   0% 3828 MHz:   0% 3888 MHz:   0% 3948 MHz:   0% 3996 MHz:   0% 4044 MHz:   0% 4104 MHz:   0% 4416 MHz:   0% 4512 MHz:   0%)
CPU 10 idle residency:   6.90%
CPU 10 down residency:  93.10%
CPU 11 frequency: 0 MHz
CPU 11 active residency:   0.00% (1260 MHz:   0% 1512 MHz:   0% 1800 MHz:   0% 2088 MHz:   0% 2352 MHz:   0% 2616 MHz:   0% 2868 MHz:   0% 3096 MHz:   0% 3300 MHz:   0% 3468 MHz:   0% 3624 MHz:   0% 3756 MHz:   0% 3828 MHz:   0% 3888 MHz:   0% 3948 MHz:   0% 3996 MHz:   0% 4044 MHz:   0% 4104 MHz:   0% 4416 MHz:   0% 4512 MHz:   0%)
CPU 11 idle residency:   6.18%
CPU 11 down residency:  93.82%
CPU 12 frequency: 0 MHz
CPU 12 active residency:   0.00% (1260 MHz:   0% 1512 MHz:   0% 1800 MHz:   0% 2088 MHz:   0% 2352 MHz:   0% 2616 MHz:   0% 2868 MHz:   0% 3096 MHz:   0% 3300 MHz:   0% 3468 MHz:   0% 3624 MHz:   0% 3756 MHz:   0% 3828 MHz:   0% 3888 MHz:   0% 3948 MHz:   0% 3996 MHz:   0% 4044 MHz:   0% 4104 MHz:   0% 4416 MHz:   0% 4512 MHz:   0%)
CPU 12 idle residency:   6.95%
CPU 12 down residency:  93.05%
CPU 13 frequency: 0 MHz
CPU 13 active residency:   0.00% (1260 MHz:   0% 1512 MHz:   0% 1800 MHz:   0% 2088 MHz:   0% 2352 MHz:   0% 2616 MHz:   0% 2868 MHz:   0% 3096 MHz:   0% 3300 MHz:   0% 3468 MHz:   0% 3624 MHz:   0% 3756 MHz:   0% 3828 MHz:   0% 3888 MHz:   0% 3948 MHz:   0% 3996 MHz:   0% 4044 MHz:   0% 4104 MHz:   0% 4416 MHz:   0% 4512 MHz:   0%)
CPU 13 idle residency:   6.99%
CPU 13 down residency:  93.01%
CPU 14 frequency: 0 MHz
CPU 14 active residency:   0.00% (1260 MHz:   0% 1512 MHz:   0% 1800 MHz:   0% 2088 MHz:   0% 2352 MHz:   0% 2616 MHz:   0% 2868 MHz:   0% 3096 MHz:   0% 3300 MHz:   0% 3468 MHz:   0% 3624 MHz:   0% 3756 MHz:   0% 3828 MHz:   0% 3888 MHz:   0% 3948 MHz:   0% 3996 MHz:   0% 4044 MHz:   0% 4104 MHz:   0% 4416 MHz:   0% 4512 MHz:   0%)
CPU 14 idle residency:   6.76%
CPU 14 down residency:  93.24%
CPU 15 frequency: 0 MHz
CPU 15 active residency:   0.00% (1260 MHz:   0% 1512 MHz:   0% 1800 MHz:   0% 2088 MHz:   0% 2352 MHz:   0% 2616 MHz:   0% 2868 MHz:   0% 3096 MHz:   0% 3300 MHz:   0% 3468 MHz:   0% 3624 MHz:   0% 3756 MHz:   0% 3828 MHz:   0% 3888 MHz:   0% 3948 MHz:   0% 3996 MHz:   0% 4044 MHz:   0% 4104 MHz:   0% 4416 MHz:   0% 4512 MHz:   0%)
CPU 15 idle residency:   7.05%
CPU 15 down residency:  92.95%

CPU Power: 7212 mW
GPU Power: 12603 mW
ANE Power: 0 mW
Combined Power (CPU + GPU + ANE): 19814 mW

**** GPU usage ****

GPU HW active frequency: 1561 MHz
GPU HW active residency:  95.30% (338 MHz: 1.3% 618 MHz:   0% 796 MHz:   0% 924 MHz:   0% 952 MHz:   0% 1056 MHz:   0% 1062 MHz:   0% 1182 MHz:   0% 1182 MHz:   0% 1312 MHz:   0% 1242 MHz:   0% 1380 MHz:   0% 1326 MHz:   0% 1470 MHz:   0% 1578 MHz:  94%)
GPU SW requested state: (P1 :   0% P2 :   0% P3 :   0% P4 :   0% P5 :   0% P6 :   0% P7 :   0% P8 :   0% P9 :   0% P10 : 100% P11 :   0% P12 :   0% P13 :   0% P14 :   0% P15 :   0%)
GPU SW state: (SW_P1 : 1.3% SW_P2 :   0% SW_P3 :   0% SW_P4 :   0% SW_P5 :   0% SW_P6 :   0% SW_P7 :   0% SW_P8 :   0% SW_P9 :   0% SW_P10 :  94% SW_P11 :   0% SW_P12 :   0% SW_P13 :   0% SW_P14 :   0% SW_P15 :   0%)
GPU idle residency:   4.70%
GPU Power: 12603 mW



*** Sampled system activity (Tue Jan 20 15:14:13 2026 +0100) (1020.11ms elapsed) ***


**** Processor usage ****

E-Cluster Online: 100%
E-Cluster HW active frequency: 1574 MHz
E-Cluster HW active residency:  55.49% (1020 MHz:  32% 1404 MHz: 1.2% 1788 MHz: 2.8% 2112 MHz: 2.2% 2352 MHz: 3.6% 2532 MHz: 4.5% 2592 MHz: 9.1%)
E-Cluster idle residency:  44.51%
E-Cluster down residency:   0.00%
CPU 0 frequency: 1641 MHz
CPU 0 active residency:  21.47% (1020 MHz:  12% 1404 MHz: .30% 1788 MHz: 1.1% 2112 MHz: .61% 2352 MHz: 1.9% 2532 MHz: 1.9% 2592 MHz: 4.0%)
CPU 0 idle residency:  78.53%
CPU 0 down residency:   0.00%
CPU 1 frequency: 1689 MHz
CPU 1 active residency:  15.26% (1020 MHz: 6.9% 1404 MHz: .90% 1788 MHz: 1.3% 2112 MHz: .98% 2352 MHz: 1.1% 2532 MHz: 1.4% 2592 MHz: 2.7%)
CPU 1 idle residency:  84.74%
CPU 1 down residency:   0.00%
CPU 2 frequency: 1701 MHz
CPU 2 active residency:   9.47% (1020 MHz: 4.1% 1404 MHz: .22% 1788 MHz: 1.4% 2112 MHz: .92% 2352 MHz: .70% 2532 MHz: .99% 2592 MHz: 1.2%)
CPU 2 idle residency:  90.53%
CPU 2 down residency:   0.00%
CPU 3 frequency: 1598 MHz
CPU 3 active residency:   5.55% (1020 MHz: 2.9% 1404 MHz: .16% 1788 MHz: .82% 2112 MHz: .08% 2352 MHz: .32% 2532 MHz: .65% 2592 MHz: .65%)
CPU 3 idle residency:  94.45%
CPU 3 down residency:   0.00%

P0-Cluster Online: 56%
P0-Cluster HW active frequency: 3934 MHz
P0-Cluster HW active residency:  52.65% (1260 MHz: .94% 1512 MHz:   0% 1800 MHz: .05% 2088 MHz: .08% 2352 MHz: .20% 2616 MHz:   0% 2868 MHz:   0% 3096 MHz:   0% 3300 MHz:   0% 3468 MHz:   0% 3624 MHz:   0% 3756 MHz:   0% 3828 MHz:   0% 3888 MHz:  16% 3948 MHz:  15% 3996 MHz:  12% 4044 MHz: 4.7% 4104 MHz:   0% 4416 MHz: 2.1% 4512 MHz: 2.3%)
P0-Cluster idle residency:   3.65%
P0-Cluster down residency:  43.70%
CPU 4 frequency: 4512 MHz
CPU 4 active residency:   7.65% (1260 MHz:   0% 1512 MHz:   0% 1800 MHz:   0% 2088 MHz:   0% 2352 MHz:   0% 2616 MHz:   0% 2868 MHz:   0% 3096 MHz:   0% 3300 MHz:   0% 3468 MHz:   0% 3624 MHz:   0% 3756 MHz:   0% 3828 MHz:   0% 3888 MHz:   0% 3948 MHz:   0% 3996 MHz:   0% 4044 MHz:   0% 4104 MHz:   0% 4416 MHz:   0% 4512 MHz: 7.6%)
CPU 4 idle residency:  36.40%
CPU 4 down residency:  55.96%
CPU 5 frequency: 4512 MHz
CPU 5 active residency:   6.23% (1260 MHz:   0% 1512 MHz:   0% 1800 MHz:   0% 2088 MHz:   0% 2352 MHz:   0% 2616 MHz:   0% 2868 MHz:   0% 3096 MHz:   0% 3300 MHz:   0% 3468 MHz:   0% 3624 MHz:   0% 3756 MHz:   0% 3828 MHz:   0% 3888 MHz:   0% 3948 MHz:   0% 3996 MHz:   0% 4044 MHz:   0% 4104 MHz:   0% 4416 MHz:   0% 4512 MHz: 6.2%)
CPU 5 idle residency:  35.74%
CPU 5 down residency:  58.03%
CPU 6 frequency: 4512 MHz
CPU 6 active residency:   6.00% (1260 MHz:   0% 1512 MHz:   0% 1800 MHz:   0% 2088 MHz:   0% 2352 MHz:   0% 2616 MHz:   0% 2868 MHz:   0% 3096 MHz:   0% 3300 MHz:   0% 3468 MHz:   0% 3624 MHz:   0% 3756 MHz:   0% 3828 MHz:   0% 3888 MHz:   0% 3948 MHz:   0% 3996 MHz:   0% 4044 MHz:   0% 4104 MHz:   0% 4416 MHz:   0% 4512 MHz: 6.0%)
CPU 6 idle residency:  39.31%
CPU 6 down residency:  54.69%
CPU 7 frequency: 4512 MHz
CPU 7 active residency:   7.44% (1260 MHz:   0% 1512 MHz:   0% 1800 MHz:   0% 2088 MHz:   0% 2352 MHz:   0% 2616 MHz:   0% 2868 MHz:   0% 3096 MHz:   0% 3300 MHz:   0% 3468 MHz:   0% 3624 MHz:   0% 3756 MHz:   0% 3828 MHz:   0% 3888 MHz:   0% 3948 MHz:   0% 3996 MHz:   0% 4044 MHz:   0% 4104 MHz:   0% 4416 MHz:   0% 4512 MHz: 7.4%)
CPU 7 idle residency:  36.35%
CPU 7 down residency:  56.20%
CPU 8 frequency: 4512 MHz
CPU 8 active residency:   8.26% (1260 MHz:   0% 1512 MHz:   0% 1800 MHz:   0% 2088 MHz:   0% 2352 MHz:   0% 2616 MHz:   0% 2868 MHz:   0% 3096 MHz:   0% 3300 MHz:   0% 3468 MHz:   0% 3624 MHz:   0% 3756 MHz:   0% 3828 MHz:   0% 3888 MHz:   0% 3948 MHz:   0% 3996 MHz:   0% 4044 MHz:   0% 4104 MHz:   0% 4416 MHz:   0% 4512 MHz: 8.3%)
CPU 8 idle residency:  35.58%
CPU 8 down residency:  56.16%
CPU 9 frequency: 4512 MHz
CPU 9 active residency:   6.86% (1260 MHz:   0% 1512 MHz:   0% 1800 MHz:   0% 2088 MHz:   0% 2352 MHz:   0% 2616 MHz:   0% 2868 MHz:   0% 3096 MHz:   0% 3300 MHz:   0% 3468 MHz:   0% 3624 MHz:   0% 3756 MHz:   0% 3828 MHz:   0% 3888 MHz:   0% 3948 MHz:   0% 3996 MHz:   0% 4044 MHz:   0% 4104 MHz:   0% 4416 MHz:   0% 4512 MHz: 6.9%)
CPU 9 idle residency:  37.81%
CPU 9 down residency:  55.33%

P1-Cluster HW active frequency: 3989 MHz
P1-Cluster HW active residency:  49.67% (1260 MHz: .76% 1512 MHz: .03% 1800 MHz: .03% 2088 MHz: .15% 2352 MHz: .07% 2616 MHz:   0% 2868 MHz:   0% 3096 MHz:   0% 3300 MHz:   0% 3468 MHz:   0% 3624 MHz:   0% 3756 MHz:   0% 3828 MHz:   0% 3888 MHz: 8.4% 3948 MHz:  17% 3996 MHz: 5.5% 4044 MHz:  10% 4104 MHz:   0% 4416 MHz: 3.0% 4512 MHz: 4.3%)
P1-Cluster idle residency:   3.33%
P1-Cluster down residency:  47.00%
CPU 10 frequency: 4470 MHz
CPU 10 active residency:  25.43% (1260 MHz: .05% 1512 MHz: .07% 1800 MHz: .04% 2088 MHz: .09% 2352 MHz: .04% 2616 MHz: .01% 2868 MHz: .00% 3096 MHz: .20% 3300 MHz:   0% 3468 MHz:   0% 3624 MHz:   0% 3756 MHz:   0% 3828 MHz:   0% 3888 MHz:   0% 3948 MHz:   0% 3996 MHz:   0% 4044 MHz:   0% 4104 MHz:   0% 4416 MHz:   0% 4512 MHz:  25%)
CPU 10 idle residency:  27.90%
CPU 10 down residency:  46.68%
CPU 11 frequency: 4470 MHz
CPU 11 active residency:  24.72% (1260 MHz: .05% 1512 MHz: .06% 1800 MHz: .04% 2088 MHz: .09% 2352 MHz: .04% 2616 MHz: .01% 2868 MHz: .00% 3096 MHz: .17% 3300 MHz:   0% 3468 MHz:   0% 3624 MHz:   0% 3756 MHz:   0% 3828 MHz:   0% 3888 MHz:   0% 3948 MHz:   0% 3996 MHz:   0% 4044 MHz:   0% 4104 MHz:   0% 4416 MHz:   0% 4512 MHz:  24%)
CPU 11 idle residency:  28.94%
CPU 11 down residency:  46.34%
CPU 12 frequency: 4467 MHz
CPU 12 active residency:  22.13% (1260 MHz: .04% 1512 MHz: .07% 1800 MHz: .03% 2088 MHz: .09% 2352 MHz: .04% 2616 MHz: .01% 2868 MHz: .00% 3096 MHz: .18% 3300 MHz:   0% 3468 MHz:   0% 3624 MHz:   0% 3756 MHz:   0% 3828 MHz:   0% 3888 MHz:   0% 3948 MHz:   0% 3996 MHz:   0% 4044 MHz:   0% 4104 MHz:   0% 4416 MHz:   0% 4512 MHz:  22%)
CPU 12 idle residency:  31.12%
CPU 12 down residency:  46.74%
CPU 13 frequency: 4468 MHz
CPU 13 active residency:  22.53% (1260 MHz: .04% 1512 MHz: .07% 1800 MHz: .03% 2088 MHz: .09% 2352 MHz: .04% 2616 MHz: .01% 2868 MHz: .00% 3096 MHz: .18% 3300 MHz:   0% 3468 MHz:   0% 3624 MHz:   0% 3756 MHz:   0% 3828 MHz:   0% 3888 MHz:   0% 3948 MHz:   0% 3996 MHz:   0% 4044 MHz:   0% 4104 MHz:   0% 4416 MHz:   0% 4512 MHz:  22%)
CPU 13 idle residency:  30.70%
CPU 13 down residency:  46.77%
CPU 14 frequency: 4453 MHz
CPU 14 active residency:  18.18% (1260 MHz: .05% 1512 MHz: .07% 1800 MHz: .04% 2088 MHz: .09% 2352 MHz: .04% 2616 MHz: .01% 2868 MHz: .00% 3096 MHz: .17% 3300 MHz:   0% 3468 MHz:   0% 3624 MHz:   0% 3756 MHz:   0% 3828 MHz:   0% 3888 MHz:   0% 3948 MHz:   0% 3996 MHz:   0% 4044 MHz:   0% 4104 MHz:   0% 4416 MHz:   0% 4512 MHz:  18%)
CPU 14 idle residency:  35.18%
CPU 14 down residency:  46.64%
CPU 15 frequency: 4467 MHz
CPU 15 active residency:  21.87% (1260 MHz: .04% 1512 MHz: .06% 1800 MHz: .03% 2088 MHz: .09% 2352 MHz: .04% 2616 MHz: .01% 2868 MHz: .00% 3096 MHz: .17% 3300 MHz:   0% 3468 MHz:   0% 3624 MHz:   0% 3756 MHz:   0% 3828 MHz:   0% 3888 MHz:   0% 3948 MHz:   0% 3996 MHz:   0% 4044 MHz:   0% 4104 MHz:   0% 4416 MHz:   0% 4512 MHz:  21%)
CPU 15 idle residency:  31.34%
CPU 15 down residency:  46.79%

CPU Power: 7561 mW
GPU Power: 12927 mW
ANE Power: 0 mW
Combined Power (CPU + GPU + ANE): 20488 mW

**** GPU usage ****

GPU HW active frequency: 1561 MHz
GPU HW active residency:  94.91% (338 MHz: 1.3% 618 MHz:   0% 796 MHz:   0% 924 MHz:   0% 952 MHz:   0% 1056 MHz:   0% 1062 MHz:   0% 1182 MHz:   0% 1182 MHz:   0% 1312 MHz:   0% 1242 MHz:   0% 1380 MHz:   0% 1326 MHz:   0% 1470 MHz:   0% 1578 MHz:  94%)
GPU SW requested state: (P1 :   0% P2 :   0% P3 :   0% P4 :   0% P5 :   0% P6 :   0% P7 :   0% P8 :   0% P9 :   0% P10 : 100% P11 :   0% P12 :   0% P13 :   0% P14 :   0% P15 :   0%)
GPU SW state: (SW_P1 : 1.3% SW_P2 :   0% SW_P3 :   0% SW_P4 :   0% SW_P5 :   0% SW_P6 :   0% SW_P7 :   0% SW_P8 :   0% SW_P9 :   0% SW_P10 :  94% SW_P11 :   0% SW_P12 :   0% SW_P13 :   0% SW_P14 :   0% SW_P15 :   0%)
GPU idle residency:   5.09%
GPU Power: 12928 mW



*** Sampled system activity (Tue Jan 20 15:14:14 2026 +0100) (1019.88ms elapsed) ***


**** Processor usage ****

E-Cluster Online: 100%
E-Cluster HW active frequency: 2378 MHz
E-Cluster HW active residency:  61.57% (1020 MHz: 6.3% 1404 MHz: .27% 1788 MHz: 1.5% 2112 MHz: .53% 2352 MHz: 4.8% 2532 MHz: 4.3% 2592 MHz:  44%)
E-Cluster idle residency:  38.43%
E-Cluster down residency:   0.00%
CPU 0 frequency: 2393 MHz
CPU 0 active residency:  27.45% (1020 MHz: 2.5% 1404 MHz: .06% 1788 MHz: .91% 2112 MHz: .16% 2352 MHz: 2.0% 2532 MHz: 1.8% 2592 MHz:  20%)
CPU 0 idle residency:  72.55%
CPU 0 down residency:   0.00%
CPU 1 frequency: 2365 MHz
CPU 1 active residency:  16.20% (1020 MHz: 1.6% 1404 MHz: .02% 1788 MHz: .85% 2112 MHz: .05% 2352 MHz: 1.5% 2532 MHz: 1.1% 2592 MHz:  11%)
CPU 1 idle residency:  83.80%
CPU 1 down residency:   0.00%
CPU 2 frequency: 2283 MHz
CPU 2 active residency:   8.45% (1020 MHz: 1.2% 1404 MHz: .02% 1788 MHz: .67% 2112 MHz: .02% 2352 MHz: .59% 2532 MHz: .79% 2592 MHz: 5.2%)
CPU 2 idle residency:  91.55%
CPU 2 down residency:   0.00%
CPU 3 frequency: 2328 MHz
CPU 3 active residency:   6.71% (1020 MHz: .70% 1404 MHz:   0% 1788 MHz: .56% 2112 MHz: .02% 2352 MHz: .69% 2532 MHz: .76% 2592 MHz: 4.0%)
CPU 3 idle residency:  93.29%
CPU 3 down residency:   0.00%

P0-Cluster Online: 8%
P0-Cluster HW active frequency: 1710 MHz
P0-Cluster HW active residency:   4.12% (1260 MHz: 2.9% 1512 MHz: .46% 1800 MHz: .29% 2088 MHz:   0% 2352 MHz:   0% 2616 MHz:   0% 2868 MHz:   0% 3096 MHz:   0% 3300 MHz:   0% 3468 MHz:   0% 3624 MHz:   0% 3756 MHz:   0% 3828 MHz:   0% 3888 MHz: .03% 3948 MHz: .04% 3996 MHz:   0% 4044 MHz:   0% 4104 MHz:   0% 4416 MHz: .06% 4512 MHz: .38%)
P0-Cluster idle residency:   3.24%
P0-Cluster down residency:  92.64%
CPU 4 frequency: 4485 MHz
CPU 4 active residency:  17.96% (1260 MHz: .03% 1512 MHz: .02% 1800 MHz: .03% 2088 MHz: .01% 2352 MHz: .10% 2616 MHz:   0% 2868 MHz:   0% 3096 MHz:   0% 3300 MHz:   0% 3468 MHz:   0% 3624 MHz:   0% 3756 MHz:   0% 3828 MHz:   0% 3888 MHz:   0% 3948 MHz:   0% 3996 MHz:   0% 4044 MHz:   0% 4104 MHz:   0% 4416 MHz:   0% 4512 MHz:  18%)
CPU 4 idle residency:   5.89%
CPU 4 down residency:  76.14%
CPU 5 frequency: 4485 MHz
CPU 5 active residency:  18.19% (1260 MHz: .04% 1512 MHz: .02% 1800 MHz: .03% 2088 MHz: .01% 2352 MHz: .11% 2616 MHz:   0% 2868 MHz:   0% 3096 MHz:   0% 3300 MHz:   0% 3468 MHz:   0% 3624 MHz:   0% 3756 MHz:   0% 3828 MHz:   0% 3888 MHz:   0% 3948 MHz:   0% 3996 MHz:   0% 4044 MHz:   0% 4104 MHz:   0% 4416 MHz:   0% 4512 MHz:  18%)
CPU 5 idle residency:   5.86%
CPU 5 down residency:  75.94%
CPU 6 frequency: 4480 MHz
CPU 6 active residency:  16.77% (1260 MHz: .03% 1512 MHz: .03% 1800 MHz: .03% 2088 MHz: .01% 2352 MHz: .11% 2616 MHz:   0% 2868 MHz:   0% 3096 MHz:   0% 3300 MHz:   0% 3468 MHz:   0% 3624 MHz:   0% 3756 MHz:   0% 3828 MHz:   0% 3888 MHz:   0% 3948 MHz:   0% 3996 MHz:   0% 4044 MHz:   0% 4104 MHz:   0% 4416 MHz:   0% 4512 MHz:  17%)
CPU 6 idle residency:   5.94%
CPU 6 down residency:  77.29%
CPU 7 frequency: 4483 MHz
CPU 7 active residency:  18.22% (1260 MHz: .04% 1512 MHz: .03% 1800 MHz: .03% 2088 MHz: .00% 2352 MHz: .11% 2616 MHz:   0% 2868 MHz:   0% 3096 MHz:   0% 3300 MHz:   0% 3468 MHz:   0% 3624 MHz:   0% 3756 MHz:   0% 3828 MHz:   0% 3888 MHz:   0% 3948 MHz:   0% 3996 MHz:   0% 4044 MHz:   0% 4104 MHz:   0% 4416 MHz:   0% 4512 MHz:  18%)
CPU 7 idle residency:   5.86%
CPU 7 down residency:  75.92%
CPU 8 frequency: 4486 MHz
CPU 8 active residency:  18.20% (1260 MHz: .04% 1512 MHz: .02% 1800 MHz: .03% 2088 MHz: .00% 2352 MHz: .10% 2616 MHz:   0% 2868 MHz:   0% 3096 MHz:   0% 3300 MHz:   0% 3468 MHz:   0% 3624 MHz:   0% 3756 MHz:   0% 3828 MHz:   0% 3888 MHz:   0% 3948 MHz:   0% 3996 MHz:   0% 4044 MHz:   0% 4104 MHz:   0% 4416 MHz:   0% 4512 MHz:  18%)
CPU 8 idle residency:   5.84%
CPU 8 down residency:  75.96%
CPU 9 frequency: 4405 MHz
CPU 9 active residency:  17.86% (1260 MHz: .04% 1512 MHz: .31% 1800 MHz: .23% 2088 MHz: .00% 2352 MHz: .11% 2616 MHz:   0% 2868 MHz:   0% 3096 MHz:   0% 3300 MHz:   0% 3468 MHz:   0% 3624 MHz:   0% 3756 MHz:   0% 3828 MHz:   0% 3888 MHz:   0% 3948 MHz:   0% 3996 MHz:   0% 4044 MHz:   0% 4104 MHz:   0% 4416 MHz:   0% 4512 MHz:  17%)
CPU 9 idle residency:   5.44%
CPU 9 down residency:  76.70%

P1-Cluster HW active frequency: 4031 MHz
P1-Cluster HW active residency:  99.86% (1260 MHz:   0% 1512 MHz:   0% 1800 MHz:   0% 2088 MHz:   0% 2352 MHz:   0% 2616 MHz:   0% 2868 MHz:   0% 3096 MHz:   0% 3300 MHz:   0% 3468 MHz:   0% 3624 MHz:   0% 3756 MHz:   0% 3828 MHz: .00% 3888 MHz:  10% 3948 MHz:  38% 3996 MHz:  22% 4044 MHz:  18% 4104 MHz:   0% 4416 MHz: 5.5% 4512 MHz: 6.4%)
P1-Cluster idle residency:   0.14%
P1-Cluster down residency:   0.00%
CPU 10 frequency: 4512 MHz
CPU 10 active residency:  45.34% (1260 MHz:   0% 1512 MHz:   0% 1800 MHz:   0% 2088 MHz:   0% 2352 MHz:   0% 2616 MHz:   0% 2868 MHz:   0% 3096 MHz:   0% 3300 MHz:   0% 3468 MHz:   0% 3624 MHz:   0% 3756 MHz:   0% 3828 MHz:   0% 3888 MHz:   0% 3948 MHz:   0% 3996 MHz:   0% 4044 MHz:   0% 4104 MHz:   0% 4416 MHz:   0% 4512 MHz:  45%)
CPU 10 idle residency:  54.66%
CPU 10 down residency:   0.00%
CPU 11 frequency: 4512 MHz
CPU 11 active residency:  34.76% (1260 MHz:   0% 1512 MHz:   0% 1800 MHz:   0% 2088 MHz:   0% 2352 MHz:   0% 2616 MHz:   0% 2868 MHz:   0% 3096 MHz:   0% 3300 MHz:   0% 3468 MHz:   0% 3624 MHz:   0% 3756 MHz:   0% 3828 MHz:   0% 3888 MHz:   0% 3948 MHz:   0% 3996 MHz:   0% 4044 MHz:   0% 4104 MHz:   0% 4416 MHz:   0% 4512 MHz:  35%)
CPU 11 idle residency:  65.24%
CPU 11 down residency:   0.00%
CPU 12 frequency: 4512 MHz
CPU 12 active residency:  45.48% (1260 MHz:   0% 1512 MHz:   0% 1800 MHz:   0% 2088 MHz:   0% 2352 MHz:   0% 2616 MHz:   0% 2868 MHz:   0% 3096 MHz:   0% 3300 MHz:   0% 3468 MHz:   0% 3624 MHz:   0% 3756 MHz:   0% 3828 MHz:   0% 3888 MHz:   0% 3948 MHz:   0% 3996 MHz:   0% 4044 MHz:   0% 4104 MHz:   0% 4416 MHz:   0% 4512 MHz:  45%)
CPU 12 idle residency:  54.52%
CPU 12 down residency:   0.00%
CPU 13 frequency: 4512 MHz
CPU 13 active residency:  41.81% (1260 MHz:   0% 1512 MHz:   0% 1800 MHz:   0% 2088 MHz:   0% 2352 MHz:   0% 2616 MHz:   0% 2868 MHz:   0% 3096 MHz:   0% 3300 MHz:   0% 3468 MHz:   0% 3624 MHz:   0% 3756 MHz:   0% 3828 MHz:   0% 3888 MHz:   0% 3948 MHz:   0% 3996 MHz:   0% 4044 MHz:   0% 4104 MHz:   0% 4416 MHz:   0% 4512 MHz:  42%)
CPU 13 idle residency:  58.19%
CPU 13 down residency:   0.00%
CPU 14 frequency: 4512 MHz
CPU 14 active residency:  39.28% (1260 MHz:   0% 1512 MHz:   0% 1800 MHz:   0% 2088 MHz:   0% 2352 MHz:   0% 2616 MHz:   0% 2868 MHz:   0% 3096 MHz:   0% 3300 MHz:   0% 3468 MHz:   0% 3624 MHz:   0% 3756 MHz:   0% 3828 MHz:   0% 3888 MHz:   0% 3948 MHz:   0% 3996 MHz:   0% 4044 MHz:   0% 4104 MHz:   0% 4416 MHz:   0% 4512 MHz:  39%)
CPU 14 idle residency:  60.72%
CPU 14 down residency:   0.00%
CPU 15 frequency: 4512 MHz
CPU 15 active residency:  42.31% (1260 MHz:   0% 1512 MHz:   0% 1800 MHz:   0% 2088 MHz:   0% 2352 MHz:   0% 2616 MHz:   0% 2868 MHz:   0% 3096 MHz:   0% 3300 MHz:   0% 3468 MHz:   0% 3624 MHz:   0% 3756 MHz:   0% 3828 MHz:   0% 3888 MHz:   0% 3948 MHz:   0% 3996 MHz:   0% 4044 MHz:   0% 4104 MHz:   0% 4416 MHz:   0% 4512 MHz:  42%)
CPU 15 idle residency:  57.69%
CPU 15 down residency:   0.00%

CPU Power: 6975 mW
GPU Power: 13100 mW
ANE Power: 0 mW
Combined Power (CPU + GPU + ANE): 20075 mW

**** GPU usage ****

GPU HW active frequency: 1561 MHz
GPU HW active residency:  95.66% (338 MHz: 1.3% 618 MHz:   0% 796 MHz:   0% 924 MHz:   0% 952 MHz:   0% 1056 MHz:   0% 1062 MHz:   0% 1182 MHz:   0% 1182 MHz:   0% 1312 MHz:   0% 1242 MHz:   0% 1380 MHz:   0% 1326 MHz:   0% 1470 MHz:   0% 1578 MHz:  94%)
GPU SW requested state: (P1 :   0% P2 :   0% P3 :   0% P4 :   0% P5 :   0% P6 :   0% P7 :   0% P8 :   0% P9 :   0% P10 : 100% P11 :   0% P12 :   0% P13 :   0% P14 :   0% P15 :   0%)
GPU SW state: (SW_P1 : 1.3% SW_P2 :   0% SW_P3 :   0% SW_P4 :   0% SW_P5 :   0% SW_P6 :   0% SW_P7 :   0% SW_P8 :   0% SW_P9 :   0% SW_P10 :  94% SW_P11 :   0% SW_P12 :   0% SW_P13 :   0% SW_P14 :   0% SW_P15 :   0%)
GPU idle residency:   4.34%
GPU Power: 13088 mW



*** Sampled system activity (Tue Jan 20 15:14:15 2026 +0100) (1021.34ms elapsed) ***


**** Processor usage ****

E-Cluster Online: 100%
E-Cluster HW active frequency: 2175 MHz
E-Cluster HW active residency:  60.45% (1020 MHz:  13% 1404 MHz: .67% 1788 MHz: 1.6% 2112 MHz: .80% 2352 MHz: 5.7% 2532 MHz: 4.3% 2592 MHz:  34%)
E-Cluster idle residency:  39.55%
E-Cluster down residency:   0.00%
CPU 0 frequency: 2209 MHz
CPU 0 active residency:  25.65% (1020 MHz: 4.7% 1404 MHz: .42% 1788 MHz: 1.2% 2112 MHz: .29% 2352 MHz: 3.0% 2532 MHz: 1.5% 2592 MHz:  15%)
CPU 0 idle residency:  74.35%
CPU 0 down residency:   0.00%
CPU 1 frequency: 2212 MHz
CPU 1 active residency:  17.30% (1020 MHz: 3.4% 1404 MHz: .22% 1788 MHz: .39% 2112 MHz: .07% 2352 MHz: 2.3% 2532 MHz: 1.1% 2592 MHz: 9.8%)
CPU 1 idle residency:  82.70%
CPU 1 down residency:   0.00%
CPU 2 frequency: 2159 MHz
CPU 2 active residency:   8.61% (1020 MHz: 2.0% 1404 MHz: .05% 1788 MHz: .22% 2112 MHz: .04% 2352 MHz: 1.1% 2532 MHz: .35% 2592 MHz: 4.8%)
CPU 2 idle residency:  91.39%
CPU 2 down residency:   0.00%
CPU 3 frequency: 2194 MHz
CPU 3 active residency:   5.27% (1020 MHz: 1.1% 1404 MHz: .01% 1788 MHz: .14% 2112 MHz: .04% 2352 MHz: .87% 2532 MHz: .72% 2592 MHz: 2.4%)
CPU 3 idle residency:  94.73%
CPU 3 down residency:   0.00%

P0-Cluster Online: 13%
P0-Cluster HW active frequency: 3074 MHz
P0-Cluster HW active residency:   5.72% (1260 MHz: 1.1% 1512 MHz: .18% 1800 MHz: .07% 2088 MHz: .09% 2352 MHz: .72% 2616 MHz: .29% 2868 MHz: .26% 3096 MHz:   0% 3300 MHz:   0% 3468 MHz:   0% 3624 MHz:   0% 3756 MHz:   0% 3828 MHz:   0% 3888 MHz: .00% 3948 MHz: .49% 3996 MHz: .77% 4044 MHz: 1.1% 4104 MHz:   0% 4416 MHz: .26% 4512 MHz: .40%)
P0-Cluster idle residency:   6.41%
P0-Cluster down residency:  87.87%
CPU 4 frequency: 0 MHz
CPU 4 active residency:   0.00% (1260 MHz:   0% 1512 MHz:   0% 1800 MHz:   0% 2088 MHz:   0% 2352 MHz:   0% 2616 MHz:   0% 2868 MHz:   0% 3096 MHz:   0% 3300 MHz:   0% 3468 MHz:   0% 3624 MHz:   0% 3756 MHz:   0% 3828 MHz:   0% 3888 MHz:   0% 3948 MHz:   0% 3996 MHz:   0% 4044 MHz:   0% 4104 MHz:   0% 4416 MHz:   0% 4512 MHz:   0%)
CPU 4 idle residency:  12.00%
CPU 4 down residency:  88.00%
CPU 5 frequency: 0 MHz
CPU 5 active residency:   0.00% (1260 MHz:   0% 1512 MHz:   0% 1800 MHz:   0% 2088 MHz:   0% 2352 MHz:   0% 2616 MHz:   0% 2868 MHz:   0% 3096 MHz:   0% 3300 MHz:   0% 3468 MHz:   0% 3624 MHz:   0% 3756 MHz:   0% 3828 MHz:   0% 3888 MHz:   0% 3948 MHz:   0% 3996 MHz:   0% 4044 MHz:   0% 4104 MHz:   0% 4416 MHz:   0% 4512 MHz:   0%)
CPU 5 idle residency:  12.00%
CPU 5 down residency:  88.00%
CPU 6 frequency: 0 MHz
CPU 6 active residency:   0.00% (1260 MHz:   0% 1512 MHz:   0% 1800 MHz:   0% 2088 MHz:   0% 2352 MHz:   0% 2616 MHz:   0% 2868 MHz:   0% 3096 MHz:   0% 3300 MHz:   0% 3468 MHz:   0% 3624 MHz:   0% 3756 MHz:   0% 3828 MHz:   0% 3888 MHz:   0% 3948 MHz:   0% 3996 MHz:   0% 4044 MHz:   0% 4104 MHz:   0% 4416 MHz:   0% 4512 MHz:   0%)
CPU 6 idle residency:  10.52%
CPU 6 down residency:  89.48%
CPU 7 frequency: 0 MHz
CPU 7 active residency:   0.00% (1260 MHz:   0% 1512 MHz:   0% 1800 MHz:   0% 2088 MHz:   0% 2352 MHz:   0% 2616 MHz:   0% 2868 MHz:   0% 3096 MHz:   0% 3300 MHz:   0% 3468 MHz:   0% 3624 MHz:   0% 3756 MHz:   0% 3828 MHz:   0% 3888 MHz:   0% 3948 MHz:   0% 3996 MHz:   0% 4044 MHz:   0% 4104 MHz:   0% 4416 MHz:   0% 4512 MHz:   0%)
CPU 7 idle residency:  11.52%
CPU 7 down residency:  88.48%
CPU 8 frequency: 0 MHz
CPU 8 active residency:   0.00% (1260 MHz:   0% 1512 MHz:   0% 1800 MHz:   0% 2088 MHz:   0% 2352 MHz:   0% 2616 MHz:   0% 2868 MHz:   0% 3096 MHz:   0% 3300 MHz:   0% 3468 MHz:   0% 3624 MHz:   0% 3756 MHz:   0% 3828 MHz:   0% 3888 MHz:   0% 3948 MHz:   0% 3996 MHz:   0% 4044 MHz:   0% 4104 MHz:   0% 4416 MHz:   0% 4512 MHz:   0%)
CPU 8 idle residency:  12.00%
CPU 8 down residency:  88.00%
CPU 9 frequency: 0 MHz
CPU 9 active residency:   0.00% (1260 MHz:   0% 1512 MHz:   0% 1800 MHz:   0% 2088 MHz:   0% 2352 MHz:   0% 2616 MHz:   0% 2868 MHz:   0% 3096 MHz:   0% 3300 MHz:   0% 3468 MHz:   0% 3624 MHz:   0% 3756 MHz:   0% 3828 MHz:   0% 3888 MHz:   0% 3948 MHz:   0% 3996 MHz:   0% 4044 MHz:   0% 4104 MHz:   0% 4416 MHz:   0% 4512 MHz:   0%)
CPU 9 idle residency:   9.66%
CPU 9 down residency:  90.34%

P1-Cluster HW active frequency: 4016 MHz
P1-Cluster HW active residency:  99.87% (1260 MHz:   0% 1512 MHz:   0% 1800 MHz:   0% 2088 MHz:   0% 2352 MHz:   0% 2616 MHz:   0% 2868 MHz:   0% 3096 MHz:   0% 3300 MHz:   0% 3468 MHz:   0% 3624 MHz:   0% 3756 MHz:   0% 3828 MHz:   0% 3888 MHz:  15% 3948 MHz:  37% 3996 MHz:  24% 4044 MHz:  15% 4104 MHz:   0% 4416 MHz: 4.5% 4512 MHz: 5.3%)
P1-Cluster idle residency:   0.13%
P1-Cluster down residency:   0.00%
CPU 10 frequency: 4512 MHz
CPU 10 active residency:  45.23% (1260 MHz:   0% 1512 MHz:   0% 1800 MHz:   0% 2088 MHz:   0% 2352 MHz:   0% 2616 MHz:   0% 2868 MHz:   0% 3096 MHz:   0% 3300 MHz:   0% 3468 MHz:   0% 3624 MHz:   0% 3756 MHz:   0% 3828 MHz:   0% 3888 MHz:   0% 3948 MHz:   0% 3996 MHz:   0% 4044 MHz:   0% 4104 MHz:   0% 4416 MHz:   0% 4512 MHz:  45%)
CPU 10 idle residency:  54.77%
CPU 10 down residency:   0.00%
CPU 11 frequency: 4512 MHz
CPU 11 active residency:  48.32% (1260 MHz:   0% 1512 MHz:   0% 1800 MHz:   0% 2088 MHz:   0% 2352 MHz:   0% 2616 MHz:   0% 2868 MHz:   0% 3096 MHz:   0% 3300 MHz:   0% 3468 MHz:   0% 3624 MHz:   0% 3756 MHz:   0% 3828 MHz:   0% 3888 MHz:   0% 3948 MHz:   0% 3996 MHz:   0% 4044 MHz:   0% 4104 MHz:   0% 4416 MHz:   0% 4512 MHz:  48%)
CPU 11 idle residency:  51.68%
CPU 11 down residency:   0.00%
CPU 12 frequency: 4512 MHz
CPU 12 active residency:  46.56% (1260 MHz:   0% 1512 MHz:   0% 1800 MHz:   0% 2088 MHz:   0% 2352 MHz:   0% 2616 MHz:   0% 2868 MHz:   0% 3096 MHz:   0% 3300 MHz:   0% 3468 MHz:   0% 3624 MHz:   0% 3756 MHz:   0% 3828 MHz:   0% 3888 MHz:   0% 3948 MHz:   0% 3996 MHz:   0% 4044 MHz:   0% 4104 MHz:   0% 4416 MHz:   0% 4512 MHz:  47%)
CPU 12 idle residency:  53.44%
CPU 12 down residency:   0.00%
CPU 13 frequency: 4512 MHz
CPU 13 active residency:  39.78% (1260 MHz:   0% 1512 MHz:   0% 1800 MHz:   0% 2088 MHz:   0% 2352 MHz:   0% 2616 MHz:   0% 2868 MHz:   0% 3096 MHz:   0% 3300 MHz:   0% 3468 MHz:   0% 3624 MHz:   0% 3756 MHz:   0% 3828 MHz:   0% 3888 MHz:   0% 3948 MHz:   0% 3996 MHz:   0% 4044 MHz:   0% 4104 MHz:   0% 4416 MHz:   0% 4512 MHz:  40%)
CPU 13 idle residency:  60.22%
CPU 13 down residency:   0.00%
CPU 14 frequency: 4512 MHz
CPU 14 active residency:  46.14% (1260 MHz:   0% 1512 MHz:   0% 1800 MHz:   0% 2088 MHz:   0% 2352 MHz:   0% 2616 MHz:   0% 2868 MHz:   0% 3096 MHz:   0% 3300 MHz:   0% 3468 MHz:   0% 3624 MHz:   0% 3756 MHz:   0% 3828 MHz:   0% 3888 MHz:   0% 3948 MHz:   0% 3996 MHz:   0% 4044 MHz:   0% 4104 MHz:   0% 4416 MHz:   0% 4512 MHz:  46%)
CPU 14 idle residency:  53.86%
CPU 14 down residency:   0.00%
CPU 15 frequency: 4512 MHz
CPU 15 active residency:  42.70% (1260 MHz:   0% 1512 MHz:   0% 1800 MHz:   0% 2088 MHz:   0% 2352 MHz:   0% 2616 MHz:   0% 2868 MHz:   0% 3096 MHz:   0% 3300 MHz:   0% 3468 MHz:   0% 3624 MHz:   0% 3756 MHz:   0% 3828 MHz:   0% 3888 MHz:   0% 3948 MHz:   0% 3996 MHz:   0% 4044 MHz:   0% 4104 MHz:   0% 4416 MHz:   0% 4512 MHz:  43%)
CPU 15 idle residency:  57.30%
CPU 15 down residency:   0.00%

CPU Power: 7539 mW
GPU Power: 12787 mW
ANE Power: 0 mW
Combined Power (CPU + GPU + ANE): 20326 mW

**** GPU usage ****

GPU HW active frequency: 1561 MHz
GPU HW active residency:  95.08% (338 MHz: 1.3% 618 MHz:   0% 796 MHz:   0% 924 MHz:   0% 952 MHz:   0% 1056 MHz:   0% 1062 MHz:   0% 1182 MHz:   0% 1182 MHz:   0% 1312 MHz:   0% 1242 MHz:   0% 1380 MHz:   0% 1326 MHz:   0% 1470 MHz:   0% 1578 MHz:  94%)
GPU SW requested state: (P1 :   0% P2 :   0% P3 :   0% P4 :   0% P5 :   0% P6 :   0% P7 :   0% P8 :   0% P9 :   0% P10 : 100% P11 :   0% P12 :   0% P13 :   0% P14 :   0% P15 :   0%)
GPU SW state: (SW_P1 : 1.3% SW_P2 :   0% SW_P3 :   0% SW_P4 :   0% SW_P5 :   0% SW_P6 :   0% SW_P7 :   0% SW_P8 :   0% SW_P9 :   0% SW_P10 :  94% SW_P11 :   0% SW_P12 :   0% SW_P13 :   0% SW_P14 :   0% SW_P15 :   0%)
GPU idle residency:   4.92%
GPU Power: 12781 mW



*** Sampled system activity (Tue Jan 20 15:14:16 2026 +0100) (1020.43ms elapsed) ***


**** Processor usage ****

E-Cluster Online: 100%
E-Cluster HW active frequency: 2388 MHz
E-Cluster HW active residency:  63.85% (1020 MHz: 5.6% 1404 MHz: 1.8% 1788 MHz: 1.3% 2112 MHz: .57% 2352 MHz: 1.5% 2532 MHz: 4.8% 2592 MHz:  48%)
E-Cluster idle residency:  36.15%
E-Cluster down residency:   0.00%
CPU 0 frequency: 2383 MHz
CPU 0 active residency:  28.87% (1020 MHz: 2.8% 1404 MHz: .58% 1788 MHz: .74% 2112 MHz: .11% 2352 MHz: .86% 2532 MHz: 2.7% 2592 MHz:  21%)
CPU 0 idle residency:  71.13%
CPU 0 down residency:   0.00%
CPU 1 frequency: 2428 MHz
CPU 1 active residency:  15.93% (1020 MHz: 1.1% 1404 MHz: .20% 1788 MHz: .35% 2112 MHz: .38% 2352 MHz: .55% 2532 MHz: 1.4% 2592 MHz:  12%)
CPU 1 idle residency:  84.07%
CPU 1 down residency:   0.00%
CPU 2 frequency: 2328 MHz
CPU 2 active residency:  10.26% (1020 MHz: 1.3% 1404 MHz: .12% 1788 MHz: .32% 2112 MHz: .10% 2352 MHz: .41% 2532 MHz: 1.2% 2592 MHz: 6.8%)
CPU 2 idle residency:  89.74%
CPU 2 down residency:   0.00%
CPU 3 frequency: 2286 MHz
CPU 3 active residency:   5.68% (1020 MHz: .51% 1404 MHz: .20% 1788 MHz: .64% 2112 MHz: .06% 2352 MHz: .52% 2532 MHz: .50% 2592 MHz: 3.2%)
CPU 3 idle residency:  94.32%
CPU 3 down residency:   0.00%

P0-Cluster Online: 4%
P0-Cluster HW active frequency: 2222 MHz
P0-Cluster HW active residency:   1.44% (1260 MHz: .74% 1512 MHz: .09% 1800 MHz: .19% 2088 MHz:   0% 2352 MHz:   0% 2616 MHz:   0% 2868 MHz:   0% 3096 MHz:   0% 3300 MHz:   0% 3468 MHz:   0% 3624 MHz:   0% 3756 MHz:   0% 3828 MHz:   0% 3888 MHz: .02% 3948 MHz: .01% 3996 MHz: .11% 4044 MHz: .00% 4104 MHz:   0% 4416 MHz: .11% 4512 MHz: .15%)
P0-Cluster idle residency:   2.10%
P0-Cluster down residency:  96.46%
CPU 4 frequency: 0 MHz
CPU 4 active residency:   0.00% (1260 MHz:   0% 1512 MHz:   0% 1800 MHz:   0% 2088 MHz:   0% 2352 MHz:   0% 2616 MHz:   0% 2868 MHz:   0% 3096 MHz:   0% 3300 MHz:   0% 3468 MHz:   0% 3624 MHz:   0% 3756 MHz:   0% 3828 MHz:   0% 3888 MHz:   0% 3948 MHz:   0% 3996 MHz:   0% 4044 MHz:   0% 4104 MHz:   0% 4416 MHz:   0% 4512 MHz:   0%)
CPU 4 idle residency:   3.28%
CPU 4 down residency:  96.72%
CPU 5 frequency: 0 MHz
CPU 5 active residency:   0.00% (1260 MHz:   0% 1512 MHz:   0% 1800 MHz:   0% 2088 MHz:   0% 2352 MHz:   0% 2616 MHz:   0% 2868 MHz:   0% 3096 MHz:   0% 3300 MHz:   0% 3468 MHz:   0% 3624 MHz:   0% 3756 MHz:   0% 3828 MHz:   0% 3888 MHz:   0% 3948 MHz:   0% 3996 MHz:   0% 4044 MHz:   0% 4104 MHz:   0% 4416 MHz:   0% 4512 MHz:   0%)
CPU 5 idle residency:   3.31%
CPU 5 down residency:  96.69%
CPU 6 frequency: 0 MHz
CPU 6 active residency:   0.00% (1260 MHz:   0% 1512 MHz:   0% 1800 MHz:   0% 2088 MHz:   0% 2352 MHz:   0% 2616 MHz:   0% 2868 MHz:   0% 3096 MHz:   0% 3300 MHz:   0% 3468 MHz:   0% 3624 MHz:   0% 3756 MHz:   0% 3828 MHz:   0% 3888 MHz:   0% 3948 MHz:   0% 3996 MHz:   0% 4044 MHz:   0% 4104 MHz:   0% 4416 MHz:   0% 4512 MHz:   0%)
CPU 6 idle residency:   3.07%
CPU 6 down residency:  96.93%
CPU 7 frequency: 0 MHz
CPU 7 active residency:   0.00% (1260 MHz:   0% 1512 MHz:   0% 1800 MHz:   0% 2088 MHz:   0% 2352 MHz:   0% 2616 MHz:   0% 2868 MHz:   0% 3096 MHz:   0% 3300 MHz:   0% 3468 MHz:   0% 3624 MHz:   0% 3756 MHz:   0% 3828 MHz:   0% 3888 MHz:   0% 3948 MHz:   0% 3996 MHz:   0% 4044 MHz:   0% 4104 MHz:   0% 4416 MHz:   0% 4512 MHz:   0%)
CPU 7 idle residency:   3.06%
CPU 7 down residency:  96.94%
CPU 8 frequency: 0 MHz
CPU 8 active residency:   0.00% (1260 MHz:   0% 1512 MHz:   0% 1800 MHz:   0% 2088 MHz:   0% 2352 MHz:   0% 2616 MHz:   0% 2868 MHz:   0% 3096 MHz:   0% 3300 MHz:   0% 3468 MHz:   0% 3624 MHz:   0% 3756 MHz:   0% 3828 MHz:   0% 3888 MHz:   0% 3948 MHz:   0% 3996 MHz:   0% 4044 MHz:   0% 4104 MHz:   0% 4416 MHz:   0% 4512 MHz:   0%)
CPU 8 idle residency:   3.31%
CPU 8 down residency:  96.69%
CPU 9 frequency: 0 MHz
CPU 9 active residency:   0.00% (1260 MHz:   0% 1512 MHz:   0% 1800 MHz:   0% 2088 MHz:   0% 2352 MHz:   0% 2616 MHz:   0% 2868 MHz:   0% 3096 MHz:   0% 3300 MHz:   0% 3468 MHz:   0% 3624 MHz:   0% 3756 MHz:   0% 3828 MHz:   0% 3888 MHz:   0% 3948 MHz:   0% 3996 MHz:   0% 4044 MHz:   0% 4104 MHz:   0% 4416 MHz:   0% 4512 MHz:   0%)
CPU 9 idle residency:   3.28%
CPU 9 down residency:  96.72%

P1-Cluster HW active frequency: 4030 MHz
P1-Cluster HW active residency:  99.81% (1260 MHz: .01% 1512 MHz:   0% 1800 MHz:   0% 2088 MHz:   0% 2352 MHz:   0% 2616 MHz:   0% 2868 MHz:   0% 3096 MHz:   0% 3300 MHz:   0% 3468 MHz:   0% 3624 MHz:   0% 3756 MHz:   0% 3828 MHz: .00% 3888 MHz:  11% 3948 MHz:  39% 3996 MHz:  20% 4044 MHz:  18% 4104 MHz:   0% 4416 MHz: 5.3% 4512 MHz: 6.6%)
P1-Cluster idle residency:   0.19%
P1-Cluster down residency:   0.00%
CPU 10 frequency: 4512 MHz
CPU 10 active residency:  41.14% (1260 MHz:   0% 1512 MHz:   0% 1800 MHz:   0% 2088 MHz:   0% 2352 MHz:   0% 2616 MHz:   0% 2868 MHz:   0% 3096 MHz:   0% 3300 MHz:   0% 3468 MHz:   0% 3624 MHz:   0% 3756 MHz:   0% 3828 MHz:   0% 3888 MHz:   0% 3948 MHz:   0% 3996 MHz:   0% 4044 MHz:   0% 4104 MHz:   0% 4416 MHz:   0% 4512 MHz:  41%)
CPU 10 idle residency:  58.86%
CPU 10 down residency:   0.00%
CPU 11 frequency: 4512 MHz
CPU 11 active residency:  41.31% (1260 MHz:   0% 1512 MHz:   0% 1800 MHz:   0% 2088 MHz:   0% 2352 MHz:   0% 2616 MHz:   0% 2868 MHz:   0% 3096 MHz:   0% 3300 MHz:   0% 3468 MHz:   0% 3624 MHz:   0% 3756 MHz:   0% 3828 MHz:   0% 3888 MHz:   0% 3948 MHz:   0% 3996 MHz:   0% 4044 MHz:   0% 4104 MHz:   0% 4416 MHz:   0% 4512 MHz:  41%)
CPU 11 idle residency:  58.69%
CPU 11 down residency:   0.00%
CPU 12 frequency: 4512 MHz
CPU 12 active residency:  39.44% (1260 MHz:   0% 1512 MHz:   0% 1800 MHz:   0% 2088 MHz:   0% 2352 MHz:   0% 2616 MHz:   0% 2868 MHz:   0% 3096 MHz:   0% 3300 MHz:   0% 3468 MHz:   0% 3624 MHz:   0% 3756 MHz:   0% 3828 MHz:   0% 3888 MHz:   0% 3948 MHz:   0% 3996 MHz:   0% 4044 MHz:   0% 4104 MHz:   0% 4416 MHz:   0% 4512 MHz:  39%)
CPU 12 idle residency:  60.56%
CPU 12 down residency:   0.00%
CPU 13 frequency: 4512 MHz
CPU 13 active residency:  45.14% (1260 MHz: .00% 1512 MHz:   0% 1800 MHz:   0% 2088 MHz:   0% 2352 MHz:   0% 2616 MHz:   0% 2868 MHz:   0% 3096 MHz:   0% 3300 MHz:   0% 3468 MHz:   0% 3624 MHz:   0% 3756 MHz:   0% 3828 MHz:   0% 3888 MHz:   0% 3948 MHz:   0% 3996 MHz:   0% 4044 MHz:   0% 4104 MHz:   0% 4416 MHz:   0% 4512 MHz:  45%)
CPU 13 idle residency:  54.86%
CPU 13 down residency:   0.00%
CPU 14 frequency: 4512 MHz
CPU 14 active residency:  39.54% (1260 MHz:   0% 1512 MHz:   0% 1800 MHz:   0% 2088 MHz:   0% 2352 MHz:   0% 2616 MHz:   0% 2868 MHz:   0% 3096 MHz:   0% 3300 MHz:   0% 3468 MHz:   0% 3624 MHz:   0% 3756 MHz:   0% 3828 MHz:   0% 3888 MHz:   0% 3948 MHz:   0% 3996 MHz:   0% 4044 MHz:   0% 4104 MHz:   0% 4416 MHz:   0% 4512 MHz:  40%)
CPU 14 idle residency:  60.46%
CPU 14 down residency:   0.00%
CPU 15 frequency: 4512 MHz
CPU 15 active residency:  48.02% (1260 MHz:   0% 1512 MHz:   0% 1800 MHz:   0% 2088 MHz:   0% 2352 MHz:   0% 2616 MHz:   0% 2868 MHz:   0% 3096 MHz:   0% 3300 MHz:   0% 3468 MHz:   0% 3624 MHz:   0% 3756 MHz:   0% 3828 MHz:   0% 3888 MHz:   0% 3948 MHz:   0% 3996 MHz:   0% 4044 MHz:   0% 4104 MHz:   0% 4416 MHz:   0% 4512 MHz:  48%)
CPU 15 idle residency:  51.98%
CPU 15 down residency:   0.00%

CPU Power: 6959 mW
GPU Power: 12759 mW
ANE Power: 0 mW
Combined Power (CPU + GPU + ANE): 19718 mW

**** GPU usage ****

GPU HW active frequency: 1561 MHz
GPU HW active residency:  95.76% (338 MHz: 1.3% 618 MHz:   0% 796 MHz:   0% 924 MHz:   0% 952 MHz:   0% 1056 MHz:   0% 1062 MHz:   0% 1182 MHz:   0% 1182 MHz:   0% 1312 MHz:   0% 1242 MHz:   0% 1380 MHz:   0% 1326 MHz:   0% 1470 MHz:   0% 1578 MHz:  94%)
GPU SW requested state: (P1 :   0% P2 :   0% P3 :   0% P4 :   0% P5 :   0% P6 :   0% P7 :   0% P8 :   0% P9 :   0% P10 : 100% P11 :   0% P12 :   0% P13 :   0% P14 :   0% P15 :   0%)
GPU SW state: (SW_P1 : 1.3% SW_P2 :   0% SW_P3 :   0% SW_P4 :   0% SW_P5 :   0% SW_P6 :   0% SW_P7 :   0% SW_P8 :   0% SW_P9 :   0% SW_P10 :  94% SW_P11 :   0% SW_P12 :   0% SW_P13 :   0% SW_P14 :   0% SW_P15 :   0%)
GPU idle residency:   4.24%
GPU Power: 12778 mW



*** Sampled system activity (Tue Jan 20 15:14:17 2026 +0100) (1019.84ms elapsed) ***


**** Processor usage ****

E-Cluster Online: 100%
E-Cluster HW active frequency: 1983 MHz
E-Cluster HW active residency:  58.33% (1020 MHz:  20% 1404 MHz: 1.0% 1788 MHz: 1.2% 2112 MHz: .31% 2352 MHz: 3.5% 2532 MHz: 4.7% 2592 MHz:  27%)
E-Cluster idle residency:  41.67%
E-Cluster down residency:   0.00%
CPU 0 frequency: 2036 MHz
CPU 0 active residency:  23.80% (1020 MHz: 7.4% 1404 MHz: .59% 1788 MHz: .49% 2112 MHz: .07% 2352 MHz: 1.5% 2532 MHz: 1.8% 2592 MHz:  12%)
CPU 0 idle residency:  76.20%
CPU 0 down residency:   0.00%
CPU 1 frequency: 2143 MHz
CPU 1 active residency:  18.48% (1020 MHz: 4.5% 1404 MHz: .33% 1788 MHz: .49% 2112 MHz: .04% 2352 MHz: 1.1% 2532 MHz: 1.3% 2592 MHz:  11%)
CPU 1 idle residency:  81.52%
CPU 1 down residency:   0.00%
CPU 2 frequency: 1930 MHz
CPU 2 active residency:   8.81% (1020 MHz: 3.3% 1404 MHz: .25% 1788 MHz: .25% 2112 MHz: .03% 2352 MHz: .56% 2532 MHz: .31% 2592 MHz: 4.1%)
CPU 2 idle residency:  91.19%
CPU 2 down residency:   0.00%
CPU 3 frequency: 2113 MHz
CPU 3 active residency:   5.29% (1020 MHz: 1.4% 1404 MHz: .11% 1788 MHz: .17% 2112 MHz: .02% 2352 MHz: .30% 2532 MHz: .17% 2592 MHz: 3.1%)
CPU 3 idle residency:  94.71%
CPU 3 down residency:   0.00%

P0-Cluster Online: 55%
P0-Cluster HW active frequency: 4045 MHz
P0-Cluster HW active residency:  52.97% (1260 MHz: .08% 1512 MHz: .03% 1800 MHz:   0% 2088 MHz:   0% 2352 MHz:   0% 2616 MHz:   0% 2868 MHz:   0% 3096 MHz:   0% 3300 MHz:   0% 3468 MHz:   0% 3624 MHz:   0% 3756 MHz:   0% 3828 MHz:   0% 3888 MHz: 9.8% 3948 MHz:  16% 3996 MHz: 9.0% 4044 MHz: 9.6% 4104 MHz:   0% 4416 MHz: 4.4% 4512 MHz: 4.6%)
P0-Cluster idle residency:   0.59%
P0-Cluster down residency:  46.44%
CPU 4 frequency: 4474 MHz
CPU 4 active residency:  26.69% (1260 MHz: .10% 1512 MHz: .16% 1800 MHz: .07% 2088 MHz:   0% 2352 MHz:   0% 2616 MHz:   0% 2868 MHz:   0% 3096 MHz:   0% 3300 MHz:   0% 3468 MHz:   0% 3624 MHz:   0% 3756 MHz:   0% 3828 MHz:   0% 3888 MHz:   0% 3948 MHz:   0% 3996 MHz:   0% 4044 MHz:   0% 4104 MHz:   0% 4416 MHz:   0% 4512 MHz:  26%)
CPU 4 idle residency:  27.04%
CPU 4 down residency:  46.27%
CPU 5 frequency: 4472 MHz
CPU 5 active residency:  22.65% (1260 MHz: .09% 1512 MHz: .15% 1800 MHz: .05% 2088 MHz:   0% 2352 MHz:   0% 2616 MHz:   0% 2868 MHz:   0% 3096 MHz:   0% 3300 MHz:   0% 3468 MHz:   0% 3624 MHz:   0% 3756 MHz:   0% 3828 MHz:   0% 3888 MHz:   0% 3948 MHz:   0% 3996 MHz:   0% 4044 MHz:   0% 4104 MHz:   0% 4416 MHz:   0% 4512 MHz:  22%)
CPU 5 idle residency:  31.06%
CPU 5 down residency:  46.29%
CPU 6 frequency: 4472 MHz
CPU 6 active residency:  25.29% (1260 MHz: .10% 1512 MHz: .15% 1800 MHz: .08% 2088 MHz:   0% 2352 MHz: .00% 2616 MHz:   0% 2868 MHz:   0% 3096 MHz:   0% 3300 MHz:   0% 3468 MHz:   0% 3624 MHz:   0% 3756 MHz:   0% 3828 MHz:   0% 3888 MHz:   0% 3948 MHz:   0% 3996 MHz:   0% 4044 MHz:   0% 4104 MHz:   0% 4416 MHz:   0% 4512 MHz:  25%)
CPU 6 idle residency:  29.19%
CPU 6 down residency:  45.52%
CPU 7 frequency: 4468 MHz
CPU 7 active residency:  22.13% (1260 MHz: .10% 1512 MHz: .15% 1800 MHz: .07% 2088 MHz:   0% 2352 MHz:   0% 2616 MHz:   0% 2868 MHz:   0% 3096 MHz:   0% 3300 MHz:   0% 3468 MHz:   0% 3624 MHz:   0% 3756 MHz:   0% 3828 MHz:   0% 3888 MHz:   0% 3948 MHz:   0% 3996 MHz:   0% 4044 MHz:   0% 4104 MHz:   0% 4416 MHz:   0% 4512 MHz:  22%)
CPU 7 idle residency:  31.85%
CPU 7 down residency:  46.02%
CPU 8 frequency: 4467 MHz
CPU 8 active residency:  20.20% (1260 MHz: .10% 1512 MHz: .15% 1800 MHz: .05% 2088 MHz:   0% 2352 MHz:   0% 2616 MHz:   0% 2868 MHz:   0% 3096 MHz:   0% 3300 MHz:   0% 3468 MHz:   0% 3624 MHz:   0% 3756 MHz:   0% 3828 MHz:   0% 3888 MHz:   0% 3948 MHz:   0% 3996 MHz:   0% 4044 MHz:   0% 4104 MHz:   0% 4416 MHz:   0% 4512 MHz:  20%)
CPU 8 idle residency:  33.51%
CPU 8 down residency:  46.29%
CPU 9 frequency: 4472 MHz
CPU 9 active residency:  26.22% (1260 MHz: .10% 1512 MHz: .16% 1800 MHz: .09% 2088 MHz:   0% 2352 MHz: .00% 2616 MHz:   0% 2868 MHz:   0% 3096 MHz:   0% 3300 MHz:   0% 3468 MHz:   0% 3624 MHz:   0% 3756 MHz:   0% 3828 MHz:   0% 3888 MHz:   0% 3948 MHz:   0% 3996 MHz:   0% 4044 MHz:   0% 4104 MHz:   0% 4416 MHz:   0% 4512 MHz:  26%)
CPU 9 idle residency:  28.67%
CPU 9 down residency:  45.10%

P1-Cluster HW active frequency: 3974 MHz
P1-Cluster HW active residency:  47.71% (1260 MHz: .46% 1512 MHz: .11% 1800 MHz:   0% 2088 MHz:   0% 2352 MHz:   0% 2616 MHz:   0% 2868 MHz:   0% 3096 MHz:   0% 3300 MHz:   0% 3468 MHz:   0% 3624 MHz:   0% 3756 MHz:   0% 3828 MHz:   0% 3888 MHz: 7.4% 3948 MHz:  15% 3996 MHz:  16% 4044 MHz: 5.0% 4104 MHz:   0% 4416 MHz: 1.5% 4512 MHz: 2.2%)
P1-Cluster idle residency:   1.42%
P1-Cluster down residency:  50.87%
CPU 10 frequency: 4512 MHz
CPU 10 active residency:   4.49% (1260 MHz:   0% 1512 MHz:   0% 1800 MHz:   0% 2088 MHz:   0% 2352 MHz:   0% 2616 MHz:   0% 2868 MHz:   0% 3096 MHz:   0% 3300 MHz:   0% 3468 MHz:   0% 3624 MHz:   0% 3756 MHz:   0% 3828 MHz:   0% 3888 MHz:   0% 3948 MHz:   0% 3996 MHz:   0% 4044 MHz:   0% 4104 MHz:   0% 4416 MHz:   0% 4512 MHz: 4.5%)
CPU 10 idle residency:  31.84%
CPU 10 down residency:  63.67%
CPU 11 frequency: 4512 MHz
CPU 11 active residency:   2.40% (1260 MHz:   0% 1512 MHz:   0% 1800 MHz:   0% 2088 MHz:   0% 2352 MHz:   0% 2616 MHz:   0% 2868 MHz:   0% 3096 MHz:   0% 3300 MHz:   0% 3468 MHz:   0% 3624 MHz:   0% 3756 MHz:   0% 3828 MHz:   0% 3888 MHz:   0% 3948 MHz:   0% 3996 MHz:   0% 4044 MHz:   0% 4104 MHz:   0% 4416 MHz:   0% 4512 MHz: 2.4%)
CPU 11 idle residency:  34.88%
CPU 11 down residency:  62.71%
CPU 12 frequency: 4512 MHz
CPU 12 active residency:   2.40% (1260 MHz:   0% 1512 MHz:   0% 1800 MHz:   0% 2088 MHz:   0% 2352 MHz:   0% 2616 MHz:   0% 2868 MHz:   0% 3096 MHz:   0% 3300 MHz:   0% 3468 MHz:   0% 3624 MHz:   0% 3756 MHz:   0% 3828 MHz:   0% 3888 MHz:   0% 3948 MHz:   0% 3996 MHz:   0% 4044 MHz:   0% 4104 MHz:   0% 4416 MHz:   0% 4512 MHz: 2.4%)
CPU 12 idle residency:  34.74%
CPU 12 down residency:  62.86%
CPU 13 frequency: 4512 MHz
CPU 13 active residency:   3.20% (1260 MHz:   0% 1512 MHz:   0% 1800 MHz:   0% 2088 MHz:   0% 2352 MHz:   0% 2616 MHz:   0% 2868 MHz:   0% 3096 MHz:   0% 3300 MHz:   0% 3468 MHz:   0% 3624 MHz:   0% 3756 MHz:   0% 3828 MHz:   0% 3888 MHz:   0% 3948 MHz:   0% 3996 MHz:   0% 4044 MHz:   0% 4104 MHz:   0% 4416 MHz:   0% 4512 MHz: 3.2%)
CPU 13 idle residency:  32.90%
CPU 13 down residency:  63.90%
CPU 14 frequency: 4512 MHz
CPU 14 active residency:   2.02% (1260 MHz:   0% 1512 MHz:   0% 1800 MHz:   0% 2088 MHz:   0% 2352 MHz:   0% 2616 MHz:   0% 2868 MHz:   0% 3096 MHz:   0% 3300 MHz:   0% 3468 MHz:   0% 3624 MHz:   0% 3756 MHz:   0% 3828 MHz:   0% 3888 MHz:   0% 3948 MHz:   0% 3996 MHz:   0% 4044 MHz:   0% 4104 MHz:   0% 4416 MHz:   0% 4512 MHz: 2.0%)
CPU 14 idle residency:  35.42%
CPU 14 down residency:  62.56%
CPU 15 frequency: 4512 MHz
CPU 15 active residency:   0.87% (1260 MHz:   0% 1512 MHz:   0% 1800 MHz:   0% 2088 MHz:   0% 2352 MHz:   0% 2616 MHz:   0% 2868 MHz:   0% 3096 MHz:   0% 3300 MHz:   0% 3468 MHz:   0% 3624 MHz:   0% 3756 MHz:   0% 3828 MHz:   0% 3888 MHz:   0% 3948 MHz:   0% 3996 MHz:   0% 4044 MHz:   0% 4104 MHz:   0% 4416 MHz:   0% 4512 MHz: .87%)
CPU 15 idle residency:  37.34%
CPU 15 down residency:  61.79%

CPU Power: 7345 mW
GPU Power: 12489 mW
ANE Power: 0 mW
Combined Power (CPU + GPU + ANE): 19835 mW

**** GPU usage ****

GPU HW active frequency: 1561 MHz
GPU HW active residency:  94.93% (338 MHz: 1.3% 618 MHz:   0% 796 MHz:   0% 924 MHz:   0% 952 MHz:   0% 1056 MHz:   0% 1062 MHz:   0% 1182 MHz:   0% 1182 MHz:   0% 1312 MHz:   0% 1242 MHz:   0% 1380 MHz:   0% 1326 MHz:   0% 1470 MHz:   0% 1578 MHz:  94%)
GPU SW requested state: (P1 :   0% P2 :   0% P3 :   0% P4 :   0% P5 :   0% P6 :   0% P7 :   0% P8 :   0% P9 :   0% P10 : 100% P11 :   0% P12 :   0% P13 :   0% P14 :   0% P15 :   0%)
GPU SW state: (SW_P1 : 1.3% SW_P2 :   0% SW_P3 :   0% SW_P4 :   0% SW_P5 :   0% SW_P6 :   0% SW_P7 :   0% SW_P8 :   0% SW_P9 :   0% SW_P10 :  94% SW_P11 :   0% SW_P12 :   0% SW_P13 :   0% SW_P14 :   0% SW_P15 :   0%)
GPU idle residency:   5.07%
GPU Power: 12324 mW



*** Sampled system activity (Tue Jan 20 15:14:18 2026 +0100) (1017.43ms elapsed) ***


**** Processor usage ****

E-Cluster Online: 100%
E-Cluster HW active frequency: 2254 MHz
E-Cluster HW active residency:  62.56% (1020 MHz:  12% 1404 MHz: .71% 1788 MHz: 1.9% 2112 MHz: .70% 2352 MHz: 1.1% 2532 MHz: 2.0% 2592 MHz:  45%)
E-Cluster idle residency:  37.44%
E-Cluster down residency:   0.00%
CPU 0 frequency: 2284 MHz
CPU 0 active residency:  29.30% (1020 MHz: 4.8% 1404 MHz: .08% 1788 MHz: 1.2% 2112 MHz: .45% 2352 MHz: .51% 2532 MHz: 1.2% 2592 MHz:  21%)
CPU 0 idle residency:  70.70%
CPU 0 down residency:   0.00%
CPU 1 frequency: 2278 MHz
CPU 1 active residency:  16.85% (1020 MHz: 2.7% 1404 MHz: .22% 1788 MHz: .77% 2112 MHz: .24% 2352 MHz: .33% 2532 MHz: .49% 2592 MHz:  12%)
CPU 1 idle residency:  83.15%
CPU 1 down residency:   0.00%
CPU 2 frequency: 2224 MHz
CPU 2 active residency:  10.25% (1020 MHz: 2.0% 1404 MHz: .09% 1788 MHz: .51% 2112 MHz: .04% 2352 MHz: .56% 2532 MHz: .42% 2592 MHz: 6.7%)
CPU 2 idle residency:  89.75%
CPU 2 down residency:   0.00%
CPU 3 frequency: 2070 MHz
CPU 3 active residency:   6.42% (1020 MHz: 1.7% 1404 MHz: .40% 1788 MHz: .20% 2112 MHz: .04% 2352 MHz: .16% 2532 MHz: .15% 2592 MHz: 3.8%)
CPU 3 idle residency:  93.58%
CPU 3 down residency:   0.00%

P0-Cluster Online: 100%
P0-Cluster HW active frequency: 4041 MHz
P0-Cluster HW active residency:  99.83% (1260 MHz:   0% 1512 MHz:   0% 1800 MHz:   0% 2088 MHz:   0% 2352 MHz:   0% 2616 MHz:   0% 2868 MHz:   0% 3096 MHz:   0% 3300 MHz:   0% 3468 MHz:   0% 3624 MHz:   0% 3756 MHz:   0% 3828 MHz: .00% 3888 MHz:  13% 3948 MHz:  35% 3996 MHz:  21% 4044 MHz:  17% 4104 MHz:   0% 4416 MHz: 6.3% 4512 MHz: 7.7%)
P0-Cluster idle residency:   0.17%
P0-Cluster down residency:   0.00%
CPU 4 frequency: 4512 MHz
CPU 4 active residency:  45.29% (1260 MHz:   0% 1512 MHz:   0% 1800 MHz:   0% 2088 MHz:   0% 2352 MHz:   0% 2616 MHz:   0% 2868 MHz:   0% 3096 MHz:   0% 3300 MHz:   0% 3468 MHz:   0% 3624 MHz:   0% 3756 MHz:   0% 3828 MHz:   0% 3888 MHz:   0% 3948 MHz:   0% 3996 MHz:   0% 4044 MHz:   0% 4104 MHz:   0% 4416 MHz:   0% 4512 MHz:  45%)
CPU 4 idle residency:  54.71%
CPU 4 down residency:   0.00%
CPU 5 frequency: 4512 MHz
CPU 5 active residency:  38.29% (1260 MHz:   0% 1512 MHz:   0% 1800 MHz:   0% 2088 MHz:   0% 2352 MHz:   0% 2616 MHz:   0% 2868 MHz:   0% 3096 MHz:   0% 3300 MHz:   0% 3468 MHz:   0% 3624 MHz:   0% 3756 MHz:   0% 3828 MHz:   0% 3888 MHz:   0% 3948 MHz:   0% 3996 MHz:   0% 4044 MHz:   0% 4104 MHz:   0% 4416 MHz:   0% 4512 MHz:  38%)
CPU 5 idle residency:  61.71%
CPU 5 down residency:   0.00%
CPU 6 frequency: 4512 MHz
CPU 6 active residency:  44.76% (1260 MHz:   0% 1512 MHz:   0% 1800 MHz:   0% 2088 MHz:   0% 2352 MHz:   0% 2616 MHz:   0% 2868 MHz:   0% 3096 MHz:   0% 3300 MHz:   0% 3468 MHz:   0% 3624 MHz:   0% 3756 MHz:   0% 3828 MHz:   0% 3888 MHz:   0% 3948 MHz:   0% 3996 MHz:   0% 4044 MHz:   0% 4104 MHz:   0% 4416 MHz:   0% 4512 MHz:  45%)
CPU 6 idle residency:  55.24%
CPU 6 down residency:   0.00%
CPU 7 frequency: 4512 MHz
CPU 7 active residency:  39.42% (1260 MHz:   0% 1512 MHz:   0% 1800 MHz:   0% 2088 MHz:   0% 2352 MHz:   0% 2616 MHz:   0% 2868 MHz:   0% 3096 MHz:   0% 3300 MHz:   0% 3468 MHz:   0% 3624 MHz:   0% 3756 MHz:   0% 3828 MHz:   0% 3888 MHz:   0% 3948 MHz:   0% 3996 MHz:   0% 4044 MHz:   0% 4104 MHz:   0% 4416 MHz:   0% 4512 MHz:  39%)
CPU 7 idle residency:  60.58%
CPU 7 down residency:   0.00%
CPU 8 frequency: 4512 MHz
CPU 8 active residency:  43.33% (1260 MHz:   0% 1512 MHz:   0% 1800 MHz:   0% 2088 MHz:   0% 2352 MHz:   0% 2616 MHz:   0% 2868 MHz:   0% 3096 MHz:   0% 3300 MHz:   0% 3468 MHz:   0% 3624 MHz:   0% 3756 MHz:   0% 3828 MHz:   0% 3888 MHz:   0% 3948 MHz:   0% 3996 MHz:   0% 4044 MHz:   0% 4104 MHz:   0% 4416 MHz:   0% 4512 MHz:  43%)
CPU 8 idle residency:  56.67%
CPU 8 down residency:   0.00%
CPU 9 frequency: 4512 MHz
CPU 9 active residency:  38.62% (1260 MHz:   0% 1512 MHz:   0% 1800 MHz:   0% 2088 MHz:   0% 2352 MHz:   0% 2616 MHz:   0% 2868 MHz:   0% 3096 MHz:   0% 3300 MHz:   0% 3468 MHz:   0% 3624 MHz:   0% 3756 MHz:   0% 3828 MHz:   0% 3888 MHz:   0% 3948 MHz:   0% 3996 MHz:   0% 4044 MHz:   0% 4104 MHz:   0% 4416 MHz:   0% 4512 MHz:  39%)
CPU 9 idle residency:  61.38%
CPU 9 down residency:   0.00%

P1-Cluster HW active frequency: 1676 MHz
P1-Cluster HW active residency:   1.50% (1260 MHz: 1.1% 1512 MHz: .11% 1800 MHz: .12% 2088 MHz:   0% 2352 MHz:   0% 2616 MHz:   0% 2868 MHz:   0% 3096 MHz:   0% 3300 MHz:   0% 3468 MHz:   0% 3624 MHz:   0% 3756 MHz:   0% 3828 MHz:   0% 3888 MHz: .01% 3948 MHz: .02% 3996 MHz:   0% 4044 MHz:   0% 4104 MHz:   0% 4416 MHz: .03% 4512 MHz: .11%)
P1-Cluster idle residency:   3.51%
P1-Cluster down residency:  95.00%
CPU 10 frequency: 0 MHz
CPU 10 active residency:   0.00% (1260 MHz:   0% 1512 MHz:   0% 1800 MHz:   0% 2088 MHz:   0% 2352 MHz:   0% 2616 MHz:   0% 2868 MHz:   0% 3096 MHz:   0% 3300 MHz:   0% 3468 MHz:   0% 3624 MHz:   0% 3756 MHz:   0% 3828 MHz:   0% 3888 MHz:   0% 3948 MHz:   0% 3996 MHz:   0% 4044 MHz:   0% 4104 MHz:   0% 4416 MHz:   0% 4512 MHz:   0%)
CPU 10 idle residency:   4.77%
CPU 10 down residency:  95.23%
CPU 11 frequency: 0 MHz
CPU 11 active residency:   0.00% (1260 MHz:   0% 1512 MHz:   0% 1800 MHz:   0% 2088 MHz:   0% 2352 MHz:   0% 2616 MHz:   0% 2868 MHz:   0% 3096 MHz:   0% 3300 MHz:   0% 3468 MHz:   0% 3624 MHz:   0% 3756 MHz:   0% 3828 MHz:   0% 3888 MHz:   0% 3948 MHz:   0% 3996 MHz:   0% 4044 MHz:   0% 4104 MHz:   0% 4416 MHz:   0% 4512 MHz:   0%)
CPU 11 idle residency:   4.77%
CPU 11 down residency:  95.23%
CPU 12 frequency: 0 MHz
CPU 12 active residency:   0.00% (1260 MHz:   0% 1512 MHz:   0% 1800 MHz:   0% 2088 MHz:   0% 2352 MHz:   0% 2616 MHz:   0% 2868 MHz:   0% 3096 MHz:   0% 3300 MHz:   0% 3468 MHz:   0% 3624 MHz:   0% 3756 MHz:   0% 3828 MHz:   0% 3888 MHz:   0% 3948 MHz:   0% 3996 MHz:   0% 4044 MHz:   0% 4104 MHz:   0% 4416 MHz:   0% 4512 MHz:   0%)
CPU 12 idle residency:   4.79%
CPU 12 down residency:  95.21%
CPU 13 frequency: 0 MHz
CPU 13 active residency:   0.00% (1260 MHz:   0% 1512 MHz:   0% 1800 MHz:   0% 2088 MHz:   0% 2352 MHz:   0% 2616 MHz:   0% 2868 MHz:   0% 3096 MHz:   0% 3300 MHz:   0% 3468 MHz:   0% 3624 MHz:   0% 3756 MHz:   0% 3828 MHz:   0% 3888 MHz:   0% 3948 MHz:   0% 3996 MHz:   0% 4044 MHz:   0% 4104 MHz:   0% 4416 MHz:   0% 4512 MHz:   0%)
CPU 13 idle residency:   4.79%
CPU 13 down residency:  95.21%
CPU 14 frequency: 0 MHz
CPU 14 active residency:   0.00% (1260 MHz:   0% 1512 MHz:   0% 1800 MHz:   0% 2088 MHz:   0% 2352 MHz:   0% 2616 MHz:   0% 2868 MHz:   0% 3096 MHz:   0% 3300 MHz:   0% 3468 MHz:   0% 3624 MHz:   0% 3756 MHz:   0% 3828 MHz:   0% 3888 MHz:   0% 3948 MHz:   0% 3996 MHz:   0% 4044 MHz:   0% 4104 MHz:   0% 4416 MHz:   0% 4512 MHz:   0%)
CPU 14 idle residency:   4.75%
CPU 14 down residency:  95.25%
CPU 15 frequency: 0 MHz
CPU 15 active residency:   0.00% (1260 MHz:   0% 1512 MHz:   0% 1800 MHz:   0% 2088 MHz:   0% 2352 MHz:   0% 2616 MHz:   0% 2868 MHz:   0% 3096 MHz:   0% 3300 MHz:   0% 3468 MHz:   0% 3624 MHz:   0% 3756 MHz:   0% 3828 MHz:   0% 3888 MHz:   0% 3948 MHz:   0% 3996 MHz:   0% 4044 MHz:   0% 4104 MHz:   0% 4416 MHz:   0% 4512 MHz:   0%)
CPU 15 idle residency:   4.81%
CPU 15 down residency:  95.19%

CPU Power: 7158 mW
GPU Power: 13011 mW
ANE Power: 0 mW
Combined Power (CPU + GPU + ANE): 20169 mW

**** GPU usage ****

GPU HW active frequency: 1561 MHz
GPU HW active residency:  95.43% (338 MHz: 1.3% 618 MHz:   0% 796 MHz:   0% 924 MHz:   0% 952 MHz:   0% 1056 MHz:   0% 1062 MHz:   0% 1182 MHz:   0% 1182 MHz:   0% 1312 MHz:   0% 1242 MHz:   0% 1380 MHz:   0% 1326 MHz:   0% 1470 MHz:   0% 1578 MHz:  94%)
GPU SW requested state: (P1 :   0% P2 :   0% P3 :   0% P4 :   0% P5 :   0% P6 :   0% P7 :   0% P8 :   0% P9 :   0% P10 : 100% P11 :   0% P12 :   0% P13 :   0% P14 :   0% P15 :   0%)
GPU SW state: (SW_P1 : 1.3% SW_P2 :   0% SW_P3 :   0% SW_P4 :   0% SW_P5 :   0% SW_P6 :   0% SW_P7 :   0% SW_P8 :   0% SW_P9 :   0% SW_P10 :  94% SW_P11 :   0% SW_P12 :   0% SW_P13 :   0% SW_P14 :   0% SW_P15 :   0%)
GPU idle residency:   4.57%
GPU Power: 13085 mW



*** Sampled system activity (Tue Jan 20 15:14:19 2026 +0100) (1021.14ms elapsed) ***


**** Processor usage ****

E-Cluster Online: 100%
E-Cluster HW active frequency: 2449 MHz
E-Cluster HW active residency:  62.45% (1020 MHz: 5.2% 1404 MHz: .04% 1788 MHz: .32% 2112 MHz: .39% 2352 MHz: 1.0% 2532 MHz: 1.2% 2592 MHz:  54%)
E-Cluster idle residency:  37.55%
E-Cluster down residency:   0.00%
CPU 0 frequency: 2471 MHz
CPU 0 active residency:  25.45% (1020 MHz: 1.8% 1404 MHz: .00% 1788 MHz: .01% 2112 MHz: .02% 2352 MHz: .58% 2532 MHz: .37% 2592 MHz:  23%)
CPU 0 idle residency:  74.55%
CPU 0 down residency:   0.00%
CPU 1 frequency: 2458 MHz
CPU 1 active residency:  17.87% (1020 MHz: 1.2% 1404 MHz: .00% 1788 MHz: .32% 2112 MHz: .39% 2352 MHz: .19% 2532 MHz: .52% 2592 MHz:  15%)
CPU 1 idle residency:  82.13%
CPU 1 down residency:   0.00%
CPU 2 frequency: 2465 MHz
CPU 2 active residency:   8.17% (1020 MHz: .65% 1404 MHz: .00% 1788 MHz:   0% 2112 MHz: .01% 2352 MHz: .01% 2532 MHz: .02% 2592 MHz: 7.5%)
CPU 2 idle residency:  91.83%
CPU 2 down residency:   0.00%
CPU 3 frequency: 2442 MHz
CPU 3 active residency:   4.87% (1020 MHz: .45% 1404 MHz: .01% 1788 MHz:   0% 2112 MHz: .02% 2352 MHz: .03% 2532 MHz: .02% 2592 MHz: 4.3%)
CPU 3 idle residency:  95.13%
CPU 3 down residency:   0.00%

P0-Cluster Online: 100%
P0-Cluster HW active frequency: 4060 MHz
P0-Cluster HW active residency:  99.79% (1260 MHz:   0% 1512 MHz:   0% 1800 MHz:   0% 2088 MHz:   0% 2352 MHz:   0% 2616 MHz:   0% 2868 MHz:   0% 3096 MHz:   0% 3300 MHz:   0% 3468 MHz:   0% 3624 MHz:   0% 3756 MHz:   0% 3828 MHz: .00% 3888 MHz: 7.2% 3948 MHz:  34% 3996 MHz:  25% 4044 MHz:  17% 4104 MHz:   0% 4416 MHz: 7.0% 4512 MHz: 9.6%)
P0-Cluster idle residency:   0.21%
P0-Cluster down residency:   0.00%
CPU 4 frequency: 4512 MHz
CPU 4 active residency:  40.07% (1260 MHz:   0% 1512 MHz:   0% 1800 MHz:   0% 2088 MHz:   0% 2352 MHz:   0% 2616 MHz:   0% 2868 MHz:   0% 3096 MHz:   0% 3300 MHz:   0% 3468 MHz:   0% 3624 MHz:   0% 3756 MHz:   0% 3828 MHz:   0% 3888 MHz:   0% 3948 MHz:   0% 3996 MHz:   0% 4044 MHz:   0% 4104 MHz:   0% 4416 MHz:   0% 4512 MHz:  40%)
CPU 4 idle residency:  59.93%
CPU 4 down residency:   0.00%
CPU 5 frequency: 4512 MHz
CPU 5 active residency:  40.80% (1260 MHz:   0% 1512 MHz:   0% 1800 MHz:   0% 2088 MHz:   0% 2352 MHz:   0% 2616 MHz:   0% 2868 MHz:   0% 3096 MHz:   0% 3300 MHz:   0% 3468 MHz:   0% 3624 MHz:   0% 3756 MHz:   0% 3828 MHz:   0% 3888 MHz:   0% 3948 MHz:   0% 3996 MHz:   0% 4044 MHz:   0% 4104 MHz:   0% 4416 MHz:   0% 4512 MHz:  41%)
CPU 5 idle residency:  59.20%
CPU 5 down residency:   0.00%
CPU 6 frequency: 4512 MHz
CPU 6 active residency:  34.77% (1260 MHz:   0% 1512 MHz:   0% 1800 MHz:   0% 2088 MHz:   0% 2352 MHz:   0% 2616 MHz:   0% 2868 MHz:   0% 3096 MHz:   0% 3300 MHz:   0% 3468 MHz:   0% 3624 MHz:   0% 3756 MHz:   0% 3828 MHz:   0% 3888 MHz:   0% 3948 MHz:   0% 3996 MHz:   0% 4044 MHz:   0% 4104 MHz:   0% 4416 MHz:   0% 4512 MHz:  35%)
CPU 6 idle residency:  65.23%
CPU 6 down residency:   0.00%
CPU 7 frequency: 4512 MHz
CPU 7 active residency:  43.06% (1260 MHz:   0% 1512 MHz:   0% 1800 MHz:   0% 2088 MHz:   0% 2352 MHz:   0% 2616 MHz:   0% 2868 MHz:   0% 3096 MHz:   0% 3300 MHz:   0% 3468 MHz:   0% 3624 MHz:   0% 3756 MHz:   0% 3828 MHz:   0% 3888 MHz:   0% 3948 MHz:   0% 3996 MHz:   0% 4044 MHz:   0% 4104 MHz:   0% 4416 MHz:   0% 4512 MHz:  43%)
CPU 7 idle residency:  56.94%
CPU 7 down residency:   0.00%
CPU 8 frequency: 4512 MHz
CPU 8 active residency:  36.89% (1260 MHz:   0% 1512 MHz:   0% 1800 MHz:   0% 2088 MHz:   0% 2352 MHz:   0% 2616 MHz:   0% 2868 MHz:   0% 3096 MHz:   0% 3300 MHz:   0% 3468 MHz:   0% 3624 MHz:   0% 3756 MHz:   0% 3828 MHz:   0% 3888 MHz:   0% 3948 MHz:   0% 3996 MHz:   0% 4044 MHz:   0% 4104 MHz:   0% 4416 MHz:   0% 4512 MHz:  37%)
CPU 8 idle residency:  63.11%
CPU 8 down residency:   0.00%
CPU 9 frequency: 4512 MHz
CPU 9 active residency:  32.62% (1260 MHz:   0% 1512 MHz:   0% 1800 MHz:   0% 2088 MHz:   0% 2352 MHz:   0% 2616 MHz:   0% 2868 MHz:   0% 3096 MHz:   0% 3300 MHz:   0% 3468 MHz:   0% 3624 MHz:   0% 3756 MHz:   0% 3828 MHz:   0% 3888 MHz:   0% 3948 MHz:   0% 3996 MHz:   0% 4044 MHz:   0% 4104 MHz:   0% 4416 MHz:   0% 4512 MHz:  33%)
CPU 9 idle residency:  67.38%
CPU 9 down residency:   0.00%

P1-Cluster HW active frequency: 1311 MHz
P1-Cluster HW active residency:   0.96% (1260 MHz: .82% 1512 MHz: .09% 1800 MHz: .05% 2088 MHz:   0% 2352 MHz:   0% 2616 MHz:   0% 2868 MHz:   0% 3096 MHz:   0% 3300 MHz:   0% 3468 MHz:   0% 3624 MHz:   0% 3756 MHz:   0% 3828 MHz:   0% 3888 MHz:   0% 3948 MHz:   0% 3996 MHz:   0% 4044 MHz:   0% 4104 MHz:   0% 4416 MHz:   0% 4512 MHz:   0%)
P1-Cluster idle residency:   3.88%
P1-Cluster down residency:  95.16%
CPU 10 frequency: 4450 MHz
CPU 10 active residency:  16.90% (1260 MHz: .14% 1512 MHz: .15% 1800 MHz: .05% 2088 MHz:   0% 2352 MHz:   0% 2616 MHz:   0% 2868 MHz:   0% 3096 MHz:   0% 3300 MHz:   0% 3468 MHz:   0% 3624 MHz:   0% 3756 MHz:   0% 3828 MHz:   0% 3888 MHz:   0% 3948 MHz:   0% 3996 MHz:   0% 4044 MHz:   0% 4104 MHz:   0% 4416 MHz:   0% 4512 MHz:  17%)
CPU 10 idle residency:   3.83%
CPU 10 down residency:  79.27%
CPU 11 frequency: 4447 MHz
CPU 11 active residency:  16.05% (1260 MHz: .14% 1512 MHz: .15% 1800 MHz: .06% 2088 MHz:   0% 2352 MHz:   0% 2616 MHz:   0% 2868 MHz:   0% 3096 MHz:   0% 3300 MHz:   0% 3468 MHz:   0% 3624 MHz:   0% 3756 MHz:   0% 3828 MHz:   0% 3888 MHz:   0% 3948 MHz:   0% 3996 MHz:   0% 4044 MHz:   0% 4104 MHz:   0% 4416 MHz:   0% 4512 MHz:  16%)
CPU 11 idle residency:   3.88%
CPU 11 down residency:  80.07%
CPU 12 frequency: 4448 MHz
CPU 12 active residency:  16.18% (1260 MHz: .13% 1512 MHz: .15% 1800 MHz: .06% 2088 MHz:   0% 2352 MHz:   0% 2616 MHz:   0% 2868 MHz:   0% 3096 MHz:   0% 3300 MHz:   0% 3468 MHz:   0% 3624 MHz:   0% 3756 MHz:   0% 3828 MHz:   0% 3888 MHz:   0% 3948 MHz:   0% 3996 MHz:   0% 4044 MHz:   0% 4104 MHz:   0% 4416 MHz:   0% 4512 MHz:  16%)
CPU 12 idle residency:   3.87%
CPU 12 down residency:  79.95%
CPU 13 frequency: 4434 MHz
CPU 13 active residency:  13.50% (1260 MHz: .14% 1512 MHz: .15% 1800 MHz: .06% 2088 MHz:   0% 2352 MHz:   0% 2616 MHz:   0% 2868 MHz:   0% 3096 MHz:   0% 3300 MHz:   0% 3468 MHz:   0% 3624 MHz:   0% 3756 MHz:   0% 3828 MHz:   0% 3888 MHz:   0% 3948 MHz:   0% 3996 MHz:   0% 4044 MHz:   0% 4104 MHz:   0% 4416 MHz:   0% 4512 MHz:  13%)
CPU 13 idle residency:   4.00%
CPU 13 down residency:  82.51%
CPU 14 frequency: 4447 MHz
CPU 14 active residency:  15.93% (1260 MHz: .14% 1512 MHz: .15% 1800 MHz: .05% 2088 MHz:   0% 2352 MHz:   0% 2616 MHz:   0% 2868 MHz:   0% 3096 MHz:   0% 3300 MHz:   0% 3468 MHz:   0% 3624 MHz:   0% 3756 MHz:   0% 3828 MHz:   0% 3888 MHz:   0% 3948 MHz:   0% 3996 MHz:   0% 4044 MHz:   0% 4104 MHz:   0% 4416 MHz:   0% 4512 MHz:  16%)
CPU 14 idle residency:   3.88%
CPU 14 down residency:  80.18%
CPU 15 frequency: 4444 MHz
CPU 15 active residency:  15.16% (1260 MHz: .13% 1512 MHz: .15% 1800 MHz: .06% 2088 MHz:   0% 2352 MHz:   0% 2616 MHz:   0% 2868 MHz:   0% 3096 MHz:   0% 3300 MHz:   0% 3468 MHz:   0% 3624 MHz:   0% 3756 MHz:   0% 3828 MHz:   0% 3888 MHz:   0% 3948 MHz:   0% 3996 MHz:   0% 4044 MHz:   0% 4104 MHz:   0% 4416 MHz:   0% 4512 MHz:  15%)
CPU 15 idle residency:   3.92%
CPU 15 down residency:  80.92%

CPU Power: 7225 mW
GPU Power: 13022 mW
ANE Power: 0 mW
Combined Power (CPU + GPU + ANE): 20247 mW

**** GPU usage ****

GPU HW active frequency: 1561 MHz
GPU HW active residency:  95.23% (338 MHz: 1.3% 618 MHz:   0% 796 MHz:   0% 924 MHz:   0% 952 MHz:   0% 1056 MHz:   0% 1062 MHz:   0% 1182 MHz:   0% 1182 MHz:   0% 1312 MHz:   0% 1242 MHz:   0% 1380 MHz:   0% 1326 MHz:   0% 1470 MHz:   0% 1578 MHz:  94%)
GPU SW requested state: (P1 :   0% P2 :   0% P3 :   0% P4 :   0% P5 :   0% P6 :   0% P7 :   0% P8 :   0% P9 :   0% P10 : 100% P11 :   0% P12 :   0% P13 :   0% P14 :   0% P15 :   0%)
GPU SW state: (SW_P1 : 1.3% SW_P2 :   0% SW_P3 :   0% SW_P4 :   0% SW_P5 :   0% SW_P6 :   0% SW_P7 :   0% SW_P8 :   0% SW_P9 :   0% SW_P10 :  94% SW_P11 :   0% SW_P12 :   0% SW_P13 :   0% SW_P14 :   0% SW_P15 :   0%)
GPU idle residency:   4.77%
GPU Power: 13057 mW



*** Sampled system activity (Tue Jan 20 15:14:20 2026 +0100) (1022.50ms elapsed) ***


**** Processor usage ****

E-Cluster Online: 100%
E-Cluster HW active frequency: 2592 MHz
E-Cluster HW active residency:  67.22% (1020 MHz:   0% 1404 MHz:   0% 1788 MHz:   0% 2112 MHz:   0% 2352 MHz:   0% 2532 MHz: .00% 2592 MHz:  67%)
E-Cluster idle residency:  32.78%
E-Cluster down residency:   0.00%
CPU 0 frequency: 2592 MHz
CPU 0 active residency:  28.84% (1020 MHz:   0% 1404 MHz:   0% 1788 MHz:   0% 2112 MHz:   0% 2352 MHz:   0% 2532 MHz:   0% 2592 MHz:  29%)
CPU 0 idle residency:  71.16%
CPU 0 down residency:   0.00%
CPU 1 frequency: 2592 MHz
CPU 1 active residency:  21.16% (1020 MHz:   0% 1404 MHz:   0% 1788 MHz:   0% 2112 MHz:   0% 2352 MHz:   0% 2532 MHz:   0% 2592 MHz:  21%)
CPU 1 idle residency:  78.84%
CPU 1 down residency:   0.00%
CPU 2 frequency: 2592 MHz
CPU 2 active residency:   8.82% (1020 MHz:   0% 1404 MHz:   0% 1788 MHz:   0% 2112 MHz:   0% 2352 MHz:   0% 2532 MHz:   0% 2592 MHz: 8.8%)
CPU 2 idle residency:  91.18%
CPU 2 down residency:   0.00%
CPU 3 frequency: 2592 MHz
CPU 3 active residency:   5.12% (1020 MHz:   0% 1404 MHz:   0% 1788 MHz:   0% 2112 MHz:   0% 2352 MHz:   0% 2532 MHz:   0% 2592 MHz: 5.1%)
CPU 3 idle residency:  94.88%
CPU 3 down residency:   0.00%

P0-Cluster Online: 100%
P0-Cluster HW active frequency: 4058 MHz
P0-Cluster HW active residency:  99.82% (1260 MHz:   0% 1512 MHz:   0% 1800 MHz:   0% 2088 MHz:   0% 2352 MHz:   0% 2616 MHz:   0% 2868 MHz:   0% 3096 MHz:   0% 3300 MHz:   0% 3468 MHz:   0% 3624 MHz:   0% 3756 MHz:   0% 3828 MHz: .00% 3888 MHz: 3.6% 3948 MHz:  38% 3996 MHz:  23% 4044 MHz:  19% 4104 MHz:   0% 4416 MHz: 6.7% 4512 MHz: 9.0%)
P0-Cluster idle residency:   0.18%
P0-Cluster down residency:   0.00%
CPU 4 frequency: 4512 MHz
CPU 4 active residency:  35.03% (1260 MHz:   0% 1512 MHz:   0% 1800 MHz:   0% 2088 MHz:   0% 2352 MHz:   0% 2616 MHz:   0% 2868 MHz:   0% 3096 MHz:   0% 3300 MHz:   0% 3468 MHz:   0% 3624 MHz:   0% 3756 MHz:   0% 3828 MHz:   0% 3888 MHz:   0% 3948 MHz:   0% 3996 MHz:   0% 4044 MHz:   0% 4104 MHz:   0% 4416 MHz:   0% 4512 MHz:  35%)
CPU 4 idle residency:  64.97%
CPU 4 down residency:   0.00%
CPU 5 frequency: 4512 MHz
CPU 5 active residency:  42.49% (1260 MHz:   0% 1512 MHz:   0% 1800 MHz:   0% 2088 MHz:   0% 2352 MHz:   0% 2616 MHz:   0% 2868 MHz:   0% 3096 MHz:   0% 3300 MHz:   0% 3468 MHz:   0% 3624 MHz:   0% 3756 MHz:   0% 3828 MHz:   0% 3888 MHz:   0% 3948 MHz:   0% 3996 MHz:   0% 4044 MHz:   0% 4104 MHz:   0% 4416 MHz:   0% 4512 MHz:  42%)
CPU 5 idle residency:  57.51%
CPU 5 down residency:   0.00%
CPU 6 frequency: 4512 MHz
CPU 6 active residency:  40.61% (1260 MHz:   0% 1512 MHz:   0% 1800 MHz:   0% 2088 MHz:   0% 2352 MHz:   0% 2616 MHz:   0% 2868 MHz:   0% 3096 MHz:   0% 3300 MHz:   0% 3468 MHz:   0% 3624 MHz:   0% 3756 MHz:   0% 3828 MHz:   0% 3888 MHz:   0% 3948 MHz:   0% 3996 MHz:   0% 4044 MHz:   0% 4104 MHz:   0% 4416 MHz:   0% 4512 MHz:  41%)
CPU 6 idle residency:  59.39%
CPU 6 down residency:   0.00%
CPU 7 frequency: 4512 MHz
CPU 7 active residency:  38.80% (1260 MHz:   0% 1512 MHz:   0% 1800 MHz:   0% 2088 MHz:   0% 2352 MHz:   0% 2616 MHz:   0% 2868 MHz:   0% 3096 MHz:   0% 3300 MHz:   0% 3468 MHz:   0% 3624 MHz:   0% 3756 MHz:   0% 3828 MHz:   0% 3888 MHz:   0% 3948 MHz:   0% 3996 MHz:   0% 4044 MHz:   0% 4104 MHz:   0% 4416 MHz:   0% 4512 MHz:  39%)
CPU 7 idle residency:  61.20%
CPU 7 down residency:   0.00%
CPU 8 frequency: 4512 MHz
CPU 8 active residency:  31.40% (1260 MHz:   0% 1512 MHz:   0% 1800 MHz:   0% 2088 MHz:   0% 2352 MHz:   0% 2616 MHz:   0% 2868 MHz:   0% 3096 MHz:   0% 3300 MHz:   0% 3468 MHz:   0% 3624 MHz:   0% 3756 MHz:   0% 3828 MHz:   0% 3888 MHz:   0% 3948 MHz:   0% 3996 MHz:   0% 4044 MHz:   0% 4104 MHz:   0% 4416 MHz:   0% 4512 MHz:  31%)
CPU 8 idle residency:  68.60%
CPU 8 down residency:   0.00%
CPU 9 frequency: 4512 MHz
CPU 9 active residency:  36.02% (1260 MHz:   0% 1512 MHz:   0% 1800 MHz:   0% 2088 MHz:   0% 2352 MHz:   0% 2616 MHz:   0% 2868 MHz:   0% 3096 MHz:   0% 3300 MHz:   0% 3468 MHz:   0% 3624 MHz:   0% 3756 MHz:   0% 3828 MHz:   0% 3888 MHz:   0% 3948 MHz:   0% 3996 MHz:   0% 4044 MHz:   0% 4104 MHz:   0% 4416 MHz:   0% 4512 MHz:  36%)
CPU 9 idle residency:  63.98%
CPU 9 down residency:   0.00%

P1-Cluster HW active frequency: 1752 MHz
P1-Cluster HW active residency:   0.87% (1260 MHz: .62% 1512 MHz:   0% 1800 MHz: .14% 2088 MHz:   0% 2352 MHz:   0% 2616 MHz:   0% 2868 MHz:   0% 3096 MHz:   0% 3300 MHz:   0% 3468 MHz:   0% 3624 MHz:   0% 3756 MHz:   0% 3828 MHz:   0% 3888 MHz: .01% 3948 MHz: .01% 3996 MHz:   0% 4044 MHz:   0% 4104 MHz:   0% 4416 MHz: .00% 4512 MHz: .09%)
P1-Cluster idle residency:   0.58%
P1-Cluster down residency:  98.54%
CPU 10 frequency: 0 MHz
CPU 10 active residency:   0.00% (1260 MHz:   0% 1512 MHz:   0% 1800 MHz:   0% 2088 MHz:   0% 2352 MHz:   0% 2616 MHz:   0% 2868 MHz:   0% 3096 MHz:   0% 3300 MHz:   0% 3468 MHz:   0% 3624 MHz:   0% 3756 MHz:   0% 3828 MHz:   0% 3888 MHz:   0% 3948 MHz:   0% 3996 MHz:   0% 4044 MHz:   0% 4104 MHz:   0% 4416 MHz:   0% 4512 MHz:   0%)
CPU 10 idle residency:   1.37%
CPU 10 down residency:  98.63%
CPU 11 frequency: 0 MHz
CPU 11 active residency:   0.00% (1260 MHz:   0% 1512 MHz:   0% 1800 MHz:   0% 2088 MHz:   0% 2352 MHz:   0% 2616 MHz:   0% 2868 MHz:   0% 3096 MHz:   0% 3300 MHz:   0% 3468 MHz:   0% 3624 MHz:   0% 3756 MHz:   0% 3828 MHz:   0% 3888 MHz:   0% 3948 MHz:   0% 3996 MHz:   0% 4044 MHz:   0% 4104 MHz:   0% 4416 MHz:   0% 4512 MHz:   0%)
CPU 11 idle residency:   1.30%
CPU 11 down residency:  98.70%
CPU 12 frequency: 0 MHz
CPU 12 active residency:   0.00% (1260 MHz:   0% 1512 MHz:   0% 1800 MHz:   0% 2088 MHz:   0% 2352 MHz:   0% 2616 MHz:   0% 2868 MHz:   0% 3096 MHz:   0% 3300 MHz:   0% 3468 MHz:   0% 3624 MHz:   0% 3756 MHz:   0% 3828 MHz:   0% 3888 MHz:   0% 3948 MHz:   0% 3996 MHz:   0% 4044 MHz:   0% 4104 MHz:   0% 4416 MHz:   0% 4512 MHz:   0%)
CPU 12 idle residency:   1.35%
CPU 12 down residency:  98.65%
CPU 13 frequency: 0 MHz
CPU 13 active residency:   0.00% (1260 MHz:   0% 1512 MHz:   0% 1800 MHz:   0% 2088 MHz:   0% 2352 MHz:   0% 2616 MHz:   0% 2868 MHz:   0% 3096 MHz:   0% 3300 MHz:   0% 3468 MHz:   0% 3624 MHz:   0% 3756 MHz:   0% 3828 MHz:   0% 3888 MHz:   0% 3948 MHz:   0% 3996 MHz:   0% 4044 MHz:   0% 4104 MHz:   0% 4416 MHz:   0% 4512 MHz:   0%)
CPU 13 idle residency:   1.38%
CPU 13 down residency:  98.62%
CPU 14 frequency: 0 MHz
CPU 14 active residency:   0.00% (1260 MHz:   0% 1512 MHz:   0% 1800 MHz:   0% 2088 MHz:   0% 2352 MHz:   0% 2616 MHz:   0% 2868 MHz:   0% 3096 MHz:   0% 3300 MHz:   0% 3468 MHz:   0% 3624 MHz:   0% 3756 MHz:   0% 3828 MHz:   0% 3888 MHz:   0% 3948 MHz:   0% 3996 MHz:   0% 4044 MHz:   0% 4104 MHz:   0% 4416 MHz:   0% 4512 MHz:   0%)
CPU 14 idle residency:   1.35%
CPU 14 down residency:  98.65%
CPU 15 frequency: 0 MHz
CPU 15 active residency:   0.00% (1260 MHz:   0% 1512 MHz:   0% 1800 MHz:   0% 2088 MHz:   0% 2352 MHz:   0% 2616 MHz:   0% 2868 MHz:   0% 3096 MHz:   0% 3300 MHz:   0% 3468 MHz:   0% 3624 MHz:   0% 3756 MHz:   0% 3828 MHz:   0% 3888 MHz:   0% 3948 MHz:   0% 3996 MHz:   0% 4044 MHz:   0% 4104 MHz:   0% 4416 MHz:   0% 4512 MHz:   0%)
CPU 15 idle residency:   1.37%
CPU 15 down residency:  98.63%

CPU Power: 7010 mW
GPU Power: 13297 mW
ANE Power: 0 mW
Combined Power (CPU + GPU + ANE): 20307 mW

**** GPU usage ****

GPU HW active frequency: 1561 MHz
GPU HW active residency:  95.87% (338 MHz: 1.3% 618 MHz:   0% 796 MHz:   0% 924 MHz:   0% 952 MHz:   0% 1056 MHz:   0% 1062 MHz:   0% 1182 MHz:   0% 1182 MHz:   0% 1312 MHz:   0% 1242 MHz:   0% 1380 MHz:   0% 1326 MHz:   0% 1470 MHz:   0% 1578 MHz:  95%)
GPU SW requested state: (P1 :   0% P2 :   0% P3 :   0% P4 :   0% P5 :   0% P6 :   0% P7 :   0% P8 :   0% P9 :   0% P10 : 100% P11 :   0% P12 :   0% P13 :   0% P14 :   0% P15 :   0%)
GPU SW state: (SW_P1 : 1.3% SW_P2 :   0% SW_P3 :   0% SW_P4 :   0% SW_P5 :   0% SW_P6 :   0% SW_P7 :   0% SW_P8 :   0% SW_P9 :   0% SW_P10 :  95% SW_P11 :   0% SW_P12 :   0% SW_P13 :   0% SW_P14 :   0% SW_P15 :   0%)
GPU idle residency:   4.13%
GPU Power: 13334 mW



*** Sampled system activity (Tue Jan 20 15:14:21 2026 +0100) (1020.15ms elapsed) ***


**** Processor usage ****

E-Cluster Online: 100%
E-Cluster HW active frequency: 1552 MHz
E-Cluster HW active residency:  39.00% (1020 MHz:  21% 1404 MHz: 3.6% 1788 MHz: 3.0% 2112 MHz: .57% 2352 MHz: 2.9% 2532 MHz: 1.6% 2592 MHz: 6.4%)
E-Cluster idle residency:  61.00%
E-Cluster down residency:   0.00%
CPU 0 frequency: 1604 MHz
CPU 0 active residency:  17.58% (1020 MHz: 8.7% 1404 MHz: 1.9% 1788 MHz: 1.2% 2112 MHz: .12% 2352 MHz: 1.8% 2532 MHz: .90% 2592 MHz: 3.0%)
CPU 0 idle residency:  82.42%
CPU 0 down residency:   0.00%
CPU 1 frequency: 1451 MHz
CPU 1 active residency:  15.57% (1020 MHz: 8.7% 1404 MHz: 2.1% 1788 MHz: 1.3% 2112 MHz: .46% 2352 MHz: 1.6% 2532 MHz: .32% 2592 MHz: 1.2%)
CPU 1 idle residency:  84.43%
CPU 1 down residency:   0.00%
CPU 2 frequency: 1525 MHz
CPU 2 active residency:  13.05% (1020 MHz: 6.4% 1404 MHz: 2.2% 1788 MHz: 1.4% 2112 MHz: .02% 2352 MHz: 1.0% 2532 MHz: .11% 2592 MHz: 2.0%)
CPU 2 idle residency:  86.95%
CPU 2 down residency:   0.00%
CPU 3 frequency: 1533 MHz
CPU 3 active residency:   6.00% (1020 MHz: 2.6% 1404 MHz: 1.4% 1788 MHz: .56% 2112 MHz: .03% 2352 MHz: .56% 2532 MHz: .06% 2592 MHz: .79%)
CPU 3 idle residency:  94.00%
CPU 3 down residency:   0.00%

P0-Cluster Online: 42%
P0-Cluster HW active frequency: 4026 MHz
P0-Cluster HW active residency:  43.05% (1260 MHz: .07% 1512 MHz:   0% 1800 MHz:   0% 2088 MHz:   0% 2352 MHz:   0% 2616 MHz: .11% 2868 MHz:   0% 3096 MHz:   0% 3300 MHz:   0% 3468 MHz:   0% 3624 MHz:   0% 3756 MHz:   0% 3828 MHz:   0% 3888 MHz: 4.0% 3948 MHz: 3.9% 3996 MHz: 5.7% 4044 MHz:  27% 4104 MHz:   0% 4416 MHz: 1.1% 4512 MHz: .98%)
P0-Cluster idle residency:   0.23%
P0-Cluster down residency:  56.72%
CPU 4 frequency: 4512 MHz
CPU 4 active residency:   9.33% (1260 MHz:   0% 1512 MHz:   0% 1800 MHz:   0% 2088 MHz:   0% 2352 MHz:   0% 2616 MHz:   0% 2868 MHz:   0% 3096 MHz:   0% 3300 MHz:   0% 3468 MHz:   0% 3624 MHz:   0% 3756 MHz:   0% 3828 MHz:   0% 3888 MHz:   0% 3948 MHz:   0% 3996 MHz:   0% 4044 MHz:   0% 4104 MHz:   0% 4416 MHz:   0% 4512 MHz: 9.3%)
CPU 4 idle residency:  33.60%
CPU 4 down residency:  57.07%
CPU 5 frequency: 4512 MHz
CPU 5 active residency:   8.07% (1260 MHz:   0% 1512 MHz:   0% 1800 MHz:   0% 2088 MHz:   0% 2352 MHz:   0% 2616 MHz:   0% 2868 MHz:   0% 3096 MHz:   0% 3300 MHz:   0% 3468 MHz:   0% 3624 MHz:   0% 3756 MHz:   0% 3828 MHz:   0% 3888 MHz:   0% 3948 MHz:   0% 3996 MHz:   0% 4044 MHz:   0% 4104 MHz:   0% 4416 MHz:   0% 4512 MHz: 8.1%)
CPU 5 idle residency:  34.98%
CPU 5 down residency:  56.95%
CPU 6 frequency: 4512 MHz
CPU 6 active residency:   7.78% (1260 MHz:   0% 1512 MHz:   0% 1800 MHz:   0% 2088 MHz:   0% 2352 MHz:   0% 2616 MHz:   0% 2868 MHz:   0% 3096 MHz:   0% 3300 MHz:   0% 3468 MHz:   0% 3624 MHz:   0% 3756 MHz:   0% 3828 MHz:   0% 3888 MHz:   0% 3948 MHz:   0% 3996 MHz:   0% 4044 MHz:   0% 4104 MHz:   0% 4416 MHz:   0% 4512 MHz: 7.8%)
CPU 6 idle residency:  35.43%
CPU 6 down residency:  56.79%
CPU 7 frequency: 4512 MHz
CPU 7 active residency:  13.97% (1260 MHz:   0% 1512 MHz:   0% 1800 MHz:   0% 2088 MHz:   0% 2352 MHz:   0% 2616 MHz:   0% 2868 MHz:   0% 3096 MHz:   0% 3300 MHz:   0% 3468 MHz:   0% 3624 MHz:   0% 3756 MHz:   0% 3828 MHz:   0% 3888 MHz:   0% 3948 MHz:   0% 3996 MHz:   0% 4044 MHz:   0% 4104 MHz:   0% 4416 MHz:   0% 4512 MHz:  14%)
CPU 7 idle residency:  29.24%
CPU 7 down residency:  56.79%
CPU 8 frequency: 4512 MHz
CPU 8 active residency:  15.43% (1260 MHz:   0% 1512 MHz:   0% 1800 MHz:   0% 2088 MHz:   0% 2352 MHz:   0% 2616 MHz:   0% 2868 MHz:   0% 3096 MHz:   0% 3300 MHz:   0% 3468 MHz:   0% 3624 MHz:   0% 3756 MHz:   0% 3828 MHz:   0% 3888 MHz:   0% 3948 MHz:   0% 3996 MHz:   0% 4044 MHz:   0% 4104 MHz:   0% 4416 MHz:   0% 4512 MHz:  15%)
CPU 8 idle residency:  27.78%
CPU 8 down residency:  56.79%
CPU 9 frequency: 4512 MHz
CPU 9 active residency:  19.64% (1260 MHz:   0% 1512 MHz:   0% 1800 MHz:   0% 2088 MHz:   0% 2352 MHz:   0% 2616 MHz:   0% 2868 MHz:   0% 3096 MHz:   0% 3300 MHz:   0% 3468 MHz:   0% 3624 MHz:   0% 3756 MHz:   0% 3828 MHz:   0% 3888 MHz:   0% 3948 MHz:   0% 3996 MHz:   0% 4044 MHz:   0% 4104 MHz:   0% 4416 MHz:   0% 4512 MHz:  20%)
CPU 9 idle residency:  23.57%
CPU 9 down residency:  56.79%

P1-Cluster HW active frequency: 1619 MHz
P1-Cluster HW active residency:   5.04% (1260 MHz: 2.7% 1512 MHz: .67% 1800 MHz: .60% 2088 MHz: .59% 2352 MHz: .28% 2616 MHz:   0% 2868 MHz:   0% 3096 MHz:   0% 3300 MHz:   0% 3468 MHz:   0% 3624 MHz:   0% 3756 MHz:   0% 3828 MHz:   0% 3888 MHz:   0% 3948 MHz: .01% 3996 MHz:   0% 4044 MHz:   0% 4104 MHz:   0% 4416 MHz: .02% 4512 MHz: .14%)
P1-Cluster idle residency:  29.79%
P1-Cluster down residency:  65.17%
CPU 10 frequency: 1584 MHz
CPU 10 active residency:   0.16% (1260 MHz: .13% 1512 MHz:   0% 1800 MHz: .01% 2088 MHz:   0% 2352 MHz:   0% 2616 MHz:   0% 2868 MHz:   0% 3096 MHz:   0% 3300 MHz:   0% 3468 MHz:   0% 3624 MHz:   0% 3756 MHz:   0% 3828 MHz:   0% 3888 MHz:   0% 3948 MHz:   0% 3996 MHz:   0% 4044 MHz:   0% 4104 MHz:   0% 4416 MHz:   0% 4512 MHz: .01%)
CPU 10 idle residency:  34.76%
CPU 10 down residency:  65.08%
CPU 11 frequency: 1962 MHz
CPU 11 active residency:   0.43% (1260 MHz: .15% 1512 MHz: .00% 1800 MHz: .08% 2088 MHz: .16% 2352 MHz: .01% 2616 MHz:   0% 2868 MHz:   0% 3096 MHz:   0% 3300 MHz:   0% 3468 MHz:   0% 3624 MHz:   0% 3756 MHz:   0% 3828 MHz:   0% 3888 MHz:   0% 3948 MHz:   0% 3996 MHz:   0% 4044 MHz:   0% 4104 MHz:   0% 4416 MHz:   0% 4512 MHz: .04%)
CPU 11 idle residency:  34.53%
CPU 11 down residency:  65.04%
CPU 12 frequency: 2385 MHz
CPU 12 active residency:   0.56% (1260 MHz: .18% 1512 MHz: .06% 1800 MHz: .04% 2088 MHz: .04% 2352 MHz: .12% 2616 MHz:   0% 2868 MHz:   0% 3096 MHz:   0% 3300 MHz:   0% 3468 MHz:   0% 3624 MHz:   0% 3756 MHz:   0% 3828 MHz:   0% 3888 MHz:   0% 3948 MHz:   0% 3996 MHz:   0% 4044 MHz:   0% 4104 MHz:   0% 4416 MHz:   0% 4512 MHz: .13%)
CPU 12 idle residency:  34.37%
CPU 12 down residency:  65.07%
CPU 13 frequency: 1584 MHz
CPU 13 active residency:   0.15% (1260 MHz: .13% 1512 MHz:   0% 1800 MHz: .00% 2088 MHz:   0% 2352 MHz:   0% 2616 MHz:   0% 2868 MHz:   0% 3096 MHz:   0% 3300 MHz:   0% 3468 MHz:   0% 3624 MHz:   0% 3756 MHz:   0% 3828 MHz:   0% 3888 MHz:   0% 3948 MHz:   0% 3996 MHz:   0% 4044 MHz:   0% 4104 MHz:   0% 4416 MHz:   0% 4512 MHz: .01%)
CPU 13 idle residency:  34.76%
CPU 13 down residency:  65.09%
CPU 14 frequency: 1787 MHz
CPU 14 active residency:   1.68% (1260 MHz: .15% 1512 MHz: .47% 1800 MHz: .59% 2088 MHz: .44% 2352 MHz: .01% 2616 MHz:   0% 2868 MHz:   0% 3096 MHz:   0% 3300 MHz:   0% 3468 MHz:   0% 3624 MHz:   0% 3756 MHz:   0% 3828 MHz:   0% 3888 MHz:   0% 3948 MHz:   0% 3996 MHz:   0% 4044 MHz:   0% 4104 MHz:   0% 4416 MHz:   0% 4512 MHz: .02%)
CPU 14 idle residency:  33.25%
CPU 14 down residency:  65.07%
CPU 15 frequency: 1702 MHz
CPU 15 active residency:   0.15% (1260 MHz: .13% 1512 MHz:   0% 1800 MHz: .00% 2088 MHz:   0% 2352 MHz:   0% 2616 MHz:   0% 2868 MHz:   0% 3096 MHz:   0% 3300 MHz:   0% 3468 MHz:   0% 3624 MHz:   0% 3756 MHz:   0% 3828 MHz:   0% 3888 MHz:   0% 3948 MHz:   0% 3996 MHz:   0% 4044 MHz:   0% 4104 MHz:   0% 4416 MHz:   0% 4512 MHz: .02%)
CPU 15 idle residency:  34.76%
CPU 15 down residency:  65.09%

CPU Power: 2587 mW
GPU Power: 1922 mW
ANE Power: 0 mW
Combined Power (CPU + GPU + ANE): 4509 mW

**** GPU usage ****

GPU HW active frequency: 1392 MHz
GPU HW active residency:  15.06% (338 MHz: 2.3% 618 MHz:   0% 796 MHz:   0% 924 MHz:   0% 952 MHz:   0% 1056 MHz:   0% 1062 MHz:   0% 1182 MHz:   0% 1182 MHz:   0% 1312 MHz:   0% 1242 MHz:   0% 1380 MHz:   0% 1326 MHz:   0% 1470 MHz:   0% 1578 MHz:  13%)
GPU SW requested state: (P1 :  14% P2 :   0% P3 :   0% P4 :   0% P5 :   0% P6 :   0% P7 :   0% P8 :   0% P9 :   0% P10 :  86% P11 :   0% P12 :   0% P13 :   0% P14 :   0% P15 :   0%)
GPU SW state: (SW_P1 : 2.3% SW_P2 :   0% SW_P3 :   0% SW_P4 :   0% SW_P5 :   0% SW_P6 :   0% SW_P7 :   0% SW_P8 :   0% SW_P9 :   0% SW_P10 :  13% SW_P11 :   0% SW_P12 :   0% SW_P13 :   0% SW_P14 :   0% SW_P15 :   0%)
GPU idle residency:  84.94%
GPU Power: 1773 mW

