Machine model: Mac16,5
OS version: 24G419
Boot arguments: 
Boot time: Sun Jan 18 19:40:49 2026



*** Sampled system activity (Tue Jan 20 15:12:03 2026 +0100) (1016.86ms elapsed) ***


**** Processor usage ****

E-Cluster Online: 100%
E-Cluster HW active frequency: 1408 MHz
E-Cluster HW active residency:  54.52% (1020 MHz:  33% 1404 MHz: 6.1% 1788 MHz: 5.5% 2112 MHz: 2.5% 2352 MHz: .92% 2532 MHz: 1.5% 2592 MHz: 5.3%)
E-Cluster idle residency:  45.48%
E-Cluster down residency:   0.00%
CPU 0 frequency: 1447 MHz
CPU 0 active residency:  34.55% (1020 MHz:  19% 1404 MHz: 4.6% 1788 MHz: 4.4% 2112 MHz: 1.6% 2352 MHz: .52% 2532 MHz: .95% 2592 MHz: 3.6%)
CPU 0 idle residency:  65.45%
CPU 0 down residency:   0.00%
CPU 1 frequency: 1457 MHz
CPU 1 active residency:  22.62% (1020 MHz:  12% 1404 MHz: 3.0% 1788 MHz: 3.0% 2112 MHz: 1.2% 2352 MHz: .55% 2532 MHz: .86% 2592 MHz: 2.0%)
CPU 1 idle residency:  77.38%
CPU 1 down residency:   0.00%
CPU 2 frequency: 1485 MHz
CPU 2 active residency:  15.66% (1020 MHz: 8.3% 1404 MHz: 1.7% 1788 MHz: 2.0% 2112 MHz: 1.3% 2352 MHz: .20% 2532 MHz: .54% 2592 MHz: 1.7%)
CPU 2 idle residency:  84.34%
CPU 2 down residency:   0.00%
CPU 3 frequency: 1415 MHz
CPU 3 active residency:  13.39% (1020 MHz: 7.4% 1404 MHz: 1.9% 1788 MHz: 2.0% 2112 MHz: .72% 2352 MHz: .14% 2532 MHz: .23% 2592 MHz: 1.1%)
CPU 3 idle residency:  86.61%
CPU 3 down residency:   0.00%

P0-Cluster Online: 10%
P0-Cluster HW active frequency: 1335 MHz
P0-Cluster HW active residency:   1.84% (1260 MHz: 1.7% 1512 MHz: .03% 1800 MHz: .03% 2088 MHz: .08% 2352 MHz:   0% 2616 MHz:   0% 2868 MHz:   0% 3096 MHz:   0% 3300 MHz:   0% 3468 MHz:   0% 3624 MHz:   0% 3756 MHz:   0% 3828 MHz:   0% 3888 MHz: .00% 3948 MHz:   0% 3996 MHz:   0% 4044 MHz:   0% 4104 MHz:   0% 4416 MHz:   0% 4512 MHz: .01%)
P0-Cluster idle residency:   5.91%
P0-Cluster down residency:  92.25%
CPU 4 frequency: 0 MHz
CPU 4 active residency:   0.00% (1260 MHz:   0% 1512 MHz:   0% 1800 MHz:   0% 2088 MHz:   0% 2352 MHz:   0% 2616 MHz:   0% 2868 MHz:   0% 3096 MHz:   0% 3300 MHz:   0% 3468 MHz:   0% 3624 MHz:   0% 3756 MHz:   0% 3828 MHz:   0% 3888 MHz:   0% 3948 MHz:   0% 3996 MHz:   0% 4044 MHz:   0% 4104 MHz:   0% 4416 MHz:   0% 4512 MHz:   0%)
CPU 4 idle residency:   7.38%
CPU 4 down residency:  92.62%
CPU 5 frequency: 0 MHz
CPU 5 active residency:   0.00% (1260 MHz:   0% 1512 MHz:   0% 1800 MHz:   0% 2088 MHz:   0% 2352 MHz:   0% 2616 MHz:   0% 2868 MHz:   0% 3096 MHz:   0% 3300 MHz:   0% 3468 MHz:   0% 3624 MHz:   0% 3756 MHz:   0% 3828 MHz:   0% 3888 MHz:   0% 3948 MHz:   0% 3996 MHz:   0% 4044 MHz:   0% 4104 MHz:   0% 4416 MHz:   0% 4512 MHz:   0%)
CPU 5 idle residency:   7.39%
CPU 5 down residency:  92.61%
CPU 6 frequency: 0 MHz
CPU 6 active residency:   0.00% (1260 MHz:   0% 1512 MHz:   0% 1800 MHz:   0% 2088 MHz:   0% 2352 MHz:   0% 2616 MHz:   0% 2868 MHz:   0% 3096 MHz:   0% 3300 MHz:   0% 3468 MHz:   0% 3624 MHz:   0% 3756 MHz:   0% 3828 MHz:   0% 3888 MHz:   0% 3948 MHz:   0% 3996 MHz:   0% 4044 MHz:   0% 4104 MHz:   0% 4416 MHz:   0% 4512 MHz:   0%)
CPU 6 idle residency:   7.39%
CPU 6 down residency:  92.61%
CPU 7 frequency: 0 MHz
CPU 7 active residency:   0.00% (1260 MHz:   0% 1512 MHz:   0% 1800 MHz:   0% 2088 MHz:   0% 2352 MHz:   0% 2616 MHz:   0% 2868 MHz:   0% 3096 MHz:   0% 3300 MHz:   0% 3468 MHz:   0% 3624 MHz:   0% 3756 MHz:   0% 3828 MHz:   0% 3888 MHz:   0% 3948 MHz:   0% 3996 MHz:   0% 4044 MHz:   0% 4104 MHz:   0% 4416 MHz:   0% 4512 MHz:   0%)
CPU 7 idle residency:   7.39%
CPU 7 down residency:  92.61%
CPU 8 frequency: 0 MHz
CPU 8 active residency:   0.00% (1260 MHz:   0% 1512 MHz:   0% 1800 MHz:   0% 2088 MHz:   0% 2352 MHz:   0% 2616 MHz:   0% 2868 MHz:   0% 3096 MHz:   0% 3300 MHz:   0% 3468 MHz:   0% 3624 MHz:   0% 3756 MHz:   0% 3828 MHz:   0% 3888 MHz:   0% 3948 MHz:   0% 3996 MHz:   0% 4044 MHz:   0% 4104 MHz:   0% 4416 MHz:   0% 4512 MHz:   0%)
CPU 8 idle residency:   7.39%
CPU 8 down residency:  92.61%
CPU 9 frequency: 0 MHz
CPU 9 active residency:   0.00% (1260 MHz:   0% 1512 MHz:   0% 1800 MHz:   0% 2088 MHz:   0% 2352 MHz:   0% 2616 MHz:   0% 2868 MHz:   0% 3096 MHz:   0% 3300 MHz:   0% 3468 MHz:   0% 3624 MHz:   0% 3756 MHz:   0% 3828 MHz:   0% 3888 MHz:   0% 3948 MHz:   0% 3996 MHz:   0% 4044 MHz:   0% 4104 MHz:   0% 4416 MHz:   0% 4512 MHz:   0%)
CPU 9 idle residency:   7.39%
CPU 9 down residency:  92.61%

P1-Cluster HW active frequency: 4025 MHz
P1-Cluster HW active residency:  90.78% (1260 MHz: 1.3% 1512 MHz:   0% 1800 MHz:   0% 2088 MHz:   0% 2352 MHz:   0% 2616 MHz:   0% 2868 MHz:   0% 3096 MHz:   0% 3300 MHz:   0% 3468 MHz:   0% 3624 MHz:   0% 3756 MHz:   0% 3828 MHz:   0% 3888 MHz: .73% 3948 MHz:  11% 3996 MHz:  29% 4044 MHz:  39% 4104 MHz:   0% 4416 MHz: .70% 4512 MHz: 8.8%)
P1-Cluster idle residency:   9.22%
P1-Cluster down residency:   0.00%
CPU 10 frequency: 4509 MHz
CPU 10 active residency:  29.90% (1260 MHz: .03% 1512 MHz:   0% 1800 MHz:   0% 2088 MHz:   0% 2352 MHz:   0% 2616 MHz:   0% 2868 MHz:   0% 3096 MHz:   0% 3300 MHz:   0% 3468 MHz:   0% 3624 MHz:   0% 3756 MHz:   0% 3828 MHz:   0% 3888 MHz:   0% 3948 MHz:   0% 3996 MHz:   0% 4044 MHz:   0% 4104 MHz:   0% 4416 MHz:   0% 4512 MHz:  30%)
CPU 10 idle residency:  70.10%
CPU 10 down residency:   0.00%
CPU 11 frequency: 4511 MHz
CPU 11 active residency:  28.55% (1260 MHz: .01% 1512 MHz:   0% 1800 MHz:   0% 2088 MHz:   0% 2352 MHz:   0% 2616 MHz:   0% 2868 MHz:   0% 3096 MHz:   0% 3300 MHz:   0% 3468 MHz:   0% 3624 MHz:   0% 3756 MHz:   0% 3828 MHz:   0% 3888 MHz:   0% 3948 MHz:   0% 3996 MHz:   0% 4044 MHz:   0% 4104 MHz:   0% 4416 MHz:   0% 4512 MHz:  29%)
CPU 11 idle residency:  71.45%
CPU 11 down residency:   0.00%
CPU 12 frequency: 4512 MHz
CPU 12 active residency:  21.62% (1260 MHz: .00% 1512 MHz:   0% 1800 MHz:   0% 2088 MHz:   0% 2352 MHz:   0% 2616 MHz:   0% 2868 MHz:   0% 3096 MHz:   0% 3300 MHz:   0% 3468 MHz:   0% 3624 MHz:   0% 3756 MHz:   0% 3828 MHz:   0% 3888 MHz:   0% 3948 MHz:   0% 3996 MHz:   0% 4044 MHz:   0% 4104 MHz:   0% 4416 MHz:   0% 4512 MHz:  22%)
CPU 12 idle residency:  78.38%
CPU 12 down residency:   0.00%
CPU 13 frequency: 4512 MHz
CPU 13 active residency:  25.63% (1260 MHz: .00% 1512 MHz:   0% 1800 MHz:   0% 2088 MHz:   0% 2352 MHz:   0% 2616 MHz:   0% 2868 MHz:   0% 3096 MHz:   0% 3300 MHz:   0% 3468 MHz:   0% 3624 MHz:   0% 3756 MHz:   0% 3828 MHz:   0% 3888 MHz:   0% 3948 MHz:   0% 3996 MHz:   0% 4044 MHz:   0% 4104 MHz:   0% 4416 MHz:   0% 4512 MHz:  26%)
CPU 13 idle residency:  74.37%
CPU 13 down residency:   0.00%
CPU 14 frequency: 4501 MHz
CPU 14 active residency:  15.29% (1260 MHz: .05% 1512 MHz:   0% 1800 MHz:   0% 2088 MHz:   0% 2352 MHz:   0% 2616 MHz:   0% 2868 MHz:   0% 3096 MHz:   0% 3300 MHz:   0% 3468 MHz:   0% 3624 MHz:   0% 3756 MHz:   0% 3828 MHz:   0% 3888 MHz:   0% 3948 MHz:   0% 3996 MHz:   0% 4044 MHz:   0% 4104 MHz:   0% 4416 MHz:   0% 4512 MHz:  15%)
CPU 14 idle residency:  84.71%
CPU 14 down residency:   0.00%
CPU 15 frequency: 4511 MHz
CPU 15 active residency:  24.06% (1260 MHz: .01% 1512 MHz:   0% 1800 MHz:   0% 2088 MHz:   0% 2352 MHz:   0% 2616 MHz:   0% 2868 MHz:   0% 3096 MHz:   0% 3300 MHz:   0% 3468 MHz:   0% 3624 MHz:   0% 3756 MHz:   0% 3828 MHz:   0% 3888 MHz:   0% 3948 MHz:   0% 3996 MHz:   0% 4044 MHz:   0% 4104 MHz:   0% 4416 MHz:   0% 4512 MHz:  24%)
CPU 15 idle residency:  75.94%
CPU 15 down residency:   0.00%

CPU Power: 5774 mW
GPU Power: 5724 mW
ANE Power: 0 mW
Combined Power (CPU + GPU + ANE): 11497 mW

**** GPU usage ****

GPU HW active frequency: 907 MHz
GPU HW active residency:  23.51% (338 MHz:  12% 618 MHz:   0% 796 MHz:   0% 924 MHz: .39% 952 MHz:   0% 1056 MHz: .42% 1062 MHz:   0% 1182 MHz:   0% 1182 MHz:   0% 1312 MHz:   0% 1242 MHz:   0% 1380 MHz:   0% 1326 MHz:   0% 1470 MHz:   0% 1578 MHz:  10%)
GPU SW requested state: (P1 :  52% P2 :   0% P3 :   0% P4 : 3.5% P5 :   0% P6 :   0% P7 :   0% P8 :   0% P9 :   0% P10 :  44% P11 :   0% P12 :   0% P13 :   0% P14 :   0% P15 :   0%)
GPU SW state: (SW_P1 :  12% SW_P2 :   0% SW_P3 :   0% SW_P4 : .39% SW_P5 : .42% SW_P6 :   0% SW_P7 :   0% SW_P8 :   0% SW_P9 :   0% SW_P10 :  10% SW_P11 :   0% SW_P12 :   0% SW_P13 :   0% SW_P14 :   0% SW_P15 :   0%)
GPU idle residency:  76.49%
GPU Power: 6160 mW



*** Sampled system activity (Tue Jan 20 15:12:04 2026 +0100) (1022.78ms elapsed) ***


**** Processor usage ****

E-Cluster Online: 100%
E-Cluster HW active frequency: 2285 MHz
E-Cluster HW active residency:  57.59% (1020 MHz: 8.3% 1404 MHz: 1.5% 1788 MHz: 2.6% 2112 MHz: 1.0% 2352 MHz: .92% 2532 MHz: 1.3% 2592 MHz:  42%)
E-Cluster idle residency:  42.41%
E-Cluster down residency:   0.00%
CPU 0 frequency: 2257 MHz
CPU 0 active residency:  26.53% (1020 MHz: 4.2% 1404 MHz: .86% 1788 MHz: 1.1% 2112 MHz: .37% 2352 MHz: .51% 2532 MHz: .57% 2592 MHz:  19%)
CPU 0 idle residency:  73.47%
CPU 0 down residency:   0.00%
CPU 1 frequency: 2314 MHz
CPU 1 active residency:  16.77% (1020 MHz: 2.6% 1404 MHz: .16% 1788 MHz: .26% 2112 MHz: .28% 2352 MHz: .13% 2532 MHz: .29% 2592 MHz:  13%)
CPU 1 idle residency:  83.23%
CPU 1 down residency:   0.00%
CPU 2 frequency: 2256 MHz
CPU 2 active residency:   9.24% (1020 MHz: 1.3% 1404 MHz: .09% 1788 MHz: .79% 2112 MHz: .53% 2352 MHz: .06% 2532 MHz: .41% 2592 MHz: 6.0%)
CPU 2 idle residency:  90.76%
CPU 2 down residency:   0.00%
CPU 3 frequency: 2136 MHz
CPU 3 active residency:   6.20% (1020 MHz: 1.0% 1404 MHz: .42% 1788 MHz: .87% 2112 MHz: .10% 2352 MHz: .02% 2532 MHz: .02% 2592 MHz: 3.8%)
CPU 3 idle residency:  93.80%
CPU 3 down residency:   0.00%

P0-Cluster Online: 17%
P0-Cluster HW active frequency: 3221 MHz
P0-Cluster HW active residency:   6.59% (1260 MHz: 1.5% 1512 MHz:   0% 1800 MHz: .21% 2088 MHz: .09% 2352 MHz: .02% 2616 MHz:   0% 2868 MHz: .12% 3096 MHz: .14% 3300 MHz: .04% 3468 MHz: .58% 3624 MHz: .88% 3756 MHz: .68% 3828 MHz:   0% 3888 MHz: .01% 3948 MHz: .20% 3996 MHz: .16% 4044 MHz: .46% 4104 MHz: .09% 4416 MHz: .60% 4512 MHz: .83%)
P0-Cluster idle residency:   8.90%
P0-Cluster down residency:  84.50%
CPU 4 frequency: 1545 MHz
CPU 4 active residency:   0.88% (1260 MHz: .65% 1512 MHz: .03% 1800 MHz: .13% 2088 MHz: .02% 2352 MHz:   0% 2616 MHz:   0% 2868 MHz:   0% 3096 MHz:   0% 3300 MHz:   0% 3468 MHz:   0% 3624 MHz: .01% 3756 MHz:   0% 3828 MHz:   0% 3888 MHz:   0% 3948 MHz:   0% 3996 MHz:   0% 4044 MHz:   0% 4104 MHz: .03% 4416 MHz:   0% 4512 MHz: .02%)
CPU 4 idle residency:  15.10%
CPU 4 down residency:  84.01%
CPU 5 frequency: 1547 MHz
CPU 5 active residency:   0.81% (1260 MHz: .64% 1512 MHz: .03% 1800 MHz: .05% 2088 MHz: .02% 2352 MHz:   0% 2616 MHz:   0% 2868 MHz: .04% 3096 MHz:   0% 3300 MHz:   0% 3468 MHz:   0% 3624 MHz:   0% 3756 MHz:   0% 3828 MHz:   0% 3888 MHz:   0% 3948 MHz:   0% 3996 MHz:   0% 4044 MHz:   0% 4104 MHz: .00% 4416 MHz:   0% 4512 MHz: .04%)
CPU 5 idle residency:  15.22%
CPU 5 down residency:  83.96%
CPU 6 frequency: 1471 MHz
CPU 6 active residency:   0.77% (1260 MHz: .64% 1512 MHz: .03% 1800 MHz: .04% 2088 MHz: .02% 2352 MHz:   0% 2616 MHz:   0% 2868 MHz: .00% 3096 MHz:   0% 3300 MHz:   0% 3468 MHz:   0% 3624 MHz:   0% 3756 MHz:   0% 3828 MHz:   0% 3888 MHz:   0% 3948 MHz:   0% 3996 MHz:   0% 4044 MHz:   0% 4104 MHz:   0% 4416 MHz:   0% 4512 MHz: .04%)
CPU 6 idle residency:  15.24%
CPU 6 down residency:  84.00%
CPU 7 frequency: 3445 MHz
CPU 7 active residency:   4.18% (1260 MHz: .82% 1512 MHz: .03% 1800 MHz: .23% 2088 MHz: .02% 2352 MHz:   0% 2616 MHz:   0% 2868 MHz: .00% 3096 MHz: .01% 3300 MHz: .04% 3468 MHz: .57% 3624 MHz: .41% 3756 MHz: .02% 3828 MHz:   0% 3888 MHz:   0% 3948 MHz:   0% 3996 MHz:   0% 4044 MHz:   0% 4104 MHz: .00% 4416 MHz:   0% 4512 MHz: 2.0%)
CPU 7 idle residency:  12.87%
CPU 7 down residency:  82.95%
CPU 8 frequency: 3442 MHz
CPU 8 active residency:   3.43% (1260 MHz: .64% 1512 MHz: .03% 1800 MHz: .14% 2088 MHz: .02% 2352 MHz:   0% 2616 MHz:   0% 2868 MHz: .01% 3096 MHz: .01% 3300 MHz: .04% 3468 MHz: .57% 3624 MHz: .41% 3756 MHz: .03% 3828 MHz:   0% 3888 MHz:   0% 3948 MHz:   0% 3996 MHz:   0% 4044 MHz:   0% 4104 MHz: .01% 4416 MHz:   0% 4512 MHz: 1.5%)
CPU 8 idle residency:  13.28%
CPU 8 down residency:  83.29%
CPU 9 frequency: 3184 MHz
CPU 9 active residency:   2.61% (1260 MHz: .65% 1512 MHz: .03% 1800 MHz: .10% 2088 MHz: .02% 2352 MHz:   0% 2616 MHz:   0% 2868 MHz: .14% 3096 MHz: .00% 3300 MHz: .00% 3468 MHz: .00% 3624 MHz: .47% 3756 MHz: .38% 3828 MHz:   0% 3888 MHz:   0% 3948 MHz:   0% 3996 MHz:   0% 4044 MHz:   0% 4104 MHz: .01% 4416 MHz:   0% 4512 MHz: .80%)
CPU 9 idle residency:  13.54%
CPU 9 down residency:  83.85%

P1-Cluster HW active frequency: 3848 MHz
P1-Cluster HW active residency:  89.96% (1260 MHz: 2.3% 1512 MHz: .82% 1800 MHz: 1.8% 2088 MHz: 1.4% 2352 MHz: .07% 2616 MHz:   0% 2868 MHz: .00% 3096 MHz: .00% 3300 MHz:   0% 3468 MHz:   0% 3624 MHz:   0% 3756 MHz:   0% 3828 MHz:   0% 3888 MHz: 7.7% 3948 MHz:  35% 3996 MHz:  19% 4044 MHz: 9.5% 4104 MHz: 6.0% 4416 MHz: 5.2% 4512 MHz: 1.8%)
P1-Cluster idle residency:  10.04%
P1-Cluster down residency:   0.00%
CPU 10 frequency: 4492 MHz
CPU 10 active residency:  23.04% (1260 MHz: .02% 1512 MHz: .01% 1800 MHz: .02% 2088 MHz: .01% 2352 MHz: .00% 2616 MHz:   0% 2868 MHz:   0% 3096 MHz:   0% 3300 MHz:   0% 3468 MHz:   0% 3624 MHz:   0% 3756 MHz:   0% 3828 MHz:   0% 3888 MHz:   0% 3948 MHz:   0% 3996 MHz:   0% 4044 MHz:   0% 4104 MHz: .67% 4416 MHz: .27% 4512 MHz:  22%)
CPU 10 idle residency:  76.96%
CPU 10 down residency:   0.00%
CPU 11 frequency: 4327 MHz
CPU 11 active residency:  39.39% (1260 MHz: .08% 1512 MHz: .01% 1800 MHz: .08% 2088 MHz: .08% 2352 MHz:   0% 2616 MHz:   0% 2868 MHz:   0% 3096 MHz:   0% 3300 MHz:   0% 3468 MHz:   0% 3624 MHz:   0% 3756 MHz:   0% 3828 MHz:   0% 3888 MHz:   0% 3948 MHz:   0% 3996 MHz:   0% 4044 MHz: 2.6% 4104 MHz:  12% 4416 MHz: 6.4% 4512 MHz:  18%)
CPU 11 idle residency:  60.61%
CPU 11 down residency:   0.00%
CPU 12 frequency: 4332 MHz
CPU 12 active residency:  42.02% (1260 MHz: .04% 1512 MHz:   0% 1800 MHz: .01% 2088 MHz:   0% 2352 MHz: .00% 2616 MHz:   0% 2868 MHz: .00% 3096 MHz:   0% 3300 MHz:   0% 3468 MHz:   0% 3624 MHz:   0% 3756 MHz:   0% 3828 MHz:   0% 3888 MHz:   0% 3948 MHz:   0% 3996 MHz:   0% 4044 MHz: 2.8% 4104 MHz:  14% 4416 MHz: 6.2% 4512 MHz:  19%)
CPU 12 idle residency:  57.98%
CPU 12 down residency:   0.00%
CPU 13 frequency: 4333 MHz
CPU 13 active residency:  38.45% (1260 MHz: .05% 1512 MHz:   0% 1800 MHz: .01% 2088 MHz:   0% 2352 MHz: .00% 2616 MHz:   0% 2868 MHz: .00% 3096 MHz: .00% 3300 MHz:   0% 3468 MHz:   0% 3624 MHz:   0% 3756 MHz:   0% 3828 MHz:   0% 3888 MHz:   0% 3948 MHz:   0% 3996 MHz:   0% 4044 MHz: 2.0% 4104 MHz:  13% 4416 MHz: 6.0% 4512 MHz:  18%)
CPU 13 idle residency:  61.55%
CPU 13 down residency:   0.00%
CPU 14 frequency: 4161 MHz
CPU 14 active residency:  37.92% (1260 MHz: .05% 1512 MHz: .61% 1800 MHz: 1.1% 2088 MHz: .95% 2352 MHz: .07% 2616 MHz:   0% 2868 MHz:   0% 3096 MHz: .00% 3300 MHz:   0% 3468 MHz:   0% 3624 MHz:   0% 3756 MHz:   0% 3828 MHz:   0% 3888 MHz:   0% 3948 MHz: .00% 3996 MHz:   0% 4044 MHz: 2.8% 4104 MHz:  10% 4416 MHz: 4.7% 4512 MHz:  17%)
CPU 14 idle residency:  62.08%
CPU 14 down residency:   0.00%
CPU 15 frequency: 4277 MHz
CPU 15 active residency:  37.36% (1260 MHz: .04% 1512 MHz: .22% 1800 MHz: .58% 2088 MHz: .17% 2352 MHz: .00% 2616 MHz:   0% 2868 MHz:   0% 3096 MHz:   0% 3300 MHz:   0% 3468 MHz:   0% 3624 MHz:   0% 3756 MHz:   0% 3828 MHz:   0% 3888 MHz:   0% 3948 MHz: .00% 3996 MHz:   0% 4044 MHz: 3.9% 4104 MHz: 9.1% 4416 MHz: 4.6% 4512 MHz:  19%)
CPU 15 idle residency:  62.64%
CPU 15 down residency:   0.00%

CPU Power: 5248 mW
GPU Power: 32113 mW
ANE Power: 0 mW
Combined Power (CPU + GPU + ANE): 37361 mW

**** GPU usage ****

GPU HW active frequency: 1578 MHz
GPU HW active residency:  99.66% (338 MHz: .02% 618 MHz:   0% 796 MHz:   0% 924 MHz:   0% 952 MHz:   0% 1056 MHz:   0% 1062 MHz:   0% 1182 MHz:   0% 1182 MHz:   0% 1312 MHz:   0% 1242 MHz:   0% 1380 MHz:   0% 1326 MHz:   0% 1470 MHz:   0% 1578 MHz: 100%)
GPU SW requested state: (P1 :   0% P2 :   0% P3 :   0% P4 :   0% P5 :   0% P6 :   0% P7 :   0% P8 :   0% P9 :   0% P10 : 100% P11 :   0% P12 :   0% P13 :   0% P14 :   0% P15 :   0%)
GPU SW state: (SW_P1 : .02% SW_P2 :   0% SW_P3 :   0% SW_P4 :   0% SW_P5 :   0% SW_P6 :   0% SW_P7 :   0% SW_P8 :   0% SW_P9 :   0% SW_P10 : 100% SW_P11 :   0% SW_P12 :   0% SW_P13 :   0% SW_P14 :   0% SW_P15 :   0%)
GPU idle residency:   0.34%
GPU Power: 31912 mW



*** Sampled system activity (Tue Jan 20 15:12:05 2026 +0100) (1017.27ms elapsed) ***


**** Processor usage ****

E-Cluster Online: 100%
E-Cluster HW active frequency: 2592 MHz
E-Cluster HW active residency:  50.39% (1020 MHz:   0% 1404 MHz:   0% 1788 MHz:   0% 2112 MHz:   0% 2352 MHz:   0% 2532 MHz: .00% 2592 MHz:  50%)
E-Cluster idle residency:  49.61%
E-Cluster down residency:   0.00%
CPU 0 frequency: 2592 MHz
CPU 0 active residency:  23.44% (1020 MHz:   0% 1404 MHz:   0% 1788 MHz:   0% 2112 MHz:   0% 2352 MHz:   0% 2532 MHz:   0% 2592 MHz:  23%)
CPU 0 idle residency:  76.56%
CPU 0 down residency:   0.00%
CPU 1 frequency: 2592 MHz
CPU 1 active residency:  11.76% (1020 MHz:   0% 1404 MHz:   0% 1788 MHz:   0% 2112 MHz:   0% 2352 MHz:   0% 2532 MHz:   0% 2592 MHz:  12%)
CPU 1 idle residency:  88.24%
CPU 1 down residency:   0.00%
CPU 2 frequency: 2592 MHz
CPU 2 active residency:   7.68% (1020 MHz:   0% 1404 MHz:   0% 1788 MHz:   0% 2112 MHz:   0% 2352 MHz:   0% 2532 MHz:   0% 2592 MHz: 7.7%)
CPU 2 idle residency:  92.32%
CPU 2 down residency:   0.00%
CPU 3 frequency: 2592 MHz
CPU 3 active residency:   5.17% (1020 MHz:   0% 1404 MHz:   0% 1788 MHz:   0% 2112 MHz:   0% 2352 MHz:   0% 2532 MHz:   0% 2592 MHz: 5.2%)
CPU 3 idle residency:  94.83%
CPU 3 down residency:   0.00%

P0-Cluster Online: 8%
P0-Cluster HW active frequency: 3595 MHz
P0-Cluster HW active residency:   3.83% (1260 MHz: .50% 1512 MHz:   0% 1800 MHz:   0% 2088 MHz:   0% 2352 MHz:   0% 2616 MHz:   0% 2868 MHz:   0% 3096 MHz:   0% 3300 MHz:   0% 3468 MHz:   0% 3624 MHz:   0% 3756 MHz:   0% 3828 MHz:   0% 3888 MHz: .00% 3948 MHz: 3.3% 3996 MHz:   0% 4044 MHz:   0% 4104 MHz:   0% 4416 MHz:   0% 4512 MHz:   0%)
P0-Cluster idle residency:   2.15%
P0-Cluster down residency:  94.01%
CPU 4 frequency: 3084 MHz
CPU 4 active residency:   0.30% (1260 MHz: .10% 1512 MHz:   0% 1800 MHz:   0% 2088 MHz:   0% 2352 MHz:   0% 2616 MHz:   0% 2868 MHz:   0% 3096 MHz:   0% 3300 MHz:   0% 3468 MHz:   0% 3624 MHz:   0% 3756 MHz:   0% 3828 MHz:   0% 3888 MHz:   0% 3948 MHz: .21% 3996 MHz:   0% 4044 MHz:   0% 4104 MHz:   0% 4416 MHz:   0% 4512 MHz:   0%)
CPU 4 idle residency:   6.00%
CPU 4 down residency:  93.70%
CPU 5 frequency: 1260 MHz
CPU 5 active residency:   0.09% (1260 MHz: .09% 1512 MHz:   0% 1800 MHz:   0% 2088 MHz:   0% 2352 MHz:   0% 2616 MHz:   0% 2868 MHz:   0% 3096 MHz:   0% 3300 MHz:   0% 3468 MHz:   0% 3624 MHz:   0% 3756 MHz:   0% 3828 MHz:   0% 3888 MHz:   0% 3948 MHz:   0% 3996 MHz:   0% 4044 MHz:   0% 4104 MHz:   0% 4416 MHz:   0% 4512 MHz:   0%)
CPU 5 idle residency:   6.21%
CPU 5 down residency:  93.69%
CPU 6 frequency: 1260 MHz
CPU 6 active residency:   0.09% (1260 MHz: .09% 1512 MHz:   0% 1800 MHz:   0% 2088 MHz:   0% 2352 MHz:   0% 2616 MHz:   0% 2868 MHz:   0% 3096 MHz:   0% 3300 MHz:   0% 3468 MHz:   0% 3624 MHz:   0% 3756 MHz:   0% 3828 MHz:   0% 3888 MHz:   0% 3948 MHz:   0% 3996 MHz:   0% 4044 MHz:   0% 4104 MHz:   0% 4416 MHz:   0% 4512 MHz:   0%)
CPU 6 idle residency:   6.21%
CPU 6 down residency:  93.69%
CPU 7 frequency: 3700 MHz
CPU 7 active residency:   1.51% (1260 MHz: .14% 1512 MHz:   0% 1800 MHz:   0% 2088 MHz:   0% 2352 MHz:   0% 2616 MHz:   0% 2868 MHz:   0% 3096 MHz:   0% 3300 MHz:   0% 3468 MHz:   0% 3624 MHz:   0% 3756 MHz:   0% 3828 MHz:   0% 3888 MHz:   0% 3948 MHz: 1.4% 3996 MHz:   0% 4044 MHz:   0% 4104 MHz:   0% 4416 MHz:   0% 4512 MHz:   0%)
CPU 7 idle residency:   4.79%
CPU 7 down residency:  93.69%
CPU 8 frequency: 3824 MHz
CPU 8 active residency:   2.09% (1260 MHz: .10% 1512 MHz:   0% 1800 MHz:   0% 2088 MHz:   0% 2352 MHz:   0% 2616 MHz:   0% 2868 MHz:   0% 3096 MHz:   0% 3300 MHz:   0% 3468 MHz:   0% 3624 MHz:   0% 3756 MHz:   0% 3828 MHz:   0% 3888 MHz:   0% 3948 MHz: 2.0% 3996 MHz:   0% 4044 MHz:   0% 4104 MHz:   0% 4416 MHz:   0% 4512 MHz:   0%)
CPU 8 idle residency:   4.22%
CPU 8 down residency:  93.69%
CPU 9 frequency: 3745 MHz
CPU 9 active residency:   1.36% (1260 MHz: .10% 1512 MHz:   0% 1800 MHz:   0% 2088 MHz:   0% 2352 MHz:   0% 2616 MHz:   0% 2868 MHz:   0% 3096 MHz:   0% 3300 MHz:   0% 3468 MHz:   0% 3624 MHz:   0% 3756 MHz:   0% 3828 MHz:   0% 3888 MHz:   0% 3948 MHz: 1.3% 3996 MHz:   0% 4044 MHz:   0% 4104 MHz:   0% 4416 MHz:   0% 4512 MHz:   0%)
CPU 9 idle residency:   4.94%
CPU 9 down residency:  93.69%

P1-Cluster HW active frequency: 3973 MHz
P1-Cluster HW active residency:  90.06% (1260 MHz: .36% 1512 MHz:   0% 1800 MHz:   0% 2088 MHz: .01% 2352 MHz:   0% 2616 MHz: .04% 2868 MHz: .02% 3096 MHz:   0% 3300 MHz: .00% 3468 MHz:   0% 3624 MHz:   0% 3756 MHz:   0% 3828 MHz: .02% 3888 MHz: 2.2% 3948 MHz:  45% 3996 MHz:  25% 4044 MHz:  12% 4104 MHz: 5.1% 4416 MHz: .30% 4512 MHz: .37%)
P1-Cluster idle residency:   6.01%
P1-Cluster down residency:   3.93%
CPU 10 frequency: 4379 MHz
CPU 10 active residency:  23.98% (1260 MHz: .01% 1512 MHz:   0% 1800 MHz:   0% 2088 MHz:   0% 2352 MHz:   0% 2616 MHz:   0% 2868 MHz:   0% 3096 MHz:   0% 3300 MHz:   0% 3468 MHz:   0% 3624 MHz:   0% 3756 MHz:   0% 3828 MHz:   0% 3888 MHz:   0% 3948 MHz:   0% 3996 MHz:   0% 4044 MHz: .59% 4104 MHz: 6.9% 4416 MHz: .59% 4512 MHz:  16%)
CPU 10 idle residency:  71.56%
CPU 10 down residency:   4.46%
CPU 11 frequency: 4361 MHz
CPU 11 active residency:  26.51% (1260 MHz: .01% 1512 MHz:   0% 1800 MHz:   0% 2088 MHz:   0% 2352 MHz:   0% 2616 MHz: .01% 2868 MHz:   0% 3096 MHz:   0% 3300 MHz:   0% 3468 MHz:   0% 3624 MHz:   0% 3756 MHz:   0% 3828 MHz:   0% 3888 MHz:   0% 3948 MHz:   0% 3996 MHz:   0% 4044 MHz: .87% 4104 MHz: 8.7% 4416 MHz: .00% 4512 MHz:  17%)
CPU 11 idle residency:  67.78%
CPU 11 down residency:   5.71%
CPU 12 frequency: 4373 MHz
CPU 12 active residency:  26.46% (1260 MHz:   0% 1512 MHz:   0% 1800 MHz:   0% 2088 MHz: .00% 2352 MHz:   0% 2616 MHz:   0% 2868 MHz: .00% 3096 MHz:   0% 3300 MHz: .00% 3468 MHz:   0% 3624 MHz:   0% 3756 MHz:   0% 3828 MHz:   0% 3888 MHz:   0% 3948 MHz:   0% 3996 MHz:   0% 4044 MHz: .66% 4104 MHz: 8.1% 4416 MHz: .74% 4512 MHz:  17%)
CPU 12 idle residency:  68.19%
CPU 12 down residency:   5.35%
CPU 13 frequency: 4216 MHz
CPU 13 active residency:  19.48% (1260 MHz: .01% 1512 MHz:   0% 1800 MHz:   0% 2088 MHz: .01% 2352 MHz:   0% 2616 MHz: .04% 2868 MHz: .02% 3096 MHz:   0% 3300 MHz: .00% 3468 MHz:   0% 3624 MHz:   0% 3756 MHz:   0% 3828 MHz: .03% 3888 MHz:   0% 3948 MHz:   0% 3996 MHz:   0% 4044 MHz: 1.2% 4104 MHz:  12% 4416 MHz: 2.4% 4512 MHz: 4.0%)
CPU 13 idle residency:  76.05%
CPU 13 down residency:   4.47%
CPU 14 frequency: 4412 MHz
CPU 14 active residency:  21.08% (1260 MHz:   0% 1512 MHz:   0% 1800 MHz:   0% 2088 MHz: .01% 2352 MHz:   0% 2616 MHz: .01% 2868 MHz:   0% 3096 MHz:   0% 3300 MHz:   0% 3468 MHz:   0% 3624 MHz:   0% 3756 MHz:   0% 3828 MHz: .00% 3888 MHz:   0% 3948 MHz:   0% 3996 MHz:   0% 4044 MHz: .49% 4104 MHz: 4.4% 4416 MHz: .48% 4512 MHz:  16%)
CPU 14 idle residency:  74.59%
CPU 14 down residency:   4.34%
CPU 15 frequency: 4369 MHz
CPU 15 active residency:  25.34% (1260 MHz: .00% 1512 MHz:   0% 1800 MHz:   0% 2088 MHz:   0% 2352 MHz:   0% 2616 MHz:   0% 2868 MHz:   0% 3096 MHz:   0% 3300 MHz:   0% 3468 MHz:   0% 3624 MHz:   0% 3756 MHz:   0% 3828 MHz:   0% 3888 MHz:   0% 3948 MHz:   0% 3996 MHz:   0% 4044 MHz: .00% 4104 MHz: 8.8% 4416 MHz: .36% 4512 MHz:  16%)
CPU 15 idle residency:  69.07%
CPU 15 down residency:   5.59%

CPU Power: 5123 mW
GPU Power: 21817 mW
ANE Power: 0 mW
Combined Power (CPU + GPU + ANE): 26940 mW

**** GPU usage ****

GPU HW active frequency: 1430 MHz
GPU HW active residency: 100.00% (338 MHz:   0% 618 MHz:   0% 796 MHz:   0% 924 MHz:   0% 952 MHz:   0% 1056 MHz:   0% 1062 MHz:   0% 1182 MHz:   0% 1182 MHz:   0% 1312 MHz: 4.8% 1242 MHz:   0% 1380 MHz:  52% 1326 MHz:   0% 1470 MHz:  29% 1578 MHz:  14%)
GPU SW requested state: (P1 :   0% P2 :   0% P3 :   0% P4 :   0% P5 :   0% P6 :   0% P7 :   0% P8 :   0% P9 :   0% P10 : 100% P11 :   0% P12 :   0% P13 :   0% P14 :   0% P15 :   0%)
GPU SW state: (SW_P1 :   0% SW_P2 :   0% SW_P3 :   0% SW_P4 :   0% SW_P5 :   0% SW_P6 :   0% SW_P7 : 4.8% SW_P8 :  52% SW_P9 :  29% SW_P10 :  14% SW_P11 :   0% SW_P12 :   0% SW_P13 :   0% SW_P14 :   0% SW_P15 :   0%)
GPU idle residency:   0.00%
GPU Power: 21733 mW



*** Sampled system activity (Tue Jan 20 15:12:06 2026 +0100) (1021.70ms elapsed) ***


**** Processor usage ****

E-Cluster Online: 100%
E-Cluster HW active frequency: 2584 MHz
E-Cluster HW active residency:  51.88% (1020 MHz:   0% 1404 MHz:   0% 1788 MHz: .14% 2112 MHz: .38% 2352 MHz: .53% 2532 MHz: .04% 2592 MHz:  51%)
E-Cluster idle residency:  48.12%
E-Cluster down residency:   0.00%
CPU 0 frequency: 2576 MHz
CPU 0 active residency:  21.93% (1020 MHz:   0% 1404 MHz:   0% 1788 MHz: .14% 2112 MHz: .38% 2352 MHz: .27% 2532 MHz: .05% 2592 MHz:  21%)
CPU 0 idle residency:  78.07%
CPU 0 down residency:   0.00%
CPU 1 frequency: 2581 MHz
CPU 1 active residency:  13.80% (1020 MHz:   0% 1404 MHz:   0% 1788 MHz: .04% 2112 MHz: .08% 2352 MHz: .34% 2532 MHz: .09% 2592 MHz:  13%)
CPU 1 idle residency:  86.20%
CPU 1 down residency:   0.00%
CPU 2 frequency: 2576 MHz
CPU 2 active residency:   6.94% (1020 MHz:   0% 1404 MHz:   0% 1788 MHz: .01% 2112 MHz: .20% 2352 MHz: .03% 2532 MHz: .02% 2592 MHz: 6.7%)
CPU 2 idle residency:  93.06%
CPU 2 down residency:   0.00%
CPU 3 frequency: 2584 MHz
CPU 3 active residency:   3.87% (1020 MHz:   0% 1404 MHz:   0% 1788 MHz: .01% 2112 MHz: .04% 2352 MHz: .04% 2532 MHz: .00% 2592 MHz: 3.8%)
CPU 3 idle residency:  96.13%
CPU 3 down residency:   0.00%

P0-Cluster Online: 93%
P0-Cluster HW active frequency: 3924 MHz
P0-Cluster HW active residency:  87.31% (1260 MHz: .46% 1512 MHz: .04% 1800 MHz: .03% 2088 MHz: .00% 2352 MHz:   0% 2616 MHz: .01% 2868 MHz: .00% 3096 MHz:   0% 3300 MHz:   0% 3468 MHz: .00% 3624 MHz:   0% 3756 MHz: 5.2% 3828 MHz: 6.3% 3888 MHz:  14% 3948 MHz:  39% 3996 MHz:  12% 4044 MHz: 7.6% 4104 MHz: 2.1% 4416 MHz: .19% 4512 MHz: .22%)
P0-Cluster idle residency:   6.63%
P0-Cluster down residency:   6.06%
CPU 4 frequency: 4451 MHz
CPU 4 active residency:  17.55% (1260 MHz:   0% 1512 MHz:   0% 1800 MHz:   0% 2088 MHz:   0% 2352 MHz:   0% 2616 MHz: .00% 2868 MHz:   0% 3096 MHz:   0% 3300 MHz:   0% 3468 MHz: .00% 3624 MHz:   0% 3756 MHz:   0% 3828 MHz:   0% 3888 MHz:   0% 3948 MHz: 1.8% 3996 MHz: .13% 4044 MHz:   0% 4104 MHz: .02% 4416 MHz: .07% 4512 MHz:  16%)
CPU 4 idle residency:  75.75%
CPU 4 down residency:   6.70%
CPU 5 frequency: 4483 MHz
CPU 5 active residency:  18.82% (1260 MHz:   0% 1512 MHz:   0% 1800 MHz:   0% 2088 MHz:   0% 2352 MHz:   0% 2616 MHz:   0% 2868 MHz: .00% 3096 MHz:   0% 3300 MHz:   0% 3468 MHz:   0% 3624 MHz:   0% 3756 MHz:   0% 3828 MHz:   0% 3888 MHz:   0% 3948 MHz: .84% 3996 MHz: .05% 4044 MHz:   0% 4104 MHz: .05% 4416 MHz: .36% 4512 MHz:  18%)
CPU 5 idle residency:  73.44%
CPU 5 down residency:   7.74%
CPU 6 frequency: 4496 MHz
CPU 6 active residency:  18.85% (1260 MHz:   0% 1512 MHz:   0% 1800 MHz:   0% 2088 MHz:   0% 2352 MHz:   0% 2616 MHz:   0% 2868 MHz:   0% 3096 MHz:   0% 3300 MHz:   0% 3468 MHz:   0% 3624 MHz:   0% 3756 MHz:   0% 3828 MHz:   0% 3888 MHz:   0% 3948 MHz: .40% 3996 MHz: .00% 4044 MHz:   0% 4104 MHz: .15% 4416 MHz: .11% 4512 MHz:  18%)
CPU 6 idle residency:  74.50%
CPU 6 down residency:   6.65%
CPU 7 frequency: 4210 MHz
CPU 7 active residency:  21.89% (1260 MHz: .01% 1512 MHz: .05% 1800 MHz: .03% 2088 MHz: .01% 2352 MHz:   0% 2616 MHz: .01% 2868 MHz: .00% 3096 MHz:   0% 3300 MHz:   0% 3468 MHz: .00% 3624 MHz:   0% 3756 MHz:   0% 3828 MHz:   0% 3888 MHz:   0% 3948 MHz: 9.1% 3996 MHz: 1.8% 4044 MHz:   0% 4104 MHz: .43% 4416 MHz: .46% 4512 MHz:  10%)
CPU 7 idle residency:  71.06%
CPU 7 down residency:   7.05%
CPU 8 frequency: 4395 MHz
CPU 8 active residency:  29.13% (1260 MHz: .00% 1512 MHz:   0% 1800 MHz: .00% 2088 MHz:   0% 2352 MHz:   0% 2616 MHz:   0% 2868 MHz:   0% 3096 MHz:   0% 3300 MHz:   0% 3468 MHz:   0% 3624 MHz:   0% 3756 MHz:   0% 3828 MHz:   0% 3888 MHz:   0% 3948 MHz: 4.4% 3996 MHz: 1.8% 4044 MHz:   0% 4104 MHz:   0% 4416 MHz: .02% 4512 MHz:  23%)
CPU 8 idle residency:  64.58%
CPU 8 down residency:   6.28%
CPU 9 frequency: 4353 MHz
CPU 9 active residency:  28.60% (1260 MHz: .01% 1512 MHz: .00% 1800 MHz: .01% 2088 MHz: .01% 2352 MHz:   0% 2616 MHz:   0% 2868 MHz:   0% 3096 MHz:   0% 3300 MHz:   0% 3468 MHz:   0% 3624 MHz:   0% 3756 MHz:   0% 3828 MHz:   0% 3888 MHz:   0% 3948 MHz: 5.8% 3996 MHz: 2.3% 4044 MHz:   0% 4104 MHz:   0% 4416 MHz: .02% 4512 MHz:  20%)
CPU 9 idle residency:  63.65%
CPU 9 down residency:   7.75%

P1-Cluster HW active frequency: 3506 MHz
P1-Cluster HW active residency:   6.35% (1260 MHz: .88% 1512 MHz:   0% 1800 MHz:   0% 2088 MHz:   0% 2352 MHz:   0% 2616 MHz:   0% 2868 MHz:   0% 3096 MHz:   0% 3300 MHz:   0% 3468 MHz:   0% 3624 MHz:   0% 3756 MHz:   0% 3828 MHz: 2.9% 3888 MHz: 2.3% 3948 MHz: .01% 3996 MHz: .08% 4044 MHz: .05% 4104 MHz:   0% 4416 MHz: .01% 4512 MHz: .08%)
P1-Cluster idle residency:   3.04%
P1-Cluster down residency:  90.61%
CPU 10 frequency: 3983 MHz
CPU 10 active residency:   3.58% (1260 MHz: .12% 1512 MHz:   0% 1800 MHz:   0% 2088 MHz:   0% 2352 MHz:   0% 2616 MHz:   0% 2868 MHz:   0% 3096 MHz:   0% 3300 MHz:   0% 3468 MHz:   0% 3624 MHz:   0% 3756 MHz:   0% 3828 MHz: .06% 3888 MHz: .00% 3948 MHz: .34% 3996 MHz: .31% 4044 MHz: 1.7% 4104 MHz: .72% 4416 MHz:   0% 4512 MHz: .30%)
CPU 10 idle residency:   8.93%
CPU 10 down residency:  87.49%
CPU 11 frequency: 3995 MHz
CPU 11 active residency:  22.18% (1260 MHz: .13% 1512 MHz:   0% 1800 MHz:   0% 2088 MHz:   0% 2352 MHz:   0% 2616 MHz:   0% 2868 MHz:   0% 3096 MHz:   0% 3300 MHz:   0% 3468 MHz:   0% 3624 MHz:   0% 3756 MHz:   0% 3828 MHz: 1.7% 3888 MHz: .60% 3948 MHz: 4.2% 3996 MHz: 4.1% 4044 MHz: 8.4% 4104 MHz: 2.7% 4416 MHz:   0% 4512 MHz: .32%)
CPU 11 idle residency:   5.18%
CPU 11 down residency:  72.64%
CPU 12 frequency: 3996 MHz
CPU 12 active residency:  18.70% (1260 MHz: .13% 1512 MHz:   0% 1800 MHz:   0% 2088 MHz:   0% 2352 MHz:   0% 2616 MHz:   0% 2868 MHz:   0% 3096 MHz:   0% 3300 MHz:   0% 3468 MHz:   0% 3624 MHz:   0% 3756 MHz:   0% 3828 MHz: 1.4% 3888 MHz: .89% 3948 MHz: 3.4% 3996 MHz: 2.9% 4044 MHz: 5.9% 4104 MHz: 3.9% 4416 MHz:   0% 4512 MHz: .27%)
CPU 12 idle residency:   5.52%
CPU 12 down residency:  75.78%
CPU 13 frequency: 3898 MHz
CPU 13 active residency:   3.58% (1260 MHz: .11% 1512 MHz:   0% 1800 MHz:   0% 2088 MHz:   0% 2352 MHz:   0% 2616 MHz:   0% 2868 MHz:   0% 3096 MHz:   0% 3300 MHz:   0% 3468 MHz:   0% 3624 MHz:   0% 3756 MHz:   0% 3828 MHz: .01% 3888 MHz:   0% 3948 MHz: 2.0% 3996 MHz: 1.3% 4044 MHz: .07% 4104 MHz: .00% 4416 MHz:   0% 4512 MHz: .08%)
CPU 13 idle residency:   8.99%
CPU 13 down residency:  87.43%
CPU 14 frequency: 3643 MHz
CPU 14 active residency:   0.75% (1260 MHz: .10% 1512 MHz:   0% 1800 MHz:   0% 2088 MHz:   0% 2352 MHz:   0% 2616 MHz:   0% 2868 MHz:   0% 3096 MHz:   0% 3300 MHz:   0% 3468 MHz:   0% 3624 MHz:   0% 3756 MHz:   0% 3828 MHz:   0% 3888 MHz:   0% 3948 MHz: .49% 3996 MHz: .08% 4044 MHz:   0% 4104 MHz:   0% 4416 MHz:   0% 4512 MHz: .08%)
CPU 14 idle residency:   9.26%
CPU 14 down residency:  89.98%
CPU 15 frequency: 3988 MHz
CPU 15 active residency:  20.98% (1260 MHz: .16% 1512 MHz:   0% 1800 MHz:   0% 2088 MHz:   0% 2352 MHz:   0% 2616 MHz:   0% 2868 MHz:   0% 3096 MHz:   0% 3300 MHz:   0% 3468 MHz:   0% 3624 MHz:   0% 3756 MHz:   0% 3828 MHz: 1.6% 3888 MHz: .45% 3948 MHz: 3.8% 3996 MHz: 4.1% 4044 MHz: 7.9% 4104 MHz: 2.8% 4416 MHz:   0% 4512 MHz: .20%)
CPU 15 idle residency:   5.40%
CPU 15 down residency:  73.62%

CPU Power: 4910 mW
GPU Power: 15666 mW
ANE Power: 0 mW
Combined Power (CPU + GPU + ANE): 20576 mW

**** GPU usage ****

GPU HW active frequency: 1253 MHz
GPU HW active residency: 100.00% (338 MHz:   0% 618 MHz:   0% 796 MHz:   0% 924 MHz:   0% 952 MHz:   0% 1056 MHz:   0% 1062 MHz:   0% 1182 MHz:  50% 1182 MHz:   0% 1312 MHz:  42% 1242 MHz:   0% 1380 MHz: 8.0% 1326 MHz:   0% 1470 MHz:   0% 1578 MHz:   0%)
GPU SW requested state: (P1 :   0% P2 :   0% P3 :   0% P4 :   0% P5 :   0% P6 :   0% P7 :   0% P8 :   0% P9 :   0% P10 : 100% P11 :   0% P12 :   0% P13 :   0% P14 :   0% P15 :   0%)
GPU SW state: (SW_P1 :   0% SW_P2 :   0% SW_P3 :   0% SW_P4 :   0% SW_P5 :   0% SW_P6 :  50% SW_P7 :  42% SW_P8 : 8.0% SW_P9 :   0% SW_P10 :   0% SW_P11 :   0% SW_P12 :   0% SW_P13 :   0% SW_P14 :   0% SW_P15 :   0%)
GPU idle residency:   0.00%
GPU Power: 15639 mW



*** Sampled system activity (Tue Jan 20 15:12:07 2026 +0100) (1021.45ms elapsed) ***


**** Processor usage ****

E-Cluster Online: 100%
E-Cluster HW active frequency: 2531 MHz
E-Cluster HW active residency:  55.25% (1020 MHz: 1.3% 1404 MHz: .40% 1788 MHz: .58% 2112 MHz: .39% 2352 MHz: .90% 2532 MHz: .78% 2592 MHz:  51%)
E-Cluster idle residency:  44.75%
E-Cluster down residency:   0.00%
CPU 0 frequency: 2515 MHz
CPU 0 active residency:  21.99% (1020 MHz: .77% 1404 MHz: .21% 1788 MHz: .16% 2112 MHz: .12% 2352 MHz: .12% 2532 MHz: .13% 2592 MHz:  20%)
CPU 0 idle residency:  78.01%
CPU 0 down residency:   0.00%
CPU 1 frequency: 2493 MHz
CPU 1 active residency:  16.83% (1020 MHz: .64% 1404 MHz: .09% 1788 MHz: .35% 2112 MHz: .33% 2352 MHz: .35% 2532 MHz: .43% 2592 MHz:  15%)
CPU 1 idle residency:  83.17%
CPU 1 down residency:   0.00%
CPU 2 frequency: 2445 MHz
CPU 2 active residency:  11.01% (1020 MHz: .84% 1404 MHz: .09% 1788 MHz: .05% 2112 MHz: .01% 2352 MHz: .60% 2532 MHz: .04% 2592 MHz: 9.4%)
CPU 2 idle residency:  88.99%
CPU 2 down residency:   0.00%
CPU 3 frequency: 2439 MHz
CPU 3 active residency:   4.99% (1020 MHz: .38% 1404 MHz: .06% 1788 MHz: .04% 2112 MHz: .01% 2352 MHz: .08% 2532 MHz: .43% 2592 MHz: 4.0%)
CPU 3 idle residency:  95.01%
CPU 3 down residency:   0.00%

P0-Cluster Online: 2%
P0-Cluster HW active frequency: 2416 MHz
P0-Cluster HW active residency:   0.72% (1260 MHz: .32% 1512 MHz:   0% 1800 MHz: .12% 2088 MHz:   0% 2352 MHz:   0% 2616 MHz:   0% 2868 MHz:   0% 3096 MHz:   0% 3300 MHz:   0% 3468 MHz:   0% 3624 MHz:   0% 3756 MHz:   0% 3828 MHz: .04% 3888 MHz: .06% 3948 MHz: .09% 3996 MHz: .05% 4044 MHz:   0% 4104 MHz: .04% 4416 MHz:   0% 4512 MHz:   0%)
P0-Cluster idle residency:   0.84%
P0-Cluster down residency:  98.44%
CPU 4 frequency: 0 MHz
CPU 4 active residency:   0.00% (1260 MHz:   0% 1512 MHz:   0% 1800 MHz:   0% 2088 MHz:   0% 2352 MHz:   0% 2616 MHz:   0% 2868 MHz:   0% 3096 MHz:   0% 3300 MHz:   0% 3468 MHz:   0% 3624 MHz:   0% 3756 MHz:   0% 3828 MHz:   0% 3888 MHz:   0% 3948 MHz:   0% 3996 MHz:   0% 4044 MHz:   0% 4104 MHz:   0% 4416 MHz:   0% 4512 MHz:   0%)
CPU 4 idle residency:   1.38%
CPU 4 down residency:  98.62%
CPU 5 frequency: 0 MHz
CPU 5 active residency:   0.00% (1260 MHz:   0% 1512 MHz:   0% 1800 MHz:   0% 2088 MHz:   0% 2352 MHz:   0% 2616 MHz:   0% 2868 MHz:   0% 3096 MHz:   0% 3300 MHz:   0% 3468 MHz:   0% 3624 MHz:   0% 3756 MHz:   0% 3828 MHz:   0% 3888 MHz:   0% 3948 MHz:   0% 3996 MHz:   0% 4044 MHz:   0% 4104 MHz:   0% 4416 MHz:   0% 4512 MHz:   0%)
CPU 5 idle residency:   1.23%
CPU 5 down residency:  98.77%
CPU 6 frequency: 0 MHz
CPU 6 active residency:   0.00% (1260 MHz:   0% 1512 MHz:   0% 1800 MHz:   0% 2088 MHz:   0% 2352 MHz:   0% 2616 MHz:   0% 2868 MHz:   0% 3096 MHz:   0% 3300 MHz:   0% 3468 MHz:   0% 3624 MHz:   0% 3756 MHz:   0% 3828 MHz:   0% 3888 MHz:   0% 3948 MHz:   0% 3996 MHz:   0% 4044 MHz:   0% 4104 MHz:   0% 4416 MHz:   0% 4512 MHz:   0%)
CPU 6 idle residency:   1.41%
CPU 6 down residency:  98.59%
CPU 7 frequency: 0 MHz
CPU 7 active residency:   0.00% (1260 MHz:   0% 1512 MHz:   0% 1800 MHz:   0% 2088 MHz:   0% 2352 MHz:   0% 2616 MHz:   0% 2868 MHz:   0% 3096 MHz:   0% 3300 MHz:   0% 3468 MHz:   0% 3624 MHz:   0% 3756 MHz:   0% 3828 MHz:   0% 3888 MHz:   0% 3948 MHz:   0% 3996 MHz:   0% 4044 MHz:   0% 4104 MHz:   0% 4416 MHz:   0% 4512 MHz:   0%)
CPU 7 idle residency:   1.29%
CPU 7 down residency:  98.71%
CPU 8 frequency: 0 MHz
CPU 8 active residency:   0.00% (1260 MHz:   0% 1512 MHz:   0% 1800 MHz:   0% 2088 MHz:   0% 2352 MHz:   0% 2616 MHz:   0% 2868 MHz:   0% 3096 MHz:   0% 3300 MHz:   0% 3468 MHz:   0% 3624 MHz:   0% 3756 MHz:   0% 3828 MHz:   0% 3888 MHz:   0% 3948 MHz:   0% 3996 MHz:   0% 4044 MHz:   0% 4104 MHz:   0% 4416 MHz:   0% 4512 MHz:   0%)
CPU 8 idle residency:   1.39%
CPU 8 down residency:  98.61%
CPU 9 frequency: 0 MHz
CPU 9 active residency:   0.00% (1260 MHz:   0% 1512 MHz:   0% 1800 MHz:   0% 2088 MHz:   0% 2352 MHz:   0% 2616 MHz:   0% 2868 MHz:   0% 3096 MHz:   0% 3300 MHz:   0% 3468 MHz:   0% 3624 MHz:   0% 3756 MHz:   0% 3828 MHz:   0% 3888 MHz:   0% 3948 MHz:   0% 3996 MHz:   0% 4044 MHz:   0% 4104 MHz:   0% 4416 MHz:   0% 4512 MHz:   0%)
CPU 9 idle residency:   1.32%
CPU 9 down residency:  98.68%

P1-Cluster HW active frequency: 3952 MHz
P1-Cluster HW active residency:  93.39% (1260 MHz: .40% 1512 MHz: .02% 1800 MHz: .05% 2088 MHz: .04% 2352 MHz: .01% 2616 MHz: .04% 2868 MHz:   0% 3096 MHz: .03% 3300 MHz:   0% 3468 MHz: .03% 3624 MHz:   0% 3756 MHz:   0% 3828 MHz: 6.4% 3888 MHz: 6.1% 3948 MHz:  39% 3996 MHz:  24% 4044 MHz:  16% 4104 MHz:   0% 4416 MHz: .18% 4512 MHz: .14%)
P1-Cluster idle residency:   6.61%
P1-Cluster down residency:   0.00%
CPU 10 frequency: 4107 MHz
CPU 10 active residency:  39.80% (1260 MHz: .04% 1512 MHz: .02% 1800 MHz: .01% 2088 MHz:   0% 2352 MHz: .00% 2616 MHz: .00% 2868 MHz:   0% 3096 MHz: .00% 3300 MHz:   0% 3468 MHz: .03% 3624 MHz:   0% 3756 MHz:   0% 3828 MHz: 2.2% 3888 MHz: 2.4% 3948 MHz: 8.4% 3996 MHz: 4.4% 4044 MHz:  11% 4104 MHz: 1.5% 4416 MHz: .01% 4512 MHz: 9.6%)
CPU 10 idle residency:  60.20%
CPU 10 down residency:   0.00%
CPU 11 frequency: 4287 MHz
CPU 11 active residency:  26.94% (1260 MHz: .01% 1512 MHz: .00% 1800 MHz: .02% 2088 MHz: .00% 2352 MHz: .01% 2616 MHz:   0% 2868 MHz:   0% 3096 MHz:   0% 3300 MHz:   0% 3468 MHz:   0% 3624 MHz:   0% 3756 MHz:   0% 3828 MHz: .16% 3888 MHz: 1.1% 3948 MHz: 4.5% 3996 MHz: 1.8% 4044 MHz: 2.9% 4104 MHz: .79% 4416 MHz: .19% 4512 MHz:  15%)
CPU 11 idle residency:  73.06%
CPU 11 down residency:   0.00%
CPU 12 frequency: 4117 MHz
CPU 12 active residency:  40.18% (1260 MHz: .05% 1512 MHz:   0% 1800 MHz: .00% 2088 MHz:   0% 2352 MHz: .00% 2616 MHz: .03% 2868 MHz:   0% 3096 MHz: .03% 3300 MHz:   0% 3468 MHz: .00% 3624 MHz:   0% 3756 MHz:   0% 3828 MHz: 2.1% 3888 MHz: 2.3% 3948 MHz: 7.8% 3996 MHz: 5.5% 4044 MHz:  12% 4104 MHz: .37% 4416 MHz: .03% 4512 MHz:  11%)
CPU 12 idle residency:  59.82%
CPU 12 down residency:   0.00%
CPU 13 frequency: 4188 MHz
CPU 13 active residency:  24.10% (1260 MHz: .02% 1512 MHz: .00% 1800 MHz: .00% 2088 MHz:   0% 2352 MHz:   0% 2616 MHz: .00% 2868 MHz:   0% 3096 MHz:   0% 3300 MHz:   0% 3468 MHz:   0% 3624 MHz:   0% 3756 MHz:   0% 3828 MHz: 1.5% 3888 MHz: 1.1% 3948 MHz: 5.9% 3996 MHz: 1.1% 4044 MHz: 4.4% 4104 MHz: .18% 4416 MHz: .00% 4512 MHz: 9.9%)
CPU 13 idle residency:  75.90%
CPU 13 down residency:   0.00%
CPU 14 frequency: 4104 MHz
CPU 14 active residency:  29.98% (1260 MHz: .03% 1512 MHz:   0% 1800 MHz:   0% 2088 MHz: .04% 2352 MHz:   0% 2616 MHz: .01% 2868 MHz:   0% 3096 MHz:   0% 3300 MHz:   0% 3468 MHz:   0% 3624 MHz:   0% 3756 MHz:   0% 3828 MHz: .02% 3888 MHz: .35% 3948 MHz: 2.5% 3996 MHz: 5.0% 4044 MHz:  14% 4104 MHz: 2.7% 4416 MHz:   0% 4512 MHz: 5.0%)
CPU 14 idle residency:  70.02%
CPU 14 down residency:   0.00%
CPU 15 frequency: 4334 MHz
CPU 15 active residency:  25.47% (1260 MHz: .00% 1512 MHz: .00% 1800 MHz:   0% 2088 MHz:   0% 2352 MHz:   0% 2616 MHz:   0% 2868 MHz:   0% 3096 MHz:   0% 3300 MHz:   0% 3468 MHz:   0% 3624 MHz:   0% 3756 MHz:   0% 3828 MHz:   0% 3888 MHz: 1.0% 3948 MHz: 1.2% 3996 MHz: 1.6% 4044 MHz: 3.9% 4104 MHz: 1.4% 4416 MHz: .06% 4512 MHz:  16%)
CPU 15 idle residency:  74.53%
CPU 15 down residency:   0.00%

CPU Power: 5012 mW
GPU Power: 14094 mW
ANE Power: 0 mW
Combined Power (CPU + GPU + ANE): 19105 mW

**** GPU usage ****

GPU HW active frequency: 1171 MHz
GPU HW active residency: 100.00% (338 MHz:   0% 618 MHz:   0% 796 MHz:   0% 924 MHz:   0% 952 MHz:   0% 1056 MHz:  14% 1062 MHz:   0% 1182 MHz:  80% 1182 MHz:   0% 1312 MHz: 5.5% 1242 MHz:   0% 1380 MHz:   0% 1326 MHz:   0% 1470 MHz:   0% 1578 MHz:   0%)
GPU SW requested state: (P1 :   0% P2 :   0% P3 :   0% P4 :   0% P5 :   0% P6 :   0% P7 :   0% P8 :   0% P9 :   0% P10 : 100% P11 :   0% P12 :   0% P13 :   0% P14 :   0% P15 :   0%)
GPU SW state: (SW_P1 :   0% SW_P2 :   0% SW_P3 :   0% SW_P4 :   0% SW_P5 :  14% SW_P6 :  80% SW_P7 : 5.5% SW_P8 :   0% SW_P9 :   0% SW_P10 :   0% SW_P11 :   0% SW_P12 :   0% SW_P13 :   0% SW_P14 :   0% SW_P15 :   0%)
GPU idle residency:   0.00%
GPU Power: 14083 mW



*** Sampled system activity (Tue Jan 20 15:12:08 2026 +0100) (1021.14ms elapsed) ***


**** Processor usage ****

E-Cluster Online: 100%
E-Cluster HW active frequency: 2190 MHz
E-Cluster HW active residency:  52.12% (1020 MHz: 7.1% 1404 MHz: 6.2% 1788 MHz: 1.6% 2112 MHz: 1.4% 2352 MHz: 1.5% 2532 MHz: .88% 2592 MHz:  33%)
E-Cluster idle residency:  47.88%
E-Cluster down residency:   0.00%
CPU 0 frequency: 2100 MHz
CPU 0 active residency:  25.05% (1020 MHz: 4.2% 1404 MHz: 3.8% 1788 MHz: .71% 2112 MHz: .83% 2352 MHz: .73% 2532 MHz: .39% 2592 MHz:  14%)
CPU 0 idle residency:  74.95%
CPU 0 down residency:   0.00%
CPU 1 frequency: 2106 MHz
CPU 1 active residency:  11.94% (1020 MHz: 2.2% 1404 MHz: 1.5% 1788 MHz: .34% 2112 MHz: .42% 2352 MHz: .19% 2532 MHz: .15% 2592 MHz: 7.1%)
CPU 1 idle residency:  88.06%
CPU 1 down residency:   0.00%
CPU 2 frequency: 2113 MHz
CPU 2 active residency:   6.55% (1020 MHz: .93% 1404 MHz: .96% 1788 MHz: .34% 2112 MHz: .37% 2352 MHz: .35% 2532 MHz: .06% 2592 MHz: 3.5%)
CPU 2 idle residency:  93.45%
CPU 2 down residency:   0.00%
CPU 3 frequency: 2143 MHz
CPU 3 active residency:   4.79% (1020 MHz: .68% 1404 MHz: .60% 1788 MHz: .27% 2112 MHz: .19% 2352 MHz: .23% 2532 MHz: .06% 2592 MHz: 2.8%)
CPU 3 idle residency:  95.21%
CPU 3 down residency:   0.00%

P0-Cluster Online: 2%
P0-Cluster HW active frequency: 1260 MHz
P0-Cluster HW active residency:   0.32% (1260 MHz: .32% 1512 MHz:   0% 1800 MHz:   0% 2088 MHz:   0% 2352 MHz:   0% 2616 MHz:   0% 2868 MHz:   0% 3096 MHz:   0% 3300 MHz:   0% 3468 MHz:   0% 3624 MHz:   0% 3756 MHz:   0% 3828 MHz:   0% 3888 MHz:   0% 3948 MHz:   0% 3996 MHz:   0% 4044 MHz:   0% 4104 MHz:   0% 4416 MHz:   0% 4512 MHz:   0%)
P0-Cluster idle residency:   1.70%
P0-Cluster down residency:  97.98%
CPU 4 frequency: 0 MHz
CPU 4 active residency:   0.00% (1260 MHz:   0% 1512 MHz:   0% 1800 MHz:   0% 2088 MHz:   0% 2352 MHz:   0% 2616 MHz:   0% 2868 MHz:   0% 3096 MHz:   0% 3300 MHz:   0% 3468 MHz:   0% 3624 MHz:   0% 3756 MHz:   0% 3828 MHz:   0% 3888 MHz:   0% 3948 MHz:   0% 3996 MHz:   0% 4044 MHz:   0% 4104 MHz:   0% 4416 MHz:   0% 4512 MHz:   0%)
CPU 4 idle residency:   1.94%
CPU 4 down residency:  98.06%
CPU 5 frequency: 0 MHz
CPU 5 active residency:   0.00% (1260 MHz:   0% 1512 MHz:   0% 1800 MHz:   0% 2088 MHz:   0% 2352 MHz:   0% 2616 MHz:   0% 2868 MHz:   0% 3096 MHz:   0% 3300 MHz:   0% 3468 MHz:   0% 3624 MHz:   0% 3756 MHz:   0% 3828 MHz:   0% 3888 MHz:   0% 3948 MHz:   0% 3996 MHz:   0% 4044 MHz:   0% 4104 MHz:   0% 4416 MHz:   0% 4512 MHz:   0%)
CPU 5 idle residency:   1.95%
CPU 5 down residency:  98.05%
CPU 6 frequency: 0 MHz
CPU 6 active residency:   0.00% (1260 MHz:   0% 1512 MHz:   0% 1800 MHz:   0% 2088 MHz:   0% 2352 MHz:   0% 2616 MHz:   0% 2868 MHz:   0% 3096 MHz:   0% 3300 MHz:   0% 3468 MHz:   0% 3624 MHz:   0% 3756 MHz:   0% 3828 MHz:   0% 3888 MHz:   0% 3948 MHz:   0% 3996 MHz:   0% 4044 MHz:   0% 4104 MHz:   0% 4416 MHz:   0% 4512 MHz:   0%)
CPU 6 idle residency:   1.95%
CPU 6 down residency:  98.05%
CPU 7 frequency: 0 MHz
CPU 7 active residency:   0.00% (1260 MHz:   0% 1512 MHz:   0% 1800 MHz:   0% 2088 MHz:   0% 2352 MHz:   0% 2616 MHz:   0% 2868 MHz:   0% 3096 MHz:   0% 3300 MHz:   0% 3468 MHz:   0% 3624 MHz:   0% 3756 MHz:   0% 3828 MHz:   0% 3888 MHz:   0% 3948 MHz:   0% 3996 MHz:   0% 4044 MHz:   0% 4104 MHz:   0% 4416 MHz:   0% 4512 MHz:   0%)
CPU 7 idle residency:   1.95%
CPU 7 down residency:  98.05%
CPU 8 frequency: 0 MHz
CPU 8 active residency:   0.00% (1260 MHz:   0% 1512 MHz:   0% 1800 MHz:   0% 2088 MHz:   0% 2352 MHz:   0% 2616 MHz:   0% 2868 MHz:   0% 3096 MHz:   0% 3300 MHz:   0% 3468 MHz:   0% 3624 MHz:   0% 3756 MHz:   0% 3828 MHz:   0% 3888 MHz:   0% 3948 MHz:   0% 3996 MHz:   0% 4044 MHz:   0% 4104 MHz:   0% 4416 MHz:   0% 4512 MHz:   0%)
CPU 8 idle residency:   1.95%
CPU 8 down residency:  98.05%
CPU 9 frequency: 0 MHz
CPU 9 active residency:   0.00% (1260 MHz:   0% 1512 MHz:   0% 1800 MHz:   0% 2088 MHz:   0% 2352 MHz:   0% 2616 MHz:   0% 2868 MHz:   0% 3096 MHz:   0% 3300 MHz:   0% 3468 MHz:   0% 3624 MHz:   0% 3756 MHz:   0% 3828 MHz:   0% 3888 MHz:   0% 3948 MHz:   0% 3996 MHz:   0% 4044 MHz:   0% 4104 MHz:   0% 4416 MHz:   0% 4512 MHz:   0%)
CPU 9 idle residency:   1.95%
CPU 9 down residency:  98.05%

P1-Cluster HW active frequency: 3864 MHz
P1-Cluster HW active residency:  91.67% (1260 MHz: .51% 1512 MHz: .01% 1800 MHz: .06% 2088 MHz: .03% 2352 MHz:   0% 2616 MHz: .02% 2868 MHz:   0% 3096 MHz: .00% 3300 MHz:   0% 3468 MHz:   0% 3624 MHz: 3.3% 3756 MHz:  17% 3828 MHz:  26% 3888 MHz: 3.7% 3948 MHz:  22% 3996 MHz:  11% 4044 MHz: 8.6% 4104 MHz: .51% 4416 MHz:   0% 4512 MHz:   0%)
P1-Cluster idle residency:   8.33%
P1-Cluster down residency:   0.00%
CPU 10 frequency: 3991 MHz
CPU 10 active residency:  17.55% (1260 MHz: .02% 1512 MHz:   0% 1800 MHz: .02% 2088 MHz: .01% 2352 MHz:   0% 2616 MHz: .02% 2868 MHz:   0% 3096 MHz: .00% 3300 MHz:   0% 3468 MHz:   0% 3624 MHz: .12% 3756 MHz: .98% 3828 MHz: .87% 3888 MHz: .18% 3948 MHz: 7.1% 3996 MHz: .22% 4044 MHz:   0% 4104 MHz: 7.9% 4416 MHz:   0% 4512 MHz:   0%)
CPU 10 idle residency:  82.45%
CPU 10 down residency:   0.00%
CPU 11 frequency: 3887 MHz
CPU 11 active residency:  38.74% (1260 MHz: .08% 1512 MHz: .00% 1800 MHz: .00% 2088 MHz:   0% 2352 MHz:   0% 2616 MHz:   0% 2868 MHz:   0% 3096 MHz:   0% 3300 MHz:   0% 3468 MHz:   0% 3624 MHz: 1.7% 3756 MHz: 9.0% 3828 MHz:  13% 3888 MHz: 1.3% 3948 MHz: 2.4% 3996 MHz: .53% 4044 MHz:   0% 4104 MHz:  11% 4416 MHz:   0% 4512 MHz:   0%)
CPU 11 idle residency:  61.26%
CPU 11 down residency:   0.00%
CPU 12 frequency: 3911 MHz
CPU 12 active residency:  36.76% (1260 MHz: .08% 1512 MHz:   0% 1800 MHz: .00% 2088 MHz:   0% 2352 MHz:   0% 2616 MHz:   0% 2868 MHz:   0% 3096 MHz:   0% 3300 MHz:   0% 3468 MHz:   0% 3624 MHz: 1.7% 3756 MHz: 6.9% 3828 MHz:  10% 3888 MHz: .93% 3948 MHz: 3.8% 3996 MHz: .88% 4044 MHz:   0% 4104 MHz:  12% 4416 MHz:   0% 4512 MHz:   0%)
CPU 12 idle residency:  63.24%
CPU 12 down residency:   0.00%
CPU 13 frequency: 4081 MHz
CPU 13 active residency:  16.56% (1260 MHz: .00% 1512 MHz:   0% 1800 MHz:   0% 2088 MHz:   0% 2352 MHz:   0% 2616 MHz: .00% 2868 MHz:   0% 3096 MHz: .00% 3300 MHz:   0% 3468 MHz:   0% 3624 MHz: .00% 3756 MHz: .07% 3828 MHz: .04% 3888 MHz:   0% 3948 MHz: 1.8% 3996 MHz: .55% 4044 MHz:   0% 4104 MHz:  14% 4416 MHz:   0% 4512 MHz:   0%)
CPU 13 idle residency:  83.44%
CPU 13 down residency:   0.00%
CPU 14 frequency: 4056 MHz
CPU 14 active residency:  23.07% (1260 MHz: .04% 1512 MHz:   0% 1800 MHz: .03% 2088 MHz: .00% 2352 MHz:   0% 2616 MHz:   0% 2868 MHz:   0% 3096 MHz:   0% 3300 MHz:   0% 3468 MHz:   0% 3624 MHz: .02% 3756 MHz: .80% 3828 MHz: .20% 3888 MHz: .01% 3948 MHz: 3.4% 3996 MHz: .49% 4044 MHz:   0% 4104 MHz:  18% 4416 MHz:   0% 4512 MHz:   0%)
CPU 14 idle residency:  76.93%
CPU 14 down residency:   0.00%
CPU 15 frequency: 3905 MHz
CPU 15 active residency:  36.33% (1260 MHz: .07% 1512 MHz: .00% 1800 MHz:   0% 2088 MHz:   0% 2352 MHz:   0% 2616 MHz:   0% 2868 MHz:   0% 3096 MHz:   0% 3300 MHz:   0% 3468 MHz:   0% 3624 MHz: .89% 3756 MHz: 8.5% 3828 MHz:  12% 3888 MHz: 1.0% 3948 MHz: 1.1% 3996 MHz:   0% 4044 MHz:   0% 4104 MHz:  13% 4416 MHz:   0% 4512 MHz:   0%)
CPU 15 idle residency:  63.67%
CPU 15 down residency:   0.00%

CPU Power: 4418 mW
GPU Power: 13668 mW
ANE Power: 0 mW
Combined Power (CPU + GPU + ANE): 18086 mW

**** GPU usage ****

GPU HW active frequency: 1154 MHz
GPU HW active residency: 100.00% (338 MHz:   0% 618 MHz:   0% 796 MHz:   0% 924 MHz:   0% 952 MHz:   0% 1056 MHz:  26% 1062 MHz:   0% 1182 MHz:  71% 1182 MHz:   0% 1312 MHz: 3.1% 1242 MHz:   0% 1380 MHz:   0% 1326 MHz:   0% 1470 MHz:   0% 1578 MHz:   0%)
GPU SW requested state: (P1 :   0% P2 :   0% P3 :   0% P4 :   0% P5 :   0% P6 :   0% P7 :   0% P8 :   0% P9 :   0% P10 : 100% P11 :   0% P12 :   0% P13 :   0% P14 :   0% P15 :   0%)
GPU SW state: (SW_P1 :   0% SW_P2 :   0% SW_P3 :   0% SW_P4 :   0% SW_P5 :  26% SW_P6 :  71% SW_P7 : 3.1% SW_P8 :   0% SW_P9 :   0% SW_P10 :   0% SW_P11 :   0% SW_P12 :   0% SW_P13 :   0% SW_P14 :   0% SW_P15 :   0%)
GPU idle residency:   0.00%
GPU Power: 13671 mW



*** Sampled system activity (Tue Jan 20 15:12:09 2026 +0100) (1020.28ms elapsed) ***


**** Processor usage ****

E-Cluster Online: 100%
E-Cluster HW active frequency: 2480 MHz
E-Cluster HW active residency:  54.60% (1020 MHz: .63% 1404 MHz: 2.1% 1788 MHz: 1.9% 2112 MHz: 1.8% 2352 MHz: .83% 2532 MHz: .99% 2592 MHz:  46%)
E-Cluster idle residency:  45.40%
E-Cluster down residency:   0.00%
CPU 0 frequency: 2484 MHz
CPU 0 active residency:  24.89% (1020 MHz: .24% 1404 MHz: .91% 1788 MHz: .83% 2112 MHz: .91% 2352 MHz: .40% 2532 MHz: .58% 2592 MHz:  21%)
CPU 0 idle residency:  75.11%
CPU 0 down residency:   0.00%
CPU 1 frequency: 2440 MHz
CPU 1 active residency:  15.74% (1020 MHz: .23% 1404 MHz: .86% 1788 MHz: .77% 2112 MHz: .62% 2352 MHz: .31% 2532 MHz: .50% 2592 MHz:  12%)
CPU 1 idle residency:  84.26%
CPU 1 down residency:   0.00%
CPU 2 frequency: 2465 MHz
CPU 2 active residency:   8.91% (1020 MHz: .06% 1404 MHz: .41% 1788 MHz: .29% 2112 MHz: .57% 2352 MHz: .11% 2532 MHz: .14% 2592 MHz: 7.3%)
CPU 2 idle residency:  91.09%
CPU 2 down residency:   0.00%
CPU 3 frequency: 2511 MHz
CPU 3 active residency:   5.00% (1020 MHz: .06% 1404 MHz: .12% 1788 MHz: .08% 2112 MHz: .19% 2352 MHz: .03% 2532 MHz: .05% 2592 MHz: 4.5%)
CPU 3 idle residency:  95.00%
CPU 3 down residency:   0.00%

P0-Cluster Online: 3%
P0-Cluster HW active frequency: 2095 MHz
P0-Cluster HW active residency:   0.64% (1260 MHz: .21% 1512 MHz:   0% 1800 MHz: .29% 2088 MHz:   0% 2352 MHz:   0% 2616 MHz:   0% 2868 MHz:   0% 3096 MHz:   0% 3300 MHz:   0% 3468 MHz:   0% 3624 MHz:   0% 3756 MHz:   0% 3828 MHz:   0% 3888 MHz: .02% 3948 MHz: .12% 3996 MHz:   0% 4044 MHz:   0% 4104 MHz:   0% 4416 MHz:   0% 4512 MHz:   0%)
P0-Cluster idle residency:   1.27%
P0-Cluster down residency:  98.09%
CPU 4 frequency: 0 MHz
CPU 4 active residency:   0.00% (1260 MHz:   0% 1512 MHz:   0% 1800 MHz:   0% 2088 MHz:   0% 2352 MHz:   0% 2616 MHz:   0% 2868 MHz:   0% 3096 MHz:   0% 3300 MHz:   0% 3468 MHz:   0% 3624 MHz:   0% 3756 MHz:   0% 3828 MHz:   0% 3888 MHz:   0% 3948 MHz:   0% 3996 MHz:   0% 4044 MHz:   0% 4104 MHz:   0% 4416 MHz:   0% 4512 MHz:   0%)
CPU 4 idle residency:   1.80%
CPU 4 down residency:  98.20%
CPU 5 frequency: 0 MHz
CPU 5 active residency:   0.00% (1260 MHz:   0% 1512 MHz:   0% 1800 MHz:   0% 2088 MHz:   0% 2352 MHz:   0% 2616 MHz:   0% 2868 MHz:   0% 3096 MHz:   0% 3300 MHz:   0% 3468 MHz:   0% 3624 MHz:   0% 3756 MHz:   0% 3828 MHz:   0% 3888 MHz:   0% 3948 MHz:   0% 3996 MHz:   0% 4044 MHz:   0% 4104 MHz:   0% 4416 MHz:   0% 4512 MHz:   0%)
CPU 5 idle residency:   1.79%
CPU 5 down residency:  98.21%
CPU 6 frequency: 0 MHz
CPU 6 active residency:   0.00% (1260 MHz:   0% 1512 MHz:   0% 1800 MHz:   0% 2088 MHz:   0% 2352 MHz:   0% 2616 MHz:   0% 2868 MHz:   0% 3096 MHz:   0% 3300 MHz:   0% 3468 MHz:   0% 3624 MHz:   0% 3756 MHz:   0% 3828 MHz:   0% 3888 MHz:   0% 3948 MHz:   0% 3996 MHz:   0% 4044 MHz:   0% 4104 MHz:   0% 4416 MHz:   0% 4512 MHz:   0%)
CPU 6 idle residency:   1.81%
CPU 6 down residency:  98.19%
CPU 7 frequency: 0 MHz
CPU 7 active residency:   0.00% (1260 MHz:   0% 1512 MHz:   0% 1800 MHz:   0% 2088 MHz:   0% 2352 MHz:   0% 2616 MHz:   0% 2868 MHz:   0% 3096 MHz:   0% 3300 MHz:   0% 3468 MHz:   0% 3624 MHz:   0% 3756 MHz:   0% 3828 MHz:   0% 3888 MHz:   0% 3948 MHz:   0% 3996 MHz:   0% 4044 MHz:   0% 4104 MHz:   0% 4416 MHz:   0% 4512 MHz:   0%)
CPU 7 idle residency:   1.78%
CPU 7 down residency:  98.22%
CPU 8 frequency: 0 MHz
CPU 8 active residency:   0.00% (1260 MHz:   0% 1512 MHz:   0% 1800 MHz:   0% 2088 MHz:   0% 2352 MHz:   0% 2616 MHz:   0% 2868 MHz:   0% 3096 MHz:   0% 3300 MHz:   0% 3468 MHz:   0% 3624 MHz:   0% 3756 MHz:   0% 3828 MHz:   0% 3888 MHz:   0% 3948 MHz:   0% 3996 MHz:   0% 4044 MHz:   0% 4104 MHz:   0% 4416 MHz:   0% 4512 MHz:   0%)
CPU 8 idle residency:   1.81%
CPU 8 down residency:  98.19%
CPU 9 frequency: 0 MHz
CPU 9 active residency:   0.00% (1260 MHz:   0% 1512 MHz:   0% 1800 MHz:   0% 2088 MHz:   0% 2352 MHz:   0% 2616 MHz:   0% 2868 MHz:   0% 3096 MHz:   0% 3300 MHz:   0% 3468 MHz:   0% 3624 MHz:   0% 3756 MHz:   0% 3828 MHz:   0% 3888 MHz:   0% 3948 MHz:   0% 3996 MHz:   0% 4044 MHz:   0% 4104 MHz:   0% 4416 MHz:   0% 4512 MHz:   0%)
CPU 9 idle residency:   1.77%
CPU 9 down residency:  98.23%

P1-Cluster HW active frequency: 3898 MHz
P1-Cluster HW active residency:  93.43% (1260 MHz: .49% 1512 MHz:   0% 1800 MHz: .01% 2088 MHz: .02% 2352 MHz: .01% 2616 MHz: .01% 2868 MHz:   0% 3096 MHz: .03% 3300 MHz:   0% 3468 MHz:   0% 3624 MHz: .00% 3756 MHz: 5.1% 3828 MHz:  18% 3888 MHz:  26% 3948 MHz:  23% 3996 MHz:  12% 4044 MHz: 8.8% 4104 MHz: .01% 4416 MHz: .08% 4512 MHz: .08%)
P1-Cluster idle residency:   6.57%
P1-Cluster down residency:   0.00%
CPU 10 frequency: 4248 MHz
CPU 10 active residency:  25.86% (1260 MHz: .06% 1512 MHz:   0% 1800 MHz:   0% 2088 MHz:   0% 2352 MHz: .00% 2616 MHz:   0% 2868 MHz:   0% 3096 MHz: .01% 3300 MHz:   0% 3468 MHz:   0% 3624 MHz:   0% 3756 MHz: .50% 3828 MHz: 2.9% 3888 MHz: 4.1% 3948 MHz: 1.2% 3996 MHz:   0% 4044 MHz: .20% 4104 MHz:   0% 4416 MHz: 9.6% 4512 MHz: 7.3%)
CPU 10 idle residency:  74.14%
CPU 10 down residency:   0.00%
CPU 11 frequency: 4059 MHz
CPU 11 active residency:  38.97% (1260 MHz: .05% 1512 MHz:   0% 1800 MHz: .01% 2088 MHz:   0% 2352 MHz: .01% 2616 MHz: .01% 2868 MHz:   0% 3096 MHz: .00% 3300 MHz:   0% 3468 MHz:   0% 3624 MHz:   0% 3756 MHz: 2.2% 3828 MHz: 7.8% 3888 MHz:  11% 3948 MHz: 2.6% 3996 MHz: .11% 4044 MHz: 2.3% 4104 MHz: .20% 4416 MHz: 6.3% 4512 MHz: 5.9%)
CPU 11 idle residency:  61.03%
CPU 11 down residency:   0.00%
CPU 12 frequency: 4062 MHz
CPU 12 active residency:  24.17% (1260 MHz: .01% 1512 MHz:   0% 1800 MHz: .01% 2088 MHz: .02% 2352 MHz:   0% 2616 MHz: .01% 2868 MHz:   0% 3096 MHz: .01% 3300 MHz:   0% 3468 MHz:   0% 3624 MHz: .00% 3756 MHz: .66% 3828 MHz: 3.5% 3888 MHz: 8.6% 3948 MHz: 2.5% 3996 MHz:   0% 4044 MHz: .58% 4104 MHz:   0% 4416 MHz: 8.2% 4512 MHz: .06%)
CPU 12 idle residency:  75.83%
CPU 12 down residency:   0.00%
CPU 13 frequency: 4243 MHz
CPU 13 active residency:  27.28% (1260 MHz: .05% 1512 MHz:   0% 1800 MHz:   0% 2088 MHz:   0% 2352 MHz:   0% 2616 MHz: .00% 2868 MHz:   0% 3096 MHz:   0% 3300 MHz:   0% 3468 MHz:   0% 3624 MHz:   0% 3756 MHz: .51% 3828 MHz: 2.6% 3888 MHz: 4.4% 3948 MHz: 2.6% 3996 MHz: .19% 4044 MHz: .20% 4104 MHz:   0% 4416 MHz: 6.1% 4512 MHz:  11%)
CPU 13 idle residency:  72.72%
CPU 13 down residency:   0.00%
CPU 14 frequency: 4088 MHz
CPU 14 active residency:  34.17% (1260 MHz: .10% 1512 MHz:   0% 1800 MHz: .00% 2088 MHz:   0% 2352 MHz:   0% 2616 MHz:   0% 2868 MHz:   0% 3096 MHz: .03% 3300 MHz:   0% 3468 MHz:   0% 3624 MHz: .00% 3756 MHz: 1.9% 3828 MHz: 5.0% 3888 MHz: 9.3% 3948 MHz: 2.8% 3996 MHz: .28% 4044 MHz: 2.4% 4104 MHz: .20% 4416 MHz: 6.1% 4512 MHz: 6.1%)
CPU 14 idle residency:  65.83%
CPU 14 down residency:   0.00%
CPU 15 frequency: 4158 MHz
CPU 15 active residency:  32.29% (1260 MHz: .02% 1512 MHz:   0% 1800 MHz: .01% 2088 MHz: .00% 2352 MHz:   0% 2616 MHz: .00% 2868 MHz:   0% 3096 MHz:   0% 3300 MHz:   0% 3468 MHz:   0% 3624 MHz:   0% 3756 MHz: 1.8% 3828 MHz: 4.5% 3888 MHz: 6.1% 3948 MHz: 1.5% 3996 MHz: .96% 4044 MHz: 2.3% 4104 MHz: .19% 4416 MHz: 5.7% 4512 MHz: 9.1%)
CPU 15 idle residency:  67.71%
CPU 15 down residency:   0.00%

CPU Power: 4831 mW
GPU Power: 14447 mW
ANE Power: 0 mW
Combined Power (CPU + GPU + ANE): 19278 mW

**** GPU usage ****

GPU HW active frequency: 1188 MHz
GPU HW active residency: 100.00% (338 MHz:   0% 618 MHz:   0% 796 MHz:   0% 924 MHz:   0% 952 MHz:   0% 1056 MHz:  11% 1062 MHz:   0% 1182 MHz:  74% 1182 MHz:   0% 1312 MHz:  15% 1242 MHz:   0% 1380 MHz:   0% 1326 MHz:   0% 1470 MHz:   0% 1578 MHz:   0%)
GPU SW requested state: (P1 :   0% P2 :   0% P3 :   0% P4 :   0% P5 :   0% P6 :   0% P7 :   0% P8 :   0% P9 :   0% P10 : 100% P11 :   0% P12 :   0% P13 :   0% P14 :   0% P15 :   0%)
GPU SW state: (SW_P1 :   0% SW_P2 :   0% SW_P3 :   0% SW_P4 :   0% SW_P5 :  11% SW_P6 :  74% SW_P7 :  15% SW_P8 :   0% SW_P9 :   0% SW_P10 :   0% SW_P11 :   0% SW_P12 :   0% SW_P13 :   0% SW_P14 :   0% SW_P15 :   0%)
GPU idle residency:   0.00%
GPU Power: 14459 mW



*** Sampled system activity (Tue Jan 20 15:12:10 2026 +0100) (1021.79ms elapsed) ***


**** Processor usage ****

E-Cluster Online: 100%
E-Cluster HW active frequency: 2187 MHz
E-Cluster HW active residency:  60.63% (1020 MHz: 9.9% 1404 MHz: 5.4% 1788 MHz: 1.7% 2112 MHz: 1.1% 2352 MHz: 2.5% 2532 MHz: 1.4% 2592 MHz:  39%)
E-Cluster idle residency:  39.37%
E-Cluster down residency:   0.00%
CPU 0 frequency: 2131 MHz
CPU 0 active residency:  30.94% (1020 MHz: 5.8% 1404 MHz: 3.3% 1788 MHz: .80% 2112 MHz: .56% 2352 MHz: 1.2% 2532 MHz: .82% 2592 MHz:  18%)
CPU 0 idle residency:  69.06%
CPU 0 down residency:   0.00%
CPU 1 frequency: 1965 MHz
CPU 1 active residency:  18.49% (1020 MHz: 3.9% 1404 MHz: 3.9% 1788 MHz: .36% 2112 MHz: .70% 2352 MHz: .97% 2532 MHz: .48% 2592 MHz: 8.2%)
CPU 1 idle residency:  81.51%
CPU 1 down residency:   0.00%
CPU 2 frequency: 2013 MHz
CPU 2 active residency:  14.53% (1020 MHz: 4.3% 1404 MHz: 1.1% 1788 MHz: .17% 2112 MHz: .37% 2352 MHz: .46% 2532 MHz: .32% 2592 MHz: 7.9%)
CPU 2 idle residency:  85.47%
CPU 2 down residency:   0.00%
CPU 3 frequency: 1926 MHz
CPU 3 active residency:  10.85% (1020 MHz: 3.9% 1404 MHz: .58% 1788 MHz: .22% 2112 MHz: .22% 2352 MHz: .40% 2532 MHz: .14% 2592 MHz: 5.4%)
CPU 3 idle residency:  89.15%
CPU 3 down residency:   0.00%

P0-Cluster Online: 28%
P0-Cluster HW active frequency: 2649 MHz
P0-Cluster HW active residency:   5.05% (1260 MHz: 1.9% 1512 MHz: .36% 1800 MHz:   0% 2088 MHz: .11% 2352 MHz: .19% 2616 MHz:   0% 2868 MHz:   0% 3096 MHz:   0% 3300 MHz:   0% 3468 MHz:   0% 3624 MHz:   0% 3756 MHz:   0% 3828 MHz:   0% 3888 MHz: 1.8% 3948 MHz: .12% 3996 MHz: .01% 4044 MHz: .55% 4104 MHz:   0% 4416 MHz: .01% 4512 MHz: .02%)
P0-Cluster idle residency:  22.79%
P0-Cluster down residency:  72.16%
CPU 4 frequency: 3966 MHz
CPU 4 active residency:   9.36% (1260 MHz: .21% 1512 MHz:   0% 1800 MHz: .06% 2088 MHz:   0% 2352 MHz:   0% 2616 MHz:   0% 2868 MHz:   0% 3096 MHz:   0% 3300 MHz:   0% 3468 MHz:   0% 3624 MHz:   0% 3756 MHz: .19% 3828 MHz: .18% 3888 MHz: 1.3% 3948 MHz: 3.7% 3996 MHz: 1.1% 4044 MHz: .75% 4104 MHz: .57% 4416 MHz:   0% 4512 MHz: 1.4%)
CPU 4 idle residency:  24.15%
CPU 4 down residency:  66.49%
CPU 5 frequency: 3894 MHz
CPU 5 active residency:  18.98% (1260 MHz: .25% 1512 MHz:   0% 1800 MHz: .12% 2088 MHz: .00% 2352 MHz:   0% 2616 MHz:   0% 2868 MHz:   0% 3096 MHz:   0% 3300 MHz:   0% 3468 MHz:   0% 3624 MHz:   0% 3756 MHz: 2.7% 3828 MHz: 3.7% 3888 MHz: 4.3% 3948 MHz: 4.0% 3996 MHz: 1.1% 4044 MHz: .51% 4104 MHz: .59% 4416 MHz:   0% 4512 MHz: 1.6%)
CPU 5 idle residency:  21.34%
CPU 5 down residency:  59.68%
CPU 6 frequency: 3987 MHz
CPU 6 active residency:   9.13% (1260 MHz: .24% 1512 MHz:   0% 1800 MHz: .06% 2088 MHz:   0% 2352 MHz:   0% 2616 MHz:   0% 2868 MHz:   0% 3096 MHz:   0% 3300 MHz:   0% 3468 MHz:   0% 3624 MHz:   0% 3756 MHz: .15% 3828 MHz: .08% 3888 MHz: 1.4% 3948 MHz: 3.5% 3996 MHz: 1.3% 4044 MHz: .43% 4104 MHz:   0% 4416 MHz:   0% 4512 MHz: 2.0%)
CPU 6 idle residency:  23.91%
CPU 6 down residency:  66.95%
CPU 7 frequency: 3868 MHz
CPU 7 active residency:  13.57% (1260 MHz: .21% 1512 MHz:   0% 1800 MHz: .12% 2088 MHz: .00% 2352 MHz:   0% 2616 MHz:   0% 2868 MHz:   0% 3096 MHz:   0% 3300 MHz:   0% 3468 MHz:   0% 3624 MHz:   0% 3756 MHz: 3.0% 3828 MHz: 3.7% 3888 MHz: 3.6% 3948 MHz: 1.1% 3996 MHz: .10% 4044 MHz:   0% 4104 MHz:   0% 4416 MHz: .17% 4512 MHz: 1.6%)
CPU 7 idle residency:  22.70%
CPU 7 down residency:  63.73%
CPU 8 frequency: 3962 MHz
CPU 8 active residency:   4.18% (1260 MHz: .21% 1512 MHz:   0% 1800 MHz: .08% 2088 MHz:   0% 2352 MHz:   0% 2616 MHz:   0% 2868 MHz:   0% 3096 MHz:   0% 3300 MHz:   0% 3468 MHz:   0% 3624 MHz:   0% 3756 MHz: .13% 3828 MHz: .15% 3888 MHz: 1.1% 3948 MHz: .80% 3996 MHz: .12% 4044 MHz: .02% 4104 MHz:   0% 4416 MHz:   0% 4512 MHz: 1.6%)
CPU 8 idle residency:  25.42%
CPU 8 down residency:  70.40%
CPU 9 frequency: 3901 MHz
CPU 9 active residency:  19.05% (1260 MHz: .25% 1512 MHz:   0% 1800 MHz: .09% 2088 MHz: .00% 2352 MHz:   0% 2616 MHz:   0% 2868 MHz:   0% 3096 MHz:   0% 3300 MHz:   0% 3468 MHz:   0% 3624 MHz:   0% 3756 MHz: 2.6% 3828 MHz: 3.5% 3888 MHz: 4.3% 3948 MHz: 4.6% 3996 MHz: .47% 4044 MHz: .94% 4104 MHz: .66% 4416 MHz:   0% 4512 MHz: 1.6%)
CPU 9 idle residency:  21.33%
CPU 9 down residency:  59.62%

P1-Cluster HW active frequency: 3936 MHz
P1-Cluster HW active residency:  92.10% (1260 MHz: .46% 1512 MHz:   0% 1800 MHz: .06% 2088 MHz: .05% 2352 MHz:   0% 2616 MHz: .02% 2868 MHz:   0% 3096 MHz: .00% 3300 MHz: .00% 3468 MHz:   0% 3624 MHz: .00% 3756 MHz: 1.4% 3828 MHz:  12% 3888 MHz:  17% 3948 MHz:  26% 3996 MHz:  16% 4044 MHz:  12% 4104 MHz: 6.8% 4416 MHz: .18% 4512 MHz: .04%)
P1-Cluster idle residency:   7.90%
P1-Cluster down residency:   0.00%
CPU 10 frequency: 4274 MHz
CPU 10 active residency:  22.12% (1260 MHz:   0% 1512 MHz:   0% 1800 MHz: .01% 2088 MHz: .00% 2352 MHz:   0% 2616 MHz:   0% 2868 MHz:   0% 3096 MHz:   0% 3300 MHz:   0% 3468 MHz:   0% 3624 MHz:   0% 3756 MHz: .12% 3828 MHz: .51% 3888 MHz: 1.6% 3948 MHz: 1.2% 3996 MHz: 1.1% 4044 MHz: .45% 4104 MHz: 2.5% 4416 MHz:  14% 4512 MHz: .97%)
CPU 10 idle residency:  77.88%
CPU 10 down residency:   0.00%
CPU 11 frequency: 4136 MHz
CPU 11 active residency:  17.57% (1260 MHz: .01% 1512 MHz:   0% 1800 MHz:   0% 2088 MHz: .02% 2352 MHz:   0% 2616 MHz: .00% 2868 MHz:   0% 3096 MHz: .00% 3300 MHz: .00% 3468 MHz:   0% 3624 MHz: .00% 3756 MHz: .52% 3828 MHz: 1.2% 3888 MHz: 5.3% 3948 MHz: 1.5% 3996 MHz: .14% 4044 MHz: .01% 4104 MHz: 2.3% 4416 MHz: 1.2% 4512 MHz: 5.3%)
CPU 11 idle residency:  82.43%
CPU 11 down residency:   0.00%
CPU 12 frequency: 4149 MHz
CPU 12 active residency:  39.35% (1260 MHz: .10% 1512 MHz:   0% 1800 MHz: .03% 2088 MHz: .01% 2352 MHz:   0% 2616 MHz:   0% 2868 MHz:   0% 3096 MHz:   0% 3300 MHz:   0% 3468 MHz:   0% 3624 MHz: .00% 3756 MHz: .24% 3828 MHz: 2.5% 3888 MHz: 5.8% 3948 MHz: 1.7% 3996 MHz: 3.2% 4044 MHz: 3.4% 4104 MHz: 7.7% 4416 MHz:  11% 4512 MHz: 3.7%)
CPU 12 idle residency:  60.65%
CPU 12 down residency:   0.00%
CPU 13 frequency: 4216 MHz
CPU 13 active residency:  22.67% (1260 MHz: .01% 1512 MHz:   0% 1800 MHz:   0% 2088 MHz:   0% 2352 MHz:   0% 2616 MHz: .00% 2868 MHz:   0% 3096 MHz:   0% 3300 MHz:   0% 3468 MHz:   0% 3624 MHz:   0% 3756 MHz: .18% 3828 MHz: 3.8% 3888 MHz: 3.7% 3948 MHz: .86% 3996 MHz: .09% 4044 MHz: .07% 4104 MHz: .43% 4416 MHz: 9.5% 4512 MHz: 4.1%)
CPU 13 idle residency:  77.33%
CPU 13 down residency:   0.00%
CPU 14 frequency: 4097 MHz
CPU 14 active residency:  40.09% (1260 MHz: .08% 1512 MHz:   0% 1800 MHz: .01% 2088 MHz: .01% 2352 MHz:   0% 2616 MHz: .02% 2868 MHz:   0% 3096 MHz: .00% 3300 MHz:   0% 3468 MHz:   0% 3624 MHz:   0% 3756 MHz: .88% 3828 MHz: 5.6% 3888 MHz: 6.1% 3948 MHz: 1.8% 3996 MHz: 3.4% 4044 MHz: 3.2% 4104 MHz: 6.8% 4416 MHz: 9.4% 4512 MHz: 2.7%)
CPU 14 idle residency:  59.91%
CPU 14 down residency:   0.00%
CPU 15 frequency: 4100 MHz
CPU 15 active residency:  38.91% (1260 MHz: .06% 1512 MHz:   0% 1800 MHz: .01% 2088 MHz: .00% 2352 MHz:   0% 2616 MHz: .00% 2868 MHz:   0% 3096 MHz:   0% 3300 MHz: .00% 3468 MHz:   0% 3624 MHz:   0% 3756 MHz: .80% 3828 MHz: 5.0% 3888 MHz: 5.6% 3948 MHz: 1.9% 3996 MHz: 3.5% 4044 MHz: 3.0% 4104 MHz: 7.9% 4416 MHz: 8.1% 4512 MHz: 3.0%)
CPU 15 idle residency:  61.09%
CPU 15 down residency:   0.00%

CPU Power: 5149 mW
GPU Power: 14788 mW
ANE Power: 0 mW
Combined Power (CPU + GPU + ANE): 19937 mW

**** GPU usage ****

GPU HW active frequency: 1213 MHz
GPU HW active residency: 100.00% (338 MHz:   0% 618 MHz:   0% 796 MHz:   0% 924 MHz:   0% 952 MHz:   0% 1056 MHz: 3.4% 1062 MHz:   0% 1182 MHz:  70% 1182 MHz:   0% 1312 MHz:  27% 1242 MHz:   0% 1380 MHz:   0% 1326 MHz:   0% 1470 MHz:   0% 1578 MHz:   0%)
GPU SW requested state: (P1 :   0% P2 :   0% P3 :   0% P4 :   0% P5 :   0% P6 :   0% P7 :   0% P8 :   0% P9 :   0% P10 : 100% P11 :   0% P12 :   0% P13 :   0% P14 :   0% P15 :   0%)
GPU SW state: (SW_P1 :   0% SW_P2 :   0% SW_P3 :   0% SW_P4 :   0% SW_P5 : 3.4% SW_P6 :  70% SW_P7 :  27% SW_P8 :   0% SW_P9 :   0% SW_P10 :   0% SW_P11 :   0% SW_P12 :   0% SW_P13 :   0% SW_P14 :   0% SW_P15 :   0%)
GPU idle residency:   0.00%
GPU Power: 14791 mW



*** Sampled system activity (Tue Jan 20 15:12:11 2026 +0100) (1019.64ms elapsed) ***


**** Processor usage ****

E-Cluster Online: 100%
E-Cluster HW active frequency: 2162 MHz
E-Cluster HW active residency:  56.24% (1020 MHz: 9.0% 1404 MHz: 3.4% 1788 MHz: 6.1% 2112 MHz: 1.1% 2352 MHz: 1.9% 2532 MHz: 1.6% 2592 MHz:  33%)
E-Cluster idle residency:  43.76%
E-Cluster down residency:   0.00%
CPU 0 frequency: 2033 MHz
CPU 0 active residency:  27.21% (1020 MHz: 5.8% 1404 MHz: 2.1% 1788 MHz: 4.0% 2112 MHz: .36% 2352 MHz: 1.1% 2532 MHz: .79% 2592 MHz:  13%)
CPU 0 idle residency:  72.79%
CPU 0 down residency:   0.00%
CPU 1 frequency: 2069 MHz
CPU 1 active residency:  15.95% (1020 MHz: 3.0% 1404 MHz: 1.0% 1788 MHz: 2.5% 2112 MHz: .41% 2352 MHz: 1.0% 2532 MHz: .73% 2592 MHz: 7.3%)
CPU 1 idle residency:  84.05%
CPU 1 down residency:   0.00%
CPU 2 frequency: 2029 MHz
CPU 2 active residency:   9.48% (1020 MHz: 2.1% 1404 MHz: .52% 1788 MHz: 1.2% 2112 MHz: .51% 2352 MHz: .82% 2532 MHz: .80% 2592 MHz: 3.6%)
CPU 2 idle residency:  90.52%
CPU 2 down residency:   0.00%
CPU 3 frequency: 2009 MHz
CPU 3 active residency:   6.59% (1020 MHz: 1.3% 1404 MHz: .41% 1788 MHz: 1.4% 2112 MHz: .08% 2352 MHz: .63% 2532 MHz: .11% 2592 MHz: 2.7%)
CPU 3 idle residency:  93.41%
CPU 3 down residency:   0.00%

P0-Cluster Online: 8%
P0-Cluster HW active frequency: 2600 MHz
P0-Cluster HW active residency:   2.45% (1260 MHz: 1.2% 1512 MHz:   0% 1800 MHz: .11% 2088 MHz:   0% 2352 MHz:   0% 2616 MHz:   0% 2868 MHz:   0% 3096 MHz:   0% 3300 MHz:   0% 3468 MHz:   0% 3624 MHz:   0% 3756 MHz:   0% 3828 MHz:   0% 3888 MHz: .02% 3948 MHz: .01% 3996 MHz: .06% 4044 MHz: .89% 4104 MHz:   0% 4416 MHz: .01% 4512 MHz: .15%)
P0-Cluster idle residency:   4.79%
P0-Cluster down residency:  92.77%
CPU 4 frequency: 0 MHz
CPU 4 active residency:   0.00% (1260 MHz:   0% 1512 MHz:   0% 1800 MHz:   0% 2088 MHz:   0% 2352 MHz:   0% 2616 MHz:   0% 2868 MHz:   0% 3096 MHz:   0% 3300 MHz:   0% 3468 MHz:   0% 3624 MHz:   0% 3756 MHz:   0% 3828 MHz:   0% 3888 MHz:   0% 3948 MHz:   0% 3996 MHz:   0% 4044 MHz:   0% 4104 MHz:   0% 4416 MHz:   0% 4512 MHz:   0%)
CPU 4 idle residency:   7.03%
CPU 4 down residency:  92.97%
CPU 5 frequency: 0 MHz
CPU 5 active residency:   0.00% (1260 MHz:   0% 1512 MHz:   0% 1800 MHz:   0% 2088 MHz:   0% 2352 MHz:   0% 2616 MHz:   0% 2868 MHz:   0% 3096 MHz:   0% 3300 MHz:   0% 3468 MHz:   0% 3624 MHz:   0% 3756 MHz:   0% 3828 MHz:   0% 3888 MHz:   0% 3948 MHz:   0% 3996 MHz:   0% 4044 MHz:   0% 4104 MHz:   0% 4416 MHz:   0% 4512 MHz:   0%)
CPU 5 idle residency:   6.09%
CPU 5 down residency:  93.91%
CPU 6 frequency: 0 MHz
CPU 6 active residency:   0.00% (1260 MHz:   0% 1512 MHz:   0% 1800 MHz:   0% 2088 MHz:   0% 2352 MHz:   0% 2616 MHz:   0% 2868 MHz:   0% 3096 MHz:   0% 3300 MHz:   0% 3468 MHz:   0% 3624 MHz:   0% 3756 MHz:   0% 3828 MHz:   0% 3888 MHz:   0% 3948 MHz:   0% 3996 MHz:   0% 4044 MHz:   0% 4104 MHz:   0% 4416 MHz:   0% 4512 MHz:   0%)
CPU 6 idle residency:   7.01%
CPU 6 down residency:  92.99%
CPU 7 frequency: 0 MHz
CPU 7 active residency:   0.00% (1260 MHz:   0% 1512 MHz:   0% 1800 MHz:   0% 2088 MHz:   0% 2352 MHz:   0% 2616 MHz:   0% 2868 MHz:   0% 3096 MHz:   0% 3300 MHz:   0% 3468 MHz:   0% 3624 MHz:   0% 3756 MHz:   0% 3828 MHz:   0% 3888 MHz:   0% 3948 MHz:   0% 3996 MHz:   0% 4044 MHz:   0% 4104 MHz:   0% 4416 MHz:   0% 4512 MHz:   0%)
CPU 7 idle residency:   7.06%
CPU 7 down residency:  92.94%
CPU 8 frequency: 0 MHz
CPU 8 active residency:   0.00% (1260 MHz:   0% 1512 MHz:   0% 1800 MHz:   0% 2088 MHz:   0% 2352 MHz:   0% 2616 MHz:   0% 2868 MHz:   0% 3096 MHz:   0% 3300 MHz:   0% 3468 MHz:   0% 3624 MHz:   0% 3756 MHz:   0% 3828 MHz:   0% 3888 MHz:   0% 3948 MHz:   0% 3996 MHz:   0% 4044 MHz:   0% 4104 MHz:   0% 4416 MHz:   0% 4512 MHz:   0%)
CPU 8 idle residency:   7.03%
CPU 8 down residency:  92.97%
CPU 9 frequency: 0 MHz
CPU 9 active residency:   0.00% (1260 MHz:   0% 1512 MHz:   0% 1800 MHz:   0% 2088 MHz:   0% 2352 MHz:   0% 2616 MHz:   0% 2868 MHz:   0% 3096 MHz:   0% 3300 MHz:   0% 3468 MHz:   0% 3624 MHz:   0% 3756 MHz:   0% 3828 MHz:   0% 3888 MHz:   0% 3948 MHz:   0% 3996 MHz:   0% 4044 MHz:   0% 4104 MHz:   0% 4416 MHz:   0% 4512 MHz:   0%)
CPU 9 idle residency:   7.03%
CPU 9 down residency:  92.97%

P1-Cluster HW active frequency: 3875 MHz
P1-Cluster HW active residency:  92.83% (1260 MHz: .33% 1512 MHz: .03% 1800 MHz: .02% 2088 MHz: .04% 2352 MHz: .03% 2616 MHz: .04% 2868 MHz: .00% 3096 MHz:   0% 3300 MHz: .00% 3468 MHz:   0% 3624 MHz:   0% 3756 MHz:  13% 3828 MHz:  33% 3888 MHz:  11% 3948 MHz:  16% 3996 MHz:  11% 4044 MHz: 7.4% 4104 MHz:   0% 4416 MHz: .28% 4512 MHz: .42%)
P1-Cluster idle residency:   7.17%
P1-Cluster down residency:   0.00%
CPU 10 frequency: 4187 MHz
CPU 10 active residency:  18.75% (1260 MHz: .01% 1512 MHz:   0% 1800 MHz:   0% 2088 MHz: .01% 2352 MHz: .00% 2616 MHz:   0% 2868 MHz: .00% 3096 MHz:   0% 3300 MHz: .00% 3468 MHz:   0% 3624 MHz:   0% 3756 MHz: .15% 3828 MHz: 2.8% 3888 MHz: 1.6% 3948 MHz: 1.5% 3996 MHz: 3.3% 4044 MHz: .01% 4104 MHz: .97% 4416 MHz: 1.2% 4512 MHz: 7.3%)
CPU 10 idle residency:  81.25%
CPU 10 down residency:   0.00%
CPU 11 frequency: 4232 MHz
CPU 11 active residency:  27.55% (1260 MHz: .01% 1512 MHz:   0% 1800 MHz:   0% 2088 MHz:   0% 2352 MHz: .00% 2616 MHz: .01% 2868 MHz:   0% 3096 MHz:   0% 3300 MHz:   0% 3468 MHz:   0% 3624 MHz:   0% 3756 MHz: 1.5% 3828 MHz: 6.8% 3888 MHz: 1.1% 3948 MHz: .61% 3996 MHz: 1.0% 4044 MHz: .50% 4104 MHz: .29% 4416 MHz: .23% 4512 MHz:  16%)
CPU 11 idle residency:  72.45%
CPU 11 down residency:   0.00%
CPU 12 frequency: 4040 MHz
CPU 12 active residency:  38.91% (1260 MHz: .08% 1512 MHz: .00% 1800 MHz: .02% 2088 MHz: .01% 2352 MHz: .03% 2616 MHz:   0% 2868 MHz:   0% 3096 MHz:   0% 3300 MHz: .00% 3468 MHz:   0% 3624 MHz:   0% 3756 MHz: 5.9% 3828 MHz:  16% 3888 MHz: 2.5% 3948 MHz: .35% 3996 MHz: .49% 4044 MHz: .32% 4104 MHz: .20% 4416 MHz: .70% 4512 MHz:  12%)
CPU 12 idle residency:  61.09%
CPU 12 down residency:   0.00%
CPU 13 frequency: 4354 MHz
CPU 13 active residency:  26.37% (1260 MHz:   0% 1512 MHz:   0% 1800 MHz:   0% 2088 MHz: .00% 2352 MHz: .00% 2616 MHz: .03% 2868 MHz:   0% 3096 MHz:   0% 3300 MHz:   0% 3468 MHz:   0% 3624 MHz:   0% 3756 MHz: .00% 3828 MHz: 1.3% 3888 MHz: 3.8% 3948 MHz: .39% 3996 MHz: .71% 4044 MHz: .53% 4104 MHz:   0% 4416 MHz: .18% 4512 MHz:  19%)
CPU 13 idle residency:  73.63%
CPU 13 down residency:   0.00%
CPU 14 frequency: 4079 MHz
CPU 14 active residency:  35.04% (1260 MHz: .04% 1512 MHz:   0% 1800 MHz: .03% 2088 MHz: .01% 2352 MHz: .03% 2616 MHz: .02% 2868 MHz: .00% 3096 MHz:   0% 3300 MHz:   0% 3468 MHz:   0% 3624 MHz:   0% 3756 MHz: 5.0% 3828 MHz:  12% 3888 MHz: 3.2% 3948 MHz: .33% 3996 MHz: .97% 4044 MHz:   0% 4104 MHz: .13% 4416 MHz: .75% 4512 MHz:  12%)
CPU 14 idle residency:  64.96%
CPU 14 down residency:   0.00%
CPU 15 frequency: 4013 MHz
CPU 15 active residency:  40.66% (1260 MHz: .04% 1512 MHz: .03% 1800 MHz: .02% 2088 MHz: .02% 2352 MHz: .03% 2616 MHz: .01% 2868 MHz:   0% 3096 MHz:   0% 3300 MHz:   0% 3468 MHz:   0% 3624 MHz:   0% 3756 MHz: 7.2% 3828 MHz:  17% 3888 MHz: 3.0% 3948 MHz: .57% 3996 MHz: .94% 4044 MHz: .27% 4104 MHz: .02% 4416 MHz: .49% 4512 MHz:  11%)
CPU 15 idle residency:  59.34%
CPU 15 down residency:   0.00%

CPU Power: 4890 mW
GPU Power: 15102 mW
ANE Power: 0 mW
Combined Power (CPU + GPU + ANE): 19992 mW

**** GPU usage ****

GPU HW active frequency: 1219 MHz
GPU HW active residency: 100.00% (338 MHz:   0% 618 MHz:   0% 796 MHz:   0% 924 MHz:   0% 952 MHz:   0% 1056 MHz: 2.1% 1062 MHz:   0% 1182 MHz:  67% 1182 MHz:   0% 1312 MHz:  31% 1242 MHz:   0% 1380 MHz:   0% 1326 MHz:   0% 1470 MHz:   0% 1578 MHz:   0%)
GPU SW requested state: (P1 :   0% P2 :   0% P3 :   0% P4 :   0% P5 :   0% P6 :   0% P7 :   0% P8 :   0% P9 :   0% P10 : 100% P11 :   0% P12 :   0% P13 :   0% P14 :   0% P15 :   0%)
GPU SW state: (SW_P1 :   0% SW_P2 :   0% SW_P3 :   0% SW_P4 :   0% SW_P5 : 2.1% SW_P6 :  67% SW_P7 :  31% SW_P8 :   0% SW_P9 :   0% SW_P10 :   0% SW_P11 :   0% SW_P12 :   0% SW_P13 :   0% SW_P14 :   0% SW_P15 :   0%)
GPU idle residency:   0.00%
GPU Power: 14970 mW



*** Sampled system activity (Tue Jan 20 15:12:12 2026 +0100) (1019.74ms elapsed) ***


**** Processor usage ****

E-Cluster Online: 100%
E-Cluster HW active frequency: 2350 MHz
E-Cluster HW active residency:  52.36% (1020 MHz: 5.1% 1404 MHz: 2.1% 1788 MHz: 2.0% 2112 MHz: .82% 2352 MHz: .65% 2532 MHz: 1.0% 2592 MHz:  41%)
E-Cluster idle residency:  47.64%
E-Cluster down residency:   0.00%
CPU 0 frequency: 2330 MHz
CPU 0 active residency:  22.23% (1020 MHz: 2.1% 1404 MHz: 1.1% 1788 MHz: 1.2% 2112 MHz: .24% 2352 MHz: .33% 2532 MHz: .46% 2592 MHz:  17%)
CPU 0 idle residency:  77.77%
CPU 0 down residency:   0.00%
CPU 1 frequency: 2307 MHz
CPU 1 active residency:  14.95% (1020 MHz: 1.7% 1404 MHz: .59% 1788 MHz: .71% 2112 MHz: .41% 2352 MHz: .23% 2532 MHz: .10% 2592 MHz:  11%)
CPU 1 idle residency:  85.05%
CPU 1 down residency:   0.00%
CPU 2 frequency: 2316 MHz
CPU 2 active residency:   6.60% (1020 MHz: .68% 1404 MHz: .32% 1788 MHz: .39% 2112 MHz: .10% 2352 MHz: .07% 2532 MHz: .09% 2592 MHz: 5.0%)
CPU 2 idle residency:  93.40%
CPU 2 down residency:   0.00%
CPU 3 frequency: 2372 MHz
CPU 3 active residency:   4.69% (1020 MHz: .45% 1404 MHz: .12% 1788 MHz: .12% 2112 MHz: .09% 2352 MHz: .03% 2532 MHz: .49% 2592 MHz: 3.4%)
CPU 3 idle residency:  95.31%
CPU 3 down residency:   0.00%

P0-Cluster Online: 66%
P0-Cluster HW active frequency: 3924 MHz
P0-Cluster HW active residency:  60.14% (1260 MHz: .39% 1512 MHz: .02% 1800 MHz:   0% 2088 MHz: .02% 2352 MHz:   0% 2616 MHz: .04% 2868 MHz:   0% 3096 MHz:   0% 3300 MHz:   0% 3468 MHz:   0% 3624 MHz:   0% 3756 MHz: 1.8% 3828 MHz: 9.0% 3888 MHz: 6.4% 3948 MHz:  24% 3996 MHz:  10% 4044 MHz: 7.3% 4104 MHz: .13% 4416 MHz: .30% 4512 MHz: .39%)
P0-Cluster idle residency:   5.34%
P0-Cluster down residency:  34.52%
CPU 4 frequency: 4480 MHz
CPU 4 active residency:  19.61% (1260 MHz: .16% 1512 MHz:   0% 1800 MHz: .00% 2088 MHz:   0% 2352 MHz:   0% 2616 MHz:   0% 2868 MHz:   0% 3096 MHz:   0% 3300 MHz:   0% 3468 MHz:   0% 3624 MHz:   0% 3756 MHz:   0% 3828 MHz:   0% 3888 MHz: .00% 3948 MHz:   0% 3996 MHz: .02% 4044 MHz: .01% 4104 MHz: .07% 4416 MHz: .74% 4512 MHz:  19%)
CPU 4 idle residency:  45.85%
CPU 4 down residency:  34.54%
CPU 5 frequency: 4453 MHz
CPU 5 active residency:  14.58% (1260 MHz: .18% 1512 MHz:   0% 1800 MHz: .03% 2088 MHz:   0% 2352 MHz:   0% 2616 MHz:   0% 2868 MHz:   0% 3096 MHz:   0% 3300 MHz:   0% 3468 MHz:   0% 3624 MHz:   0% 3756 MHz:   0% 3828 MHz:   0% 3888 MHz: .01% 3948 MHz:   0% 3996 MHz: .02% 4044 MHz: .02% 4104 MHz: .14% 4416 MHz: 1.2% 4512 MHz:  13%)
CPU 5 idle residency:  47.20%
CPU 5 down residency:  38.22%
CPU 6 frequency: 4461 MHz
CPU 6 active residency:  17.42% (1260 MHz: .15% 1512 MHz:   0% 1800 MHz: .03% 2088 MHz:   0% 2352 MHz:   0% 2616 MHz:   0% 2868 MHz:   0% 3096 MHz:   0% 3300 MHz:   0% 3468 MHz:   0% 3624 MHz:   0% 3756 MHz:   0% 3828 MHz:   0% 3888 MHz: .00% 3948 MHz:   0% 3996 MHz: .02% 4044 MHz: .02% 4104 MHz: .37% 4416 MHz: 1.5% 4512 MHz:  15%)
CPU 6 idle residency:  48.08%
CPU 6 down residency:  34.50%
CPU 7 frequency: 4457 MHz
CPU 7 active residency:  10.49% (1260 MHz: .17% 1512 MHz:   0% 1800 MHz:   0% 2088 MHz:   0% 2352 MHz:   0% 2616 MHz:   0% 2868 MHz:   0% 3096 MHz:   0% 3300 MHz:   0% 3468 MHz:   0% 3624 MHz:   0% 3756 MHz:   0% 3828 MHz:   0% 3888 MHz:   0% 3948 MHz:   0% 3996 MHz: .02% 4044 MHz: .01% 4104 MHz:   0% 4416 MHz: .00% 4512 MHz:  10%)
CPU 7 idle residency:  49.98%
CPU 7 down residency:  39.53%
CPU 8 frequency: 4462 MHz
CPU 8 active residency:  14.29% (1260 MHz: .17% 1512 MHz:   0% 1800 MHz: .01% 2088 MHz:   0% 2352 MHz:   0% 2616 MHz:   0% 2868 MHz:   0% 3096 MHz:   0% 3300 MHz:   0% 3468 MHz:   0% 3624 MHz:   0% 3756 MHz:   0% 3828 MHz:   0% 3888 MHz:   0% 3948 MHz:   0% 3996 MHz: .02% 4044 MHz: .02% 4104 MHz: .04% 4416 MHz: 1.0% 4512 MHz:  13%)
CPU 8 idle residency:  47.37%
CPU 8 down residency:  38.33%
CPU 9 frequency: 4459 MHz
CPU 9 active residency:  12.81% (1260 MHz: .17% 1512 MHz:   0% 1800 MHz: .01% 2088 MHz:   0% 2352 MHz:   0% 2616 MHz:   0% 2868 MHz:   0% 3096 MHz:   0% 3300 MHz:   0% 3468 MHz:   0% 3624 MHz:   0% 3756 MHz:   0% 3828 MHz:   0% 3888 MHz:   0% 3948 MHz:   0% 3996 MHz: .02% 4044 MHz: .02% 4104 MHz: .04% 4416 MHz: .81% 4512 MHz:  12%)
CPU 9 idle residency:  49.39%
CPU 9 down residency:  37.81%

P1-Cluster HW active frequency: 3765 MHz
P1-Cluster HW active residency:  33.07% (1260 MHz: .46% 1512 MHz: .04% 1800 MHz: .00% 2088 MHz:   0% 2352 MHz: .00% 2616 MHz:   0% 2868 MHz: .01% 3096 MHz:   0% 3300 MHz: .00% 3468 MHz: .00% 3624 MHz: .89% 3756 MHz:  11% 3828 MHz:  18% 3888 MHz: 2.3% 3948 MHz: .38% 3996 MHz: .00% 4044 MHz: .01% 4104 MHz: .02% 4416 MHz:   0% 4512 MHz:   0%)
P1-Cluster idle residency:   4.12%
P1-Cluster down residency:  62.81%
CPU 10 frequency: 3780 MHz
CPU 10 active residency:  19.31% (1260 MHz: .08% 1512 MHz:   0% 1800 MHz: .00% 2088 MHz:   0% 2352 MHz: .00% 2616 MHz:   0% 2868 MHz: .00% 3096 MHz:   0% 3300 MHz: .00% 3468 MHz:   0% 3624 MHz: .89% 3756 MHz: 7.6% 3828 MHz:  10% 3888 MHz: .40% 3948 MHz: .04% 3996 MHz:   0% 4044 MHz:   0% 4104 MHz: .01% 4416 MHz:   0% 4512 MHz:   0%)
CPU 10 idle residency:  17.87%
CPU 10 down residency:  62.82%
CPU 11 frequency: 3783 MHz
CPU 11 active residency:  17.73% (1260 MHz: .08% 1512 MHz: .04% 1800 MHz:   0% 2088 MHz:   0% 2352 MHz:   0% 2616 MHz:   0% 2868 MHz:   0% 3096 MHz:   0% 3300 MHz:   0% 3468 MHz:   0% 3624 MHz: .51% 3756 MHz: 6.2% 3828 MHz:  10% 3888 MHz: .61% 3948 MHz: .08% 3996 MHz:   0% 4044 MHz:   0% 4104 MHz: .01% 4416 MHz:   0% 4512 MHz:   0%)
CPU 11 idle residency:  19.45%
CPU 11 down residency:  62.82%
CPU 12 frequency: 3785 MHz
CPU 12 active residency:  17.17% (1260 MHz: .08% 1512 MHz: .00% 1800 MHz: .00% 2088 MHz:   0% 2352 MHz:   0% 2616 MHz:   0% 2868 MHz: .00% 3096 MHz:   0% 3300 MHz:   0% 3468 MHz: .00% 3624 MHz: .49% 3756 MHz: 6.7% 3828 MHz: 9.2% 3888 MHz: .43% 3948 MHz: .24% 3996 MHz:   0% 4044 MHz:   0% 4104 MHz: .01% 4416 MHz:   0% 4512 MHz:   0%)
CPU 12 idle residency:  20.00%
CPU 12 down residency:  62.82%
CPU 13 frequency: 3827 MHz
CPU 13 active residency:   4.13% (1260 MHz: .04% 1512 MHz:   0% 1800 MHz:   0% 2088 MHz:   0% 2352 MHz: .00% 2616 MHz:   0% 2868 MHz: .00% 3096 MHz:   0% 3300 MHz: .00% 3468 MHz: .00% 3624 MHz: .13% 3756 MHz: .53% 3828 MHz: .78% 3888 MHz: 2.2% 3948 MHz: .38% 3996 MHz:   0% 4044 MHz:   0% 4104 MHz: .01% 4416 MHz:   0% 4512 MHz:   0%)
CPU 13 idle residency:  33.05%
CPU 13 down residency:  62.82%
CPU 14 frequency: 3736 MHz
CPU 14 active residency:   1.57% (1260 MHz: .04% 1512 MHz:   0% 1800 MHz:   0% 2088 MHz:   0% 2352 MHz:   0% 2616 MHz:   0% 2868 MHz:   0% 3096 MHz:   0% 3300 MHz:   0% 3468 MHz:   0% 3624 MHz: .00% 3756 MHz: .66% 3828 MHz: .65% 3888 MHz: .20% 3948 MHz: .00% 3996 MHz:   0% 4044 MHz:   0% 4104 MHz: .01% 4416 MHz:   0% 4512 MHz:   0%)
CPU 14 idle residency:  35.61%
CPU 14 down residency:  62.82%
CPU 15 frequency: 3791 MHz
CPU 15 active residency:   1.66% (1260 MHz: .04% 1512 MHz:   0% 1800 MHz:   0% 2088 MHz:   0% 2352 MHz:   0% 2616 MHz:   0% 2868 MHz: .00% 3096 MHz:   0% 3300 MHz:   0% 3468 MHz:   0% 3624 MHz:   0% 3756 MHz: .22% 3828 MHz: .29% 3888 MHz: 1.1% 3948 MHz:   0% 3996 MHz:   0% 4044 MHz:   0% 4104 MHz: .01% 4416 MHz:   0% 4512 MHz:   0%)
CPU 15 idle residency:  35.52%
CPU 15 down residency:  62.82%

CPU Power: 4645 mW
GPU Power: 15120 mW
ANE Power: 0 mW
Combined Power (CPU + GPU + ANE): 19765 mW

**** GPU usage ****

GPU HW active frequency: 1226 MHz
GPU HW active residency: 100.00% (338 MHz:   0% 618 MHz:   0% 796 MHz:   0% 924 MHz:   0% 952 MHz:   0% 1056 MHz: 1.2% 1062 MHz:   0% 1182 MHz:  64% 1182 MHz:   0% 1312 MHz:  35% 1242 MHz:   0% 1380 MHz:   0% 1326 MHz:   0% 1470 MHz:   0% 1578 MHz:   0%)
GPU SW requested state: (P1 :   0% P2 :   0% P3 :   0% P4 :   0% P5 :   0% P6 :   0% P7 :   0% P8 :   0% P9 :   0% P10 : 100% P11 :   0% P12 :   0% P13 :   0% P14 :   0% P15 :   0%)
GPU SW state: (SW_P1 :   0% SW_P2 :   0% SW_P3 :   0% SW_P4 :   0% SW_P5 : 1.2% SW_P6 :  64% SW_P7 :  35% SW_P8 :   0% SW_P9 :   0% SW_P10 :   0% SW_P11 :   0% SW_P12 :   0% SW_P13 :   0% SW_P14 :   0% SW_P15 :   0%)
GPU idle residency:   0.00%
GPU Power: 15253 mW



*** Sampled system activity (Tue Jan 20 15:12:13 2026 +0100) (1019.94ms elapsed) ***


**** Processor usage ****

E-Cluster Online: 100%
E-Cluster HW active frequency: 2361 MHz
E-Cluster HW active residency:  52.03% (1020 MHz: 4.9% 1404 MHz: 2.0% 1788 MHz: 1.2% 2112 MHz: 1.3% 2352 MHz: .75% 2532 MHz: .50% 2592 MHz:  41%)
E-Cluster idle residency:  47.97%
E-Cluster down residency:   0.00%
CPU 0 frequency: 2346 MHz
CPU 0 active residency:  24.11% (1020 MHz: 2.7% 1404 MHz: .84% 1788 MHz: .48% 2112 MHz: .46% 2352 MHz: .27% 2532 MHz: .18% 2592 MHz:  19%)
CPU 0 idle residency:  75.89%
CPU 0 down residency:   0.00%
CPU 1 frequency: 2283 MHz
CPU 1 active residency:  12.83% (1020 MHz: 1.8% 1404 MHz: .76% 1788 MHz: .15% 2112 MHz: .12% 2352 MHz: .23% 2532 MHz: .22% 2592 MHz: 9.6%)
CPU 1 idle residency:  87.17%
CPU 1 down residency:   0.00%
CPU 2 frequency: 2380 MHz
CPU 2 active residency:   7.81% (1020 MHz: .72% 1404 MHz: .30% 1788 MHz: .11% 2112 MHz: .11% 2352 MHz: .10% 2532 MHz: .03% 2592 MHz: 6.4%)
CPU 2 idle residency:  92.19%
CPU 2 down residency:   0.00%
CPU 3 frequency: 2291 MHz
CPU 3 active residency:   4.54% (1020 MHz: .57% 1404 MHz: .32% 1788 MHz: .06% 2112 MHz: .03% 2352 MHz: .09% 2532 MHz: .00% 2592 MHz: 3.5%)
CPU 3 idle residency:  95.46%
CPU 3 down residency:   0.00%

P0-Cluster Online: 1%
P0-Cluster HW active frequency: 3161 MHz
P0-Cluster HW active residency:   0.65% (1260 MHz: .14% 1512 MHz:   0% 1800 MHz: .06% 2088 MHz:   0% 2352 MHz:   0% 2616 MHz:   0% 2868 MHz:   0% 3096 MHz:   0% 3300 MHz:   0% 3468 MHz:   0% 3624 MHz:   0% 3756 MHz:   0% 3828 MHz:   0% 3888 MHz: .18% 3948 MHz: .27% 3996 MHz:   0% 4044 MHz:   0% 4104 MHz:   0% 4416 MHz:   0% 4512 MHz:   0%)
P0-Cluster idle residency:   0.13%
P0-Cluster down residency:  99.22%
CPU 4 frequency: 0 MHz
CPU 4 active residency:   0.00% (1260 MHz:   0% 1512 MHz:   0% 1800 MHz:   0% 2088 MHz:   0% 2352 MHz:   0% 2616 MHz:   0% 2868 MHz:   0% 3096 MHz:   0% 3300 MHz:   0% 3468 MHz:   0% 3624 MHz:   0% 3756 MHz:   0% 3828 MHz:   0% 3888 MHz:   0% 3948 MHz:   0% 3996 MHz:   0% 4044 MHz:   0% 4104 MHz:   0% 4416 MHz:   0% 4512 MHz:   0%)
CPU 4 idle residency:   0.70%
CPU 4 down residency:  99.30%
CPU 5 frequency: 0 MHz
CPU 5 active residency:   0.00% (1260 MHz:   0% 1512 MHz:   0% 1800 MHz:   0% 2088 MHz:   0% 2352 MHz:   0% 2616 MHz:   0% 2868 MHz:   0% 3096 MHz:   0% 3300 MHz:   0% 3468 MHz:   0% 3624 MHz:   0% 3756 MHz:   0% 3828 MHz:   0% 3888 MHz:   0% 3948 MHz:   0% 3996 MHz:   0% 4044 MHz:   0% 4104 MHz:   0% 4416 MHz:   0% 4512 MHz:   0%)
CPU 5 idle residency:   0.39%
CPU 5 down residency:  99.61%
CPU 6 frequency: 0 MHz
CPU 6 active residency:   0.00% (1260 MHz:   0% 1512 MHz:   0% 1800 MHz:   0% 2088 MHz:   0% 2352 MHz:   0% 2616 MHz:   0% 2868 MHz:   0% 3096 MHz:   0% 3300 MHz:   0% 3468 MHz:   0% 3624 MHz:   0% 3756 MHz:   0% 3828 MHz:   0% 3888 MHz:   0% 3948 MHz:   0% 3996 MHz:   0% 4044 MHz:   0% 4104 MHz:   0% 4416 MHz:   0% 4512 MHz:   0%)
CPU 6 idle residency:   0.72%
CPU 6 down residency:  99.28%
CPU 7 frequency: 0 MHz
CPU 7 active residency:   0.00% (1260 MHz:   0% 1512 MHz:   0% 1800 MHz:   0% 2088 MHz:   0% 2352 MHz:   0% 2616 MHz:   0% 2868 MHz:   0% 3096 MHz:   0% 3300 MHz:   0% 3468 MHz:   0% 3624 MHz:   0% 3756 MHz:   0% 3828 MHz:   0% 3888 MHz:   0% 3948 MHz:   0% 3996 MHz:   0% 4044 MHz:   0% 4104 MHz:   0% 4416 MHz:   0% 4512 MHz:   0%)
CPU 7 idle residency:   0.64%
CPU 7 down residency:  99.36%
CPU 8 frequency: 0 MHz
CPU 8 active residency:   0.00% (1260 MHz:   0% 1512 MHz:   0% 1800 MHz:   0% 2088 MHz:   0% 2352 MHz:   0% 2616 MHz:   0% 2868 MHz:   0% 3096 MHz:   0% 3300 MHz:   0% 3468 MHz:   0% 3624 MHz:   0% 3756 MHz:   0% 3828 MHz:   0% 3888 MHz:   0% 3948 MHz:   0% 3996 MHz:   0% 4044 MHz:   0% 4104 MHz:   0% 4416 MHz:   0% 4512 MHz:   0%)
CPU 8 idle residency:   0.69%
CPU 8 down residency:  99.31%
CPU 9 frequency: 0 MHz
CPU 9 active residency:   0.00% (1260 MHz:   0% 1512 MHz:   0% 1800 MHz:   0% 2088 MHz:   0% 2352 MHz:   0% 2616 MHz:   0% 2868 MHz:   0% 3096 MHz:   0% 3300 MHz:   0% 3468 MHz:   0% 3624 MHz:   0% 3756 MHz:   0% 3828 MHz:   0% 3888 MHz:   0% 3948 MHz:   0% 3996 MHz:   0% 4044 MHz:   0% 4104 MHz:   0% 4416 MHz:   0% 4512 MHz:   0%)
CPU 9 idle residency:   0.73%
CPU 9 down residency:  99.27%

P1-Cluster HW active frequency: 3900 MHz
P1-Cluster HW active residency:  92.01% (1260 MHz: .49% 1512 MHz:   0% 1800 MHz: .02% 2088 MHz: .02% 2352 MHz: .00% 2616 MHz: .01% 2868 MHz:   0% 3096 MHz: .00% 3300 MHz:   0% 3468 MHz:   0% 3624 MHz: .02% 3756 MHz: 8.9% 3828 MHz:  18% 3888 MHz:  13% 3948 MHz:  34% 3996 MHz: 9.5% 4044 MHz: 8.1% 4104 MHz:   0% 4416 MHz: .32% 4512 MHz: .46%)
P1-Cluster idle residency:   7.99%
P1-Cluster down residency:   0.00%
CPU 10 frequency: 4299 MHz
CPU 10 active residency:  14.92% (1260 MHz:   0% 1512 MHz:   0% 1800 MHz:   0% 2088 MHz:   0% 2352 MHz:   0% 2616 MHz:   0% 2868 MHz:   0% 3096 MHz:   0% 3300 MHz:   0% 3468 MHz:   0% 3624 MHz:   0% 3756 MHz: .16% 3828 MHz: 1.2% 3888 MHz: .82% 3948 MHz: 2.8% 3996 MHz:   0% 4044 MHz:   0% 4104 MHz: .39% 4416 MHz: .38% 4512 MHz: 9.2%)
CPU 10 idle residency:  85.08%
CPU 10 down residency:   0.00%
CPU 11 frequency: 4000 MHz
CPU 11 active residency:  39.67% (1260 MHz: .09% 1512 MHz:   0% 1800 MHz: .02% 2088 MHz: .02% 2352 MHz: .00% 2616 MHz: .01% 2868 MHz:   0% 3096 MHz: .00% 3300 MHz:   0% 3468 MHz:   0% 3624 MHz: .02% 3756 MHz: 4.8% 3828 MHz:  11% 3888 MHz: 5.8% 3948 MHz: 9.5% 3996 MHz:   0% 4044 MHz:   0% 4104 MHz: .01% 4416 MHz:   0% 4512 MHz: 8.8%)
CPU 11 idle residency:  60.33%
CPU 11 down residency:   0.00%
CPU 12 frequency: 4102 MHz
CPU 12 active residency:  39.09% (1260 MHz: .11% 1512 MHz:   0% 1800 MHz:   0% 2088 MHz:   0% 2352 MHz:   0% 2616 MHz:   0% 2868 MHz:   0% 3096 MHz:   0% 3300 MHz:   0% 3468 MHz:   0% 3624 MHz:   0% 3756 MHz: 3.7% 3828 MHz: 7.2% 3888 MHz: 4.5% 3948 MHz: 9.0% 3996 MHz: .07% 4044 MHz:   0% 4104 MHz: .04% 4416 MHz: .36% 4512 MHz:  14%)
CPU 12 idle residency:  60.91%
CPU 12 down residency:   0.00%
CPU 13 frequency: 4448 MHz
CPU 13 active residency:  22.32% (1260 MHz:   0% 1512 MHz:   0% 1800 MHz:   0% 2088 MHz:   0% 2352 MHz:   0% 2616 MHz: .00% 2868 MHz:   0% 3096 MHz: .00% 3300 MHz:   0% 3468 MHz:   0% 3624 MHz:   0% 3756 MHz: .00% 3828 MHz: 1.4% 3888 MHz: .33% 3948 MHz: .20% 3996 MHz:   0% 4044 MHz:   0% 4104 MHz: .32% 4416 MHz: .37% 4512 MHz:  20%)
CPU 13 idle residency:  77.68%
CPU 13 down residency:   0.00%
CPU 14 frequency: 4116 MHz
CPU 14 active residency:  33.00% (1260 MHz: .04% 1512 MHz:   0% 1800 MHz: .00% 2088 MHz: .00% 2352 MHz:   0% 2616 MHz:   0% 2868 MHz:   0% 3096 MHz:   0% 3300 MHz:   0% 3468 MHz:   0% 3624 MHz:   0% 3756 MHz: 2.6% 3828 MHz: 5.6% 3888 MHz: 3.3% 3948 MHz: 8.6% 3996 MHz: .10% 4044 MHz:   0% 4104 MHz: .39% 4416 MHz: .34% 4512 MHz:  12%)
CPU 14 idle residency:  67.00%
CPU 14 down residency:   0.00%
CPU 15 frequency: 4195 MHz
CPU 15 active residency:  27.29% (1260 MHz: .02% 1512 MHz:   0% 1800 MHz:   0% 2088 MHz:   0% 2352 MHz: .01% 2616 MHz:   0% 2868 MHz:   0% 3096 MHz:   0% 3300 MHz:   0% 3468 MHz:   0% 3624 MHz: .00% 3756 MHz: 1.4% 3828 MHz: 4.5% 3888 MHz: 3.8% 3948 MHz: 3.5% 3996 MHz: .11% 4044 MHz:   0% 4104 MHz: .11% 4416 MHz: .34% 4512 MHz:  14%)
CPU 15 idle residency:  72.71%
CPU 15 down residency:   0.00%

CPU Power: 4637 mW
GPU Power: 15366 mW
ANE Power: 0 mW
Combined Power (CPU + GPU + ANE): 20002 mW

**** GPU usage ****

GPU HW active frequency: 1232 MHz
GPU HW active residency: 100.00% (338 MHz:   0% 618 MHz:   0% 796 MHz:   0% 924 MHz:   0% 952 MHz:   0% 1056 MHz: .65% 1062 MHz:   0% 1182 MHz:  60% 1182 MHz:   0% 1312 MHz:  39% 1242 MHz:   0% 1380 MHz:   0% 1326 MHz:   0% 1470 MHz:   0% 1578 MHz:   0%)
GPU SW requested state: (P1 :   0% P2 :   0% P3 :   0% P4 :   0% P5 :   0% P6 :   0% P7 :   0% P8 :   0% P9 :   0% P10 : 100% P11 :   0% P12 :   0% P13 :   0% P14 :   0% P15 :   0%)
GPU SW state: (SW_P1 :   0% SW_P2 :   0% SW_P3 :   0% SW_P4 :   0% SW_P5 : .65% SW_P6 :  60% SW_P7 :  39% SW_P8 :   0% SW_P9 :   0% SW_P10 :   0% SW_P11 :   0% SW_P12 :   0% SW_P13 :   0% SW_P14 :   0% SW_P15 :   0%)
GPU idle residency:   0.00%
GPU Power: 15232 mW



*** Sampled system activity (Tue Jan 20 15:12:14 2026 +0100) (1020.80ms elapsed) ***


**** Processor usage ****

E-Cluster Online: 100%
E-Cluster HW active frequency: 1707 MHz
E-Cluster HW active residency:  58.21% (1020 MHz:  21% 1404 MHz: 9.5% 1788 MHz: 6.4% 2112 MHz: 2.3% 2352 MHz: 1.1% 2532 MHz: 2.2% 2592 MHz:  15%)
E-Cluster idle residency:  41.79%
E-Cluster down residency:   0.00%
CPU 0 frequency: 1701 MHz
CPU 0 active residency:  27.30% (1020 MHz:  10% 1404 MHz: 4.1% 1788 MHz: 2.9% 2112 MHz: 1.1% 2352 MHz: .72% 2532 MHz: 1.2% 2592 MHz: 6.8%)
CPU 0 idle residency:  72.70%
CPU 0 down residency:   0.00%
CPU 1 frequency: 1628 MHz
CPU 1 active residency:  17.75% (1020 MHz: 7.3% 1404 MHz: 3.3% 1788 MHz: 1.5% 2112 MHz: .68% 2352 MHz: .15% 2532 MHz: .80% 2592 MHz: 3.9%)
CPU 1 idle residency:  82.25%
CPU 1 down residency:   0.00%
CPU 2 frequency: 1617 MHz
CPU 2 active residency:  12.85% (1020 MHz: 5.4% 1404 MHz: 2.1% 1788 MHz: 1.8% 2112 MHz: .20% 2352 MHz: .07% 2532 MHz: .23% 2592 MHz: 3.1%)
CPU 2 idle residency:  87.15%
CPU 2 down residency:   0.00%
CPU 3 frequency: 1757 MHz
CPU 3 active residency:   7.05% (1020 MHz: 2.7% 1404 MHz: .98% 1788 MHz: .51% 2112 MHz: .19% 2352 MHz: .04% 2532 MHz: .13% 2592 MHz: 2.5%)
CPU 3 idle residency:  92.95%
CPU 3 down residency:   0.00%

P0-Cluster Online: 1%
P0-Cluster HW active frequency: 1260 MHz
P0-Cluster HW active residency:   0.10% (1260 MHz: .10% 1512 MHz:   0% 1800 MHz:   0% 2088 MHz:   0% 2352 MHz:   0% 2616 MHz:   0% 2868 MHz:   0% 3096 MHz:   0% 3300 MHz:   0% 3468 MHz:   0% 3624 MHz:   0% 3756 MHz:   0% 3828 MHz:   0% 3888 MHz:   0% 3948 MHz:   0% 3996 MHz:   0% 4044 MHz:   0% 4104 MHz:   0% 4416 MHz:   0% 4512 MHz:   0%)
P0-Cluster idle residency:   0.52%
P0-Cluster down residency:  99.38%
CPU 4 frequency: 0 MHz
CPU 4 active residency:   0.00% (1260 MHz:   0% 1512 MHz:   0% 1800 MHz:   0% 2088 MHz:   0% 2352 MHz:   0% 2616 MHz:   0% 2868 MHz:   0% 3096 MHz:   0% 3300 MHz:   0% 3468 MHz:   0% 3624 MHz:   0% 3756 MHz:   0% 3828 MHz:   0% 3888 MHz:   0% 3948 MHz:   0% 3996 MHz:   0% 4044 MHz:   0% 4104 MHz:   0% 4416 MHz:   0% 4512 MHz:   0%)
CPU 4 idle residency:   0.58%
CPU 4 down residency:  99.42%
CPU 5 frequency: 0 MHz
CPU 5 active residency:   0.00% (1260 MHz:   0% 1512 MHz:   0% 1800 MHz:   0% 2088 MHz:   0% 2352 MHz:   0% 2616 MHz:   0% 2868 MHz:   0% 3096 MHz:   0% 3300 MHz:   0% 3468 MHz:   0% 3624 MHz:   0% 3756 MHz:   0% 3828 MHz:   0% 3888 MHz:   0% 3948 MHz:   0% 3996 MHz:   0% 4044 MHz:   0% 4104 MHz:   0% 4416 MHz:   0% 4512 MHz:   0%)
CPU 5 idle residency:   0.58%
CPU 5 down residency:  99.42%
CPU 6 frequency: 0 MHz
CPU 6 active residency:   0.00% (1260 MHz:   0% 1512 MHz:   0% 1800 MHz:   0% 2088 MHz:   0% 2352 MHz:   0% 2616 MHz:   0% 2868 MHz:   0% 3096 MHz:   0% 3300 MHz:   0% 3468 MHz:   0% 3624 MHz:   0% 3756 MHz:   0% 3828 MHz:   0% 3888 MHz:   0% 3948 MHz:   0% 3996 MHz:   0% 4044 MHz:   0% 4104 MHz:   0% 4416 MHz:   0% 4512 MHz:   0%)
CPU 6 idle residency:   0.58%
CPU 6 down residency:  99.42%
CPU 7 frequency: 0 MHz
CPU 7 active residency:   0.00% (1260 MHz:   0% 1512 MHz:   0% 1800 MHz:   0% 2088 MHz:   0% 2352 MHz:   0% 2616 MHz:   0% 2868 MHz:   0% 3096 MHz:   0% 3300 MHz:   0% 3468 MHz:   0% 3624 MHz:   0% 3756 MHz:   0% 3828 MHz:   0% 3888 MHz:   0% 3948 MHz:   0% 3996 MHz:   0% 4044 MHz:   0% 4104 MHz:   0% 4416 MHz:   0% 4512 MHz:   0%)
CPU 7 idle residency:   0.58%
CPU 7 down residency:  99.42%
CPU 8 frequency: 0 MHz
CPU 8 active residency:   0.00% (1260 MHz:   0% 1512 MHz:   0% 1800 MHz:   0% 2088 MHz:   0% 2352 MHz:   0% 2616 MHz:   0% 2868 MHz:   0% 3096 MHz:   0% 3300 MHz:   0% 3468 MHz:   0% 3624 MHz:   0% 3756 MHz:   0% 3828 MHz:   0% 3888 MHz:   0% 3948 MHz:   0% 3996 MHz:   0% 4044 MHz:   0% 4104 MHz:   0% 4416 MHz:   0% 4512 MHz:   0%)
CPU 8 idle residency:   0.58%
CPU 8 down residency:  99.42%
CPU 9 frequency: 0 MHz
CPU 9 active residency:   0.00% (1260 MHz:   0% 1512 MHz:   0% 1800 MHz:   0% 2088 MHz:   0% 2352 MHz:   0% 2616 MHz:   0% 2868 MHz:   0% 3096 MHz:   0% 3300 MHz:   0% 3468 MHz:   0% 3624 MHz:   0% 3756 MHz:   0% 3828 MHz:   0% 3888 MHz:   0% 3948 MHz:   0% 3996 MHz:   0% 4044 MHz:   0% 4104 MHz:   0% 4416 MHz:   0% 4512 MHz:   0%)
CPU 9 idle residency:   0.58%
CPU 9 down residency:  99.42%

P1-Cluster HW active frequency: 3821 MHz
P1-Cluster HW active residency:  92.32% (1260 MHz: .40% 1512 MHz: .03% 1800 MHz: .06% 2088 MHz: .03% 2352 MHz:   0% 2616 MHz: .03% 2868 MHz:   0% 3096 MHz: .03% 3300 MHz:   0% 3468 MHz:   0% 3624 MHz: 3.8% 3756 MHz:  51% 3828 MHz: 2.2% 3888 MHz: 1.2% 3948 MHz:  18% 3996 MHz:  10% 4044 MHz: 5.0% 4104 MHz:   0% 4416 MHz:   0% 4512 MHz:   0%)
P1-Cluster idle residency:   7.68%
P1-Cluster down residency:   0.00%
CPU 10 frequency: 3955 MHz
CPU 10 active residency:  24.19% (1260 MHz: .02% 1512 MHz:   0% 1800 MHz:   0% 2088 MHz:   0% 2352 MHz:   0% 2616 MHz:   0% 2868 MHz:   0% 3096 MHz:   0% 3300 MHz:   0% 3468 MHz:   0% 3624 MHz: .12% 3756 MHz: 8.8% 3828 MHz: .19% 3888 MHz:   0% 3948 MHz: .26% 3996 MHz: .46% 4044 MHz:  12% 4104 MHz: .59% 4416 MHz: 1.5% 4512 MHz:   0%)
CPU 10 idle residency:  75.81%
CPU 10 down residency:   0.00%
CPU 11 frequency: 4019 MHz
CPU 11 active residency:  11.99% (1260 MHz:   0% 1512 MHz:   0% 1800 MHz:   0% 2088 MHz:   0% 2352 MHz:   0% 2616 MHz:   0% 2868 MHz:   0% 3096 MHz:   0% 3300 MHz:   0% 3468 MHz:   0% 3624 MHz: .06% 3756 MHz: 1.4% 3828 MHz: .34% 3888 MHz:   0% 3948 MHz: 1.5% 3996 MHz: 3.5% 4044 MHz: 3.9% 4104 MHz:   0% 4416 MHz: 1.4% 4512 MHz:   0%)
CPU 11 idle residency:  88.01%
CPU 11 down residency:   0.00%
CPU 12 frequency: 3873 MHz
CPU 12 active residency:  46.92% (1260 MHz: .06% 1512 MHz: .00% 1800 MHz: .03% 2088 MHz: .03% 2352 MHz:   0% 2616 MHz: .03% 2868 MHz:   0% 3096 MHz: .04% 3300 MHz:   0% 3468 MHz:   0% 3624 MHz: 1.1% 3756 MHz:  27% 3828 MHz: 1.5% 3888 MHz:   0% 3948 MHz: .69% 3996 MHz: 1.0% 4044 MHz:  13% 4104 MHz: .77% 4416 MHz: 2.3% 4512 MHz:   0%)
CPU 12 idle residency:  53.08%
CPU 12 down residency:   0.00%
CPU 13 frequency: 3857 MHz
CPU 13 active residency:  40.09% (1260 MHz: .05% 1512 MHz:   0% 1800 MHz: .03% 2088 MHz: .01% 2352 MHz:   0% 2616 MHz: .00% 2868 MHz:   0% 3096 MHz: .00% 3300 MHz:   0% 3468 MHz:   0% 3624 MHz: 1.5% 3756 MHz:  23% 3828 MHz: 1.1% 3888 MHz:   0% 3948 MHz: .01% 3996 MHz: 1.4% 4044 MHz:  12% 4104 MHz:   0% 4416 MHz: .65% 4512 MHz:   0%)
CPU 13 idle residency:  59.91%
CPU 13 down residency:   0.00%
CPU 14 frequency: 4033 MHz
CPU 14 active residency:  22.79% (1260 MHz:   0% 1512 MHz:   0% 1800 MHz:   0% 2088 MHz:   0% 2352 MHz:   0% 2616 MHz:   0% 2868 MHz:   0% 3096 MHz:   0% 3300 MHz:   0% 3468 MHz:   0% 3624 MHz:   0% 3756 MHz: .87% 3828 MHz: .33% 3888 MHz:   0% 3948 MHz: .38% 3996 MHz: 1.3% 4044 MHz:  19% 4104 MHz: .58% 4416 MHz: .37% 4512 MHz:   0%)
CPU 14 idle residency:  77.21%
CPU 14 down residency:   0.00%
CPU 15 frequency: 3845 MHz
CPU 15 active residency:  37.57% (1260 MHz: .08% 1512 MHz: .03% 1800 MHz: .00% 2088 MHz: .00% 2352 MHz:   0% 2616 MHz:   0% 2868 MHz:   0% 3096 MHz:   0% 3300 MHz:   0% 3468 MHz:   0% 3624 MHz: 1.7% 3756 MHz:  23% 3828 MHz: 1.0% 3888 MHz:   0% 3948 MHz: .68% 3996 MHz: .39% 4044 MHz: 9.6% 4104 MHz: .54% 4416 MHz: .88% 4512 MHz:   0%)
CPU 15 idle residency:  62.43%
CPU 15 down residency:   0.00%

CPU Power: 4587 mW
GPU Power: 15382 mW
ANE Power: 0 mW
Combined Power (CPU + GPU + ANE): 19969 mW

**** GPU usage ****

GPU HW active frequency: 1236 MHz
GPU HW active residency: 100.00% (338 MHz:   0% 618 MHz:   0% 796 MHz:   0% 924 MHz:   0% 952 MHz:   0% 1056 MHz: .28% 1062 MHz:   0% 1182 MHz:  58% 1182 MHz:   0% 1312 MHz:  42% 1242 MHz:   0% 1380 MHz:   0% 1326 MHz:   0% 1470 MHz:   0% 1578 MHz:   0%)
GPU SW requested state: (P1 :   0% P2 :   0% P3 :   0% P4 :   0% P5 :   0% P6 :   0% P7 :   0% P8 :   0% P9 :   0% P10 : 100% P11 :   0% P12 :   0% P13 :   0% P14 :   0% P15 :   0%)
GPU SW state: (SW_P1 :   0% SW_P2 :   0% SW_P3 :   0% SW_P4 :   0% SW_P5 : .28% SW_P6 :  58% SW_P7 :  42% SW_P8 :   0% SW_P9 :   0% SW_P10 :   0% SW_P11 :   0% SW_P12 :   0% SW_P13 :   0% SW_P14 :   0% SW_P15 :   0%)
GPU idle residency:   0.00%
GPU Power: 15509 mW



*** Sampled system activity (Tue Jan 20 15:12:15 2026 +0100) (1020.26ms elapsed) ***


**** Processor usage ****

E-Cluster Online: 100%
E-Cluster HW active frequency: 2126 MHz
E-Cluster HW active residency:  51.98% (1020 MHz: 8.8% 1404 MHz: 4.5% 1788 MHz: 4.8% 2112 MHz: 1.6% 2352 MHz: .90% 2532 MHz: 1.7% 2592 MHz:  30%)
E-Cluster idle residency:  48.02%
E-Cluster down residency:   0.00%
CPU 0 frequency: 2084 MHz
CPU 0 active residency:  21.51% (1020 MHz: 3.6% 1404 MHz: 2.2% 1788 MHz: 2.7% 2112 MHz: .82% 2352 MHz: .21% 2532 MHz: .47% 2592 MHz:  12%)
CPU 0 idle residency:  78.49%
CPU 0 down residency:   0.00%
CPU 1 frequency: 1970 MHz
CPU 1 active residency:  14.99% (1020 MHz: 3.1% 1404 MHz: 1.9% 1788 MHz: 2.5% 2112 MHz: .24% 2352 MHz: .26% 2532 MHz: .62% 2592 MHz: 6.4%)
CPU 1 idle residency:  85.01%
CPU 1 down residency:   0.00%
CPU 2 frequency: 2013 MHz
CPU 2 active residency:   6.81% (1020 MHz: 1.3% 1404 MHz: .87% 1788 MHz: .89% 2112 MHz: .14% 2352 MHz: .03% 2532 MHz: .30% 2592 MHz: 3.2%)
CPU 2 idle residency:  93.19%
CPU 2 down residency:   0.00%
CPU 3 frequency: 2251 MHz
CPU 3 active residency:   5.30% (1020 MHz: .54% 1404 MHz: .54% 1788 MHz: .32% 2112 MHz: .09% 2352 MHz: .02% 2532 MHz: .05% 2592 MHz: 3.7%)
CPU 3 idle residency:  94.70%
CPU 3 down residency:   0.00%

P0-Cluster Online: 3%
P0-Cluster HW active frequency: 1738 MHz
P0-Cluster HW active residency:   0.51% (1260 MHz: .32% 1512 MHz:   0% 1800 MHz: .12% 2088 MHz:   0% 2352 MHz:   0% 2616 MHz:   0% 2868 MHz:   0% 3096 MHz:   0% 3300 MHz:   0% 3468 MHz:   0% 3624 MHz:   0% 3756 MHz:   0% 3828 MHz:   0% 3888 MHz: .07% 3948 MHz:   0% 3996 MHz:   0% 4044 MHz:   0% 4104 MHz:   0% 4416 MHz:   0% 4512 MHz:   0%)
P0-Cluster idle residency:   1.31%
P0-Cluster down residency:  98.18%
CPU 4 frequency: 0 MHz
CPU 4 active residency:   0.00% (1260 MHz:   0% 1512 MHz:   0% 1800 MHz:   0% 2088 MHz:   0% 2352 MHz:   0% 2616 MHz:   0% 2868 MHz:   0% 3096 MHz:   0% 3300 MHz:   0% 3468 MHz:   0% 3624 MHz:   0% 3756 MHz:   0% 3828 MHz:   0% 3888 MHz:   0% 3948 MHz:   0% 3996 MHz:   0% 4044 MHz:   0% 4104 MHz:   0% 4416 MHz:   0% 4512 MHz:   0%)
CPU 4 idle residency:   1.71%
CPU 4 down residency:  98.29%
CPU 5 frequency: 0 MHz
CPU 5 active residency:   0.00% (1260 MHz:   0% 1512 MHz:   0% 1800 MHz:   0% 2088 MHz:   0% 2352 MHz:   0% 2616 MHz:   0% 2868 MHz:   0% 3096 MHz:   0% 3300 MHz:   0% 3468 MHz:   0% 3624 MHz:   0% 3756 MHz:   0% 3828 MHz:   0% 3888 MHz:   0% 3948 MHz:   0% 3996 MHz:   0% 4044 MHz:   0% 4104 MHz:   0% 4416 MHz:   0% 4512 MHz:   0%)
CPU 5 idle residency:   1.69%
CPU 5 down residency:  98.31%
CPU 6 frequency: 0 MHz
CPU 6 active residency:   0.00% (1260 MHz:   0% 1512 MHz:   0% 1800 MHz:   0% 2088 MHz:   0% 2352 MHz:   0% 2616 MHz:   0% 2868 MHz:   0% 3096 MHz:   0% 3300 MHz:   0% 3468 MHz:   0% 3624 MHz:   0% 3756 MHz:   0% 3828 MHz:   0% 3888 MHz:   0% 3948 MHz:   0% 3996 MHz:   0% 4044 MHz:   0% 4104 MHz:   0% 4416 MHz:   0% 4512 MHz:   0%)
CPU 6 idle residency:   1.72%
CPU 6 down residency:  98.28%
CPU 7 frequency: 0 MHz
CPU 7 active residency:   0.00% (1260 MHz:   0% 1512 MHz:   0% 1800 MHz:   0% 2088 MHz:   0% 2352 MHz:   0% 2616 MHz:   0% 2868 MHz:   0% 3096 MHz:   0% 3300 MHz:   0% 3468 MHz:   0% 3624 MHz:   0% 3756 MHz:   0% 3828 MHz:   0% 3888 MHz:   0% 3948 MHz:   0% 3996 MHz:   0% 4044 MHz:   0% 4104 MHz:   0% 4416 MHz:   0% 4512 MHz:   0%)
CPU 7 idle residency:   1.69%
CPU 7 down residency:  98.31%
CPU 8 frequency: 0 MHz
CPU 8 active residency:   0.00% (1260 MHz:   0% 1512 MHz:   0% 1800 MHz:   0% 2088 MHz:   0% 2352 MHz:   0% 2616 MHz:   0% 2868 MHz:   0% 3096 MHz:   0% 3300 MHz:   0% 3468 MHz:   0% 3624 MHz:   0% 3756 MHz:   0% 3828 MHz:   0% 3888 MHz:   0% 3948 MHz:   0% 3996 MHz:   0% 4044 MHz:   0% 4104 MHz:   0% 4416 MHz:   0% 4512 MHz:   0%)
CPU 8 idle residency:   1.69%
CPU 8 down residency:  98.31%
CPU 9 frequency: 0 MHz
CPU 9 active residency:   0.00% (1260 MHz:   0% 1512 MHz:   0% 1800 MHz:   0% 2088 MHz:   0% 2352 MHz:   0% 2616 MHz:   0% 2868 MHz:   0% 3096 MHz:   0% 3300 MHz:   0% 3468 MHz:   0% 3624 MHz:   0% 3756 MHz:   0% 3828 MHz:   0% 3888 MHz:   0% 3948 MHz:   0% 3996 MHz:   0% 4044 MHz:   0% 4104 MHz:   0% 4416 MHz:   0% 4512 MHz:   0%)
CPU 9 idle residency:   1.72%
CPU 9 down residency:  98.28%

P1-Cluster HW active frequency: 3848 MHz
P1-Cluster HW active residency:  92.14% (1260 MHz: .40% 1512 MHz: .02% 1800 MHz: .03% 2088 MHz: .04% 2352 MHz: .05% 2616 MHz: .00% 2868 MHz:   0% 3096 MHz:   0% 3300 MHz:   0% 3468 MHz:   0% 3624 MHz: 2.2% 3756 MHz:  35% 3828 MHz:  14% 3888 MHz: 5.7% 3948 MHz:  16% 3996 MHz: 9.7% 4044 MHz: 8.2% 4104 MHz:   0% 4416 MHz: .29% 4512 MHz: .45%)
P1-Cluster idle residency:   7.86%
P1-Cluster down residency:   0.00%
CPU 10 frequency: 4367 MHz
CPU 10 active residency:  21.27% (1260 MHz: .01% 1512 MHz:   0% 1800 MHz: .03% 2088 MHz:   0% 2352 MHz:   0% 2616 MHz:   0% 2868 MHz:   0% 3096 MHz:   0% 3300 MHz:   0% 3468 MHz:   0% 3624 MHz: .10% 3756 MHz: 2.8% 3828 MHz: .63% 3888 MHz: .20% 3948 MHz: .19% 3996 MHz:   0% 4044 MHz:   0% 4104 MHz: .11% 4416 MHz: .70% 4512 MHz:  17%)
CPU 10 idle residency:  78.73%
CPU 10 down residency:   0.00%
CPU 11 frequency: 4443 MHz
CPU 11 active residency:  18.92% (1260 MHz: .01% 1512 MHz:   0% 1800 MHz: .03% 2088 MHz:   0% 2352 MHz:   0% 2616 MHz:   0% 2868 MHz:   0% 3096 MHz:   0% 3300 MHz:   0% 3468 MHz:   0% 3624 MHz: .03% 3756 MHz: .58% 3828 MHz: .67% 3888 MHz: .12% 3948 MHz: .01% 3996 MHz:   0% 4044 MHz:   0% 4104 MHz:   0% 4416 MHz: 2.0% 4512 MHz:  16%)
CPU 11 idle residency:  81.08%
CPU 11 down residency:   0.00%
CPU 12 frequency: 4377 MHz
CPU 12 active residency:  10.26% (1260 MHz:   0% 1512 MHz:   0% 1800 MHz: .03% 2088 MHz:   0% 2352 MHz:   0% 2616 MHz:   0% 2868 MHz:   0% 3096 MHz:   0% 3300 MHz:   0% 3468 MHz:   0% 3624 MHz:   0% 3756 MHz: .40% 3828 MHz: .73% 3888 MHz: .12% 3948 MHz: .07% 3996 MHz:   0% 4044 MHz:   0% 4104 MHz: .11% 4416 MHz: 3.7% 4512 MHz: 5.1%)
CPU 12 idle residency:  89.74%
CPU 12 down residency:   0.00%
CPU 13 frequency: 4027 MHz
CPU 13 active residency:  41.70% (1260 MHz: .05% 1512 MHz:   0% 1800 MHz: .03% 2088 MHz:   0% 2352 MHz: .00% 2616 MHz: .00% 2868 MHz:   0% 3096 MHz:   0% 3300 MHz:   0% 3468 MHz:   0% 3624 MHz: .70% 3756 MHz:  17% 3828 MHz: 7.3% 3888 MHz: 2.5% 3948 MHz: .36% 3996 MHz:   0% 4044 MHz:   0% 4104 MHz: .00% 4416 MHz: 2.0% 4512 MHz:  12%)
CPU 13 idle residency:  58.30%
CPU 13 down residency:   0.00%
CPU 14 frequency: 3988 MHz
CPU 14 active residency:  38.38% (1260 MHz: .09% 1512 MHz: .00% 1800 MHz: .03% 2088 MHz: .00% 2352 MHz: .05% 2616 MHz:   0% 2868 MHz:   0% 3096 MHz:   0% 3300 MHz:   0% 3468 MHz:   0% 3624 MHz: 1.1% 3756 MHz:  16% 3828 MHz: 7.3% 3888 MHz: 2.2% 3948 MHz: .18% 3996 MHz:   0% 4044 MHz:   0% 4104 MHz:   0% 4416 MHz: 1.3% 4512 MHz:  10%)
CPU 14 idle residency:  61.62%
CPU 14 down residency:   0.00%
CPU 15 frequency: 4028 MHz
CPU 15 active residency:  49.91% (1260 MHz: .10% 1512 MHz: .01% 1800 MHz: .03% 2088 MHz: .04% 2352 MHz: .05% 2616 MHz: .00% 2868 MHz:   0% 3096 MHz:   0% 3300 MHz:   0% 3468 MHz:   0% 3624 MHz: .98% 3756 MHz:  21% 3828 MHz: 7.2% 3888 MHz: 2.3% 3948 MHz: .55% 3996 MHz:   0% 4044 MHz:   0% 4104 MHz: .39% 4416 MHz: 2.3% 4512 MHz:  15%)
CPU 15 idle residency:  50.09%
CPU 15 down residency:   0.00%

CPU Power: 4501 mW
GPU Power: 15455 mW
ANE Power: 0 mW
Combined Power (CPU + GPU + ANE): 19956 mW

**** GPU usage ****

GPU HW active frequency: 1240 MHz
GPU HW active residency: 100.00% (338 MHz:   0% 618 MHz:   0% 796 MHz:   0% 924 MHz:   0% 952 MHz:   0% 1056 MHz: .07% 1062 MHz:   0% 1182 MHz:  55% 1182 MHz:   0% 1312 MHz:  45% 1242 MHz:   0% 1380 MHz:   0% 1326 MHz:   0% 1470 MHz:   0% 1578 MHz:   0%)
GPU SW requested state: (P1 :   0% P2 :   0% P3 :   0% P4 :   0% P5 :   0% P6 :   0% P7 :   0% P8 :   0% P9 :   0% P10 : 100% P11 :   0% P12 :   0% P13 :   0% P14 :   0% P15 :   0%)
GPU SW state: (SW_P1 :   0% SW_P2 :   0% SW_P3 :   0% SW_P4 :   0% SW_P5 : .07% SW_P6 :  55% SW_P7 :  45% SW_P8 :   0% SW_P9 :   0% SW_P10 :   0% SW_P11 :   0% SW_P12 :   0% SW_P13 :   0% SW_P14 :   0% SW_P15 :   0%)
GPU idle residency:   0.00%
GPU Power: 15452 mW



*** Sampled system activity (Tue Jan 20 15:12:16 2026 +0100) (1017.25ms elapsed) ***


**** Processor usage ****

E-Cluster Online: 100%
E-Cluster HW active frequency: 2312 MHz
E-Cluster HW active residency:  54.55% (1020 MHz: 5.5% 1404 MHz: 3.3% 1788 MHz: 2.0% 2112 MHz: 1.7% 2352 MHz: .79% 2532 MHz: .67% 2592 MHz:  41%)
E-Cluster idle residency:  45.45%
E-Cluster down residency:   0.00%
CPU 0 frequency: 2265 MHz
CPU 0 active residency:  22.88% (1020 MHz: 2.5% 1404 MHz: 1.8% 1788 MHz: 1.1% 2112 MHz: .80% 2352 MHz: .33% 2532 MHz: .18% 2592 MHz:  16%)
CPU 0 idle residency:  77.12%
CPU 0 down residency:   0.00%
CPU 1 frequency: 2315 MHz
CPU 1 active residency:  14.86% (1020 MHz: 1.5% 1404 MHz: .87% 1788 MHz: .77% 2112 MHz: .31% 2352 MHz: .10% 2532 MHz: .07% 2592 MHz:  11%)
CPU 1 idle residency:  85.14%
CPU 1 down residency:   0.00%
CPU 2 frequency: 2325 MHz
CPU 2 active residency:   8.92% (1020 MHz: .81% 1404 MHz: .63% 1788 MHz: .34% 2112 MHz: .14% 2352 MHz: .04% 2532 MHz: .02% 2592 MHz: 6.9%)
CPU 2 idle residency:  91.08%
CPU 2 down residency:   0.00%
CPU 3 frequency: 2270 MHz
CPU 3 active residency:   4.34% (1020 MHz: .39% 1404 MHz: .48% 1788 MHz: .17% 2112 MHz: .14% 2352 MHz: .05% 2532 MHz: .04% 2592 MHz: 3.1%)
CPU 3 idle residency:  95.66%
CPU 3 down residency:   0.00%

P0-Cluster Online: 5%
P0-Cluster HW active frequency: 1260 MHz
P0-Cluster HW active residency:   0.92% (1260 MHz: .92% 1512 MHz:   0% 1800 MHz:   0% 2088 MHz:   0% 2352 MHz:   0% 2616 MHz:   0% 2868 MHz:   0% 3096 MHz:   0% 3300 MHz:   0% 3468 MHz:   0% 3624 MHz:   0% 3756 MHz:   0% 3828 MHz:   0% 3888 MHz:   0% 3948 MHz:   0% 3996 MHz:   0% 4044 MHz:   0% 4104 MHz:   0% 4416 MHz:   0% 4512 MHz:   0%)
P0-Cluster idle residency:   3.74%
P0-Cluster down residency:  95.34%
CPU 4 frequency: 2687 MHz
CPU 4 active residency:   0.39% (1260 MHz: .15% 1512 MHz:   0% 1800 MHz: .03% 2088 MHz:   0% 2352 MHz:   0% 2616 MHz:   0% 2868 MHz:   0% 3096 MHz:   0% 3300 MHz:   0% 3468 MHz:   0% 3624 MHz:   0% 3756 MHz: .05% 3828 MHz: .05% 3888 MHz: .08% 3948 MHz: .02% 3996 MHz:   0% 4044 MHz: .00% 4104 MHz:   0% 4416 MHz:   0% 4512 MHz:   0%)
CPU 4 idle residency:   4.45%
CPU 4 down residency:  95.17%
CPU 5 frequency: 3853 MHz
CPU 5 active residency:  10.22% (1260 MHz: .17% 1512 MHz: .01% 1800 MHz: .04% 2088 MHz: .02% 2352 MHz:   0% 2616 MHz: .03% 2868 MHz:   0% 3096 MHz:   0% 3300 MHz:   0% 3468 MHz:   0% 3624 MHz:   0% 3756 MHz: .65% 3828 MHz: 3.4% 3888 MHz: 1.7% 3948 MHz: 2.1% 3996 MHz: .39% 4044 MHz: 1.6% 4104 MHz:   0% 4416 MHz:   0% 4512 MHz: .27%)
CPU 5 idle residency:   4.01%
CPU 5 down residency:  85.76%
CPU 6 frequency: 2382 MHz
CPU 6 active residency:   0.28% (1260 MHz: .14% 1512 MHz:   0% 1800 MHz: .02% 2088 MHz:   0% 2352 MHz:   0% 2616 MHz:   0% 2868 MHz:   0% 3096 MHz:   0% 3300 MHz:   0% 3468 MHz:   0% 3624 MHz:   0% 3756 MHz: .03% 3828 MHz: .06% 3888 MHz: .03% 3948 MHz:   0% 3996 MHz:   0% 4044 MHz:   0% 4104 MHz:   0% 4416 MHz:   0% 4512 MHz:   0%)
CPU 6 idle residency:   4.46%
CPU 6 down residency:  95.26%
CPU 7 frequency: 3862 MHz
CPU 7 active residency:  11.59% (1260 MHz: .16% 1512 MHz: .00% 1800 MHz: .04% 2088 MHz:   0% 2352 MHz:   0% 2616 MHz: .00% 2868 MHz:   0% 3096 MHz:   0% 3300 MHz:   0% 3468 MHz:   0% 3624 MHz:   0% 3756 MHz: .08% 3828 MHz: 5.1% 3888 MHz: 2.0% 3948 MHz: 2.8% 3996 MHz: .29% 4044 MHz: .93% 4104 MHz:   0% 4416 MHz:   0% 4512 MHz: .27%)
CPU 7 idle residency:   3.95%
CPU 7 down residency:  84.46%
CPU 8 frequency: 3829 MHz
CPU 8 active residency:   9.38% (1260 MHz: .17% 1512 MHz:   0% 1800 MHz: .04% 2088 MHz: .00% 2352 MHz:   0% 2616 MHz:   0% 2868 MHz:   0% 3096 MHz:   0% 3300 MHz:   0% 3468 MHz:   0% 3624 MHz:   0% 3756 MHz: .76% 3828 MHz: 4.0% 3888 MHz: 2.1% 3948 MHz: 1.7% 3996 MHz:   0% 4044 MHz: .34% 4104 MHz:   0% 4416 MHz:   0% 4512 MHz: .28%)
CPU 8 idle residency:   4.05%
CPU 8 down residency:  86.57%
CPU 9 frequency: 3846 MHz
CPU 9 active residency:   8.28% (1260 MHz: .15% 1512 MHz:   0% 1800 MHz: .02% 2088 MHz:   0% 2352 MHz:   0% 2616 MHz:   0% 2868 MHz:   0% 3096 MHz:   0% 3300 MHz:   0% 3468 MHz:   0% 3624 MHz:   0% 3756 MHz: .64% 3828 MHz: 1.9% 3888 MHz: 2.2% 3948 MHz: 2.3% 3996 MHz: .36% 4044 MHz: .72% 4104 MHz:   0% 4416 MHz:   0% 4512 MHz: .02%)
CPU 9 idle residency:   4.10%
CPU 9 down residency:  87.62%

P1-Cluster HW active frequency: 3873 MHz
P1-Cluster HW active residency:  93.41% (1260 MHz: .39% 1512 MHz: .03% 1800 MHz:   0% 2088 MHz: .01% 2352 MHz: .09% 2616 MHz: .03% 2868 MHz: .00% 3096 MHz:   0% 3300 MHz:   0% 3468 MHz: .00% 3624 MHz:   0% 3756 MHz:  20% 3828 MHz: 9.8% 3888 MHz:  29% 3948 MHz:  17% 3996 MHz: 9.8% 4044 MHz: 5.9% 4104 MHz:   0% 4416 MHz: .12% 4512 MHz: .13%)
P1-Cluster idle residency:   6.59%
P1-Cluster down residency:   0.00%
CPU 10 frequency: 4028 MHz
CPU 10 active residency:  43.69% (1260 MHz: .06% 1512 MHz: .00% 1800 MHz:   0% 2088 MHz: .01% 2352 MHz: .07% 2616 MHz: .00% 2868 MHz: .00% 3096 MHz:   0% 3300 MHz:   0% 3468 MHz:   0% 3624 MHz:   0% 3756 MHz: 8.1% 3828 MHz: 6.6% 3888 MHz:  16% 3948 MHz: .33% 3996 MHz: .18% 4044 MHz:   0% 4104 MHz:   0% 4416 MHz:   0% 4512 MHz:  13%)
CPU 10 idle residency:  56.31%
CPU 10 down residency:   0.00%
CPU 11 frequency: 4336 MHz
CPU 11 active residency:  23.74% (1260 MHz:   0% 1512 MHz:   0% 1800 MHz:   0% 2088 MHz: .00% 2352 MHz: .02% 2616 MHz:   0% 2868 MHz:   0% 3096 MHz:   0% 3300 MHz:   0% 3468 MHz:   0% 3624 MHz:   0% 3756 MHz: .39% 3828 MHz: .41% 3888 MHz: 4.5% 3948 MHz: .58% 3996 MHz: .79% 4044 MHz:   0% 4104 MHz:   0% 4416 MHz:   0% 4512 MHz:  17%)
CPU 11 idle residency:  76.26%
CPU 11 down residency:   0.00%
CPU 12 frequency: 3996 MHz
CPU 12 active residency:  39.16% (1260 MHz: .08% 1512 MHz: .01% 1800 MHz:   0% 2088 MHz:   0% 2352 MHz: .06% 2616 MHz:   0% 2868 MHz:   0% 3096 MHz:   0% 3300 MHz:   0% 3468 MHz:   0% 3624 MHz:   0% 3756 MHz: 9.1% 3828 MHz: 6.0% 3888 MHz:  13% 3948 MHz: .77% 3996 MHz: .02% 4044 MHz:   0% 4104 MHz:   0% 4416 MHz:   0% 4512 MHz: 9.7%)
CPU 12 idle residency:  60.84%
CPU 12 down residency:   0.00%
CPU 13 frequency: 4390 MHz
CPU 13 active residency:  18.98% (1260 MHz:   0% 1512 MHz:   0% 1800 MHz:   0% 2088 MHz:   0% 2352 MHz: .02% 2616 MHz:   0% 2868 MHz:   0% 3096 MHz:   0% 3300 MHz:   0% 3468 MHz:   0% 3624 MHz:   0% 3756 MHz: .84% 3828 MHz: .29% 3888 MHz: 1.8% 3948 MHz: .09% 3996 MHz: .49% 4044 MHz:   0% 4104 MHz:   0% 4416 MHz:   0% 4512 MHz:  15%)
CPU 13 idle residency:  81.02%
CPU 13 down residency:   0.00%
CPU 14 frequency: 4182 MHz
CPU 14 active residency:  24.44% (1260 MHz: .03% 1512 MHz:   0% 1800 MHz:   0% 2088 MHz:   0% 2352 MHz:   0% 2616 MHz: .00% 2868 MHz:   0% 3096 MHz:   0% 3300 MHz:   0% 3468 MHz: .00% 3624 MHz:   0% 3756 MHz: 2.8% 3828 MHz: 4.9% 3888 MHz: 2.5% 3948 MHz: .96% 3996 MHz: .76% 4044 MHz:   0% 4104 MHz:   0% 4416 MHz:   0% 4512 MHz:  12%)
CPU 14 idle residency:  75.56%
CPU 14 down residency:   0.00%
CPU 15 frequency: 3955 MHz
CPU 15 active residency:  36.09% (1260 MHz: .03% 1512 MHz: .03% 1800 MHz:   0% 2088 MHz: .00% 2352 MHz: .09% 2616 MHz: .03% 2868 MHz: .00% 3096 MHz:   0% 3300 MHz:   0% 3468 MHz: .00% 3624 MHz:   0% 3756 MHz: 6.6% 3828 MHz: 1.3% 3888 MHz:  17% 3948 MHz: 3.5% 3996 MHz: 2.0% 4044 MHz:   0% 4104 MHz:   0% 4416 MHz:   0% 4512 MHz: 5.2%)
CPU 15 idle residency:  63.91%
CPU 15 down residency:   0.00%

CPU Power: 4901 mW
GPU Power: 15676 mW
ANE Power: 0 mW
Combined Power (CPU + GPU + ANE): 20577 mW

**** GPU usage ****

GPU HW active frequency: 1245 MHz
GPU HW active residency: 100.00% (338 MHz:   0% 618 MHz:   0% 796 MHz:   0% 924 MHz:   0% 952 MHz:   0% 1056 MHz:   0% 1062 MHz:   0% 1182 MHz:  51% 1182 MHz:   0% 1312 MHz:  49% 1242 MHz:   0% 1380 MHz:   0% 1326 MHz:   0% 1470 MHz:   0% 1578 MHz:   0%)
GPU SW requested state: (P1 :   0% P2 :   0% P3 :   0% P4 :   0% P5 :   0% P6 :   0% P7 :   0% P8 :   0% P9 :   0% P10 : 100% P11 :   0% P12 :   0% P13 :   0% P14 :   0% P15 :   0%)
GPU SW state: (SW_P1 :   0% SW_P2 :   0% SW_P3 :   0% SW_P4 :   0% SW_P5 :   0% SW_P6 :  51% SW_P7 :  49% SW_P8 :   0% SW_P9 :   0% SW_P10 :   0% SW_P11 :   0% SW_P12 :   0% SW_P13 :   0% SW_P14 :   0% SW_P15 :   0%)
GPU idle residency:   0.00%
GPU Power: 15676 mW



*** Sampled system activity (Tue Jan 20 15:12:17 2026 +0100) (1019.32ms elapsed) ***


**** Processor usage ****

E-Cluster Online: 100%
E-Cluster HW active frequency: 2095 MHz
E-Cluster HW active residency:  51.37% (1020 MHz:  10% 1404 MHz: 4.4% 1788 MHz: 3.3% 2112 MHz: 1.7% 2352 MHz: 1.9% 2532 MHz: 1.7% 2592 MHz:  28%)
E-Cluster idle residency:  48.63%
E-Cluster down residency:   0.00%
CPU 0 frequency: 2064 MHz
CPU 0 active residency:  22.34% (1020 MHz: 4.8% 1404 MHz: 2.1% 1788 MHz: 1.4% 2112 MHz: .66% 2352 MHz: 1.0% 2532 MHz: 1.1% 2592 MHz:  11%)
CPU 0 idle residency:  77.66%
CPU 0 down residency:   0.00%
CPU 1 frequency: 2055 MHz
CPU 1 active residency:  11.62% (1020 MHz: 2.4% 1404 MHz: 1.1% 1788 MHz: .89% 2112 MHz: .50% 2352 MHz: .64% 2532 MHz: .57% 2592 MHz: 5.5%)
CPU 1 idle residency:  88.38%
CPU 1 down residency:   0.00%
CPU 2 frequency: 2114 MHz
CPU 2 active residency:   8.28% (1020 MHz: 1.4% 1404 MHz: .64% 1788 MHz: .82% 2112 MHz: .45% 2352 MHz: .32% 2532 MHz: .89% 2592 MHz: 3.8%)
CPU 2 idle residency:  91.72%
CPU 2 down residency:   0.00%
CPU 3 frequency: 1888 MHz
CPU 3 active residency:   6.45% (1020 MHz: 1.6% 1404 MHz: .69% 1788 MHz: 1.1% 2112 MHz: .24% 2352 MHz: .41% 2532 MHz: .47% 2592 MHz: 1.9%)
CPU 3 idle residency:  93.55%
CPU 3 down residency:   0.00%

P0-Cluster Online: 3%
P0-Cluster HW active frequency: 1327 MHz
P0-Cluster HW active residency:   0.38% (1260 MHz: .34% 1512 MHz:   0% 1800 MHz: .05% 2088 MHz:   0% 2352 MHz:   0% 2616 MHz:   0% 2868 MHz:   0% 3096 MHz:   0% 3300 MHz:   0% 3468 MHz:   0% 3624 MHz:   0% 3756 MHz:   0% 3828 MHz:   0% 3888 MHz:   0% 3948 MHz:   0% 3996 MHz:   0% 4044 MHz:   0% 4104 MHz:   0% 4416 MHz:   0% 4512 MHz:   0%)
P0-Cluster idle residency:   1.62%
P0-Cluster down residency:  98.00%
CPU 4 frequency: 0 MHz
CPU 4 active residency:   0.00% (1260 MHz:   0% 1512 MHz:   0% 1800 MHz:   0% 2088 MHz:   0% 2352 MHz:   0% 2616 MHz:   0% 2868 MHz:   0% 3096 MHz:   0% 3300 MHz:   0% 3468 MHz:   0% 3624 MHz:   0% 3756 MHz:   0% 3828 MHz:   0% 3888 MHz:   0% 3948 MHz:   0% 3996 MHz:   0% 4044 MHz:   0% 4104 MHz:   0% 4416 MHz:   0% 4512 MHz:   0%)
CPU 4 idle residency:   1.91%
CPU 4 down residency:  98.09%
CPU 5 frequency: 0 MHz
CPU 5 active residency:   0.00% (1260 MHz:   0% 1512 MHz:   0% 1800 MHz:   0% 2088 MHz:   0% 2352 MHz:   0% 2616 MHz:   0% 2868 MHz:   0% 3096 MHz:   0% 3300 MHz:   0% 3468 MHz:   0% 3624 MHz:   0% 3756 MHz:   0% 3828 MHz:   0% 3888 MHz:   0% 3948 MHz:   0% 3996 MHz:   0% 4044 MHz:   0% 4104 MHz:   0% 4416 MHz:   0% 4512 MHz:   0%)
CPU 5 idle residency:   1.90%
CPU 5 down residency:  98.10%
CPU 6 frequency: 0 MHz
CPU 6 active residency:   0.00% (1260 MHz:   0% 1512 MHz:   0% 1800 MHz:   0% 2088 MHz:   0% 2352 MHz:   0% 2616 MHz:   0% 2868 MHz:   0% 3096 MHz:   0% 3300 MHz:   0% 3468 MHz:   0% 3624 MHz:   0% 3756 MHz:   0% 3828 MHz:   0% 3888 MHz:   0% 3948 MHz:   0% 3996 MHz:   0% 4044 MHz:   0% 4104 MHz:   0% 4416 MHz:   0% 4512 MHz:   0%)
CPU 6 idle residency:   1.91%
CPU 6 down residency:  98.09%
CPU 7 frequency: 0 MHz
CPU 7 active residency:   0.00% (1260 MHz:   0% 1512 MHz:   0% 1800 MHz:   0% 2088 MHz:   0% 2352 MHz:   0% 2616 MHz:   0% 2868 MHz:   0% 3096 MHz:   0% 3300 MHz:   0% 3468 MHz:   0% 3624 MHz:   0% 3756 MHz:   0% 3828 MHz:   0% 3888 MHz:   0% 3948 MHz:   0% 3996 MHz:   0% 4044 MHz:   0% 4104 MHz:   0% 4416 MHz:   0% 4512 MHz:   0%)
CPU 7 idle residency:   1.90%
CPU 7 down residency:  98.10%
CPU 8 frequency: 0 MHz
CPU 8 active residency:   0.00% (1260 MHz:   0% 1512 MHz:   0% 1800 MHz:   0% 2088 MHz:   0% 2352 MHz:   0% 2616 MHz:   0% 2868 MHz:   0% 3096 MHz:   0% 3300 MHz:   0% 3468 MHz:   0% 3624 MHz:   0% 3756 MHz:   0% 3828 MHz:   0% 3888 MHz:   0% 3948 MHz:   0% 3996 MHz:   0% 4044 MHz:   0% 4104 MHz:   0% 4416 MHz:   0% 4512 MHz:   0%)
CPU 8 idle residency:   1.89%
CPU 8 down residency:  98.11%
CPU 9 frequency: 0 MHz
CPU 9 active residency:   0.00% (1260 MHz:   0% 1512 MHz:   0% 1800 MHz:   0% 2088 MHz:   0% 2352 MHz:   0% 2616 MHz:   0% 2868 MHz:   0% 3096 MHz:   0% 3300 MHz:   0% 3468 MHz:   0% 3624 MHz:   0% 3756 MHz:   0% 3828 MHz:   0% 3888 MHz:   0% 3948 MHz:   0% 3996 MHz:   0% 4044 MHz:   0% 4104 MHz:   0% 4416 MHz:   0% 4512 MHz:   0%)
CPU 9 idle residency:   1.91%
CPU 9 down residency:  98.09%

P1-Cluster HW active frequency: 3856 MHz
P1-Cluster HW active residency:  91.70% (1260 MHz: .41% 1512 MHz: .05% 1800 MHz: .11% 2088 MHz:   0% 2352 MHz: .01% 2616 MHz:   0% 2868 MHz: .00% 3096 MHz:   0% 3300 MHz: .03% 3468 MHz:   0% 3624 MHz: 4.2% 3756 MHz:  21% 3828 MHz:  20% 3888 MHz: 8.1% 3948 MHz:  18% 3996 MHz:  13% 4044 MHz: 6.5% 4104 MHz:   0% 4416 MHz:   0% 4512 MHz:   0%)
P1-Cluster idle residency:   8.30%
P1-Cluster down residency:   0.00%
CPU 10 frequency: 3872 MHz
CPU 10 active residency:  38.24% (1260 MHz: .09% 1512 MHz:   0% 1800 MHz: .01% 2088 MHz:   0% 2352 MHz: .00% 2616 MHz:   0% 2868 MHz:   0% 3096 MHz:   0% 3300 MHz:   0% 3468 MHz:   0% 3624 MHz: 2.5% 3756 MHz:  10% 3828 MHz:  11% 3888 MHz: 2.3% 3948 MHz: 1.5% 3996 MHz: 5.2% 4044 MHz: 4.0% 4104 MHz: .17% 4416 MHz: 1.7% 4512 MHz: .08%)
CPU 10 idle residency:  61.76%
CPU 10 down residency:   0.00%
CPU 11 frequency: 3938 MHz
CPU 11 active residency:  27.86% (1260 MHz: .03% 1512 MHz:   0% 1800 MHz: .02% 2088 MHz:   0% 2352 MHz:   0% 2616 MHz:   0% 2868 MHz:   0% 3096 MHz:   0% 3300 MHz: .00% 3468 MHz:   0% 3624 MHz: 3.0% 3756 MHz: 6.3% 3828 MHz: 3.2% 3888 MHz: 1.9% 3948 MHz: .21% 3996 MHz: 4.9% 4044 MHz: 4.7% 4104 MHz: .01% 4416 MHz: 1.7% 4512 MHz: 1.9%)
CPU 11 idle residency:  72.14%
CPU 11 down residency:   0.00%
CPU 12 frequency: 3916 MHz
CPU 12 active residency:  27.61% (1260 MHz: .06% 1512 MHz:   0% 1800 MHz: .05% 2088 MHz:   0% 2352 MHz: .01% 2616 MHz:   0% 2868 MHz:   0% 3096 MHz:   0% 3300 MHz:   0% 3468 MHz:   0% 3624 MHz: 2.3% 3756 MHz: 6.5% 3828 MHz: 3.0% 3888 MHz: 2.6% 3948 MHz: .51% 3996 MHz: 5.5% 4044 MHz: 4.8% 4104 MHz: .00% 4416 MHz: .81% 4512 MHz: 1.4%)
CPU 12 idle residency:  72.39%
CPU 12 down residency:   0.00%
CPU 13 frequency: 3940 MHz
CPU 13 active residency:  31.72% (1260 MHz: .04% 1512 MHz: .05% 1800 MHz: .01% 2088 MHz:   0% 2352 MHz: .01% 2616 MHz:   0% 2868 MHz: .00% 3096 MHz:   0% 3300 MHz:   0% 3468 MHz:   0% 3624 MHz: .29% 3756 MHz: 2.9% 3828 MHz: 7.5% 3888 MHz: 1.9% 3948 MHz: 1.2% 3996 MHz:  13% 4044 MHz: 2.6% 4104 MHz: .44% 4416 MHz: 1.2% 4512 MHz: .22%)
CPU 13 idle residency:  68.28%
CPU 13 down residency:   0.00%
CPU 14 frequency: 4085 MHz
CPU 14 active residency:  18.96% (1260 MHz: .01% 1512 MHz:   0% 1800 MHz:   0% 2088 MHz:   0% 2352 MHz:   0% 2616 MHz:   0% 2868 MHz:   0% 3096 MHz:   0% 3300 MHz:   0% 3468 MHz:   0% 3624 MHz: .33% 3756 MHz: .31% 3828 MHz: .41% 3888 MHz: .58% 3948 MHz: .46% 3996 MHz: 4.2% 4044 MHz: 9.2% 4104 MHz: .01% 4416 MHz: 1.7% 4512 MHz: 1.8%)
CPU 14 idle residency:  81.04%
CPU 14 down residency:   0.00%
CPU 15 frequency: 4007 MHz
CPU 15 active residency:  26.97% (1260 MHz: .02% 1512 MHz: .01% 1800 MHz: .04% 2088 MHz:   0% 2352 MHz: .00% 2616 MHz:   0% 2868 MHz: .00% 3096 MHz:   0% 3300 MHz: .03% 3468 MHz:   0% 3624 MHz: .30% 3756 MHz: 6.1% 3828 MHz: 8.7% 3888 MHz: 1.0% 3948 MHz: 1.2% 3996 MHz: .77% 4044 MHz: .01% 4104 MHz: .97% 4416 MHz: 4.6% 4512 MHz: 3.1%)
CPU 15 idle residency:  73.03%
CPU 15 down residency:   0.00%

CPU Power: 4431 mW
GPU Power: 15731 mW
ANE Power: 0 mW
Combined Power (CPU + GPU + ANE): 20162 mW

**** GPU usage ****

GPU HW active frequency: 1245 MHz
GPU HW active residency: 100.00% (338 MHz:   0% 618 MHz:   0% 796 MHz:   0% 924 MHz:   0% 952 MHz:   0% 1056 MHz:   0% 1062 MHz:   0% 1182 MHz:  51% 1182 MHz:   0% 1312 MHz:  49% 1242 MHz:   0% 1380 MHz:   0% 1326 MHz:   0% 1470 MHz:   0% 1578 MHz:   0%)
GPU SW requested state: (P1 :   0% P2 :   0% P3 :   0% P4 :   0% P5 :   0% P6 :   0% P7 :   0% P8 :   0% P9 :   0% P10 : 100% P11 :   0% P12 :   0% P13 :   0% P14 :   0% P15 :   0%)
GPU SW state: (SW_P1 :   0% SW_P2 :   0% SW_P3 :   0% SW_P4 :   0% SW_P5 :   0% SW_P6 :  51% SW_P7 :  49% SW_P8 :   0% SW_P9 :   0% SW_P10 :   0% SW_P11 :   0% SW_P12 :   0% SW_P13 :   0% SW_P14 :   0% SW_P15 :   0%)
GPU idle residency:   0.00%
GPU Power: 15732 mW



*** Sampled system activity (Tue Jan 20 15:12:18 2026 +0100) (1021.61ms elapsed) ***


**** Processor usage ****

E-Cluster Online: 100%
E-Cluster HW active frequency: 2184 MHz
E-Cluster HW active residency:  57.55% (1020 MHz: 7.7% 1404 MHz: 5.0% 1788 MHz: 3.9% 2112 MHz: 3.0% 2352 MHz: 2.5% 2532 MHz: 2.0% 2592 MHz:  33%)
E-Cluster idle residency:  42.45%
E-Cluster down residency:   0.00%
CPU 0 frequency: 2170 MHz
CPU 0 active residency:  27.27% (1020 MHz: 3.2% 1404 MHz: 3.0% 1788 MHz: 2.3% 2112 MHz: 1.4% 2352 MHz: 1.3% 2532 MHz: 1.5% 2592 MHz:  15%)
CPU 0 idle residency:  72.73%
CPU 0 down residency:   0.00%
CPU 1 frequency: 2112 MHz
CPU 1 active residency:  18.80% (1020 MHz: 2.8% 1404 MHz: 2.2% 1788 MHz: 1.6% 2112 MHz: .74% 2352 MHz: 1.1% 2532 MHz: .75% 2592 MHz: 9.6%)
CPU 1 idle residency:  81.20%
CPU 1 down residency:   0.00%
CPU 2 frequency: 2166 MHz
CPU 2 active residency:  10.74% (1020 MHz: 1.3% 1404 MHz: 1.3% 1788 MHz: .76% 2112 MHz: .42% 2352 MHz: .77% 2532 MHz: .26% 2592 MHz: 5.9%)
CPU 2 idle residency:  89.26%
CPU 2 down residency:   0.00%
CPU 3 frequency: 2088 MHz
CPU 3 active residency:   7.60% (1020 MHz: 1.1% 1404 MHz: .88% 1788 MHz: .67% 2112 MHz: .79% 2352 MHz: .52% 2532 MHz: .55% 2592 MHz: 3.1%)
CPU 3 idle residency:  92.40%
CPU 3 down residency:   0.00%

P0-Cluster Online: 19%
P0-Cluster HW active frequency: 3623 MHz
P0-Cluster HW active residency:  15.18% (1260 MHz: 1.1% 1512 MHz: .15% 1800 MHz:   0% 2088 MHz:   0% 2352 MHz:   0% 2616 MHz:   0% 2868 MHz:   0% 3096 MHz: .00% 3300 MHz: .00% 3468 MHz:   0% 3624 MHz: .01% 3756 MHz: 1.5% 3828 MHz: 8.5% 3888 MHz: 3.9% 3948 MHz:   0% 3996 MHz:   0% 4044 MHz:   0% 4104 MHz:   0% 4416 MHz:   0% 4512 MHz:   0%)
P0-Cluster idle residency:   4.09%
P0-Cluster down residency:  80.73%
CPU 4 frequency: 1260 MHz
CPU 4 active residency:   0.30% (1260 MHz: .30% 1512 MHz:   0% 1800 MHz:   0% 2088 MHz:   0% 2352 MHz:   0% 2616 MHz:   0% 2868 MHz:   0% 3096 MHz:   0% 3300 MHz:   0% 3468 MHz:   0% 3624 MHz:   0% 3756 MHz:   0% 3828 MHz:   0% 3888 MHz:   0% 3948 MHz:   0% 3996 MHz:   0% 4044 MHz:   0% 4104 MHz:   0% 4416 MHz:   0% 4512 MHz:   0%)
CPU 4 idle residency:  17.30%
CPU 4 down residency:  82.39%
CPU 5 frequency: 1278 MHz
CPU 5 active residency:   0.33% (1260 MHz: .32% 1512 MHz:   0% 1800 MHz: .01% 2088 MHz:   0% 2352 MHz:   0% 2616 MHz:   0% 2868 MHz:   0% 3096 MHz:   0% 3300 MHz:   0% 3468 MHz:   0% 3624 MHz:   0% 3756 MHz:   0% 3828 MHz:   0% 3888 MHz:   0% 3948 MHz:   0% 3996 MHz:   0% 4044 MHz:   0% 4104 MHz:   0% 4416 MHz:   0% 4512 MHz:   0%)
CPU 5 idle residency:  11.67%
CPU 5 down residency:  88.00%
CPU 6 frequency: 1260 MHz
CPU 6 active residency:   0.30% (1260 MHz: .30% 1512 MHz:   0% 1800 MHz:   0% 2088 MHz:   0% 2352 MHz:   0% 2616 MHz:   0% 2868 MHz:   0% 3096 MHz:   0% 3300 MHz:   0% 3468 MHz:   0% 3624 MHz:   0% 3756 MHz:   0% 3828 MHz:   0% 3888 MHz:   0% 3948 MHz:   0% 3996 MHz:   0% 4044 MHz:   0% 4104 MHz:   0% 4416 MHz:   0% 4512 MHz:   0%)
CPU 6 idle residency:  18.84%
CPU 6 down residency:  80.87%
CPU 7 frequency: 1279 MHz
CPU 7 active residency:   0.34% (1260 MHz: .32% 1512 MHz:   0% 1800 MHz: .01% 2088 MHz:   0% 2352 MHz:   0% 2616 MHz:   0% 2868 MHz:   0% 3096 MHz:   0% 3300 MHz:   0% 3468 MHz:   0% 3624 MHz:   0% 3756 MHz:   0% 3828 MHz:   0% 3888 MHz:   0% 3948 MHz:   0% 3996 MHz:   0% 4044 MHz:   0% 4104 MHz:   0% 4416 MHz:   0% 4512 MHz:   0%)
CPU 7 idle residency:  12.09%
CPU 7 down residency:  87.57%
CPU 8 frequency: 1298 MHz
CPU 8 active residency:   0.35% (1260 MHz: .33% 1512 MHz:   0% 1800 MHz: .02% 2088 MHz:   0% 2352 MHz:   0% 2616 MHz:   0% 2868 MHz:   0% 3096 MHz:   0% 3300 MHz:   0% 3468 MHz:   0% 3624 MHz:   0% 3756 MHz:   0% 3828 MHz:   0% 3888 MHz:   0% 3948 MHz:   0% 3996 MHz:   0% 4044 MHz:   0% 4104 MHz:   0% 4416 MHz:   0% 4512 MHz:   0%)
CPU 8 idle residency:  11.97%
CPU 8 down residency:  87.68%
CPU 9 frequency: 1260 MHz
CPU 9 active residency:   0.30% (1260 MHz: .30% 1512 MHz:   0% 1800 MHz:   0% 2088 MHz:   0% 2352 MHz:   0% 2616 MHz:   0% 2868 MHz:   0% 3096 MHz:   0% 3300 MHz:   0% 3468 MHz:   0% 3624 MHz:   0% 3756 MHz:   0% 3828 MHz:   0% 3888 MHz:   0% 3948 MHz:   0% 3996 MHz:   0% 4044 MHz:   0% 4104 MHz:   0% 4416 MHz:   0% 4512 MHz:   0%)
CPU 9 idle residency:  18.99%
CPU 9 down residency:  80.71%

P1-Cluster HW active frequency: 3910 MHz
P1-Cluster HW active residency:  80.74% (1260 MHz: .29% 1512 MHz:   0% 1800 MHz: .08% 2088 MHz: .05% 2352 MHz: .03% 2616 MHz: .03% 2868 MHz:   0% 3096 MHz:   0% 3300 MHz: .00% 3468 MHz:   0% 3624 MHz:   0% 3756 MHz: .52% 3828 MHz:  20% 3888 MHz:  18% 3948 MHz:  21% 3996 MHz:  11% 4044 MHz: 9.2% 4104 MHz:   0% 4416 MHz: .17% 4512 MHz: .22%)
P1-Cluster idle residency:   3.67%
P1-Cluster down residency:  15.59%
CPU 10 frequency: 4262 MHz
CPU 10 active residency:  28.34% (1260 MHz: .03% 1512 MHz:   0% 1800 MHz: .01% 2088 MHz: .00% 2352 MHz:   0% 2616 MHz: .00% 2868 MHz:   0% 3096 MHz:   0% 3300 MHz:   0% 3468 MHz:   0% 3624 MHz:   0% 3756 MHz: .02% 3828 MHz: 4.7% 3888 MHz: 4.9% 3948 MHz: 1.2% 3996 MHz: .04% 4044 MHz: .01% 4104 MHz: .01% 4416 MHz: .01% 4512 MHz:  17%)
CPU 10 idle residency:  56.06%
CPU 10 down residency:  15.60%
CPU 11 frequency: 4097 MHz
CPU 11 active residency:  32.82% (1260 MHz: .02% 1512 MHz:   0% 1800 MHz: .03% 2088 MHz: .00% 2352 MHz: .00% 2616 MHz:   0% 2868 MHz:   0% 3096 MHz:   0% 3300 MHz:   0% 3468 MHz:   0% 3624 MHz:   0% 3756 MHz: .25% 3828 MHz:  11% 3888 MHz: 5.7% 3948 MHz: 2.8% 3996 MHz: .66% 4044 MHz: .07% 4104 MHz: .01% 4416 MHz:   0% 4512 MHz:  12%)
CPU 11 idle residency:  51.58%
CPU 11 down residency:  15.60%
CPU 12 frequency: 4128 MHz
CPU 12 active residency:  30.47% (1260 MHz: .05% 1512 MHz:   0% 1800 MHz: .03% 2088 MHz:   0% 2352 MHz: .00% 2616 MHz: .00% 2868 MHz:   0% 3096 MHz:   0% 3300 MHz: .00% 3468 MHz:   0% 3624 MHz:   0% 3756 MHz: .26% 3828 MHz: 9.8% 3888 MHz: 4.2% 3948 MHz: 2.7% 3996 MHz: .67% 4044 MHz: .04% 4104 MHz: .05% 4416 MHz: .10% 4512 MHz:  13%)
CPU 12 idle residency:  53.93%
CPU 12 down residency:  15.60%
CPU 13 frequency: 4385 MHz
CPU 13 active residency:  22.72% (1260 MHz: .01% 1512 MHz:   0% 1800 MHz:   0% 2088 MHz:   0% 2352 MHz:   0% 2616 MHz:   0% 2868 MHz:   0% 3096 MHz:   0% 3300 MHz:   0% 3468 MHz:   0% 3624 MHz:   0% 3756 MHz:   0% 3828 MHz: .94% 3888 MHz: 2.7% 3948 MHz: .92% 3996 MHz: .03% 4044 MHz: .01% 4104 MHz:   0% 4416 MHz:   0% 4512 MHz:  18%)
CPU 13 idle residency:  61.68%
CPU 13 down residency:  15.60%
CPU 14 frequency: 4090 MHz
CPU 14 active residency:  33.02% (1260 MHz: .04% 1512 MHz:   0% 1800 MHz:   0% 2088 MHz: .03% 2352 MHz: .03% 2616 MHz: .00% 2868 MHz:   0% 3096 MHz:   0% 3300 MHz:   0% 3468 MHz:   0% 3624 MHz:   0% 3756 MHz: .13% 3828 MHz:  12% 3888 MHz: 5.7% 3948 MHz: 3.0% 3996 MHz: .55% 4044 MHz: .10% 4104 MHz: .28% 4416 MHz: .08% 4512 MHz:  12%)
CPU 14 idle residency:  51.37%
CPU 14 down residency:  15.60%
CPU 15 frequency: 4132 MHz
CPU 15 active residency:  24.40% (1260 MHz: .02% 1512 MHz:   0% 1800 MHz: .03% 2088 MHz: .02% 2352 MHz:   0% 2616 MHz: .02% 2868 MHz:   0% 3096 MHz:   0% 3300 MHz: .00% 3468 MHz:   0% 3624 MHz:   0% 3756 MHz:   0% 3828 MHz: 4.8% 3888 MHz: 7.2% 3948 MHz: 1.9% 3996 MHz: .00% 4044 MHz:   0% 4104 MHz: .39% 4416 MHz: .38% 4512 MHz: 9.6%)
CPU 15 idle residency:  60.00%
CPU 15 down residency:  15.60%

CPU Power: 5007 mW
GPU Power: 15679 mW
ANE Power: 0 mW
Combined Power (CPU + GPU + ANE): 20686 mW

**** GPU usage ****

GPU HW active frequency: 1247 MHz
GPU HW active residency: 100.00% (338 MHz:   0% 618 MHz:   0% 796 MHz:   0% 924 MHz:   0% 952 MHz:   0% 1056 MHz:   0% 1062 MHz:   0% 1182 MHz:  50% 1182 MHz:   0% 1312 MHz:  50% 1242 MHz:   0% 1380 MHz:   0% 1326 MHz:   0% 1470 MHz:   0% 1578 MHz:   0%)
GPU SW requested state: (P1 :   0% P2 :   0% P3 :   0% P4 :   0% P5 :   0% P6 :   0% P7 :   0% P8 :   0% P9 :   0% P10 : 100% P11 :   0% P12 :   0% P13 :   0% P14 :   0% P15 :   0%)
GPU SW state: (SW_P1 :   0% SW_P2 :   0% SW_P3 :   0% SW_P4 :   0% SW_P5 :   0% SW_P6 :  50% SW_P7 :  50% SW_P8 :   0% SW_P9 :   0% SW_P10 :   0% SW_P11 :   0% SW_P12 :   0% SW_P13 :   0% SW_P14 :   0% SW_P15 :   0%)
GPU idle residency:   0.00%
GPU Power: 15679 mW



*** Sampled system activity (Tue Jan 20 15:12:19 2026 +0100) (1020.77ms elapsed) ***


**** Processor usage ****

E-Cluster Online: 100%
E-Cluster HW active frequency: 1582 MHz
E-Cluster HW active residency:  55.49% (1020 MHz:  31% 1404 MHz: 3.6% 1788 MHz: 3.9% 2112 MHz: .70% 2352 MHz: .77% 2532 MHz: 1.5% 2592 MHz:  15%)
E-Cluster idle residency:  44.51%
E-Cluster down residency:   0.00%
CPU 0 frequency: 1536 MHz
CPU 0 active residency:  24.82% (1020 MHz:  14% 1404 MHz: 1.6% 1788 MHz: 2.0% 2112 MHz: .48% 2352 MHz: .43% 2532 MHz: .69% 2592 MHz: 5.4%)
CPU 0 idle residency:  75.18%
CPU 0 down residency:   0.00%
CPU 1 frequency: 1502 MHz
CPU 1 active residency:  16.86% (1020 MHz: 9.6% 1404 MHz: 1.3% 1788 MHz: 1.9% 2112 MHz: .09% 2352 MHz: .54% 2532 MHz: .48% 2592 MHz: 2.9%)
CPU 1 idle residency:  83.14%
CPU 1 down residency:   0.00%
CPU 2 frequency: 1694 MHz
CPU 2 active residency:  10.52% (1020 MHz: 5.2% 1404 MHz: .48% 1788 MHz: .69% 2112 MHz: .06% 2352 MHz: .38% 2532 MHz: .50% 2592 MHz: 3.2%)
CPU 2 idle residency:  89.48%
CPU 2 down residency:   0.00%
CPU 3 frequency: 1566 MHz
CPU 3 active residency:   6.40% (1020 MHz: 3.4% 1404 MHz: .41% 1788 MHz: .78% 2112 MHz: .01% 2352 MHz: .52% 2532 MHz: .31% 2592 MHz: 1.0%)
CPU 3 idle residency:  93.60%
CPU 3 down residency:   0.00%

P0-Cluster Online: 3%
P0-Cluster HW active frequency: 1617 MHz
P0-Cluster HW active residency:   0.95% (1260 MHz: .76% 1512 MHz:   0% 1800 MHz: .05% 2088 MHz:   0% 2352 MHz:   0% 2616 MHz:   0% 2868 MHz:   0% 3096 MHz:   0% 3300 MHz:   0% 3468 MHz:   0% 3624 MHz: .13% 3756 MHz:   0% 3828 MHz:   0% 3888 MHz:   0% 3948 MHz:   0% 3996 MHz:   0% 4044 MHz:   0% 4104 MHz:   0% 4416 MHz:   0% 4512 MHz:   0%)
P0-Cluster idle residency:   1.90%
P0-Cluster down residency:  97.15%
CPU 4 frequency: 3728 MHz
CPU 4 active residency:   2.18% (1260 MHz: .11% 1512 MHz:   0% 1800 MHz:   0% 2088 MHz:   0% 2352 MHz:   0% 2616 MHz:   0% 2868 MHz:   0% 3096 MHz:   0% 3300 MHz:   0% 3468 MHz:   0% 3624 MHz:   0% 3756 MHz: .05% 3828 MHz: 1.1% 3888 MHz: .93% 3948 MHz:   0% 3996 MHz:   0% 4044 MHz:   0% 4104 MHz:   0% 4416 MHz:   0% 4512 MHz:   0%)
CPU 4 idle residency:   2.65%
CPU 4 down residency:  95.17%
CPU 5 frequency: 3799 MHz
CPU 5 active residency:   7.84% (1260 MHz: .12% 1512 MHz: .01% 1800 MHz:   0% 2088 MHz:   0% 2352 MHz:   0% 2616 MHz:   0% 2868 MHz:   0% 3096 MHz: .00% 3300 MHz: .00% 3468 MHz:   0% 3624 MHz: .00% 3756 MHz: .73% 3828 MHz: 4.3% 3888 MHz: 2.7% 3948 MHz:   0% 3996 MHz:   0% 4044 MHz:   0% 4104 MHz:   0% 4416 MHz:   0% 4512 MHz:   0%)
CPU 5 idle residency:   2.43%
CPU 5 down residency:  89.73%
CPU 6 frequency: 3110 MHz
CPU 6 active residency:   0.38% (1260 MHz: .11% 1512 MHz:   0% 1800 MHz:   0% 2088 MHz:   0% 2352 MHz:   0% 2616 MHz:   0% 2868 MHz:   0% 3096 MHz:   0% 3300 MHz:   0% 3468 MHz:   0% 3624 MHz: .00% 3756 MHz: .02% 3828 MHz: .24% 3888 MHz: .02% 3948 MHz:   0% 3996 MHz:   0% 4044 MHz:   0% 4104 MHz:   0% 4416 MHz:   0% 4512 MHz:   0%)
CPU 6 idle residency:   2.68%
CPU 6 down residency:  96.94%
CPU 7 frequency: 3797 MHz
CPU 7 active residency:   7.47% (1260 MHz: .13% 1512 MHz: .01% 1800 MHz:   0% 2088 MHz:   0% 2352 MHz:   0% 2616 MHz:   0% 2868 MHz:   0% 3096 MHz: .00% 3300 MHz:   0% 3468 MHz:   0% 3624 MHz: .01% 3756 MHz: .40% 3828 MHz: 4.5% 3888 MHz: 2.4% 3948 MHz:   0% 3996 MHz:   0% 4044 MHz:   0% 4104 MHz:   0% 4416 MHz:   0% 4512 MHz:   0%)
CPU 7 idle residency:   2.41%
CPU 7 down residency:  90.12%
CPU 8 frequency: 3786 MHz
CPU 8 active residency:   7.58% (1260 MHz: .10% 1512 MHz: .06% 1800 MHz:   0% 2088 MHz:   0% 2352 MHz:   0% 2616 MHz:   0% 2868 MHz:   0% 3096 MHz:   0% 3300 MHz: .00% 3468 MHz:   0% 3624 MHz: .01% 3756 MHz: .78% 3828 MHz: 4.0% 3888 MHz: 2.6% 3948 MHz:   0% 3996 MHz:   0% 4044 MHz:   0% 4104 MHz:   0% 4416 MHz:   0% 4512 MHz:   0%)
CPU 8 idle residency:   2.46%
CPU 8 down residency:  89.97%
CPU 9 frequency: 2394 MHz
CPU 9 active residency:   0.19% (1260 MHz: .11% 1512 MHz:   0% 1800 MHz:   0% 2088 MHz:   0% 2352 MHz:   0% 2616 MHz:   0% 2868 MHz:   0% 3096 MHz:   0% 3300 MHz:   0% 3468 MHz:   0% 3624 MHz:   0% 3756 MHz: .02% 3828 MHz: .04% 3888 MHz: .02% 3948 MHz:   0% 3996 MHz:   0% 4044 MHz:   0% 4104 MHz:   0% 4416 MHz:   0% 4512 MHz:   0%)
CPU 9 idle residency:   2.71%
CPU 9 down residency:  97.10%

P1-Cluster HW active frequency: 3699 MHz
P1-Cluster HW active residency:  93.29% (1260 MHz: .42% 1512 MHz: .04% 1800 MHz: .00% 2088 MHz: .01% 2352 MHz: .00% 2616 MHz: .00% 2868 MHz: .00% 3096 MHz:   0% 3300 MHz:   0% 3468 MHz: 3.0% 3624 MHz:  64% 3756 MHz: 2.9% 3828 MHz:   0% 3888 MHz: .32% 3948 MHz:  12% 3996 MHz: 5.6% 4044 MHz: 4.6% 4104 MHz:   0% 4416 MHz: .17% 4512 MHz: .22%)
P1-Cluster idle residency:   6.71%
P1-Cluster down residency:   0.00%
CPU 10 frequency: 3741 MHz
CPU 10 active residency:  53.17% (1260 MHz: .07% 1512 MHz: .04% 1800 MHz:   0% 2088 MHz: .01% 2352 MHz:   0% 2616 MHz: .00% 2868 MHz: .00% 3096 MHz:   0% 3300 MHz:   0% 3468 MHz: 2.2% 3624 MHz:  42% 3756 MHz: 1.6% 3828 MHz:   0% 3888 MHz:   0% 3948 MHz:   0% 3996 MHz:   0% 4044 MHz:   0% 4104 MHz:   0% 4416 MHz:   0% 4512 MHz: 7.4%)
CPU 10 idle residency:  46.83%
CPU 10 down residency:   0.00%
CPU 11 frequency: 4118 MHz
CPU 11 active residency:  24.91% (1260 MHz: .01% 1512 MHz:   0% 1800 MHz:   0% 2088 MHz:   0% 2352 MHz:   0% 2616 MHz:   0% 2868 MHz:   0% 3096 MHz:   0% 3300 MHz:   0% 3468 MHz: .00% 3624 MHz:  11% 3756 MHz: .01% 3828 MHz:   0% 3888 MHz:   0% 3948 MHz:   0% 3996 MHz:   0% 4044 MHz:   0% 4104 MHz:   0% 4416 MHz:   0% 4512 MHz:  14%)
CPU 11 idle residency:  75.09%
CPU 11 down residency:   0.00%
CPU 12 frequency: 4227 MHz
CPU 12 active residency:  19.48% (1260 MHz:   0% 1512 MHz:   0% 1800 MHz:   0% 2088 MHz:   0% 2352 MHz:   0% 2616 MHz:   0% 2868 MHz: .00% 3096 MHz:   0% 3300 MHz:   0% 3468 MHz: .08% 3624 MHz: 6.1% 3756 MHz: .00% 3828 MHz:   0% 3888 MHz:   0% 3948 MHz:   0% 3996 MHz:   0% 4044 MHz:   0% 4104 MHz:   0% 4416 MHz:   0% 4512 MHz:  13%)
CPU 12 idle residency:  80.52%
CPU 12 down residency:   0.00%
CPU 13 frequency: 3863 MHz
CPU 13 active residency:  44.52% (1260 MHz: .08% 1512 MHz: .00% 1800 MHz: .00% 2088 MHz:   0% 2352 MHz: .00% 2616 MHz: .00% 2868 MHz:   0% 3096 MHz:   0% 3300 MHz:   0% 3468 MHz: 1.7% 3624 MHz:  29% 3756 MHz: 1.3% 3828 MHz:   0% 3888 MHz:   0% 3948 MHz:   0% 3996 MHz:   0% 4044 MHz:   0% 4104 MHz:   0% 4416 MHz:   0% 4512 MHz:  12%)
CPU 13 idle residency:  55.48%
CPU 13 down residency:   0.00%
CPU 14 frequency: 3808 MHz
CPU 14 active residency:  43.60% (1260 MHz: .08% 1512 MHz:   0% 1800 MHz: .00% 2088 MHz: .01% 2352 MHz: .00% 2616 MHz:   0% 2868 MHz:   0% 3096 MHz:   0% 3300 MHz:   0% 3468 MHz: 1.7% 3624 MHz:  31% 3756 MHz: 1.4% 3828 MHz:   0% 3888 MHz:   0% 3948 MHz:   0% 3996 MHz:   0% 4044 MHz:   0% 4104 MHz:   0% 4416 MHz:   0% 4512 MHz: 9.4%)
CPU 14 idle residency:  56.40%
CPU 14 down residency:   0.00%
CPU 15 frequency: 3638 MHz
CPU 15 active residency:   6.18% (1260 MHz: .01% 1512 MHz:   0% 1800 MHz:   0% 2088 MHz:   0% 2352 MHz:   0% 2616 MHz:   0% 2868 MHz:   0% 3096 MHz:   0% 3300 MHz:   0% 3468 MHz:   0% 3624 MHz: 6.1% 3756 MHz:   0% 3828 MHz:   0% 3888 MHz:   0% 3948 MHz:   0% 3996 MHz:   0% 4044 MHz:   0% 4104 MHz:   0% 4416 MHz:   0% 4512 MHz: .12%)
CPU 15 idle residency:  93.82%
CPU 15 down residency:   0.00%

CPU Power: 4022 mW
GPU Power: 15740 mW
ANE Power: 0 mW
Combined Power (CPU + GPU + ANE): 19762 mW

**** GPU usage ****

GPU HW active frequency: 1243 MHz
GPU HW active residency: 100.00% (338 MHz:   0% 618 MHz:   0% 796 MHz:   0% 924 MHz:   0% 952 MHz:   0% 1056 MHz:   0% 1062 MHz:   0% 1182 MHz:  53% 1182 MHz:   0% 1312 MHz:  47% 1242 MHz:   0% 1380 MHz:   0% 1326 MHz:   0% 1470 MHz:   0% 1578 MHz:   0%)
GPU SW requested state: (P1 :   0% P2 :   0% P3 :   0% P4 :   0% P5 :   0% P6 :   0% P7 :   0% P8 :   0% P9 :   0% P10 : 100% P11 :   0% P12 :   0% P13 :   0% P14 :   0% P15 :   0%)
GPU SW state: (SW_P1 :   0% SW_P2 :   0% SW_P3 :   0% SW_P4 :   0% SW_P5 :   0% SW_P6 :  53% SW_P7 :  47% SW_P8 :   0% SW_P9 :   0% SW_P10 :   0% SW_P11 :   0% SW_P12 :   0% SW_P13 :   0% SW_P14 :   0% SW_P15 :   0%)
GPU idle residency:   0.00%
GPU Power: 15616 mW



*** Sampled system activity (Tue Jan 20 15:12:20 2026 +0100) (1017.43ms elapsed) ***


**** Processor usage ****

E-Cluster Online: 100%
E-Cluster HW active frequency: 1814 MHz
E-Cluster HW active residency:  56.01% (1020 MHz:  15% 1404 MHz: 8.9% 1788 MHz: 8.2% 2112 MHz: 5.0% 2352 MHz: 3.2% 2532 MHz: 2.2% 2592 MHz:  14%)
E-Cluster idle residency:  43.99%
E-Cluster down residency:   0.00%
CPU 0 frequency: 1834 MHz
CPU 0 active residency:  26.70% (1020 MHz: 6.5% 1404 MHz: 3.9% 1788 MHz: 5.0% 2112 MHz: 2.1% 2352 MHz: 1.2% 2532 MHz: 1.2% 2592 MHz: 6.8%)
CPU 0 idle residency:  73.30%
CPU 0 down residency:   0.00%
CPU 1 frequency: 1748 MHz
CPU 1 active residency:  16.30% (1020 MHz: 4.4% 1404 MHz: 3.2% 1788 MHz: 2.6% 2112 MHz: 1.6% 2352 MHz: .83% 2532 MHz: .52% 2592 MHz: 3.2%)
CPU 1 idle residency:  83.70%
CPU 1 down residency:   0.00%
CPU 2 frequency: 1741 MHz
CPU 2 active residency:   8.88% (1020 MHz: 2.4% 1404 MHz: 1.8% 1788 MHz: 1.4% 2112 MHz: .86% 2352 MHz: .48% 2532 MHz: .22% 2592 MHz: 1.7%)
CPU 2 idle residency:  91.12%
CPU 2 down residency:   0.00%
CPU 3 frequency: 1670 MHz
CPU 3 active residency:   5.53% (1020 MHz: 1.6% 1404 MHz: 1.3% 1788 MHz: .99% 2112 MHz: .35% 2352 MHz: .15% 2532 MHz: .08% 2592 MHz: 1.0%)
CPU 3 idle residency:  94.47%
CPU 3 down residency:   0.00%

P0-Cluster Online: 1%
P0-Cluster HW active frequency: 1260 MHz
P0-Cluster HW active residency:   0.23% (1260 MHz: .23% 1512 MHz:   0% 1800 MHz:   0% 2088 MHz:   0% 2352 MHz:   0% 2616 MHz:   0% 2868 MHz:   0% 3096 MHz:   0% 3300 MHz:   0% 3468 MHz:   0% 3624 MHz:   0% 3756 MHz:   0% 3828 MHz:   0% 3888 MHz:   0% 3948 MHz:   0% 3996 MHz:   0% 4044 MHz:   0% 4104 MHz:   0% 4416 MHz:   0% 4512 MHz:   0%)
P0-Cluster idle residency:   0.94%
P0-Cluster down residency:  98.83%
CPU 4 frequency: 0 MHz
CPU 4 active residency:   0.00% (1260 MHz:   0% 1512 MHz:   0% 1800 MHz:   0% 2088 MHz:   0% 2352 MHz:   0% 2616 MHz:   0% 2868 MHz:   0% 3096 MHz:   0% 3300 MHz:   0% 3468 MHz:   0% 3624 MHz:   0% 3756 MHz:   0% 3828 MHz:   0% 3888 MHz:   0% 3948 MHz:   0% 3996 MHz:   0% 4044 MHz:   0% 4104 MHz:   0% 4416 MHz:   0% 4512 MHz:   0%)
CPU 4 idle residency:   1.12%
CPU 4 down residency:  98.88%
CPU 5 frequency: 0 MHz
CPU 5 active residency:   0.00% (1260 MHz:   0% 1512 MHz:   0% 1800 MHz:   0% 2088 MHz:   0% 2352 MHz:   0% 2616 MHz:   0% 2868 MHz:   0% 3096 MHz:   0% 3300 MHz:   0% 3468 MHz:   0% 3624 MHz:   0% 3756 MHz:   0% 3828 MHz:   0% 3888 MHz:   0% 3948 MHz:   0% 3996 MHz:   0% 4044 MHz:   0% 4104 MHz:   0% 4416 MHz:   0% 4512 MHz:   0%)
CPU 5 idle residency:   1.12%
CPU 5 down residency:  98.88%
CPU 6 frequency: 0 MHz
CPU 6 active residency:   0.00% (1260 MHz:   0% 1512 MHz:   0% 1800 MHz:   0% 2088 MHz:   0% 2352 MHz:   0% 2616 MHz:   0% 2868 MHz:   0% 3096 MHz:   0% 3300 MHz:   0% 3468 MHz:   0% 3624 MHz:   0% 3756 MHz:   0% 3828 MHz:   0% 3888 MHz:   0% 3948 MHz:   0% 3996 MHz:   0% 4044 MHz:   0% 4104 MHz:   0% 4416 MHz:   0% 4512 MHz:   0%)
CPU 6 idle residency:   1.12%
CPU 6 down residency:  98.88%
CPU 7 frequency: 0 MHz
CPU 7 active residency:   0.00% (1260 MHz:   0% 1512 MHz:   0% 1800 MHz:   0% 2088 MHz:   0% 2352 MHz:   0% 2616 MHz:   0% 2868 MHz:   0% 3096 MHz:   0% 3300 MHz:   0% 3468 MHz:   0% 3624 MHz:   0% 3756 MHz:   0% 3828 MHz:   0% 3888 MHz:   0% 3948 MHz:   0% 3996 MHz:   0% 4044 MHz:   0% 4104 MHz:   0% 4416 MHz:   0% 4512 MHz:   0%)
CPU 7 idle residency:   1.12%
CPU 7 down residency:  98.88%
CPU 8 frequency: 0 MHz
CPU 8 active residency:   0.00% (1260 MHz:   0% 1512 MHz:   0% 1800 MHz:   0% 2088 MHz:   0% 2352 MHz:   0% 2616 MHz:   0% 2868 MHz:   0% 3096 MHz:   0% 3300 MHz:   0% 3468 MHz:   0% 3624 MHz:   0% 3756 MHz:   0% 3828 MHz:   0% 3888 MHz:   0% 3948 MHz:   0% 3996 MHz:   0% 4044 MHz:   0% 4104 MHz:   0% 4416 MHz:   0% 4512 MHz:   0%)
CPU 8 idle residency:   1.12%
CPU 8 down residency:  98.88%
CPU 9 frequency: 0 MHz
CPU 9 active residency:   0.00% (1260 MHz:   0% 1512 MHz:   0% 1800 MHz:   0% 2088 MHz:   0% 2352 MHz:   0% 2616 MHz:   0% 2868 MHz:   0% 3096 MHz:   0% 3300 MHz:   0% 3468 MHz:   0% 3624 MHz:   0% 3756 MHz:   0% 3828 MHz:   0% 3888 MHz:   0% 3948 MHz:   0% 3996 MHz:   0% 4044 MHz:   0% 4104 MHz:   0% 4416 MHz:   0% 4512 MHz:   0%)
CPU 9 idle residency:   1.12%
CPU 9 down residency:  98.88%

P1-Cluster HW active frequency: 3800 MHz
P1-Cluster HW active residency:  93.99% (1260 MHz: .38% 1512 MHz: .01% 1800 MHz: .06% 2088 MHz: .04% 2352 MHz: .02% 2616 MHz: .05% 2868 MHz:   0% 3096 MHz: .03% 3300 MHz:   0% 3468 MHz:   0% 3624 MHz: 5.0% 3756 MHz:  28% 3828 MHz:  45% 3888 MHz: 3.6% 3948 MHz: 9.0% 3996 MHz: 2.5% 4044 MHz:   0% 4104 MHz:   0% 4416 MHz:   0% 4512 MHz:   0%)
P1-Cluster idle residency:   6.01%
P1-Cluster down residency:   0.00%
CPU 10 frequency: 3838 MHz
CPU 10 active residency:  22.06% (1260 MHz: .03% 1512 MHz:   0% 1800 MHz: .00% 2088 MHz: .01% 2352 MHz: .00% 2616 MHz: .00% 2868 MHz:   0% 3096 MHz: .00% 3300 MHz:   0% 3468 MHz:   0% 3624 MHz: .19% 3756 MHz: 4.7% 3828 MHz:  12% 3888 MHz: .43% 3948 MHz: 3.6% 3996 MHz: 1.4% 4044 MHz:   0% 4104 MHz:   0% 4416 MHz:   0% 4512 MHz:   0%)
CPU 10 idle residency:  77.94%
CPU 10 down residency:   0.00%
CPU 11 frequency: 3807 MHz
CPU 11 active residency:  30.87% (1260 MHz: .05% 1512 MHz:   0% 1800 MHz:   0% 2088 MHz: .03% 2352 MHz:   0% 2616 MHz: .00% 2868 MHz:   0% 3096 MHz:   0% 3300 MHz:   0% 3468 MHz:   0% 3624 MHz: .68% 3756 MHz:  11% 3828 MHz:  14% 3888 MHz: .97% 3948 MHz: 2.9% 3996 MHz: .59% 4044 MHz:   0% 4104 MHz:   0% 4416 MHz:   0% 4512 MHz:   0%)
CPU 11 idle residency:  69.13%
CPU 11 down residency:   0.00%
CPU 12 frequency: 3813 MHz
CPU 12 active residency:  45.80% (1260 MHz: .05% 1512 MHz: .00% 1800 MHz:   0% 2088 MHz: .00% 2352 MHz:   0% 2616 MHz: .01% 2868 MHz:   0% 3096 MHz: .03% 3300 MHz:   0% 3468 MHz:   0% 3624 MHz: 3.0% 3756 MHz:  13% 3828 MHz:  20% 3888 MHz: 2.2% 3948 MHz: 7.4% 3996 MHz: .00% 4044 MHz:   0% 4104 MHz:   0% 4416 MHz:   0% 4512 MHz:   0%)
CPU 12 idle residency:  54.20%
CPU 12 down residency:   0.00%
CPU 13 frequency: 3820 MHz
CPU 13 active residency:  25.90% (1260 MHz: .00% 1512 MHz:   0% 1800 MHz: .02% 2088 MHz:   0% 2352 MHz: .02% 2616 MHz:   0% 2868 MHz:   0% 3096 MHz: .00% 3300 MHz:   0% 3468 MHz:   0% 3624 MHz: 1.7% 3756 MHz: 6.0% 3828 MHz:  13% 3888 MHz: .18% 3948 MHz: 3.8% 3996 MHz: 1.2% 4044 MHz:   0% 4104 MHz:   0% 4416 MHz:   0% 4512 MHz:   0%)
CPU 13 idle residency:  74.10%
CPU 13 down residency:   0.00%
CPU 14 frequency: 3817 MHz
CPU 14 active residency:  31.80% (1260 MHz: .01% 1512 MHz: .00% 1800 MHz:   0% 2088 MHz: .00% 2352 MHz: .00% 2616 MHz: .02% 2868 MHz:   0% 3096 MHz:   0% 3300 MHz:   0% 3468 MHz:   0% 3624 MHz: 3.1% 3756 MHz:  10% 3828 MHz:  11% 3888 MHz:   0% 3948 MHz: 3.4% 3996 MHz: 4.0% 4044 MHz:   0% 4104 MHz:   0% 4416 MHz:   0% 4512 MHz:   0%)
CPU 14 idle residency:  68.20%
CPU 14 down residency:   0.00%
CPU 15 frequency: 3807 MHz
CPU 15 active residency:  35.78% (1260 MHz: .02% 1512 MHz:   0% 1800 MHz: .04% 2088 MHz: .00% 2352 MHz:   0% 2616 MHz:   0% 2868 MHz:   0% 3096 MHz:   0% 3300 MHz:   0% 3468 MHz:   0% 3624 MHz: 2.0% 3756 MHz:  13% 3828 MHz:  15% 3888 MHz: 1.2% 3948 MHz: 3.4% 3996 MHz: 1.4% 4044 MHz:   0% 4104 MHz:   0% 4416 MHz:   0% 4512 MHz:   0%)
CPU 15 idle residency:  64.22%
CPU 15 down residency:   0.00%

CPU Power: 4620 mW
GPU Power: 15959 mW
ANE Power: 0 mW
Combined Power (CPU + GPU + ANE): 20579 mW

**** GPU usage ****

GPU HW active frequency: 1257 MHz
GPU HW active residency: 100.00% (338 MHz:   0% 618 MHz:   0% 796 MHz:   0% 924 MHz:   0% 952 MHz:   0% 1056 MHz:   0% 1062 MHz:   0% 1182 MHz:  42% 1182 MHz:   0% 1312 MHz:  58% 1242 MHz:   0% 1380 MHz:   0% 1326 MHz:   0% 1470 MHz:   0% 1578 MHz:   0%)
GPU SW requested state: (P1 :   0% P2 :   0% P3 :   0% P4 :   0% P5 :   0% P6 :   0% P7 :   0% P8 :   0% P9 :   0% P10 : 100% P11 :   0% P12 :   0% P13 :   0% P14 :   0% P15 :   0%)
GPU SW state: (SW_P1 :   0% SW_P2 :   0% SW_P3 :   0% SW_P4 :   0% SW_P5 :   0% SW_P6 :  42% SW_P7 :  58% SW_P8 :   0% SW_P9 :   0% SW_P10 :   0% SW_P11 :   0% SW_P12 :   0% SW_P13 :   0% SW_P14 :   0% SW_P15 :   0%)
GPU idle residency:   0.00%
GPU Power: 15959 mW



*** Sampled system activity (Tue Jan 20 15:12:21 2026 +0100) (1017.05ms elapsed) ***


**** Processor usage ****

E-Cluster Online: 100%
E-Cluster HW active frequency: 1868 MHz
E-Cluster HW active residency:  53.91% (1020 MHz:  19% 1404 MHz: 4.2% 1788 MHz: 3.5% 2112 MHz: 1.8% 2352 MHz: 1.7% 2532 MHz: .58% 2592 MHz:  23%)
E-Cluster idle residency:  46.09%
E-Cluster down residency:   0.00%
CPU 0 frequency: 1860 MHz
CPU 0 active residency:  24.92% (1020 MHz: 8.8% 1404 MHz: 2.1% 1788 MHz: 1.7% 2112 MHz: .58% 2352 MHz: .89% 2532 MHz: .30% 2592 MHz:  11%)
CPU 0 idle residency:  75.08%
CPU 0 down residency:   0.00%
CPU 1 frequency: 1812 MHz
CPU 1 active residency:  15.76% (1020 MHz: 5.4% 1404 MHz: 1.6% 1788 MHz: 1.6% 2112 MHz: .94% 2352 MHz: .38% 2532 MHz: .26% 2592 MHz: 5.5%)
CPU 1 idle residency:  84.24%
CPU 1 down residency:   0.00%
CPU 2 frequency: 1801 MHz
CPU 2 active residency:   7.43% (1020 MHz: 2.7% 1404 MHz: .90% 1788 MHz: .59% 2112 MHz: .21% 2352 MHz: .06% 2532 MHz: .26% 2592 MHz: 2.7%)
CPU 2 idle residency:  92.57%
CPU 2 down residency:   0.00%
CPU 3 frequency: 1736 MHz
CPU 3 active residency:   6.12% (1020 MHz: 2.6% 1404 MHz: .56% 1788 MHz: .34% 2112 MHz: .27% 2352 MHz: .05% 2532 MHz: .04% 2592 MHz: 2.2%)
CPU 3 idle residency:  93.88%
CPU 3 down residency:   0.00%

P0-Cluster Online: 5%
P0-Cluster HW active frequency: 1991 MHz
P0-Cluster HW active residency:   1.93% (1260 MHz: 1.3% 1512 MHz:   0% 1800 MHz:   0% 2088 MHz:   0% 2352 MHz:   0% 2616 MHz: .18% 2868 MHz:   0% 3096 MHz:   0% 3300 MHz:   0% 3468 MHz:   0% 3624 MHz:   0% 3756 MHz: .03% 3828 MHz: .12% 3888 MHz:   0% 3948 MHz: .00% 3996 MHz: .01% 4044 MHz: .14% 4104 MHz:   0% 4416 MHz: .02% 4512 MHz: .09%)
P0-Cluster idle residency:   2.42%
P0-Cluster down residency:  95.65%
CPU 4 frequency: 1401 MHz
CPU 4 active residency:   0.22% (1260 MHz: .20% 1512 MHz:   0% 1800 MHz:   0% 2088 MHz:   0% 2352 MHz:   0% 2616 MHz:   0% 2868 MHz:   0% 3096 MHz:   0% 3300 MHz:   0% 3468 MHz:   0% 3624 MHz: .01% 3756 MHz:   0% 3828 MHz:   0% 3888 MHz:   0% 3948 MHz:   0% 3996 MHz:   0% 4044 MHz:   0% 4104 MHz:   0% 4416 MHz:   0% 4512 MHz:   0%)
CPU 4 idle residency:   4.15%
CPU 4 down residency:  95.63%
CPU 5 frequency: 1812 MHz
CPU 5 active residency:   0.29% (1260 MHz: .21% 1512 MHz:   0% 1800 MHz: .02% 2088 MHz:   0% 2352 MHz:   0% 2616 MHz:   0% 2868 MHz:   0% 3096 MHz:   0% 3300 MHz:   0% 3468 MHz:   0% 3624 MHz: .06% 3756 MHz:   0% 3828 MHz:   0% 3888 MHz:   0% 3948 MHz:   0% 3996 MHz:   0% 4044 MHz:   0% 4104 MHz:   0% 4416 MHz:   0% 4512 MHz:   0%)
CPU 5 idle residency:   3.93%
CPU 5 down residency:  95.78%
CPU 6 frequency: 1481 MHz
CPU 6 active residency:   0.23% (1260 MHz: .20% 1512 MHz:   0% 1800 MHz: .01% 2088 MHz:   0% 2352 MHz:   0% 2616 MHz:   0% 2868 MHz:   0% 3096 MHz:   0% 3300 MHz:   0% 3468 MHz:   0% 3624 MHz: .02% 3756 MHz:   0% 3828 MHz:   0% 3888 MHz:   0% 3948 MHz:   0% 3996 MHz:   0% 4044 MHz:   0% 4104 MHz:   0% 4416 MHz:   0% 4512 MHz:   0%)
CPU 6 idle residency:   4.15%
CPU 6 down residency:  95.62%
CPU 7 frequency: 1716 MHz
CPU 7 active residency:   0.32% (1260 MHz: .26% 1512 MHz:   0% 1800 MHz: .00% 2088 MHz:   0% 2352 MHz:   0% 2616 MHz:   0% 2868 MHz:   0% 3096 MHz:   0% 3300 MHz:   0% 3468 MHz:   0% 3624 MHz: .06% 3756 MHz:   0% 3828 MHz:   0% 3888 MHz:   0% 3948 MHz:   0% 3996 MHz:   0% 4044 MHz:   0% 4104 MHz:   0% 4416 MHz:   0% 4512 MHz:   0%)
CPU 7 idle residency:   4.07%
CPU 7 down residency:  95.61%
CPU 8 frequency: 1789 MHz
CPU 8 active residency:   0.27% (1260 MHz: .21% 1512 MHz:   0% 1800 MHz: .00% 2088 MHz:   0% 2352 MHz:   0% 2616 MHz:   0% 2868 MHz:   0% 3096 MHz:   0% 3300 MHz:   0% 3468 MHz:   0% 3624 MHz: .06% 3756 MHz:   0% 3828 MHz:   0% 3888 MHz:   0% 3948 MHz:   0% 3996 MHz:   0% 4044 MHz:   0% 4104 MHz:   0% 4416 MHz:   0% 4512 MHz:   0%)
CPU 8 idle residency:   3.85%
CPU 8 down residency:  95.88%
CPU 9 frequency: 1328 MHz
CPU 9 active residency:   0.21% (1260 MHz: .20% 1512 MHz:   0% 1800 MHz:   0% 2088 MHz:   0% 2352 MHz:   0% 2616 MHz:   0% 2868 MHz:   0% 3096 MHz:   0% 3300 MHz:   0% 3468 MHz:   0% 3624 MHz: .01% 3756 MHz:   0% 3828 MHz:   0% 3888 MHz:   0% 3948 MHz:   0% 3996 MHz:   0% 4044 MHz:   0% 4104 MHz:   0% 4416 MHz:   0% 4512 MHz:   0%)
CPU 9 idle residency:   4.18%
CPU 9 down residency:  95.62%

P1-Cluster HW active frequency: 3831 MHz
P1-Cluster HW active residency:  92.61% (1260 MHz: .40% 1512 MHz: .08% 1800 MHz: .02% 2088 MHz: .03% 2352 MHz:   0% 2616 MHz: .00% 2868 MHz:   0% 3096 MHz: .02% 3300 MHz:   0% 3468 MHz: .00% 3624 MHz:  18% 3756 MHz:  13% 3828 MHz:  16% 3888 MHz: 8.3% 3948 MHz:  18% 3996 MHz:  14% 4044 MHz: 5.6% 4104 MHz:   0% 4416 MHz: .01% 4512 MHz: .03%)
P1-Cluster idle residency:   7.39%
P1-Cluster down residency:   0.00%
CPU 10 frequency: 3898 MHz
CPU 10 active residency:  47.75% (1260 MHz: .08% 1512 MHz: .04% 1800 MHz: .01% 2088 MHz: .02% 2352 MHz:   0% 2616 MHz: .00% 2868 MHz:   0% 3096 MHz: .02% 3300 MHz:   0% 3468 MHz: .00% 3624 MHz: 9.5% 3756 MHz: 7.9% 3828 MHz: 8.4% 3888 MHz: 3.0% 3948 MHz: .83% 3996 MHz: 6.8% 4044 MHz: 4.7% 4104 MHz:   0% 4416 MHz: 6.4% 4512 MHz: .06%)
CPU 10 idle residency:  52.25%
CPU 10 down residency:   0.00%
CPU 11 frequency: 4010 MHz
CPU 11 active residency:  25.29% (1260 MHz: .03% 1512 MHz:   0% 1800 MHz:   0% 2088 MHz: .00% 2352 MHz:   0% 2616 MHz:   0% 2868 MHz:   0% 3096 MHz:   0% 3300 MHz:   0% 3468 MHz:   0% 3624 MHz: .23% 3756 MHz: 2.6% 3828 MHz: 4.8% 3888 MHz: 2.3% 3948 MHz: .10% 3996 MHz: 6.8% 4044 MHz: 3.9% 4104 MHz:   0% 4416 MHz: 3.2% 4512 MHz: 1.4%)
CPU 11 idle residency:  74.71%
CPU 11 down residency:   0.00%
CPU 12 frequency: 4106 MHz
CPU 12 active residency:   9.92% (1260 MHz: .01% 1512 MHz:   0% 1800 MHz: .03% 2088 MHz: .01% 2352 MHz:   0% 2616 MHz:   0% 2868 MHz:   0% 3096 MHz:   0% 3300 MHz:   0% 3468 MHz: .00% 3624 MHz: .29% 3756 MHz: .78% 3828 MHz: 2.6% 3888 MHz: .73% 3948 MHz: .04% 3996 MHz: .12% 4044 MHz: .90% 4104 MHz:   0% 4416 MHz: 3.1% 4512 MHz: 1.3%)
CPU 12 idle residency:  90.08%
CPU 12 down residency:   0.00%
CPU 13 frequency: 3886 MHz
CPU 13 active residency:  39.95% (1260 MHz: .05% 1512 MHz: .04% 1800 MHz:   0% 2088 MHz: .02% 2352 MHz:   0% 2616 MHz: .00% 2868 MHz:   0% 3096 MHz:   0% 3300 MHz:   0% 3468 MHz:   0% 3624 MHz: 9.4% 3756 MHz: 6.8% 3828 MHz: 6.0% 3888 MHz: 3.1% 3948 MHz: .77% 3996 MHz: 4.6% 4044 MHz: 4.3% 4104 MHz:   0% 4416 MHz: 4.2% 4512 MHz: .83%)
CPU 13 idle residency:  60.05%
CPU 13 down residency:   0.00%
CPU 14 frequency: 4091 MHz
CPU 14 active residency:  24.13% (1260 MHz: .01% 1512 MHz: .00% 1800 MHz: .00% 2088 MHz: .03% 2352 MHz:   0% 2616 MHz:   0% 2868 MHz:   0% 3096 MHz:   0% 3300 MHz:   0% 3468 MHz:   0% 3624 MHz: .01% 3756 MHz: 1.8% 3828 MHz: 3.4% 3888 MHz: 1.1% 3948 MHz:   0% 3996 MHz: 9.7% 4044 MHz: .77% 4104 MHz:   0% 4416 MHz: 3.1% 4512 MHz: 4.2%)
CPU 14 idle residency:  75.87%
CPU 14 down residency:   0.00%
CPU 15 frequency: 3912 MHz
CPU 15 active residency:  37.02% (1260 MHz: .08% 1512 MHz: .00% 1800 MHz:   0% 2088 MHz: .02% 2352 MHz:   0% 2616 MHz:   0% 2868 MHz:   0% 3096 MHz: .00% 3300 MHz:   0% 3468 MHz:   0% 3624 MHz: 9.4% 3756 MHz: 4.6% 3828 MHz: 3.5% 3888 MHz: 2.6% 3948 MHz: .37% 3996 MHz: 8.7% 4044 MHz: 2.4% 4104 MHz:   0% 4416 MHz: 3.0% 4512 MHz: 2.5%)
CPU 15 idle residency:  62.98%
CPU 15 down residency:   0.00%

CPU Power: 4504 mW
GPU Power: 16119 mW
ANE Power: 0 mW
Combined Power (CPU + GPU + ANE): 20623 mW

**** GPU usage ****

GPU HW active frequency: 1265 MHz
GPU HW active residency: 100.00% (338 MHz:   0% 618 MHz:   0% 796 MHz:   0% 924 MHz:   0% 952 MHz:   0% 1056 MHz:   0% 1062 MHz:   0% 1182 MHz:  36% 1182 MHz:   0% 1312 MHz:  64% 1242 MHz:   0% 1380 MHz:   0% 1326 MHz:   0% 1470 MHz:   0% 1578 MHz:   0%)
GPU SW requested state: (P1 :   0% P2 :   0% P3 :   0% P4 :   0% P5 :   0% P6 :   0% P7 :   0% P8 :   0% P9 :   0% P10 : 100% P11 :   0% P12 :   0% P13 :   0% P14 :   0% P15 :   0%)
GPU SW state: (SW_P1 :   0% SW_P2 :   0% SW_P3 :   0% SW_P4 :   0% SW_P5 :   0% SW_P6 :  36% SW_P7 :  64% SW_P8 :   0% SW_P9 :   0% SW_P10 :   0% SW_P11 :   0% SW_P12 :   0% SW_P13 :   0% SW_P14 :   0% SW_P15 :   0%)
GPU idle residency:   0.00%
GPU Power: 16244 mW



*** Sampled system activity (Tue Jan 20 15:12:22 2026 +0100) (1021.40ms elapsed) ***


**** Processor usage ****

E-Cluster Online: 100%
E-Cluster HW active frequency: 1808 MHz
E-Cluster HW active residency:  55.77% (1020 MHz:  19% 1404 MHz: 8.1% 1788 MHz: 3.9% 2112 MHz: 3.1% 2352 MHz: .47% 2532 MHz: .85% 2592 MHz:  21%)
E-Cluster idle residency:  44.23%
E-Cluster down residency:   0.00%
CPU 0 frequency: 1711 MHz
CPU 0 active residency:  28.45% (1020 MHz:  10% 1404 MHz: 4.7% 1788 MHz: 2.9% 2112 MHz: 1.3% 2352 MHz: .40% 2532 MHz: .24% 2592 MHz: 8.5%)
CPU 0 idle residency:  71.55%
CPU 0 down residency:   0.00%
CPU 1 frequency: 1672 MHz
CPU 1 active residency:  15.87% (1020 MHz: 6.3% 1404 MHz: 2.6% 1788 MHz: 1.3% 2112 MHz: .98% 2352 MHz: .27% 2532 MHz: .36% 2592 MHz: 4.0%)
CPU 1 idle residency:  84.13%
CPU 1 down residency:   0.00%
CPU 2 frequency: 1728 MHz
CPU 2 active residency:   9.99% (1020 MHz: 3.5% 1404 MHz: 1.4% 1788 MHz: 1.1% 2112 MHz: 1.1% 2352 MHz: .27% 2532 MHz: .15% 2592 MHz: 2.5%)
CPU 2 idle residency:  90.01%
CPU 2 down residency:   0.00%
CPU 3 frequency: 1851 MHz
CPU 3 active residency:   9.36% (1020 MHz: 2.3% 1404 MHz: 1.0% 1788 MHz: 1.3% 2112 MHz: 1.8% 2352 MHz: .22% 2532 MHz: .54% 2592 MHz: 2.1%)
CPU 3 idle residency:  90.64%
CPU 3 down residency:   0.00%

P0-Cluster Online: 4%
P0-Cluster HW active frequency: 1516 MHz
P0-Cluster HW active residency:   0.70% (1260 MHz: .64% 1512 MHz:   0% 1800 MHz:   0% 2088 MHz:   0% 2352 MHz:   0% 2616 MHz:   0% 2868 MHz:   0% 3096 MHz:   0% 3300 MHz:   0% 3468 MHz:   0% 3624 MHz:   0% 3756 MHz:   0% 3828 MHz:   0% 3888 MHz: .00% 3948 MHz:   0% 3996 MHz:   0% 4044 MHz: .02% 4104 MHz:   0% 4416 MHz: .00% 4512 MHz: .03%)
P0-Cluster idle residency:   2.11%
P0-Cluster down residency:  97.19%
CPU 4 frequency: 1677 MHz
CPU 4 active residency:   0.21% (1260 MHz: .17% 1512 MHz:   0% 1800 MHz:   0% 2088 MHz:   0% 2352 MHz:   0% 2616 MHz: .02% 2868 MHz:   0% 3096 MHz:   0% 3300 MHz:   0% 3468 MHz:   0% 3624 MHz:   0% 3756 MHz:   0% 3828 MHz: .01% 3888 MHz:   0% 3948 MHz:   0% 3996 MHz:   0% 4044 MHz:   0% 4104 MHz:   0% 4416 MHz:   0% 4512 MHz: .01%)
CPU 4 idle residency:   2.67%
CPU 4 down residency:  97.12%
CPU 5 frequency: 2450 MHz
CPU 5 active residency:   0.44% (1260 MHz: .17% 1512 MHz:   0% 1800 MHz:   0% 2088 MHz:   0% 2352 MHz:   0% 2616 MHz: .16% 2868 MHz:   0% 3096 MHz:   0% 3300 MHz:   0% 3468 MHz:   0% 3624 MHz:   0% 3756 MHz:   0% 3828 MHz: .07% 3888 MHz:   0% 3948 MHz:   0% 3996 MHz:   0% 4044 MHz:   0% 4104 MHz:   0% 4416 MHz:   0% 4512 MHz: .04%)
CPU 5 idle residency:   2.66%
CPU 5 down residency:  96.90%
CPU 6 frequency: 1820 MHz
CPU 6 active residency:   0.22% (1260 MHz: .17% 1512 MHz:   0% 1800 MHz:   0% 2088 MHz:   0% 2352 MHz:   0% 2616 MHz: .01% 2868 MHz:   0% 3096 MHz:   0% 3300 MHz:   0% 3468 MHz:   0% 3624 MHz:   0% 3756 MHz:   0% 3828 MHz: .03% 3888 MHz:   0% 3948 MHz:   0% 3996 MHz:   0% 4044 MHz:   0% 4104 MHz:   0% 4416 MHz:   0% 4512 MHz: .01%)
CPU 6 idle residency:   2.67%
CPU 6 down residency:  97.11%
CPU 7 frequency: 2113 MHz
CPU 7 active residency:   0.30% (1260 MHz: .18% 1512 MHz:   0% 1800 MHz:   0% 2088 MHz:   0% 2352 MHz:   0% 2616 MHz: .06% 2868 MHz:   0% 3096 MHz:   0% 3300 MHz:   0% 3468 MHz:   0% 3624 MHz:   0% 3756 MHz: .00% 3828 MHz: .04% 3888 MHz:   0% 3948 MHz:   0% 3996 MHz:   0% 4044 MHz: .00% 4104 MHz:   0% 4416 MHz:   0% 4512 MHz: .02%)
CPU 7 idle residency:   2.67%
CPU 7 down residency:  97.03%
CPU 8 frequency: 1976 MHz
CPU 8 active residency:   0.27% (1260 MHz: .18% 1512 MHz:   0% 1800 MHz:   0% 2088 MHz:   0% 2352 MHz:   0% 2616 MHz: .04% 2868 MHz:   0% 3096 MHz:   0% 3300 MHz:   0% 3468 MHz:   0% 3624 MHz:   0% 3756 MHz:   0% 3828 MHz: .04% 3888 MHz:   0% 3948 MHz:   0% 3996 MHz:   0% 4044 MHz:   0% 4104 MHz:   0% 4416 MHz:   0% 4512 MHz: .01%)
CPU 8 idle residency:   2.67%
CPU 8 down residency:  97.07%
CPU 9 frequency: 1601 MHz
CPU 9 active residency:   0.19% (1260 MHz: .17% 1512 MHz:   0% 1800 MHz:   0% 2088 MHz:   0% 2352 MHz:   0% 2616 MHz: .00% 2868 MHz:   0% 3096 MHz:   0% 3300 MHz:   0% 3468 MHz:   0% 3624 MHz:   0% 3756 MHz:   0% 3828 MHz: .01% 3888 MHz:   0% 3948 MHz:   0% 3996 MHz:   0% 4044 MHz:   0% 4104 MHz:   0% 4416 MHz:   0% 4512 MHz: .01%)
CPU 9 idle residency:   2.67%
CPU 9 down residency:  97.14%

P1-Cluster HW active frequency: 3860 MHz
P1-Cluster HW active residency:  93.56% (1260 MHz: .44% 1512 MHz:   0% 1800 MHz: .01% 2088 MHz: .01% 2352 MHz: .04% 2616 MHz: .03% 2868 MHz: .02% 3096 MHz: .07% 3300 MHz: .01% 3468 MHz:   0% 3624 MHz:  10% 3756 MHz:  25% 3828 MHz: 1.8% 3888 MHz: 2.6% 3948 MHz:  27% 3996 MHz:  16% 4044 MHz: 9.7% 4104 MHz:   0% 4416 MHz: .11% 4512 MHz: .04%)
P1-Cluster idle residency:   6.44%
P1-Cluster down residency:   0.00%
CPU 10 frequency: 4236 MHz
CPU 10 active residency:  23.33% (1260 MHz: .01% 1512 MHz:   0% 1800 MHz:   0% 2088 MHz: .01% 2352 MHz: .01% 2616 MHz: .03% 2868 MHz: .00% 3096 MHz: .07% 3300 MHz:   0% 3468 MHz:   0% 3624 MHz: 1.1% 3756 MHz: 1.2% 3828 MHz: .01% 3888 MHz:   0% 3948 MHz: 2.1% 3996 MHz: 4.3% 4044 MHz: 2.1% 4104 MHz:   0% 4416 MHz: .03% 4512 MHz:  12%)
CPU 10 idle residency:  76.67%
CPU 10 down residency:   0.00%
CPU 11 frequency: 4331 MHz
CPU 11 active residency:  23.72% (1260 MHz: .01% 1512 MHz:   0% 1800 MHz:   0% 2088 MHz: .00% 2352 MHz:   0% 2616 MHz: .03% 2868 MHz:   0% 3096 MHz: .05% 3300 MHz:   0% 3468 MHz:   0% 3624 MHz: .15% 3756 MHz: .35% 3828 MHz: .02% 3888 MHz:   0% 3948 MHz: 2.3% 3996 MHz: 3.4% 4044 MHz: 1.5% 4104 MHz: .03% 4416 MHz: .04% 4512 MHz:  16%)
CPU 11 idle residency:  76.28%
CPU 11 down residency:   0.00%
CPU 12 frequency: 4010 MHz
CPU 12 active residency:  41.72% (1260 MHz: .10% 1512 MHz:   0% 1800 MHz:   0% 2088 MHz: .01% 2352 MHz:   0% 2616 MHz: .02% 2868 MHz:   0% 3096 MHz: .01% 3300 MHz: .00% 3468 MHz:   0% 3624 MHz: 6.2% 3756 MHz:  13% 3828 MHz: 1.1% 3888 MHz: .36% 3948 MHz: 2.2% 3996 MHz: 3.3% 4044 MHz: 2.0% 4104 MHz: .20% 4416 MHz: .20% 4512 MHz:  13%)
CPU 12 idle residency:  58.28%
CPU 12 down residency:   0.00%
CPU 13 frequency: 4039 MHz
CPU 13 active residency:  36.56% (1260 MHz: .04% 1512 MHz:   0% 1800 MHz: .00% 2088 MHz:   0% 2352 MHz: .00% 2616 MHz:   0% 2868 MHz:   0% 3096 MHz: .01% 3300 MHz:   0% 3468 MHz:   0% 3624 MHz: 4.5% 3756 MHz:  11% 3828 MHz: .83% 3888 MHz: .37% 3948 MHz: 1.7% 3996 MHz: 4.0% 4044 MHz: 1.7% 4104 MHz: .03% 4416 MHz: .00% 4512 MHz:  12%)
CPU 13 idle residency:  63.44%
CPU 13 down residency:   0.00%
CPU 14 frequency: 4295 MHz
CPU 14 active residency:  27.87% (1260 MHz: .01% 1512 MHz:   0% 1800 MHz: .01% 2088 MHz:   0% 2352 MHz: .01% 2616 MHz:   0% 2868 MHz: .02% 3096 MHz: .00% 3300 MHz: .01% 3468 MHz:   0% 3624 MHz: .05% 3756 MHz: .06% 3828 MHz: .07% 3888 MHz:   0% 3948 MHz: 5.8% 3996 MHz: 3.5% 4044 MHz: 1.2% 4104 MHz: .38% 4416 MHz: .39% 4512 MHz:  16%)
CPU 14 idle residency:  72.13%
CPU 14 down residency:   0.00%
CPU 15 frequency: 4015 MHz
CPU 15 active residency:  38.80% (1260 MHz: .07% 1512 MHz:   0% 1800 MHz:   0% 2088 MHz: .01% 2352 MHz: .03% 2616 MHz: .00% 2868 MHz:   0% 3096 MHz: .01% 3300 MHz:   0% 3468 MHz:   0% 3624 MHz: 4.8% 3756 MHz:  13% 3828 MHz: 1.1% 3888 MHz: .37% 3948 MHz: 2.9% 3996 MHz: 3.9% 4044 MHz: 1.1% 4104 MHz:   0% 4416 MHz:   0% 4512 MHz:  12%)
CPU 15 idle residency:  61.20%
CPU 15 down residency:   0.00%

CPU Power: 4822 mW
GPU Power: 16192 mW
ANE Power: 0 mW
Combined Power (CPU + GPU + ANE): 21013 mW

**** GPU usage ****

GPU HW active frequency: 1264 MHz
GPU HW active residency: 100.00% (338 MHz:   0% 618 MHz:   0% 796 MHz:   0% 924 MHz:   0% 952 MHz:   0% 1056 MHz:   0% 1062 MHz:   0% 1182 MHz:  37% 1182 MHz:   0% 1312 MHz:  63% 1242 MHz:   0% 1380 MHz:   0% 1326 MHz:   0% 1470 MHz:   0% 1578 MHz:   0%)
GPU SW requested state: (P1 :   0% P2 :   0% P3 :   0% P4 :   0% P5 :   0% P6 :   0% P7 :   0% P8 :   0% P9 :   0% P10 : 100% P11 :   0% P12 :   0% P13 :   0% P14 :   0% P15 :   0%)
GPU SW state: (SW_P1 :   0% SW_P2 :   0% SW_P3 :   0% SW_P4 :   0% SW_P5 :   0% SW_P6 :  37% SW_P7 :  63% SW_P8 :   0% SW_P9 :   0% SW_P10 :   0% SW_P11 :   0% SW_P12 :   0% SW_P13 :   0% SW_P14 :   0% SW_P15 :   0%)
GPU idle residency:   0.00%
GPU Power: 16067 mW



*** Sampled system activity (Tue Jan 20 15:12:23 2026 +0100) (1020.42ms elapsed) ***


**** Processor usage ****

E-Cluster Online: 100%
E-Cluster HW active frequency: 1692 MHz
E-Cluster HW active residency:  54.54% (1020 MHz:  23% 1404 MHz: 5.9% 1788 MHz: 5.5% 2112 MHz: 2.0% 2352 MHz: .82% 2532 MHz: .99% 2592 MHz:  16%)
E-Cluster idle residency:  45.46%
E-Cluster down residency:   0.00%
CPU 0 frequency: 1710 MHz
CPU 0 active residency:  26.48% (1020 MHz:  11% 1404 MHz: 2.7% 1788 MHz: 2.1% 2112 MHz: 1.1% 2352 MHz: .37% 2532 MHz: .40% 2592 MHz: 8.5%)
CPU 0 idle residency:  73.52%
CPU 0 down residency:   0.00%
CPU 1 frequency: 1674 MHz
CPU 1 active residency:  18.49% (1020 MHz: 7.6% 1404 MHz: 2.0% 1788 MHz: 2.7% 2112 MHz: 1.1% 2352 MHz: .37% 2532 MHz: .45% 2592 MHz: 4.4%)
CPU 1 idle residency:  81.51%
CPU 1 down residency:   0.00%
CPU 2 frequency: 1576 MHz
CPU 2 active residency:   9.64% (1020 MHz: 4.5% 1404 MHz: 1.4% 1788 MHz: 1.0% 2112 MHz: .42% 2352 MHz: .18% 2532 MHz: .32% 2592 MHz: 1.8%)
CPU 2 idle residency:  90.36%
CPU 2 down residency:   0.00%
CPU 3 frequency: 1592 MHz
CPU 3 active residency:   5.86% (1020 MHz: 3.0% 1404 MHz: .59% 1788 MHz: .42% 2112 MHz: .27% 2352 MHz: .14% 2532 MHz: .06% 2592 MHz: 1.4%)
CPU 3 idle residency:  94.14%
CPU 3 down residency:   0.00%

P0-Cluster Online: 2%
P0-Cluster HW active frequency: 1725 MHz
P0-Cluster HW active residency:   0.51% (1260 MHz: .33% 1512 MHz:   0% 1800 MHz:   0% 2088 MHz:   0% 2352 MHz:   0% 2616 MHz: .17% 2868 MHz:   0% 3096 MHz:   0% 3300 MHz:   0% 3468 MHz:   0% 3624 MHz:   0% 3756 MHz:   0% 3828 MHz:   0% 3888 MHz:   0% 3948 MHz:   0% 3996 MHz:   0% 4044 MHz:   0% 4104 MHz:   0% 4416 MHz:   0% 4512 MHz:   0%)
P0-Cluster idle residency:   0.68%
P0-Cluster down residency:  98.81%
CPU 4 frequency: 0 MHz
CPU 4 active residency:   0.00% (1260 MHz:   0% 1512 MHz:   0% 1800 MHz:   0% 2088 MHz:   0% 2352 MHz:   0% 2616 MHz:   0% 2868 MHz:   0% 3096 MHz:   0% 3300 MHz:   0% 3468 MHz:   0% 3624 MHz:   0% 3756 MHz:   0% 3828 MHz:   0% 3888 MHz:   0% 3948 MHz:   0% 3996 MHz:   0% 4044 MHz:   0% 4104 MHz:   0% 4416 MHz:   0% 4512 MHz:   0%)
CPU 4 idle residency:   1.09%
CPU 4 down residency:  98.91%
CPU 5 frequency: 0 MHz
CPU 5 active residency:   0.00% (1260 MHz:   0% 1512 MHz:   0% 1800 MHz:   0% 2088 MHz:   0% 2352 MHz:   0% 2616 MHz:   0% 2868 MHz:   0% 3096 MHz:   0% 3300 MHz:   0% 3468 MHz:   0% 3624 MHz:   0% 3756 MHz:   0% 3828 MHz:   0% 3888 MHz:   0% 3948 MHz:   0% 3996 MHz:   0% 4044 MHz:   0% 4104 MHz:   0% 4416 MHz:   0% 4512 MHz:   0%)
CPU 5 idle residency:   1.07%
CPU 5 down residency:  98.93%
CPU 6 frequency: 0 MHz
CPU 6 active residency:   0.00% (1260 MHz:   0% 1512 MHz:   0% 1800 MHz:   0% 2088 MHz:   0% 2352 MHz:   0% 2616 MHz:   0% 2868 MHz:   0% 3096 MHz:   0% 3300 MHz:   0% 3468 MHz:   0% 3624 MHz:   0% 3756 MHz:   0% 3828 MHz:   0% 3888 MHz:   0% 3948 MHz:   0% 3996 MHz:   0% 4044 MHz:   0% 4104 MHz:   0% 4416 MHz:   0% 4512 MHz:   0%)
CPU 6 idle residency:   1.09%
CPU 6 down residency:  98.91%
CPU 7 frequency: 0 MHz
CPU 7 active residency:   0.00% (1260 MHz:   0% 1512 MHz:   0% 1800 MHz:   0% 2088 MHz:   0% 2352 MHz:   0% 2616 MHz:   0% 2868 MHz:   0% 3096 MHz:   0% 3300 MHz:   0% 3468 MHz:   0% 3624 MHz:   0% 3756 MHz:   0% 3828 MHz:   0% 3888 MHz:   0% 3948 MHz:   0% 3996 MHz:   0% 4044 MHz:   0% 4104 MHz:   0% 4416 MHz:   0% 4512 MHz:   0%)
CPU 7 idle residency:   1.08%
CPU 7 down residency:  98.92%
CPU 8 frequency: 0 MHz
CPU 8 active residency:   0.00% (1260 MHz:   0% 1512 MHz:   0% 1800 MHz:   0% 2088 MHz:   0% 2352 MHz:   0% 2616 MHz:   0% 2868 MHz:   0% 3096 MHz:   0% 3300 MHz:   0% 3468 MHz:   0% 3624 MHz:   0% 3756 MHz:   0% 3828 MHz:   0% 3888 MHz:   0% 3948 MHz:   0% 3996 MHz:   0% 4044 MHz:   0% 4104 MHz:   0% 4416 MHz:   0% 4512 MHz:   0%)
CPU 8 idle residency:   1.07%
CPU 8 down residency:  98.93%
CPU 9 frequency: 0 MHz
CPU 9 active residency:   0.00% (1260 MHz:   0% 1512 MHz:   0% 1800 MHz:   0% 2088 MHz:   0% 2352 MHz:   0% 2616 MHz:   0% 2868 MHz:   0% 3096 MHz:   0% 3300 MHz:   0% 3468 MHz:   0% 3624 MHz:   0% 3756 MHz:   0% 3828 MHz:   0% 3888 MHz:   0% 3948 MHz:   0% 3996 MHz:   0% 4044 MHz:   0% 4104 MHz:   0% 4416 MHz:   0% 4512 MHz:   0%)
CPU 9 idle residency:   1.09%
CPU 9 down residency:  98.91%

P1-Cluster HW active frequency: 3779 MHz
P1-Cluster HW active residency:  92.90% (1260 MHz: .39% 1512 MHz: .04% 1800 MHz: .04% 2088 MHz: .01% 2352 MHz: .02% 2616 MHz: .07% 2868 MHz: .04% 3096 MHz:   0% 3300 MHz:   0% 3468 MHz: .31% 3624 MHz:  33% 3756 MHz:  19% 3828 MHz: 7.1% 3888 MHz: .86% 3948 MHz:  17% 3996 MHz:  11% 4044 MHz: 4.5% 4104 MHz:   0% 4416 MHz: .09% 4512 MHz: .19%)
P1-Cluster idle residency:   7.10%
P1-Cluster down residency:   0.00%
CPU 10 frequency: 4012 MHz
CPU 10 active residency:  19.48% (1260 MHz: .01% 1512 MHz:   0% 1800 MHz: .00% 2088 MHz:   0% 2352 MHz: .00% 2616 MHz: .02% 2868 MHz:   0% 3096 MHz:   0% 3300 MHz:   0% 3468 MHz: .00% 3624 MHz: 2.1% 3756 MHz: 3.8% 3828 MHz: 1.8% 3888 MHz:   0% 3948 MHz: 2.7% 3996 MHz: 4.2% 4044 MHz:   0% 4104 MHz:   0% 4416 MHz:   0% 4512 MHz: 4.8%)
CPU 10 idle residency:  80.52%
CPU 10 down residency:   0.00%
CPU 11 frequency: 3827 MHz
CPU 11 active residency:  45.20% (1260 MHz: .05% 1512 MHz: .04% 1800 MHz: .02% 2088 MHz: .01% 2352 MHz: .01% 2616 MHz: .03% 2868 MHz: .04% 3096 MHz:   0% 3300 MHz:   0% 3468 MHz: .11% 3624 MHz:  17% 3756 MHz:  10% 3828 MHz: 6.3% 3888 MHz:   0% 3948 MHz: 5.9% 3996 MHz: .03% 4044 MHz:   0% 4104 MHz:   0% 4416 MHz:   0% 4512 MHz: 5.5%)
CPU 11 idle residency:  54.80%
CPU 11 down residency:   0.00%
CPU 12 frequency: 3866 MHz
CPU 12 active residency:  50.73% (1260 MHz: .05% 1512 MHz:   0% 1800 MHz: .03% 2088 MHz:   0% 2352 MHz: .02% 2616 MHz: .02% 2868 MHz: .00% 3096 MHz:   0% 3300 MHz:   0% 3468 MHz: .03% 3624 MHz:  18% 3756 MHz: 8.6% 3828 MHz: 3.7% 3888 MHz:   0% 3948 MHz: 2.6% 3996 MHz:  11% 4044 MHz:   0% 4104 MHz:   0% 4416 MHz:   0% 4512 MHz: 6.3%)
CPU 12 idle residency:  49.27%
CPU 12 down residency:   0.00%
CPU 13 frequency: 3843 MHz
CPU 13 active residency:  40.16% (1260 MHz: .07% 1512 MHz: .00% 1800 MHz: .02% 2088 MHz:   0% 2352 MHz: .01% 2616 MHz: .02% 2868 MHz:   0% 3096 MHz:   0% 3300 MHz:   0% 3468 MHz: .12% 3624 MHz:  17% 3756 MHz: 7.8% 3828 MHz: 2.9% 3888 MHz:   0% 3948 MHz: 1.9% 3996 MHz: 4.4% 4044 MHz:   0% 4104 MHz:   0% 4416 MHz:   0% 4512 MHz: 5.8%)
CPU 13 idle residency:  59.84%
CPU 13 down residency:   0.00%
CPU 14 frequency: 3911 MHz
CPU 14 active residency:   9.08% (1260 MHz:   0% 1512 MHz:   0% 1800 MHz:   0% 2088 MHz: .00% 2352 MHz:   0% 2616 MHz: .00% 2868 MHz:   0% 3096 MHz:   0% 3300 MHz:   0% 3468 MHz: .01% 3624 MHz: .33% 3756 MHz: 2.0% 3828 MHz: .48% 3888 MHz:   0% 3948 MHz: 2.4% 3996 MHz: 3.9% 4044 MHz:   0% 4104 MHz:   0% 4416 MHz:   0% 4512 MHz: .05%)
CPU 14 idle residency:  90.92%
CPU 14 down residency:   0.00%
CPU 15 frequency: 4201 MHz
CPU 15 active residency:  20.67% (1260 MHz:   0% 1512 MHz:   0% 1800 MHz:   0% 2088 MHz:   0% 2352 MHz:   0% 2616 MHz:   0% 2868 MHz:   0% 3096 MHz:   0% 3300 MHz:   0% 3468 MHz: .00% 3624 MHz: .77% 3756 MHz: 2.1% 3828 MHz: 1.3% 3888 MHz:   0% 3948 MHz: 2.8% 3996 MHz: 3.2% 4044 MHz:   0% 4104 MHz:   0% 4416 MHz:   0% 4512 MHz:  10%)
CPU 15 idle residency:  79.33%
CPU 15 down residency:   0.00%

CPU Power: 4325 mW
GPU Power: 16023 mW
ANE Power: 0 mW
Combined Power (CPU + GPU + ANE): 20347 mW

**** GPU usage ****

GPU HW active frequency: 1261 MHz
GPU HW active residency: 100.00% (338 MHz:   0% 618 MHz:   0% 796 MHz:   0% 924 MHz:   0% 952 MHz:   0% 1056 MHz:   0% 1062 MHz:   0% 1182 MHz:  39% 1182 MHz:   0% 1312 MHz:  61% 1242 MHz:   0% 1380 MHz:   0% 1326 MHz:   0% 1470 MHz:   0% 1578 MHz:   0%)
GPU SW requested state: (P1 :   0% P2 :   0% P3 :   0% P4 :   0% P5 :   0% P6 :   0% P7 :   0% P8 :   0% P9 :   0% P10 : 100% P11 :   0% P12 :   0% P13 :   0% P14 :   0% P15 :   0%)
GPU SW state: (SW_P1 :   0% SW_P2 :   0% SW_P3 :   0% SW_P4 :   0% SW_P5 :   0% SW_P6 :  39% SW_P7 :  61% SW_P8 :   0% SW_P9 :   0% SW_P10 :   0% SW_P11 :   0% SW_P12 :   0% SW_P13 :   0% SW_P14 :   0% SW_P15 :   0%)
GPU idle residency:   0.00%
GPU Power: 16149 mW



*** Sampled system activity (Tue Jan 20 15:12:24 2026 +0100) (1019.35ms elapsed) ***


**** Processor usage ****

E-Cluster Online: 100%
E-Cluster HW active frequency: 2046 MHz
E-Cluster HW active residency:  57.87% (1020 MHz:  14% 1404 MHz: 3.9% 1788 MHz: 4.2% 2112 MHz: 2.5% 2352 MHz: 1.9% 2532 MHz: 2.8% 2592 MHz:  29%)
E-Cluster idle residency:  42.13%
E-Cluster down residency:   0.00%
CPU 0 frequency: 1974 MHz
CPU 0 active residency:  25.88% (1020 MHz: 7.2% 1404 MHz: 1.9% 1788 MHz: 1.9% 2112 MHz: 1.2% 2352 MHz: .88% 2532 MHz: 1.1% 2592 MHz:  12%)
CPU 0 idle residency:  74.12%
CPU 0 down residency:   0.00%
CPU 1 frequency: 1894 MHz
CPU 1 active residency:  16.85% (1020 MHz: 5.4% 1404 MHz: 1.1% 1788 MHz: 1.9% 2112 MHz: .60% 2352 MHz: .50% 2532 MHz: .55% 2592 MHz: 6.8%)
CPU 1 idle residency:  83.15%
CPU 1 down residency:   0.00%
CPU 2 frequency: 1776 MHz
CPU 2 active residency:  12.30% (1020 MHz: 4.5% 1404 MHz: 1.2% 1788 MHz: 1.5% 2112 MHz: .32% 2352 MHz: .35% 2532 MHz: 1.1% 2592 MHz: 3.4%)
CPU 2 idle residency:  87.70%
CPU 2 down residency:   0.00%
CPU 3 frequency: 1944 MHz
CPU 3 active residency:   7.88% (1020 MHz: 2.1% 1404 MHz: .63% 1788 MHz: 1.0% 2112 MHz: .23% 2352 MHz: .37% 2532 MHz: .83% 2592 MHz: 2.7%)
CPU 3 idle residency:  92.12%
CPU 3 down residency:   0.00%

P0-Cluster Online: 12%
P0-Cluster HW active frequency: 3500 MHz
P0-Cluster HW active residency:   7.42% (1260 MHz: .92% 1512 MHz:   0% 1800 MHz: .02% 2088 MHz:   0% 2352 MHz:   0% 2616 MHz:   0% 2868 MHz:   0% 3096 MHz:   0% 3300 MHz:   0% 3468 MHz:   0% 3624 MHz: .05% 3756 MHz: .06% 3828 MHz: 6.4% 3888 MHz:   0% 3948 MHz:   0% 3996 MHz:   0% 4044 MHz:   0% 4104 MHz:   0% 4416 MHz:   0% 4512 MHz:   0%)
P0-Cluster idle residency:   3.09%
P0-Cluster down residency:  89.49%
CPU 4 frequency: 0 MHz
CPU 4 active residency:   0.00% (1260 MHz:   0% 1512 MHz:   0% 1800 MHz:   0% 2088 MHz:   0% 2352 MHz:   0% 2616 MHz:   0% 2868 MHz:   0% 3096 MHz:   0% 3300 MHz:   0% 3468 MHz:   0% 3624 MHz:   0% 3756 MHz:   0% 3828 MHz:   0% 3888 MHz:   0% 3948 MHz:   0% 3996 MHz:   0% 4044 MHz:   0% 4104 MHz:   0% 4416 MHz:   0% 4512 MHz:   0%)
CPU 4 idle residency:   8.56%
CPU 4 down residency:  91.44%
CPU 5 frequency: 0 MHz
CPU 5 active residency:   0.00% (1260 MHz:   0% 1512 MHz:   0% 1800 MHz:   0% 2088 MHz:   0% 2352 MHz:   0% 2616 MHz:   0% 2868 MHz:   0% 3096 MHz:   0% 3300 MHz:   0% 3468 MHz:   0% 3624 MHz:   0% 3756 MHz:   0% 3828 MHz:   0% 3888 MHz:   0% 3948 MHz:   0% 3996 MHz:   0% 4044 MHz:   0% 4104 MHz:   0% 4416 MHz:   0% 4512 MHz:   0%)
CPU 5 idle residency:   7.53%
CPU 5 down residency:  92.47%
CPU 6 frequency: 0 MHz
CPU 6 active residency:   0.00% (1260 MHz:   0% 1512 MHz:   0% 1800 MHz:   0% 2088 MHz:   0% 2352 MHz:   0% 2616 MHz:   0% 2868 MHz:   0% 3096 MHz:   0% 3300 MHz:   0% 3468 MHz:   0% 3624 MHz:   0% 3756 MHz:   0% 3828 MHz:   0% 3888 MHz:   0% 3948 MHz:   0% 3996 MHz:   0% 4044 MHz:   0% 4104 MHz:   0% 4416 MHz:   0% 4512 MHz:   0%)
CPU 6 idle residency:  10.04%
CPU 6 down residency:  89.96%
CPU 7 frequency: 0 MHz
CPU 7 active residency:   0.00% (1260 MHz:   0% 1512 MHz:   0% 1800 MHz:   0% 2088 MHz:   0% 2352 MHz:   0% 2616 MHz:   0% 2868 MHz:   0% 3096 MHz:   0% 3300 MHz:   0% 3468 MHz:   0% 3624 MHz:   0% 3756 MHz:   0% 3828 MHz:   0% 3888 MHz:   0% 3948 MHz:   0% 3996 MHz:   0% 4044 MHz:   0% 4104 MHz:   0% 4416 MHz:   0% 4512 MHz:   0%)
CPU 7 idle residency:   7.23%
CPU 7 down residency:  92.77%
CPU 8 frequency: 0 MHz
CPU 8 active residency:   0.00% (1260 MHz:   0% 1512 MHz:   0% 1800 MHz:   0% 2088 MHz:   0% 2352 MHz:   0% 2616 MHz:   0% 2868 MHz:   0% 3096 MHz:   0% 3300 MHz:   0% 3468 MHz:   0% 3624 MHz:   0% 3756 MHz:   0% 3828 MHz:   0% 3888 MHz:   0% 3948 MHz:   0% 3996 MHz:   0% 4044 MHz:   0% 4104 MHz:   0% 4416 MHz:   0% 4512 MHz:   0%)
CPU 8 idle residency:   6.59%
CPU 8 down residency:  93.41%
CPU 9 frequency: 0 MHz
CPU 9 active residency:   0.00% (1260 MHz:   0% 1512 MHz:   0% 1800 MHz:   0% 2088 MHz:   0% 2352 MHz:   0% 2616 MHz:   0% 2868 MHz:   0% 3096 MHz:   0% 3300 MHz:   0% 3468 MHz:   0% 3624 MHz:   0% 3756 MHz:   0% 3828 MHz:   0% 3888 MHz:   0% 3948 MHz:   0% 3996 MHz:   0% 4044 MHz:   0% 4104 MHz:   0% 4416 MHz:   0% 4512 MHz:   0%)
CPU 9 idle residency:  10.33%
CPU 9 down residency:  89.67%

P1-Cluster HW active frequency: 3871 MHz
P1-Cluster HW active residency:  87.36% (1260 MHz: .39% 1512 MHz: .02% 1800 MHz: .04% 2088 MHz: .01% 2352 MHz: .01% 2616 MHz: .05% 2868 MHz: .04% 3096 MHz: .04% 3300 MHz:   0% 3468 MHz: .00% 3624 MHz: .03% 3756 MHz:  15% 3828 MHz:  23% 3888 MHz:  13% 3948 MHz:  19% 3996 MHz:  11% 4044 MHz: 6.2% 4104 MHz:   0% 4416 MHz:   0% 4512 MHz:   0%)
P1-Cluster idle residency:   5.55%
P1-Cluster down residency:   7.10%
CPU 10 frequency: 4055 MHz
CPU 10 active residency:  43.32% (1260 MHz: .01% 1512 MHz:   0% 1800 MHz:   0% 2088 MHz: .01% 2352 MHz:   0% 2616 MHz: .00% 2868 MHz: .03% 3096 MHz: .02% 3300 MHz:   0% 3468 MHz:   0% 3624 MHz:   0% 3756 MHz: 3.6% 3828 MHz: 8.1% 3888 MHz: 3.7% 3948 MHz: 1.5% 3996 MHz: 2.0% 4044 MHz: 6.9% 4104 MHz: 7.4% 4416 MHz:  10% 4512 MHz:   0%)
CPU 10 idle residency:  49.58%
CPU 10 down residency:   7.10%
CPU 11 frequency: 3937 MHz
CPU 11 active residency:  16.14% (1260 MHz:   0% 1512 MHz:   0% 1800 MHz: .04% 2088 MHz: .01% 2352 MHz:   0% 2616 MHz: .03% 2868 MHz:   0% 3096 MHz: .02% 3300 MHz:   0% 3468 MHz: .00% 3624 MHz: .03% 3756 MHz: 6.1% 3828 MHz: .47% 3888 MHz: .16% 3948 MHz: .45% 3996 MHz: .01% 4044 MHz: 2.4% 4104 MHz: 6.3% 4416 MHz: .01% 4512 MHz:   0%)
CPU 11 idle residency:  76.76%
CPU 11 down residency:   7.10%
CPU 12 frequency: 4080 MHz
CPU 12 active residency:  15.40% (1260 MHz: .01% 1512 MHz:   0% 1800 MHz:   0% 2088 MHz: .01% 2352 MHz:   0% 2616 MHz:   0% 2868 MHz:   0% 3096 MHz:   0% 3300 MHz:   0% 3468 MHz:   0% 3624 MHz:   0% 3756 MHz: 2.4% 3828 MHz: .18% 3888 MHz: .18% 3948 MHz: .01% 3996 MHz: 2.8% 4044 MHz: 2.3% 4104 MHz: 4.1% 4416 MHz: 3.3% 4512 MHz:   0%)
CPU 12 idle residency:  77.50%
CPU 12 down residency:   7.10%
CPU 13 frequency: 3941 MHz
CPU 13 active residency:  39.01% (1260 MHz: .06% 1512 MHz: .02% 1800 MHz: .01% 2088 MHz: .01% 2352 MHz:   0% 2616 MHz: .02% 2868 MHz: .04% 3096 MHz: .00% 3300 MHz:   0% 3468 MHz:   0% 3624 MHz:   0% 3756 MHz: 8.5% 3828 MHz: 9.9% 3888 MHz: 3.7% 3948 MHz: .21% 3996 MHz: 1.2% 4044 MHz: 7.7% 4104 MHz: 4.2% 4416 MHz: 3.5% 4512 MHz:   0%)
CPU 13 idle residency:  53.89%
CPU 13 down residency:   7.10%
CPU 14 frequency: 3934 MHz
CPU 14 active residency:  41.11% (1260 MHz: .06% 1512 MHz: .00% 1800 MHz: .01% 2088 MHz: .01% 2352 MHz: .01% 2616 MHz:   0% 2868 MHz: .04% 3096 MHz: .01% 3300 MHz:   0% 3468 MHz:   0% 3624 MHz:   0% 3756 MHz: 7.3% 3828 MHz:  12% 3888 MHz: 4.7% 3948 MHz: 1.5% 3996 MHz: 1.7% 4044 MHz: 6.1% 4104 MHz: 5.1% 4416 MHz: 2.8% 4512 MHz:   0%)
CPU 14 idle residency:  51.79%
CPU 14 down residency:   7.10%
CPU 15 frequency: 3939 MHz
CPU 15 active residency:  38.70% (1260 MHz: .07% 1512 MHz:   0% 1800 MHz:   0% 2088 MHz: .00% 2352 MHz: .00% 2616 MHz: .01% 2868 MHz: .04% 3096 MHz: .02% 3300 MHz:   0% 3468 MHz: .00% 3624 MHz: .00% 3756 MHz: 6.2% 3828 MHz:  11% 3888 MHz: 5.3% 3948 MHz: 1.2% 3996 MHz: 1.5% 4044 MHz: 6.8% 4104 MHz: 3.2% 4416 MHz: 3.2% 4512 MHz:   0%)
CPU 15 idle residency:  54.20%
CPU 15 down residency:   7.10%

CPU Power: 4934 mW
GPU Power: 16051 mW
ANE Power: 0 mW
Combined Power (CPU + GPU + ANE): 20986 mW

**** GPU usage ****

GPU HW active frequency: 1261 MHz
GPU HW active residency: 100.00% (338 MHz:   0% 618 MHz:   0% 796 MHz:   0% 924 MHz:   0% 952 MHz:   0% 1056 MHz:   0% 1062 MHz:   0% 1182 MHz:  39% 1182 MHz:   0% 1312 MHz:  61% 1242 MHz:   0% 1380 MHz:   0% 1326 MHz:   0% 1470 MHz:   0% 1578 MHz:   0%)
GPU SW requested state: (P1 :   0% P2 :   0% P3 :   0% P4 :   0% P5 :   0% P6 :   0% P7 :   0% P8 :   0% P9 :   0% P10 : 100% P11 :   0% P12 :   0% P13 :   0% P14 :   0% P15 :   0%)
GPU SW state: (SW_P1 :   0% SW_P2 :   0% SW_P3 :   0% SW_P4 :   0% SW_P5 :   0% SW_P6 :  39% SW_P7 :  61% SW_P8 :   0% SW_P9 :   0% SW_P10 :   0% SW_P11 :   0% SW_P12 :   0% SW_P13 :   0% SW_P14 :   0% SW_P15 :   0%)
GPU idle residency:   0.00%
GPU Power: 16048 mW



*** Sampled system activity (Tue Jan 20 15:12:25 2026 +0100) (1019.38ms elapsed) ***


**** Processor usage ****

E-Cluster Online: 100%
E-Cluster HW active frequency: 1849 MHz
E-Cluster HW active residency:  53.18% (1020 MHz:  18% 1404 MHz: 6.3% 1788 MHz: 3.4% 2112 MHz: 1.8% 2352 MHz: 1.0% 2532 MHz: 1.4% 2592 MHz:  21%)
E-Cluster idle residency:  46.82%
E-Cluster down residency:   0.00%
CPU 0 frequency: 1819 MHz
CPU 0 active residency:  25.32% (1020 MHz: 8.5% 1404 MHz: 4.0% 1788 MHz: 1.3% 2112 MHz: .75% 2352 MHz: .54% 2532 MHz: .52% 2592 MHz: 9.8%)
CPU 0 idle residency:  74.68%
CPU 0 down residency:   0.00%
CPU 1 frequency: 1745 MHz
CPU 1 active residency:  12.97% (1020 MHz: 4.8% 1404 MHz: 1.9% 1788 MHz: .89% 2112 MHz: .57% 2352 MHz: .32% 2532 MHz: .36% 2592 MHz: 4.1%)
CPU 1 idle residency:  87.03%
CPU 1 down residency:   0.00%
CPU 2 frequency: 1871 MHz
CPU 2 active residency:   6.39% (1020 MHz: 2.1% 1404 MHz: .51% 1788 MHz: .68% 2112 MHz: .25% 2352 MHz: .27% 2532 MHz: .14% 2592 MHz: 2.5%)
CPU 2 idle residency:  93.61%
CPU 2 down residency:   0.00%
CPU 3 frequency: 1967 MHz
CPU 3 active residency:   5.90% (1020 MHz: 1.4% 1404 MHz: .37% 1788 MHz: .91% 2112 MHz: .45% 2352 MHz: .07% 2532 MHz: .54% 2592 MHz: 2.1%)
CPU 3 idle residency:  94.10%
CPU 3 down residency:   0.00%

P0-Cluster Online: 11%
P0-Cluster HW active frequency: 1508 MHz
P0-Cluster HW active residency:   2.90% (1260 MHz: 2.4% 1512 MHz:   0% 1800 MHz: .05% 2088 MHz: .21% 2352 MHz:   0% 2616 MHz:   0% 2868 MHz:   0% 3096 MHz:   0% 3300 MHz:   0% 3468 MHz:   0% 3624 MHz:   0% 3756 MHz:   0% 3828 MHz: .17% 3888 MHz: .03% 3948 MHz:   0% 3996 MHz:   0% 4044 MHz:   0% 4104 MHz:   0% 4416 MHz:   0% 4512 MHz:   0%)
P0-Cluster idle residency:   6.48%
P0-Cluster down residency:  90.62%
CPU 4 frequency: 0 MHz
CPU 4 active residency:   0.00% (1260 MHz:   0% 1512 MHz:   0% 1800 MHz:   0% 2088 MHz:   0% 2352 MHz:   0% 2616 MHz:   0% 2868 MHz:   0% 3096 MHz:   0% 3300 MHz:   0% 3468 MHz:   0% 3624 MHz:   0% 3756 MHz:   0% 3828 MHz:   0% 3888 MHz:   0% 3948 MHz:   0% 3996 MHz:   0% 4044 MHz:   0% 4104 MHz:   0% 4416 MHz:   0% 4512 MHz:   0%)
CPU 4 idle residency:   9.12%
CPU 4 down residency:  90.88%
CPU 5 frequency: 0 MHz
CPU 5 active residency:   0.00% (1260 MHz:   0% 1512 MHz:   0% 1800 MHz:   0% 2088 MHz:   0% 2352 MHz:   0% 2616 MHz:   0% 2868 MHz:   0% 3096 MHz:   0% 3300 MHz:   0% 3468 MHz:   0% 3624 MHz:   0% 3756 MHz:   0% 3828 MHz:   0% 3888 MHz:   0% 3948 MHz:   0% 3996 MHz:   0% 4044 MHz:   0% 4104 MHz:   0% 4416 MHz:   0% 4512 MHz:   0%)
CPU 5 idle residency:   8.95%
CPU 5 down residency:  91.05%
CPU 6 frequency: 0 MHz
CPU 6 active residency:   0.00% (1260 MHz:   0% 1512 MHz:   0% 1800 MHz:   0% 2088 MHz:   0% 2352 MHz:   0% 2616 MHz:   0% 2868 MHz:   0% 3096 MHz:   0% 3300 MHz:   0% 3468 MHz:   0% 3624 MHz:   0% 3756 MHz:   0% 3828 MHz:   0% 3888 MHz:   0% 3948 MHz:   0% 3996 MHz:   0% 4044 MHz:   0% 4104 MHz:   0% 4416 MHz:   0% 4512 MHz:   0%)
CPU 6 idle residency:   9.15%
CPU 6 down residency:  90.85%
CPU 7 frequency: 0 MHz
CPU 7 active residency:   0.00% (1260 MHz:   0% 1512 MHz:   0% 1800 MHz:   0% 2088 MHz:   0% 2352 MHz:   0% 2616 MHz:   0% 2868 MHz:   0% 3096 MHz:   0% 3300 MHz:   0% 3468 MHz:   0% 3624 MHz:   0% 3756 MHz:   0% 3828 MHz:   0% 3888 MHz:   0% 3948 MHz:   0% 3996 MHz:   0% 4044 MHz:   0% 4104 MHz:   0% 4416 MHz:   0% 4512 MHz:   0%)
CPU 7 idle residency:   9.09%
CPU 7 down residency:  90.91%
CPU 8 frequency: 0 MHz
CPU 8 active residency:   0.00% (1260 MHz:   0% 1512 MHz:   0% 1800 MHz:   0% 2088 MHz:   0% 2352 MHz:   0% 2616 MHz:   0% 2868 MHz:   0% 3096 MHz:   0% 3300 MHz:   0% 3468 MHz:   0% 3624 MHz:   0% 3756 MHz:   0% 3828 MHz:   0% 3888 MHz:   0% 3948 MHz:   0% 3996 MHz:   0% 4044 MHz:   0% 4104 MHz:   0% 4416 MHz:   0% 4512 MHz:   0%)
CPU 8 idle residency:   9.12%
CPU 8 down residency:  90.88%
CPU 9 frequency: 0 MHz
CPU 9 active residency:   0.00% (1260 MHz:   0% 1512 MHz:   0% 1800 MHz:   0% 2088 MHz:   0% 2352 MHz:   0% 2616 MHz:   0% 2868 MHz:   0% 3096 MHz:   0% 3300 MHz:   0% 3468 MHz:   0% 3624 MHz:   0% 3756 MHz:   0% 3828 MHz:   0% 3888 MHz:   0% 3948 MHz:   0% 3996 MHz:   0% 4044 MHz:   0% 4104 MHz:   0% 4416 MHz:   0% 4512 MHz:   0%)
CPU 9 idle residency:   9.16%
CPU 9 down residency:  90.84%

P1-Cluster HW active frequency: 3803 MHz
P1-Cluster HW active residency:  92.18% (1260 MHz: .41% 1512 MHz:   0% 1800 MHz: .01% 2088 MHz: .01% 2352 MHz: .03% 2616 MHz: .00% 2868 MHz: .00% 3096 MHz:   0% 3300 MHz:   0% 3468 MHz: .00% 3624 MHz:  37% 3756 MHz: 1.8% 3828 MHz: 2.5% 3888 MHz:  14% 3948 MHz:  17% 3996 MHz:  11% 4044 MHz: 7.1% 4104 MHz:   0% 4416 MHz: .44% 4512 MHz:   0%)
P1-Cluster idle residency:   7.82%
P1-Cluster down residency:   0.00%
CPU 10 frequency: 4311 MHz
CPU 10 active residency:  16.85% (1260 MHz: .03% 1512 MHz:   0% 1800 MHz:   0% 2088 MHz:   0% 2352 MHz:   0% 2616 MHz:   0% 2868 MHz:   0% 3096 MHz:   0% 3300 MHz:   0% 3468 MHz: .00% 3624 MHz: .76% 3756 MHz: .06% 3828 MHz: .80% 3888 MHz: 2.9% 3948 MHz: .24% 3996 MHz:   0% 4044 MHz:   0% 4104 MHz: .04% 4416 MHz: 1.1% 4512 MHz:  11%)
CPU 10 idle residency:  83.15%
CPU 10 down residency:   0.00%
CPU 11 frequency: 4329 MHz
CPU 11 active residency:  13.10% (1260 MHz: .00% 1512 MHz:   0% 1800 MHz:   0% 2088 MHz:   0% 2352 MHz:   0% 2616 MHz:   0% 2868 MHz: .00% 3096 MHz:   0% 3300 MHz:   0% 3468 MHz:   0% 3624 MHz: .21% 3756 MHz: .19% 3828 MHz: .43% 3888 MHz: 2.3% 3948 MHz: .59% 3996 MHz:   0% 4044 MHz:   0% 4104 MHz:   0% 4416 MHz: .01% 4512 MHz: 9.4%)
CPU 11 idle residency:  86.90%
CPU 11 down residency:   0.00%
CPU 12 frequency: 3974 MHz
CPU 12 active residency:  41.55% (1260 MHz: .08% 1512 MHz:   0% 1800 MHz:   0% 2088 MHz:   0% 2352 MHz: .00% 2616 MHz: .00% 2868 MHz:   0% 3096 MHz:   0% 3300 MHz:   0% 3468 MHz:   0% 3624 MHz:  18% 3756 MHz: .77% 3828 MHz: .69% 3888 MHz: 6.0% 3948 MHz: .78% 3996 MHz:   0% 4044 MHz:   0% 4104 MHz: .01% 4416 MHz: 5.3% 4512 MHz: 9.5%)
CPU 12 idle residency:  58.45%
CPU 12 down residency:   0.00%
CPU 13 frequency: 4424 MHz
CPU 13 active residency:  27.33% (1260 MHz: .00% 1512 MHz:   0% 1800 MHz:   0% 2088 MHz: .00% 2352 MHz:   0% 2616 MHz:   0% 2868 MHz:   0% 3096 MHz:   0% 3300 MHz:   0% 3468 MHz:   0% 3624 MHz: .18% 3756 MHz: .00% 3828 MHz: .52% 3888 MHz: 1.4% 3948 MHz: .16% 3996 MHz:   0% 4044 MHz:   0% 4104 MHz: .06% 4416 MHz: 9.2% 4512 MHz:  16%)
CPU 13 idle residency:  72.67%
CPU 13 down residency:   0.00%
CPU 14 frequency: 3937 MHz
CPU 14 active residency:  41.96% (1260 MHz: .07% 1512 MHz:   0% 1800 MHz: .00% 2088 MHz:   0% 2352 MHz: .01% 2616 MHz:   0% 2868 MHz:   0% 3096 MHz:   0% 3300 MHz:   0% 3468 MHz:   0% 3624 MHz:  20% 3756 MHz: .42% 3828 MHz: 1.1% 3888 MHz: 6.5% 3948 MHz: .74% 3996 MHz:   0% 4044 MHz:   0% 4104 MHz: .07% 4416 MHz: 5.3% 4512 MHz: 7.7%)
CPU 14 idle residency:  58.04%
CPU 14 down residency:   0.00%
CPU 15 frequency: 3944 MHz
CPU 15 active residency:  42.80% (1260 MHz: .05% 1512 MHz:   0% 1800 MHz: .01% 2088 MHz: .01% 2352 MHz: .01% 2616 MHz: .00% 2868 MHz: .00% 3096 MHz:   0% 3300 MHz:   0% 3468 MHz: .00% 3624 MHz:  19% 3756 MHz: .33% 3828 MHz: 1.9% 3888 MHz: 7.5% 3948 MHz: 1.0% 3996 MHz:   0% 4044 MHz:   0% 4104 MHz: .38% 4416 MHz: 5.4% 4512 MHz: 7.5%)
CPU 15 idle residency:  57.20%
CPU 15 down residency:   0.00%

CPU Power: 4579 mW
GPU Power: 16094 mW
ANE Power: 0 mW
Combined Power (CPU + GPU + ANE): 20673 mW

**** GPU usage ****

GPU HW active frequency: 1257 MHz
GPU HW active residency: 100.00% (338 MHz:   0% 618 MHz:   0% 796 MHz:   0% 924 MHz:   0% 952 MHz:   0% 1056 MHz:   0% 1062 MHz:   0% 1182 MHz:  42% 1182 MHz:   0% 1312 MHz:  58% 1242 MHz:   0% 1380 MHz:   0% 1326 MHz:   0% 1470 MHz:   0% 1578 MHz:   0%)
GPU SW requested state: (P1 :   0% P2 :   0% P3 :   0% P4 :   0% P5 :   0% P6 :   0% P7 :   0% P8 :   0% P9 :   0% P10 : 100% P11 :   0% P12 :   0% P13 :   0% P14 :   0% P15 :   0%)
GPU SW state: (SW_P1 :   0% SW_P2 :   0% SW_P3 :   0% SW_P4 :   0% SW_P5 :   0% SW_P6 :  42% SW_P7 :  58% SW_P8 :   0% SW_P9 :   0% SW_P10 :   0% SW_P11 :   0% SW_P12 :   0% SW_P13 :   0% SW_P14 :   0% SW_P15 :   0%)
GPU idle residency:   0.00%
GPU Power: 15971 mW



*** Sampled system activity (Tue Jan 20 15:12:26 2026 +0100) (1019.79ms elapsed) ***


**** Processor usage ****

E-Cluster Online: 100%
E-Cluster HW active frequency: 1870 MHz
E-Cluster HW active residency:  55.24% (1020 MHz:  19% 1404 MHz: 6.0% 1788 MHz: 3.2% 2112 MHz: .88% 2352 MHz: 1.1% 2532 MHz: 1.0% 2592 MHz:  24%)
E-Cluster idle residency:  44.76%
E-Cluster down residency:   0.00%
CPU 0 frequency: 1772 MHz
CPU 0 active residency:  26.29% (1020 MHz: 9.9% 1404 MHz: 3.3% 1788 MHz: 2.0% 2112 MHz: .58% 2352 MHz: .63% 2532 MHz: .75% 2592 MHz: 9.1%)
CPU 0 idle residency:  73.71%
CPU 0 down residency:   0.00%
CPU 1 frequency: 1807 MHz
CPU 1 active residency:  16.14% (1020 MHz: 5.8% 1404 MHz: 1.8% 1788 MHz: 1.5% 2112 MHz: .14% 2352 MHz: .48% 2532 MHz: .23% 2592 MHz: 6.2%)
CPU 1 idle residency:  83.86%
CPU 1 down residency:   0.00%
CPU 2 frequency: 1784 MHz
CPU 2 active residency:  10.48% (1020 MHz: 3.8% 1404 MHz: 1.3% 1788 MHz: .92% 2112 MHz: .09% 2352 MHz: .59% 2532 MHz: .13% 2592 MHz: 3.6%)
CPU 2 idle residency:  89.52%
CPU 2 down residency:   0.00%
CPU 3 frequency: 1796 MHz
CPU 3 active residency:   6.94% (1020 MHz: 2.5% 1404 MHz: .72% 1788 MHz: .76% 2112 MHz: .04% 2352 MHz: .30% 2532 MHz: .02% 2592 MHz: 2.6%)
CPU 3 idle residency:  93.06%
CPU 3 down residency:   0.00%

P0-Cluster Online: 3%
P0-Cluster HW active frequency: 1260 MHz
P0-Cluster HW active residency:   0.47% (1260 MHz: .47% 1512 MHz:   0% 1800 MHz:   0% 2088 MHz:   0% 2352 MHz:   0% 2616 MHz:   0% 2868 MHz:   0% 3096 MHz:   0% 3300 MHz:   0% 3468 MHz:   0% 3624 MHz:   0% 3756 MHz:   0% 3828 MHz:   0% 3888 MHz:   0% 3948 MHz:   0% 3996 MHz:   0% 4044 MHz:   0% 4104 MHz:   0% 4416 MHz:   0% 4512 MHz:   0%)
P0-Cluster idle residency:   1.56%
P0-Cluster down residency:  97.98%
CPU 4 frequency: 3307 MHz
CPU 4 active residency:   2.43% (1260 MHz: .45% 1512 MHz:   0% 1800 MHz: .02% 2088 MHz: .02% 2352 MHz:   0% 2616 MHz: .02% 2868 MHz:   0% 3096 MHz:   0% 3300 MHz:   0% 3468 MHz:   0% 3624 MHz:   0% 3756 MHz:   0% 3828 MHz: 1.9% 3888 MHz:   0% 3948 MHz:   0% 3996 MHz:   0% 4044 MHz:   0% 4104 MHz:   0% 4416 MHz:   0% 4512 MHz:   0%)
CPU 4 idle residency:   1.96%
CPU 4 down residency:  95.61%
CPU 5 frequency: 3435 MHz
CPU 5 active residency:   3.65% (1260 MHz: .44% 1512 MHz:   0% 1800 MHz: .01% 2088 MHz: .13% 2352 MHz:   0% 2616 MHz: .04% 2868 MHz:   0% 3096 MHz:   0% 3300 MHz:   0% 3468 MHz:   0% 3624 MHz:   0% 3756 MHz:   0% 3828 MHz: 3.0% 3888 MHz: .00% 3948 MHz:   0% 3996 MHz:   0% 4044 MHz:   0% 4104 MHz:   0% 4416 MHz:   0% 4512 MHz:   0%)
CPU 5 idle residency:   1.94%
CPU 5 down residency:  94.41%
CPU 6 frequency: 2443 MHz
CPU 6 active residency:   0.85% (1260 MHz: .45% 1512 MHz:   0% 1800 MHz:   0% 2088 MHz: .00% 2352 MHz:   0% 2616 MHz: .02% 2868 MHz:   0% 3096 MHz:   0% 3300 MHz:   0% 3468 MHz:   0% 3624 MHz:   0% 3756 MHz:   0% 3828 MHz: .38% 3888 MHz:   0% 3948 MHz:   0% 3996 MHz:   0% 4044 MHz:   0% 4104 MHz:   0% 4416 MHz:   0% 4512 MHz:   0%)
CPU 6 idle residency:   1.99%
CPU 6 down residency:  97.15%
CPU 7 frequency: 3488 MHz
CPU 7 active residency:   3.77% (1260 MHz: .46% 1512 MHz:   0% 1800 MHz:   0% 2088 MHz: .04% 2352 MHz:   0% 2616 MHz: .03% 2868 MHz:   0% 3096 MHz:   0% 3300 MHz:   0% 3468 MHz:   0% 3624 MHz: .02% 3756 MHz:   0% 3828 MHz: 3.2% 3888 MHz:   0% 3948 MHz:   0% 3996 MHz:   0% 4044 MHz:   0% 4104 MHz:   0% 4416 MHz:   0% 4512 MHz:   0%)
CPU 7 idle residency:   1.94%
CPU 7 down residency:  94.30%
CPU 8 frequency: 3537 MHz
CPU 8 active residency:   4.38% (1260 MHz: .45% 1512 MHz:   0% 1800 MHz: .02% 2088 MHz: .02% 2352 MHz:   0% 2616 MHz: .04% 2868 MHz:   0% 3096 MHz:   0% 3300 MHz:   0% 3468 MHz:   0% 3624 MHz:   0% 3756 MHz:   0% 3828 MHz: 3.8% 3888 MHz:   0% 3948 MHz:   0% 3996 MHz:   0% 4044 MHz:   0% 4104 MHz:   0% 4416 MHz:   0% 4512 MHz:   0%)
CPU 8 idle residency:   1.92%
CPU 8 down residency:  93.70%
CPU 9 frequency: 1540 MHz
CPU 9 active residency:   0.51% (1260 MHz: .45% 1512 MHz:   0% 1800 MHz:   0% 2088 MHz: .00% 2352 MHz:   0% 2616 MHz: .02% 2868 MHz:   0% 3096 MHz:   0% 3300 MHz:   0% 3468 MHz:   0% 3624 MHz:   0% 3756 MHz: .02% 3828 MHz: .03% 3888 MHz:   0% 3948 MHz:   0% 3996 MHz:   0% 4044 MHz:   0% 4104 MHz:   0% 4416 MHz:   0% 4512 MHz:   0%)
CPU 9 idle residency:   2.00%
CPU 9 down residency:  97.49%

P1-Cluster HW active frequency: 3811 MHz
P1-Cluster HW active residency:  91.84% (1260 MHz: .51% 1512 MHz:   0% 1800 MHz: .00% 2088 MHz: .04% 2352 MHz:   0% 2616 MHz: .01% 2868 MHz:   0% 3096 MHz: .00% 3300 MHz:   0% 3468 MHz:   0% 3624 MHz:  24% 3756 MHz:  19% 3828 MHz: 8.9% 3888 MHz: 2.7% 3948 MHz:  17% 3996 MHz:  11% 4044 MHz: 8.8% 4104 MHz:   0% 4416 MHz: .02% 4512 MHz: .02%)
P1-Cluster idle residency:   8.16%
P1-Cluster down residency:   0.00%
CPU 10 frequency: 3900 MHz
CPU 10 active residency:  45.74% (1260 MHz: .06% 1512 MHz:   0% 1800 MHz: .00% 2088 MHz:   0% 2352 MHz:   0% 2616 MHz: .01% 2868 MHz:   0% 3096 MHz: .00% 3300 MHz:   0% 3468 MHz:   0% 3624 MHz:  14% 3756 MHz:  11% 3828 MHz: 5.4% 3888 MHz: .43% 3948 MHz: .51% 3996 MHz: .12% 4044 MHz: 1.2% 4104 MHz: 3.8% 4416 MHz: 3.7% 4512 MHz: 5.2%)
CPU 10 idle residency:  54.26%
CPU 10 down residency:   0.00%
CPU 11 frequency: 3901 MHz
CPU 11 active residency:  39.84% (1260 MHz: .09% 1512 MHz:   0% 1800 MHz: .00% 2088 MHz: .00% 2352 MHz:   0% 2616 MHz:   0% 2868 MHz:   0% 3096 MHz:   0% 3300 MHz:   0% 3468 MHz:   0% 3624 MHz:  12% 3756 MHz: 8.3% 3828 MHz: 5.7% 3888 MHz: .26% 3948 MHz: .55% 3996 MHz: .28% 4044 MHz: 1.5% 4104 MHz: 4.1% 4416 MHz: 3.0% 4512 MHz: 4.1%)
CPU 11 idle residency:  60.16%
CPU 11 down residency:   0.00%
CPU 12 frequency: 4228 MHz
CPU 12 active residency:  21.51% (1260 MHz:   0% 1512 MHz:   0% 1800 MHz:   0% 2088 MHz:   0% 2352 MHz:   0% 2616 MHz:   0% 2868 MHz:   0% 3096 MHz: .00% 3300 MHz:   0% 3468 MHz:   0% 3624 MHz: .88% 3756 MHz: 1.7% 3828 MHz: 1.8% 3888 MHz:   0% 3948 MHz: .09% 3996 MHz: .00% 4044 MHz: 2.5% 4104 MHz: 2.9% 4416 MHz: 3.7% 4512 MHz: 7.8%)
CPU 12 idle residency:  78.49%
CPU 12 down residency:   0.00%
CPU 13 frequency: 4212 MHz
CPU 13 active residency:  13.28% (1260 MHz:   0% 1512 MHz:   0% 1800 MHz:   0% 2088 MHz:   0% 2352 MHz:   0% 2616 MHz: .00% 2868 MHz:   0% 3096 MHz:   0% 3300 MHz:   0% 3468 MHz:   0% 3624 MHz: .18% 3756 MHz: .39% 3828 MHz: .51% 3888 MHz:   0% 3948 MHz: .17% 3996 MHz:   0% 4044 MHz: 2.7% 4104 MHz: 3.4% 4416 MHz: 4.6% 4512 MHz: 1.4%)
CPU 13 idle residency:  86.72%
CPU 13 down residency:   0.00%
CPU 14 frequency: 3874 MHz
CPU 14 active residency:  42.42% (1260 MHz: .12% 1512 MHz:   0% 1800 MHz:   0% 2088 MHz: .04% 2352 MHz:   0% 2616 MHz: .01% 2868 MHz:   0% 3096 MHz: .00% 3300 MHz:   0% 3468 MHz:   0% 3624 MHz:  11% 3756 MHz:  11% 3828 MHz: 5.1% 3888 MHz: .22% 3948 MHz: .76% 3996 MHz: .15% 4044 MHz: 5.7% 4104 MHz: 3.9% 4416 MHz: .39% 4512 MHz: 3.9%)
CPU 14 idle residency:  57.58%
CPU 14 down residency:   0.00%
CPU 15 frequency: 4214 MHz
CPU 15 active residency:  17.87% (1260 MHz:   0% 1512 MHz:   0% 1800 MHz:   0% 2088 MHz:   0% 2352 MHz:   0% 2616 MHz:   0% 2868 MHz:   0% 3096 MHz:   0% 3300 MHz:   0% 3468 MHz:   0% 3624 MHz: .03% 3756 MHz: .15% 3828 MHz: .13% 3888 MHz:   0% 3948 MHz: .09% 3996 MHz:   0% 4044 MHz: 2.2% 4104 MHz: 8.3% 4416 MHz: 6.9% 4512 MHz: .14%)
CPU 15 idle residency:  82.13%
CPU 15 down residency:   0.00%

CPU Power: 4450 mW
GPU Power: 16025 mW
ANE Power: 0 mW
Combined Power (CPU + GPU + ANE): 20475 mW

**** GPU usage ****

GPU HW active frequency: 1259 MHz
GPU HW active residency: 100.00% (338 MHz:   0% 618 MHz:   0% 796 MHz:   0% 924 MHz:   0% 952 MHz:   0% 1056 MHz:   0% 1062 MHz:   0% 1182 MHz:  40% 1182 MHz:   0% 1312 MHz:  60% 1242 MHz:   0% 1380 MHz:   0% 1326 MHz:   0% 1470 MHz:   0% 1578 MHz:   0%)
GPU SW requested state: (P1 :   0% P2 :   0% P3 :   0% P4 :   0% P5 :   0% P6 :   0% P7 :   0% P8 :   0% P9 :   0% P10 : 100% P11 :   0% P12 :   0% P13 :   0% P14 :   0% P15 :   0%)
GPU SW state: (SW_P1 :   0% SW_P2 :   0% SW_P3 :   0% SW_P4 :   0% SW_P5 :   0% SW_P6 :  40% SW_P7 :  60% SW_P8 :   0% SW_P9 :   0% SW_P10 :   0% SW_P11 :   0% SW_P12 :   0% SW_P13 :   0% SW_P14 :   0% SW_P15 :   0%)
GPU idle residency:   0.00%
GPU Power: 16151 mW



*** Sampled system activity (Tue Jan 20 15:12:27 2026 +0100) (1020.52ms elapsed) ***


**** Processor usage ****

E-Cluster Online: 100%
E-Cluster HW active frequency: 1819 MHz
E-Cluster HW active residency:  57.10% (1020 MHz:  21% 1404 MHz: 5.0% 1788 MHz: 4.1% 2112 MHz: 1.7% 2352 MHz: 1.9% 2532 MHz: 2.0% 2592 MHz:  21%)
E-Cluster idle residency:  42.90%
E-Cluster down residency:   0.00%
CPU 0 frequency: 1783 MHz
CPU 0 active residency:  31.18% (1020 MHz:  12% 1404 MHz: 3.3% 1788 MHz: 2.7% 2112 MHz: 1.1% 2352 MHz: 1.1% 2532 MHz: 1.4% 2592 MHz:  10%)
CPU 0 idle residency:  68.82%
CPU 0 down residency:   0.00%
CPU 1 frequency: 1774 MHz
CPU 1 active residency:  21.11% (1020 MHz: 8.0% 1404 MHz: 2.3% 1788 MHz: 1.8% 2112 MHz: .73% 2352 MHz: .66% 2532 MHz: 1.0% 2592 MHz: 6.6%)
CPU 1 idle residency:  78.89%
CPU 1 down residency:   0.00%
CPU 2 frequency: 1777 MHz
CPU 2 active residency:  14.93% (1020 MHz: 5.5% 1404 MHz: 1.7% 1788 MHz: 1.5% 2112 MHz: .48% 2352 MHz: .35% 2532 MHz: .67% 2592 MHz: 4.8%)
CPU 2 idle residency:  85.07%
CPU 2 down residency:   0.00%
CPU 3 frequency: 1786 MHz
CPU 3 active residency:  11.01% (1020 MHz: 3.8% 1404 MHz: 1.2% 1788 MHz: 1.3% 2112 MHz: .40% 2352 MHz: .26% 2532 MHz: .69% 2592 MHz: 3.2%)
CPU 3 idle residency:  88.99%
CPU 3 down residency:   0.00%

P0-Cluster Online: 9%
P0-Cluster HW active frequency: 1721 MHz
P0-Cluster HW active residency:   3.62% (1260 MHz: 2.5% 1512 MHz:   0% 1800 MHz: .07% 2088 MHz: .50% 2352 MHz: .10% 2616 MHz:   0% 2868 MHz:   0% 3096 MHz:   0% 3300 MHz:   0% 3468 MHz:   0% 3624 MHz: .37% 3756 MHz: .09% 3828 MHz:   0% 3888 MHz:   0% 3948 MHz:   0% 3996 MHz:   0% 4044 MHz:   0% 4104 MHz:   0% 4416 MHz:   0% 4512 MHz:   0%)
P0-Cluster idle residency:   4.66%
P0-Cluster down residency:  91.72%
CPU 4 frequency: 1313 MHz
CPU 4 active residency:   0.21% (1260 MHz: .19% 1512 MHz:   0% 1800 MHz: .02% 2088 MHz:   0% 2352 MHz:   0% 2616 MHz:   0% 2868 MHz:   0% 3096 MHz:   0% 3300 MHz:   0% 3468 MHz:   0% 3624 MHz:   0% 3756 MHz:   0% 3828 MHz:   0% 3888 MHz:   0% 3948 MHz:   0% 3996 MHz:   0% 4044 MHz:   0% 4104 MHz:   0% 4416 MHz:   0% 4512 MHz:   0%)
CPU 4 idle residency:   7.86%
CPU 4 down residency:  91.92%
CPU 5 frequency: 1295 MHz
CPU 5 active residency:   0.20% (1260 MHz: .19% 1512 MHz:   0% 1800 MHz:   0% 2088 MHz:   0% 2352 MHz:   0% 2616 MHz:   0% 2868 MHz:   0% 3096 MHz:   0% 3300 MHz:   0% 3468 MHz:   0% 3624 MHz:   0% 3756 MHz: .00% 3828 MHz:   0% 3888 MHz:   0% 3948 MHz:   0% 3996 MHz:   0% 4044 MHz:   0% 4104 MHz:   0% 4416 MHz:   0% 4512 MHz:   0%)
CPU 5 idle residency:   7.37%
CPU 5 down residency:  92.43%
CPU 6 frequency: 1473 MHz
CPU 6 active residency:   0.21% (1260 MHz: .19% 1512 MHz:   0% 1800 MHz:   0% 2088 MHz:   0% 2352 MHz:   0% 2616 MHz:   0% 2868 MHz:   0% 3096 MHz:   0% 3300 MHz:   0% 3468 MHz:   0% 3624 MHz:   0% 3756 MHz: .02% 3828 MHz:   0% 3888 MHz:   0% 3948 MHz:   0% 3996 MHz:   0% 4044 MHz:   0% 4104 MHz:   0% 4416 MHz:   0% 4512 MHz:   0%)
CPU 6 idle residency:   7.88%
CPU 6 down residency:  91.91%
CPU 7 frequency: 1260 MHz
CPU 7 active residency:   0.19% (1260 MHz: .19% 1512 MHz:   0% 1800 MHz:   0% 2088 MHz:   0% 2352 MHz:   0% 2616 MHz:   0% 2868 MHz:   0% 3096 MHz:   0% 3300 MHz:   0% 3468 MHz:   0% 3624 MHz:   0% 3756 MHz:   0% 3828 MHz:   0% 3888 MHz:   0% 3948 MHz:   0% 3996 MHz:   0% 4044 MHz:   0% 4104 MHz:   0% 4416 MHz:   0% 4512 MHz:   0%)
CPU 7 idle residency:   7.84%
CPU 7 down residency:  91.98%
CPU 8 frequency: 1260 MHz
CPU 8 active residency:   0.19% (1260 MHz: .19% 1512 MHz:   0% 1800 MHz:   0% 2088 MHz:   0% 2352 MHz:   0% 2616 MHz:   0% 2868 MHz:   0% 3096 MHz:   0% 3300 MHz:   0% 3468 MHz:   0% 3624 MHz:   0% 3756 MHz:   0% 3828 MHz:   0% 3888 MHz:   0% 3948 MHz:   0% 3996 MHz:   0% 4044 MHz:   0% 4104 MHz:   0% 4416 MHz:   0% 4512 MHz:   0%)
CPU 8 idle residency:   7.58%
CPU 8 down residency:  92.23%
CPU 9 frequency: 1405 MHz
CPU 9 active residency:   0.20% (1260 MHz: .19% 1512 MHz:   0% 1800 MHz:   0% 2088 MHz:   0% 2352 MHz:   0% 2616 MHz:   0% 2868 MHz:   0% 3096 MHz:   0% 3300 MHz:   0% 3468 MHz:   0% 3624 MHz:   0% 3756 MHz: .01% 3828 MHz:   0% 3888 MHz:   0% 3948 MHz:   0% 3996 MHz:   0% 4044 MHz:   0% 4104 MHz:   0% 4416 MHz:   0% 4512 MHz:   0%)
CPU 9 idle residency:   7.91%
CPU 9 down residency:  91.89%

P1-Cluster HW active frequency: 3799 MHz
P1-Cluster HW active residency:  92.42% (1260 MHz: .42% 1512 MHz: .00% 1800 MHz: .05% 2088 MHz: .01% 2352 MHz: .02% 2616 MHz: .03% 2868 MHz: .02% 3096 MHz: .04% 3300 MHz:   0% 3468 MHz: .46% 3624 MHz:  27% 3756 MHz:  20% 3828 MHz: 3.0% 3888 MHz: 5.4% 3948 MHz:  18% 3996 MHz:  10% 4044 MHz: 7.6% 4104 MHz:   0% 4416 MHz:   0% 4512 MHz:   0%)
P1-Cluster idle residency:   7.58%
P1-Cluster down residency:   0.00%
CPU 10 frequency: 4001 MHz
CPU 10 active residency:  45.00% (1260 MHz: .06% 1512 MHz:   0% 1800 MHz: .03% 2088 MHz: .00% 2352 MHz:   0% 2616 MHz:   0% 2868 MHz: .02% 3096 MHz:   0% 3300 MHz:   0% 3468 MHz: .09% 3624 MHz:  14% 3756 MHz: 8.9% 3828 MHz: 1.2% 3888 MHz: 1.2% 3948 MHz: .86% 3996 MHz: .44% 4044 MHz: .83% 4104 MHz: .28% 4416 MHz: 5.6% 4512 MHz:  11%)
CPU 10 idle residency:  55.00%
CPU 10 down residency:   0.00%
CPU 11 frequency: 4011 MHz
CPU 11 active residency:  42.91% (1260 MHz: .09% 1512 MHz: .00% 1800 MHz: .00% 2088 MHz: .00% 2352 MHz:   0% 2616 MHz: .00% 2868 MHz: .02% 3096 MHz:   0% 3300 MHz:   0% 3468 MHz: .07% 3624 MHz:  14% 3756 MHz: 8.1% 3828 MHz: .98% 3888 MHz: .58% 3948 MHz: .53% 3996 MHz: .33% 4044 MHz: .57% 4104 MHz: .03% 4416 MHz: 5.7% 4512 MHz:  12%)
CPU 11 idle residency:  57.09%
CPU 11 down residency:   0.00%
CPU 12 frequency: 4080 MHz
CPU 12 active residency:  46.14% (1260 MHz: .04% 1512 MHz: .00% 1800 MHz: .02% 2088 MHz:   0% 2352 MHz:   0% 2616 MHz:   0% 2868 MHz: .02% 3096 MHz: .00% 3300 MHz:   0% 3468 MHz: .38% 3624 MHz:  15% 3756 MHz: 5.5% 3828 MHz: .72% 3888 MHz: .84% 3948 MHz: .01% 3996 MHz: .27% 4044 MHz: .52% 4104 MHz: .07% 4416 MHz: 6.5% 4512 MHz:  16%)
CPU 12 idle residency:  53.86%
CPU 12 down residency:   0.00%
CPU 13 frequency: 4078 MHz
CPU 13 active residency:  30.60% (1260 MHz: .02% 1512 MHz:   0% 1800 MHz: .01% 2088 MHz: .00% 2352 MHz: .02% 2616 MHz: .03% 2868 MHz: .02% 3096 MHz: .04% 3300 MHz:   0% 3468 MHz: .10% 3624 MHz: 2.6% 3756 MHz: 9.8% 3828 MHz: 1.4% 3888 MHz: .80% 3948 MHz: .87% 3996 MHz: .51% 4044 MHz: .62% 4104 MHz: .40% 4416 MHz: 5.5% 4512 MHz: 7.9%)
CPU 13 idle residency:  69.40%
CPU 13 down residency:   0.00%
CPU 14 frequency: 4246 MHz
CPU 14 active residency:  18.26% (1260 MHz:   0% 1512 MHz:   0% 1800 MHz:   0% 2088 MHz:   0% 2352 MHz: .01% 2616 MHz:   0% 2868 MHz: .00% 3096 MHz:   0% 3300 MHz:   0% 3468 MHz: .01% 3624 MHz: 2.1% 3756 MHz: 3.1% 3828 MHz: .43% 3888 MHz: .04% 3948 MHz: .11% 3996 MHz: .04% 4044 MHz: .00% 4104 MHz: .05% 4416 MHz: 1.6% 4512 MHz:  11%)
CPU 14 idle residency:  81.74%
CPU 14 down residency:   0.00%
CPU 15 frequency: 4265 MHz
CPU 15 active residency:  15.41% (1260 MHz:   0% 1512 MHz:   0% 1800 MHz:   0% 2088 MHz: .00% 2352 MHz: .01% 2616 MHz:   0% 2868 MHz:   0% 3096 MHz:   0% 3300 MHz:   0% 3468 MHz:   0% 3624 MHz: .84% 3756 MHz: 3.1% 3828 MHz: .22% 3888 MHz: .05% 3948 MHz: .39% 3996 MHz:   0% 4044 MHz:   0% 4104 MHz: .39% 4416 MHz: .99% 4512 MHz: 9.4%)
CPU 15 idle residency:  84.59%
CPU 15 down residency:   0.00%

CPU Power: 4655 mW
GPU Power: 16351 mW
ANE Power: 0 mW
Combined Power (CPU + GPU + ANE): 21007 mW

**** GPU usage ****

GPU HW active frequency: 1268 MHz
GPU HW active residency: 100.00% (338 MHz:   0% 618 MHz:   0% 796 MHz:   0% 924 MHz:   0% 952 MHz:   0% 1056 MHz:   0% 1062 MHz:   0% 1182 MHz:  34% 1182 MHz:   0% 1312 MHz:  66% 1242 MHz:   0% 1380 MHz: .54% 1326 MHz:   0% 1470 MHz:   0% 1578 MHz:   0%)
GPU SW requested state: (P1 :   0% P2 :   0% P3 :   0% P4 :   0% P5 :   0% P6 :   0% P7 :   0% P8 :   0% P9 :   0% P10 : 100% P11 :   0% P12 :   0% P13 :   0% P14 :   0% P15 :   0%)
GPU SW state: (SW_P1 :   0% SW_P2 :   0% SW_P3 :   0% SW_P4 :   0% SW_P5 :   0% SW_P6 :  34% SW_P7 :  66% SW_P8 : .54% SW_P9 :   0% SW_P10 :   0% SW_P11 :   0% SW_P12 :   0% SW_P13 :   0% SW_P14 :   0% SW_P15 :   0%)
GPU idle residency:   0.00%
GPU Power: 16225 mW



*** Sampled system activity (Tue Jan 20 15:12:28 2026 +0100) (1020.69ms elapsed) ***


**** Processor usage ****

E-Cluster Online: 100%
E-Cluster HW active frequency: 1333 MHz
E-Cluster HW active residency:  58.77% (1020 MHz:  37% 1404 MHz: 9.4% 1788 MHz: 4.2% 2112 MHz: 1.6% 2352 MHz: .69% 2532 MHz: 1.1% 2592 MHz: 4.6%)
E-Cluster idle residency:  41.23%
E-Cluster down residency:   0.00%
CPU 0 frequency: 1286 MHz
CPU 0 active residency:  28.68% (1020 MHz:  19% 1404 MHz: 5.1% 1788 MHz: 1.5% 2112 MHz: .45% 2352 MHz: .16% 2532 MHz: .33% 2592 MHz: 2.1%)
CPU 0 idle residency:  71.32%
CPU 0 down residency:   0.00%
CPU 1 frequency: 1361 MHz
CPU 1 active residency:  16.45% (1020 MHz: 9.9% 1404 MHz: 2.5% 1788 MHz: 1.5% 2112 MHz: .89% 2352 MHz: .42% 2532 MHz: .31% 2592 MHz: .95%)
CPU 1 idle residency:  83.55%
CPU 1 down residency:   0.00%
CPU 2 frequency: 1240 MHz
CPU 2 active residency:  12.63% (1020 MHz: 8.7% 1404 MHz: 1.8% 1788 MHz: 1.4% 2112 MHz: .17% 2352 MHz: .04% 2532 MHz: .09% 2592 MHz: .40%)
CPU 2 idle residency:  87.37%
CPU 2 down residency:   0.00%
CPU 3 frequency: 1310 MHz
CPU 3 active residency:   7.21% (1020 MHz: 4.9% 1404 MHz: .60% 1788 MHz: .63% 2112 MHz: .49% 2352 MHz: .03% 2532 MHz: .42% 2592 MHz: .12%)
CPU 3 idle residency:  92.79%
CPU 3 down residency:   0.00%

P0-Cluster Online: 2%
P0-Cluster HW active frequency: 1260 MHz
P0-Cluster HW active residency:   0.24% (1260 MHz: .24% 1512 MHz:   0% 1800 MHz:   0% 2088 MHz:   0% 2352 MHz:   0% 2616 MHz:   0% 2868 MHz:   0% 3096 MHz:   0% 3300 MHz:   0% 3468 MHz:   0% 3624 MHz:   0% 3756 MHz:   0% 3828 MHz:   0% 3888 MHz:   0% 3948 MHz:   0% 3996 MHz:   0% 4044 MHz:   0% 4104 MHz:   0% 4416 MHz:   0% 4512 MHz:   0%)
P0-Cluster idle residency:   1.07%
P0-Cluster down residency:  98.69%
CPU 4 frequency: 0 MHz
CPU 4 active residency:   0.00% (1260 MHz:   0% 1512 MHz:   0% 1800 MHz:   0% 2088 MHz:   0% 2352 MHz:   0% 2616 MHz:   0% 2868 MHz:   0% 3096 MHz:   0% 3300 MHz:   0% 3468 MHz:   0% 3624 MHz:   0% 3756 MHz:   0% 3828 MHz:   0% 3888 MHz:   0% 3948 MHz:   0% 3996 MHz:   0% 4044 MHz:   0% 4104 MHz:   0% 4416 MHz:   0% 4512 MHz:   0%)
CPU 4 idle residency:   1.27%
CPU 4 down residency:  98.73%
CPU 5 frequency: 0 MHz
CPU 5 active residency:   0.00% (1260 MHz:   0% 1512 MHz:   0% 1800 MHz:   0% 2088 MHz:   0% 2352 MHz:   0% 2616 MHz:   0% 2868 MHz:   0% 3096 MHz:   0% 3300 MHz:   0% 3468 MHz:   0% 3624 MHz:   0% 3756 MHz:   0% 3828 MHz:   0% 3888 MHz:   0% 3948 MHz:   0% 3996 MHz:   0% 4044 MHz:   0% 4104 MHz:   0% 4416 MHz:   0% 4512 MHz:   0%)
CPU 5 idle residency:   1.27%
CPU 5 down residency:  98.73%
CPU 6 frequency: 0 MHz
CPU 6 active residency:   0.00% (1260 MHz:   0% 1512 MHz:   0% 1800 MHz:   0% 2088 MHz:   0% 2352 MHz:   0% 2616 MHz:   0% 2868 MHz:   0% 3096 MHz:   0% 3300 MHz:   0% 3468 MHz:   0% 3624 MHz:   0% 3756 MHz:   0% 3828 MHz:   0% 3888 MHz:   0% 3948 MHz:   0% 3996 MHz:   0% 4044 MHz:   0% 4104 MHz:   0% 4416 MHz:   0% 4512 MHz:   0%)
CPU 6 idle residency:   1.27%
CPU 6 down residency:  98.73%
CPU 7 frequency: 0 MHz
CPU 7 active residency:   0.00% (1260 MHz:   0% 1512 MHz:   0% 1800 MHz:   0% 2088 MHz:   0% 2352 MHz:   0% 2616 MHz:   0% 2868 MHz:   0% 3096 MHz:   0% 3300 MHz:   0% 3468 MHz:   0% 3624 MHz:   0% 3756 MHz:   0% 3828 MHz:   0% 3888 MHz:   0% 3948 MHz:   0% 3996 MHz:   0% 4044 MHz:   0% 4104 MHz:   0% 4416 MHz:   0% 4512 MHz:   0%)
CPU 7 idle residency:   1.27%
CPU 7 down residency:  98.73%
CPU 8 frequency: 0 MHz
CPU 8 active residency:   0.00% (1260 MHz:   0% 1512 MHz:   0% 1800 MHz:   0% 2088 MHz:   0% 2352 MHz:   0% 2616 MHz:   0% 2868 MHz:   0% 3096 MHz:   0% 3300 MHz:   0% 3468 MHz:   0% 3624 MHz:   0% 3756 MHz:   0% 3828 MHz:   0% 3888 MHz:   0% 3948 MHz:   0% 3996 MHz:   0% 4044 MHz:   0% 4104 MHz:   0% 4416 MHz:   0% 4512 MHz:   0%)
CPU 8 idle residency:   1.27%
CPU 8 down residency:  98.73%
CPU 9 frequency: 0 MHz
CPU 9 active residency:   0.00% (1260 MHz:   0% 1512 MHz:   0% 1800 MHz:   0% 2088 MHz:   0% 2352 MHz:   0% 2616 MHz:   0% 2868 MHz:   0% 3096 MHz:   0% 3300 MHz:   0% 3468 MHz:   0% 3624 MHz:   0% 3756 MHz:   0% 3828 MHz:   0% 3888 MHz:   0% 3948 MHz:   0% 3996 MHz:   0% 4044 MHz:   0% 4104 MHz:   0% 4416 MHz:   0% 4512 MHz:   0%)
CPU 9 idle residency:   1.27%
CPU 9 down residency:  98.73%

P1-Cluster HW active frequency: 3674 MHz
P1-Cluster HW active residency:  94.01% (1260 MHz: .46% 1512 MHz: .00% 1800 MHz: .00% 2088 MHz: .03% 2352 MHz: .02% 2616 MHz:   0% 2868 MHz: .01% 3096 MHz:   0% 3300 MHz: .00% 3468 MHz: 2.1% 3624 MHz:  65% 3756 MHz: 8.3% 3828 MHz: 8.3% 3888 MHz: 5.1% 3948 MHz: 1.7% 3996 MHz: 1.7% 4044 MHz: 1.4% 4104 MHz:   0% 4416 MHz: .16% 4512 MHz: .13%)
P1-Cluster idle residency:   5.99%
P1-Cluster down residency:   0.00%
CPU 10 frequency: 3689 MHz
CPU 10 active residency:  52.12% (1260 MHz: .07% 1512 MHz: .00% 1800 MHz: .00% 2088 MHz: .01% 2352 MHz:   0% 2616 MHz:   0% 2868 MHz:   0% 3096 MHz:   0% 3300 MHz:   0% 3468 MHz: 1.7% 3624 MHz:  34% 3756 MHz: 6.3% 3828 MHz: 8.2% 3888 MHz: .00% 3948 MHz:   0% 3996 MHz:   0% 4044 MHz:   0% 4104 MHz:   0% 4416 MHz:   0% 4512 MHz: 1.5%)
CPU 10 idle residency:  47.88%
CPU 10 down residency:   0.00%
CPU 11 frequency: 3656 MHz
CPU 11 active residency:  46.54% (1260 MHz: .10% 1512 MHz: .00% 1800 MHz:   0% 2088 MHz: .00% 2352 MHz: .00% 2616 MHz:   0% 2868 MHz: .00% 3096 MHz:   0% 3300 MHz:   0% 3468 MHz: 1.6% 3624 MHz:  40% 3756 MHz: 3.1% 3828 MHz: .00% 3888 MHz: .00% 3948 MHz:   0% 3996 MHz:   0% 4044 MHz:   0% 4104 MHz:   0% 4416 MHz:   0% 4512 MHz: 1.7%)
CPU 11 idle residency:  53.46%
CPU 11 down residency:   0.00%
CPU 12 frequency: 3750 MHz
CPU 12 active residency:  14.10% (1260 MHz: .02% 1512 MHz:   0% 1800 MHz:   0% 2088 MHz:   0% 2352 MHz:   0% 2616 MHz:   0% 2868 MHz:   0% 3096 MHz:   0% 3300 MHz: .00% 3468 MHz:   0% 3624 MHz: 6.4% 3756 MHz: 1.1% 3828 MHz: 1.5% 3888 MHz: 5.1% 3948 MHz:   0% 3996 MHz:   0% 4044 MHz:   0% 4104 MHz:   0% 4416 MHz:   0% 4512 MHz: .06%)
CPU 12 idle residency:  85.90%
CPU 12 down residency:   0.00%
CPU 13 frequency: 3746 MHz
CPU 13 active residency:  13.72% (1260 MHz:   0% 1512 MHz:   0% 1800 MHz:   0% 2088 MHz: .01% 2352 MHz:   0% 2616 MHz:   0% 2868 MHz:   0% 3096 MHz:   0% 3300 MHz:   0% 3468 MHz:   0% 3624 MHz: 4.9% 3756 MHz: 3.5% 3828 MHz: 3.4% 3888 MHz: 1.9% 3948 MHz:   0% 3996 MHz:   0% 4044 MHz:   0% 4104 MHz:   0% 4416 MHz:   0% 4512 MHz: .03%)
CPU 13 idle residency:  86.28%
CPU 13 down residency:   0.00%
CPU 14 frequency: 3704 MHz
CPU 14 active residency:  44.23% (1260 MHz: .07% 1512 MHz:   0% 1800 MHz:   0% 2088 MHz:   0% 2352 MHz:   0% 2616 MHz:   0% 2868 MHz:   0% 3096 MHz:   0% 3300 MHz:   0% 3468 MHz: 1.2% 3624 MHz:  32% 3756 MHz: 2.9% 3828 MHz: 3.2% 3888 MHz: 2.2% 3948 MHz:   0% 3996 MHz:   0% 4044 MHz:   0% 4104 MHz:   0% 4416 MHz:   0% 4512 MHz: 2.6%)
CPU 14 idle residency:  55.77%
CPU 14 down residency:   0.00%
CPU 15 frequency: 3904 MHz
CPU 15 active residency:  21.50% (1260 MHz: .01% 1512 MHz:   0% 1800 MHz: .00% 2088 MHz: .00% 2352 MHz:   0% 2616 MHz:   0% 2868 MHz: .01% 3096 MHz:   0% 3300 MHz: .00% 3468 MHz: .02% 3624 MHz: 7.9% 3756 MHz: 3.5% 3828 MHz: 3.5% 3888 MHz: 1.4% 3948 MHz:   0% 3996 MHz:   0% 4044 MHz:   0% 4104 MHz:   0% 4416 MHz:   0% 4512 MHz: 5.1%)
CPU 15 idle residency:  78.50%
CPU 15 down residency:   0.00%

CPU Power: 3794 mW
GPU Power: 16305 mW
ANE Power: 0 mW
Combined Power (CPU + GPU + ANE): 20098 mW

**** GPU usage ****

GPU HW active frequency: 1271 MHz
GPU HW active residency: 100.00% (338 MHz:   0% 618 MHz:   0% 796 MHz:   0% 924 MHz:   0% 952 MHz:   0% 1056 MHz:   0% 1062 MHz:   0% 1182 MHz:  32% 1182 MHz:   0% 1312 MHz:  67% 1242 MHz:   0% 1380 MHz: .98% 1326 MHz:   0% 1470 MHz:   0% 1578 MHz:   0%)
GPU SW requested state: (P1 :   0% P2 :   0% P3 :   0% P4 :   0% P5 :   0% P6 :   0% P7 :   0% P8 :   0% P9 :   0% P10 : 100% P11 :   0% P12 :   0% P13 :   0% P14 :   0% P15 :   0%)
GPU SW state: (SW_P1 :   0% SW_P2 :   0% SW_P3 :   0% SW_P4 :   0% SW_P5 :   0% SW_P6 :  32% SW_P7 :  67% SW_P8 : .98% SW_P9 :   0% SW_P10 :   0% SW_P11 :   0% SW_P12 :   0% SW_P13 :   0% SW_P14 :   0% SW_P15 :   0%)
GPU idle residency:   0.00%
GPU Power: 16428 mW



*** Sampled system activity (Tue Jan 20 15:12:29 2026 +0100) (1019.71ms elapsed) ***


**** Processor usage ****

E-Cluster Online: 100%
E-Cluster HW active frequency: 1813 MHz
E-Cluster HW active residency:  57.63% (1020 MHz:  18% 1404 MHz: 7.7% 1788 MHz: 5.3% 2112 MHz: 4.1% 2352 MHz: 1.7% 2532 MHz: 1.6% 2592 MHz:  19%)
E-Cluster idle residency:  42.37%
E-Cluster down residency:   0.00%
CPU 0 frequency: 1764 MHz
CPU 0 active residency:  28.46% (1020 MHz: 9.6% 1404 MHz: 4.4% 1788 MHz: 2.4% 2112 MHz: 2.1% 2352 MHz: .69% 2532 MHz: .53% 2592 MHz: 8.7%)
CPU 0 idle residency:  71.54%
CPU 0 down residency:   0.00%
CPU 1 frequency: 1742 MHz
CPU 1 active residency:  17.12% (1020 MHz: 6.0% 1404 MHz: 2.6% 1788 MHz: 1.5% 2112 MHz: 1.6% 2352 MHz: .22% 2532 MHz: .55% 2592 MHz: 4.7%)
CPU 1 idle residency:  82.88%
CPU 1 down residency:   0.00%
CPU 2 frequency: 1718 MHz
CPU 2 active residency:  12.03% (1020 MHz: 3.8% 1404 MHz: 2.1% 1788 MHz: 1.7% 2112 MHz: 1.4% 2352 MHz: .33% 2532 MHz: .55% 2592 MHz: 2.3%)
CPU 2 idle residency:  87.97%
CPU 2 down residency:   0.00%
CPU 3 frequency: 1779 MHz
CPU 3 active residency:   6.80% (1020 MHz: 1.9% 1404 MHz: 1.3% 1788 MHz: .85% 2112 MHz: .65% 2352 MHz: .10% 2532 MHz: .03% 2592 MHz: 2.0%)
CPU 3 idle residency:  93.20%
CPU 3 down residency:   0.00%

P0-Cluster Online: 3%
P0-Cluster HW active frequency: 1701 MHz
P0-Cluster HW active residency:   0.95% (1260 MHz: .62% 1512 MHz: .07% 1800 MHz: .12% 2088 MHz:   0% 2352 MHz:   0% 2616 MHz:   0% 2868 MHz:   0% 3096 MHz:   0% 3300 MHz:   0% 3468 MHz:   0% 3624 MHz: .14% 3756 MHz:   0% 3828 MHz:   0% 3888 MHz:   0% 3948 MHz:   0% 3996 MHz:   0% 4044 MHz:   0% 4104 MHz:   0% 4416 MHz:   0% 4512 MHz:   0%)
P0-Cluster idle residency:   1.80%
P0-Cluster down residency:  97.26%
CPU 4 frequency: 0 MHz
CPU 4 active residency:   0.00% (1260 MHz:   0% 1512 MHz:   0% 1800 MHz:   0% 2088 MHz:   0% 2352 MHz:   0% 2616 MHz:   0% 2868 MHz:   0% 3096 MHz:   0% 3300 MHz:   0% 3468 MHz:   0% 3624 MHz:   0% 3756 MHz:   0% 3828 MHz:   0% 3888 MHz:   0% 3948 MHz:   0% 3996 MHz:   0% 4044 MHz:   0% 4104 MHz:   0% 4416 MHz:   0% 4512 MHz:   0%)
CPU 4 idle residency:   2.59%
CPU 4 down residency:  97.41%
CPU 5 frequency: 0 MHz
CPU 5 active residency:   0.00% (1260 MHz:   0% 1512 MHz:   0% 1800 MHz:   0% 2088 MHz:   0% 2352 MHz:   0% 2616 MHz:   0% 2868 MHz:   0% 3096 MHz:   0% 3300 MHz:   0% 3468 MHz:   0% 3624 MHz:   0% 3756 MHz:   0% 3828 MHz:   0% 3888 MHz:   0% 3948 MHz:   0% 3996 MHz:   0% 4044 MHz:   0% 4104 MHz:   0% 4416 MHz:   0% 4512 MHz:   0%)
CPU 5 idle residency:   2.55%
CPU 5 down residency:  97.45%
CPU 6 frequency: 0 MHz
CPU 6 active residency:   0.00% (1260 MHz:   0% 1512 MHz:   0% 1800 MHz:   0% 2088 MHz:   0% 2352 MHz:   0% 2616 MHz:   0% 2868 MHz:   0% 3096 MHz:   0% 3300 MHz:   0% 3468 MHz:   0% 3624 MHz:   0% 3756 MHz:   0% 3828 MHz:   0% 3888 MHz:   0% 3948 MHz:   0% 3996 MHz:   0% 4044 MHz:   0% 4104 MHz:   0% 4416 MHz:   0% 4512 MHz:   0%)
CPU 6 idle residency:   2.61%
CPU 6 down residency:  97.39%
CPU 7 frequency: 0 MHz
CPU 7 active residency:   0.00% (1260 MHz:   0% 1512 MHz:   0% 1800 MHz:   0% 2088 MHz:   0% 2352 MHz:   0% 2616 MHz:   0% 2868 MHz:   0% 3096 MHz:   0% 3300 MHz:   0% 3468 MHz:   0% 3624 MHz:   0% 3756 MHz:   0% 3828 MHz:   0% 3888 MHz:   0% 3948 MHz:   0% 3996 MHz:   0% 4044 MHz:   0% 4104 MHz:   0% 4416 MHz:   0% 4512 MHz:   0%)
CPU 7 idle residency:   2.50%
CPU 7 down residency:  97.50%
CPU 8 frequency: 0 MHz
CPU 8 active residency:   0.00% (1260 MHz:   0% 1512 MHz:   0% 1800 MHz:   0% 2088 MHz:   0% 2352 MHz:   0% 2616 MHz:   0% 2868 MHz:   0% 3096 MHz:   0% 3300 MHz:   0% 3468 MHz:   0% 3624 MHz:   0% 3756 MHz:   0% 3828 MHz:   0% 3888 MHz:   0% 3948 MHz:   0% 3996 MHz:   0% 4044 MHz:   0% 4104 MHz:   0% 4416 MHz:   0% 4512 MHz:   0%)
CPU 8 idle residency:   2.56%
CPU 8 down residency:  97.44%
CPU 9 frequency: 0 MHz
CPU 9 active residency:   0.00% (1260 MHz:   0% 1512 MHz:   0% 1800 MHz:   0% 2088 MHz:   0% 2352 MHz:   0% 2616 MHz:   0% 2868 MHz:   0% 3096 MHz:   0% 3300 MHz:   0% 3468 MHz:   0% 3624 MHz:   0% 3756 MHz:   0% 3828 MHz:   0% 3888 MHz:   0% 3948 MHz:   0% 3996 MHz:   0% 4044 MHz:   0% 4104 MHz:   0% 4416 MHz:   0% 4512 MHz:   0%)
CPU 9 idle residency:   2.62%
CPU 9 down residency:  97.38%

P1-Cluster HW active frequency: 3833 MHz
P1-Cluster HW active residency:  94.61% (1260 MHz: .27% 1512 MHz: .01% 1800 MHz:   0% 2088 MHz: .02% 2352 MHz: .00% 2616 MHz:   0% 2868 MHz: .01% 3096 MHz:   0% 3300 MHz: .00% 3468 MHz:   0% 3624 MHz:  13% 3756 MHz:  28% 3828 MHz: 8.1% 3888 MHz:  14% 3948 MHz:  17% 3996 MHz: 8.6% 4044 MHz: 6.8% 4104 MHz:   0% 4416 MHz:   0% 4512 MHz:   0%)
P1-Cluster idle residency:   5.39%
P1-Cluster down residency:   0.00%
CPU 10 frequency: 4246 MHz
CPU 10 active residency:  23.26% (1260 MHz:   0% 1512 MHz:   0% 1800 MHz:   0% 2088 MHz:   0% 2352 MHz:   0% 2616 MHz:   0% 2868 MHz:   0% 3096 MHz:   0% 3300 MHz:   0% 3468 MHz:   0% 3624 MHz: .22% 3756 MHz: 1.2% 3828 MHz: .05% 3888 MHz: .36% 3948 MHz: .71% 3996 MHz:   0% 4044 MHz: 1.9% 4104 MHz: 5.5% 4416 MHz:  13% 4512 MHz:   0%)
CPU 10 idle residency:  76.74%
CPU 10 down residency:   0.00%
CPU 11 frequency: 3867 MHz
CPU 11 active residency:  34.26% (1260 MHz: .04% 1512 MHz: .00% 1800 MHz:   0% 2088 MHz:   0% 2352 MHz:   0% 2616 MHz:   0% 2868 MHz:   0% 3096 MHz:   0% 3300 MHz: .00% 3468 MHz:   0% 3624 MHz: 2.7% 3756 MHz:  17% 3828 MHz: 4.1% 3888 MHz: .08% 3948 MHz: .27% 3996 MHz:   0% 4044 MHz: 1.4% 4104 MHz: 7.5% 4416 MHz: 1.4% 4512 MHz:   0%)
CPU 11 idle residency:  65.74%
CPU 11 down residency:   0.00%
CPU 12 frequency: 4101 MHz
CPU 12 active residency:  22.91% (1260 MHz: .00% 1512 MHz:   0% 1800 MHz:   0% 2088 MHz: .00% 2352 MHz:   0% 2616 MHz:   0% 2868 MHz:   0% 3096 MHz:   0% 3300 MHz:   0% 3468 MHz:   0% 3624 MHz: .26% 3756 MHz: 1.1% 3828 MHz: .45% 3888 MHz: 6.7% 3948 MHz: 1.2% 3996 MHz:   0% 4044 MHz: 1.5% 4104 MHz: 4.3% 4416 MHz: 7.4% 4512 MHz:   0%)
CPU 12 idle residency:  77.09%
CPU 12 down residency:   0.00%
CPU 13 frequency: 3998 MHz
CPU 13 active residency:  31.12% (1260 MHz: .01% 1512 MHz:   0% 1800 MHz:   0% 2088 MHz:   0% 2352 MHz:   0% 2616 MHz:   0% 2868 MHz: .00% 3096 MHz:   0% 3300 MHz:   0% 3468 MHz:   0% 3624 MHz: 4.0% 3756 MHz: .89% 3828 MHz: 4.3% 3888 MHz: 8.4% 3948 MHz: 1.4% 3996 MHz:   0% 4044 MHz: .90% 4104 MHz: 4.2% 4416 MHz: 7.1% 4512 MHz:   0%)
CPU 13 idle residency:  68.88%
CPU 13 down residency:   0.00%
CPU 14 frequency: 3914 MHz
CPU 14 active residency:  44.32% (1260 MHz: .05% 1512 MHz:   0% 1800 MHz:   0% 2088 MHz: .02% 2352 MHz: .00% 2616 MHz:   0% 2868 MHz: .00% 3096 MHz:   0% 3300 MHz: .00% 3468 MHz:   0% 3624 MHz: 6.3% 3756 MHz:  14% 3828 MHz: 3.5% 3888 MHz: 7.6% 3948 MHz: .39% 3996 MHz:   0% 4044 MHz: 1.1% 4104 MHz: 4.3% 4416 MHz: 7.4% 4512 MHz:   0%)
CPU 14 idle residency:  55.68%
CPU 14 down residency:   0.00%
CPU 15 frequency: 3832 MHz
CPU 15 active residency:  45.68% (1260 MHz: .05% 1512 MHz: .00% 1800 MHz:   0% 2088 MHz:   0% 2352 MHz: .00% 2616 MHz:   0% 2868 MHz: .01% 3096 MHz:   0% 3300 MHz: .00% 3468 MHz:   0% 3624 MHz: 7.8% 3756 MHz:  17% 3828 MHz: 1.8% 3888 MHz: 7.3% 3948 MHz: 1.9% 3996 MHz:   0% 4044 MHz: 4.6% 4104 MHz: 4.5% 4416 MHz: .38% 4512 MHz:   0%)
CPU 15 idle residency:  54.32%
CPU 15 down residency:   0.00%

CPU Power: 4741 mW
GPU Power: 16579 mW
ANE Power: 0 mW
Combined Power (CPU + GPU + ANE): 21320 mW

**** GPU usage ****

GPU HW active frequency: 1274 MHz
GPU HW active residency: 100.00% (338 MHz:   0% 618 MHz:   0% 796 MHz:   0% 924 MHz:   0% 952 MHz:   0% 1056 MHz:   0% 1062 MHz:   0% 1182 MHz:  30% 1182 MHz:   0% 1312 MHz:  68% 1242 MHz:   0% 1380 MHz: 2.0% 1326 MHz:   0% 1470 MHz:   0% 1578 MHz:   0%)
GPU SW requested state: (P1 :   0% P2 :   0% P3 :   0% P4 :   0% P5 :   0% P6 :   0% P7 :   0% P8 :   0% P9 :   0% P10 : 100% P11 :   0% P12 :   0% P13 :   0% P14 :   0% P15 :   0%)
GPU SW state: (SW_P1 :   0% SW_P2 :   0% SW_P3 :   0% SW_P4 :   0% SW_P5 :   0% SW_P6 :  30% SW_P7 :  68% SW_P8 : 2.0% SW_P9 :   0% SW_P10 :   0% SW_P11 :   0% SW_P12 :   0% SW_P13 :   0% SW_P14 :   0% SW_P15 :   0%)
GPU idle residency:   0.00%
GPU Power: 16580 mW



*** Sampled system activity (Tue Jan 20 15:12:30 2026 +0100) (1024.05ms elapsed) ***


**** Processor usage ****

E-Cluster Online: 100%
E-Cluster HW active frequency: 1768 MHz
E-Cluster HW active residency:  61.59% (1020 MHz:  20% 1404 MHz:  10% 1788 MHz: 5.9% 2112 MHz: 3.6% 2352 MHz: 2.7% 2532 MHz: 1.1% 2592 MHz:  18%)
E-Cluster idle residency:  38.41%
E-Cluster down residency:   0.00%
CPU 0 frequency: 1680 MHz
CPU 0 active residency:  28.47% (1020 MHz:  11% 1404 MHz: 4.5% 1788 MHz: 2.8% 2112 MHz: 1.8% 2352 MHz: .79% 2532 MHz: .41% 2592 MHz: 7.2%)
CPU 0 idle residency:  71.53%
CPU 0 down residency:   0.00%
CPU 1 frequency: 1626 MHz
CPU 1 active residency:  20.13% (1020 MHz: 7.9% 1404 MHz: 3.6% 1788 MHz: 2.5% 2112 MHz: 1.2% 2352 MHz: .43% 2532 MHz: .16% 2592 MHz: 4.3%)
CPU 1 idle residency:  79.87%
CPU 1 down residency:   0.00%
CPU 2 frequency: 1624 MHz
CPU 2 active residency:  14.60% (1020 MHz: 6.0% 1404 MHz: 2.0% 1788 MHz: 1.9% 2112 MHz: 1.0% 2352 MHz: 1.0% 2532 MHz: .08% 2592 MHz: 2.6%)
CPU 2 idle residency:  85.40%
CPU 2 down residency:   0.00%
CPU 3 frequency: 1677 MHz
CPU 3 active residency:  13.97% (1020 MHz: 4.5% 1404 MHz: 2.7% 1788 MHz: 2.2% 2112 MHz: 1.3% 2352 MHz: .64% 2532 MHz: .08% 2592 MHz: 2.6%)
CPU 3 idle residency:  86.03%
CPU 3 down residency:   0.00%

P0-Cluster Online: 37%
P0-Cluster HW active frequency: 3303 MHz
P0-Cluster HW active residency:  22.20% (1260 MHz: 4.5% 1512 MHz:   0% 1800 MHz:   0% 2088 MHz:   0% 2352 MHz:   0% 2616 MHz:   0% 2868 MHz: .21% 3096 MHz:   0% 3300 MHz:   0% 3468 MHz:   0% 3624 MHz: .35% 3756 MHz: 4.9% 3828 MHz: 6.6% 3888 MHz: 3.9% 3948 MHz: .26% 3996 MHz: .27% 4044 MHz: .08% 4104 MHz: 1.1% 4416 MHz:   0% 4512 MHz:   0%)
P0-Cluster idle residency:  13.75%
P0-Cluster down residency:  64.05%
CPU 4 frequency: 1635 MHz
CPU 4 active residency:   0.29% (1260 MHz: .23% 1512 MHz:   0% 1800 MHz: .00% 2088 MHz: .03% 2352 MHz: .00% 2616 MHz:   0% 2868 MHz:   0% 3096 MHz:   0% 3300 MHz:   0% 3468 MHz:   0% 3624 MHz: .04% 3756 MHz:   0% 3828 MHz:   0% 3888 MHz:   0% 3948 MHz:   0% 3996 MHz:   0% 4044 MHz:   0% 4104 MHz:   0% 4416 MHz:   0% 4512 MHz:   0%)
CPU 4 idle residency:  35.15%
CPU 4 down residency:  64.55%
CPU 5 frequency: 2153 MHz
CPU 5 active residency:   0.97% (1260 MHz: .26% 1512 MHz: .01% 1800 MHz: .01% 2088 MHz: .50% 2352 MHz: .02% 2616 MHz:   0% 2868 MHz:   0% 3096 MHz:   0% 3300 MHz:   0% 3468 MHz:   0% 3624 MHz: .18% 3756 MHz:   0% 3828 MHz:   0% 3888 MHz:   0% 3948 MHz:   0% 3996 MHz:   0% 4044 MHz:   0% 4104 MHz:   0% 4416 MHz:   0% 4512 MHz:   0%)
CPU 5 idle residency:  28.15%
CPU 5 down residency:  70.88%
CPU 6 frequency: 1443 MHz
CPU 6 active residency:   0.26% (1260 MHz: .22% 1512 MHz:   0% 1800 MHz: .00% 2088 MHz: .02% 2352 MHz:   0% 2616 MHz:   0% 2868 MHz:   0% 3096 MHz:   0% 3300 MHz:   0% 3468 MHz:   0% 3624 MHz: .01% 3756 MHz:   0% 3828 MHz:   0% 3888 MHz:   0% 3948 MHz:   0% 3996 MHz:   0% 4044 MHz:   0% 4104 MHz:   0% 4416 MHz:   0% 4512 MHz:   0%)
CPU 6 idle residency:  35.59%
CPU 6 down residency:  64.15%
CPU 7 frequency: 1854 MHz
CPU 7 active residency:   0.49% (1260 MHz: .26% 1512 MHz: .03% 1800 MHz: .03% 2088 MHz: .07% 2352 MHz: .01% 2616 MHz:   0% 2868 MHz:   0% 3096 MHz:   0% 3300 MHz:   0% 3468 MHz:   0% 3624 MHz: .08% 3756 MHz:   0% 3828 MHz:   0% 3888 MHz:   0% 3948 MHz:   0% 3996 MHz:   0% 4044 MHz:   0% 4104 MHz:   0% 4416 MHz:   0% 4512 MHz:   0%)
CPU 7 idle residency:  28.64%
CPU 7 down residency:  70.87%
CPU 8 frequency: 2557 MHz
CPU 8 active residency:   0.72% (1260 MHz: .25% 1512 MHz: .00% 1800 MHz: .01% 2088 MHz: .07% 2352 MHz: .03% 2616 MHz:   0% 2868 MHz:   0% 3096 MHz:   0% 3300 MHz:   0% 3468 MHz:   0% 3624 MHz: .35% 3756 MHz:   0% 3828 MHz:   0% 3888 MHz:   0% 3948 MHz:   0% 3996 MHz:   0% 4044 MHz:   0% 4104 MHz:   0% 4416 MHz:   0% 4512 MHz:   0%)
CPU 8 idle residency:  28.80%
CPU 8 down residency:  70.48%
CPU 9 frequency: 1293 MHz
CPU 9 active residency:   0.22% (1260 MHz: .22% 1512 MHz:   0% 1800 MHz:   0% 2088 MHz:   0% 2352 MHz:   0% 2616 MHz:   0% 2868 MHz:   0% 3096 MHz:   0% 3300 MHz:   0% 3468 MHz:   0% 3624 MHz: .00% 3756 MHz:   0% 3828 MHz:   0% 3888 MHz:   0% 3948 MHz:   0% 3996 MHz:   0% 4044 MHz:   0% 4104 MHz:   0% 4416 MHz:   0% 4512 MHz:   0%)
CPU 9 idle residency:  35.63%
CPU 9 down residency:  64.15%

P1-Cluster HW active frequency: 3895 MHz
P1-Cluster HW active residency:  78.33% (1260 MHz: .17% 1512 MHz: .00% 1800 MHz:   0% 2088 MHz: .02% 2352 MHz:   0% 2616 MHz:   0% 2868 MHz:   0% 3096 MHz:   0% 3300 MHz:   0% 3468 MHz:   0% 3624 MHz: 2.0% 3756 MHz:  21% 3828 MHz: .52% 3888 MHz: 8.2% 3948 MHz:  23% 3996 MHz:  12% 4044 MHz:  12% 4104 MHz:   0% 4416 MHz:   0% 4512 MHz:   0%)
P1-Cluster idle residency:   4.19%
P1-Cluster down residency:  17.49%
CPU 10 frequency: 4327 MHz
CPU 10 active residency:  21.15% (1260 MHz:   0% 1512 MHz:   0% 1800 MHz:   0% 2088 MHz:   0% 2352 MHz:   0% 2616 MHz:   0% 2868 MHz:   0% 3096 MHz:   0% 3300 MHz:   0% 3468 MHz:   0% 3624 MHz: .33% 3756 MHz: 2.4% 3828 MHz: .01% 3888 MHz: .48% 3948 MHz: .37% 3996 MHz: .05% 4044 MHz: .79% 4104 MHz: 1.9% 4416 MHz: 1.1% 4512 MHz:  14%)
CPU 10 idle residency:  61.34%
CPU 10 down residency:  17.51%
CPU 11 frequency: 4284 MHz
CPU 11 active residency:  23.59% (1260 MHz: .01% 1512 MHz:   0% 1800 MHz:   0% 2088 MHz:   0% 2352 MHz:   0% 2616 MHz:   0% 2868 MHz:   0% 3096 MHz:   0% 3300 MHz:   0% 3468 MHz:   0% 3624 MHz: .47% 3756 MHz: 1.3% 3828 MHz: .30% 3888 MHz: 1.1% 3948 MHz: .53% 3996 MHz: .90% 4044 MHz: 3.0% 4104 MHz: 2.0% 4416 MHz: 1.3% 4512 MHz:  13%)
CPU 11 idle residency:  58.90%
CPU 11 down residency:  17.51%
CPU 12 frequency: 4172 MHz
CPU 12 active residency:  43.23% (1260 MHz: .03% 1512 MHz: .00% 1800 MHz:   0% 2088 MHz: .01% 2352 MHz:   0% 2616 MHz:   0% 2868 MHz:   0% 3096 MHz:   0% 3300 MHz:   0% 3468 MHz:   0% 3624 MHz: .30% 3756 MHz:  12% 3828 MHz: .14% 3888 MHz: .96% 3948 MHz: 1.5% 3996 MHz: .86% 4044 MHz: 3.7% 4104 MHz: 2.7% 4416 MHz: 1.6% 4512 MHz:  19%)
CPU 12 idle residency:  39.26%
CPU 12 down residency:  17.51%
CPU 13 frequency: 4343 MHz
CPU 13 active residency:  29.57% (1260 MHz: .02% 1512 MHz:   0% 1800 MHz:   0% 2088 MHz:   0% 2352 MHz:   0% 2616 MHz:   0% 2868 MHz:   0% 3096 MHz:   0% 3300 MHz:   0% 3468 MHz:   0% 3624 MHz: .00% 3756 MHz: .13% 3828 MHz: .18% 3888 MHz: .95% 3948 MHz: 1.4% 3996 MHz: .21% 4044 MHz: 4.6% 4104 MHz: 2.2% 4416 MHz: 1.9% 4512 MHz:  18%)
CPU 13 idle residency:  52.93%
CPU 13 down residency:  17.51%
CPU 14 frequency: 4017 MHz
CPU 14 active residency:  35.30% (1260 MHz: .05% 1512 MHz: .00% 1800 MHz:   0% 2088 MHz: .01% 2352 MHz:   0% 2616 MHz:   0% 2868 MHz:   0% 3096 MHz:   0% 3300 MHz:   0% 3468 MHz:   0% 3624 MHz: .85% 3756 MHz:  15% 3828 MHz: .12% 3888 MHz: .94% 3948 MHz: 1.3% 3996 MHz: .95% 4044 MHz: 5.1% 4104 MHz: 2.5% 4416 MHz: 1.8% 4512 MHz: 7.0%)
CPU 14 idle residency:  47.20%
CPU 14 down residency:  17.51%
CPU 15 frequency: 4164 MHz
CPU 15 active residency:  28.31% (1260 MHz: .04% 1512 MHz:   0% 1800 MHz:   0% 2088 MHz:   0% 2352 MHz:   0% 2616 MHz:   0% 2868 MHz:   0% 3096 MHz:   0% 3300 MHz:   0% 3468 MHz:   0% 3624 MHz: .77% 3756 MHz:  10% 3828 MHz:   0% 3888 MHz: .29% 3948 MHz: .35% 3996 MHz: .00% 4044 MHz: .62% 4104 MHz: 1.3% 4416 MHz: .39% 4512 MHz:  14%)
CPU 15 idle residency:  54.18%
CPU 15 down residency:  17.51%

CPU Power: 4997 mW
GPU Power: 16277 mW
ANE Power: 0 mW
Combined Power (CPU + GPU + ANE): 21273 mW

**** GPU usage ****

GPU HW active frequency: 1271 MHz
GPU HW active residency: 100.00% (338 MHz:   0% 618 MHz:   0% 796 MHz:   0% 924 MHz:   0% 952 MHz:   0% 1056 MHz:   0% 1062 MHz:   0% 1182 MHz:  32% 1182 MHz:   0% 1312 MHz:  68% 1242 MHz:   0% 1380 MHz: .11% 1326 MHz:   0% 1470 MHz:   0% 1578 MHz:   0%)
GPU SW requested state: (P1 :   0% P2 :   0% P3 :   0% P4 :   0% P5 :   0% P6 :   0% P7 :   0% P8 :   0% P9 :   0% P10 : 100% P11 :   0% P12 :   0% P13 :   0% P14 :   0% P15 :   0%)
GPU SW state: (SW_P1 :   0% SW_P2 :   0% SW_P3 :   0% SW_P4 :   0% SW_P5 :   0% SW_P6 :  32% SW_P7 :  68% SW_P8 : .11% SW_P9 :   0% SW_P10 :   0% SW_P11 :   0% SW_P12 :   0% SW_P13 :   0% SW_P14 :   0% SW_P15 :   0%)
GPU idle residency:   0.00%
GPU Power: 16276 mW



*** Sampled system activity (Tue Jan 20 15:12:31 2026 +0100) (1020.69ms elapsed) ***


**** Processor usage ****

E-Cluster Online: 100%
E-Cluster HW active frequency: 1563 MHz
E-Cluster HW active residency:  57.20% (1020 MHz:  26% 1404 MHz: 8.7% 1788 MHz: 6.0% 2112 MHz: 3.3% 2352 MHz: 2.8% 2532 MHz: 2.1% 2592 MHz: 8.0%)
E-Cluster idle residency:  42.80%
E-Cluster down residency:   0.00%
CPU 0 frequency: 1570 MHz
CPU 0 active residency:  27.68% (1020 MHz:  13% 1404 MHz: 4.2% 1788 MHz: 2.5% 2112 MHz: 1.3% 2352 MHz: 1.6% 2532 MHz: 1.3% 2592 MHz: 3.9%)
CPU 0 idle residency:  72.32%
CPU 0 down residency:   0.00%
CPU 1 frequency: 1523 MHz
CPU 1 active residency:  14.48% (1020 MHz: 7.0% 1404 MHz: 2.3% 1788 MHz: 1.6% 2112 MHz: .42% 2352 MHz: .81% 2532 MHz: .63% 2592 MHz: 1.7%)
CPU 1 idle residency:  85.52%
CPU 1 down residency:   0.00%
CPU 2 frequency: 1500 MHz
CPU 2 active residency:  13.71% (1020 MHz: 6.7% 1404 MHz: 2.5% 1788 MHz: 1.3% 2112 MHz: .60% 2352 MHz: .71% 2532 MHz: .58% 2592 MHz: 1.4%)
CPU 2 idle residency:  86.29%
CPU 2 down residency:   0.00%
CPU 3 frequency: 1599 MHz
CPU 3 active residency:   6.98% (1020 MHz: 2.5% 1404 MHz: 1.4% 1788 MHz: 1.3% 2112 MHz: .65% 2352 MHz: .30% 2532 MHz: .19% 2592 MHz: .72%)
CPU 3 idle residency:  93.02%
CPU 3 down residency:   0.00%

P0-Cluster Online: 4%
P0-Cluster HW active frequency: 1260 MHz
P0-Cluster HW active residency:   0.61% (1260 MHz: .61% 1512 MHz:   0% 1800 MHz:   0% 2088 MHz:   0% 2352 MHz:   0% 2616 MHz:   0% 2868 MHz:   0% 3096 MHz:   0% 3300 MHz:   0% 3468 MHz:   0% 3624 MHz:   0% 3756 MHz:   0% 3828 MHz:   0% 3888 MHz:   0% 3948 MHz:   0% 3996 MHz:   0% 4044 MHz:   0% 4104 MHz:   0% 4416 MHz:   0% 4512 MHz:   0%)
P0-Cluster idle residency:   2.32%
P0-Cluster down residency:  97.07%
CPU 4 frequency: 0 MHz
CPU 4 active residency:   0.00% (1260 MHz:   0% 1512 MHz:   0% 1800 MHz:   0% 2088 MHz:   0% 2352 MHz:   0% 2616 MHz:   0% 2868 MHz:   0% 3096 MHz:   0% 3300 MHz:   0% 3468 MHz:   0% 3624 MHz:   0% 3756 MHz:   0% 3828 MHz:   0% 3888 MHz:   0% 3948 MHz:   0% 3996 MHz:   0% 4044 MHz:   0% 4104 MHz:   0% 4416 MHz:   0% 4512 MHz:   0%)
CPU 4 idle residency:   2.78%
CPU 4 down residency:  97.22%
CPU 5 frequency: 0 MHz
CPU 5 active residency:   0.00% (1260 MHz:   0% 1512 MHz:   0% 1800 MHz:   0% 2088 MHz:   0% 2352 MHz:   0% 2616 MHz:   0% 2868 MHz:   0% 3096 MHz:   0% 3300 MHz:   0% 3468 MHz:   0% 3624 MHz:   0% 3756 MHz:   0% 3828 MHz:   0% 3888 MHz:   0% 3948 MHz:   0% 3996 MHz:   0% 4044 MHz:   0% 4104 MHz:   0% 4416 MHz:   0% 4512 MHz:   0%)
CPU 5 idle residency:   2.78%
CPU 5 down residency:  97.22%
CPU 6 frequency: 0 MHz
CPU 6 active residency:   0.00% (1260 MHz:   0% 1512 MHz:   0% 1800 MHz:   0% 2088 MHz:   0% 2352 MHz:   0% 2616 MHz:   0% 2868 MHz:   0% 3096 MHz:   0% 3300 MHz:   0% 3468 MHz:   0% 3624 MHz:   0% 3756 MHz:   0% 3828 MHz:   0% 3888 MHz:   0% 3948 MHz:   0% 3996 MHz:   0% 4044 MHz:   0% 4104 MHz:   0% 4416 MHz:   0% 4512 MHz:   0%)
CPU 6 idle residency:   2.78%
CPU 6 down residency:  97.22%
CPU 7 frequency: 0 MHz
CPU 7 active residency:   0.00% (1260 MHz:   0% 1512 MHz:   0% 1800 MHz:   0% 2088 MHz:   0% 2352 MHz:   0% 2616 MHz:   0% 2868 MHz:   0% 3096 MHz:   0% 3300 MHz:   0% 3468 MHz:   0% 3624 MHz:   0% 3756 MHz:   0% 3828 MHz:   0% 3888 MHz:   0% 3948 MHz:   0% 3996 MHz:   0% 4044 MHz:   0% 4104 MHz:   0% 4416 MHz:   0% 4512 MHz:   0%)
CPU 7 idle residency:   2.78%
CPU 7 down residency:  97.22%
CPU 8 frequency: 0 MHz
CPU 8 active residency:   0.00% (1260 MHz:   0% 1512 MHz:   0% 1800 MHz:   0% 2088 MHz:   0% 2352 MHz:   0% 2616 MHz:   0% 2868 MHz:   0% 3096 MHz:   0% 3300 MHz:   0% 3468 MHz:   0% 3624 MHz:   0% 3756 MHz:   0% 3828 MHz:   0% 3888 MHz:   0% 3948 MHz:   0% 3996 MHz:   0% 4044 MHz:   0% 4104 MHz:   0% 4416 MHz:   0% 4512 MHz:   0%)
CPU 8 idle residency:   2.78%
CPU 8 down residency:  97.22%
CPU 9 frequency: 0 MHz
CPU 9 active residency:   0.00% (1260 MHz:   0% 1512 MHz:   0% 1800 MHz:   0% 2088 MHz:   0% 2352 MHz:   0% 2616 MHz:   0% 2868 MHz:   0% 3096 MHz:   0% 3300 MHz:   0% 3468 MHz:   0% 3624 MHz:   0% 3756 MHz:   0% 3828 MHz:   0% 3888 MHz:   0% 3948 MHz:   0% 3996 MHz:   0% 4044 MHz:   0% 4104 MHz:   0% 4416 MHz:   0% 4512 MHz:   0%)
CPU 9 idle residency:   2.78%
CPU 9 down residency:  97.22%

P1-Cluster HW active frequency: 3791 MHz
P1-Cluster HW active residency:  93.95% (1260 MHz: .15% 1512 MHz: .00% 1800 MHz:   0% 2088 MHz: .02% 2352 MHz:   0% 2616 MHz:   0% 2868 MHz: .00% 3096 MHz:   0% 3300 MHz:   0% 3468 MHz: 2.6% 3624 MHz:  36% 3756 MHz: 8.4% 3828 MHz: 4.7% 3888 MHz: 7.6% 3948 MHz:  17% 3996 MHz: 9.3% 4044 MHz: 8.1% 4104 MHz:   0% 4416 MHz: .10% 4512 MHz: .09%)
P1-Cluster idle residency:   6.05%
P1-Cluster down residency:   0.00%
CPU 10 frequency: 4007 MHz
CPU 10 active residency:  34.61% (1260 MHz:   0% 1512 MHz:   0% 1800 MHz:   0% 2088 MHz:   0% 2352 MHz:   0% 2616 MHz:   0% 2868 MHz: .00% 3096 MHz:   0% 3300 MHz:   0% 3468 MHz: 1.4% 3624 MHz:  14% 3756 MHz: 2.2% 3828 MHz: .68% 3888 MHz: 1.9% 3948 MHz: .42% 3996 MHz:   0% 4044 MHz:   0% 4104 MHz: .34% 4416 MHz: .36% 4512 MHz:  13%)
CPU 10 idle residency:  65.39%
CPU 10 down residency:   0.00%
CPU 11 frequency: 3909 MHz
CPU 11 active residency:  40.31% (1260 MHz: .02% 1512 MHz:   0% 1800 MHz:   0% 2088 MHz: .01% 2352 MHz:   0% 2616 MHz:   0% 2868 MHz:   0% 3096 MHz:   0% 3300 MHz:   0% 3468 MHz: .73% 3624 MHz:  19% 3756 MHz: 3.6% 3828 MHz: 1.7% 3888 MHz: 3.6% 3948 MHz: .19% 3996 MHz:   0% 4044 MHz:   0% 4104 MHz:   0% 4416 MHz:   0% 4512 MHz:  11%)
CPU 11 idle residency:  59.69%
CPU 11 down residency:   0.00%
CPU 12 frequency: 4207 MHz
CPU 12 active residency:  22.41% (1260 MHz: .01% 1512 MHz:   0% 1800 MHz:   0% 2088 MHz:   0% 2352 MHz:   0% 2616 MHz:   0% 2868 MHz:   0% 3096 MHz:   0% 3300 MHz:   0% 3468 MHz: 1.1% 3624 MHz: 2.9% 3756 MHz: 2.6% 3828 MHz: .11% 3888 MHz: .76% 3948 MHz: .70% 3996 MHz:   0% 4044 MHz:   0% 4104 MHz: .30% 4416 MHz: .32% 4512 MHz:  14%)
CPU 12 idle residency:  77.59%
CPU 12 down residency:   0.00%
CPU 13 frequency: 4005 MHz
CPU 13 active residency:  32.04% (1260 MHz: .04% 1512 MHz: .00% 1800 MHz:   0% 2088 MHz: .02% 2352 MHz:   0% 2616 MHz:   0% 2868 MHz: .00% 3096 MHz:   0% 3300 MHz:   0% 3468 MHz: .01% 3624 MHz: 7.0% 3756 MHz: 3.6% 3828 MHz: 2.7% 3888 MHz: 5.8% 3948 MHz: 2.5% 3996 MHz:   0% 4044 MHz:   0% 4104 MHz: .39% 4416 MHz: .39% 4512 MHz: 9.5%)
CPU 13 idle residency:  67.96%
CPU 13 down residency:   0.00%
CPU 14 frequency: 4093 MHz
CPU 14 active residency:  28.03% (1260 MHz: .02% 1512 MHz:   0% 1800 MHz:   0% 2088 MHz: .00% 2352 MHz:   0% 2616 MHz:   0% 2868 MHz:   0% 3096 MHz:   0% 3300 MHz:   0% 3468 MHz: .15% 3624 MHz:  10% 3756 MHz: 2.3% 3828 MHz: .07% 3888 MHz: 1.0% 3948 MHz: .37% 3996 MHz:   0% 4044 MHz:   0% 4104 MHz: .02% 4416 MHz:   0% 4512 MHz:  14%)
CPU 14 idle residency:  71.97%
CPU 14 down residency:   0.00%
CPU 15 frequency: 4076 MHz
CPU 15 active residency:  34.50% (1260 MHz: .03% 1512 MHz: .00% 1800 MHz:   0% 2088 MHz: .01% 2352 MHz:   0% 2616 MHz:   0% 2868 MHz:   0% 3096 MHz:   0% 3300 MHz:   0% 3468 MHz: .01% 3624 MHz: 9.2% 3756 MHz: 3.0% 3828 MHz: 3.0% 3888 MHz: 3.2% 3948 MHz: .52% 3996 MHz:   0% 4044 MHz:   0% 4104 MHz: .30% 4416 MHz: .30% 4512 MHz:  15%)
CPU 15 idle residency:  65.50%
CPU 15 down residency:   0.00%

CPU Power: 4456 mW
GPU Power: 16313 mW
ANE Power: 0 mW
Combined Power (CPU + GPU + ANE): 20768 mW

**** GPU usage ****

GPU HW active frequency: 1262 MHz
GPU HW active residency: 100.00% (338 MHz:   0% 618 MHz:   0% 796 MHz:   0% 924 MHz:   0% 952 MHz:   0% 1056 MHz:   0% 1062 MHz:   0% 1182 MHz:  39% 1182 MHz:   0% 1312 MHz:  61% 1242 MHz:   0% 1380 MHz:   0% 1326 MHz:   0% 1470 MHz:   0% 1578 MHz:   0%)
GPU SW requested state: (P1 :   0% P2 :   0% P3 :   0% P4 :   0% P5 :   0% P6 :   0% P7 :   0% P8 :   0% P9 :   0% P10 : 100% P11 :   0% P12 :   0% P13 :   0% P14 :   0% P15 :   0%)
GPU SW state: (SW_P1 :   0% SW_P2 :   0% SW_P3 :   0% SW_P4 :   0% SW_P5 :   0% SW_P6 :  39% SW_P7 :  61% SW_P8 :   0% SW_P9 :   0% SW_P10 :   0% SW_P11 :   0% SW_P12 :   0% SW_P13 :   0% SW_P14 :   0% SW_P15 :   0%)
GPU idle residency:   0.00%
GPU Power: 16311 mW



*** Sampled system activity (Tue Jan 20 15:12:32 2026 +0100) (1020.88ms elapsed) ***


**** Processor usage ****

E-Cluster Online: 100%
E-Cluster HW active frequency: 1559 MHz
E-Cluster HW active residency:  68.58% (1020 MHz:  34% 1404 MHz:  10% 1788 MHz: 5.2% 2112 MHz: 1.2% 2352 MHz: .93% 2532 MHz: 1.6% 2592 MHz:  15%)
E-Cluster idle residency:  31.42%
E-Cluster down residency:   0.00%
CPU 0 frequency: 1663 MHz
CPU 0 active residency:  38.96% (1020 MHz:  17% 1404 MHz: 5.5% 1788 MHz: 3.1% 2112 MHz: .95% 2352 MHz: .51% 2532 MHz: 1.4% 2592 MHz:  11%)
CPU 0 idle residency:  61.04%
CPU 0 down residency:   0.00%
CPU 1 frequency: 1801 MHz
CPU 1 active residency:  28.69% (1020 MHz: 9.8% 1404 MHz: 3.6% 1788 MHz: 2.9% 2112 MHz: .91% 2352 MHz: .45% 2532 MHz: 1.2% 2592 MHz: 9.8%)
CPU 1 idle residency:  71.31%
CPU 1 down residency:   0.00%
CPU 2 frequency: 1865 MHz
CPU 2 active residency:  20.91% (1020 MHz: 6.7% 1404 MHz: 1.9% 1788 MHz: 2.4% 2112 MHz: .74% 2352 MHz: .23% 2532 MHz: 1.1% 2592 MHz: 7.9%)
CPU 2 idle residency:  79.09%
CPU 2 down residency:   0.00%
CPU 3 frequency: 1974 MHz
CPU 3 active residency:  15.69% (1020 MHz: 4.0% 1404 MHz: 1.4% 1788 MHz: 1.6% 2112 MHz: .85% 2352 MHz: .24% 2532 MHz: .82% 2592 MHz: 6.9%)
CPU 3 idle residency:  84.31%
CPU 3 down residency:   0.00%

P0-Cluster Online: 37%
P0-Cluster HW active frequency: 2449 MHz
P0-Cluster HW active residency:  27.18% (1260 MHz:  12% 1512 MHz: .17% 1800 MHz: .58% 2088 MHz: .09% 2352 MHz: .05% 2616 MHz: .18% 2868 MHz: .62% 3096 MHz: .09% 3300 MHz: .32% 3468 MHz: .44% 3624 MHz:  12% 3756 MHz:   0% 3828 MHz:   0% 3888 MHz:   0% 3948 MHz:   0% 3996 MHz:   0% 4044 MHz:   0% 4104 MHz:   0% 4416 MHz:   0% 4512 MHz:   0%)
P0-Cluster idle residency:   9.59%
P0-Cluster down residency:  63.23%
CPU 4 frequency: 3139 MHz
CPU 4 active residency:   1.92% (1260 MHz: .41% 1512 MHz:   0% 1800 MHz: .05% 2088 MHz: .01% 2352 MHz:   0% 2616 MHz: .00% 2868 MHz: .00% 3096 MHz:   0% 3300 MHz: .07% 3468 MHz: .01% 3624 MHz: .64% 3756 MHz: .07% 3828 MHz: .32% 3888 MHz: .30% 3948 MHz: .05% 3996 MHz:   0% 4044 MHz:   0% 4104 MHz:   0% 4416 MHz:   0% 4512 MHz:   0%)
CPU 4 idle residency:  35.47%
CPU 4 down residency:  62.61%
CPU 5 frequency: 3651 MHz
CPU 5 active residency:  13.65% (1260 MHz: .51% 1512 MHz:   0% 1800 MHz: .05% 2088 MHz: .02% 2352 MHz:   0% 2616 MHz: .01% 2868 MHz: .17% 3096 MHz: .00% 3300 MHz: .10% 3468 MHz: .02% 3624 MHz: 3.8% 3756 MHz: 2.5% 3828 MHz: 3.5% 3888 MHz: 2.5% 3948 MHz: .18% 3996 MHz: .16% 4044 MHz: .01% 4104 MHz: .03% 4416 MHz:   0% 4512 MHz:   0%)
CPU 5 idle residency:  29.03%
CPU 5 down residency:  57.32%
CPU 6 frequency: 2931 MHz
CPU 6 active residency:   1.48% (1260 MHz: .40% 1512 MHz:   0% 1800 MHz: .05% 2088 MHz: .01% 2352 MHz:   0% 2616 MHz:   0% 2868 MHz:   0% 3096 MHz:   0% 3300 MHz: .00% 3468 MHz: .01% 3624 MHz: .91% 3756 MHz: .01% 3828 MHz: .05% 3888 MHz: .01% 3948 MHz: .03% 3996 MHz:   0% 4044 MHz:   0% 4104 MHz:   0% 4416 MHz:   0% 4512 MHz:   0%)
CPU 6 idle residency:  35.51%
CPU 6 down residency:  63.01%
CPU 7 frequency: 3638 MHz
CPU 7 active residency:  14.71% (1260 MHz: .52% 1512 MHz:   0% 1800 MHz: .05% 2088 MHz: .01% 2352 MHz:   0% 2616 MHz: .01% 2868 MHz: .17% 3096 MHz:   0% 3300 MHz: .10% 3468 MHz: .05% 3624 MHz: 5.4% 3756 MHz: 2.4% 3828 MHz: 3.4% 3888 MHz: 2.4% 3948 MHz: .05% 3996 MHz:   0% 4044 MHz: .02% 4104 MHz: .08% 4416 MHz:   0% 4512 MHz:   0%)
CPU 7 idle residency:  27.72%
CPU 7 down residency:  57.56%
CPU 8 frequency: 3594 MHz
CPU 8 active residency:  14.19% (1260 MHz: .55% 1512 MHz:   0% 1800 MHz: .07% 2088 MHz: .04% 2352 MHz: .00% 2616 MHz: .17% 2868 MHz: .67% 3096 MHz: .08% 3300 MHz: .29% 3468 MHz: .36% 3624 MHz: 3.7% 3756 MHz: 2.0% 3828 MHz: 3.1% 3888 MHz: 2.0% 3948 MHz: .18% 3996 MHz: .16% 4044 MHz: .02% 4104 MHz: .79% 4416 MHz:   0% 4512 MHz:   0%)
CPU 8 idle residency:  28.15%
CPU 8 down residency:  57.66%
CPU 9 frequency: 2458 MHz
CPU 9 active residency:   0.88% (1260 MHz: .40% 1512 MHz:   0% 1800 MHz: .04% 2088 MHz: .01% 2352 MHz:   0% 2616 MHz:   0% 2868 MHz: .00% 3096 MHz:   0% 3300 MHz:   0% 3468 MHz: .00% 3624 MHz: .37% 3756 MHz: .01% 3828 MHz: .02% 3888 MHz:   0% 3948 MHz: .03% 3996 MHz:   0% 4044 MHz:   0% 4104 MHz:   0% 4416 MHz:   0% 4512 MHz:   0%)
CPU 9 idle residency:  36.08%
CPU 9 down residency:  63.03%

P1-Cluster HW active frequency: 3614 MHz
P1-Cluster HW active residency:  93.74% (1260 MHz: .13% 1512 MHz:   0% 1800 MHz: .00% 2088 MHz: .01% 2352 MHz:   0% 2616 MHz:   0% 2868 MHz:   0% 3096 MHz:   0% 3300 MHz:   0% 3468 MHz: 3.9% 3624 MHz:  90% 3756 MHz:   0% 3828 MHz:   0% 3888 MHz:   0% 3948 MHz:   0% 3996 MHz:   0% 4044 MHz:   0% 4104 MHz:   0% 4416 MHz:   0% 4512 MHz:   0%)
P1-Cluster idle residency:   6.26%
P1-Cluster down residency:   0.00%
CPU 10 frequency: 3617 MHz
CPU 10 active residency:  58.52% (1260 MHz: .01% 1512 MHz:   0% 1800 MHz: .00% 2088 MHz: .01% 2352 MHz:   0% 2616 MHz:   0% 2868 MHz:   0% 3096 MHz:   0% 3300 MHz:   0% 3468 MHz: 2.3% 3624 MHz:  56% 3756 MHz:   0% 3828 MHz:   0% 3888 MHz:   0% 3948 MHz:   0% 3996 MHz:   0% 4044 MHz:   0% 4104 MHz:   0% 4416 MHz:   0% 4512 MHz:   0%)
CPU 10 idle residency:  41.48%
CPU 10 down residency:   0.00%
CPU 11 frequency: 3615 MHz
CPU 11 active residency:  55.06% (1260 MHz: .03% 1512 MHz:   0% 1800 MHz:   0% 2088 MHz: .00% 2352 MHz:   0% 2616 MHz:   0% 2868 MHz:   0% 3096 MHz:   0% 3300 MHz:   0% 3468 MHz: 2.8% 3624 MHz:  52% 3756 MHz:   0% 3828 MHz:   0% 3888 MHz:   0% 3948 MHz:   0% 3996 MHz:   0% 4044 MHz:   0% 4104 MHz:   0% 4416 MHz:   0% 4512 MHz:   0%)
CPU 11 idle residency:  44.94%
CPU 11 down residency:   0.00%
CPU 12 frequency: 3617 MHz
CPU 12 active residency:  58.99% (1260 MHz: .03% 1512 MHz:   0% 1800 MHz: .00% 2088 MHz:   0% 2352 MHz:   0% 2616 MHz:   0% 2868 MHz:   0% 3096 MHz:   0% 3300 MHz:   0% 3468 MHz: 2.2% 3624 MHz:  57% 3756 MHz:   0% 3828 MHz:   0% 3888 MHz:   0% 3948 MHz:   0% 3996 MHz:   0% 4044 MHz:   0% 4104 MHz:   0% 4416 MHz:   0% 4512 MHz:   0%)
CPU 12 idle residency:  41.01%
CPU 12 down residency:   0.00%
CPU 13 frequency: 3620 MHz
CPU 13 active residency:  29.99% (1260 MHz: .01% 1512 MHz:   0% 1800 MHz:   0% 2088 MHz: .01% 2352 MHz:   0% 2616 MHz:   0% 2868 MHz:   0% 3096 MHz:   0% 3300 MHz:   0% 3468 MHz: .44% 3624 MHz:  30% 3756 MHz:   0% 3828 MHz:   0% 3888 MHz:   0% 3948 MHz:   0% 3996 MHz:   0% 4044 MHz:   0% 4104 MHz:   0% 4416 MHz:   0% 4512 MHz:   0%)
CPU 13 idle residency:  70.01%
CPU 13 down residency:   0.00%
CPU 14 frequency: 3620 MHz
CPU 14 active residency:  29.92% (1260 MHz:   0% 1512 MHz:   0% 1800 MHz:   0% 2088 MHz:   0% 2352 MHz:   0% 2616 MHz:   0% 2868 MHz:   0% 3096 MHz:   0% 3300 MHz:   0% 3468 MHz: .71% 3624 MHz:  29% 3756 MHz:   0% 3828 MHz:   0% 3888 MHz:   0% 3948 MHz:   0% 3996 MHz:   0% 4044 MHz:   0% 4104 MHz:   0% 4416 MHz:   0% 4512 MHz:   0%)
CPU 14 idle residency:  70.08%
CPU 14 down residency:   0.00%
CPU 15 frequency: 3620 MHz
CPU 15 active residency:  29.07% (1260 MHz:   0% 1512 MHz:   0% 1800 MHz:   0% 2088 MHz:   0% 2352 MHz:   0% 2616 MHz:   0% 2868 MHz:   0% 3096 MHz:   0% 3300 MHz:   0% 3468 MHz: .78% 3624 MHz:  28% 3756 MHz:   0% 3828 MHz:   0% 3888 MHz:   0% 3948 MHz:   0% 3996 MHz:   0% 4044 MHz:   0% 4104 MHz:   0% 4416 MHz:   0% 4512 MHz:   0%)
CPU 15 idle residency:  70.93%
CPU 15 down residency:   0.00%

CPU Power: 4739 mW
GPU Power: 16155 mW
ANE Power: 0 mW
Combined Power (CPU + GPU + ANE): 20894 mW

**** GPU usage ****

GPU HW active frequency: 1262 MHz
GPU HW active residency: 100.00% (338 MHz:   0% 618 MHz:   0% 796 MHz:   0% 924 MHz:   0% 952 MHz:   0% 1056 MHz:   0% 1062 MHz:   0% 1182 MHz:  39% 1182 MHz:   0% 1312 MHz:  61% 1242 MHz:   0% 1380 MHz:   0% 1326 MHz:   0% 1470 MHz:   0% 1578 MHz:   0%)
GPU SW requested state: (P1 :   0% P2 :   0% P3 :   0% P4 :   0% P5 :   0% P6 :   0% P7 :   0% P8 :   0% P9 :   0% P10 : 100% P11 :   0% P12 :   0% P13 :   0% P14 :   0% P15 :   0%)
GPU SW state: (SW_P1 :   0% SW_P2 :   0% SW_P3 :   0% SW_P4 :   0% SW_P5 :   0% SW_P6 :  39% SW_P7 :  61% SW_P8 :   0% SW_P9 :   0% SW_P10 :   0% SW_P11 :   0% SW_P12 :   0% SW_P13 :   0% SW_P14 :   0% SW_P15 :   0%)
GPU idle residency:   0.00%
GPU Power: 16149 mW



*** Sampled system activity (Tue Jan 20 15:12:33 2026 +0100) (1020.63ms elapsed) ***


**** Processor usage ****

E-Cluster Online: 100%
E-Cluster HW active frequency: 1393 MHz
E-Cluster HW active residency:  59.15% (1020 MHz:  37% 1404 MHz: 5.8% 1788 MHz: 5.5% 2112 MHz: 2.2% 2352 MHz: 2.4% 2532 MHz: 1.8% 2592 MHz: 4.7%)
E-Cluster idle residency:  40.85%
E-Cluster down residency:   0.00%
CPU 0 frequency: 1357 MHz
CPU 0 active residency:  29.01% (1020 MHz:  19% 1404 MHz: 2.9% 1788 MHz: 2.8% 2112 MHz: .84% 2352 MHz: 1.2% 2532 MHz: .62% 2592 MHz: 2.0%)
CPU 0 idle residency:  70.99%
CPU 0 down residency:   0.00%
CPU 1 frequency: 1409 MHz
CPU 1 active residency:  21.13% (1020 MHz:  13% 1404 MHz: 2.2% 1788 MHz: 2.5% 2112 MHz: .60% 2352 MHz: .97% 2532 MHz: .98% 2592 MHz: 1.3%)
CPU 1 idle residency:  78.87%
CPU 1 down residency:   0.00%
CPU 2 frequency: 1449 MHz
CPU 2 active residency:  12.45% (1020 MHz: 7.2% 1404 MHz: 1.0% 1788 MHz: 1.7% 2112 MHz: .38% 2352 MHz: .58% 2532 MHz: .89% 2592 MHz: .73%)
CPU 2 idle residency:  87.55%
CPU 2 down residency:   0.00%
CPU 3 frequency: 1418 MHz
CPU 3 active residency:   8.62% (1020 MHz: 4.9% 1404 MHz: .87% 1788 MHz: 1.6% 2112 MHz: .11% 2352 MHz: .51% 2532 MHz: .25% 2592 MHz: .47%)
CPU 3 idle residency:  91.38%
CPU 3 down residency:   0.00%

P0-Cluster Online: 2%
P0-Cluster HW active frequency: 1260 MHz
P0-Cluster HW active residency:   0.34% (1260 MHz: .34% 1512 MHz:   0% 1800 MHz:   0% 2088 MHz:   0% 2352 MHz:   0% 2616 MHz:   0% 2868 MHz:   0% 3096 MHz:   0% 3300 MHz:   0% 3468 MHz:   0% 3624 MHz:   0% 3756 MHz:   0% 3828 MHz:   0% 3888 MHz:   0% 3948 MHz:   0% 3996 MHz:   0% 4044 MHz:   0% 4104 MHz:   0% 4416 MHz:   0% 4512 MHz:   0%)
P0-Cluster idle residency:   1.59%
P0-Cluster down residency:  98.07%
CPU 4 frequency: 1260 MHz
CPU 4 active residency:   0.03% (1260 MHz: .03% 1512 MHz:   0% 1800 MHz:   0% 2088 MHz:   0% 2352 MHz:   0% 2616 MHz:   0% 2868 MHz:   0% 3096 MHz:   0% 3300 MHz:   0% 3468 MHz:   0% 3624 MHz:   0% 3756 MHz:   0% 3828 MHz:   0% 3888 MHz:   0% 3948 MHz:   0% 3996 MHz:   0% 4044 MHz:   0% 4104 MHz:   0% 4416 MHz:   0% 4512 MHz:   0%)
CPU 4 idle residency:   1.85%
CPU 4 down residency:  98.11%
CPU 5 frequency: 1260 MHz
CPU 5 active residency:   0.03% (1260 MHz: .03% 1512 MHz:   0% 1800 MHz:   0% 2088 MHz:   0% 2352 MHz:   0% 2616 MHz:   0% 2868 MHz:   0% 3096 MHz:   0% 3300 MHz:   0% 3468 MHz:   0% 3624 MHz:   0% 3756 MHz:   0% 3828 MHz:   0% 3888 MHz:   0% 3948 MHz:   0% 3996 MHz:   0% 4044 MHz:   0% 4104 MHz:   0% 4416 MHz:   0% 4512 MHz:   0%)
CPU 5 idle residency:   1.86%
CPU 5 down residency:  98.11%
CPU 6 frequency: 1260 MHz
CPU 6 active residency:   0.03% (1260 MHz: .03% 1512 MHz:   0% 1800 MHz:   0% 2088 MHz:   0% 2352 MHz:   0% 2616 MHz:   0% 2868 MHz:   0% 3096 MHz:   0% 3300 MHz:   0% 3468 MHz:   0% 3624 MHz:   0% 3756 MHz:   0% 3828 MHz:   0% 3888 MHz:   0% 3948 MHz:   0% 3996 MHz:   0% 4044 MHz:   0% 4104 MHz:   0% 4416 MHz:   0% 4512 MHz:   0%)
CPU 6 idle residency:   1.86%
CPU 6 down residency:  98.11%
CPU 7 frequency: 1260 MHz
CPU 7 active residency:   0.03% (1260 MHz: .03% 1512 MHz:   0% 1800 MHz:   0% 2088 MHz:   0% 2352 MHz:   0% 2616 MHz:   0% 2868 MHz:   0% 3096 MHz:   0% 3300 MHz:   0% 3468 MHz:   0% 3624 MHz:   0% 3756 MHz:   0% 3828 MHz:   0% 3888 MHz:   0% 3948 MHz:   0% 3996 MHz:   0% 4044 MHz:   0% 4104 MHz:   0% 4416 MHz:   0% 4512 MHz:   0%)
CPU 7 idle residency:   1.86%
CPU 7 down residency:  98.11%
CPU 8 frequency: 1260 MHz
CPU 8 active residency:   0.03% (1260 MHz: .03% 1512 MHz:   0% 1800 MHz:   0% 2088 MHz:   0% 2352 MHz:   0% 2616 MHz:   0% 2868 MHz:   0% 3096 MHz:   0% 3300 MHz:   0% 3468 MHz:   0% 3624 MHz:   0% 3756 MHz:   0% 3828 MHz:   0% 3888 MHz:   0% 3948 MHz:   0% 3996 MHz:   0% 4044 MHz:   0% 4104 MHz:   0% 4416 MHz:   0% 4512 MHz:   0%)
CPU 8 idle residency:   1.86%
CPU 8 down residency:  98.11%
CPU 9 frequency: 1260 MHz
CPU 9 active residency:   0.03% (1260 MHz: .03% 1512 MHz:   0% 1800 MHz:   0% 2088 MHz:   0% 2352 MHz:   0% 2616 MHz:   0% 2868 MHz:   0% 3096 MHz:   0% 3300 MHz:   0% 3468 MHz:   0% 3624 MHz:   0% 3756 MHz:   0% 3828 MHz:   0% 3888 MHz:   0% 3948 MHz:   0% 3996 MHz:   0% 4044 MHz:   0% 4104 MHz:   0% 4416 MHz:   0% 4512 MHz:   0%)
CPU 9 idle residency:   1.86%
CPU 9 down residency:  98.11%

P1-Cluster HW active frequency: 3707 MHz
P1-Cluster HW active residency:  93.13% (1260 MHz: .18% 1512 MHz:   0% 1800 MHz: .00% 2088 MHz: .00% 2352 MHz:   0% 2616 MHz:   0% 2868 MHz: .01% 3096 MHz:   0% 3300 MHz: .00% 3468 MHz: 6.9% 3624 MHz:  54% 3756 MHz:   0% 3828 MHz: 5.8% 3888 MHz: 9.9% 3948 MHz:  16% 3996 MHz: .26% 4044 MHz:   0% 4104 MHz:   0% 4416 MHz:   0% 4512 MHz:   0%)
P1-Cluster idle residency:   6.87%
P1-Cluster down residency:   0.00%
CPU 10 frequency: 3801 MHz
CPU 10 active residency:  27.12% (1260 MHz:   0% 1512 MHz:   0% 1800 MHz: .00% 2088 MHz: .00% 2352 MHz:   0% 2616 MHz:   0% 2868 MHz:   0% 3096 MHz:   0% 3300 MHz:   0% 3468 MHz: .39% 3624 MHz:  11% 3756 MHz:   0% 3828 MHz: 1.2% 3888 MHz: 3.3% 3948 MHz:  11% 3996 MHz: .23% 4044 MHz:   0% 4104 MHz:   0% 4416 MHz:   0% 4512 MHz:   0%)
CPU 10 idle residency:  72.88%
CPU 10 down residency:   0.00%
CPU 11 frequency: 3663 MHz
CPU 11 active residency:  37.20% (1260 MHz: .03% 1512 MHz:   0% 1800 MHz: .00% 2088 MHz: .00% 2352 MHz:   0% 2616 MHz:   0% 2868 MHz:   0% 3096 MHz:   0% 3300 MHz:   0% 3468 MHz: .09% 3624 MHz:  30% 3756 MHz:   0% 3828 MHz: 5.8% 3888 MHz: 1.2% 3948 MHz: .15% 3996 MHz: .00% 4044 MHz:   0% 4104 MHz:   0% 4416 MHz:   0% 4512 MHz:   0%)
CPU 11 idle residency:  62.80%
CPU 11 down residency:   0.00%
CPU 12 frequency: 3757 MHz
CPU 12 active residency:  20.94% (1260 MHz: .00% 1512 MHz:   0% 1800 MHz:   0% 2088 MHz:   0% 2352 MHz:   0% 2616 MHz:   0% 2868 MHz:   0% 3096 MHz:   0% 3300 MHz: .00% 3468 MHz: 3.8% 3624 MHz: 5.1% 3756 MHz:   0% 3828 MHz: 2.6% 3888 MHz: 3.4% 3948 MHz: 6.0% 3996 MHz: .03% 4044 MHz:   0% 4104 MHz:   0% 4416 MHz:   0% 4512 MHz:   0%)
CPU 12 idle residency:  79.06%
CPU 12 down residency:   0.00%
CPU 13 frequency: 3706 MHz
CPU 13 active residency:  40.03% (1260 MHz: .05% 1512 MHz:   0% 1800 MHz:   0% 2088 MHz: .00% 2352 MHz:   0% 2616 MHz:   0% 2868 MHz: .01% 3096 MHz:   0% 3300 MHz: .00% 3468 MHz: 4.4% 3624 MHz:  22% 3756 MHz:   0% 3828 MHz: 1.5% 3888 MHz: 3.6% 3948 MHz: 8.4% 3996 MHz: .29% 4044 MHz:   0% 4104 MHz:   0% 4416 MHz:   0% 4512 MHz:   0%)
CPU 13 idle residency:  59.97%
CPU 13 down residency:   0.00%
CPU 14 frequency: 3732 MHz
CPU 14 active residency:  24.81% (1260 MHz: .01% 1512 MHz:   0% 1800 MHz:   0% 2088 MHz:   0% 2352 MHz:   0% 2616 MHz:   0% 2868 MHz:   0% 3096 MHz:   0% 3300 MHz: .00% 3468 MHz: 4.4% 3624 MHz: 8.7% 3756 MHz:   0% 3828 MHz: 2.1% 3888 MHz: 2.7% 3948 MHz: 6.9% 3996 MHz: .03% 4044 MHz:   0% 4104 MHz:   0% 4416 MHz:   0% 4512 MHz:   0%)
CPU 14 idle residency:  75.19%
CPU 14 down residency:   0.00%
CPU 15 frequency: 3751 MHz
CPU 15 active residency:  37.00% (1260 MHz: .03% 1512 MHz:   0% 1800 MHz: .00% 2088 MHz:   0% 2352 MHz:   0% 2616 MHz:   0% 2868 MHz: .00% 3096 MHz:   0% 3300 MHz: .00% 3468 MHz: .00% 3624 MHz:  20% 3756 MHz:   0% 3828 MHz: 1.4% 3888 MHz: 8.5% 3948 MHz: 6.9% 3996 MHz: .01% 4044 MHz:   0% 4104 MHz:   0% 4416 MHz:   0% 4512 MHz:   0%)
CPU 15 idle residency:  63.00%
CPU 15 down residency:   0.00%

CPU Power: 4157 mW
GPU Power: 16223 mW
ANE Power: 0 mW
Combined Power (CPU + GPU + ANE): 20381 mW

**** GPU usage ****

GPU HW active frequency: 1259 MHz
GPU HW active residency: 100.00% (338 MHz:   0% 618 MHz:   0% 796 MHz:   0% 924 MHz:   0% 952 MHz:   0% 1056 MHz:   0% 1062 MHz:   0% 1182 MHz:  41% 1182 MHz:   0% 1312 MHz:  59% 1242 MHz:   0% 1380 MHz:   0% 1326 MHz:   0% 1470 MHz:   0% 1578 MHz:   0%)
GPU SW requested state: (P1 :   0% P2 :   0% P3 :   0% P4 :   0% P5 :   0% P6 :   0% P7 :   0% P8 :   0% P9 :   0% P10 : 100% P11 :   0% P12 :   0% P13 :   0% P14 :   0% P15 :   0%)
GPU SW state: (SW_P1 :   0% SW_P2 :   0% SW_P3 :   0% SW_P4 :   0% SW_P5 :   0% SW_P6 :  41% SW_P7 :  59% SW_P8 :   0% SW_P9 :   0% SW_P10 :   0% SW_P11 :   0% SW_P12 :   0% SW_P13 :   0% SW_P14 :   0% SW_P15 :   0%)
GPU idle residency:   0.00%
GPU Power: 16238 mW



*** Sampled system activity (Tue Jan 20 15:12:34 2026 +0100) (1020.43ms elapsed) ***


**** Processor usage ****

E-Cluster Online: 100%
E-Cluster HW active frequency: 1618 MHz
E-Cluster HW active residency:  58.77% (1020 MHz:  29% 1404 MHz: 6.7% 1788 MHz: 4.4% 2112 MHz: 1.1% 2352 MHz: .86% 2532 MHz: 1.7% 2592 MHz:  15%)
E-Cluster idle residency:  41.23%
E-Cluster down residency:   0.00%
CPU 0 frequency: 1519 MHz
CPU 0 active residency:  27.48% (1020 MHz:  15% 1404 MHz: 3.4% 1788 MHz: 2.4% 2112 MHz: .44% 2352 MHz: .64% 2532 MHz: .69% 2592 MHz: 5.2%)
CPU 0 idle residency:  72.52%
CPU 0 down residency:   0.00%
CPU 1 frequency: 1610 MHz
CPU 1 active residency:  19.52% (1020 MHz: 9.9% 1404 MHz: 1.9% 1788 MHz: 1.3% 2112 MHz: .41% 2352 MHz: .38% 2532 MHz: 1.1% 2592 MHz: 4.6%)
CPU 1 idle residency:  80.48%
CPU 1 down residency:   0.00%
CPU 2 frequency: 1617 MHz
CPU 2 active residency:  10.54% (1020 MHz: 5.0% 1404 MHz: .81% 1788 MHz: 1.5% 2112 MHz: .42% 2352 MHz: .28% 2532 MHz: .42% 2592 MHz: 2.1%)
CPU 2 idle residency:  89.46%
CPU 2 down residency:   0.00%
CPU 3 frequency: 1502 MHz
CPU 3 active residency:   9.67% (1020 MHz: 5.4% 1404 MHz: 1.1% 1788 MHz: .55% 2112 MHz: .44% 2352 MHz: .27% 2532 MHz: .53% 2592 MHz: 1.4%)
CPU 3 idle residency:  90.33%
CPU 3 down residency:   0.00%

P0-Cluster Online: 3%
P0-Cluster HW active frequency: 1461 MHz
P0-Cluster HW active residency:   0.67% (1260 MHz: .60% 1512 MHz:   0% 1800 MHz: .02% 2088 MHz:   0% 2352 MHz:   0% 2616 MHz:   0% 2868 MHz:   0% 3096 MHz:   0% 3300 MHz:   0% 3468 MHz: .02% 3624 MHz: .04% 3756 MHz:   0% 3828 MHz:   0% 3888 MHz:   0% 3948 MHz:   0% 3996 MHz:   0% 4044 MHz:   0% 4104 MHz:   0% 4416 MHz:   0% 4512 MHz:   0%)
P0-Cluster idle residency:   1.95%
P0-Cluster down residency:  97.38%
CPU 4 frequency: 0 MHz
CPU 4 active residency:   0.00% (1260 MHz:   0% 1512 MHz:   0% 1800 MHz:   0% 2088 MHz:   0% 2352 MHz:   0% 2616 MHz:   0% 2868 MHz:   0% 3096 MHz:   0% 3300 MHz:   0% 3468 MHz:   0% 3624 MHz:   0% 3756 MHz:   0% 3828 MHz:   0% 3888 MHz:   0% 3948 MHz:   0% 3996 MHz:   0% 4044 MHz:   0% 4104 MHz:   0% 4416 MHz:   0% 4512 MHz:   0%)
CPU 4 idle residency:   2.49%
CPU 4 down residency:  97.51%
CPU 5 frequency: 0 MHz
CPU 5 active residency:   0.00% (1260 MHz:   0% 1512 MHz:   0% 1800 MHz:   0% 2088 MHz:   0% 2352 MHz:   0% 2616 MHz:   0% 2868 MHz:   0% 3096 MHz:   0% 3300 MHz:   0% 3468 MHz:   0% 3624 MHz:   0% 3756 MHz:   0% 3828 MHz:   0% 3888 MHz:   0% 3948 MHz:   0% 3996 MHz:   0% 4044 MHz:   0% 4104 MHz:   0% 4416 MHz:   0% 4512 MHz:   0%)
CPU 5 idle residency:   2.50%
CPU 5 down residency:  97.50%
CPU 6 frequency: 0 MHz
CPU 6 active residency:   0.00% (1260 MHz:   0% 1512 MHz:   0% 1800 MHz:   0% 2088 MHz:   0% 2352 MHz:   0% 2616 MHz:   0% 2868 MHz:   0% 3096 MHz:   0% 3300 MHz:   0% 3468 MHz:   0% 3624 MHz:   0% 3756 MHz:   0% 3828 MHz:   0% 3888 MHz:   0% 3948 MHz:   0% 3996 MHz:   0% 4044 MHz:   0% 4104 MHz:   0% 4416 MHz:   0% 4512 MHz:   0%)
CPU 6 idle residency:   2.51%
CPU 6 down residency:  97.49%
CPU 7 frequency: 0 MHz
CPU 7 active residency:   0.00% (1260 MHz:   0% 1512 MHz:   0% 1800 MHz:   0% 2088 MHz:   0% 2352 MHz:   0% 2616 MHz:   0% 2868 MHz:   0% 3096 MHz:   0% 3300 MHz:   0% 3468 MHz:   0% 3624 MHz:   0% 3756 MHz:   0% 3828 MHz:   0% 3888 MHz:   0% 3948 MHz:   0% 3996 MHz:   0% 4044 MHz:   0% 4104 MHz:   0% 4416 MHz:   0% 4512 MHz:   0%)
CPU 7 idle residency:   2.50%
CPU 7 down residency:  97.50%
CPU 8 frequency: 0 MHz
CPU 8 active residency:   0.00% (1260 MHz:   0% 1512 MHz:   0% 1800 MHz:   0% 2088 MHz:   0% 2352 MHz:   0% 2616 MHz:   0% 2868 MHz:   0% 3096 MHz:   0% 3300 MHz:   0% 3468 MHz:   0% 3624 MHz:   0% 3756 MHz:   0% 3828 MHz:   0% 3888 MHz:   0% 3948 MHz:   0% 3996 MHz:   0% 4044 MHz:   0% 4104 MHz:   0% 4416 MHz:   0% 4512 MHz:   0%)
CPU 8 idle residency:   2.51%
CPU 8 down residency:  97.49%
CPU 9 frequency: 0 MHz
CPU 9 active residency:   0.00% (1260 MHz:   0% 1512 MHz:   0% 1800 MHz:   0% 2088 MHz:   0% 2352 MHz:   0% 2616 MHz:   0% 2868 MHz:   0% 3096 MHz:   0% 3300 MHz:   0% 3468 MHz:   0% 3624 MHz:   0% 3756 MHz:   0% 3828 MHz:   0% 3888 MHz:   0% 3948 MHz:   0% 3996 MHz:   0% 4044 MHz:   0% 4104 MHz:   0% 4416 MHz:   0% 4512 MHz:   0%)
CPU 9 idle residency:   2.51%
CPU 9 down residency:  97.49%

P1-Cluster HW active frequency: 3707 MHz
P1-Cluster HW active residency:  92.69% (1260 MHz: .18% 1512 MHz: .00% 1800 MHz:   0% 2088 MHz: .00% 2352 MHz: .00% 2616 MHz: .00% 2868 MHz: .00% 3096 MHz:   0% 3300 MHz:   0% 3468 MHz:  39% 3624 MHz: 9.1% 3756 MHz: 5.0% 3828 MHz: 5.5% 3888 MHz: 1.4% 3948 MHz:  15% 3996 MHz: 9.7% 4044 MHz: 8.0% 4104 MHz:   0% 4416 MHz: .07% 4512 MHz: .09%)
P1-Cluster idle residency:   7.31%
P1-Cluster down residency:   0.00%
CPU 10 frequency: 4171 MHz
CPU 10 active residency:  20.26% (1260 MHz: .01% 1512 MHz:   0% 1800 MHz:   0% 2088 MHz:   0% 2352 MHz:   0% 2616 MHz: .00% 2868 MHz:   0% 3096 MHz:   0% 3300 MHz:   0% 3468 MHz: 5.1% 3624 MHz: .16% 3756 MHz: 1.1% 3828 MHz: .65% 3888 MHz: .06% 3948 MHz: .02% 3996 MHz:   0% 4044 MHz: .05% 4104 MHz:   0% 4416 MHz: 1.1% 4512 MHz:  12%)
CPU 10 idle residency:  79.74%
CPU 10 down residency:   0.00%
CPU 11 frequency: 4335 MHz
CPU 11 active residency:  18.65% (1260 MHz:   0% 1512 MHz:   0% 1800 MHz:   0% 2088 MHz:   0% 2352 MHz:   0% 2616 MHz:   0% 2868 MHz: .00% 3096 MHz:   0% 3300 MHz:   0% 3468 MHz: 1.8% 3624 MHz: .03% 3756 MHz: .98% 3828 MHz: .64% 3888 MHz: .00% 3948 MHz: .05% 3996 MHz:   0% 4044 MHz: .12% 4104 MHz:   0% 4416 MHz: 1.2% 4512 MHz:  14%)
CPU 11 idle residency:  81.35%
CPU 11 down residency:   0.00%
CPU 12 frequency: 3940 MHz
CPU 12 active residency:  42.81% (1260 MHz: .03% 1512 MHz: .00% 1800 MHz:   0% 2088 MHz: .00% 2352 MHz: .00% 2616 MHz:   0% 2868 MHz:   0% 3096 MHz:   0% 3300 MHz:   0% 3468 MHz:  16% 3624 MHz: 4.2% 3756 MHz: 2.5% 3828 MHz: 3.1% 3888 MHz: .46% 3948 MHz: .02% 3996 MHz:   0% 4044 MHz:   0% 4104 MHz:   0% 4416 MHz: .24% 4512 MHz:  17%)
CPU 12 idle residency:  57.19%
CPU 12 down residency:   0.00%
CPU 13 frequency: 3814 MHz
CPU 13 active residency:  43.56% (1260 MHz: .05% 1512 MHz: .00% 1800 MHz:   0% 2088 MHz:   0% 2352 MHz: .00% 2616 MHz:   0% 2868 MHz:   0% 3096 MHz:   0% 3300 MHz:   0% 3468 MHz:  22% 3624 MHz: 4.4% 3756 MHz: 1.0% 3828 MHz: 2.8% 3888 MHz: .71% 3948 MHz: .23% 3996 MHz:   0% 4044 MHz: .05% 4104 MHz:   0% 4416 MHz: 1.1% 4512 MHz:  11%)
CPU 13 idle residency:  56.44%
CPU 13 down residency:   0.00%
CPU 14 frequency: 3766 MHz
CPU 14 active residency:  37.26% (1260 MHz: .03% 1512 MHz: .00% 1800 MHz:   0% 2088 MHz: .00% 2352 MHz:   0% 2616 MHz: .00% 2868 MHz: .00% 3096 MHz:   0% 3300 MHz:   0% 3468 MHz:  16% 3624 MHz: 4.0% 3756 MHz: 4.4% 3828 MHz: 3.9% 3888 MHz: .40% 3948 MHz: .39% 3996 MHz:   0% 4044 MHz: 1.2% 4104 MHz:   0% 4416 MHz: 3.5% 4512 MHz: 3.4%)
CPU 14 idle residency:  62.74%
CPU 14 down residency:   0.00%
CPU 15 frequency: 4250 MHz
CPU 15 active residency:  18.73% (1260 MHz: .01% 1512 MHz:   0% 1800 MHz:   0% 2088 MHz:   0% 2352 MHz:   0% 2616 MHz:   0% 2868 MHz:   0% 3096 MHz:   0% 3300 MHz:   0% 3468 MHz: 3.8% 3624 MHz: .11% 3756 MHz: .52% 3828 MHz: .16% 3888 MHz: .00% 3948 MHz: .05% 3996 MHz:   0% 4044 MHz: .50% 4104 MHz:   0% 4416 MHz: .25% 4512 MHz:  13%)
CPU 15 idle residency:  81.27%
CPU 15 down residency:   0.00%

CPU Power: 4134 mW
GPU Power: 16380 mW
ANE Power: 0 mW
Combined Power (CPU + GPU + ANE): 20514 mW

**** GPU usage ****

GPU HW active frequency: 1271 MHz
GPU HW active residency: 100.00% (338 MHz:   0% 618 MHz:   0% 796 MHz:   0% 924 MHz:   0% 952 MHz:   0% 1056 MHz:   0% 1062 MHz:   0% 1182 MHz:  32% 1182 MHz:   0% 1312 MHz:  67% 1242 MHz:   0% 1380 MHz: .87% 1326 MHz:   0% 1470 MHz:   0% 1578 MHz:   0%)
GPU SW requested state: (P1 :   0% P2 :   0% P3 :   0% P4 :   0% P5 :   0% P6 :   0% P7 :   0% P8 :   0% P9 :   0% P10 : 100% P11 :   0% P12 :   0% P13 :   0% P14 :   0% P15 :   0%)
GPU SW state: (SW_P1 :   0% SW_P2 :   0% SW_P3 :   0% SW_P4 :   0% SW_P5 :   0% SW_P6 :  32% SW_P7 :  67% SW_P8 : .87% SW_P9 :   0% SW_P10 :   0% SW_P11 :   0% SW_P12 :   0% SW_P13 :   0% SW_P14 :   0% SW_P15 :   0%)
GPU idle residency:   0.00%
GPU Power: 16378 mW



*** Sampled system activity (Tue Jan 20 15:12:35 2026 +0100) (1020.32ms elapsed) ***


**** Processor usage ****

E-Cluster Online: 100%
E-Cluster HW active frequency: 1562 MHz
E-Cluster HW active residency:  60.27% (1020 MHz:  31% 1404 MHz: 7.4% 1788 MHz: 5.5% 2112 MHz: 1.3% 2352 MHz: .74% 2532 MHz: 2.7% 2592 MHz:  12%)
E-Cluster idle residency:  39.73%
E-Cluster down residency:   0.00%
CPU 0 frequency: 1488 MHz
CPU 0 active residency:  30.60% (1020 MHz:  17% 1404 MHz: 3.7% 1788 MHz: 3.5% 2112 MHz: .80% 2352 MHz: .20% 2532 MHz: 1.5% 2592 MHz: 4.3%)
CPU 0 idle residency:  69.40%
CPU 0 down residency:   0.00%
CPU 1 frequency: 1505 MHz
CPU 1 active residency:  19.52% (1020 MHz:  11% 1404 MHz: 2.0% 1788 MHz: 1.9% 2112 MHz: .56% 2352 MHz: .22% 2532 MHz: 1.3% 2592 MHz: 2.8%)
CPU 1 idle residency:  80.48%
CPU 1 down residency:   0.00%
CPU 2 frequency: 1616 MHz
CPU 2 active residency:  11.38% (1020 MHz: 5.3% 1404 MHz: 1.2% 1788 MHz: 1.5% 2112 MHz: .29% 2352 MHz: .09% 2532 MHz: .72% 2592 MHz: 2.4%)
CPU 2 idle residency:  88.62%
CPU 2 down residency:   0.00%
CPU 3 frequency: 1511 MHz
CPU 3 active residency:   8.01% (1020 MHz: 4.3% 1404 MHz: .81% 1788 MHz: 1.1% 2112 MHz: .10% 2352 MHz: .20% 2532 MHz: .74% 2592 MHz: .82%)
CPU 3 idle residency:  91.99%
CPU 3 down residency:   0.00%

P0-Cluster Online: 55%
P0-Cluster HW active frequency: 3895 MHz
P0-Cluster HW active residency:  51.90% (1260 MHz: .07% 1512 MHz:   0% 1800 MHz:   0% 2088 MHz:   0% 2352 MHz:   0% 2616 MHz:   0% 2868 MHz: .03% 3096 MHz:   0% 3300 MHz: .01% 3468 MHz: .41% 3624 MHz: 6.7% 3756 MHz: 2.7% 3828 MHz: 1.4% 3888 MHz:  10% 3948 MHz:  16% 3996 MHz: 7.4% 4044 MHz: 6.6% 4104 MHz:   0% 4416 MHz: .09% 4512 MHz: .17%)
P0-Cluster idle residency:   2.12%
P0-Cluster down residency:  45.98%
CPU 4 frequency: 4245 MHz
CPU 4 active residency:  17.54% (1260 MHz: .18% 1512 MHz:   0% 1800 MHz:   0% 2088 MHz:   0% 2352 MHz:   0% 2616 MHz:   0% 2868 MHz:   0% 3096 MHz:   0% 3300 MHz: .00% 3468 MHz: .05% 3624 MHz: 1.9% 3756 MHz: 1.8% 3828 MHz: .38% 3888 MHz: 1.0% 3948 MHz: .05% 3996 MHz:   0% 4044 MHz:   0% 4104 MHz: .01% 4416 MHz: .04% 4512 MHz:  12%)
CPU 4 idle residency:  36.60%
CPU 4 down residency:  45.86%
CPU 5 frequency: 4267 MHz
CPU 5 active residency:  24.82% (1260 MHz: .17% 1512 MHz:   0% 1800 MHz: .00% 2088 MHz:   0% 2352 MHz:   0% 2616 MHz:   0% 2868 MHz:   0% 3096 MHz:   0% 3300 MHz: .00% 3468 MHz: .16% 3624 MHz: 3.7% 3756 MHz: 1.1% 3828 MHz: .22% 3888 MHz: 1.4% 3948 MHz: .54% 3996 MHz:   0% 4044 MHz:   0% 4104 MHz:   0% 4416 MHz:   0% 4512 MHz:  18%)
CPU 5 idle residency:  29.32%
CPU 5 down residency:  45.86%
CPU 6 frequency: 4358 MHz
CPU 6 active residency:  20.58% (1260 MHz: .18% 1512 MHz:   0% 1800 MHz:   0% 2088 MHz:   0% 2352 MHz:   0% 2616 MHz:   0% 2868 MHz:   0% 3096 MHz:   0% 3300 MHz: .00% 3468 MHz: .00% 3624 MHz: .89% 3756 MHz: 1.2% 3828 MHz: .40% 3888 MHz: .59% 3948 MHz: .44% 3996 MHz:   0% 4044 MHz:   0% 4104 MHz: .03% 4416 MHz: .12% 4512 MHz:  17%)
CPU 6 idle residency:  33.55%
CPU 6 down residency:  45.86%
CPU 7 frequency: 4270 MHz
CPU 7 active residency:  22.90% (1260 MHz: .17% 1512 MHz:   0% 1800 MHz: .00% 2088 MHz:   0% 2352 MHz:   0% 2616 MHz:   0% 2868 MHz: .00% 3096 MHz:   0% 3300 MHz:   0% 3468 MHz: .27% 3624 MHz: 3.6% 3756 MHz: .75% 3828 MHz: .34% 3888 MHz: .53% 3948 MHz: .67% 3996 MHz:   0% 4044 MHz:   0% 4104 MHz: .06% 4416 MHz:   0% 4512 MHz:  17%)
CPU 7 idle residency:  31.23%
CPU 7 down residency:  45.86%
CPU 8 frequency: 4107 MHz
CPU 8 active residency:  21.79% (1260 MHz: .17% 1512 MHz:   0% 1800 MHz: .00% 2088 MHz:   0% 2352 MHz:   0% 2616 MHz:   0% 2868 MHz: .03% 3096 MHz:   0% 3300 MHz: .00% 3468 MHz: .35% 3624 MHz: 4.1% 3756 MHz: 2.1% 3828 MHz: .68% 3888 MHz: 2.2% 3948 MHz: 1.2% 3996 MHz:   0% 4044 MHz:   0% 4104 MHz: .39% 4416 MHz: .39% 4512 MHz:  10%)
CPU 8 idle residency:  32.35%
CPU 8 down residency:  45.86%
CPU 9 frequency: 4480 MHz
CPU 9 active residency:  23.21% (1260 MHz: .16% 1512 MHz:   0% 1800 MHz:   0% 2088 MHz:   0% 2352 MHz:   0% 2616 MHz:   0% 2868 MHz:   0% 3096 MHz:   0% 3300 MHz:   0% 3468 MHz:   0% 3624 MHz: .00% 3756 MHz: .00% 3828 MHz: .02% 3888 MHz: .23% 3948 MHz: .02% 3996 MHz:   0% 4044 MHz:   0% 4104 MHz: .10% 4416 MHz: .02% 4512 MHz:  23%)
CPU 9 idle residency:  30.92%
CPU 9 down residency:  45.87%

P1-Cluster HW active frequency: 3337 MHz
P1-Cluster HW active residency:  44.54% (1260 MHz: 2.4% 1512 MHz:   0% 1800 MHz: .52% 2088 MHz: .07% 2352 MHz: .17% 2616 MHz:   0% 2868 MHz:   0% 3096 MHz: .00% 3300 MHz: .12% 3468 MHz:  40% 3624 MHz:   0% 3756 MHz: .05% 3828 MHz: .13% 3888 MHz: .48% 3948 MHz: .05% 3996 MHz: .00% 4044 MHz: .17% 4104 MHz:   0% 4416 MHz: .06% 4512 MHz: .12%)
P1-Cluster idle residency:   9.57%
P1-Cluster down residency:  45.89%
CPU 10 frequency: 3464 MHz
CPU 10 active residency:  20.68% (1260 MHz: .03% 1512 MHz:   0% 1800 MHz:   0% 2088 MHz:   0% 2352 MHz:   0% 2616 MHz:   0% 2868 MHz:   0% 3096 MHz:   0% 3300 MHz: .12% 3468 MHz:  21% 3624 MHz:   0% 3756 MHz:   0% 3828 MHz:   0% 3888 MHz:   0% 3948 MHz:   0% 3996 MHz:   0% 4044 MHz:   0% 4104 MHz:   0% 4416 MHz:   0% 4512 MHz:   0%)
CPU 10 idle residency:  31.45%
CPU 10 down residency:  47.87%
CPU 11 frequency: 3468 MHz
CPU 11 active residency:   1.42% (1260 MHz:   0% 1512 MHz:   0% 1800 MHz:   0% 2088 MHz:   0% 2352 MHz:   0% 2616 MHz:   0% 2868 MHz:   0% 3096 MHz:   0% 3300 MHz:   0% 3468 MHz: 1.4% 3624 MHz:   0% 3756 MHz:   0% 3828 MHz:   0% 3888 MHz:   0% 3948 MHz:   0% 3996 MHz:   0% 4044 MHz:   0% 4104 MHz:   0% 4416 MHz:   0% 4512 MHz:   0%)
CPU 11 idle residency:  52.01%
CPU 11 down residency:  46.57%
CPU 12 frequency: 3468 MHz
CPU 12 active residency:   0.47% (1260 MHz:   0% 1512 MHz:   0% 1800 MHz:   0% 2088 MHz:   0% 2352 MHz:   0% 2616 MHz:   0% 2868 MHz:   0% 3096 MHz:   0% 3300 MHz:   0% 3468 MHz: .47% 3624 MHz:   0% 3756 MHz:   0% 3828 MHz:   0% 3888 MHz:   0% 3948 MHz:   0% 3996 MHz:   0% 4044 MHz:   0% 4104 MHz:   0% 4416 MHz:   0% 4512 MHz:   0%)
CPU 12 idle residency:  53.40%
CPU 12 down residency:  46.13%
CPU 13 frequency: 3465 MHz
CPU 13 active residency:  18.86% (1260 MHz: .02% 1512 MHz:   0% 1800 MHz:   0% 2088 MHz:   0% 2352 MHz:   0% 2616 MHz:   0% 2868 MHz:   0% 3096 MHz:   0% 3300 MHz: .03% 3468 MHz:  19% 3624 MHz:   0% 3756 MHz:   0% 3828 MHz:   0% 3888 MHz:   0% 3948 MHz:   0% 3996 MHz:   0% 4044 MHz:   0% 4104 MHz:   0% 4416 MHz:   0% 4512 MHz:   0%)
CPU 13 idle residency:  33.51%
CPU 13 down residency:  47.62%
CPU 14 frequency: 0 MHz
CPU 14 active residency:   0.00% (1260 MHz:   0% 1512 MHz:   0% 1800 MHz:   0% 2088 MHz:   0% 2352 MHz:   0% 2616 MHz:   0% 2868 MHz:   0% 3096 MHz:   0% 3300 MHz:   0% 3468 MHz:   0% 3624 MHz:   0% 3756 MHz:   0% 3828 MHz:   0% 3888 MHz:   0% 3948 MHz:   0% 3996 MHz:   0% 4044 MHz:   0% 4104 MHz:   0% 4416 MHz:   0% 4512 MHz:   0%)
CPU 14 idle residency:  53.87%
CPU 14 down residency:  46.13%
CPU 15 frequency: 3465 MHz
CPU 15 active residency:  20.48% (1260 MHz: .03% 1512 MHz:   0% 1800 MHz:   0% 2088 MHz:   0% 2352 MHz:   0% 2616 MHz:   0% 2868 MHz:   0% 3096 MHz:   0% 3300 MHz: .00% 3468 MHz:  20% 3624 MHz:   0% 3756 MHz:   0% 3828 MHz:   0% 3888 MHz:   0% 3948 MHz:   0% 3996 MHz:   0% 4044 MHz:   0% 4104 MHz:   0% 4416 MHz:   0% 4512 MHz:   0%)
CPU 15 idle residency:  32.42%
CPU 15 down residency:  47.11%

CPU Power: 4604 mW
GPU Power: 16781 mW
ANE Power: 0 mW
Combined Power (CPU + GPU + ANE): 21385 mW

**** GPU usage ****

GPU HW active frequency: 1281 MHz
GPU HW active residency: 100.00% (338 MHz:   0% 618 MHz:   0% 796 MHz:   0% 924 MHz:   0% 952 MHz:   0% 1056 MHz:   0% 1062 MHz:   0% 1182 MHz:  26% 1182 MHz:   0% 1312 MHz:  70% 1242 MHz:   0% 1380 MHz: 4.1% 1326 MHz:   0% 1470 MHz:   0% 1578 MHz:   0%)
GPU SW requested state: (P1 :   0% P2 :   0% P3 :   0% P4 :   0% P5 :   0% P6 :   0% P7 :   0% P8 :   0% P9 :   0% P10 : 100% P11 :   0% P12 :   0% P13 :   0% P14 :   0% P15 :   0%)
GPU SW state: (SW_P1 :   0% SW_P2 :   0% SW_P3 :   0% SW_P4 :   0% SW_P5 :   0% SW_P6 :  26% SW_P7 :  70% SW_P8 : 4.1% SW_P9 :   0% SW_P10 :   0% SW_P11 :   0% SW_P12 :   0% SW_P13 :   0% SW_P14 :   0% SW_P15 :   0%)
GPU idle residency:   0.00%
GPU Power: 16788 mW



*** Sampled system activity (Tue Jan 20 15:12:36 2026 +0100) (1021.15ms elapsed) ***


**** Processor usage ****

E-Cluster Online: 100%
E-Cluster HW active frequency: 1579 MHz
E-Cluster HW active residency:  56.60% (1020 MHz:  30% 1404 MHz: 4.3% 1788 MHz: 3.6% 2112 MHz: 1.9% 2352 MHz: 2.2% 2532 MHz: 1.3% 2592 MHz:  13%)
E-Cluster idle residency:  43.40%
E-Cluster down residency:   0.00%
CPU 0 frequency: 1531 MHz
CPU 0 active residency:  27.49% (1020 MHz:  15% 1404 MHz: 2.3% 1788 MHz: 2.2% 2112 MHz: .89% 2352 MHz: 1.4% 2532 MHz: .67% 2592 MHz: 4.9%)
CPU 0 idle residency:  72.51%
CPU 0 down residency:   0.00%
CPU 1 frequency: 1509 MHz
CPU 1 active residency:  16.76% (1020 MHz: 9.7% 1404 MHz: 1.1% 1788 MHz: 1.4% 2112 MHz: .57% 2352 MHz: .75% 2532 MHz: .42% 2592 MHz: 2.9%)
CPU 1 idle residency:  83.24%
CPU 1 down residency:   0.00%
CPU 2 frequency: 1445 MHz
CPU 2 active residency:  11.60% (1020 MHz: 6.8% 1404 MHz: 1.0% 1788 MHz: 1.3% 2112 MHz: .45% 2352 MHz: .50% 2532 MHz: .37% 2592 MHz: 1.2%)
CPU 2 idle residency:  88.40%
CPU 2 down residency:   0.00%
CPU 3 frequency: 1538 MHz
CPU 3 active residency:   7.53% (1020 MHz: 4.1% 1404 MHz: .58% 1788 MHz: .77% 2112 MHz: .24% 2352 MHz: .41% 2532 MHz: .13% 2592 MHz: 1.3%)
CPU 3 idle residency:  92.47%
CPU 3 down residency:   0.00%

P0-Cluster Online: 12%
P0-Cluster HW active frequency: 3678 MHz
P0-Cluster HW active residency:   9.07% (1260 MHz: .30% 1512 MHz:   0% 1800 MHz: .14% 2088 MHz:   0% 2352 MHz:   0% 2616 MHz:   0% 2868 MHz:   0% 3096 MHz:   0% 3300 MHz:   0% 3468 MHz:   0% 3624 MHz:   0% 3756 MHz: 4.6% 3828 MHz: 3.8% 3888 MHz: .24% 3948 MHz:   0% 3996 MHz:   0% 4044 MHz:   0% 4104 MHz:   0% 4416 MHz:   0% 4512 MHz:   0%)
P0-Cluster idle residency:   3.18%
P0-Cluster down residency:  87.75%
CPU 4 frequency: 3828 MHz
CPU 4 active residency:   0.04% (1260 MHz:   0% 1512 MHz:   0% 1800 MHz:   0% 2088 MHz:   0% 2352 MHz:   0% 2616 MHz:   0% 2868 MHz:   0% 3096 MHz:   0% 3300 MHz:   0% 3468 MHz:   0% 3624 MHz:   0% 3756 MHz:   0% 3828 MHz: .04% 3888 MHz:   0% 3948 MHz:   0% 3996 MHz:   0% 4044 MHz:   0% 4104 MHz:   0% 4416 MHz:   0% 4512 MHz:   0%)
CPU 4 idle residency:  10.05%
CPU 4 down residency:  89.91%
CPU 5 frequency: 3828 MHz
CPU 5 active residency:   0.02% (1260 MHz:   0% 1512 MHz:   0% 1800 MHz:   0% 2088 MHz:   0% 2352 MHz:   0% 2616 MHz:   0% 2868 MHz:   0% 3096 MHz:   0% 3300 MHz:   0% 3468 MHz:   0% 3624 MHz:   0% 3756 MHz:   0% 3828 MHz: .02% 3888 MHz:   0% 3948 MHz:   0% 3996 MHz:   0% 4044 MHz:   0% 4104 MHz:   0% 4416 MHz:   0% 4512 MHz:   0%)
CPU 5 idle residency:   9.47%
CPU 5 down residency:  90.52%
CPU 6 frequency: 3830 MHz
CPU 6 active residency:   0.54% (1260 MHz:   0% 1512 MHz:   0% 1800 MHz:   0% 2088 MHz:   0% 2352 MHz:   0% 2616 MHz:   0% 2868 MHz:   0% 3096 MHz:   0% 3300 MHz:   0% 3468 MHz:   0% 3624 MHz:   0% 3756 MHz:   0% 3828 MHz: .53% 3888 MHz: .02% 3948 MHz:   0% 3996 MHz:   0% 4044 MHz:   0% 4104 MHz:   0% 4416 MHz:   0% 4512 MHz:   0%)
CPU 6 idle residency:   9.30%
CPU 6 down residency:  90.15%
CPU 7 frequency: 3835 MHz
CPU 7 active residency:   0.51% (1260 MHz:   0% 1512 MHz:   0% 1800 MHz:   0% 2088 MHz:   0% 2352 MHz:   0% 2616 MHz:   0% 2868 MHz:   0% 3096 MHz:   0% 3300 MHz:   0% 3468 MHz:   0% 3624 MHz:   0% 3756 MHz:   0% 3828 MHz: .45% 3888 MHz: .06% 3948 MHz:   0% 3996 MHz:   0% 4044 MHz:   0% 4104 MHz:   0% 4416 MHz:   0% 4512 MHz:   0%)
CPU 7 idle residency:   8.79%
CPU 7 down residency:  90.70%
CPU 8 frequency: 3789 MHz
CPU 8 active residency:   0.33% (1260 MHz: .01% 1512 MHz:   0% 1800 MHz:   0% 2088 MHz:   0% 2352 MHz:   0% 2616 MHz:   0% 2868 MHz:   0% 3096 MHz:   0% 3300 MHz:   0% 3468 MHz:   0% 3624 MHz:   0% 3756 MHz:   0% 3828 MHz: .25% 3888 MHz: .07% 3948 MHz:   0% 3996 MHz:   0% 4044 MHz:   0% 4104 MHz:   0% 4416 MHz:   0% 4512 MHz:   0%)
CPU 8 idle residency:   9.72%
CPU 8 down residency:  89.95%
CPU 9 frequency: 0 MHz
CPU 9 active residency:   0.00% (1260 MHz:   0% 1512 MHz:   0% 1800 MHz:   0% 2088 MHz:   0% 2352 MHz:   0% 2616 MHz:   0% 2868 MHz:   0% 3096 MHz:   0% 3300 MHz:   0% 3468 MHz:   0% 3624 MHz:   0% 3756 MHz:   0% 3828 MHz:   0% 3888 MHz:   0% 3948 MHz:   0% 3996 MHz:   0% 4044 MHz:   0% 4104 MHz:   0% 4416 MHz:   0% 4512 MHz:   0%)
CPU 9 idle residency:  12.08%
CPU 9 down residency:  87.92%

P1-Cluster HW active frequency: 3750 MHz
P1-Cluster HW active residency:  84.64% (1260 MHz: .16% 1512 MHz: .01% 1800 MHz: .00% 2088 MHz: .01% 2352 MHz:   0% 2616 MHz:   0% 2868 MHz:   0% 3096 MHz:   0% 3300 MHz: .53% 3468 MHz:  12% 3624 MHz:  31% 3756 MHz: 6.6% 3828 MHz: .38% 3888 MHz: .44% 3948 MHz:  14% 3996 MHz: 9.6% 4044 MHz: 9.1% 4104 MHz:   0% 4416 MHz:   0% 4512 MHz:   0%)
P1-Cluster idle residency:   5.27%
P1-Cluster down residency:  10.09%
CPU 10 frequency: 3832 MHz
CPU 10 active residency:  42.09% (1260 MHz: .23% 1512 MHz: .01% 1800 MHz: .49% 2088 MHz: .00% 2352 MHz: .00% 2616 MHz:   0% 2868 MHz:   0% 3096 MHz: .01% 3300 MHz: .51% 3468 MHz: 9.5% 3624 MHz:  14% 3756 MHz: 3.6% 3828 MHz: .09% 3888 MHz: .02% 3948 MHz:   0% 3996 MHz: .01% 4044 MHz: .82% 4104 MHz:   0% 4416 MHz: 1.4% 4512 MHz:  11%)
CPU 10 idle residency:  48.27%
CPU 10 down residency:   9.64%
CPU 11 frequency: 4160 MHz
CPU 11 active residency:  19.17% (1260 MHz: .20% 1512 MHz:   0% 1800 MHz: .03% 2088 MHz:   0% 2352 MHz:   0% 2616 MHz:   0% 2868 MHz:   0% 3096 MHz:   0% 3300 MHz: .08% 3468 MHz: 2.3% 3624 MHz: 1.8% 3756 MHz: 1.8% 3828 MHz: .01% 3888 MHz:   0% 3948 MHz:   0% 3996 MHz: .10% 4044 MHz: .84% 4104 MHz:   0% 4416 MHz: 1.5% 4512 MHz:  11%)
CPU 11 idle residency:  70.93%
CPU 11 down residency:   9.89%
CPU 12 frequency: 3943 MHz
CPU 12 active residency:  24.55% (1260 MHz: .19% 1512 MHz:   0% 1800 MHz: .03% 2088 MHz: .01% 2352 MHz:   0% 2616 MHz:   0% 2868 MHz:   0% 3096 MHz:   0% 3300 MHz: .38% 3468 MHz: 6.4% 3624 MHz: 6.3% 3756 MHz: .67% 3828 MHz: .07% 3888 MHz:   0% 3948 MHz:   0% 3996 MHz:   0% 4044 MHz: .00% 4104 MHz:   0% 4416 MHz: .14% 4512 MHz:  10%)
CPU 12 idle residency:  65.46%
CPU 12 down residency:   9.99%
CPU 13 frequency: 3883 MHz
CPU 13 active residency:  32.36% (1260 MHz: .23% 1512 MHz:   0% 1800 MHz: .03% 2088 MHz: .00% 2352 MHz: .00% 2616 MHz:   0% 2868 MHz:   0% 3096 MHz:   0% 3300 MHz: .00% 3468 MHz: 2.9% 3624 MHz:  14% 3756 MHz: 3.4% 3828 MHz: .30% 3888 MHz: .28% 3948 MHz:   0% 3996 MHz: .38% 4044 MHz: 1.5% 4104 MHz:   0% 4416 MHz: 3.6% 4512 MHz: 5.9%)
CPU 13 idle residency:  57.94%
CPU 13 down residency:   9.71%
CPU 14 frequency: 4423 MHz
CPU 14 active residency:  20.30% (1260 MHz: .19% 1512 MHz:   0% 1800 MHz: .03% 2088 MHz:   0% 2352 MHz:   0% 2616 MHz:   0% 2868 MHz:   0% 3096 MHz:   0% 3300 MHz: .00% 3468 MHz: .10% 3624 MHz: .27% 3756 MHz: .23% 3828 MHz: .04% 3888 MHz:   0% 3948 MHz:   0% 3996 MHz: .05% 4044 MHz: .94% 4104 MHz:   0% 4416 MHz: 1.5% 4512 MHz:  17%)
CPU 14 idle residency:  69.72%
CPU 14 down residency:   9.99%
CPU 15 frequency: 3837 MHz
CPU 15 active residency:  37.09% (1260 MHz: .21% 1512 MHz: .00% 1800 MHz: .03% 2088 MHz: .02% 2352 MHz: .01% 2616 MHz:   0% 2868 MHz:   0% 3096 MHz: .00% 3300 MHz: .21% 3468 MHz: 8.1% 3624 MHz:  14% 3756 MHz: 3.4% 3828 MHz: .12% 3888 MHz: .03% 3948 MHz:   0% 3996 MHz: .03% 4044 MHz:   0% 4104 MHz:   0% 4416 MHz: .51% 4512 MHz:  10%)
CPU 15 idle residency:  53.12%
CPU 15 down residency:   9.79%

CPU Power: 4099 mW
GPU Power: 16622 mW
ANE Power: 0 mW
Combined Power (CPU + GPU + ANE): 20721 mW

**** GPU usage ****

GPU HW active frequency: 1281 MHz
GPU HW active residency: 100.00% (338 MHz:   0% 618 MHz:   0% 796 MHz:   0% 924 MHz:   0% 952 MHz:   0% 1056 MHz:   0% 1062 MHz:   0% 1182 MHz:  25% 1182 MHz:   0% 1312 MHz:  72% 1242 MHz:   0% 1380 MHz: 3.0% 1326 MHz:   0% 1470 MHz:   0% 1578 MHz:   0%)
GPU SW requested state: (P1 :   0% P2 :   0% P3 :   0% P4 :   0% P5 :   0% P6 :   0% P7 :   0% P8 :   0% P9 :   0% P10 : 100% P11 :   0% P12 :   0% P13 :   0% P14 :   0% P15 :   0%)
GPU SW state: (SW_P1 :   0% SW_P2 :   0% SW_P3 :   0% SW_P4 :   0% SW_P5 :   0% SW_P6 :  25% SW_P7 :  72% SW_P8 : 3.0% SW_P9 :   0% SW_P10 :   0% SW_P11 :   0% SW_P12 :   0% SW_P13 :   0% SW_P14 :   0% SW_P15 :   0%)
GPU idle residency:   0.00%
GPU Power: 16623 mW



*** Sampled system activity (Tue Jan 20 15:12:37 2026 +0100) (1020.37ms elapsed) ***


**** Processor usage ****

E-Cluster Online: 100%
E-Cluster HW active frequency: 1549 MHz
E-Cluster HW active residency:  60.05% (1020 MHz:  31% 1404 MHz: 6.0% 1788 MHz: 6.2% 2112 MHz: 3.1% 2352 MHz: 2.2% 2532 MHz: 1.8% 2592 MHz: 9.9%)
E-Cluster idle residency:  39.95%
E-Cluster down residency:   0.00%
CPU 0 frequency: 1535 MHz
CPU 0 active residency:  28.07% (1020 MHz:  15% 1404 MHz: 3.0% 1788 MHz: 2.7% 2112 MHz: 1.3% 2352 MHz: 1.1% 2532 MHz: 1.2% 2592 MHz: 4.2%)
CPU 0 idle residency:  71.93%
CPU 0 down residency:   0.00%
CPU 1 frequency: 1610 MHz
CPU 1 active residency:  18.14% (1020 MHz: 8.5% 1404 MHz: 1.8% 1788 MHz: 2.1% 2112 MHz: 1.1% 2352 MHz: .71% 2532 MHz: .53% 2592 MHz: 3.5%)
CPU 1 idle residency:  81.86%
CPU 1 down residency:   0.00%
CPU 2 frequency: 1449 MHz
CPU 2 active residency:  14.03% (1020 MHz: 8.4% 1404 MHz: 1.1% 1788 MHz: 1.5% 2112 MHz: .34% 2352 MHz: .37% 2532 MHz: .50% 2592 MHz: 1.8%)
CPU 2 idle residency:  85.97%
CPU 2 down residency:   0.00%
CPU 3 frequency: 1640 MHz
CPU 3 active residency:   5.74% (1020 MHz: 2.5% 1404 MHz: .38% 1788 MHz: 1.3% 2112 MHz: .12% 2352 MHz: .27% 2532 MHz: .11% 2592 MHz: 1.1%)
CPU 3 idle residency:  94.26%
CPU 3 down residency:   0.00%

P0-Cluster Online: 3%
P0-Cluster HW active frequency: 1260 MHz
P0-Cluster HW active residency:   0.64% (1260 MHz: .64% 1512 MHz:   0% 1800 MHz:   0% 2088 MHz:   0% 2352 MHz:   0% 2616 MHz:   0% 2868 MHz:   0% 3096 MHz:   0% 3300 MHz:   0% 3468 MHz:   0% 3624 MHz:   0% 3756 MHz:   0% 3828 MHz:   0% 3888 MHz:   0% 3948 MHz:   0% 3996 MHz:   0% 4044 MHz:   0% 4104 MHz:   0% 4416 MHz:   0% 4512 MHz:   0%)
P0-Cluster idle residency:   2.22%
P0-Cluster down residency:  97.14%
CPU 4 frequency: 3578 MHz
CPU 4 active residency:   2.37% (1260 MHz: .17% 1512 MHz:   0% 1800 MHz: .04% 2088 MHz:   0% 2352 MHz:   0% 2616 MHz:   0% 2868 MHz:   0% 3096 MHz:   0% 3300 MHz:   0% 3468 MHz:   0% 3624 MHz:   0% 3756 MHz: 1.0% 3828 MHz: 1.2% 3888 MHz:   0% 3948 MHz:   0% 3996 MHz:   0% 4044 MHz:   0% 4104 MHz:   0% 4416 MHz:   0% 4512 MHz:   0%)
CPU 4 idle residency:   2.66%
CPU 4 down residency:  94.97%
CPU 5 frequency: 3615 MHz
CPU 5 active residency:   3.00% (1260 MHz: .17% 1512 MHz:   0% 1800 MHz: .04% 2088 MHz:   0% 2352 MHz:   0% 2616 MHz:   0% 2868 MHz:   0% 3096 MHz:   0% 3300 MHz:   0% 3468 MHz:   0% 3624 MHz:   0% 3756 MHz: 1.7% 3828 MHz: 1.1% 3888 MHz:   0% 3948 MHz:   0% 3996 MHz:   0% 4044 MHz:   0% 4104 MHz:   0% 4416 MHz:   0% 4512 MHz:   0%)
CPU 5 idle residency:   2.64%
CPU 5 down residency:  94.36%
CPU 6 frequency: 3583 MHz
CPU 6 active residency:   2.63% (1260 MHz: .17% 1512 MHz:   0% 1800 MHz: .05% 2088 MHz:   0% 2352 MHz:   0% 2616 MHz:   0% 2868 MHz:   0% 3096 MHz:   0% 3300 MHz:   0% 3468 MHz:   0% 3624 MHz:   0% 3756 MHz: 1.5% 3828 MHz: .95% 3888 MHz:   0% 3948 MHz:   0% 3996 MHz:   0% 4044 MHz:   0% 4104 MHz:   0% 4416 MHz:   0% 4512 MHz:   0%)
CPU 6 idle residency:   2.65%
CPU 6 down residency:  94.72%
CPU 7 frequency: 3620 MHz
CPU 7 active residency:   3.18% (1260 MHz: .18% 1512 MHz:   0% 1800 MHz: .04% 2088 MHz:   0% 2352 MHz:   0% 2616 MHz:   0% 2868 MHz:   0% 3096 MHz:   0% 3300 MHz:   0% 3468 MHz:   0% 3624 MHz:   0% 3756 MHz: 1.6% 3828 MHz: 1.3% 3888 MHz:   0% 3948 MHz:   0% 3996 MHz:   0% 4044 MHz:   0% 4104 MHz:   0% 4416 MHz:   0% 4512 MHz:   0%)
CPU 7 idle residency:   2.64%
CPU 7 down residency:  94.18%
CPU 8 frequency: 3600 MHz
CPU 8 active residency:   2.41% (1260 MHz: .17% 1512 MHz:   0% 1800 MHz: .02% 2088 MHz:   0% 2352 MHz:   0% 2616 MHz:   0% 2868 MHz:   0% 3096 MHz:   0% 3300 MHz:   0% 3468 MHz:   0% 3624 MHz:   0% 3756 MHz: .95% 3828 MHz: 1.3% 3888 MHz:   0% 3948 MHz:   0% 3996 MHz:   0% 4044 MHz:   0% 4104 MHz:   0% 4416 MHz:   0% 4512 MHz:   0%)
CPU 8 idle residency:   2.66%
CPU 8 down residency:  94.93%
CPU 9 frequency: 1646 MHz
CPU 9 active residency:   0.22% (1260 MHz: .18% 1512 MHz:   0% 1800 MHz: .01% 2088 MHz:   0% 2352 MHz:   0% 2616 MHz:   0% 2868 MHz:   0% 3096 MHz:   0% 3300 MHz:   0% 3468 MHz:   0% 3624 MHz:   0% 3756 MHz: .03% 3828 MHz: .00% 3888 MHz:   0% 3948 MHz:   0% 3996 MHz:   0% 4044 MHz:   0% 4104 MHz:   0% 4416 MHz:   0% 4512 MHz:   0%)
CPU 9 idle residency:   2.72%
CPU 9 down residency:  97.06%

P1-Cluster HW active frequency: 3697 MHz
P1-Cluster HW active residency:  92.65% (1260 MHz: .11% 1512 MHz:   0% 1800 MHz: .02% 2088 MHz:   0% 2352 MHz: .00% 2616 MHz:   0% 2868 MHz: .00% 3096 MHz: .00% 3300 MHz: 5.1% 3468 MHz:  36% 3624 MHz: 8.8% 3756 MHz: .39% 3828 MHz: 4.5% 3888 MHz: 5.7% 3948 MHz:  15% 3996 MHz: 9.9% 4044 MHz: 7.8% 4104 MHz:   0% 4416 MHz:   0% 4512 MHz:   0%)
P1-Cluster idle residency:   7.35%
P1-Cluster down residency:   0.00%
CPU 10 frequency: 3838 MHz
CPU 10 active residency:  41.39% (1260 MHz: .03% 1512 MHz:   0% 1800 MHz: .00% 2088 MHz:   0% 2352 MHz:   0% 2616 MHz:   0% 2868 MHz: .01% 3096 MHz:   0% 3300 MHz: 1.9% 3468 MHz:  18% 3624 MHz: 4.3% 3756 MHz: .05% 3828 MHz: 2.0% 3888 MHz: 2.3% 3948 MHz:   0% 3996 MHz:   0% 4044 MHz:   0% 4104 MHz: .05% 4416 MHz: .02% 4512 MHz:  13%)
CPU 10 idle residency:  58.61%
CPU 10 down residency:   0.00%
CPU 11 frequency: 4382 MHz
CPU 11 active residency:  23.48% (1260 MHz:   0% 1512 MHz:   0% 1800 MHz:   0% 2088 MHz:   0% 2352 MHz:   0% 2616 MHz:   0% 2868 MHz:   0% 3096 MHz: .00% 3300 MHz: .00% 3468 MHz: 1.6% 3624 MHz: .34% 3756 MHz: .01% 3828 MHz: 1.0% 3888 MHz: .18% 3948 MHz: .26% 3996 MHz:   0% 4044 MHz:   0% 4104 MHz: .30% 4416 MHz: .04% 4512 MHz:  20%)
CPU 11 idle residency:  76.52%
CPU 11 down residency:   0.00%
CPU 12 frequency: 3848 MHz
CPU 12 active residency:  35.80% (1260 MHz: .03% 1512 MHz:   0% 1800 MHz:   0% 2088 MHz:   0% 2352 MHz: .00% 2616 MHz:   0% 2868 MHz:   0% 3096 MHz: .00% 3300 MHz: .00% 3468 MHz:  14% 3624 MHz: 4.1% 3756 MHz: .14% 3828 MHz: 4.0% 3888 MHz: 3.7% 3948 MHz: .39% 3996 MHz:   0% 4044 MHz:   0% 4104 MHz: .38% 4416 MHz: .39% 4512 MHz: 8.8%)
CPU 12 idle residency:  64.20%
CPU 12 down residency:   0.00%
CPU 13 frequency: 4085 MHz
CPU 13 active residency:  22.27% (1260 MHz: .00% 1512 MHz:   0% 1800 MHz: .02% 2088 MHz:   0% 2352 MHz:   0% 2616 MHz:   0% 2868 MHz: .01% 3096 MHz:   0% 3300 MHz: 2.2% 3468 MHz: 5.1% 3624 MHz: .32% 3756 MHz: .02% 3828 MHz: 1.5% 3888 MHz: .08% 3948 MHz:   0% 3996 MHz:   0% 4044 MHz:   0% 4104 MHz:   0% 4416 MHz:   0% 4512 MHz:  13%)
CPU 13 idle residency:  77.73%
CPU 13 down residency:   0.00%
CPU 14 frequency: 4220 MHz
CPU 14 active residency:  18.05% (1260 MHz:   0% 1512 MHz:   0% 1800 MHz:   0% 2088 MHz:   0% 2352 MHz:   0% 2616 MHz:   0% 2868 MHz: .01% 3096 MHz:   0% 3300 MHz: .84% 3468 MHz: 2.8% 3624 MHz: .39% 3756 MHz: .13% 3828 MHz: .83% 3888 MHz: .00% 3948 MHz: .28% 3996 MHz:   0% 4044 MHz:   0% 4104 MHz: .28% 4416 MHz: .15% 4512 MHz:  12%)
CPU 14 idle residency:  81.95%
CPU 14 down residency:   0.00%
CPU 15 frequency: 3838 MHz
CPU 15 active residency:  41.81% (1260 MHz: .01% 1512 MHz:   0% 1800 MHz:   0% 2088 MHz:   0% 2352 MHz: .00% 2616 MHz:   0% 2868 MHz:   0% 3096 MHz:   0% 3300 MHz: 2.0% 3468 MHz:  18% 3624 MHz: 4.9% 3756 MHz: .32% 3828 MHz: 1.7% 3888 MHz: 2.1% 3948 MHz: .31% 3996 MHz:   0% 4044 MHz:   0% 4104 MHz: .22% 4416 MHz:   0% 4512 MHz:  13%)
CPU 15 idle residency:  58.19%
CPU 15 down residency:   0.00%

CPU Power: 4297 mW
GPU Power: 16761 mW
ANE Power: 0 mW
Combined Power (CPU + GPU + ANE): 21059 mW

**** GPU usage ****

GPU HW active frequency: 1285 MHz
GPU HW active residency: 100.00% (338 MHz:   0% 618 MHz:   0% 796 MHz:   0% 924 MHz:   0% 952 MHz:   0% 1056 MHz:   0% 1062 MHz:   0% 1182 MHz:  23% 1182 MHz:   0% 1312 MHz:  72% 1242 MHz:   0% 1380 MHz: 4.8% 1326 MHz:   0% 1470 MHz:   0% 1578 MHz:   0%)
GPU SW requested state: (P1 :   0% P2 :   0% P3 :   0% P4 :   0% P5 :   0% P6 :   0% P7 :   0% P8 :   0% P9 :   0% P10 : 100% P11 :   0% P12 :   0% P13 :   0% P14 :   0% P15 :   0%)
GPU SW state: (SW_P1 :   0% SW_P2 :   0% SW_P3 :   0% SW_P4 :   0% SW_P5 :   0% SW_P6 :  23% SW_P7 :  72% SW_P8 : 4.8% SW_P9 :   0% SW_P10 :   0% SW_P11 :   0% SW_P12 :   0% SW_P13 :   0% SW_P14 :   0% SW_P15 :   0%)
GPU idle residency:   0.00%
GPU Power: 16762 mW



*** Sampled system activity (Tue Jan 20 15:12:38 2026 +0100) (1018.77ms elapsed) ***


**** Processor usage ****

E-Cluster Online: 100%
E-Cluster HW active frequency: 1256 MHz
E-Cluster HW active residency:  60.12% (1020 MHz:  41% 1404 MHz:  10% 1788 MHz: 4.2% 2112 MHz: 1.4% 2352 MHz: 1.4% 2532 MHz: 1.1% 2592 MHz: 1.3%)
E-Cluster idle residency:  39.88%
E-Cluster down residency:   0.00%
CPU 0 frequency: 1266 MHz
CPU 0 active residency:  30.07% (1020 MHz:  20% 1404 MHz: 4.8% 1788 MHz: 2.6% 2112 MHz: .51% 2352 MHz: .84% 2532 MHz: .58% 2592 MHz: .67%)
CPU 0 idle residency:  69.93%
CPU 0 down residency:   0.00%
CPU 1 frequency: 1302 MHz
CPU 1 active residency:  19.61% (1020 MHz:  13% 1404 MHz: 3.5% 1788 MHz: 1.3% 2112 MHz: .65% 2352 MHz: .71% 2532 MHz: .60% 2592 MHz: .43%)
CPU 1 idle residency:  80.39%
CPU 1 down residency:   0.00%
CPU 2 frequency: 1359 MHz
CPU 2 active residency:  12.29% (1020 MHz: 7.0% 1404 MHz: 2.1% 1788 MHz: 1.6% 2112 MHz: .31% 2352 MHz: .66% 2532 MHz: .29% 2592 MHz: .30%)
CPU 2 idle residency:  87.71%
CPU 2 down residency:   0.00%
CPU 3 frequency: 1316 MHz
CPU 3 active residency:   6.88% (1020 MHz: 4.5% 1404 MHz: .85% 1788 MHz: .53% 2112 MHz: .22% 2352 MHz: .38% 2532 MHz: .15% 2592 MHz: .21%)
CPU 3 idle residency:  93.12%
CPU 3 down residency:   0.00%

P0-Cluster Online: 2%
P0-Cluster HW active frequency: 1572 MHz
P0-Cluster HW active residency:   0.77% (1260 MHz: .50% 1512 MHz:   0% 1800 MHz: .21% 2088 MHz:   0% 2352 MHz:   0% 2616 MHz:   0% 2868 MHz:   0% 3096 MHz:   0% 3300 MHz:   0% 3468 MHz:   0% 3624 MHz: .05% 3756 MHz:   0% 3828 MHz:   0% 3888 MHz:   0% 3948 MHz:   0% 3996 MHz:   0% 4044 MHz:   0% 4104 MHz:   0% 4416 MHz:   0% 4512 MHz:   0%)
P0-Cluster idle residency:   1.14%
P0-Cluster down residency:  98.09%
CPU 4 frequency: 0 MHz
CPU 4 active residency:   0.00% (1260 MHz:   0% 1512 MHz:   0% 1800 MHz:   0% 2088 MHz:   0% 2352 MHz:   0% 2616 MHz:   0% 2868 MHz:   0% 3096 MHz:   0% 3300 MHz:   0% 3468 MHz:   0% 3624 MHz:   0% 3756 MHz:   0% 3828 MHz:   0% 3888 MHz:   0% 3948 MHz:   0% 3996 MHz:   0% 4044 MHz:   0% 4104 MHz:   0% 4416 MHz:   0% 4512 MHz:   0%)
CPU 4 idle residency:   1.77%
CPU 4 down residency:  98.23%
CPU 5 frequency: 0 MHz
CPU 5 active residency:   0.00% (1260 MHz:   0% 1512 MHz:   0% 1800 MHz:   0% 2088 MHz:   0% 2352 MHz:   0% 2616 MHz:   0% 2868 MHz:   0% 3096 MHz:   0% 3300 MHz:   0% 3468 MHz:   0% 3624 MHz:   0% 3756 MHz:   0% 3828 MHz:   0% 3888 MHz:   0% 3948 MHz:   0% 3996 MHz:   0% 4044 MHz:   0% 4104 MHz:   0% 4416 MHz:   0% 4512 MHz:   0%)
CPU 5 idle residency:   1.78%
CPU 5 down residency:  98.22%
CPU 6 frequency: 0 MHz
CPU 6 active residency:   0.00% (1260 MHz:   0% 1512 MHz:   0% 1800 MHz:   0% 2088 MHz:   0% 2352 MHz:   0% 2616 MHz:   0% 2868 MHz:   0% 3096 MHz:   0% 3300 MHz:   0% 3468 MHz:   0% 3624 MHz:   0% 3756 MHz:   0% 3828 MHz:   0% 3888 MHz:   0% 3948 MHz:   0% 3996 MHz:   0% 4044 MHz:   0% 4104 MHz:   0% 4416 MHz:   0% 4512 MHz:   0%)
CPU 6 idle residency:   1.79%
CPU 6 down residency:  98.21%
CPU 7 frequency: 0 MHz
CPU 7 active residency:   0.00% (1260 MHz:   0% 1512 MHz:   0% 1800 MHz:   0% 2088 MHz:   0% 2352 MHz:   0% 2616 MHz:   0% 2868 MHz:   0% 3096 MHz:   0% 3300 MHz:   0% 3468 MHz:   0% 3624 MHz:   0% 3756 MHz:   0% 3828 MHz:   0% 3888 MHz:   0% 3948 MHz:   0% 3996 MHz:   0% 4044 MHz:   0% 4104 MHz:   0% 4416 MHz:   0% 4512 MHz:   0%)
CPU 7 idle residency:   1.77%
CPU 7 down residency:  98.23%
CPU 8 frequency: 0 MHz
CPU 8 active residency:   0.00% (1260 MHz:   0% 1512 MHz:   0% 1800 MHz:   0% 2088 MHz:   0% 2352 MHz:   0% 2616 MHz:   0% 2868 MHz:   0% 3096 MHz:   0% 3300 MHz:   0% 3468 MHz:   0% 3624 MHz:   0% 3756 MHz:   0% 3828 MHz:   0% 3888 MHz:   0% 3948 MHz:   0% 3996 MHz:   0% 4044 MHz:   0% 4104 MHz:   0% 4416 MHz:   0% 4512 MHz:   0%)
CPU 8 idle residency:   1.80%
CPU 8 down residency:  98.20%
CPU 9 frequency: 0 MHz
CPU 9 active residency:   0.00% (1260 MHz:   0% 1512 MHz:   0% 1800 MHz:   0% 2088 MHz:   0% 2352 MHz:   0% 2616 MHz:   0% 2868 MHz:   0% 3096 MHz:   0% 3300 MHz:   0% 3468 MHz:   0% 3624 MHz:   0% 3756 MHz:   0% 3828 MHz:   0% 3888 MHz:   0% 3948 MHz:   0% 3996 MHz:   0% 4044 MHz:   0% 4104 MHz:   0% 4416 MHz:   0% 4512 MHz:   0%)
CPU 9 idle residency:   1.80%
CPU 9 down residency:  98.20%

P1-Cluster HW active frequency: 3554 MHz
P1-Cluster HW active residency:  94.81% (1260 MHz: .06% 1512 MHz: .00% 1800 MHz: .00% 2088 MHz: .03% 2352 MHz:   0% 2616 MHz:   0% 2868 MHz:   0% 3096 MHz:   0% 3300 MHz:   0% 3468 MHz:  48% 3624 MHz:  41% 3756 MHz: 4.6% 3828 MHz: 1.9% 3888 MHz:   0% 3948 MHz:   0% 3996 MHz:   0% 4044 MHz:   0% 4104 MHz:   0% 4416 MHz:   0% 4512 MHz:   0%)
P1-Cluster idle residency:   5.19%
P1-Cluster down residency:   0.00%
CPU 10 frequency: 3545 MHz
CPU 10 active residency:  47.55% (1260 MHz: .01% 1512 MHz: .00% 1800 MHz:   0% 2088 MHz: .02% 2352 MHz:   0% 2616 MHz:   0% 2868 MHz:   0% 3096 MHz:   0% 3300 MHz:   0% 3468 MHz:  26% 3624 MHz:  19% 3756 MHz: 1.1% 3828 MHz: 1.3% 3888 MHz:   0% 3948 MHz:   0% 3996 MHz:   0% 4044 MHz:   0% 4104 MHz:   0% 4416 MHz:   0% 4512 MHz:   0%)
CPU 10 idle residency:  52.45%
CPU 10 down residency:   0.00%
CPU 11 frequency: 3615 MHz
CPU 11 active residency:  23.73% (1260 MHz: .01% 1512 MHz:   0% 1800 MHz:   0% 2088 MHz: .00% 2352 MHz:   0% 2616 MHz:   0% 2868 MHz:   0% 3096 MHz:   0% 3300 MHz:   0% 3468 MHz: 4.6% 3624 MHz:  16% 3756 MHz: 2.3% 3828 MHz: 1.1% 3888 MHz:   0% 3948 MHz:   0% 3996 MHz:   0% 4044 MHz:   0% 4104 MHz:   0% 4416 MHz:   0% 4512 MHz:   0%)
CPU 11 idle residency:  76.27%
CPU 11 down residency:   0.00%
CPU 12 frequency: 3541 MHz
CPU 12 active residency:  46.11% (1260 MHz: .01% 1512 MHz:   0% 1800 MHz: .00% 2088 MHz: .00% 2352 MHz:   0% 2616 MHz:   0% 2868 MHz:   0% 3096 MHz:   0% 3300 MHz:   0% 3468 MHz:  27% 3624 MHz:  17% 3756 MHz: 1.4% 3828 MHz: 1.1% 3888 MHz:   0% 3948 MHz:   0% 3996 MHz:   0% 4044 MHz:   0% 4104 MHz:   0% 4416 MHz:   0% 4512 MHz:   0%)
CPU 12 idle residency:  53.89%
CPU 12 down residency:   0.00%
CPU 13 frequency: 3639 MHz
CPU 13 active residency:  23.01% (1260 MHz: .01% 1512 MHz:   0% 1800 MHz: .00% 2088 MHz:   0% 2352 MHz:   0% 2616 MHz:   0% 2868 MHz:   0% 3096 MHz:   0% 3300 MHz:   0% 3468 MHz: 1.8% 3624 MHz:  17% 3756 MHz: 2.5% 3828 MHz: 1.5% 3888 MHz:   0% 3948 MHz:   0% 3996 MHz:   0% 4044 MHz:   0% 4104 MHz:   0% 4416 MHz:   0% 4512 MHz:   0%)
CPU 13 idle residency:  76.99%
CPU 13 down residency:   0.00%
CPU 14 frequency: 3617 MHz
CPU 14 active residency:  19.29% (1260 MHz:   0% 1512 MHz:   0% 1800 MHz:   0% 2088 MHz:   0% 2352 MHz:   0% 2616 MHz:   0% 2868 MHz:   0% 3096 MHz:   0% 3300 MHz:   0% 3468 MHz: .97% 3624 MHz:  18% 3756 MHz: .04% 3828 MHz: .02% 3888 MHz:   0% 3948 MHz:   0% 3996 MHz:   0% 4044 MHz:   0% 4104 MHz:   0% 4416 MHz:   0% 4512 MHz:   0%)
CPU 14 idle residency:  80.71%
CPU 14 down residency:   0.00%
CPU 15 frequency: 3508 MHz
CPU 15 active residency:  37.54% (1260 MHz: .01% 1512 MHz: .00% 1800 MHz:   0% 2088 MHz: .01% 2352 MHz:   0% 2616 MHz:   0% 2868 MHz:   0% 3096 MHz:   0% 3300 MHz:   0% 3468 MHz:  28% 3624 MHz: 9.8% 3756 MHz:   0% 3828 MHz: .01% 3888 MHz:   0% 3948 MHz:   0% 3996 MHz:   0% 4044 MHz:   0% 4104 MHz:   0% 4416 MHz:   0% 4512 MHz:   0%)
CPU 15 idle residency:  62.46%
CPU 15 down residency:   0.00%

CPU Power: 3513 mW
GPU Power: 16922 mW
ANE Power: 0 mW
Combined Power (CPU + GPU + ANE): 20435 mW

**** GPU usage ****

GPU HW active frequency: 1286 MHz
GPU HW active residency: 100.00% (338 MHz:   0% 618 MHz:   0% 796 MHz:   0% 924 MHz:   0% 952 MHz:   0% 1056 MHz:   0% 1062 MHz:   0% 1182 MHz:  23% 1182 MHz:   0% 1312 MHz:  73% 1242 MHz:   0% 1380 MHz: 4.7% 1326 MHz:   0% 1470 MHz:   0% 1578 MHz:   0%)
GPU SW requested state: (P1 :   0% P2 :   0% P3 :   0% P4 :   0% P5 :   0% P6 :   0% P7 :   0% P8 :   0% P9 :   0% P10 : 100% P11 :   0% P12 :   0% P13 :   0% P14 :   0% P15 :   0%)
GPU SW state: (SW_P1 :   0% SW_P2 :   0% SW_P3 :   0% SW_P4 :   0% SW_P5 :   0% SW_P6 :  23% SW_P7 :  73% SW_P8 : 4.7% SW_P9 :   0% SW_P10 :   0% SW_P11 :   0% SW_P12 :   0% SW_P13 :   0% SW_P14 :   0% SW_P15 :   0%)
GPU idle residency:   0.00%
GPU Power: 16783 mW



*** Sampled system activity (Tue Jan 20 15:12:39 2026 +0100) (1017.53ms elapsed) ***


**** Processor usage ****

E-Cluster Online: 100%
E-Cluster HW active frequency: 1401 MHz
E-Cluster HW active residency:  55.63% (1020 MHz:  33% 1404 MHz: 6.0% 1788 MHz: 6.8% 2112 MHz: 2.2% 2352 MHz: 1.6% 2532 MHz: 1.5% 2592 MHz: 4.3%)
E-Cluster idle residency:  44.37%
E-Cluster down residency:   0.00%
CPU 0 frequency: 1411 MHz
CPU 0 active residency:  27.49% (1020 MHz:  16% 1404 MHz: 3.0% 1788 MHz: 3.0% 2112 MHz: 1.2% 2352 MHz: .77% 2532 MHz: 1.0% 2592 MHz: 2.1%)
CPU 0 idle residency:  72.51%
CPU 0 down residency:   0.00%
CPU 1 frequency: 1420 MHz
CPU 1 active residency:  17.16% (1020 MHz: 9.7% 1404 MHz: 2.1% 1788 MHz: 2.2% 2112 MHz: .94% 2352 MHz: .34% 2532 MHz: .74% 2592 MHz: 1.1%)
CPU 1 idle residency:  82.84%
CPU 1 down residency:   0.00%
CPU 2 frequency: 1392 MHz
CPU 2 active residency:  10.37% (1020 MHz: 6.0% 1404 MHz: 1.2% 1788 MHz: 1.6% 2112 MHz: .45% 2352 MHz: .31% 2532 MHz: .25% 2592 MHz: .54%)
CPU 2 idle residency:  89.63%
CPU 2 down residency:   0.00%
CPU 3 frequency: 1489 MHz
CPU 3 active residency:   8.52% (1020 MHz: 4.0% 1404 MHz: 1.2% 1788 MHz: 1.7% 2112 MHz: .44% 2352 MHz: .30% 2532 MHz: .49% 2592 MHz: .37%)
CPU 3 idle residency:  91.48%
CPU 3 down residency:   0.00%

P0-Cluster Online: 7%
P0-Cluster HW active frequency: 3483 MHz
P0-Cluster HW active residency:   3.48% (1260 MHz: .42% 1512 MHz:   0% 1800 MHz:   0% 2088 MHz:   0% 2352 MHz:   0% 2616 MHz: .08% 2868 MHz:   0% 3096 MHz: .17% 3300 MHz:   0% 3468 MHz: .07% 3624 MHz: .77% 3756 MHz: .39% 3828 MHz: .38% 3888 MHz: .00% 3948 MHz: .04% 3996 MHz: .52% 4044 MHz: .46% 4104 MHz:   0% 4416 MHz: .18% 4512 MHz:   0%)
P0-Cluster idle residency:   1.59%
P0-Cluster down residency:  94.92%
CPU 4 frequency: 1822 MHz
CPU 4 active residency:   0.25% (1260 MHz: .17% 1512 MHz:   0% 1800 MHz: .03% 2088 MHz:   0% 2352 MHz:   0% 2616 MHz:   0% 2868 MHz:   0% 3096 MHz:   0% 3300 MHz:   0% 3468 MHz: .01% 3624 MHz: .04% 3756 MHz:   0% 3828 MHz:   0% 3888 MHz:   0% 3948 MHz:   0% 3996 MHz:   0% 4044 MHz:   0% 4104 MHz:   0% 4416 MHz: .00% 4512 MHz:   0%)
CPU 4 idle residency:   4.95%
CPU 4 down residency:  94.79%
CPU 5 frequency: 3135 MHz
CPU 5 active residency:   0.70% (1260 MHz: .17% 1512 MHz:   0% 1800 MHz: .04% 2088 MHz:   0% 2352 MHz:   0% 2616 MHz: .00% 2868 MHz:   0% 3096 MHz: .00% 3300 MHz:   0% 3468 MHz: .07% 3624 MHz: .21% 3756 MHz: .04% 3828 MHz: .00% 3888 MHz:   0% 3948 MHz:   0% 3996 MHz:   0% 4044 MHz: .02% 4104 MHz:   0% 4416 MHz: .15% 4512 MHz:   0%)
CPU 5 idle residency:   4.49%
CPU 5 down residency:  94.80%
CPU 6 frequency: 3682 MHz
CPU 6 active residency:   2.47% (1260 MHz: .17% 1512 MHz:   0% 1800 MHz: .03% 2088 MHz:   0% 2352 MHz:   0% 2616 MHz: .00% 2868 MHz:   0% 3096 MHz: .00% 3300 MHz:   0% 3468 MHz: .04% 3624 MHz: .77% 3756 MHz: .25% 3828 MHz: .38% 3888 MHz:   0% 3948 MHz:   0% 3996 MHz:   0% 4044 MHz: .40% 4104 MHz:   0% 4416 MHz: .42% 4512 MHz:   0%)
CPU 6 idle residency:   2.72%
CPU 6 down residency:  94.81%
CPU 7 frequency: 3630 MHz
CPU 7 active residency:   2.43% (1260 MHz: .17% 1512 MHz:   0% 1800 MHz: .06% 2088 MHz:   0% 2352 MHz:   0% 2616 MHz: .00% 2868 MHz:   0% 3096 MHz: .00% 3300 MHz:   0% 3468 MHz: .07% 3624 MHz: .77% 3756 MHz: .25% 3828 MHz: .38% 3888 MHz:   0% 3948 MHz:   0% 3996 MHz:   0% 4044 MHz: .39% 4104 MHz:   0% 4416 MHz: .32% 4512 MHz:   0%)
CPU 7 idle residency:   2.79%
CPU 7 down residency:  94.79%
CPU 8 frequency: 1332 MHz
CPU 8 active residency:   0.19% (1260 MHz: .16% 1512 MHz:   0% 1800 MHz: .02% 2088 MHz:   0% 2352 MHz:   0% 2616 MHz:   0% 2868 MHz:   0% 3096 MHz:   0% 3300 MHz:   0% 3468 MHz:   0% 3624 MHz:   0% 3756 MHz:   0% 3828 MHz:   0% 3888 MHz:   0% 3948 MHz:   0% 3996 MHz:   0% 4044 MHz:   0% 4104 MHz:   0% 4416 MHz:   0% 4512 MHz:   0%)
CPU 8 idle residency:   4.99%
CPU 8 down residency:  94.82%
CPU 9 frequency: 1379 MHz
CPU 9 active residency:   0.19% (1260 MHz: .16% 1512 MHz:   0% 1800 MHz: .02% 2088 MHz:   0% 2352 MHz:   0% 2616 MHz:   0% 2868 MHz:   0% 3096 MHz:   0% 3300 MHz:   0% 3468 MHz: .00% 3624 MHz:   0% 3756 MHz:   0% 3828 MHz:   0% 3888 MHz:   0% 3948 MHz:   0% 3996 MHz:   0% 4044 MHz:   0% 4104 MHz:   0% 4416 MHz:   0% 4512 MHz:   0%)
CPU 9 idle residency:   4.99%
CPU 9 down residency:  94.82%

P1-Cluster HW active frequency: 3715 MHz
P1-Cluster HW active residency:  92.92% (1260 MHz: .21% 1512 MHz: .01% 1800 MHz: .01% 2088 MHz: .00% 2352 MHz: .00% 2616 MHz: .00% 2868 MHz:   0% 3096 MHz:   0% 3300 MHz: 8.9% 3468 MHz:  15% 3624 MHz:  23% 3756 MHz: 9.9% 3828 MHz: .38% 3888 MHz: 3.8% 3948 MHz:  13% 3996 MHz:  10% 4044 MHz: 9.3% 4104 MHz:   0% 4416 MHz: .05% 4512 MHz: .05%)
P1-Cluster idle residency:   7.08%
P1-Cluster down residency:   0.00%
CPU 10 frequency: 3906 MHz
CPU 10 active residency:  25.72% (1260 MHz: .01% 1512 MHz: .00% 1800 MHz:   0% 2088 MHz:   0% 2352 MHz:   0% 2616 MHz: .00% 2868 MHz:   0% 3096 MHz:   0% 3300 MHz: 2.7% 3468 MHz: 5.5% 3624 MHz: 1.6% 3756 MHz: 1.2% 3828 MHz: .34% 3888 MHz: 1.2% 3948 MHz:   0% 3996 MHz: .44% 4044 MHz: 1.8% 4104 MHz: 4.2% 4416 MHz: 4.8% 4512 MHz: 1.9%)
CPU 10 idle residency:  74.28%
CPU 10 down residency:   0.00%
CPU 11 frequency: 3728 MHz
CPU 11 active residency:  35.07% (1260 MHz: .06% 1512 MHz:   0% 1800 MHz:   0% 2088 MHz:   0% 2352 MHz:   0% 2616 MHz:   0% 2868 MHz:   0% 3096 MHz:   0% 3300 MHz: 2.6% 3468 MHz: 6.8% 3624 MHz:  11% 3756 MHz: 5.0% 3828 MHz: .20% 3888 MHz: .13% 3948 MHz:   0% 3996 MHz: 1.1% 4044 MHz: 2.0% 4104 MHz: 4.5% 4416 MHz: 1.1% 4512 MHz: .79%)
CPU 11 idle residency:  64.93%
CPU 11 down residency:   0.00%
CPU 12 frequency: 3767 MHz
CPU 12 active residency:  43.19% (1260 MHz: .03% 1512 MHz:   0% 1800 MHz: .00% 2088 MHz:   0% 2352 MHz: .00% 2616 MHz: .00% 2868 MHz:   0% 3096 MHz:   0% 3300 MHz: 3.7% 3468 MHz: 8.8% 3624 MHz:  12% 3756 MHz: 4.6% 3828 MHz: .32% 3888 MHz: .80% 3948 MHz:   0% 3996 MHz: 1.7% 4044 MHz: 1.9% 4104 MHz: 3.5% 4416 MHz: 4.4% 4512 MHz: 1.5%)
CPU 12 idle residency:  56.81%
CPU 12 down residency:   0.00%
CPU 13 frequency: 3742 MHz
CPU 13 active residency:  37.93% (1260 MHz: .05% 1512 MHz:   0% 1800 MHz: .00% 2088 MHz: .00% 2352 MHz: .00% 2616 MHz:   0% 2868 MHz:   0% 3096 MHz:   0% 3300 MHz: .05% 3468 MHz: 8.4% 3624 MHz:  11% 3756 MHz: 5.5% 3828 MHz: .26% 3888 MHz: 2.5% 3948 MHz:   0% 3996 MHz: 3.5% 4044 MHz: 6.5% 4104 MHz: .04% 4416 MHz: .56% 4512 MHz: .04%)
CPU 13 idle residency:  62.07%
CPU 13 down residency:   0.00%
CPU 14 frequency: 3845 MHz
CPU 14 active residency:  25.63% (1260 MHz: .00% 1512 MHz: .00% 1800 MHz:   0% 2088 MHz: .00% 2352 MHz:   0% 2616 MHz: .00% 2868 MHz:   0% 3096 MHz:   0% 3300 MHz: 4.5% 3468 MHz: 5.2% 3624 MHz: 2.1% 3756 MHz: .37% 3828 MHz: .15% 3888 MHz: .32% 3948 MHz:   0% 3996 MHz: 1.7% 4044 MHz: 2.0% 4104 MHz: 3.9% 4416 MHz: 4.1% 4512 MHz: 1.4%)
CPU 14 idle residency:  74.37%
CPU 14 down residency:   0.00%
CPU 15 frequency: 4155 MHz
CPU 15 active residency:  23.11% (1260 MHz:   0% 1512 MHz:   0% 1800 MHz:   0% 2088 MHz:   0% 2352 MHz:   0% 2616 MHz:   0% 2868 MHz:   0% 3096 MHz:   0% 3300 MHz: .03% 3468 MHz: 1.7% 3624 MHz: .75% 3756 MHz: .36% 3828 MHz: .31% 3888 MHz: .60% 3948 MHz:   0% 3996 MHz: 1.4% 4044 MHz: 1.2% 4104 MHz: 6.5% 4416 MHz:  10% 4512 MHz: .00%)
CPU 15 idle residency:  76.89%
CPU 15 down residency:   0.00%

CPU Power: 4563 mW
GPU Power: 16975 mW
ANE Power: 0 mW
Combined Power (CPU + GPU + ANE): 21538 mW

**** GPU usage ****

GPU HW active frequency: 1298 MHz
GPU HW active residency: 100.00% (338 MHz:   0% 618 MHz:   0% 796 MHz:   0% 924 MHz:   0% 952 MHz:   0% 1056 MHz:   0% 1062 MHz:   0% 1182 MHz:  15% 1182 MHz:   0% 1312 MHz:  76% 1242 MHz:   0% 1380 MHz: 9.0% 1326 MHz:   0% 1470 MHz:   0% 1578 MHz:   0%)
GPU SW requested state: (P1 :   0% P2 :   0% P3 :   0% P4 :   0% P5 :   0% P6 :   0% P7 :   0% P8 :   0% P9 :   0% P10 : 100% P11 :   0% P12 :   0% P13 :   0% P14 :   0% P15 :   0%)
GPU SW state: (SW_P1 :   0% SW_P2 :   0% SW_P3 :   0% SW_P4 :   0% SW_P5 :   0% SW_P6 :  15% SW_P7 :  76% SW_P8 : 9.0% SW_P9 :   0% SW_P10 :   0% SW_P11 :   0% SW_P12 :   0% SW_P13 :   0% SW_P14 :   0% SW_P15 :   0%)
GPU idle residency:   0.00%
GPU Power: 16975 mW



*** Sampled system activity (Tue Jan 20 15:12:40 2026 +0100) (1017.76ms elapsed) ***


**** Processor usage ****

E-Cluster Online: 100%
E-Cluster HW active frequency: 1489 MHz
E-Cluster HW active residency:  68.70% (1020 MHz:  33% 1404 MHz:  11% 1788 MHz: 9.3% 2112 MHz: 3.1% 2352 MHz: 2.8% 2532 MHz: 2.0% 2592 MHz: 6.7%)
E-Cluster idle residency:  31.30%
E-Cluster down residency:   0.00%
CPU 0 frequency: 1490 MHz
CPU 0 active residency:  37.37% (1020 MHz:  17% 1404 MHz: 7.6% 1788 MHz: 5.9% 2112 MHz: 2.0% 2352 MHz: 2.0% 2532 MHz: 1.1% 2592 MHz: 2.4%)
CPU 0 idle residency:  62.63%
CPU 0 down residency:   0.00%
CPU 1 frequency: 1455 MHz
CPU 1 active residency:  30.51% (1020 MHz:  15% 1404 MHz: 5.7% 1788 MHz: 4.2% 2112 MHz: 1.3% 2352 MHz: 1.3% 2532 MHz: .95% 2592 MHz: 2.0%)
CPU 1 idle residency:  69.49%
CPU 1 down residency:   0.00%
CPU 2 frequency: 1449 MHz
CPU 2 active residency:  25.46% (1020 MHz:  12% 1404 MHz: 5.2% 1788 MHz: 4.1% 2112 MHz: 1.4% 2352 MHz: 1.3% 2532 MHz: .40% 2592 MHz: 1.2%)
CPU 2 idle residency:  74.54%
CPU 2 down residency:   0.00%
CPU 3 frequency: 1425 MHz
CPU 3 active residency:  16.26% (1020 MHz: 8.3% 1404 MHz: 2.8% 1788 MHz: 2.5% 2112 MHz: .93% 2352 MHz: .94% 2532 MHz: .33% 2592 MHz: .54%)
CPU 3 idle residency:  83.74%
CPU 3 down residency:   0.00%

P0-Cluster Online: 11%
P0-Cluster HW active frequency: 2984 MHz
P0-Cluster HW active residency:   2.50% (1260 MHz: .73% 1512 MHz:   0% 1800 MHz: .29% 2088 MHz: .04% 2352 MHz:   0% 2616 MHz:   0% 2868 MHz: .03% 3096 MHz:   0% 3300 MHz:   0% 3468 MHz:   0% 3624 MHz: .14% 3756 MHz: .08% 3828 MHz:   0% 3888 MHz: .00% 3948 MHz: .04% 3996 MHz: .39% 4044 MHz: .12% 4104 MHz: .01% 4416 MHz: .64% 4512 MHz:   0%)
P0-Cluster idle residency:   8.99%
P0-Cluster down residency:  88.51%
CPU 4 frequency: 4416 MHz
CPU 4 active residency:   0.00% (1260 MHz:   0% 1512 MHz:   0% 1800 MHz:   0% 2088 MHz:   0% 2352 MHz:   0% 2616 MHz:   0% 2868 MHz:   0% 3096 MHz:   0% 3300 MHz:   0% 3468 MHz:   0% 3624 MHz:   0% 3756 MHz:   0% 3828 MHz:   0% 3888 MHz:   0% 3948 MHz:   0% 3996 MHz:   0% 4044 MHz:   0% 4104 MHz:   0% 4416 MHz: .00% 4512 MHz:   0%)
CPU 4 idle residency:  11.36%
CPU 4 down residency:  88.64%
CPU 5 frequency: 4416 MHz
CPU 5 active residency:   0.02% (1260 MHz:   0% 1512 MHz:   0% 1800 MHz:   0% 2088 MHz:   0% 2352 MHz:   0% 2616 MHz:   0% 2868 MHz:   0% 3096 MHz:   0% 3300 MHz:   0% 3468 MHz:   0% 3624 MHz:   0% 3756 MHz:   0% 3828 MHz:   0% 3888 MHz:   0% 3948 MHz:   0% 3996 MHz:   0% 4044 MHz:   0% 4104 MHz:   0% 4416 MHz: .02% 4512 MHz:   0%)
CPU 5 idle residency:  11.33%
CPU 5 down residency:  88.65%
CPU 6 frequency: 4416 MHz
CPU 6 active residency:   0.36% (1260 MHz:   0% 1512 MHz:   0% 1800 MHz:   0% 2088 MHz:   0% 2352 MHz:   0% 2616 MHz:   0% 2868 MHz:   0% 3096 MHz:   0% 3300 MHz:   0% 3468 MHz:   0% 3624 MHz:   0% 3756 MHz:   0% 3828 MHz:   0% 3888 MHz:   0% 3948 MHz:   0% 3996 MHz:   0% 4044 MHz:   0% 4104 MHz:   0% 4416 MHz: .36% 4512 MHz:   0%)
CPU 6 idle residency:  10.95%
CPU 6 down residency:  88.69%
CPU 7 frequency: 4416 MHz
CPU 7 active residency:   0.33% (1260 MHz:   0% 1512 MHz:   0% 1800 MHz:   0% 2088 MHz:   0% 2352 MHz:   0% 2616 MHz:   0% 2868 MHz:   0% 3096 MHz:   0% 3300 MHz:   0% 3468 MHz:   0% 3624 MHz:   0% 3756 MHz:   0% 3828 MHz:   0% 3888 MHz:   0% 3948 MHz:   0% 3996 MHz:   0% 4044 MHz:   0% 4104 MHz:   0% 4416 MHz: .33% 4512 MHz:   0%)
CPU 7 idle residency:  10.97%
CPU 7 down residency:  88.70%
CPU 8 frequency: 0 MHz
CPU 8 active residency:   0.00% (1260 MHz:   0% 1512 MHz:   0% 1800 MHz:   0% 2088 MHz:   0% 2352 MHz:   0% 2616 MHz:   0% 2868 MHz:   0% 3096 MHz:   0% 3300 MHz:   0% 3468 MHz:   0% 3624 MHz:   0% 3756 MHz:   0% 3828 MHz:   0% 3888 MHz:   0% 3948 MHz:   0% 3996 MHz:   0% 4044 MHz:   0% 4104 MHz:   0% 4416 MHz:   0% 4512 MHz:   0%)
CPU 8 idle residency:  11.37%
CPU 8 down residency:  88.63%
CPU 9 frequency: 0 MHz
CPU 9 active residency:   0.00% (1260 MHz:   0% 1512 MHz:   0% 1800 MHz:   0% 2088 MHz:   0% 2352 MHz:   0% 2616 MHz:   0% 2868 MHz:   0% 3096 MHz:   0% 3300 MHz:   0% 3468 MHz:   0% 3624 MHz:   0% 3756 MHz:   0% 3828 MHz:   0% 3888 MHz:   0% 3948 MHz:   0% 3996 MHz:   0% 4044 MHz:   0% 4104 MHz:   0% 4416 MHz:   0% 4512 MHz:   0%)
CPU 9 idle residency:  11.37%
CPU 9 down residency:  88.63%

P1-Cluster HW active frequency: 3789 MHz
P1-Cluster HW active residency:  93.08% (1260 MHz: .25% 1512 MHz: .00% 1800 MHz: .00% 2088 MHz: .00% 2352 MHz: .02% 2616 MHz:   0% 2868 MHz: .00% 3096 MHz:   0% 3300 MHz:   0% 3468 MHz:  22% 3624 MHz:  11% 3756 MHz: 4.4% 3828 MHz: 4.0% 3888 MHz: 5.3% 3948 MHz:  24% 3996 MHz:  10% 4044 MHz:  11% 4104 MHz: .62% 4416 MHz:   0% 4512 MHz:   0%)
P1-Cluster idle residency:   6.92%
P1-Cluster down residency:   0.00%
CPU 10 frequency: 4041 MHz
CPU 10 active residency:  33.56% (1260 MHz: .03% 1512 MHz:   0% 1800 MHz:   0% 2088 MHz:   0% 2352 MHz:   0% 2616 MHz:   0% 2868 MHz: .00% 3096 MHz:   0% 3300 MHz:   0% 3468 MHz:  11% 3624 MHz: .83% 3756 MHz: 1.1% 3828 MHz: .92% 3888 MHz: .58% 3948 MHz: 2.5% 3996 MHz: .43% 4044 MHz: .02% 4104 MHz: .95% 4416 MHz: .77% 4512 MHz:  15%)
CPU 10 idle residency:  66.44%
CPU 10 down residency:   0.00%
CPU 11 frequency: 4101 MHz
CPU 11 active residency:  33.79% (1260 MHz: .04% 1512 MHz:   0% 1800 MHz: .00% 2088 MHz:   0% 2352 MHz:   0% 2616 MHz:   0% 2868 MHz: .00% 3096 MHz:   0% 3300 MHz:   0% 3468 MHz: 2.5% 3624 MHz: 5.8% 3756 MHz: 2.5% 3828 MHz: .99% 3888 MHz: .80% 3948 MHz: 4.3% 3996 MHz: .05% 4044 MHz: .31% 4104 MHz: .25% 4416 MHz: 1.6% 4512 MHz:  15%)
CPU 11 idle residency:  66.21%
CPU 11 down residency:   0.00%
CPU 12 frequency: 4138 MHz
CPU 12 active residency:  32.32% (1260 MHz: .05% 1512 MHz:   0% 1800 MHz: .00% 2088 MHz:   0% 2352 MHz: .02% 2616 MHz:   0% 2868 MHz: .00% 3096 MHz:   0% 3300 MHz:   0% 3468 MHz: 1.9% 3624 MHz: 5.6% 3756 MHz: 2.0% 3828 MHz: 1.1% 3888 MHz: .34% 3948 MHz: 4.2% 3996 MHz:   0% 4044 MHz:   0% 4104 MHz: .01% 4416 MHz: 1.4% 4512 MHz:  16%)
CPU 12 idle residency:  67.68%
CPU 12 down residency:   0.00%
CPU 13 frequency: 4210 MHz
CPU 13 active residency:  20.11% (1260 MHz: .01% 1512 MHz:   0% 1800 MHz:   0% 2088 MHz:   0% 2352 MHz:   0% 2616 MHz:   0% 2868 MHz:   0% 3096 MHz:   0% 3300 MHz:   0% 3468 MHz: .42% 3624 MHz: .60% 3756 MHz: .07% 3828 MHz: 1.2% 3888 MHz: 2.0% 3948 MHz: 3.5% 3996 MHz:   0% 4044 MHz: .33% 4104 MHz: 1.5% 4416 MHz: 1.5% 4512 MHz: 8.9%)
CPU 13 idle residency:  79.89%
CPU 13 down residency:   0.00%
CPU 14 frequency: 3944 MHz
CPU 14 active residency:  43.79% (1260 MHz: .01% 1512 MHz: .00% 1800 MHz:   0% 2088 MHz: .00% 2352 MHz: .00% 2616 MHz:   0% 2868 MHz:   0% 3096 MHz:   0% 3300 MHz:   0% 3468 MHz:  13% 3624 MHz: 6.1% 3756 MHz: 1.8% 3828 MHz: 1.6% 3888 MHz: 1.0% 3948 MHz: 3.8% 3996 MHz: .50% 4044 MHz: .58% 4104 MHz: 1.1% 4416 MHz: .43% 4512 MHz:  14%)
CPU 14 idle residency:  56.21%
CPU 14 down residency:   0.00%
CPU 15 frequency: 4010 MHz
CPU 15 active residency:  31.21% (1260 MHz: .04% 1512 MHz: .00% 1800 MHz:   0% 2088 MHz: .00% 2352 MHz:   0% 2616 MHz:   0% 2868 MHz:   0% 3096 MHz:   0% 3300 MHz:   0% 3468 MHz:  11% 3624 MHz: .48% 3756 MHz: .24% 3828 MHz: 1.2% 3888 MHz: .75% 3948 MHz: 1.7% 3996 MHz: .62% 4044 MHz: .33% 4104 MHz: 1.0% 4416 MHz: 1.3% 4512 MHz:  12%)
CPU 15 idle residency:  68.79%
CPU 15 down residency:   0.00%

CPU Power: 4480 mW
GPU Power: 16949 mW
ANE Power: 0 mW
Combined Power (CPU + GPU + ANE): 21429 mW

**** GPU usage ****

GPU HW active frequency: 1295 MHz
GPU HW active residency: 100.00% (338 MHz:   0% 618 MHz:   0% 796 MHz:   0% 924 MHz:   0% 952 MHz:   0% 1056 MHz:   0% 1062 MHz:   0% 1182 MHz:  19% 1182 MHz:   0% 1312 MHz:  69% 1242 MHz:   0% 1380 MHz:  12% 1326 MHz:   0% 1470 MHz:   0% 1578 MHz:   0%)
GPU SW requested state: (P1 :   0% P2 :   0% P3 :   0% P4 :   0% P5 :   0% P6 :   0% P7 :   0% P8 :   0% P9 :   0% P10 : 100% P11 :   0% P12 :   0% P13 :   0% P14 :   0% P15 :   0%)
GPU SW state: (SW_P1 :   0% SW_P2 :   0% SW_P3 :   0% SW_P4 :   0% SW_P5 :   0% SW_P6 :  19% SW_P7 :  69% SW_P8 :  12% SW_P9 :   0% SW_P10 :   0% SW_P11 :   0% SW_P12 :   0% SW_P13 :   0% SW_P14 :   0% SW_P15 :   0%)
GPU idle residency:   0.00%
GPU Power: 17088 mW



*** Sampled system activity (Tue Jan 20 15:12:41 2026 +0100) (1017.95ms elapsed) ***


**** Processor usage ****

E-Cluster Online: 100%
E-Cluster HW active frequency: 1194 MHz
E-Cluster HW active residency:  57.96% (1020 MHz:  45% 1404 MHz: 7.0% 1788 MHz: 2.6% 2112 MHz: .65% 2352 MHz: .65% 2532 MHz: .83% 2592 MHz: 1.7%)
E-Cluster idle residency:  42.04%
E-Cluster down residency:   0.00%
CPU 0 frequency: 1170 MHz
CPU 0 active residency:  27.21% (1020 MHz:  21% 1404 MHz: 3.6% 1788 MHz: .93% 2112 MHz: .16% 2352 MHz: .39% 2532 MHz: .22% 2592 MHz: .60%)
CPU 0 idle residency:  72.79%
CPU 0 down residency:   0.00%
CPU 1 frequency: 1297 MHz
CPU 1 active residency:  18.58% (1020 MHz:  13% 1404 MHz: 2.3% 1788 MHz: .96% 2112 MHz: .37% 2352 MHz: .42% 2532 MHz: .56% 2592 MHz: 1.1%)
CPU 1 idle residency:  81.42%
CPU 1 down residency:   0.00%
CPU 2 frequency: 1187 MHz
CPU 2 active residency:  11.57% (1020 MHz: 8.9% 1404 MHz: 1.5% 1788 MHz: .62% 2112 MHz: .07% 2352 MHz: .14% 2532 MHz: .05% 2592 MHz: .36%)
CPU 2 idle residency:  88.43%
CPU 2 down residency:   0.00%
CPU 3 frequency: 1295 MHz
CPU 3 active residency:   8.55% (1020 MHz: 5.5% 1404 MHz: 1.1% 1788 MHz: 1.1% 2112 MHz: .26% 2352 MHz: .15% 2532 MHz: .07% 2592 MHz: .29%)
CPU 3 idle residency:  91.45%
CPU 3 down residency:   0.00%

P0-Cluster Online: 12%
P0-Cluster HW active frequency: 3608 MHz
P0-Cluster HW active residency:   8.08% (1260 MHz: .47% 1512 MHz:   0% 1800 MHz:   0% 2088 MHz: .01% 2352 MHz:   0% 2616 MHz:   0% 2868 MHz:   0% 3096 MHz:   0% 3300 MHz:   0% 3468 MHz:   0% 3624 MHz:   0% 3756 MHz: 7.6% 3828 MHz:   0% 3888 MHz:   0% 3948 MHz:   0% 3996 MHz:   0% 4044 MHz:   0% 4104 MHz:   0% 4416 MHz:   0% 4512 MHz:   0%)
P0-Cluster idle residency:   2.15%
P0-Cluster down residency:  89.77%
CPU 4 frequency: 3352 MHz
CPU 4 active residency:   1.15% (1260 MHz: .16% 1512 MHz:   0% 1800 MHz: .04% 2088 MHz:   0% 2352 MHz:   0% 2616 MHz:   0% 2868 MHz:   0% 3096 MHz:   0% 3300 MHz:   0% 3468 MHz:   0% 3624 MHz:   0% 3756 MHz: .96% 3828 MHz:   0% 3888 MHz:   0% 3948 MHz:   0% 3996 MHz:   0% 4044 MHz:   0% 4104 MHz:   0% 4416 MHz:   0% 4512 MHz:   0%)
CPU 4 idle residency:   9.14%
CPU 4 down residency:  89.70%
CPU 5 frequency: 3650 MHz
CPU 5 active residency:   4.45% (1260 MHz: .15% 1512 MHz:   0% 1800 MHz: .05% 2088 MHz:   0% 2352 MHz:   0% 2616 MHz:   0% 2868 MHz:   0% 3096 MHz:   0% 3300 MHz:   0% 3468 MHz:   0% 3624 MHz: .00% 3756 MHz: 4.3% 3828 MHz:   0% 3888 MHz:   0% 3948 MHz:   0% 3996 MHz:   0% 4044 MHz:   0% 4104 MHz:   0% 4416 MHz:   0% 4512 MHz:   0%)
CPU 5 idle residency:   5.86%
CPU 5 down residency:  89.69%
CPU 6 frequency: 3633 MHz
CPU 6 active residency:   4.77% (1260 MHz: .17% 1512 MHz:   0% 1800 MHz: .08% 2088 MHz: .00% 2352 MHz:   0% 2616 MHz:   0% 2868 MHz:   0% 3096 MHz:   0% 3300 MHz:   0% 3468 MHz:   0% 3624 MHz: .02% 3756 MHz: 4.5% 3828 MHz:   0% 3888 MHz:   0% 3948 MHz:   0% 3996 MHz:   0% 4044 MHz:   0% 4104 MHz:   0% 4416 MHz:   0% 4512 MHz:   0%)
CPU 6 idle residency:   5.59%
CPU 6 down residency:  89.64%
CPU 7 frequency: 3653 MHz
CPU 7 active residency:   5.91% (1260 MHz: .17% 1512 MHz:   0% 1800 MHz: .09% 2088 MHz: .01% 2352 MHz:   0% 2616 MHz:   0% 2868 MHz:   0% 3096 MHz:   0% 3300 MHz:   0% 3468 MHz:   0% 3624 MHz: .02% 3756 MHz: 5.6% 3828 MHz:   0% 3888 MHz:   0% 3948 MHz:   0% 3996 MHz:   0% 4044 MHz:   0% 4104 MHz:   0% 4416 MHz:   0% 4512 MHz:   0%)
CPU 7 idle residency:   4.46%
CPU 7 down residency:  89.63%
CPU 8 frequency: 2654 MHz
CPU 8 active residency:   0.40% (1260 MHz: .15% 1512 MHz:   0% 1800 MHz: .04% 2088 MHz:   0% 2352 MHz:   0% 2616 MHz:   0% 2868 MHz:   0% 3096 MHz:   0% 3300 MHz:   0% 3468 MHz:   0% 3624 MHz: .00% 3756 MHz: .21% 3828 MHz:   0% 3888 MHz:   0% 3948 MHz:   0% 3996 MHz:   0% 4044 MHz:   0% 4104 MHz:   0% 4416 MHz:   0% 4512 MHz:   0%)
CPU 8 idle residency:   9.90%
CPU 8 down residency:  89.71%
CPU 9 frequency: 1946 MHz
CPU 9 active residency:   0.24% (1260 MHz: .15% 1512 MHz:   0% 1800 MHz: .04% 2088 MHz:   0% 2352 MHz:   0% 2616 MHz:   0% 2868 MHz:   0% 3096 MHz:   0% 3300 MHz:   0% 3468 MHz:   0% 3624 MHz: .00% 3756 MHz: .06% 3828 MHz:   0% 3888 MHz:   0% 3948 MHz:   0% 3996 MHz:   0% 4044 MHz:   0% 4104 MHz:   0% 4416 MHz:   0% 4512 MHz:   0%)
CPU 9 idle residency:  10.05%
CPU 9 down residency:  89.71%

P1-Cluster HW active frequency: 3563 MHz
P1-Cluster HW active residency:  86.26% (1260 MHz: .08% 1512 MHz: .01% 1800 MHz:   0% 2088 MHz:   0% 2352 MHz:   0% 2616 MHz:   0% 2868 MHz:   0% 3096 MHz:   0% 3300 MHz:   0% 3468 MHz:  42% 3624 MHz:  33% 3756 MHz:  11% 3828 MHz:   0% 3888 MHz:   0% 3948 MHz:   0% 3996 MHz:   0% 4044 MHz:   0% 4104 MHz:   0% 4416 MHz:   0% 4512 MHz:   0%)
P1-Cluster idle residency:   5.61%
P1-Cluster down residency:   8.13%
CPU 10 frequency: 3526 MHz
CPU 10 active residency:  35.84% (1260 MHz: .03% 1512 MHz: .01% 1800 MHz:   0% 2088 MHz:   0% 2352 MHz:   0% 2616 MHz:   0% 2868 MHz:   0% 3096 MHz:   0% 3300 MHz:   0% 3468 MHz:  26% 3624 MHz: 4.7% 3756 MHz: 5.0% 3828 MHz:   0% 3888 MHz:   0% 3948 MHz:   0% 3996 MHz:   0% 4044 MHz:   0% 4104 MHz:   0% 4416 MHz:   0% 4512 MHz:   0%)
CPU 10 idle residency:  55.92%
CPU 10 down residency:   8.24%
CPU 11 frequency: 3626 MHz
CPU 11 active residency:  19.10% (1260 MHz:   0% 1512 MHz:   0% 1800 MHz:   0% 2088 MHz:   0% 2352 MHz:   0% 2616 MHz:   0% 2868 MHz:   0% 3096 MHz:   0% 3300 MHz:   0% 3468 MHz: 2.9% 3624 MHz:  13% 3756 MHz: 3.6% 3828 MHz:   0% 3888 MHz:   0% 3948 MHz:   0% 3996 MHz:   0% 4044 MHz:   0% 4104 MHz:   0% 4416 MHz:   0% 4512 MHz:   0%)
CPU 11 idle residency:  72.30%
CPU 11 down residency:   8.60%
CPU 12 frequency: 3605 MHz
CPU 12 active residency:  16.65% (1260 MHz:   0% 1512 MHz:   0% 1800 MHz:   0% 2088 MHz:   0% 2352 MHz:   0% 2616 MHz:   0% 2868 MHz:   0% 3096 MHz:   0% 3300 MHz:   0% 3468 MHz: 2.0% 3624 MHz:  15% 3756 MHz: .01% 3828 MHz:   0% 3888 MHz:   0% 3948 MHz:   0% 3996 MHz:   0% 4044 MHz:   0% 4104 MHz:   0% 4416 MHz:   0% 4512 MHz:   0%)
CPU 12 idle residency:  75.18%
CPU 12 down residency:   8.17%
CPU 13 frequency: 3628 MHz
CPU 13 active residency:  16.96% (1260 MHz:   0% 1512 MHz:   0% 1800 MHz:   0% 2088 MHz:   0% 2352 MHz:   0% 2616 MHz:   0% 2868 MHz:   0% 3096 MHz:   0% 3300 MHz:   0% 3468 MHz: 2.2% 3624 MHz:  12% 3756 MHz: 3.1% 3828 MHz:   0% 3888 MHz:   0% 3948 MHz:   0% 3996 MHz:   0% 4044 MHz:   0% 4104 MHz:   0% 4416 MHz:   0% 4512 MHz:   0%)
CPU 13 idle residency:  74.42%
CPU 13 down residency:   8.62%
CPU 14 frequency: 3538 MHz
CPU 14 active residency:  40.28% (1260 MHz: .01% 1512 MHz: .00% 1800 MHz:   0% 2088 MHz:   0% 2352 MHz:   0% 2616 MHz:   0% 2868 MHz:   0% 3096 MHz:   0% 3300 MHz:   0% 3468 MHz:  22% 3624 MHz:  18% 3756 MHz: .09% 3828 MHz:   0% 3888 MHz:   0% 3948 MHz:   0% 3996 MHz:   0% 4044 MHz:   0% 4104 MHz:   0% 4416 MHz:   0% 4512 MHz:   0%)
CPU 14 idle residency:  51.56%
CPU 14 down residency:   8.17%
CPU 15 frequency: 3548 MHz
CPU 15 active residency:  36.08% (1260 MHz:   0% 1512 MHz: .01% 1800 MHz:   0% 2088 MHz:   0% 2352 MHz:   0% 2616 MHz:   0% 2868 MHz:   0% 3096 MHz:   0% 3300 MHz:   0% 3468 MHz:  21% 3624 MHz:  12% 3756 MHz: 3.8% 3828 MHz:   0% 3888 MHz:   0% 3948 MHz:   0% 3996 MHz:   0% 4044 MHz:   0% 4104 MHz:   0% 4416 MHz:   0% 4512 MHz:   0%)
CPU 15 idle residency:  55.29%
CPU 15 down residency:   8.63%

CPU Power: 3500 mW
GPU Power: 16763 mW
ANE Power: 0 mW
Combined Power (CPU + GPU + ANE): 20263 mW

**** GPU usage ****

GPU HW active frequency: 1289 MHz
GPU HW active residency: 100.00% (338 MHz:   0% 618 MHz:   0% 796 MHz:   0% 924 MHz:   0% 952 MHz:   0% 1056 MHz:   0% 1062 MHz:   0% 1182 MHz:  21% 1182 MHz:   0% 1312 MHz:  73% 1242 MHz:   0% 1380 MHz: 5.9% 1326 MHz:   0% 1470 MHz:   0% 1578 MHz:   0%)
GPU SW requested state: (P1 :   0% P2 :   0% P3 :   0% P4 :   0% P5 :   0% P6 :   0% P7 :   0% P8 :   0% P9 :   0% P10 : 100% P11 :   0% P12 :   0% P13 :   0% P14 :   0% P15 :   0%)
GPU SW state: (SW_P1 :   0% SW_P2 :   0% SW_P3 :   0% SW_P4 :   0% SW_P5 :   0% SW_P6 :  21% SW_P7 :  73% SW_P8 : 5.9% SW_P9 :   0% SW_P10 :   0% SW_P11 :   0% SW_P12 :   0% SW_P13 :   0% SW_P14 :   0% SW_P15 :   0%)
GPU idle residency:   0.00%
GPU Power: 16762 mW



*** Sampled system activity (Tue Jan 20 15:12:42 2026 +0100) (1017.97ms elapsed) ***


**** Processor usage ****

E-Cluster Online: 100%
E-Cluster HW active frequency: 1459 MHz
E-Cluster HW active residency:  61.85% (1020 MHz:  30% 1404 MHz:  12% 1788 MHz: 8.5% 2112 MHz: 3.4% 2352 MHz: 2.7% 2532 MHz: 1.7% 2592 MHz: 4.0%)
E-Cluster idle residency:  38.15%
E-Cluster down residency:   0.00%
CPU 0 frequency: 1431 MHz
CPU 0 active residency:  34.03% (1020 MHz:  17% 1404 MHz: 6.1% 1788 MHz: 4.8% 2112 MHz: 1.7% 2352 MHz: 1.7% 2532 MHz: .69% 2592 MHz: 1.8%)
CPU 0 idle residency:  65.97%
CPU 0 down residency:   0.00%
CPU 1 frequency: 1425 MHz
CPU 1 active residency:  20.21% (1020 MHz:  10% 1404 MHz: 4.0% 1788 MHz: 2.2% 2112 MHz: 1.4% 2352 MHz: .83% 2532 MHz: .21% 2592 MHz: 1.3%)
CPU 1 idle residency:  79.79%
CPU 1 down residency:   0.00%
CPU 2 frequency: 1497 MHz
CPU 2 active residency:  12.09% (1020 MHz: 6.0% 1404 MHz: 1.5% 1788 MHz: 1.7% 2112 MHz: 1.0% 2352 MHz: .48% 2532 MHz: .73% 2592 MHz: .61%)
CPU 2 idle residency:  87.91%
CPU 2 down residency:   0.00%
CPU 3 frequency: 1600 MHz
CPU 3 active residency:   8.00% (1020 MHz: 3.0% 1404 MHz: 1.1% 1788 MHz: 1.7% 2112 MHz: .86% 2352 MHz: .41% 2532 MHz: .41% 2592 MHz: .52%)
CPU 3 idle residency:  92.00%
CPU 3 down residency:   0.00%

P0-Cluster Online: 3%
P0-Cluster HW active frequency: 2613 MHz
P0-Cluster HW active residency:   1.82% (1260 MHz: .58% 1512 MHz: .05% 1800 MHz: .26% 2088 MHz:   0% 2352 MHz:   0% 2616 MHz: .00% 2868 MHz:   0% 3096 MHz:   0% 3300 MHz:   0% 3468 MHz:   0% 3624 MHz: .05% 3756 MHz: .79% 3828 MHz:   0% 3888 MHz: .00% 3948 MHz: .07% 3996 MHz:   0% 4044 MHz:   0% 4104 MHz:   0% 4416 MHz:   0% 4512 MHz:   0%)
P0-Cluster idle residency:   1.10%
P0-Cluster down residency:  97.08%
CPU 4 frequency: 3750 MHz
CPU 4 active residency:   0.65% (1260 MHz:   0% 1512 MHz:   0% 1800 MHz:   0% 2088 MHz:   0% 2352 MHz:   0% 2616 MHz: .00% 2868 MHz:   0% 3096 MHz:   0% 3300 MHz:   0% 3468 MHz:   0% 3624 MHz:   0% 3756 MHz: .65% 3828 MHz:   0% 3888 MHz:   0% 3948 MHz:   0% 3996 MHz:   0% 4044 MHz:   0% 4104 MHz:   0% 4416 MHz:   0% 4512 MHz:   0%)
CPU 4 idle residency:   1.99%
CPU 4 down residency:  97.35%
CPU 5 frequency: 3756 MHz
CPU 5 active residency:   0.34% (1260 MHz:   0% 1512 MHz:   0% 1800 MHz:   0% 2088 MHz:   0% 2352 MHz:   0% 2616 MHz:   0% 2868 MHz:   0% 3096 MHz:   0% 3300 MHz:   0% 3468 MHz:   0% 3624 MHz:   0% 3756 MHz: .34% 3828 MHz:   0% 3888 MHz:   0% 3948 MHz:   0% 3996 MHz:   0% 4044 MHz:   0% 4104 MHz:   0% 4416 MHz:   0% 4512 MHz:   0%)
CPU 5 idle residency:   2.42%
CPU 5 down residency:  97.24%
CPU 6 frequency: 3722 MHz
CPU 6 active residency:   0.10% (1260 MHz:   0% 1512 MHz:   0% 1800 MHz:   0% 2088 MHz:   0% 2352 MHz:   0% 2616 MHz: .00% 2868 MHz:   0% 3096 MHz:   0% 3300 MHz:   0% 3468 MHz:   0% 3624 MHz:   0% 3756 MHz: .10% 3828 MHz:   0% 3888 MHz:   0% 3948 MHz:   0% 3996 MHz:   0% 4044 MHz:   0% 4104 MHz:   0% 4416 MHz:   0% 4512 MHz:   0%)
CPU 6 idle residency:   2.42%
CPU 6 down residency:  97.48%
CPU 7 frequency: 3756 MHz
CPU 7 active residency:   0.03% (1260 MHz:   0% 1512 MHz:   0% 1800 MHz:   0% 2088 MHz:   0% 2352 MHz:   0% 2616 MHz:   0% 2868 MHz:   0% 3096 MHz:   0% 3300 MHz:   0% 3468 MHz:   0% 3624 MHz:   0% 3756 MHz: .03% 3828 MHz:   0% 3888 MHz:   0% 3948 MHz:   0% 3996 MHz:   0% 4044 MHz:   0% 4104 MHz:   0% 4416 MHz:   0% 4512 MHz:   0%)
CPU 7 idle residency:   2.74%
CPU 7 down residency:  97.24%
CPU 8 frequency: 3756 MHz
CPU 8 active residency:   0.01% (1260 MHz:   0% 1512 MHz:   0% 1800 MHz:   0% 2088 MHz:   0% 2352 MHz:   0% 2616 MHz:   0% 2868 MHz:   0% 3096 MHz:   0% 3300 MHz:   0% 3468 MHz:   0% 3624 MHz:   0% 3756 MHz: .01% 3828 MHz:   0% 3888 MHz:   0% 3948 MHz:   0% 3996 MHz:   0% 4044 MHz:   0% 4104 MHz:   0% 4416 MHz:   0% 4512 MHz:   0%)
CPU 8 idle residency:   2.78%
CPU 8 down residency:  97.21%
CPU 9 frequency: 0 MHz
CPU 9 active residency:   0.00% (1260 MHz:   0% 1512 MHz:   0% 1800 MHz:   0% 2088 MHz:   0% 2352 MHz:   0% 2616 MHz:   0% 2868 MHz:   0% 3096 MHz:   0% 3300 MHz:   0% 3468 MHz:   0% 3624 MHz:   0% 3756 MHz:   0% 3828 MHz:   0% 3888 MHz:   0% 3948 MHz:   0% 3996 MHz:   0% 4044 MHz:   0% 4104 MHz:   0% 4416 MHz:   0% 4512 MHz:   0%)
CPU 9 idle residency:   2.81%
CPU 9 down residency:  97.19%

P1-Cluster HW active frequency: 3755 MHz
P1-Cluster HW active residency:  93.10% (1260 MHz: .22% 1512 MHz: .01% 1800 MHz:   0% 2088 MHz: .00% 2352 MHz:   0% 2616 MHz:   0% 2868 MHz: .01% 3096 MHz:   0% 3300 MHz: 4.4% 3468 MHz:  18% 3624 MHz:  10% 3756 MHz: 6.2% 3828 MHz:  20% 3888 MHz: 3.3% 3948 MHz:  16% 3996 MHz: 9.6% 4044 MHz: 5.3% 4104 MHz:   0% 4416 MHz:   0% 4512 MHz:   0%)
P1-Cluster idle residency:   6.17%
P1-Cluster down residency:   0.72%
CPU 10 frequency: 3690 MHz
CPU 10 active residency:  33.18% (1260 MHz: .03% 1512 MHz: .01% 1800 MHz:   0% 2088 MHz: .00% 2352 MHz:   0% 2616 MHz:   0% 2868 MHz: .01% 3096 MHz:   0% 3300 MHz: .91% 3468 MHz: 9.2% 3624 MHz: 7.6% 3756 MHz: 3.4% 3828 MHz: 5.9% 3888 MHz: 2.3% 3948 MHz: .65% 3996 MHz: .05% 4044 MHz: .14% 4104 MHz: 3.0% 4416 MHz:   0% 4512 MHz:   0%)
CPU 10 idle residency:  66.13%
CPU 10 down residency:   0.69%
CPU 11 frequency: 3769 MHz
CPU 11 active residency:  41.30% (1260 MHz: .03% 1512 MHz:   0% 1800 MHz:   0% 2088 MHz: .00% 2352 MHz:   0% 2616 MHz:   0% 2868 MHz: .00% 3096 MHz:   0% 3300 MHz: 1.9% 3468 MHz: 9.0% 3624 MHz: 3.2% 3756 MHz: 4.9% 3828 MHz: 8.6% 3888 MHz: .30% 3948 MHz: .87% 3996 MHz: 3.7% 4044 MHz: 4.4% 4104 MHz: 4.5% 4416 MHz:   0% 4512 MHz:   0%)
CPU 11 idle residency:  58.04%
CPU 11 down residency:   0.66%
CPU 12 frequency: 3995 MHz
CPU 12 active residency:  26.09% (1260 MHz:   0% 1512 MHz:   0% 1800 MHz:   0% 2088 MHz:   0% 2352 MHz:   0% 2616 MHz:   0% 2868 MHz:   0% 3096 MHz:   0% 3300 MHz: .00% 3468 MHz: .11% 3624 MHz: 1.3% 3756 MHz: .29% 3828 MHz: 3.5% 3888 MHz: .44% 3948 MHz: .85% 3996 MHz: 3.3% 4044 MHz: 8.1% 4104 MHz: 8.2% 4416 MHz:   0% 4512 MHz:   0%)
CPU 12 idle residency:  73.22%
CPU 12 down residency:   0.69%
CPU 13 frequency: 3868 MHz
CPU 13 active residency:  29.82% (1260 MHz: .01% 1512 MHz:   0% 1800 MHz:   0% 2088 MHz:   0% 2352 MHz:   0% 2616 MHz:   0% 2868 MHz:   0% 3096 MHz:   0% 3300 MHz: .01% 3468 MHz: .72% 3624 MHz: 3.4% 3756 MHz: 3.8% 3828 MHz: 7.3% 3888 MHz: .94% 3948 MHz: 2.1% 3996 MHz: 7.9% 4044 MHz: 3.6% 4104 MHz: .00% 4416 MHz:   0% 4512 MHz:   0%)
CPU 13 idle residency:  69.52%
CPU 13 down residency:   0.66%
CPU 14 frequency: 3843 MHz
CPU 14 active residency:  26.02% (1260 MHz: .02% 1512 MHz: .00% 1800 MHz:   0% 2088 MHz: .00% 2352 MHz:   0% 2616 MHz:   0% 2868 MHz:   0% 3096 MHz:   0% 3300 MHz: 2.3% 3468 MHz: .83% 3624 MHz: 4.3% 3756 MHz: 2.0% 3828 MHz: 2.2% 3888 MHz: .98% 3948 MHz: 1.2% 3996 MHz: 2.4% 4044 MHz: 4.7% 4104 MHz: 5.0% 4416 MHz:   0% 4512 MHz:   0%)
CPU 14 idle residency:  73.28%
CPU 14 down residency:   0.69%
CPU 15 frequency: 3764 MHz
CPU 15 active residency:  44.42% (1260 MHz: .06% 1512 MHz:   0% 1800 MHz:   0% 2088 MHz: .00% 2352 MHz:   0% 2616 MHz:   0% 2868 MHz:   0% 3096 MHz:   0% 3300 MHz: 1.7% 3468 MHz: 8.2% 3624 MHz: 6.4% 3756 MHz: 6.7% 3828 MHz: 7.7% 3888 MHz: .78% 3948 MHz: .63% 3996 MHz: 2.2% 4044 MHz: 5.1% 4104 MHz: 4.8% 4416 MHz:   0% 4512 MHz:   0%)
CPU 15 idle residency:  54.92%
CPU 15 down residency:   0.66%

CPU Power: 4366 mW
GPU Power: 16815 mW
ANE Power: 0 mW
Combined Power (CPU + GPU + ANE): 21180 mW

**** GPU usage ****

GPU HW active frequency: 1296 MHz
GPU HW active residency:  99.96% (338 MHz: .02% 618 MHz:   0% 796 MHz:   0% 924 MHz:   0% 952 MHz:   0% 1056 MHz:   0% 1062 MHz:   0% 1182 MHz:  16% 1182 MHz:   0% 1312 MHz:  76% 1242 MHz:   0% 1380 MHz: 8.0% 1326 MHz:   0% 1470 MHz:   0% 1578 MHz:   0%)
GPU SW requested state: (P1 :   0% P2 :   0% P3 :   0% P4 :   0% P5 :   0% P6 :   0% P7 :   0% P8 :   0% P9 :   0% P10 : 100% P11 :   0% P12 :   0% P13 :   0% P14 :   0% P15 :   0%)
GPU SW state: (SW_P1 : .02% SW_P2 :   0% SW_P3 :   0% SW_P4 :   0% SW_P5 :   0% SW_P6 :  16% SW_P7 :  76% SW_P8 : 8.0% SW_P9 :   0% SW_P10 :   0% SW_P11 :   0% SW_P12 :   0% SW_P13 :   0% SW_P14 :   0% SW_P15 :   0%)
GPU idle residency:   0.04%
GPU Power: 16819 mW



*** Sampled system activity (Tue Jan 20 15:12:43 2026 +0100) (1018.12ms elapsed) ***


**** Processor usage ****

E-Cluster Online: 100%
E-Cluster HW active frequency: 1443 MHz
E-Cluster HW active residency:  54.63% (1020 MHz:  32% 1404 MHz: 5.7% 1788 MHz: 4.4% 2112 MHz: 2.3% 2352 MHz: 1.2% 2532 MHz: 1.3% 2592 MHz: 7.2%)
E-Cluster idle residency:  45.37%
E-Cluster down residency:   0.00%
CPU 0 frequency: 1442 MHz
CPU 0 active residency:  24.60% (1020 MHz:  15% 1404 MHz: 2.3% 1788 MHz: 1.8% 2112 MHz: .86% 2352 MHz: .46% 2532 MHz: .61% 2592 MHz: 3.6%)
CPU 0 idle residency:  75.40%
CPU 0 down residency:   0.00%
CPU 1 frequency: 1389 MHz
CPU 1 active residency:  16.61% (1020 MHz:  10% 1404 MHz: 1.9% 1788 MHz: 1.7% 2112 MHz: .30% 2352 MHz: .48% 2532 MHz: .27% 2592 MHz: 1.7%)
CPU 1 idle residency:  83.39%
CPU 1 down residency:   0.00%
CPU 2 frequency: 1438 MHz
CPU 2 active residency:  10.96% (1020 MHz: 6.2% 1404 MHz: 1.2% 1788 MHz: 1.4% 2112 MHz: .55% 2352 MHz: .19% 2532 MHz: .47% 2592 MHz: .93%)
CPU 2 idle residency:  89.04%
CPU 2 down residency:   0.00%
CPU 3 frequency: 1330 MHz
CPU 3 active residency:   5.23% (1020 MHz: 3.6% 1404 MHz: .57% 1788 MHz: .28% 2112 MHz: .10% 2352 MHz: .10% 2532 MHz: .10% 2592 MHz: .50%)
CPU 3 idle residency:  94.77%
CPU 3 down residency:   0.00%

P0-Cluster Online: 4%
P0-Cluster HW active frequency: 1478 MHz
P0-Cluster HW active residency:   0.74% (1260 MHz: .67% 1512 MHz:   0% 1800 MHz:   0% 2088 MHz:   0% 2352 MHz:   0% 2616 MHz:   0% 2868 MHz:   0% 3096 MHz:   0% 3300 MHz:   0% 3468 MHz: .03% 3624 MHz: .04% 3756 MHz:   0% 3828 MHz:   0% 3888 MHz:   0% 3948 MHz:   0% 3996 MHz:   0% 4044 MHz:   0% 4104 MHz:   0% 4416 MHz:   0% 4512 MHz:   0%)
P0-Cluster idle residency:   2.37%
P0-Cluster down residency:  96.90%
CPU 4 frequency: 0 MHz
CPU 4 active residency:   0.00% (1260 MHz:   0% 1512 MHz:   0% 1800 MHz:   0% 2088 MHz:   0% 2352 MHz:   0% 2616 MHz:   0% 2868 MHz:   0% 3096 MHz:   0% 3300 MHz:   0% 3468 MHz:   0% 3624 MHz:   0% 3756 MHz:   0% 3828 MHz:   0% 3888 MHz:   0% 3948 MHz:   0% 3996 MHz:   0% 4044 MHz:   0% 4104 MHz:   0% 4416 MHz:   0% 4512 MHz:   0%)
CPU 4 idle residency:   2.92%
CPU 4 down residency:  97.08%
CPU 5 frequency: 0 MHz
CPU 5 active residency:   0.00% (1260 MHz:   0% 1512 MHz:   0% 1800 MHz:   0% 2088 MHz:   0% 2352 MHz:   0% 2616 MHz:   0% 2868 MHz:   0% 3096 MHz:   0% 3300 MHz:   0% 3468 MHz:   0% 3624 MHz:   0% 3756 MHz:   0% 3828 MHz:   0% 3888 MHz:   0% 3948 MHz:   0% 3996 MHz:   0% 4044 MHz:   0% 4104 MHz:   0% 4416 MHz:   0% 4512 MHz:   0%)
CPU 5 idle residency:   2.94%
CPU 5 down residency:  97.06%
CPU 6 frequency: 0 MHz
CPU 6 active residency:   0.00% (1260 MHz:   0% 1512 MHz:   0% 1800 MHz:   0% 2088 MHz:   0% 2352 MHz:   0% 2616 MHz:   0% 2868 MHz:   0% 3096 MHz:   0% 3300 MHz:   0% 3468 MHz:   0% 3624 MHz:   0% 3756 MHz:   0% 3828 MHz:   0% 3888 MHz:   0% 3948 MHz:   0% 3996 MHz:   0% 4044 MHz:   0% 4104 MHz:   0% 4416 MHz:   0% 4512 MHz:   0%)
CPU 6 idle residency:   2.94%
CPU 6 down residency:  97.06%
CPU 7 frequency: 0 MHz
CPU 7 active residency:   0.00% (1260 MHz:   0% 1512 MHz:   0% 1800 MHz:   0% 2088 MHz:   0% 2352 MHz:   0% 2616 MHz:   0% 2868 MHz:   0% 3096 MHz:   0% 3300 MHz:   0% 3468 MHz:   0% 3624 MHz:   0% 3756 MHz:   0% 3828 MHz:   0% 3888 MHz:   0% 3948 MHz:   0% 3996 MHz:   0% 4044 MHz:   0% 4104 MHz:   0% 4416 MHz:   0% 4512 MHz:   0%)
CPU 7 idle residency:   2.94%
CPU 7 down residency:  97.06%
CPU 8 frequency: 0 MHz
CPU 8 active residency:   0.00% (1260 MHz:   0% 1512 MHz:   0% 1800 MHz:   0% 2088 MHz:   0% 2352 MHz:   0% 2616 MHz:   0% 2868 MHz:   0% 3096 MHz:   0% 3300 MHz:   0% 3468 MHz:   0% 3624 MHz:   0% 3756 MHz:   0% 3828 MHz:   0% 3888 MHz:   0% 3948 MHz:   0% 3996 MHz:   0% 4044 MHz:   0% 4104 MHz:   0% 4416 MHz:   0% 4512 MHz:   0%)
CPU 8 idle residency:   2.94%
CPU 8 down residency:  97.06%
CPU 9 frequency: 0 MHz
CPU 9 active residency:   0.00% (1260 MHz:   0% 1512 MHz:   0% 1800 MHz:   0% 2088 MHz:   0% 2352 MHz:   0% 2616 MHz:   0% 2868 MHz:   0% 3096 MHz:   0% 3300 MHz:   0% 3468 MHz:   0% 3624 MHz:   0% 3756 MHz:   0% 3828 MHz:   0% 3888 MHz:   0% 3948 MHz:   0% 3996 MHz:   0% 4044 MHz:   0% 4104 MHz:   0% 4416 MHz:   0% 4512 MHz:   0%)
CPU 9 idle residency:   2.95%
CPU 9 down residency:  97.05%

P1-Cluster HW active frequency: 3651 MHz
P1-Cluster HW active residency:  93.89% (1260 MHz: .10% 1512 MHz: .00% 1800 MHz: .01% 2088 MHz:   0% 2352 MHz:   0% 2616 MHz:   0% 2868 MHz: .03% 3096 MHz: .01% 3300 MHz:  14% 3468 MHz:  39% 3624 MHz: 1.5% 3756 MHz: .57% 3828 MHz: 3.6% 3888 MHz: 1.6% 3948 MHz:  13% 3996 MHz: 9.6% 4044 MHz:  10% 4104 MHz:   0% 4416 MHz: .02% 4512 MHz: .01%)
P1-Cluster idle residency:   6.11%
P1-Cluster down residency:   0.00%
CPU 10 frequency: 3869 MHz
CPU 10 active residency:  36.00% (1260 MHz: .04% 1512 MHz:   0% 1800 MHz:   0% 2088 MHz:   0% 2352 MHz:   0% 2616 MHz:   0% 2868 MHz: .03% 3096 MHz: .00% 3300 MHz: 1.1% 3468 MHz:  19% 3624 MHz: .73% 3756 MHz: .56% 3828 MHz: 1.4% 3888 MHz: .02% 3948 MHz: .14% 3996 MHz:   0% 4044 MHz:   0% 4104 MHz: .03% 4416 MHz: .07% 4512 MHz:  13%)
CPU 10 idle residency:  64.00%
CPU 10 down residency:   0.00%
CPU 11 frequency: 3760 MHz
CPU 11 active residency:  45.16% (1260 MHz: .02% 1512 MHz: .00% 1800 MHz:   0% 2088 MHz:   0% 2352 MHz:   0% 2616 MHz:   0% 2868 MHz: .03% 3096 MHz:   0% 3300 MHz: 7.6% 3468 MHz:  21% 3624 MHz: .89% 3756 MHz: .57% 3828 MHz: 1.7% 3888 MHz: .86% 3948 MHz: .31% 3996 MHz:   0% 4044 MHz:   0% 4104 MHz: .19% 4416 MHz: .19% 4512 MHz:  12%)
CPU 11 idle residency:  54.84%
CPU 11 down residency:   0.00%
CPU 12 frequency: 4017 MHz
CPU 12 active residency:  27.11% (1260 MHz: .01% 1512 MHz: .00% 1800 MHz:   0% 2088 MHz:   0% 2352 MHz:   0% 2616 MHz:   0% 2868 MHz: .00% 3096 MHz: .01% 3300 MHz: 5.5% 3468 MHz: 5.7% 3624 MHz: .08% 3756 MHz: .02% 3828 MHz: .75% 3888 MHz: .28% 3948 MHz:   0% 3996 MHz:   0% 4044 MHz:   0% 4104 MHz:   0% 4416 MHz: .00% 4512 MHz:  15%)
CPU 12 idle residency:  72.89%
CPU 12 down residency:   0.00%
CPU 13 frequency: 4306 MHz
CPU 13 active residency:  20.04% (1260 MHz:   0% 1512 MHz:   0% 1800 MHz:   0% 2088 MHz:   0% 2352 MHz:   0% 2616 MHz:   0% 2868 MHz: .03% 3096 MHz:   0% 3300 MHz: .29% 3468 MHz: 1.8% 3624 MHz: .45% 3756 MHz: .48% 3828 MHz: .62% 3888 MHz: .84% 3948 MHz: .30% 3996 MHz:   0% 4044 MHz:   0% 4104 MHz: .03% 4416 MHz: .02% 4512 MHz:  15%)
CPU 13 idle residency:  79.96%
CPU 13 down residency:   0.00%
CPU 14 frequency: 3897 MHz
CPU 14 active residency:  27.40% (1260 MHz:   0% 1512 MHz:   0% 1800 MHz: .01% 2088 MHz:   0% 2352 MHz:   0% 2616 MHz:   0% 2868 MHz: .01% 3096 MHz:   0% 3300 MHz: 6.7% 3468 MHz: 6.6% 3624 MHz: .35% 3756 MHz: .56% 3828 MHz: 1.0% 3888 MHz: .58% 3948 MHz: .17% 3996 MHz:   0% 4044 MHz:   0% 4104 MHz: .00% 4416 MHz: .00% 4512 MHz:  11%)
CPU 14 idle residency:  72.60%
CPU 14 down residency:   0.00%
CPU 15 frequency: 3736 MHz
CPU 15 active residency:  32.32% (1260 MHz: .02% 1512 MHz:   0% 1800 MHz: .00% 2088 MHz:   0% 2352 MHz:   0% 2616 MHz:   0% 2868 MHz: .03% 3096 MHz:   0% 3300 MHz: 3.0% 3468 MHz:  16% 3624 MHz: .75% 3756 MHz: .54% 3828 MHz: 3.2% 3888 MHz: .98% 3948 MHz: .39% 3996 MHz:   0% 4044 MHz:   0% 4104 MHz: .38% 4416 MHz: .39% 4512 MHz: 6.3%)
CPU 15 idle residency:  67.68%
CPU 15 down residency:   0.00%

CPU Power: 4051 mW
GPU Power: 17177 mW
ANE Power: 0 mW
Combined Power (CPU + GPU + ANE): 21227 mW

**** GPU usage ****

GPU HW active frequency: 1303 MHz
GPU HW active residency: 100.00% (338 MHz:   0% 618 MHz:   0% 796 MHz:   0% 924 MHz:   0% 952 MHz:   0% 1056 MHz:   0% 1062 MHz:   0% 1182 MHz:  14% 1182 MHz:   0% 1312 MHz:  72% 1242 MHz:   0% 1380 MHz:  14% 1326 MHz:   0% 1470 MHz:   0% 1578 MHz:   0%)
GPU SW requested state: (P1 :   0% P2 :   0% P3 :   0% P4 :   0% P5 :   0% P6 :   0% P7 :   0% P8 :   0% P9 :   0% P10 : 100% P11 :   0% P12 :   0% P13 :   0% P14 :   0% P15 :   0%)
GPU SW state: (SW_P1 :   0% SW_P2 :   0% SW_P3 :   0% SW_P4 :   0% SW_P5 :   0% SW_P6 :  14% SW_P7 :  72% SW_P8 :  14% SW_P9 :   0% SW_P10 :   0% SW_P11 :   0% SW_P12 :   0% SW_P13 :   0% SW_P14 :   0% SW_P15 :   0%)
GPU idle residency:   0.00%
GPU Power: 17181 mW



*** Sampled system activity (Tue Jan 20 15:12:44 2026 +0100) (1017.69ms elapsed) ***


**** Processor usage ****

E-Cluster Online: 100%
E-Cluster HW active frequency: 1252 MHz
E-Cluster HW active residency:  66.41% (1020 MHz:  47% 1404 MHz: 8.9% 1788 MHz: 5.1% 2112 MHz: 1.2% 2352 MHz: .42% 2532 MHz: 1.2% 2592 MHz: 2.8%)
E-Cluster idle residency:  33.59%
E-Cluster down residency:   0.00%
CPU 0 frequency: 1244 MHz
CPU 0 active residency:  37.47% (1020 MHz:  27% 1404 MHz: 5.1% 1788 MHz: 2.9% 2112 MHz: .33% 2352 MHz: .38% 2532 MHz: .84% 2592 MHz: 1.3%)
CPU 0 idle residency:  62.53%
CPU 0 down residency:   0.00%
CPU 1 frequency: 1318 MHz
CPU 1 active residency:  26.53% (1020 MHz:  18% 1404 MHz: 2.8% 1788 MHz: 2.6% 2112 MHz: .74% 2352 MHz: .34% 2532 MHz: 1.0% 2592 MHz: 1.3%)
CPU 1 idle residency:  73.47%
CPU 1 down residency:   0.00%
CPU 2 frequency: 1334 MHz
CPU 2 active residency:  20.27% (1020 MHz:  13% 1404 MHz: 2.4% 1788 MHz: 2.0% 2112 MHz: .14% 2352 MHz: .45% 2532 MHz: .56% 2592 MHz: 1.5%)
CPU 2 idle residency:  79.73%
CPU 2 down residency:   0.00%
CPU 3 frequency: 1387 MHz
CPU 3 active residency:  15.10% (1020 MHz: 9.2% 1404 MHz: 1.6% 1788 MHz: 2.0% 2112 MHz: .32% 2352 MHz: .36% 2532 MHz: .70% 2592 MHz: .97%)
CPU 3 idle residency:  84.90%
CPU 3 down residency:   0.00%

P0-Cluster Online: 3%
P0-Cluster HW active frequency: 1649 MHz
P0-Cluster HW active residency:   0.82% (1260 MHz: .56% 1512 MHz:   0% 1800 MHz: .17% 2088 MHz:   0% 2352 MHz:   0% 2616 MHz:   0% 2868 MHz:   0% 3096 MHz:   0% 3300 MHz:   0% 3468 MHz:   0% 3624 MHz: .10% 3756 MHz:   0% 3828 MHz:   0% 3888 MHz:   0% 3948 MHz:   0% 3996 MHz:   0% 4044 MHz:   0% 4104 MHz:   0% 4416 MHz:   0% 4512 MHz:   0%)
P0-Cluster idle residency:   1.34%
P0-Cluster down residency:  97.84%
CPU 4 frequency: 0 MHz
CPU 4 active residency:   0.00% (1260 MHz:   0% 1512 MHz:   0% 1800 MHz:   0% 2088 MHz:   0% 2352 MHz:   0% 2616 MHz:   0% 2868 MHz:   0% 3096 MHz:   0% 3300 MHz:   0% 3468 MHz:   0% 3624 MHz:   0% 3756 MHz:   0% 3828 MHz:   0% 3888 MHz:   0% 3948 MHz:   0% 3996 MHz:   0% 4044 MHz:   0% 4104 MHz:   0% 4416 MHz:   0% 4512 MHz:   0%)
CPU 4 idle residency:   2.06%
CPU 4 down residency:  97.94%
CPU 5 frequency: 0 MHz
CPU 5 active residency:   0.00% (1260 MHz:   0% 1512 MHz:   0% 1800 MHz:   0% 2088 MHz:   0% 2352 MHz:   0% 2616 MHz:   0% 2868 MHz:   0% 3096 MHz:   0% 3300 MHz:   0% 3468 MHz:   0% 3624 MHz:   0% 3756 MHz:   0% 3828 MHz:   0% 3888 MHz:   0% 3948 MHz:   0% 3996 MHz:   0% 4044 MHz:   0% 4104 MHz:   0% 4416 MHz:   0% 4512 MHz:   0%)
CPU 5 idle residency:   2.06%
CPU 5 down residency:  97.94%
CPU 6 frequency: 0 MHz
CPU 6 active residency:   0.00% (1260 MHz:   0% 1512 MHz:   0% 1800 MHz:   0% 2088 MHz:   0% 2352 MHz:   0% 2616 MHz:   0% 2868 MHz:   0% 3096 MHz:   0% 3300 MHz:   0% 3468 MHz:   0% 3624 MHz:   0% 3756 MHz:   0% 3828 MHz:   0% 3888 MHz:   0% 3948 MHz:   0% 3996 MHz:   0% 4044 MHz:   0% 4104 MHz:   0% 4416 MHz:   0% 4512 MHz:   0%)
CPU 6 idle residency:   2.03%
CPU 6 down residency:  97.97%
CPU 7 frequency: 0 MHz
CPU 7 active residency:   0.00% (1260 MHz:   0% 1512 MHz:   0% 1800 MHz:   0% 2088 MHz:   0% 2352 MHz:   0% 2616 MHz:   0% 2868 MHz:   0% 3096 MHz:   0% 3300 MHz:   0% 3468 MHz:   0% 3624 MHz:   0% 3756 MHz:   0% 3828 MHz:   0% 3888 MHz:   0% 3948 MHz:   0% 3996 MHz:   0% 4044 MHz:   0% 4104 MHz:   0% 4416 MHz:   0% 4512 MHz:   0%)
CPU 7 idle residency:   2.05%
CPU 7 down residency:  97.95%
CPU 8 frequency: 0 MHz
CPU 8 active residency:   0.00% (1260 MHz:   0% 1512 MHz:   0% 1800 MHz:   0% 2088 MHz:   0% 2352 MHz:   0% 2616 MHz:   0% 2868 MHz:   0% 3096 MHz:   0% 3300 MHz:   0% 3468 MHz:   0% 3624 MHz:   0% 3756 MHz:   0% 3828 MHz:   0% 3888 MHz:   0% 3948 MHz:   0% 3996 MHz:   0% 4044 MHz:   0% 4104 MHz:   0% 4416 MHz:   0% 4512 MHz:   0%)
CPU 8 idle residency:   2.06%
CPU 8 down residency:  97.94%
CPU 9 frequency: 0 MHz
CPU 9 active residency:   0.00% (1260 MHz:   0% 1512 MHz:   0% 1800 MHz:   0% 2088 MHz:   0% 2352 MHz:   0% 2616 MHz:   0% 2868 MHz:   0% 3096 MHz:   0% 3300 MHz:   0% 3468 MHz:   0% 3624 MHz:   0% 3756 MHz:   0% 3828 MHz:   0% 3888 MHz:   0% 3948 MHz:   0% 3996 MHz:   0% 4044 MHz:   0% 4104 MHz:   0% 4416 MHz:   0% 4512 MHz:   0%)
CPU 9 idle residency:   2.07%
CPU 9 down residency:  97.93%

P1-Cluster HW active frequency: 3564 MHz
P1-Cluster HW active residency:  94.55% (1260 MHz: .18% 1512 MHz: .00% 1800 MHz:   0% 2088 MHz:   0% 2352 MHz: .01% 2616 MHz:   0% 2868 MHz:   0% 3096 MHz:   0% 3300 MHz: .01% 3468 MHz:  38% 3624 MHz:  50% 3756 MHz: 5.8% 3828 MHz:   0% 3888 MHz:   0% 3948 MHz:   0% 3996 MHz:   0% 4044 MHz:   0% 4104 MHz:   0% 4416 MHz:   0% 4512 MHz:   0%)
P1-Cluster idle residency:   5.45%
P1-Cluster down residency:   0.00%
CPU 10 frequency: 3592 MHz
CPU 10 active residency:  33.39% (1260 MHz: .02% 1512 MHz:   0% 1800 MHz:   0% 2088 MHz:   0% 2352 MHz:   0% 2616 MHz:   0% 2868 MHz:   0% 3096 MHz:   0% 3300 MHz: .01% 3468 MHz: 9.0% 3624 MHz:  21% 3756 MHz: 2.9% 3828 MHz:   0% 3888 MHz:   0% 3948 MHz:   0% 3996 MHz:   0% 4044 MHz:   0% 4104 MHz:   0% 4416 MHz:   0% 4512 MHz:   0%)
CPU 10 idle residency:  66.61%
CPU 10 down residency:   0.00%
CPU 11 frequency: 3546 MHz
CPU 11 active residency:  39.35% (1260 MHz: .02% 1512 MHz: .00% 1800 MHz:   0% 2088 MHz:   0% 2352 MHz: .00% 2616 MHz:   0% 2868 MHz:   0% 3096 MHz:   0% 3300 MHz: .00% 3468 MHz:  20% 3624 MHz:  19% 3756 MHz: .28% 3828 MHz:   0% 3888 MHz:   0% 3948 MHz:   0% 3996 MHz:   0% 4044 MHz:   0% 4104 MHz:   0% 4416 MHz:   0% 4512 MHz:   0%)
CPU 11 idle residency:  60.65%
CPU 11 down residency:   0.00%
CPU 12 frequency: 3550 MHz
CPU 12 active residency:  39.12% (1260 MHz: .05% 1512 MHz: .00% 1800 MHz:   0% 2088 MHz:   0% 2352 MHz: .00% 2616 MHz:   0% 2868 MHz:   0% 3096 MHz:   0% 3300 MHz:   0% 3468 MHz:  20% 3624 MHz:  16% 3756 MHz: 2.8% 3828 MHz:   0% 3888 MHz:   0% 3948 MHz:   0% 3996 MHz:   0% 4044 MHz:   0% 4104 MHz:   0% 4416 MHz:   0% 4512 MHz:   0%)
CPU 12 idle residency:  60.88%
CPU 12 down residency:   0.00%
CPU 13 frequency: 3621 MHz
CPU 13 active residency:  30.56% (1260 MHz: .00% 1512 MHz:   0% 1800 MHz:   0% 2088 MHz:   0% 2352 MHz:   0% 2616 MHz:   0% 2868 MHz:   0% 3096 MHz:   0% 3300 MHz:   0% 3468 MHz: 4.0% 3624 MHz:  23% 3756 MHz: 4.0% 3828 MHz:   0% 3888 MHz:   0% 3948 MHz:   0% 3996 MHz:   0% 4044 MHz:   0% 4104 MHz:   0% 4416 MHz:   0% 4512 MHz:   0%)
CPU 13 idle residency:  69.44%
CPU 13 down residency:   0.00%
CPU 14 frequency: 3545 MHz
CPU 14 active residency:  39.60% (1260 MHz: .02% 1512 MHz:   0% 1800 MHz:   0% 2088 MHz:   0% 2352 MHz:   0% 2616 MHz:   0% 2868 MHz:   0% 3096 MHz:   0% 3300 MHz:   0% 3468 MHz:  20% 3624 MHz:  19% 3756 MHz: .16% 3828 MHz:   0% 3888 MHz:   0% 3948 MHz:   0% 3996 MHz:   0% 4044 MHz:   0% 4104 MHz:   0% 4416 MHz:   0% 4512 MHz:   0%)
CPU 14 idle residency:  60.40%
CPU 14 down residency:   0.00%
CPU 15 frequency: 3550 MHz
CPU 15 active residency:  17.45% (1260 MHz:   0% 1512 MHz:   0% 1800 MHz:   0% 2088 MHz:   0% 2352 MHz:   0% 2616 MHz:   0% 2868 MHz:   0% 3096 MHz:   0% 3300 MHz: .01% 3468 MHz: 8.3% 3624 MHz: 9.1% 3756 MHz:   0% 3828 MHz:   0% 3888 MHz:   0% 3948 MHz:   0% 3996 MHz:   0% 4044 MHz:   0% 4104 MHz:   0% 4416 MHz:   0% 4512 MHz:   0%)
CPU 15 idle residency:  82.55%
CPU 15 down residency:   0.00%

CPU Power: 3681 mW
GPU Power: 17246 mW
ANE Power: 0 mW
Combined Power (CPU + GPU + ANE): 20927 mW

**** GPU usage ****

GPU HW active frequency: 1303 MHz
GPU HW active residency: 100.00% (338 MHz:   0% 618 MHz:   0% 796 MHz:   0% 924 MHz:   0% 952 MHz:   0% 1056 MHz:   0% 1062 MHz:   0% 1182 MHz:  14% 1182 MHz:   0% 1312 MHz:  72% 1242 MHz:   0% 1380 MHz:  14% 1326 MHz:   0% 1470 MHz:   0% 1578 MHz:   0%)
GPU SW requested state: (P1 :   0% P2 :   0% P3 :   0% P4 :   0% P5 :   0% P6 :   0% P7 :   0% P8 :   0% P9 :   0% P10 : 100% P11 :   0% P12 :   0% P13 :   0% P14 :   0% P15 :   0%)
GPU SW state: (SW_P1 :   0% SW_P2 :   0% SW_P3 :   0% SW_P4 :   0% SW_P5 :   0% SW_P6 :  14% SW_P7 :  72% SW_P8 :  14% SW_P9 :   0% SW_P10 :   0% SW_P11 :   0% SW_P12 :   0% SW_P13 :   0% SW_P14 :   0% SW_P15 :   0%)
GPU idle residency:   0.00%
GPU Power: 17244 mW



*** Sampled system activity (Tue Jan 20 15:12:45 2026 +0100) (1020.06ms elapsed) ***


**** Processor usage ****

E-Cluster Online: 100%
E-Cluster HW active frequency: 1414 MHz
E-Cluster HW active residency:  55.96% (1020 MHz:  30% 1404 MHz: 8.2% 1788 MHz: 8.5% 2112 MHz: 3.1% 2352 MHz: 2.3% 2532 MHz: 1.4% 2592 MHz: 2.4%)
E-Cluster idle residency:  44.04%
E-Cluster down residency:   0.00%
CPU 0 frequency: 1374 MHz
CPU 0 active residency:  27.52% (1020 MHz:  16% 1404 MHz: 3.6% 1788 MHz: 3.7% 2112 MHz: 1.4% 2352 MHz: .98% 2532 MHz: .93% 2592 MHz: .81%)
CPU 0 idle residency:  72.48%
CPU 0 down residency:   0.00%
CPU 1 frequency: 1410 MHz
CPU 1 active residency:  16.53% (1020 MHz: 9.1% 1404 MHz: 1.7% 1788 MHz: 3.1% 2112 MHz: 1.2% 2352 MHz: .63% 2532 MHz: .33% 2592 MHz: .47%)
CPU 1 idle residency:  83.47%
CPU 1 down residency:   0.00%
CPU 2 frequency: 1393 MHz
CPU 2 active residency:  10.89% (1020 MHz: 6.2% 1404 MHz: 1.2% 1788 MHz: 1.8% 2112 MHz: .70% 2352 MHz: .39% 2532 MHz: .43% 2592 MHz: .20%)
CPU 2 idle residency:  89.11%
CPU 2 down residency:   0.00%
CPU 3 frequency: 1458 MHz
CPU 3 active residency:   7.70% (1020 MHz: 4.2% 1404 MHz: .63% 1788 MHz: 1.1% 2112 MHz: .70% 2352 MHz: .29% 2532 MHz: .24% 2592 MHz: .47%)
CPU 3 idle residency:  92.30%
CPU 3 down residency:   0.00%

P0-Cluster Online: 3%
P0-Cluster HW active frequency: 1260 MHz
P0-Cluster HW active residency:   0.62% (1260 MHz: .62% 1512 MHz:   0% 1800 MHz:   0% 2088 MHz:   0% 2352 MHz:   0% 2616 MHz:   0% 2868 MHz:   0% 3096 MHz:   0% 3300 MHz:   0% 3468 MHz:   0% 3624 MHz:   0% 3756 MHz:   0% 3828 MHz:   0% 3888 MHz:   0% 3948 MHz:   0% 3996 MHz:   0% 4044 MHz:   0% 4104 MHz:   0% 4416 MHz:   0% 4512 MHz:   0%)
P0-Cluster idle residency:   2.55%
P0-Cluster down residency:  96.83%
CPU 4 frequency: 1996 MHz
CPU 4 active residency:   0.41% (1260 MHz: .28% 1512 MHz: .00% 1800 MHz: .00% 2088 MHz:   0% 2352 MHz:   0% 2616 MHz:   0% 2868 MHz:   0% 3096 MHz:   0% 3300 MHz:   0% 3468 MHz:   0% 3624 MHz: .08% 3756 MHz:   0% 3828 MHz:   0% 3888 MHz:   0% 3948 MHz: .04% 3996 MHz:   0% 4044 MHz:   0% 4104 MHz:   0% 4416 MHz:   0% 4512 MHz:   0%)
CPU 4 idle residency:   3.02%
CPU 4 down residency:  96.58%
CPU 5 frequency: 1876 MHz
CPU 5 active residency:   0.38% (1260 MHz: .28% 1512 MHz:   0% 1800 MHz: .01% 2088 MHz:   0% 2352 MHz:   0% 2616 MHz:   0% 2868 MHz:   0% 3096 MHz:   0% 3300 MHz:   0% 3468 MHz: .01% 3624 MHz: .05% 3756 MHz: .03% 3828 MHz:   0% 3888 MHz:   0% 3948 MHz: .00% 3996 MHz:   0% 4044 MHz:   0% 4104 MHz:   0% 4416 MHz:   0% 4512 MHz:   0%)
CPU 5 idle residency:   3.02%
CPU 5 down residency:  96.60%
CPU 6 frequency: 1826 MHz
CPU 6 active residency:   0.64% (1260 MHz: .28% 1512 MHz: .05% 1800 MHz: .21% 2088 MHz:   0% 2352 MHz:   0% 2616 MHz:   0% 2868 MHz:   0% 3096 MHz:   0% 3300 MHz:   0% 3468 MHz:   0% 3624 MHz: .07% 3756 MHz: .02% 3828 MHz:   0% 3888 MHz:   0% 3948 MHz: .01% 3996 MHz:   0% 4044 MHz:   0% 4104 MHz:   0% 4416 MHz:   0% 4512 MHz:   0%)
CPU 6 idle residency:   3.01%
CPU 6 down residency:  96.35%
CPU 7 frequency: 1727 MHz
CPU 7 active residency:   0.35% (1260 MHz: .28% 1512 MHz:   0% 1800 MHz: .01% 2088 MHz:   0% 2352 MHz:   0% 2616 MHz:   0% 2868 MHz:   0% 3096 MHz:   0% 3300 MHz:   0% 3468 MHz:   0% 3624 MHz: .05% 3756 MHz: .02% 3828 MHz:   0% 3888 MHz:   0% 3948 MHz: .00% 3996 MHz:   0% 4044 MHz:   0% 4104 MHz:   0% 4416 MHz:   0% 4512 MHz:   0%)
CPU 7 idle residency:   3.02%
CPU 7 down residency:  96.63%
CPU 8 frequency: 1684 MHz
CPU 8 active residency:   0.33% (1260 MHz: .28% 1512 MHz:   0% 1800 MHz:   0% 2088 MHz:   0% 2352 MHz:   0% 2616 MHz:   0% 2868 MHz:   0% 3096 MHz:   0% 3300 MHz:   0% 3468 MHz:   0% 3624 MHz: .04% 3756 MHz: .02% 3828 MHz:   0% 3888 MHz:   0% 3948 MHz: .01% 3996 MHz:   0% 4044 MHz:   0% 4104 MHz:   0% 4416 MHz:   0% 4512 MHz:   0%)
CPU 8 idle residency:   3.02%
CPU 8 down residency:  96.64%
CPU 9 frequency: 1535 MHz
CPU 9 active residency:   0.31% (1260 MHz: .28% 1512 MHz:   0% 1800 MHz:   0% 2088 MHz:   0% 2352 MHz:   0% 2616 MHz:   0% 2868 MHz:   0% 3096 MHz:   0% 3300 MHz:   0% 3468 MHz:   0% 3624 MHz: .02% 3756 MHz: .02% 3828 MHz:   0% 3888 MHz:   0% 3948 MHz: .00% 3996 MHz:   0% 4044 MHz:   0% 4104 MHz:   0% 4416 MHz:   0% 4512 MHz:   0%)
CPU 9 idle residency:   3.02%
CPU 9 down residency:  96.67%

P1-Cluster HW active frequency: 3692 MHz
P1-Cluster HW active residency:  92.62% (1260 MHz: .21% 1512 MHz: .01% 1800 MHz:   0% 2088 MHz:   0% 2352 MHz: .00% 2616 MHz: .01% 2868 MHz:   0% 3096 MHz:   0% 3300 MHz: .73% 3468 MHz:  31% 3624 MHz:  26% 3756 MHz:   0% 3828 MHz: .39% 3888 MHz: 4.9% 3948 MHz:  13% 3996 MHz: 9.9% 4044 MHz: 6.5% 4104 MHz:   0% 4416 MHz:   0% 4512 MHz:   0%)
P1-Cluster idle residency:   7.38%
P1-Cluster down residency:   0.00%
CPU 10 frequency: 3762 MHz
CPU 10 active residency:  35.97% (1260 MHz: .01% 1512 MHz: .00% 1800 MHz:   0% 2088 MHz:   0% 2352 MHz:   0% 2616 MHz: .01% 2868 MHz:   0% 3096 MHz:   0% 3300 MHz: .16% 3468 MHz: 7.0% 3624 MHz:  15% 3756 MHz:   0% 3828 MHz: .06% 3888 MHz: .38% 3948 MHz:   0% 3996 MHz: 4.3% 4044 MHz: 3.3% 4104 MHz: 6.0% 4416 MHz: .22% 4512 MHz:   0%)
CPU 10 idle residency:  64.03%
CPU 10 down residency:   0.00%
CPU 11 frequency: 3753 MHz
CPU 11 active residency:  33.14% (1260 MHz: .03% 1512 MHz:   0% 1800 MHz:   0% 2088 MHz:   0% 2352 MHz:   0% 2616 MHz:   0% 2868 MHz:   0% 3096 MHz:   0% 3300 MHz: .06% 3468 MHz:  13% 3624 MHz: 4.6% 3756 MHz:   0% 3828 MHz: .00% 3888 MHz: .79% 3948 MHz:   0% 3996 MHz: 4.9% 4044 MHz: 3.2% 4104 MHz: 6.0% 4416 MHz: .26% 4512 MHz:   0%)
CPU 11 idle residency:  66.86%
CPU 11 down residency:   0.00%
CPU 12 frequency: 3742 MHz
CPU 12 active residency:  28.58% (1260 MHz: .02% 1512 MHz:   0% 1800 MHz:   0% 2088 MHz:   0% 2352 MHz: .00% 2616 MHz:   0% 2868 MHz:   0% 3096 MHz:   0% 3300 MHz: .00% 3468 MHz: 3.6% 3624 MHz:  13% 3756 MHz:   0% 3828 MHz: .39% 3888 MHz: 3.1% 3948 MHz:   0% 3996 MHz: 7.4% 4044 MHz: .69% 4104 MHz: .05% 4416 MHz:   0% 4512 MHz:   0%)
CPU 12 idle residency:  71.42%
CPU 12 down residency:   0.00%
CPU 13 frequency: 3690 MHz
CPU 13 active residency:  39.69% (1260 MHz: .05% 1512 MHz: .00% 1800 MHz:   0% 2088 MHz:   0% 2352 MHz: .00% 2616 MHz: .00% 2868 MHz:   0% 3096 MHz:   0% 3300 MHz: .08% 3468 MHz:  15% 3624 MHz:  13% 3756 MHz:   0% 3828 MHz:   0% 3888 MHz: .22% 3948 MHz:   0% 3996 MHz: 5.3% 4044 MHz: 4.2% 4104 MHz: 2.3% 4416 MHz: .20% 4512 MHz:   0%)
CPU 13 idle residency:  60.31%
CPU 13 down residency:   0.00%
CPU 14 frequency: 4018 MHz
CPU 14 active residency:  20.49% (1260 MHz:   0% 1512 MHz:   0% 1800 MHz:   0% 2088 MHz:   0% 2352 MHz:   0% 2616 MHz:   0% 2868 MHz:   0% 3096 MHz:   0% 3300 MHz: .00% 3468 MHz: .18% 3624 MHz: 1.3% 3756 MHz:   0% 3828 MHz: .39% 3888 MHz: 1.8% 3948 MHz:   0% 3996 MHz: 1.9% 4044 MHz: 5.2% 4104 MHz: 9.6% 4416 MHz:   0% 4512 MHz:   0%)
CPU 14 idle residency:  79.51%
CPU 14 down residency:   0.00%
CPU 15 frequency: 3720 MHz
CPU 15 active residency:  24.95% (1260 MHz: .03% 1512 MHz:   0% 1800 MHz:   0% 2088 MHz:   0% 2352 MHz:   0% 2616 MHz:   0% 2868 MHz:   0% 3096 MHz:   0% 3300 MHz: .45% 3468 MHz:  13% 3624 MHz: .13% 3756 MHz:   0% 3828 MHz: .00% 3888 MHz: .44% 3948 MHz:   0% 3996 MHz: 3.7% 4044 MHz: 3.5% 4104 MHz: 3.5% 4416 MHz: .02% 4512 MHz:   0%)
CPU 15 idle residency:  75.05%
CPU 15 down residency:   0.00%

CPU Power: 4080 mW
GPU Power: 17344 mW
ANE Power: 0 mW
Combined Power (CPU + GPU + ANE): 21424 mW

**** GPU usage ****

GPU HW active frequency: 1306 MHz
GPU HW active residency: 100.00% (338 MHz:   0% 618 MHz:   0% 796 MHz:   0% 924 MHz:   0% 952 MHz:   0% 1056 MHz:   0% 1062 MHz:   0% 1182 MHz:  13% 1182 MHz:   0% 1312 MHz:  72% 1242 MHz:   0% 1380 MHz:  15% 1326 MHz:   0% 1470 MHz:   0% 1578 MHz:   0%)
GPU SW requested state: (P1 :   0% P2 :   0% P3 :   0% P4 :   0% P5 :   0% P6 :   0% P7 :   0% P8 :   0% P9 :   0% P10 : 100% P11 :   0% P12 :   0% P13 :   0% P14 :   0% P15 :   0%)
GPU SW state: (SW_P1 :   0% SW_P2 :   0% SW_P3 :   0% SW_P4 :   0% SW_P5 :   0% SW_P6 :  13% SW_P7 :  72% SW_P8 :  15% SW_P9 :   0% SW_P10 :   0% SW_P11 :   0% SW_P12 :   0% SW_P13 :   0% SW_P14 :   0% SW_P15 :   0%)
GPU idle residency:   0.00%
GPU Power: 17201 mW



*** Sampled system activity (Tue Jan 20 15:12:46 2026 +0100) (1020.89ms elapsed) ***


**** Processor usage ****

E-Cluster Online: 100%
E-Cluster HW active frequency: 1368 MHz
E-Cluster HW active residency:  59.36% (1020 MHz:  36% 1404 MHz: 8.1% 1788 MHz: 5.8% 2112 MHz: 2.8% 2352 MHz: 1.1% 2532 MHz: 2.2% 2592 MHz: 3.4%)
E-Cluster idle residency:  40.64%
E-Cluster down residency:   0.00%
CPU 0 frequency: 1378 MHz
CPU 0 active residency:  32.23% (1020 MHz:  19% 1404 MHz: 4.6% 1788 MHz: 3.1% 2112 MHz: 1.6% 2352 MHz: .46% 2532 MHz: 1.3% 2592 MHz: 1.9%)
CPU 0 idle residency:  67.77%
CPU 0 down residency:   0.00%
CPU 1 frequency: 1427 MHz
CPU 1 active residency:  17.85% (1020 MHz:  10% 1404 MHz: 2.1% 1788 MHz: 1.9% 2112 MHz: .57% 2352 MHz: .43% 2532 MHz: .95% 2592 MHz: 1.5%)
CPU 1 idle residency:  82.15%
CPU 1 down residency:   0.00%
CPU 2 frequency: 1430 MHz
CPU 2 active residency:  10.94% (1020 MHz: 6.5% 1404 MHz: 1.2% 1788 MHz: .93% 2112 MHz: .44% 2352 MHz: .27% 2532 MHz: .44% 2592 MHz: 1.1%)
CPU 2 idle residency:  89.06%
CPU 2 down residency:   0.00%
CPU 3 frequency: 1555 MHz
CPU 3 active residency:   6.72% (1020 MHz: 3.3% 1404 MHz: .73% 1788 MHz: .82% 2112 MHz: .31% 2352 MHz: .41% 2532 MHz: .21% 2592 MHz: .94%)
CPU 3 idle residency:  93.28%
CPU 3 down residency:   0.00%

P0-Cluster Online: 6%
P0-Cluster HW active frequency: 1643 MHz
P0-Cluster HW active residency:   1.94% (1260 MHz: 1.5% 1512 MHz:   0% 1800 MHz: .16% 2088 MHz:   0% 2352 MHz:   0% 2616 MHz:   0% 2868 MHz:   0% 3096 MHz:   0% 3300 MHz:   0% 3468 MHz:   0% 3624 MHz: .20% 3756 MHz: .08% 3828 MHz:   0% 3888 MHz:   0% 3948 MHz:   0% 3996 MHz:   0% 4044 MHz:   0% 4104 MHz:   0% 4416 MHz:   0% 4512 MHz:   0%)
P0-Cluster idle residency:   3.29%
P0-Cluster down residency:  94.78%
CPU 4 frequency: 0 MHz
CPU 4 active residency:   0.00% (1260 MHz:   0% 1512 MHz:   0% 1800 MHz:   0% 2088 MHz:   0% 2352 MHz:   0% 2616 MHz:   0% 2868 MHz:   0% 3096 MHz:   0% 3300 MHz:   0% 3468 MHz:   0% 3624 MHz:   0% 3756 MHz:   0% 3828 MHz:   0% 3888 MHz:   0% 3948 MHz:   0% 3996 MHz:   0% 4044 MHz:   0% 4104 MHz:   0% 4416 MHz:   0% 4512 MHz:   0%)
CPU 4 idle residency:   4.98%
CPU 4 down residency:  95.02%
CPU 5 frequency: 0 MHz
CPU 5 active residency:   0.00% (1260 MHz:   0% 1512 MHz:   0% 1800 MHz:   0% 2088 MHz:   0% 2352 MHz:   0% 2616 MHz:   0% 2868 MHz:   0% 3096 MHz:   0% 3300 MHz:   0% 3468 MHz:   0% 3624 MHz:   0% 3756 MHz:   0% 3828 MHz:   0% 3888 MHz:   0% 3948 MHz:   0% 3996 MHz:   0% 4044 MHz:   0% 4104 MHz:   0% 4416 MHz:   0% 4512 MHz:   0%)
CPU 5 idle residency:   4.98%
CPU 5 down residency:  95.02%
CPU 6 frequency: 0 MHz
CPU 6 active residency:   0.00% (1260 MHz:   0% 1512 MHz:   0% 1800 MHz:   0% 2088 MHz:   0% 2352 MHz:   0% 2616 MHz:   0% 2868 MHz:   0% 3096 MHz:   0% 3300 MHz:   0% 3468 MHz:   0% 3624 MHz:   0% 3756 MHz:   0% 3828 MHz:   0% 3888 MHz:   0% 3948 MHz:   0% 3996 MHz:   0% 4044 MHz:   0% 4104 MHz:   0% 4416 MHz:   0% 4512 MHz:   0%)
CPU 6 idle residency:   4.99%
CPU 6 down residency:  95.01%
CPU 7 frequency: 0 MHz
CPU 7 active residency:   0.00% (1260 MHz:   0% 1512 MHz:   0% 1800 MHz:   0% 2088 MHz:   0% 2352 MHz:   0% 2616 MHz:   0% 2868 MHz:   0% 3096 MHz:   0% 3300 MHz:   0% 3468 MHz:   0% 3624 MHz:   0% 3756 MHz:   0% 3828 MHz:   0% 3888 MHz:   0% 3948 MHz:   0% 3996 MHz:   0% 4044 MHz:   0% 4104 MHz:   0% 4416 MHz:   0% 4512 MHz:   0%)
CPU 7 idle residency:   4.98%
CPU 7 down residency:  95.02%
CPU 8 frequency: 0 MHz
CPU 8 active residency:   0.00% (1260 MHz:   0% 1512 MHz:   0% 1800 MHz:   0% 2088 MHz:   0% 2352 MHz:   0% 2616 MHz:   0% 2868 MHz:   0% 3096 MHz:   0% 3300 MHz:   0% 3468 MHz:   0% 3624 MHz:   0% 3756 MHz:   0% 3828 MHz:   0% 3888 MHz:   0% 3948 MHz:   0% 3996 MHz:   0% 4044 MHz:   0% 4104 MHz:   0% 4416 MHz:   0% 4512 MHz:   0%)
CPU 8 idle residency:   5.02%
CPU 8 down residency:  94.98%
CPU 9 frequency: 0 MHz
CPU 9 active residency:   0.00% (1260 MHz:   0% 1512 MHz:   0% 1800 MHz:   0% 2088 MHz:   0% 2352 MHz:   0% 2616 MHz:   0% 2868 MHz:   0% 3096 MHz:   0% 3300 MHz:   0% 3468 MHz:   0% 3624 MHz:   0% 3756 MHz:   0% 3828 MHz:   0% 3888 MHz:   0% 3948 MHz:   0% 3996 MHz:   0% 4044 MHz:   0% 4104 MHz:   0% 4416 MHz:   0% 4512 MHz:   0%)
CPU 9 idle residency:   4.90%
CPU 9 down residency:  95.10%

P1-Cluster HW active frequency: 3668 MHz
P1-Cluster HW active residency:  92.42% (1260 MHz: .16% 1512 MHz: .00% 1800 MHz:   0% 2088 MHz: .01% 2352 MHz:   0% 2616 MHz:   0% 2868 MHz:   0% 3096 MHz:   0% 3300 MHz: .62% 3468 MHz:  52% 3624 MHz: 2.3% 3756 MHz: 1.2% 3828 MHz: 2.1% 3888 MHz: 2.4% 3948 MHz:  14% 3996 MHz: 9.1% 4044 MHz: 8.2% 4104 MHz:   0% 4416 MHz: .03% 4512 MHz: .01%)
P1-Cluster idle residency:   7.58%
P1-Cluster down residency:   0.00%
CPU 10 frequency: 4296 MHz
CPU 10 active residency:  21.98% (1260 MHz:   0% 1512 MHz:   0% 1800 MHz:   0% 2088 MHz: .00% 2352 MHz:   0% 2616 MHz:   0% 2868 MHz:   0% 3096 MHz:   0% 3300 MHz: .00% 3468 MHz: 3.4% 3624 MHz: .20% 3756 MHz: .13% 3828 MHz: .77% 3888 MHz:   0% 3948 MHz: .38% 3996 MHz:   0% 4044 MHz:   0% 4104 MHz: .29% 4416 MHz: .19% 4512 MHz:  17%)
CPU 10 idle residency:  78.02%
CPU 10 down residency:   0.00%
CPU 11 frequency: 3794 MHz
CPU 11 active residency:  45.73% (1260 MHz: .02% 1512 MHz:   0% 1800 MHz:   0% 2088 MHz: .00% 2352 MHz:   0% 2616 MHz:   0% 2868 MHz:   0% 3096 MHz:   0% 3300 MHz: .28% 3468 MHz:  29% 3624 MHz: 1.4% 3756 MHz: .89% 3828 MHz: .53% 3888 MHz:   0% 3948 MHz: .33% 3996 MHz:   0% 4044 MHz:   0% 4104 MHz: .06% 4416 MHz: .27% 4512 MHz:  13%)
CPU 11 idle residency:  54.27%
CPU 11 down residency:   0.00%
CPU 12 frequency: 3974 MHz
CPU 12 active residency:  29.75% (1260 MHz: .03% 1512 MHz:   0% 1800 MHz:   0% 2088 MHz: .00% 2352 MHz:   0% 2616 MHz:   0% 2868 MHz:   0% 3096 MHz:   0% 3300 MHz: .38% 3468 MHz:  14% 3624 MHz: .10% 3756 MHz: .01% 3828 MHz: .72% 3888 MHz:   0% 3948 MHz: .36% 3996 MHz:   0% 4044 MHz:   0% 4104 MHz: .03% 4416 MHz: .25% 4512 MHz:  14%)
CPU 12 idle residency:  70.25%
CPU 12 down residency:   0.00%
CPU 13 frequency: 3816 MHz
CPU 13 active residency:  40.77% (1260 MHz: .04% 1512 MHz: .00% 1800 MHz:   0% 2088 MHz: .01% 2352 MHz:   0% 2616 MHz:   0% 2868 MHz:   0% 3096 MHz:   0% 3300 MHz: .20% 3468 MHz:  25% 3624 MHz: .92% 3756 MHz: .55% 3828 MHz: .81% 3888 MHz:   0% 3948 MHz: .09% 3996 MHz:   0% 4044 MHz:   0% 4104 MHz: .07% 4416 MHz: .10% 4512 MHz:  13%)
CPU 13 idle residency:  59.23%
CPU 13 down residency:   0.00%
CPU 14 frequency: 4405 MHz
CPU 14 active residency:  14.66% (1260 MHz:   0% 1512 MHz:   0% 1800 MHz:   0% 2088 MHz:   0% 2352 MHz:   0% 2616 MHz:   0% 2868 MHz:   0% 3096 MHz:   0% 3300 MHz:   0% 3468 MHz: .11% 3624 MHz: .15% 3756 MHz: .22% 3828 MHz: 1.1% 3888 MHz:   0% 3948 MHz: .39% 3996 MHz:   0% 4044 MHz:   0% 4104 MHz: .39% 4416 MHz: .39% 4512 MHz:  12%)
CPU 14 idle residency:  85.34%
CPU 14 down residency:   0.00%
CPU 15 frequency: 3990 MHz
CPU 15 active residency:  32.24% (1260 MHz: .03% 1512 MHz: .00% 1800 MHz:   0% 2088 MHz:   0% 2352 MHz:   0% 2616 MHz:   0% 2868 MHz:   0% 3096 MHz:   0% 3300 MHz: .00% 3468 MHz:  14% 3624 MHz: .93% 3756 MHz: .49% 3828 MHz: 1.3% 3888 MHz:   0% 3948 MHz:   0% 3996 MHz:   0% 4044 MHz:   0% 4104 MHz: .01% 4416 MHz:   0% 4512 MHz:  15%)
CPU 15 idle residency:  67.76%
CPU 15 down residency:   0.00%

CPU Power: 4250 mW
GPU Power: 17149 mW
ANE Power: 0 mW
Combined Power (CPU + GPU + ANE): 21399 mW

**** GPU usage ****

GPU HW active frequency: 1304 MHz
GPU HW active residency: 100.00% (338 MHz:   0% 618 MHz:   0% 796 MHz:   0% 924 MHz:   0% 952 MHz:   0% 1056 MHz:   0% 1062 MHz:   0% 1182 MHz:  14% 1182 MHz:   0% 1312 MHz:  71% 1242 MHz:   0% 1380 MHz:  15% 1326 MHz:   0% 1470 MHz:   0% 1578 MHz:   0%)
GPU SW requested state: (P1 :   0% P2 :   0% P3 :   0% P4 :   0% P5 :   0% P6 :   0% P7 :   0% P8 :   0% P9 :   0% P10 : 100% P11 :   0% P12 :   0% P13 :   0% P14 :   0% P15 :   0%)
GPU SW state: (SW_P1 :   0% SW_P2 :   0% SW_P3 :   0% SW_P4 :   0% SW_P5 :   0% SW_P6 :  14% SW_P7 :  71% SW_P8 :  15% SW_P9 :   0% SW_P10 :   0% SW_P11 :   0% SW_P12 :   0% SW_P13 :   0% SW_P14 :   0% SW_P15 :   0%)
GPU idle residency:   0.00%
GPU Power: 17293 mW



*** Sampled system activity (Tue Jan 20 15:12:47 2026 +0100) (1022.77ms elapsed) ***


**** Processor usage ****

E-Cluster Online: 100%
E-Cluster HW active frequency: 1245 MHz
E-Cluster HW active residency:  59.83% (1020 MHz:  44% 1404 MHz: 5.8% 1788 MHz: 4.2% 2112 MHz: .87% 2352 MHz: 1.0% 2532 MHz: 1.7% 2592 MHz: 1.9%)
E-Cluster idle residency:  40.17%
E-Cluster down residency:   0.00%
CPU 0 frequency: 1305 MHz
CPU 0 active residency:  32.23% (1020 MHz:  22% 1404 MHz: 3.6% 1788 MHz: 2.5% 2112 MHz: .51% 2352 MHz: .95% 2532 MHz: 1.2% 2592 MHz: 1.4%)
CPU 0 idle residency:  67.77%
CPU 0 down residency:   0.00%
CPU 1 frequency: 1319 MHz
CPU 1 active residency:  18.91% (1020 MHz:  12% 1404 MHz: 2.7% 1788 MHz: 2.2% 2112 MHz: .22% 2352 MHz: .63% 2532 MHz: .76% 2592 MHz: .48%)
CPU 1 idle residency:  81.09%
CPU 1 down residency:   0.00%
CPU 2 frequency: 1356 MHz
CPU 2 active residency:  12.59% (1020 MHz: 7.7% 1404 MHz: 1.9% 1788 MHz: 1.1% 2112 MHz: .29% 2352 MHz: .57% 2532 MHz: .78% 2592 MHz: .24%)
CPU 2 idle residency:  87.41%
CPU 2 down residency:   0.00%
CPU 3 frequency: 1490 MHz
CPU 3 active residency:   8.57% (1020 MHz: 4.2% 1404 MHz: 1.6% 1788 MHz: .73% 2112 MHz: .31% 2352 MHz: .48% 2532 MHz: 1.1% 2592 MHz: .19%)
CPU 3 idle residency:  91.43%
CPU 3 down residency:   0.00%

P0-Cluster Online: 21%
P0-Cluster HW active frequency: 3350 MHz
P0-Cluster HW active residency:  13.25% (1260 MHz: 2.0% 1512 MHz:   0% 1800 MHz:   0% 2088 MHz:   0% 2352 MHz:   0% 2616 MHz:   0% 2868 MHz:   0% 3096 MHz:   0% 3300 MHz:   0% 3468 MHz: .27% 3624 MHz: 2.7% 3756 MHz: 8.3% 3828 MHz:   0% 3888 MHz:   0% 3948 MHz:   0% 3996 MHz:   0% 4044 MHz:   0% 4104 MHz:   0% 4416 MHz:   0% 4512 MHz:   0%)
P0-Cluster idle residency:   6.15%
P0-Cluster down residency:  80.60%
CPU 4 frequency: 2108 MHz
CPU 4 active residency:   0.51% (1260 MHz: .32% 1512 MHz:   0% 1800 MHz: .01% 2088 MHz:   0% 2352 MHz:   0% 2616 MHz:   0% 2868 MHz:   0% 3096 MHz:   0% 3300 MHz:   0% 3468 MHz:   0% 3624 MHz: .18% 3756 MHz:   0% 3828 MHz:   0% 3888 MHz:   0% 3948 MHz:   0% 3996 MHz:   0% 4044 MHz:   0% 4104 MHz:   0% 4416 MHz:   0% 4512 MHz:   0%)
CPU 4 idle residency:  18.99%
CPU 4 down residency:  80.50%
CPU 5 frequency: 3527 MHz
CPU 5 active residency:   6.92% (1260 MHz: .53% 1512 MHz:   0% 1800 MHz: .04% 2088 MHz:   0% 2352 MHz:   0% 2616 MHz:   0% 2868 MHz:   0% 3096 MHz:   0% 3300 MHz:   0% 3468 MHz: .01% 3624 MHz: 1.4% 3756 MHz: 4.9% 3828 MHz:   0% 3888 MHz:   0% 3948 MHz:   0% 3996 MHz:   0% 4044 MHz:   0% 4104 MHz:   0% 4416 MHz:   0% 4512 MHz:   0%)
CPU 5 idle residency:  12.78%
CPU 5 down residency:  80.30%
CPU 6 frequency: 3522 MHz
CPU 6 active residency:   6.21% (1260 MHz: .46% 1512 MHz:   0% 1800 MHz: .03% 2088 MHz:   0% 2352 MHz:   0% 2616 MHz:   0% 2868 MHz:   0% 3096 MHz:   0% 3300 MHz:   0% 3468 MHz: .00% 3624 MHz: 1.8% 3756 MHz: 3.9% 3828 MHz:   0% 3888 MHz:   0% 3948 MHz:   0% 3996 MHz:   0% 4044 MHz:   0% 4104 MHz:   0% 4416 MHz:   0% 4512 MHz:   0%)
CPU 6 idle residency:  13.48%
CPU 6 down residency:  80.30%
CPU 7 frequency: 3563 MHz
CPU 7 active residency:   6.96% (1260 MHz: .40% 1512 MHz:   0% 1800 MHz: .02% 2088 MHz:   0% 2352 MHz:   0% 2616 MHz:   0% 2868 MHz:   0% 3096 MHz:   0% 3300 MHz:   0% 3468 MHz: .23% 3624 MHz: 1.8% 3756 MHz: 4.6% 3828 MHz:   0% 3888 MHz:   0% 3948 MHz:   0% 3996 MHz:   0% 4044 MHz:   0% 4104 MHz:   0% 4416 MHz:   0% 4512 MHz:   0%)
CPU 7 idle residency:  12.74%
CPU 7 down residency:  80.30%
CPU 8 frequency: 1906 MHz
CPU 8 active residency:   0.44% (1260 MHz: .31% 1512 MHz:   0% 1800 MHz: .01% 2088 MHz:   0% 2352 MHz:   0% 2616 MHz:   0% 2868 MHz:   0% 3096 MHz:   0% 3300 MHz:   0% 3468 MHz:   0% 3624 MHz: .09% 3756 MHz: .02% 3828 MHz:   0% 3888 MHz:   0% 3948 MHz:   0% 3996 MHz:   0% 4044 MHz:   0% 4104 MHz:   0% 4416 MHz:   0% 4512 MHz:   0%)
CPU 8 idle residency:  19.24%
CPU 8 down residency:  80.33%
CPU 9 frequency: 2066 MHz
CPU 9 active residency:   0.51% (1260 MHz: .31% 1512 MHz:   0% 1800 MHz: .03% 2088 MHz:   0% 2352 MHz:   0% 2616 MHz:   0% 2868 MHz:   0% 3096 MHz:   0% 3300 MHz:   0% 3468 MHz:   0% 3624 MHz: .15% 3756 MHz: .01% 3828 MHz:   0% 3888 MHz:   0% 3948 MHz:   0% 3996 MHz:   0% 4044 MHz:   0% 4104 MHz:   0% 4416 MHz:   0% 4512 MHz:   0%)
CPU 9 idle residency:  19.26%
CPU 9 down residency:  80.23%

P1-Cluster HW active frequency: 3572 MHz
P1-Cluster HW active residency:  84.62% (1260 MHz: .11% 1512 MHz: .01% 1800 MHz: .02% 2088 MHz: .01% 2352 MHz:   0% 2616 MHz: .00% 2868 MHz:   0% 3096 MHz:   0% 3300 MHz: .23% 3468 MHz:  34% 3624 MHz:  42% 3756 MHz: 7.1% 3828 MHz: 1.4% 3888 MHz:   0% 3948 MHz:   0% 3996 MHz:   0% 4044 MHz:   0% 4104 MHz:   0% 4416 MHz:   0% 4512 MHz:   0%)
P1-Cluster idle residency:   4.38%
P1-Cluster down residency:  11.00%
CPU 10 frequency: 3616 MHz
CPU 10 active residency:  15.80% (1260 MHz:   0% 1512 MHz:   0% 1800 MHz:   0% 2088 MHz: .00% 2352 MHz:   0% 2616 MHz:   0% 2868 MHz:   0% 3096 MHz:   0% 3300 MHz:   0% 3468 MHz: 3.7% 3624 MHz: 9.1% 3756 MHz: 1.9% 3828 MHz: 1.1% 3888 MHz:   0% 3948 MHz:   0% 3996 MHz:   0% 4044 MHz:   0% 4104 MHz:   0% 4416 MHz:   0% 4512 MHz:   0%)
CPU 10 idle residency:  71.93%
CPU 10 down residency:  12.27%
CPU 11 frequency: 3512 MHz
CPU 11 active residency:  34.29% (1260 MHz: .02% 1512 MHz: .01% 1800 MHz: .02% 2088 MHz: .01% 2352 MHz:   0% 2616 MHz: .00% 2868 MHz:   0% 3096 MHz:   0% 3300 MHz: .24% 3468 MHz:  23% 3624 MHz:  11% 3756 MHz: .10% 3828 MHz:   0% 3888 MHz:   0% 3948 MHz:   0% 3996 MHz:   0% 4044 MHz:   0% 4104 MHz:   0% 4416 MHz:   0% 4512 MHz:   0%)
CPU 11 idle residency:  54.31%
CPU 11 down residency:  11.40%
CPU 12 frequency: 3567 MHz
CPU 12 active residency:  34.67% (1260 MHz: .02% 1512 MHz: .00% 1800 MHz: .00% 2088 MHz: .01% 2352 MHz:   0% 2616 MHz:   0% 2868 MHz:   0% 3096 MHz:   0% 3300 MHz: .03% 3468 MHz:  18% 3624 MHz: 9.7% 3756 MHz: 6.7% 3828 MHz: .10% 3888 MHz:   0% 3948 MHz:   0% 3996 MHz:   0% 4044 MHz:   0% 4104 MHz:   0% 4416 MHz:   0% 4512 MHz:   0%)
CPU 12 idle residency:  53.62%
CPU 12 down residency:  11.70%
CPU 13 frequency: 3553 MHz
CPU 13 active residency:  36.92% (1260 MHz: .02% 1512 MHz: .00% 1800 MHz:   0% 2088 MHz: .00% 2352 MHz:   0% 2616 MHz:   0% 2868 MHz:   0% 3096 MHz:   0% 3300 MHz: .26% 3468 MHz:  20% 3624 MHz:  13% 3756 MHz: 4.1% 3828 MHz: .19% 3888 MHz:   0% 3948 MHz:   0% 3996 MHz:   0% 4044 MHz:   0% 4104 MHz:   0% 4416 MHz:   0% 4512 MHz:   0%)
CPU 13 idle residency:  50.74%
CPU 13 down residency:  12.35%
CPU 14 frequency: 3648 MHz
CPU 14 active residency:  15.58% (1260 MHz:   0% 1512 MHz:   0% 1800 MHz:   0% 2088 MHz:   0% 2352 MHz:   0% 2616 MHz:   0% 2868 MHz:   0% 3096 MHz:   0% 3300 MHz:   0% 3468 MHz: 1.6% 3624 MHz: 9.6% 3756 MHz: 3.9% 3828 MHz: .46% 3888 MHz:   0% 3948 MHz:   0% 3996 MHz:   0% 4044 MHz:   0% 4104 MHz:   0% 4416 MHz:   0% 4512 MHz:   0%)
CPU 14 idle residency:  71.98%
CPU 14 down residency:  12.44%
CPU 15 frequency: 3630 MHz
CPU 15 active residency:  19.09% (1260 MHz:   0% 1512 MHz:   0% 1800 MHz:   0% 2088 MHz:   0% 2352 MHz:   0% 2616 MHz:   0% 2868 MHz:   0% 3096 MHz:   0% 3300 MHz:   0% 3468 MHz: .61% 3624 MHz:  17% 3756 MHz: 1.6% 3828 MHz:   0% 3888 MHz:   0% 3948 MHz:   0% 3996 MHz:   0% 4044 MHz:   0% 4104 MHz:   0% 4416 MHz:   0% 4512 MHz:   0%)
CPU 15 idle residency:  69.56%
CPU 15 down residency:  11.34%

CPU Power: 3810 mW
GPU Power: 17199 mW
ANE Power: 0 mW
Combined Power (CPU + GPU + ANE): 21010 mW

**** GPU usage ****

GPU HW active frequency: 1301 MHz
GPU HW active residency: 100.00% (338 MHz:   0% 618 MHz:   0% 796 MHz:   0% 924 MHz:   0% 952 MHz:   0% 1056 MHz:   0% 1062 MHz:   0% 1182 MHz:  14% 1182 MHz:   0% 1312 MHz:  74% 1242 MHz:   0% 1380 MHz:  12% 1326 MHz:   0% 1470 MHz:   0% 1578 MHz:   0%)
GPU SW requested state: (P1 :   0% P2 :   0% P3 :   0% P4 :   0% P5 :   0% P6 :   0% P7 :   0% P8 :   0% P9 :   0% P10 : 100% P11 :   0% P12 :   0% P13 :   0% P14 :   0% P15 :   0%)
GPU SW state: (SW_P1 :   0% SW_P2 :   0% SW_P3 :   0% SW_P4 :   0% SW_P5 :   0% SW_P6 :  14% SW_P7 :  74% SW_P8 :  12% SW_P9 :   0% SW_P10 :   0% SW_P11 :   0% SW_P12 :   0% SW_P13 :   0% SW_P14 :   0% SW_P15 :   0%)
GPU idle residency:   0.00%
GPU Power: 17202 mW



*** Sampled system activity (Tue Jan 20 15:12:49 2026 +0100) (1020.09ms elapsed) ***


**** Processor usage ****

E-Cluster Online: 100%
E-Cluster HW active frequency: 1435 MHz
E-Cluster HW active residency:  61.20% (1020 MHz:  34% 1404 MHz: 9.0% 1788 MHz: 6.1% 2112 MHz: 3.0% 2352 MHz: 2.4% 2532 MHz: 1.5% 2592 MHz: 5.4%)
E-Cluster idle residency:  38.80%
E-Cluster down residency:   0.00%
CPU 0 frequency: 1402 MHz
CPU 0 active residency:  31.96% (1020 MHz:  19% 1404 MHz: 4.6% 1788 MHz: 3.1% 2112 MHz: 1.1% 2352 MHz: 1.1% 2532 MHz: .74% 2592 MHz: 2.7%)
CPU 0 idle residency:  68.04%
CPU 0 down residency:   0.00%
CPU 1 frequency: 1447 MHz
CPU 1 active residency:  25.52% (1020 MHz:  14% 1404 MHz: 3.4% 1788 MHz: 3.1% 2112 MHz: .88% 2352 MHz: 1.1% 2532 MHz: .46% 2592 MHz: 2.6%)
CPU 1 idle residency:  74.48%
CPU 1 down residency:   0.00%
CPU 2 frequency: 1453 MHz
CPU 2 active residency:  15.89% (1020 MHz: 8.8% 1404 MHz: 1.9% 1788 MHz: 1.8% 2112 MHz: .74% 2352 MHz: .70% 2532 MHz: .44% 2592 MHz: 1.5%)
CPU 2 idle residency:  84.11%
CPU 2 down residency:   0.00%
CPU 3 frequency: 1384 MHz
CPU 3 active residency:   8.32% (1020 MHz: 5.1% 1404 MHz: .95% 1788 MHz: .76% 2112 MHz: .31% 2352 MHz: .30% 2532 MHz: .09% 2592 MHz: .78%)
CPU 3 idle residency:  91.68%
CPU 3 down residency:   0.00%

P0-Cluster Online: 11%
P0-Cluster HW active frequency: 3611 MHz
P0-Cluster HW active residency:  10.58% (1260 MHz: .44% 1512 MHz:   0% 1800 MHz: .21% 2088 MHz:   0% 2352 MHz:   0% 2616 MHz:   0% 2868 MHz:   0% 3096 MHz:   0% 3300 MHz: .05% 3468 MHz:   0% 3624 MHz:   0% 3756 MHz: 9.9% 3828 MHz:   0% 3888 MHz:   0% 3948 MHz:   0% 3996 MHz:   0% 4044 MHz:   0% 4104 MHz:   0% 4416 MHz:   0% 4512 MHz:   0%)
P0-Cluster idle residency:   1.65%
P0-Cluster down residency:  87.78%
CPU 4 frequency: 3756 MHz
CPU 4 active residency:   0.00% (1260 MHz:   0% 1512 MHz:   0% 1800 MHz:   0% 2088 MHz:   0% 2352 MHz:   0% 2616 MHz:   0% 2868 MHz:   0% 3096 MHz:   0% 3300 MHz:   0% 3468 MHz:   0% 3624 MHz:   0% 3756 MHz: .00% 3828 MHz:   0% 3888 MHz:   0% 3948 MHz:   0% 3996 MHz:   0% 4044 MHz:   0% 4104 MHz:   0% 4416 MHz:   0% 4512 MHz:   0%)
CPU 4 idle residency:   9.36%
CPU 4 down residency:  90.64%
CPU 5 frequency: 3752 MHz
CPU 5 active residency:   0.90% (1260 MHz:   0% 1512 MHz:   0% 1800 MHz: .00% 2088 MHz:   0% 2352 MHz:   0% 2616 MHz:   0% 2868 MHz:   0% 3096 MHz:   0% 3300 MHz:   0% 3468 MHz:   0% 3624 MHz:   0% 3756 MHz: .89% 3828 MHz:   0% 3888 MHz:   0% 3948 MHz:   0% 3996 MHz:   0% 4044 MHz:   0% 4104 MHz:   0% 4416 MHz:   0% 4512 MHz:   0%)
CPU 5 idle residency:   7.07%
CPU 5 down residency:  92.03%
CPU 6 frequency: 3756 MHz
CPU 6 active residency:   0.65% (1260 MHz:   0% 1512 MHz:   0% 1800 MHz:   0% 2088 MHz:   0% 2352 MHz:   0% 2616 MHz:   0% 2868 MHz:   0% 3096 MHz:   0% 3300 MHz:   0% 3468 MHz:   0% 3624 MHz:   0% 3756 MHz: .65% 3828 MHz:   0% 3888 MHz:   0% 3948 MHz:   0% 3996 MHz:   0% 4044 MHz:   0% 4104 MHz:   0% 4416 MHz:   0% 4512 MHz:   0%)
CPU 6 idle residency:   8.35%
CPU 6 down residency:  91.00%
CPU 7 frequency: 3744 MHz
CPU 7 active residency:   1.06% (1260 MHz:   0% 1512 MHz:   0% 1800 MHz: .01% 2088 MHz:   0% 2352 MHz:   0% 2616 MHz:   0% 2868 MHz:   0% 3096 MHz:   0% 3300 MHz:   0% 3468 MHz:   0% 3624 MHz:   0% 3756 MHz: 1.1% 3828 MHz:   0% 3888 MHz:   0% 3948 MHz:   0% 3996 MHz:   0% 4044 MHz:   0% 4104 MHz:   0% 4416 MHz:   0% 4512 MHz:   0%)
CPU 7 idle residency:   7.18%
CPU 7 down residency:  91.76%
CPU 8 frequency: 3756 MHz
CPU 8 active residency:   0.00% (1260 MHz:   0% 1512 MHz:   0% 1800 MHz:   0% 2088 MHz:   0% 2352 MHz:   0% 2616 MHz:   0% 2868 MHz:   0% 3096 MHz:   0% 3300 MHz:   0% 3468 MHz:   0% 3624 MHz:   0% 3756 MHz: .00% 3828 MHz:   0% 3888 MHz:   0% 3948 MHz:   0% 3996 MHz:   0% 4044 MHz:   0% 4104 MHz:   0% 4416 MHz:   0% 4512 MHz:   0%)
CPU 8 idle residency:  11.93%
CPU 8 down residency:  88.07%
CPU 9 frequency: 3756 MHz
CPU 9 active residency:   0.00% (1260 MHz:   0% 1512 MHz:   0% 1800 MHz:   0% 2088 MHz:   0% 2352 MHz:   0% 2616 MHz:   0% 2868 MHz:   0% 3096 MHz:   0% 3300 MHz:   0% 3468 MHz:   0% 3624 MHz:   0% 3756 MHz: .00% 3828 MHz:   0% 3888 MHz:   0% 3948 MHz:   0% 3996 MHz:   0% 4044 MHz:   0% 4104 MHz:   0% 4416 MHz:   0% 4512 MHz:   0%)
CPU 9 idle residency:  12.08%
CPU 9 down residency:  87.92%

P1-Cluster HW active frequency: 3732 MHz
P1-Cluster HW active residency:  83.54% (1260 MHz: .20% 1512 MHz: .00% 1800 MHz:   0% 2088 MHz: .01% 2352 MHz:   0% 2616 MHz:   0% 2868 MHz: .00% 3096 MHz: .00% 3300 MHz: 5.0% 3468 MHz:  10% 3624 MHz:  27% 3756 MHz: 4.8% 3828 MHz: 4.7% 3888 MHz: .60% 3948 MHz:  15% 3996 MHz:  10% 4044 MHz: 5.1% 4104 MHz:   0% 4416 MHz:   0% 4512 MHz:   0%)
P1-Cluster idle residency:   5.75%
P1-Cluster down residency:  10.71%
CPU 10 frequency: 3707 MHz
CPU 10 active residency:  39.90% (1260 MHz: .05% 1512 MHz: .00% 1800 MHz:   0% 2088 MHz: .00% 2352 MHz:   0% 2616 MHz:   0% 2868 MHz: .00% 3096 MHz: .00% 3300 MHz: 2.8% 3468 MHz: 5.6% 3624 MHz:  17% 3756 MHz: 1.7% 3828 MHz: 2.3% 3888 MHz:   0% 3948 MHz: 1.1% 3996 MHz: 2.8% 4044 MHz: 3.3% 4104 MHz: 3.7% 4416 MHz:   0% 4512 MHz:   0%)
CPU 10 idle residency:  50.40%
CPU 10 down residency:   9.70%
CPU 11 frequency: 3910 MHz
CPU 11 active residency:  20.35% (1260 MHz:   0% 1512 MHz: .00% 1800 MHz:   0% 2088 MHz:   0% 2352 MHz:   0% 2616 MHz:   0% 2868 MHz:   0% 3096 MHz:   0% 3300 MHz: .47% 3468 MHz: .59% 3624 MHz: 3.8% 3756 MHz: .31% 3828 MHz: .30% 3888 MHz:   0% 3948 MHz: 1.1% 3996 MHz: 4.2% 4044 MHz: 9.3% 4104 MHz: .31% 4416 MHz:   0% 4512 MHz:   0%)
CPU 11 idle residency:  69.30%
CPU 11 down residency:  10.35%
CPU 12 frequency: 3739 MHz
CPU 12 active residency:  26.59% (1260 MHz: .02% 1512 MHz:   0% 1800 MHz:   0% 2088 MHz:   0% 2352 MHz:   0% 2616 MHz:   0% 2868 MHz: .00% 3096 MHz:   0% 3300 MHz: .25% 3468 MHz: 3.4% 3624 MHz:  10% 3756 MHz: 1.3% 3828 MHz: 2.6% 3888 MHz:   0% 3948 MHz: 3.5% 3996 MHz: 4.8% 4044 MHz: .00% 4104 MHz: .25% 4416 MHz:   0% 4512 MHz:   0%)
CPU 12 idle residency:  63.30%
CPU 12 down residency:  10.10%
CPU 13 frequency: 3691 MHz
CPU 13 active residency:  43.99% (1260 MHz: .07% 1512 MHz: .00% 1800 MHz:   0% 2088 MHz: .01% 2352 MHz:   0% 2616 MHz:   0% 2868 MHz: .00% 3096 MHz:   0% 3300 MHz: 3.0% 3468 MHz: 5.6% 3624 MHz:  21% 3756 MHz: 2.2% 3828 MHz: 2.0% 3888 MHz:   0% 3948 MHz: .65% 3996 MHz: 2.2% 4044 MHz: 3.2% 4104 MHz: 3.9% 4416 MHz:   0% 4512 MHz:   0%)
CPU 13 idle residency:  46.36%
CPU 13 down residency:   9.65%
CPU 14 frequency: 3763 MHz
CPU 14 active residency:  36.92% (1260 MHz: .03% 1512 MHz:   0% 1800 MHz:   0% 2088 MHz: .01% 2352 MHz:   0% 2616 MHz:   0% 2868 MHz: .00% 3096 MHz: .00% 3300 MHz: 2.6% 3468 MHz: 3.6% 3624 MHz:  14% 3756 MHz: 1.4% 3828 MHz: .35% 3888 MHz:   0% 3948 MHz: 1.6% 3996 MHz: 2.1% 4044 MHz: 3.7% 4104 MHz: 7.3% 4416 MHz:   0% 4512 MHz:   0%)
CPU 14 idle residency:  53.47%
CPU 14 down residency:   9.61%
CPU 15 frequency: 3750 MHz
CPU 15 active residency:  29.67% (1260 MHz: .02% 1512 MHz: .00% 1800 MHz:   0% 2088 MHz:   0% 2352 MHz:   0% 2616 MHz:   0% 2868 MHz:   0% 3096 MHz: .00% 3300 MHz: 3.1% 3468 MHz: 2.6% 3624 MHz: 9.6% 3756 MHz: 1.0% 3828 MHz: 2.3% 3888 MHz:   0% 3948 MHz: 1.3% 3996 MHz: 2.4% 4044 MHz: 3.3% 4104 MHz: 4.0% 4416 MHz:   0% 4512 MHz:   0%)
CPU 15 idle residency:  59.93%
CPU 15 down residency:  10.40%

CPU Power: 4247 mW
GPU Power: 17000 mW
ANE Power: 0 mW
Combined Power (CPU + GPU + ANE): 21247 mW

**** GPU usage ****

GPU HW active frequency: 1298 MHz
GPU HW active residency: 100.00% (338 MHz:   0% 618 MHz:   0% 796 MHz:   0% 924 MHz:   0% 952 MHz:   0% 1056 MHz:   0% 1062 MHz:   0% 1182 MHz:  16% 1182 MHz:   0% 1312 MHz:  72% 1242 MHz:   0% 1380 MHz:  11% 1326 MHz:   0% 1470 MHz:   0% 1578 MHz:   0%)
GPU SW requested state: (P1 :   0% P2 :   0% P3 :   0% P4 :   0% P5 :   0% P6 :   0% P7 :   0% P8 :   0% P9 :   0% P10 : 100% P11 :   0% P12 :   0% P13 :   0% P14 :   0% P15 :   0%)
GPU SW state: (SW_P1 :   0% SW_P2 :   0% SW_P3 :   0% SW_P4 :   0% SW_P5 :   0% SW_P6 :  16% SW_P7 :  72% SW_P8 :  11% SW_P9 :   0% SW_P10 :   0% SW_P11 :   0% SW_P12 :   0% SW_P13 :   0% SW_P14 :   0% SW_P15 :   0%)
GPU idle residency:   0.00%
GPU Power: 17000 mW



*** Sampled system activity (Tue Jan 20 15:12:50 2026 +0100) (1020.44ms elapsed) ***


**** Processor usage ****

E-Cluster Online: 100%
E-Cluster HW active frequency: 1448 MHz
E-Cluster HW active residency:  55.04% (1020 MHz:  32% 1404 MHz: 5.9% 1788 MHz: 4.8% 2112 MHz: 2.0% 2352 MHz: 2.6% 2532 MHz: 1.9% 2592 MHz: 5.8%)
E-Cluster idle residency:  44.96%
E-Cluster down residency:   0.00%
CPU 0 frequency: 1409 MHz
CPU 0 active residency:  25.85% (1020 MHz:  16% 1404 MHz: 3.0% 1788 MHz: 2.3% 2112 MHz: .58% 2352 MHz: .95% 2532 MHz: .87% 2592 MHz: 2.5%)
CPU 0 idle residency:  74.15%
CPU 0 down residency:   0.00%
CPU 1 frequency: 1401 MHz
CPU 1 active residency:  17.77% (1020 MHz:  11% 1404 MHz: 2.0% 1788 MHz: 1.9% 2112 MHz: .54% 2352 MHz: .94% 2532 MHz: .48% 2592 MHz: 1.2%)
CPU 1 idle residency:  82.23%
CPU 1 down residency:   0.00%
CPU 2 frequency: 1451 MHz
CPU 2 active residency:  11.27% (1020 MHz: 6.2% 1404 MHz: 1.1% 1788 MHz: 1.8% 2112 MHz: .55% 2352 MHz: .35% 2532 MHz: .58% 2592 MHz: .71%)
CPU 2 idle residency:  88.73%
CPU 2 down residency:   0.00%
CPU 3 frequency: 1385 MHz
CPU 3 active residency:   8.16% (1020 MHz: 4.7% 1404 MHz: 1.4% 1788 MHz: .74% 2112 MHz: .16% 2352 MHz: .42% 2532 MHz: .10% 2592 MHz: .61%)
CPU 3 idle residency:  91.84%
CPU 3 down residency:   0.00%

P0-Cluster Online: 1%
P0-Cluster HW active frequency: 1260 MHz
P0-Cluster HW active residency:   0.29% (1260 MHz: .29% 1512 MHz:   0% 1800 MHz:   0% 2088 MHz:   0% 2352 MHz:   0% 2616 MHz:   0% 2868 MHz:   0% 3096 MHz:   0% 3300 MHz:   0% 3468 MHz:   0% 3624 MHz:   0% 3756 MHz:   0% 3828 MHz:   0% 3888 MHz:   0% 3948 MHz:   0% 3996 MHz:   0% 4044 MHz:   0% 4104 MHz:   0% 4416 MHz:   0% 4512 MHz:   0%)
P0-Cluster idle residency:   0.88%
P0-Cluster down residency:  98.83%
CPU 4 frequency: 0 MHz
CPU 4 active residency:   0.00% (1260 MHz:   0% 1512 MHz:   0% 1800 MHz:   0% 2088 MHz:   0% 2352 MHz:   0% 2616 MHz:   0% 2868 MHz:   0% 3096 MHz:   0% 3300 MHz:   0% 3468 MHz:   0% 3624 MHz:   0% 3756 MHz:   0% 3828 MHz:   0% 3888 MHz:   0% 3948 MHz:   0% 3996 MHz:   0% 4044 MHz:   0% 4104 MHz:   0% 4416 MHz:   0% 4512 MHz:   0%)
CPU 4 idle residency:   1.10%
CPU 4 down residency:  98.90%
CPU 5 frequency: 0 MHz
CPU 5 active residency:   0.00% (1260 MHz:   0% 1512 MHz:   0% 1800 MHz:   0% 2088 MHz:   0% 2352 MHz:   0% 2616 MHz:   0% 2868 MHz:   0% 3096 MHz:   0% 3300 MHz:   0% 3468 MHz:   0% 3624 MHz:   0% 3756 MHz:   0% 3828 MHz:   0% 3888 MHz:   0% 3948 MHz:   0% 3996 MHz:   0% 4044 MHz:   0% 4104 MHz:   0% 4416 MHz:   0% 4512 MHz:   0%)
CPU 5 idle residency:   1.10%
CPU 5 down residency:  98.90%
CPU 6 frequency: 0 MHz
CPU 6 active residency:   0.00% (1260 MHz:   0% 1512 MHz:   0% 1800 MHz:   0% 2088 MHz:   0% 2352 MHz:   0% 2616 MHz:   0% 2868 MHz:   0% 3096 MHz:   0% 3300 MHz:   0% 3468 MHz:   0% 3624 MHz:   0% 3756 MHz:   0% 3828 MHz:   0% 3888 MHz:   0% 3948 MHz:   0% 3996 MHz:   0% 4044 MHz:   0% 4104 MHz:   0% 4416 MHz:   0% 4512 MHz:   0%)
CPU 6 idle residency:   1.10%
CPU 6 down residency:  98.90%
CPU 7 frequency: 0 MHz
CPU 7 active residency:   0.00% (1260 MHz:   0% 1512 MHz:   0% 1800 MHz:   0% 2088 MHz:   0% 2352 MHz:   0% 2616 MHz:   0% 2868 MHz:   0% 3096 MHz:   0% 3300 MHz:   0% 3468 MHz:   0% 3624 MHz:   0% 3756 MHz:   0% 3828 MHz:   0% 3888 MHz:   0% 3948 MHz:   0% 3996 MHz:   0% 4044 MHz:   0% 4104 MHz:   0% 4416 MHz:   0% 4512 MHz:   0%)
CPU 7 idle residency:   1.10%
CPU 7 down residency:  98.90%
CPU 8 frequency: 0 MHz
CPU 8 active residency:   0.00% (1260 MHz:   0% 1512 MHz:   0% 1800 MHz:   0% 2088 MHz:   0% 2352 MHz:   0% 2616 MHz:   0% 2868 MHz:   0% 3096 MHz:   0% 3300 MHz:   0% 3468 MHz:   0% 3624 MHz:   0% 3756 MHz:   0% 3828 MHz:   0% 3888 MHz:   0% 3948 MHz:   0% 3996 MHz:   0% 4044 MHz:   0% 4104 MHz:   0% 4416 MHz:   0% 4512 MHz:   0%)
CPU 8 idle residency:   1.10%
CPU 8 down residency:  98.90%
CPU 9 frequency: 0 MHz
CPU 9 active residency:   0.00% (1260 MHz:   0% 1512 MHz:   0% 1800 MHz:   0% 2088 MHz:   0% 2352 MHz:   0% 2616 MHz:   0% 2868 MHz:   0% 3096 MHz:   0% 3300 MHz:   0% 3468 MHz:   0% 3624 MHz:   0% 3756 MHz:   0% 3828 MHz:   0% 3888 MHz:   0% 3948 MHz:   0% 3996 MHz:   0% 4044 MHz:   0% 4104 MHz:   0% 4416 MHz:   0% 4512 MHz:   0%)
CPU 9 idle residency:   1.10%
CPU 9 down residency:  98.90%

P1-Cluster HW active frequency: 3608 MHz
P1-Cluster HW active residency:  92.45% (1260 MHz: .11% 1512 MHz: .01% 1800 MHz:   0% 2088 MHz:   0% 2352 MHz: .00% 2616 MHz:   0% 2868 MHz: .00% 3096 MHz:   0% 3300 MHz:  32% 3468 MHz:  22% 3624 MHz: 2.9% 3756 MHz: .58% 3828 MHz: .34% 3888 MHz: 1.3% 3948 MHz:  14% 3996 MHz: 8.9% 4044 MHz: 9.9% 4104 MHz:   0% 4416 MHz: .02% 4512 MHz: .04%)
P1-Cluster idle residency:   7.55%
P1-Cluster down residency:   0.00%
CPU 10 frequency: 3850 MHz
CPU 10 active residency:  28.56% (1260 MHz: .00% 1512 MHz: .01% 1800 MHz:   0% 2088 MHz:   0% 2352 MHz:   0% 2616 MHz:   0% 2868 MHz: .00% 3096 MHz:   0% 3300 MHz: 1.2% 3468 MHz:  14% 3624 MHz: 2.3% 3756 MHz: .58% 3828 MHz: .34% 3888 MHz: .24% 3948 MHz: .39% 3996 MHz:   0% 4044 MHz:   0% 4104 MHz: .39% 4416 MHz: .38% 4512 MHz: 9.2%)
CPU 10 idle residency:  71.44%
CPU 10 down residency:   0.00%
CPU 11 frequency: 4274 MHz
CPU 11 active residency:  22.28% (1260 MHz:   0% 1512 MHz:   0% 1800 MHz:   0% 2088 MHz:   0% 2352 MHz:   0% 2616 MHz:   0% 2868 MHz:   0% 3096 MHz:   0% 3300 MHz: .24% 3468 MHz: 3.3% 3624 MHz: 1.1% 3756 MHz: .18% 3828 MHz: .16% 3888 MHz: .18% 3948 MHz: .28% 3996 MHz:   0% 4044 MHz:   0% 4104 MHz: .21% 4416 MHz: .27% 4512 MHz:  16%)
CPU 11 idle residency:  77.72%
CPU 11 down residency:   0.00%
CPU 12 frequency: 4454 MHz
CPU 12 active residency:  18.71% (1260 MHz:   0% 1512 MHz:   0% 1800 MHz:   0% 2088 MHz:   0% 2352 MHz:   0% 2616 MHz:   0% 2868 MHz:   0% 3096 MHz:   0% 3300 MHz: .01% 3468 MHz: .35% 3624 MHz: .17% 3756 MHz: .41% 3828 MHz: .06% 3888 MHz: .02% 3948 MHz: .27% 3996 MHz:   0% 4044 MHz:   0% 4104 MHz: .06% 4416 MHz: .19% 4512 MHz:  17%)
CPU 12 idle residency:  81.29%
CPU 12 down residency:   0.00%
CPU 13 frequency: 3657 MHz
CPU 13 active residency:  39.65% (1260 MHz: .03% 1512 MHz:   0% 1800 MHz:   0% 2088 MHz:   0% 2352 MHz: .00% 2616 MHz:   0% 2868 MHz:   0% 3096 MHz:   0% 3300 MHz:  16% 3468 MHz:  11% 3624 MHz: 2.1% 3756 MHz: .57% 3828 MHz: .15% 3888 MHz: .02% 3948 MHz: .03% 3996 MHz:   0% 4044 MHz:   0% 4104 MHz: .00% 4416 MHz: .05% 4512 MHz: 9.3%)
CPU 13 idle residency:  60.35%
CPU 13 down residency:   0.00%
CPU 14 frequency: 3835 MHz
CPU 14 active residency:  26.24% (1260 MHz: .02% 1512 MHz:   0% 1800 MHz:   0% 2088 MHz:   0% 2352 MHz:   0% 2616 MHz:   0% 2868 MHz:   0% 3096 MHz:   0% 3300 MHz:  14% 3468 MHz: .13% 3624 MHz: .02% 3756 MHz: .40% 3828 MHz: .30% 3888 MHz: .18% 3948 MHz: .13% 3996 MHz:   0% 4044 MHz:   0% 4104 MHz:   0% 4416 MHz: .25% 4512 MHz:  11%)
CPU 14 idle residency:  73.76%
CPU 14 down residency:   0.00%
CPU 15 frequency: 3738 MHz
CPU 15 active residency:  46.63% (1260 MHz: .01% 1512 MHz: .01% 1800 MHz:   0% 2088 MHz:   0% 2352 MHz: .00% 2616 MHz:   0% 2868 MHz: .00% 3096 MHz:   0% 3300 MHz:  15% 3468 MHz:  15% 3624 MHz: 2.7% 3756 MHz: .29% 3828 MHz: .06% 3888 MHz: .14% 3948 MHz: .20% 3996 MHz:   0% 4044 MHz:   0% 4104 MHz: .06% 4416 MHz: .20% 4512 MHz:  14%)
CPU 15 idle residency:  53.37%
CPU 15 down residency:   0.00%

CPU Power: 3876 mW
GPU Power: 17078 mW
ANE Power: 0 mW
Combined Power (CPU + GPU + ANE): 20954 mW

**** GPU usage ****

GPU HW active frequency: 1295 MHz
GPU HW active residency: 100.00% (338 MHz:   0% 618 MHz:   0% 796 MHz:   0% 924 MHz:   0% 952 MHz:   0% 1056 MHz:   0% 1062 MHz:   0% 1182 MHz:  18% 1182 MHz:   0% 1312 MHz:  72% 1242 MHz:   0% 1380 MHz: 9.9% 1326 MHz:   0% 1470 MHz:   0% 1578 MHz:   0%)
GPU SW requested state: (P1 :   0% P2 :   0% P3 :   0% P4 :   0% P5 :   0% P6 :   0% P7 :   0% P8 :   0% P9 :   0% P10 : 100% P11 :   0% P12 :   0% P13 :   0% P14 :   0% P15 :   0%)
GPU SW state: (SW_P1 :   0% SW_P2 :   0% SW_P3 :   0% SW_P4 :   0% SW_P5 :   0% SW_P6 :  18% SW_P7 :  72% SW_P8 : 9.9% SW_P9 :   0% SW_P10 :   0% SW_P11 :   0% SW_P12 :   0% SW_P13 :   0% SW_P14 :   0% SW_P15 :   0%)
GPU idle residency:   0.00%
GPU Power: 17076 mW



*** Sampled system activity (Tue Jan 20 15:12:51 2026 +0100) (1022.72ms elapsed) ***


**** Processor usage ****

E-Cluster Online: 100%
E-Cluster HW active frequency: 1360 MHz
E-Cluster HW active residency:  65.11% (1020 MHz:  41% 1404 MHz: 7.5% 1788 MHz: 7.5% 2112 MHz: 1.6% 2352 MHz: 1.0% 2532 MHz: 2.3% 2592 MHz: 4.4%)
E-Cluster idle residency:  34.89%
E-Cluster down residency:   0.00%
CPU 0 frequency: 1357 MHz
CPU 0 active residency:  33.66% (1020 MHz:  21% 1404 MHz: 4.0% 1788 MHz: 3.9% 2112 MHz: .95% 2352 MHz: .51% 2532 MHz: .97% 2592 MHz: 2.3%)
CPU 0 idle residency:  66.34%
CPU 0 down residency:   0.00%
CPU 1 frequency: 1410 MHz
CPU 1 active residency:  25.42% (1020 MHz:  14% 1404 MHz: 3.5% 1788 MHz: 4.3% 2112 MHz: .98% 2352 MHz: .58% 2532 MHz: .51% 2592 MHz: 1.7%)
CPU 1 idle residency:  74.58%
CPU 1 down residency:   0.00%
CPU 2 frequency: 1549 MHz
CPU 2 active residency:  16.23% (1020 MHz: 8.0% 1404 MHz: 1.9% 1788 MHz: 1.9% 2112 MHz: .67% 2352 MHz: .71% 2532 MHz: 1.1% 2592 MHz: 2.0%)
CPU 2 idle residency:  83.77%
CPU 2 down residency:   0.00%
CPU 3 frequency: 1481 MHz
CPU 3 active residency:   9.78% (1020 MHz: 5.2% 1404 MHz: 1.1% 1788 MHz: 1.3% 2112 MHz: .44% 2352 MHz: .27% 2532 MHz: .52% 2592 MHz: .91%)
CPU 3 idle residency:  90.22%
CPU 3 down residency:   0.00%

P0-Cluster Online: 3%
P0-Cluster HW active frequency: 1743 MHz
P0-Cluster HW active residency:   0.83% (1260 MHz: .47% 1512 MHz: .06% 1800 MHz: .17% 2088 MHz:   0% 2352 MHz:   0% 2616 MHz:   0% 2868 MHz:   0% 3096 MHz:   0% 3300 MHz: .06% 3468 MHz:   0% 3624 MHz: .08% 3756 MHz:   0% 3828 MHz:   0% 3888 MHz:   0% 3948 MHz:   0% 3996 MHz:   0% 4044 MHz:   0% 4104 MHz:   0% 4416 MHz:   0% 4512 MHz:   0%)
P0-Cluster idle residency:   1.70%
P0-Cluster down residency:  97.47%
CPU 4 frequency: 0 MHz
CPU 4 active residency:   0.00% (1260 MHz:   0% 1512 MHz:   0% 1800 MHz:   0% 2088 MHz:   0% 2352 MHz:   0% 2616 MHz:   0% 2868 MHz:   0% 3096 MHz:   0% 3300 MHz:   0% 3468 MHz:   0% 3624 MHz:   0% 3756 MHz:   0% 3828 MHz:   0% 3888 MHz:   0% 3948 MHz:   0% 3996 MHz:   0% 4044 MHz:   0% 4104 MHz:   0% 4416 MHz:   0% 4512 MHz:   0%)
CPU 4 idle residency:   2.39%
CPU 4 down residency:  97.61%
CPU 5 frequency: 0 MHz
CPU 5 active residency:   0.00% (1260 MHz:   0% 1512 MHz:   0% 1800 MHz:   0% 2088 MHz:   0% 2352 MHz:   0% 2616 MHz:   0% 2868 MHz:   0% 3096 MHz:   0% 3300 MHz:   0% 3468 MHz:   0% 3624 MHz:   0% 3756 MHz:   0% 3828 MHz:   0% 3888 MHz:   0% 3948 MHz:   0% 3996 MHz:   0% 4044 MHz:   0% 4104 MHz:   0% 4416 MHz:   0% 4512 MHz:   0%)
CPU 5 idle residency:   2.36%
CPU 5 down residency:  97.64%
CPU 6 frequency: 0 MHz
CPU 6 active residency:   0.00% (1260 MHz:   0% 1512 MHz:   0% 1800 MHz:   0% 2088 MHz:   0% 2352 MHz:   0% 2616 MHz:   0% 2868 MHz:   0% 3096 MHz:   0% 3300 MHz:   0% 3468 MHz:   0% 3624 MHz:   0% 3756 MHz:   0% 3828 MHz:   0% 3888 MHz:   0% 3948 MHz:   0% 3996 MHz:   0% 4044 MHz:   0% 4104 MHz:   0% 4416 MHz:   0% 4512 MHz:   0%)
CPU 6 idle residency:   2.33%
CPU 6 down residency:  97.67%
CPU 7 frequency: 0 MHz
CPU 7 active residency:   0.00% (1260 MHz:   0% 1512 MHz:   0% 1800 MHz:   0% 2088 MHz:   0% 2352 MHz:   0% 2616 MHz:   0% 2868 MHz:   0% 3096 MHz:   0% 3300 MHz:   0% 3468 MHz:   0% 3624 MHz:   0% 3756 MHz:   0% 3828 MHz:   0% 3888 MHz:   0% 3948 MHz:   0% 3996 MHz:   0% 4044 MHz:   0% 4104 MHz:   0% 4416 MHz:   0% 4512 MHz:   0%)
CPU 7 idle residency:   2.37%
CPU 7 down residency:  97.63%
CPU 8 frequency: 0 MHz
CPU 8 active residency:   0.00% (1260 MHz:   0% 1512 MHz:   0% 1800 MHz:   0% 2088 MHz:   0% 2352 MHz:   0% 2616 MHz:   0% 2868 MHz:   0% 3096 MHz:   0% 3300 MHz:   0% 3468 MHz:   0% 3624 MHz:   0% 3756 MHz:   0% 3828 MHz:   0% 3888 MHz:   0% 3948 MHz:   0% 3996 MHz:   0% 4044 MHz:   0% 4104 MHz:   0% 4416 MHz:   0% 4512 MHz:   0%)
CPU 8 idle residency:   2.39%
CPU 8 down residency:  97.61%
CPU 9 frequency: 0 MHz
CPU 9 active residency:   0.00% (1260 MHz:   0% 1512 MHz:   0% 1800 MHz:   0% 2088 MHz:   0% 2352 MHz:   0% 2616 MHz:   0% 2868 MHz:   0% 3096 MHz:   0% 3300 MHz:   0% 3468 MHz:   0% 3624 MHz:   0% 3756 MHz:   0% 3828 MHz:   0% 3888 MHz:   0% 3948 MHz:   0% 3996 MHz:   0% 4044 MHz:   0% 4104 MHz:   0% 4416 MHz:   0% 4512 MHz:   0%)
CPU 9 idle residency:   2.40%
CPU 9 down residency:  97.60%

P1-Cluster HW active frequency: 3499 MHz
P1-Cluster HW active residency:  94.56% (1260 MHz: .14% 1512 MHz: .00% 1800 MHz: .01% 2088 MHz:   0% 2352 MHz: .01% 2616 MHz: .00% 2868 MHz: .00% 3096 MHz:   0% 3300 MHz:  19% 3468 MHz:  35% 3624 MHz:  41% 3756 MHz:   0% 3828 MHz:   0% 3888 MHz:   0% 3948 MHz:   0% 3996 MHz:   0% 4044 MHz:   0% 4104 MHz:   0% 4416 MHz:   0% 4512 MHz:   0%)
P1-Cluster idle residency:   5.44%
P1-Cluster down residency:   0.00%
CPU 10 frequency: 3544 MHz
CPU 10 active residency:  21.53% (1260 MHz:   0% 1512 MHz:   0% 1800 MHz:   0% 2088 MHz:   0% 2352 MHz: .01% 2616 MHz:   0% 2868 MHz:   0% 3096 MHz:   0% 3300 MHz: 2.0% 3468 MHz: 6.8% 3624 MHz:  13% 3756 MHz:   0% 3828 MHz:   0% 3888 MHz:   0% 3948 MHz:   0% 3996 MHz:   0% 4044 MHz:   0% 4104 MHz:   0% 4416 MHz:   0% 4512 MHz:   0%)
CPU 10 idle residency:  78.47%
CPU 10 down residency:   0.00%
CPU 11 frequency: 3565 MHz
CPU 11 active residency:  26.60% (1260 MHz:   0% 1512 MHz:   0% 1800 MHz: .00% 2088 MHz:   0% 2352 MHz:   0% 2616 MHz:   0% 2868 MHz:   0% 3096 MHz:   0% 3300 MHz: .32% 3468 MHz: 9.4% 3624 MHz:  17% 3756 MHz:   0% 3828 MHz:   0% 3888 MHz:   0% 3948 MHz:   0% 3996 MHz:   0% 4044 MHz:   0% 4104 MHz:   0% 4416 MHz:   0% 4512 MHz:   0%)
CPU 11 idle residency:  73.40%
CPU 11 down residency:   0.00%
CPU 12 frequency: 3551 MHz
CPU 12 active residency:  26.73% (1260 MHz: .01% 1512 MHz: .00% 1800 MHz: .00% 2088 MHz:   0% 2352 MHz:   0% 2616 MHz: .00% 2868 MHz:   0% 3096 MHz:   0% 3300 MHz: .04% 3468 MHz:  12% 3624 MHz:  15% 3756 MHz:   0% 3828 MHz:   0% 3888 MHz:   0% 3948 MHz:   0% 3996 MHz:   0% 4044 MHz:   0% 4104 MHz:   0% 4416 MHz:   0% 4512 MHz:   0%)
CPU 12 idle residency:  73.27%
CPU 12 down residency:   0.00%
CPU 13 frequency: 3495 MHz
CPU 13 active residency:  47.01% (1260 MHz: .04% 1512 MHz:   0% 1800 MHz: .00% 2088 MHz:   0% 2352 MHz: .01% 2616 MHz:   0% 2868 MHz:   0% 3096 MHz:   0% 3300 MHz:  10% 3468 MHz:  17% 3624 MHz:  20% 3756 MHz:   0% 3828 MHz:   0% 3888 MHz:   0% 3948 MHz:   0% 3996 MHz:   0% 4044 MHz:   0% 4104 MHz:   0% 4416 MHz:   0% 4512 MHz:   0%)
CPU 13 idle residency:  52.99%
CPU 13 down residency:   0.00%
CPU 14 frequency: 3439 MHz
CPU 14 active residency:  37.09% (1260 MHz: .03% 1512 MHz:   0% 1800 MHz: .00% 2088 MHz:   0% 2352 MHz: .01% 2616 MHz:   0% 2868 MHz: .00% 3096 MHz:   0% 3300 MHz:  11% 3468 MHz:  20% 3624 MHz: 5.6% 3756 MHz:   0% 3828 MHz:   0% 3888 MHz:   0% 3948 MHz:   0% 3996 MHz:   0% 4044 MHz:   0% 4104 MHz:   0% 4416 MHz:   0% 4512 MHz:   0%)
CPU 14 idle residency:  62.91%
CPU 14 down residency:   0.00%
CPU 15 frequency: 3476 MHz
CPU 15 active residency:  42.33% (1260 MHz: .04% 1512 MHz: .00% 1800 MHz: .00% 2088 MHz:   0% 2352 MHz: .01% 2616 MHz: .00% 2868 MHz: .00% 3096 MHz:   0% 3300 MHz:  11% 3468 MHz:  16% 3624 MHz:  15% 3756 MHz:   0% 3828 MHz:   0% 3888 MHz:   0% 3948 MHz:   0% 3996 MHz:   0% 4044 MHz:   0% 4104 MHz:   0% 4416 MHz:   0% 4512 MHz:   0%)
CPU 15 idle residency:  57.67%
CPU 15 down residency:   0.00%

CPU Power: 3640 mW
GPU Power: 17171 mW
ANE Power: 0 mW
Combined Power (CPU + GPU + ANE): 20811 mW

**** GPU usage ****

GPU HW active frequency: 1299 MHz
GPU HW active residency: 100.00% (338 MHz:   0% 618 MHz:   0% 796 MHz:   0% 924 MHz:   0% 952 MHz:   0% 1056 MHz:   0% 1062 MHz:   0% 1182 MHz:  16% 1182 MHz:   0% 1312 MHz:  73% 1242 MHz:   0% 1380 MHz:  11% 1326 MHz:   0% 1470 MHz:   0% 1578 MHz:   0%)
GPU SW requested state: (P1 :   0% P2 :   0% P3 :   0% P4 :   0% P5 :   0% P6 :   0% P7 :   0% P8 :   0% P9 :   0% P10 : 100% P11 :   0% P12 :   0% P13 :   0% P14 :   0% P15 :   0%)
GPU SW state: (SW_P1 :   0% SW_P2 :   0% SW_P3 :   0% SW_P4 :   0% SW_P5 :   0% SW_P6 :  16% SW_P7 :  73% SW_P8 :  11% SW_P9 :   0% SW_P10 :   0% SW_P11 :   0% SW_P12 :   0% SW_P13 :   0% SW_P14 :   0% SW_P15 :   0%)
GPU idle residency:   0.00%
GPU Power: 17028 mW



*** Sampled system activity (Tue Jan 20 15:12:52 2026 +0100) (1021.40ms elapsed) ***


**** Processor usage ****

E-Cluster Online: 100%
E-Cluster HW active frequency: 1299 MHz
E-Cluster HW active residency:  56.47% (1020 MHz:  38% 1404 MHz: 7.1% 1788 MHz: 3.8% 2112 MHz: 2.3% 2352 MHz: 2.2% 2532 MHz: 1.6% 2592 MHz: 1.5%)
E-Cluster idle residency:  43.53%
E-Cluster down residency:   0.00%
CPU 0 frequency: 1275 MHz
CPU 0 active residency:  28.63% (1020 MHz:  20% 1404 MHz: 3.3% 1788 MHz: 1.9% 2112 MHz: 1.2% 2352 MHz: 1.1% 2532 MHz: .73% 2592 MHz: .51%)
CPU 0 idle residency:  71.37%
CPU 0 down residency:   0.00%
CPU 1 frequency: 1274 MHz
CPU 1 active residency:  15.80% (1020 MHz:  11% 1404 MHz: 2.0% 1788 MHz: .95% 2112 MHz: .37% 2352 MHz: .61% 2532 MHz: .48% 2592 MHz: .37%)
CPU 1 idle residency:  84.20%
CPU 1 down residency:   0.00%
CPU 2 frequency: 1405 MHz
CPU 2 active residency:  11.76% (1020 MHz: 6.9% 1404 MHz: 1.4% 1788 MHz: 1.1% 2112 MHz: .80% 2352 MHz: .62% 2532 MHz: .77% 2592 MHz: .19%)
CPU 2 idle residency:  88.24%
CPU 2 down residency:   0.00%
CPU 3 frequency: 1278 MHz
CPU 3 active residency:   6.57% (1020 MHz: 4.5% 1404 MHz: .81% 1788 MHz: .50% 2112 MHz: .37% 2352 MHz: .25% 2532 MHz: .11% 2592 MHz: .06%)
CPU 3 idle residency:  93.43%
CPU 3 down residency:   0.00%

P0-Cluster Online: 1%
P0-Cluster HW active frequency: 1260 MHz
P0-Cluster HW active residency:   0.14% (1260 MHz: .14% 1512 MHz:   0% 1800 MHz:   0% 2088 MHz:   0% 2352 MHz:   0% 2616 MHz:   0% 2868 MHz:   0% 3096 MHz:   0% 3300 MHz:   0% 3468 MHz:   0% 3624 MHz:   0% 3756 MHz:   0% 3828 MHz:   0% 3888 MHz:   0% 3948 MHz:   0% 3996 MHz:   0% 4044 MHz:   0% 4104 MHz:   0% 4416 MHz:   0% 4512 MHz:   0%)
P0-Cluster idle residency:   0.44%
P0-Cluster down residency:  99.41%
CPU 4 frequency: 0 MHz
CPU 4 active residency:   0.00% (1260 MHz:   0% 1512 MHz:   0% 1800 MHz:   0% 2088 MHz:   0% 2352 MHz:   0% 2616 MHz:   0% 2868 MHz:   0% 3096 MHz:   0% 3300 MHz:   0% 3468 MHz:   0% 3624 MHz:   0% 3756 MHz:   0% 3828 MHz:   0% 3888 MHz:   0% 3948 MHz:   0% 3996 MHz:   0% 4044 MHz:   0% 4104 MHz:   0% 4416 MHz:   0% 4512 MHz:   0%)
CPU 4 idle residency:   0.56%
CPU 4 down residency:  99.44%
CPU 5 frequency: 0 MHz
CPU 5 active residency:   0.00% (1260 MHz:   0% 1512 MHz:   0% 1800 MHz:   0% 2088 MHz:   0% 2352 MHz:   0% 2616 MHz:   0% 2868 MHz:   0% 3096 MHz:   0% 3300 MHz:   0% 3468 MHz:   0% 3624 MHz:   0% 3756 MHz:   0% 3828 MHz:   0% 3888 MHz:   0% 3948 MHz:   0% 3996 MHz:   0% 4044 MHz:   0% 4104 MHz:   0% 4416 MHz:   0% 4512 MHz:   0%)
CPU 5 idle residency:   0.56%
CPU 5 down residency:  99.44%
CPU 6 frequency: 0 MHz
CPU 6 active residency:   0.00% (1260 MHz:   0% 1512 MHz:   0% 1800 MHz:   0% 2088 MHz:   0% 2352 MHz:   0% 2616 MHz:   0% 2868 MHz:   0% 3096 MHz:   0% 3300 MHz:   0% 3468 MHz:   0% 3624 MHz:   0% 3756 MHz:   0% 3828 MHz:   0% 3888 MHz:   0% 3948 MHz:   0% 3996 MHz:   0% 4044 MHz:   0% 4104 MHz:   0% 4416 MHz:   0% 4512 MHz:   0%)
CPU 6 idle residency:   0.56%
CPU 6 down residency:  99.44%
CPU 7 frequency: 0 MHz
CPU 7 active residency:   0.00% (1260 MHz:   0% 1512 MHz:   0% 1800 MHz:   0% 2088 MHz:   0% 2352 MHz:   0% 2616 MHz:   0% 2868 MHz:   0% 3096 MHz:   0% 3300 MHz:   0% 3468 MHz:   0% 3624 MHz:   0% 3756 MHz:   0% 3828 MHz:   0% 3888 MHz:   0% 3948 MHz:   0% 3996 MHz:   0% 4044 MHz:   0% 4104 MHz:   0% 4416 MHz:   0% 4512 MHz:   0%)
CPU 7 idle residency:   0.56%
CPU 7 down residency:  99.44%
CPU 8 frequency: 0 MHz
CPU 8 active residency:   0.00% (1260 MHz:   0% 1512 MHz:   0% 1800 MHz:   0% 2088 MHz:   0% 2352 MHz:   0% 2616 MHz:   0% 2868 MHz:   0% 3096 MHz:   0% 3300 MHz:   0% 3468 MHz:   0% 3624 MHz:   0% 3756 MHz:   0% 3828 MHz:   0% 3888 MHz:   0% 3948 MHz:   0% 3996 MHz:   0% 4044 MHz:   0% 4104 MHz:   0% 4416 MHz:   0% 4512 MHz:   0%)
CPU 8 idle residency:   0.56%
CPU 8 down residency:  99.44%
CPU 9 frequency: 0 MHz
CPU 9 active residency:   0.00% (1260 MHz:   0% 1512 MHz:   0% 1800 MHz:   0% 2088 MHz:   0% 2352 MHz:   0% 2616 MHz:   0% 2868 MHz:   0% 3096 MHz:   0% 3300 MHz:   0% 3468 MHz:   0% 3624 MHz:   0% 3756 MHz:   0% 3828 MHz:   0% 3888 MHz:   0% 3948 MHz:   0% 3996 MHz:   0% 4044 MHz:   0% 4104 MHz:   0% 4416 MHz:   0% 4512 MHz:   0%)
CPU 9 idle residency:   0.56%
CPU 9 down residency:  99.44%

P1-Cluster HW active frequency: 3583 MHz
P1-Cluster HW active residency:  91.97% (1260 MHz: .17% 1512 MHz:   0% 1800 MHz:   0% 2088 MHz:   0% 2352 MHz:   0% 2616 MHz:   0% 2868 MHz:   0% 3096 MHz: 1.7% 3300 MHz:  33% 3468 MHz:  22% 3624 MHz: .39% 3756 MHz: 1.7% 3828 MHz:   0% 3888 MHz: 5.4% 3948 MHz:  17% 3996 MHz: 8.3% 4044 MHz: 3.3% 4104 MHz:   0% 4416 MHz:   0% 4512 MHz:   0%)
P1-Cluster idle residency:   8.03%
P1-Cluster down residency:   0.00%
CPU 10 frequency: 3902 MHz
CPU 10 active residency:  23.24% (1260 MHz: .01% 1512 MHz:   0% 1800 MHz:   0% 2088 MHz:   0% 2352 MHz:   0% 2616 MHz:   0% 2868 MHz:   0% 3096 MHz: .34% 3300 MHz: .81% 3468 MHz: 2.2% 3624 MHz: .08% 3756 MHz: .85% 3828 MHz:   0% 3888 MHz: 2.4% 3948 MHz: 1.7% 3996 MHz: 6.3% 4044 MHz: 8.6% 4104 MHz: .00% 4416 MHz:   0% 4512 MHz:   0%)
CPU 10 idle residency:  76.76%
CPU 10 down residency:   0.00%
CPU 11 frequency: 3870 MHz
CPU 11 active residency:  15.79% (1260 MHz:   0% 1512 MHz:   0% 1800 MHz:   0% 2088 MHz:   0% 2352 MHz:   0% 2616 MHz:   0% 2868 MHz:   0% 3096 MHz: .13% 3300 MHz: .39% 3468 MHz: 1.9% 3624 MHz: .02% 3756 MHz: .28% 3828 MHz:   0% 3888 MHz: 2.2% 3948 MHz: 5.8% 3996 MHz: 4.8% 4044 MHz: .12% 4104 MHz: .12% 4416 MHz:   0% 4512 MHz:   0%)
CPU 11 idle residency:  84.21%
CPU 11 down residency:   0.00%
CPU 12 frequency: 3581 MHz
CPU 12 active residency:  32.15% (1260 MHz: .01% 1512 MHz:   0% 1800 MHz:   0% 2088 MHz:   0% 2352 MHz:   0% 2616 MHz:   0% 2868 MHz:   0% 3096 MHz: .59% 3300 MHz:  17% 3468 MHz: 2.1% 3624 MHz:   0% 3756 MHz: .04% 3828 MHz:   0% 3888 MHz: 1.2% 3948 MHz: 2.3% 3996 MHz: 3.8% 4044 MHz: 3.9% 4104 MHz: 1.3% 4416 MHz:   0% 4512 MHz:   0%)
CPU 12 idle residency:  67.85%
CPU 12 down residency:   0.00%
CPU 13 frequency: 3650 MHz
CPU 13 active residency:  23.77% (1260 MHz: .01% 1512 MHz:   0% 1800 MHz:   0% 2088 MHz:   0% 2352 MHz:   0% 2616 MHz:   0% 2868 MHz:   0% 3096 MHz: .00% 3300 MHz: .22% 3468 MHz:  13% 3624 MHz: .39% 3756 MHz: 1.7% 3828 MHz:   0% 3888 MHz: 4.6% 3948 MHz: 3.5% 3996 MHz: .35% 4044 MHz: .01% 4104 MHz: .00% 4416 MHz:   0% 4512 MHz:   0%)
CPU 13 idle residency:  76.23%
CPU 13 down residency:   0.00%
CPU 14 frequency: 3573 MHz
CPU 14 active residency:  40.04% (1260 MHz: .04% 1512 MHz:   0% 1800 MHz:   0% 2088 MHz:   0% 2352 MHz:   0% 2616 MHz:   0% 2868 MHz:   0% 3096 MHz: .90% 3300 MHz:  15% 3468 MHz:  10% 3624 MHz:   0% 3756 MHz: .79% 3828 MHz:   0% 3888 MHz: .78% 3948 MHz: 2.3% 3996 MHz: 4.0% 4044 MHz: 4.9% 4104 MHz: .86% 4416 MHz:   0% 4512 MHz:   0%)
CPU 14 idle residency:  59.96%
CPU 14 down residency:   0.00%
CPU 15 frequency: 3563 MHz
CPU 15 active residency:  40.06% (1260 MHz: .07% 1512 MHz:   0% 1800 MHz:   0% 2088 MHz:   0% 2352 MHz:   0% 2616 MHz:   0% 2868 MHz:   0% 3096 MHz: .58% 3300 MHz:  15% 3468 MHz:  11% 3624 MHz: .07% 3756 MHz: .65% 3828 MHz:   0% 3888 MHz: 1.2% 3948 MHz: 2.9% 3996 MHz: 3.1% 4044 MHz: 4.6% 4104 MHz: .52% 4416 MHz:   0% 4512 MHz:   0%)
CPU 15 idle residency:  59.94%
CPU 15 down residency:   0.00%

CPU Power: 3785 mW
GPU Power: 17089 mW
ANE Power: 0 mW
Combined Power (CPU + GPU + ANE): 20874 mW

**** GPU usage ****

GPU HW active frequency: 1300 MHz
GPU HW active residency: 100.00% (338 MHz:   0% 618 MHz:   0% 796 MHz:   0% 924 MHz:   0% 952 MHz:   0% 1056 MHz:   0% 1062 MHz:   0% 1182 MHz:  16% 1182 MHz:   0% 1312 MHz:  71% 1242 MHz:   0% 1380 MHz:  13% 1326 MHz:   0% 1470 MHz:   0% 1578 MHz:   0%)
GPU SW requested state: (P1 :   0% P2 :   0% P3 :   0% P4 :   0% P5 :   0% P6 :   0% P7 :   0% P8 :   0% P9 :   0% P10 : 100% P11 :   0% P12 :   0% P13 :   0% P14 :   0% P15 :   0%)
GPU SW state: (SW_P1 :   0% SW_P2 :   0% SW_P3 :   0% SW_P4 :   0% SW_P5 :   0% SW_P6 :  16% SW_P7 :  71% SW_P8 :  13% SW_P9 :   0% SW_P10 :   0% SW_P11 :   0% SW_P12 :   0% SW_P13 :   0% SW_P14 :   0% SW_P15 :   0%)
GPU idle residency:   0.00%
GPU Power: 17236 mW



*** Sampled system activity (Tue Jan 20 15:12:53 2026 +0100) (1022.66ms elapsed) ***


**** Processor usage ****

E-Cluster Online: 100%
E-Cluster HW active frequency: 1658 MHz
E-Cluster HW active residency:  58.20% (1020 MHz:  28% 1404 MHz: 5.6% 1788 MHz: 4.1% 2112 MHz: .91% 2352 MHz: 1.1% 2532 MHz: 1.6% 2592 MHz:  17%)
E-Cluster idle residency:  41.80%
E-Cluster down residency:   0.00%
CPU 0 frequency: 1634 MHz
CPU 0 active residency:  26.50% (1020 MHz:  13% 1404 MHz: 2.0% 1788 MHz: 2.2% 2112 MHz: .32% 2352 MHz: .64% 2532 MHz: .77% 2592 MHz: 7.3%)
CPU 0 idle residency:  73.50%
CPU 0 down residency:   0.00%
CPU 1 frequency: 1578 MHz
CPU 1 active residency:  19.09% (1020 MHz: 9.2% 1404 MHz: 3.0% 1788 MHz: 1.3% 2112 MHz: .20% 2352 MHz: .64% 2532 MHz: .59% 2592 MHz: 4.1%)
CPU 1 idle residency:  80.91%
CPU 1 down residency:   0.00%
CPU 2 frequency: 1589 MHz
CPU 2 active residency:  13.24% (1020 MHz: 6.3% 1404 MHz: 1.3% 1788 MHz: 1.8% 2112 MHz: .41% 2352 MHz: .61% 2532 MHz: .55% 2592 MHz: 2.3%)
CPU 2 idle residency:  86.76%
CPU 2 down residency:   0.00%
CPU 3 frequency: 1667 MHz
CPU 3 active residency:   6.76% (1020 MHz: 2.9% 1404 MHz: .54% 1788 MHz: 1.1% 2112 MHz: .15% 2352 MHz: .37% 2532 MHz: .69% 2592 MHz: 1.0%)
CPU 3 idle residency:  93.24%
CPU 3 down residency:   0.00%

P0-Cluster Online: 4%
P0-Cluster HW active frequency: 1535 MHz
P0-Cluster HW active residency:   0.85% (1260 MHz: .65% 1512 MHz:   0% 1800 MHz: .12% 2088 MHz:   0% 2352 MHz:   0% 2616 MHz:   0% 2868 MHz:   0% 3096 MHz:   0% 3300 MHz:   0% 3468 MHz: .06% 3624 MHz:   0% 3756 MHz:   0% 3828 MHz:   0% 3888 MHz:   0% 3948 MHz:   0% 3996 MHz:   0% 4044 MHz: .01% 4104 MHz:   0% 4416 MHz:   0% 4512 MHz:   0%)
P0-Cluster idle residency:   2.08%
P0-Cluster down residency:  97.08%
CPU 4 frequency: 0 MHz
CPU 4 active residency:   0.00% (1260 MHz:   0% 1512 MHz:   0% 1800 MHz:   0% 2088 MHz:   0% 2352 MHz:   0% 2616 MHz:   0% 2868 MHz:   0% 3096 MHz:   0% 3300 MHz:   0% 3468 MHz:   0% 3624 MHz:   0% 3756 MHz:   0% 3828 MHz:   0% 3888 MHz:   0% 3948 MHz:   0% 3996 MHz:   0% 4044 MHz:   0% 4104 MHz:   0% 4416 MHz:   0% 4512 MHz:   0%)
CPU 4 idle residency:   2.75%
CPU 4 down residency:  97.25%
CPU 5 frequency: 0 MHz
CPU 5 active residency:   0.00% (1260 MHz:   0% 1512 MHz:   0% 1800 MHz:   0% 2088 MHz:   0% 2352 MHz:   0% 2616 MHz:   0% 2868 MHz:   0% 3096 MHz:   0% 3300 MHz:   0% 3468 MHz:   0% 3624 MHz:   0% 3756 MHz:   0% 3828 MHz:   0% 3888 MHz:   0% 3948 MHz:   0% 3996 MHz:   0% 4044 MHz:   0% 4104 MHz:   0% 4416 MHz:   0% 4512 MHz:   0%)
CPU 5 idle residency:   2.73%
CPU 5 down residency:  97.27%
CPU 6 frequency: 0 MHz
CPU 6 active residency:   0.00% (1260 MHz:   0% 1512 MHz:   0% 1800 MHz:   0% 2088 MHz:   0% 2352 MHz:   0% 2616 MHz:   0% 2868 MHz:   0% 3096 MHz:   0% 3300 MHz:   0% 3468 MHz:   0% 3624 MHz:   0% 3756 MHz:   0% 3828 MHz:   0% 3888 MHz:   0% 3948 MHz:   0% 3996 MHz:   0% 4044 MHz:   0% 4104 MHz:   0% 4416 MHz:   0% 4512 MHz:   0%)
CPU 6 idle residency:   2.74%
CPU 6 down residency:  97.26%
CPU 7 frequency: 0 MHz
CPU 7 active residency:   0.00% (1260 MHz:   0% 1512 MHz:   0% 1800 MHz:   0% 2088 MHz:   0% 2352 MHz:   0% 2616 MHz:   0% 2868 MHz:   0% 3096 MHz:   0% 3300 MHz:   0% 3468 MHz:   0% 3624 MHz:   0% 3756 MHz:   0% 3828 MHz:   0% 3888 MHz:   0% 3948 MHz:   0% 3996 MHz:   0% 4044 MHz:   0% 4104 MHz:   0% 4416 MHz:   0% 4512 MHz:   0%)
CPU 7 idle residency:   2.73%
CPU 7 down residency:  97.27%
CPU 8 frequency: 0 MHz
CPU 8 active residency:   0.00% (1260 MHz:   0% 1512 MHz:   0% 1800 MHz:   0% 2088 MHz:   0% 2352 MHz:   0% 2616 MHz:   0% 2868 MHz:   0% 3096 MHz:   0% 3300 MHz:   0% 3468 MHz:   0% 3624 MHz:   0% 3756 MHz:   0% 3828 MHz:   0% 3888 MHz:   0% 3948 MHz:   0% 3996 MHz:   0% 4044 MHz:   0% 4104 MHz:   0% 4416 MHz:   0% 4512 MHz:   0%)
CPU 8 idle residency:   2.75%
CPU 8 down residency:  97.25%
CPU 9 frequency: 0 MHz
CPU 9 active residency:   0.00% (1260 MHz:   0% 1512 MHz:   0% 1800 MHz:   0% 2088 MHz:   0% 2352 MHz:   0% 2616 MHz:   0% 2868 MHz:   0% 3096 MHz:   0% 3300 MHz:   0% 3468 MHz:   0% 3624 MHz:   0% 3756 MHz:   0% 3828 MHz:   0% 3888 MHz:   0% 3948 MHz:   0% 3996 MHz:   0% 4044 MHz:   0% 4104 MHz:   0% 4416 MHz:   0% 4512 MHz:   0%)
CPU 9 idle residency:   2.74%
CPU 9 down residency:  97.26%

P1-Cluster HW active frequency: 3737 MHz
P1-Cluster HW active residency:  94.47% (1260 MHz: .30% 1512 MHz: .04% 1800 MHz: .03% 2088 MHz: .03% 2352 MHz: .03% 2616 MHz: .00% 2868 MHz:   0% 3096 MHz: .07% 3300 MHz: .28% 3468 MHz:  20% 3624 MHz:  25% 3756 MHz: 6.8% 3828 MHz: 8.5% 3888 MHz: 1.1% 3948 MHz:  14% 3996 MHz: 9.4% 4044 MHz: 9.0% 4104 MHz:   0% 4416 MHz:   0% 4512 MHz:   0%)
P1-Cluster idle residency:   5.53%
P1-Cluster down residency:   0.00%
CPU 10 frequency: 3936 MHz
CPU 10 active residency:  38.27% (1260 MHz: .06% 1512 MHz:   0% 1800 MHz: .00% 2088 MHz: .00% 2352 MHz: .01% 2616 MHz: .00% 2868 MHz:   0% 3096 MHz: .05% 3300 MHz: .01% 3468 MHz: 9.2% 3624 MHz:  11% 3756 MHz: 1.8% 3828 MHz: 1.6% 3888 MHz:   0% 3948 MHz: .36% 3996 MHz:   0% 4044 MHz:   0% 4104 MHz: .15% 4416 MHz: .09% 4512 MHz:  14%)
CPU 10 idle residency:  61.73%
CPU 10 down residency:   0.00%
CPU 11 frequency: 4216 MHz
CPU 11 active residency:  21.81% (1260 MHz: .00% 1512 MHz: .00% 1800 MHz:   0% 2088 MHz: .03% 2352 MHz: .01% 2616 MHz: .00% 2868 MHz:   0% 3096 MHz: .00% 3300 MHz:   0% 3468 MHz: .78% 3624 MHz: 4.4% 3756 MHz: 1.5% 3828 MHz: .33% 3888 MHz:   0% 3948 MHz: .24% 3996 MHz:   0% 4044 MHz:   0% 4104 MHz: .36% 4416 MHz: .35% 4512 MHz:  14%)
CPU 11 idle residency:  78.19%
CPU 11 down residency:   0.00%
CPU 12 frequency: 3856 MHz
CPU 12 active residency:  42.46% (1260 MHz: .02% 1512 MHz: .03% 1800 MHz: .02% 2088 MHz:   0% 2352 MHz: .01% 2616 MHz:   0% 2868 MHz:   0% 3096 MHz:   0% 3300 MHz: .02% 3468 MHz:  11% 3624 MHz:  13% 3756 MHz: 2.4% 3828 MHz: 4.1% 3888 MHz: .01% 3948 MHz: .23% 3996 MHz:   0% 4044 MHz:   0% 4104 MHz: .34% 4416 MHz: .23% 4512 MHz:  11%)
CPU 12 idle residency:  57.54%
CPU 12 down residency:   0.00%
CPU 13 frequency: 4227 MHz
CPU 13 active residency:  21.33% (1260 MHz: .02% 1512 MHz:   0% 1800 MHz:   0% 2088 MHz:   0% 2352 MHz:   0% 2616 MHz:   0% 2868 MHz:   0% 3096 MHz: .00% 3300 MHz: .00% 3468 MHz: 1.7% 3624 MHz: 3.3% 3756 MHz: 1.6% 3828 MHz: .11% 3888 MHz:   0% 3948 MHz: .17% 3996 MHz:   0% 4044 MHz:   0% 4104 MHz: .06% 4416 MHz: .05% 4512 MHz:  14%)
CPU 13 idle residency:  78.67%
CPU 13 down residency:   0.00%
CPU 14 frequency: 3759 MHz
CPU 14 active residency:  38.19% (1260 MHz: .05% 1512 MHz: .03% 1800 MHz: .01% 2088 MHz:   0% 2352 MHz: .02% 2616 MHz:   0% 2868 MHz:   0% 3096 MHz: .01% 3300 MHz: .04% 3468 MHz:  10% 3624 MHz:  11% 3756 MHz: 6.1% 3828 MHz: 4.6% 3888 MHz: .02% 3948 MHz: .39% 3996 MHz:   0% 4044 MHz:   0% 4104 MHz: .39% 4416 MHz: .03% 4512 MHz: 5.5%)
CPU 14 idle residency:  61.81%
CPU 14 down residency:   0.00%
CPU 15 frequency: 4111 MHz
CPU 15 active residency:  32.64% (1260 MHz: .02% 1512 MHz: .00% 1800 MHz: .01% 2088 MHz:   0% 2352 MHz: .00% 2616 MHz:   0% 2868 MHz:   0% 3096 MHz: .00% 3300 MHz: .17% 3468 MHz: 3.5% 3624 MHz: 3.7% 3756 MHz: 2.4% 3828 MHz: 5.4% 3888 MHz: .08% 3948 MHz: .27% 3996 MHz:   0% 4044 MHz:   0% 4104 MHz: .35% 4416 MHz: .38% 4512 MHz:  16%)
CPU 15 idle residency:  67.36%
CPU 15 down residency:   0.00%

CPU Power: 4404 mW
GPU Power: 17989 mW
ANE Power: 0 mW
Combined Power (CPU + GPU + ANE): 22394 mW

**** GPU usage ****

GPU HW active frequency: 1275 MHz
GPU HW active residency: 100.00% (338 MHz:   0% 618 MHz:   0% 796 MHz:   0% 924 MHz:   0% 952 MHz:   0% 1056 MHz:   0% 1062 MHz:   0% 1182 MHz:  33% 1182 MHz:   0% 1312 MHz:  57% 1242 MHz:   0% 1380 MHz: 9.4% 1326 MHz:   0% 1470 MHz:   0% 1578 MHz:   0%)
GPU SW requested state: (P1 :   0% P2 :   0% P3 :   0% P4 :   0% P5 :   0% P6 :   0% P7 :   0% P8 :   0% P9 :   0% P10 : 100% P11 :   0% P12 :   0% P13 :   0% P14 :   0% P15 :   0%)
GPU SW state: (SW_P1 :   0% SW_P2 :   0% SW_P3 :   0% SW_P4 :   0% SW_P5 :   0% SW_P6 :  33% SW_P7 :  57% SW_P8 : 9.4% SW_P9 :   0% SW_P10 :   0% SW_P11 :   0% SW_P12 :   0% SW_P13 :   0% SW_P14 :   0% SW_P15 :   0%)
GPU idle residency:   0.00%
GPU Power: 17991 mW



*** Sampled system activity (Tue Jan 20 15:12:54 2026 +0100) (1020.66ms elapsed) ***


**** Processor usage ****

E-Cluster Online: 100%
E-Cluster HW active frequency: 1269 MHz
E-Cluster HW active residency:  60.60% (1020 MHz:  43% 1404 MHz: 7.1% 1788 MHz: 4.4% 2112 MHz: 1.4% 2352 MHz: .97% 2532 MHz: 2.4% 2592 MHz: 1.5%)
E-Cluster idle residency:  39.40%
E-Cluster down residency:   0.00%
CPU 0 frequency: 1270 MHz
CPU 0 active residency:  30.58% (1020 MHz:  22% 1404 MHz: 3.4% 1788 MHz: 2.4% 2112 MHz: .59% 2352 MHz: .47% 2532 MHz: 1.6% 2592 MHz: .50%)
CPU 0 idle residency:  69.42%
CPU 0 down residency:   0.00%
CPU 1 frequency: 1334 MHz
CPU 1 active residency:  21.04% (1020 MHz:  14% 1404 MHz: 2.4% 1788 MHz: 2.0% 2112 MHz: .50% 2352 MHz: .27% 2532 MHz: 1.2% 2592 MHz: .91%)
CPU 1 idle residency:  78.96%
CPU 1 down residency:   0.00%
CPU 2 frequency: 1292 MHz
CPU 2 active residency:  11.76% (1020 MHz: 8.1% 1404 MHz: 1.4% 1788 MHz: .98% 2112 MHz: .12% 2352 MHz: .42% 2532 MHz: .63% 2592 MHz: .18%)
CPU 2 idle residency:  88.24%
CPU 2 down residency:   0.00%
CPU 3 frequency: 1400 MHz
CPU 3 active residency:   7.43% (1020 MHz: 4.4% 1404 MHz: 1.1% 1788 MHz: .57% 2112 MHz: .27% 2352 MHz: .27% 2532 MHz: .72% 2592 MHz: .14%)
CPU 3 idle residency:  92.57%
CPU 3 down residency:   0.00%

P0-Cluster Online: 2%
P0-Cluster HW active frequency: 1393 MHz
P0-Cluster HW active residency:   0.29% (1260 MHz: .28% 1512 MHz:   0% 1800 MHz:   0% 2088 MHz:   0% 2352 MHz:   0% 2616 MHz:   0% 2868 MHz:   0% 3096 MHz:   0% 3300 MHz:   0% 3468 MHz:   0% 3624 MHz: .02% 3756 MHz:   0% 3828 MHz:   0% 3888 MHz:   0% 3948 MHz:   0% 3996 MHz:   0% 4044 MHz:   0% 4104 MHz:   0% 4416 MHz:   0% 4512 MHz:   0%)
P0-Cluster idle residency:   0.99%
P0-Cluster down residency:  98.71%
CPU 4 frequency: 3456 MHz
CPU 4 active residency:   3.28% (1260 MHz: .35% 1512 MHz: .00% 1800 MHz: .06% 2088 MHz:   0% 2352 MHz:   0% 2616 MHz:   0% 2868 MHz:   0% 3096 MHz:   0% 3300 MHz: .00% 3468 MHz: .01% 3624 MHz: .00% 3756 MHz: 2.9% 3828 MHz:   0% 3888 MHz:   0% 3948 MHz:   0% 3996 MHz:   0% 4044 MHz:   0% 4104 MHz:   0% 4416 MHz:   0% 4512 MHz:   0%)
CPU 4 idle residency:   1.18%
CPU 4 down residency:  95.54%
CPU 5 frequency: 3521 MHz
CPU 5 active residency:   4.73% (1260 MHz: .36% 1512 MHz: .00% 1800 MHz: .10% 2088 MHz:   0% 2352 MHz:   0% 2616 MHz:   0% 2868 MHz:   0% 3096 MHz:   0% 3300 MHz: .01% 3468 MHz: .02% 3624 MHz: .02% 3756 MHz: 4.2% 3828 MHz:   0% 3888 MHz:   0% 3948 MHz:   0% 3996 MHz:   0% 4044 MHz:   0% 4104 MHz:   0% 4416 MHz:   0% 4512 MHz:   0%)
CPU 5 idle residency:   1.17%
CPU 5 down residency:  94.10%
CPU 6 frequency: 3454 MHz
CPU 6 active residency:   3.76% (1260 MHz: .36% 1512 MHz: .00% 1800 MHz: .12% 2088 MHz:   0% 2352 MHz:   0% 2616 MHz:   0% 2868 MHz:   0% 3096 MHz:   0% 3300 MHz: .01% 3468 MHz: .02% 3624 MHz: .02% 3756 MHz: 3.2% 3828 MHz:   0% 3888 MHz:   0% 3948 MHz:   0% 3996 MHz:   0% 4044 MHz:   0% 4104 MHz:   0% 4416 MHz:   0% 4512 MHz:   0%)
CPU 6 idle residency:   1.18%
CPU 6 down residency:  95.06%
CPU 7 frequency: 3514 MHz
CPU 7 active residency:   4.46% (1260 MHz: .36% 1512 MHz: .00% 1800 MHz: .08% 2088 MHz:   0% 2352 MHz:   0% 2616 MHz:   0% 2868 MHz:   0% 3096 MHz:   0% 3300 MHz: .01% 3468 MHz: .03% 3624 MHz: .01% 3756 MHz: 4.0% 3828 MHz:   0% 3888 MHz:   0% 3948 MHz:   0% 3996 MHz:   0% 4044 MHz:   0% 4104 MHz:   0% 4416 MHz:   0% 4512 MHz:   0%)
CPU 7 idle residency:   1.17%
CPU 7 down residency:  94.37%
CPU 8 frequency: 2119 MHz
CPU 8 active residency:   0.62% (1260 MHz: .35% 1512 MHz: .00% 1800 MHz: .07% 2088 MHz:   0% 2352 MHz:   0% 2616 MHz:   0% 2868 MHz:   0% 3096 MHz:   0% 3300 MHz: .01% 3468 MHz: .02% 3624 MHz: .01% 3756 MHz: .16% 3828 MHz:   0% 3888 MHz:   0% 3948 MHz:   0% 3996 MHz:   0% 4044 MHz:   0% 4104 MHz:   0% 4416 MHz:   0% 4512 MHz:   0%)
CPU 8 idle residency:   1.21%
CPU 8 down residency:  98.16%
CPU 9 frequency: 1633 MHz
CPU 9 active residency:   0.45% (1260 MHz: .35% 1512 MHz:   0% 1800 MHz: .05% 2088 MHz:   0% 2352 MHz:   0% 2616 MHz:   0% 2868 MHz:   0% 3096 MHz:   0% 3300 MHz:   0% 3468 MHz: .03% 3624 MHz: .00% 3756 MHz: .03% 3828 MHz:   0% 3888 MHz:   0% 3948 MHz:   0% 3996 MHz:   0% 4044 MHz: .00% 4104 MHz:   0% 4416 MHz:   0% 4512 MHz:   0%)
CPU 9 idle residency:   1.22%
CPU 9 down residency:  98.33%

P1-Cluster HW active frequency: 3629 MHz
P1-Cluster HW active residency:  92.43% (1260 MHz: .46% 1512 MHz:   0% 1800 MHz: .04% 2088 MHz:   0% 2352 MHz:   0% 2616 MHz: .02% 2868 MHz: .00% 3096 MHz:   0% 3300 MHz:   0% 3468 MHz:  22% 3624 MHz:  41% 3756 MHz:  13% 3828 MHz:  11% 3888 MHz: 4.4% 3948 MHz:   0% 3996 MHz:   0% 4044 MHz:   0% 4104 MHz:   0% 4416 MHz:   0% 4512 MHz:   0%)
P1-Cluster idle residency:   7.57%
P1-Cluster down residency:   0.00%
CPU 10 frequency: 3650 MHz
CPU 10 active residency:  22.54% (1260 MHz: .01% 1512 MHz:   0% 1800 MHz: .03% 2088 MHz:   0% 2352 MHz:   0% 2616 MHz: .01% 2868 MHz:   0% 3096 MHz:   0% 3300 MHz:   0% 3468 MHz: .62% 3624 MHz:  17% 3756 MHz: 4.5% 3828 MHz: .19% 3888 MHz: .47% 3948 MHz:   0% 3996 MHz:   0% 4044 MHz:   0% 4104 MHz:   0% 4416 MHz:   0% 4512 MHz:   0%)
CPU 10 idle residency:  77.46%
CPU 10 down residency:   0.00%
CPU 11 frequency: 3758 MHz
CPU 11 active residency:  23.71% (1260 MHz:   0% 1512 MHz:   0% 1800 MHz: .00% 2088 MHz:   0% 2352 MHz:   0% 2616 MHz:   0% 2868 MHz:   0% 3096 MHz:   0% 3300 MHz:   0% 3468 MHz: .00% 3624 MHz: 7.0% 3756 MHz: 5.0% 3828 MHz: 9.7% 3888 MHz: 2.0% 3948 MHz:   0% 3996 MHz:   0% 4044 MHz:   0% 4104 MHz:   0% 4416 MHz:   0% 4512 MHz:   0%)
CPU 11 idle residency:  76.29%
CPU 11 down residency:   0.00%
CPU 12 frequency: 3647 MHz
CPU 12 active residency:  35.12% (1260 MHz: .04% 1512 MHz:   0% 1800 MHz:   0% 2088 MHz:   0% 2352 MHz:   0% 2616 MHz:   0% 2868 MHz:   0% 3096 MHz:   0% 3300 MHz:   0% 3468 MHz:  10% 3624 MHz:  11% 3756 MHz: 7.1% 3828 MHz: 4.5% 3888 MHz: 2.4% 3948 MHz:   0% 3996 MHz:   0% 4044 MHz:   0% 4104 MHz:   0% 4416 MHz:   0% 4512 MHz:   0%)
CPU 12 idle residency:  64.88%
CPU 12 down residency:   0.00%
CPU 13 frequency: 3643 MHz
CPU 13 active residency:  33.22% (1260 MHz: .04% 1512 MHz:   0% 1800 MHz:   0% 2088 MHz:   0% 2352 MHz:   0% 2616 MHz: .00% 2868 MHz: .00% 3096 MHz:   0% 3300 MHz:   0% 3468 MHz:  10% 3624 MHz: 9.6% 3756 MHz: 6.3% 3828 MHz: 4.6% 3888 MHz: 2.2% 3948 MHz:   0% 3996 MHz:   0% 4044 MHz:   0% 4104 MHz:   0% 4416 MHz:   0% 4512 MHz:   0%)
CPU 13 idle residency:  66.78%
CPU 13 down residency:   0.00%
CPU 14 frequency: 3629 MHz
CPU 14 active residency:  23.74% (1260 MHz: .03% 1512 MHz:   0% 1800 MHz: .01% 2088 MHz:   0% 2352 MHz:   0% 2616 MHz: .02% 2868 MHz: .00% 3096 MHz:   0% 3300 MHz:   0% 3468 MHz: .15% 3624 MHz:  22% 3756 MHz: .51% 3828 MHz: .83% 3888 MHz: .00% 3948 MHz:   0% 3996 MHz:   0% 4044 MHz:   0% 4104 MHz:   0% 4416 MHz:   0% 4512 MHz:   0%)
CPU 14 idle residency:  76.26%
CPU 14 down residency:   0.00%
CPU 15 frequency: 3640 MHz
CPU 15 active residency:  41.69% (1260 MHz: .06% 1512 MHz:   0% 1800 MHz: .00% 2088 MHz:   0% 2352 MHz:   0% 2616 MHz: .02% 2868 MHz:   0% 3096 MHz:   0% 3300 MHz:   0% 3468 MHz:  11% 3624 MHz:  17% 3756 MHz: 5.9% 3828 MHz: 5.3% 3888 MHz: 2.3% 3948 MHz:   0% 3996 MHz:   0% 4044 MHz:   0% 4104 MHz:   0% 4416 MHz:   0% 4512 MHz:   0%)
CPU 15 idle residency:  58.31%
CPU 15 down residency:   0.00%

CPU Power: 3630 mW
GPU Power: 16529 mW
ANE Power: 0 mW
Combined Power (CPU + GPU + ANE): 20159 mW

**** GPU usage ****

GPU HW active frequency: 1216 MHz
GPU HW active residency: 100.00% (338 MHz:   0% 618 MHz:   0% 796 MHz:   0% 924 MHz:   0% 952 MHz:   0% 1056 MHz: 3.5% 1062 MHz:   0% 1182 MHz:  67% 1182 MHz:   0% 1312 MHz:  30% 1242 MHz:   0% 1380 MHz:   0% 1326 MHz:   0% 1470 MHz:   0% 1578 MHz:   0%)
GPU SW requested state: (P1 :   0% P2 :   0% P3 :   0% P4 :   0% P5 :   0% P6 :   0% P7 :   0% P8 :   0% P9 :   0% P10 : 100% P11 :   0% P12 :   0% P13 :   0% P14 :   0% P15 :   0%)
GPU SW state: (SW_P1 :   0% SW_P2 :   0% SW_P3 :   0% SW_P4 :   0% SW_P5 : 3.5% SW_P6 :  67% SW_P7 :  30% SW_P8 :   0% SW_P9 :   0% SW_P10 :   0% SW_P11 :   0% SW_P12 :   0% SW_P13 :   0% SW_P14 :   0% SW_P15 :   0%)
GPU idle residency:   0.00%
GPU Power: 16520 mW



*** Sampled system activity (Tue Jan 20 15:12:55 2026 +0100) (1022.22ms elapsed) ***


**** Processor usage ****

E-Cluster Online: 100%
E-Cluster HW active frequency: 1390 MHz
E-Cluster HW active residency:  56.97% (1020 MHz:  34% 1404 MHz: 8.0% 1788 MHz: 5.5% 2112 MHz: 1.0% 2352 MHz: 1.2% 2532 MHz: 1.7% 2592 MHz: 5.4%)
E-Cluster idle residency:  43.03%
E-Cluster down residency:   0.00%
CPU 0 frequency: 1382 MHz
CPU 0 active residency:  26.13% (1020 MHz:  16% 1404 MHz: 3.7% 1788 MHz: 2.1% 2112 MHz: .32% 2352 MHz: .64% 2532 MHz: .91% 2592 MHz: 2.4%)
CPU 0 idle residency:  73.87%
CPU 0 down residency:   0.00%
CPU 1 frequency: 1398 MHz
CPU 1 active residency:  18.39% (1020 MHz:  11% 1404 MHz: 2.2% 1788 MHz: 2.3% 2112 MHz: .35% 2352 MHz: .40% 2532 MHz: .55% 2592 MHz: 1.6%)
CPU 1 idle residency:  81.61%
CPU 1 down residency:   0.00%
CPU 2 frequency: 1456 MHz
CPU 2 active residency:  11.27% (1020 MHz: 6.0% 1404 MHz: 1.6% 1788 MHz: 1.5% 2112 MHz: .44% 2352 MHz: .47% 2532 MHz: .38% 2592 MHz: .92%)
CPU 2 idle residency:  88.73%
CPU 2 down residency:   0.00%
CPU 3 frequency: 1464 MHz
CPU 3 active residency:   5.99% (1020 MHz: 3.4% 1404 MHz: .62% 1788 MHz: .71% 2112 MHz: .12% 2352 MHz: .40% 2532 MHz: .44% 2592 MHz: .36%)
CPU 3 idle residency:  94.01%
CPU 3 down residency:   0.00%

P0-Cluster Online: 48%
P0-Cluster HW active frequency: 3881 MHz
P0-Cluster HW active residency:  45.23% (1260 MHz: .34% 1512 MHz:   0% 1800 MHz: .08% 2088 MHz:   0% 2352 MHz:   0% 2616 MHz:   0% 2868 MHz:   0% 3096 MHz:   0% 3300 MHz:   0% 3468 MHz: .82% 3624 MHz: 4.9% 3756 MHz: 4.7% 3828 MHz: .88% 3888 MHz: 3.3% 3948 MHz:  12% 3996 MHz: 9.4% 4044 MHz: 8.1% 4104 MHz: .18% 4416 MHz:   0% 4512 MHz:   0%)
P0-Cluster idle residency:   2.59%
P0-Cluster down residency:  52.18%
CPU 4 frequency: 4153 MHz
CPU 4 active residency:  12.74% (1260 MHz: .07% 1512 MHz:   0% 1800 MHz:   0% 2088 MHz:   0% 2352 MHz:   0% 2616 MHz:   0% 2868 MHz:   0% 3096 MHz:   0% 3300 MHz:   0% 3468 MHz: .01% 3624 MHz:   0% 3756 MHz:   0% 3828 MHz:   0% 3888 MHz:   0% 3948 MHz:   0% 3996 MHz: 1.5% 4044 MHz: 3.1% 4104 MHz: 4.3% 4416 MHz: 3.8% 4512 MHz:   0%)
CPU 4 idle residency:  32.84%
CPU 4 down residency:  54.42%
CPU 5 frequency: 4117 MHz
CPU 5 active residency:  20.48% (1260 MHz: .07% 1512 MHz:   0% 1800 MHz:   0% 2088 MHz:   0% 2352 MHz:   0% 2616 MHz:   0% 2868 MHz:   0% 3096 MHz:   0% 3300 MHz:   0% 3468 MHz: .18% 3624 MHz:   0% 3756 MHz:   0% 3828 MHz:   0% 3888 MHz:   0% 3948 MHz:   0% 3996 MHz: 3.0% 4044 MHz: 6.0% 4104 MHz: 7.2% 4416 MHz: 4.1% 4512 MHz:   0%)
CPU 5 idle residency:  27.32%
CPU 5 down residency:  52.20%
CPU 6 frequency: 4246 MHz
CPU 6 active residency:  18.56% (1260 MHz: .07% 1512 MHz:   0% 1800 MHz:   0% 2088 MHz:   0% 2352 MHz:   0% 2616 MHz:   0% 2868 MHz:   0% 3096 MHz:   0% 3300 MHz:   0% 3468 MHz: .25% 3624 MHz:   0% 3756 MHz:   0% 3828 MHz:   0% 3888 MHz:   0% 3948 MHz:   0% 3996 MHz: 1.2% 4044 MHz: .20% 4104 MHz: 6.9% 4416 MHz:  10% 4512 MHz:   0%)
CPU 6 idle residency:  29.24%
CPU 6 down residency:  52.20%
CPU 7 frequency: 4109 MHz
CPU 7 active residency:  14.44% (1260 MHz: .07% 1512 MHz:   0% 1800 MHz:   0% 2088 MHz:   0% 2352 MHz:   0% 2616 MHz:   0% 2868 MHz:   0% 3096 MHz:   0% 3300 MHz:   0% 3468 MHz: .64% 3624 MHz:   0% 3756 MHz:   0% 3828 MHz:   0% 3888 MHz:   0% 3948 MHz:   0% 3996 MHz: 2.2% 4044 MHz: 2.7% 4104 MHz: 5.4% 4416 MHz: 3.4% 4512 MHz:   0%)
CPU 7 idle residency:  31.76%
CPU 7 down residency:  53.80%
CPU 8 frequency: 4138 MHz
CPU 8 active residency:  11.29% (1260 MHz: .07% 1512 MHz:   0% 1800 MHz:   0% 2088 MHz:   0% 2352 MHz:   0% 2616 MHz:   0% 2868 MHz:   0% 3096 MHz:   0% 3300 MHz:   0% 3468 MHz:   0% 3624 MHz:   0% 3756 MHz:   0% 3828 MHz:   0% 3888 MHz:   0% 3948 MHz:   0% 3996 MHz: 1.9% 4044 MHz: 2.0% 4104 MHz: 4.4% 4416 MHz: 2.9% 4512 MHz:   0%)
CPU 8 idle residency:  34.52%
CPU 8 down residency:  54.19%
CPU 9 frequency: 4179 MHz
CPU 9 active residency:  10.05% (1260 MHz: .07% 1512 MHz:   0% 1800 MHz:   0% 2088 MHz:   0% 2352 MHz:   0% 2616 MHz:   0% 2868 MHz:   0% 3096 MHz:   0% 3300 MHz:   0% 3468 MHz:   0% 3624 MHz:   0% 3756 MHz:   0% 3828 MHz:   0% 3888 MHz:   0% 3948 MHz:   0% 3996 MHz: 1.0% 4044 MHz: .99% 4104 MHz: 4.4% 4416 MHz: 3.6% 4512 MHz:   0%)
CPU 9 idle residency:  36.19%
CPU 9 down residency:  53.76%

P1-Cluster HW active frequency: 3530 MHz
P1-Cluster HW active residency:  50.08% (1260 MHz: 1.2% 1512 MHz:   0% 1800 MHz: .02% 2088 MHz: .02% 2352 MHz:   0% 2616 MHz:   0% 2868 MHz: .04% 3096 MHz:   0% 3300 MHz: .00% 3468 MHz:  23% 3624 MHz:  18% 3756 MHz: 4.8% 3828 MHz: .77% 3888 MHz: .01% 3948 MHz: .39% 3996 MHz: 1.1% 4044 MHz: .73% 4104 MHz: .28% 4416 MHz:   0% 4512 MHz:   0%)
P1-Cluster idle residency:  16.23%
P1-Cluster down residency:  33.69%
CPU 10 frequency: 3614 MHz
CPU 10 active residency:  16.04% (1260 MHz: .08% 1512 MHz:   0% 1800 MHz: .00% 2088 MHz:   0% 2352 MHz:   0% 2616 MHz:   0% 2868 MHz:   0% 3096 MHz:   0% 3300 MHz: .00% 3468 MHz: 4.9% 3624 MHz: 7.1% 3756 MHz: 2.8% 3828 MHz: .42% 3888 MHz:   0% 3948 MHz: .03% 3996 MHz: .02% 4044 MHz: .15% 4104 MHz: .55% 4416 MHz:   0% 4512 MHz:   0%)
CPU 10 idle residency:  50.24%
CPU 10 down residency:  33.71%
CPU 11 frequency: 3632 MHz
CPU 11 active residency:  14.90% (1260 MHz: .07% 1512 MHz:   0% 1800 MHz:   0% 2088 MHz:   0% 2352 MHz:   0% 2616 MHz:   0% 2868 MHz:   0% 3096 MHz:   0% 3300 MHz:   0% 3468 MHz: 5.0% 3624 MHz: 6.1% 3756 MHz: 2.0% 3828 MHz: .07% 3888 MHz:   0% 3948 MHz: .03% 3996 MHz: .02% 4044 MHz: .15% 4104 MHz: 1.4% 4416 MHz:   0% 4512 MHz:   0%)
CPU 11 idle residency:  51.39%
CPU 11 down residency:  33.71%
CPU 12 frequency: 3520 MHz
CPU 12 active residency:  10.35% (1260 MHz: .05% 1512 MHz:   0% 1800 MHz: .00% 2088 MHz: .00% 2352 MHz:   0% 2616 MHz:   0% 2868 MHz: .00% 3096 MHz:   0% 3300 MHz:   0% 3468 MHz: 7.4% 3624 MHz: 1.6% 3756 MHz: 1.0% 3828 MHz: .27% 3888 MHz:   0% 3948 MHz: .02% 3996 MHz: .02% 4044 MHz:   0% 4104 MHz:   0% 4416 MHz:   0% 4512 MHz:   0%)
CPU 12 idle residency:  55.93%
CPU 12 down residency:  33.71%
CPU 13 frequency: 3499 MHz
CPU 13 active residency:  10.73% (1260 MHz: .03% 1512 MHz:   0% 1800 MHz: .02% 2088 MHz: .02% 2352 MHz:   0% 2616 MHz:   0% 2868 MHz: .04% 3096 MHz:   0% 3300 MHz: .00% 3468 MHz: 8.8% 3624 MHz: .95% 3756 MHz: .02% 3828 MHz: .38% 3888 MHz:   0% 3948 MHz: .39% 3996 MHz: .02% 4044 MHz:   0% 4104 MHz:   0% 4416 MHz:   0% 4512 MHz:   0%)
CPU 13 idle residency:  55.42%
CPU 13 down residency:  33.85%
CPU 14 frequency: 3574 MHz
CPU 14 active residency:  15.08% (1260 MHz: .06% 1512 MHz:   0% 1800 MHz: .00% 2088 MHz:   0% 2352 MHz:   0% 2616 MHz:   0% 2868 MHz:   0% 3096 MHz:   0% 3300 MHz:   0% 3468 MHz: 6.3% 3624 MHz: 6.1% 3756 MHz: 2.5% 3828 MHz: .05% 3888 MHz:   0% 3948 MHz:   0% 3996 MHz: .02% 4044 MHz:   0% 4104 MHz: .04% 4416 MHz:   0% 4512 MHz:   0%)
CPU 14 idle residency:  51.21%
CPU 14 down residency:  33.71%
CPU 15 frequency: 3500 MHz
CPU 15 active residency:   7.96% (1260 MHz: .06% 1512 MHz:   0% 1800 MHz:   0% 2088 MHz:   0% 2352 MHz:   0% 2616 MHz:   0% 2868 MHz:   0% 3096 MHz:   0% 3300 MHz:   0% 3468 MHz: 6.5% 3624 MHz: .78% 3756 MHz: .04% 3828 MHz: .38% 3888 MHz:   0% 3948 MHz: .21% 3996 MHz: .02% 4044 MHz:   0% 4104 MHz:   0% 4416 MHz:   0% 4512 MHz:   0%)
CPU 15 idle residency:  58.33%
CPU 15 down residency:  33.71%

CPU Power: 4416 mW
GPU Power: 16580 mW
ANE Power: 0 mW
Combined Power (CPU + GPU + ANE): 20996 mW

**** GPU usage ****

GPU HW active frequency: 1215 MHz
GPU HW active residency: 100.00% (338 MHz:   0% 618 MHz:   0% 796 MHz:   0% 924 MHz:   0% 952 MHz:   0% 1056 MHz: 1.9% 1062 MHz:   0% 1182 MHz:  71% 1182 MHz:   0% 1312 MHz:  27% 1242 MHz:   0% 1380 MHz:   0% 1326 MHz:   0% 1470 MHz:   0% 1578 MHz:   0%)
GPU SW requested state: (P1 :   0% P2 :   0% P3 :   0% P4 :   0% P5 :   0% P6 :   0% P7 :   0% P8 :   0% P9 :   0% P10 : 100% P11 :   0% P12 :   0% P13 :   0% P14 :   0% P15 :   0%)
GPU SW state: (SW_P1 :   0% SW_P2 :   0% SW_P3 :   0% SW_P4 :   0% SW_P5 : 1.9% SW_P6 :  71% SW_P7 :  27% SW_P8 :   0% SW_P9 :   0% SW_P10 :   0% SW_P11 :   0% SW_P12 :   0% SW_P13 :   0% SW_P14 :   0% SW_P15 :   0%)
GPU idle residency:   0.00%
GPU Power: 16584 mW



*** Sampled system activity (Tue Jan 20 15:12:56 2026 +0100) (1023.52ms elapsed) ***


**** Processor usage ****

E-Cluster Online: 100%
E-Cluster HW active frequency: 1469 MHz
E-Cluster HW active residency:  60.33% (1020 MHz:  36% 1404 MHz: 5.0% 1788 MHz: 4.6% 2112 MHz: 1.1% 2352 MHz: 2.0% 2532 MHz: 2.2% 2592 MHz: 9.2%)
E-Cluster idle residency:  39.67%
E-Cluster down residency:   0.00%
CPU 0 frequency: 1427 MHz
CPU 0 active residency:  31.92% (1020 MHz:  20% 1404 MHz: 2.7% 1788 MHz: 2.7% 2112 MHz: .43% 2352 MHz: .91% 2532 MHz: 1.3% 2592 MHz: 4.0%)
CPU 0 idle residency:  68.08%
CPU 0 down residency:   0.00%
CPU 1 frequency: 1426 MHz
CPU 1 active residency:  20.39% (1020 MHz:  13% 1404 MHz: 1.6% 1788 MHz: 2.0% 2112 MHz: .18% 2352 MHz: .70% 2532 MHz: .86% 2592 MHz: 2.3%)
CPU 1 idle residency:  79.61%
CPU 1 down residency:   0.00%
CPU 2 frequency: 1425 MHz
CPU 2 active residency:  13.91% (1020 MHz: 8.4% 1404 MHz: 1.1% 1788 MHz: 1.9% 2112 MHz: .10% 2352 MHz: .49% 2532 MHz: .66% 2592 MHz: 1.3%)
CPU 2 idle residency:  86.09%
CPU 2 down residency:   0.00%
CPU 3 frequency: 1559 MHz
CPU 3 active residency:   9.64% (1020 MHz: 5.0% 1404 MHz: .79% 1788 MHz: 1.3% 2112 MHz: .18% 2352 MHz: .24% 2532 MHz: .81% 2592 MHz: 1.4%)
CPU 3 idle residency:  90.36%
CPU 3 down residency:   0.00%

P0-Cluster Online: 10%
P0-Cluster HW active frequency: 1537 MHz
P0-Cluster HW active residency:   2.98% (1260 MHz: 2.6% 1512 MHz:   0% 1800 MHz:   0% 2088 MHz:   0% 2352 MHz: .05% 2616 MHz:   0% 2868 MHz:   0% 3096 MHz:   0% 3300 MHz:   0% 3468 MHz:   0% 3624 MHz:   0% 3756 MHz: .05% 3828 MHz: .13% 3888 MHz: .12% 3948 MHz:   0% 3996 MHz:   0% 4044 MHz:   0% 4104 MHz:   0% 4416 MHz:   0% 4512 MHz:   0%)
P0-Cluster idle residency:   4.81%
P0-Cluster down residency:  92.20%
CPU 4 frequency: 0 MHz
CPU 4 active residency:   0.00% (1260 MHz:   0% 1512 MHz:   0% 1800 MHz:   0% 2088 MHz:   0% 2352 MHz:   0% 2616 MHz:   0% 2868 MHz:   0% 3096 MHz:   0% 3300 MHz:   0% 3468 MHz:   0% 3624 MHz:   0% 3756 MHz:   0% 3828 MHz:   0% 3888 MHz:   0% 3948 MHz:   0% 3996 MHz:   0% 4044 MHz:   0% 4104 MHz:   0% 4416 MHz:   0% 4512 MHz:   0%)
CPU 4 idle residency:   7.28%
CPU 4 down residency:  92.72%
CPU 5 frequency: 0 MHz
CPU 5 active residency:   0.00% (1260 MHz:   0% 1512 MHz:   0% 1800 MHz:   0% 2088 MHz:   0% 2352 MHz:   0% 2616 MHz:   0% 2868 MHz:   0% 3096 MHz:   0% 3300 MHz:   0% 3468 MHz:   0% 3624 MHz:   0% 3756 MHz:   0% 3828 MHz:   0% 3888 MHz:   0% 3948 MHz:   0% 3996 MHz:   0% 4044 MHz:   0% 4104 MHz:   0% 4416 MHz:   0% 4512 MHz:   0%)
CPU 5 idle residency:   7.38%
CPU 5 down residency:  92.62%
CPU 6 frequency: 0 MHz
CPU 6 active residency:   0.00% (1260 MHz:   0% 1512 MHz:   0% 1800 MHz:   0% 2088 MHz:   0% 2352 MHz:   0% 2616 MHz:   0% 2868 MHz:   0% 3096 MHz:   0% 3300 MHz:   0% 3468 MHz:   0% 3624 MHz:   0% 3756 MHz:   0% 3828 MHz:   0% 3888 MHz:   0% 3948 MHz:   0% 3996 MHz:   0% 4044 MHz:   0% 4104 MHz:   0% 4416 MHz:   0% 4512 MHz:   0%)
CPU 6 idle residency:   7.38%
CPU 6 down residency:  92.62%
CPU 7 frequency: 0 MHz
CPU 7 active residency:   0.00% (1260 MHz:   0% 1512 MHz:   0% 1800 MHz:   0% 2088 MHz:   0% 2352 MHz:   0% 2616 MHz:   0% 2868 MHz:   0% 3096 MHz:   0% 3300 MHz:   0% 3468 MHz:   0% 3624 MHz:   0% 3756 MHz:   0% 3828 MHz:   0% 3888 MHz:   0% 3948 MHz:   0% 3996 MHz:   0% 4044 MHz:   0% 4104 MHz:   0% 4416 MHz:   0% 4512 MHz:   0%)
CPU 7 idle residency:   7.38%
CPU 7 down residency:  92.62%
CPU 8 frequency: 0 MHz
CPU 8 active residency:   0.00% (1260 MHz:   0% 1512 MHz:   0% 1800 MHz:   0% 2088 MHz:   0% 2352 MHz:   0% 2616 MHz:   0% 2868 MHz:   0% 3096 MHz:   0% 3300 MHz:   0% 3468 MHz:   0% 3624 MHz:   0% 3756 MHz:   0% 3828 MHz:   0% 3888 MHz:   0% 3948 MHz:   0% 3996 MHz:   0% 4044 MHz:   0% 4104 MHz:   0% 4416 MHz:   0% 4512 MHz:   0%)
CPU 8 idle residency:   7.36%
CPU 8 down residency:  92.64%
CPU 9 frequency: 0 MHz
CPU 9 active residency:   0.00% (1260 MHz:   0% 1512 MHz:   0% 1800 MHz:   0% 2088 MHz:   0% 2352 MHz:   0% 2616 MHz:   0% 2868 MHz:   0% 3096 MHz:   0% 3300 MHz:   0% 3468 MHz:   0% 3624 MHz:   0% 3756 MHz:   0% 3828 MHz:   0% 3888 MHz:   0% 3948 MHz:   0% 3996 MHz:   0% 4044 MHz:   0% 4104 MHz:   0% 4416 MHz:   0% 4512 MHz:   0%)
CPU 9 idle residency:   7.31%
CPU 9 down residency:  92.69%

P1-Cluster HW active frequency: 3696 MHz
P1-Cluster HW active residency:  91.02% (1260 MHz: .40% 1512 MHz: .01% 1800 MHz: .03% 2088 MHz: .03% 2352 MHz: .00% 2616 MHz:   0% 2868 MHz:   0% 3096 MHz: .03% 3300 MHz: 6.2% 3468 MHz:  22% 3624 MHz:  21% 3756 MHz: 6.9% 3828 MHz: .14% 3888 MHz: 1.8% 3948 MHz:  15% 3996 MHz: 9.9% 4044 MHz: 7.4% 4104 MHz:   0% 4416 MHz:   0% 4512 MHz:   0%)
P1-Cluster idle residency:   8.98%
P1-Cluster down residency:   0.00%
CPU 10 frequency: 3904 MHz
CPU 10 active residency:  40.80% (1260 MHz: .06% 1512 MHz: .01% 1800 MHz: .00% 2088 MHz: .01% 2352 MHz:   0% 2616 MHz:   0% 2868 MHz:   0% 3096 MHz: .02% 3300 MHz: 2.7% 3468 MHz: 9.9% 3624 MHz:  10% 3756 MHz: 2.2% 3828 MHz: .01% 3888 MHz:   0% 3948 MHz: .12% 3996 MHz:   0% 4044 MHz:   0% 4104 MHz: .25% 4416 MHz: 1.1% 4512 MHz:  14%)
CPU 10 idle residency:  59.20%
CPU 10 down residency:   0.00%
CPU 11 frequency: 3934 MHz
CPU 11 active residency:  23.70% (1260 MHz: .04% 1512 MHz:   0% 1800 MHz: .01% 2088 MHz: .03% 2352 MHz: .00% 2616 MHz:   0% 2868 MHz:   0% 3096 MHz: .03% 3300 MHz: .23% 3468 MHz: 3.1% 3624 MHz: 9.0% 3756 MHz: 2.6% 3828 MHz: .02% 3888 MHz:   0% 3948 MHz:   0% 3996 MHz:   0% 4044 MHz:   0% 4104 MHz: .00% 4416 MHz: .08% 4512 MHz: 8.6%)
CPU 11 idle residency:  76.30%
CPU 11 down residency:   0.00%
CPU 12 frequency: 3956 MHz
CPU 12 active residency:  35.58% (1260 MHz: .07% 1512 MHz:   0% 1800 MHz: .01% 2088 MHz: .01% 2352 MHz: .00% 2616 MHz:   0% 2868 MHz:   0% 3096 MHz: .00% 3300 MHz: 2.5% 3468 MHz: 8.9% 3624 MHz: 7.0% 3756 MHz: 1.1% 3828 MHz: .00% 3888 MHz:   0% 3948 MHz:   0% 3996 MHz:   0% 4044 MHz:   0% 4104 MHz: .08% 4416 MHz: 1.1% 4512 MHz:  15%)
CPU 12 idle residency:  64.42%
CPU 12 down residency:   0.00%
CPU 13 frequency: 3895 MHz
CPU 13 active residency:  34.17% (1260 MHz: .01% 1512 MHz:   0% 1800 MHz:   0% 2088 MHz: .00% 2352 MHz: .00% 2616 MHz:   0% 2868 MHz:   0% 3096 MHz: .00% 3300 MHz: 2.9% 3468 MHz: 9.0% 3624 MHz: 7.0% 3756 MHz: 2.3% 3828 MHz: .07% 3888 MHz:   0% 3948 MHz: .03% 3996 MHz:   0% 4044 MHz:   0% 4104 MHz: .04% 4416 MHz: .02% 4512 MHz:  13%)
CPU 13 idle residency:  65.83%
CPU 13 down residency:   0.00%
CPU 14 frequency: 4169 MHz
CPU 14 active residency:  27.49% (1260 MHz: .00% 1512 MHz: .00% 1800 MHz: .01% 2088 MHz: .03% 2352 MHz:   0% 2616 MHz:   0% 2868 MHz:   0% 3096 MHz: .03% 3300 MHz: .04% 3468 MHz: 2.7% 3624 MHz: 6.3% 3756 MHz: .38% 3828 MHz:   0% 3888 MHz:   0% 3948 MHz: .38% 3996 MHz:   0% 4044 MHz:   0% 4104 MHz: .39% 4416 MHz: 1.7% 4512 MHz:  16%)
CPU 14 idle residency:  72.51%
CPU 14 down residency:   0.00%
CPU 15 frequency: 4361 MHz
CPU 15 active residency:  16.76% (1260 MHz:   0% 1512 MHz:   0% 1800 MHz:   0% 2088 MHz:   0% 2352 MHz:   0% 2616 MHz:   0% 2868 MHz:   0% 3096 MHz: .00% 3300 MHz: .00% 3468 MHz: .06% 3624 MHz: 2.5% 3756 MHz: .08% 3828 MHz:   0% 3888 MHz:   0% 3948 MHz: .02% 3996 MHz:   0% 4044 MHz:   0% 4104 MHz: .07% 4416 MHz: 1.2% 4512 MHz:  13%)
CPU 15 idle residency:  83.24%
CPU 15 down residency:   0.00%

CPU Power: 4373 mW
GPU Power: 16051 mW
ANE Power: 0 mW
Combined Power (CPU + GPU + ANE): 20425 mW

**** GPU usage ****

GPU HW active frequency: 1191 MHz
GPU HW active residency: 100.00% (338 MHz:   0% 618 MHz:   0% 796 MHz:   0% 924 MHz:   0% 952 MHz:   0% 1056 MHz: 8.5% 1062 MHz:   0% 1182 MHz:  77% 1182 MHz:   0% 1312 MHz:  15% 1242 MHz:   0% 1380 MHz:   0% 1326 MHz:   0% 1470 MHz:   0% 1578 MHz:   0%)
GPU SW requested state: (P1 :   0% P2 :   0% P3 :   0% P4 :   0% P5 :   0% P6 :   0% P7 :   0% P8 :   0% P9 :   0% P10 : 100% P11 :   0% P12 :   0% P13 :   0% P14 :   0% P15 :   0%)
GPU SW state: (SW_P1 :   0% SW_P2 :   0% SW_P3 :   0% SW_P4 :   0% SW_P5 : 8.5% SW_P6 :  77% SW_P7 :  15% SW_P8 :   0% SW_P9 :   0% SW_P10 :   0% SW_P11 :   0% SW_P12 :   0% SW_P13 :   0% SW_P14 :   0% SW_P15 :   0%)
GPU idle residency:   0.00%
GPU Power: 16049 mW



*** Sampled system activity (Tue Jan 20 15:12:57 2026 +0100) (1023.08ms elapsed) ***


**** Processor usage ****

E-Cluster Online: 100%
E-Cluster HW active frequency: 1506 MHz
E-Cluster HW active residency:  54.77% (1020 MHz:  30% 1404 MHz: 6.1% 1788 MHz: 4.7% 2112 MHz: .83% 2352 MHz: 1.3% 2532 MHz: 1.9% 2592 MHz: 9.7%)
E-Cluster idle residency:  45.23%
E-Cluster down residency:   0.00%
CPU 0 frequency: 1481 MHz
CPU 0 active residency:  27.42% (1020 MHz:  16% 1404 MHz: 2.9% 1788 MHz: 2.7% 2112 MHz: .41% 2352 MHz: .49% 2532 MHz: 1.2% 2592 MHz: 4.2%)
CPU 0 idle residency:  72.58%
CPU 0 down residency:   0.00%
CPU 1 frequency: 1510 MHz
CPU 1 active residency:  16.26% (1020 MHz: 9.2% 1404 MHz: 1.4% 1788 MHz: 1.5% 2112 MHz: .23% 2352 MHz: .40% 2532 MHz: .87% 2592 MHz: 2.7%)
CPU 1 idle residency:  83.74%
CPU 1 down residency:   0.00%
CPU 2 frequency: 1558 MHz
CPU 2 active residency:   9.08% (1020 MHz: 4.9% 1404 MHz: .52% 1788 MHz: .96% 2112 MHz: .19% 2352 MHz: .42% 2532 MHz: 1.1% 2592 MHz: .97%)
CPU 2 idle residency:  90.92%
CPU 2 down residency:   0.00%
CPU 3 frequency: 1566 MHz
CPU 3 active residency:   6.41% (1020 MHz: 2.9% 1404 MHz: .67% 1788 MHz: 1.3% 2112 MHz: .23% 2352 MHz: .22% 2532 MHz: .62% 2592 MHz: .48%)
CPU 3 idle residency:  93.59%
CPU 3 down residency:   0.00%

P0-Cluster Online: 3%
P0-Cluster HW active frequency: 1438 MHz
P0-Cluster HW active residency:   0.57% (1260 MHz: .52% 1512 MHz:   0% 1800 MHz:   0% 2088 MHz:   0% 2352 MHz:   0% 2616 MHz:   0% 2868 MHz:   0% 3096 MHz:   0% 3300 MHz: .05% 3468 MHz:   0% 3624 MHz:   0% 3756 MHz:   0% 3828 MHz:   0% 3888 MHz:   0% 3948 MHz:   0% 3996 MHz:   0% 4044 MHz:   0% 4104 MHz:   0% 4416 MHz:   0% 4512 MHz:   0%)
P0-Cluster idle residency:   1.37%
P0-Cluster down residency:  98.06%
CPU 4 frequency: 3436 MHz
CPU 4 active residency:   4.48% (1260 MHz: .45% 1512 MHz:   0% 1800 MHz: .02% 2088 MHz:   0% 2352 MHz: .00% 2616 MHz:   0% 2868 MHz:   0% 3096 MHz:   0% 3300 MHz: .02% 3468 MHz: .03% 3624 MHz: 2.2% 3756 MHz: 1.5% 3828 MHz: .07% 3888 MHz: .08% 3948 MHz:   0% 3996 MHz:   0% 4044 MHz:   0% 4104 MHz: .05% 4416 MHz:   0% 4512 MHz:   0%)
CPU 4 idle residency:   1.77%
CPU 4 down residency:  93.75%
CPU 5 frequency: 1536 MHz
CPU 5 active residency:   0.47% (1260 MHz: .41% 1512 MHz:   0% 1800 MHz: .00% 2088 MHz:   0% 2352 MHz:   0% 2616 MHz:   0% 2868 MHz:   0% 3096 MHz:   0% 3300 MHz:   0% 3468 MHz: .00% 3624 MHz: .00% 3756 MHz: .02% 3828 MHz:   0% 3888 MHz: .02% 3948 MHz:   0% 3996 MHz:   0% 4044 MHz:   0% 4104 MHz:   0% 4416 MHz:   0% 4512 MHz:   0%)
CPU 5 idle residency:   1.86%
CPU 5 down residency:  97.67%
CPU 6 frequency: 1526 MHz
CPU 6 active residency:   0.46% (1260 MHz: .41% 1512 MHz:   0% 1800 MHz: .00% 2088 MHz:   0% 2352 MHz:   0% 2616 MHz:   0% 2868 MHz:   0% 3096 MHz:   0% 3300 MHz:   0% 3468 MHz: .01% 3624 MHz:   0% 3756 MHz: .02% 3828 MHz:   0% 3888 MHz: .02% 3948 MHz:   0% 3996 MHz:   0% 4044 MHz:   0% 4104 MHz:   0% 4416 MHz:   0% 4512 MHz:   0%)
CPU 6 idle residency:   1.86%
CPU 6 down residency:  97.68%
CPU 7 frequency: 3408 MHz
CPU 7 active residency:   3.34% (1260 MHz: .42% 1512 MHz:   0% 1800 MHz: .00% 2088 MHz:   0% 2352 MHz:   0% 2616 MHz:   0% 2868 MHz:   0% 3096 MHz:   0% 3300 MHz:   0% 3468 MHz: .01% 3624 MHz: 1.6% 3756 MHz: .92% 3828 MHz: .07% 3888 MHz: .02% 3948 MHz:   0% 3996 MHz:   0% 4044 MHz:   0% 4104 MHz: .27% 4416 MHz:   0% 4512 MHz:   0%)
CPU 7 idle residency:   1.81%
CPU 7 down residency:  94.85%
CPU 8 frequency: 3443 MHz
CPU 8 active residency:   4.01% (1260 MHz: .40% 1512 MHz:   0% 1800 MHz: .01% 2088 MHz:   0% 2352 MHz:   0% 2616 MHz:   0% 2868 MHz:   0% 3096 MHz:   0% 3300 MHz:   0% 3468 MHz: .08% 3624 MHz: 1.7% 3756 MHz: 1.7% 3828 MHz: .10% 3888 MHz: .02% 3948 MHz:   0% 3996 MHz:   0% 4044 MHz:   0% 4104 MHz:   0% 4416 MHz:   0% 4512 MHz:   0%)
CPU 8 idle residency:   1.80%
CPU 8 down residency:  94.20%
CPU 9 frequency: 3421 MHz
CPU 9 active residency:   3.34% (1260 MHz: .41% 1512 MHz:   0% 1800 MHz: .00% 2088 MHz:   0% 2352 MHz:   0% 2616 MHz:   0% 2868 MHz:   0% 3096 MHz:   0% 3300 MHz:   0% 3468 MHz: .02% 3624 MHz: 1.2% 3756 MHz: 1.1% 3828 MHz: .50% 3888 MHz: .02% 3948 MHz:   0% 3996 MHz:   0% 4044 MHz:   0% 4104 MHz: .10% 4416 MHz:   0% 4512 MHz:   0%)
CPU 9 idle residency:   1.81%
CPU 9 down residency:  94.85%

P1-Cluster HW active frequency: 3576 MHz
P1-Cluster HW active residency:  92.05% (1260 MHz: .48% 1512 MHz: .03% 1800 MHz: .03% 2088 MHz: .02% 2352 MHz:   0% 2616 MHz: .04% 2868 MHz:   0% 3096 MHz:   0% 3300 MHz:  45% 3468 MHz: 8.2% 3624 MHz: 3.4% 3756 MHz: .38% 3828 MHz:   0% 3888 MHz: .76% 3948 MHz:  13% 3996 MHz:  10% 4044 MHz:  10% 4104 MHz:   0% 4416 MHz: .05% 4512 MHz: .17%)
P1-Cluster idle residency:   7.95%
P1-Cluster down residency:   0.00%
CPU 10 frequency: 3628 MHz
CPU 10 active residency:  41.01% (1260 MHz: .05% 1512 MHz: .03% 1800 MHz: .03% 2088 MHz:   0% 2352 MHz:   0% 2616 MHz: .02% 2868 MHz:   0% 3096 MHz:   0% 3300 MHz:  25% 3468 MHz: 4.1% 3624 MHz: .87% 3756 MHz: .06% 3828 MHz:   0% 3888 MHz:   0% 3948 MHz: .10% 3996 MHz:   0% 4044 MHz:   0% 4104 MHz: .09% 4416 MHz:   0% 4512 MHz:  10%)
CPU 10 idle residency:  58.99%
CPU 10 down residency:   0.00%
CPU 11 frequency: 4223 MHz
CPU 11 active residency:  18.17% (1260 MHz: .01% 1512 MHz:   0% 1800 MHz:   0% 2088 MHz:   0% 2352 MHz:   0% 2616 MHz: .00% 2868 MHz:   0% 3096 MHz:   0% 3300 MHz: 3.0% 3468 MHz: .99% 3624 MHz: .52% 3756 MHz: .00% 3828 MHz:   0% 3888 MHz:   0% 3948 MHz: .01% 3996 MHz:   0% 4044 MHz:   0% 4104 MHz: .07% 4416 MHz: .21% 4512 MHz:  13%)
CPU 11 idle residency:  81.83%
CPU 11 down residency:   0.00%
CPU 12 frequency: 4179 MHz
CPU 12 active residency:  23.25% (1260 MHz:   0% 1512 MHz: .00% 1800 MHz: .01% 2088 MHz: .02% 2352 MHz:   0% 2616 MHz: .00% 2868 MHz:   0% 3096 MHz:   0% 3300 MHz: .47% 3468 MHz: 4.6% 3624 MHz: 2.4% 3756 MHz: .17% 3828 MHz:   0% 3888 MHz:   0% 3948 MHz: .02% 3996 MHz:   0% 4044 MHz:   0% 4104 MHz:   0% 4416 MHz:   0% 4512 MHz:  16%)
CPU 12 idle residency:  76.75%
CPU 12 down residency:   0.00%
CPU 13 frequency: 4049 MHz
CPU 13 active residency:  19.46% (1260 MHz: .01% 1512 MHz: .03% 1800 MHz:   0% 2088 MHz:   0% 2352 MHz:   0% 2616 MHz:   0% 2868 MHz:   0% 3096 MHz:   0% 3300 MHz: 1.3% 3468 MHz: 4.6% 3624 MHz: 2.1% 3756 MHz: .38% 3828 MHz:   0% 3888 MHz:   0% 3948 MHz: .39% 3996 MHz:   0% 4044 MHz:   0% 4104 MHz: .39% 4416 MHz: .38% 4512 MHz: 9.9%)
CPU 13 idle residency:  80.54%
CPU 13 down residency:   0.00%
CPU 14 frequency: 3784 MHz
CPU 14 active residency:  32.12% (1260 MHz: .07% 1512 MHz:   0% 1800 MHz:   0% 2088 MHz: .00% 2352 MHz:   0% 2616 MHz: .04% 2868 MHz:   0% 3096 MHz:   0% 3300 MHz:  19% 3468 MHz: .18% 3624 MHz: .18% 3756 MHz:   0% 3828 MHz:   0% 3888 MHz:   0% 3948 MHz: .03% 3996 MHz:   0% 4044 MHz:   0% 4104 MHz: .02% 4416 MHz: .03% 4512 MHz:  13%)
CPU 14 idle residency:  67.88%
CPU 14 down residency:   0.00%
CPU 15 frequency: 3740 MHz
CPU 15 active residency:  32.35% (1260 MHz: .05% 1512 MHz:   0% 1800 MHz:   0% 2088 MHz:   0% 2352 MHz:   0% 2616 MHz: .02% 2868 MHz:   0% 3096 MHz:   0% 3300 MHz:  20% 3468 MHz: .00% 3624 MHz: .00% 3756 MHz:   0% 3828 MHz:   0% 3888 MHz:   0% 3948 MHz: .01% 3996 MHz:   0% 4044 MHz:   0% 4104 MHz: .01% 4416 MHz: .06% 4512 MHz:  12%)
CPU 15 idle residency:  67.65%
CPU 15 down residency:   0.00%

CPU Power: 3841 mW
GPU Power: 15893 mW
ANE Power: 0 mW
Combined Power (CPU + GPU + ANE): 19734 mW

**** GPU usage ****

GPU HW active frequency: 1188 MHz
GPU HW active residency: 100.00% (338 MHz:   0% 618 MHz:   0% 796 MHz:   0% 924 MHz:   0% 952 MHz:   0% 1056 MHz:  11% 1062 MHz:   0% 1182 MHz:  75% 1182 MHz:   0% 1312 MHz:  15% 1242 MHz:   0% 1380 MHz:   0% 1326 MHz:   0% 1470 MHz:   0% 1578 MHz:   0%)
GPU SW requested state: (P1 :   0% P2 :   0% P3 :   0% P4 :   0% P5 :   0% P6 :   0% P7 :   0% P8 :   0% P9 :   0% P10 : 100% P11 :   0% P12 :   0% P13 :   0% P14 :   0% P15 :   0%)
GPU SW state: (SW_P1 :   0% SW_P2 :   0% SW_P3 :   0% SW_P4 :   0% SW_P5 :  11% SW_P6 :  75% SW_P7 :  15% SW_P8 :   0% SW_P9 :   0% SW_P10 :   0% SW_P11 :   0% SW_P12 :   0% SW_P13 :   0% SW_P14 :   0% SW_P15 :   0%)
GPU idle residency:   0.00%
GPU Power: 15888 mW



*** Sampled system activity (Tue Jan 20 15:12:58 2026 +0100) (1019.91ms elapsed) ***


**** Processor usage ****

E-Cluster Online: 100%
E-Cluster HW active frequency: 1225 MHz
E-Cluster HW active residency:  59.74% (1020 MHz:  45% 1404 MHz: 6.8% 1788 MHz: 3.1% 2112 MHz: .82% 2352 MHz: .21% 2532 MHz: 1.0% 2592 MHz: 2.9%)
E-Cluster idle residency:  40.26%
E-Cluster down residency:   0.00%
CPU 0 frequency: 1223 MHz
CPU 0 active residency:  29.96% (1020 MHz:  22% 1404 MHz: 3.9% 1788 MHz: 1.5% 2112 MHz: .14% 2352 MHz: .29% 2532 MHz: .49% 2592 MHz: 1.4%)
CPU 0 idle residency:  70.04%
CPU 0 down residency:   0.00%
CPU 1 frequency: 1314 MHz
CPU 1 active residency:  18.88% (1020 MHz:  13% 1404 MHz: 1.9% 1788 MHz: 1.9% 2112 MHz: .53% 2352 MHz: .15% 2532 MHz: .58% 2592 MHz: 1.1%)
CPU 1 idle residency:  81.12%
CPU 1 down residency:   0.00%
CPU 2 frequency: 1289 MHz
CPU 2 active residency:  10.98% (1020 MHz: 7.5% 1404 MHz: 1.2% 1788 MHz: 1.1% 2112 MHz: .33% 2352 MHz: .12% 2532 MHz: .17% 2592 MHz: .56%)
CPU 2 idle residency:  89.02%
CPU 2 down residency:   0.00%
CPU 3 frequency: 1292 MHz
CPU 3 active residency:   6.77% (1020 MHz: 4.7% 1404 MHz: .84% 1788 MHz: .49% 2112 MHz: .02% 2352 MHz: .11% 2532 MHz: .07% 2592 MHz: .55%)
CPU 3 idle residency:  93.23%
CPU 3 down residency:   0.00%

P0-Cluster Online: 11%
P0-Cluster HW active frequency: 1777 MHz
P0-Cluster HW active residency:   4.85% (1260 MHz: 3.1% 1512 MHz:   0% 1800 MHz: .34% 2088 MHz: .05% 2352 MHz: .38% 2616 MHz: .39% 2868 MHz:   0% 3096 MHz:   0% 3300 MHz: .23% 3468 MHz: .39% 3624 MHz:   0% 3756 MHz:   0% 3828 MHz:   0% 3888 MHz:   0% 3948 MHz:   0% 3996 MHz:   0% 4044 MHz:   0% 4104 MHz:   0% 4416 MHz:   0% 4512 MHz:   0%)
P0-Cluster idle residency:   6.19%
P0-Cluster down residency:  88.96%
CPU 4 frequency: 2114 MHz
CPU 4 active residency:   0.11% (1260 MHz: .03% 1512 MHz:   0% 1800 MHz: .04% 2088 MHz:   0% 2352 MHz:   0% 2616 MHz:   0% 2868 MHz:   0% 3096 MHz:   0% 3300 MHz: .03% 3468 MHz:   0% 3624 MHz:   0% 3756 MHz:   0% 3828 MHz:   0% 3888 MHz:   0% 3948 MHz:   0% 3996 MHz:   0% 4044 MHz:   0% 4104 MHz:   0% 4416 MHz:   0% 4512 MHz:   0%)
CPU 4 idle residency:  10.53%
CPU 4 down residency:  89.37%
CPU 5 frequency: 2058 MHz
CPU 5 active residency:   0.35% (1260 MHz: .03% 1512 MHz:   0% 1800 MHz: .25% 2088 MHz:   0% 2352 MHz:   0% 2616 MHz:   0% 2868 MHz:   0% 3096 MHz:   0% 3300 MHz: .07% 3468 MHz:   0% 3624 MHz:   0% 3756 MHz:   0% 3828 MHz:   0% 3888 MHz:   0% 3948 MHz:   0% 3996 MHz:   0% 4044 MHz:   0% 4104 MHz:   0% 4416 MHz:   0% 4512 MHz:   0%)
CPU 5 idle residency:  10.25%
CPU 5 down residency:  89.40%
CPU 6 frequency: 1685 MHz
CPU 6 active residency:   0.06% (1260 MHz: .03% 1512 MHz:   0% 1800 MHz: .03% 2088 MHz:   0% 2352 MHz:   0% 2616 MHz:   0% 2868 MHz:   0% 3096 MHz:   0% 3300 MHz: .01% 3468 MHz:   0% 3624 MHz:   0% 3756 MHz:   0% 3828 MHz:   0% 3888 MHz:   0% 3948 MHz:   0% 3996 MHz:   0% 4044 MHz:   0% 4104 MHz:   0% 4416 MHz:   0% 4512 MHz:   0%)
CPU 6 idle residency:  10.82%
CPU 6 down residency:  89.12%
CPU 7 frequency: 1769 MHz
CPU 7 active residency:   0.06% (1260 MHz: .03% 1512 MHz:   0% 1800 MHz: .02% 2088 MHz:   0% 2352 MHz:   0% 2616 MHz:   0% 2868 MHz:   0% 3096 MHz:   0% 3300 MHz: .01% 3468 MHz:   0% 3624 MHz:   0% 3756 MHz:   0% 3828 MHz:   0% 3888 MHz:   0% 3948 MHz:   0% 3996 MHz:   0% 4044 MHz:   0% 4104 MHz:   0% 4416 MHz:   0% 4512 MHz:   0%)
CPU 7 idle residency:  10.84%
CPU 7 down residency:  89.10%
CPU 8 frequency: 2142 MHz
CPU 8 active residency:   0.12% (1260 MHz: .03% 1512 MHz:   0% 1800 MHz: .05% 2088 MHz:   0% 2352 MHz:   0% 2616 MHz:   0% 2868 MHz:   0% 3096 MHz:   0% 3300 MHz: .04% 3468 MHz:   0% 3624 MHz:   0% 3756 MHz:   0% 3828 MHz:   0% 3888 MHz:   0% 3948 MHz:   0% 3996 MHz:   0% 4044 MHz:   0% 4104 MHz:   0% 4416 MHz:   0% 4512 MHz:   0%)
CPU 8 idle residency:  10.78%
CPU 8 down residency:  89.10%
CPU 9 frequency: 1930 MHz
CPU 9 active residency:   0.10% (1260 MHz: .04% 1512 MHz:   0% 1800 MHz: .04% 2088 MHz:   0% 2352 MHz:   0% 2616 MHz:   0% 2868 MHz:   0% 3096 MHz:   0% 3300 MHz: .02% 3468 MHz:   0% 3624 MHz:   0% 3756 MHz:   0% 3828 MHz:   0% 3888 MHz:   0% 3948 MHz:   0% 3996 MHz:   0% 4044 MHz:   0% 4104 MHz:   0% 4416 MHz:   0% 4512 MHz:   0%)
CPU 9 idle residency:  10.19%
CPU 9 down residency:  89.71%

P1-Cluster HW active frequency: 3471 MHz
P1-Cluster HW active residency:  91.99% (1260 MHz: .46% 1512 MHz: .01% 1800 MHz:   0% 2088 MHz: .02% 2352 MHz: .00% 2616 MHz: .00% 2868 MHz:   0% 3096 MHz: .05% 3300 MHz:  19% 3468 MHz:  44% 3624 MHz:  29% 3756 MHz:   0% 3828 MHz:   0% 3888 MHz:   0% 3948 MHz:   0% 3996 MHz:   0% 4044 MHz:   0% 4104 MHz:   0% 4416 MHz:   0% 4512 MHz:   0%)
P1-Cluster idle residency:   8.01%
P1-Cluster down residency:   0.00%
CPU 10 frequency: 3489 MHz
CPU 10 active residency:  30.01% (1260 MHz: .01% 1512 MHz:   0% 1800 MHz:   0% 2088 MHz:   0% 2352 MHz: .00% 2616 MHz: .00% 2868 MHz:   0% 3096 MHz:   0% 3300 MHz: 8.2% 3468 MHz: 8.9% 3624 MHz:  13% 3756 MHz:   0% 3828 MHz:   0% 3888 MHz:   0% 3948 MHz:   0% 3996 MHz:   0% 4044 MHz:   0% 4104 MHz:   0% 4416 MHz:   0% 4512 MHz:   0%)
CPU 10 idle residency:  69.99%
CPU 10 down residency:   0.00%
CPU 11 frequency: 3502 MHz
CPU 11 active residency:  38.43% (1260 MHz: .05% 1512 MHz:   0% 1800 MHz:   0% 2088 MHz:   0% 2352 MHz: .00% 2616 MHz:   0% 2868 MHz:   0% 3096 MHz:   0% 3300 MHz: 3.5% 3468 MHz:  22% 3624 MHz:  13% 3756 MHz:   0% 3828 MHz:   0% 3888 MHz:   0% 3948 MHz:   0% 3996 MHz:   0% 4044 MHz:   0% 4104 MHz:   0% 4416 MHz:   0% 4512 MHz:   0%)
CPU 11 idle residency:  61.57%
CPU 11 down residency:   0.00%
CPU 12 frequency: 3503 MHz
CPU 12 active residency:  36.09% (1260 MHz: .04% 1512 MHz:   0% 1800 MHz:   0% 2088 MHz:   0% 2352 MHz:   0% 2616 MHz:   0% 2868 MHz:   0% 3096 MHz:   0% 3300 MHz: 3.0% 3468 MHz:  21% 3624 MHz:  12% 3756 MHz:   0% 3828 MHz:   0% 3888 MHz:   0% 3948 MHz:   0% 3996 MHz:   0% 4044 MHz:   0% 4104 MHz:   0% 4416 MHz:   0% 4512 MHz:   0%)
CPU 12 idle residency:  63.91%
CPU 12 down residency:   0.00%
CPU 13 frequency: 3488 MHz
CPU 13 active residency:  32.82% (1260 MHz: .08% 1512 MHz:   0% 1800 MHz:   0% 2088 MHz: .00% 2352 MHz:   0% 2616 MHz:   0% 2868 MHz:   0% 3096 MHz:   0% 3300 MHz: 2.9% 3468 MHz:  21% 3624 MHz: 8.4% 3756 MHz:   0% 3828 MHz:   0% 3888 MHz:   0% 3948 MHz:   0% 3996 MHz:   0% 4044 MHz:   0% 4104 MHz:   0% 4416 MHz:   0% 4512 MHz:   0%)
CPU 13 idle residency:  67.18%
CPU 13 down residency:   0.00%
CPU 14 frequency: 3473 MHz
CPU 14 active residency:  25.15% (1260 MHz: .01% 1512 MHz: .00% 1800 MHz:   0% 2088 MHz:   0% 2352 MHz:   0% 2616 MHz:   0% 2868 MHz:   0% 3096 MHz: .00% 3300 MHz: 8.0% 3468 MHz: 7.5% 3624 MHz: 9.6% 3756 MHz:   0% 3828 MHz:   0% 3888 MHz:   0% 3948 MHz:   0% 3996 MHz:   0% 4044 MHz:   0% 4104 MHz:   0% 4416 MHz:   0% 4512 MHz:   0%)
CPU 14 idle residency:  74.85%
CPU 14 down residency:   0.00%
CPU 15 frequency: 3396 MHz
CPU 15 active residency:  26.76% (1260 MHz:   0% 1512 MHz: .01% 1800 MHz:   0% 2088 MHz: .02% 2352 MHz:   0% 2616 MHz: .00% 2868 MHz:   0% 3096 MHz: .05% 3300 MHz:  11% 3468 MHz:  15% 3624 MHz: .20% 3756 MHz:   0% 3828 MHz:   0% 3888 MHz:   0% 3948 MHz:   0% 3996 MHz:   0% 4044 MHz:   0% 4104 MHz:   0% 4416 MHz:   0% 4512 MHz:   0%)
CPU 15 idle residency:  73.24%
CPU 15 down residency:   0.00%

CPU Power: 3456 mW
GPU Power: 16407 mW
ANE Power: 0 mW
Combined Power (CPU + GPU + ANE): 19864 mW

**** GPU usage ****

GPU HW active frequency: 1202 MHz
GPU HW active residency: 100.00% (338 MHz:   0% 618 MHz:   0% 796 MHz:   0% 924 MHz:   0% 952 MHz:   0% 1056 MHz: 7.1% 1062 MHz:   0% 1182 MHz:  71% 1182 MHz:   0% 1312 MHz:  22% 1242 MHz:   0% 1380 MHz:   0% 1326 MHz:   0% 1470 MHz:   0% 1578 MHz:   0%)
GPU SW requested state: (P1 :   0% P2 :   0% P3 :   0% P4 :   0% P5 :   0% P6 :   0% P7 :   0% P8 :   0% P9 :   0% P10 : 100% P11 :   0% P12 :   0% P13 :   0% P14 :   0% P15 :   0%)
GPU SW state: (SW_P1 :   0% SW_P2 :   0% SW_P3 :   0% SW_P4 :   0% SW_P5 : 7.1% SW_P6 :  71% SW_P7 :  22% SW_P8 :   0% SW_P9 :   0% SW_P10 :   0% SW_P11 :   0% SW_P12 :   0% SW_P13 :   0% SW_P14 :   0% SW_P15 :   0%)
GPU idle residency:   0.00%
GPU Power: 16412 mW



*** Sampled system activity (Tue Jan 20 15:12:59 2026 +0100) (1023.05ms elapsed) ***


**** Processor usage ****

E-Cluster Online: 100%
E-Cluster HW active frequency: 1508 MHz
E-Cluster HW active residency:  50.00% (1020 MHz:  28% 1404 MHz: 4.1% 1788 MHz: 5.0% 2112 MHz: 1.6% 2352 MHz: 1.9% 2532 MHz: 1.3% 2592 MHz: 8.0%)
E-Cluster idle residency:  50.00%
E-Cluster down residency:   0.00%
CPU 0 frequency: 1460 MHz
CPU 0 active residency:  22.46% (1020 MHz:  13% 1404 MHz: 1.8% 1788 MHz: 2.5% 2112 MHz: .73% 2352 MHz: .59% 2532 MHz: .45% 2592 MHz: 3.2%)
CPU 0 idle residency:  77.54%
CPU 0 down residency:   0.00%
CPU 1 frequency: 1506 MHz
CPU 1 active residency:  16.16% (1020 MHz: 9.1% 1404 MHz: .88% 1788 MHz: 2.1% 2112 MHz: .49% 2352 MHz: .82% 2532 MHz: .62% 2592 MHz: 2.1%)
CPU 1 idle residency:  83.84%
CPU 1 down residency:   0.00%
CPU 2 frequency: 1434 MHz
CPU 2 active residency:  10.55% (1020 MHz: 5.9% 1404 MHz: 1.1% 1788 MHz: 1.6% 2112 MHz: .38% 2352 MHz: .43% 2532 MHz: .30% 2592 MHz: .81%)
CPU 2 idle residency:  89.45%
CPU 2 down residency:   0.00%
CPU 3 frequency: 1525 MHz
CPU 3 active residency:   6.95% (1020 MHz: 3.6% 1404 MHz: .55% 1788 MHz: .98% 2112 MHz: .37% 2352 MHz: .24% 2532 MHz: .59% 2592 MHz: .60%)
CPU 3 idle residency:  93.05%
CPU 3 down residency:   0.00%

P0-Cluster Online: 1%
P0-Cluster HW active frequency: 2290 MHz
P0-Cluster HW active residency:   0.23% (1260 MHz: .13% 1512 MHz:   0% 1800 MHz:   0% 2088 MHz:   0% 2352 MHz:   0% 2616 MHz:   0% 2868 MHz:   0% 3096 MHz:   0% 3300 MHz:   0% 3468 MHz:   0% 3624 MHz:   0% 3756 MHz: .09% 3828 MHz:   0% 3888 MHz:   0% 3948 MHz:   0% 3996 MHz:   0% 4044 MHz:   0% 4104 MHz:   0% 4416 MHz:   0% 4512 MHz:   0%)
P0-Cluster idle residency:   0.20%
P0-Cluster down residency:  99.57%
CPU 4 frequency: 0 MHz
CPU 4 active residency:   0.00% (1260 MHz:   0% 1512 MHz:   0% 1800 MHz:   0% 2088 MHz:   0% 2352 MHz:   0% 2616 MHz:   0% 2868 MHz:   0% 3096 MHz:   0% 3300 MHz:   0% 3468 MHz:   0% 3624 MHz:   0% 3756 MHz:   0% 3828 MHz:   0% 3888 MHz:   0% 3948 MHz:   0% 3996 MHz:   0% 4044 MHz:   0% 4104 MHz:   0% 4416 MHz:   0% 4512 MHz:   0%)
CPU 4 idle residency:   0.38%
CPU 4 down residency:  99.62%
CPU 5 frequency: 0 MHz
CPU 5 active residency:   0.00% (1260 MHz:   0% 1512 MHz:   0% 1800 MHz:   0% 2088 MHz:   0% 2352 MHz:   0% 2616 MHz:   0% 2868 MHz:   0% 3096 MHz:   0% 3300 MHz:   0% 3468 MHz:   0% 3624 MHz:   0% 3756 MHz:   0% 3828 MHz:   0% 3888 MHz:   0% 3948 MHz:   0% 3996 MHz:   0% 4044 MHz:   0% 4104 MHz:   0% 4416 MHz:   0% 4512 MHz:   0%)
CPU 5 idle residency:   0.41%
CPU 5 down residency:  99.59%
CPU 6 frequency: 0 MHz
CPU 6 active residency:   0.00% (1260 MHz:   0% 1512 MHz:   0% 1800 MHz:   0% 2088 MHz:   0% 2352 MHz:   0% 2616 MHz:   0% 2868 MHz:   0% 3096 MHz:   0% 3300 MHz:   0% 3468 MHz:   0% 3624 MHz:   0% 3756 MHz:   0% 3828 MHz:   0% 3888 MHz:   0% 3948 MHz:   0% 3996 MHz:   0% 4044 MHz:   0% 4104 MHz:   0% 4416 MHz:   0% 4512 MHz:   0%)
CPU 6 idle residency:   0.41%
CPU 6 down residency:  99.59%
CPU 7 frequency: 0 MHz
CPU 7 active residency:   0.00% (1260 MHz:   0% 1512 MHz:   0% 1800 MHz:   0% 2088 MHz:   0% 2352 MHz:   0% 2616 MHz:   0% 2868 MHz:   0% 3096 MHz:   0% 3300 MHz:   0% 3468 MHz:   0% 3624 MHz:   0% 3756 MHz:   0% 3828 MHz:   0% 3888 MHz:   0% 3948 MHz:   0% 3996 MHz:   0% 4044 MHz:   0% 4104 MHz:   0% 4416 MHz:   0% 4512 MHz:   0%)
CPU 7 idle residency:   0.41%
CPU 7 down residency:  99.59%
CPU 8 frequency: 0 MHz
CPU 8 active residency:   0.00% (1260 MHz:   0% 1512 MHz:   0% 1800 MHz:   0% 2088 MHz:   0% 2352 MHz:   0% 2616 MHz:   0% 2868 MHz:   0% 3096 MHz:   0% 3300 MHz:   0% 3468 MHz:   0% 3624 MHz:   0% 3756 MHz:   0% 3828 MHz:   0% 3888 MHz:   0% 3948 MHz:   0% 3996 MHz:   0% 4044 MHz:   0% 4104 MHz:   0% 4416 MHz:   0% 4512 MHz:   0%)
CPU 8 idle residency:   0.37%
CPU 8 down residency:  99.63%
CPU 9 frequency: 0 MHz
CPU 9 active residency:   0.00% (1260 MHz:   0% 1512 MHz:   0% 1800 MHz:   0% 2088 MHz:   0% 2352 MHz:   0% 2616 MHz:   0% 2868 MHz:   0% 3096 MHz:   0% 3300 MHz:   0% 3468 MHz:   0% 3624 MHz:   0% 3756 MHz:   0% 3828 MHz:   0% 3888 MHz:   0% 3948 MHz:   0% 3996 MHz:   0% 4044 MHz:   0% 4104 MHz:   0% 4416 MHz:   0% 4512 MHz:   0%)
CPU 9 idle residency:   0.41%
CPU 9 down residency:  99.59%

P1-Cluster HW active frequency: 3540 MHz
P1-Cluster HW active residency:  69.69% (1260 MHz: 1.7% 1512 MHz: .74% 1800 MHz: .61% 2088 MHz: .67% 2352 MHz: .47% 2616 MHz: .61% 2868 MHz: .02% 3096 MHz: .00% 3300 MHz:  16% 3468 MHz:  13% 3624 MHz: 2.8% 3756 MHz:   0% 3828 MHz: 3.5% 3888 MHz: 9.4% 3948 MHz:  14% 3996 MHz: 6.8% 4044 MHz:   0% 4104 MHz:   0% 4416 MHz: .01% 4512 MHz: .15%)
P1-Cluster idle residency:  22.01%
P1-Cluster down residency:   8.30%
CPU 10 frequency: 3540 MHz
CPU 10 active residency:  27.15% (1260 MHz: .17% 1512 MHz: .36% 1800 MHz: .59% 2088 MHz: .45% 2352 MHz: .02% 2616 MHz: .57% 2868 MHz: .00% 3096 MHz:   0% 3300 MHz: 7.5% 3468 MHz: 3.2% 3624 MHz: 1.2% 3756 MHz:   0% 3828 MHz: 1.1% 3888 MHz: 2.6% 3948 MHz: 4.7% 3996 MHz: 4.5% 4044 MHz:   0% 4104 MHz:   0% 4416 MHz:   0% 4512 MHz: .07%)
CPU 10 idle residency:  64.56%
CPU 10 down residency:   8.29%
CPU 11 frequency: 3652 MHz
CPU 11 active residency:  19.50% (1260 MHz: .08% 1512 MHz:   0% 1800 MHz:   0% 2088 MHz: .06% 2352 MHz:   0% 2616 MHz: .00% 2868 MHz:   0% 3096 MHz: .00% 3300 MHz: 1.6% 3468 MHz: 6.2% 3624 MHz: 2.8% 3756 MHz:   0% 3828 MHz: 3.5% 3888 MHz: 2.5% 3948 MHz: 2.0% 3996 MHz: .80% 4044 MHz:   0% 4104 MHz:   0% 4416 MHz:   0% 4512 MHz: .00%)
CPU 11 idle residency:  72.21%
CPU 11 down residency:   8.29%
CPU 12 frequency: 3623 MHz
CPU 12 active residency:  30.59% (1260 MHz: .12% 1512 MHz:   0% 1800 MHz: .00% 2088 MHz: .14% 2352 MHz: .16% 2616 MHz: .30% 2868 MHz: .00% 3096 MHz:   0% 3300 MHz: 7.8% 3468 MHz: 6.6% 3624 MHz: 1.1% 3756 MHz:   0% 3828 MHz: 1.2% 3888 MHz: 3.4% 3948 MHz: 5.3% 3996 MHz: 4.5% 4044 MHz:   0% 4104 MHz:   0% 4416 MHz:   0% 4512 MHz: .00%)
CPU 12 idle residency:  61.12%
CPU 12 down residency:   8.29%
CPU 13 frequency: 3605 MHz
CPU 13 active residency:  29.12% (1260 MHz: .14% 1512 MHz: .20% 1800 MHz: .02% 2088 MHz: .03% 2352 MHz: .09% 2616 MHz: .02% 2868 MHz: .01% 3096 MHz:   0% 3300 MHz: 7.7% 3468 MHz: 7.4% 3624 MHz: .83% 3756 MHz:   0% 3828 MHz: .96% 3888 MHz: 2.8% 3948 MHz: 4.6% 3996 MHz: 4.4% 4044 MHz:   0% 4104 MHz:   0% 4416 MHz:   0% 4512 MHz: .01%)
CPU 13 idle residency:  62.60%
CPU 13 down residency:   8.29%
CPU 14 frequency: 3901 MHz
CPU 14 active residency:  22.37% (1260 MHz: .06% 1512 MHz:   0% 1800 MHz:   0% 2088 MHz: .03% 2352 MHz:   0% 2616 MHz:   0% 2868 MHz:   0% 3096 MHz: .00% 3300 MHz: .05% 3468 MHz: 1.6% 3624 MHz: .43% 3756 MHz:   0% 3828 MHz: 1.2% 3888 MHz: 2.9% 3948 MHz: 7.0% 3996 MHz: 9.1% 4044 MHz:   0% 4104 MHz:   0% 4416 MHz:   0% 4512 MHz:   0%)
CPU 14 idle residency:  69.34%
CPU 14 down residency:   8.29%
CPU 15 frequency: 3850 MHz
CPU 15 active residency:  16.43% (1260 MHz: .06% 1512 MHz:   0% 1800 MHz:   0% 2088 MHz: .00% 2352 MHz:   0% 2616 MHz: .01% 2868 MHz:   0% 3096 MHz:   0% 3300 MHz:   0% 3468 MHz: 1.1% 3624 MHz: 1.2% 3756 MHz:   0% 3828 MHz: .94% 3888 MHz: 6.9% 3948 MHz: 6.2% 3996 MHz: .01% 4044 MHz:   0% 4104 MHz:   0% 4416 MHz:   0% 4512 MHz: .01%)
CPU 15 idle residency:  75.28%
CPU 15 down residency:   8.29%

CPU Power: 3288 mW
GPU Power: 11191 mW
ANE Power: 0 mW
Combined Power (CPU + GPU + ANE): 14479 mW

**** GPU usage ****

GPU HW active frequency: 1181 MHz
GPU HW active residency:  69.29% (338 MHz: 1.6% 618 MHz:   0% 796 MHz:   0% 924 MHz:   0% 952 MHz:   0% 1056 MHz: 3.1% 1062 MHz:   0% 1182 MHz:  52% 1182 MHz:   0% 1312 MHz:  13% 1242 MHz:   0% 1380 MHz:   0% 1326 MHz:   0% 1470 MHz:   0% 1578 MHz:   0%)
GPU SW requested state: (P1 : 2.3% P2 :   0% P3 :   0% P4 :   0% P5 :   0% P6 :   0% P7 :   0% P8 :   0% P9 :   0% P10 :  98% P11 :   0% P12 :   0% P13 :   0% P14 :   0% P15 :   0%)
GPU SW state: (SW_P1 : 1.6% SW_P2 :   0% SW_P3 :   0% SW_P4 :   0% SW_P5 : 3.1% SW_P6 :  51% SW_P7 :  13% SW_P8 :   0% SW_P9 :   0% SW_P10 :   0% SW_P11 :   0% SW_P12 :   0% SW_P13 :   0% SW_P14 :   0% SW_P15 :   0%)
GPU idle residency:  30.71%
GPU Power: 11053 mW

