Machine model: Mac16,5
OS version: 24G419
Boot arguments: 
Boot time: Sun Jan 18 19:40:49 2026



*** Sampled system activity (Tue Jan 20 15:20:05 2026 +0100) (1017.91ms elapsed) ***


**** Processor usage ****

E-Cluster Online: 100%
E-Cluster HW active frequency: 1213 MHz
E-Cluster HW active residency:  56.84% (1020 MHz:  48% 1404 MHz: .91% 1788 MHz: 1.2% 2112 MHz: 1.5% 2352 MHz: 1.7% 2532 MHz: .20% 2592 MHz: 3.5%)
E-Cluster idle residency:  43.16%
E-Cluster down residency:   0.00%
CPU 0 frequency: 1191 MHz
CPU 0 active residency:  27.91% (1020 MHz:  24% 1404 MHz: .47% 1788 MHz: .52% 2112 MHz: .67% 2352 MHz: .38% 2532 MHz: .20% 2592 MHz: 1.7%)
CPU 0 idle residency:  72.09%
CPU 0 down residency:   0.00%
CPU 1 frequency: 1257 MHz
CPU 1 active residency:  15.43% (1020 MHz:  12% 1404 MHz: .31% 1788 MHz: .56% 2112 MHz: .52% 2352 MHz: .39% 2532 MHz: .04% 2592 MHz: 1.2%)
CPU 1 idle residency:  84.57%
CPU 1 down residency:   0.00%
CPU 2 frequency: 1371 MHz
CPU 2 active residency:   8.12% (1020 MHz: 5.9% 1404 MHz: .07% 1788 MHz: .14% 2112 MHz: .61% 2352 MHz: .64% 2532 MHz: .09% 2592 MHz: .67%)
CPU 2 idle residency:  91.88%
CPU 2 down residency:   0.00%
CPU 3 frequency: 1341 MHz
CPU 3 active residency:   7.72% (1020 MHz: 5.4% 1404 MHz: .24% 1788 MHz: .53% 2112 MHz: .81% 2352 MHz: .30% 2532 MHz: .01% 2592 MHz: .43%)
CPU 3 idle residency:  92.28%
CPU 3 down residency:   0.00%

P0-Cluster Online: 93%
P0-Cluster HW active frequency: 3999 MHz
P0-Cluster HW active residency:  93.50% (1260 MHz: .08% 1512 MHz:   0% 1800 MHz:   0% 2088 MHz:   0% 2352 MHz:   0% 2616 MHz:   0% 2868 MHz:   0% 3096 MHz:   0% 3300 MHz:   0% 3468 MHz:   0% 3624 MHz:   0% 3756 MHz:   0% 3828 MHz:   0% 3888 MHz:  50% 3948 MHz:  23% 3996 MHz: 4.9% 4044 MHz: 1.1% 4104 MHz:   0% 4416 MHz: 8.5% 4512 MHz: 6.4%)
P0-Cluster idle residency:   0.52%
P0-Cluster down residency:   5.98%
CPU 4 frequency: 4512 MHz
CPU 4 active residency:  58.52% (1260 MHz:   0% 1512 MHz:   0% 1800 MHz:   0% 2088 MHz:   0% 2352 MHz:   0% 2616 MHz:   0% 2868 MHz:   0% 3096 MHz:   0% 3300 MHz:   0% 3468 MHz:   0% 3624 MHz:   0% 3756 MHz:   0% 3828 MHz:   0% 3888 MHz:   0% 3948 MHz:   0% 3996 MHz:   0% 4044 MHz:   0% 4104 MHz:   0% 4416 MHz:   0% 4512 MHz:  59%)
CPU 4 idle residency:  32.58%
CPU 4 down residency:   8.90%
CPU 5 frequency: 4512 MHz
CPU 5 active residency:  45.90% (1260 MHz:   0% 1512 MHz:   0% 1800 MHz:   0% 2088 MHz:   0% 2352 MHz:   0% 2616 MHz:   0% 2868 MHz:   0% 3096 MHz:   0% 3300 MHz:   0% 3468 MHz:   0% 3624 MHz:   0% 3756 MHz:   0% 3828 MHz:   0% 3888 MHz:   0% 3948 MHz:   0% 3996 MHz:   0% 4044 MHz:   0% 4104 MHz:   0% 4416 MHz:   0% 4512 MHz:  46%)
CPU 5 idle residency:  45.32%
CPU 5 down residency:   8.78%
CPU 6 frequency: 4512 MHz
CPU 6 active residency:  42.05% (1260 MHz:   0% 1512 MHz:   0% 1800 MHz:   0% 2088 MHz:   0% 2352 MHz:   0% 2616 MHz:   0% 2868 MHz:   0% 3096 MHz:   0% 3300 MHz:   0% 3468 MHz:   0% 3624 MHz:   0% 3756 MHz:   0% 3828 MHz:   0% 3888 MHz:   0% 3948 MHz:   0% 3996 MHz:   0% 4044 MHz:   0% 4104 MHz:   0% 4416 MHz:   0% 4512 MHz:  42%)
CPU 6 idle residency:  49.59%
CPU 6 down residency:   8.36%
CPU 7 frequency: 4512 MHz
CPU 7 active residency:  37.75% (1260 MHz:   0% 1512 MHz:   0% 1800 MHz:   0% 2088 MHz:   0% 2352 MHz:   0% 2616 MHz:   0% 2868 MHz:   0% 3096 MHz:   0% 3300 MHz:   0% 3468 MHz:   0% 3624 MHz:   0% 3756 MHz:   0% 3828 MHz:   0% 3888 MHz:   0% 3948 MHz:   0% 3996 MHz:   0% 4044 MHz:   0% 4104 MHz:   0% 4416 MHz:   0% 4512 MHz:  38%)
CPU 7 idle residency:  53.36%
CPU 7 down residency:   8.89%
CPU 8 frequency: 4512 MHz
CPU 8 active residency:  50.44% (1260 MHz:   0% 1512 MHz:   0% 1800 MHz:   0% 2088 MHz:   0% 2352 MHz:   0% 2616 MHz:   0% 2868 MHz:   0% 3096 MHz:   0% 3300 MHz:   0% 3468 MHz:   0% 3624 MHz:   0% 3756 MHz:   0% 3828 MHz:   0% 3888 MHz:   0% 3948 MHz:   0% 3996 MHz:   0% 4044 MHz:   0% 4104 MHz:   0% 4416 MHz:   0% 4512 MHz:  50%)
CPU 8 idle residency:  41.08%
CPU 8 down residency:   8.48%
CPU 9 frequency: 4512 MHz
CPU 9 active residency:  43.10% (1260 MHz:   0% 1512 MHz:   0% 1800 MHz:   0% 2088 MHz:   0% 2352 MHz:   0% 2616 MHz:   0% 2868 MHz:   0% 3096 MHz:   0% 3300 MHz:   0% 3468 MHz:   0% 3624 MHz:   0% 3756 MHz:   0% 3828 MHz:   0% 3888 MHz:   0% 3948 MHz:   0% 3996 MHz:   0% 4044 MHz:   0% 4104 MHz:   0% 4416 MHz:   0% 4512 MHz:  43%)
CPU 9 idle residency:  48.92%
CPU 9 down residency:   7.98%

P1-Cluster HW active frequency: 3355 MHz
P1-Cluster HW active residency:  10.71% (1260 MHz: 3.2% 1512 MHz:   0% 1800 MHz:   0% 2088 MHz:   0% 2352 MHz:   0% 2616 MHz:   0% 2868 MHz:   0% 3096 MHz:   0% 3300 MHz:   0% 3468 MHz:   0% 3624 MHz:   0% 3756 MHz:   0% 3828 MHz:   0% 3888 MHz: .86% 3948 MHz: 2.3% 3996 MHz: .07% 4044 MHz: .06% 4104 MHz:   0% 4416 MHz: 1.9% 4512 MHz: 2.4%)
P1-Cluster idle residency:   6.55%
P1-Cluster down residency:  82.74%
CPU 10 frequency: 4478 MHz
CPU 10 active residency:   3.28% (1260 MHz: .03% 1512 MHz:   0% 1800 MHz:   0% 2088 MHz:   0% 2352 MHz:   0% 2616 MHz:   0% 2868 MHz:   0% 3096 MHz:   0% 3300 MHz:   0% 3468 MHz:   0% 3624 MHz:   0% 3756 MHz:   0% 3828 MHz:   0% 3888 MHz:   0% 3948 MHz:   0% 3996 MHz:   0% 4044 MHz:   0% 4104 MHz:   0% 4416 MHz:   0% 4512 MHz: 3.2%)
CPU 10 idle residency:  13.92%
CPU 10 down residency:  82.80%
CPU 11 frequency: 4487 MHz
CPU 11 active residency:   4.46% (1260 MHz: .03% 1512 MHz:   0% 1800 MHz:   0% 2088 MHz:   0% 2352 MHz:   0% 2616 MHz:   0% 2868 MHz:   0% 3096 MHz:   0% 3300 MHz:   0% 3468 MHz:   0% 3624 MHz:   0% 3756 MHz:   0% 3828 MHz:   0% 3888 MHz:   0% 3948 MHz:   0% 3996 MHz:   0% 4044 MHz:   0% 4104 MHz:   0% 4416 MHz:   0% 4512 MHz: 4.4%)
CPU 11 idle residency:  12.72%
CPU 11 down residency:  82.82%
CPU 12 frequency: 4457 MHz
CPU 12 active residency:   1.62% (1260 MHz: .03% 1512 MHz:   0% 1800 MHz:   0% 2088 MHz:   0% 2352 MHz:   0% 2616 MHz:   0% 2868 MHz:   0% 3096 MHz:   0% 3300 MHz:   0% 3468 MHz:   0% 3624 MHz:   0% 3756 MHz:   0% 3828 MHz:   0% 3888 MHz:   0% 3948 MHz:   0% 3996 MHz:   0% 4044 MHz:   0% 4104 MHz:   0% 4416 MHz:   0% 4512 MHz: 1.6%)
CPU 12 idle residency:  15.57%
CPU 12 down residency:  82.81%
CPU 13 frequency: 4489 MHz
CPU 13 active residency:   4.54% (1260 MHz: .03% 1512 MHz:   0% 1800 MHz:   0% 2088 MHz:   0% 2352 MHz:   0% 2616 MHz:   0% 2868 MHz:   0% 3096 MHz:   0% 3300 MHz:   0% 3468 MHz:   0% 3624 MHz:   0% 3756 MHz:   0% 3828 MHz:   0% 3888 MHz:   0% 3948 MHz:   0% 3996 MHz:   0% 4044 MHz:   0% 4104 MHz:   0% 4416 MHz:   0% 4512 MHz: 4.5%)
CPU 13 idle residency:  12.67%
CPU 13 down residency:  82.78%
CPU 14 frequency: 4417 MHz
CPU 14 active residency:   1.01% (1260 MHz: .03% 1512 MHz:   0% 1800 MHz:   0% 2088 MHz:   0% 2352 MHz:   0% 2616 MHz:   0% 2868 MHz:   0% 3096 MHz:   0% 3300 MHz:   0% 3468 MHz:   0% 3624 MHz:   0% 3756 MHz:   0% 3828 MHz:   0% 3888 MHz:   0% 3948 MHz:   0% 3996 MHz:   0% 4044 MHz:   0% 4104 MHz:   0% 4416 MHz:   0% 4512 MHz: .98%)
CPU 14 idle residency:  16.20%
CPU 14 down residency:  82.78%
CPU 15 frequency: 4476 MHz
CPU 15 active residency:   3.11% (1260 MHz: .03% 1512 MHz:   0% 1800 MHz:   0% 2088 MHz:   0% 2352 MHz:   0% 2616 MHz:   0% 2868 MHz:   0% 3096 MHz:   0% 3300 MHz:   0% 3468 MHz:   0% 3624 MHz:   0% 3756 MHz:   0% 3828 MHz:   0% 3888 MHz:   0% 3948 MHz:   0% 3996 MHz:   0% 4044 MHz:   0% 4104 MHz:   0% 4416 MHz:   0% 4512 MHz: 3.1%)
CPU 15 idle residency:  14.10%
CPU 15 down residency:  82.78%

CPU Power: 7540 mW
GPU Power: 20409 mW
ANE Power: 0 mW
Combined Power (CPU + GPU + ANE): 27949 mW

**** GPU usage ****

GPU HW active frequency: 1578 MHz
GPU HW active residency: 100.00% (338 MHz:   0% 618 MHz:   0% 796 MHz:   0% 924 MHz:   0% 952 MHz:   0% 1056 MHz:   0% 1062 MHz:   0% 1182 MHz:   0% 1182 MHz:   0% 1312 MHz:   0% 1242 MHz:   0% 1380 MHz:   0% 1326 MHz:   0% 1470 MHz:   0% 1578 MHz: 100%)
GPU SW requested state: (P1 :   0% P2 :   0% P3 :   0% P4 :   0% P5 :   0% P6 :   0% P7 :   0% P8 :   0% P9 :   0% P10 : 100% P11 :   0% P12 :   0% P13 :   0% P14 :   0% P15 :   0%)
GPU SW state: (SW_P1 :   0% SW_P2 :   0% SW_P3 :   0% SW_P4 :   0% SW_P5 :   0% SW_P6 :   0% SW_P7 :   0% SW_P8 :   0% SW_P9 :   0% SW_P10 : 100% SW_P11 :   0% SW_P12 :   0% SW_P13 :   0% SW_P14 :   0% SW_P15 :   0%)
GPU idle residency:   0.00%
GPU Power: 20410 mW



*** Sampled system activity (Tue Jan 20 15:20:06 2026 +0100) (1021.44ms elapsed) ***


**** Processor usage ****

E-Cluster Online: 100%
E-Cluster HW active frequency: 1293 MHz
E-Cluster HW active residency:  54.99% (1020 MHz:  40% 1404 MHz: 2.7% 1788 MHz: 4.4% 2112 MHz: 2.8% 2352 MHz: 1.7% 2532 MHz: .04% 2592 MHz: 3.3%)
E-Cluster idle residency:  45.01%
E-Cluster down residency:   0.00%
CPU 0 frequency: 1289 MHz
CPU 0 active residency:  25.65% (1020 MHz:  18% 1404 MHz: 1.6% 1788 MHz: 2.2% 2112 MHz: 1.4% 2352 MHz: .49% 2532 MHz: .01% 2592 MHz: 1.5%)
CPU 0 idle residency:  74.35%
CPU 0 down residency:   0.00%
CPU 1 frequency: 1384 MHz
CPU 1 active residency:  15.48% (1020 MHz:  10% 1404 MHz: .92% 1788 MHz: 1.2% 2112 MHz: 1.1% 2352 MHz: .64% 2532 MHz: .01% 2592 MHz: 1.5%)
CPU 1 idle residency:  84.52%
CPU 1 down residency:   0.00%
CPU 2 frequency: 1265 MHz
CPU 2 active residency:   8.31% (1020 MHz: 6.3% 1404 MHz: .48% 1788 MHz: .38% 2112 MHz: .53% 2352 MHz: .14% 2532 MHz: .00% 2592 MHz: .50%)
CPU 2 idle residency:  91.69%
CPU 2 down residency:   0.00%
CPU 3 frequency: 1437 MHz
CPU 3 active residency:   8.04% (1020 MHz: 4.5% 1404 MHz: .91% 1788 MHz: .85% 2112 MHz: .63% 2352 MHz: .80% 2532 MHz: .00% 2592 MHz: .38%)
CPU 3 idle residency:  91.96%
CPU 3 down residency:   0.00%

P0-Cluster Online: 8%
P0-Cluster HW active frequency: 2577 MHz
P0-Cluster HW active residency:   3.74% (1260 MHz: 1.8% 1512 MHz:   0% 1800 MHz: .19% 2088 MHz: .35% 2352 MHz:   0% 2616 MHz:   0% 2868 MHz:   0% 3096 MHz: .03% 3300 MHz:   0% 3468 MHz:   0% 3624 MHz:   0% 3756 MHz:   0% 3828 MHz:   0% 3888 MHz: .02% 3948 MHz: .07% 3996 MHz: .01% 4044 MHz: .01% 4104 MHz:   0% 4416 MHz: .47% 4512 MHz: .84%)
P0-Cluster idle residency:   2.73%
P0-Cluster down residency:  93.53%
CPU 4 frequency: 0 MHz
CPU 4 active residency:   0.00% (1260 MHz:   0% 1512 MHz:   0% 1800 MHz:   0% 2088 MHz:   0% 2352 MHz:   0% 2616 MHz:   0% 2868 MHz:   0% 3096 MHz:   0% 3300 MHz:   0% 3468 MHz:   0% 3624 MHz:   0% 3756 MHz:   0% 3828 MHz:   0% 3888 MHz:   0% 3948 MHz:   0% 3996 MHz:   0% 4044 MHz:   0% 4104 MHz:   0% 4416 MHz:   0% 4512 MHz:   0%)
CPU 4 idle residency:   6.20%
CPU 4 down residency:  93.80%
CPU 5 frequency: 0 MHz
CPU 5 active residency:   0.00% (1260 MHz:   0% 1512 MHz:   0% 1800 MHz:   0% 2088 MHz:   0% 2352 MHz:   0% 2616 MHz:   0% 2868 MHz:   0% 3096 MHz:   0% 3300 MHz:   0% 3468 MHz:   0% 3624 MHz:   0% 3756 MHz:   0% 3828 MHz:   0% 3888 MHz:   0% 3948 MHz:   0% 3996 MHz:   0% 4044 MHz:   0% 4104 MHz:   0% 4416 MHz:   0% 4512 MHz:   0%)
CPU 5 idle residency:   5.96%
CPU 5 down residency:  94.04%
CPU 6 frequency: 0 MHz
CPU 6 active residency:   0.00% (1260 MHz:   0% 1512 MHz:   0% 1800 MHz:   0% 2088 MHz:   0% 2352 MHz:   0% 2616 MHz:   0% 2868 MHz:   0% 3096 MHz:   0% 3300 MHz:   0% 3468 MHz:   0% 3624 MHz:   0% 3756 MHz:   0% 3828 MHz:   0% 3888 MHz:   0% 3948 MHz:   0% 3996 MHz:   0% 4044 MHz:   0% 4104 MHz:   0% 4416 MHz:   0% 4512 MHz:   0%)
CPU 6 idle residency:   6.01%
CPU 6 down residency:  93.99%
CPU 7 frequency: 0 MHz
CPU 7 active residency:   0.00% (1260 MHz:   0% 1512 MHz:   0% 1800 MHz:   0% 2088 MHz:   0% 2352 MHz:   0% 2616 MHz:   0% 2868 MHz:   0% 3096 MHz:   0% 3300 MHz:   0% 3468 MHz:   0% 3624 MHz:   0% 3756 MHz:   0% 3828 MHz:   0% 3888 MHz:   0% 3948 MHz:   0% 3996 MHz:   0% 4044 MHz:   0% 4104 MHz:   0% 4416 MHz:   0% 4512 MHz:   0%)
CPU 7 idle residency:   5.40%
CPU 7 down residency:  94.60%
CPU 8 frequency: 0 MHz
CPU 8 active residency:   0.00% (1260 MHz:   0% 1512 MHz:   0% 1800 MHz:   0% 2088 MHz:   0% 2352 MHz:   0% 2616 MHz:   0% 2868 MHz:   0% 3096 MHz:   0% 3300 MHz:   0% 3468 MHz:   0% 3624 MHz:   0% 3756 MHz:   0% 3828 MHz:   0% 3888 MHz:   0% 3948 MHz:   0% 3996 MHz:   0% 4044 MHz:   0% 4104 MHz:   0% 4416 MHz:   0% 4512 MHz:   0%)
CPU 8 idle residency:   5.78%
CPU 8 down residency:  94.22%
CPU 9 frequency: 0 MHz
CPU 9 active residency:   0.00% (1260 MHz:   0% 1512 MHz:   0% 1800 MHz:   0% 2088 MHz:   0% 2352 MHz:   0% 2616 MHz:   0% 2868 MHz:   0% 3096 MHz:   0% 3300 MHz:   0% 3468 MHz:   0% 3624 MHz:   0% 3756 MHz:   0% 3828 MHz:   0% 3888 MHz:   0% 3948 MHz:   0% 3996 MHz:   0% 4044 MHz:   0% 4104 MHz:   0% 4416 MHz:   0% 4512 MHz:   0%)
CPU 9 idle residency:   6.25%
CPU 9 down residency:  93.75%

P1-Cluster HW active frequency: 4038 MHz
P1-Cluster HW active residency:  99.61% (1260 MHz:   0% 1512 MHz:   0% 1800 MHz:   0% 2088 MHz:   0% 2352 MHz:   0% 2616 MHz:   0% 2868 MHz:   0% 3096 MHz:   0% 3300 MHz:   0% 3468 MHz:   0% 3624 MHz:   0% 3756 MHz:   0% 3828 MHz:   0% 3888 MHz:  45% 3948 MHz:  27% 3996 MHz: 4.0% 4044 MHz: 1.3% 4104 MHz:   0% 4416 MHz:  11% 4512 MHz:  11%)
P1-Cluster idle residency:   0.39%
P1-Cluster down residency:   0.00%
CPU 10 frequency: 4512 MHz
CPU 10 active residency:  71.11% (1260 MHz:   0% 1512 MHz:   0% 1800 MHz:   0% 2088 MHz:   0% 2352 MHz:   0% 2616 MHz:   0% 2868 MHz:   0% 3096 MHz:   0% 3300 MHz:   0% 3468 MHz:   0% 3624 MHz:   0% 3756 MHz:   0% 3828 MHz:   0% 3888 MHz:   0% 3948 MHz:   0% 3996 MHz:   0% 4044 MHz:   0% 4104 MHz:   0% 4416 MHz:   0% 4512 MHz:  71%)
CPU 10 idle residency:  28.89%
CPU 10 down residency:   0.00%
CPU 11 frequency: 4512 MHz
CPU 11 active residency:  52.72% (1260 MHz:   0% 1512 MHz:   0% 1800 MHz:   0% 2088 MHz:   0% 2352 MHz:   0% 2616 MHz:   0% 2868 MHz:   0% 3096 MHz:   0% 3300 MHz:   0% 3468 MHz:   0% 3624 MHz:   0% 3756 MHz:   0% 3828 MHz:   0% 3888 MHz:   0% 3948 MHz:   0% 3996 MHz:   0% 4044 MHz:   0% 4104 MHz:   0% 4416 MHz:   0% 4512 MHz:  53%)
CPU 11 idle residency:  47.28%
CPU 11 down residency:   0.00%
CPU 12 frequency: 4512 MHz
CPU 12 active residency:  64.67% (1260 MHz:   0% 1512 MHz:   0% 1800 MHz:   0% 2088 MHz:   0% 2352 MHz:   0% 2616 MHz:   0% 2868 MHz:   0% 3096 MHz:   0% 3300 MHz:   0% 3468 MHz:   0% 3624 MHz:   0% 3756 MHz:   0% 3828 MHz:   0% 3888 MHz:   0% 3948 MHz:   0% 3996 MHz:   0% 4044 MHz:   0% 4104 MHz:   0% 4416 MHz:   0% 4512 MHz:  65%)
CPU 12 idle residency:  35.33%
CPU 12 down residency:   0.00%
CPU 13 frequency: 4512 MHz
CPU 13 active residency:  57.72% (1260 MHz:   0% 1512 MHz:   0% 1800 MHz:   0% 2088 MHz:   0% 2352 MHz:   0% 2616 MHz:   0% 2868 MHz:   0% 3096 MHz:   0% 3300 MHz:   0% 3468 MHz:   0% 3624 MHz:   0% 3756 MHz:   0% 3828 MHz:   0% 3888 MHz:   0% 3948 MHz:   0% 3996 MHz:   0% 4044 MHz:   0% 4104 MHz:   0% 4416 MHz:   0% 4512 MHz:  58%)
CPU 13 idle residency:  42.28%
CPU 13 down residency:   0.00%
CPU 14 frequency: 4512 MHz
CPU 14 active residency:  62.68% (1260 MHz:   0% 1512 MHz:   0% 1800 MHz:   0% 2088 MHz:   0% 2352 MHz:   0% 2616 MHz:   0% 2868 MHz:   0% 3096 MHz:   0% 3300 MHz:   0% 3468 MHz:   0% 3624 MHz:   0% 3756 MHz:   0% 3828 MHz:   0% 3888 MHz:   0% 3948 MHz:   0% 3996 MHz:   0% 4044 MHz:   0% 4104 MHz:   0% 4416 MHz:   0% 4512 MHz:  63%)
CPU 14 idle residency:  37.32%
CPU 14 down residency:   0.00%
CPU 15 frequency: 4512 MHz
CPU 15 active residency:  61.58% (1260 MHz:   0% 1512 MHz:   0% 1800 MHz:   0% 2088 MHz:   0% 2352 MHz:   0% 2616 MHz:   0% 2868 MHz:   0% 3096 MHz:   0% 3300 MHz:   0% 3468 MHz:   0% 3624 MHz:   0% 3756 MHz:   0% 3828 MHz:   0% 3888 MHz:   0% 3948 MHz:   0% 3996 MHz:   0% 4044 MHz:   0% 4104 MHz:   0% 4416 MHz:   0% 4512 MHz:  62%)
CPU 15 idle residency:  38.42%
CPU 15 down residency:   0.00%

CPU Power: 7532 mW
GPU Power: 20287 mW
ANE Power: 0 mW
Combined Power (CPU + GPU + ANE): 27819 mW

**** GPU usage ****

GPU HW active frequency: 1578 MHz
GPU HW active residency:  99.98% (338 MHz: .01% 618 MHz:   0% 796 MHz:   0% 924 MHz:   0% 952 MHz:   0% 1056 MHz:   0% 1062 MHz:   0% 1182 MHz:   0% 1182 MHz:   0% 1312 MHz:   0% 1242 MHz:   0% 1380 MHz:   0% 1326 MHz:   0% 1470 MHz:   0% 1578 MHz: 100%)
GPU SW requested state: (P1 :   0% P2 :   0% P3 :   0% P4 :   0% P5 :   0% P6 :   0% P7 :   0% P8 :   0% P9 :   0% P10 : 100% P11 :   0% P12 :   0% P13 :   0% P14 :   0% P15 :   0%)
GPU SW state: (SW_P1 : .01% SW_P2 :   0% SW_P3 :   0% SW_P4 :   0% SW_P5 :   0% SW_P6 :   0% SW_P7 :   0% SW_P8 :   0% SW_P9 :   0% SW_P10 : 100% SW_P11 :   0% SW_P12 :   0% SW_P13 :   0% SW_P14 :   0% SW_P15 :   0%)
GPU idle residency:   0.02%
GPU Power: 20296 mW



*** Sampled system activity (Tue Jan 20 15:20:07 2026 +0100) (1021.51ms elapsed) ***


**** Processor usage ****

E-Cluster Online: 100%
E-Cluster HW active frequency: 1625 MHz
E-Cluster HW active residency:  52.68% (1020 MHz:  29% 1404 MHz: 1.5% 1788 MHz: 2.2% 2112 MHz: 2.2% 2352 MHz: 1.5% 2532 MHz: .21% 2592 MHz:  16%)
E-Cluster idle residency:  47.32%
E-Cluster down residency:   0.00%
CPU 0 frequency: 1766 MHz
CPU 0 active residency:  22.65% (1020 MHz:  10% 1404 MHz: .78% 1788 MHz: 1.1% 2112 MHz: 1.0% 2352 MHz: .72% 2532 MHz: .05% 2592 MHz: 8.7%)
CPU 0 idle residency:  77.35%
CPU 0 down residency:   0.00%
CPU 1 frequency: 1903 MHz
CPU 1 active residency:  17.58% (1020 MHz: 6.4% 1404 MHz: .70% 1788 MHz: .93% 2112 MHz: .71% 2352 MHz: .39% 2532 MHz: .03% 2592 MHz: 8.4%)
CPU 1 idle residency:  82.42%
CPU 1 down residency:   0.00%
CPU 2 frequency: 1928 MHz
CPU 2 active residency:  11.27% (1020 MHz: 4.1% 1404 MHz: .30% 1788 MHz: .35% 2112 MHz: .47% 2352 MHz: .50% 2532 MHz: .08% 2592 MHz: 5.4%)
CPU 2 idle residency:  88.73%
CPU 2 down residency:   0.00%
CPU 3 frequency: 1861 MHz
CPU 3 active residency:   9.19% (1020 MHz: 3.5% 1404 MHz: .29% 1788 MHz: .78% 2112 MHz: .27% 2352 MHz: .20% 2532 MHz: .20% 2592 MHz: 3.9%)
CPU 3 idle residency:  90.81%
CPU 3 down residency:   0.00%

P0-Cluster Online: 4%
P0-Cluster HW active frequency: 2019 MHz
P0-Cluster HW active residency:   0.91% (1260 MHz: .70% 1512 MHz:   0% 1800 MHz:   0% 2088 MHz:   0% 2352 MHz:   0% 2616 MHz:   0% 2868 MHz:   0% 3096 MHz:   0% 3300 MHz:   0% 3468 MHz:   0% 3624 MHz:   0% 3756 MHz:   0% 3828 MHz:   0% 3888 MHz: .01% 3948 MHz: .00% 3996 MHz:   0% 4044 MHz:   0% 4104 MHz:   0% 4416 MHz: .01% 4512 MHz: .19%)
P0-Cluster idle residency:   2.54%
P0-Cluster down residency:  96.54%
CPU 4 frequency: 0 MHz
CPU 4 active residency:   0.00% (1260 MHz:   0% 1512 MHz:   0% 1800 MHz:   0% 2088 MHz:   0% 2352 MHz:   0% 2616 MHz:   0% 2868 MHz:   0% 3096 MHz:   0% 3300 MHz:   0% 3468 MHz:   0% 3624 MHz:   0% 3756 MHz:   0% 3828 MHz:   0% 3888 MHz:   0% 3948 MHz:   0% 3996 MHz:   0% 4044 MHz:   0% 4104 MHz:   0% 4416 MHz:   0% 4512 MHz:   0%)
CPU 4 idle residency:   3.32%
CPU 4 down residency:  96.68%
CPU 5 frequency: 0 MHz
CPU 5 active residency:   0.00% (1260 MHz:   0% 1512 MHz:   0% 1800 MHz:   0% 2088 MHz:   0% 2352 MHz:   0% 2616 MHz:   0% 2868 MHz:   0% 3096 MHz:   0% 3300 MHz:   0% 3468 MHz:   0% 3624 MHz:   0% 3756 MHz:   0% 3828 MHz:   0% 3888 MHz:   0% 3948 MHz:   0% 3996 MHz:   0% 4044 MHz:   0% 4104 MHz:   0% 4416 MHz:   0% 4512 MHz:   0%)
CPU 5 idle residency:   3.31%
CPU 5 down residency:  96.69%
CPU 6 frequency: 0 MHz
CPU 6 active residency:   0.00% (1260 MHz:   0% 1512 MHz:   0% 1800 MHz:   0% 2088 MHz:   0% 2352 MHz:   0% 2616 MHz:   0% 2868 MHz:   0% 3096 MHz:   0% 3300 MHz:   0% 3468 MHz:   0% 3624 MHz:   0% 3756 MHz:   0% 3828 MHz:   0% 3888 MHz:   0% 3948 MHz:   0% 3996 MHz:   0% 4044 MHz:   0% 4104 MHz:   0% 4416 MHz:   0% 4512 MHz:   0%)
CPU 6 idle residency:   3.32%
CPU 6 down residency:  96.68%
CPU 7 frequency: 0 MHz
CPU 7 active residency:   0.00% (1260 MHz:   0% 1512 MHz:   0% 1800 MHz:   0% 2088 MHz:   0% 2352 MHz:   0% 2616 MHz:   0% 2868 MHz:   0% 3096 MHz:   0% 3300 MHz:   0% 3468 MHz:   0% 3624 MHz:   0% 3756 MHz:   0% 3828 MHz:   0% 3888 MHz:   0% 3948 MHz:   0% 3996 MHz:   0% 4044 MHz:   0% 4104 MHz:   0% 4416 MHz:   0% 4512 MHz:   0%)
CPU 7 idle residency:   3.33%
CPU 7 down residency:  96.67%
CPU 8 frequency: 0 MHz
CPU 8 active residency:   0.00% (1260 MHz:   0% 1512 MHz:   0% 1800 MHz:   0% 2088 MHz:   0% 2352 MHz:   0% 2616 MHz:   0% 2868 MHz:   0% 3096 MHz:   0% 3300 MHz:   0% 3468 MHz:   0% 3624 MHz:   0% 3756 MHz:   0% 3828 MHz:   0% 3888 MHz:   0% 3948 MHz:   0% 3996 MHz:   0% 4044 MHz:   0% 4104 MHz:   0% 4416 MHz:   0% 4512 MHz:   0%)
CPU 8 idle residency:   3.33%
CPU 8 down residency:  96.67%
CPU 9 frequency: 0 MHz
CPU 9 active residency:   0.00% (1260 MHz:   0% 1512 MHz:   0% 1800 MHz:   0% 2088 MHz:   0% 2352 MHz:   0% 2616 MHz:   0% 2868 MHz:   0% 3096 MHz:   0% 3300 MHz:   0% 3468 MHz:   0% 3624 MHz:   0% 3756 MHz:   0% 3828 MHz:   0% 3888 MHz:   0% 3948 MHz:   0% 3996 MHz:   0% 4044 MHz:   0% 4104 MHz:   0% 4416 MHz:   0% 4512 MHz:   0%)
CPU 9 idle residency:   3.33%
CPU 9 down residency:  96.67%

P1-Cluster HW active frequency: 4042 MHz
P1-Cluster HW active residency:  99.59% (1260 MHz:   0% 1512 MHz:   0% 1800 MHz:   0% 2088 MHz:   0% 2352 MHz:   0% 2616 MHz:   0% 2868 MHz:   0% 3096 MHz:   0% 3300 MHz:   0% 3468 MHz:   0% 3624 MHz:   0% 3756 MHz:   0% 3828 MHz:   0% 3888 MHz:  39% 3948 MHz:  31% 3996 MHz: 5.6% 4044 MHz: 1.8% 4104 MHz:   0% 4416 MHz:  11% 4512 MHz:  11%)
P1-Cluster idle residency:   0.41%
P1-Cluster down residency:   0.00%
CPU 10 frequency: 4512 MHz
CPU 10 active residency:  65.02% (1260 MHz:   0% 1512 MHz:   0% 1800 MHz:   0% 2088 MHz:   0% 2352 MHz:   0% 2616 MHz:   0% 2868 MHz:   0% 3096 MHz:   0% 3300 MHz:   0% 3468 MHz:   0% 3624 MHz:   0% 3756 MHz:   0% 3828 MHz:   0% 3888 MHz:   0% 3948 MHz:   0% 3996 MHz:   0% 4044 MHz:   0% 4104 MHz:   0% 4416 MHz:   0% 4512 MHz:  65%)
CPU 10 idle residency:  34.98%
CPU 10 down residency:   0.00%
CPU 11 frequency: 4512 MHz
CPU 11 active residency:  55.58% (1260 MHz:   0% 1512 MHz:   0% 1800 MHz:   0% 2088 MHz:   0% 2352 MHz:   0% 2616 MHz:   0% 2868 MHz:   0% 3096 MHz:   0% 3300 MHz:   0% 3468 MHz:   0% 3624 MHz:   0% 3756 MHz:   0% 3828 MHz:   0% 3888 MHz:   0% 3948 MHz:   0% 3996 MHz:   0% 4044 MHz:   0% 4104 MHz:   0% 4416 MHz:   0% 4512 MHz:  56%)
CPU 11 idle residency:  44.42%
CPU 11 down residency:   0.00%
CPU 12 frequency: 4512 MHz
CPU 12 active residency:  60.96% (1260 MHz:   0% 1512 MHz:   0% 1800 MHz:   0% 2088 MHz:   0% 2352 MHz:   0% 2616 MHz:   0% 2868 MHz:   0% 3096 MHz:   0% 3300 MHz:   0% 3468 MHz:   0% 3624 MHz:   0% 3756 MHz:   0% 3828 MHz:   0% 3888 MHz:   0% 3948 MHz:   0% 3996 MHz:   0% 4044 MHz:   0% 4104 MHz:   0% 4416 MHz:   0% 4512 MHz:  61%)
CPU 12 idle residency:  39.04%
CPU 12 down residency:   0.00%
CPU 13 frequency: 4512 MHz
CPU 13 active residency:  62.69% (1260 MHz:   0% 1512 MHz:   0% 1800 MHz:   0% 2088 MHz:   0% 2352 MHz:   0% 2616 MHz:   0% 2868 MHz:   0% 3096 MHz:   0% 3300 MHz:   0% 3468 MHz:   0% 3624 MHz:   0% 3756 MHz:   0% 3828 MHz:   0% 3888 MHz:   0% 3948 MHz:   0% 3996 MHz:   0% 4044 MHz:   0% 4104 MHz:   0% 4416 MHz:   0% 4512 MHz:  63%)
CPU 13 idle residency:  37.31%
CPU 13 down residency:   0.00%
CPU 14 frequency: 4512 MHz
CPU 14 active residency:  55.95% (1260 MHz:   0% 1512 MHz:   0% 1800 MHz:   0% 2088 MHz:   0% 2352 MHz:   0% 2616 MHz:   0% 2868 MHz:   0% 3096 MHz:   0% 3300 MHz:   0% 3468 MHz:   0% 3624 MHz:   0% 3756 MHz:   0% 3828 MHz:   0% 3888 MHz:   0% 3948 MHz:   0% 3996 MHz:   0% 4044 MHz:   0% 4104 MHz:   0% 4416 MHz:   0% 4512 MHz:  56%)
CPU 14 idle residency:  44.05%
CPU 14 down residency:   0.00%
CPU 15 frequency: 4512 MHz
CPU 15 active residency:  55.87% (1260 MHz:   0% 1512 MHz:   0% 1800 MHz:   0% 2088 MHz:   0% 2352 MHz:   0% 2616 MHz:   0% 2868 MHz:   0% 3096 MHz:   0% 3300 MHz:   0% 3468 MHz:   0% 3624 MHz:   0% 3756 MHz:   0% 3828 MHz:   0% 3888 MHz:   0% 3948 MHz:   0% 3996 MHz:   0% 4044 MHz:   0% 4104 MHz:   0% 4416 MHz:   0% 4512 MHz:  56%)
CPU 15 idle residency:  44.13%
CPU 15 down residency:   0.00%

CPU Power: 7311 mW
GPU Power: 20710 mW
ANE Power: 0 mW
Combined Power (CPU + GPU + ANE): 28020 mW

**** GPU usage ****

GPU HW active frequency: 1578 MHz
GPU HW active residency: 100.00% (338 MHz:   0% 618 MHz:   0% 796 MHz:   0% 924 MHz:   0% 952 MHz:   0% 1056 MHz:   0% 1062 MHz:   0% 1182 MHz:   0% 1182 MHz:   0% 1312 MHz:   0% 1242 MHz:   0% 1380 MHz:   0% 1326 MHz:   0% 1470 MHz:   0% 1578 MHz: 100%)
GPU SW requested state: (P1 :   0% P2 :   0% P3 :   0% P4 :   0% P5 :   0% P6 :   0% P7 :   0% P8 :   0% P9 :   0% P10 : 100% P11 :   0% P12 :   0% P13 :   0% P14 :   0% P15 :   0%)
GPU SW state: (SW_P1 :   0% SW_P2 :   0% SW_P3 :   0% SW_P4 :   0% SW_P5 :   0% SW_P6 :   0% SW_P7 :   0% SW_P8 :   0% SW_P9 :   0% SW_P10 : 100% SW_P11 :   0% SW_P12 :   0% SW_P13 :   0% SW_P14 :   0% SW_P15 :   0%)
GPU idle residency:   0.00%
GPU Power: 20709 mW



*** Sampled system activity (Tue Jan 20 15:20:08 2026 +0100) (1020.14ms elapsed) ***


**** Processor usage ****

E-Cluster Online: 100%
E-Cluster HW active frequency: 1872 MHz
E-Cluster HW active residency:  65.20% (1020 MHz:  26% 1404 MHz: 2.2% 1788 MHz: 1.5% 2112 MHz: 2.6% 2352 MHz: 1.2% 2532 MHz: .22% 2592 MHz:  31%)
E-Cluster idle residency:  34.80%
E-Cluster down residency:   0.00%
CPU 0 frequency: 1936 MHz
CPU 0 active residency:  32.81% (1020 MHz:  11% 1404 MHz: 1.8% 1788 MHz: 1.3% 2112 MHz: 1.7% 2352 MHz: .61% 2532 MHz: .06% 2592 MHz:  16%)
CPU 0 idle residency:  67.19%
CPU 0 down residency:   0.00%
CPU 1 frequency: 2089 MHz
CPU 1 active residency:  26.88% (1020 MHz: 7.3% 1404 MHz: .59% 1788 MHz: .44% 2112 MHz: 1.4% 2352 MHz: .98% 2532 MHz: .16% 2592 MHz:  16%)
CPU 1 idle residency:  73.12%
CPU 1 down residency:   0.00%
CPU 2 frequency: 2142 MHz
CPU 2 active residency:  19.54% (1020 MHz: 4.6% 1404 MHz: .82% 1788 MHz: .26% 2112 MHz: .76% 2352 MHz: .23% 2532 MHz: .01% 2592 MHz:  13%)
CPU 2 idle residency:  80.46%
CPU 2 down residency:   0.00%
CPU 3 frequency: 2218 MHz
CPU 3 active residency:  13.85% (1020 MHz: 2.7% 1404 MHz: .44% 1788 MHz: .13% 2112 MHz: .40% 2352 MHz: .39% 2532 MHz: .00% 2592 MHz: 9.8%)
CPU 3 idle residency:  86.15%
CPU 3 down residency:   0.00%

P0-Cluster Online: 7%
P0-Cluster HW active frequency: 2287 MHz
P0-Cluster HW active residency:   1.95% (1260 MHz: 1.2% 1512 MHz:   0% 1800 MHz: .14% 2088 MHz:   0% 2352 MHz:   0% 2616 MHz:   0% 2868 MHz:   0% 3096 MHz:   0% 3300 MHz:   0% 3468 MHz:   0% 3624 MHz:   0% 3756 MHz:   0% 3828 MHz:   0% 3888 MHz: .02% 3948 MHz: .06% 3996 MHz:   0% 4044 MHz:   0% 4104 MHz:   0% 4416 MHz: .11% 4512 MHz: .42%)
P0-Cluster idle residency:   4.04%
P0-Cluster down residency:  94.02%
CPU 4 frequency: 4506 MHz
CPU 4 active residency:  22.00% (1260 MHz: .03% 1512 MHz:   0% 1800 MHz: .02% 2088 MHz:   0% 2352 MHz:   0% 2616 MHz:   0% 2868 MHz:   0% 3096 MHz: .00% 3300 MHz:   0% 3468 MHz:   0% 3624 MHz:   0% 3756 MHz:   0% 3828 MHz:   0% 3888 MHz:   0% 3948 MHz:   0% 3996 MHz:   0% 4044 MHz:   0% 4104 MHz:   0% 4416 MHz: .02% 4512 MHz:  22%)
CPU 4 idle residency:   4.45%
CPU 4 down residency:  73.55%
CPU 5 frequency: 4490 MHz
CPU 5 active residency:  24.30% (1260 MHz: .03% 1512 MHz:   0% 1800 MHz: .16% 2088 MHz:   0% 2352 MHz:   0% 2616 MHz:   0% 2868 MHz:   0% 3096 MHz:   0% 3300 MHz:   0% 3468 MHz:   0% 3624 MHz:   0% 3756 MHz:   0% 3828 MHz:   0% 3888 MHz:   0% 3948 MHz:   0% 3996 MHz:   0% 4044 MHz:   0% 4104 MHz:   0% 4416 MHz: .02% 4512 MHz:  24%)
CPU 5 idle residency:   4.31%
CPU 5 down residency:  71.39%
CPU 6 frequency: 4483 MHz
CPU 6 active residency:  22.31% (1260 MHz: .16% 1512 MHz:   0% 1800 MHz: .04% 2088 MHz:   0% 2352 MHz:   0% 2616 MHz:   0% 2868 MHz:   0% 3096 MHz: .02% 3300 MHz:   0% 3468 MHz:   0% 3624 MHz:   0% 3756 MHz:   0% 3828 MHz:   0% 3888 MHz:   0% 3948 MHz:   0% 3996 MHz:   0% 4044 MHz:   0% 4104 MHz:   0% 4416 MHz: .02% 4512 MHz:  22%)
CPU 6 idle residency:   4.31%
CPU 6 down residency:  73.38%
CPU 7 frequency: 4474 MHz
CPU 7 active residency:  25.21% (1260 MHz: .06% 1512 MHz:   0% 1800 MHz: .05% 2088 MHz: .26% 2352 MHz:   0% 2616 MHz:   0% 2868 MHz:   0% 3096 MHz: .02% 3300 MHz:   0% 3468 MHz:   0% 3624 MHz:   0% 3756 MHz:   0% 3828 MHz:   0% 3888 MHz:   0% 3948 MHz:   0% 3996 MHz:   0% 4044 MHz:   0% 4104 MHz:   0% 4416 MHz: .02% 4512 MHz:  25%)
CPU 7 idle residency:   4.22%
CPU 7 down residency:  70.57%
CPU 8 frequency: 4498 MHz
CPU 8 active residency:  23.14% (1260 MHz: .05% 1512 MHz:   0% 1800 MHz: .05% 2088 MHz:   0% 2352 MHz:   0% 2616 MHz:   0% 2868 MHz:   0% 3096 MHz: .01% 3300 MHz:   0% 3468 MHz:   0% 3624 MHz:   0% 3756 MHz:   0% 3828 MHz:   0% 3888 MHz:   0% 3948 MHz:   0% 3996 MHz:   0% 4044 MHz:   0% 4104 MHz:   0% 4416 MHz: .02% 4512 MHz:  23%)
CPU 8 idle residency:   4.29%
CPU 8 down residency:  72.57%
CPU 9 frequency: 4506 MHz
CPU 9 active residency:  19.98% (1260 MHz: .03% 1512 MHz:   0% 1800 MHz: .01% 2088 MHz:   0% 2352 MHz:   0% 2616 MHz:   0% 2868 MHz:   0% 3096 MHz:   0% 3300 MHz:   0% 3468 MHz:   0% 3624 MHz:   0% 3756 MHz:   0% 3828 MHz:   0% 3888 MHz:   0% 3948 MHz:   0% 3996 MHz:   0% 4044 MHz:   0% 4104 MHz:   0% 4416 MHz: .02% 4512 MHz:  20%)
CPU 9 idle residency:   4.58%
CPU 9 down residency:  75.44%

P1-Cluster HW active frequency: 4006 MHz
P1-Cluster HW active residency:  99.76% (1260 MHz:   0% 1512 MHz:   0% 1800 MHz:   0% 2088 MHz:   0% 2352 MHz:   0% 2616 MHz:   0% 2868 MHz:   0% 3096 MHz:   0% 3300 MHz:   0% 3468 MHz:   0% 3624 MHz:   0% 3756 MHz:   0% 3828 MHz:   0% 3888 MHz:  48% 3948 MHz:  26% 3996 MHz: 7.8% 4044 MHz: 2.6% 4104 MHz:   0% 4416 MHz: 8.1% 4512 MHz: 7.6%)
P1-Cluster idle residency:   0.24%
P1-Cluster down residency:   0.00%
CPU 10 frequency: 4512 MHz
CPU 10 active residency:  66.88% (1260 MHz:   0% 1512 MHz:   0% 1800 MHz:   0% 2088 MHz:   0% 2352 MHz:   0% 2616 MHz:   0% 2868 MHz:   0% 3096 MHz:   0% 3300 MHz:   0% 3468 MHz:   0% 3624 MHz:   0% 3756 MHz:   0% 3828 MHz:   0% 3888 MHz:   0% 3948 MHz:   0% 3996 MHz:   0% 4044 MHz:   0% 4104 MHz:   0% 4416 MHz:   0% 4512 MHz:  67%)
CPU 10 idle residency:  33.12%
CPU 10 down residency:   0.00%
CPU 11 frequency: 4512 MHz
CPU 11 active residency:  63.36% (1260 MHz:   0% 1512 MHz:   0% 1800 MHz:   0% 2088 MHz:   0% 2352 MHz:   0% 2616 MHz:   0% 2868 MHz:   0% 3096 MHz:   0% 3300 MHz:   0% 3468 MHz:   0% 3624 MHz:   0% 3756 MHz:   0% 3828 MHz:   0% 3888 MHz:   0% 3948 MHz:   0% 3996 MHz:   0% 4044 MHz:   0% 4104 MHz:   0% 4416 MHz:   0% 4512 MHz:  63%)
CPU 11 idle residency:  36.64%
CPU 11 down residency:   0.00%
CPU 12 frequency: 4512 MHz
CPU 12 active residency:  67.50% (1260 MHz:   0% 1512 MHz:   0% 1800 MHz:   0% 2088 MHz:   0% 2352 MHz:   0% 2616 MHz:   0% 2868 MHz:   0% 3096 MHz:   0% 3300 MHz:   0% 3468 MHz:   0% 3624 MHz:   0% 3756 MHz:   0% 3828 MHz:   0% 3888 MHz:   0% 3948 MHz:   0% 3996 MHz:   0% 4044 MHz:   0% 4104 MHz:   0% 4416 MHz:   0% 4512 MHz:  68%)
CPU 12 idle residency:  32.50%
CPU 12 down residency:   0.00%
CPU 13 frequency: 4512 MHz
CPU 13 active residency:  51.82% (1260 MHz:   0% 1512 MHz:   0% 1800 MHz:   0% 2088 MHz:   0% 2352 MHz:   0% 2616 MHz:   0% 2868 MHz:   0% 3096 MHz:   0% 3300 MHz:   0% 3468 MHz:   0% 3624 MHz:   0% 3756 MHz:   0% 3828 MHz:   0% 3888 MHz:   0% 3948 MHz:   0% 3996 MHz:   0% 4044 MHz:   0% 4104 MHz:   0% 4416 MHz:   0% 4512 MHz:  52%)
CPU 13 idle residency:  48.18%
CPU 13 down residency:   0.00%
CPU 14 frequency: 4512 MHz
CPU 14 active residency:  62.68% (1260 MHz:   0% 1512 MHz:   0% 1800 MHz:   0% 2088 MHz:   0% 2352 MHz:   0% 2616 MHz:   0% 2868 MHz:   0% 3096 MHz:   0% 3300 MHz:   0% 3468 MHz:   0% 3624 MHz:   0% 3756 MHz:   0% 3828 MHz:   0% 3888 MHz:   0% 3948 MHz:   0% 3996 MHz:   0% 4044 MHz:   0% 4104 MHz:   0% 4416 MHz:   0% 4512 MHz:  63%)
CPU 14 idle residency:  37.32%
CPU 14 down residency:   0.00%
CPU 15 frequency: 4512 MHz
CPU 15 active residency:  64.98% (1260 MHz:   0% 1512 MHz:   0% 1800 MHz:   0% 2088 MHz:   0% 2352 MHz:   0% 2616 MHz:   0% 2868 MHz:   0% 3096 MHz:   0% 3300 MHz:   0% 3468 MHz:   0% 3624 MHz:   0% 3756 MHz:   0% 3828 MHz:   0% 3888 MHz:   0% 3948 MHz:   0% 3996 MHz:   0% 4044 MHz:   0% 4104 MHz:   0% 4416 MHz:   0% 4512 MHz:  65%)
CPU 15 idle residency:  35.02%
CPU 15 down residency:   0.00%

CPU Power: 7436 mW
GPU Power: 20576 mW
ANE Power: 0 mW
Combined Power (CPU + GPU + ANE): 28012 mW

**** GPU usage ****

GPU HW active frequency: 1578 MHz
GPU HW active residency: 100.00% (338 MHz:   0% 618 MHz:   0% 796 MHz:   0% 924 MHz:   0% 952 MHz:   0% 1056 MHz:   0% 1062 MHz:   0% 1182 MHz:   0% 1182 MHz:   0% 1312 MHz:   0% 1242 MHz:   0% 1380 MHz:   0% 1326 MHz:   0% 1470 MHz:   0% 1578 MHz: 100%)
GPU SW requested state: (P1 :   0% P2 :   0% P3 :   0% P4 :   0% P5 :   0% P6 :   0% P7 :   0% P8 :   0% P9 :   0% P10 : 100% P11 :   0% P12 :   0% P13 :   0% P14 :   0% P15 :   0%)
GPU SW state: (SW_P1 :   0% SW_P2 :   0% SW_P3 :   0% SW_P4 :   0% SW_P5 :   0% SW_P6 :   0% SW_P7 :   0% SW_P8 :   0% SW_P9 :   0% SW_P10 : 100% SW_P11 :   0% SW_P12 :   0% SW_P13 :   0% SW_P14 :   0% SW_P15 :   0%)
GPU idle residency:   0.00%
GPU Power: 20575 mW



*** Sampled system activity (Tue Jan 20 15:20:09 2026 +0100) (1021.52ms elapsed) ***


**** Processor usage ****

E-Cluster Online: 100%
E-Cluster HW active frequency: 1165 MHz
E-Cluster HW active residency:  44.49% (1020 MHz:  38% 1404 MHz: 1.4% 1788 MHz: .88% 2112 MHz: 1.7% 2352 MHz: .79% 2532 MHz: .43% 2592 MHz: 1.1%)
E-Cluster idle residency:  55.51%
E-Cluster down residency:   0.00%
CPU 0 frequency: 1223 MHz
CPU 0 active residency:  18.81% (1020 MHz:  15% 1404 MHz: 1.1% 1788 MHz: .47% 2112 MHz: 1.1% 2352 MHz: .82% 2532 MHz: .03% 2592 MHz: .42%)
CPU 0 idle residency:  81.19%
CPU 0 down residency:   0.00%
CPU 1 frequency: 1142 MHz
CPU 1 active residency:  10.11% (1020 MHz: 9.0% 1404 MHz: .17% 1788 MHz: .18% 2112 MHz: .41% 2352 MHz: .10% 2532 MHz: .00% 2592 MHz: .28%)
CPU 1 idle residency:  89.89%
CPU 1 down residency:   0.00%
CPU 2 frequency: 1166 MHz
CPU 2 active residency:   6.08% (1020 MHz: 5.0% 1404 MHz: .34% 1788 MHz: .36% 2112 MHz: .21% 2352 MHz: .09% 2532 MHz: .00% 2592 MHz: .08%)
CPU 2 idle residency:  93.92%
CPU 2 down residency:   0.00%
CPU 3 frequency: 1366 MHz
CPU 3 active residency:   4.99% (1020 MHz: 3.5% 1404 MHz: .06% 1788 MHz: .15% 2112 MHz: .71% 2352 MHz: .05% 2532 MHz: .43% 2592 MHz: .06%)
CPU 3 idle residency:  95.01%
CPU 3 down residency:   0.00%

P0-Cluster Online: 16%
P0-Cluster HW active frequency: 3984 MHz
P0-Cluster HW active residency:  11.69% (1260 MHz: .49% 1512 MHz:   0% 1800 MHz:   0% 2088 MHz:   0% 2352 MHz:   0% 2616 MHz:   0% 2868 MHz:   0% 3096 MHz:   0% 3300 MHz:   0% 3468 MHz:   0% 3624 MHz:   0% 3756 MHz:   0% 3828 MHz:   0% 3888 MHz: 2.9% 3948 MHz: 4.5% 3996 MHz: .06% 4044 MHz: .17% 4104 MHz:   0% 4416 MHz: 1.2% 4512 MHz: 2.3%)
P0-Cluster idle residency:   2.34%
P0-Cluster down residency:  85.97%
CPU 4 frequency: 4500 MHz
CPU 4 active residency:   7.25% (1260 MHz: .03% 1512 MHz:   0% 1800 MHz:   0% 2088 MHz:   0% 2352 MHz:   0% 2616 MHz:   0% 2868 MHz:   0% 3096 MHz:   0% 3300 MHz:   0% 3468 MHz:   0% 3624 MHz:   0% 3756 MHz:   0% 3828 MHz:   0% 3888 MHz:   0% 3948 MHz:   0% 3996 MHz:   0% 4044 MHz:   0% 4104 MHz:   0% 4416 MHz:   0% 4512 MHz: 7.2%)
CPU 4 idle residency:   6.80%
CPU 4 down residency:  85.95%
CPU 5 frequency: 4490 MHz
CPU 5 active residency:   3.90% (1260 MHz: .03% 1512 MHz:   0% 1800 MHz:   0% 2088 MHz:   0% 2352 MHz:   0% 2616 MHz:   0% 2868 MHz:   0% 3096 MHz:   0% 3300 MHz:   0% 3468 MHz:   0% 3624 MHz:   0% 3756 MHz:   0% 3828 MHz:   0% 3888 MHz:   0% 3948 MHz:   0% 3996 MHz:   0% 4044 MHz:   0% 4104 MHz:   0% 4416 MHz:   0% 4512 MHz: 3.9%)
CPU 5 idle residency:  10.14%
CPU 5 down residency:  85.96%
CPU 6 frequency: 4502 MHz
CPU 6 active residency:   8.31% (1260 MHz: .03% 1512 MHz:   0% 1800 MHz:   0% 2088 MHz:   0% 2352 MHz:   0% 2616 MHz:   0% 2868 MHz:   0% 3096 MHz:   0% 3300 MHz:   0% 3468 MHz:   0% 3624 MHz:   0% 3756 MHz:   0% 3828 MHz:   0% 3888 MHz:   0% 3948 MHz:   0% 3996 MHz:   0% 4044 MHz:   0% 4104 MHz:   0% 4416 MHz:   0% 4512 MHz: 8.3%)
CPU 6 idle residency:   5.75%
CPU 6 down residency:  85.95%
CPU 7 frequency: 4500 MHz
CPU 7 active residency:   7.07% (1260 MHz: .03% 1512 MHz:   0% 1800 MHz:   0% 2088 MHz:   0% 2352 MHz:   0% 2616 MHz:   0% 2868 MHz:   0% 3096 MHz:   0% 3300 MHz:   0% 3468 MHz:   0% 3624 MHz:   0% 3756 MHz:   0% 3828 MHz:   0% 3888 MHz:   0% 3948 MHz:   0% 3996 MHz:   0% 4044 MHz:   0% 4104 MHz:   0% 4416 MHz:   0% 4512 MHz: 7.0%)
CPU 7 idle residency:   6.98%
CPU 7 down residency:  85.94%
CPU 8 frequency: 4499 MHz
CPU 8 active residency:   6.86% (1260 MHz: .03% 1512 MHz:   0% 1800 MHz:   0% 2088 MHz:   0% 2352 MHz:   0% 2616 MHz:   0% 2868 MHz:   0% 3096 MHz:   0% 3300 MHz:   0% 3468 MHz:   0% 3624 MHz:   0% 3756 MHz:   0% 3828 MHz:   0% 3888 MHz:   0% 3948 MHz:   0% 3996 MHz:   0% 4044 MHz:   0% 4104 MHz:   0% 4416 MHz:   0% 4512 MHz: 6.8%)
CPU 8 idle residency:   7.19%
CPU 8 down residency:  85.94%
CPU 9 frequency: 4477 MHz
CPU 9 active residency:   2.65% (1260 MHz: .03% 1512 MHz:   0% 1800 MHz:   0% 2088 MHz:   0% 2352 MHz:   0% 2616 MHz:   0% 2868 MHz:   0% 3096 MHz:   0% 3300 MHz:   0% 3468 MHz:   0% 3624 MHz:   0% 3756 MHz:   0% 3828 MHz:   0% 3888 MHz:   0% 3948 MHz:   0% 3996 MHz:   0% 4044 MHz:   0% 4104 MHz:   0% 4416 MHz:   0% 4512 MHz: 2.6%)
CPU 9 idle residency:  11.41%
CPU 9 down residency:  85.94%

P1-Cluster HW active frequency: 4025 MHz
P1-Cluster HW active residency:  88.73% (1260 MHz:   0% 1512 MHz:   0% 1800 MHz:   0% 2088 MHz:   0% 2352 MHz:   0% 2616 MHz:   0% 2868 MHz:   0% 3096 MHz:   0% 3300 MHz:   0% 3468 MHz:   0% 3624 MHz:   0% 3756 MHz:   0% 3828 MHz: .00% 3888 MHz:  34% 3948 MHz:  29% 3996 MHz: 7.2% 4044 MHz: 2.0% 4104 MHz:   0% 4416 MHz: 8.3% 4512 MHz: 7.8%)
P1-Cluster idle residency:   0.29%
P1-Cluster down residency:  10.98%
CPU 10 frequency: 4512 MHz
CPU 10 active residency:  62.36% (1260 MHz:   0% 1512 MHz:   0% 1800 MHz:   0% 2088 MHz:   0% 2352 MHz:   0% 2616 MHz:   0% 2868 MHz:   0% 3096 MHz:   0% 3300 MHz:   0% 3468 MHz:   0% 3624 MHz:   0% 3756 MHz:   0% 3828 MHz:   0% 3888 MHz:   0% 3948 MHz:   0% 3996 MHz:   0% 4044 MHz:   0% 4104 MHz:   0% 4416 MHz:   0% 4512 MHz:  62%)
CPU 10 idle residency:  26.42%
CPU 10 down residency:  11.22%
CPU 11 frequency: 4512 MHz
CPU 11 active residency:  36.71% (1260 MHz:   0% 1512 MHz:   0% 1800 MHz:   0% 2088 MHz:   0% 2352 MHz:   0% 2616 MHz:   0% 2868 MHz:   0% 3096 MHz:   0% 3300 MHz:   0% 3468 MHz:   0% 3624 MHz:   0% 3756 MHz:   0% 3828 MHz:   0% 3888 MHz:   0% 3948 MHz:   0% 3996 MHz:   0% 4044 MHz:   0% 4104 MHz:   0% 4416 MHz:   0% 4512 MHz:  37%)
CPU 11 idle residency:  52.07%
CPU 11 down residency:  11.22%
CPU 12 frequency: 4512 MHz
CPU 12 active residency:  53.22% (1260 MHz:   0% 1512 MHz:   0% 1800 MHz:   0% 2088 MHz:   0% 2352 MHz:   0% 2616 MHz:   0% 2868 MHz:   0% 3096 MHz:   0% 3300 MHz:   0% 3468 MHz:   0% 3624 MHz:   0% 3756 MHz:   0% 3828 MHz:   0% 3888 MHz:   0% 3948 MHz:   0% 3996 MHz:   0% 4044 MHz:   0% 4104 MHz:   0% 4416 MHz:   0% 4512 MHz:  53%)
CPU 12 idle residency:  35.56%
CPU 12 down residency:  11.22%
CPU 13 frequency: 4512 MHz
CPU 13 active residency:  49.42% (1260 MHz:   0% 1512 MHz:   0% 1800 MHz:   0% 2088 MHz:   0% 2352 MHz:   0% 2616 MHz:   0% 2868 MHz:   0% 3096 MHz:   0% 3300 MHz:   0% 3468 MHz:   0% 3624 MHz:   0% 3756 MHz:   0% 3828 MHz:   0% 3888 MHz:   0% 3948 MHz:   0% 3996 MHz:   0% 4044 MHz:   0% 4104 MHz:   0% 4416 MHz:   0% 4512 MHz:  49%)
CPU 13 idle residency:  39.36%
CPU 13 down residency:  11.22%
CPU 14 frequency: 4512 MHz
CPU 14 active residency:  56.46% (1260 MHz:   0% 1512 MHz:   0% 1800 MHz:   0% 2088 MHz:   0% 2352 MHz:   0% 2616 MHz:   0% 2868 MHz:   0% 3096 MHz:   0% 3300 MHz:   0% 3468 MHz:   0% 3624 MHz:   0% 3756 MHz:   0% 3828 MHz:   0% 3888 MHz:   0% 3948 MHz:   0% 3996 MHz:   0% 4044 MHz:   0% 4104 MHz:   0% 4416 MHz:   0% 4512 MHz:  56%)
CPU 14 idle residency:  32.49%
CPU 14 down residency:  11.05%
CPU 15 frequency: 4512 MHz
CPU 15 active residency:  55.89% (1260 MHz:   0% 1512 MHz:   0% 1800 MHz:   0% 2088 MHz:   0% 2352 MHz:   0% 2616 MHz:   0% 2868 MHz:   0% 3096 MHz:   0% 3300 MHz:   0% 3468 MHz:   0% 3624 MHz:   0% 3756 MHz:   0% 3828 MHz:   0% 3888 MHz:   0% 3948 MHz:   0% 3996 MHz:   0% 4044 MHz:   0% 4104 MHz:   0% 4416 MHz:   0% 4512 MHz:  56%)
CPU 15 idle residency:  32.98%
CPU 15 down residency:  11.13%

CPU Power: 7034 mW
GPU Power: 20709 mW
ANE Power: 0 mW
Combined Power (CPU + GPU + ANE): 27743 mW

**** GPU usage ****

GPU HW active frequency: 1578 MHz
GPU HW active residency:  99.98% (338 MHz: .01% 618 MHz:   0% 796 MHz:   0% 924 MHz:   0% 952 MHz:   0% 1056 MHz:   0% 1062 MHz:   0% 1182 MHz:   0% 1182 MHz:   0% 1312 MHz:   0% 1242 MHz:   0% 1380 MHz:   0% 1326 MHz:   0% 1470 MHz:   0% 1578 MHz: 100%)
GPU SW requested state: (P1 :   0% P2 :   0% P3 :   0% P4 :   0% P5 :   0% P6 :   0% P7 :   0% P8 :   0% P9 :   0% P10 : 100% P11 :   0% P12 :   0% P13 :   0% P14 :   0% P15 :   0%)
GPU SW state: (SW_P1 : .01% SW_P2 :   0% SW_P3 :   0% SW_P4 :   0% SW_P5 :   0% SW_P6 :   0% SW_P7 :   0% SW_P8 :   0% SW_P9 :   0% SW_P10 : 100% SW_P11 :   0% SW_P12 :   0% SW_P13 :   0% SW_P14 :   0% SW_P15 :   0%)
GPU idle residency:   0.02%
GPU Power: 20713 mW



*** Sampled system activity (Tue Jan 20 15:20:10 2026 +0100) (1020.66ms elapsed) ***


**** Processor usage ****

E-Cluster Online: 100%
E-Cluster HW active frequency: 1243 MHz
E-Cluster HW active residency:  52.86% (1020 MHz:  40% 1404 MHz: 4.5% 1788 MHz: 1.0% 2112 MHz: 2.3% 2352 MHz: 1.9% 2532 MHz: .02% 2592 MHz: 2.7%)
E-Cluster idle residency:  47.14%
E-Cluster down residency:   0.00%
CPU 0 frequency: 1300 MHz
CPU 0 active residency:  21.83% (1020 MHz:  15% 1404 MHz: 2.3% 1788 MHz: .45% 2112 MHz: 1.1% 2352 MHz: 1.3% 2532 MHz: .01% 2592 MHz: 1.2%)
CPU 0 idle residency:  78.17%
CPU 0 down residency:   0.00%
CPU 1 frequency: 1280 MHz
CPU 1 active residency:  14.84% (1020 MHz:  11% 1404 MHz: 1.3% 1788 MHz: .26% 2112 MHz: 1.1% 2352 MHz: .55% 2532 MHz: .01% 2592 MHz: .78%)
CPU 1 idle residency:  85.16%
CPU 1 down residency:   0.00%
CPU 2 frequency: 1355 MHz
CPU 2 active residency:  12.26% (1020 MHz: 7.8% 1404 MHz: 1.5% 1788 MHz: .70% 2112 MHz: .91% 2352 MHz: .62% 2532 MHz: .00% 2592 MHz: .74%)
CPU 2 idle residency:  87.74%
CPU 2 down residency:   0.00%
CPU 3 frequency: 1334 MHz
CPU 3 active residency:   6.05% (1020 MHz: 3.8% 1404 MHz: 1.1% 1788 MHz: .27% 2112 MHz: .22% 2352 MHz: .34% 2532 MHz:   0% 2592 MHz: .38%)
CPU 3 idle residency:  93.95%
CPU 3 down residency:   0.00%

P0-Cluster Online: 100%
P0-Cluster HW active frequency: 3994 MHz
P0-Cluster HW active residency:  99.78% (1260 MHz:   0% 1512 MHz:   0% 1800 MHz:   0% 2088 MHz:   0% 2352 MHz:   0% 2616 MHz:   0% 2868 MHz:   0% 3096 MHz:   0% 3300 MHz:   0% 3468 MHz:   0% 3624 MHz:   0% 3756 MHz:   0% 3828 MHz:   0% 3888 MHz:  50% 3948 MHz:  31% 3996 MHz: 3.9% 4044 MHz: 1.4% 4104 MHz:   0% 4416 MHz: 7.2% 4512 MHz: 6.8%)
P0-Cluster idle residency:   0.22%
P0-Cluster down residency:   0.00%
CPU 4 frequency: 4512 MHz
CPU 4 active residency:  77.86% (1260 MHz:   0% 1512 MHz:   0% 1800 MHz:   0% 2088 MHz:   0% 2352 MHz:   0% 2616 MHz:   0% 2868 MHz:   0% 3096 MHz:   0% 3300 MHz:   0% 3468 MHz:   0% 3624 MHz:   0% 3756 MHz:   0% 3828 MHz:   0% 3888 MHz:   0% 3948 MHz:   0% 3996 MHz:   0% 4044 MHz:   0% 4104 MHz:   0% 4416 MHz:   0% 4512 MHz:  78%)
CPU 4 idle residency:  22.14%
CPU 4 down residency:   0.00%
CPU 5 frequency: 4512 MHz
CPU 5 active residency:  70.70% (1260 MHz:   0% 1512 MHz:   0% 1800 MHz:   0% 2088 MHz:   0% 2352 MHz:   0% 2616 MHz:   0% 2868 MHz:   0% 3096 MHz:   0% 3300 MHz:   0% 3468 MHz:   0% 3624 MHz:   0% 3756 MHz:   0% 3828 MHz:   0% 3888 MHz:   0% 3948 MHz:   0% 3996 MHz:   0% 4044 MHz:   0% 4104 MHz:   0% 4416 MHz:   0% 4512 MHz:  71%)
CPU 5 idle residency:  29.30%
CPU 5 down residency:   0.00%
CPU 6 frequency: 4512 MHz
CPU 6 active residency:  66.25% (1260 MHz:   0% 1512 MHz:   0% 1800 MHz:   0% 2088 MHz:   0% 2352 MHz:   0% 2616 MHz:   0% 2868 MHz:   0% 3096 MHz:   0% 3300 MHz:   0% 3468 MHz:   0% 3624 MHz:   0% 3756 MHz:   0% 3828 MHz:   0% 3888 MHz:   0% 3948 MHz:   0% 3996 MHz:   0% 4044 MHz:   0% 4104 MHz:   0% 4416 MHz:   0% 4512 MHz:  66%)
CPU 6 idle residency:  33.75%
CPU 6 down residency:   0.00%
CPU 7 frequency: 4512 MHz
CPU 7 active residency:  60.59% (1260 MHz:   0% 1512 MHz:   0% 1800 MHz:   0% 2088 MHz:   0% 2352 MHz:   0% 2616 MHz:   0% 2868 MHz:   0% 3096 MHz:   0% 3300 MHz:   0% 3468 MHz:   0% 3624 MHz:   0% 3756 MHz:   0% 3828 MHz:   0% 3888 MHz:   0% 3948 MHz:   0% 3996 MHz:   0% 4044 MHz:   0% 4104 MHz:   0% 4416 MHz:   0% 4512 MHz:  61%)
CPU 7 idle residency:  39.41%
CPU 7 down residency:   0.00%
CPU 8 frequency: 4512 MHz
CPU 8 active residency:  69.85% (1260 MHz:   0% 1512 MHz:   0% 1800 MHz:   0% 2088 MHz:   0% 2352 MHz:   0% 2616 MHz:   0% 2868 MHz:   0% 3096 MHz:   0% 3300 MHz:   0% 3468 MHz:   0% 3624 MHz:   0% 3756 MHz:   0% 3828 MHz:   0% 3888 MHz:   0% 3948 MHz:   0% 3996 MHz:   0% 4044 MHz:   0% 4104 MHz:   0% 4416 MHz:   0% 4512 MHz:  70%)
CPU 8 idle residency:  30.15%
CPU 8 down residency:   0.00%
CPU 9 frequency: 4512 MHz
CPU 9 active residency:  54.27% (1260 MHz:   0% 1512 MHz:   0% 1800 MHz:   0% 2088 MHz:   0% 2352 MHz:   0% 2616 MHz:   0% 2868 MHz:   0% 3096 MHz:   0% 3300 MHz:   0% 3468 MHz:   0% 3624 MHz:   0% 3756 MHz:   0% 3828 MHz:   0% 3888 MHz:   0% 3948 MHz:   0% 3996 MHz:   0% 4044 MHz:   0% 4104 MHz:   0% 4416 MHz:   0% 4512 MHz:  54%)
CPU 9 idle residency:  45.73%
CPU 9 down residency:   0.00%

P1-Cluster HW active frequency: 1965 MHz
P1-Cluster HW active residency:   4.84% (1260 MHz: 3.5% 1512 MHz:   0% 1800 MHz: .14% 2088 MHz:   0% 2352 MHz: .13% 2616 MHz:   0% 2868 MHz:   0% 3096 MHz:   0% 3300 MHz:   0% 3468 MHz:   0% 3624 MHz:   0% 3756 MHz:   0% 3828 MHz:   0% 3888 MHz: .16% 3948 MHz: .18% 3996 MHz:   0% 4044 MHz: .02% 4104 MHz:   0% 4416 MHz: .10% 4512 MHz: .59%)
P1-Cluster idle residency:   4.47%
P1-Cluster down residency:  90.69%
CPU 10 frequency: 0 MHz
CPU 10 active residency:   0.00% (1260 MHz:   0% 1512 MHz:   0% 1800 MHz:   0% 2088 MHz:   0% 2352 MHz:   0% 2616 MHz:   0% 2868 MHz:   0% 3096 MHz:   0% 3300 MHz:   0% 3468 MHz:   0% 3624 MHz:   0% 3756 MHz:   0% 3828 MHz:   0% 3888 MHz:   0% 3948 MHz:   0% 3996 MHz:   0% 4044 MHz:   0% 4104 MHz:   0% 4416 MHz:   0% 4512 MHz:   0%)
CPU 10 idle residency:   8.89%
CPU 10 down residency:  91.11%
CPU 11 frequency: 0 MHz
CPU 11 active residency:   0.00% (1260 MHz:   0% 1512 MHz:   0% 1800 MHz:   0% 2088 MHz:   0% 2352 MHz:   0% 2616 MHz:   0% 2868 MHz:   0% 3096 MHz:   0% 3300 MHz:   0% 3468 MHz:   0% 3624 MHz:   0% 3756 MHz:   0% 3828 MHz:   0% 3888 MHz:   0% 3948 MHz:   0% 3996 MHz:   0% 4044 MHz:   0% 4104 MHz:   0% 4416 MHz:   0% 4512 MHz:   0%)
CPU 11 idle residency:   8.83%
CPU 11 down residency:  91.17%
CPU 12 frequency: 0 MHz
CPU 12 active residency:   0.00% (1260 MHz:   0% 1512 MHz:   0% 1800 MHz:   0% 2088 MHz:   0% 2352 MHz:   0% 2616 MHz:   0% 2868 MHz:   0% 3096 MHz:   0% 3300 MHz:   0% 3468 MHz:   0% 3624 MHz:   0% 3756 MHz:   0% 3828 MHz:   0% 3888 MHz:   0% 3948 MHz:   0% 3996 MHz:   0% 4044 MHz:   0% 4104 MHz:   0% 4416 MHz:   0% 4512 MHz:   0%)
CPU 12 idle residency:   8.90%
CPU 12 down residency:  91.10%
CPU 13 frequency: 0 MHz
CPU 13 active residency:   0.00% (1260 MHz:   0% 1512 MHz:   0% 1800 MHz:   0% 2088 MHz:   0% 2352 MHz:   0% 2616 MHz:   0% 2868 MHz:   0% 3096 MHz:   0% 3300 MHz:   0% 3468 MHz:   0% 3624 MHz:   0% 3756 MHz:   0% 3828 MHz:   0% 3888 MHz:   0% 3948 MHz:   0% 3996 MHz:   0% 4044 MHz:   0% 4104 MHz:   0% 4416 MHz:   0% 4512 MHz:   0%)
CPU 13 idle residency:   8.45%
CPU 13 down residency:  91.55%
CPU 14 frequency: 0 MHz
CPU 14 active residency:   0.00% (1260 MHz:   0% 1512 MHz:   0% 1800 MHz:   0% 2088 MHz:   0% 2352 MHz:   0% 2616 MHz:   0% 2868 MHz:   0% 3096 MHz:   0% 3300 MHz:   0% 3468 MHz:   0% 3624 MHz:   0% 3756 MHz:   0% 3828 MHz:   0% 3888 MHz:   0% 3948 MHz:   0% 3996 MHz:   0% 4044 MHz:   0% 4104 MHz:   0% 4416 MHz:   0% 4512 MHz:   0%)
CPU 14 idle residency:   9.07%
CPU 14 down residency:  90.93%
CPU 15 frequency: 0 MHz
CPU 15 active residency:   0.00% (1260 MHz:   0% 1512 MHz:   0% 1800 MHz:   0% 2088 MHz:   0% 2352 MHz:   0% 2616 MHz:   0% 2868 MHz:   0% 3096 MHz:   0% 3300 MHz:   0% 3468 MHz:   0% 3624 MHz:   0% 3756 MHz:   0% 3828 MHz:   0% 3888 MHz:   0% 3948 MHz:   0% 3996 MHz:   0% 4044 MHz:   0% 4104 MHz:   0% 4416 MHz:   0% 4512 MHz:   0%)
CPU 15 idle residency:   9.11%
CPU 15 down residency:  90.89%

CPU Power: 7460 mW
GPU Power: 20643 mW
ANE Power: 0 mW
Combined Power (CPU + GPU + ANE): 28103 mW

**** GPU usage ****

GPU HW active frequency: 1578 MHz
GPU HW active residency: 100.00% (338 MHz:   0% 618 MHz:   0% 796 MHz:   0% 924 MHz:   0% 952 MHz:   0% 1056 MHz:   0% 1062 MHz:   0% 1182 MHz:   0% 1182 MHz:   0% 1312 MHz:   0% 1242 MHz:   0% 1380 MHz:   0% 1326 MHz:   0% 1470 MHz:   0% 1578 MHz: 100%)
GPU SW requested state: (P1 :   0% P2 :   0% P3 :   0% P4 :   0% P5 :   0% P6 :   0% P7 :   0% P8 :   0% P9 :   0% P10 : 100% P11 :   0% P12 :   0% P13 :   0% P14 :   0% P15 :   0%)
GPU SW state: (SW_P1 :   0% SW_P2 :   0% SW_P3 :   0% SW_P4 :   0% SW_P5 :   0% SW_P6 :   0% SW_P7 :   0% SW_P8 :   0% SW_P9 :   0% SW_P10 : 100% SW_P11 :   0% SW_P12 :   0% SW_P13 :   0% SW_P14 :   0% SW_P15 :   0%)
GPU idle residency:   0.00%
GPU Power: 20631 mW



*** Sampled system activity (Tue Jan 20 15:20:11 2026 +0100) (1021.19ms elapsed) ***


**** Processor usage ****

E-Cluster Online: 100%
E-Cluster HW active frequency: 1154 MHz
E-Cluster HW active residency:  43.61% (1020 MHz:  38% 1404 MHz: 1.2% 1788 MHz: .89% 2112 MHz: 1.3% 2352 MHz: 1.1% 2532 MHz: .21% 2592 MHz: .96%)
E-Cluster idle residency:  56.39%
E-Cluster down residency:   0.00%
CPU 0 frequency: 1247 MHz
CPU 0 active residency:  18.00% (1020 MHz:  14% 1404 MHz: .99% 1788 MHz: .75% 2112 MHz: 1.1% 2352 MHz: .91% 2532 MHz: .09% 2592 MHz: .36%)
CPU 0 idle residency:  82.00%
CPU 0 down residency:   0.00%
CPU 1 frequency: 1143 MHz
CPU 1 active residency:   9.87% (1020 MHz: 8.8% 1404 MHz: .14% 1788 MHz: .22% 2112 MHz: .12% 2352 MHz: .08% 2532 MHz: .19% 2592 MHz: .30%)
CPU 1 idle residency:  90.13%
CPU 1 down residency:   0.00%
CPU 2 frequency: 1157 MHz
CPU 2 active residency:   7.87% (1020 MHz: 6.9% 1404 MHz: .10% 1788 MHz: .08% 2112 MHz: .38% 2352 MHz: .25% 2532 MHz: .07% 2592 MHz: .08%)
CPU 2 idle residency:  92.13%
CPU 2 down residency:   0.00%
CPU 3 frequency: 1143 MHz
CPU 3 active residency:   4.15% (1020 MHz: 3.7% 1404 MHz: .09% 1788 MHz: .04% 2112 MHz: .03% 2352 MHz: .23% 2532 MHz: .04% 2592 MHz: .03%)
CPU 3 idle residency:  95.85%
CPU 3 down residency:   0.00%

P0-Cluster Online: 100%
P0-Cluster HW active frequency: 4047 MHz
P0-Cluster HW active residency:  99.54% (1260 MHz:   0% 1512 MHz:   0% 1800 MHz:   0% 2088 MHz:   0% 2352 MHz:   0% 2616 MHz:   0% 2868 MHz:   0% 3096 MHz:   0% 3300 MHz:   0% 3468 MHz:   0% 3624 MHz:   0% 3756 MHz:   0% 3828 MHz:   0% 3888 MHz:  36% 3948 MHz:  32% 3996 MHz: 7.8% 4044 MHz: 2.8% 4104 MHz:   0% 4416 MHz:  10% 4512 MHz:  12%)
P0-Cluster idle residency:   0.46%
P0-Cluster down residency:   0.00%
CPU 4 frequency: 4512 MHz
CPU 4 active residency:  65.50% (1260 MHz:   0% 1512 MHz:   0% 1800 MHz:   0% 2088 MHz:   0% 2352 MHz:   0% 2616 MHz:   0% 2868 MHz:   0% 3096 MHz:   0% 3300 MHz:   0% 3468 MHz:   0% 3624 MHz:   0% 3756 MHz:   0% 3828 MHz:   0% 3888 MHz:   0% 3948 MHz:   0% 3996 MHz:   0% 4044 MHz:   0% 4104 MHz:   0% 4416 MHz:   0% 4512 MHz:  65%)
CPU 4 idle residency:  34.50%
CPU 4 down residency:   0.00%
CPU 5 frequency: 4512 MHz
CPU 5 active residency:  55.33% (1260 MHz:   0% 1512 MHz:   0% 1800 MHz:   0% 2088 MHz:   0% 2352 MHz:   0% 2616 MHz:   0% 2868 MHz:   0% 3096 MHz:   0% 3300 MHz:   0% 3468 MHz:   0% 3624 MHz:   0% 3756 MHz:   0% 3828 MHz:   0% 3888 MHz:   0% 3948 MHz:   0% 3996 MHz:   0% 4044 MHz:   0% 4104 MHz:   0% 4416 MHz:   0% 4512 MHz:  55%)
CPU 5 idle residency:  44.67%
CPU 5 down residency:   0.00%
CPU 6 frequency: 4512 MHz
CPU 6 active residency:  59.02% (1260 MHz:   0% 1512 MHz:   0% 1800 MHz:   0% 2088 MHz:   0% 2352 MHz:   0% 2616 MHz:   0% 2868 MHz:   0% 3096 MHz:   0% 3300 MHz:   0% 3468 MHz:   0% 3624 MHz:   0% 3756 MHz:   0% 3828 MHz:   0% 3888 MHz:   0% 3948 MHz:   0% 3996 MHz:   0% 4044 MHz:   0% 4104 MHz:   0% 4416 MHz:   0% 4512 MHz:  59%)
CPU 6 idle residency:  40.98%
CPU 6 down residency:   0.00%
CPU 7 frequency: 4512 MHz
CPU 7 active residency:  49.44% (1260 MHz:   0% 1512 MHz:   0% 1800 MHz:   0% 2088 MHz:   0% 2352 MHz:   0% 2616 MHz:   0% 2868 MHz:   0% 3096 MHz:   0% 3300 MHz:   0% 3468 MHz:   0% 3624 MHz:   0% 3756 MHz:   0% 3828 MHz:   0% 3888 MHz:   0% 3948 MHz:   0% 3996 MHz:   0% 4044 MHz:   0% 4104 MHz:   0% 4416 MHz:   0% 4512 MHz:  49%)
CPU 7 idle residency:  50.56%
CPU 7 down residency:   0.00%
CPU 8 frequency: 4512 MHz
CPU 8 active residency:  46.33% (1260 MHz:   0% 1512 MHz:   0% 1800 MHz:   0% 2088 MHz:   0% 2352 MHz:   0% 2616 MHz:   0% 2868 MHz:   0% 3096 MHz:   0% 3300 MHz:   0% 3468 MHz:   0% 3624 MHz:   0% 3756 MHz:   0% 3828 MHz:   0% 3888 MHz:   0% 3948 MHz:   0% 3996 MHz:   0% 4044 MHz:   0% 4104 MHz:   0% 4416 MHz:   0% 4512 MHz:  46%)
CPU 8 idle residency:  53.67%
CPU 8 down residency:   0.00%
CPU 9 frequency: 4512 MHz
CPU 9 active residency:  61.70% (1260 MHz:   0% 1512 MHz:   0% 1800 MHz:   0% 2088 MHz:   0% 2352 MHz:   0% 2616 MHz:   0% 2868 MHz:   0% 3096 MHz:   0% 3300 MHz:   0% 3468 MHz:   0% 3624 MHz:   0% 3756 MHz:   0% 3828 MHz:   0% 3888 MHz:   0% 3948 MHz:   0% 3996 MHz:   0% 4044 MHz:   0% 4104 MHz:   0% 4416 MHz:   0% 4512 MHz:  62%)
CPU 9 idle residency:  38.30%
CPU 9 down residency:   0.00%

P1-Cluster HW active frequency: 2170 MHz
P1-Cluster HW active residency:   0.94% (1260 MHz: .67% 1512 MHz:   0% 1800 MHz:   0% 2088 MHz:   0% 2352 MHz:   0% 2616 MHz:   0% 2868 MHz:   0% 3096 MHz:   0% 3300 MHz:   0% 3468 MHz:   0% 3624 MHz:   0% 3756 MHz:   0% 3828 MHz:   0% 3888 MHz: .01% 3948 MHz: .00% 3996 MHz:   0% 4044 MHz:   0% 4104 MHz:   0% 4416 MHz: .01% 4512 MHz: .24%)
P1-Cluster idle residency:   2.61%
P1-Cluster down residency:  96.45%
CPU 10 frequency: 4502 MHz
CPU 10 active residency:   1.30% (1260 MHz: .00% 1512 MHz:   0% 1800 MHz: .00% 2088 MHz:   0% 2352 MHz:   0% 2616 MHz:   0% 2868 MHz:   0% 3096 MHz:   0% 3300 MHz:   0% 3468 MHz:   0% 3624 MHz:   0% 3756 MHz:   0% 3828 MHz:   0% 3888 MHz:   0% 3948 MHz:   0% 3996 MHz:   0% 4044 MHz:   0% 4104 MHz:   0% 4416 MHz:   0% 4512 MHz: 1.3%)
CPU 10 idle residency:   3.35%
CPU 10 down residency:  95.35%
CPU 11 frequency: 4372 MHz
CPU 11 active residency:   0.89% (1260 MHz: .01% 1512 MHz:   0% 1800 MHz: .00% 2088 MHz:   0% 2352 MHz: .04% 2616 MHz:   0% 2868 MHz:   0% 3096 MHz:   0% 3300 MHz:   0% 3468 MHz:   0% 3624 MHz:   0% 3756 MHz:   0% 3828 MHz:   0% 3888 MHz:   0% 3948 MHz:   0% 3996 MHz:   0% 4044 MHz:   0% 4104 MHz:   0% 4416 MHz:   0% 4512 MHz: .84%)
CPU 11 idle residency:   3.36%
CPU 11 down residency:  95.75%
CPU 12 frequency: 4484 MHz
CPU 12 active residency:   1.27% (1260 MHz: .01% 1512 MHz:   0% 1800 MHz: .00% 2088 MHz:   0% 2352 MHz: .00% 2616 MHz:   0% 2868 MHz:   0% 3096 MHz:   0% 3300 MHz:   0% 3468 MHz:   0% 3624 MHz:   0% 3756 MHz:   0% 3828 MHz:   0% 3888 MHz:   0% 3948 MHz:   0% 3996 MHz:   0% 4044 MHz:   0% 4104 MHz:   0% 4416 MHz:   0% 4512 MHz: 1.3%)
CPU 12 idle residency:   3.37%
CPU 12 down residency:  95.36%
CPU 13 frequency: 4316 MHz
CPU 13 active residency:   1.98% (1260 MHz: .01% 1512 MHz:   0% 1800 MHz: .14% 2088 MHz:   0% 2352 MHz:   0% 2616 MHz:   0% 2868 MHz:   0% 3096 MHz:   0% 3300 MHz:   0% 3468 MHz:   0% 3624 MHz:   0% 3756 MHz:   0% 3828 MHz:   0% 3888 MHz:   0% 3948 MHz:   0% 3996 MHz:   0% 4044 MHz:   0% 4104 MHz:   0% 4416 MHz:   0% 4512 MHz: 1.8%)
CPU 13 idle residency:   3.35%
CPU 13 down residency:  94.67%
CPU 14 frequency: 4512 MHz
CPU 14 active residency:   0.33% (1260 MHz:   0% 1512 MHz:   0% 1800 MHz:   0% 2088 MHz:   0% 2352 MHz:   0% 2616 MHz:   0% 2868 MHz:   0% 3096 MHz:   0% 3300 MHz:   0% 3468 MHz:   0% 3624 MHz:   0% 3756 MHz:   0% 3828 MHz:   0% 3888 MHz:   0% 3948 MHz:   0% 3996 MHz:   0% 4044 MHz:   0% 4104 MHz:   0% 4416 MHz:   0% 4512 MHz: .33%)
CPU 14 idle residency:   3.40%
CPU 14 down residency:  96.26%
CPU 15 frequency: 4512 MHz
CPU 15 active residency:   0.97% (1260 MHz:   0% 1512 MHz:   0% 1800 MHz:   0% 2088 MHz:   0% 2352 MHz:   0% 2616 MHz:   0% 2868 MHz:   0% 3096 MHz:   0% 3300 MHz:   0% 3468 MHz:   0% 3624 MHz:   0% 3756 MHz:   0% 3828 MHz:   0% 3888 MHz:   0% 3948 MHz:   0% 3996 MHz:   0% 4044 MHz:   0% 4104 MHz:   0% 4416 MHz:   0% 4512 MHz: .97%)
CPU 15 idle residency:   3.38%
CPU 15 down residency:  95.64%

CPU Power: 7026 mW
GPU Power: 20878 mW
ANE Power: 0 mW
Combined Power (CPU + GPU + ANE): 27905 mW

**** GPU usage ****

GPU HW active frequency: 1578 MHz
GPU HW active residency:  99.95% (338 MHz: .02% 618 MHz:   0% 796 MHz:   0% 924 MHz:   0% 952 MHz:   0% 1056 MHz:   0% 1062 MHz:   0% 1182 MHz:   0% 1182 MHz:   0% 1312 MHz:   0% 1242 MHz:   0% 1380 MHz:   0% 1326 MHz:   0% 1470 MHz:   0% 1578 MHz: 100%)
GPU SW requested state: (P1 :   0% P2 :   0% P3 :   0% P4 :   0% P5 :   0% P6 :   0% P7 :   0% P8 :   0% P9 :   0% P10 : 100% P11 :   0% P12 :   0% P13 :   0% P14 :   0% P15 :   0%)
GPU SW state: (SW_P1 : .02% SW_P2 :   0% SW_P3 :   0% SW_P4 :   0% SW_P5 :   0% SW_P6 :   0% SW_P7 :   0% SW_P8 :   0% SW_P9 :   0% SW_P10 : 100% SW_P11 :   0% SW_P12 :   0% SW_P13 :   0% SW_P14 :   0% SW_P15 :   0%)
GPU idle residency:   0.05%
GPU Power: 20888 mW



*** Sampled system activity (Tue Jan 20 15:20:12 2026 +0100) (1021.51ms elapsed) ***


**** Processor usage ****

E-Cluster Online: 100%
E-Cluster HW active frequency: 1270 MHz
E-Cluster HW active residency:  54.11% (1020 MHz:  42% 1404 MHz: 1.6% 1788 MHz: 1.8% 2112 MHz: 1.9% 2352 MHz: 2.4% 2532 MHz: .25% 2592 MHz: 3.8%)
E-Cluster idle residency:  45.89%
E-Cluster down residency:   0.00%
CPU 0 frequency: 1300 MHz
CPU 0 active residency:  26.47% (1020 MHz:  20% 1404 MHz: 1.1% 1788 MHz: 1.2% 2112 MHz: 1.6% 2352 MHz: 1.2% 2532 MHz: .02% 2592 MHz: 1.7%)
CPU 0 idle residency:  73.53%
CPU 0 down residency:   0.00%
CPU 1 frequency: 1396 MHz
CPU 1 active residency:  16.25% (1020 MHz:  11% 1404 MHz: 1.1% 1788 MHz: .73% 2112 MHz: .84% 2352 MHz: 1.2% 2532 MHz: .23% 2592 MHz: 1.4%)
CPU 1 idle residency:  83.75%
CPU 1 down residency:   0.00%
CPU 2 frequency: 1431 MHz
CPU 2 active residency:   9.20% (1020 MHz: 6.0% 1404 MHz: .49% 1788 MHz: .30% 2112 MHz: .52% 2352 MHz: .94% 2532 MHz: .21% 2592 MHz: .78%)
CPU 2 idle residency:  90.80%
CPU 2 down residency:   0.00%
CPU 3 frequency: 1339 MHz
CPU 3 active residency:   6.58% (1020 MHz: 4.8% 1404 MHz: .34% 1788 MHz: .15% 2112 MHz: .34% 2352 MHz: .25% 2532 MHz:   0% 2592 MHz: .72%)
CPU 3 idle residency:  93.42%
CPU 3 down residency:   0.00%

P0-Cluster Online: 100%
P0-Cluster HW active frequency: 4022 MHz
P0-Cluster HW active residency:  99.65% (1260 MHz:   0% 1512 MHz:   0% 1800 MHz:   0% 2088 MHz:   0% 2352 MHz:   0% 2616 MHz:   0% 2868 MHz:   0% 3096 MHz:   0% 3300 MHz:   0% 3468 MHz:   0% 3624 MHz:   0% 3756 MHz:   0% 3828 MHz:   0% 3888 MHz:  42% 3948 MHz:  32% 3996 MHz: 5.3% 4044 MHz: 1.8% 4104 MHz:   0% 4416 MHz: 8.9% 4512 MHz: 9.4%)
P0-Cluster idle residency:   0.35%
P0-Cluster down residency:   0.00%
CPU 4 frequency: 4512 MHz
CPU 4 active residency:  66.43% (1260 MHz:   0% 1512 MHz:   0% 1800 MHz:   0% 2088 MHz:   0% 2352 MHz:   0% 2616 MHz:   0% 2868 MHz:   0% 3096 MHz:   0% 3300 MHz:   0% 3468 MHz:   0% 3624 MHz:   0% 3756 MHz:   0% 3828 MHz:   0% 3888 MHz:   0% 3948 MHz:   0% 3996 MHz:   0% 4044 MHz:   0% 4104 MHz:   0% 4416 MHz:   0% 4512 MHz:  66%)
CPU 4 idle residency:  33.57%
CPU 4 down residency:   0.00%
CPU 5 frequency: 4512 MHz
CPU 5 active residency:  57.48% (1260 MHz:   0% 1512 MHz:   0% 1800 MHz:   0% 2088 MHz:   0% 2352 MHz:   0% 2616 MHz:   0% 2868 MHz:   0% 3096 MHz:   0% 3300 MHz:   0% 3468 MHz:   0% 3624 MHz:   0% 3756 MHz:   0% 3828 MHz:   0% 3888 MHz:   0% 3948 MHz:   0% 3996 MHz:   0% 4044 MHz:   0% 4104 MHz:   0% 4416 MHz:   0% 4512 MHz:  57%)
CPU 5 idle residency:  42.52%
CPU 5 down residency:   0.00%
CPU 6 frequency: 4512 MHz
CPU 6 active residency:  69.65% (1260 MHz:   0% 1512 MHz:   0% 1800 MHz:   0% 2088 MHz:   0% 2352 MHz:   0% 2616 MHz:   0% 2868 MHz:   0% 3096 MHz:   0% 3300 MHz:   0% 3468 MHz:   0% 3624 MHz:   0% 3756 MHz:   0% 3828 MHz:   0% 3888 MHz:   0% 3948 MHz:   0% 3996 MHz:   0% 4044 MHz:   0% 4104 MHz:   0% 4416 MHz:   0% 4512 MHz:  70%)
CPU 6 idle residency:  30.35%
CPU 6 down residency:   0.00%
CPU 7 frequency: 4512 MHz
CPU 7 active residency:  58.12% (1260 MHz:   0% 1512 MHz:   0% 1800 MHz:   0% 2088 MHz:   0% 2352 MHz:   0% 2616 MHz:   0% 2868 MHz:   0% 3096 MHz:   0% 3300 MHz:   0% 3468 MHz:   0% 3624 MHz:   0% 3756 MHz:   0% 3828 MHz:   0% 3888 MHz:   0% 3948 MHz:   0% 3996 MHz:   0% 4044 MHz:   0% 4104 MHz:   0% 4416 MHz:   0% 4512 MHz:  58%)
CPU 7 idle residency:  41.88%
CPU 7 down residency:   0.00%
CPU 8 frequency: 4512 MHz
CPU 8 active residency:  62.11% (1260 MHz:   0% 1512 MHz:   0% 1800 MHz:   0% 2088 MHz:   0% 2352 MHz:   0% 2616 MHz:   0% 2868 MHz:   0% 3096 MHz:   0% 3300 MHz:   0% 3468 MHz:   0% 3624 MHz:   0% 3756 MHz:   0% 3828 MHz:   0% 3888 MHz:   0% 3948 MHz:   0% 3996 MHz:   0% 4044 MHz:   0% 4104 MHz:   0% 4416 MHz:   0% 4512 MHz:  62%)
CPU 8 idle residency:  37.89%
CPU 8 down residency:   0.00%
CPU 9 frequency: 4512 MHz
CPU 9 active residency:  53.68% (1260 MHz:   0% 1512 MHz:   0% 1800 MHz:   0% 2088 MHz:   0% 2352 MHz:   0% 2616 MHz:   0% 2868 MHz:   0% 3096 MHz:   0% 3300 MHz:   0% 3468 MHz:   0% 3624 MHz:   0% 3756 MHz:   0% 3828 MHz:   0% 3888 MHz:   0% 3948 MHz:   0% 3996 MHz:   0% 4044 MHz:   0% 4104 MHz:   0% 4416 MHz:   0% 4512 MHz:  54%)
CPU 9 idle residency:  46.32%
CPU 9 down residency:   0.00%

P1-Cluster HW active frequency: 2173 MHz
P1-Cluster HW active residency:  13.42% (1260 MHz: 8.7% 1512 MHz: .06% 1800 MHz:   0% 2088 MHz: .27% 2352 MHz: .13% 2616 MHz:   0% 2868 MHz:   0% 3096 MHz: .18% 3300 MHz:   0% 3468 MHz:   0% 3624 MHz:   0% 3756 MHz:   0% 3828 MHz:   0% 3888 MHz: 1.7% 3948 MHz: .35% 3996 MHz: .11% 4044 MHz: .70% 4104 MHz: .02% 4416 MHz: .41% 4512 MHz: .76%)
P1-Cluster idle residency:  19.99%
P1-Cluster down residency:  66.59%
CPU 10 frequency: 0 MHz
CPU 10 active residency:   0.00% (1260 MHz:   0% 1512 MHz:   0% 1800 MHz:   0% 2088 MHz:   0% 2352 MHz:   0% 2616 MHz:   0% 2868 MHz:   0% 3096 MHz:   0% 3300 MHz:   0% 3468 MHz:   0% 3624 MHz:   0% 3756 MHz:   0% 3828 MHz:   0% 3888 MHz:   0% 3948 MHz:   0% 3996 MHz:   0% 4044 MHz:   0% 4104 MHz:   0% 4416 MHz:   0% 4512 MHz:   0%)
CPU 10 idle residency:  31.83%
CPU 10 down residency:  68.17%
CPU 11 frequency: 0 MHz
CPU 11 active residency:   0.00% (1260 MHz:   0% 1512 MHz:   0% 1800 MHz:   0% 2088 MHz:   0% 2352 MHz:   0% 2616 MHz:   0% 2868 MHz:   0% 3096 MHz:   0% 3300 MHz:   0% 3468 MHz:   0% 3624 MHz:   0% 3756 MHz:   0% 3828 MHz:   0% 3888 MHz:   0% 3948 MHz:   0% 3996 MHz:   0% 4044 MHz:   0% 4104 MHz:   0% 4416 MHz:   0% 4512 MHz:   0%)
CPU 11 idle residency:  31.66%
CPU 11 down residency:  68.34%
CPU 12 frequency: 0 MHz
CPU 12 active residency:   0.00% (1260 MHz:   0% 1512 MHz:   0% 1800 MHz:   0% 2088 MHz:   0% 2352 MHz:   0% 2616 MHz:   0% 2868 MHz:   0% 3096 MHz:   0% 3300 MHz:   0% 3468 MHz:   0% 3624 MHz:   0% 3756 MHz:   0% 3828 MHz:   0% 3888 MHz:   0% 3948 MHz:   0% 3996 MHz:   0% 4044 MHz:   0% 4104 MHz:   0% 4416 MHz:   0% 4512 MHz:   0%)
CPU 12 idle residency:  32.03%
CPU 12 down residency:  67.97%
CPU 13 frequency: 0 MHz
CPU 13 active residency:   0.00% (1260 MHz:   0% 1512 MHz:   0% 1800 MHz:   0% 2088 MHz:   0% 2352 MHz:   0% 2616 MHz:   0% 2868 MHz:   0% 3096 MHz:   0% 3300 MHz:   0% 3468 MHz:   0% 3624 MHz:   0% 3756 MHz:   0% 3828 MHz:   0% 3888 MHz:   0% 3948 MHz:   0% 3996 MHz:   0% 4044 MHz:   0% 4104 MHz:   0% 4416 MHz:   0% 4512 MHz:   0%)
CPU 13 idle residency:  31.28%
CPU 13 down residency:  68.72%
CPU 14 frequency: 0 MHz
CPU 14 active residency:   0.00% (1260 MHz:   0% 1512 MHz:   0% 1800 MHz:   0% 2088 MHz:   0% 2352 MHz:   0% 2616 MHz:   0% 2868 MHz:   0% 3096 MHz:   0% 3300 MHz:   0% 3468 MHz:   0% 3624 MHz:   0% 3756 MHz:   0% 3828 MHz:   0% 3888 MHz:   0% 3948 MHz:   0% 3996 MHz:   0% 4044 MHz:   0% 4104 MHz:   0% 4416 MHz:   0% 4512 MHz:   0%)
CPU 14 idle residency:  31.87%
CPU 14 down residency:  68.13%
CPU 15 frequency: 0 MHz
CPU 15 active residency:   0.00% (1260 MHz:   0% 1512 MHz:   0% 1800 MHz:   0% 2088 MHz:   0% 2352 MHz:   0% 2616 MHz:   0% 2868 MHz:   0% 3096 MHz:   0% 3300 MHz:   0% 3468 MHz:   0% 3624 MHz:   0% 3756 MHz:   0% 3828 MHz:   0% 3888 MHz:   0% 3948 MHz:   0% 3996 MHz:   0% 4044 MHz:   0% 4104 MHz:   0% 4416 MHz:   0% 4512 MHz:   0%)
CPU 15 idle residency:  31.55%
CPU 15 down residency:  68.45%

CPU Power: 7953 mW
GPU Power: 20833 mW
ANE Power: 0 mW
Combined Power (CPU + GPU + ANE): 28786 mW

**** GPU usage ****

GPU HW active frequency: 1578 MHz
GPU HW active residency: 100.00% (338 MHz:   0% 618 MHz:   0% 796 MHz:   0% 924 MHz:   0% 952 MHz:   0% 1056 MHz:   0% 1062 MHz:   0% 1182 MHz:   0% 1182 MHz:   0% 1312 MHz:   0% 1242 MHz:   0% 1380 MHz:   0% 1326 MHz:   0% 1470 MHz:   0% 1578 MHz: 100%)
GPU SW requested state: (P1 :   0% P2 :   0% P3 :   0% P4 :   0% P5 :   0% P6 :   0% P7 :   0% P8 :   0% P9 :   0% P10 : 100% P11 :   0% P12 :   0% P13 :   0% P14 :   0% P15 :   0%)
GPU SW state: (SW_P1 :   0% SW_P2 :   0% SW_P3 :   0% SW_P4 :   0% SW_P5 :   0% SW_P6 :   0% SW_P7 :   0% SW_P8 :   0% SW_P9 :   0% SW_P10 : 100% SW_P11 :   0% SW_P12 :   0% SW_P13 :   0% SW_P14 :   0% SW_P15 :   0%)
GPU idle residency:   0.00%
GPU Power: 20834 mW



*** Sampled system activity (Tue Jan 20 15:20:13 2026 +0100) (1020.75ms elapsed) ***


**** Processor usage ****

E-Cluster Online: 100%
E-Cluster HW active frequency: 1176 MHz
E-Cluster HW active residency:  44.96% (1020 MHz:  39% 1404 MHz: .86% 1788 MHz: .91% 2112 MHz: 1.8% 2352 MHz: .95% 2532 MHz: .21% 2592 MHz: 1.6%)
E-Cluster idle residency:  55.04%
E-Cluster down residency:   0.00%
CPU 0 frequency: 1229 MHz
CPU 0 active residency:  17.68% (1020 MHz:  14% 1404 MHz: .86% 1788 MHz: .51% 2112 MHz: .85% 2352 MHz: .49% 2532 MHz: .22% 2592 MHz: .67%)
CPU 0 idle residency:  82.32%
CPU 0 down residency:   0.00%
CPU 1 frequency: 1182 MHz
CPU 1 active residency:  10.28% (1020 MHz: 8.7% 1404 MHz: .31% 1788 MHz: .16% 2112 MHz: .52% 2352 MHz: .05% 2532 MHz: .01% 2592 MHz: .48%)
CPU 1 idle residency:  89.72%
CPU 1 down residency:   0.00%
CPU 2 frequency: 1152 MHz
CPU 2 active residency:   4.98% (1020 MHz: 4.3% 1404 MHz: .26% 1788 MHz: .06% 2112 MHz: .24% 2352 MHz: .06% 2532 MHz:   0% 2592 MHz: .11%)
CPU 2 idle residency:  95.02%
CPU 2 down residency:   0.00%
CPU 3 frequency: 1344 MHz
CPU 3 active residency:   5.27% (1020 MHz: 3.6% 1404 MHz: .23% 1788 MHz: .37% 2112 MHz: .52% 2352 MHz: .45% 2532 MHz: .01% 2592 MHz: .10%)
CPU 3 idle residency:  94.73%
CPU 3 down residency:   0.00%

P0-Cluster Online: 84%
P0-Cluster HW active frequency: 4042 MHz
P0-Cluster HW active residency:  84.41% (1260 MHz:   0% 1512 MHz:   0% 1800 MHz:   0% 2088 MHz:   0% 2352 MHz:   0% 2616 MHz:   0% 2868 MHz:   0% 3096 MHz:   0% 3300 MHz:   0% 3468 MHz:   0% 3624 MHz:   0% 3756 MHz:   0% 3828 MHz:   0% 3888 MHz:  34% 3948 MHz:  21% 3996 MHz: 8.3% 4044 MHz: 3.0% 4104 MHz:   0% 4416 MHz: 8.0% 4512 MHz: 9.9%)
P0-Cluster idle residency:   0.40%
P0-Cluster down residency:  15.19%
CPU 4 frequency: 4512 MHz
CPU 4 active residency:  43.07% (1260 MHz:   0% 1512 MHz:   0% 1800 MHz:   0% 2088 MHz:   0% 2352 MHz:   0% 2616 MHz:   0% 2868 MHz:   0% 3096 MHz:   0% 3300 MHz:   0% 3468 MHz:   0% 3624 MHz:   0% 3756 MHz:   0% 3828 MHz:   0% 3888 MHz:   0% 3948 MHz:   0% 3996 MHz:   0% 4044 MHz:   0% 4104 MHz:   0% 4416 MHz:   0% 4512 MHz:  43%)
CPU 4 idle residency:  41.37%
CPU 4 down residency:  15.56%
CPU 5 frequency: 4512 MHz
CPU 5 active residency:  43.94% (1260 MHz:   0% 1512 MHz:   0% 1800 MHz:   0% 2088 MHz:   0% 2352 MHz:   0% 2616 MHz:   0% 2868 MHz:   0% 3096 MHz:   0% 3300 MHz:   0% 3468 MHz:   0% 3624 MHz:   0% 3756 MHz:   0% 3828 MHz:   0% 3888 MHz:   0% 3948 MHz:   0% 3996 MHz:   0% 4044 MHz:   0% 4104 MHz:   0% 4416 MHz:   0% 4512 MHz:  44%)
CPU 5 idle residency:  40.19%
CPU 5 down residency:  15.87%
CPU 6 frequency: 4512 MHz
CPU 6 active residency:  55.46% (1260 MHz:   0% 1512 MHz:   0% 1800 MHz:   0% 2088 MHz:   0% 2352 MHz:   0% 2616 MHz:   0% 2868 MHz:   0% 3096 MHz:   0% 3300 MHz:   0% 3468 MHz:   0% 3624 MHz:   0% 3756 MHz:   0% 3828 MHz:   0% 3888 MHz:   0% 3948 MHz:   0% 3996 MHz:   0% 4044 MHz:   0% 4104 MHz:   0% 4416 MHz:   0% 4512 MHz:  55%)
CPU 6 idle residency:  29.27%
CPU 6 down residency:  15.28%
CPU 7 frequency: 4512 MHz
CPU 7 active residency:  40.28% (1260 MHz:   0% 1512 MHz:   0% 1800 MHz:   0% 2088 MHz:   0% 2352 MHz:   0% 2616 MHz:   0% 2868 MHz:   0% 3096 MHz:   0% 3300 MHz:   0% 3468 MHz:   0% 3624 MHz:   0% 3756 MHz:   0% 3828 MHz:   0% 3888 MHz:   0% 3948 MHz:   0% 3996 MHz:   0% 4044 MHz:   0% 4104 MHz:   0% 4416 MHz:   0% 4512 MHz:  40%)
CPU 7 idle residency:  43.81%
CPU 7 down residency:  15.91%
CPU 8 frequency: 4512 MHz
CPU 8 active residency:  48.95% (1260 MHz:   0% 1512 MHz:   0% 1800 MHz:   0% 2088 MHz:   0% 2352 MHz:   0% 2616 MHz:   0% 2868 MHz:   0% 3096 MHz:   0% 3300 MHz:   0% 3468 MHz:   0% 3624 MHz:   0% 3756 MHz:   0% 3828 MHz:   0% 3888 MHz:   0% 3948 MHz:   0% 3996 MHz:   0% 4044 MHz:   0% 4104 MHz:   0% 4416 MHz:   0% 4512 MHz:  49%)
CPU 8 idle residency:  35.13%
CPU 8 down residency:  15.92%
CPU 9 frequency: 4512 MHz
CPU 9 active residency:  48.60% (1260 MHz:   0% 1512 MHz:   0% 1800 MHz:   0% 2088 MHz:   0% 2352 MHz:   0% 2616 MHz:   0% 2868 MHz:   0% 3096 MHz:   0% 3300 MHz:   0% 3468 MHz:   0% 3624 MHz:   0% 3756 MHz:   0% 3828 MHz:   0% 3888 MHz:   0% 3948 MHz:   0% 3996 MHz:   0% 4044 MHz:   0% 4104 MHz:   0% 4416 MHz:   0% 4512 MHz:  49%)
CPU 9 idle residency:  35.48%
CPU 9 down residency:  15.92%

P1-Cluster HW active frequency: 4014 MHz
P1-Cluster HW active residency:  16.26% (1260 MHz: .74% 1512 MHz:   0% 1800 MHz:   0% 2088 MHz:   0% 2352 MHz:   0% 2616 MHz:   0% 2868 MHz:   0% 3096 MHz:   0% 3300 MHz:   0% 3468 MHz:   0% 3624 MHz:   0% 3756 MHz:   0% 3828 MHz:   0% 3888 MHz: 5.0% 3948 MHz: 3.9% 3996 MHz: .05% 4044 MHz: .27% 4104 MHz:   0% 4416 MHz: 2.7% 4512 MHz: 3.6%)
P1-Cluster idle residency:   2.40%
P1-Cluster down residency:  81.34%
CPU 10 frequency: 4506 MHz
CPU 10 active residency:  10.55% (1260 MHz: .01% 1512 MHz:   0% 1800 MHz:   0% 2088 MHz: .01% 2352 MHz: .00% 2616 MHz:   0% 2868 MHz:   0% 3096 MHz:   0% 3300 MHz:   0% 3468 MHz:   0% 3624 MHz:   0% 3756 MHz:   0% 3828 MHz:   0% 3888 MHz:   0% 3948 MHz:   0% 3996 MHz:   0% 4044 MHz:   0% 4104 MHz: .00% 4416 MHz:   0% 4512 MHz:  11%)
CPU 10 idle residency:   9.88%
CPU 10 down residency:  79.58%
CPU 11 frequency: 4487 MHz
CPU 11 active residency:   9.76% (1260 MHz: .01% 1512 MHz: .06% 1800 MHz:   0% 2088 MHz: .01% 2352 MHz:   0% 2616 MHz:   0% 2868 MHz:   0% 3096 MHz:   0% 3300 MHz:   0% 3468 MHz:   0% 3624 MHz:   0% 3756 MHz:   0% 3828 MHz:   0% 3888 MHz:   0% 3948 MHz:   0% 3996 MHz:   0% 4044 MHz:   0% 4104 MHz: .00% 4416 MHz:   0% 4512 MHz: 9.7%)
CPU 11 idle residency:  10.83%
CPU 11 down residency:  79.41%
CPU 12 frequency: 4508 MHz
CPU 12 active residency:   9.91% (1260 MHz: .01% 1512 MHz:   0% 1800 MHz:   0% 2088 MHz: .00% 2352 MHz:   0% 2616 MHz:   0% 2868 MHz:   0% 3096 MHz:   0% 3300 MHz:   0% 3468 MHz:   0% 3624 MHz:   0% 3756 MHz:   0% 3828 MHz:   0% 3888 MHz:   0% 3948 MHz:   0% 3996 MHz:   0% 4044 MHz:   0% 4104 MHz: .03% 4416 MHz:   0% 4512 MHz: 9.9%)
CPU 12 idle residency:  10.28%
CPU 12 down residency:  79.81%
CPU 13 frequency: 4506 MHz
CPU 13 active residency:  10.30% (1260 MHz: .01% 1512 MHz: .00% 1800 MHz:   0% 2088 MHz: .00% 2352 MHz: .00% 2616 MHz:   0% 2868 MHz:   0% 3096 MHz:   0% 3300 MHz:   0% 3468 MHz:   0% 3624 MHz:   0% 3756 MHz:   0% 3828 MHz:   0% 3888 MHz:   0% 3948 MHz:   0% 3996 MHz:   0% 4044 MHz:   0% 4104 MHz: .00% 4416 MHz:   0% 4512 MHz:  10%)
CPU 13 idle residency:  10.73%
CPU 13 down residency:  78.96%
CPU 14 frequency: 4508 MHz
CPU 14 active residency:   9.61% (1260 MHz: .01% 1512 MHz: .00% 1800 MHz:   0% 2088 MHz:   0% 2352 MHz:   0% 2616 MHz:   0% 2868 MHz:   0% 3096 MHz:   0% 3300 MHz:   0% 3468 MHz:   0% 3624 MHz:   0% 3756 MHz:   0% 3828 MHz:   0% 3888 MHz:   0% 3948 MHz:   0% 3996 MHz:   0% 4044 MHz:   0% 4104 MHz: .00% 4416 MHz:   0% 4512 MHz: 9.6%)
CPU 14 idle residency:  10.78%
CPU 14 down residency:  79.61%
CPU 15 frequency: 4426 MHz
CPU 15 active residency:   9.47% (1260 MHz: .02% 1512 MHz: .00% 1800 MHz:   0% 2088 MHz: .25% 2352 MHz: .07% 2616 MHz:   0% 2868 MHz:   0% 3096 MHz:   0% 3300 MHz:   0% 3468 MHz:   0% 3624 MHz:   0% 3756 MHz:   0% 3828 MHz:   0% 3888 MHz:   0% 3948 MHz:   0% 3996 MHz:   0% 4044 MHz:   0% 4104 MHz: .00% 4416 MHz:   0% 4512 MHz: 9.1%)
CPU 15 idle residency:  11.26%
CPU 15 down residency:  79.27%

CPU Power: 7030 mW
GPU Power: 21196 mW
ANE Power: 0 mW
Combined Power (CPU + GPU + ANE): 28226 mW

**** GPU usage ****

GPU HW active frequency: 1578 MHz
GPU HW active residency:  99.98% (338 MHz: .01% 618 MHz:   0% 796 MHz:   0% 924 MHz:   0% 952 MHz:   0% 1056 MHz:   0% 1062 MHz:   0% 1182 MHz:   0% 1182 MHz:   0% 1312 MHz:   0% 1242 MHz:   0% 1380 MHz:   0% 1326 MHz:   0% 1470 MHz:   0% 1578 MHz: 100%)
GPU SW requested state: (P1 :   0% P2 :   0% P3 :   0% P4 :   0% P5 :   0% P6 :   0% P7 :   0% P8 :   0% P9 :   0% P10 : 100% P11 :   0% P12 :   0% P13 :   0% P14 :   0% P15 :   0%)
GPU SW state: (SW_P1 : .01% SW_P2 :   0% SW_P3 :   0% SW_P4 :   0% SW_P5 :   0% SW_P6 :   0% SW_P7 :   0% SW_P8 :   0% SW_P9 :   0% SW_P10 : 100% SW_P11 :   0% SW_P12 :   0% SW_P13 :   0% SW_P14 :   0% SW_P15 :   0%)
GPU idle residency:   0.02%
GPU Power: 21196 mW



*** Sampled system activity (Tue Jan 20 15:20:14 2026 +0100) (1021.27ms elapsed) ***


**** Processor usage ****

E-Cluster Online: 100%
E-Cluster HW active frequency: 1253 MHz
E-Cluster HW active residency:  52.47% (1020 MHz:  40% 1404 MHz: 3.8% 1788 MHz: 2.0% 2112 MHz: 2.3% 2352 MHz: 1.4% 2532 MHz: .30% 2592 MHz: 2.9%)
E-Cluster idle residency:  47.53%
E-Cluster down residency:   0.00%
CPU 0 frequency: 1295 MHz
CPU 0 active residency:  22.62% (1020 MHz:  16% 1404 MHz: 1.8% 1788 MHz: .62% 2112 MHz: 1.8% 2352 MHz: .80% 2532 MHz: .25% 2592 MHz: 1.1%)
CPU 0 idle residency:  77.38%
CPU 0 down residency:   0.00%
CPU 1 frequency: 1317 MHz
CPU 1 active residency:  16.63% (1020 MHz:  11% 1404 MHz: 2.1% 1788 MHz: 1.1% 2112 MHz: .69% 2352 MHz: .68% 2532 MHz: .04% 2592 MHz: 1.0%)
CPU 1 idle residency:  83.37%
CPU 1 down residency:   0.00%
CPU 2 frequency: 1356 MHz
CPU 2 active residency:   8.83% (1020 MHz: 5.9% 1404 MHz: .86% 1788 MHz: .20% 2112 MHz: .53% 2352 MHz: .59% 2532 MHz: .02% 2592 MHz: .70%)
CPU 2 idle residency:  91.17%
CPU 2 down residency:   0.00%
CPU 3 frequency: 1359 MHz
CPU 3 active residency:   5.64% (1020 MHz: 3.5% 1404 MHz: .93% 1788 MHz: .10% 2112 MHz: .45% 2352 MHz: .34% 2532 MHz: .04% 2592 MHz: .30%)
CPU 3 idle residency:  94.36%
CPU 3 down residency:   0.00%

P0-Cluster Online: 7%
P0-Cluster HW active frequency: 2734 MHz
P0-Cluster HW active residency:   1.61% (1260 MHz: .77% 1512 MHz:   0% 1800 MHz: .12% 2088 MHz:   0% 2352 MHz:   0% 2616 MHz:   0% 2868 MHz:   0% 3096 MHz:   0% 3300 MHz:   0% 3468 MHz:   0% 3624 MHz:   0% 3756 MHz:   0% 3828 MHz:   0% 3888 MHz: .03% 3948 MHz: .03% 3996 MHz:   0% 4044 MHz:   0% 4104 MHz:   0% 4416 MHz: .07% 4512 MHz: .59%)
P0-Cluster idle residency:   4.02%
P0-Cluster down residency:  94.37%
CPU 4 frequency: 0 MHz
CPU 4 active residency:   0.00% (1260 MHz:   0% 1512 MHz:   0% 1800 MHz:   0% 2088 MHz:   0% 2352 MHz:   0% 2616 MHz:   0% 2868 MHz:   0% 3096 MHz:   0% 3300 MHz:   0% 3468 MHz:   0% 3624 MHz:   0% 3756 MHz:   0% 3828 MHz:   0% 3888 MHz:   0% 3948 MHz:   0% 3996 MHz:   0% 4044 MHz:   0% 4104 MHz:   0% 4416 MHz:   0% 4512 MHz:   0%)
CPU 4 idle residency:   5.43%
CPU 4 down residency:  94.57%
CPU 5 frequency: 0 MHz
CPU 5 active residency:   0.00% (1260 MHz:   0% 1512 MHz:   0% 1800 MHz:   0% 2088 MHz:   0% 2352 MHz:   0% 2616 MHz:   0% 2868 MHz:   0% 3096 MHz:   0% 3300 MHz:   0% 3468 MHz:   0% 3624 MHz:   0% 3756 MHz:   0% 3828 MHz:   0% 3888 MHz:   0% 3948 MHz:   0% 3996 MHz:   0% 4044 MHz:   0% 4104 MHz:   0% 4416 MHz:   0% 4512 MHz:   0%)
CPU 5 idle residency:   5.35%
CPU 5 down residency:  94.65%
CPU 6 frequency: 0 MHz
CPU 6 active residency:   0.00% (1260 MHz:   0% 1512 MHz:   0% 1800 MHz:   0% 2088 MHz:   0% 2352 MHz:   0% 2616 MHz:   0% 2868 MHz:   0% 3096 MHz:   0% 3300 MHz:   0% 3468 MHz:   0% 3624 MHz:   0% 3756 MHz:   0% 3828 MHz:   0% 3888 MHz:   0% 3948 MHz:   0% 3996 MHz:   0% 4044 MHz:   0% 4104 MHz:   0% 4416 MHz:   0% 4512 MHz:   0%)
CPU 6 idle residency:   5.43%
CPU 6 down residency:  94.57%
CPU 7 frequency: 0 MHz
CPU 7 active residency:   0.00% (1260 MHz:   0% 1512 MHz:   0% 1800 MHz:   0% 2088 MHz:   0% 2352 MHz:   0% 2616 MHz:   0% 2868 MHz:   0% 3096 MHz:   0% 3300 MHz:   0% 3468 MHz:   0% 3624 MHz:   0% 3756 MHz:   0% 3828 MHz:   0% 3888 MHz:   0% 3948 MHz:   0% 3996 MHz:   0% 4044 MHz:   0% 4104 MHz:   0% 4416 MHz:   0% 4512 MHz:   0%)
CPU 7 idle residency:   5.35%
CPU 7 down residency:  94.65%
CPU 8 frequency: 0 MHz
CPU 8 active residency:   0.00% (1260 MHz:   0% 1512 MHz:   0% 1800 MHz:   0% 2088 MHz:   0% 2352 MHz:   0% 2616 MHz:   0% 2868 MHz:   0% 3096 MHz:   0% 3300 MHz:   0% 3468 MHz:   0% 3624 MHz:   0% 3756 MHz:   0% 3828 MHz:   0% 3888 MHz:   0% 3948 MHz:   0% 3996 MHz:   0% 4044 MHz:   0% 4104 MHz:   0% 4416 MHz:   0% 4512 MHz:   0%)
CPU 8 idle residency:   5.38%
CPU 8 down residency:  94.62%
CPU 9 frequency: 0 MHz
CPU 9 active residency:   0.00% (1260 MHz:   0% 1512 MHz:   0% 1800 MHz:   0% 2088 MHz:   0% 2352 MHz:   0% 2616 MHz:   0% 2868 MHz:   0% 3096 MHz:   0% 3300 MHz:   0% 3468 MHz:   0% 3624 MHz:   0% 3756 MHz:   0% 3828 MHz:   0% 3888 MHz:   0% 3948 MHz:   0% 3996 MHz:   0% 4044 MHz:   0% 4104 MHz:   0% 4416 MHz:   0% 4512 MHz:   0%)
CPU 9 idle residency:   5.46%
CPU 9 down residency:  94.54%

P1-Cluster HW active frequency: 4009 MHz
P1-Cluster HW active residency:  99.65% (1260 MHz:   0% 1512 MHz:   0% 1800 MHz:   0% 2088 MHz:   0% 2352 MHz:   0% 2616 MHz:   0% 2868 MHz:   0% 3096 MHz:   0% 3300 MHz:   0% 3468 MHz:   0% 3624 MHz:   0% 3756 MHz:   0% 3828 MHz: .00% 3888 MHz:  48% 3948 MHz:  29% 3996 MHz: 4.2% 4044 MHz: 1.8% 4104 MHz:   0% 4416 MHz: 7.9% 4512 MHz: 8.7%)
P1-Cluster idle residency:   0.35%
P1-Cluster down residency:   0.00%
CPU 10 frequency: 4512 MHz
CPU 10 active residency:  70.91% (1260 MHz:   0% 1512 MHz:   0% 1800 MHz:   0% 2088 MHz:   0% 2352 MHz:   0% 2616 MHz:   0% 2868 MHz:   0% 3096 MHz:   0% 3300 MHz:   0% 3468 MHz:   0% 3624 MHz:   0% 3756 MHz:   0% 3828 MHz:   0% 3888 MHz:   0% 3948 MHz:   0% 3996 MHz:   0% 4044 MHz:   0% 4104 MHz:   0% 4416 MHz:   0% 4512 MHz:  71%)
CPU 10 idle residency:  29.09%
CPU 10 down residency:   0.00%
CPU 11 frequency: 4512 MHz
CPU 11 active residency:  73.76% (1260 MHz:   0% 1512 MHz:   0% 1800 MHz:   0% 2088 MHz:   0% 2352 MHz:   0% 2616 MHz:   0% 2868 MHz:   0% 3096 MHz:   0% 3300 MHz:   0% 3468 MHz:   0% 3624 MHz:   0% 3756 MHz:   0% 3828 MHz:   0% 3888 MHz:   0% 3948 MHz:   0% 3996 MHz:   0% 4044 MHz:   0% 4104 MHz:   0% 4416 MHz:   0% 4512 MHz:  74%)
CPU 11 idle residency:  26.24%
CPU 11 down residency:   0.00%
CPU 12 frequency: 4512 MHz
CPU 12 active residency:  65.61% (1260 MHz:   0% 1512 MHz:   0% 1800 MHz:   0% 2088 MHz:   0% 2352 MHz:   0% 2616 MHz:   0% 2868 MHz:   0% 3096 MHz:   0% 3300 MHz:   0% 3468 MHz:   0% 3624 MHz:   0% 3756 MHz:   0% 3828 MHz:   0% 3888 MHz:   0% 3948 MHz:   0% 3996 MHz:   0% 4044 MHz:   0% 4104 MHz:   0% 4416 MHz:   0% 4512 MHz:  66%)
CPU 12 idle residency:  34.39%
CPU 12 down residency:   0.00%
CPU 13 frequency: 4512 MHz
CPU 13 active residency:  64.90% (1260 MHz:   0% 1512 MHz:   0% 1800 MHz:   0% 2088 MHz:   0% 2352 MHz:   0% 2616 MHz:   0% 2868 MHz:   0% 3096 MHz:   0% 3300 MHz:   0% 3468 MHz:   0% 3624 MHz:   0% 3756 MHz:   0% 3828 MHz:   0% 3888 MHz:   0% 3948 MHz:   0% 3996 MHz:   0% 4044 MHz:   0% 4104 MHz:   0% 4416 MHz:   0% 4512 MHz:  65%)
CPU 13 idle residency:  35.10%
CPU 13 down residency:   0.00%
CPU 14 frequency: 4512 MHz
CPU 14 active residency:  47.29% (1260 MHz:   0% 1512 MHz:   0% 1800 MHz:   0% 2088 MHz:   0% 2352 MHz:   0% 2616 MHz:   0% 2868 MHz:   0% 3096 MHz:   0% 3300 MHz:   0% 3468 MHz:   0% 3624 MHz:   0% 3756 MHz:   0% 3828 MHz:   0% 3888 MHz:   0% 3948 MHz:   0% 3996 MHz:   0% 4044 MHz:   0% 4104 MHz:   0% 4416 MHz:   0% 4512 MHz:  47%)
CPU 14 idle residency:  52.71%
CPU 14 down residency:   0.00%
CPU 15 frequency: 4512 MHz
CPU 15 active residency:  61.72% (1260 MHz:   0% 1512 MHz:   0% 1800 MHz:   0% 2088 MHz:   0% 2352 MHz:   0% 2616 MHz:   0% 2868 MHz:   0% 3096 MHz:   0% 3300 MHz:   0% 3468 MHz:   0% 3624 MHz:   0% 3756 MHz:   0% 3828 MHz:   0% 3888 MHz:   0% 3948 MHz:   0% 3996 MHz:   0% 4044 MHz:   0% 4104 MHz:   0% 4416 MHz:   0% 4512 MHz:  62%)
CPU 15 idle residency:  38.28%
CPU 15 down residency:   0.00%

CPU Power: 7104 mW
GPU Power: 21309 mW
ANE Power: 0 mW
Combined Power (CPU + GPU + ANE): 28413 mW

**** GPU usage ****

GPU HW active frequency: 1578 MHz
GPU HW active residency: 100.00% (338 MHz:   0% 618 MHz:   0% 796 MHz:   0% 924 MHz:   0% 952 MHz:   0% 1056 MHz:   0% 1062 MHz:   0% 1182 MHz:   0% 1182 MHz:   0% 1312 MHz:   0% 1242 MHz:   0% 1380 MHz:   0% 1326 MHz:   0% 1470 MHz:   0% 1578 MHz: 100%)
GPU SW requested state: (P1 :   0% P2 :   0% P3 :   0% P4 :   0% P5 :   0% P6 :   0% P7 :   0% P8 :   0% P9 :   0% P10 : 100% P11 :   0% P12 :   0% P13 :   0% P14 :   0% P15 :   0%)
GPU SW state: (SW_P1 :   0% SW_P2 :   0% SW_P3 :   0% SW_P4 :   0% SW_P5 :   0% SW_P6 :   0% SW_P7 :   0% SW_P8 :   0% SW_P9 :   0% SW_P10 : 100% SW_P11 :   0% SW_P12 :   0% SW_P13 :   0% SW_P14 :   0% SW_P15 :   0%)
GPU idle residency:   0.00%
GPU Power: 21136 mW



*** Sampled system activity (Tue Jan 20 15:20:15 2026 +0100) (1021.50ms elapsed) ***


**** Processor usage ****

E-Cluster Online: 100%
E-Cluster HW active frequency: 1152 MHz
E-Cluster HW active residency:  47.98% (1020 MHz:  42% 1404 MHz: 1.4% 1788 MHz: 1.1% 2112 MHz: 1.5% 2352 MHz: 1.3% 2532 MHz:   0% 2592 MHz: .95%)
E-Cluster idle residency:  52.02%
E-Cluster down residency:   0.00%
CPU 0 frequency: 1185 MHz
CPU 0 active residency:  20.72% (1020 MHz:  17% 1404 MHz: 1.0% 1788 MHz: .52% 2112 MHz: .70% 2352 MHz: .94% 2532 MHz:   0% 2592 MHz: .39%)
CPU 0 idle residency:  79.28%
CPU 0 down residency:   0.00%
CPU 1 frequency: 1183 MHz
CPU 1 active residency:  13.13% (1020 MHz:  11% 1404 MHz: .46% 1788 MHz: .55% 2112 MHz: .74% 2352 MHz: .14% 2532 MHz:   0% 2592 MHz: .35%)
CPU 1 idle residency:  86.87%
CPU 1 down residency:   0.00%
CPU 2 frequency: 1162 MHz
CPU 2 active residency:   7.57% (1020 MHz: 6.6% 1404 MHz: .14% 1788 MHz: .15% 2112 MHz: .32% 2352 MHz: .31% 2532 MHz:   0% 2592 MHz: .10%)
CPU 2 idle residency:  92.43%
CPU 2 down residency:   0.00%
CPU 3 frequency: 1229 MHz
CPU 3 active residency:   5.74% (1020 MHz: 4.6% 1404 MHz: .11% 1788 MHz: .06% 2112 MHz: .54% 2352 MHz: .30% 2532 MHz:   0% 2592 MHz: .08%)
CPU 3 idle residency:  94.26%
CPU 3 down residency:   0.00%

P0-Cluster Online: 3%
P0-Cluster HW active frequency: 2122 MHz
P0-Cluster HW active residency:   0.73% (1260 MHz: .53% 1512 MHz:   0% 1800 MHz:   0% 2088 MHz:   0% 2352 MHz:   0% 2616 MHz:   0% 2868 MHz:   0% 3096 MHz:   0% 3300 MHz:   0% 3468 MHz:   0% 3624 MHz:   0% 3756 MHz:   0% 3828 MHz:   0% 3888 MHz: .01% 3948 MHz: .00% 3996 MHz:   0% 4044 MHz:   0% 4104 MHz:   0% 4416 MHz: .01% 4512 MHz: .18%)
P0-Cluster idle residency:   1.72%
P0-Cluster down residency:  97.55%
CPU 4 frequency: 0 MHz
CPU 4 active residency:   0.00% (1260 MHz:   0% 1512 MHz:   0% 1800 MHz:   0% 2088 MHz:   0% 2352 MHz:   0% 2616 MHz:   0% 2868 MHz:   0% 3096 MHz:   0% 3300 MHz:   0% 3468 MHz:   0% 3624 MHz:   0% 3756 MHz:   0% 3828 MHz:   0% 3888 MHz:   0% 3948 MHz:   0% 3996 MHz:   0% 4044 MHz:   0% 4104 MHz:   0% 4416 MHz:   0% 4512 MHz:   0%)
CPU 4 idle residency:   2.35%
CPU 4 down residency:  97.65%
CPU 5 frequency: 0 MHz
CPU 5 active residency:   0.00% (1260 MHz:   0% 1512 MHz:   0% 1800 MHz:   0% 2088 MHz:   0% 2352 MHz:   0% 2616 MHz:   0% 2868 MHz:   0% 3096 MHz:   0% 3300 MHz:   0% 3468 MHz:   0% 3624 MHz:   0% 3756 MHz:   0% 3828 MHz:   0% 3888 MHz:   0% 3948 MHz:   0% 3996 MHz:   0% 4044 MHz:   0% 4104 MHz:   0% 4416 MHz:   0% 4512 MHz:   0%)
CPU 5 idle residency:   2.33%
CPU 5 down residency:  97.67%
CPU 6 frequency: 0 MHz
CPU 6 active residency:   0.00% (1260 MHz:   0% 1512 MHz:   0% 1800 MHz:   0% 2088 MHz:   0% 2352 MHz:   0% 2616 MHz:   0% 2868 MHz:   0% 3096 MHz:   0% 3300 MHz:   0% 3468 MHz:   0% 3624 MHz:   0% 3756 MHz:   0% 3828 MHz:   0% 3888 MHz:   0% 3948 MHz:   0% 3996 MHz:   0% 4044 MHz:   0% 4104 MHz:   0% 4416 MHz:   0% 4512 MHz:   0%)
CPU 6 idle residency:   2.35%
CPU 6 down residency:  97.65%
CPU 7 frequency: 0 MHz
CPU 7 active residency:   0.00% (1260 MHz:   0% 1512 MHz:   0% 1800 MHz:   0% 2088 MHz:   0% 2352 MHz:   0% 2616 MHz:   0% 2868 MHz:   0% 3096 MHz:   0% 3300 MHz:   0% 3468 MHz:   0% 3624 MHz:   0% 3756 MHz:   0% 3828 MHz:   0% 3888 MHz:   0% 3948 MHz:   0% 3996 MHz:   0% 4044 MHz:   0% 4104 MHz:   0% 4416 MHz:   0% 4512 MHz:   0%)
CPU 7 idle residency:   2.33%
CPU 7 down residency:  97.67%
CPU 8 frequency: 0 MHz
CPU 8 active residency:   0.00% (1260 MHz:   0% 1512 MHz:   0% 1800 MHz:   0% 2088 MHz:   0% 2352 MHz:   0% 2616 MHz:   0% 2868 MHz:   0% 3096 MHz:   0% 3300 MHz:   0% 3468 MHz:   0% 3624 MHz:   0% 3756 MHz:   0% 3828 MHz:   0% 3888 MHz:   0% 3948 MHz:   0% 3996 MHz:   0% 4044 MHz:   0% 4104 MHz:   0% 4416 MHz:   0% 4512 MHz:   0%)
CPU 8 idle residency:   2.35%
CPU 8 down residency:  97.65%
CPU 9 frequency: 0 MHz
CPU 9 active residency:   0.00% (1260 MHz:   0% 1512 MHz:   0% 1800 MHz:   0% 2088 MHz:   0% 2352 MHz:   0% 2616 MHz:   0% 2868 MHz:   0% 3096 MHz:   0% 3300 MHz:   0% 3468 MHz:   0% 3624 MHz:   0% 3756 MHz:   0% 3828 MHz:   0% 3888 MHz:   0% 3948 MHz:   0% 3996 MHz:   0% 4044 MHz:   0% 4104 MHz:   0% 4416 MHz:   0% 4512 MHz:   0%)
CPU 9 idle residency:   2.35%
CPU 9 down residency:  97.65%

P1-Cluster HW active frequency: 4004 MHz
P1-Cluster HW active residency:  99.62% (1260 MHz:   0% 1512 MHz:   0% 1800 MHz:   0% 2088 MHz:   0% 2352 MHz:   0% 2616 MHz:   0% 2868 MHz:   0% 3096 MHz:   0% 3300 MHz:   0% 3468 MHz:   0% 3624 MHz:   0% 3756 MHz:   0% 3828 MHz:   0% 3888 MHz:  45% 3948 MHz:  33% 3996 MHz: 4.7% 4044 MHz: 2.1% 4104 MHz:   0% 4416 MHz: 6.4% 4512 MHz: 8.6%)
P1-Cluster idle residency:   0.38%
P1-Cluster down residency:   0.00%
CPU 10 frequency: 4512 MHz
CPU 10 active residency:  74.04% (1260 MHz:   0% 1512 MHz:   0% 1800 MHz:   0% 2088 MHz:   0% 2352 MHz:   0% 2616 MHz:   0% 2868 MHz:   0% 3096 MHz:   0% 3300 MHz:   0% 3468 MHz:   0% 3624 MHz:   0% 3756 MHz:   0% 3828 MHz:   0% 3888 MHz:   0% 3948 MHz:   0% 3996 MHz:   0% 4044 MHz:   0% 4104 MHz:   0% 4416 MHz:   0% 4512 MHz:  74%)
CPU 10 idle residency:  25.96%
CPU 10 down residency:   0.00%
CPU 11 frequency: 4512 MHz
CPU 11 active residency:  65.44% (1260 MHz:   0% 1512 MHz:   0% 1800 MHz:   0% 2088 MHz:   0% 2352 MHz:   0% 2616 MHz:   0% 2868 MHz:   0% 3096 MHz:   0% 3300 MHz:   0% 3468 MHz:   0% 3624 MHz:   0% 3756 MHz:   0% 3828 MHz:   0% 3888 MHz:   0% 3948 MHz:   0% 3996 MHz:   0% 4044 MHz:   0% 4104 MHz:   0% 4416 MHz:   0% 4512 MHz:  65%)
CPU 11 idle residency:  34.56%
CPU 11 down residency:   0.00%
CPU 12 frequency: 4512 MHz
CPU 12 active residency:  63.55% (1260 MHz:   0% 1512 MHz:   0% 1800 MHz:   0% 2088 MHz:   0% 2352 MHz:   0% 2616 MHz:   0% 2868 MHz:   0% 3096 MHz:   0% 3300 MHz:   0% 3468 MHz:   0% 3624 MHz:   0% 3756 MHz:   0% 3828 MHz:   0% 3888 MHz:   0% 3948 MHz:   0% 3996 MHz:   0% 4044 MHz:   0% 4104 MHz:   0% 4416 MHz:   0% 4512 MHz:  64%)
CPU 12 idle residency:  36.45%
CPU 12 down residency:   0.00%
CPU 13 frequency: 4512 MHz
CPU 13 active residency:  67.83% (1260 MHz:   0% 1512 MHz:   0% 1800 MHz:   0% 2088 MHz:   0% 2352 MHz:   0% 2616 MHz:   0% 2868 MHz:   0% 3096 MHz:   0% 3300 MHz:   0% 3468 MHz:   0% 3624 MHz:   0% 3756 MHz:   0% 3828 MHz:   0% 3888 MHz:   0% 3948 MHz:   0% 3996 MHz:   0% 4044 MHz:   0% 4104 MHz:   0% 4416 MHz:   0% 4512 MHz:  68%)
CPU 13 idle residency:  32.17%
CPU 13 down residency:   0.00%
CPU 14 frequency: 4512 MHz
CPU 14 active residency:  68.26% (1260 MHz:   0% 1512 MHz:   0% 1800 MHz:   0% 2088 MHz:   0% 2352 MHz:   0% 2616 MHz:   0% 2868 MHz:   0% 3096 MHz:   0% 3300 MHz:   0% 3468 MHz:   0% 3624 MHz:   0% 3756 MHz:   0% 3828 MHz:   0% 3888 MHz:   0% 3948 MHz:   0% 3996 MHz:   0% 4044 MHz:   0% 4104 MHz:   0% 4416 MHz:   0% 4512 MHz:  68%)
CPU 14 idle residency:  31.74%
CPU 14 down residency:   0.00%
CPU 15 frequency: 4512 MHz
CPU 15 active residency:  45.80% (1260 MHz:   0% 1512 MHz:   0% 1800 MHz:   0% 2088 MHz:   0% 2352 MHz:   0% 2616 MHz:   0% 2868 MHz:   0% 3096 MHz:   0% 3300 MHz:   0% 3468 MHz:   0% 3624 MHz:   0% 3756 MHz:   0% 3828 MHz:   0% 3888 MHz:   0% 3948 MHz:   0% 3996 MHz:   0% 4044 MHz:   0% 4104 MHz:   0% 4416 MHz:   0% 4512 MHz:  46%)
CPU 15 idle residency:  54.20%
CPU 15 down residency:   0.00%

CPU Power: 6874 mW
GPU Power: 21037 mW
ANE Power: 0 mW
Combined Power (CPU + GPU + ANE): 27911 mW

**** GPU usage ****

GPU HW active frequency: 1578 MHz
GPU HW active residency:  99.98% (338 MHz: .01% 618 MHz:   0% 796 MHz:   0% 924 MHz:   0% 952 MHz:   0% 1056 MHz:   0% 1062 MHz:   0% 1182 MHz:   0% 1182 MHz:   0% 1312 MHz:   0% 1242 MHz:   0% 1380 MHz:   0% 1326 MHz:   0% 1470 MHz:   0% 1578 MHz: 100%)
GPU SW requested state: (P1 :   0% P2 :   0% P3 :   0% P4 :   0% P5 :   0% P6 :   0% P7 :   0% P8 :   0% P9 :   0% P10 : 100% P11 :   0% P12 :   0% P13 :   0% P14 :   0% P15 :   0%)
GPU SW state: (SW_P1 : .01% SW_P2 :   0% SW_P3 :   0% SW_P4 :   0% SW_P5 :   0% SW_P6 :   0% SW_P7 :   0% SW_P8 :   0% SW_P9 :   0% SW_P10 : 100% SW_P11 :   0% SW_P12 :   0% SW_P13 :   0% SW_P14 :   0% SW_P15 :   0%)
GPU idle residency:   0.02%
GPU Power: 21219 mW



*** Sampled system activity (Tue Jan 20 15:20:16 2026 +0100) (1021.41ms elapsed) ***


**** Processor usage ****

E-Cluster Online: 100%
E-Cluster HW active frequency: 1233 MHz
E-Cluster HW active residency:  52.07% (1020 MHz:  42% 1404 MHz: 2.1% 1788 MHz: 1.3% 2112 MHz: 2.0% 2352 MHz: 1.9% 2532 MHz:   0% 2592 MHz: 2.9%)
E-Cluster idle residency:  47.93%
E-Cluster down residency:   0.00%
CPU 0 frequency: 1258 MHz
CPU 0 active residency:  24.47% (1020 MHz:  19% 1404 MHz: 1.5% 1788 MHz: .57% 2112 MHz: 1.3% 2352 MHz: .91% 2532 MHz:   0% 2592 MHz: 1.4%)
CPU 0 idle residency:  75.53%
CPU 0 down residency:   0.00%
CPU 1 frequency: 1330 MHz
CPU 1 active residency:  14.19% (1020 MHz:  10% 1404 MHz: .72% 1788 MHz: .52% 2112 MHz: 1.2% 2352 MHz: .79% 2532 MHz:   0% 2592 MHz: .85%)
CPU 1 idle residency:  85.81%
CPU 1 down residency:   0.00%
CPU 2 frequency: 1293 MHz
CPU 2 active residency:   8.18% (1020 MHz: 5.9% 1404 MHz: .59% 1788 MHz: .37% 2112 MHz: .59% 2352 MHz: .41% 2532 MHz:   0% 2592 MHz: .33%)
CPU 2 idle residency:  91.82%
CPU 2 down residency:   0.00%
CPU 3 frequency: 1287 MHz
CPU 3 active residency:   5.73% (1020 MHz: 4.1% 1404 MHz: .52% 1788 MHz: .07% 2112 MHz: .47% 2352 MHz: .34% 2532 MHz:   0% 2592 MHz: .20%)
CPU 3 idle residency:  94.27%
CPU 3 down residency:   0.00%

P0-Cluster Online: 7%
P0-Cluster HW active frequency: 2462 MHz
P0-Cluster HW active residency:   1.79% (1260 MHz: 1.1% 1512 MHz:   0% 1800 MHz: .06% 2088 MHz:   0% 2352 MHz:   0% 2616 MHz:   0% 2868 MHz:   0% 3096 MHz:   0% 3300 MHz:   0% 3468 MHz:   0% 3624 MHz:   0% 3756 MHz:   0% 3828 MHz:   0% 3888 MHz: .03% 3948 MHz: .01% 3996 MHz:   0% 4044 MHz:   0% 4104 MHz:   0% 4416 MHz: .04% 4512 MHz: .58%)
P0-Cluster idle residency:   4.43%
P0-Cluster down residency:  93.78%
CPU 4 frequency: 0 MHz
CPU 4 active residency:   0.00% (1260 MHz:   0% 1512 MHz:   0% 1800 MHz:   0% 2088 MHz:   0% 2352 MHz:   0% 2616 MHz:   0% 2868 MHz:   0% 3096 MHz:   0% 3300 MHz:   0% 3468 MHz:   0% 3624 MHz:   0% 3756 MHz:   0% 3828 MHz:   0% 3888 MHz:   0% 3948 MHz:   0% 3996 MHz:   0% 4044 MHz:   0% 4104 MHz:   0% 4416 MHz:   0% 4512 MHz:   0%)
CPU 4 idle residency:   5.97%
CPU 4 down residency:  94.03%
CPU 5 frequency: 0 MHz
CPU 5 active residency:   0.00% (1260 MHz:   0% 1512 MHz:   0% 1800 MHz:   0% 2088 MHz:   0% 2352 MHz:   0% 2616 MHz:   0% 2868 MHz:   0% 3096 MHz:   0% 3300 MHz:   0% 3468 MHz:   0% 3624 MHz:   0% 3756 MHz:   0% 3828 MHz:   0% 3888 MHz:   0% 3948 MHz:   0% 3996 MHz:   0% 4044 MHz:   0% 4104 MHz:   0% 4416 MHz:   0% 4512 MHz:   0%)
CPU 5 idle residency:   5.90%
CPU 5 down residency:  94.10%
CPU 6 frequency: 0 MHz
CPU 6 active residency:   0.00% (1260 MHz:   0% 1512 MHz:   0% 1800 MHz:   0% 2088 MHz:   0% 2352 MHz:   0% 2616 MHz:   0% 2868 MHz:   0% 3096 MHz:   0% 3300 MHz:   0% 3468 MHz:   0% 3624 MHz:   0% 3756 MHz:   0% 3828 MHz:   0% 3888 MHz:   0% 3948 MHz:   0% 3996 MHz:   0% 4044 MHz:   0% 4104 MHz:   0% 4416 MHz:   0% 4512 MHz:   0%)
CPU 6 idle residency:   5.99%
CPU 6 down residency:  94.01%
CPU 7 frequency: 0 MHz
CPU 7 active residency:   0.00% (1260 MHz:   0% 1512 MHz:   0% 1800 MHz:   0% 2088 MHz:   0% 2352 MHz:   0% 2616 MHz:   0% 2868 MHz:   0% 3096 MHz:   0% 3300 MHz:   0% 3468 MHz:   0% 3624 MHz:   0% 3756 MHz:   0% 3828 MHz:   0% 3888 MHz:   0% 3948 MHz:   0% 3996 MHz:   0% 4044 MHz:   0% 4104 MHz:   0% 4416 MHz:   0% 4512 MHz:   0%)
CPU 7 idle residency:   5.93%
CPU 7 down residency:  94.07%
CPU 8 frequency: 0 MHz
CPU 8 active residency:   0.00% (1260 MHz:   0% 1512 MHz:   0% 1800 MHz:   0% 2088 MHz:   0% 2352 MHz:   0% 2616 MHz:   0% 2868 MHz:   0% 3096 MHz:   0% 3300 MHz:   0% 3468 MHz:   0% 3624 MHz:   0% 3756 MHz:   0% 3828 MHz:   0% 3888 MHz:   0% 3948 MHz:   0% 3996 MHz:   0% 4044 MHz:   0% 4104 MHz:   0% 4416 MHz:   0% 4512 MHz:   0%)
CPU 8 idle residency:   5.97%
CPU 8 down residency:  94.03%
CPU 9 frequency: 0 MHz
CPU 9 active residency:   0.00% (1260 MHz:   0% 1512 MHz:   0% 1800 MHz:   0% 2088 MHz:   0% 2352 MHz:   0% 2616 MHz:   0% 2868 MHz:   0% 3096 MHz:   0% 3300 MHz:   0% 3468 MHz:   0% 3624 MHz:   0% 3756 MHz:   0% 3828 MHz:   0% 3888 MHz:   0% 3948 MHz:   0% 3996 MHz:   0% 4044 MHz:   0% 4104 MHz:   0% 4416 MHz:   0% 4512 MHz:   0%)
CPU 9 idle residency:   5.99%
CPU 9 down residency:  94.01%

P1-Cluster HW active frequency: 4031 MHz
P1-Cluster HW active residency:  99.55% (1260 MHz:   0% 1512 MHz:   0% 1800 MHz:   0% 2088 MHz:   0% 2352 MHz:   0% 2616 MHz:   0% 2868 MHz:   0% 3096 MHz:   0% 3300 MHz:   0% 3468 MHz:   0% 3624 MHz:   0% 3756 MHz:   0% 3828 MHz:   0% 3888 MHz:  43% 3948 MHz:  27% 3996 MHz: 6.9% 4044 MHz: 3.0% 4104 MHz:   0% 4416 MHz: 8.8% 4512 MHz:  11%)
P1-Cluster idle residency:   0.45%
P1-Cluster down residency:   0.00%
CPU 10 frequency: 4512 MHz
CPU 10 active residency:  68.63% (1260 MHz:   0% 1512 MHz:   0% 1800 MHz:   0% 2088 MHz:   0% 2352 MHz:   0% 2616 MHz:   0% 2868 MHz:   0% 3096 MHz:   0% 3300 MHz:   0% 3468 MHz:   0% 3624 MHz:   0% 3756 MHz:   0% 3828 MHz:   0% 3888 MHz:   0% 3948 MHz:   0% 3996 MHz:   0% 4044 MHz:   0% 4104 MHz:   0% 4416 MHz:   0% 4512 MHz:  69%)
CPU 10 idle residency:  31.37%
CPU 10 down residency:   0.00%
CPU 11 frequency: 4512 MHz
CPU 11 active residency:  67.25% (1260 MHz:   0% 1512 MHz:   0% 1800 MHz:   0% 2088 MHz:   0% 2352 MHz:   0% 2616 MHz:   0% 2868 MHz:   0% 3096 MHz:   0% 3300 MHz:   0% 3468 MHz:   0% 3624 MHz:   0% 3756 MHz:   0% 3828 MHz:   0% 3888 MHz:   0% 3948 MHz:   0% 3996 MHz:   0% 4044 MHz:   0% 4104 MHz:   0% 4416 MHz:   0% 4512 MHz:  67%)
CPU 11 idle residency:  32.75%
CPU 11 down residency:   0.00%
CPU 12 frequency: 4512 MHz
CPU 12 active residency:  41.85% (1260 MHz:   0% 1512 MHz:   0% 1800 MHz:   0% 2088 MHz:   0% 2352 MHz:   0% 2616 MHz:   0% 2868 MHz:   0% 3096 MHz:   0% 3300 MHz:   0% 3468 MHz:   0% 3624 MHz:   0% 3756 MHz:   0% 3828 MHz:   0% 3888 MHz:   0% 3948 MHz:   0% 3996 MHz:   0% 4044 MHz:   0% 4104 MHz:   0% 4416 MHz:   0% 4512 MHz:  42%)
CPU 12 idle residency:  58.15%
CPU 12 down residency:   0.00%
CPU 13 frequency: 4512 MHz
CPU 13 active residency:  55.74% (1260 MHz:   0% 1512 MHz:   0% 1800 MHz:   0% 2088 MHz:   0% 2352 MHz:   0% 2616 MHz:   0% 2868 MHz:   0% 3096 MHz:   0% 3300 MHz:   0% 3468 MHz:   0% 3624 MHz:   0% 3756 MHz:   0% 3828 MHz:   0% 3888 MHz:   0% 3948 MHz:   0% 3996 MHz:   0% 4044 MHz:   0% 4104 MHz:   0% 4416 MHz:   0% 4512 MHz:  56%)
CPU 13 idle residency:  44.26%
CPU 13 down residency:   0.00%
CPU 14 frequency: 4512 MHz
CPU 14 active residency:  65.54% (1260 MHz:   0% 1512 MHz:   0% 1800 MHz:   0% 2088 MHz:   0% 2352 MHz:   0% 2616 MHz:   0% 2868 MHz:   0% 3096 MHz:   0% 3300 MHz:   0% 3468 MHz:   0% 3624 MHz:   0% 3756 MHz:   0% 3828 MHz:   0% 3888 MHz:   0% 3948 MHz:   0% 3996 MHz:   0% 4044 MHz:   0% 4104 MHz:   0% 4416 MHz:   0% 4512 MHz:  66%)
CPU 14 idle residency:  34.46%
CPU 14 down residency:   0.00%
CPU 15 frequency: 4512 MHz
CPU 15 active residency:  59.84% (1260 MHz:   0% 1512 MHz:   0% 1800 MHz:   0% 2088 MHz:   0% 2352 MHz:   0% 2616 MHz:   0% 2868 MHz:   0% 3096 MHz:   0% 3300 MHz:   0% 3468 MHz:   0% 3624 MHz:   0% 3756 MHz:   0% 3828 MHz:   0% 3888 MHz:   0% 3948 MHz:   0% 3996 MHz:   0% 4044 MHz:   0% 4104 MHz:   0% 4416 MHz:   0% 4512 MHz:  60%)
CPU 15 idle residency:  40.16%
CPU 15 down residency:   0.00%

CPU Power: 7065 mW
GPU Power: 21380 mW
ANE Power: 0 mW
Combined Power (CPU + GPU + ANE): 28445 mW

**** GPU usage ****

GPU HW active frequency: 1578 MHz
GPU HW active residency:  99.96% (338 MHz: .02% 618 MHz:   0% 796 MHz:   0% 924 MHz:   0% 952 MHz:   0% 1056 MHz:   0% 1062 MHz:   0% 1182 MHz:   0% 1182 MHz:   0% 1312 MHz:   0% 1242 MHz:   0% 1380 MHz:   0% 1326 MHz:   0% 1470 MHz:   0% 1578 MHz: 100%)
GPU SW requested state: (P1 :   0% P2 :   0% P3 :   0% P4 :   0% P5 :   0% P6 :   0% P7 :   0% P8 :   0% P9 :   0% P10 : 100% P11 :   0% P12 :   0% P13 :   0% P14 :   0% P15 :   0%)
GPU SW state: (SW_P1 : .02% SW_P2 :   0% SW_P3 :   0% SW_P4 :   0% SW_P5 :   0% SW_P6 :   0% SW_P7 :   0% SW_P8 :   0% SW_P9 :   0% SW_P10 : 100% SW_P11 :   0% SW_P12 :   0% SW_P13 :   0% SW_P14 :   0% SW_P15 :   0%)
GPU idle residency:   0.04%
GPU Power: 21374 mW



*** Sampled system activity (Tue Jan 20 15:20:17 2026 +0100) (1021.73ms elapsed) ***


**** Processor usage ****

E-Cluster Online: 100%
E-Cluster HW active frequency: 1151 MHz
E-Cluster HW active residency:  45.09% (1020 MHz:  40% 1404 MHz: .97% 1788 MHz: .85% 2112 MHz: 1.7% 2352 MHz: 1.1% 2532 MHz:   0% 2592 MHz: 1.0%)
E-Cluster idle residency:  54.91%
E-Cluster down residency:   0.00%
CPU 0 frequency: 1204 MHz
CPU 0 active residency:  18.90% (1020 MHz:  15% 1404 MHz: .91% 1788 MHz: .70% 2112 MHz: .82% 2352 MHz: .79% 2532 MHz:   0% 2592 MHz: .42%)
CPU 0 idle residency:  81.10%
CPU 0 down residency:   0.00%
CPU 1 frequency: 1175 MHz
CPU 1 active residency:  11.15% (1020 MHz: 9.6% 1404 MHz: .11% 1788 MHz: .06% 2112 MHz: .82% 2352 MHz: .29% 2532 MHz:   0% 2592 MHz: .23%)
CPU 1 idle residency:  88.85%
CPU 1 down residency:   0.00%
CPU 2 frequency: 1155 MHz
CPU 2 active residency:   6.05% (1020 MHz: 5.2% 1404 MHz: .07% 1788 MHz: .18% 2112 MHz: .43% 2352 MHz: .06% 2532 MHz:   0% 2592 MHz: .07%)
CPU 2 idle residency:  93.95%
CPU 2 down residency:   0.00%
CPU 3 frequency: 1116 MHz
CPU 3 active residency:   3.94% (1020 MHz: 3.6% 1404 MHz: .03% 1788 MHz: .00% 2112 MHz: .15% 2352 MHz: .10% 2532 MHz:   0% 2592 MHz: .04%)
CPU 3 idle residency:  96.06%
CPU 3 down residency:   0.00%

P0-Cluster Online: 24%
P0-Cluster HW active frequency: 4012 MHz
P0-Cluster HW active residency:  20.44% (1260 MHz: .47% 1512 MHz:   0% 1800 MHz:   0% 2088 MHz:   0% 2352 MHz:   0% 2616 MHz:   0% 2868 MHz:   0% 3096 MHz:   0% 3300 MHz:   0% 3468 MHz:   0% 3624 MHz:   0% 3756 MHz:   0% 3828 MHz:   0% 3888 MHz: 6.9% 3948 MHz: 7.2% 3996 MHz: .08% 4044 MHz: .25% 4104 MHz:   0% 4416 MHz: 2.0% 4512 MHz: 3.6%)
P0-Cluster idle residency:   2.16%
P0-Cluster down residency:  77.41%
CPU 4 frequency: 4507 MHz
CPU 4 active residency:  15.61% (1260 MHz: .01% 1512 MHz:   0% 1800 MHz: .02% 2088 MHz:   0% 2352 MHz:   0% 2616 MHz:   0% 2868 MHz:   0% 3096 MHz:   0% 3300 MHz:   0% 3468 MHz:   0% 3624 MHz:   0% 3756 MHz:   0% 3828 MHz:   0% 3888 MHz:   0% 3948 MHz:   0% 3996 MHz:   0% 4044 MHz:   0% 4104 MHz:   0% 4416 MHz:   0% 4512 MHz:  16%)
CPU 4 idle residency:   8.90%
CPU 4 down residency:  75.50%
CPU 5 frequency: 4506 MHz
CPU 5 active residency:  15.21% (1260 MHz: .01% 1512 MHz:   0% 1800 MHz: .03% 2088 MHz:   0% 2352 MHz:   0% 2616 MHz:   0% 2868 MHz:   0% 3096 MHz:   0% 3300 MHz:   0% 3468 MHz:   0% 3624 MHz:   0% 3756 MHz:   0% 3828 MHz:   0% 3888 MHz:   0% 3948 MHz:   0% 3996 MHz:   0% 4044 MHz:   0% 4104 MHz:   0% 4416 MHz:   0% 4512 MHz:  15%)
CPU 5 idle residency:  10.68%
CPU 5 down residency:  74.11%
CPU 6 frequency: 4506 MHz
CPU 6 active residency:  10.53% (1260 MHz: .00% 1512 MHz:   0% 1800 MHz: .02% 2088 MHz:   0% 2352 MHz:   0% 2616 MHz:   0% 2868 MHz:   0% 3096 MHz:   0% 3300 MHz:   0% 3468 MHz:   0% 3624 MHz:   0% 3756 MHz:   0% 3828 MHz:   0% 3888 MHz:   0% 3948 MHz:   0% 3996 MHz:   0% 4044 MHz:   0% 4104 MHz:   0% 4416 MHz:   0% 4512 MHz:  11%)
CPU 6 idle residency:  12.64%
CPU 6 down residency:  76.83%
CPU 7 frequency: 4500 MHz
CPU 7 active residency:  15.22% (1260 MHz: .01% 1512 MHz:   0% 1800 MHz: .05% 2088 MHz:   0% 2352 MHz:   0% 2616 MHz:   0% 2868 MHz:   0% 3096 MHz:   0% 3300 MHz:   0% 3468 MHz:   0% 3624 MHz:   0% 3756 MHz:   0% 3828 MHz:   0% 3888 MHz:   0% 3948 MHz:   0% 3996 MHz:   0% 4044 MHz:   0% 4104 MHz:   0% 4416 MHz:   0% 4512 MHz:  15%)
CPU 7 idle residency:  10.90%
CPU 7 down residency:  73.88%
CPU 8 frequency: 4505 MHz
CPU 8 active residency:  16.83% (1260 MHz: .01% 1512 MHz:   0% 1800 MHz: .03% 2088 MHz:   0% 2352 MHz:   0% 2616 MHz:   0% 2868 MHz:   0% 3096 MHz:   0% 3300 MHz:   0% 3468 MHz:   0% 3624 MHz:   0% 3756 MHz:   0% 3828 MHz:   0% 3888 MHz:   0% 3948 MHz:   0% 3996 MHz:   0% 4044 MHz:   0% 4104 MHz:   0% 4416 MHz:   0% 4512 MHz:  17%)
CPU 8 idle residency:   9.25%
CPU 8 down residency:  73.92%
CPU 9 frequency: 4508 MHz
CPU 9 active residency:  13.21% (1260 MHz:   0% 1512 MHz:   0% 1800 MHz: .02% 2088 MHz:   0% 2352 MHz:   0% 2616 MHz:   0% 2868 MHz:   0% 3096 MHz:   0% 3300 MHz:   0% 3468 MHz:   0% 3624 MHz:   0% 3756 MHz:   0% 3828 MHz:   0% 3888 MHz:   0% 3948 MHz:   0% 3996 MHz:   0% 4044 MHz:   0% 4104 MHz:   0% 4416 MHz:   0% 4512 MHz:  13%)
CPU 9 idle residency:  12.82%
CPU 9 down residency:  73.97%

P1-Cluster HW active frequency: 4035 MHz
P1-Cluster HW active residency:  79.84% (1260 MHz:   0% 1512 MHz:   0% 1800 MHz:   0% 2088 MHz:   0% 2352 MHz:   0% 2616 MHz:   0% 2868 MHz:   0% 3096 MHz:   0% 3300 MHz:   0% 3468 MHz:   0% 3624 MHz:   0% 3756 MHz:   0% 3828 MHz:   0% 3888 MHz:  27% 3948 MHz:  26% 3996 MHz: 8.1% 4044 MHz: 3.5% 4104 MHz:   0% 4416 MHz: 7.4% 4512 MHz: 7.7%)
P1-Cluster idle residency:   0.31%
P1-Cluster down residency:  19.84%
CPU 10 frequency: 4512 MHz
CPU 10 active residency:  50.67% (1260 MHz:   0% 1512 MHz:   0% 1800 MHz:   0% 2088 MHz:   0% 2352 MHz:   0% 2616 MHz:   0% 2868 MHz:   0% 3096 MHz:   0% 3300 MHz:   0% 3468 MHz:   0% 3624 MHz:   0% 3756 MHz:   0% 3828 MHz:   0% 3888 MHz:   0% 3948 MHz:   0% 3996 MHz:   0% 4044 MHz:   0% 4104 MHz:   0% 4416 MHz:   0% 4512 MHz:  51%)
CPU 10 idle residency:  28.22%
CPU 10 down residency:  21.11%
CPU 11 frequency: 4512 MHz
CPU 11 active residency:  44.73% (1260 MHz:   0% 1512 MHz:   0% 1800 MHz:   0% 2088 MHz:   0% 2352 MHz:   0% 2616 MHz:   0% 2868 MHz:   0% 3096 MHz:   0% 3300 MHz:   0% 3468 MHz:   0% 3624 MHz:   0% 3756 MHz:   0% 3828 MHz:   0% 3888 MHz:   0% 3948 MHz:   0% 3996 MHz:   0% 4044 MHz:   0% 4104 MHz:   0% 4416 MHz:   0% 4512 MHz:  45%)
CPU 11 idle residency:  34.25%
CPU 11 down residency:  21.02%
CPU 12 frequency: 4512 MHz
CPU 12 active residency:  35.40% (1260 MHz:   0% 1512 MHz:   0% 1800 MHz:   0% 2088 MHz:   0% 2352 MHz:   0% 2616 MHz:   0% 2868 MHz:   0% 3096 MHz:   0% 3300 MHz:   0% 3468 MHz:   0% 3624 MHz:   0% 3756 MHz:   0% 3828 MHz:   0% 3888 MHz:   0% 3948 MHz:   0% 3996 MHz:   0% 4044 MHz:   0% 4104 MHz:   0% 4416 MHz:   0% 4512 MHz:  35%)
CPU 12 idle residency:  44.03%
CPU 12 down residency:  20.58%
CPU 13 frequency: 4512 MHz
CPU 13 active residency:  34.15% (1260 MHz:   0% 1512 MHz:   0% 1800 MHz:   0% 2088 MHz:   0% 2352 MHz:   0% 2616 MHz:   0% 2868 MHz:   0% 3096 MHz:   0% 3300 MHz:   0% 3468 MHz:   0% 3624 MHz:   0% 3756 MHz:   0% 3828 MHz:   0% 3888 MHz:   0% 3948 MHz:   0% 3996 MHz:   0% 4044 MHz:   0% 4104 MHz:   0% 4416 MHz:   0% 4512 MHz:  34%)
CPU 13 idle residency:  45.90%
CPU 13 down residency:  19.95%
CPU 14 frequency: 4512 MHz
CPU 14 active residency:  43.40% (1260 MHz:   0% 1512 MHz:   0% 1800 MHz:   0% 2088 MHz:   0% 2352 MHz:   0% 2616 MHz:   0% 2868 MHz:   0% 3096 MHz:   0% 3300 MHz:   0% 3468 MHz:   0% 3624 MHz:   0% 3756 MHz:   0% 3828 MHz:   0% 3888 MHz:   0% 3948 MHz:   0% 3996 MHz:   0% 4044 MHz:   0% 4104 MHz:   0% 4416 MHz:   0% 4512 MHz:  43%)
CPU 14 idle residency:  35.59%
CPU 14 down residency:  21.00%
CPU 15 frequency: 4512 MHz
CPU 15 active residency:  45.28% (1260 MHz:   0% 1512 MHz:   0% 1800 MHz:   0% 2088 MHz:   0% 2352 MHz:   0% 2616 MHz:   0% 2868 MHz:   0% 3096 MHz:   0% 3300 MHz:   0% 3468 MHz:   0% 3624 MHz:   0% 3756 MHz:   0% 3828 MHz:   0% 3888 MHz:   0% 3948 MHz:   0% 3996 MHz:   0% 4044 MHz:   0% 4104 MHz:   0% 4416 MHz:   0% 4512 MHz:  45%)
CPU 15 idle residency:  34.10%
CPU 15 down residency:  20.62%

CPU Power: 6861 mW
GPU Power: 21494 mW
ANE Power: 0 mW
Combined Power (CPU + GPU + ANE): 28355 mW

**** GPU usage ****

GPU HW active frequency: 1578 MHz
GPU HW active residency: 100.00% (338 MHz:   0% 618 MHz:   0% 796 MHz:   0% 924 MHz:   0% 952 MHz:   0% 1056 MHz:   0% 1062 MHz:   0% 1182 MHz:   0% 1182 MHz:   0% 1312 MHz:   0% 1242 MHz:   0% 1380 MHz:   0% 1326 MHz:   0% 1470 MHz:   0% 1578 MHz: 100%)
GPU SW requested state: (P1 :   0% P2 :   0% P3 :   0% P4 :   0% P5 :   0% P6 :   0% P7 :   0% P8 :   0% P9 :   0% P10 : 100% P11 :   0% P12 :   0% P13 :   0% P14 :   0% P15 :   0%)
GPU SW state: (SW_P1 :   0% SW_P2 :   0% SW_P3 :   0% SW_P4 :   0% SW_P5 :   0% SW_P6 :   0% SW_P7 :   0% SW_P8 :   0% SW_P9 :   0% SW_P10 : 100% SW_P11 :   0% SW_P12 :   0% SW_P13 :   0% SW_P14 :   0% SW_P15 :   0%)
GPU idle residency:   0.00%
GPU Power: 21318 mW



*** Sampled system activity (Tue Jan 20 15:20:18 2026 +0100) (1024.00ms elapsed) ***


**** Processor usage ****

E-Cluster Online: 100%
E-Cluster HW active frequency: 1236 MHz
E-Cluster HW active residency:  50.47% (1020 MHz:  41% 1404 MHz: 1.7% 1788 MHz: 1.3% 2112 MHz: 2.0% 2352 MHz: 1.2% 2532 MHz: .25% 2592 MHz: 3.2%)
E-Cluster idle residency:  49.53%
E-Cluster down residency:   0.00%
CPU 0 frequency: 1273 MHz
CPU 0 active residency:  22.50% (1020 MHz:  17% 1404 MHz: .86% 1788 MHz: .83% 2112 MHz: 1.2% 2352 MHz: .85% 2532 MHz: .04% 2592 MHz: 1.4%)
CPU 0 idle residency:  77.50%
CPU 0 down residency:   0.00%
CPU 1 frequency: 1401 MHz
CPU 1 active residency:  13.62% (1020 MHz: 9.4% 1404 MHz: .23% 1788 MHz: .60% 2112 MHz: 1.1% 2352 MHz: .57% 2532 MHz: .23% 2592 MHz: 1.5%)
CPU 1 idle residency:  86.38%
CPU 1 down residency:   0.00%
CPU 2 frequency: 1484 MHz
CPU 2 active residency:   8.81% (1020 MHz: 5.6% 1404 MHz: .16% 1788 MHz: .23% 2112 MHz: .98% 2352 MHz: .62% 2532 MHz: .01% 2592 MHz: 1.2%)
CPU 2 idle residency:  91.19%
CPU 2 down residency:   0.00%
CPU 3 frequency: 1484 MHz
CPU 3 active residency:   7.82% (1020 MHz: 4.2% 1404 MHz: 1.1% 1788 MHz: .32% 2112 MHz: .72% 2352 MHz: .35% 2532 MHz: .00% 2592 MHz: 1.1%)
CPU 3 idle residency:  92.18%
CPU 3 down residency:   0.00%

P0-Cluster Online: 100%
P0-Cluster HW active frequency: 4025 MHz
P0-Cluster HW active residency:  99.52% (1260 MHz:   0% 1512 MHz:   0% 1800 MHz:   0% 2088 MHz:   0% 2352 MHz:   0% 2616 MHz:   0% 2868 MHz:   0% 3096 MHz:   0% 3300 MHz:   0% 3468 MHz:   0% 3624 MHz:   0% 3756 MHz:   0% 3828 MHz:   0% 3888 MHz:  46% 3948 MHz:  27% 3996 MHz: 5.6% 4044 MHz: 2.7% 4104 MHz:   0% 4416 MHz: 7.8% 4512 MHz:  11%)
P0-Cluster idle residency:   0.48%
P0-Cluster down residency:   0.00%
CPU 4 frequency: 4512 MHz
CPU 4 active residency:  70.11% (1260 MHz:   0% 1512 MHz:   0% 1800 MHz:   0% 2088 MHz:   0% 2352 MHz:   0% 2616 MHz:   0% 2868 MHz:   0% 3096 MHz:   0% 3300 MHz:   0% 3468 MHz:   0% 3624 MHz:   0% 3756 MHz:   0% 3828 MHz:   0% 3888 MHz:   0% 3948 MHz:   0% 3996 MHz:   0% 4044 MHz:   0% 4104 MHz:   0% 4416 MHz:   0% 4512 MHz:  70%)
CPU 4 idle residency:  29.89%
CPU 4 down residency:   0.00%
CPU 5 frequency: 4512 MHz
CPU 5 active residency:  62.78% (1260 MHz:   0% 1512 MHz:   0% 1800 MHz:   0% 2088 MHz:   0% 2352 MHz:   0% 2616 MHz:   0% 2868 MHz:   0% 3096 MHz:   0% 3300 MHz:   0% 3468 MHz:   0% 3624 MHz:   0% 3756 MHz:   0% 3828 MHz:   0% 3888 MHz:   0% 3948 MHz:   0% 3996 MHz:   0% 4044 MHz:   0% 4104 MHz:   0% 4416 MHz:   0% 4512 MHz:  63%)
CPU 5 idle residency:  37.22%
CPU 5 down residency:   0.00%
CPU 6 frequency: 4512 MHz
CPU 6 active residency:  45.66% (1260 MHz:   0% 1512 MHz:   0% 1800 MHz:   0% 2088 MHz:   0% 2352 MHz:   0% 2616 MHz:   0% 2868 MHz:   0% 3096 MHz:   0% 3300 MHz:   0% 3468 MHz:   0% 3624 MHz:   0% 3756 MHz:   0% 3828 MHz:   0% 3888 MHz:   0% 3948 MHz:   0% 3996 MHz:   0% 4044 MHz:   0% 4104 MHz:   0% 4416 MHz:   0% 4512 MHz:  46%)
CPU 6 idle residency:  54.34%
CPU 6 down residency:   0.00%
CPU 7 frequency: 4512 MHz
CPU 7 active residency:  62.04% (1260 MHz:   0% 1512 MHz:   0% 1800 MHz:   0% 2088 MHz:   0% 2352 MHz:   0% 2616 MHz:   0% 2868 MHz:   0% 3096 MHz:   0% 3300 MHz:   0% 3468 MHz:   0% 3624 MHz:   0% 3756 MHz:   0% 3828 MHz:   0% 3888 MHz:   0% 3948 MHz:   0% 3996 MHz:   0% 4044 MHz:   0% 4104 MHz:   0% 4416 MHz:   0% 4512 MHz:  62%)
CPU 7 idle residency:  37.96%
CPU 7 down residency:   0.00%
CPU 8 frequency: 4512 MHz
CPU 8 active residency:  66.01% (1260 MHz:   0% 1512 MHz:   0% 1800 MHz:   0% 2088 MHz:   0% 2352 MHz:   0% 2616 MHz:   0% 2868 MHz:   0% 3096 MHz:   0% 3300 MHz:   0% 3468 MHz:   0% 3624 MHz:   0% 3756 MHz:   0% 3828 MHz:   0% 3888 MHz:   0% 3948 MHz:   0% 3996 MHz:   0% 4044 MHz:   0% 4104 MHz:   0% 4416 MHz:   0% 4512 MHz:  66%)
CPU 8 idle residency:  33.99%
CPU 8 down residency:   0.00%
CPU 9 frequency: 4512 MHz
CPU 9 active residency:  59.83% (1260 MHz:   0% 1512 MHz:   0% 1800 MHz:   0% 2088 MHz:   0% 2352 MHz:   0% 2616 MHz:   0% 2868 MHz:   0% 3096 MHz:   0% 3300 MHz:   0% 3468 MHz:   0% 3624 MHz:   0% 3756 MHz:   0% 3828 MHz:   0% 3888 MHz:   0% 3948 MHz:   0% 3996 MHz:   0% 4044 MHz:   0% 4104 MHz:   0% 4416 MHz:   0% 4512 MHz:  60%)
CPU 9 idle residency:  40.17%
CPU 9 down residency:   0.00%

P1-Cluster HW active frequency: 2190 MHz
P1-Cluster HW active residency:   2.36% (1260 MHz: 1.3% 1512 MHz: .04% 1800 MHz: .34% 2088 MHz:   0% 2352 MHz: .05% 2616 MHz:   0% 2868 MHz:   0% 3096 MHz:   0% 3300 MHz:   0% 3468 MHz:   0% 3624 MHz:   0% 3756 MHz:   0% 3828 MHz:   0% 3888 MHz: .02% 3948 MHz: .02% 3996 MHz:   0% 4044 MHz:   0% 4104 MHz:   0% 4416 MHz: .03% 4512 MHz: .54%)
P1-Cluster idle residency:   3.30%
P1-Cluster down residency:  94.33%
CPU 10 frequency: 4512 MHz
CPU 10 active residency:   5.35% (1260 MHz: .00% 1512 MHz:   0% 1800 MHz:   0% 2088 MHz:   0% 2352 MHz:   0% 2616 MHz:   0% 2868 MHz:   0% 3096 MHz:   0% 3300 MHz:   0% 3468 MHz:   0% 3624 MHz:   0% 3756 MHz:   0% 3828 MHz:   0% 3888 MHz:   0% 3948 MHz:   0% 3996 MHz:   0% 4044 MHz:   0% 4104 MHz:   0% 4416 MHz:   0% 4512 MHz: 5.3%)
CPU 10 idle residency:   5.10%
CPU 10 down residency:  89.55%
CPU 11 frequency: 4512 MHz
CPU 11 active residency:   4.98% (1260 MHz:   0% 1512 MHz:   0% 1800 MHz:   0% 2088 MHz:   0% 2352 MHz:   0% 2616 MHz:   0% 2868 MHz:   0% 3096 MHz:   0% 3300 MHz:   0% 3468 MHz:   0% 3624 MHz:   0% 3756 MHz:   0% 3828 MHz:   0% 3888 MHz:   0% 3948 MHz:   0% 3996 MHz:   0% 4044 MHz:   0% 4104 MHz:   0% 4416 MHz:   0% 4512 MHz: 5.0%)
CPU 11 idle residency:   5.14%
CPU 11 down residency:  89.88%
CPU 12 frequency: 4512 MHz
CPU 12 active residency:   3.08% (1260 MHz:   0% 1512 MHz:   0% 1800 MHz:   0% 2088 MHz:   0% 2352 MHz:   0% 2616 MHz:   0% 2868 MHz:   0% 3096 MHz:   0% 3300 MHz:   0% 3468 MHz:   0% 3624 MHz:   0% 3756 MHz:   0% 3828 MHz:   0% 3888 MHz:   0% 3948 MHz:   0% 3996 MHz:   0% 4044 MHz:   0% 4104 MHz:   0% 4416 MHz:   0% 4512 MHz: 3.1%)
CPU 12 idle residency:   5.29%
CPU 12 down residency:  91.63%
CPU 13 frequency: 4512 MHz
CPU 13 active residency:   0.14% (1260 MHz:   0% 1512 MHz:   0% 1800 MHz:   0% 2088 MHz:   0% 2352 MHz:   0% 2616 MHz:   0% 2868 MHz:   0% 3096 MHz:   0% 3300 MHz:   0% 3468 MHz:   0% 3624 MHz:   0% 3756 MHz:   0% 3828 MHz:   0% 3888 MHz:   0% 3948 MHz:   0% 3996 MHz:   0% 4044 MHz:   0% 4104 MHz:   0% 4416 MHz:   0% 4512 MHz: .14%)
CPU 13 idle residency:   5.46%
CPU 13 down residency:  94.40%
CPU 14 frequency: 4512 MHz
CPU 14 active residency:   4.92% (1260 MHz: .00% 1512 MHz:   0% 1800 MHz:   0% 2088 MHz:   0% 2352 MHz:   0% 2616 MHz:   0% 2868 MHz:   0% 3096 MHz:   0% 3300 MHz:   0% 3468 MHz:   0% 3624 MHz:   0% 3756 MHz:   0% 3828 MHz:   0% 3888 MHz:   0% 3948 MHz:   0% 3996 MHz:   0% 4044 MHz:   0% 4104 MHz:   0% 4416 MHz:   0% 4512 MHz: 4.9%)
CPU 14 idle residency:   4.84%
CPU 14 down residency:  90.24%
CPU 15 frequency: 4512 MHz
CPU 15 active residency:   3.27% (1260 MHz:   0% 1512 MHz:   0% 1800 MHz:   0% 2088 MHz:   0% 2352 MHz:   0% 2616 MHz:   0% 2868 MHz:   0% 3096 MHz:   0% 3300 MHz:   0% 3468 MHz:   0% 3624 MHz:   0% 3756 MHz:   0% 3828 MHz:   0% 3888 MHz:   0% 3948 MHz:   0% 3996 MHz:   0% 4044 MHz:   0% 4104 MHz:   0% 4416 MHz:   0% 4512 MHz: 3.3%)
CPU 15 idle residency:   5.28%
CPU 15 down residency:  91.45%

CPU Power: 7025 mW
GPU Power: 21353 mW
ANE Power: 0 mW
Combined Power (CPU + GPU + ANE): 28378 mW

**** GPU usage ****

GPU HW active frequency: 1578 MHz
GPU HW active residency:  99.98% (338 MHz: .01% 618 MHz:   0% 796 MHz:   0% 924 MHz:   0% 952 MHz:   0% 1056 MHz:   0% 1062 MHz:   0% 1182 MHz:   0% 1182 MHz:   0% 1312 MHz:   0% 1242 MHz:   0% 1380 MHz:   0% 1326 MHz:   0% 1470 MHz:   0% 1578 MHz: 100%)
GPU SW requested state: (P1 :   0% P2 :   0% P3 :   0% P4 :   0% P5 :   0% P6 :   0% P7 :   0% P8 :   0% P9 :   0% P10 : 100% P11 :   0% P12 :   0% P13 :   0% P14 :   0% P15 :   0%)
GPU SW state: (SW_P1 : .01% SW_P2 :   0% SW_P3 :   0% SW_P4 :   0% SW_P5 :   0% SW_P6 :   0% SW_P7 :   0% SW_P8 :   0% SW_P9 :   0% SW_P10 : 100% SW_P11 :   0% SW_P12 :   0% SW_P13 :   0% SW_P14 :   0% SW_P15 :   0%)
GPU idle residency:   0.02%
GPU Power: 21526 mW



*** Sampled system activity (Tue Jan 20 15:20:19 2026 +0100) (1021.34ms elapsed) ***


**** Processor usage ****

E-Cluster Online: 100%
E-Cluster HW active frequency: 1238 MHz
E-Cluster HW active residency:  50.93% (1020 MHz:  41% 1404 MHz: 2.0% 1788 MHz: 1.4% 2112 MHz: 2.1% 2352 MHz: 2.3% 2532 MHz: .03% 2592 MHz: 2.5%)
E-Cluster idle residency:  49.07%
E-Cluster down residency:   0.00%
CPU 0 frequency: 1227 MHz
CPU 0 active residency:  21.22% (1020 MHz:  17% 1404 MHz: .96% 1788 MHz: .69% 2112 MHz: .94% 2352 MHz: .67% 2532 MHz: .03% 2592 MHz: .98%)
CPU 0 idle residency:  78.78%
CPU 0 down residency:   0.00%
CPU 1 frequency: 1325 MHz
CPU 1 active residency:  15.11% (1020 MHz:  11% 1404 MHz: 1.0% 1788 MHz: .82% 2112 MHz: 1.1% 2352 MHz: .84% 2532 MHz: .02% 2592 MHz: .77%)
CPU 1 idle residency:  84.89%
CPU 1 down residency:   0.00%
CPU 2 frequency: 1278 MHz
CPU 2 active residency:   7.46% (1020 MHz: 5.6% 1404 MHz: .57% 1788 MHz: .09% 2112 MHz: .25% 2352 MHz: .60% 2532 MHz: .03% 2592 MHz: .33%)
CPU 2 idle residency:  92.54%
CPU 2 down residency:   0.00%
CPU 3 frequency: 1370 MHz
CPU 3 active residency:   6.52% (1020 MHz: 4.4% 1404 MHz: .62% 1788 MHz: .05% 2112 MHz: .22% 2352 MHz: .48% 2532 MHz: .03% 2592 MHz: .69%)
CPU 3 idle residency:  93.48%
CPU 3 down residency:   0.00%

P0-Cluster Online: 100%
P0-Cluster HW active frequency: 4016 MHz
P0-Cluster HW active residency:  99.54% (1260 MHz:   0% 1512 MHz:   0% 1800 MHz:   0% 2088 MHz:   0% 2352 MHz:   0% 2616 MHz:   0% 2868 MHz:   0% 3096 MHz:   0% 3300 MHz:   0% 3468 MHz:   0% 3624 MHz:   0% 3756 MHz:   0% 3828 MHz:   0% 3888 MHz:  48% 3948 MHz:  25% 3996 MHz: 5.9% 4044 MHz: 3.1% 4104 MHz:   0% 4416 MHz: 7.9% 4512 MHz: 9.5%)
P0-Cluster idle residency:   0.46%
P0-Cluster down residency:   0.00%
CPU 4 frequency: 4512 MHz
CPU 4 active residency:  68.64% (1260 MHz:   0% 1512 MHz:   0% 1800 MHz:   0% 2088 MHz:   0% 2352 MHz:   0% 2616 MHz:   0% 2868 MHz:   0% 3096 MHz:   0% 3300 MHz:   0% 3468 MHz:   0% 3624 MHz:   0% 3756 MHz:   0% 3828 MHz:   0% 3888 MHz:   0% 3948 MHz:   0% 3996 MHz:   0% 4044 MHz:   0% 4104 MHz:   0% 4416 MHz:   0% 4512 MHz:  69%)
CPU 4 idle residency:  31.36%
CPU 4 down residency:   0.00%
CPU 5 frequency: 4512 MHz
CPU 5 active residency:  70.49% (1260 MHz:   0% 1512 MHz:   0% 1800 MHz:   0% 2088 MHz:   0% 2352 MHz:   0% 2616 MHz:   0% 2868 MHz:   0% 3096 MHz:   0% 3300 MHz:   0% 3468 MHz:   0% 3624 MHz:   0% 3756 MHz:   0% 3828 MHz:   0% 3888 MHz:   0% 3948 MHz:   0% 3996 MHz:   0% 4044 MHz:   0% 4104 MHz:   0% 4416 MHz:   0% 4512 MHz:  70%)
CPU 5 idle residency:  29.51%
CPU 5 down residency:   0.00%
CPU 6 frequency: 4512 MHz
CPU 6 active residency:  67.24% (1260 MHz:   0% 1512 MHz:   0% 1800 MHz:   0% 2088 MHz:   0% 2352 MHz:   0% 2616 MHz:   0% 2868 MHz:   0% 3096 MHz:   0% 3300 MHz:   0% 3468 MHz:   0% 3624 MHz:   0% 3756 MHz:   0% 3828 MHz:   0% 3888 MHz:   0% 3948 MHz:   0% 3996 MHz:   0% 4044 MHz:   0% 4104 MHz:   0% 4416 MHz:   0% 4512 MHz:  67%)
CPU 6 idle residency:  32.76%
CPU 6 down residency:   0.00%
CPU 7 frequency: 4512 MHz
CPU 7 active residency:  57.40% (1260 MHz:   0% 1512 MHz:   0% 1800 MHz:   0% 2088 MHz:   0% 2352 MHz:   0% 2616 MHz:   0% 2868 MHz:   0% 3096 MHz:   0% 3300 MHz:   0% 3468 MHz:   0% 3624 MHz:   0% 3756 MHz:   0% 3828 MHz:   0% 3888 MHz:   0% 3948 MHz:   0% 3996 MHz:   0% 4044 MHz:   0% 4104 MHz:   0% 4416 MHz:   0% 4512 MHz:  57%)
CPU 7 idle residency:  42.60%
CPU 7 down residency:   0.00%
CPU 8 frequency: 4512 MHz
CPU 8 active residency:  55.27% (1260 MHz:   0% 1512 MHz:   0% 1800 MHz:   0% 2088 MHz:   0% 2352 MHz:   0% 2616 MHz:   0% 2868 MHz:   0% 3096 MHz:   0% 3300 MHz:   0% 3468 MHz:   0% 3624 MHz:   0% 3756 MHz:   0% 3828 MHz:   0% 3888 MHz:   0% 3948 MHz:   0% 3996 MHz:   0% 4044 MHz:   0% 4104 MHz:   0% 4416 MHz:   0% 4512 MHz:  55%)
CPU 8 idle residency:  44.73%
CPU 8 down residency:   0.00%
CPU 9 frequency: 4512 MHz
CPU 9 active residency:  52.58% (1260 MHz:   0% 1512 MHz:   0% 1800 MHz:   0% 2088 MHz:   0% 2352 MHz:   0% 2616 MHz:   0% 2868 MHz:   0% 3096 MHz:   0% 3300 MHz:   0% 3468 MHz:   0% 3624 MHz:   0% 3756 MHz:   0% 3828 MHz:   0% 3888 MHz:   0% 3948 MHz:   0% 3996 MHz:   0% 4044 MHz:   0% 4104 MHz:   0% 4416 MHz:   0% 4512 MHz:  53%)
CPU 9 idle residency:  47.42%
CPU 9 down residency:   0.00%

P1-Cluster HW active frequency: 2210 MHz
P1-Cluster HW active residency:   1.19% (1260 MHz: .84% 1512 MHz:   0% 1800 MHz:   0% 2088 MHz:   0% 2352 MHz:   0% 2616 MHz:   0% 2868 MHz:   0% 3096 MHz:   0% 3300 MHz:   0% 3468 MHz:   0% 3624 MHz:   0% 3756 MHz:   0% 3828 MHz:   0% 3888 MHz: .02% 3948 MHz: .01% 3996 MHz:   0% 4044 MHz:   0% 4104 MHz:   0% 4416 MHz: .01% 4512 MHz: .32%)
P1-Cluster idle residency:   4.03%
P1-Cluster down residency:  94.78%
CPU 10 frequency: 0 MHz
CPU 10 active residency:   0.00% (1260 MHz:   0% 1512 MHz:   0% 1800 MHz:   0% 2088 MHz:   0% 2352 MHz:   0% 2616 MHz:   0% 2868 MHz:   0% 3096 MHz:   0% 3300 MHz:   0% 3468 MHz:   0% 3624 MHz:   0% 3756 MHz:   0% 3828 MHz:   0% 3888 MHz:   0% 3948 MHz:   0% 3996 MHz:   0% 4044 MHz:   0% 4104 MHz:   0% 4416 MHz:   0% 4512 MHz:   0%)
CPU 10 idle residency:   5.06%
CPU 10 down residency:  94.94%
CPU 11 frequency: 0 MHz
CPU 11 active residency:   0.00% (1260 MHz:   0% 1512 MHz:   0% 1800 MHz:   0% 2088 MHz:   0% 2352 MHz:   0% 2616 MHz:   0% 2868 MHz:   0% 3096 MHz:   0% 3300 MHz:   0% 3468 MHz:   0% 3624 MHz:   0% 3756 MHz:   0% 3828 MHz:   0% 3888 MHz:   0% 3948 MHz:   0% 3996 MHz:   0% 4044 MHz:   0% 4104 MHz:   0% 4416 MHz:   0% 4512 MHz:   0%)
CPU 11 idle residency:   5.05%
CPU 11 down residency:  94.95%
CPU 12 frequency: 0 MHz
CPU 12 active residency:   0.00% (1260 MHz:   0% 1512 MHz:   0% 1800 MHz:   0% 2088 MHz:   0% 2352 MHz:   0% 2616 MHz:   0% 2868 MHz:   0% 3096 MHz:   0% 3300 MHz:   0% 3468 MHz:   0% 3624 MHz:   0% 3756 MHz:   0% 3828 MHz:   0% 3888 MHz:   0% 3948 MHz:   0% 3996 MHz:   0% 4044 MHz:   0% 4104 MHz:   0% 4416 MHz:   0% 4512 MHz:   0%)
CPU 12 idle residency:   5.05%
CPU 12 down residency:  94.95%
CPU 13 frequency: 0 MHz
CPU 13 active residency:   0.00% (1260 MHz:   0% 1512 MHz:   0% 1800 MHz:   0% 2088 MHz:   0% 2352 MHz:   0% 2616 MHz:   0% 2868 MHz:   0% 3096 MHz:   0% 3300 MHz:   0% 3468 MHz:   0% 3624 MHz:   0% 3756 MHz:   0% 3828 MHz:   0% 3888 MHz:   0% 3948 MHz:   0% 3996 MHz:   0% 4044 MHz:   0% 4104 MHz:   0% 4416 MHz:   0% 4512 MHz:   0%)
CPU 13 idle residency:   5.06%
CPU 13 down residency:  94.94%
CPU 14 frequency: 0 MHz
CPU 14 active residency:   0.00% (1260 MHz:   0% 1512 MHz:   0% 1800 MHz:   0% 2088 MHz:   0% 2352 MHz:   0% 2616 MHz:   0% 2868 MHz:   0% 3096 MHz:   0% 3300 MHz:   0% 3468 MHz:   0% 3624 MHz:   0% 3756 MHz:   0% 3828 MHz:   0% 3888 MHz:   0% 3948 MHz:   0% 3996 MHz:   0% 4044 MHz:   0% 4104 MHz:   0% 4416 MHz:   0% 4512 MHz:   0%)
CPU 14 idle residency:   5.07%
CPU 14 down residency:  94.93%
CPU 15 frequency: 0 MHz
CPU 15 active residency:   0.00% (1260 MHz:   0% 1512 MHz:   0% 1800 MHz:   0% 2088 MHz:   0% 2352 MHz:   0% 2616 MHz:   0% 2868 MHz:   0% 3096 MHz:   0% 3300 MHz:   0% 3468 MHz:   0% 3624 MHz:   0% 3756 MHz:   0% 3828 MHz:   0% 3888 MHz:   0% 3948 MHz:   0% 3996 MHz:   0% 4044 MHz:   0% 4104 MHz:   0% 4416 MHz:   0% 4512 MHz:   0%)
CPU 15 idle residency:   5.07%
CPU 15 down residency:  94.93%

CPU Power: 7099 mW
GPU Power: 21549 mW
ANE Power: 0 mW
Combined Power (CPU + GPU + ANE): 28648 mW

**** GPU usage ****

GPU HW active frequency: 1578 MHz
GPU HW active residency: 100.00% (338 MHz:   0% 618 MHz:   0% 796 MHz:   0% 924 MHz:   0% 952 MHz:   0% 1056 MHz:   0% 1062 MHz:   0% 1182 MHz:   0% 1182 MHz:   0% 1312 MHz:   0% 1242 MHz:   0% 1380 MHz:   0% 1326 MHz:   0% 1470 MHz:   0% 1578 MHz: 100%)
GPU SW requested state: (P1 :   0% P2 :   0% P3 :   0% P4 :   0% P5 :   0% P6 :   0% P7 :   0% P8 :   0% P9 :   0% P10 : 100% P11 :   0% P12 :   0% P13 :   0% P14 :   0% P15 :   0%)
GPU SW state: (SW_P1 :   0% SW_P2 :   0% SW_P3 :   0% SW_P4 :   0% SW_P5 :   0% SW_P6 :   0% SW_P7 :   0% SW_P8 :   0% SW_P9 :   0% SW_P10 : 100% SW_P11 :   0% SW_P12 :   0% SW_P13 :   0% SW_P14 :   0% SW_P15 :   0%)
GPU idle residency:   0.00%
GPU Power: 21551 mW



*** Sampled system activity (Tue Jan 20 15:20:21 2026 +0100) (1018.38ms elapsed) ***


**** Processor usage ****

E-Cluster Online: 100%
E-Cluster HW active frequency: 1249 MHz
E-Cluster HW active residency:  47.30% (1020 MHz:  38% 1404 MHz: 1.3% 1788 MHz: 1.6% 2112 MHz: 2.3% 2352 MHz: 1.2% 2532 MHz: .24% 2592 MHz: 3.0%)
E-Cluster idle residency:  52.70%
E-Cluster down residency:   0.00%
CPU 0 frequency: 1269 MHz
CPU 0 active residency:  20.46% (1020 MHz:  16% 1404 MHz: .89% 1788 MHz: .63% 2112 MHz: 1.4% 2352 MHz: .25% 2532 MHz: .16% 2592 MHz: 1.4%)
CPU 0 idle residency:  79.54%
CPU 0 down residency:   0.00%
CPU 1 frequency: 1388 MHz
CPU 1 active residency:  15.24% (1020 MHz:  10% 1404 MHz: .75% 1788 MHz: 1.1% 2112 MHz: 1.6% 2352 MHz: .73% 2532 MHz: .01% 2592 MHz: 1.1%)
CPU 1 idle residency:  84.76%
CPU 1 down residency:   0.00%
CPU 2 frequency: 1285 MHz
CPU 2 active residency:   9.27% (1020 MHz: 6.7% 1404 MHz: .66% 1788 MHz: .43% 2112 MHz: .79% 2352 MHz: .14% 2532 MHz: .01% 2592 MHz: .52%)
CPU 2 idle residency:  90.73%
CPU 2 down residency:   0.00%
CPU 3 frequency: 1343 MHz
CPU 3 active residency:   8.26% (1020 MHz: 5.3% 1404 MHz: .90% 1788 MHz: .56% 2112 MHz: .69% 2352 MHz: .31% 2532 MHz: .07% 2592 MHz: .40%)
CPU 3 idle residency:  91.74%
CPU 3 down residency:   0.00%

P0-Cluster Online: 100%
P0-Cluster HW active frequency: 4015 MHz
P0-Cluster HW active residency:  99.69% (1260 MHz:   0% 1512 MHz:   0% 1800 MHz:   0% 2088 MHz:   0% 2352 MHz:   0% 2616 MHz:   0% 2868 MHz:   0% 3096 MHz:   0% 3300 MHz:   0% 3468 MHz:   0% 3624 MHz:   0% 3756 MHz:   0% 3828 MHz: .00% 3888 MHz:  35% 3948 MHz:  38% 3996 MHz: 7.7% 4044 MHz: 3.4% 4104 MHz:   0% 4416 MHz: 6.9% 4512 MHz: 8.5%)
P0-Cluster idle residency:   0.31%
P0-Cluster down residency:   0.00%
CPU 4 frequency: 4512 MHz
CPU 4 active residency:  71.36% (1260 MHz:   0% 1512 MHz:   0% 1800 MHz:   0% 2088 MHz:   0% 2352 MHz:   0% 2616 MHz:   0% 2868 MHz:   0% 3096 MHz:   0% 3300 MHz:   0% 3468 MHz:   0% 3624 MHz:   0% 3756 MHz:   0% 3828 MHz:   0% 3888 MHz:   0% 3948 MHz:   0% 3996 MHz:   0% 4044 MHz:   0% 4104 MHz:   0% 4416 MHz:   0% 4512 MHz:  71%)
CPU 4 idle residency:  28.64%
CPU 4 down residency:   0.00%
CPU 5 frequency: 4512 MHz
CPU 5 active residency:  58.34% (1260 MHz:   0% 1512 MHz:   0% 1800 MHz:   0% 2088 MHz:   0% 2352 MHz:   0% 2616 MHz:   0% 2868 MHz:   0% 3096 MHz:   0% 3300 MHz:   0% 3468 MHz:   0% 3624 MHz:   0% 3756 MHz:   0% 3828 MHz:   0% 3888 MHz:   0% 3948 MHz:   0% 3996 MHz:   0% 4044 MHz:   0% 4104 MHz:   0% 4416 MHz:   0% 4512 MHz:  58%)
CPU 5 idle residency:  41.66%
CPU 5 down residency:   0.00%
CPU 6 frequency: 4512 MHz
CPU 6 active residency:  53.63% (1260 MHz:   0% 1512 MHz:   0% 1800 MHz:   0% 2088 MHz:   0% 2352 MHz:   0% 2616 MHz:   0% 2868 MHz:   0% 3096 MHz:   0% 3300 MHz:   0% 3468 MHz:   0% 3624 MHz:   0% 3756 MHz:   0% 3828 MHz:   0% 3888 MHz:   0% 3948 MHz:   0% 3996 MHz:   0% 4044 MHz:   0% 4104 MHz:   0% 4416 MHz:   0% 4512 MHz:  54%)
CPU 6 idle residency:  46.37%
CPU 6 down residency:   0.00%
CPU 7 frequency: 4512 MHz
CPU 7 active residency:  67.55% (1260 MHz:   0% 1512 MHz:   0% 1800 MHz:   0% 2088 MHz:   0% 2352 MHz:   0% 2616 MHz:   0% 2868 MHz:   0% 3096 MHz:   0% 3300 MHz:   0% 3468 MHz:   0% 3624 MHz:   0% 3756 MHz:   0% 3828 MHz:   0% 3888 MHz:   0% 3948 MHz:   0% 3996 MHz:   0% 4044 MHz:   0% 4104 MHz:   0% 4416 MHz:   0% 4512 MHz:  68%)
CPU 7 idle residency:  32.45%
CPU 7 down residency:   0.00%
CPU 8 frequency: 4512 MHz
CPU 8 active residency:  67.02% (1260 MHz:   0% 1512 MHz:   0% 1800 MHz:   0% 2088 MHz:   0% 2352 MHz:   0% 2616 MHz:   0% 2868 MHz:   0% 3096 MHz:   0% 3300 MHz:   0% 3468 MHz:   0% 3624 MHz:   0% 3756 MHz:   0% 3828 MHz:   0% 3888 MHz:   0% 3948 MHz:   0% 3996 MHz:   0% 4044 MHz:   0% 4104 MHz:   0% 4416 MHz:   0% 4512 MHz:  67%)
CPU 8 idle residency:  32.98%
CPU 8 down residency:   0.00%
CPU 9 frequency: 4512 MHz
CPU 9 active residency:  38.22% (1260 MHz:   0% 1512 MHz:   0% 1800 MHz:   0% 2088 MHz:   0% 2352 MHz:   0% 2616 MHz:   0% 2868 MHz:   0% 3096 MHz:   0% 3300 MHz:   0% 3468 MHz:   0% 3624 MHz:   0% 3756 MHz:   0% 3828 MHz:   0% 3888 MHz:   0% 3948 MHz:   0% 3996 MHz:   0% 4044 MHz:   0% 4104 MHz:   0% 4416 MHz:   0% 4512 MHz:  38%)
CPU 9 idle residency:  61.78%
CPU 9 down residency:   0.00%

P1-Cluster HW active frequency: 2428 MHz
P1-Cluster HW active residency:   1.33% (1260 MHz: .59% 1512 MHz:   0% 1800 MHz: .31% 2088 MHz:   0% 2352 MHz:   0% 2616 MHz:   0% 2868 MHz:   0% 3096 MHz:   0% 3300 MHz:   0% 3468 MHz:   0% 3624 MHz:   0% 3756 MHz:   0% 3828 MHz:   0% 3888 MHz: .02% 3948 MHz: .04% 3996 MHz:   0% 4044 MHz:   0% 4104 MHz:   0% 4416 MHz: .03% 4512 MHz: .35%)
P1-Cluster idle residency:   1.84%
P1-Cluster down residency:  96.83%
CPU 10 frequency: 0 MHz
CPU 10 active residency:   0.00% (1260 MHz:   0% 1512 MHz:   0% 1800 MHz:   0% 2088 MHz:   0% 2352 MHz:   0% 2616 MHz:   0% 2868 MHz:   0% 3096 MHz:   0% 3300 MHz:   0% 3468 MHz:   0% 3624 MHz:   0% 3756 MHz:   0% 3828 MHz:   0% 3888 MHz:   0% 3948 MHz:   0% 3996 MHz:   0% 4044 MHz:   0% 4104 MHz:   0% 4416 MHz:   0% 4512 MHz:   0%)
CPU 10 idle residency:   3.00%
CPU 10 down residency:  97.00%
CPU 11 frequency: 0 MHz
CPU 11 active residency:   0.00% (1260 MHz:   0% 1512 MHz:   0% 1800 MHz:   0% 2088 MHz:   0% 2352 MHz:   0% 2616 MHz:   0% 2868 MHz:   0% 3096 MHz:   0% 3300 MHz:   0% 3468 MHz:   0% 3624 MHz:   0% 3756 MHz:   0% 3828 MHz:   0% 3888 MHz:   0% 3948 MHz:   0% 3996 MHz:   0% 4044 MHz:   0% 4104 MHz:   0% 4416 MHz:   0% 4512 MHz:   0%)
CPU 11 idle residency:   3.00%
CPU 11 down residency:  97.00%
CPU 12 frequency: 0 MHz
CPU 12 active residency:   0.00% (1260 MHz:   0% 1512 MHz:   0% 1800 MHz:   0% 2088 MHz:   0% 2352 MHz:   0% 2616 MHz:   0% 2868 MHz:   0% 3096 MHz:   0% 3300 MHz:   0% 3468 MHz:   0% 3624 MHz:   0% 3756 MHz:   0% 3828 MHz:   0% 3888 MHz:   0% 3948 MHz:   0% 3996 MHz:   0% 4044 MHz:   0% 4104 MHz:   0% 4416 MHz:   0% 4512 MHz:   0%)
CPU 12 idle residency:   2.81%
CPU 12 down residency:  97.19%
CPU 13 frequency: 0 MHz
CPU 13 active residency:   0.00% (1260 MHz:   0% 1512 MHz:   0% 1800 MHz:   0% 2088 MHz:   0% 2352 MHz:   0% 2616 MHz:   0% 2868 MHz:   0% 3096 MHz:   0% 3300 MHz:   0% 3468 MHz:   0% 3624 MHz:   0% 3756 MHz:   0% 3828 MHz:   0% 3888 MHz:   0% 3948 MHz:   0% 3996 MHz:   0% 4044 MHz:   0% 4104 MHz:   0% 4416 MHz:   0% 4512 MHz:   0%)
CPU 13 idle residency:   3.06%
CPU 13 down residency:  96.94%
CPU 14 frequency: 0 MHz
CPU 14 active residency:   0.00% (1260 MHz:   0% 1512 MHz:   0% 1800 MHz:   0% 2088 MHz:   0% 2352 MHz:   0% 2616 MHz:   0% 2868 MHz:   0% 3096 MHz:   0% 3300 MHz:   0% 3468 MHz:   0% 3624 MHz:   0% 3756 MHz:   0% 3828 MHz:   0% 3888 MHz:   0% 3948 MHz:   0% 3996 MHz:   0% 4044 MHz:   0% 4104 MHz:   0% 4416 MHz:   0% 4512 MHz:   0%)
CPU 14 idle residency:   2.91%
CPU 14 down residency:  97.09%
CPU 15 frequency: 0 MHz
CPU 15 active residency:   0.00% (1260 MHz:   0% 1512 MHz:   0% 1800 MHz:   0% 2088 MHz:   0% 2352 MHz:   0% 2616 MHz:   0% 2868 MHz:   0% 3096 MHz:   0% 3300 MHz:   0% 3468 MHz:   0% 3624 MHz:   0% 3756 MHz:   0% 3828 MHz:   0% 3888 MHz:   0% 3948 MHz:   0% 3996 MHz:   0% 4044 MHz:   0% 4104 MHz:   0% 4416 MHz:   0% 4512 MHz:   0%)
CPU 15 idle residency:   3.06%
CPU 15 down residency:  96.94%

CPU Power: 6813 mW
GPU Power: 21823 mW
ANE Power: 0 mW
Combined Power (CPU + GPU + ANE): 28636 mW

**** GPU usage ****

GPU HW active frequency: 1578 MHz
GPU HW active residency:  99.91% (338 MHz: .02% 618 MHz:   0% 796 MHz:   0% 924 MHz:   0% 952 MHz:   0% 1056 MHz:   0% 1062 MHz:   0% 1182 MHz:   0% 1182 MHz:   0% 1312 MHz:   0% 1242 MHz:   0% 1380 MHz:   0% 1326 MHz:   0% 1470 MHz:   0% 1578 MHz: 100%)
GPU SW requested state: (P1 :   0% P2 :   0% P3 :   0% P4 :   0% P5 :   0% P6 :   0% P7 :   0% P8 :   0% P9 :   0% P10 : 100% P11 :   0% P12 :   0% P13 :   0% P14 :   0% P15 :   0%)
GPU SW state: (SW_P1 : .02% SW_P2 :   0% SW_P3 :   0% SW_P4 :   0% SW_P5 :   0% SW_P6 :   0% SW_P7 :   0% SW_P8 :   0% SW_P9 :   0% SW_P10 : 100% SW_P11 :   0% SW_P12 :   0% SW_P13 :   0% SW_P14 :   0% SW_P15 :   0%)
GPU idle residency:   0.09%
GPU Power: 21824 mW



*** Sampled system activity (Tue Jan 20 15:20:22 2026 +0100) (1020.59ms elapsed) ***


**** Processor usage ****

E-Cluster Online: 100%
E-Cluster HW active frequency: 1275 MHz
E-Cluster HW active residency:  48.17% (1020 MHz:  38% 1404 MHz: 1.1% 1788 MHz: 1.5% 2112 MHz: 2.0% 2352 MHz: 1.7% 2532 MHz: .28% 2592 MHz: 3.8%)
E-Cluster idle residency:  51.83%
E-Cluster down residency:   0.00%
CPU 0 frequency: 1304 MHz
CPU 0 active residency:  22.29% (1020 MHz:  17% 1404 MHz: .65% 1788 MHz: .86% 2112 MHz: 1.1% 2352 MHz: .96% 2532 MHz: .24% 2592 MHz: 1.6%)
CPU 0 idle residency:  77.71%
CPU 0 down residency:   0.00%
CPU 1 frequency: 1435 MHz
CPU 1 active residency:  13.11% (1020 MHz: 8.0% 1404 MHz: .77% 1788 MHz: 1.2% 2112 MHz: 1.2% 2352 MHz: .74% 2532 MHz: .19% 2592 MHz: 1.0%)
CPU 1 idle residency:  86.89%
CPU 1 down residency:   0.00%
CPU 2 frequency: 1416 MHz
CPU 2 active residency:   8.74% (1020 MHz: 5.7% 1404 MHz: .36% 1788 MHz: .57% 2112 MHz: .79% 2352 MHz: .52% 2532 MHz: .10% 2592 MHz: .75%)
CPU 2 idle residency:  91.26%
CPU 2 down residency:   0.00%
CPU 3 frequency: 1668 MHz
CPU 3 active residency:   5.16% (1020 MHz: 2.2% 1404 MHz: .33% 1788 MHz: .67% 2112 MHz: .48% 2352 MHz: .30% 2532 MHz: .07% 2592 MHz: 1.1%)
CPU 3 idle residency:  94.84%
CPU 3 down residency:   0.00%

P0-Cluster Online: 75%
P0-Cluster HW active frequency: 4003 MHz
P0-Cluster HW active residency:  75.71% (1260 MHz:   0% 1512 MHz:   0% 1800 MHz:   0% 2088 MHz:   0% 2352 MHz:   0% 2616 MHz:   0% 2868 MHz:   0% 3096 MHz:   0% 3300 MHz:   0% 3468 MHz:   0% 3624 MHz:   0% 3756 MHz:   0% 3828 MHz:   0% 3888 MHz:  33% 3948 MHz:  21% 3996 MHz: 7.5% 4044 MHz: 2.8% 4104 MHz:   0% 4416 MHz: 5.4% 4512 MHz: 5.3%)
P0-Cluster idle residency:   0.19%
P0-Cluster down residency:  24.10%
CPU 4 frequency: 4512 MHz
CPU 4 active residency:  37.80% (1260 MHz:   0% 1512 MHz:   0% 1800 MHz:   0% 2088 MHz:   0% 2352 MHz:   0% 2616 MHz:   0% 2868 MHz:   0% 3096 MHz:   0% 3300 MHz:   0% 3468 MHz:   0% 3624 MHz:   0% 3756 MHz:   0% 3828 MHz:   0% 3888 MHz:   0% 3948 MHz:   0% 3996 MHz:   0% 4044 MHz:   0% 4104 MHz:   0% 4416 MHz:   0% 4512 MHz:  38%)
CPU 4 idle residency:  37.78%
CPU 4 down residency:  24.41%
CPU 5 frequency: 4512 MHz
CPU 5 active residency:  45.37% (1260 MHz:   0% 1512 MHz:   0% 1800 MHz:   0% 2088 MHz:   0% 2352 MHz:   0% 2616 MHz:   0% 2868 MHz:   0% 3096 MHz:   0% 3300 MHz:   0% 3468 MHz:   0% 3624 MHz:   0% 3756 MHz:   0% 3828 MHz:   0% 3888 MHz:   0% 3948 MHz:   0% 3996 MHz:   0% 4044 MHz:   0% 4104 MHz:   0% 4416 MHz:   0% 4512 MHz:  45%)
CPU 5 idle residency:  28.62%
CPU 5 down residency:  26.01%
CPU 6 frequency: 4512 MHz
CPU 6 active residency:  41.36% (1260 MHz:   0% 1512 MHz:   0% 1800 MHz:   0% 2088 MHz:   0% 2352 MHz:   0% 2616 MHz:   0% 2868 MHz:   0% 3096 MHz:   0% 3300 MHz:   0% 3468 MHz:   0% 3624 MHz:   0% 3756 MHz:   0% 3828 MHz:   0% 3888 MHz:   0% 3948 MHz:   0% 3996 MHz:   0% 4044 MHz:   0% 4104 MHz:   0% 4416 MHz:   0% 4512 MHz:  41%)
CPU 6 idle residency:  31.79%
CPU 6 down residency:  26.84%
CPU 7 frequency: 4512 MHz
CPU 7 active residency:  44.33% (1260 MHz:   0% 1512 MHz:   0% 1800 MHz:   0% 2088 MHz:   0% 2352 MHz:   0% 2616 MHz:   0% 2868 MHz:   0% 3096 MHz:   0% 3300 MHz:   0% 3468 MHz:   0% 3624 MHz:   0% 3756 MHz:   0% 3828 MHz:   0% 3888 MHz:   0% 3948 MHz:   0% 3996 MHz:   0% 4044 MHz:   0% 4104 MHz:   0% 4416 MHz:   0% 4512 MHz:  44%)
CPU 7 idle residency:  28.90%
CPU 7 down residency:  26.78%
CPU 8 frequency: 4512 MHz
CPU 8 active residency:  46.35% (1260 MHz:   0% 1512 MHz:   0% 1800 MHz:   0% 2088 MHz:   0% 2352 MHz:   0% 2616 MHz:   0% 2868 MHz:   0% 3096 MHz:   0% 3300 MHz:   0% 3468 MHz:   0% 3624 MHz:   0% 3756 MHz:   0% 3828 MHz:   0% 3888 MHz:   0% 3948 MHz:   0% 3996 MHz:   0% 4044 MHz:   0% 4104 MHz:   0% 4416 MHz:   0% 4512 MHz:  46%)
CPU 8 idle residency:  26.92%
CPU 8 down residency:  26.74%
CPU 9 frequency: 4512 MHz
CPU 9 active residency:  42.81% (1260 MHz:   0% 1512 MHz:   0% 1800 MHz:   0% 2088 MHz:   0% 2352 MHz:   0% 2616 MHz:   0% 2868 MHz:   0% 3096 MHz:   0% 3300 MHz:   0% 3468 MHz:   0% 3624 MHz:   0% 3756 MHz:   0% 3828 MHz:   0% 3888 MHz:   0% 3948 MHz:   0% 3996 MHz:   0% 4044 MHz:   0% 4104 MHz:   0% 4416 MHz:   0% 4512 MHz:  43%)
CPU 9 idle residency:  31.66%
CPU 9 down residency:  25.53%

P1-Cluster HW active frequency: 3879 MHz
P1-Cluster HW active residency:  30.38% (1260 MHz: 2.6% 1512 MHz:   0% 1800 MHz:   0% 2088 MHz: .30% 2352 MHz:   0% 2616 MHz:   0% 2868 MHz:   0% 3096 MHz:   0% 3300 MHz:   0% 3468 MHz:   0% 3624 MHz:   0% 3756 MHz:   0% 3828 MHz:   0% 3888 MHz: 4.7% 3948 MHz:  11% 3996 MHz: .27% 4044 MHz: 1.0% 4104 MHz:   0% 4416 MHz: 4.0% 4512 MHz: 6.7%)
P1-Cluster idle residency:  16.42%
P1-Cluster down residency:  53.20%
CPU 10 frequency: 4490 MHz
CPU 10 active residency:  15.29% (1260 MHz: .07% 1512 MHz:   0% 1800 MHz: .04% 2088 MHz:   0% 2352 MHz: .00% 2616 MHz:   0% 2868 MHz:   0% 3096 MHz:   0% 3300 MHz:   0% 3468 MHz:   0% 3624 MHz:   0% 3756 MHz:   0% 3828 MHz:   0% 3888 MHz:   0% 3948 MHz:   0% 3996 MHz:   0% 4044 MHz:   0% 4104 MHz:   0% 4416 MHz:   0% 4512 MHz:  15%)
CPU 10 idle residency:  31.83%
CPU 10 down residency:  52.88%
CPU 11 frequency: 4481 MHz
CPU 11 active residency:  12.37% (1260 MHz: .10% 1512 MHz:   0% 1800 MHz: .02% 2088 MHz:   0% 2352 MHz: .00% 2616 MHz:   0% 2868 MHz:   0% 3096 MHz:   0% 3300 MHz:   0% 3468 MHz:   0% 3624 MHz:   0% 3756 MHz:   0% 3828 MHz:   0% 3888 MHz:   0% 3948 MHz:   0% 3996 MHz:   0% 4044 MHz:   0% 4104 MHz:   0% 4416 MHz:   0% 4512 MHz:  12%)
CPU 11 idle residency:  34.72%
CPU 11 down residency:  52.91%
CPU 12 frequency: 4457 MHz
CPU 12 active residency:  13.43% (1260 MHz: .08% 1512 MHz:   0% 1800 MHz: .18% 2088 MHz:   0% 2352 MHz:   0% 2616 MHz:   0% 2868 MHz:   0% 3096 MHz:   0% 3300 MHz:   0% 3468 MHz:   0% 3624 MHz:   0% 3756 MHz:   0% 3828 MHz:   0% 3888 MHz:   0% 3948 MHz:   0% 3996 MHz:   0% 4044 MHz:   0% 4104 MHz:   0% 4416 MHz:   0% 4512 MHz:  13%)
CPU 12 idle residency:  33.75%
CPU 12 down residency:  52.82%
CPU 13 frequency: 4490 MHz
CPU 13 active residency:  11.68% (1260 MHz: .08% 1512 MHz:   0% 1800 MHz: .00% 2088 MHz:   0% 2352 MHz:   0% 2616 MHz:   0% 2868 MHz:   0% 3096 MHz:   0% 3300 MHz:   0% 3468 MHz:   0% 3624 MHz:   0% 3756 MHz:   0% 3828 MHz:   0% 3888 MHz:   0% 3948 MHz:   0% 3996 MHz:   0% 4044 MHz:   0% 4104 MHz:   0% 4416 MHz:   0% 4512 MHz:  12%)
CPU 13 idle residency:  35.39%
CPU 13 down residency:  52.94%
CPU 14 frequency: 4396 MHz
CPU 14 active residency:  10.19% (1260 MHz: .09% 1512 MHz: .04% 1800 MHz: .29% 2088 MHz:   0% 2352 MHz: .00% 2616 MHz:   0% 2868 MHz:   0% 3096 MHz:   0% 3300 MHz:   0% 3468 MHz:   0% 3624 MHz:   0% 3756 MHz:   0% 3828 MHz:   0% 3888 MHz:   0% 3948 MHz:   0% 3996 MHz:   0% 4044 MHz:   0% 4104 MHz:   0% 4416 MHz:   0% 4512 MHz: 9.8%)
CPU 14 idle residency:  37.11%
CPU 14 down residency:  52.69%
CPU 15 frequency: 4451 MHz
CPU 15 active residency:  13.76% (1260 MHz: .08% 1512 MHz:   0% 1800 MHz:   0% 2088 MHz: .24% 2352 MHz:   0% 2616 MHz:   0% 2868 MHz:   0% 3096 MHz:   0% 3300 MHz:   0% 3468 MHz:   0% 3624 MHz:   0% 3756 MHz:   0% 3828 MHz:   0% 3888 MHz:   0% 3948 MHz:   0% 3996 MHz:   0% 4044 MHz:   0% 4104 MHz:   0% 4416 MHz:   0% 4512 MHz:  13%)
CPU 15 idle residency:  33.30%
CPU 15 down residency:  52.94%

CPU Power: 7449 mW
GPU Power: 21674 mW
ANE Power: 0 mW
Combined Power (CPU + GPU + ANE): 29122 mW

**** GPU usage ****

GPU HW active frequency: 1578 MHz
GPU HW active residency: 100.00% (338 MHz:   0% 618 MHz:   0% 796 MHz:   0% 924 MHz:   0% 952 MHz:   0% 1056 MHz:   0% 1062 MHz:   0% 1182 MHz:   0% 1182 MHz:   0% 1312 MHz:   0% 1242 MHz:   0% 1380 MHz:   0% 1326 MHz:   0% 1470 MHz:   0% 1578 MHz: 100%)
GPU SW requested state: (P1 :   0% P2 :   0% P3 :   0% P4 :   0% P5 :   0% P6 :   0% P7 :   0% P8 :   0% P9 :   0% P10 : 100% P11 :   0% P12 :   0% P13 :   0% P14 :   0% P15 :   0%)
GPU SW state: (SW_P1 :   0% SW_P2 :   0% SW_P3 :   0% SW_P4 :   0% SW_P5 :   0% SW_P6 :   0% SW_P7 :   0% SW_P8 :   0% SW_P9 :   0% SW_P10 : 100% SW_P11 :   0% SW_P12 :   0% SW_P13 :   0% SW_P14 :   0% SW_P15 :   0%)
GPU idle residency:   0.00%
GPU Power: 21678 mW



*** Sampled system activity (Tue Jan 20 15:20:23 2026 +0100) (1020.89ms elapsed) ***


**** Processor usage ****

E-Cluster Online: 100%
E-Cluster HW active frequency: 1213 MHz
E-Cluster HW active residency:  47.58% (1020 MHz:  38% 1404 MHz: 2.9% 1788 MHz: .99% 2112 MHz: 1.8% 2352 MHz: 1.5% 2532 MHz: .07% 2592 MHz: 2.1%)
E-Cluster idle residency:  52.42%
E-Cluster down residency:   0.00%
CPU 0 frequency: 1237 MHz
CPU 0 active residency:  20.25% (1020 MHz:  15% 1404 MHz: 1.8% 1788 MHz: .94% 2112 MHz: .90% 2352 MHz: .80% 2532 MHz: .04% 2592 MHz: .56%)
CPU 0 idle residency:  79.75%
CPU 0 down residency:   0.00%
CPU 1 frequency: 1305 MHz
CPU 1 active residency:  11.60% (1020 MHz: 8.7% 1404 MHz: .43% 1788 MHz: .13% 2112 MHz: 1.1% 2352 MHz: .38% 2532 MHz: .00% 2592 MHz: .85%)
CPU 1 idle residency:  88.40%
CPU 1 down residency:   0.00%
CPU 2 frequency: 1269 MHz
CPU 2 active residency:   6.47% (1020 MHz: 5.1% 1404 MHz: .13% 1788 MHz: .07% 2112 MHz: .38% 2352 MHz: .34% 2532 MHz: .01% 2592 MHz: .40%)
CPU 2 idle residency:  93.53%
CPU 2 down residency:   0.00%
CPU 3 frequency: 1220 MHz
CPU 3 active residency:   4.44% (1020 MHz: 3.4% 1404 MHz: .44% 1788 MHz: .05% 2112 MHz: .32% 2352 MHz: .15% 2532 MHz:   0% 2592 MHz: .08%)
CPU 3 idle residency:  95.56%
CPU 3 down residency:   0.00%

P0-Cluster Online: 4%
P0-Cluster HW active frequency: 2263 MHz
P0-Cluster HW active residency:   1.18% (1260 MHz: .79% 1512 MHz:   0% 1800 MHz:   0% 2088 MHz:   0% 2352 MHz:   0% 2616 MHz:   0% 2868 MHz: .04% 3096 MHz:   0% 3300 MHz:   0% 3468 MHz:   0% 3624 MHz:   0% 3756 MHz:   0% 3828 MHz:   0% 3888 MHz: .02% 3948 MHz: .01% 3996 MHz:   0% 4044 MHz:   0% 4104 MHz:   0% 4416 MHz: .01% 4512 MHz: .31%)
P0-Cluster idle residency:   2.31%
P0-Cluster down residency:  96.50%
CPU 4 frequency: 0 MHz
CPU 4 active residency:   0.00% (1260 MHz:   0% 1512 MHz:   0% 1800 MHz:   0% 2088 MHz:   0% 2352 MHz:   0% 2616 MHz:   0% 2868 MHz:   0% 3096 MHz:   0% 3300 MHz:   0% 3468 MHz:   0% 3624 MHz:   0% 3756 MHz:   0% 3828 MHz:   0% 3888 MHz:   0% 3948 MHz:   0% 3996 MHz:   0% 4044 MHz:   0% 4104 MHz:   0% 4416 MHz:   0% 4512 MHz:   0%)
CPU 4 idle residency:   3.35%
CPU 4 down residency:  96.65%
CPU 5 frequency: 0 MHz
CPU 5 active residency:   0.00% (1260 MHz:   0% 1512 MHz:   0% 1800 MHz:   0% 2088 MHz:   0% 2352 MHz:   0% 2616 MHz:   0% 2868 MHz:   0% 3096 MHz:   0% 3300 MHz:   0% 3468 MHz:   0% 3624 MHz:   0% 3756 MHz:   0% 3828 MHz:   0% 3888 MHz:   0% 3948 MHz:   0% 3996 MHz:   0% 4044 MHz:   0% 4104 MHz:   0% 4416 MHz:   0% 4512 MHz:   0%)
CPU 5 idle residency:   3.32%
CPU 5 down residency:  96.68%
CPU 6 frequency: 0 MHz
CPU 6 active residency:   0.00% (1260 MHz:   0% 1512 MHz:   0% 1800 MHz:   0% 2088 MHz:   0% 2352 MHz:   0% 2616 MHz:   0% 2868 MHz:   0% 3096 MHz:   0% 3300 MHz:   0% 3468 MHz:   0% 3624 MHz:   0% 3756 MHz:   0% 3828 MHz:   0% 3888 MHz:   0% 3948 MHz:   0% 3996 MHz:   0% 4044 MHz:   0% 4104 MHz:   0% 4416 MHz:   0% 4512 MHz:   0%)
CPU 6 idle residency:   3.34%
CPU 6 down residency:  96.66%
CPU 7 frequency: 0 MHz
CPU 7 active residency:   0.00% (1260 MHz:   0% 1512 MHz:   0% 1800 MHz:   0% 2088 MHz:   0% 2352 MHz:   0% 2616 MHz:   0% 2868 MHz:   0% 3096 MHz:   0% 3300 MHz:   0% 3468 MHz:   0% 3624 MHz:   0% 3756 MHz:   0% 3828 MHz:   0% 3888 MHz:   0% 3948 MHz:   0% 3996 MHz:   0% 4044 MHz:   0% 4104 MHz:   0% 4416 MHz:   0% 4512 MHz:   0%)
CPU 7 idle residency:   3.35%
CPU 7 down residency:  96.65%
CPU 8 frequency: 0 MHz
CPU 8 active residency:   0.00% (1260 MHz:   0% 1512 MHz:   0% 1800 MHz:   0% 2088 MHz:   0% 2352 MHz:   0% 2616 MHz:   0% 2868 MHz:   0% 3096 MHz:   0% 3300 MHz:   0% 3468 MHz:   0% 3624 MHz:   0% 3756 MHz:   0% 3828 MHz:   0% 3888 MHz:   0% 3948 MHz:   0% 3996 MHz:   0% 4044 MHz:   0% 4104 MHz:   0% 4416 MHz:   0% 4512 MHz:   0%)
CPU 8 idle residency:   3.33%
CPU 8 down residency:  96.67%
CPU 9 frequency: 0 MHz
CPU 9 active residency:   0.00% (1260 MHz:   0% 1512 MHz:   0% 1800 MHz:   0% 2088 MHz:   0% 2352 MHz:   0% 2616 MHz:   0% 2868 MHz:   0% 3096 MHz:   0% 3300 MHz:   0% 3468 MHz:   0% 3624 MHz:   0% 3756 MHz:   0% 3828 MHz:   0% 3888 MHz:   0% 3948 MHz:   0% 3996 MHz:   0% 4044 MHz:   0% 4104 MHz:   0% 4416 MHz:   0% 4512 MHz:   0%)
CPU 9 idle residency:   3.35%
CPU 9 down residency:  96.65%

P1-Cluster HW active frequency: 4016 MHz
P1-Cluster HW active residency:  99.62% (1260 MHz:   0% 1512 MHz:   0% 1800 MHz:   0% 2088 MHz:   0% 2352 MHz:   0% 2616 MHz:   0% 2868 MHz:   0% 3096 MHz:   0% 3300 MHz:   0% 3468 MHz:   0% 3624 MHz:   0% 3756 MHz:   0% 3828 MHz:   0% 3888 MHz:  38% 3948 MHz:  34% 3996 MHz: 7.7% 4044 MHz: 3.8% 4104 MHz:   0% 4416 MHz: 7.3% 4512 MHz: 8.7%)
P1-Cluster idle residency:   0.38%
P1-Cluster down residency:   0.00%
CPU 10 frequency: 4512 MHz
CPU 10 active residency:  71.69% (1260 MHz:   0% 1512 MHz:   0% 1800 MHz:   0% 2088 MHz:   0% 2352 MHz:   0% 2616 MHz:   0% 2868 MHz:   0% 3096 MHz:   0% 3300 MHz:   0% 3468 MHz:   0% 3624 MHz:   0% 3756 MHz:   0% 3828 MHz:   0% 3888 MHz:   0% 3948 MHz:   0% 3996 MHz:   0% 4044 MHz:   0% 4104 MHz:   0% 4416 MHz:   0% 4512 MHz:  72%)
CPU 10 idle residency:  28.31%
CPU 10 down residency:   0.00%
CPU 11 frequency: 4512 MHz
CPU 11 active residency:  60.96% (1260 MHz:   0% 1512 MHz:   0% 1800 MHz:   0% 2088 MHz:   0% 2352 MHz:   0% 2616 MHz:   0% 2868 MHz:   0% 3096 MHz:   0% 3300 MHz:   0% 3468 MHz:   0% 3624 MHz:   0% 3756 MHz:   0% 3828 MHz:   0% 3888 MHz:   0% 3948 MHz:   0% 3996 MHz:   0% 4044 MHz:   0% 4104 MHz:   0% 4416 MHz:   0% 4512 MHz:  61%)
CPU 11 idle residency:  39.04%
CPU 11 down residency:   0.00%
CPU 12 frequency: 4512 MHz
CPU 12 active residency:  56.04% (1260 MHz:   0% 1512 MHz:   0% 1800 MHz:   0% 2088 MHz:   0% 2352 MHz:   0% 2616 MHz:   0% 2868 MHz:   0% 3096 MHz:   0% 3300 MHz:   0% 3468 MHz:   0% 3624 MHz:   0% 3756 MHz:   0% 3828 MHz:   0% 3888 MHz:   0% 3948 MHz:   0% 3996 MHz:   0% 4044 MHz:   0% 4104 MHz:   0% 4416 MHz:   0% 4512 MHz:  56%)
CPU 12 idle residency:  43.96%
CPU 12 down residency:   0.00%
CPU 13 frequency: 4512 MHz
CPU 13 active residency:  56.11% (1260 MHz:   0% 1512 MHz:   0% 1800 MHz:   0% 2088 MHz:   0% 2352 MHz:   0% 2616 MHz:   0% 2868 MHz:   0% 3096 MHz:   0% 3300 MHz:   0% 3468 MHz:   0% 3624 MHz:   0% 3756 MHz:   0% 3828 MHz:   0% 3888 MHz:   0% 3948 MHz:   0% 3996 MHz:   0% 4044 MHz:   0% 4104 MHz:   0% 4416 MHz:   0% 4512 MHz:  56%)
CPU 13 idle residency:  43.89%
CPU 13 down residency:   0.00%
CPU 14 frequency: 4512 MHz
CPU 14 active residency:  56.58% (1260 MHz:   0% 1512 MHz:   0% 1800 MHz:   0% 2088 MHz:   0% 2352 MHz:   0% 2616 MHz:   0% 2868 MHz:   0% 3096 MHz:   0% 3300 MHz:   0% 3468 MHz:   0% 3624 MHz:   0% 3756 MHz:   0% 3828 MHz:   0% 3888 MHz:   0% 3948 MHz:   0% 3996 MHz:   0% 4044 MHz:   0% 4104 MHz:   0% 4416 MHz:   0% 4512 MHz:  57%)
CPU 14 idle residency:  43.42%
CPU 14 down residency:   0.00%
CPU 15 frequency: 4512 MHz
CPU 15 active residency:  52.55% (1260 MHz:   0% 1512 MHz:   0% 1800 MHz:   0% 2088 MHz:   0% 2352 MHz:   0% 2616 MHz:   0% 2868 MHz:   0% 3096 MHz:   0% 3300 MHz:   0% 3468 MHz:   0% 3624 MHz:   0% 3756 MHz:   0% 3828 MHz:   0% 3888 MHz:   0% 3948 MHz:   0% 3996 MHz:   0% 4044 MHz:   0% 4104 MHz:   0% 4416 MHz:   0% 4512 MHz:  53%)
CPU 15 idle residency:  47.45%
CPU 15 down residency:   0.00%

CPU Power: 6775 mW
GPU Power: 21759 mW
ANE Power: 0 mW
Combined Power (CPU + GPU + ANE): 28535 mW

**** GPU usage ****

GPU HW active frequency: 1578 MHz
GPU HW active residency:  99.90% (338 MHz: .02% 618 MHz:   0% 796 MHz:   0% 924 MHz:   0% 952 MHz:   0% 1056 MHz:   0% 1062 MHz:   0% 1182 MHz:   0% 1182 MHz:   0% 1312 MHz:   0% 1242 MHz:   0% 1380 MHz:   0% 1326 MHz:   0% 1470 MHz:   0% 1578 MHz: 100%)
GPU SW requested state: (P1 :   0% P2 :   0% P3 :   0% P4 :   0% P5 :   0% P6 :   0% P7 :   0% P8 :   0% P9 :   0% P10 : 100% P11 :   0% P12 :   0% P13 :   0% P14 :   0% P15 :   0%)
GPU SW state: (SW_P1 : .02% SW_P2 :   0% SW_P3 :   0% SW_P4 :   0% SW_P5 :   0% SW_P6 :   0% SW_P7 :   0% SW_P8 :   0% SW_P9 :   0% SW_P10 : 100% SW_P11 :   0% SW_P12 :   0% SW_P13 :   0% SW_P14 :   0% SW_P15 :   0%)
GPU idle residency:   0.10%
GPU Power: 21757 mW



*** Sampled system activity (Tue Jan 20 15:20:24 2026 +0100) (1021.39ms elapsed) ***


**** Processor usage ****

E-Cluster Online: 100%
E-Cluster HW active frequency: 1232 MHz
E-Cluster HW active residency:  50.56% (1020 MHz:  40% 1404 MHz: 2.1% 1788 MHz: 1.9% 2112 MHz: 1.8% 2352 MHz: 1.4% 2532 MHz: .68% 2592 MHz: 2.3%)
E-Cluster idle residency:  49.44%
E-Cluster down residency:   0.00%
CPU 0 frequency: 1314 MHz
CPU 0 active residency:  20.34% (1020 MHz:  15% 1404 MHz: .74% 1788 MHz: .89% 2112 MHz: 1.1% 2352 MHz: .91% 2532 MHz: .55% 2592 MHz: 1.1%)
CPU 0 idle residency:  79.66%
CPU 0 down residency:   0.00%
CPU 1 frequency: 1287 MHz
CPU 1 active residency:  16.61% (1020 MHz:  12% 1404 MHz: 1.4% 1788 MHz: 1.4% 2112 MHz: .74% 2352 MHz: .57% 2532 MHz: .09% 2592 MHz: .72%)
CPU 1 idle residency:  83.39%
CPU 1 down residency:   0.00%
CPU 2 frequency: 1237 MHz
CPU 2 active residency:   8.40% (1020 MHz: 6.6% 1404 MHz: .54% 1788 MHz: .34% 2112 MHz: .32% 2352 MHz: .04% 2532 MHz: .11% 2592 MHz: .50%)
CPU 2 idle residency:  91.60%
CPU 2 down residency:   0.00%
CPU 3 frequency: 1329 MHz
CPU 3 active residency:   4.72% (1020 MHz: 3.4% 1404 MHz: .26% 1788 MHz: .22% 2112 MHz: .39% 2352 MHz: .03% 2532 MHz: .14% 2592 MHz: .33%)
CPU 3 idle residency:  95.28%
CPU 3 down residency:   0.00%

P0-Cluster Online: 8%
P0-Cluster HW active frequency: 2223 MHz
P0-Cluster HW active residency:   2.07% (1260 MHz: 1.1% 1512 MHz:   0% 1800 MHz: .23% 2088 MHz: .21% 2352 MHz:   0% 2616 MHz:   0% 2868 MHz:   0% 3096 MHz:   0% 3300 MHz:   0% 3468 MHz:   0% 3624 MHz:   0% 3756 MHz:   0% 3828 MHz:   0% 3888 MHz: .03% 3948 MHz: .02% 3996 MHz:   0% 4044 MHz:   0% 4104 MHz:   0% 4416 MHz: .03% 4512 MHz: .45%)
P0-Cluster idle residency:   4.45%
P0-Cluster down residency:  93.48%
CPU 4 frequency: 4437 MHz
CPU 4 active residency:   1.29% (1260 MHz: .01% 1512 MHz:   0% 1800 MHz: .00% 2088 MHz: .02% 2352 MHz:   0% 2616 MHz:   0% 2868 MHz:   0% 3096 MHz:   0% 3300 MHz:   0% 3468 MHz:   0% 3624 MHz:   0% 3756 MHz:   0% 3828 MHz:   0% 3888 MHz:   0% 3948 MHz:   0% 3996 MHz:   0% 4044 MHz:   0% 4104 MHz:   0% 4416 MHz:   0% 4512 MHz: 1.3%)
CPU 4 idle residency:   6.14%
CPU 4 down residency:  92.57%
CPU 5 frequency: 4454 MHz
CPU 5 active residency:   7.02% (1260 MHz: .03% 1512 MHz:   0% 1800 MHz:   0% 2088 MHz: .13% 2352 MHz:   0% 2616 MHz:   0% 2868 MHz: .01% 3096 MHz:   0% 3300 MHz:   0% 3468 MHz:   0% 3624 MHz:   0% 3756 MHz:   0% 3828 MHz:   0% 3888 MHz:   0% 3948 MHz:   0% 3996 MHz:   0% 4044 MHz:   0% 4104 MHz:   0% 4416 MHz:   0% 4512 MHz: 6.9%)
CPU 5 idle residency:   5.66%
CPU 5 down residency:  87.32%
CPU 6 frequency: 4497 MHz
CPU 6 active residency:   9.34% (1260 MHz: .02% 1512 MHz:   0% 1800 MHz: .00% 2088 MHz: .03% 2352 MHz:   0% 2616 MHz:   0% 2868 MHz: .00% 3096 MHz:   0% 3300 MHz:   0% 3468 MHz:   0% 3624 MHz:   0% 3756 MHz:   0% 3828 MHz:   0% 3888 MHz:   0% 3948 MHz:   0% 3996 MHz:   0% 4044 MHz:   0% 4104 MHz:   0% 4416 MHz:   0% 4512 MHz: 9.3%)
CPU 6 idle residency:   5.62%
CPU 6 down residency:  85.03%
CPU 7 frequency: 4441 MHz
CPU 7 active residency:   9.42% (1260 MHz: .03% 1512 MHz:   0% 1800 MHz: .20% 2088 MHz: .02% 2352 MHz:   0% 2616 MHz:   0% 2868 MHz: .00% 3096 MHz:   0% 3300 MHz:   0% 3468 MHz:   0% 3624 MHz:   0% 3756 MHz:   0% 3828 MHz:   0% 3888 MHz:   0% 3948 MHz:   0% 3996 MHz:   0% 4044 MHz:   0% 4104 MHz:   0% 4416 MHz:   0% 4512 MHz: 9.2%)
CPU 7 idle residency:   5.39%
CPU 7 down residency:  85.20%
CPU 8 frequency: 4497 MHz
CPU 8 active residency:   8.93% (1260 MHz: .02% 1512 MHz:   0% 1800 MHz: .00% 2088 MHz: .03% 2352 MHz:   0% 2616 MHz:   0% 2868 MHz:   0% 3096 MHz:   0% 3300 MHz:   0% 3468 MHz:   0% 3624 MHz:   0% 3756 MHz:   0% 3828 MHz:   0% 3888 MHz:   0% 3948 MHz:   0% 3996 MHz:   0% 4044 MHz:   0% 4104 MHz:   0% 4416 MHz:   0% 4512 MHz: 8.9%)
CPU 8 idle residency:   5.67%
CPU 8 down residency:  85.40%
CPU 9 frequency: 4489 MHz
CPU 9 active residency:   5.36% (1260 MHz: .02% 1512 MHz:   0% 1800 MHz: .00% 2088 MHz: .02% 2352 MHz:   0% 2616 MHz:   0% 2868 MHz:   0% 3096 MHz:   0% 3300 MHz:   0% 3468 MHz:   0% 3624 MHz:   0% 3756 MHz:   0% 3828 MHz:   0% 3888 MHz:   0% 3948 MHz:   0% 3996 MHz:   0% 4044 MHz:   0% 4104 MHz:   0% 4416 MHz:   0% 4512 MHz: 5.3%)
CPU 9 idle residency:   5.89%
CPU 9 down residency:  88.75%

P1-Cluster HW active frequency: 4047 MHz
P1-Cluster HW active residency:  99.38% (1260 MHz:   0% 1512 MHz:   0% 1800 MHz:   0% 2088 MHz:   0% 2352 MHz:   0% 2616 MHz:   0% 2868 MHz:   0% 3096 MHz:   0% 3300 MHz:   0% 3468 MHz:   0% 3624 MHz:   0% 3756 MHz:   0% 3828 MHz:   0% 3888 MHz:  38% 3948 MHz:  30% 3996 MHz: 6.2% 4044 MHz: 3.9% 4104 MHz:   0% 4416 MHz: 9.0% 4512 MHz:  13%)
P1-Cluster idle residency:   0.62%
P1-Cluster down residency:   0.00%
CPU 10 frequency: 4512 MHz
CPU 10 active residency:  67.16% (1260 MHz:   0% 1512 MHz:   0% 1800 MHz:   0% 2088 MHz:   0% 2352 MHz:   0% 2616 MHz:   0% 2868 MHz:   0% 3096 MHz:   0% 3300 MHz:   0% 3468 MHz:   0% 3624 MHz:   0% 3756 MHz:   0% 3828 MHz:   0% 3888 MHz:   0% 3948 MHz:   0% 3996 MHz:   0% 4044 MHz:   0% 4104 MHz:   0% 4416 MHz:   0% 4512 MHz:  67%)
CPU 10 idle residency:  32.84%
CPU 10 down residency:   0.00%
CPU 11 frequency: 4512 MHz
CPU 11 active residency:  57.19% (1260 MHz:   0% 1512 MHz:   0% 1800 MHz:   0% 2088 MHz:   0% 2352 MHz:   0% 2616 MHz:   0% 2868 MHz:   0% 3096 MHz:   0% 3300 MHz:   0% 3468 MHz:   0% 3624 MHz:   0% 3756 MHz:   0% 3828 MHz:   0% 3888 MHz:   0% 3948 MHz:   0% 3996 MHz:   0% 4044 MHz:   0% 4104 MHz:   0% 4416 MHz:   0% 4512 MHz:  57%)
CPU 11 idle residency:  42.81%
CPU 11 down residency:   0.00%
CPU 12 frequency: 4512 MHz
CPU 12 active residency:  54.08% (1260 MHz:   0% 1512 MHz:   0% 1800 MHz:   0% 2088 MHz:   0% 2352 MHz:   0% 2616 MHz:   0% 2868 MHz:   0% 3096 MHz:   0% 3300 MHz:   0% 3468 MHz:   0% 3624 MHz:   0% 3756 MHz:   0% 3828 MHz:   0% 3888 MHz:   0% 3948 MHz:   0% 3996 MHz:   0% 4044 MHz:   0% 4104 MHz:   0% 4416 MHz:   0% 4512 MHz:  54%)
CPU 12 idle residency:  45.92%
CPU 12 down residency:   0.00%
CPU 13 frequency: 4512 MHz
CPU 13 active residency:  62.38% (1260 MHz:   0% 1512 MHz:   0% 1800 MHz:   0% 2088 MHz:   0% 2352 MHz:   0% 2616 MHz:   0% 2868 MHz:   0% 3096 MHz:   0% 3300 MHz:   0% 3468 MHz:   0% 3624 MHz:   0% 3756 MHz:   0% 3828 MHz:   0% 3888 MHz:   0% 3948 MHz:   0% 3996 MHz:   0% 4044 MHz:   0% 4104 MHz:   0% 4416 MHz:   0% 4512 MHz:  62%)
CPU 13 idle residency:  37.62%
CPU 13 down residency:   0.00%
CPU 14 frequency: 4512 MHz
CPU 14 active residency:  55.62% (1260 MHz:   0% 1512 MHz:   0% 1800 MHz:   0% 2088 MHz:   0% 2352 MHz:   0% 2616 MHz:   0% 2868 MHz:   0% 3096 MHz:   0% 3300 MHz:   0% 3468 MHz:   0% 3624 MHz:   0% 3756 MHz:   0% 3828 MHz:   0% 3888 MHz:   0% 3948 MHz:   0% 3996 MHz:   0% 4044 MHz:   0% 4104 MHz:   0% 4416 MHz:   0% 4512 MHz:  56%)
CPU 14 idle residency:  44.38%
CPU 14 down residency:   0.00%
CPU 15 frequency: 4512 MHz
CPU 15 active residency:  47.28% (1260 MHz:   0% 1512 MHz:   0% 1800 MHz:   0% 2088 MHz:   0% 2352 MHz:   0% 2616 MHz:   0% 2868 MHz:   0% 3096 MHz:   0% 3300 MHz:   0% 3468 MHz:   0% 3624 MHz:   0% 3756 MHz:   0% 3828 MHz:   0% 3888 MHz:   0% 3948 MHz:   0% 3996 MHz:   0% 4044 MHz:   0% 4104 MHz:   0% 4416 MHz:   0% 4512 MHz:  47%)
CPU 15 idle residency:  52.72%
CPU 15 down residency:   0.00%

CPU Power: 6907 mW
GPU Power: 22075 mW
ANE Power: 0 mW
Combined Power (CPU + GPU + ANE): 28982 mW

**** GPU usage ****

GPU HW active frequency: 1578 MHz
GPU HW active residency: 100.00% (338 MHz:   0% 618 MHz:   0% 796 MHz:   0% 924 MHz:   0% 952 MHz:   0% 1056 MHz:   0% 1062 MHz:   0% 1182 MHz:   0% 1182 MHz:   0% 1312 MHz:   0% 1242 MHz:   0% 1380 MHz:   0% 1326 MHz:   0% 1470 MHz:   0% 1578 MHz: 100%)
GPU SW requested state: (P1 :   0% P2 :   0% P3 :   0% P4 :   0% P5 :   0% P6 :   0% P7 :   0% P8 :   0% P9 :   0% P10 : 100% P11 :   0% P12 :   0% P13 :   0% P14 :   0% P15 :   0%)
GPU SW state: (SW_P1 :   0% SW_P2 :   0% SW_P3 :   0% SW_P4 :   0% SW_P5 :   0% SW_P6 :   0% SW_P7 :   0% SW_P8 :   0% SW_P9 :   0% SW_P10 : 100% SW_P11 :   0% SW_P12 :   0% SW_P13 :   0% SW_P14 :   0% SW_P15 :   0%)
GPU idle residency:   0.00%
GPU Power: 21895 mW



*** Sampled system activity (Tue Jan 20 15:20:25 2026 +0100) (1021.16ms elapsed) ***


**** Processor usage ****

E-Cluster Online: 100%
E-Cluster HW active frequency: 2138 MHz
E-Cluster HW active residency:  78.34% (1020 MHz:  20% 1404 MHz: 1.4% 1788 MHz: 1.3% 2112 MHz: 1.9% 2352 MHz: 1.8% 2532 MHz: .08% 2592 MHz:  52%)
E-Cluster idle residency:  21.66%
E-Cluster down residency:   0.00%
CPU 0 frequency: 2199 MHz
CPU 0 active residency:  51.97% (1020 MHz:  11% 1404 MHz: 1.3% 1788 MHz: 1.1% 2112 MHz: 1.4% 2352 MHz: .92% 2532 MHz: .03% 2592 MHz:  36%)
CPU 0 idle residency:  48.03%
CPU 0 down residency:   0.00%
CPU 1 frequency: 2142 MHz
CPU 1 active residency:  18.30% (1020 MHz: 4.4% 1404 MHz: .43% 1788 MHz: .53% 2112 MHz: .44% 2352 MHz: .81% 2532 MHz: .08% 2592 MHz:  12%)
CPU 1 idle residency:  81.70%
CPU 1 down residency:   0.00%
CPU 2 frequency: 2125 MHz
CPU 2 active residency:  12.89% (1020 MHz: 3.4% 1404 MHz: .36% 1788 MHz: .15% 2112 MHz: .29% 2352 MHz: .24% 2532 MHz: .01% 2592 MHz: 8.5%)
CPU 2 idle residency:  87.11%
CPU 2 down residency:   0.00%
CPU 3 frequency: 2176 MHz
CPU 3 active residency:   8.04% (1020 MHz: 1.7% 1404 MHz: .30% 1788 MHz: .12% 2112 MHz: .31% 2352 MHz: .40% 2532 MHz: .01% 2592 MHz: 5.2%)
CPU 3 idle residency:  91.96%
CPU 3 down residency:   0.00%

P0-Cluster Online: 9%
P0-Cluster HW active frequency: 2153 MHz
P0-Cluster HW active residency:   2.34% (1260 MHz: 1.7% 1512 MHz:   0% 1800 MHz:   0% 2088 MHz:   0% 2352 MHz: .04% 2616 MHz:   0% 2868 MHz:   0% 3096 MHz:   0% 3300 MHz:   0% 3468 MHz:   0% 3624 MHz:   0% 3756 MHz:   0% 3828 MHz:   0% 3888 MHz: .03% 3948 MHz: .01% 3996 MHz:   0% 4044 MHz:   0% 4104 MHz:   0% 4416 MHz: .02% 4512 MHz: .58%)
P0-Cluster idle residency:   4.74%
P0-Cluster down residency:  92.92%
CPU 4 frequency: 4486 MHz
CPU 4 active residency:   0.28% (1260 MHz: .00% 1512 MHz:   0% 1800 MHz:   0% 2088 MHz:   0% 2352 MHz:   0% 2616 MHz:   0% 2868 MHz:   0% 3096 MHz:   0% 3300 MHz:   0% 3468 MHz:   0% 3624 MHz:   0% 3756 MHz:   0% 3828 MHz:   0% 3888 MHz:   0% 3948 MHz:   0% 3996 MHz:   0% 4044 MHz:   0% 4104 MHz:   0% 4416 MHz:   0% 4512 MHz: .28%)
CPU 4 idle residency:   6.79%
CPU 4 down residency:  92.93%
CPU 5 frequency: 4399 MHz
CPU 5 active residency:   0.28% (1260 MHz: .01% 1512 MHz:   0% 1800 MHz:   0% 2088 MHz:   0% 2352 MHz: .00% 2616 MHz:   0% 2868 MHz:   0% 3096 MHz:   0% 3300 MHz:   0% 3468 MHz:   0% 3624 MHz:   0% 3756 MHz:   0% 3828 MHz:   0% 3888 MHz:   0% 3948 MHz:   0% 3996 MHz:   0% 4044 MHz:   0% 4104 MHz:   0% 4416 MHz:   0% 4512 MHz: .27%)
CPU 5 idle residency:   6.77%
CPU 5 down residency:  92.95%
CPU 6 frequency: 4488 MHz
CPU 6 active residency:   0.28% (1260 MHz: .00% 1512 MHz:   0% 1800 MHz:   0% 2088 MHz:   0% 2352 MHz:   0% 2616 MHz:   0% 2868 MHz:   0% 3096 MHz:   0% 3300 MHz:   0% 3468 MHz:   0% 3624 MHz:   0% 3756 MHz:   0% 3828 MHz:   0% 3888 MHz:   0% 3948 MHz:   0% 3996 MHz:   0% 4044 MHz:   0% 4104 MHz:   0% 4416 MHz:   0% 4512 MHz: .27%)
CPU 6 idle residency:   6.80%
CPU 6 down residency:  92.93%
CPU 7 frequency: 4501 MHz
CPU 7 active residency:   0.28% (1260 MHz: .00% 1512 MHz:   0% 1800 MHz:   0% 2088 MHz:   0% 2352 MHz:   0% 2616 MHz:   0% 2868 MHz:   0% 3096 MHz:   0% 3300 MHz:   0% 3468 MHz:   0% 3624 MHz:   0% 3756 MHz:   0% 3828 MHz:   0% 3888 MHz:   0% 3948 MHz:   0% 3996 MHz:   0% 4044 MHz:   0% 4104 MHz:   0% 4416 MHz:   0% 4512 MHz: .28%)
CPU 7 idle residency:   6.80%
CPU 7 down residency:  92.92%
CPU 8 frequency: 4512 MHz
CPU 8 active residency:   0.30% (1260 MHz:   0% 1512 MHz:   0% 1800 MHz:   0% 2088 MHz:   0% 2352 MHz:   0% 2616 MHz:   0% 2868 MHz:   0% 3096 MHz:   0% 3300 MHz:   0% 3468 MHz:   0% 3624 MHz:   0% 3756 MHz:   0% 3828 MHz:   0% 3888 MHz:   0% 3948 MHz:   0% 3996 MHz:   0% 4044 MHz:   0% 4104 MHz:   0% 4416 MHz:   0% 4512 MHz: .30%)
CPU 8 idle residency:   6.78%
CPU 8 down residency:  92.92%
CPU 9 frequency: 4512 MHz
CPU 9 active residency:   0.27% (1260 MHz:   0% 1512 MHz:   0% 1800 MHz:   0% 2088 MHz:   0% 2352 MHz:   0% 2616 MHz:   0% 2868 MHz:   0% 3096 MHz:   0% 3300 MHz:   0% 3468 MHz:   0% 3624 MHz:   0% 3756 MHz:   0% 3828 MHz:   0% 3888 MHz:   0% 3948 MHz:   0% 3996 MHz:   0% 4044 MHz:   0% 4104 MHz:   0% 4416 MHz:   0% 4512 MHz: .27%)
CPU 9 idle residency:   6.81%
CPU 9 down residency:  92.92%

P1-Cluster HW active frequency: 4011 MHz
P1-Cluster HW active residency:  99.71% (1260 MHz:   0% 1512 MHz:   0% 1800 MHz:   0% 2088 MHz:   0% 2352 MHz:   0% 2616 MHz:   0% 2868 MHz:   0% 3096 MHz:   0% 3300 MHz:   0% 3468 MHz:   0% 3624 MHz:   0% 3756 MHz:   0% 3828 MHz:   0% 3888 MHz:  44% 3948 MHz:  28% 3996 MHz: 7.9% 4044 MHz: 4.0% 4104 MHz:   0% 4416 MHz: 7.3% 4512 MHz: 8.5%)
P1-Cluster idle residency:   0.29%
P1-Cluster down residency:   0.00%
CPU 10 frequency: 4512 MHz
CPU 10 active residency:  69.28% (1260 MHz:   0% 1512 MHz:   0% 1800 MHz:   0% 2088 MHz:   0% 2352 MHz:   0% 2616 MHz:   0% 2868 MHz:   0% 3096 MHz:   0% 3300 MHz:   0% 3468 MHz:   0% 3624 MHz:   0% 3756 MHz:   0% 3828 MHz:   0% 3888 MHz:   0% 3948 MHz:   0% 3996 MHz:   0% 4044 MHz:   0% 4104 MHz:   0% 4416 MHz:   0% 4512 MHz:  69%)
CPU 10 idle residency:  30.72%
CPU 10 down residency:   0.00%
CPU 11 frequency: 4512 MHz
CPU 11 active residency:  63.32% (1260 MHz:   0% 1512 MHz:   0% 1800 MHz:   0% 2088 MHz:   0% 2352 MHz:   0% 2616 MHz:   0% 2868 MHz:   0% 3096 MHz:   0% 3300 MHz:   0% 3468 MHz:   0% 3624 MHz:   0% 3756 MHz:   0% 3828 MHz:   0% 3888 MHz:   0% 3948 MHz:   0% 3996 MHz:   0% 4044 MHz:   0% 4104 MHz:   0% 4416 MHz:   0% 4512 MHz:  63%)
CPU 11 idle residency:  36.68%
CPU 11 down residency:   0.00%
CPU 12 frequency: 4512 MHz
CPU 12 active residency:  63.48% (1260 MHz:   0% 1512 MHz:   0% 1800 MHz:   0% 2088 MHz:   0% 2352 MHz:   0% 2616 MHz:   0% 2868 MHz:   0% 3096 MHz:   0% 3300 MHz:   0% 3468 MHz:   0% 3624 MHz:   0% 3756 MHz:   0% 3828 MHz:   0% 3888 MHz:   0% 3948 MHz:   0% 3996 MHz:   0% 4044 MHz:   0% 4104 MHz:   0% 4416 MHz:   0% 4512 MHz:  63%)
CPU 12 idle residency:  36.52%
CPU 12 down residency:   0.00%
CPU 13 frequency: 4512 MHz
CPU 13 active residency:  64.04% (1260 MHz:   0% 1512 MHz:   0% 1800 MHz:   0% 2088 MHz:   0% 2352 MHz:   0% 2616 MHz:   0% 2868 MHz:   0% 3096 MHz:   0% 3300 MHz:   0% 3468 MHz:   0% 3624 MHz:   0% 3756 MHz:   0% 3828 MHz:   0% 3888 MHz:   0% 3948 MHz:   0% 3996 MHz:   0% 4044 MHz:   0% 4104 MHz:   0% 4416 MHz:   0% 4512 MHz:  64%)
CPU 13 idle residency:  35.96%
CPU 13 down residency:   0.00%
CPU 14 frequency: 4512 MHz
CPU 14 active residency:  36.48% (1260 MHz:   0% 1512 MHz:   0% 1800 MHz:   0% 2088 MHz:   0% 2352 MHz:   0% 2616 MHz:   0% 2868 MHz:   0% 3096 MHz:   0% 3300 MHz:   0% 3468 MHz:   0% 3624 MHz:   0% 3756 MHz:   0% 3828 MHz:   0% 3888 MHz:   0% 3948 MHz:   0% 3996 MHz:   0% 4044 MHz:   0% 4104 MHz:   0% 4416 MHz:   0% 4512 MHz:  36%)
CPU 14 idle residency:  63.52%
CPU 14 down residency:   0.00%
CPU 15 frequency: 4512 MHz
CPU 15 active residency:  67.27% (1260 MHz:   0% 1512 MHz:   0% 1800 MHz:   0% 2088 MHz:   0% 2352 MHz:   0% 2616 MHz:   0% 2868 MHz:   0% 3096 MHz:   0% 3300 MHz:   0% 3468 MHz:   0% 3624 MHz:   0% 3756 MHz:   0% 3828 MHz:   0% 3888 MHz:   0% 3948 MHz:   0% 3996 MHz:   0% 4044 MHz:   0% 4104 MHz:   0% 4416 MHz:   0% 4512 MHz:  67%)
CPU 15 idle residency:  32.73%
CPU 15 down residency:   0.00%

CPU Power: 6945 mW
GPU Power: 22003 mW
ANE Power: 0 mW
Combined Power (CPU + GPU + ANE): 28949 mW

**** GPU usage ****

GPU HW active frequency: 1578 MHz
GPU HW active residency: 100.00% (338 MHz:   0% 618 MHz:   0% 796 MHz:   0% 924 MHz:   0% 952 MHz:   0% 1056 MHz:   0% 1062 MHz:   0% 1182 MHz:   0% 1182 MHz:   0% 1312 MHz:   0% 1242 MHz:   0% 1380 MHz:   0% 1326 MHz:   0% 1470 MHz:   0% 1578 MHz: 100%)
GPU SW requested state: (P1 :   0% P2 :   0% P3 :   0% P4 :   0% P5 :   0% P6 :   0% P7 :   0% P8 :   0% P9 :   0% P10 : 100% P11 :   0% P12 :   0% P13 :   0% P14 :   0% P15 :   0%)
GPU SW state: (SW_P1 :   0% SW_P2 :   0% SW_P3 :   0% SW_P4 :   0% SW_P5 :   0% SW_P6 :   0% SW_P7 :   0% SW_P8 :   0% SW_P9 :   0% SW_P10 : 100% SW_P11 :   0% SW_P12 :   0% SW_P13 :   0% SW_P14 :   0% SW_P15 :   0%)
GPU idle residency:   0.00%
GPU Power: 22003 mW



*** Sampled system activity (Tue Jan 20 15:20:26 2026 +0100) (1018.47ms elapsed) ***


**** Processor usage ****

E-Cluster Online: 100%
E-Cluster HW active frequency: 2239 MHz
E-Cluster HW active residency:  81.81% (1020 MHz:  16% 1404 MHz: 1.2% 1788 MHz: 1.5% 2112 MHz: 2.0% 2352 MHz: 1.2% 2532 MHz: .21% 2592 MHz:  60%)
E-Cluster idle residency:  18.19%
E-Cluster down residency:   0.00%
CPU 0 frequency: 2321 MHz
CPU 0 active residency:  50.15% (1020 MHz: 7.0% 1404 MHz: .71% 1788 MHz: 1.1% 2112 MHz: 1.2% 2352 MHz: .81% 2532 MHz: .02% 2592 MHz:  39%)
CPU 0 idle residency:  49.85%
CPU 0 down residency:   0.00%
CPU 1 frequency: 2290 MHz
CPU 1 active residency:  31.08% (1020 MHz: 4.6% 1404 MHz: .45% 1788 MHz: 1.1% 2112 MHz: 1.1% 2352 MHz: .65% 2532 MHz: .02% 2592 MHz:  23%)
CPU 1 idle residency:  68.92%
CPU 1 down residency:   0.00%
CPU 2 frequency: 2224 MHz
CPU 2 active residency:  17.98% (1020 MHz: 3.0% 1404 MHz: .57% 1788 MHz: .83% 2112 MHz: .97% 2352 MHz: .65% 2532 MHz: .03% 2592 MHz:  12%)
CPU 2 idle residency:  82.02%
CPU 2 down residency:   0.00%
CPU 3 frequency: 2303 MHz
CPU 3 active residency:  15.76% (1020 MHz: 1.9% 1404 MHz: .43% 1788 MHz: .78% 2112 MHz: .84% 2352 MHz: .32% 2532 MHz: .21% 2592 MHz:  11%)
CPU 3 idle residency:  84.24%
CPU 3 down residency:   0.00%

P0-Cluster Online: 35%
P0-Cluster HW active frequency: 3894 MHz
P0-Cluster HW active residency:  30.43% (1260 MHz: 1.2% 1512 MHz: .10% 1800 MHz: .34% 2088 MHz:   0% 2352 MHz:   0% 2616 MHz:   0% 2868 MHz:   0% 3096 MHz:   0% 3300 MHz:   0% 3468 MHz:   0% 3624 MHz:   0% 3756 MHz:   0% 3828 MHz: .00% 3888 MHz:  11% 3948 MHz:  12% 3996 MHz: .18% 4044 MHz: .61% 4104 MHz:   0% 4416 MHz: 2.2% 4512 MHz: 3.6%)
P0-Cluster idle residency:   3.33%
P0-Cluster down residency:  66.23%
CPU 4 frequency: 4495 MHz
CPU 4 active residency:  19.40% (1260 MHz: .01% 1512 MHz:   0% 1800 MHz: .12% 2088 MHz:   0% 2352 MHz:   0% 2616 MHz:   0% 2868 MHz:   0% 3096 MHz:   0% 3300 MHz:   0% 3468 MHz:   0% 3624 MHz:   0% 3756 MHz:   0% 3828 MHz:   0% 3888 MHz:   0% 3948 MHz:   0% 3996 MHz:   0% 4044 MHz:   0% 4104 MHz:   0% 4416 MHz:   0% 4512 MHz:  19%)
CPU 4 idle residency:  14.34%
CPU 4 down residency:  66.26%
CPU 5 frequency: 4508 MHz
CPU 5 active residency:  20.15% (1260 MHz: .01% 1512 MHz:   0% 1800 MHz: .02% 2088 MHz:   0% 2352 MHz:   0% 2616 MHz:   0% 2868 MHz:   0% 3096 MHz:   0% 3300 MHz:   0% 3468 MHz:   0% 3624 MHz:   0% 3756 MHz:   0% 3828 MHz:   0% 3888 MHz:   0% 3948 MHz:   0% 3996 MHz:   0% 4044 MHz:   0% 4104 MHz:   0% 4416 MHz:   0% 4512 MHz:  20%)
CPU 5 idle residency:  13.58%
CPU 5 down residency:  66.27%
CPU 6 frequency: 4476 MHz
CPU 6 active residency:  19.00% (1260 MHz: .00% 1512 MHz: .10% 1800 MHz: .14% 2088 MHz:   0% 2352 MHz:   0% 2616 MHz:   0% 2868 MHz:   0% 3096 MHz:   0% 3300 MHz:   0% 3468 MHz:   0% 3624 MHz:   0% 3756 MHz:   0% 3828 MHz:   0% 3888 MHz:   0% 3948 MHz:   0% 3996 MHz:   0% 4044 MHz:   0% 4104 MHz:   0% 4416 MHz:   0% 4512 MHz:  19%)
CPU 6 idle residency:  14.73%
CPU 6 down residency:  66.27%
CPU 7 frequency: 4509 MHz
CPU 7 active residency:  17.32% (1260 MHz: .00% 1512 MHz:   0% 1800 MHz: .02% 2088 MHz:   0% 2352 MHz:   0% 2616 MHz:   0% 2868 MHz:   0% 3096 MHz:   0% 3300 MHz:   0% 3468 MHz:   0% 3624 MHz:   0% 3756 MHz:   0% 3828 MHz:   0% 3888 MHz:   0% 3948 MHz:   0% 3996 MHz:   0% 4044 MHz:   0% 4104 MHz:   0% 4416 MHz:   0% 4512 MHz:  17%)
CPU 7 idle residency:  16.43%
CPU 7 down residency:  66.26%
CPU 8 frequency: 4512 MHz
CPU 8 active residency:  15.76% (1260 MHz:   0% 1512 MHz:   0% 1800 MHz: .00% 2088 MHz:   0% 2352 MHz:   0% 2616 MHz:   0% 2868 MHz:   0% 3096 MHz:   0% 3300 MHz:   0% 3468 MHz:   0% 3624 MHz:   0% 3756 MHz:   0% 3828 MHz:   0% 3888 MHz:   0% 3948 MHz:   0% 3996 MHz:   0% 4044 MHz:   0% 4104 MHz:   0% 4416 MHz:   0% 4512 MHz:  16%)
CPU 8 idle residency:  17.98%
CPU 8 down residency:  66.26%
CPU 9 frequency: 4512 MHz
CPU 9 active residency:  14.95% (1260 MHz:   0% 1512 MHz:   0% 1800 MHz:   0% 2088 MHz:   0% 2352 MHz:   0% 2616 MHz:   0% 2868 MHz:   0% 3096 MHz:   0% 3300 MHz:   0% 3468 MHz:   0% 3624 MHz:   0% 3756 MHz:   0% 3828 MHz:   0% 3888 MHz:   0% 3948 MHz:   0% 3996 MHz:   0% 4044 MHz:   0% 4104 MHz:   0% 4416 MHz:   0% 4512 MHz:  15%)
CPU 9 idle residency:  18.79%
CPU 9 down residency:  66.26%

P1-Cluster HW active frequency: 3964 MHz
P1-Cluster HW active residency:  74.26% (1260 MHz: 1.6% 1512 MHz:   0% 1800 MHz:   0% 2088 MHz: .12% 2352 MHz:   0% 2616 MHz:   0% 2868 MHz:   0% 3096 MHz:   0% 3300 MHz:   0% 3468 MHz:   0% 3624 MHz:   0% 3756 MHz:   0% 3828 MHz:   0% 3888 MHz:  31% 3948 MHz:  19% 3996 MHz: 6.5% 4044 MHz: 2.8% 4104 MHz:   0% 4416 MHz: 6.0% 4512 MHz: 7.3%)
P1-Cluster idle residency:   2.18%
P1-Cluster down residency:  23.55%
CPU 10 frequency: 4512 MHz
CPU 10 active residency:  42.81% (1260 MHz:   0% 1512 MHz:   0% 1800 MHz:   0% 2088 MHz:   0% 2352 MHz:   0% 2616 MHz:   0% 2868 MHz:   0% 3096 MHz:   0% 3300 MHz:   0% 3468 MHz:   0% 3624 MHz:   0% 3756 MHz:   0% 3828 MHz:   0% 3888 MHz:   0% 3948 MHz:   0% 3996 MHz:   0% 4044 MHz:   0% 4104 MHz:   0% 4416 MHz:   0% 4512 MHz:  43%)
CPU 10 idle residency:  30.19%
CPU 10 down residency:  27.00%
CPU 11 frequency: 4512 MHz
CPU 11 active residency:  37.54% (1260 MHz:   0% 1512 MHz:   0% 1800 MHz:   0% 2088 MHz:   0% 2352 MHz:   0% 2616 MHz:   0% 2868 MHz:   0% 3096 MHz:   0% 3300 MHz:   0% 3468 MHz:   0% 3624 MHz:   0% 3756 MHz:   0% 3828 MHz:   0% 3888 MHz:   0% 3948 MHz:   0% 3996 MHz:   0% 4044 MHz:   0% 4104 MHz:   0% 4416 MHz:   0% 4512 MHz:  38%)
CPU 11 idle residency:  37.31%
CPU 11 down residency:  25.15%
CPU 12 frequency: 4512 MHz
CPU 12 active residency:  38.63% (1260 MHz:   0% 1512 MHz:   0% 1800 MHz:   0% 2088 MHz:   0% 2352 MHz:   0% 2616 MHz:   0% 2868 MHz:   0% 3096 MHz:   0% 3300 MHz:   0% 3468 MHz:   0% 3624 MHz:   0% 3756 MHz:   0% 3828 MHz:   0% 3888 MHz:   0% 3948 MHz:   0% 3996 MHz:   0% 4044 MHz:   0% 4104 MHz:   0% 4416 MHz:   0% 4512 MHz:  39%)
CPU 12 idle residency:  34.26%
CPU 12 down residency:  27.11%
CPU 13 frequency: 4512 MHz
CPU 13 active residency:  34.31% (1260 MHz:   0% 1512 MHz:   0% 1800 MHz:   0% 2088 MHz:   0% 2352 MHz:   0% 2616 MHz:   0% 2868 MHz:   0% 3096 MHz:   0% 3300 MHz:   0% 3468 MHz:   0% 3624 MHz:   0% 3756 MHz:   0% 3828 MHz:   0% 3888 MHz:   0% 3948 MHz:   0% 3996 MHz:   0% 4044 MHz:   0% 4104 MHz:   0% 4416 MHz:   0% 4512 MHz:  34%)
CPU 13 idle residency:  39.34%
CPU 13 down residency:  26.35%
CPU 14 frequency: 4512 MHz
CPU 14 active residency:  32.07% (1260 MHz:   0% 1512 MHz:   0% 1800 MHz:   0% 2088 MHz:   0% 2352 MHz:   0% 2616 MHz:   0% 2868 MHz:   0% 3096 MHz:   0% 3300 MHz:   0% 3468 MHz:   0% 3624 MHz:   0% 3756 MHz:   0% 3828 MHz:   0% 3888 MHz:   0% 3948 MHz:   0% 3996 MHz:   0% 4044 MHz:   0% 4104 MHz:   0% 4416 MHz:   0% 4512 MHz:  32%)
CPU 14 idle residency:  44.22%
CPU 14 down residency:  23.71%
CPU 15 frequency: 4512 MHz
CPU 15 active residency:  40.93% (1260 MHz:   0% 1512 MHz:   0% 1800 MHz:   0% 2088 MHz:   0% 2352 MHz:   0% 2616 MHz:   0% 2868 MHz:   0% 3096 MHz:   0% 3300 MHz:   0% 3468 MHz:   0% 3624 MHz:   0% 3756 MHz:   0% 3828 MHz:   0% 3888 MHz:   0% 3948 MHz:   0% 3996 MHz:   0% 4044 MHz:   0% 4104 MHz:   0% 4416 MHz:   0% 4512 MHz:  41%)
CPU 15 idle residency:  32.28%
CPU 15 down residency:  26.79%

CPU Power: 7409 mW
GPU Power: 21888 mW
ANE Power: 0 mW
Combined Power (CPU + GPU + ANE): 29297 mW

**** GPU usage ****

GPU HW active frequency: 1578 MHz
GPU HW active residency:  99.98% (338 MHz: .01% 618 MHz:   0% 796 MHz:   0% 924 MHz:   0% 952 MHz:   0% 1056 MHz:   0% 1062 MHz:   0% 1182 MHz:   0% 1182 MHz:   0% 1312 MHz:   0% 1242 MHz:   0% 1380 MHz:   0% 1326 MHz:   0% 1470 MHz:   0% 1578 MHz: 100%)
GPU SW requested state: (P1 :   0% P2 :   0% P3 :   0% P4 :   0% P5 :   0% P6 :   0% P7 :   0% P8 :   0% P9 :   0% P10 : 100% P11 :   0% P12 :   0% P13 :   0% P14 :   0% P15 :   0%)
GPU SW state: (SW_P1 : .01% SW_P2 :   0% SW_P3 :   0% SW_P4 :   0% SW_P5 :   0% SW_P6 :   0% SW_P7 :   0% SW_P8 :   0% SW_P9 :   0% SW_P10 : 100% SW_P11 :   0% SW_P12 :   0% SW_P13 :   0% SW_P14 :   0% SW_P15 :   0%)
GPU idle residency:   0.02%
GPU Power: 22070 mW



*** Sampled system activity (Tue Jan 20 15:20:27 2026 +0100) (1021.11ms elapsed) ***


**** Processor usage ****

E-Cluster Online: 100%
E-Cluster HW active frequency: 1228 MHz
E-Cluster HW active residency:  47.43% (1020 MHz:  38% 1404 MHz: 2.2% 1788 MHz: 1.5% 2112 MHz: 2.2% 2352 MHz: 1.6% 2532 MHz:   0% 2592 MHz: 2.1%)
E-Cluster idle residency:  52.57%
E-Cluster down residency:   0.00%
CPU 0 frequency: 1261 MHz
CPU 0 active residency:  20.99% (1020 MHz:  15% 1404 MHz: 1.5% 1788 MHz: 1.3% 2112 MHz: 1.7% 2352 MHz: .42% 2532 MHz:   0% 2592 MHz: .69%)
CPU 0 idle residency:  79.01%
CPU 0 down residency:   0.00%
CPU 1 frequency: 1293 MHz
CPU 1 active residency:  12.98% (1020 MHz: 9.0% 1404 MHz: 1.5% 1788 MHz: .26% 2112 MHz: 1.1% 2352 MHz: .70% 2532 MHz:   0% 2592 MHz: .43%)
CPU 1 idle residency:  87.02%
CPU 1 down residency:   0.00%
CPU 2 frequency: 1421 MHz
CPU 2 active residency:   8.14% (1020 MHz: 5.1% 1404 MHz: .50% 1788 MHz: .56% 2112 MHz: .65% 2352 MHz: .80% 2532 MHz:   0% 2592 MHz: .55%)
CPU 2 idle residency:  91.86%
CPU 2 down residency:   0.00%
CPU 3 frequency: 1285 MHz
CPU 3 active residency:   5.70% (1020 MHz: 4.2% 1404 MHz: .25% 1788 MHz: .19% 2112 MHz: .63% 2352 MHz: .27% 2532 MHz:   0% 2592 MHz: .14%)
CPU 3 idle residency:  94.30%
CPU 3 down residency:   0.00%

P0-Cluster Online: 100%
P0-Cluster HW active frequency: 4027 MHz
P0-Cluster HW active residency:  99.46% (1260 MHz:   0% 1512 MHz:   0% 1800 MHz:   0% 2088 MHz:   0% 2352 MHz: .00% 2616 MHz:   0% 2868 MHz:   0% 3096 MHz:   0% 3300 MHz:   0% 3468 MHz:   0% 3624 MHz:   0% 3756 MHz:   0% 3828 MHz:   0% 3888 MHz:  43% 3948 MHz:  29% 3996 MHz: 5.7% 4044 MHz: 3.1% 4104 MHz:   0% 4416 MHz: 8.1% 4512 MHz:  11%)
P0-Cluster idle residency:   0.54%
P0-Cluster down residency:   0.00%
CPU 4 frequency: 4512 MHz
CPU 4 active residency:  69.07% (1260 MHz:   0% 1512 MHz:   0% 1800 MHz:   0% 2088 MHz:   0% 2352 MHz: .00% 2616 MHz:   0% 2868 MHz:   0% 3096 MHz:   0% 3300 MHz:   0% 3468 MHz:   0% 3624 MHz:   0% 3756 MHz:   0% 3828 MHz:   0% 3888 MHz:   0% 3948 MHz:   0% 3996 MHz:   0% 4044 MHz:   0% 4104 MHz:   0% 4416 MHz:   0% 4512 MHz:  69%)
CPU 4 idle residency:  30.93%
CPU 4 down residency:   0.00%
CPU 5 frequency: 4512 MHz
CPU 5 active residency:  57.66% (1260 MHz:   0% 1512 MHz:   0% 1800 MHz:   0% 2088 MHz:   0% 2352 MHz: .00% 2616 MHz:   0% 2868 MHz:   0% 3096 MHz:   0% 3300 MHz:   0% 3468 MHz:   0% 3624 MHz:   0% 3756 MHz:   0% 3828 MHz:   0% 3888 MHz:   0% 3948 MHz:   0% 3996 MHz:   0% 4044 MHz:   0% 4104 MHz:   0% 4416 MHz:   0% 4512 MHz:  58%)
CPU 5 idle residency:  42.34%
CPU 5 down residency:   0.00%
CPU 6 frequency: 4512 MHz
CPU 6 active residency:  66.20% (1260 MHz:   0% 1512 MHz:   0% 1800 MHz:   0% 2088 MHz:   0% 2352 MHz: .00% 2616 MHz:   0% 2868 MHz:   0% 3096 MHz:   0% 3300 MHz:   0% 3468 MHz:   0% 3624 MHz:   0% 3756 MHz:   0% 3828 MHz:   0% 3888 MHz:   0% 3948 MHz:   0% 3996 MHz:   0% 4044 MHz:   0% 4104 MHz:   0% 4416 MHz:   0% 4512 MHz:  66%)
CPU 6 idle residency:  33.80%
CPU 6 down residency:   0.00%
CPU 7 frequency: 4512 MHz
CPU 7 active residency:  43.58% (1260 MHz:   0% 1512 MHz:   0% 1800 MHz:   0% 2088 MHz:   0% 2352 MHz:   0% 2616 MHz:   0% 2868 MHz:   0% 3096 MHz:   0% 3300 MHz:   0% 3468 MHz:   0% 3624 MHz:   0% 3756 MHz:   0% 3828 MHz:   0% 3888 MHz:   0% 3948 MHz:   0% 3996 MHz:   0% 4044 MHz:   0% 4104 MHz:   0% 4416 MHz:   0% 4512 MHz:  44%)
CPU 7 idle residency:  56.42%
CPU 7 down residency:   0.00%
CPU 8 frequency: 4512 MHz
CPU 8 active residency:  67.51% (1260 MHz:   0% 1512 MHz:   0% 1800 MHz:   0% 2088 MHz:   0% 2352 MHz: .00% 2616 MHz:   0% 2868 MHz:   0% 3096 MHz:   0% 3300 MHz:   0% 3468 MHz:   0% 3624 MHz:   0% 3756 MHz:   0% 3828 MHz:   0% 3888 MHz:   0% 3948 MHz:   0% 3996 MHz:   0% 4044 MHz:   0% 4104 MHz:   0% 4416 MHz:   0% 4512 MHz:  68%)
CPU 8 idle residency:  32.49%
CPU 8 down residency:   0.00%
CPU 9 frequency: 4512 MHz
CPU 9 active residency:  56.45% (1260 MHz:   0% 1512 MHz:   0% 1800 MHz:   0% 2088 MHz:   0% 2352 MHz: .00% 2616 MHz:   0% 2868 MHz:   0% 3096 MHz:   0% 3300 MHz:   0% 3468 MHz:   0% 3624 MHz:   0% 3756 MHz:   0% 3828 MHz:   0% 3888 MHz:   0% 3948 MHz:   0% 3996 MHz:   0% 4044 MHz:   0% 4104 MHz:   0% 4416 MHz:   0% 4512 MHz:  56%)
CPU 9 idle residency:  43.55%
CPU 9 down residency:   0.00%

P1-Cluster HW active frequency: 3394 MHz
P1-Cluster HW active residency:   5.01% (1260 MHz: 1.3% 1512 MHz:   0% 1800 MHz: .06% 2088 MHz:   0% 2352 MHz:   0% 2616 MHz:   0% 2868 MHz:   0% 3096 MHz: .04% 3300 MHz:   0% 3468 MHz:   0% 3624 MHz:   0% 3756 MHz:   0% 3828 MHz:   0% 3888 MHz: .15% 3948 MHz: .20% 3996 MHz: .29% 4044 MHz: 1.4% 4104 MHz:   0% 4416 MHz: .29% 4512 MHz: 1.3%)
P1-Cluster idle residency:   2.85%
P1-Cluster down residency:  92.15%
CPU 10 frequency: 0 MHz
CPU 10 active residency:   0.00% (1260 MHz:   0% 1512 MHz:   0% 1800 MHz:   0% 2088 MHz:   0% 2352 MHz:   0% 2616 MHz:   0% 2868 MHz:   0% 3096 MHz:   0% 3300 MHz:   0% 3468 MHz:   0% 3624 MHz:   0% 3756 MHz:   0% 3828 MHz:   0% 3888 MHz:   0% 3948 MHz:   0% 3996 MHz:   0% 4044 MHz:   0% 4104 MHz:   0% 4416 MHz:   0% 4512 MHz:   0%)
CPU 10 idle residency:   6.70%
CPU 10 down residency:  93.30%
CPU 11 frequency: 0 MHz
CPU 11 active residency:   0.00% (1260 MHz:   0% 1512 MHz:   0% 1800 MHz:   0% 2088 MHz:   0% 2352 MHz:   0% 2616 MHz:   0% 2868 MHz:   0% 3096 MHz:   0% 3300 MHz:   0% 3468 MHz:   0% 3624 MHz:   0% 3756 MHz:   0% 3828 MHz:   0% 3888 MHz:   0% 3948 MHz:   0% 3996 MHz:   0% 4044 MHz:   0% 4104 MHz:   0% 4416 MHz:   0% 4512 MHz:   0%)
CPU 11 idle residency:   6.64%
CPU 11 down residency:  93.36%
CPU 12 frequency: 0 MHz
CPU 12 active residency:   0.00% (1260 MHz:   0% 1512 MHz:   0% 1800 MHz:   0% 2088 MHz:   0% 2352 MHz:   0% 2616 MHz:   0% 2868 MHz:   0% 3096 MHz:   0% 3300 MHz:   0% 3468 MHz:   0% 3624 MHz:   0% 3756 MHz:   0% 3828 MHz:   0% 3888 MHz:   0% 3948 MHz:   0% 3996 MHz:   0% 4044 MHz:   0% 4104 MHz:   0% 4416 MHz:   0% 4512 MHz:   0%)
CPU 12 idle residency:   7.48%
CPU 12 down residency:  92.52%
CPU 13 frequency: 0 MHz
CPU 13 active residency:   0.00% (1260 MHz:   0% 1512 MHz:   0% 1800 MHz:   0% 2088 MHz:   0% 2352 MHz:   0% 2616 MHz:   0% 2868 MHz:   0% 3096 MHz:   0% 3300 MHz:   0% 3468 MHz:   0% 3624 MHz:   0% 3756 MHz:   0% 3828 MHz:   0% 3888 MHz:   0% 3948 MHz:   0% 3996 MHz:   0% 4044 MHz:   0% 4104 MHz:   0% 4416 MHz:   0% 4512 MHz:   0%)
CPU 13 idle residency:   7.49%
CPU 13 down residency:  92.51%
CPU 14 frequency: 0 MHz
CPU 14 active residency:   0.00% (1260 MHz:   0% 1512 MHz:   0% 1800 MHz:   0% 2088 MHz:   0% 2352 MHz:   0% 2616 MHz:   0% 2868 MHz:   0% 3096 MHz:   0% 3300 MHz:   0% 3468 MHz:   0% 3624 MHz:   0% 3756 MHz:   0% 3828 MHz:   0% 3888 MHz:   0% 3948 MHz:   0% 3996 MHz:   0% 4044 MHz:   0% 4104 MHz:   0% 4416 MHz:   0% 4512 MHz:   0%)
CPU 14 idle residency:   7.49%
CPU 14 down residency:  92.51%
CPU 15 frequency: 0 MHz
CPU 15 active residency:   0.00% (1260 MHz:   0% 1512 MHz:   0% 1800 MHz:   0% 2088 MHz:   0% 2352 MHz:   0% 2616 MHz:   0% 2868 MHz:   0% 3096 MHz:   0% 3300 MHz:   0% 3468 MHz:   0% 3624 MHz:   0% 3756 MHz:   0% 3828 MHz:   0% 3888 MHz:   0% 3948 MHz:   0% 3996 MHz:   0% 4044 MHz:   0% 4104 MHz:   0% 4416 MHz:   0% 4512 MHz:   0%)
CPU 15 idle residency:   5.34%
CPU 15 down residency:  94.66%

CPU Power: 7196 mW
GPU Power: 22277 mW
ANE Power: 0 mW
Combined Power (CPU + GPU + ANE): 29473 mW

**** GPU usage ****

GPU HW active frequency: 1578 MHz
GPU HW active residency: 100.00% (338 MHz:   0% 618 MHz:   0% 796 MHz:   0% 924 MHz:   0% 952 MHz:   0% 1056 MHz:   0% 1062 MHz:   0% 1182 MHz:   0% 1182 MHz:   0% 1312 MHz:   0% 1242 MHz:   0% 1380 MHz:   0% 1326 MHz:   0% 1470 MHz:   0% 1578 MHz: 100%)
GPU SW requested state: (P1 :   0% P2 :   0% P3 :   0% P4 :   0% P5 :   0% P6 :   0% P7 :   0% P8 :   0% P9 :   0% P10 : 100% P11 :   0% P12 :   0% P13 :   0% P14 :   0% P15 :   0%)
GPU SW state: (SW_P1 :   0% SW_P2 :   0% SW_P3 :   0% SW_P4 :   0% SW_P5 :   0% SW_P6 :   0% SW_P7 :   0% SW_P8 :   0% SW_P9 :   0% SW_P10 : 100% SW_P11 :   0% SW_P12 :   0% SW_P13 :   0% SW_P14 :   0% SW_P15 :   0%)
GPU idle residency:   0.00%
GPU Power: 22274 mW



*** Sampled system activity (Tue Jan 20 15:20:28 2026 +0100) (1021.20ms elapsed) ***


**** Processor usage ****

E-Cluster Online: 100%
E-Cluster HW active frequency: 1369 MHz
E-Cluster HW active residency:  60.12% (1020 MHz:  40% 1404 MHz: 5.6% 1788 MHz: 2.4% 2112 MHz: 3.0% 2352 MHz: 2.1% 2532 MHz: .21% 2592 MHz: 6.7%)
E-Cluster idle residency:  39.88%
E-Cluster down residency:   0.00%
CPU 0 frequency: 1478 MHz
CPU 0 active residency:  31.10% (1020 MHz:  17% 1404 MHz: 4.1% 1788 MHz: 2.1% 2112 MHz: 2.4% 2352 MHz: .86% 2532 MHz: .02% 2592 MHz: 4.6%)
CPU 0 idle residency:  68.90%
CPU 0 down residency:   0.00%
CPU 1 frequency: 1557 MHz
CPU 1 active residency:  18.20% (1020 MHz: 9.8% 1404 MHz: 1.6% 1788 MHz: .89% 2112 MHz: 1.3% 2352 MHz: .99% 2532 MHz: .01% 2592 MHz: 3.6%)
CPU 1 idle residency:  81.80%
CPU 1 down residency:   0.00%
CPU 2 frequency: 1662 MHz
CPU 2 active residency:  12.93% (1020 MHz: 5.9% 1404 MHz: 1.3% 1788 MHz: .69% 2112 MHz: 1.1% 2352 MHz: .25% 2532 MHz: .21% 2592 MHz: 3.4%)
CPU 2 idle residency:  87.07%
CPU 2 down residency:   0.00%
CPU 3 frequency: 1711 MHz
CPU 3 active residency:   9.86% (1020 MHz: 4.5% 1404 MHz: .67% 1788 MHz: .24% 2112 MHz: .78% 2352 MHz: .88% 2532 MHz: .02% 2592 MHz: 2.7%)
CPU 3 idle residency:  90.14%
CPU 3 down residency:   0.00%

P0-Cluster Online: 100%
P0-Cluster HW active frequency: 4046 MHz
P0-Cluster HW active residency:  99.49% (1260 MHz:   0% 1512 MHz:   0% 1800 MHz: .03% 2088 MHz:   0% 2352 MHz:   0% 2616 MHz:   0% 2868 MHz:   0% 3096 MHz:   0% 3300 MHz:   0% 3468 MHz:   0% 3624 MHz:   0% 3756 MHz:   0% 3828 MHz:   0% 3888 MHz:  39% 3948 MHz:  27% 3996 MHz: 7.4% 4044 MHz: 3.7% 4104 MHz:   0% 4416 MHz:  10% 4512 MHz:  12%)
P0-Cluster idle residency:   0.51%
P0-Cluster down residency:   0.00%
CPU 4 frequency: 4511 MHz
CPU 4 active residency:  68.04% (1260 MHz:   0% 1512 MHz:   0% 1800 MHz: .03% 2088 MHz:   0% 2352 MHz:   0% 2616 MHz:   0% 2868 MHz:   0% 3096 MHz:   0% 3300 MHz:   0% 3468 MHz:   0% 3624 MHz:   0% 3756 MHz:   0% 3828 MHz:   0% 3888 MHz:   0% 3948 MHz:   0% 3996 MHz:   0% 4044 MHz:   0% 4104 MHz:   0% 4416 MHz:   0% 4512 MHz:  68%)
CPU 4 idle residency:  31.96%
CPU 4 down residency:   0.00%
CPU 5 frequency: 4511 MHz
CPU 5 active residency:  59.78% (1260 MHz:   0% 1512 MHz:   0% 1800 MHz: .02% 2088 MHz:   0% 2352 MHz:   0% 2616 MHz:   0% 2868 MHz:   0% 3096 MHz:   0% 3300 MHz:   0% 3468 MHz:   0% 3624 MHz:   0% 3756 MHz:   0% 3828 MHz:   0% 3888 MHz:   0% 3948 MHz:   0% 3996 MHz:   0% 4044 MHz:   0% 4104 MHz:   0% 4416 MHz:   0% 4512 MHz:  60%)
CPU 5 idle residency:  40.22%
CPU 5 down residency:   0.00%
CPU 6 frequency: 4511 MHz
CPU 6 active residency:  48.75% (1260 MHz:   0% 1512 MHz:   0% 1800 MHz: .02% 2088 MHz:   0% 2352 MHz:   0% 2616 MHz:   0% 2868 MHz:   0% 3096 MHz:   0% 3300 MHz:   0% 3468 MHz:   0% 3624 MHz:   0% 3756 MHz:   0% 3828 MHz:   0% 3888 MHz:   0% 3948 MHz:   0% 3996 MHz:   0% 4044 MHz:   0% 4104 MHz:   0% 4416 MHz:   0% 4512 MHz:  49%)
CPU 6 idle residency:  51.25%
CPU 6 down residency:   0.00%
CPU 7 frequency: 4512 MHz
CPU 7 active residency:  58.58% (1260 MHz:   0% 1512 MHz:   0% 1800 MHz: .02% 2088 MHz:   0% 2352 MHz:   0% 2616 MHz:   0% 2868 MHz:   0% 3096 MHz:   0% 3300 MHz:   0% 3468 MHz:   0% 3624 MHz:   0% 3756 MHz:   0% 3828 MHz:   0% 3888 MHz:   0% 3948 MHz:   0% 3996 MHz:   0% 4044 MHz:   0% 4104 MHz:   0% 4416 MHz:   0% 4512 MHz:  59%)
CPU 7 idle residency:  41.42%
CPU 7 down residency:   0.00%
CPU 8 frequency: 4512 MHz
CPU 8 active residency:  61.99% (1260 MHz:   0% 1512 MHz:   0% 1800 MHz: .01% 2088 MHz:   0% 2352 MHz:   0% 2616 MHz:   0% 2868 MHz:   0% 3096 MHz:   0% 3300 MHz:   0% 3468 MHz:   0% 3624 MHz:   0% 3756 MHz:   0% 3828 MHz:   0% 3888 MHz:   0% 3948 MHz:   0% 3996 MHz:   0% 4044 MHz:   0% 4104 MHz:   0% 4416 MHz:   0% 4512 MHz:  62%)
CPU 8 idle residency:  38.01%
CPU 8 down residency:   0.00%
CPU 9 frequency: 4511 MHz
CPU 9 active residency:  46.18% (1260 MHz:   0% 1512 MHz:   0% 1800 MHz: .02% 2088 MHz:   0% 2352 MHz:   0% 2616 MHz:   0% 2868 MHz:   0% 3096 MHz:   0% 3300 MHz:   0% 3468 MHz:   0% 3624 MHz:   0% 3756 MHz:   0% 3828 MHz:   0% 3888 MHz:   0% 3948 MHz:   0% 3996 MHz:   0% 4044 MHz:   0% 4104 MHz:   0% 4416 MHz:   0% 4512 MHz:  46%)
CPU 9 idle residency:  53.82%
CPU 9 down residency:   0.00%

P1-Cluster HW active frequency: 2461 MHz
P1-Cluster HW active residency:   4.42% (1260 MHz: 2.6% 1512 MHz:   0% 1800 MHz: .01% 2088 MHz:   0% 2352 MHz: .11% 2616 MHz:   0% 2868 MHz:   0% 3096 MHz:   0% 3300 MHz:   0% 3468 MHz:   0% 3624 MHz:   0% 3756 MHz:   0% 3828 MHz:   0% 3888 MHz: .06% 3948 MHz: .04% 3996 MHz: .00% 4044 MHz: .30% 4104 MHz:   0% 4416 MHz: .15% 4512 MHz: 1.1%)
P1-Cluster idle residency:   6.76%
P1-Cluster down residency:  88.82%
CPU 10 frequency: 0 MHz
CPU 10 active residency:   0.00% (1260 MHz:   0% 1512 MHz:   0% 1800 MHz:   0% 2088 MHz:   0% 2352 MHz:   0% 2616 MHz:   0% 2868 MHz:   0% 3096 MHz:   0% 3300 MHz:   0% 3468 MHz:   0% 3624 MHz:   0% 3756 MHz:   0% 3828 MHz:   0% 3888 MHz:   0% 3948 MHz:   0% 3996 MHz:   0% 4044 MHz:   0% 4104 MHz:   0% 4416 MHz:   0% 4512 MHz:   0%)
CPU 10 idle residency:  10.67%
CPU 10 down residency:  89.33%
CPU 11 frequency: 0 MHz
CPU 11 active residency:   0.00% (1260 MHz:   0% 1512 MHz:   0% 1800 MHz:   0% 2088 MHz:   0% 2352 MHz:   0% 2616 MHz:   0% 2868 MHz:   0% 3096 MHz:   0% 3300 MHz:   0% 3468 MHz:   0% 3624 MHz:   0% 3756 MHz:   0% 3828 MHz:   0% 3888 MHz:   0% 3948 MHz:   0% 3996 MHz:   0% 4044 MHz:   0% 4104 MHz:   0% 4416 MHz:   0% 4512 MHz:   0%)
CPU 11 idle residency:  10.58%
CPU 11 down residency:  89.42%
CPU 12 frequency: 0 MHz
CPU 12 active residency:   0.00% (1260 MHz:   0% 1512 MHz:   0% 1800 MHz:   0% 2088 MHz:   0% 2352 MHz:   0% 2616 MHz:   0% 2868 MHz:   0% 3096 MHz:   0% 3300 MHz:   0% 3468 MHz:   0% 3624 MHz:   0% 3756 MHz:   0% 3828 MHz:   0% 3888 MHz:   0% 3948 MHz:   0% 3996 MHz:   0% 4044 MHz:   0% 4104 MHz:   0% 4416 MHz:   0% 4512 MHz:   0%)
CPU 12 idle residency:  10.76%
CPU 12 down residency:  89.24%
CPU 13 frequency: 0 MHz
CPU 13 active residency:   0.00% (1260 MHz:   0% 1512 MHz:   0% 1800 MHz:   0% 2088 MHz:   0% 2352 MHz:   0% 2616 MHz:   0% 2868 MHz:   0% 3096 MHz:   0% 3300 MHz:   0% 3468 MHz:   0% 3624 MHz:   0% 3756 MHz:   0% 3828 MHz:   0% 3888 MHz:   0% 3948 MHz:   0% 3996 MHz:   0% 4044 MHz:   0% 4104 MHz:   0% 4416 MHz:   0% 4512 MHz:   0%)
CPU 13 idle residency:  10.81%
CPU 13 down residency:  89.19%
CPU 14 frequency: 0 MHz
CPU 14 active residency:   0.00% (1260 MHz:   0% 1512 MHz:   0% 1800 MHz:   0% 2088 MHz:   0% 2352 MHz:   0% 2616 MHz:   0% 2868 MHz:   0% 3096 MHz:   0% 3300 MHz:   0% 3468 MHz:   0% 3624 MHz:   0% 3756 MHz:   0% 3828 MHz:   0% 3888 MHz:   0% 3948 MHz:   0% 3996 MHz:   0% 4044 MHz:   0% 4104 MHz:   0% 4416 MHz:   0% 4512 MHz:   0%)
CPU 14 idle residency:  10.82%
CPU 14 down residency:  89.18%
CPU 15 frequency: 0 MHz
CPU 15 active residency:   0.00% (1260 MHz:   0% 1512 MHz:   0% 1800 MHz:   0% 2088 MHz:   0% 2352 MHz:   0% 2616 MHz:   0% 2868 MHz:   0% 3096 MHz:   0% 3300 MHz:   0% 3468 MHz:   0% 3624 MHz:   0% 3756 MHz:   0% 3828 MHz:   0% 3888 MHz:   0% 3948 MHz:   0% 3996 MHz:   0% 4044 MHz:   0% 4104 MHz:   0% 4416 MHz:   0% 4512 MHz:   0%)
CPU 15 idle residency:  10.38%
CPU 15 down residency:  89.62%

CPU Power: 7288 mW
GPU Power: 21928 mW
ANE Power: 0 mW
Combined Power (CPU + GPU + ANE): 29217 mW

**** GPU usage ****

GPU HW active frequency: 1578 MHz
GPU HW active residency:  99.94% (338 MHz: .02% 618 MHz:   0% 796 MHz:   0% 924 MHz:   0% 952 MHz:   0% 1056 MHz:   0% 1062 MHz:   0% 1182 MHz:   0% 1182 MHz:   0% 1312 MHz:   0% 1242 MHz:   0% 1380 MHz:   0% 1326 MHz:   0% 1470 MHz:   0% 1578 MHz: 100%)
GPU SW requested state: (P1 :   0% P2 :   0% P3 :   0% P4 :   0% P5 :   0% P6 :   0% P7 :   0% P8 :   0% P9 :   0% P10 : 100% P11 :   0% P12 :   0% P13 :   0% P14 :   0% P15 :   0%)
GPU SW state: (SW_P1 : .02% SW_P2 :   0% SW_P3 :   0% SW_P4 :   0% SW_P5 :   0% SW_P6 :   0% SW_P7 :   0% SW_P8 :   0% SW_P9 :   0% SW_P10 : 100% SW_P11 :   0% SW_P12 :   0% SW_P13 :   0% SW_P14 :   0% SW_P15 :   0%)
GPU idle residency:   0.06%
GPU Power: 21932 mW



*** Sampled system activity (Tue Jan 20 15:20:29 2026 +0100) (1023.97ms elapsed) ***


**** Processor usage ****

E-Cluster Online: 100%
E-Cluster HW active frequency: 1214 MHz
E-Cluster HW active residency:  45.80% (1020 MHz:  38% 1404 MHz: .94% 1788 MHz: 1.0% 2112 MHz: 1.8% 2352 MHz: 1.0% 2532 MHz:   0% 2592 MHz: 2.8%)
E-Cluster idle residency:  54.20%
E-Cluster down residency:   0.00%
CPU 0 frequency: 1224 MHz
CPU 0 active residency:  17.99% (1020 MHz:  14% 1404 MHz: .89% 1788 MHz: .64% 2112 MHz: .65% 2352 MHz: .32% 2532 MHz:   0% 2592 MHz: 1.1%)
CPU 0 idle residency:  82.01%
CPU 0 down residency:   0.00%
CPU 1 frequency: 1385 MHz
CPU 1 active residency:  11.92% (1020 MHz: 8.3% 1404 MHz: .15% 1788 MHz: .65% 2112 MHz: 1.1% 2352 MHz: .66% 2532 MHz:   0% 2592 MHz: 1.1%)
CPU 1 idle residency:  88.08%
CPU 1 down residency:   0.00%
CPU 2 frequency: 1295 MHz
CPU 2 active residency:   6.84% (1020 MHz: 5.5% 1404 MHz: .09% 1788 MHz: .08% 2112 MHz: .18% 2352 MHz: .10% 2532 MHz:   0% 2592 MHz: .93%)
CPU 2 idle residency:  93.16%
CPU 2 down residency:   0.00%
CPU 3 frequency: 1200 MHz
CPU 3 active residency:   4.38% (1020 MHz: 3.7% 1404 MHz: .03% 1788 MHz: .08% 2112 MHz: .37% 2352 MHz: .02% 2532 MHz:   0% 2592 MHz: .18%)
CPU 3 idle residency:  95.62%
CPU 3 down residency:   0.00%

P0-Cluster Online: 100%
P0-Cluster HW active frequency: 4024 MHz
P0-Cluster HW active residency:  99.54% (1260 MHz:   0% 1512 MHz:   0% 1800 MHz:   0% 2088 MHz:   0% 2352 MHz:   0% 2616 MHz:   0% 2868 MHz:   0% 3096 MHz:   0% 3300 MHz:   0% 3468 MHz:   0% 3624 MHz:   0% 3756 MHz:   0% 3828 MHz: .00% 3888 MHz:  37% 3948 MHz:  33% 3996 MHz: 7.9% 4044 MHz: 4.3% 4104 MHz:   0% 4416 MHz: 7.9% 4512 MHz: 9.4%)
P0-Cluster idle residency:   0.46%
P0-Cluster down residency:   0.00%
CPU 4 frequency: 4512 MHz
CPU 4 active residency:  43.14% (1260 MHz:   0% 1512 MHz:   0% 1800 MHz:   0% 2088 MHz:   0% 2352 MHz:   0% 2616 MHz:   0% 2868 MHz:   0% 3096 MHz:   0% 3300 MHz:   0% 3468 MHz:   0% 3624 MHz:   0% 3756 MHz:   0% 3828 MHz:   0% 3888 MHz:   0% 3948 MHz:   0% 3996 MHz:   0% 4044 MHz:   0% 4104 MHz:   0% 4416 MHz:   0% 4512 MHz:  43%)
CPU 4 idle residency:  56.86%
CPU 4 down residency:   0.00%
CPU 5 frequency: 4512 MHz
CPU 5 active residency:  63.46% (1260 MHz:   0% 1512 MHz:   0% 1800 MHz:   0% 2088 MHz:   0% 2352 MHz:   0% 2616 MHz:   0% 2868 MHz:   0% 3096 MHz:   0% 3300 MHz:   0% 3468 MHz:   0% 3624 MHz:   0% 3756 MHz:   0% 3828 MHz:   0% 3888 MHz:   0% 3948 MHz:   0% 3996 MHz:   0% 4044 MHz:   0% 4104 MHz:   0% 4416 MHz:   0% 4512 MHz:  63%)
CPU 5 idle residency:  36.54%
CPU 5 down residency:   0.00%
CPU 6 frequency: 4512 MHz
CPU 6 active residency:  52.70% (1260 MHz:   0% 1512 MHz:   0% 1800 MHz:   0% 2088 MHz:   0% 2352 MHz:   0% 2616 MHz:   0% 2868 MHz:   0% 3096 MHz:   0% 3300 MHz:   0% 3468 MHz:   0% 3624 MHz:   0% 3756 MHz:   0% 3828 MHz:   0% 3888 MHz:   0% 3948 MHz:   0% 3996 MHz:   0% 4044 MHz:   0% 4104 MHz:   0% 4416 MHz:   0% 4512 MHz:  53%)
CPU 6 idle residency:  47.30%
CPU 6 down residency:   0.00%
CPU 7 frequency: 4512 MHz
CPU 7 active residency:  65.68% (1260 MHz:   0% 1512 MHz:   0% 1800 MHz:   0% 2088 MHz:   0% 2352 MHz:   0% 2616 MHz:   0% 2868 MHz:   0% 3096 MHz:   0% 3300 MHz:   0% 3468 MHz:   0% 3624 MHz:   0% 3756 MHz:   0% 3828 MHz:   0% 3888 MHz:   0% 3948 MHz:   0% 3996 MHz:   0% 4044 MHz:   0% 4104 MHz:   0% 4416 MHz:   0% 4512 MHz:  66%)
CPU 7 idle residency:  34.32%
CPU 7 down residency:   0.00%
CPU 8 frequency: 4512 MHz
CPU 8 active residency:  59.57% (1260 MHz:   0% 1512 MHz:   0% 1800 MHz:   0% 2088 MHz:   0% 2352 MHz:   0% 2616 MHz:   0% 2868 MHz:   0% 3096 MHz:   0% 3300 MHz:   0% 3468 MHz:   0% 3624 MHz:   0% 3756 MHz:   0% 3828 MHz:   0% 3888 MHz:   0% 3948 MHz:   0% 3996 MHz:   0% 4044 MHz:   0% 4104 MHz:   0% 4416 MHz:   0% 4512 MHz:  60%)
CPU 8 idle residency:  40.43%
CPU 8 down residency:   0.00%
CPU 9 frequency: 4512 MHz
CPU 9 active residency:  64.90% (1260 MHz:   0% 1512 MHz:   0% 1800 MHz:   0% 2088 MHz:   0% 2352 MHz:   0% 2616 MHz:   0% 2868 MHz:   0% 3096 MHz:   0% 3300 MHz:   0% 3468 MHz:   0% 3624 MHz:   0% 3756 MHz:   0% 3828 MHz:   0% 3888 MHz:   0% 3948 MHz:   0% 3996 MHz:   0% 4044 MHz:   0% 4104 MHz:   0% 4416 MHz:   0% 4512 MHz:  65%)
CPU 9 idle residency:  35.10%
CPU 9 down residency:   0.00%

P1-Cluster HW active frequency: 2274 MHz
P1-Cluster HW active residency:   0.27% (1260 MHz: .18% 1512 MHz:   0% 1800 MHz:   0% 2088 MHz:   0% 2352 MHz:   0% 2616 MHz:   0% 2868 MHz:   0% 3096 MHz:   0% 3300 MHz:   0% 3468 MHz:   0% 3624 MHz:   0% 3756 MHz:   0% 3828 MHz:   0% 3888 MHz: .00% 3948 MHz: .00% 3996 MHz:   0% 4044 MHz:   0% 4104 MHz:   0% 4416 MHz: .05% 4512 MHz: .03%)
P1-Cluster idle residency:   1.18%
P1-Cluster down residency:  98.55%
CPU 10 frequency: 0 MHz
CPU 10 active residency:   0.00% (1260 MHz:   0% 1512 MHz:   0% 1800 MHz:   0% 2088 MHz:   0% 2352 MHz:   0% 2616 MHz:   0% 2868 MHz:   0% 3096 MHz:   0% 3300 MHz:   0% 3468 MHz:   0% 3624 MHz:   0% 3756 MHz:   0% 3828 MHz:   0% 3888 MHz:   0% 3948 MHz:   0% 3996 MHz:   0% 4044 MHz:   0% 4104 MHz:   0% 4416 MHz:   0% 4512 MHz:   0%)
CPU 10 idle residency:   1.39%
CPU 10 down residency:  98.61%
CPU 11 frequency: 0 MHz
CPU 11 active residency:   0.00% (1260 MHz:   0% 1512 MHz:   0% 1800 MHz:   0% 2088 MHz:   0% 2352 MHz:   0% 2616 MHz:   0% 2868 MHz:   0% 3096 MHz:   0% 3300 MHz:   0% 3468 MHz:   0% 3624 MHz:   0% 3756 MHz:   0% 3828 MHz:   0% 3888 MHz:   0% 3948 MHz:   0% 3996 MHz:   0% 4044 MHz:   0% 4104 MHz:   0% 4416 MHz:   0% 4512 MHz:   0%)
CPU 11 idle residency:   1.38%
CPU 11 down residency:  98.62%
CPU 12 frequency: 0 MHz
CPU 12 active residency:   0.00% (1260 MHz:   0% 1512 MHz:   0% 1800 MHz:   0% 2088 MHz:   0% 2352 MHz:   0% 2616 MHz:   0% 2868 MHz:   0% 3096 MHz:   0% 3300 MHz:   0% 3468 MHz:   0% 3624 MHz:   0% 3756 MHz:   0% 3828 MHz:   0% 3888 MHz:   0% 3948 MHz:   0% 3996 MHz:   0% 4044 MHz:   0% 4104 MHz:   0% 4416 MHz:   0% 4512 MHz:   0%)
CPU 12 idle residency:   1.39%
CPU 12 down residency:  98.61%
CPU 13 frequency: 0 MHz
CPU 13 active residency:   0.00% (1260 MHz:   0% 1512 MHz:   0% 1800 MHz:   0% 2088 MHz:   0% 2352 MHz:   0% 2616 MHz:   0% 2868 MHz:   0% 3096 MHz:   0% 3300 MHz:   0% 3468 MHz:   0% 3624 MHz:   0% 3756 MHz:   0% 3828 MHz:   0% 3888 MHz:   0% 3948 MHz:   0% 3996 MHz:   0% 4044 MHz:   0% 4104 MHz:   0% 4416 MHz:   0% 4512 MHz:   0%)
CPU 13 idle residency:   1.39%
CPU 13 down residency:  98.61%
CPU 14 frequency: 0 MHz
CPU 14 active residency:   0.00% (1260 MHz:   0% 1512 MHz:   0% 1800 MHz:   0% 2088 MHz:   0% 2352 MHz:   0% 2616 MHz:   0% 2868 MHz:   0% 3096 MHz:   0% 3300 MHz:   0% 3468 MHz:   0% 3624 MHz:   0% 3756 MHz:   0% 3828 MHz:   0% 3888 MHz:   0% 3948 MHz:   0% 3996 MHz:   0% 4044 MHz:   0% 4104 MHz:   0% 4416 MHz:   0% 4512 MHz:   0%)
CPU 14 idle residency:   1.39%
CPU 14 down residency:  98.61%
CPU 15 frequency: 0 MHz
CPU 15 active residency:   0.00% (1260 MHz:   0% 1512 MHz:   0% 1800 MHz:   0% 2088 MHz:   0% 2352 MHz:   0% 2616 MHz:   0% 2868 MHz:   0% 3096 MHz:   0% 3300 MHz:   0% 3468 MHz:   0% 3624 MHz:   0% 3756 MHz:   0% 3828 MHz:   0% 3888 MHz:   0% 3948 MHz:   0% 3996 MHz:   0% 4044 MHz:   0% 4104 MHz:   0% 4416 MHz:   0% 4512 MHz:   0%)
CPU 15 idle residency:   1.39%
CPU 15 down residency:  98.61%

CPU Power: 6628 mW
GPU Power: 22425 mW
ANE Power: 0 mW
Combined Power (CPU + GPU + ANE): 29053 mW

**** GPU usage ****

GPU HW active frequency: 1578 MHz
GPU HW active residency: 100.00% (338 MHz:   0% 618 MHz:   0% 796 MHz:   0% 924 MHz:   0% 952 MHz:   0% 1056 MHz:   0% 1062 MHz:   0% 1182 MHz:   0% 1182 MHz:   0% 1312 MHz:   0% 1242 MHz:   0% 1380 MHz:   0% 1326 MHz:   0% 1470 MHz:   0% 1578 MHz: 100%)
GPU SW requested state: (P1 :   0% P2 :   0% P3 :   0% P4 :   0% P5 :   0% P6 :   0% P7 :   0% P8 :   0% P9 :   0% P10 : 100% P11 :   0% P12 :   0% P13 :   0% P14 :   0% P15 :   0%)
GPU SW state: (SW_P1 :   0% SW_P2 :   0% SW_P3 :   0% SW_P4 :   0% SW_P5 :   0% SW_P6 :   0% SW_P7 :   0% SW_P8 :   0% SW_P9 :   0% SW_P10 : 100% SW_P11 :   0% SW_P12 :   0% SW_P13 :   0% SW_P14 :   0% SW_P15 :   0%)
GPU idle residency:   0.00%
GPU Power: 22423 mW



*** Sampled system activity (Tue Jan 20 15:20:30 2026 +0100) (1020.84ms elapsed) ***


**** Processor usage ****

E-Cluster Online: 100%
E-Cluster HW active frequency: 1280 MHz
E-Cluster HW active residency:  51.23% (1020 MHz:  38% 1404 MHz: 3.4% 1788 MHz: 1.8% 2112 MHz: 2.1% 2352 MHz: 2.5% 2532 MHz: .44% 2592 MHz: 2.8%)
E-Cluster idle residency:  48.77%
E-Cluster down residency:   0.00%
CPU 0 frequency: 1311 MHz
CPU 0 active residency:  22.35% (1020 MHz:  16% 1404 MHz: 1.7% 1788 MHz: .68% 2112 MHz: 1.0% 2352 MHz: 1.5% 2532 MHz: .14% 2592 MHz: 1.3%)
CPU 0 idle residency:  77.65%
CPU 0 down residency:   0.00%
CPU 1 frequency: 1320 MHz
CPU 1 active residency:  17.43% (1020 MHz:  12% 1404 MHz: 1.2% 1788 MHz: .53% 2112 MHz: 1.1% 2352 MHz: .84% 2532 MHz: .22% 2592 MHz: 1.1%)
CPU 1 idle residency:  82.57%
CPU 1 down residency:   0.00%
CPU 2 frequency: 1344 MHz
CPU 2 active residency:  10.15% (1020 MHz: 6.7% 1404 MHz: .72% 1788 MHz: .79% 2112 MHz: 1.0% 2352 MHz: .52% 2532 MHz: .03% 2592 MHz: .37%)
CPU 2 idle residency:  89.85%
CPU 2 down residency:   0.00%
CPU 3 frequency: 1368 MHz
CPU 3 active residency:   6.09% (1020 MHz: 3.8% 1404 MHz: .75% 1788 MHz: .30% 2112 MHz: .44% 2352 MHz: .50% 2532 MHz: .00% 2592 MHz: .29%)
CPU 3 idle residency:  93.91%
CPU 3 down residency:   0.00%

P0-Cluster Online: 69%
P0-Cluster HW active frequency: 3947 MHz
P0-Cluster HW active residency:  68.46% (1260 MHz: 1.0% 1512 MHz:   0% 1800 MHz: .01% 2088 MHz:   0% 2352 MHz:   0% 2616 MHz:   0% 2868 MHz:   0% 3096 MHz:   0% 3300 MHz:   0% 3468 MHz:   0% 3624 MHz:   0% 3756 MHz:   0% 3828 MHz:   0% 3888 MHz:  27% 3948 MHz:  22% 3996 MHz: 7.4% 4044 MHz: 3.3% 4104 MHz:   0% 4416 MHz: 3.3% 4512 MHz: 3.8%)
P0-Cluster idle residency:   0.94%
P0-Cluster down residency:  30.60%
CPU 4 frequency: 4512 MHz
CPU 4 active residency:  39.13% (1260 MHz: .00% 1512 MHz:   0% 1800 MHz:   0% 2088 MHz:   0% 2352 MHz:   0% 2616 MHz:   0% 2868 MHz:   0% 3096 MHz:   0% 3300 MHz:   0% 3468 MHz:   0% 3624 MHz:   0% 3756 MHz:   0% 3828 MHz:   0% 3888 MHz:   0% 3948 MHz:   0% 3996 MHz:   0% 4044 MHz:   0% 4104 MHz:   0% 4416 MHz:   0% 4512 MHz:  39%)
CPU 4 idle residency:  23.66%
CPU 4 down residency:  37.21%
CPU 5 frequency: 4512 MHz
CPU 5 active residency:  34.88% (1260 MHz: .01% 1512 MHz:   0% 1800 MHz:   0% 2088 MHz:   0% 2352 MHz:   0% 2616 MHz:   0% 2868 MHz:   0% 3096 MHz:   0% 3300 MHz:   0% 3468 MHz:   0% 3624 MHz:   0% 3756 MHz:   0% 3828 MHz:   0% 3888 MHz:   0% 3948 MHz:   0% 3996 MHz:   0% 4044 MHz:   0% 4104 MHz:   0% 4416 MHz:   0% 4512 MHz:  35%)
CPU 5 idle residency:  28.31%
CPU 5 down residency:  36.81%
CPU 6 frequency: 4511 MHz
CPU 6 active residency:  33.20% (1260 MHz: .01% 1512 MHz:   0% 1800 MHz: .01% 2088 MHz:   0% 2352 MHz:   0% 2616 MHz:   0% 2868 MHz:   0% 3096 MHz:   0% 3300 MHz:   0% 3468 MHz:   0% 3624 MHz:   0% 3756 MHz:   0% 3828 MHz:   0% 3888 MHz:   0% 3948 MHz:   0% 3996 MHz:   0% 4044 MHz:   0% 4104 MHz:   0% 4416 MHz:   0% 4512 MHz:  33%)
CPU 6 idle residency:  34.50%
CPU 6 down residency:  32.31%
CPU 7 frequency: 4512 MHz
CPU 7 active residency:  32.76% (1260 MHz: .00% 1512 MHz:   0% 1800 MHz: .00% 2088 MHz:   0% 2352 MHz:   0% 2616 MHz:   0% 2868 MHz:   0% 3096 MHz:   0% 3300 MHz:   0% 3468 MHz:   0% 3624 MHz:   0% 3756 MHz:   0% 3828 MHz:   0% 3888 MHz:   0% 3948 MHz:   0% 3996 MHz:   0% 4044 MHz:   0% 4104 MHz:   0% 4416 MHz:   0% 4512 MHz:  33%)
CPU 7 idle residency:  35.20%
CPU 7 down residency:  32.04%
CPU 8 frequency: 4512 MHz
CPU 8 active residency:  27.51% (1260 MHz:   0% 1512 MHz:   0% 1800 MHz:   0% 2088 MHz:   0% 2352 MHz:   0% 2616 MHz:   0% 2868 MHz:   0% 3096 MHz:   0% 3300 MHz:   0% 3468 MHz:   0% 3624 MHz:   0% 3756 MHz:   0% 3828 MHz:   0% 3888 MHz:   0% 3948 MHz:   0% 3996 MHz:   0% 4044 MHz:   0% 4104 MHz:   0% 4416 MHz:   0% 4512 MHz:  28%)
CPU 8 idle residency:  37.49%
CPU 8 down residency:  35.00%
CPU 9 frequency: 4512 MHz
CPU 9 active residency:  31.43% (1260 MHz:   0% 1512 MHz:   0% 1800 MHz:   0% 2088 MHz:   0% 2352 MHz:   0% 2616 MHz:   0% 2868 MHz:   0% 3096 MHz:   0% 3300 MHz:   0% 3468 MHz:   0% 3624 MHz:   0% 3756 MHz:   0% 3828 MHz:   0% 3888 MHz:   0% 3948 MHz:   0% 3996 MHz:   0% 4044 MHz:   0% 4104 MHz:   0% 4416 MHz:   0% 4512 MHz:  31%)
CPU 9 idle residency:  31.63%
CPU 9 down residency:  36.94%

P1-Cluster HW active frequency: 3906 MHz
P1-Cluster HW active residency:  35.33% (1260 MHz: 1.3% 1512 MHz:   0% 1800 MHz: .04% 2088 MHz:   0% 2352 MHz:   0% 2616 MHz:   0% 2868 MHz:   0% 3096 MHz:   0% 3300 MHz:   0% 3468 MHz:   0% 3624 MHz:   0% 3756 MHz:   0% 3828 MHz:   0% 3888 MHz:  16% 3948 MHz:  11% 3996 MHz: .45% 4044 MHz: 1.1% 4104 MHz:   0% 4416 MHz: 2.5% 4512 MHz: 3.2%)
P1-Cluster idle residency:   1.55%
P1-Cluster down residency:  63.12%
CPU 10 frequency: 4500 MHz
CPU 10 active residency:  34.46% (1260 MHz: .09% 1512 MHz:   0% 1800 MHz: .01% 2088 MHz: .03% 2352 MHz:   0% 2616 MHz:   0% 2868 MHz:   0% 3096 MHz:   0% 3300 MHz:   0% 3468 MHz:   0% 3624 MHz:   0% 3756 MHz:   0% 3828 MHz:   0% 3888 MHz:   0% 3948 MHz:   0% 3996 MHz:   0% 4044 MHz:   0% 4104 MHz:   0% 4416 MHz: .02% 4512 MHz:  34%)
CPU 10 idle residency:  10.78%
CPU 10 down residency:  54.76%
CPU 11 frequency: 4498 MHz
CPU 11 active residency:  31.70% (1260 MHz: .11% 1512 MHz:   0% 1800 MHz: .03% 2088 MHz:   0% 2352 MHz: .00% 2616 MHz:   0% 2868 MHz:   0% 3096 MHz:   0% 3300 MHz:   0% 3468 MHz:   0% 3624 MHz:   0% 3756 MHz:   0% 3828 MHz:   0% 3888 MHz:   0% 3948 MHz:   0% 3996 MHz:   0% 4044 MHz:   0% 4104 MHz:   0% 4416 MHz: .03% 4512 MHz:  32%)
CPU 11 idle residency:  10.33%
CPU 11 down residency:  57.97%
CPU 12 frequency: 4505 MHz
CPU 12 active residency:  31.61% (1260 MHz: .07% 1512 MHz:   0% 1800 MHz: .00% 2088 MHz:   0% 2352 MHz:   0% 2616 MHz:   0% 2868 MHz:   0% 3096 MHz:   0% 3300 MHz:   0% 3468 MHz:   0% 3624 MHz:   0% 3756 MHz:   0% 3828 MHz:   0% 3888 MHz:   0% 3948 MHz:   0% 3996 MHz:   0% 4044 MHz:   0% 4104 MHz:   0% 4416 MHz: .02% 4512 MHz:  32%)
CPU 12 idle residency:  13.59%
CPU 12 down residency:  54.79%
CPU 13 frequency: 4506 MHz
CPU 13 active residency:  26.58% (1260 MHz: .05% 1512 MHz:   0% 1800 MHz: .00% 2088 MHz:   0% 2352 MHz:   0% 2616 MHz:   0% 2868 MHz:   0% 3096 MHz:   0% 3300 MHz:   0% 3468 MHz:   0% 3624 MHz:   0% 3756 MHz:   0% 3828 MHz:   0% 3888 MHz:   0% 3948 MHz:   0% 3996 MHz:   0% 4044 MHz:   0% 4104 MHz:   0% 4416 MHz: .03% 4512 MHz:  26%)
CPU 13 idle residency:  17.40%
CPU 13 down residency:  56.02%
CPU 14 frequency: 4503 MHz
CPU 14 active residency:  20.99% (1260 MHz: .06% 1512 MHz:   0% 1800 MHz: .00% 2088 MHz:   0% 2352 MHz:   0% 2616 MHz:   0% 2868 MHz:   0% 3096 MHz:   0% 3300 MHz:   0% 3468 MHz:   0% 3624 MHz:   0% 3756 MHz:   0% 3828 MHz:   0% 3888 MHz:   0% 3948 MHz:   0% 3996 MHz:   0% 4044 MHz:   0% 4104 MHz:   0% 4416 MHz: .03% 4512 MHz:  21%)
CPU 14 idle residency:  17.51%
CPU 14 down residency:  61.50%
CPU 15 frequency: 4496 MHz
CPU 15 active residency:  34.04% (1260 MHz: .15% 1512 MHz:   0% 1800 MHz: .01% 2088 MHz: .00% 2352 MHz: .00% 2616 MHz:   0% 2868 MHz:   0% 3096 MHz: .01% 3300 MHz:   0% 3468 MHz:   0% 3624 MHz:   0% 3756 MHz:   0% 3828 MHz:   0% 3888 MHz:   0% 3948 MHz:   0% 3996 MHz:   0% 4044 MHz:   0% 4104 MHz:   0% 4416 MHz: .02% 4512 MHz:  34%)
CPU 15 idle residency:  11.27%
CPU 15 down residency:  54.69%

CPU Power: 6861 mW
GPU Power: 22473 mW
ANE Power: 0 mW
Combined Power (CPU + GPU + ANE): 29334 mW

**** GPU usage ****

GPU HW active frequency: 1578 MHz
GPU HW active residency: 100.00% (338 MHz:   0% 618 MHz:   0% 796 MHz:   0% 924 MHz:   0% 952 MHz:   0% 1056 MHz:   0% 1062 MHz:   0% 1182 MHz:   0% 1182 MHz:   0% 1312 MHz:   0% 1242 MHz:   0% 1380 MHz:   0% 1326 MHz:   0% 1470 MHz:   0% 1578 MHz: 100%)
GPU SW requested state: (P1 :   0% P2 :   0% P3 :   0% P4 :   0% P5 :   0% P6 :   0% P7 :   0% P8 :   0% P9 :   0% P10 : 100% P11 :   0% P12 :   0% P13 :   0% P14 :   0% P15 :   0%)
GPU SW state: (SW_P1 :   0% SW_P2 :   0% SW_P3 :   0% SW_P4 :   0% SW_P5 :   0% SW_P6 :   0% SW_P7 :   0% SW_P8 :   0% SW_P9 :   0% SW_P10 : 100% SW_P11 :   0% SW_P12 :   0% SW_P13 :   0% SW_P14 :   0% SW_P15 :   0%)
GPU idle residency:   0.00%
GPU Power: 22290 mW



*** Sampled system activity (Tue Jan 20 15:20:31 2026 +0100) (1020.81ms elapsed) ***


**** Processor usage ****

E-Cluster Online: 100%
E-Cluster HW active frequency: 1181 MHz
E-Cluster HW active residency:  42.82% (1020 MHz:  37% 1404 MHz: .88% 1788 MHz: .86% 2112 MHz: 1.7% 2352 MHz: .72% 2532 MHz: .42% 2592 MHz: 1.6%)
E-Cluster idle residency:  57.18%
E-Cluster down residency:   0.00%
CPU 0 frequency: 1263 MHz
CPU 0 active residency:  14.88% (1020 MHz:  12% 1404 MHz: .15% 1788 MHz: .11% 2112 MHz: .98% 2352 MHz: .41% 2532 MHz: .35% 2592 MHz: .85%)
CPU 0 idle residency:  85.12%
CPU 0 down residency:   0.00%
CPU 1 frequency: 1168 MHz
CPU 1 active residency:   8.87% (1020 MHz: 7.9% 1404 MHz: .04% 1788 MHz: .08% 2112 MHz: .27% 2352 MHz: .06% 2532 MHz: .01% 2592 MHz: .55%)
CPU 1 idle residency:  91.13%
CPU 1 down residency:   0.00%
CPU 2 frequency: 1307 MHz
CPU 2 active residency:   6.80% (1020 MHz: 4.8% 1404 MHz: .35% 1788 MHz: .44% 2112 MHz: .61% 2352 MHz: .27% 2532 MHz: .09% 2592 MHz: .21%)
CPU 2 idle residency:  93.20%
CPU 2 down residency:   0.00%
CPU 3 frequency: 1236 MHz
CPU 3 active residency:   5.62% (1020 MHz: 4.2% 1404 MHz: .45% 1788 MHz: .43% 2112 MHz: .24% 2352 MHz: .05% 2532 MHz: .01% 2592 MHz: .23%)
CPU 3 idle residency:  94.38%
CPU 3 down residency:   0.00%

P0-Cluster Online: 2%
P0-Cluster HW active frequency: 2244 MHz
P0-Cluster HW active residency:   0.46% (1260 MHz: .32% 1512 MHz:   0% 1800 MHz:   0% 2088 MHz:   0% 2352 MHz:   0% 2616 MHz:   0% 2868 MHz:   0% 3096 MHz:   0% 3300 MHz:   0% 3468 MHz:   0% 3624 MHz:   0% 3756 MHz:   0% 3828 MHz:   0% 3888 MHz: .01% 3948 MHz: .00% 3996 MHz:   0% 4044 MHz:   0% 4104 MHz:   0% 4416 MHz: .03% 4512 MHz: .10%)
P0-Cluster idle residency:   1.46%
P0-Cluster down residency:  98.08%
CPU 4 frequency: 4512 MHz
CPU 4 active residency:  14.90% (1260 MHz: .00% 1512 MHz:   0% 1800 MHz:   0% 2088 MHz:   0% 2352 MHz:   0% 2616 MHz:   0% 2868 MHz:   0% 3096 MHz:   0% 3300 MHz:   0% 3468 MHz:   0% 3624 MHz:   0% 3756 MHz:   0% 3828 MHz:   0% 3888 MHz:   0% 3948 MHz:   0% 3996 MHz:   0% 4044 MHz:   0% 4104 MHz:   0% 4416 MHz:   0% 4512 MHz:  15%)
CPU 4 idle residency:   1.58%
CPU 4 down residency:  83.53%
CPU 5 frequency: 4512 MHz
CPU 5 active residency:  14.24% (1260 MHz: .00% 1512 MHz:   0% 1800 MHz:   0% 2088 MHz:   0% 2352 MHz:   0% 2616 MHz:   0% 2868 MHz:   0% 3096 MHz:   0% 3300 MHz:   0% 3468 MHz:   0% 3624 MHz:   0% 3756 MHz:   0% 3828 MHz:   0% 3888 MHz:   0% 3948 MHz:   0% 3996 MHz:   0% 4044 MHz:   0% 4104 MHz:   0% 4416 MHz:   0% 4512 MHz:  14%)
CPU 5 idle residency:   1.58%
CPU 5 down residency:  84.18%
CPU 6 frequency: 4512 MHz
CPU 6 active residency:   4.76% (1260 MHz:   0% 1512 MHz:   0% 1800 MHz:   0% 2088 MHz:   0% 2352 MHz:   0% 2616 MHz:   0% 2868 MHz:   0% 3096 MHz:   0% 3300 MHz:   0% 3468 MHz:   0% 3624 MHz:   0% 3756 MHz:   0% 3828 MHz:   0% 3888 MHz:   0% 3948 MHz:   0% 3996 MHz:   0% 4044 MHz:   0% 4104 MHz:   0% 4416 MHz:   0% 4512 MHz: 4.8%)
CPU 6 idle residency:   1.76%
CPU 6 down residency:  93.48%
CPU 7 frequency: 4388 MHz
CPU 7 active residency:   4.04% (1260 MHz: .15% 1512 MHz:   0% 1800 MHz:   0% 2088 MHz:   0% 2352 MHz:   0% 2616 MHz:   0% 2868 MHz:   0% 3096 MHz:   0% 3300 MHz:   0% 3468 MHz:   0% 3624 MHz:   0% 3756 MHz:   0% 3828 MHz:   0% 3888 MHz:   0% 3948 MHz:   0% 3996 MHz:   0% 4044 MHz:   0% 4104 MHz:   0% 4416 MHz:   0% 4512 MHz: 3.9%)
CPU 7 idle residency:   1.78%
CPU 7 down residency:  94.18%
CPU 8 frequency: 4512 MHz
CPU 8 active residency:  10.96% (1260 MHz:   0% 1512 MHz:   0% 1800 MHz:   0% 2088 MHz:   0% 2352 MHz:   0% 2616 MHz:   0% 2868 MHz:   0% 3096 MHz:   0% 3300 MHz:   0% 3468 MHz:   0% 3624 MHz:   0% 3756 MHz:   0% 3828 MHz:   0% 3888 MHz:   0% 3948 MHz:   0% 3996 MHz:   0% 4044 MHz:   0% 4104 MHz:   0% 4416 MHz:   0% 4512 MHz:  11%)
CPU 8 idle residency:   1.65%
CPU 8 down residency:  87.39%
CPU 9 frequency: 4512 MHz
CPU 9 active residency:  14.46% (1260 MHz: .00% 1512 MHz:   0% 1800 MHz:   0% 2088 MHz:   0% 2352 MHz:   0% 2616 MHz:   0% 2868 MHz:   0% 3096 MHz:   0% 3300 MHz:   0% 3468 MHz:   0% 3624 MHz:   0% 3756 MHz:   0% 3828 MHz:   0% 3888 MHz:   0% 3948 MHz:   0% 3996 MHz:   0% 4044 MHz:   0% 4104 MHz:   0% 4416 MHz:   0% 4512 MHz:  14%)
CPU 9 idle residency:   1.59%
CPU 9 down residency:  83.95%

P1-Cluster HW active frequency: 4046 MHz
P1-Cluster HW active residency:  99.25% (1260 MHz:   0% 1512 MHz:   0% 1800 MHz:   0% 2088 MHz:   0% 2352 MHz:   0% 2616 MHz:   0% 2868 MHz:   0% 3096 MHz:   0% 3300 MHz:   0% 3468 MHz:   0% 3624 MHz:   0% 3756 MHz:   0% 3828 MHz:   0% 3888 MHz:  36% 3948 MHz:  28% 3996 MHz: 9.6% 4044 MHz: 4.9% 4104 MHz:   0% 4416 MHz: 8.2% 4512 MHz:  12%)
P1-Cluster idle residency:   0.75%
P1-Cluster down residency:   0.00%
CPU 10 frequency: 4512 MHz
CPU 10 active residency:  63.58% (1260 MHz:   0% 1512 MHz:   0% 1800 MHz:   0% 2088 MHz:   0% 2352 MHz:   0% 2616 MHz:   0% 2868 MHz:   0% 3096 MHz:   0% 3300 MHz:   0% 3468 MHz:   0% 3624 MHz:   0% 3756 MHz:   0% 3828 MHz:   0% 3888 MHz:   0% 3948 MHz:   0% 3996 MHz:   0% 4044 MHz:   0% 4104 MHz:   0% 4416 MHz:   0% 4512 MHz:  64%)
CPU 10 idle residency:  36.42%
CPU 10 down residency:   0.00%
CPU 11 frequency: 4512 MHz
CPU 11 active residency:  55.32% (1260 MHz:   0% 1512 MHz:   0% 1800 MHz:   0% 2088 MHz:   0% 2352 MHz:   0% 2616 MHz:   0% 2868 MHz:   0% 3096 MHz:   0% 3300 MHz:   0% 3468 MHz:   0% 3624 MHz:   0% 3756 MHz:   0% 3828 MHz:   0% 3888 MHz:   0% 3948 MHz:   0% 3996 MHz:   0% 4044 MHz:   0% 4104 MHz:   0% 4416 MHz:   0% 4512 MHz:  55%)
CPU 11 idle residency:  44.68%
CPU 11 down residency:   0.00%
CPU 12 frequency: 4512 MHz
CPU 12 active residency:  47.18% (1260 MHz:   0% 1512 MHz:   0% 1800 MHz:   0% 2088 MHz:   0% 2352 MHz:   0% 2616 MHz:   0% 2868 MHz:   0% 3096 MHz:   0% 3300 MHz:   0% 3468 MHz:   0% 3624 MHz:   0% 3756 MHz:   0% 3828 MHz:   0% 3888 MHz:   0% 3948 MHz:   0% 3996 MHz:   0% 4044 MHz:   0% 4104 MHz:   0% 4416 MHz:   0% 4512 MHz:  47%)
CPU 12 idle residency:  52.82%
CPU 12 down residency:   0.00%
CPU 13 frequency: 4512 MHz
CPU 13 active residency:  57.35% (1260 MHz:   0% 1512 MHz:   0% 1800 MHz:   0% 2088 MHz:   0% 2352 MHz:   0% 2616 MHz:   0% 2868 MHz:   0% 3096 MHz:   0% 3300 MHz:   0% 3468 MHz:   0% 3624 MHz:   0% 3756 MHz:   0% 3828 MHz:   0% 3888 MHz:   0% 3948 MHz:   0% 3996 MHz:   0% 4044 MHz:   0% 4104 MHz:   0% 4416 MHz:   0% 4512 MHz:  57%)
CPU 13 idle residency:  42.65%
CPU 13 down residency:   0.00%
CPU 14 frequency: 4512 MHz
CPU 14 active residency:  54.35% (1260 MHz:   0% 1512 MHz:   0% 1800 MHz:   0% 2088 MHz:   0% 2352 MHz:   0% 2616 MHz:   0% 2868 MHz:   0% 3096 MHz:   0% 3300 MHz:   0% 3468 MHz:   0% 3624 MHz:   0% 3756 MHz:   0% 3828 MHz:   0% 3888 MHz:   0% 3948 MHz:   0% 3996 MHz:   0% 4044 MHz:   0% 4104 MHz:   0% 4416 MHz:   0% 4512 MHz:  54%)
CPU 14 idle residency:  45.65%
CPU 14 down residency:   0.00%
CPU 15 frequency: 4512 MHz
CPU 15 active residency:  48.61% (1260 MHz:   0% 1512 MHz:   0% 1800 MHz:   0% 2088 MHz:   0% 2352 MHz:   0% 2616 MHz:   0% 2868 MHz:   0% 3096 MHz:   0% 3300 MHz:   0% 3468 MHz:   0% 3624 MHz:   0% 3756 MHz:   0% 3828 MHz:   0% 3888 MHz:   0% 3948 MHz:   0% 3996 MHz:   0% 4044 MHz:   0% 4104 MHz:   0% 4416 MHz:   0% 4512 MHz:  49%)
CPU 15 idle residency:  51.39%
CPU 15 down residency:   0.00%

CPU Power: 6534 mW
GPU Power: 22239 mW
ANE Power: 0 mW
Combined Power (CPU + GPU + ANE): 28773 mW

**** GPU usage ****

GPU HW active frequency: 1578 MHz
GPU HW active residency:  99.92% (338 MHz: .03% 618 MHz:   0% 796 MHz:   0% 924 MHz:   0% 952 MHz:   0% 1056 MHz:   0% 1062 MHz:   0% 1182 MHz:   0% 1182 MHz:   0% 1312 MHz:   0% 1242 MHz:   0% 1380 MHz:   0% 1326 MHz:   0% 1470 MHz:   0% 1578 MHz: 100%)
GPU SW requested state: (P1 :   0% P2 :   0% P3 :   0% P4 :   0% P5 :   0% P6 :   0% P7 :   0% P8 :   0% P9 :   0% P10 : 100% P11 :   0% P12 :   0% P13 :   0% P14 :   0% P15 :   0%)
GPU SW state: (SW_P1 : .03% SW_P2 :   0% SW_P3 :   0% SW_P4 :   0% SW_P5 :   0% SW_P6 :   0% SW_P7 :   0% SW_P8 :   0% SW_P9 :   0% SW_P10 : 100% SW_P11 :   0% SW_P12 :   0% SW_P13 :   0% SW_P14 :   0% SW_P15 :   0%)
GPU idle residency:   0.08%
GPU Power: 22420 mW



*** Sampled system activity (Tue Jan 20 15:20:32 2026 +0100) (1021.92ms elapsed) ***


**** Processor usage ****

E-Cluster Online: 100%
E-Cluster HW active frequency: 1353 MHz
E-Cluster HW active residency:  48.12% (1020 MHz:  35% 1404 MHz: 2.0% 1788 MHz: 1.8% 2112 MHz: 2.2% 2352 MHz: 1.8% 2532 MHz: .46% 2592 MHz: 5.3%)
E-Cluster idle residency:  51.88%
E-Cluster down residency:   0.00%
CPU 0 frequency: 1450 MHz
CPU 0 active residency:  22.07% (1020 MHz:  14% 1404 MHz: 1.3% 1788 MHz: .98% 2112 MHz: 1.6% 2352 MHz: 1.2% 2532 MHz: .08% 2592 MHz: 3.0%)
CPU 0 idle residency:  77.93%
CPU 0 down residency:   0.00%
CPU 1 frequency: 1458 MHz
CPU 1 active residency:  15.70% (1020 MHz: 9.5% 1404 MHz: 1.1% 1788 MHz: 1.1% 2112 MHz: 1.1% 2352 MHz: .66% 2532 MHz: .22% 2592 MHz: 2.0%)
CPU 1 idle residency:  84.30%
CPU 1 down residency:   0.00%
CPU 2 frequency: 1510 MHz
CPU 2 active residency:   9.03% (1020 MHz: 5.3% 1404 MHz: .54% 1788 MHz: .30% 2112 MHz: .60% 2352 MHz: .85% 2532 MHz: .07% 2592 MHz: 1.3%)
CPU 2 idle residency:  90.97%
CPU 2 down residency:   0.00%
CPU 3 frequency: 1544 MHz
CPU 3 active residency:   6.90% (1020 MHz: 4.0% 1404 MHz: .39% 1788 MHz: .25% 2112 MHz: .35% 2352 MHz: .72% 2532 MHz: .22% 2592 MHz: 1.0%)
CPU 3 idle residency:  93.10%
CPU 3 down residency:   0.00%

P0-Cluster Online: 13%
P0-Cluster HW active frequency: 1979 MHz
P0-Cluster HW active residency:   5.53% (1260 MHz: 3.9% 1512 MHz:   0% 1800 MHz: .41% 2088 MHz:   0% 2352 MHz:   0% 2616 MHz:   0% 2868 MHz:   0% 3096 MHz:   0% 3300 MHz:   0% 3468 MHz:   0% 3624 MHz:   0% 3756 MHz:   0% 3828 MHz:   0% 3888 MHz: .05% 3948 MHz: .09% 3996 MHz: .01% 4044 MHz:   0% 4104 MHz: .29% 4416 MHz: .15% 4512 MHz: .63%)
P0-Cluster idle residency:   5.78%
P0-Cluster down residency:  88.70%
CPU 4 frequency: 4166 MHz
CPU 4 active residency:   0.12% (1260 MHz: .01% 1512 MHz:   0% 1800 MHz: .01% 2088 MHz:   0% 2352 MHz:   0% 2616 MHz:   0% 2868 MHz:   0% 3096 MHz:   0% 3300 MHz:   0% 3468 MHz:   0% 3624 MHz:   0% 3756 MHz:   0% 3828 MHz:   0% 3888 MHz:   0% 3948 MHz:   0% 3996 MHz:   0% 4044 MHz:   0% 4104 MHz:   0% 4416 MHz: .03% 4512 MHz: .07%)
CPU 4 idle residency:  11.00%
CPU 4 down residency:  88.89%
CPU 5 frequency: 4413 MHz
CPU 5 active residency:   0.26% (1260 MHz: .00% 1512 MHz:   0% 1800 MHz: .00% 2088 MHz:   0% 2352 MHz:   0% 2616 MHz:   0% 2868 MHz:   0% 3096 MHz:   0% 3300 MHz:   0% 3468 MHz:   0% 3624 MHz:   0% 3756 MHz:   0% 3828 MHz:   0% 3888 MHz:   0% 3948 MHz:   0% 3996 MHz:   0% 4044 MHz:   0% 4104 MHz:   0% 4416 MHz: .03% 4512 MHz: .22%)
CPU 5 idle residency:  10.78%
CPU 5 down residency:  88.96%
CPU 6 frequency: 4408 MHz
CPU 6 active residency:   0.12% (1260 MHz: .00% 1512 MHz:   0% 1800 MHz: .00% 2088 MHz:   0% 2352 MHz:   0% 2616 MHz:   0% 2868 MHz:   0% 3096 MHz:   0% 3300 MHz:   0% 3468 MHz:   0% 3624 MHz:   0% 3756 MHz:   0% 3828 MHz:   0% 3888 MHz:   0% 3948 MHz:   0% 3996 MHz:   0% 4044 MHz:   0% 4104 MHz:   0% 4416 MHz: .03% 4512 MHz: .08%)
CPU 6 idle residency:  11.00%
CPU 6 down residency:  88.88%
CPU 7 frequency: 4247 MHz
CPU 7 active residency:   0.15% (1260 MHz: .00% 1512 MHz:   0% 1800 MHz: .01% 2088 MHz:   0% 2352 MHz:   0% 2616 MHz:   0% 2868 MHz:   0% 3096 MHz:   0% 3300 MHz:   0% 3468 MHz:   0% 3624 MHz:   0% 3756 MHz:   0% 3828 MHz:   0% 3888 MHz:   0% 3948 MHz:   0% 3996 MHz:   0% 4044 MHz:   0% 4104 MHz:   0% 4416 MHz: .03% 4512 MHz: .11%)
CPU 7 idle residency:  10.45%
CPU 7 down residency:  89.40%
CPU 8 frequency: 4428 MHz
CPU 8 active residency:   0.18% (1260 MHz: .00% 1512 MHz:   0% 1800 MHz: .00% 2088 MHz:   0% 2352 MHz:   0% 2616 MHz:   0% 2868 MHz:   0% 3096 MHz:   0% 3300 MHz:   0% 3468 MHz:   0% 3624 MHz:   0% 3756 MHz:   0% 3828 MHz:   0% 3888 MHz:   0% 3948 MHz:   0% 3996 MHz:   0% 4044 MHz:   0% 4104 MHz:   0% 4416 MHz: .03% 4512 MHz: .15%)
CPU 8 idle residency:  10.95%
CPU 8 down residency:  88.87%
CPU 9 frequency: 4293 MHz
CPU 9 active residency:   0.19% (1260 MHz: .00% 1512 MHz:   0% 1800 MHz: .01% 2088 MHz:   0% 2352 MHz:   0% 2616 MHz:   0% 2868 MHz:   0% 3096 MHz:   0% 3300 MHz:   0% 3468 MHz:   0% 3624 MHz:   0% 3756 MHz:   0% 3828 MHz:   0% 3888 MHz:   0% 3948 MHz:   0% 3996 MHz:   0% 4044 MHz:   0% 4104 MHz:   0% 4416 MHz: .03% 4512 MHz: .15%)
CPU 9 idle residency:  10.87%
CPU 9 down residency:  88.94%

P1-Cluster HW active frequency: 4010 MHz
P1-Cluster HW active residency:  99.55% (1260 MHz:   0% 1512 MHz:   0% 1800 MHz:   0% 2088 MHz:   0% 2352 MHz:   0% 2616 MHz:   0% 2868 MHz:   0% 3096 MHz:   0% 3300 MHz:   0% 3468 MHz:   0% 3624 MHz:   0% 3756 MHz:   0% 3828 MHz: .00% 3888 MHz:  45% 3948 MHz:  28% 3996 MHz: 6.5% 4044 MHz: 3.5% 4104 MHz:   0% 4416 MHz: 6.8% 4512 MHz: 9.0%)
P1-Cluster idle residency:   0.45%
P1-Cluster down residency:   0.00%
CPU 10 frequency: 4512 MHz
CPU 10 active residency:  72.36% (1260 MHz:   0% 1512 MHz:   0% 1800 MHz:   0% 2088 MHz:   0% 2352 MHz:   0% 2616 MHz:   0% 2868 MHz:   0% 3096 MHz:   0% 3300 MHz:   0% 3468 MHz:   0% 3624 MHz:   0% 3756 MHz:   0% 3828 MHz:   0% 3888 MHz:   0% 3948 MHz:   0% 3996 MHz:   0% 4044 MHz:   0% 4104 MHz:   0% 4416 MHz:   0% 4512 MHz:  72%)
CPU 10 idle residency:  27.64%
CPU 10 down residency:   0.00%
CPU 11 frequency: 4512 MHz
CPU 11 active residency:  56.59% (1260 MHz:   0% 1512 MHz:   0% 1800 MHz:   0% 2088 MHz:   0% 2352 MHz:   0% 2616 MHz:   0% 2868 MHz:   0% 3096 MHz:   0% 3300 MHz:   0% 3468 MHz:   0% 3624 MHz:   0% 3756 MHz:   0% 3828 MHz:   0% 3888 MHz:   0% 3948 MHz:   0% 3996 MHz:   0% 4044 MHz:   0% 4104 MHz:   0% 4416 MHz:   0% 4512 MHz:  57%)
CPU 11 idle residency:  43.41%
CPU 11 down residency:   0.00%
CPU 12 frequency: 4512 MHz
CPU 12 active residency:  68.31% (1260 MHz:   0% 1512 MHz:   0% 1800 MHz:   0% 2088 MHz:   0% 2352 MHz:   0% 2616 MHz:   0% 2868 MHz:   0% 3096 MHz:   0% 3300 MHz:   0% 3468 MHz:   0% 3624 MHz:   0% 3756 MHz:   0% 3828 MHz:   0% 3888 MHz:   0% 3948 MHz:   0% 3996 MHz:   0% 4044 MHz:   0% 4104 MHz:   0% 4416 MHz:   0% 4512 MHz:  68%)
CPU 12 idle residency:  31.69%
CPU 12 down residency:   0.00%
CPU 13 frequency: 4512 MHz
CPU 13 active residency:  71.70% (1260 MHz:   0% 1512 MHz:   0% 1800 MHz:   0% 2088 MHz:   0% 2352 MHz:   0% 2616 MHz:   0% 2868 MHz:   0% 3096 MHz:   0% 3300 MHz:   0% 3468 MHz:   0% 3624 MHz:   0% 3756 MHz:   0% 3828 MHz:   0% 3888 MHz:   0% 3948 MHz:   0% 3996 MHz:   0% 4044 MHz:   0% 4104 MHz:   0% 4416 MHz:   0% 4512 MHz:  72%)
CPU 13 idle residency:  28.30%
CPU 13 down residency:   0.00%
CPU 14 frequency: 4512 MHz
CPU 14 active residency:  49.79% (1260 MHz:   0% 1512 MHz:   0% 1800 MHz:   0% 2088 MHz:   0% 2352 MHz:   0% 2616 MHz:   0% 2868 MHz:   0% 3096 MHz:   0% 3300 MHz:   0% 3468 MHz:   0% 3624 MHz:   0% 3756 MHz:   0% 3828 MHz:   0% 3888 MHz:   0% 3948 MHz:   0% 3996 MHz:   0% 4044 MHz:   0% 4104 MHz:   0% 4416 MHz:   0% 4512 MHz:  50%)
CPU 14 idle residency:  50.21%
CPU 14 down residency:   0.00%
CPU 15 frequency: 4512 MHz
CPU 15 active residency:  53.70% (1260 MHz:   0% 1512 MHz:   0% 1800 MHz:   0% 2088 MHz:   0% 2352 MHz:   0% 2616 MHz:   0% 2868 MHz:   0% 3096 MHz:   0% 3300 MHz:   0% 3468 MHz:   0% 3624 MHz:   0% 3756 MHz:   0% 3828 MHz:   0% 3888 MHz:   0% 3948 MHz:   0% 3996 MHz:   0% 4044 MHz:   0% 4104 MHz:   0% 4416 MHz:   0% 4512 MHz:  54%)
CPU 15 idle residency:  46.30%
CPU 15 down residency:   0.00%

CPU Power: 6878 mW
GPU Power: 22489 mW
ANE Power: 0 mW
Combined Power (CPU + GPU + ANE): 29367 mW

**** GPU usage ****

GPU HW active frequency: 1578 MHz
GPU HW active residency: 100.00% (338 MHz:   0% 618 MHz:   0% 796 MHz:   0% 924 MHz:   0% 952 MHz:   0% 1056 MHz:   0% 1062 MHz:   0% 1182 MHz:   0% 1182 MHz:   0% 1312 MHz:   0% 1242 MHz:   0% 1380 MHz:   0% 1326 MHz:   0% 1470 MHz:   0% 1578 MHz: 100%)
GPU SW requested state: (P1 :   0% P2 :   0% P3 :   0% P4 :   0% P5 :   0% P6 :   0% P7 :   0% P8 :   0% P9 :   0% P10 : 100% P11 :   0% P12 :   0% P13 :   0% P14 :   0% P15 :   0%)
GPU SW state: (SW_P1 :   0% SW_P2 :   0% SW_P3 :   0% SW_P4 :   0% SW_P5 :   0% SW_P6 :   0% SW_P7 :   0% SW_P8 :   0% SW_P9 :   0% SW_P10 : 100% SW_P11 :   0% SW_P12 :   0% SW_P13 :   0% SW_P14 :   0% SW_P15 :   0%)
GPU idle residency:   0.00%
GPU Power: 22486 mW



*** Sampled system activity (Tue Jan 20 15:20:33 2026 +0100) (1020.03ms elapsed) ***


**** Processor usage ****

E-Cluster Online: 100%
E-Cluster HW active frequency: 1185 MHz
E-Cluster HW active residency:  45.70% (1020 MHz:  38% 1404 MHz: 1.4% 1788 MHz: 1.3% 2112 MHz: 1.9% 2352 MHz: 1.7% 2532 MHz:   0% 2592 MHz: 1.0%)
E-Cluster idle residency:  54.30%
E-Cluster down residency:   0.00%
CPU 0 frequency: 1189 MHz
CPU 0 active residency:  17.71% (1020 MHz:  15% 1404 MHz: .56% 1788 MHz: .56% 2112 MHz: .89% 2352 MHz: .77% 2532 MHz:   0% 2592 MHz: .22%)
CPU 0 idle residency:  82.29%
CPU 0 down residency:   0.00%
CPU 1 frequency: 1209 MHz
CPU 1 active residency:   9.98% (1020 MHz: 8.2% 1404 MHz: .24% 1788 MHz: .26% 2112 MHz: .72% 2352 MHz: .32% 2532 MHz:   0% 2592 MHz: .25%)
CPU 1 idle residency:  90.02%
CPU 1 down residency:   0.00%
CPU 2 frequency: 1310 MHz
CPU 2 active residency:   8.57% (1020 MHz: 6.2% 1404 MHz: .37% 1788 MHz: .10% 2112 MHz: 1.1% 2352 MHz: .65% 2532 MHz:   0% 2592 MHz: .12%)
CPU 2 idle residency:  91.43%
CPU 2 down residency:   0.00%
CPU 3 frequency: 1233 MHz
CPU 3 active residency:   4.13% (1020 MHz: 2.9% 1404 MHz: .48% 1788 MHz: .45% 2112 MHz: .25% 2352 MHz: .05% 2532 MHz:   0% 2592 MHz: .01%)
CPU 3 idle residency:  95.87%
CPU 3 down residency:   0.00%

P0-Cluster Online: 4%
P0-Cluster HW active frequency: 2109 MHz
P0-Cluster HW active residency:   1.22% (1260 MHz: .90% 1512 MHz:   0% 1800 MHz:   0% 2088 MHz:   0% 2352 MHz:   0% 2616 MHz:   0% 2868 MHz:   0% 3096 MHz:   0% 3300 MHz:   0% 3468 MHz:   0% 3624 MHz:   0% 3756 MHz:   0% 3828 MHz:   0% 3888 MHz: .01% 3948 MHz: .00% 3996 MHz: .01% 4044 MHz:   0% 4104 MHz:   0% 4416 MHz: .02% 4512 MHz: .28%)
P0-Cluster idle residency:   2.41%
P0-Cluster down residency:  96.37%
CPU 4 frequency: 0 MHz
CPU 4 active residency:   0.00% (1260 MHz:   0% 1512 MHz:   0% 1800 MHz:   0% 2088 MHz:   0% 2352 MHz:   0% 2616 MHz:   0% 2868 MHz:   0% 3096 MHz:   0% 3300 MHz:   0% 3468 MHz:   0% 3624 MHz:   0% 3756 MHz:   0% 3828 MHz:   0% 3888 MHz:   0% 3948 MHz:   0% 3996 MHz:   0% 4044 MHz:   0% 4104 MHz:   0% 4416 MHz:   0% 4512 MHz:   0%)
CPU 4 idle residency:   3.49%
CPU 4 down residency:  96.51%
CPU 5 frequency: 0 MHz
CPU 5 active residency:   0.00% (1260 MHz:   0% 1512 MHz:   0% 1800 MHz:   0% 2088 MHz:   0% 2352 MHz:   0% 2616 MHz:   0% 2868 MHz:   0% 3096 MHz:   0% 3300 MHz:   0% 3468 MHz:   0% 3624 MHz:   0% 3756 MHz:   0% 3828 MHz:   0% 3888 MHz:   0% 3948 MHz:   0% 3996 MHz:   0% 4044 MHz:   0% 4104 MHz:   0% 4416 MHz:   0% 4512 MHz:   0%)
CPU 5 idle residency:   3.48%
CPU 5 down residency:  96.52%
CPU 6 frequency: 0 MHz
CPU 6 active residency:   0.00% (1260 MHz:   0% 1512 MHz:   0% 1800 MHz:   0% 2088 MHz:   0% 2352 MHz:   0% 2616 MHz:   0% 2868 MHz:   0% 3096 MHz:   0% 3300 MHz:   0% 3468 MHz:   0% 3624 MHz:   0% 3756 MHz:   0% 3828 MHz:   0% 3888 MHz:   0% 3948 MHz:   0% 3996 MHz:   0% 4044 MHz:   0% 4104 MHz:   0% 4416 MHz:   0% 4512 MHz:   0%)
CPU 6 idle residency:   3.46%
CPU 6 down residency:  96.54%
CPU 7 frequency: 0 MHz
CPU 7 active residency:   0.00% (1260 MHz:   0% 1512 MHz:   0% 1800 MHz:   0% 2088 MHz:   0% 2352 MHz:   0% 2616 MHz:   0% 2868 MHz:   0% 3096 MHz:   0% 3300 MHz:   0% 3468 MHz:   0% 3624 MHz:   0% 3756 MHz:   0% 3828 MHz:   0% 3888 MHz:   0% 3948 MHz:   0% 3996 MHz:   0% 4044 MHz:   0% 4104 MHz:   0% 4416 MHz:   0% 4512 MHz:   0%)
CPU 7 idle residency:   3.50%
CPU 7 down residency:  96.50%
CPU 8 frequency: 0 MHz
CPU 8 active residency:   0.00% (1260 MHz:   0% 1512 MHz:   0% 1800 MHz:   0% 2088 MHz:   0% 2352 MHz:   0% 2616 MHz:   0% 2868 MHz:   0% 3096 MHz:   0% 3300 MHz:   0% 3468 MHz:   0% 3624 MHz:   0% 3756 MHz:   0% 3828 MHz:   0% 3888 MHz:   0% 3948 MHz:   0% 3996 MHz:   0% 4044 MHz:   0% 4104 MHz:   0% 4416 MHz:   0% 4512 MHz:   0%)
CPU 8 idle residency:   3.50%
CPU 8 down residency:  96.50%
CPU 9 frequency: 0 MHz
CPU 9 active residency:   0.00% (1260 MHz:   0% 1512 MHz:   0% 1800 MHz:   0% 2088 MHz:   0% 2352 MHz:   0% 2616 MHz:   0% 2868 MHz:   0% 3096 MHz:   0% 3300 MHz:   0% 3468 MHz:   0% 3624 MHz:   0% 3756 MHz:   0% 3828 MHz:   0% 3888 MHz:   0% 3948 MHz:   0% 3996 MHz:   0% 4044 MHz:   0% 4104 MHz:   0% 4416 MHz:   0% 4512 MHz:   0%)
CPU 9 idle residency:   3.48%
CPU 9 down residency:  96.52%

P1-Cluster HW active frequency: 4016 MHz
P1-Cluster HW active residency:  99.55% (1260 MHz:   0% 1512 MHz:   0% 1800 MHz:   0% 2088 MHz:   0% 2352 MHz:   0% 2616 MHz:   0% 2868 MHz:   0% 3096 MHz:   0% 3300 MHz:   0% 3468 MHz:   0% 3624 MHz:   0% 3756 MHz:   0% 3828 MHz:   0% 3888 MHz:  34% 3948 MHz:  36% 3996 MHz: 8.6% 4044 MHz: 5.0% 4104 MHz:   0% 4416 MHz: 6.4% 4512 MHz: 8.8%)
P1-Cluster idle residency:   0.45%
P1-Cluster down residency:   0.00%
CPU 10 frequency: 4512 MHz
CPU 10 active residency:  46.08% (1260 MHz:   0% 1512 MHz:   0% 1800 MHz:   0% 2088 MHz:   0% 2352 MHz:   0% 2616 MHz:   0% 2868 MHz:   0% 3096 MHz:   0% 3300 MHz:   0% 3468 MHz:   0% 3624 MHz:   0% 3756 MHz:   0% 3828 MHz:   0% 3888 MHz:   0% 3948 MHz:   0% 3996 MHz:   0% 4044 MHz:   0% 4104 MHz:   0% 4416 MHz:   0% 4512 MHz:  46%)
CPU 10 idle residency:  53.92%
CPU 10 down residency:   0.00%
CPU 11 frequency: 4512 MHz
CPU 11 active residency:  65.63% (1260 MHz:   0% 1512 MHz:   0% 1800 MHz:   0% 2088 MHz:   0% 2352 MHz:   0% 2616 MHz:   0% 2868 MHz:   0% 3096 MHz:   0% 3300 MHz:   0% 3468 MHz:   0% 3624 MHz:   0% 3756 MHz:   0% 3828 MHz:   0% 3888 MHz:   0% 3948 MHz:   0% 3996 MHz:   0% 4044 MHz:   0% 4104 MHz:   0% 4416 MHz:   0% 4512 MHz:  66%)
CPU 11 idle residency:  34.37%
CPU 11 down residency:   0.00%
CPU 12 frequency: 4512 MHz
CPU 12 active residency:  55.72% (1260 MHz:   0% 1512 MHz:   0% 1800 MHz:   0% 2088 MHz:   0% 2352 MHz:   0% 2616 MHz:   0% 2868 MHz:   0% 3096 MHz:   0% 3300 MHz:   0% 3468 MHz:   0% 3624 MHz:   0% 3756 MHz:   0% 3828 MHz:   0% 3888 MHz:   0% 3948 MHz:   0% 3996 MHz:   0% 4044 MHz:   0% 4104 MHz:   0% 4416 MHz:   0% 4512 MHz:  56%)
CPU 12 idle residency:  44.28%
CPU 12 down residency:   0.00%
CPU 13 frequency: 4512 MHz
CPU 13 active residency:  55.03% (1260 MHz:   0% 1512 MHz:   0% 1800 MHz:   0% 2088 MHz:   0% 2352 MHz:   0% 2616 MHz:   0% 2868 MHz:   0% 3096 MHz:   0% 3300 MHz:   0% 3468 MHz:   0% 3624 MHz:   0% 3756 MHz:   0% 3828 MHz:   0% 3888 MHz:   0% 3948 MHz:   0% 3996 MHz:   0% 4044 MHz:   0% 4104 MHz:   0% 4416 MHz:   0% 4512 MHz:  55%)
CPU 13 idle residency:  44.97%
CPU 13 down residency:   0.00%
CPU 14 frequency: 4512 MHz
CPU 14 active residency:  62.10% (1260 MHz:   0% 1512 MHz:   0% 1800 MHz:   0% 2088 MHz:   0% 2352 MHz:   0% 2616 MHz:   0% 2868 MHz:   0% 3096 MHz:   0% 3300 MHz:   0% 3468 MHz:   0% 3624 MHz:   0% 3756 MHz:   0% 3828 MHz:   0% 3888 MHz:   0% 3948 MHz:   0% 3996 MHz:   0% 4044 MHz:   0% 4104 MHz:   0% 4416 MHz:   0% 4512 MHz:  62%)
CPU 14 idle residency:  37.90%
CPU 14 down residency:   0.00%
CPU 15 frequency: 4512 MHz
CPU 15 active residency:  63.20% (1260 MHz:   0% 1512 MHz:   0% 1800 MHz:   0% 2088 MHz:   0% 2352 MHz:   0% 2616 MHz:   0% 2868 MHz:   0% 3096 MHz:   0% 3300 MHz:   0% 3468 MHz:   0% 3624 MHz:   0% 3756 MHz:   0% 3828 MHz:   0% 3888 MHz:   0% 3948 MHz:   0% 3996 MHz:   0% 4044 MHz:   0% 4104 MHz:   0% 4416 MHz:   0% 4512 MHz:  63%)
CPU 15 idle residency:  36.80%
CPU 15 down residency:   0.00%

CPU Power: 6567 mW
GPU Power: 22406 mW
ANE Power: 0 mW
Combined Power (CPU + GPU + ANE): 28974 mW

**** GPU usage ****

GPU HW active frequency: 1578 MHz
GPU HW active residency:  99.96% (338 MHz: .02% 618 MHz:   0% 796 MHz:   0% 924 MHz:   0% 952 MHz:   0% 1056 MHz:   0% 1062 MHz:   0% 1182 MHz:   0% 1182 MHz:   0% 1312 MHz:   0% 1242 MHz:   0% 1380 MHz:   0% 1326 MHz:   0% 1470 MHz:   0% 1578 MHz: 100%)
GPU SW requested state: (P1 :   0% P2 :   0% P3 :   0% P4 :   0% P5 :   0% P6 :   0% P7 :   0% P8 :   0% P9 :   0% P10 : 100% P11 :   0% P12 :   0% P13 :   0% P14 :   0% P15 :   0%)
GPU SW state: (SW_P1 : .02% SW_P2 :   0% SW_P3 :   0% SW_P4 :   0% SW_P5 :   0% SW_P6 :   0% SW_P7 :   0% SW_P8 :   0% SW_P9 :   0% SW_P10 : 100% SW_P11 :   0% SW_P12 :   0% SW_P13 :   0% SW_P14 :   0% SW_P15 :   0%)
GPU idle residency:   0.04%
GPU Power: 22418 mW



*** Sampled system activity (Tue Jan 20 15:20:34 2026 +0100) (1021.44ms elapsed) ***


**** Processor usage ****

E-Cluster Online: 100%
E-Cluster HW active frequency: 1261 MHz
E-Cluster HW active residency:  49.76% (1020 MHz:  38% 1404 MHz: 3.6% 1788 MHz: 1.7% 2112 MHz: 2.1% 2352 MHz: 2.0% 2532 MHz:   0% 2592 MHz: 2.8%)
E-Cluster idle residency:  50.24%
E-Cluster down residency:   0.00%
CPU 0 frequency: 1301 MHz
CPU 0 active residency:  23.33% (1020 MHz:  16% 1404 MHz: 2.6% 1788 MHz: 1.1% 2112 MHz: 1.1% 2352 MHz: .87% 2532 MHz:   0% 2592 MHz: 1.5%)
CPU 0 idle residency:  76.67%
CPU 0 down residency:   0.00%
CPU 1 frequency: 1329 MHz
CPU 1 active residency:  12.91% (1020 MHz: 9.0% 1404 MHz: .69% 1788 MHz: .71% 2112 MHz: 1.1% 2352 MHz: .73% 2532 MHz:   0% 2592 MHz: .63%)
CPU 1 idle residency:  87.09%
CPU 1 down residency:   0.00%
CPU 2 frequency: 1443 MHz
CPU 2 active residency:   8.11% (1020 MHz: 5.0% 1404 MHz: .35% 1788 MHz: .45% 2112 MHz: .94% 2352 MHz: .81% 2532 MHz:   0% 2592 MHz: .54%)
CPU 2 idle residency:  91.89%
CPU 2 down residency:   0.00%
CPU 3 frequency: 1372 MHz
CPU 3 active residency:   5.03% (1020 MHz: 3.3% 1404 MHz: .42% 1788 MHz: .08% 2112 MHz: .48% 2352 MHz: .57% 2532 MHz:   0% 2592 MHz: .17%)
CPU 3 idle residency:  94.97%
CPU 3 down residency:   0.00%

P0-Cluster Online: 8%
P0-Cluster HW active frequency: 2230 MHz
P0-Cluster HW active residency:   1.52% (1260 MHz: .97% 1512 MHz:   0% 1800 MHz:   0% 2088 MHz: .06% 2352 MHz:   0% 2616 MHz:   0% 2868 MHz:   0% 3096 MHz:   0% 3300 MHz:   0% 3468 MHz:   0% 3624 MHz:   0% 3756 MHz:   0% 3828 MHz:   0% 3888 MHz: .02% 3948 MHz: .01% 3996 MHz: .11% 4044 MHz: .04% 4104 MHz: .11% 4416 MHz: .19% 4512 MHz:   0%)
P0-Cluster idle residency:   4.17%
P0-Cluster down residency:  94.31%
CPU 4 frequency: 4278 MHz
CPU 4 active residency:   0.41% (1260 MHz: .00% 1512 MHz:   0% 1800 MHz:   0% 2088 MHz:   0% 2352 MHz:   0% 2616 MHz:   0% 2868 MHz:   0% 3096 MHz:   0% 3300 MHz:   0% 3468 MHz:   0% 3624 MHz:   0% 3756 MHz:   0% 3828 MHz:   0% 3888 MHz:   0% 3948 MHz:   0% 3996 MHz: .03% 4044 MHz: .02% 4104 MHz: .14% 4416 MHz: .09% 4512 MHz: .13%)
CPU 4 idle residency:   5.56%
CPU 4 down residency:  94.03%
CPU 5 frequency: 4124 MHz
CPU 5 active residency:   0.49% (1260 MHz: .02% 1512 MHz:   0% 1800 MHz:   0% 2088 MHz: .02% 2352 MHz:   0% 2616 MHz:   0% 2868 MHz:   0% 3096 MHz:   0% 3300 MHz:   0% 3468 MHz:   0% 3624 MHz:   0% 3756 MHz:   0% 3828 MHz:   0% 3888 MHz:   0% 3948 MHz:   0% 3996 MHz: .03% 4044 MHz: .02% 4104 MHz: .15% 4416 MHz: .09% 4512 MHz: .17%)
CPU 5 idle residency:   5.51%
CPU 5 down residency:  93.99%
CPU 6 frequency: 4307 MHz
CPU 6 active residency:   0.44% (1260 MHz:   0% 1512 MHz:   0% 1800 MHz:   0% 2088 MHz:   0% 2352 MHz:   0% 2616 MHz:   0% 2868 MHz:   0% 3096 MHz:   0% 3300 MHz:   0% 3468 MHz:   0% 3624 MHz:   0% 3756 MHz:   0% 3828 MHz:   0% 3888 MHz:   0% 3948 MHz:   0% 3996 MHz: .03% 4044 MHz: .02% 4104 MHz: .14% 4416 MHz: .10% 4512 MHz: .15%)
CPU 6 idle residency:   5.57%
CPU 6 down residency:  94.00%
CPU 7 frequency: 3378 MHz
CPU 7 active residency:   0.98% (1260 MHz: .01% 1512 MHz:   0% 1800 MHz: .36% 2088 MHz: .01% 2352 MHz:   0% 2616 MHz:   0% 2868 MHz:   0% 3096 MHz:   0% 3300 MHz:   0% 3468 MHz:   0% 3624 MHz:   0% 3756 MHz:   0% 3828 MHz:   0% 3888 MHz:   0% 3948 MHz:   0% 3996 MHz: .03% 4044 MHz: .02% 4104 MHz: .14% 4416 MHz: .09% 4512 MHz: .32%)
CPU 7 idle residency:   5.53%
CPU 7 down residency:  93.49%
CPU 8 frequency: 4294 MHz
CPU 8 active residency:   0.41% (1260 MHz:   0% 1512 MHz:   0% 1800 MHz:   0% 2088 MHz:   0% 2352 MHz:   0% 2616 MHz:   0% 2868 MHz:   0% 3096 MHz:   0% 3300 MHz:   0% 3468 MHz:   0% 3624 MHz:   0% 3756 MHz:   0% 3828 MHz:   0% 3888 MHz:   0% 3948 MHz:   0% 3996 MHz: .03% 4044 MHz: .02% 4104 MHz: .14% 4416 MHz: .09% 4512 MHz: .13%)
CPU 8 idle residency:   5.57%
CPU 8 down residency:  94.02%
CPU 9 frequency: 4269 MHz
CPU 9 active residency:   0.51% (1260 MHz: .00% 1512 MHz:   0% 1800 MHz: .00% 2088 MHz: .01% 2352 MHz:   0% 2616 MHz:   0% 2868 MHz:   0% 3096 MHz:   0% 3300 MHz:   0% 3468 MHz:   0% 3624 MHz:   0% 3756 MHz:   0% 3828 MHz:   0% 3888 MHz:   0% 3948 MHz:   0% 3996 MHz: .03% 4044 MHz: .02% 4104 MHz: .14% 4416 MHz: .09% 4512 MHz: .21%)
CPU 9 idle residency:   5.56%
CPU 9 down residency:  93.93%

P1-Cluster HW active frequency: 4006 MHz
P1-Cluster HW active residency:  99.55% (1260 MHz:   0% 1512 MHz:   0% 1800 MHz:   0% 2088 MHz:   0% 2352 MHz:   0% 2616 MHz:   0% 2868 MHz:   0% 3096 MHz:   0% 3300 MHz:   0% 3468 MHz:   0% 3624 MHz:   0% 3756 MHz:   0% 3828 MHz:   0% 3888 MHz:  43% 3948 MHz:  31% 3996 MHz: 7.3% 4044 MHz: 3.9% 4104 MHz:   0% 4416 MHz: 6.1% 4512 MHz: 8.5%)
P1-Cluster idle residency:   0.45%
P1-Cluster down residency:   0.00%
CPU 10 frequency: 4512 MHz
CPU 10 active residency:  70.42% (1260 MHz:   0% 1512 MHz:   0% 1800 MHz:   0% 2088 MHz:   0% 2352 MHz:   0% 2616 MHz:   0% 2868 MHz:   0% 3096 MHz:   0% 3300 MHz:   0% 3468 MHz:   0% 3624 MHz:   0% 3756 MHz:   0% 3828 MHz:   0% 3888 MHz:   0% 3948 MHz:   0% 3996 MHz:   0% 4044 MHz:   0% 4104 MHz:   0% 4416 MHz:   0% 4512 MHz:  70%)
CPU 10 idle residency:  29.58%
CPU 10 down residency:   0.00%
CPU 11 frequency: 4512 MHz
CPU 11 active residency:  62.41% (1260 MHz:   0% 1512 MHz:   0% 1800 MHz:   0% 2088 MHz:   0% 2352 MHz:   0% 2616 MHz:   0% 2868 MHz:   0% 3096 MHz:   0% 3300 MHz:   0% 3468 MHz:   0% 3624 MHz:   0% 3756 MHz:   0% 3828 MHz:   0% 3888 MHz:   0% 3948 MHz:   0% 3996 MHz:   0% 4044 MHz:   0% 4104 MHz:   0% 4416 MHz:   0% 4512 MHz:  62%)
CPU 11 idle residency:  37.59%
CPU 11 down residency:   0.00%
CPU 12 frequency: 4512 MHz
CPU 12 active residency:  58.99% (1260 MHz:   0% 1512 MHz:   0% 1800 MHz:   0% 2088 MHz:   0% 2352 MHz:   0% 2616 MHz:   0% 2868 MHz:   0% 3096 MHz:   0% 3300 MHz:   0% 3468 MHz:   0% 3624 MHz:   0% 3756 MHz:   0% 3828 MHz:   0% 3888 MHz:   0% 3948 MHz:   0% 3996 MHz:   0% 4044 MHz:   0% 4104 MHz:   0% 4416 MHz:   0% 4512 MHz:  59%)
CPU 12 idle residency:  41.01%
CPU 12 down residency:   0.00%
CPU 13 frequency: 4512 MHz
CPU 13 active residency:  61.24% (1260 MHz:   0% 1512 MHz:   0% 1800 MHz:   0% 2088 MHz:   0% 2352 MHz:   0% 2616 MHz:   0% 2868 MHz:   0% 3096 MHz:   0% 3300 MHz:   0% 3468 MHz:   0% 3624 MHz:   0% 3756 MHz:   0% 3828 MHz:   0% 3888 MHz:   0% 3948 MHz:   0% 3996 MHz:   0% 4044 MHz:   0% 4104 MHz:   0% 4416 MHz:   0% 4512 MHz:  61%)
CPU 13 idle residency:  38.76%
CPU 13 down residency:   0.00%
CPU 14 frequency: 4512 MHz
CPU 14 active residency:  65.78% (1260 MHz:   0% 1512 MHz:   0% 1800 MHz:   0% 2088 MHz:   0% 2352 MHz:   0% 2616 MHz:   0% 2868 MHz:   0% 3096 MHz:   0% 3300 MHz:   0% 3468 MHz:   0% 3624 MHz:   0% 3756 MHz:   0% 3828 MHz:   0% 3888 MHz:   0% 3948 MHz:   0% 3996 MHz:   0% 4044 MHz:   0% 4104 MHz:   0% 4416 MHz:   0% 4512 MHz:  66%)
CPU 14 idle residency:  34.22%
CPU 14 down residency:   0.00%
CPU 15 frequency: 4512 MHz
CPU 15 active residency:  49.27% (1260 MHz:   0% 1512 MHz:   0% 1800 MHz:   0% 2088 MHz:   0% 2352 MHz:   0% 2616 MHz:   0% 2868 MHz:   0% 3096 MHz:   0% 3300 MHz:   0% 3468 MHz:   0% 3624 MHz:   0% 3756 MHz:   0% 3828 MHz:   0% 3888 MHz:   0% 3948 MHz:   0% 3996 MHz:   0% 4044 MHz:   0% 4104 MHz:   0% 4416 MHz:   0% 4512 MHz:  49%)
CPU 15 idle residency:  50.73%
CPU 15 down residency:   0.00%

CPU Power: 6676 mW
GPU Power: 22616 mW
ANE Power: 0 mW
Combined Power (CPU + GPU + ANE): 29292 mW

**** GPU usage ****

GPU HW active frequency: 1578 MHz
GPU HW active residency: 100.00% (338 MHz:   0% 618 MHz:   0% 796 MHz:   0% 924 MHz:   0% 952 MHz:   0% 1056 MHz:   0% 1062 MHz:   0% 1182 MHz:   0% 1182 MHz:   0% 1312 MHz:   0% 1242 MHz:   0% 1380 MHz:   0% 1326 MHz:   0% 1470 MHz:   0% 1578 MHz: 100%)
GPU SW requested state: (P1 :   0% P2 :   0% P3 :   0% P4 :   0% P5 :   0% P6 :   0% P7 :   0% P8 :   0% P9 :   0% P10 : 100% P11 :   0% P12 :   0% P13 :   0% P14 :   0% P15 :   0%)
GPU SW state: (SW_P1 :   0% SW_P2 :   0% SW_P3 :   0% SW_P4 :   0% SW_P5 :   0% SW_P6 :   0% SW_P7 :   0% SW_P8 :   0% SW_P9 :   0% SW_P10 : 100% SW_P11 :   0% SW_P12 :   0% SW_P13 :   0% SW_P14 :   0% SW_P15 :   0%)
GPU idle residency:   0.00%
GPU Power: 22599 mW



*** Sampled system activity (Tue Jan 20 15:20:35 2026 +0100) (1020.59ms elapsed) ***


**** Processor usage ****

E-Cluster Online: 100%
E-Cluster HW active frequency: 1207 MHz
E-Cluster HW active residency:  42.29% (1020 MHz:  35% 1404 MHz: 1.3% 1788 MHz: .96% 2112 MHz: 1.6% 2352 MHz: 1.5% 2532 MHz:   0% 2592 MHz: 1.9%)
E-Cluster idle residency:  57.71%
E-Cluster down residency:   0.00%
CPU 0 frequency: 1297 MHz
CPU 0 active residency:  16.28% (1020 MHz:  12% 1404 MHz: .48% 1788 MHz: .66% 2112 MHz: 1.1% 2352 MHz: 1.0% 2532 MHz:   0% 2592 MHz: .78%)
CPU 0 idle residency:  83.72%
CPU 0 down residency:   0.00%
CPU 1 frequency: 1291 MHz
CPU 1 active residency:   9.80% (1020 MHz: 7.6% 1404 MHz: .14% 1788 MHz: .30% 2112 MHz: .50% 2352 MHz: .66% 2532 MHz:   0% 2592 MHz: .61%)
CPU 1 idle residency:  90.20%
CPU 1 down residency:   0.00%
CPU 2 frequency: 1204 MHz
CPU 2 active residency:   5.61% (1020 MHz: 4.7% 1404 MHz: .21% 1788 MHz: .03% 2112 MHz: .19% 2352 MHz: .31% 2532 MHz:   0% 2592 MHz: .19%)
CPU 2 idle residency:  94.39%
CPU 2 down residency:   0.00%
CPU 3 frequency: 1236 MHz
CPU 3 active residency:   6.17% (1020 MHz: 4.8% 1404 MHz: .47% 1788 MHz: .11% 2112 MHz: .38% 2352 MHz: .30% 2532 MHz:   0% 2592 MHz: .16%)
CPU 3 idle residency:  93.83%
CPU 3 down residency:   0.00%

P0-Cluster Online: 90%
P0-Cluster HW active frequency: 3917 MHz
P0-Cluster HW active residency:  85.75% (1260 MHz: 3.6% 1512 MHz:   0% 1800 MHz:   0% 2088 MHz:   0% 2352 MHz:   0% 2616 MHz:   0% 2868 MHz:   0% 3096 MHz:   0% 3300 MHz:   0% 3468 MHz: .16% 3624 MHz: .42% 3756 MHz:   0% 3828 MHz: .45% 3888 MHz:  26% 3948 MHz:  31% 3996 MHz: 5.1% 4044 MHz: 4.2% 4104 MHz: .03% 4416 MHz: 6.3% 4512 MHz: 9.1%)
P0-Cluster idle residency:   4.38%
P0-Cluster down residency:   9.86%
CPU 4 frequency: 4512 MHz
CPU 4 active residency:  51.58% (1260 MHz: .00% 1512 MHz:   0% 1800 MHz:   0% 2088 MHz:   0% 2352 MHz:   0% 2616 MHz:   0% 2868 MHz:   0% 3096 MHz:   0% 3300 MHz:   0% 3468 MHz:   0% 3624 MHz: .00% 3756 MHz:   0% 3828 MHz: .01% 3888 MHz:   0% 3948 MHz: .01% 3996 MHz:   0% 4044 MHz:   0% 4104 MHz:   0% 4416 MHz:   0% 4512 MHz:  52%)
CPU 4 idle residency:  38.54%
CPU 4 down residency:   9.88%
CPU 5 frequency: 4511 MHz
CPU 5 active residency:  51.69% (1260 MHz: .01% 1512 MHz:   0% 1800 MHz:   0% 2088 MHz:   0% 2352 MHz:   0% 2616 MHz:   0% 2868 MHz:   0% 3096 MHz:   0% 3300 MHz:   0% 3468 MHz:   0% 3624 MHz: .00% 3756 MHz:   0% 3828 MHz: .01% 3888 MHz:   0% 3948 MHz: .01% 3996 MHz:   0% 4044 MHz:   0% 4104 MHz:   0% 4416 MHz:   0% 4512 MHz:  52%)
CPU 5 idle residency:  38.43%
CPU 5 down residency:   9.88%
CPU 6 frequency: 4512 MHz
CPU 6 active residency:  48.52% (1260 MHz:   0% 1512 MHz:   0% 1800 MHz:   0% 2088 MHz:   0% 2352 MHz:   0% 2616 MHz:   0% 2868 MHz:   0% 3096 MHz:   0% 3300 MHz:   0% 3468 MHz:   0% 3624 MHz:   0% 3756 MHz:   0% 3828 MHz: .01% 3888 MHz:   0% 3948 MHz: .01% 3996 MHz:   0% 4044 MHz:   0% 4104 MHz:   0% 4416 MHz:   0% 4512 MHz:  48%)
CPU 6 idle residency:  41.61%
CPU 6 down residency:   9.88%
CPU 7 frequency: 4511 MHz
CPU 7 active residency:  24.98% (1260 MHz: .00% 1512 MHz:   0% 1800 MHz:   0% 2088 MHz:   0% 2352 MHz:   0% 2616 MHz:   0% 2868 MHz:   0% 3096 MHz:   0% 3300 MHz:   0% 3468 MHz:   0% 3624 MHz: .00% 3756 MHz:   0% 3828 MHz: .01% 3888 MHz:   0% 3948 MHz: .02% 3996 MHz:   0% 4044 MHz:   0% 4104 MHz:   0% 4416 MHz:   0% 4512 MHz:  25%)
CPU 7 idle residency:  65.15%
CPU 7 down residency:   9.88%
CPU 8 frequency: 4512 MHz
CPU 8 active residency:  46.43% (1260 MHz:   0% 1512 MHz:   0% 1800 MHz:   0% 2088 MHz:   0% 2352 MHz:   0% 2616 MHz:   0% 2868 MHz:   0% 3096 MHz:   0% 3300 MHz:   0% 3468 MHz:   0% 3624 MHz:   0% 3756 MHz:   0% 3828 MHz: .01% 3888 MHz:   0% 3948 MHz: .01% 3996 MHz:   0% 4044 MHz:   0% 4104 MHz:   0% 4416 MHz:   0% 4512 MHz:  46%)
CPU 8 idle residency:  43.69%
CPU 8 down residency:   9.88%
CPU 9 frequency: 4491 MHz
CPU 9 active residency:  50.92% (1260 MHz: .01% 1512 MHz:   0% 1800 MHz:   0% 2088 MHz:   0% 2352 MHz:   0% 2616 MHz:   0% 2868 MHz:   0% 3096 MHz:   0% 3300 MHz:   0% 3468 MHz: .16% 3624 MHz: .42% 3756 MHz:   0% 3828 MHz: .44% 3888 MHz:   0% 3948 MHz: .01% 3996 MHz:   0% 4044 MHz: .43% 4104 MHz: .03% 4416 MHz:   0% 4512 MHz:  49%)
CPU 9 idle residency:  39.20%
CPU 9 down residency:   9.88%

P1-Cluster HW active frequency: 3813 MHz
P1-Cluster HW active residency:  23.96% (1260 MHz: 1.4% 1512 MHz:   0% 1800 MHz:   0% 2088 MHz:   0% 2352 MHz:   0% 2616 MHz:   0% 2868 MHz:   0% 3096 MHz: .09% 3300 MHz: .01% 3468 MHz:   0% 3624 MHz: .10% 3756 MHz:   0% 3828 MHz:   0% 3888 MHz:  12% 3948 MHz: 3.4% 3996 MHz: 3.7% 4044 MHz: 1.2% 4104 MHz:   0% 4416 MHz: 1.6% 4512 MHz: .64%)
P1-Cluster idle residency:   8.87%
P1-Cluster down residency:  67.17%
CPU 10 frequency: 4509 MHz
CPU 10 active residency:  27.42% (1260 MHz: .01% 1512 MHz:   0% 1800 MHz:   0% 2088 MHz:   0% 2352 MHz:   0% 2616 MHz:   0% 2868 MHz:   0% 3096 MHz:   0% 3300 MHz:   0% 3468 MHz:   0% 3624 MHz: .03% 3756 MHz:   0% 3828 MHz:   0% 3888 MHz:   0% 3948 MHz: .03% 3996 MHz:   0% 4044 MHz:   0% 4104 MHz:   0% 4416 MHz:   0% 4512 MHz:  27%)
CPU 10 idle residency:  15.14%
CPU 10 down residency:  57.44%
CPU 11 frequency: 4509 MHz
CPU 11 active residency:  23.32% (1260 MHz: .01% 1512 MHz:   0% 1800 MHz:   0% 2088 MHz:   0% 2352 MHz:   0% 2616 MHz:   0% 2868 MHz:   0% 3096 MHz:   0% 3300 MHz:   0% 3468 MHz:   0% 3624 MHz: .03% 3756 MHz:   0% 3828 MHz:   0% 3888 MHz:   0% 3948 MHz: .00% 3996 MHz:   0% 4044 MHz:   0% 4104 MHz:   0% 4416 MHz:   0% 4512 MHz:  23%)
CPU 11 idle residency:  17.39%
CPU 11 down residency:  59.29%
CPU 12 frequency: 4509 MHz
CPU 12 active residency:  26.46% (1260 MHz: .01% 1512 MHz:   0% 1800 MHz:   0% 2088 MHz:   0% 2352 MHz:   0% 2616 MHz:   0% 2868 MHz:   0% 3096 MHz:   0% 3300 MHz:   0% 3468 MHz:   0% 3624 MHz: .03% 3756 MHz:   0% 3828 MHz:   0% 3888 MHz:   0% 3948 MHz: .03% 3996 MHz:   0% 4044 MHz:   0% 4104 MHz:   0% 4416 MHz:   0% 4512 MHz:  26%)
CPU 12 idle residency:  16.53%
CPU 12 down residency:  57.01%
CPU 13 frequency: 4509 MHz
CPU 13 active residency:  23.55% (1260 MHz: .01% 1512 MHz:   0% 1800 MHz:   0% 2088 MHz:   0% 2352 MHz:   0% 2616 MHz:   0% 2868 MHz:   0% 3096 MHz:   0% 3300 MHz:   0% 3468 MHz:   0% 3624 MHz: .03% 3756 MHz:   0% 3828 MHz:   0% 3888 MHz:   0% 3948 MHz: .03% 3996 MHz:   0% 4044 MHz:   0% 4104 MHz:   0% 4416 MHz:   0% 4512 MHz:  23%)
CPU 13 idle residency:  18.73%
CPU 13 down residency:  57.72%
CPU 14 frequency: 4510 MHz
CPU 14 active residency:  27.51% (1260 MHz: .01% 1512 MHz:   0% 1800 MHz:   0% 2088 MHz:   0% 2352 MHz:   0% 2616 MHz:   0% 2868 MHz:   0% 3096 MHz:   0% 3300 MHz:   0% 3468 MHz:   0% 3624 MHz: .03% 3756 MHz:   0% 3828 MHz:   0% 3888 MHz:   0% 3948 MHz: .01% 3996 MHz:   0% 4044 MHz:   0% 4104 MHz:   0% 4416 MHz:   0% 4512 MHz:  27%)
CPU 14 idle residency:  14.55%
CPU 14 down residency:  57.94%
CPU 15 frequency: 4510 MHz
CPU 15 active residency:  27.51% (1260 MHz: .01% 1512 MHz:   0% 1800 MHz:   0% 2088 MHz:   0% 2352 MHz:   0% 2616 MHz:   0% 2868 MHz:   0% 3096 MHz:   0% 3300 MHz:   0% 3468 MHz:   0% 3624 MHz: .03% 3756 MHz:   0% 3828 MHz:   0% 3888 MHz:   0% 3948 MHz: .00% 3996 MHz:   0% 4044 MHz:   0% 4104 MHz:   0% 4416 MHz:   0% 4512 MHz:  27%)
CPU 15 idle residency:  13.90%
CPU 15 down residency:  58.59%

CPU Power: 7097 mW
GPU Power: 22473 mW
ANE Power: 0 mW
Combined Power (CPU + GPU + ANE): 29570 mW

**** GPU usage ****

GPU HW active frequency: 1578 MHz
GPU HW active residency: 100.00% (338 MHz:   0% 618 MHz:   0% 796 MHz:   0% 924 MHz:   0% 952 MHz:   0% 1056 MHz:   0% 1062 MHz:   0% 1182 MHz:   0% 1182 MHz:   0% 1312 MHz:   0% 1242 MHz:   0% 1380 MHz:   0% 1326 MHz:   0% 1470 MHz:   0% 1578 MHz: 100%)
GPU SW requested state: (P1 :   0% P2 :   0% P3 :   0% P4 :   0% P5 :   0% P6 :   0% P7 :   0% P8 :   0% P9 :   0% P10 : 100% P11 :   0% P12 :   0% P13 :   0% P14 :   0% P15 :   0%)
GPU SW state: (SW_P1 :   0% SW_P2 :   0% SW_P3 :   0% SW_P4 :   0% SW_P5 :   0% SW_P6 :   0% SW_P7 :   0% SW_P8 :   0% SW_P9 :   0% SW_P10 : 100% SW_P11 :   0% SW_P12 :   0% SW_P13 :   0% SW_P14 :   0% SW_P15 :   0%)
GPU idle residency:   0.00%
GPU Power: 22481 mW



*** Sampled system activity (Tue Jan 20 15:20:36 2026 +0100) (1020.46ms elapsed) ***


**** Processor usage ****

E-Cluster Online: 100%
E-Cluster HW active frequency: 1233 MHz
E-Cluster HW active residency:  47.59% (1020 MHz:  37% 1404 MHz: 3.2% 1788 MHz: .92% 2112 MHz: 2.3% 2352 MHz: 1.9% 2532 MHz: .03% 2592 MHz: 2.0%)
E-Cluster idle residency:  52.41%
E-Cluster down residency:   0.00%
CPU 0 frequency: 1257 MHz
CPU 0 active residency:  18.75% (1020 MHz:  14% 1404 MHz: 1.5% 1788 MHz: .16% 2112 MHz: 1.4% 2352 MHz: .81% 2532 MHz: .01% 2592 MHz: .69%)
CPU 0 idle residency:  81.25%
CPU 0 down residency:   0.00%
CPU 1 frequency: 1293 MHz
CPU 1 active residency:  14.85% (1020 MHz:  11% 1404 MHz: .94% 1788 MHz: .45% 2112 MHz: .85% 2352 MHz: .80% 2532 MHz: .01% 2592 MHz: .85%)
CPU 1 idle residency:  85.15%
CPU 1 down residency:   0.00%
CPU 2 frequency: 1297 MHz
CPU 2 active residency:  10.69% (1020 MHz: 8.2% 1404 MHz: .22% 1788 MHz: .06% 2112 MHz: .84% 2352 MHz: .98% 2532 MHz: .01% 2592 MHz: .38%)
CPU 2 idle residency:  89.31%
CPU 2 down residency:   0.00%
CPU 3 frequency: 1363 MHz
CPU 3 active residency:   6.71% (1020 MHz: 4.3% 1404 MHz: .54% 1788 MHz: .47% 2112 MHz: .84% 2352 MHz: .32% 2532 MHz: .01% 2592 MHz: .24%)
CPU 3 idle residency:  93.29%
CPU 3 down residency:   0.00%

P0-Cluster Online: 100%
P0-Cluster HW active frequency: 3996 MHz
P0-Cluster HW active residency:  99.61% (1260 MHz:   0% 1512 MHz:   0% 1800 MHz:   0% 2088 MHz:   0% 2352 MHz:   0% 2616 MHz: .02% 2868 MHz:   0% 3096 MHz:   0% 3300 MHz:   0% 3468 MHz:   0% 3624 MHz:   0% 3756 MHz:   0% 3828 MHz: .00% 3888 MHz:  42% 3948 MHz:  34% 3996 MHz: 6.7% 4044 MHz: 4.2% 4104 MHz:   0% 4416 MHz: 5.0% 4512 MHz: 7.5%)
P0-Cluster idle residency:   0.39%
P0-Cluster down residency:   0.00%
CPU 4 frequency: 4512 MHz
CPU 4 active residency:  48.35% (1260 MHz:   0% 1512 MHz:   0% 1800 MHz:   0% 2088 MHz:   0% 2352 MHz:   0% 2616 MHz: .01% 2868 MHz:   0% 3096 MHz:   0% 3300 MHz:   0% 3468 MHz:   0% 3624 MHz:   0% 3756 MHz:   0% 3828 MHz:   0% 3888 MHz:   0% 3948 MHz:   0% 3996 MHz:   0% 4044 MHz:   0% 4104 MHz:   0% 4416 MHz:   0% 4512 MHz:  48%)
CPU 4 idle residency:  51.65%
CPU 4 down residency:   0.00%
CPU 5 frequency: 4512 MHz
CPU 5 active residency:  72.35% (1260 MHz:   0% 1512 MHz:   0% 1800 MHz:   0% 2088 MHz:   0% 2352 MHz:   0% 2616 MHz: .01% 2868 MHz:   0% 3096 MHz:   0% 3300 MHz:   0% 3468 MHz:   0% 3624 MHz:   0% 3756 MHz:   0% 3828 MHz:   0% 3888 MHz:   0% 3948 MHz:   0% 3996 MHz:   0% 4044 MHz:   0% 4104 MHz:   0% 4416 MHz:   0% 4512 MHz:  72%)
CPU 5 idle residency:  27.65%
CPU 5 down residency:   0.00%
CPU 6 frequency: 4512 MHz
CPU 6 active residency:  68.85% (1260 MHz:   0% 1512 MHz:   0% 1800 MHz:   0% 2088 MHz:   0% 2352 MHz:   0% 2616 MHz: .01% 2868 MHz:   0% 3096 MHz:   0% 3300 MHz:   0% 3468 MHz:   0% 3624 MHz:   0% 3756 MHz:   0% 3828 MHz:   0% 3888 MHz:   0% 3948 MHz:   0% 3996 MHz:   0% 4044 MHz:   0% 4104 MHz:   0% 4416 MHz:   0% 4512 MHz:  69%)
CPU 6 idle residency:  31.15%
CPU 6 down residency:   0.00%
CPU 7 frequency: 4512 MHz
CPU 7 active residency:  72.29% (1260 MHz:   0% 1512 MHz:   0% 1800 MHz:   0% 2088 MHz:   0% 2352 MHz:   0% 2616 MHz: .01% 2868 MHz:   0% 3096 MHz:   0% 3300 MHz:   0% 3468 MHz:   0% 3624 MHz:   0% 3756 MHz:   0% 3828 MHz:   0% 3888 MHz:   0% 3948 MHz:   0% 3996 MHz:   0% 4044 MHz:   0% 4104 MHz:   0% 4416 MHz:   0% 4512 MHz:  72%)
CPU 7 idle residency:  27.71%
CPU 7 down residency:   0.00%
CPU 8 frequency: 4512 MHz
CPU 8 active residency:  61.50% (1260 MHz:   0% 1512 MHz:   0% 1800 MHz:   0% 2088 MHz:   0% 2352 MHz:   0% 2616 MHz: .01% 2868 MHz:   0% 3096 MHz:   0% 3300 MHz:   0% 3468 MHz:   0% 3624 MHz:   0% 3756 MHz:   0% 3828 MHz:   0% 3888 MHz:   0% 3948 MHz:   0% 3996 MHz:   0% 4044 MHz:   0% 4104 MHz:   0% 4416 MHz:   0% 4512 MHz:  61%)
CPU 8 idle residency:  38.50%
CPU 8 down residency:   0.00%
CPU 9 frequency: 4512 MHz
CPU 9 active residency:  54.10% (1260 MHz:   0% 1512 MHz:   0% 1800 MHz:   0% 2088 MHz:   0% 2352 MHz:   0% 2616 MHz: .01% 2868 MHz:   0% 3096 MHz:   0% 3300 MHz:   0% 3468 MHz:   0% 3624 MHz:   0% 3756 MHz:   0% 3828 MHz:   0% 3888 MHz:   0% 3948 MHz:   0% 3996 MHz:   0% 4044 MHz:   0% 4104 MHz:   0% 4416 MHz:   0% 4512 MHz:  54%)
CPU 9 idle residency:  45.90%
CPU 9 down residency:   0.00%

P1-Cluster HW active frequency: 2394 MHz
P1-Cluster HW active residency:   1.53% (1260 MHz: .85% 1512 MHz:   0% 1800 MHz: .02% 2088 MHz:   0% 2352 MHz: .02% 2616 MHz: .02% 2868 MHz: .07% 3096 MHz: .08% 3300 MHz: .04% 3468 MHz:   0% 3624 MHz:   0% 3756 MHz:   0% 3828 MHz:   0% 3888 MHz: .01% 3948 MHz: .02% 3996 MHz:   0% 4044 MHz: .02% 4104 MHz:   0% 4416 MHz: .07% 4512 MHz: .29%)
P1-Cluster idle residency:   2.55%
P1-Cluster down residency:  95.93%
CPU 10 frequency: 4173 MHz
CPU 10 active residency:   0.16% (1260 MHz: .00% 1512 MHz:   0% 1800 MHz:   0% 2088 MHz:   0% 2352 MHz:   0% 2616 MHz:   0% 2868 MHz:   0% 3096 MHz: .02% 3300 MHz:   0% 3468 MHz:   0% 3624 MHz:   0% 3756 MHz:   0% 3828 MHz:   0% 3888 MHz: .03% 3948 MHz:   0% 3996 MHz:   0% 4044 MHz:   0% 4104 MHz:   0% 4416 MHz:   0% 4512 MHz: .11%)
CPU 10 idle residency:   3.90%
CPU 10 down residency:  95.95%
CPU 11 frequency: 4483 MHz
CPU 11 active residency:   2.94% (1260 MHz: .01% 1512 MHz:   0% 1800 MHz:   0% 2088 MHz:   0% 2352 MHz:   0% 2616 MHz:   0% 2868 MHz:   0% 3096 MHz: .02% 3300 MHz:   0% 3468 MHz:   0% 3624 MHz:   0% 3756 MHz:   0% 3828 MHz:   0% 3888 MHz: .03% 3948 MHz:   0% 3996 MHz:   0% 4044 MHz:   0% 4104 MHz:   0% 4416 MHz:   0% 4512 MHz: 2.9%)
CPU 11 idle residency:   3.76%
CPU 11 down residency:  93.30%
CPU 12 frequency: 4070 MHz
CPU 12 active residency:   0.11% (1260 MHz:   0% 1512 MHz:   0% 1800 MHz:   0% 2088 MHz:   0% 2352 MHz:   0% 2616 MHz:   0% 2868 MHz:   0% 3096 MHz: .02% 3300 MHz:   0% 3468 MHz:   0% 3624 MHz:   0% 3756 MHz:   0% 3828 MHz:   0% 3888 MHz: .03% 3948 MHz:   0% 3996 MHz:   0% 4044 MHz:   0% 4104 MHz:   0% 4416 MHz:   0% 4512 MHz: .06%)
CPU 12 idle residency:   3.91%
CPU 12 down residency:  95.99%
CPU 13 frequency: 4420 MHz
CPU 13 active residency:   0.71% (1260 MHz: .01% 1512 MHz:   0% 1800 MHz:   0% 2088 MHz:   0% 2352 MHz:   0% 2616 MHz:   0% 2868 MHz:   0% 3096 MHz: .02% 3300 MHz: .00% 3468 MHz:   0% 3624 MHz:   0% 3756 MHz:   0% 3828 MHz:   0% 3888 MHz: .03% 3948 MHz:   0% 3996 MHz:   0% 4044 MHz:   0% 4104 MHz:   0% 4416 MHz:   0% 4512 MHz: .65%)
CPU 13 idle residency:   3.65%
CPU 13 down residency:  95.64%
CPU 14 frequency: 3790 MHz
CPU 14 active residency:   0.06% (1260 MHz:   0% 1512 MHz:   0% 1800 MHz:   0% 2088 MHz:   0% 2352 MHz:   0% 2616 MHz:   0% 2868 MHz:   0% 3096 MHz: .02% 3300 MHz:   0% 3468 MHz:   0% 3624 MHz:   0% 3756 MHz:   0% 3828 MHz:   0% 3888 MHz: .03% 3948 MHz:   0% 3996 MHz:   0% 4044 MHz:   0% 4104 MHz:   0% 4416 MHz:   0% 4512 MHz: .02%)
CPU 14 idle residency:   3.90%
CPU 14 down residency:  96.03%
CPU 15 frequency: 4485 MHz
CPU 15 active residency:   2.43% (1260 MHz: .01% 1512 MHz:   0% 1800 MHz:   0% 2088 MHz:   0% 2352 MHz:   0% 2616 MHz:   0% 2868 MHz:   0% 3096 MHz: .02% 3300 MHz:   0% 3468 MHz:   0% 3624 MHz:   0% 3756 MHz:   0% 3828 MHz:   0% 3888 MHz: .03% 3948 MHz:   0% 3996 MHz:   0% 4044 MHz:   0% 4104 MHz:   0% 4416 MHz:   0% 4512 MHz: 2.4%)
CPU 15 idle residency:   3.74%
CPU 15 down residency:  93.83%

CPU Power: 6625 mW
GPU Power: 22624 mW
ANE Power: 0 mW
Combined Power (CPU + GPU + ANE): 29250 mW

**** GPU usage ****

GPU HW active frequency: 1578 MHz
GPU HW active residency:  99.95% (338 MHz: .02% 618 MHz:   0% 796 MHz:   0% 924 MHz:   0% 952 MHz:   0% 1056 MHz:   0% 1062 MHz:   0% 1182 MHz:   0% 1182 MHz:   0% 1312 MHz:   0% 1242 MHz:   0% 1380 MHz:   0% 1326 MHz:   0% 1470 MHz:   0% 1578 MHz: 100%)
GPU SW requested state: (P1 :   0% P2 :   0% P3 :   0% P4 :   0% P5 :   0% P6 :   0% P7 :   0% P8 :   0% P9 :   0% P10 : 100% P11 :   0% P12 :   0% P13 :   0% P14 :   0% P15 :   0%)
GPU SW state: (SW_P1 : .02% SW_P2 :   0% SW_P3 :   0% SW_P4 :   0% SW_P5 :   0% SW_P6 :   0% SW_P7 :   0% SW_P8 :   0% SW_P9 :   0% SW_P10 : 100% SW_P11 :   0% SW_P12 :   0% SW_P13 :   0% SW_P14 :   0% SW_P15 :   0%)
GPU idle residency:   0.05%
GPU Power: 22443 mW



*** Sampled system activity (Tue Jan 20 15:20:37 2026 +0100) (1019.94ms elapsed) ***


**** Processor usage ****

E-Cluster Online: 100%
E-Cluster HW active frequency: 1208 MHz
E-Cluster HW active residency:  45.88% (1020 MHz:  38% 1404 MHz: 1.8% 1788 MHz: 1.4% 2112 MHz: 1.3% 2352 MHz: 1.6% 2532 MHz:   0% 2592 MHz: 2.1%)
E-Cluster idle residency:  54.12%
E-Cluster down residency:   0.00%
CPU 0 frequency: 1237 MHz
CPU 0 active residency:  15.85% (1020 MHz:  13% 1404 MHz: .55% 1788 MHz: .44% 2112 MHz: .43% 2352 MHz: .75% 2532 MHz:   0% 2592 MHz: .91%)
CPU 0 idle residency:  84.15%
CPU 0 down residency:   0.00%
CPU 1 frequency: 1276 MHz
CPU 1 active residency:  13.29% (1020 MHz:  10% 1404 MHz: .82% 1788 MHz: .43% 2112 MHz: .49% 2352 MHz: .76% 2532 MHz:   0% 2592 MHz: .77%)
CPU 1 idle residency:  86.71%
CPU 1 down residency:   0.00%
CPU 2 frequency: 1237 MHz
CPU 2 active residency:   8.57% (1020 MHz: 6.3% 1404 MHz: .97% 1788 MHz: .42% 2112 MHz: .47% 2352 MHz: .21% 2532 MHz:   0% 2592 MHz: .24%)
CPU 2 idle residency:  91.43%
CPU 2 down residency:   0.00%
CPU 3 frequency: 1258 MHz
CPU 3 active residency:   5.77% (1020 MHz: 4.2% 1404 MHz: .44% 1788 MHz: .56% 2112 MHz: .25% 2352 MHz: .13% 2532 MHz:   0% 2592 MHz: .21%)
CPU 3 idle residency:  94.23%
CPU 3 down residency:   0.00%

P0-Cluster Online: 100%
P0-Cluster HW active frequency: 4005 MHz
P0-Cluster HW active residency:  99.50% (1260 MHz:   0% 1512 MHz:   0% 1800 MHz:   0% 2088 MHz:   0% 2352 MHz:   0% 2616 MHz:   0% 2868 MHz:   0% 3096 MHz:   0% 3300 MHz:   0% 3468 MHz:   0% 3624 MHz:   0% 3756 MHz:   0% 3828 MHz:   0% 3888 MHz:  38% 3948 MHz:  36% 3996 MHz: 7.2% 4044 MHz: 4.5% 4104 MHz:   0% 4416 MHz: 5.5% 4512 MHz: 8.1%)
P0-Cluster idle residency:   0.50%
P0-Cluster down residency:   0.00%
CPU 4 frequency: 4512 MHz
CPU 4 active residency:  72.20% (1260 MHz:   0% 1512 MHz:   0% 1800 MHz:   0% 2088 MHz:   0% 2352 MHz:   0% 2616 MHz:   0% 2868 MHz:   0% 3096 MHz:   0% 3300 MHz:   0% 3468 MHz:   0% 3624 MHz:   0% 3756 MHz:   0% 3828 MHz:   0% 3888 MHz:   0% 3948 MHz:   0% 3996 MHz:   0% 4044 MHz:   0% 4104 MHz:   0% 4416 MHz:   0% 4512 MHz:  72%)
CPU 4 idle residency:  27.80%
CPU 4 down residency:   0.00%
CPU 5 frequency: 4512 MHz
CPU 5 active residency:  58.46% (1260 MHz:   0% 1512 MHz:   0% 1800 MHz:   0% 2088 MHz:   0% 2352 MHz:   0% 2616 MHz:   0% 2868 MHz:   0% 3096 MHz:   0% 3300 MHz:   0% 3468 MHz:   0% 3624 MHz:   0% 3756 MHz:   0% 3828 MHz:   0% 3888 MHz:   0% 3948 MHz:   0% 3996 MHz:   0% 4044 MHz:   0% 4104 MHz:   0% 4416 MHz:   0% 4512 MHz:  58%)
CPU 5 idle residency:  41.54%
CPU 5 down residency:   0.00%
CPU 6 frequency: 4512 MHz
CPU 6 active residency:  39.58% (1260 MHz:   0% 1512 MHz:   0% 1800 MHz:   0% 2088 MHz:   0% 2352 MHz:   0% 2616 MHz:   0% 2868 MHz:   0% 3096 MHz:   0% 3300 MHz:   0% 3468 MHz:   0% 3624 MHz:   0% 3756 MHz:   0% 3828 MHz:   0% 3888 MHz:   0% 3948 MHz:   0% 3996 MHz:   0% 4044 MHz:   0% 4104 MHz:   0% 4416 MHz:   0% 4512 MHz:  40%)
CPU 6 idle residency:  60.42%
CPU 6 down residency:   0.00%
CPU 7 frequency: 4512 MHz
CPU 7 active residency:  64.39% (1260 MHz:   0% 1512 MHz:   0% 1800 MHz:   0% 2088 MHz:   0% 2352 MHz:   0% 2616 MHz:   0% 2868 MHz:   0% 3096 MHz:   0% 3300 MHz:   0% 3468 MHz:   0% 3624 MHz:   0% 3756 MHz:   0% 3828 MHz:   0% 3888 MHz:   0% 3948 MHz:   0% 3996 MHz:   0% 4044 MHz:   0% 4104 MHz:   0% 4416 MHz:   0% 4512 MHz:  64%)
CPU 7 idle residency:  35.61%
CPU 7 down residency:   0.00%
CPU 8 frequency: 4512 MHz
CPU 8 active residency:  63.60% (1260 MHz:   0% 1512 MHz:   0% 1800 MHz:   0% 2088 MHz:   0% 2352 MHz:   0% 2616 MHz:   0% 2868 MHz:   0% 3096 MHz:   0% 3300 MHz:   0% 3468 MHz:   0% 3624 MHz:   0% 3756 MHz:   0% 3828 MHz:   0% 3888 MHz:   0% 3948 MHz:   0% 3996 MHz:   0% 4044 MHz:   0% 4104 MHz:   0% 4416 MHz:   0% 4512 MHz:  64%)
CPU 8 idle residency:  36.40%
CPU 8 down residency:   0.00%
CPU 9 frequency: 4512 MHz
CPU 9 active residency:  64.40% (1260 MHz:   0% 1512 MHz:   0% 1800 MHz:   0% 2088 MHz:   0% 2352 MHz:   0% 2616 MHz:   0% 2868 MHz:   0% 3096 MHz:   0% 3300 MHz:   0% 3468 MHz:   0% 3624 MHz:   0% 3756 MHz:   0% 3828 MHz:   0% 3888 MHz:   0% 3948 MHz:   0% 3996 MHz:   0% 4044 MHz:   0% 4104 MHz:   0% 4416 MHz:   0% 4512 MHz:  64%)
CPU 9 idle residency:  35.60%
CPU 9 down residency:   0.00%

P1-Cluster HW active frequency: 1898 MHz
P1-Cluster HW active residency:   3.86% (1260 MHz: 2.5% 1512 MHz: .05% 1800 MHz: .03% 2088 MHz: .34% 2352 MHz:   0% 2616 MHz: .18% 2868 MHz: .23% 3096 MHz: .02% 3300 MHz:   0% 3468 MHz:   0% 3624 MHz:   0% 3756 MHz:   0% 3828 MHz:   0% 3888 MHz: .02% 3948 MHz: .00% 3996 MHz:   0% 4044 MHz: .02% 4104 MHz:   0% 4416 MHz: .00% 4512 MHz: .42%)
P1-Cluster idle residency:   5.22%
P1-Cluster down residency:  90.92%
CPU 10 frequency: 2922 MHz
CPU 10 active residency:   0.38% (1260 MHz: .01% 1512 MHz:   0% 1800 MHz: .01% 2088 MHz:   0% 2352 MHz: .02% 2616 MHz: .07% 2868 MHz: .18% 3096 MHz: .06% 3300 MHz:   0% 3468 MHz:   0% 3624 MHz:   0% 3756 MHz:   0% 3828 MHz:   0% 3888 MHz:   0% 3948 MHz:   0% 3996 MHz:   0% 4044 MHz:   0% 4104 MHz:   0% 4416 MHz:   0% 4512 MHz: .04%)
CPU 10 idle residency:   8.72%
CPU 10 down residency:  90.90%
CPU 11 frequency: 2497 MHz
CPU 11 active residency:   0.78% (1260 MHz: .07% 1512 MHz:   0% 1800 MHz: .02% 2088 MHz: .31% 2352 MHz: .03% 2616 MHz: .07% 2868 MHz: .18% 3096 MHz: .06% 3300 MHz:   0% 3468 MHz:   0% 3624 MHz:   0% 3756 MHz:   0% 3828 MHz:   0% 3888 MHz:   0% 3948 MHz:   0% 3996 MHz:   0% 4044 MHz:   0% 4104 MHz:   0% 4416 MHz:   0% 4512 MHz: .06%)
CPU 11 idle residency:   8.35%
CPU 11 down residency:  90.86%
CPU 12 frequency: 2910 MHz
CPU 12 active residency:   0.37% (1260 MHz: .00% 1512 MHz:   0% 1800 MHz: .01% 2088 MHz:   0% 2352 MHz: .02% 2616 MHz: .07% 2868 MHz: .18% 3096 MHz: .06% 3300 MHz:   0% 3468 MHz:   0% 3624 MHz:   0% 3756 MHz:   0% 3828 MHz:   0% 3888 MHz:   0% 3948 MHz:   0% 3996 MHz:   0% 4044 MHz:   0% 4104 MHz:   0% 4416 MHz:   0% 4512 MHz: .03%)
CPU 12 idle residency:   8.73%
CPU 12 down residency:  90.89%
CPU 13 frequency: 3671 MHz
CPU 13 active residency:   0.89% (1260 MHz: .04% 1512 MHz:   0% 1800 MHz: .02% 2088 MHz: .00% 2352 MHz: .02% 2616 MHz: .07% 2868 MHz: .18% 3096 MHz: .06% 3300 MHz:   0% 3468 MHz:   0% 3624 MHz:   0% 3756 MHz:   0% 3828 MHz:   0% 3888 MHz:   0% 3948 MHz:   0% 3996 MHz:   0% 4044 MHz:   0% 4104 MHz:   0% 4416 MHz:   0% 4512 MHz: .50%)
CPU 13 idle residency:   8.46%
CPU 13 down residency:  90.66%
CPU 14 frequency: 2976 MHz
CPU 14 active residency:   0.40% (1260 MHz: .01% 1512 MHz:   0% 1800 MHz: .01% 2088 MHz:   0% 2352 MHz: .02% 2616 MHz: .07% 2868 MHz: .19% 3096 MHz: .06% 3300 MHz:   0% 3468 MHz:   0% 3624 MHz:   0% 3756 MHz:   0% 3828 MHz:   0% 3888 MHz:   0% 3948 MHz:   0% 3996 MHz:   0% 4044 MHz:   0% 4104 MHz:   0% 4416 MHz:   0% 4512 MHz: .05%)
CPU 14 idle residency:   8.72%
CPU 14 down residency:  90.87%
CPU 15 frequency: 2956 MHz
CPU 15 active residency:   0.56% (1260 MHz: .08% 1512 MHz:   0% 1800 MHz: .02% 2088 MHz: .00% 2352 MHz: .02% 2616 MHz: .07% 2868 MHz: .18% 3096 MHz: .04% 3300 MHz:   0% 3468 MHz:   0% 3624 MHz:   0% 3756 MHz:   0% 3828 MHz:   0% 3888 MHz:   0% 3948 MHz:   0% 3996 MHz:   0% 4044 MHz:   0% 4104 MHz:   0% 4416 MHz:   0% 4512 MHz: .14%)
CPU 15 idle residency:   8.64%
CPU 15 down residency:  90.80%

CPU Power: 6750 mW
GPU Power: 22676 mW
ANE Power: 0 mW
Combined Power (CPU + GPU + ANE): 29426 mW

**** GPU usage ****

GPU HW active frequency: 1578 MHz
GPU HW active residency: 100.00% (338 MHz:   0% 618 MHz:   0% 796 MHz:   0% 924 MHz:   0% 952 MHz:   0% 1056 MHz:   0% 1062 MHz:   0% 1182 MHz:   0% 1182 MHz:   0% 1312 MHz:   0% 1242 MHz:   0% 1380 MHz:   0% 1326 MHz:   0% 1470 MHz:   0% 1578 MHz: 100%)
GPU SW requested state: (P1 :   0% P2 :   0% P3 :   0% P4 :   0% P5 :   0% P6 :   0% P7 :   0% P8 :   0% P9 :   0% P10 : 100% P11 :   0% P12 :   0% P13 :   0% P14 :   0% P15 :   0%)
GPU SW state: (SW_P1 :   0% SW_P2 :   0% SW_P3 :   0% SW_P4 :   0% SW_P5 :   0% SW_P6 :   0% SW_P7 :   0% SW_P8 :   0% SW_P9 :   0% SW_P10 : 100% SW_P11 :   0% SW_P12 :   0% SW_P13 :   0% SW_P14 :   0% SW_P15 :   0%)
GPU idle residency:   0.00%
GPU Power: 22855 mW



*** Sampled system activity (Tue Jan 20 15:20:38 2026 +0100) (1018.44ms elapsed) ***


**** Processor usage ****

E-Cluster Online: 100%
E-Cluster HW active frequency: 1350 MHz
E-Cluster HW active residency:  49.47% (1020 MHz:  36% 1404 MHz: 1.8% 1788 MHz: 1.2% 2112 MHz: 1.3% 2352 MHz: 1.2% 2532 MHz: 1.7% 2592 MHz: 5.7%)
E-Cluster idle residency:  50.53%
E-Cluster down residency:   0.00%
CPU 0 frequency: 1350 MHz
CPU 0 active residency:  20.78% (1020 MHz:  15% 1404 MHz: .87% 1788 MHz: .63% 2112 MHz: .78% 2352 MHz: .33% 2532 MHz: .68% 2592 MHz: 2.4%)
CPU 0 idle residency:  79.22%
CPU 0 down residency:   0.00%
CPU 1 frequency: 1326 MHz
CPU 1 active residency:  13.05% (1020 MHz: 9.7% 1404 MHz: .47% 1788 MHz: .40% 2112 MHz: .75% 2352 MHz: .32% 2532 MHz: .16% 2592 MHz: 1.3%)
CPU 1 idle residency:  86.95%
CPU 1 down residency:   0.00%
CPU 2 frequency: 1473 MHz
CPU 2 active residency:   8.77% (1020 MHz: 5.3% 1404 MHz: .69% 1788 MHz: .55% 2112 MHz: .51% 2352 MHz: .12% 2532 MHz: .30% 2592 MHz: 1.3%)
CPU 2 idle residency:  91.23%
CPU 2 down residency:   0.00%
CPU 3 frequency: 1537 MHz
CPU 3 active residency:   5.24% (1020 MHz: 3.1% 1404 MHz: .12% 1788 MHz: .07% 2112 MHz: .56% 2352 MHz: .57% 2532 MHz: .02% 2592 MHz: .78%)
CPU 3 idle residency:  94.76%
CPU 3 down residency:   0.00%

P0-Cluster Online: 100%
P0-Cluster HW active frequency: 4002 MHz
P0-Cluster HW active residency:  99.55% (1260 MHz:   0% 1512 MHz:   0% 1800 MHz:   0% 2088 MHz:   0% 2352 MHz:   0% 2616 MHz:   0% 2868 MHz:   0% 3096 MHz:   0% 3300 MHz:   0% 3468 MHz:   0% 3624 MHz:   0% 3756 MHz:   0% 3828 MHz: .00% 3888 MHz:  41% 3948 MHz:  35% 3996 MHz: 5.7% 4044 MHz: 3.8% 4104 MHz:   0% 4416 MHz: 5.6% 4512 MHz: 8.2%)
P0-Cluster idle residency:   0.45%
P0-Cluster down residency:   0.00%
CPU 4 frequency: 4512 MHz
CPU 4 active residency:  73.20% (1260 MHz:   0% 1512 MHz:   0% 1800 MHz:   0% 2088 MHz:   0% 2352 MHz:   0% 2616 MHz:   0% 2868 MHz:   0% 3096 MHz:   0% 3300 MHz:   0% 3468 MHz:   0% 3624 MHz:   0% 3756 MHz:   0% 3828 MHz:   0% 3888 MHz:   0% 3948 MHz:   0% 3996 MHz:   0% 4044 MHz:   0% 4104 MHz:   0% 4416 MHz:   0% 4512 MHz:  73%)
CPU 4 idle residency:  26.80%
CPU 4 down residency:   0.00%
CPU 5 frequency: 4512 MHz
CPU 5 active residency:  55.80% (1260 MHz:   0% 1512 MHz:   0% 1800 MHz:   0% 2088 MHz:   0% 2352 MHz:   0% 2616 MHz:   0% 2868 MHz:   0% 3096 MHz:   0% 3300 MHz:   0% 3468 MHz:   0% 3624 MHz:   0% 3756 MHz:   0% 3828 MHz:   0% 3888 MHz:   0% 3948 MHz:   0% 3996 MHz:   0% 4044 MHz:   0% 4104 MHz:   0% 4416 MHz:   0% 4512 MHz:  56%)
CPU 5 idle residency:  44.20%
CPU 5 down residency:   0.00%
CPU 6 frequency: 4512 MHz
CPU 6 active residency:  62.68% (1260 MHz:   0% 1512 MHz:   0% 1800 MHz:   0% 2088 MHz:   0% 2352 MHz:   0% 2616 MHz:   0% 2868 MHz:   0% 3096 MHz:   0% 3300 MHz:   0% 3468 MHz:   0% 3624 MHz:   0% 3756 MHz:   0% 3828 MHz:   0% 3888 MHz:   0% 3948 MHz:   0% 3996 MHz:   0% 4044 MHz:   0% 4104 MHz:   0% 4416 MHz:   0% 4512 MHz:  63%)
CPU 6 idle residency:  37.32%
CPU 6 down residency:   0.00%
CPU 7 frequency: 4512 MHz
CPU 7 active residency:  65.33% (1260 MHz:   0% 1512 MHz:   0% 1800 MHz:   0% 2088 MHz:   0% 2352 MHz:   0% 2616 MHz:   0% 2868 MHz:   0% 3096 MHz:   0% 3300 MHz:   0% 3468 MHz:   0% 3624 MHz:   0% 3756 MHz:   0% 3828 MHz:   0% 3888 MHz:   0% 3948 MHz:   0% 3996 MHz:   0% 4044 MHz:   0% 4104 MHz:   0% 4416 MHz:   0% 4512 MHz:  65%)
CPU 7 idle residency:  34.67%
CPU 7 down residency:   0.00%
CPU 8 frequency: 4512 MHz
CPU 8 active residency:  53.77% (1260 MHz:   0% 1512 MHz:   0% 1800 MHz:   0% 2088 MHz:   0% 2352 MHz:   0% 2616 MHz:   0% 2868 MHz:   0% 3096 MHz:   0% 3300 MHz:   0% 3468 MHz:   0% 3624 MHz:   0% 3756 MHz:   0% 3828 MHz:   0% 3888 MHz:   0% 3948 MHz:   0% 3996 MHz:   0% 4044 MHz:   0% 4104 MHz:   0% 4416 MHz:   0% 4512 MHz:  54%)
CPU 8 idle residency:  46.23%
CPU 8 down residency:   0.00%
CPU 9 frequency: 4512 MHz
CPU 9 active residency:  63.30% (1260 MHz:   0% 1512 MHz:   0% 1800 MHz:   0% 2088 MHz:   0% 2352 MHz:   0% 2616 MHz:   0% 2868 MHz:   0% 3096 MHz:   0% 3300 MHz:   0% 3468 MHz:   0% 3624 MHz:   0% 3756 MHz:   0% 3828 MHz:   0% 3888 MHz:   0% 3948 MHz:   0% 3996 MHz:   0% 4044 MHz:   0% 4104 MHz:   0% 4416 MHz:   0% 4512 MHz:  63%)
CPU 9 idle residency:  36.70%
CPU 9 down residency:   0.00%

P1-Cluster HW active frequency: 2098 MHz
P1-Cluster HW active residency:   3.20% (1260 MHz: 1.7% 1512 MHz: .42% 1800 MHz: .27% 2088 MHz:   0% 2352 MHz:   0% 2616 MHz:   0% 2868 MHz:   0% 3096 MHz:   0% 3300 MHz:   0% 3468 MHz:   0% 3624 MHz:   0% 3756 MHz:   0% 3828 MHz:   0% 3888 MHz: .02% 3948 MHz: .02% 3996 MHz:   0% 4044 MHz:   0% 4104 MHz:   0% 4416 MHz: .03% 4512 MHz: .68%)
P1-Cluster idle residency:   6.86%
P1-Cluster down residency:  89.95%
CPU 10 frequency: 0 MHz
CPU 10 active residency:   0.00% (1260 MHz:   0% 1512 MHz:   0% 1800 MHz:   0% 2088 MHz:   0% 2352 MHz:   0% 2616 MHz:   0% 2868 MHz:   0% 3096 MHz:   0% 3300 MHz:   0% 3468 MHz:   0% 3624 MHz:   0% 3756 MHz:   0% 3828 MHz:   0% 3888 MHz:   0% 3948 MHz:   0% 3996 MHz:   0% 4044 MHz:   0% 4104 MHz:   0% 4416 MHz:   0% 4512 MHz:   0%)
CPU 10 idle residency:   9.63%
CPU 10 down residency:  90.37%
CPU 11 frequency: 0 MHz
CPU 11 active residency:   0.00% (1260 MHz:   0% 1512 MHz:   0% 1800 MHz:   0% 2088 MHz:   0% 2352 MHz:   0% 2616 MHz:   0% 2868 MHz:   0% 3096 MHz:   0% 3300 MHz:   0% 3468 MHz:   0% 3624 MHz:   0% 3756 MHz:   0% 3828 MHz:   0% 3888 MHz:   0% 3948 MHz:   0% 3996 MHz:   0% 4044 MHz:   0% 4104 MHz:   0% 4416 MHz:   0% 4512 MHz:   0%)
CPU 11 idle residency:   9.62%
CPU 11 down residency:  90.38%
CPU 12 frequency: 0 MHz
CPU 12 active residency:   0.00% (1260 MHz:   0% 1512 MHz:   0% 1800 MHz:   0% 2088 MHz:   0% 2352 MHz:   0% 2616 MHz:   0% 2868 MHz:   0% 3096 MHz:   0% 3300 MHz:   0% 3468 MHz:   0% 3624 MHz:   0% 3756 MHz:   0% 3828 MHz:   0% 3888 MHz:   0% 3948 MHz:   0% 3996 MHz:   0% 4044 MHz:   0% 4104 MHz:   0% 4416 MHz:   0% 4512 MHz:   0%)
CPU 12 idle residency:   9.67%
CPU 12 down residency:  90.33%
CPU 13 frequency: 0 MHz
CPU 13 active residency:   0.00% (1260 MHz:   0% 1512 MHz:   0% 1800 MHz:   0% 2088 MHz:   0% 2352 MHz:   0% 2616 MHz:   0% 2868 MHz:   0% 3096 MHz:   0% 3300 MHz:   0% 3468 MHz:   0% 3624 MHz:   0% 3756 MHz:   0% 3828 MHz:   0% 3888 MHz:   0% 3948 MHz:   0% 3996 MHz:   0% 4044 MHz:   0% 4104 MHz:   0% 4416 MHz:   0% 4512 MHz:   0%)
CPU 13 idle residency:   9.38%
CPU 13 down residency:  90.62%
CPU 14 frequency: 0 MHz
CPU 14 active residency:   0.00% (1260 MHz:   0% 1512 MHz:   0% 1800 MHz:   0% 2088 MHz:   0% 2352 MHz:   0% 2616 MHz:   0% 2868 MHz:   0% 3096 MHz:   0% 3300 MHz:   0% 3468 MHz:   0% 3624 MHz:   0% 3756 MHz:   0% 3828 MHz:   0% 3888 MHz:   0% 3948 MHz:   0% 3996 MHz:   0% 4044 MHz:   0% 4104 MHz:   0% 4416 MHz:   0% 4512 MHz:   0%)
CPU 14 idle residency:   9.59%
CPU 14 down residency:  90.41%
CPU 15 frequency: 0 MHz
CPU 15 active residency:   0.00% (1260 MHz:   0% 1512 MHz:   0% 1800 MHz:   0% 2088 MHz:   0% 2352 MHz:   0% 2616 MHz:   0% 2868 MHz:   0% 3096 MHz:   0% 3300 MHz:   0% 3468 MHz:   0% 3624 MHz:   0% 3756 MHz:   0% 3828 MHz:   0% 3888 MHz:   0% 3948 MHz:   0% 3996 MHz:   0% 4044 MHz:   0% 4104 MHz:   0% 4416 MHz:   0% 4512 MHz:   0%)
CPU 15 idle residency:   9.66%
CPU 15 down residency:  90.34%

CPU Power: 6757 mW
GPU Power: 22665 mW
ANE Power: 0 mW
Combined Power (CPU + GPU + ANE): 29422 mW

**** GPU usage ****

GPU HW active frequency: 1578 MHz
GPU HW active residency: 100.00% (338 MHz:   0% 618 MHz:   0% 796 MHz:   0% 924 MHz:   0% 952 MHz:   0% 1056 MHz:   0% 1062 MHz:   0% 1182 MHz:   0% 1182 MHz:   0% 1312 MHz:   0% 1242 MHz:   0% 1380 MHz:   0% 1326 MHz:   0% 1470 MHz:   0% 1578 MHz: 100%)
GPU SW requested state: (P1 :   0% P2 :   0% P3 :   0% P4 :   0% P5 :   0% P6 :   0% P7 :   0% P8 :   0% P9 :   0% P10 : 100% P11 :   0% P12 :   0% P13 :   0% P14 :   0% P15 :   0%)
GPU SW state: (SW_P1 :   0% SW_P2 :   0% SW_P3 :   0% SW_P4 :   0% SW_P5 :   0% SW_P6 :   0% SW_P7 :   0% SW_P8 :   0% SW_P9 :   0% SW_P10 : 100% SW_P11 :   0% SW_P12 :   0% SW_P13 :   0% SW_P14 :   0% SW_P15 :   0%)
GPU idle residency:   0.00%
GPU Power: 22670 mW



*** Sampled system activity (Tue Jan 20 15:20:39 2026 +0100) (1018.18ms elapsed) ***


**** Processor usage ****

E-Cluster Online: 100%
E-Cluster HW active frequency: 1479 MHz
E-Cluster HW active residency:  52.94% (1020 MHz:  33% 1404 MHz: 1.9% 1788 MHz: 2.7% 2112 MHz: 2.8% 2352 MHz: 2.2% 2532 MHz: 2.9% 2592 MHz: 7.1%)
E-Cluster idle residency:  47.06%
E-Cluster down residency:   0.00%
CPU 0 frequency: 1602 MHz
CPU 0 active residency:  25.21% (1020 MHz:  13% 1404 MHz: 1.4% 1788 MHz: 1.7% 2112 MHz: 2.6% 2352 MHz: 1.6% 2532 MHz: 1.3% 2592 MHz: 3.8%)
CPU 0 idle residency:  74.79%
CPU 0 down residency:   0.00%
CPU 1 frequency: 1492 MHz
CPU 1 active residency:  15.54% (1020 MHz: 9.4% 1404 MHz: .77% 1788 MHz: .92% 2112 MHz: .75% 2352 MHz: .82% 2532 MHz: .65% 2592 MHz: 2.2%)
CPU 1 idle residency:  84.46%
CPU 1 down residency:   0.00%
CPU 2 frequency: 1445 MHz
CPU 2 active residency:   9.60% (1020 MHz: 6.1% 1404 MHz: .51% 1788 MHz: .53% 2112 MHz: .60% 2352 MHz: .33% 2532 MHz: .28% 2592 MHz: 1.2%)
CPU 2 idle residency:  90.40%
CPU 2 down residency:   0.00%
CPU 3 frequency: 1341 MHz
CPU 3 active residency:   8.01% (1020 MHz: 5.8% 1404 MHz: .27% 1788 MHz: .42% 2112 MHz: .37% 2352 MHz: .10% 2532 MHz: .17% 2592 MHz: .87%)
CPU 3 idle residency:  91.99%
CPU 3 down residency:   0.00%

P0-Cluster Online: 19%
P0-Cluster HW active frequency: 3813 MHz
P0-Cluster HW active residency:  16.67% (1260 MHz: .61% 1512 MHz: .18% 1800 MHz:   0% 2088 MHz:   0% 2352 MHz:   0% 2616 MHz:   0% 2868 MHz:   0% 3096 MHz:   0% 3300 MHz:   0% 3468 MHz:   0% 3624 MHz:   0% 3756 MHz:   0% 3828 MHz:   0% 3888 MHz: 9.0% 3948 MHz: 3.6% 3996 MHz: 2.4% 4044 MHz: .48% 4104 MHz:   0% 4416 MHz: .12% 4512 MHz: .28%)
P0-Cluster idle residency:   2.08%
P0-Cluster down residency:  81.25%
CPU 4 frequency: 4512 MHz
CPU 4 active residency:   1.05% (1260 MHz:   0% 1512 MHz:   0% 1800 MHz:   0% 2088 MHz:   0% 2352 MHz:   0% 2616 MHz:   0% 2868 MHz:   0% 3096 MHz:   0% 3300 MHz:   0% 3468 MHz:   0% 3624 MHz:   0% 3756 MHz:   0% 3828 MHz:   0% 3888 MHz:   0% 3948 MHz:   0% 3996 MHz:   0% 4044 MHz:   0% 4104 MHz:   0% 4416 MHz:   0% 4512 MHz: 1.0%)
CPU 4 idle residency:   7.46%
CPU 4 down residency:  91.49%
CPU 5 frequency: 4512 MHz
CPU 5 active residency:   0.99% (1260 MHz:   0% 1512 MHz:   0% 1800 MHz:   0% 2088 MHz:   0% 2352 MHz:   0% 2616 MHz:   0% 2868 MHz:   0% 3096 MHz:   0% 3300 MHz:   0% 3468 MHz:   0% 3624 MHz:   0% 3756 MHz:   0% 3828 MHz:   0% 3888 MHz:   0% 3948 MHz:   0% 3996 MHz:   0% 4044 MHz:   0% 4104 MHz:   0% 4416 MHz:   0% 4512 MHz: .99%)
CPU 5 idle residency:   7.57%
CPU 5 down residency:  91.44%
CPU 6 frequency: 4512 MHz
CPU 6 active residency:   1.08% (1260 MHz:   0% 1512 MHz:   0% 1800 MHz:   0% 2088 MHz:   0% 2352 MHz:   0% 2616 MHz:   0% 2868 MHz:   0% 3096 MHz:   0% 3300 MHz:   0% 3468 MHz:   0% 3624 MHz:   0% 3756 MHz:   0% 3828 MHz:   0% 3888 MHz:   0% 3948 MHz:   0% 3996 MHz:   0% 4044 MHz:   0% 4104 MHz:   0% 4416 MHz:   0% 4512 MHz: 1.1%)
CPU 6 idle residency:   6.54%
CPU 6 down residency:  92.39%
CPU 7 frequency: 4512 MHz
CPU 7 active residency:   1.02% (1260 MHz:   0% 1512 MHz:   0% 1800 MHz:   0% 2088 MHz:   0% 2352 MHz:   0% 2616 MHz:   0% 2868 MHz:   0% 3096 MHz:   0% 3300 MHz:   0% 3468 MHz:   0% 3624 MHz:   0% 3756 MHz:   0% 3828 MHz:   0% 3888 MHz:   0% 3948 MHz:   0% 3996 MHz:   0% 4044 MHz:   0% 4104 MHz:   0% 4416 MHz:   0% 4512 MHz: 1.0%)
CPU 7 idle residency:  11.69%
CPU 7 down residency:  87.29%
CPU 8 frequency: 4512 MHz
CPU 8 active residency:   0.85% (1260 MHz:   0% 1512 MHz:   0% 1800 MHz:   0% 2088 MHz:   0% 2352 MHz:   0% 2616 MHz:   0% 2868 MHz:   0% 3096 MHz:   0% 3300 MHz:   0% 3468 MHz:   0% 3624 MHz:   0% 3756 MHz:   0% 3828 MHz:   0% 3888 MHz:   0% 3948 MHz:   0% 3996 MHz:   0% 4044 MHz:   0% 4104 MHz:   0% 4416 MHz:   0% 4512 MHz: .85%)
CPU 8 idle residency:   8.83%
CPU 8 down residency:  90.32%
CPU 9 frequency: 4512 MHz
CPU 9 active residency:   1.01% (1260 MHz:   0% 1512 MHz:   0% 1800 MHz:   0% 2088 MHz:   0% 2352 MHz:   0% 2616 MHz:   0% 2868 MHz:   0% 3096 MHz:   0% 3300 MHz:   0% 3468 MHz:   0% 3624 MHz:   0% 3756 MHz:   0% 3828 MHz:   0% 3888 MHz:   0% 3948 MHz:   0% 3996 MHz:   0% 4044 MHz:   0% 4104 MHz:   0% 4416 MHz:   0% 4512 MHz: 1.0%)
CPU 9 idle residency:   8.57%
CPU 9 down residency:  90.43%

P1-Cluster HW active frequency: 4020 MHz
P1-Cluster HW active residency:  84.01% (1260 MHz: .05% 1512 MHz: .11% 1800 MHz:   0% 2088 MHz:   0% 2352 MHz:   0% 2616 MHz:   0% 2868 MHz:   0% 3096 MHz:   0% 3300 MHz:   0% 3468 MHz:   0% 3624 MHz:   0% 3756 MHz:   0% 3828 MHz:   0% 3888 MHz:  26% 3948 MHz:  34% 3996 MHz: 5.6% 4044 MHz: 3.8% 4104 MHz:   0% 4416 MHz: 5.6% 4512 MHz: 8.4%)
P1-Cluster idle residency:   1.11%
P1-Cluster down residency:  14.87%
CPU 10 frequency: 4490 MHz
CPU 10 active residency:  53.01% (1260 MHz: .03% 1512 MHz: .29% 1800 MHz: .07% 2088 MHz:   0% 2352 MHz:   0% 2616 MHz: .02% 2868 MHz:   0% 3096 MHz:   0% 3300 MHz:   0% 3468 MHz:   0% 3624 MHz:   0% 3756 MHz:   0% 3828 MHz:   0% 3888 MHz:   0% 3948 MHz:   0% 3996 MHz:   0% 4044 MHz:   0% 4104 MHz:   0% 4416 MHz:   0% 4512 MHz:  53%)
CPU 10 idle residency:  32.20%
CPU 10 down residency:  14.79%
CPU 11 frequency: 4487 MHz
CPU 11 active residency:  50.74% (1260 MHz: .05% 1512 MHz: .30% 1800 MHz: .08% 2088 MHz:   0% 2352 MHz:   0% 2616 MHz: .02% 2868 MHz:   0% 3096 MHz:   0% 3300 MHz:   0% 3468 MHz:   0% 3624 MHz:   0% 3756 MHz:   0% 3828 MHz:   0% 3888 MHz:   0% 3948 MHz:   0% 3996 MHz:   0% 4044 MHz:   0% 4104 MHz:   0% 4416 MHz:   0% 4512 MHz:  50%)
CPU 11 idle residency:  34.47%
CPU 11 down residency:  14.79%
CPU 12 frequency: 4487 MHz
CPU 12 active residency:  48.35% (1260 MHz: .04% 1512 MHz: .29% 1800 MHz: .07% 2088 MHz:   0% 2352 MHz:   0% 2616 MHz: .02% 2868 MHz:   0% 3096 MHz:   0% 3300 MHz:   0% 3468 MHz:   0% 3624 MHz:   0% 3756 MHz:   0% 3828 MHz:   0% 3888 MHz:   0% 3948 MHz:   0% 3996 MHz:   0% 4044 MHz:   0% 4104 MHz:   0% 4416 MHz:   0% 4512 MHz:  48%)
CPU 12 idle residency:  36.85%
CPU 12 down residency:  14.80%
CPU 13 frequency: 4485 MHz
CPU 13 active residency:  44.78% (1260 MHz: .07% 1512 MHz: .26% 1800 MHz: .07% 2088 MHz:   0% 2352 MHz:   0% 2616 MHz: .02% 2868 MHz:   0% 3096 MHz:   0% 3300 MHz:   0% 3468 MHz:   0% 3624 MHz:   0% 3756 MHz:   0% 3828 MHz:   0% 3888 MHz:   0% 3948 MHz:   0% 3996 MHz:   0% 4044 MHz:   0% 4104 MHz:   0% 4416 MHz:   0% 4512 MHz:  44%)
CPU 13 idle residency:  40.47%
CPU 13 down residency:  14.75%
CPU 14 frequency: 4485 MHz
CPU 14 active residency:  44.46% (1260 MHz: .07% 1512 MHz: .25% 1800 MHz: .07% 2088 MHz:   0% 2352 MHz:   0% 2616 MHz: .02% 2868 MHz:   0% 3096 MHz:   0% 3300 MHz:   0% 3468 MHz:   0% 3624 MHz:   0% 3756 MHz:   0% 3828 MHz:   0% 3888 MHz:   0% 3948 MHz:   0% 3996 MHz:   0% 4044 MHz:   0% 4104 MHz:   0% 4416 MHz:   0% 4512 MHz:  44%)
CPU 14 idle residency:  40.75%
CPU 14 down residency:  14.78%
CPU 15 frequency: 4487 MHz
CPU 15 active residency:  49.43% (1260 MHz: .07% 1512 MHz: .26% 1800 MHz: .07% 2088 MHz:   0% 2352 MHz:   0% 2616 MHz: .02% 2868 MHz:   0% 3096 MHz:   0% 3300 MHz:   0% 3468 MHz:   0% 3624 MHz:   0% 3756 MHz:   0% 3828 MHz:   0% 3888 MHz:   0% 3948 MHz:   0% 3996 MHz:   0% 4044 MHz:   0% 4104 MHz:   0% 4416 MHz:   0% 4512 MHz:  49%)
CPU 15 idle residency:  35.78%
CPU 15 down residency:  14.80%

CPU Power: 6586 mW
GPU Power: 22561 mW
ANE Power: 0 mW
Combined Power (CPU + GPU + ANE): 29147 mW

**** GPU usage ****

GPU HW active frequency: 1578 MHz
GPU HW active residency:  99.88% (338 MHz: .03% 618 MHz:   0% 796 MHz:   0% 924 MHz:   0% 952 MHz:   0% 1056 MHz:   0% 1062 MHz:   0% 1182 MHz:   0% 1182 MHz:   0% 1312 MHz:   0% 1242 MHz:   0% 1380 MHz:   0% 1326 MHz:   0% 1470 MHz:   0% 1578 MHz: 100%)
GPU SW requested state: (P1 :   0% P2 :   0% P3 :   0% P4 :   0% P5 :   0% P6 :   0% P7 :   0% P8 :   0% P9 :   0% P10 : 100% P11 :   0% P12 :   0% P13 :   0% P14 :   0% P15 :   0%)
GPU SW state: (SW_P1 : .03% SW_P2 :   0% SW_P3 :   0% SW_P4 :   0% SW_P5 :   0% SW_P6 :   0% SW_P7 :   0% SW_P8 :   0% SW_P9 :   0% SW_P10 : 100% SW_P11 :   0% SW_P12 :   0% SW_P13 :   0% SW_P14 :   0% SW_P15 :   0%)
GPU idle residency:   0.12%
GPU Power: 22565 mW



*** Sampled system activity (Tue Jan 20 15:20:40 2026 +0100) (1017.93ms elapsed) ***


**** Processor usage ****

E-Cluster Online: 100%
E-Cluster HW active frequency: 1463 MHz
E-Cluster HW active residency:  50.97% (1020 MHz:  33% 1404 MHz: 2.6% 1788 MHz: .94% 2112 MHz: 1.7% 2352 MHz: 1.9% 2532 MHz: 1.1% 2592 MHz: 9.5%)
E-Cluster idle residency:  49.03%
E-Cluster down residency:   0.00%
CPU 0 frequency: 1471 MHz
CPU 0 active residency:  20.21% (1020 MHz:  13% 1404 MHz: 1.0% 1788 MHz: .45% 2112 MHz: 1.1% 2352 MHz: .93% 2532 MHz: .37% 2592 MHz: 3.4%)
CPU 0 idle residency:  79.79%
CPU 0 down residency:   0.00%
CPU 1 frequency: 1410 MHz
CPU 1 active residency:  13.99% (1020 MHz: 9.3% 1404 MHz: .99% 1788 MHz: .47% 2112 MHz: .49% 2352 MHz: .54% 2532 MHz: .15% 2592 MHz: 2.1%)
CPU 1 idle residency:  86.01%
CPU 1 down residency:   0.00%
CPU 2 frequency: 1335 MHz
CPU 2 active residency:  11.02% (1020 MHz: 7.5% 1404 MHz: 1.2% 1788 MHz: .44% 2112 MHz: .41% 2352 MHz: .29% 2532 MHz: .10% 2592 MHz: 1.1%)
CPU 2 idle residency:  88.98%
CPU 2 down residency:   0.00%
CPU 3 frequency: 1466 MHz
CPU 3 active residency:   6.53% (1020 MHz: 3.9% 1404 MHz: .64% 1788 MHz: .23% 2112 MHz: .28% 2352 MHz: .48% 2532 MHz: .05% 2592 MHz: .94%)
CPU 3 idle residency:  93.47%
CPU 3 down residency:   0.00%

P0-Cluster Online: 11%
P0-Cluster HW active frequency: 1959 MHz
P0-Cluster HW active residency:   3.59% (1260 MHz: 2.2% 1512 MHz: .69% 1800 MHz: .01% 2088 MHz:   0% 2352 MHz:   0% 2616 MHz:   0% 2868 MHz:   0% 3096 MHz:   0% 3300 MHz:   0% 3468 MHz:   0% 3624 MHz:   0% 3756 MHz:   0% 3828 MHz:   0% 3888 MHz: .02% 3948 MHz: .03% 3996 MHz:   0% 4044 MHz:   0% 4104 MHz:   0% 4416 MHz: .06% 4512 MHz: .62%)
P0-Cluster idle residency:   5.61%
P0-Cluster down residency:  90.80%
CPU 4 frequency: 4488 MHz
CPU 4 active residency:  28.02% (1260 MHz: .01% 1512 MHz: .22% 1800 MHz: .01% 2088 MHz:   0% 2352 MHz:   0% 2616 MHz:   0% 2868 MHz:   0% 3096 MHz:   0% 3300 MHz:   0% 3468 MHz:   0% 3624 MHz:   0% 3756 MHz:   0% 3828 MHz:   0% 3888 MHz:   0% 3948 MHz:   0% 3996 MHz:   0% 4044 MHz:   0% 4104 MHz:   0% 4416 MHz:   0% 4512 MHz:  28%)
CPU 4 idle residency:   6.44%
CPU 4 down residency:  65.54%
CPU 5 frequency: 4489 MHz
CPU 5 active residency:  28.03% (1260 MHz: .00% 1512 MHz: .22% 1800 MHz: .00% 2088 MHz:   0% 2352 MHz:   0% 2616 MHz:   0% 2868 MHz:   0% 3096 MHz:   0% 3300 MHz:   0% 3468 MHz:   0% 3624 MHz:   0% 3756 MHz:   0% 3828 MHz:   0% 3888 MHz:   0% 3948 MHz:   0% 3996 MHz:   0% 4044 MHz:   0% 4104 MHz:   0% 4416 MHz:   0% 4512 MHz:  28%)
CPU 5 idle residency:   6.50%
CPU 5 down residency:  65.47%
CPU 6 frequency: 4490 MHz
CPU 6 active residency:  28.67% (1260 MHz:   0% 1512 MHz: .22% 1800 MHz: .00% 2088 MHz:   0% 2352 MHz:   0% 2616 MHz:   0% 2868 MHz:   0% 3096 MHz:   0% 3300 MHz:   0% 3468 MHz:   0% 3624 MHz:   0% 3756 MHz:   0% 3828 MHz:   0% 3888 MHz:   0% 3948 MHz:   0% 3996 MHz:   0% 4044 MHz:   0% 4104 MHz:   0% 4416 MHz:   0% 4512 MHz:  28%)
CPU 6 idle residency:   6.45%
CPU 6 down residency:  64.88%
CPU 7 frequency: 4486 MHz
CPU 7 active residency:  26.03% (1260 MHz:   0% 1512 MHz: .22% 1800 MHz: .00% 2088 MHz:   0% 2352 MHz:   0% 2616 MHz:   0% 2868 MHz:   0% 3096 MHz:   0% 3300 MHz:   0% 3468 MHz:   0% 3624 MHz:   0% 3756 MHz:   0% 3828 MHz:   0% 3888 MHz:   0% 3948 MHz:   0% 3996 MHz:   0% 4044 MHz:   0% 4104 MHz:   0% 4416 MHz:   0% 4512 MHz:  26%)
CPU 7 idle residency:   6.70%
CPU 7 down residency:  67.27%
CPU 8 frequency: 4482 MHz
CPU 8 active residency:  27.41% (1260 MHz: .05% 1512 MHz: .22% 1800 MHz: .00% 2088 MHz:   0% 2352 MHz:   0% 2616 MHz:   0% 2868 MHz:   0% 3096 MHz:   0% 3300 MHz:   0% 3468 MHz:   0% 3624 MHz:   0% 3756 MHz:   0% 3828 MHz:   0% 3888 MHz:   0% 3948 MHz:   0% 3996 MHz:   0% 4044 MHz:   0% 4104 MHz:   0% 4416 MHz:   0% 4512 MHz:  27%)
CPU 8 idle residency:   6.51%
CPU 8 down residency:  66.08%
CPU 9 frequency: 4487 MHz
CPU 9 active residency:  27.72% (1260 MHz: .00% 1512 MHz: .23% 1800 MHz: .00% 2088 MHz:   0% 2352 MHz:   0% 2616 MHz:   0% 2868 MHz:   0% 3096 MHz:   0% 3300 MHz:   0% 3468 MHz:   0% 3624 MHz:   0% 3756 MHz:   0% 3828 MHz:   0% 3888 MHz:   0% 3948 MHz:   0% 3996 MHz:   0% 4044 MHz:   0% 4104 MHz:   0% 4416 MHz:   0% 4512 MHz:  27%)
CPU 9 idle residency:   6.33%
CPU 9 down residency:  65.95%

P1-Cluster HW active frequency: 4010 MHz
P1-Cluster HW active residency:  99.45% (1260 MHz:   0% 1512 MHz:   0% 1800 MHz: .02% 2088 MHz:   0% 2352 MHz:   0% 2616 MHz:   0% 2868 MHz:   0% 3096 MHz:   0% 3300 MHz:   0% 3468 MHz:   0% 3624 MHz:   0% 3756 MHz:   0% 3828 MHz: .00% 3888 MHz:  41% 3948 MHz:  30% 3996 MHz: 8.3% 4044 MHz: 5.1% 4104 MHz:   0% 4416 MHz: 6.2% 4512 MHz: 8.5%)
P1-Cluster idle residency:   0.55%
P1-Cluster down residency:   0.00%
CPU 10 frequency: 4511 MHz
CPU 10 active residency:  63.77% (1260 MHz:   0% 1512 MHz:   0% 1800 MHz: .02% 2088 MHz:   0% 2352 MHz:   0% 2616 MHz:   0% 2868 MHz:   0% 3096 MHz:   0% 3300 MHz:   0% 3468 MHz:   0% 3624 MHz:   0% 3756 MHz:   0% 3828 MHz:   0% 3888 MHz:   0% 3948 MHz:   0% 3996 MHz:   0% 4044 MHz:   0% 4104 MHz:   0% 4416 MHz:   0% 4512 MHz:  64%)
CPU 10 idle residency:  36.23%
CPU 10 down residency:   0.00%
CPU 11 frequency: 4511 MHz
CPU 11 active residency:  60.07% (1260 MHz:   0% 1512 MHz:   0% 1800 MHz: .02% 2088 MHz:   0% 2352 MHz:   0% 2616 MHz:   0% 2868 MHz:   0% 3096 MHz:   0% 3300 MHz:   0% 3468 MHz:   0% 3624 MHz:   0% 3756 MHz:   0% 3828 MHz:   0% 3888 MHz:   0% 3948 MHz:   0% 3996 MHz:   0% 4044 MHz:   0% 4104 MHz:   0% 4416 MHz:   0% 4512 MHz:  60%)
CPU 11 idle residency:  39.93%
CPU 11 down residency:   0.00%
CPU 12 frequency: 4512 MHz
CPU 12 active residency:  62.36% (1260 MHz:   0% 1512 MHz:   0% 1800 MHz: .01% 2088 MHz:   0% 2352 MHz:   0% 2616 MHz:   0% 2868 MHz:   0% 3096 MHz:   0% 3300 MHz:   0% 3468 MHz:   0% 3624 MHz:   0% 3756 MHz:   0% 3828 MHz:   0% 3888 MHz:   0% 3948 MHz:   0% 3996 MHz:   0% 4044 MHz:   0% 4104 MHz:   0% 4416 MHz:   0% 4512 MHz:  62%)
CPU 12 idle residency:  37.64%
CPU 12 down residency:   0.00%
CPU 13 frequency: 4511 MHz
CPU 13 active residency:  69.03% (1260 MHz:   0% 1512 MHz:   0% 1800 MHz: .02% 2088 MHz:   0% 2352 MHz:   0% 2616 MHz:   0% 2868 MHz:   0% 3096 MHz:   0% 3300 MHz:   0% 3468 MHz:   0% 3624 MHz:   0% 3756 MHz:   0% 3828 MHz:   0% 3888 MHz:   0% 3948 MHz:   0% 3996 MHz:   0% 4044 MHz:   0% 4104 MHz:   0% 4416 MHz:   0% 4512 MHz:  69%)
CPU 13 idle residency:  30.97%
CPU 13 down residency:   0.00%
CPU 14 frequency: 4511 MHz
CPU 14 active residency:  56.45% (1260 MHz:   0% 1512 MHz:   0% 1800 MHz: .02% 2088 MHz:   0% 2352 MHz:   0% 2616 MHz:   0% 2868 MHz:   0% 3096 MHz:   0% 3300 MHz:   0% 3468 MHz:   0% 3624 MHz:   0% 3756 MHz:   0% 3828 MHz:   0% 3888 MHz:   0% 3948 MHz:   0% 3996 MHz:   0% 4044 MHz:   0% 4104 MHz:   0% 4416 MHz:   0% 4512 MHz:  56%)
CPU 14 idle residency:  43.55%
CPU 14 down residency:   0.00%
CPU 15 frequency: 4511 MHz
CPU 15 active residency:  41.81% (1260 MHz:   0% 1512 MHz:   0% 1800 MHz: .02% 2088 MHz:   0% 2352 MHz:   0% 2616 MHz:   0% 2868 MHz:   0% 3096 MHz:   0% 3300 MHz:   0% 3468 MHz:   0% 3624 MHz:   0% 3756 MHz:   0% 3828 MHz:   0% 3888 MHz:   0% 3948 MHz:   0% 3996 MHz:   0% 4044 MHz:   0% 4104 MHz:   0% 4416 MHz:   0% 4512 MHz:  42%)
CPU 15 idle residency:  58.19%
CPU 15 down residency:   0.00%

CPU Power: 6558 mW
GPU Power: 22783 mW
ANE Power: 0 mW
Combined Power (CPU + GPU + ANE): 29342 mW

**** GPU usage ****

GPU HW active frequency: 1578 MHz
GPU HW active residency: 100.00% (338 MHz:   0% 618 MHz:   0% 796 MHz:   0% 924 MHz:   0% 952 MHz:   0% 1056 MHz:   0% 1062 MHz:   0% 1182 MHz:   0% 1182 MHz:   0% 1312 MHz:   0% 1242 MHz:   0% 1380 MHz:   0% 1326 MHz:   0% 1470 MHz:   0% 1578 MHz: 100%)
GPU SW requested state: (P1 :   0% P2 :   0% P3 :   0% P4 :   0% P5 :   0% P6 :   0% P7 :   0% P8 :   0% P9 :   0% P10 : 100% P11 :   0% P12 :   0% P13 :   0% P14 :   0% P15 :   0%)
GPU SW state: (SW_P1 :   0% SW_P2 :   0% SW_P3 :   0% SW_P4 :   0% SW_P5 :   0% SW_P6 :   0% SW_P7 :   0% SW_P8 :   0% SW_P9 :   0% SW_P10 : 100% SW_P11 :   0% SW_P12 :   0% SW_P13 :   0% SW_P14 :   0% SW_P15 :   0%)
GPU idle residency:   0.00%
GPU Power: 22775 mW



*** Sampled system activity (Tue Jan 20 15:20:41 2026 +0100) (1019.76ms elapsed) ***


**** Processor usage ****

E-Cluster Online: 100%
E-Cluster HW active frequency: 1664 MHz
E-Cluster HW active residency:  50.27% (1020 MHz:  25% 1404 MHz: 3.1% 1788 MHz: 2.6% 2112 MHz: 2.4% 2352 MHz: 2.0% 2532 MHz: 3.1% 2592 MHz:  12%)
E-Cluster idle residency:  49.73%
E-Cluster down residency:   0.00%
CPU 0 frequency: 1643 MHz
CPU 0 active residency:  22.84% (1020 MHz:  11% 1404 MHz: 1.8% 1788 MHz: 1.7% 2112 MHz: 1.0% 2352 MHz: .72% 2532 MHz: 1.3% 2592 MHz: 5.2%)
CPU 0 idle residency:  77.16%
CPU 0 down residency:   0.00%
CPU 1 frequency: 1609 MHz
CPU 1 active residency:  10.68% (1020 MHz: 5.1% 1404 MHz: 1.3% 1788 MHz: .54% 2112 MHz: .80% 2352 MHz: .29% 2532 MHz: .46% 2592 MHz: 2.2%)
CPU 1 idle residency:  89.32%
CPU 1 down residency:   0.00%
CPU 2 frequency: 1690 MHz
CPU 2 active residency:   7.75% (1020 MHz: 3.3% 1404 MHz: .77% 1788 MHz: .35% 2112 MHz: .65% 2352 MHz: .92% 2532 MHz: .46% 2592 MHz: 1.3%)
CPU 2 idle residency:  92.25%
CPU 2 down residency:   0.00%
CPU 3 frequency: 1584 MHz
CPU 3 active residency:   4.69% (1020 MHz: 2.1% 1404 MHz: .67% 1788 MHz: .43% 2112 MHz: .58% 2352 MHz: .10% 2532 MHz: .16% 2592 MHz: .67%)
CPU 3 idle residency:  95.31%
CPU 3 down residency:   0.00%

P0-Cluster Online: 4%
P0-Cluster HW active frequency: 1332 MHz
P0-Cluster HW active residency:   0.77% (1260 MHz: .55% 1512 MHz: .22% 1800 MHz:   0% 2088 MHz:   0% 2352 MHz:   0% 2616 MHz:   0% 2868 MHz:   0% 3096 MHz:   0% 3300 MHz:   0% 3468 MHz:   0% 3624 MHz:   0% 3756 MHz:   0% 3828 MHz:   0% 3888 MHz:   0% 3948 MHz:   0% 3996 MHz:   0% 4044 MHz:   0% 4104 MHz:   0% 4416 MHz:   0% 4512 MHz:   0%)
P0-Cluster idle residency:   3.15%
P0-Cluster down residency:  96.08%
CPU 4 frequency: 1512 MHz
CPU 4 active residency:   0.03% (1260 MHz:   0% 1512 MHz: .03% 1800 MHz:   0% 2088 MHz:   0% 2352 MHz:   0% 2616 MHz:   0% 2868 MHz:   0% 3096 MHz:   0% 3300 MHz:   0% 3468 MHz:   0% 3624 MHz:   0% 3756 MHz:   0% 3828 MHz:   0% 3888 MHz:   0% 3948 MHz:   0% 3996 MHz:   0% 4044 MHz:   0% 4104 MHz:   0% 4416 MHz:   0% 4512 MHz:   0%)
CPU 4 idle residency:   3.66%
CPU 4 down residency:  96.31%
CPU 5 frequency: 1505 MHz
CPU 5 active residency:   0.04% (1260 MHz: .00% 1512 MHz: .04% 1800 MHz:   0% 2088 MHz:   0% 2352 MHz:   0% 2616 MHz:   0% 2868 MHz:   0% 3096 MHz:   0% 3300 MHz:   0% 3468 MHz:   0% 3624 MHz:   0% 3756 MHz:   0% 3828 MHz:   0% 3888 MHz:   0% 3948 MHz:   0% 3996 MHz:   0% 4044 MHz:   0% 4104 MHz:   0% 4416 MHz:   0% 4512 MHz:   0%)
CPU 5 idle residency:   3.66%
CPU 5 down residency:  96.30%
CPU 6 frequency: 1512 MHz
CPU 6 active residency:   0.03% (1260 MHz:   0% 1512 MHz: .03% 1800 MHz:   0% 2088 MHz:   0% 2352 MHz:   0% 2616 MHz:   0% 2868 MHz:   0% 3096 MHz:   0% 3300 MHz:   0% 3468 MHz:   0% 3624 MHz:   0% 3756 MHz:   0% 3828 MHz:   0% 3888 MHz:   0% 3948 MHz:   0% 3996 MHz:   0% 4044 MHz:   0% 4104 MHz:   0% 4416 MHz:   0% 4512 MHz:   0%)
CPU 6 idle residency:   3.66%
CPU 6 down residency:  96.30%
CPU 7 frequency: 1512 MHz
CPU 7 active residency:   0.03% (1260 MHz:   0% 1512 MHz: .03% 1800 MHz:   0% 2088 MHz:   0% 2352 MHz:   0% 2616 MHz:   0% 2868 MHz:   0% 3096 MHz:   0% 3300 MHz:   0% 3468 MHz:   0% 3624 MHz:   0% 3756 MHz:   0% 3828 MHz:   0% 3888 MHz:   0% 3948 MHz:   0% 3996 MHz:   0% 4044 MHz:   0% 4104 MHz:   0% 4416 MHz:   0% 4512 MHz:   0%)
CPU 7 idle residency:   3.66%
CPU 7 down residency:  96.30%
CPU 8 frequency: 1512 MHz
CPU 8 active residency:   0.03% (1260 MHz:   0% 1512 MHz: .03% 1800 MHz:   0% 2088 MHz:   0% 2352 MHz:   0% 2616 MHz:   0% 2868 MHz:   0% 3096 MHz:   0% 3300 MHz:   0% 3468 MHz:   0% 3624 MHz:   0% 3756 MHz:   0% 3828 MHz:   0% 3888 MHz:   0% 3948 MHz:   0% 3996 MHz:   0% 4044 MHz:   0% 4104 MHz:   0% 4416 MHz:   0% 4512 MHz:   0%)
CPU 8 idle residency:   3.67%
CPU 8 down residency:  96.30%
CPU 9 frequency: 1512 MHz
CPU 9 active residency:   0.03% (1260 MHz:   0% 1512 MHz: .03% 1800 MHz:   0% 2088 MHz:   0% 2352 MHz:   0% 2616 MHz:   0% 2868 MHz:   0% 3096 MHz:   0% 3300 MHz:   0% 3468 MHz:   0% 3624 MHz:   0% 3756 MHz:   0% 3828 MHz:   0% 3888 MHz:   0% 3948 MHz:   0% 3996 MHz:   0% 4044 MHz:   0% 4104 MHz:   0% 4416 MHz:   0% 4512 MHz:   0%)
CPU 9 idle residency:   3.66%
CPU 9 down residency:  96.30%

P1-Cluster HW active frequency: 4023 MHz
P1-Cluster HW active residency:  99.43% (1260 MHz:   0% 1512 MHz:   0% 1800 MHz:   0% 2088 MHz:   0% 2352 MHz:   0% 2616 MHz:   0% 2868 MHz:   0% 3096 MHz:   0% 3300 MHz:   0% 3468 MHz:   0% 3624 MHz:   0% 3756 MHz:   0% 3828 MHz:   0% 3888 MHz:  34% 3948 MHz:  33% 3996 MHz: 9.4% 4044 MHz: 6.2% 4104 MHz:   0% 4416 MHz: 6.9% 4512 MHz: 9.3%)
P1-Cluster idle residency:   0.57%
P1-Cluster down residency:   0.00%
CPU 10 frequency: 4512 MHz
CPU 10 active residency:  63.99% (1260 MHz:   0% 1512 MHz:   0% 1800 MHz:   0% 2088 MHz:   0% 2352 MHz:   0% 2616 MHz:   0% 2868 MHz:   0% 3096 MHz:   0% 3300 MHz:   0% 3468 MHz:   0% 3624 MHz:   0% 3756 MHz:   0% 3828 MHz:   0% 3888 MHz:   0% 3948 MHz:   0% 3996 MHz:   0% 4044 MHz:   0% 4104 MHz:   0% 4416 MHz:   0% 4512 MHz:  64%)
CPU 10 idle residency:  36.01%
CPU 10 down residency:   0.00%
CPU 11 frequency: 4512 MHz
CPU 11 active residency:  53.50% (1260 MHz:   0% 1512 MHz:   0% 1800 MHz:   0% 2088 MHz:   0% 2352 MHz:   0% 2616 MHz:   0% 2868 MHz:   0% 3096 MHz:   0% 3300 MHz:   0% 3468 MHz:   0% 3624 MHz:   0% 3756 MHz:   0% 3828 MHz:   0% 3888 MHz:   0% 3948 MHz:   0% 3996 MHz:   0% 4044 MHz:   0% 4104 MHz:   0% 4416 MHz:   0% 4512 MHz:  53%)
CPU 11 idle residency:  46.50%
CPU 11 down residency:   0.00%
CPU 12 frequency: 4512 MHz
CPU 12 active residency:  58.19% (1260 MHz:   0% 1512 MHz:   0% 1800 MHz:   0% 2088 MHz:   0% 2352 MHz:   0% 2616 MHz:   0% 2868 MHz:   0% 3096 MHz:   0% 3300 MHz:   0% 3468 MHz:   0% 3624 MHz:   0% 3756 MHz:   0% 3828 MHz:   0% 3888 MHz:   0% 3948 MHz:   0% 3996 MHz:   0% 4044 MHz:   0% 4104 MHz:   0% 4416 MHz:   0% 4512 MHz:  58%)
CPU 12 idle residency:  41.81%
CPU 12 down residency:   0.00%
CPU 13 frequency: 4512 MHz
CPU 13 active residency:  58.17% (1260 MHz:   0% 1512 MHz:   0% 1800 MHz:   0% 2088 MHz:   0% 2352 MHz:   0% 2616 MHz:   0% 2868 MHz:   0% 3096 MHz:   0% 3300 MHz:   0% 3468 MHz:   0% 3624 MHz:   0% 3756 MHz:   0% 3828 MHz:   0% 3888 MHz:   0% 3948 MHz:   0% 3996 MHz:   0% 4044 MHz:   0% 4104 MHz:   0% 4416 MHz:   0% 4512 MHz:  58%)
CPU 13 idle residency:  41.83%
CPU 13 down residency:   0.00%
CPU 14 frequency: 4512 MHz
CPU 14 active residency:  52.71% (1260 MHz:   0% 1512 MHz:   0% 1800 MHz:   0% 2088 MHz:   0% 2352 MHz:   0% 2616 MHz:   0% 2868 MHz:   0% 3096 MHz:   0% 3300 MHz:   0% 3468 MHz:   0% 3624 MHz:   0% 3756 MHz:   0% 3828 MHz:   0% 3888 MHz:   0% 3948 MHz:   0% 3996 MHz:   0% 4044 MHz:   0% 4104 MHz:   0% 4416 MHz:   0% 4512 MHz:  53%)
CPU 14 idle residency:  47.29%
CPU 14 down residency:   0.00%
CPU 15 frequency: 4512 MHz
CPU 15 active residency:  49.99% (1260 MHz:   0% 1512 MHz:   0% 1800 MHz:   0% 2088 MHz:   0% 2352 MHz:   0% 2616 MHz:   0% 2868 MHz:   0% 3096 MHz:   0% 3300 MHz:   0% 3468 MHz:   0% 3624 MHz:   0% 3756 MHz:   0% 3828 MHz:   0% 3888 MHz:   0% 3948 MHz:   0% 3996 MHz:   0% 4044 MHz:   0% 4104 MHz:   0% 4416 MHz:   0% 4512 MHz:  50%)
CPU 15 idle residency:  50.01%
CPU 15 down residency:   0.00%

CPU Power: 6527 mW
GPU Power: 22930 mW
ANE Power: 0 mW
Combined Power (CPU + GPU + ANE): 29457 mW

**** GPU usage ****

GPU HW active frequency: 1578 MHz
GPU HW active residency:  99.94% (338 MHz: .02% 618 MHz:   0% 796 MHz:   0% 924 MHz:   0% 952 MHz:   0% 1056 MHz:   0% 1062 MHz:   0% 1182 MHz:   0% 1182 MHz:   0% 1312 MHz:   0% 1242 MHz:   0% 1380 MHz:   0% 1326 MHz:   0% 1470 MHz:   0% 1578 MHz: 100%)
GPU SW requested state: (P1 :   0% P2 :   0% P3 :   0% P4 :   0% P5 :   0% P6 :   0% P7 :   0% P8 :   0% P9 :   0% P10 : 100% P11 :   0% P12 :   0% P13 :   0% P14 :   0% P15 :   0%)
GPU SW state: (SW_P1 : .02% SW_P2 :   0% SW_P3 :   0% SW_P4 :   0% SW_P5 :   0% SW_P6 :   0% SW_P7 :   0% SW_P8 :   0% SW_P9 :   0% SW_P10 : 100% SW_P11 :   0% SW_P12 :   0% SW_P13 :   0% SW_P14 :   0% SW_P15 :   0%)
GPU idle residency:   0.06%
GPU Power: 22930 mW



*** Sampled system activity (Tue Jan 20 15:20:42 2026 +0100) (1019.62ms elapsed) ***


**** Processor usage ****

E-Cluster Online: 100%
E-Cluster HW active frequency: 2085 MHz
E-Cluster HW active residency:  92.35% (1020 MHz:  24% 1404 MHz: 4.1% 1788 MHz: 3.6% 2112 MHz: 2.3% 2352 MHz: .85% 2532 MHz: 2.0% 2592 MHz:  56%)
E-Cluster idle residency:   7.65%
E-Cluster down residency:   0.00%
CPU 0 frequency: 2203 MHz
CPU 0 active residency:  77.64% (1020 MHz:  14% 1404 MHz: 3.2% 1788 MHz: 3.6% 2112 MHz: 2.3% 2352 MHz: .54% 2532 MHz: 1.2% 2592 MHz:  53%)
CPU 0 idle residency:  22.36%
CPU 0 down residency:   0.00%
CPU 1 frequency: 2220 MHz
CPU 1 active residency:  74.74% (1020 MHz:  13% 1404 MHz: 3.1% 1788 MHz: 3.5% 2112 MHz: 2.1% 2352 MHz: .79% 2532 MHz: .79% 2592 MHz:  52%)
CPU 1 idle residency:  25.26%
CPU 1 down residency:   0.00%
CPU 2 frequency: 2263 MHz
CPU 2 active residency:  70.47% (1020 MHz:  10% 1404 MHz: 3.0% 1788 MHz: 3.5% 2112 MHz: 1.9% 2352 MHz: .72% 2532 MHz: .89% 2592 MHz:  50%)
CPU 2 idle residency:  29.53%
CPU 2 down residency:   0.00%
CPU 3 frequency: 2330 MHz
CPU 3 active residency:  66.38% (1020 MHz: 6.5% 1404 MHz: 2.9% 1788 MHz: 3.4% 2112 MHz: 1.9% 2352 MHz: .60% 2532 MHz: .41% 2592 MHz:  51%)
CPU 3 idle residency:  33.62%
CPU 3 down residency:   0.00%

P0-Cluster Online: 8%
P0-Cluster HW active frequency: 2516 MHz
P0-Cluster HW active residency:   3.20% (1260 MHz: 1.8% 1512 MHz: .09% 1800 MHz:   0% 2088 MHz:   0% 2352 MHz:   0% 2616 MHz:   0% 2868 MHz:   0% 3096 MHz: .02% 3300 MHz: .07% 3468 MHz:   0% 3624 MHz:   0% 3756 MHz:   0% 3828 MHz:   0% 3888 MHz: .04% 3948 MHz: .03% 3996 MHz:   0% 4044 MHz: .07% 4104 MHz:   0% 4416 MHz: .05% 4512 MHz: 1.0%)
P0-Cluster idle residency:   3.13%
P0-Cluster down residency:  93.67%
CPU 4 frequency: 1507 MHz
CPU 4 active residency:   0.10% (1260 MHz: .00% 1512 MHz: .10% 1800 MHz:   0% 2088 MHz:   0% 2352 MHz:   0% 2616 MHz:   0% 2868 MHz:   0% 3096 MHz:   0% 3300 MHz:   0% 3468 MHz:   0% 3624 MHz:   0% 3756 MHz:   0% 3828 MHz:   0% 3888 MHz:   0% 3948 MHz:   0% 3996 MHz:   0% 4044 MHz:   0% 4104 MHz:   0% 4416 MHz:   0% 4512 MHz:   0%)
CPU 4 idle residency:   5.92%
CPU 4 down residency:  93.98%
CPU 5 frequency: 1509 MHz
CPU 5 active residency:   0.10% (1260 MHz: .00% 1512 MHz: .10% 1800 MHz:   0% 2088 MHz:   0% 2352 MHz:   0% 2616 MHz:   0% 2868 MHz:   0% 3096 MHz:   0% 3300 MHz:   0% 3468 MHz:   0% 3624 MHz:   0% 3756 MHz:   0% 3828 MHz:   0% 3888 MHz:   0% 3948 MHz:   0% 3996 MHz:   0% 4044 MHz:   0% 4104 MHz:   0% 4416 MHz:   0% 4512 MHz:   0%)
CPU 5 idle residency:   6.00%
CPU 5 down residency:  93.90%
CPU 6 frequency: 1512 MHz
CPU 6 active residency:   0.10% (1260 MHz:   0% 1512 MHz: .10% 1800 MHz:   0% 2088 MHz:   0% 2352 MHz:   0% 2616 MHz:   0% 2868 MHz:   0% 3096 MHz:   0% 3300 MHz:   0% 3468 MHz:   0% 3624 MHz:   0% 3756 MHz:   0% 3828 MHz:   0% 3888 MHz:   0% 3948 MHz:   0% 3996 MHz:   0% 4044 MHz:   0% 4104 MHz:   0% 4416 MHz:   0% 4512 MHz:   0%)
CPU 6 idle residency:   6.03%
CPU 6 down residency:  93.87%
CPU 7 frequency: 1512 MHz
CPU 7 active residency:   0.10% (1260 MHz:   0% 1512 MHz: .10% 1800 MHz:   0% 2088 MHz:   0% 2352 MHz:   0% 2616 MHz:   0% 2868 MHz:   0% 3096 MHz:   0% 3300 MHz:   0% 3468 MHz:   0% 3624 MHz:   0% 3756 MHz:   0% 3828 MHz:   0% 3888 MHz:   0% 3948 MHz:   0% 3996 MHz:   0% 4044 MHz:   0% 4104 MHz:   0% 4416 MHz:   0% 4512 MHz:   0%)
CPU 7 idle residency:   6.03%
CPU 7 down residency:  93.87%
CPU 8 frequency: 1512 MHz
CPU 8 active residency:   0.10% (1260 MHz:   0% 1512 MHz: .10% 1800 MHz:   0% 2088 MHz:   0% 2352 MHz:   0% 2616 MHz:   0% 2868 MHz:   0% 3096 MHz:   0% 3300 MHz:   0% 3468 MHz:   0% 3624 MHz:   0% 3756 MHz:   0% 3828 MHz:   0% 3888 MHz:   0% 3948 MHz:   0% 3996 MHz:   0% 4044 MHz:   0% 4104 MHz:   0% 4416 MHz:   0% 4512 MHz:   0%)
CPU 8 idle residency:   5.65%
CPU 8 down residency:  94.25%
CPU 9 frequency: 1512 MHz
CPU 9 active residency:   0.10% (1260 MHz:   0% 1512 MHz: .10% 1800 MHz:   0% 2088 MHz:   0% 2352 MHz:   0% 2616 MHz:   0% 2868 MHz:   0% 3096 MHz:   0% 3300 MHz:   0% 3468 MHz:   0% 3624 MHz:   0% 3756 MHz:   0% 3828 MHz:   0% 3888 MHz:   0% 3948 MHz:   0% 3996 MHz:   0% 4044 MHz:   0% 4104 MHz:   0% 4416 MHz:   0% 4512 MHz:   0%)
CPU 9 idle residency:   5.99%
CPU 9 down residency:  93.92%

P1-Cluster HW active frequency: 4003 MHz
P1-Cluster HW active residency:  99.88% (1260 MHz:   0% 1512 MHz:   0% 1800 MHz:   0% 2088 MHz:   0% 2352 MHz:   0% 2616 MHz:   0% 2868 MHz:   0% 3096 MHz:   0% 3300 MHz:   0% 3468 MHz:   0% 3624 MHz:   0% 3756 MHz:   0% 3828 MHz:   0% 3888 MHz:  35% 3948 MHz:  41% 3996 MHz: 7.1% 4044 MHz: 3.8% 4104 MHz:   0% 4416 MHz: 6.0% 4512 MHz: 7.2%)
P1-Cluster idle residency:   0.12%
P1-Cluster down residency:   0.00%
CPU 10 frequency: 4512 MHz
CPU 10 active residency:  74.24% (1260 MHz:   0% 1512 MHz:   0% 1800 MHz:   0% 2088 MHz:   0% 2352 MHz:   0% 2616 MHz:   0% 2868 MHz:   0% 3096 MHz:   0% 3300 MHz:   0% 3468 MHz:   0% 3624 MHz:   0% 3756 MHz:   0% 3828 MHz:   0% 3888 MHz:   0% 3948 MHz:   0% 3996 MHz:   0% 4044 MHz:   0% 4104 MHz:   0% 4416 MHz:   0% 4512 MHz:  74%)
CPU 10 idle residency:  25.76%
CPU 10 down residency:   0.00%
CPU 11 frequency: 4512 MHz
CPU 11 active residency:  72.28% (1260 MHz:   0% 1512 MHz:   0% 1800 MHz:   0% 2088 MHz:   0% 2352 MHz:   0% 2616 MHz:   0% 2868 MHz:   0% 3096 MHz:   0% 3300 MHz:   0% 3468 MHz:   0% 3624 MHz:   0% 3756 MHz:   0% 3828 MHz:   0% 3888 MHz:   0% 3948 MHz:   0% 3996 MHz:   0% 4044 MHz:   0% 4104 MHz:   0% 4416 MHz:   0% 4512 MHz:  72%)
CPU 11 idle residency:  27.72%
CPU 11 down residency:   0.00%
CPU 12 frequency: 4512 MHz
CPU 12 active residency:  68.70% (1260 MHz:   0% 1512 MHz:   0% 1800 MHz:   0% 2088 MHz:   0% 2352 MHz:   0% 2616 MHz:   0% 2868 MHz:   0% 3096 MHz:   0% 3300 MHz:   0% 3468 MHz:   0% 3624 MHz:   0% 3756 MHz:   0% 3828 MHz:   0% 3888 MHz:   0% 3948 MHz:   0% 3996 MHz:   0% 4044 MHz:   0% 4104 MHz:   0% 4416 MHz:   0% 4512 MHz:  69%)
CPU 12 idle residency:  31.30%
CPU 12 down residency:   0.00%
CPU 13 frequency: 4512 MHz
CPU 13 active residency:  44.41% (1260 MHz:   0% 1512 MHz:   0% 1800 MHz:   0% 2088 MHz:   0% 2352 MHz:   0% 2616 MHz:   0% 2868 MHz:   0% 3096 MHz:   0% 3300 MHz:   0% 3468 MHz:   0% 3624 MHz:   0% 3756 MHz:   0% 3828 MHz:   0% 3888 MHz:   0% 3948 MHz:   0% 3996 MHz:   0% 4044 MHz:   0% 4104 MHz:   0% 4416 MHz:   0% 4512 MHz:  44%)
CPU 13 idle residency:  55.59%
CPU 13 down residency:   0.00%
CPU 14 frequency: 4512 MHz
CPU 14 active residency:  74.17% (1260 MHz:   0% 1512 MHz:   0% 1800 MHz:   0% 2088 MHz:   0% 2352 MHz:   0% 2616 MHz:   0% 2868 MHz:   0% 3096 MHz:   0% 3300 MHz:   0% 3468 MHz:   0% 3624 MHz:   0% 3756 MHz:   0% 3828 MHz:   0% 3888 MHz:   0% 3948 MHz:   0% 3996 MHz:   0% 4044 MHz:   0% 4104 MHz:   0% 4416 MHz:   0% 4512 MHz:  74%)
CPU 14 idle residency:  25.83%
CPU 14 down residency:   0.00%
CPU 15 frequency: 4512 MHz
CPU 15 active residency:  30.99% (1260 MHz:   0% 1512 MHz:   0% 1800 MHz:   0% 2088 MHz:   0% 2352 MHz:   0% 2616 MHz:   0% 2868 MHz:   0% 3096 MHz:   0% 3300 MHz:   0% 3468 MHz:   0% 3624 MHz:   0% 3756 MHz:   0% 3828 MHz:   0% 3888 MHz:   0% 3948 MHz:   0% 3996 MHz:   0% 4044 MHz:   0% 4104 MHz:   0% 4416 MHz:   0% 4512 MHz:  31%)
CPU 15 idle residency:  69.01%
CPU 15 down residency:   0.00%

CPU Power: 7211 mW
GPU Power: 25081 mW
ANE Power: 0 mW
Combined Power (CPU + GPU + ANE): 32291 mW

**** GPU usage ****

GPU HW active frequency: 1578 MHz
GPU HW active residency: 100.00% (338 MHz:   0% 618 MHz:   0% 796 MHz:   0% 924 MHz:   0% 952 MHz:   0% 1056 MHz:   0% 1062 MHz:   0% 1182 MHz:   0% 1182 MHz:   0% 1312 MHz:   0% 1242 MHz:   0% 1380 MHz:   0% 1326 MHz:   0% 1470 MHz:   0% 1578 MHz: 100%)
GPU SW requested state: (P1 :   0% P2 :   0% P3 :   0% P4 :   0% P5 :   0% P6 :   0% P7 :   0% P8 :   0% P9 :   0% P10 : 100% P11 :   0% P12 :   0% P13 :   0% P14 :   0% P15 :   0%)
GPU SW state: (SW_P1 :   0% SW_P2 :   0% SW_P3 :   0% SW_P4 :   0% SW_P5 :   0% SW_P6 :   0% SW_P7 :   0% SW_P8 :   0% SW_P9 :   0% SW_P10 : 100% SW_P11 :   0% SW_P12 :   0% SW_P13 :   0% SW_P14 :   0% SW_P15 :   0%)
GPU idle residency:   0.00%
GPU Power: 25113 mW



*** Sampled system activity (Tue Jan 20 15:20:43 2026 +0100) (1022.37ms elapsed) ***


**** Processor usage ****

E-Cluster Online: 100%
E-Cluster HW active frequency: 1811 MHz
E-Cluster HW active residency: 100.00% (1020 MHz:  39% 1404 MHz: 6.6% 1788 MHz: 4.3% 2112 MHz: 7.5% 2352 MHz: 5.9% 2532 MHz: 2.5% 2592 MHz:  34%)
E-Cluster idle residency:   0.00%
E-Cluster down residency:   0.00%
CPU 0 frequency: 1819 MHz
CPU 0 active residency:  97.32% (1020 MHz:  38% 1404 MHz: 6.3% 1788 MHz: 4.1% 2112 MHz: 7.4% 2352 MHz: 5.8% 2532 MHz: 2.4% 2592 MHz:  34%)
CPU 0 idle residency:   2.68%
CPU 0 down residency:   0.00%
CPU 1 frequency: 1823 MHz
CPU 1 active residency:  96.58% (1020 MHz:  37% 1404 MHz: 6.3% 1788 MHz: 4.1% 2112 MHz: 7.4% 2352 MHz: 5.8% 2532 MHz: 2.4% 2592 MHz:  33%)
CPU 1 idle residency:   3.42%
CPU 1 down residency:   0.00%
CPU 2 frequency: 1821 MHz
CPU 2 active residency:  96.42% (1020 MHz:  37% 1404 MHz: 6.1% 1788 MHz: 4.0% 2112 MHz: 7.4% 2352 MHz: 5.7% 2532 MHz: 2.4% 2592 MHz:  33%)
CPU 2 idle residency:   3.58%
CPU 2 down residency:   0.00%
CPU 3 frequency: 1826 MHz
CPU 3 active residency:  95.54% (1020 MHz:  37% 1404 MHz: 6.1% 1788 MHz: 4.0% 2112 MHz: 7.3% 2352 MHz: 5.7% 2532 MHz: 2.4% 2592 MHz:  33%)
CPU 3 idle residency:   4.46%
CPU 3 down residency:   0.00%

P0-Cluster Online: 45%
P0-Cluster HW active frequency: 3744 MHz
P0-Cluster HW active residency:  36.44% (1260 MHz: 3.4% 1512 MHz:   0% 1800 MHz:   0% 2088 MHz:   0% 2352 MHz:   0% 2616 MHz: .05% 2868 MHz:   0% 3096 MHz:   0% 3300 MHz:   0% 3468 MHz:   0% 3624 MHz:   0% 3756 MHz:   0% 3828 MHz:   0% 3888 MHz:  19% 3948 MHz: 6.2% 3996 MHz: 2.4% 4044 MHz: .94% 4104 MHz:   0% 4416 MHz: 1.9% 4512 MHz: 2.9%)
P0-Cluster idle residency:   5.61%
P0-Cluster down residency:  57.95%
CPU 4 frequency: 4493 MHz
CPU 4 active residency:  25.10% (1260 MHz: .04% 1512 MHz: .10% 1800 MHz:   0% 2088 MHz:   0% 2352 MHz:   0% 2616 MHz:   0% 2868 MHz:   0% 3096 MHz: .02% 3300 MHz: .03% 3468 MHz:   0% 3624 MHz:   0% 3756 MHz:   0% 3828 MHz:   0% 3888 MHz:   0% 3948 MHz:   0% 3996 MHz:   0% 4044 MHz:   0% 4104 MHz:   0% 4416 MHz:   0% 4512 MHz:  25%)
CPU 4 idle residency:  17.16%
CPU 4 down residency:  57.73%
CPU 5 frequency: 4497 MHz
CPU 5 active residency:  24.33% (1260 MHz: .00% 1512 MHz: .10% 1800 MHz:   0% 2088 MHz:   0% 2352 MHz:   0% 2616 MHz:   0% 2868 MHz:   0% 3096 MHz: .02% 3300 MHz: .03% 3468 MHz:   0% 3624 MHz:   0% 3756 MHz:   0% 3828 MHz:   0% 3888 MHz:   0% 3948 MHz:   0% 3996 MHz:   0% 4044 MHz:   0% 4104 MHz:   0% 4416 MHz:   0% 4512 MHz:  24%)
CPU 5 idle residency:  17.85%
CPU 5 down residency:  57.82%
CPU 6 frequency: 4492 MHz
CPU 6 active residency:  20.77% (1260 MHz: .02% 1512 MHz: .10% 1800 MHz:   0% 2088 MHz:   0% 2352 MHz:   0% 2616 MHz:   0% 2868 MHz:   0% 3096 MHz: .02% 3300 MHz: .02% 3468 MHz:   0% 3624 MHz:   0% 3756 MHz:   0% 3828 MHz:   0% 3888 MHz:   0% 3948 MHz:   0% 3996 MHz:   0% 4044 MHz:   0% 4104 MHz:   0% 4416 MHz:   0% 4512 MHz:  21%)
CPU 6 idle residency:  21.43%
CPU 6 down residency:  57.80%
CPU 7 frequency: 4493 MHz
CPU 7 active residency:  21.02% (1260 MHz: .02% 1512 MHz: .10% 1800 MHz:   0% 2088 MHz:   0% 2352 MHz:   0% 2616 MHz:   0% 2868 MHz:   0% 3096 MHz: .02% 3300 MHz: .03% 3468 MHz:   0% 3624 MHz:   0% 3756 MHz:   0% 3828 MHz:   0% 3888 MHz:   0% 3948 MHz:   0% 3996 MHz:   0% 4044 MHz:   0% 4104 MHz:   0% 4416 MHz:   0% 4512 MHz:  21%)
CPU 7 idle residency:  21.19%
CPU 7 down residency:  57.79%
CPU 8 frequency: 4490 MHz
CPU 8 active residency:  20.79% (1260 MHz: .03% 1512 MHz: .10% 1800 MHz:   0% 2088 MHz:   0% 2352 MHz:   0% 2616 MHz: .00% 2868 MHz:   0% 3096 MHz: .02% 3300 MHz: .03% 3468 MHz:   0% 3624 MHz:   0% 3756 MHz:   0% 3828 MHz:   0% 3888 MHz:   0% 3948 MHz:   0% 3996 MHz:   0% 4044 MHz:   0% 4104 MHz:   0% 4416 MHz:   0% 4512 MHz:  21%)
CPU 8 idle residency:  21.28%
CPU 8 down residency:  57.93%
CPU 9 frequency: 4493 MHz
CPU 9 active residency:  22.38% (1260 MHz: .03% 1512 MHz: .10% 1800 MHz:   0% 2088 MHz:   0% 2352 MHz:   0% 2616 MHz:   0% 2868 MHz:   0% 3096 MHz: .02% 3300 MHz: .03% 3468 MHz:   0% 3624 MHz:   0% 3756 MHz:   0% 3828 MHz:   0% 3888 MHz:   0% 3948 MHz:   0% 3996 MHz:   0% 4044 MHz:   0% 4104 MHz:   0% 4416 MHz:   0% 4512 MHz:  22%)
CPU 9 idle residency:  19.85%
CPU 9 down residency:  57.76%

P1-Cluster HW active frequency: 3929 MHz
P1-Cluster HW active residency:  70.17% (1260 MHz: 1.5% 1512 MHz:   0% 1800 MHz:   0% 2088 MHz:   0% 2352 MHz:   0% 2616 MHz:   0% 2868 MHz:   0% 3096 MHz:   0% 3300 MHz:   0% 3468 MHz:   0% 3624 MHz:   0% 3756 MHz:   0% 3828 MHz:   0% 3888 MHz:  33% 3948 MHz:  23% 3996 MHz: 3.2% 4044 MHz: 1.8% 4104 MHz:   0% 4416 MHz: 3.9% 4512 MHz: 4.3%)
P1-Cluster idle residency:   1.13%
P1-Cluster down residency:  28.70%
CPU 10 frequency: 4512 MHz
CPU 10 active residency:  51.88% (1260 MHz:   0% 1512 MHz:   0% 1800 MHz:   0% 2088 MHz:   0% 2352 MHz:   0% 2616 MHz:   0% 2868 MHz:   0% 3096 MHz:   0% 3300 MHz:   0% 3468 MHz:   0% 3624 MHz:   0% 3756 MHz:   0% 3828 MHz:   0% 3888 MHz:   0% 3948 MHz:   0% 3996 MHz:   0% 4044 MHz:   0% 4104 MHz:   0% 4416 MHz:   0% 4512 MHz:  52%)
CPU 10 idle residency:  19.30%
CPU 10 down residency:  28.82%
CPU 11 frequency: 4512 MHz
CPU 11 active residency:  48.68% (1260 MHz:   0% 1512 MHz:   0% 1800 MHz:   0% 2088 MHz:   0% 2352 MHz:   0% 2616 MHz:   0% 2868 MHz:   0% 3096 MHz:   0% 3300 MHz:   0% 3468 MHz:   0% 3624 MHz:   0% 3756 MHz:   0% 3828 MHz:   0% 3888 MHz:   0% 3948 MHz:   0% 3996 MHz:   0% 4044 MHz:   0% 4104 MHz:   0% 4416 MHz:   0% 4512 MHz:  49%)
CPU 11 idle residency:  22.50%
CPU 11 down residency:  28.82%
CPU 12 frequency: 4512 MHz
CPU 12 active residency:  52.19% (1260 MHz:   0% 1512 MHz:   0% 1800 MHz:   0% 2088 MHz:   0% 2352 MHz:   0% 2616 MHz:   0% 2868 MHz:   0% 3096 MHz:   0% 3300 MHz:   0% 3468 MHz:   0% 3624 MHz:   0% 3756 MHz:   0% 3828 MHz:   0% 3888 MHz:   0% 3948 MHz:   0% 3996 MHz:   0% 4044 MHz:   0% 4104 MHz:   0% 4416 MHz:   0% 4512 MHz:  52%)
CPU 12 idle residency:  18.99%
CPU 12 down residency:  28.82%
CPU 13 frequency: 4512 MHz
CPU 13 active residency:  48.97% (1260 MHz:   0% 1512 MHz:   0% 1800 MHz:   0% 2088 MHz:   0% 2352 MHz:   0% 2616 MHz:   0% 2868 MHz:   0% 3096 MHz:   0% 3300 MHz:   0% 3468 MHz:   0% 3624 MHz:   0% 3756 MHz:   0% 3828 MHz:   0% 3888 MHz:   0% 3948 MHz:   0% 3996 MHz:   0% 4044 MHz:   0% 4104 MHz:   0% 4416 MHz:   0% 4512 MHz:  49%)
CPU 13 idle residency:  22.21%
CPU 13 down residency:  28.82%
CPU 14 frequency: 4512 MHz
CPU 14 active residency:  16.79% (1260 MHz:   0% 1512 MHz:   0% 1800 MHz:   0% 2088 MHz:   0% 2352 MHz:   0% 2616 MHz:   0% 2868 MHz:   0% 3096 MHz:   0% 3300 MHz:   0% 3468 MHz:   0% 3624 MHz:   0% 3756 MHz:   0% 3828 MHz:   0% 3888 MHz:   0% 3948 MHz:   0% 3996 MHz:   0% 4044 MHz:   0% 4104 MHz:   0% 4416 MHz:   0% 4512 MHz:  17%)
CPU 14 idle residency:  54.10%
CPU 14 down residency:  29.11%
CPU 15 frequency: 4512 MHz
CPU 15 active residency:  51.27% (1260 MHz:   0% 1512 MHz:   0% 1800 MHz:   0% 2088 MHz:   0% 2352 MHz:   0% 2616 MHz:   0% 2868 MHz:   0% 3096 MHz:   0% 3300 MHz:   0% 3468 MHz:   0% 3624 MHz:   0% 3756 MHz:   0% 3828 MHz:   0% 3888 MHz:   0% 3948 MHz:   0% 3996 MHz:   0% 4044 MHz:   0% 4104 MHz:   0% 4416 MHz:   0% 4512 MHz:  51%)
CPU 15 idle residency:  19.91%
CPU 15 down residency:  28.82%

CPU Power: 7791 mW
GPU Power: 26278 mW
ANE Power: 0 mW
Combined Power (CPU + GPU + ANE): 34069 mW

**** GPU usage ****

GPU HW active frequency: 1578 MHz
GPU HW active residency: 100.00% (338 MHz:   0% 618 MHz:   0% 796 MHz:   0% 924 MHz:   0% 952 MHz:   0% 1056 MHz:   0% 1062 MHz:   0% 1182 MHz:   0% 1182 MHz:   0% 1312 MHz:   0% 1242 MHz:   0% 1380 MHz:   0% 1326 MHz:   0% 1470 MHz:   0% 1578 MHz: 100%)
GPU SW requested state: (P1 :   0% P2 :   0% P3 :   0% P4 :   0% P5 :   0% P6 :   0% P7 :   0% P8 :   0% P9 :   0% P10 : 100% P11 :   0% P12 :   0% P13 :   0% P14 :   0% P15 :   0%)
GPU SW state: (SW_P1 :   0% SW_P2 :   0% SW_P3 :   0% SW_P4 :   0% SW_P5 :   0% SW_P6 :   0% SW_P7 :   0% SW_P8 :   0% SW_P9 :   0% SW_P10 : 100% SW_P11 :   0% SW_P12 :   0% SW_P13 :   0% SW_P14 :   0% SW_P15 :   0%)
GPU idle residency:   0.00%
GPU Power: 26278 mW



*** Sampled system activity (Tue Jan 20 15:20:44 2026 +0100) (1023.16ms elapsed) ***


**** Processor usage ****

E-Cluster Online: 100%
E-Cluster HW active frequency: 1308 MHz
E-Cluster HW active residency:  99.88% (1020 MHz:  72% 1404 MHz: 9.2% 1788 MHz: 3.0% 2112 MHz: 2.9% 2352 MHz: 2.2% 2532 MHz: .00% 2592 MHz:  11%)
E-Cluster idle residency:   0.12%
E-Cluster down residency:   0.00%
CPU 0 frequency: 1322 MHz
CPU 0 active residency:  91.04% (1020 MHz:  65% 1404 MHz: 8.6% 1788 MHz: 2.6% 2112 MHz: 2.6% 2352 MHz: 2.1% 2532 MHz:   0% 2592 MHz:  10%)
CPU 0 idle residency:   8.96%
CPU 0 down residency:   0.00%
CPU 1 frequency: 1320 MHz
CPU 1 active residency:  89.16% (1020 MHz:  64% 1404 MHz: 8.3% 1788 MHz: 2.5% 2112 MHz: 2.3% 2352 MHz: 2.0% 2532 MHz:   0% 2592 MHz:  10%)
CPU 1 idle residency:  10.84%
CPU 1 down residency:   0.00%
CPU 2 frequency: 1329 MHz
CPU 2 active residency:  84.80% (1020 MHz:  60% 1404 MHz: 8.0% 1788 MHz: 2.3% 2112 MHz: 2.3% 2352 MHz: 2.0% 2532 MHz:   0% 2592 MHz:  10%)
CPU 2 idle residency:  15.20%
CPU 2 down residency:   0.00%
CPU 3 frequency: 1336 MHz
CPU 3 active residency:  79.59% (1020 MHz:  56% 1404 MHz: 7.4% 1788 MHz: 2.0% 2112 MHz: 2.0% 2352 MHz: 1.9% 2532 MHz:   0% 2592 MHz:  10%)
CPU 3 idle residency:  20.41%
CPU 3 down residency:   0.00%

P0-Cluster Online: 100%
P0-Cluster HW active frequency: 4010 MHz
P0-Cluster HW active residency:  99.88% (1260 MHz:   0% 1512 MHz:   0% 1800 MHz:   0% 2088 MHz:   0% 2352 MHz:   0% 2616 MHz:   0% 2868 MHz:   0% 3096 MHz:   0% 3300 MHz:   0% 3468 MHz:   0% 3624 MHz:   0% 3756 MHz:   0% 3828 MHz: .00% 3888 MHz:  47% 3948 MHz:  26% 3996 MHz: 6.8% 4044 MHz: 3.5% 4104 MHz:   0% 4416 MHz: 7.4% 4512 MHz: 8.7%)
P0-Cluster idle residency:   0.12%
P0-Cluster down residency:   0.00%
CPU 4 frequency: 4512 MHz
CPU 4 active residency:  73.27% (1260 MHz:   0% 1512 MHz:   0% 1800 MHz:   0% 2088 MHz:   0% 2352 MHz:   0% 2616 MHz:   0% 2868 MHz:   0% 3096 MHz:   0% 3300 MHz:   0% 3468 MHz:   0% 3624 MHz:   0% 3756 MHz:   0% 3828 MHz:   0% 3888 MHz:   0% 3948 MHz:   0% 3996 MHz:   0% 4044 MHz:   0% 4104 MHz:   0% 4416 MHz:   0% 4512 MHz:  73%)
CPU 4 idle residency:  26.73%
CPU 4 down residency:   0.00%
CPU 5 frequency: 4512 MHz
CPU 5 active residency:  63.87% (1260 MHz:   0% 1512 MHz:   0% 1800 MHz:   0% 2088 MHz:   0% 2352 MHz:   0% 2616 MHz:   0% 2868 MHz:   0% 3096 MHz:   0% 3300 MHz:   0% 3468 MHz:   0% 3624 MHz:   0% 3756 MHz:   0% 3828 MHz:   0% 3888 MHz:   0% 3948 MHz:   0% 3996 MHz:   0% 4044 MHz:   0% 4104 MHz:   0% 4416 MHz:   0% 4512 MHz:  64%)
CPU 5 idle residency:  36.13%
CPU 5 down residency:   0.00%
CPU 6 frequency: 4512 MHz
CPU 6 active residency:  44.75% (1260 MHz:   0% 1512 MHz:   0% 1800 MHz:   0% 2088 MHz:   0% 2352 MHz:   0% 2616 MHz:   0% 2868 MHz:   0% 3096 MHz:   0% 3300 MHz:   0% 3468 MHz:   0% 3624 MHz:   0% 3756 MHz:   0% 3828 MHz:   0% 3888 MHz:   0% 3948 MHz:   0% 3996 MHz:   0% 4044 MHz:   0% 4104 MHz:   0% 4416 MHz:   0% 4512 MHz:  45%)
CPU 6 idle residency:  55.25%
CPU 6 down residency:   0.00%
CPU 7 frequency: 4512 MHz
CPU 7 active residency:  66.22% (1260 MHz:   0% 1512 MHz:   0% 1800 MHz:   0% 2088 MHz:   0% 2352 MHz:   0% 2616 MHz:   0% 2868 MHz:   0% 3096 MHz:   0% 3300 MHz:   0% 3468 MHz:   0% 3624 MHz:   0% 3756 MHz:   0% 3828 MHz:   0% 3888 MHz:   0% 3948 MHz:   0% 3996 MHz:   0% 4044 MHz:   0% 4104 MHz:   0% 4416 MHz:   0% 4512 MHz:  66%)
CPU 7 idle residency:  33.78%
CPU 7 down residency:   0.00%
CPU 8 frequency: 4512 MHz
CPU 8 active residency:  59.32% (1260 MHz:   0% 1512 MHz:   0% 1800 MHz:   0% 2088 MHz:   0% 2352 MHz:   0% 2616 MHz:   0% 2868 MHz:   0% 3096 MHz:   0% 3300 MHz:   0% 3468 MHz:   0% 3624 MHz:   0% 3756 MHz:   0% 3828 MHz:   0% 3888 MHz:   0% 3948 MHz:   0% 3996 MHz:   0% 4044 MHz:   0% 4104 MHz:   0% 4416 MHz:   0% 4512 MHz:  59%)
CPU 8 idle residency:  40.68%
CPU 8 down residency:   0.00%
CPU 9 frequency: 4512 MHz
CPU 9 active residency:  69.28% (1260 MHz:   0% 1512 MHz:   0% 1800 MHz:   0% 2088 MHz:   0% 2352 MHz:   0% 2616 MHz:   0% 2868 MHz:   0% 3096 MHz:   0% 3300 MHz:   0% 3468 MHz:   0% 3624 MHz:   0% 3756 MHz:   0% 3828 MHz:   0% 3888 MHz:   0% 3948 MHz:   0% 3996 MHz:   0% 4044 MHz:   0% 4104 MHz:   0% 4416 MHz:   0% 4512 MHz:  69%)
CPU 9 idle residency:  30.72%
CPU 9 down residency:   0.00%

P1-Cluster HW active frequency: 2586 MHz
P1-Cluster HW active residency:   5.11% (1260 MHz: 2.5% 1512 MHz: .09% 1800 MHz: .28% 2088 MHz:   0% 2352 MHz:   0% 2616 MHz:   0% 2868 MHz:   0% 3096 MHz:   0% 3300 MHz:   0% 3468 MHz:   0% 3624 MHz:   0% 3756 MHz:   0% 3828 MHz:   0% 3888 MHz: .08% 3948 MHz: .09% 3996 MHz: .00% 4044 MHz: 1.3% 4104 MHz:   0% 4416 MHz: .03% 4512 MHz: .77%)
P1-Cluster idle residency:   4.67%
P1-Cluster down residency:  90.23%
CPU 10 frequency: 4335 MHz
CPU 10 active residency:   0.22% (1260 MHz: .01% 1512 MHz:   0% 1800 MHz:   0% 2088 MHz:   0% 2352 MHz:   0% 2616 MHz:   0% 2868 MHz:   0% 3096 MHz:   0% 3300 MHz:   0% 3468 MHz:   0% 3624 MHz:   0% 3756 MHz:   0% 3828 MHz:   0% 3888 MHz:   0% 3948 MHz:   0% 3996 MHz:   0% 4044 MHz:   0% 4104 MHz:   0% 4416 MHz:   0% 4512 MHz: .21%)
CPU 10 idle residency:   7.93%
CPU 10 down residency:  91.84%
CPU 11 frequency: 4426 MHz
CPU 11 active residency:   0.21% (1260 MHz: .01% 1512 MHz:   0% 1800 MHz:   0% 2088 MHz:   0% 2352 MHz:   0% 2616 MHz:   0% 2868 MHz:   0% 3096 MHz:   0% 3300 MHz:   0% 3468 MHz:   0% 3624 MHz:   0% 3756 MHz:   0% 3828 MHz:   0% 3888 MHz:   0% 3948 MHz:   0% 3996 MHz:   0% 4044 MHz:   0% 4104 MHz:   0% 4416 MHz:   0% 4512 MHz: .20%)
CPU 11 idle residency:   9.35%
CPU 11 down residency:  90.44%
CPU 12 frequency: 4220 MHz
CPU 12 active residency:   0.21% (1260 MHz: .02% 1512 MHz:   0% 1800 MHz:   0% 2088 MHz:   0% 2352 MHz:   0% 2616 MHz:   0% 2868 MHz:   0% 3096 MHz:   0% 3300 MHz:   0% 3468 MHz:   0% 3624 MHz:   0% 3756 MHz:   0% 3828 MHz:   0% 3888 MHz:   0% 3948 MHz:   0% 3996 MHz:   0% 4044 MHz:   0% 4104 MHz:   0% 4416 MHz:   0% 4512 MHz: .19%)
CPU 12 idle residency:   9.34%
CPU 12 down residency:  90.44%
CPU 13 frequency: 4213 MHz
CPU 13 active residency:   0.23% (1260 MHz: .02% 1512 MHz:   0% 1800 MHz:   0% 2088 MHz:   0% 2352 MHz:   0% 2616 MHz:   0% 2868 MHz:   0% 3096 MHz:   0% 3300 MHz:   0% 3468 MHz:   0% 3624 MHz:   0% 3756 MHz:   0% 3828 MHz:   0% 3888 MHz:   0% 3948 MHz:   0% 3996 MHz:   0% 4044 MHz:   0% 4104 MHz:   0% 4416 MHz:   0% 4512 MHz: .21%)
CPU 13 idle residency:   9.45%
CPU 13 down residency:  90.32%
CPU 14 frequency: 4231 MHz
CPU 14 active residency:   0.22% (1260 MHz: .02% 1512 MHz:   0% 1800 MHz:   0% 2088 MHz:   0% 2352 MHz:   0% 2616 MHz:   0% 2868 MHz:   0% 3096 MHz:   0% 3300 MHz:   0% 3468 MHz:   0% 3624 MHz:   0% 3756 MHz:   0% 3828 MHz:   0% 3888 MHz:   0% 3948 MHz:   0% 3996 MHz:   0% 4044 MHz:   0% 4104 MHz:   0% 4416 MHz:   0% 4512 MHz: .20%)
CPU 14 idle residency:   9.45%
CPU 14 down residency:  90.33%
CPU 15 frequency: 4223 MHz
CPU 15 active residency:   0.22% (1260 MHz: .02% 1512 MHz:   0% 1800 MHz:   0% 2088 MHz:   0% 2352 MHz:   0% 2616 MHz:   0% 2868 MHz:   0% 3096 MHz:   0% 3300 MHz:   0% 3468 MHz:   0% 3624 MHz:   0% 3756 MHz:   0% 3828 MHz:   0% 3888 MHz:   0% 3948 MHz:   0% 3996 MHz:   0% 4044 MHz:   0% 4104 MHz:   0% 4416 MHz:   0% 4512 MHz: .20%)
CPU 15 idle residency:   9.24%
CPU 15 down residency:  90.53%

CPU Power: 7248 mW
GPU Power: 26124 mW
ANE Power: 0 mW
Combined Power (CPU + GPU + ANE): 33372 mW

**** GPU usage ****

GPU HW active frequency: 1578 MHz
GPU HW active residency:  99.96% (338 MHz: .02% 618 MHz:   0% 796 MHz:   0% 924 MHz:   0% 952 MHz:   0% 1056 MHz:   0% 1062 MHz:   0% 1182 MHz:   0% 1182 MHz:   0% 1312 MHz:   0% 1242 MHz:   0% 1380 MHz:   0% 1326 MHz:   0% 1470 MHz:   0% 1578 MHz: 100%)
GPU SW requested state: (P1 :   0% P2 :   0% P3 :   0% P4 :   0% P5 :   0% P6 :   0% P7 :   0% P8 :   0% P9 :   0% P10 : 100% P11 :   0% P12 :   0% P13 :   0% P14 :   0% P15 :   0%)
GPU SW state: (SW_P1 : .02% SW_P2 :   0% SW_P3 :   0% SW_P4 :   0% SW_P5 :   0% SW_P6 :   0% SW_P7 :   0% SW_P8 :   0% SW_P9 :   0% SW_P10 : 100% SW_P11 :   0% SW_P12 :   0% SW_P13 :   0% SW_P14 :   0% SW_P15 :   0%)
GPU idle residency:   0.04%
GPU Power: 26119 mW



*** Sampled system activity (Tue Jan 20 15:20:45 2026 +0100) (1023.93ms elapsed) ***


**** Processor usage ****

E-Cluster Online: 100%
E-Cluster HW active frequency: 1515 MHz
E-Cluster HW active residency:  99.95% (1020 MHz:  60% 1404 MHz: 6.3% 1788 MHz: 4.1% 2112 MHz: 3.6% 2352 MHz: 3.7% 2532 MHz: .49% 2592 MHz:  22%)
E-Cluster idle residency:   0.05%
E-Cluster down residency:   0.00%
CPU 0 frequency: 1498 MHz
CPU 0 active residency:  93.26% (1020 MHz:  57% 1404 MHz: 5.8% 1788 MHz: 3.5% 2112 MHz: 3.3% 2352 MHz: 3.3% 2532 MHz: .42% 2592 MHz:  20%)
CPU 0 idle residency:   6.74%
CPU 0 down residency:   0.00%
CPU 1 frequency: 1494 MHz
CPU 1 active residency:  90.55% (1020 MHz:  56% 1404 MHz: 5.6% 1788 MHz: 3.4% 2112 MHz: 3.2% 2352 MHz: 3.3% 2532 MHz: .35% 2592 MHz:  19%)
CPU 1 idle residency:   9.45%
CPU 1 down residency:   0.00%
CPU 2 frequency: 1483 MHz
CPU 2 active residency:  87.36% (1020 MHz:  54% 1404 MHz: 5.5% 1788 MHz: 3.1% 2112 MHz: 3.0% 2352 MHz: 3.4% 2532 MHz: .39% 2592 MHz:  18%)
CPU 2 idle residency:  12.64%
CPU 2 down residency:   0.00%
CPU 3 frequency: 1471 MHz
CPU 3 active residency:  82.55% (1020 MHz:  52% 1404 MHz: 5.3% 1788 MHz: 2.8% 2112 MHz: 2.7% 2352 MHz: 3.1% 2532 MHz: .25% 2592 MHz:  16%)
CPU 3 idle residency:  17.45%
CPU 3 down residency:   0.00%

P0-Cluster Online: 100%
P0-Cluster HW active frequency: 4007 MHz
P0-Cluster HW active residency:  99.93% (1260 MHz:   0% 1512 MHz:   0% 1800 MHz:   0% 2088 MHz:   0% 2352 MHz:   0% 2616 MHz:   0% 2868 MHz:   0% 3096 MHz:   0% 3300 MHz:   0% 3468 MHz:   0% 3624 MHz:   0% 3756 MHz:   0% 3828 MHz:   0% 3888 MHz:  48% 3948 MHz:  27% 3996 MHz: 6.6% 4044 MHz: 3.4% 4104 MHz:   0% 4416 MHz: 6.9% 4512 MHz: 8.6%)
P0-Cluster idle residency:   0.07%
P0-Cluster down residency:   0.00%
CPU 4 frequency: 4512 MHz
CPU 4 active residency:  62.70% (1260 MHz:   0% 1512 MHz:   0% 1800 MHz:   0% 2088 MHz:   0% 2352 MHz:   0% 2616 MHz:   0% 2868 MHz:   0% 3096 MHz:   0% 3300 MHz:   0% 3468 MHz:   0% 3624 MHz:   0% 3756 MHz:   0% 3828 MHz:   0% 3888 MHz:   0% 3948 MHz:   0% 3996 MHz:   0% 4044 MHz:   0% 4104 MHz:   0% 4416 MHz:   0% 4512 MHz:  63%)
CPU 4 idle residency:  37.30%
CPU 4 down residency:   0.00%
CPU 5 frequency: 4512 MHz
CPU 5 active residency:  67.60% (1260 MHz:   0% 1512 MHz:   0% 1800 MHz:   0% 2088 MHz:   0% 2352 MHz:   0% 2616 MHz:   0% 2868 MHz:   0% 3096 MHz:   0% 3300 MHz:   0% 3468 MHz:   0% 3624 MHz:   0% 3756 MHz:   0% 3828 MHz:   0% 3888 MHz:   0% 3948 MHz:   0% 3996 MHz:   0% 4044 MHz:   0% 4104 MHz:   0% 4416 MHz:   0% 4512 MHz:  68%)
CPU 5 idle residency:  32.40%
CPU 5 down residency:   0.00%
CPU 6 frequency: 4512 MHz
CPU 6 active residency:  69.35% (1260 MHz:   0% 1512 MHz:   0% 1800 MHz:   0% 2088 MHz:   0% 2352 MHz:   0% 2616 MHz:   0% 2868 MHz:   0% 3096 MHz:   0% 3300 MHz:   0% 3468 MHz:   0% 3624 MHz:   0% 3756 MHz:   0% 3828 MHz:   0% 3888 MHz:   0% 3948 MHz:   0% 3996 MHz:   0% 4044 MHz:   0% 4104 MHz:   0% 4416 MHz:   0% 4512 MHz:  69%)
CPU 6 idle residency:  30.65%
CPU 6 down residency:   0.00%
CPU 7 frequency: 4512 MHz
CPU 7 active residency:  66.16% (1260 MHz:   0% 1512 MHz:   0% 1800 MHz:   0% 2088 MHz:   0% 2352 MHz:   0% 2616 MHz:   0% 2868 MHz:   0% 3096 MHz:   0% 3300 MHz:   0% 3468 MHz:   0% 3624 MHz:   0% 3756 MHz:   0% 3828 MHz:   0% 3888 MHz:   0% 3948 MHz:   0% 3996 MHz:   0% 4044 MHz:   0% 4104 MHz:   0% 4416 MHz:   0% 4512 MHz:  66%)
CPU 7 idle residency:  33.84%
CPU 7 down residency:   0.00%
CPU 8 frequency: 4512 MHz
CPU 8 active residency:  43.03% (1260 MHz:   0% 1512 MHz:   0% 1800 MHz:   0% 2088 MHz:   0% 2352 MHz:   0% 2616 MHz:   0% 2868 MHz:   0% 3096 MHz:   0% 3300 MHz:   0% 3468 MHz:   0% 3624 MHz:   0% 3756 MHz:   0% 3828 MHz:   0% 3888 MHz:   0% 3948 MHz:   0% 3996 MHz:   0% 4044 MHz:   0% 4104 MHz:   0% 4416 MHz:   0% 4512 MHz:  43%)
CPU 8 idle residency:  56.97%
CPU 8 down residency:   0.00%
CPU 9 frequency: 4512 MHz
CPU 9 active residency:  70.80% (1260 MHz:   0% 1512 MHz:   0% 1800 MHz:   0% 2088 MHz:   0% 2352 MHz:   0% 2616 MHz:   0% 2868 MHz:   0% 3096 MHz:   0% 3300 MHz:   0% 3468 MHz:   0% 3624 MHz:   0% 3756 MHz:   0% 3828 MHz:   0% 3888 MHz:   0% 3948 MHz:   0% 3996 MHz:   0% 4044 MHz:   0% 4104 MHz:   0% 4416 MHz:   0% 4512 MHz:  71%)
CPU 9 idle residency:  29.20%
CPU 9 down residency:   0.00%

P1-Cluster HW active frequency: 2871 MHz
P1-Cluster HW active residency:   7.69% (1260 MHz: 3.4% 1512 MHz:   0% 1800 MHz:   0% 2088 MHz:   0% 2352 MHz:   0% 2616 MHz:   0% 2868 MHz:   0% 3096 MHz:   0% 3300 MHz:   0% 3468 MHz:   0% 3624 MHz:   0% 3756 MHz:   0% 3828 MHz:   0% 3888 MHz: .10% 3948 MHz: 1.8% 3996 MHz: .74% 4044 MHz: .12% 4104 MHz:   0% 4416 MHz: .34% 4512 MHz: 1.2%)
P1-Cluster idle residency:   7.48%
P1-Cluster down residency:  84.83%
CPU 10 frequency: 4415 MHz
CPU 10 active residency:   4.66% (1260 MHz: .05% 1512 MHz:   0% 1800 MHz: .11% 2088 MHz:   0% 2352 MHz:   0% 2616 MHz:   0% 2868 MHz:   0% 3096 MHz:   0% 3300 MHz:   0% 3468 MHz:   0% 3624 MHz:   0% 3756 MHz:   0% 3828 MHz:   0% 3888 MHz:   0% 3948 MHz:   0% 3996 MHz:   0% 4044 MHz:   0% 4104 MHz:   0% 4416 MHz:   0% 4512 MHz: 4.5%)
CPU 10 idle residency:  11.96%
CPU 10 down residency:  83.38%
CPU 11 frequency: 4320 MHz
CPU 11 active residency:   0.87% (1260 MHz: .05% 1512 MHz:   0% 1800 MHz:   0% 2088 MHz:   0% 2352 MHz:   0% 2616 MHz:   0% 2868 MHz:   0% 3096 MHz:   0% 3300 MHz:   0% 3468 MHz:   0% 3624 MHz:   0% 3756 MHz:   0% 3828 MHz:   0% 3888 MHz:   0% 3948 MHz:   0% 3996 MHz:   0% 4044 MHz:   0% 4104 MHz:   0% 4416 MHz:   0% 4512 MHz: .82%)
CPU 11 idle residency:  14.43%
CPU 11 down residency:  84.70%
CPU 12 frequency: 4442 MHz
CPU 12 active residency:   3.02% (1260 MHz: .06% 1512 MHz:   0% 1800 MHz: .01% 2088 MHz:   0% 2352 MHz:   0% 2616 MHz:   0% 2868 MHz:   0% 3096 MHz:   0% 3300 MHz:   0% 3468 MHz:   0% 3624 MHz:   0% 3756 MHz:   0% 3828 MHz:   0% 3888 MHz:   0% 3948 MHz:   0% 3996 MHz:   0% 4044 MHz:   0% 4104 MHz:   0% 4416 MHz:   0% 4512 MHz: 3.0%)
CPU 12 idle residency:  12.33%
CPU 12 down residency:  84.65%
CPU 13 frequency: 4201 MHz
CPU 13 active residency:   0.50% (1260 MHz: .05% 1512 MHz:   0% 1800 MHz: .00% 2088 MHz:   0% 2352 MHz:   0% 2616 MHz:   0% 2868 MHz:   0% 3096 MHz:   0% 3300 MHz:   0% 3468 MHz:   0% 3624 MHz:   0% 3756 MHz:   0% 3828 MHz:   0% 3888 MHz:   0% 3948 MHz:   0% 3996 MHz:   0% 4044 MHz:   0% 4104 MHz:   0% 4416 MHz:   0% 4512 MHz: .45%)
CPU 13 idle residency:  14.77%
CPU 13 down residency:  84.72%
CPU 14 frequency: 4176 MHz
CPU 14 active residency:   0.45% (1260 MHz: .05% 1512 MHz:   0% 1800 MHz:   0% 2088 MHz:   0% 2352 MHz:   0% 2616 MHz:   0% 2868 MHz:   0% 3096 MHz:   0% 3300 MHz:   0% 3468 MHz:   0% 3624 MHz:   0% 3756 MHz:   0% 3828 MHz:   0% 3888 MHz:   0% 3948 MHz:   0% 3996 MHz:   0% 4044 MHz:   0% 4104 MHz:   0% 4416 MHz:   0% 4512 MHz: .40%)
CPU 14 idle residency:  14.83%
CPU 14 down residency:  84.73%
CPU 15 frequency: 4362 MHz
CPU 15 active residency:   3.45% (1260 MHz: .05% 1512 MHz: .09% 1800 MHz: .03% 2088 MHz:   0% 2352 MHz:   0% 2616 MHz:   0% 2868 MHz:   0% 3096 MHz:   0% 3300 MHz:   0% 3468 MHz:   0% 3624 MHz:   0% 3756 MHz:   0% 3828 MHz:   0% 3888 MHz:   0% 3948 MHz:   0% 3996 MHz:   0% 4044 MHz:   0% 4104 MHz:   0% 4416 MHz:   0% 4512 MHz: 3.3%)
CPU 15 idle residency:  12.02%
CPU 15 down residency:  84.53%

CPU Power: 8027 mW
GPU Power: 26206 mW
ANE Power: 0 mW
Combined Power (CPU + GPU + ANE): 34233 mW

**** GPU usage ****

GPU HW active frequency: 1578 MHz
GPU HW active residency: 100.00% (338 MHz:   0% 618 MHz:   0% 796 MHz:   0% 924 MHz:   0% 952 MHz:   0% 1056 MHz:   0% 1062 MHz:   0% 1182 MHz:   0% 1182 MHz:   0% 1312 MHz:   0% 1242 MHz:   0% 1380 MHz:   0% 1326 MHz:   0% 1470 MHz:   0% 1578 MHz: 100%)
GPU SW requested state: (P1 :   0% P2 :   0% P3 :   0% P4 :   0% P5 :   0% P6 :   0% P7 :   0% P8 :   0% P9 :   0% P10 : 100% P11 :   0% P12 :   0% P13 :   0% P14 :   0% P15 :   0%)
GPU SW state: (SW_P1 :   0% SW_P2 :   0% SW_P3 :   0% SW_P4 :   0% SW_P5 :   0% SW_P6 :   0% SW_P7 :   0% SW_P8 :   0% SW_P9 :   0% SW_P10 : 100% SW_P11 :   0% SW_P12 :   0% SW_P13 :   0% SW_P14 :   0% SW_P15 :   0%)
GPU idle residency:   0.00%
GPU Power: 26210 mW



*** Sampled system activity (Tue Jan 20 15:20:46 2026 +0100) (1022.54ms elapsed) ***


**** Processor usage ****

E-Cluster Online: 100%
E-Cluster HW active frequency: 1228 MHz
E-Cluster HW active residency:  91.46% (1020 MHz:  75% 1404 MHz: 4.8% 1788 MHz: 1.2% 2112 MHz: 1.3% 2352 MHz: .82% 2532 MHz: .57% 2592 MHz: 8.1%)
E-Cluster idle residency:   8.54%
E-Cluster down residency:   0.00%
CPU 0 frequency: 1223 MHz
CPU 0 active residency:  67.63% (1020 MHz:  55% 1404 MHz: 3.6% 1788 MHz: .76% 2112 MHz: .96% 2352 MHz: .60% 2532 MHz: .27% 2592 MHz: 6.0%)
CPU 0 idle residency:  32.37%
CPU 0 down residency:   0.00%
CPU 1 frequency: 1343 MHz
CPU 1 active residency:  38.49% (1020 MHz:  28% 1404 MHz: 1.7% 1788 MHz: 1.1% 2112 MHz: 1.2% 2352 MHz: .51% 2532 MHz: .55% 2592 MHz: 5.2%)
CPU 1 idle residency:  61.51%
CPU 1 down residency:   0.00%
CPU 2 frequency: 1351 MHz
CPU 2 active residency:  24.78% (1020 MHz:  19% 1404 MHz: .50% 1788 MHz: .38% 2112 MHz: .56% 2352 MHz: .47% 2532 MHz: .15% 2592 MHz: 4.0%)
CPU 2 idle residency:  75.22%
CPU 2 down residency:   0.00%
CPU 3 frequency: 1394 MHz
CPU 3 active residency:  19.19% (1020 MHz:  14% 1404 MHz: .45% 1788 MHz: .25% 2112 MHz: .53% 2352 MHz: .68% 2532 MHz: .06% 2592 MHz: 3.3%)
CPU 3 idle residency:  80.81%
CPU 3 down residency:   0.00%

P0-Cluster Online: 100%
P0-Cluster HW active frequency: 3977 MHz
P0-Cluster HW active residency:  99.84% (1260 MHz:   0% 1512 MHz:   0% 1800 MHz:   0% 2088 MHz:   0% 2352 MHz:   0% 2616 MHz:   0% 2868 MHz:   0% 3096 MHz:   0% 3300 MHz:   0% 3468 MHz:   0% 3624 MHz:   0% 3756 MHz:   0% 3828 MHz: .00% 3888 MHz:  50% 3948 MHz:  30% 3996 MHz: 6.2% 4044 MHz: 3.1% 4104 MHz:   0% 4416 MHz: 4.6% 4512 MHz: 5.6%)
P0-Cluster idle residency:   0.16%
P0-Cluster down residency:   0.00%
CPU 4 frequency: 4512 MHz
CPU 4 active residency:  75.18% (1260 MHz:   0% 1512 MHz:   0% 1800 MHz:   0% 2088 MHz:   0% 2352 MHz:   0% 2616 MHz:   0% 2868 MHz:   0% 3096 MHz:   0% 3300 MHz:   0% 3468 MHz:   0% 3624 MHz:   0% 3756 MHz:   0% 3828 MHz:   0% 3888 MHz:   0% 3948 MHz:   0% 3996 MHz:   0% 4044 MHz:   0% 4104 MHz:   0% 4416 MHz:   0% 4512 MHz:  75%)
CPU 4 idle residency:  24.82%
CPU 4 down residency:   0.00%
CPU 5 frequency: 4512 MHz
CPU 5 active residency:  67.96% (1260 MHz:   0% 1512 MHz:   0% 1800 MHz:   0% 2088 MHz:   0% 2352 MHz:   0% 2616 MHz:   0% 2868 MHz:   0% 3096 MHz:   0% 3300 MHz:   0% 3468 MHz:   0% 3624 MHz:   0% 3756 MHz:   0% 3828 MHz:   0% 3888 MHz:   0% 3948 MHz:   0% 3996 MHz:   0% 4044 MHz:   0% 4104 MHz:   0% 4416 MHz:   0% 4512 MHz:  68%)
CPU 5 idle residency:  32.04%
CPU 5 down residency:   0.00%
CPU 6 frequency: 4512 MHz
CPU 6 active residency:  75.10% (1260 MHz:   0% 1512 MHz:   0% 1800 MHz:   0% 2088 MHz:   0% 2352 MHz:   0% 2616 MHz:   0% 2868 MHz:   0% 3096 MHz:   0% 3300 MHz:   0% 3468 MHz:   0% 3624 MHz:   0% 3756 MHz:   0% 3828 MHz:   0% 3888 MHz:   0% 3948 MHz:   0% 3996 MHz:   0% 4044 MHz:   0% 4104 MHz:   0% 4416 MHz:   0% 4512 MHz:  75%)
CPU 6 idle residency:  24.90%
CPU 6 down residency:   0.00%
CPU 7 frequency: 4512 MHz
CPU 7 active residency:  62.41% (1260 MHz:   0% 1512 MHz:   0% 1800 MHz:   0% 2088 MHz:   0% 2352 MHz:   0% 2616 MHz:   0% 2868 MHz:   0% 3096 MHz:   0% 3300 MHz:   0% 3468 MHz:   0% 3624 MHz:   0% 3756 MHz:   0% 3828 MHz:   0% 3888 MHz:   0% 3948 MHz:   0% 3996 MHz:   0% 4044 MHz:   0% 4104 MHz:   0% 4416 MHz:   0% 4512 MHz:  62%)
CPU 7 idle residency:  37.59%
CPU 7 down residency:   0.00%
CPU 8 frequency: 4512 MHz
CPU 8 active residency:  66.29% (1260 MHz:   0% 1512 MHz:   0% 1800 MHz:   0% 2088 MHz:   0% 2352 MHz:   0% 2616 MHz:   0% 2868 MHz:   0% 3096 MHz:   0% 3300 MHz:   0% 3468 MHz:   0% 3624 MHz:   0% 3756 MHz:   0% 3828 MHz:   0% 3888 MHz:   0% 3948 MHz:   0% 3996 MHz:   0% 4044 MHz:   0% 4104 MHz:   0% 4416 MHz:   0% 4512 MHz:  66%)
CPU 8 idle residency:  33.71%
CPU 8 down residency:   0.00%
CPU 9 frequency: 4512 MHz
CPU 9 active residency:  52.00% (1260 MHz:   0% 1512 MHz:   0% 1800 MHz:   0% 2088 MHz:   0% 2352 MHz:   0% 2616 MHz:   0% 2868 MHz:   0% 3096 MHz:   0% 3300 MHz:   0% 3468 MHz:   0% 3624 MHz:   0% 3756 MHz:   0% 3828 MHz:   0% 3888 MHz:   0% 3948 MHz:   0% 3996 MHz:   0% 4044 MHz:   0% 4104 MHz:   0% 4416 MHz:   0% 4512 MHz:  52%)
CPU 9 idle residency:  48.00%
CPU 9 down residency:   0.00%

P1-Cluster HW active frequency: 2142 MHz
P1-Cluster HW active residency:   4.35% (1260 MHz: 3.1% 1512 MHz:   0% 1800 MHz: .00% 2088 MHz:   0% 2352 MHz:   0% 2616 MHz:   0% 2868 MHz:   0% 3096 MHz:   0% 3300 MHz:   0% 3468 MHz:   0% 3624 MHz:   0% 3756 MHz:   0% 3828 MHz:   0% 3888 MHz: .07% 3948 MHz: .08% 3996 MHz: .00% 4044 MHz: .25% 4104 MHz:   0% 4416 MHz: .09% 4512 MHz: .76%)
P1-Cluster idle residency:  12.59%
P1-Cluster down residency:  83.05%
CPU 10 frequency: 3511 MHz
CPU 10 active residency:   0.02% (1260 MHz: .01% 1512 MHz:   0% 1800 MHz:   0% 2088 MHz:   0% 2352 MHz:   0% 2616 MHz:   0% 2868 MHz:   0% 3096 MHz:   0% 3300 MHz:   0% 3468 MHz:   0% 3624 MHz:   0% 3756 MHz:   0% 3828 MHz:   0% 3888 MHz:   0% 3948 MHz:   0% 3996 MHz:   0% 4044 MHz:   0% 4104 MHz:   0% 4416 MHz:   0% 4512 MHz: .01%)
CPU 10 idle residency:  16.58%
CPU 10 down residency:  83.39%
CPU 11 frequency: 4512 MHz
CPU 11 active residency:   0.01% (1260 MHz:   0% 1512 MHz:   0% 1800 MHz:   0% 2088 MHz:   0% 2352 MHz:   0% 2616 MHz:   0% 2868 MHz:   0% 3096 MHz:   0% 3300 MHz:   0% 3468 MHz:   0% 3624 MHz:   0% 3756 MHz:   0% 3828 MHz:   0% 3888 MHz:   0% 3948 MHz:   0% 3996 MHz:   0% 4044 MHz:   0% 4104 MHz:   0% 4416 MHz:   0% 4512 MHz: .01%)
CPU 11 idle residency:  16.63%
CPU 11 down residency:  83.36%
CPU 12 frequency: 3328 MHz
CPU 12 active residency:   0.02% (1260 MHz: .01% 1512 MHz:   0% 1800 MHz:   0% 2088 MHz:   0% 2352 MHz:   0% 2616 MHz:   0% 2868 MHz:   0% 3096 MHz:   0% 3300 MHz:   0% 3468 MHz:   0% 3624 MHz:   0% 3756 MHz:   0% 3828 MHz:   0% 3888 MHz:   0% 3948 MHz:   0% 3996 MHz:   0% 4044 MHz:   0% 4104 MHz:   0% 4416 MHz:   0% 4512 MHz: .01%)
CPU 12 idle residency:  16.43%
CPU 12 down residency:  83.55%
CPU 13 frequency: 4512 MHz
CPU 13 active residency:   0.01% (1260 MHz:   0% 1512 MHz:   0% 1800 MHz:   0% 2088 MHz:   0% 2352 MHz:   0% 2616 MHz:   0% 2868 MHz:   0% 3096 MHz:   0% 3300 MHz:   0% 3468 MHz:   0% 3624 MHz:   0% 3756 MHz:   0% 3828 MHz:   0% 3888 MHz:   0% 3948 MHz:   0% 3996 MHz:   0% 4044 MHz:   0% 4104 MHz:   0% 4416 MHz:   0% 4512 MHz: .01%)
CPU 13 idle residency:  16.67%
CPU 13 down residency:  83.32%
CPU 14 frequency: 4512 MHz
CPU 14 active residency:   0.01% (1260 MHz:   0% 1512 MHz:   0% 1800 MHz:   0% 2088 MHz:   0% 2352 MHz:   0% 2616 MHz:   0% 2868 MHz:   0% 3096 MHz:   0% 3300 MHz:   0% 3468 MHz:   0% 3624 MHz:   0% 3756 MHz:   0% 3828 MHz:   0% 3888 MHz:   0% 3948 MHz:   0% 3996 MHz:   0% 4044 MHz:   0% 4104 MHz:   0% 4416 MHz:   0% 4512 MHz: .01%)
CPU 14 idle residency:  16.71%
CPU 14 down residency:  83.28%
CPU 15 frequency: 3688 MHz
CPU 15 active residency:   0.02% (1260 MHz: .00% 1512 MHz:   0% 1800 MHz:   0% 2088 MHz:   0% 2352 MHz:   0% 2616 MHz:   0% 2868 MHz:   0% 3096 MHz:   0% 3300 MHz:   0% 3468 MHz:   0% 3624 MHz:   0% 3756 MHz:   0% 3828 MHz:   0% 3888 MHz:   0% 3948 MHz:   0% 3996 MHz:   0% 4044 MHz:   0% 4104 MHz:   0% 4416 MHz:   0% 4512 MHz: .01%)
CPU 15 idle residency:  16.30%
CPU 15 down residency:  83.68%

CPU Power: 7010 mW
GPU Power: 26078 mW
ANE Power: 0 mW
Combined Power (CPU + GPU + ANE): 33088 mW

**** GPU usage ****

GPU HW active frequency: 1578 MHz
GPU HW active residency: 100.00% (338 MHz:   0% 618 MHz:   0% 796 MHz:   0% 924 MHz:   0% 952 MHz:   0% 1056 MHz:   0% 1062 MHz:   0% 1182 MHz:   0% 1182 MHz:   0% 1312 MHz:   0% 1242 MHz:   0% 1380 MHz:   0% 1326 MHz:   0% 1470 MHz:   0% 1578 MHz: 100%)
GPU SW requested state: (P1 :   0% P2 :   0% P3 :   0% P4 :   0% P5 :   0% P6 :   0% P7 :   0% P8 :   0% P9 :   0% P10 : 100% P11 :   0% P12 :   0% P13 :   0% P14 :   0% P15 :   0%)
GPU SW state: (SW_P1 :   0% SW_P2 :   0% SW_P3 :   0% SW_P4 :   0% SW_P5 :   0% SW_P6 :   0% SW_P7 :   0% SW_P8 :   0% SW_P9 :   0% SW_P10 : 100% SW_P11 :   0% SW_P12 :   0% SW_P13 :   0% SW_P14 :   0% SW_P15 :   0%)
GPU idle residency:   0.00%
GPU Power: 26077 mW



*** Sampled system activity (Tue Jan 20 15:20:47 2026 +0100) (1018.35ms elapsed) ***


**** Processor usage ****

E-Cluster Online: 100%
E-Cluster HW active frequency: 1310 MHz
E-Cluster HW active residency:  73.98% (1020 MHz:  54% 1404 MHz: 3.9% 1788 MHz: 2.9% 2112 MHz: 3.6% 2352 MHz: 3.7% 2532 MHz: .29% 2592 MHz: 5.3%)
E-Cluster idle residency:  26.02%
E-Cluster down residency:   0.00%
CPU 0 frequency: 1275 MHz
CPU 0 active residency:  45.17% (1020 MHz:  34% 1404 MHz: 2.6% 1788 MHz: 1.6% 2112 MHz: 2.1% 2352 MHz: 1.6% 2532 MHz: .17% 2592 MHz: 3.0%)
CPU 0 idle residency:  54.83%
CPU 0 down residency:   0.00%
CPU 1 frequency: 1492 MHz
CPU 1 active residency:  22.97% (1020 MHz:  13% 1404 MHz: 1.6% 1788 MHz: 2.0% 2112 MHz: 2.3% 2352 MHz: 2.0% 2532 MHz: .04% 2592 MHz: 2.2%)
CPU 1 idle residency:  77.03%
CPU 1 down residency:   0.00%
CPU 2 frequency: 1541 MHz
CPU 2 active residency:  15.61% (1020 MHz: 8.1% 1404 MHz: 1.6% 1788 MHz: .85% 2112 MHz: 1.4% 2352 MHz: 1.9% 2532 MHz: .21% 2592 MHz: 1.6%)
CPU 2 idle residency:  84.39%
CPU 2 down residency:   0.00%
CPU 3 frequency: 1551 MHz
CPU 3 active residency:   8.96% (1020 MHz: 4.5% 1404 MHz: .74% 1788 MHz: .97% 2112 MHz: .98% 2352 MHz: .72% 2532 MHz: .01% 2592 MHz: 1.1%)
CPU 3 idle residency:  91.04%
CPU 3 down residency:   0.00%

P0-Cluster Online: 70%
P0-Cluster HW active frequency: 3991 MHz
P0-Cluster HW active residency:  65.29% (1260 MHz: .92% 1512 MHz:   0% 1800 MHz:   0% 2088 MHz: .37% 2352 MHz:   0% 2616 MHz:   0% 2868 MHz:   0% 3096 MHz:   0% 3300 MHz:   0% 3468 MHz:   0% 3624 MHz:   0% 3756 MHz:   0% 3828 MHz:   0% 3888 MHz:  25% 3948 MHz:  21% 3996 MHz: 2.2% 4044 MHz: 2.4% 4104 MHz:   0% 4416 MHz: 5.3% 4512 MHz: 8.2%)
P0-Cluster idle residency:   3.87%
P0-Cluster down residency:  30.84%
CPU 4 frequency: 4512 MHz
CPU 4 active residency:  43.78% (1260 MHz: .00% 1512 MHz:   0% 1800 MHz:   0% 2088 MHz:   0% 2352 MHz:   0% 2616 MHz:   0% 2868 MHz:   0% 3096 MHz:   0% 3300 MHz:   0% 3468 MHz:   0% 3624 MHz:   0% 3756 MHz:   0% 3828 MHz:   0% 3888 MHz:   0% 3948 MHz:   0% 3996 MHz:   0% 4044 MHz:   0% 4104 MHz:   0% 4416 MHz:   0% 4512 MHz:  44%)
CPU 4 idle residency:  25.35%
CPU 4 down residency:  30.87%
CPU 5 frequency: 4512 MHz
CPU 5 active residency:  19.83% (1260 MHz: .00% 1512 MHz:   0% 1800 MHz:   0% 2088 MHz: .00% 2352 MHz:   0% 2616 MHz:   0% 2868 MHz:   0% 3096 MHz:   0% 3300 MHz:   0% 3468 MHz:   0% 3624 MHz:   0% 3756 MHz:   0% 3828 MHz:   0% 3888 MHz:   0% 3948 MHz:   0% 3996 MHz:   0% 4044 MHz:   0% 4104 MHz:   0% 4416 MHz:   0% 4512 MHz:  20%)
CPU 5 idle residency:  49.30%
CPU 5 down residency:  30.87%
CPU 6 frequency: 4512 MHz
CPU 6 active residency:  37.91% (1260 MHz: .00% 1512 MHz:   0% 1800 MHz:   0% 2088 MHz: .00% 2352 MHz:   0% 2616 MHz:   0% 2868 MHz:   0% 3096 MHz:   0% 3300 MHz:   0% 3468 MHz:   0% 3624 MHz:   0% 3756 MHz:   0% 3828 MHz:   0% 3888 MHz:   0% 3948 MHz:   0% 3996 MHz:   0% 4044 MHz:   0% 4104 MHz:   0% 4416 MHz:   0% 4512 MHz:  38%)
CPU 6 idle residency:  31.23%
CPU 6 down residency:  30.86%
CPU 7 frequency: 4494 MHz
CPU 7 active residency:  43.50% (1260 MHz: .00% 1512 MHz:   0% 1800 MHz:   0% 2088 MHz: .32% 2352 MHz:   0% 2616 MHz:   0% 2868 MHz:   0% 3096 MHz:   0% 3300 MHz:   0% 3468 MHz:   0% 3624 MHz:   0% 3756 MHz:   0% 3828 MHz:   0% 3888 MHz:   0% 3948 MHz:   0% 3996 MHz:   0% 4044 MHz:   0% 4104 MHz:   0% 4416 MHz:   0% 4512 MHz:  43%)
CPU 7 idle residency:  25.64%
CPU 7 down residency:  30.86%
CPU 8 frequency: 4512 MHz
CPU 8 active residency:  41.72% (1260 MHz:   0% 1512 MHz:   0% 1800 MHz:   0% 2088 MHz:   0% 2352 MHz:   0% 2616 MHz:   0% 2868 MHz:   0% 3096 MHz:   0% 3300 MHz:   0% 3468 MHz:   0% 3624 MHz:   0% 3756 MHz:   0% 3828 MHz:   0% 3888 MHz:   0% 3948 MHz:   0% 3996 MHz:   0% 4044 MHz:   0% 4104 MHz:   0% 4416 MHz:   0% 4512 MHz:  42%)
CPU 8 idle residency:  27.41%
CPU 8 down residency:  30.86%
CPU 9 frequency: 4512 MHz
CPU 9 active residency:  38.70% (1260 MHz:   0% 1512 MHz:   0% 1800 MHz:   0% 2088 MHz:   0% 2352 MHz:   0% 2616 MHz:   0% 2868 MHz:   0% 3096 MHz:   0% 3300 MHz:   0% 3468 MHz:   0% 3624 MHz:   0% 3756 MHz:   0% 3828 MHz:   0% 3888 MHz:   0% 3948 MHz:   0% 3996 MHz:   0% 4044 MHz:   0% 4104 MHz:   0% 4416 MHz:   0% 4512 MHz:  39%)
CPU 9 idle residency:  30.43%
CPU 9 down residency:  30.86%

P1-Cluster HW active frequency: 3890 MHz
P1-Cluster HW active residency:  37.26% (1260 MHz: .70% 1512 MHz:   0% 1800 MHz:   0% 2088 MHz:   0% 2352 MHz:   0% 2616 MHz:   0% 2868 MHz:   0% 3096 MHz:   0% 3300 MHz:   0% 3468 MHz:   0% 3624 MHz:   0% 3756 MHz:   0% 3828 MHz:   0% 3888 MHz:  21% 3948 MHz: 8.5% 3996 MHz: 4.3% 4044 MHz: 1.3% 4104 MHz:   0% 4416 MHz: .41% 4512 MHz: .78%)
P1-Cluster idle residency:   2.43%
P1-Cluster down residency:  60.30%
CPU 10 frequency: 4512 MHz
CPU 10 active residency:  27.09% (1260 MHz: .00% 1512 MHz:   0% 1800 MHz: .00% 2088 MHz:   0% 2352 MHz:   0% 2616 MHz:   0% 2868 MHz:   0% 3096 MHz:   0% 3300 MHz:   0% 3468 MHz:   0% 3624 MHz:   0% 3756 MHz:   0% 3828 MHz:   0% 3888 MHz:   0% 3948 MHz:   0% 3996 MHz:   0% 4044 MHz:   0% 4104 MHz:   0% 4416 MHz:   0% 4512 MHz:  27%)
CPU 10 idle residency:  12.75%
CPU 10 down residency:  60.16%
CPU 11 frequency: 4512 MHz
CPU 11 active residency:  27.60% (1260 MHz: .00% 1512 MHz:   0% 1800 MHz: .00% 2088 MHz:   0% 2352 MHz:   0% 2616 MHz:   0% 2868 MHz:   0% 3096 MHz:   0% 3300 MHz:   0% 3468 MHz:   0% 3624 MHz:   0% 3756 MHz:   0% 3828 MHz:   0% 3888 MHz:   0% 3948 MHz:   0% 3996 MHz:   0% 4044 MHz:   0% 4104 MHz:   0% 4416 MHz:   0% 4512 MHz:  28%)
CPU 11 idle residency:  12.20%
CPU 11 down residency:  60.20%
CPU 12 frequency: 4511 MHz
CPU 12 active residency:  27.42% (1260 MHz: .01% 1512 MHz:   0% 1800 MHz: .01% 2088 MHz:   0% 2352 MHz:   0% 2616 MHz:   0% 2868 MHz:   0% 3096 MHz:   0% 3300 MHz:   0% 3468 MHz:   0% 3624 MHz:   0% 3756 MHz:   0% 3828 MHz:   0% 3888 MHz:   0% 3948 MHz:   0% 3996 MHz:   0% 4044 MHz:   0% 4104 MHz:   0% 4416 MHz:   0% 4512 MHz:  27%)
CPU 12 idle residency:  12.54%
CPU 12 down residency:  60.04%
CPU 13 frequency: 4512 MHz
CPU 13 active residency:  25.37% (1260 MHz:   0% 1512 MHz:   0% 1800 MHz:   0% 2088 MHz:   0% 2352 MHz:   0% 2616 MHz:   0% 2868 MHz:   0% 3096 MHz:   0% 3300 MHz:   0% 3468 MHz:   0% 3624 MHz:   0% 3756 MHz:   0% 3828 MHz:   0% 3888 MHz:   0% 3948 MHz:   0% 3996 MHz:   0% 4044 MHz:   0% 4104 MHz:   0% 4416 MHz:   0% 4512 MHz:  25%)
CPU 13 idle residency:  14.42%
CPU 13 down residency:  60.21%
CPU 14 frequency: 4512 MHz
CPU 14 active residency:  23.81% (1260 MHz:   0% 1512 MHz:   0% 1800 MHz:   0% 2088 MHz:   0% 2352 MHz:   0% 2616 MHz:   0% 2868 MHz:   0% 3096 MHz:   0% 3300 MHz:   0% 3468 MHz:   0% 3624 MHz:   0% 3756 MHz:   0% 3828 MHz:   0% 3888 MHz:   0% 3948 MHz:   0% 3996 MHz:   0% 4044 MHz:   0% 4104 MHz:   0% 4416 MHz:   0% 4512 MHz:  24%)
CPU 14 idle residency:  15.96%
CPU 14 down residency:  60.23%
CPU 15 frequency: 4512 MHz
CPU 15 active residency:  27.14% (1260 MHz: .00% 1512 MHz:   0% 1800 MHz: .01% 2088 MHz:   0% 2352 MHz:   0% 2616 MHz:   0% 2868 MHz:   0% 3096 MHz:   0% 3300 MHz:   0% 3468 MHz:   0% 3624 MHz:   0% 3756 MHz:   0% 3828 MHz:   0% 3888 MHz:   0% 3948 MHz:   0% 3996 MHz:   0% 4044 MHz:   0% 4104 MHz:   0% 4416 MHz:   0% 4512 MHz:  27%)
CPU 15 idle residency:  12.91%
CPU 15 down residency:  59.94%

CPU Power: 7167 mW
GPU Power: 26146 mW
ANE Power: 0 mW
Combined Power (CPU + GPU + ANE): 33314 mW

**** GPU usage ****

GPU HW active frequency: 1578 MHz
GPU HW active residency: 100.00% (338 MHz:   0% 618 MHz:   0% 796 MHz:   0% 924 MHz:   0% 952 MHz:   0% 1056 MHz:   0% 1062 MHz:   0% 1182 MHz:   0% 1182 MHz:   0% 1312 MHz:   0% 1242 MHz:   0% 1380 MHz:   0% 1326 MHz:   0% 1470 MHz:   0% 1578 MHz: 100%)
GPU SW requested state: (P1 :   0% P2 :   0% P3 :   0% P4 :   0% P5 :   0% P6 :   0% P7 :   0% P8 :   0% P9 :   0% P10 : 100% P11 :   0% P12 :   0% P13 :   0% P14 :   0% P15 :   0%)
GPU SW state: (SW_P1 :   0% SW_P2 :   0% SW_P3 :   0% SW_P4 :   0% SW_P5 :   0% SW_P6 :   0% SW_P7 :   0% SW_P8 :   0% SW_P9 :   0% SW_P10 : 100% SW_P11 :   0% SW_P12 :   0% SW_P13 :   0% SW_P14 :   0% SW_P15 :   0%)
GPU idle residency:   0.00%
GPU Power: 26152 mW



*** Sampled system activity (Tue Jan 20 15:20:48 2026 +0100) (1018.72ms elapsed) ***


**** Processor usage ****

E-Cluster Online: 100%
E-Cluster HW active frequency: 1193 MHz
E-Cluster HW active residency:  45.03% (1020 MHz:  37% 1404 MHz: 2.2% 1788 MHz: 1.2% 2112 MHz: 2.3% 2352 MHz: 1.3% 2532 MHz: .10% 2592 MHz: 1.1%)
E-Cluster idle residency:  54.97%
E-Cluster down residency:   0.00%
CPU 0 frequency: 1295 MHz
CPU 0 active residency:  18.20% (1020 MHz:  14% 1404 MHz: .57% 1788 MHz: .42% 2112 MHz: 1.4% 2352 MHz: 1.2% 2532 MHz: .10% 2592 MHz: .77%)
CPU 0 idle residency:  81.80%
CPU 0 down residency:   0.00%
CPU 1 frequency: 1318 MHz
CPU 1 active residency:  11.17% (1020 MHz: 8.0% 1404 MHz: .60% 1788 MHz: .39% 2112 MHz: 1.2% 2352 MHz: .48% 2532 MHz: .05% 2592 MHz: .52%)
CPU 1 idle residency:  88.83%
CPU 1 down residency:   0.00%
CPU 2 frequency: 1391 MHz
CPU 2 active residency:   7.73% (1020 MHz: 4.8% 1404 MHz: .59% 1788 MHz: .68% 2112 MHz: .81% 2352 MHz: .39% 2532 MHz: .06% 2592 MHz: .40%)
CPU 2 idle residency:  92.27%
CPU 2 down residency:   0.00%
CPU 3 frequency: 1301 MHz
CPU 3 active residency:   7.52% (1020 MHz: 5.2% 1404 MHz: .56% 1788 MHz: .58% 2112 MHz: .50% 2352 MHz: .38% 2532 MHz: .10% 2592 MHz: .16%)
CPU 3 idle residency:  92.48%
CPU 3 down residency:   0.00%

P0-Cluster Online: 3%
P0-Cluster HW active frequency: 1853 MHz
P0-Cluster HW active residency:   1.27% (1260 MHz: 1.0% 1512 MHz:   0% 1800 MHz:   0% 2088 MHz:   0% 2352 MHz:   0% 2616 MHz:   0% 2868 MHz:   0% 3096 MHz:   0% 3300 MHz:   0% 3468 MHz:   0% 3624 MHz:   0% 3756 MHz:   0% 3828 MHz:   0% 3888 MHz: .01% 3948 MHz: .00% 3996 MHz:   0% 4044 MHz:   0% 4104 MHz:   0% 4416 MHz: .01% 4512 MHz: .21%)
P0-Cluster idle residency:   2.24%
P0-Cluster down residency:  96.49%
CPU 4 frequency: 4512 MHz
CPU 4 active residency:   0.01% (1260 MHz:   0% 1512 MHz:   0% 1800 MHz:   0% 2088 MHz:   0% 2352 MHz:   0% 2616 MHz:   0% 2868 MHz:   0% 3096 MHz:   0% 3300 MHz:   0% 3468 MHz:   0% 3624 MHz:   0% 3756 MHz:   0% 3828 MHz:   0% 3888 MHz:   0% 3948 MHz:   0% 3996 MHz:   0% 4044 MHz:   0% 4104 MHz:   0% 4416 MHz:   0% 4512 MHz: .01%)
CPU 4 idle residency:   3.35%
CPU 4 down residency:  96.64%
CPU 5 frequency: 3875 MHz
CPU 5 active residency:   0.01% (1260 MHz: .00% 1512 MHz:   0% 1800 MHz:   0% 2088 MHz:   0% 2352 MHz:   0% 2616 MHz:   0% 2868 MHz:   0% 3096 MHz:   0% 3300 MHz:   0% 3468 MHz:   0% 3624 MHz:   0% 3756 MHz:   0% 3828 MHz:   0% 3888 MHz:   0% 3948 MHz:   0% 3996 MHz:   0% 4044 MHz:   0% 4104 MHz:   0% 4416 MHz:   0% 4512 MHz: .01%)
CPU 5 idle residency:   3.34%
CPU 5 down residency:  96.65%
CPU 6 frequency: 4013 MHz
CPU 6 active residency:   0.01% (1260 MHz: .00% 1512 MHz:   0% 1800 MHz:   0% 2088 MHz:   0% 2352 MHz:   0% 2616 MHz:   0% 2868 MHz:   0% 3096 MHz:   0% 3300 MHz:   0% 3468 MHz:   0% 3624 MHz:   0% 3756 MHz:   0% 3828 MHz:   0% 3888 MHz:   0% 3948 MHz:   0% 3996 MHz:   0% 4044 MHz:   0% 4104 MHz:   0% 4416 MHz:   0% 4512 MHz: .01%)
CPU 6 idle residency:   3.35%
CPU 6 down residency:  96.64%
CPU 7 frequency: 3978 MHz
CPU 7 active residency:   0.01% (1260 MHz: .00% 1512 MHz:   0% 1800 MHz:   0% 2088 MHz:   0% 2352 MHz:   0% 2616 MHz:   0% 2868 MHz:   0% 3096 MHz:   0% 3300 MHz:   0% 3468 MHz:   0% 3624 MHz:   0% 3756 MHz:   0% 3828 MHz:   0% 3888 MHz:   0% 3948 MHz:   0% 3996 MHz:   0% 4044 MHz:   0% 4104 MHz:   0% 4416 MHz:   0% 4512 MHz: .01%)
CPU 7 idle residency:   3.36%
CPU 7 down residency:  96.63%
CPU 8 frequency: 4512 MHz
CPU 8 active residency:   0.01% (1260 MHz:   0% 1512 MHz:   0% 1800 MHz:   0% 2088 MHz:   0% 2352 MHz:   0% 2616 MHz:   0% 2868 MHz:   0% 3096 MHz:   0% 3300 MHz:   0% 3468 MHz:   0% 3624 MHz:   0% 3756 MHz:   0% 3828 MHz:   0% 3888 MHz:   0% 3948 MHz:   0% 3996 MHz:   0% 4044 MHz:   0% 4104 MHz:   0% 4416 MHz:   0% 4512 MHz: .01%)
CPU 8 idle residency:   3.36%
CPU 8 down residency:  96.63%
CPU 9 frequency: 4512 MHz
CPU 9 active residency:   0.01% (1260 MHz:   0% 1512 MHz:   0% 1800 MHz:   0% 2088 MHz:   0% 2352 MHz:   0% 2616 MHz:   0% 2868 MHz:   0% 3096 MHz:   0% 3300 MHz:   0% 3468 MHz:   0% 3624 MHz:   0% 3756 MHz:   0% 3828 MHz:   0% 3888 MHz:   0% 3948 MHz:   0% 3996 MHz:   0% 4044 MHz:   0% 4104 MHz:   0% 4416 MHz:   0% 4512 MHz: .01%)
CPU 9 idle residency:   3.35%
CPU 9 down residency:  96.64%

P1-Cluster HW active frequency: 3989 MHz
P1-Cluster HW active residency:  99.64% (1260 MHz:   0% 1512 MHz:   0% 1800 MHz:   0% 2088 MHz:   0% 2352 MHz:   0% 2616 MHz:   0% 2868 MHz:   0% 3096 MHz:   0% 3300 MHz:   0% 3468 MHz:   0% 3624 MHz:   0% 3756 MHz:   0% 3828 MHz:   0% 3888 MHz:  44% 3948 MHz:  33% 3996 MHz: 6.5% 4044 MHz: 4.6% 4104 MHz:   0% 4416 MHz: 4.8% 4512 MHz: 6.6%)
P1-Cluster idle residency:   0.36%
P1-Cluster down residency:   0.00%
CPU 10 frequency: 4512 MHz
CPU 10 active residency:  60.89% (1260 MHz:   0% 1512 MHz:   0% 1800 MHz:   0% 2088 MHz:   0% 2352 MHz:   0% 2616 MHz:   0% 2868 MHz:   0% 3096 MHz:   0% 3300 MHz:   0% 3468 MHz:   0% 3624 MHz:   0% 3756 MHz:   0% 3828 MHz:   0% 3888 MHz:   0% 3948 MHz:   0% 3996 MHz:   0% 4044 MHz:   0% 4104 MHz:   0% 4416 MHz:   0% 4512 MHz:  61%)
CPU 10 idle residency:  39.11%
CPU 10 down residency:   0.00%
CPU 11 frequency: 4512 MHz
CPU 11 active residency:  73.13% (1260 MHz:   0% 1512 MHz:   0% 1800 MHz:   0% 2088 MHz:   0% 2352 MHz:   0% 2616 MHz:   0% 2868 MHz:   0% 3096 MHz:   0% 3300 MHz:   0% 3468 MHz:   0% 3624 MHz:   0% 3756 MHz:   0% 3828 MHz:   0% 3888 MHz:   0% 3948 MHz:   0% 3996 MHz:   0% 4044 MHz:   0% 4104 MHz:   0% 4416 MHz:   0% 4512 MHz:  73%)
CPU 11 idle residency:  26.87%
CPU 11 down residency:   0.00%
CPU 12 frequency: 4512 MHz
CPU 12 active residency:  66.69% (1260 MHz:   0% 1512 MHz:   0% 1800 MHz:   0% 2088 MHz:   0% 2352 MHz:   0% 2616 MHz:   0% 2868 MHz:   0% 3096 MHz:   0% 3300 MHz:   0% 3468 MHz:   0% 3624 MHz:   0% 3756 MHz:   0% 3828 MHz:   0% 3888 MHz:   0% 3948 MHz:   0% 3996 MHz:   0% 4044 MHz:   0% 4104 MHz:   0% 4416 MHz:   0% 4512 MHz:  67%)
CPU 12 idle residency:  33.31%
CPU 12 down residency:   0.00%
CPU 13 frequency: 4512 MHz
CPU 13 active residency:  65.04% (1260 MHz:   0% 1512 MHz:   0% 1800 MHz:   0% 2088 MHz:   0% 2352 MHz:   0% 2616 MHz:   0% 2868 MHz:   0% 3096 MHz:   0% 3300 MHz:   0% 3468 MHz:   0% 3624 MHz:   0% 3756 MHz:   0% 3828 MHz:   0% 3888 MHz:   0% 3948 MHz:   0% 3996 MHz:   0% 4044 MHz:   0% 4104 MHz:   0% 4416 MHz:   0% 4512 MHz:  65%)
CPU 13 idle residency:  34.96%
CPU 13 down residency:   0.00%
CPU 14 frequency: 4512 MHz
CPU 14 active residency:  46.57% (1260 MHz:   0% 1512 MHz:   0% 1800 MHz:   0% 2088 MHz:   0% 2352 MHz:   0% 2616 MHz:   0% 2868 MHz:   0% 3096 MHz:   0% 3300 MHz:   0% 3468 MHz:   0% 3624 MHz:   0% 3756 MHz:   0% 3828 MHz:   0% 3888 MHz:   0% 3948 MHz:   0% 3996 MHz:   0% 4044 MHz:   0% 4104 MHz:   0% 4416 MHz:   0% 4512 MHz:  47%)
CPU 14 idle residency:  53.43%
CPU 14 down residency:   0.00%
CPU 15 frequency: 4512 MHz
CPU 15 active residency:  70.59% (1260 MHz:   0% 1512 MHz:   0% 1800 MHz:   0% 2088 MHz:   0% 2352 MHz:   0% 2616 MHz:   0% 2868 MHz:   0% 3096 MHz:   0% 3300 MHz:   0% 3468 MHz:   0% 3624 MHz:   0% 3756 MHz:   0% 3828 MHz:   0% 3888 MHz:   0% 3948 MHz:   0% 3996 MHz:   0% 4044 MHz:   0% 4104 MHz:   0% 4416 MHz:   0% 4512 MHz:  71%)
CPU 15 idle residency:  29.41%
CPU 15 down residency:   0.00%

CPU Power: 6704 mW
GPU Power: 26511 mW
ANE Power: 0 mW
Combined Power (CPU + GPU + ANE): 33214 mW

**** GPU usage ****

GPU HW active frequency: 1578 MHz
GPU HW active residency: 100.00% (338 MHz:   0% 618 MHz:   0% 796 MHz:   0% 924 MHz:   0% 952 MHz:   0% 1056 MHz:   0% 1062 MHz:   0% 1182 MHz:   0% 1182 MHz:   0% 1312 MHz:   0% 1242 MHz:   0% 1380 MHz:   0% 1326 MHz:   0% 1470 MHz:   0% 1578 MHz: 100%)
GPU SW requested state: (P1 :   0% P2 :   0% P3 :   0% P4 :   0% P5 :   0% P6 :   0% P7 :   0% P8 :   0% P9 :   0% P10 : 100% P11 :   0% P12 :   0% P13 :   0% P14 :   0% P15 :   0%)
GPU SW state: (SW_P1 :   0% SW_P2 :   0% SW_P3 :   0% SW_P4 :   0% SW_P5 :   0% SW_P6 :   0% SW_P7 :   0% SW_P8 :   0% SW_P9 :   0% SW_P10 : 100% SW_P11 :   0% SW_P12 :   0% SW_P13 :   0% SW_P14 :   0% SW_P15 :   0%)
GPU idle residency:   0.00%
GPU Power: 26508 mW



*** Sampled system activity (Tue Jan 20 15:20:49 2026 +0100) (1022.13ms elapsed) ***


**** Processor usage ****

E-Cluster Online: 100%
E-Cluster HW active frequency: 1229 MHz
E-Cluster HW active residency:  49.40% (1020 MHz:  39% 1404 MHz: 2.4% 1788 MHz: 2.1% 2112 MHz: 1.7% 2352 MHz: 1.5% 2532 MHz: .21% 2592 MHz: 2.3%)
E-Cluster idle residency:  50.60%
E-Cluster down residency:   0.00%
CPU 0 frequency: 1268 MHz
CPU 0 active residency:  22.03% (1020 MHz:  17% 1404 MHz: 1.4% 1788 MHz: 1.2% 2112 MHz: .91% 2352 MHz: .74% 2532 MHz: .17% 2592 MHz: 1.1%)
CPU 0 idle residency:  77.97%
CPU 0 down residency:   0.00%
CPU 1 frequency: 1267 MHz
CPU 1 active residency:  14.90% (1020 MHz:  11% 1404 MHz: 1.2% 1788 MHz: 1.0% 2112 MHz: .80% 2352 MHz: .28% 2532 MHz: .02% 2592 MHz: .72%)
CPU 1 idle residency:  85.10%
CPU 1 down residency:   0.00%
CPU 2 frequency: 1334 MHz
CPU 2 active residency:   9.85% (1020 MHz: 6.8% 1404 MHz: .71% 1788 MHz: .33% 2112 MHz: .89% 2352 MHz: .68% 2532 MHz: .07% 2592 MHz: .37%)
CPU 2 idle residency:  90.15%
CPU 2 down residency:   0.00%
CPU 3 frequency: 1263 MHz
CPU 3 active residency:   5.97% (1020 MHz: 4.4% 1404 MHz: .61% 1788 MHz: .10% 2112 MHz: .40% 2352 MHz: .05% 2532 MHz: .03% 2592 MHz: .38%)
CPU 3 idle residency:  94.03%
CPU 3 down residency:   0.00%

P0-Cluster Online: 8%
P0-Cluster HW active frequency: 3009 MHz
P0-Cluster HW active residency:   2.30% (1260 MHz: .93% 1512 MHz:   0% 1800 MHz: .03% 2088 MHz: .00% 2352 MHz: .05% 2616 MHz:   0% 2868 MHz:   0% 3096 MHz:   0% 3300 MHz:   0% 3468 MHz:   0% 3624 MHz:   0% 3756 MHz:   0% 3828 MHz:   0% 3888 MHz: .02% 3948 MHz: .03% 3996 MHz: .00% 4044 MHz: .41% 4104 MHz:   0% 4416 MHz: .06% 4512 MHz: .77%)
P0-Cluster idle residency:   3.79%
P0-Cluster down residency:  93.91%
CPU 4 frequency: 0 MHz
CPU 4 active residency:   0.00% (1260 MHz:   0% 1512 MHz:   0% 1800 MHz:   0% 2088 MHz:   0% 2352 MHz:   0% 2616 MHz:   0% 2868 MHz:   0% 3096 MHz:   0% 3300 MHz:   0% 3468 MHz:   0% 3624 MHz:   0% 3756 MHz:   0% 3828 MHz:   0% 3888 MHz:   0% 3948 MHz:   0% 3996 MHz:   0% 4044 MHz:   0% 4104 MHz:   0% 4416 MHz:   0% 4512 MHz:   0%)
CPU 4 idle residency:   5.84%
CPU 4 down residency:  94.16%
CPU 5 frequency: 0 MHz
CPU 5 active residency:   0.00% (1260 MHz:   0% 1512 MHz:   0% 1800 MHz:   0% 2088 MHz:   0% 2352 MHz:   0% 2616 MHz:   0% 2868 MHz:   0% 3096 MHz:   0% 3300 MHz:   0% 3468 MHz:   0% 3624 MHz:   0% 3756 MHz:   0% 3828 MHz:   0% 3888 MHz:   0% 3948 MHz:   0% 3996 MHz:   0% 4044 MHz:   0% 4104 MHz:   0% 4416 MHz:   0% 4512 MHz:   0%)
CPU 5 idle residency:   5.19%
CPU 5 down residency:  94.81%
CPU 6 frequency: 0 MHz
CPU 6 active residency:   0.00% (1260 MHz:   0% 1512 MHz:   0% 1800 MHz:   0% 2088 MHz:   0% 2352 MHz:   0% 2616 MHz:   0% 2868 MHz:   0% 3096 MHz:   0% 3300 MHz:   0% 3468 MHz:   0% 3624 MHz:   0% 3756 MHz:   0% 3828 MHz:   0% 3888 MHz:   0% 3948 MHz:   0% 3996 MHz:   0% 4044 MHz:   0% 4104 MHz:   0% 4416 MHz:   0% 4512 MHz:   0%)
CPU 6 idle residency:   5.80%
CPU 6 down residency:  94.20%
CPU 7 frequency: 0 MHz
CPU 7 active residency:   0.00% (1260 MHz:   0% 1512 MHz:   0% 1800 MHz:   0% 2088 MHz:   0% 2352 MHz:   0% 2616 MHz:   0% 2868 MHz:   0% 3096 MHz:   0% 3300 MHz:   0% 3468 MHz:   0% 3624 MHz:   0% 3756 MHz:   0% 3828 MHz:   0% 3888 MHz:   0% 3948 MHz:   0% 3996 MHz:   0% 4044 MHz:   0% 4104 MHz:   0% 4416 MHz:   0% 4512 MHz:   0%)
CPU 7 idle residency:   5.83%
CPU 7 down residency:  94.17%
CPU 8 frequency: 0 MHz
CPU 8 active residency:   0.00% (1260 MHz:   0% 1512 MHz:   0% 1800 MHz:   0% 2088 MHz:   0% 2352 MHz:   0% 2616 MHz:   0% 2868 MHz:   0% 3096 MHz:   0% 3300 MHz:   0% 3468 MHz:   0% 3624 MHz:   0% 3756 MHz:   0% 3828 MHz:   0% 3888 MHz:   0% 3948 MHz:   0% 3996 MHz:   0% 4044 MHz:   0% 4104 MHz:   0% 4416 MHz:   0% 4512 MHz:   0%)
CPU 8 idle residency:   5.83%
CPU 8 down residency:  94.17%
CPU 9 frequency: 0 MHz
CPU 9 active residency:   0.00% (1260 MHz:   0% 1512 MHz:   0% 1800 MHz:   0% 2088 MHz:   0% 2352 MHz:   0% 2616 MHz:   0% 2868 MHz:   0% 3096 MHz:   0% 3300 MHz:   0% 3468 MHz:   0% 3624 MHz:   0% 3756 MHz:   0% 3828 MHz:   0% 3888 MHz:   0% 3948 MHz:   0% 3996 MHz:   0% 4044 MHz:   0% 4104 MHz:   0% 4416 MHz:   0% 4512 MHz:   0%)
CPU 9 idle residency:   5.86%
CPU 9 down residency:  94.14%

P1-Cluster HW active frequency: 3989 MHz
P1-Cluster HW active residency:  99.59% (1260 MHz:   0% 1512 MHz:   0% 1800 MHz:   0% 2088 MHz: .14% 2352 MHz:   0% 2616 MHz:   0% 2868 MHz:   0% 3096 MHz:   0% 3300 MHz:   0% 3468 MHz:   0% 3624 MHz:   0% 3756 MHz:   0% 3828 MHz:   0% 3888 MHz:  43% 3948 MHz:  32% 3996 MHz: 8.7% 4044 MHz: 4.7% 4104 MHz:   0% 4416 MHz: 4.9% 4512 MHz: 6.6%)
P1-Cluster idle residency:   0.41%
P1-Cluster down residency:   0.00%
CPU 10 frequency: 4512 MHz
CPU 10 active residency:  55.83% (1260 MHz:   0% 1512 MHz:   0% 1800 MHz:   0% 2088 MHz:   0% 2352 MHz:   0% 2616 MHz:   0% 2868 MHz:   0% 3096 MHz:   0% 3300 MHz:   0% 3468 MHz:   0% 3624 MHz:   0% 3756 MHz:   0% 3828 MHz:   0% 3888 MHz:   0% 3948 MHz:   0% 3996 MHz:   0% 4044 MHz:   0% 4104 MHz:   0% 4416 MHz:   0% 4512 MHz:  56%)
CPU 10 idle residency:  44.17%
CPU 10 down residency:   0.00%
CPU 11 frequency: 4511 MHz
CPU 11 active residency:  67.87% (1260 MHz:   0% 1512 MHz:   0% 1800 MHz:   0% 2088 MHz: .05% 2352 MHz:   0% 2616 MHz:   0% 2868 MHz:   0% 3096 MHz:   0% 3300 MHz:   0% 3468 MHz:   0% 3624 MHz:   0% 3756 MHz:   0% 3828 MHz:   0% 3888 MHz:   0% 3948 MHz:   0% 3996 MHz:   0% 4044 MHz:   0% 4104 MHz:   0% 4416 MHz:   0% 4512 MHz:  68%)
CPU 11 idle residency:  32.13%
CPU 11 down residency:   0.00%
CPU 12 frequency: 4512 MHz
CPU 12 active residency:  66.34% (1260 MHz:   0% 1512 MHz:   0% 1800 MHz:   0% 2088 MHz: .02% 2352 MHz:   0% 2616 MHz:   0% 2868 MHz:   0% 3096 MHz:   0% 3300 MHz:   0% 3468 MHz:   0% 3624 MHz:   0% 3756 MHz:   0% 3828 MHz:   0% 3888 MHz:   0% 3948 MHz:   0% 3996 MHz:   0% 4044 MHz:   0% 4104 MHz:   0% 4416 MHz:   0% 4512 MHz:  66%)
CPU 12 idle residency:  33.66%
CPU 12 down residency:   0.00%
CPU 13 frequency: 4512 MHz
CPU 13 active residency:  60.72% (1260 MHz:   0% 1512 MHz:   0% 1800 MHz:   0% 2088 MHz:   0% 2352 MHz:   0% 2616 MHz:   0% 2868 MHz:   0% 3096 MHz:   0% 3300 MHz:   0% 3468 MHz:   0% 3624 MHz:   0% 3756 MHz:   0% 3828 MHz:   0% 3888 MHz:   0% 3948 MHz:   0% 3996 MHz:   0% 4044 MHz:   0% 4104 MHz:   0% 4416 MHz:   0% 4512 MHz:  61%)
CPU 13 idle residency:  39.28%
CPU 13 down residency:   0.00%
CPU 14 frequency: 4510 MHz
CPU 14 active residency:  63.76% (1260 MHz:   0% 1512 MHz:   0% 1800 MHz:   0% 2088 MHz: .06% 2352 MHz:   0% 2616 MHz:   0% 2868 MHz:   0% 3096 MHz:   0% 3300 MHz:   0% 3468 MHz:   0% 3624 MHz:   0% 3756 MHz:   0% 3828 MHz:   0% 3888 MHz:   0% 3948 MHz:   0% 3996 MHz:   0% 4044 MHz:   0% 4104 MHz:   0% 4416 MHz:   0% 4512 MHz:  64%)
CPU 14 idle residency:  36.24%
CPU 14 down residency:   0.00%
CPU 15 frequency: 4511 MHz
CPU 15 active residency:  53.55% (1260 MHz:   0% 1512 MHz:   0% 1800 MHz:   0% 2088 MHz: .03% 2352 MHz:   0% 2616 MHz:   0% 2868 MHz:   0% 3096 MHz:   0% 3300 MHz:   0% 3468 MHz:   0% 3624 MHz:   0% 3756 MHz:   0% 3828 MHz:   0% 3888 MHz:   0% 3948 MHz:   0% 3996 MHz:   0% 4044 MHz:   0% 4104 MHz:   0% 4416 MHz:   0% 4512 MHz:  54%)
CPU 15 idle residency:  46.45%
CPU 15 down residency:   0.00%

CPU Power: 6756 mW
GPU Power: 25622 mW
ANE Power: 0 mW
Combined Power (CPU + GPU + ANE): 32378 mW

**** GPU usage ****

GPU HW active frequency: 1578 MHz
GPU HW active residency:  97.15% (338 MHz:   0% 618 MHz:   0% 796 MHz:   0% 924 MHz:   0% 952 MHz:   0% 1056 MHz:   0% 1062 MHz:   0% 1182 MHz:   0% 1182 MHz:   0% 1312 MHz:   0% 1242 MHz:   0% 1380 MHz:   0% 1326 MHz:   0% 1470 MHz:   0% 1578 MHz:  97%)
GPU SW requested state: (P1 :   0% P2 :   0% P3 :   0% P4 :   0% P5 :   0% P6 :   0% P7 :   0% P8 :   0% P9 :   0% P10 : 100% P11 :   0% P12 :   0% P13 :   0% P14 :   0% P15 :   0%)
GPU SW state: (SW_P1 :   0% SW_P2 :   0% SW_P3 :   0% SW_P4 :   0% SW_P5 :   0% SW_P6 :   0% SW_P7 :   0% SW_P8 :   0% SW_P9 :   0% SW_P10 :  97% SW_P11 :   0% SW_P12 :   0% SW_P13 :   0% SW_P14 :   0% SW_P15 :   0%)
GPU idle residency:   2.85%
GPU Power: 25410 mW



*** Sampled system activity (Tue Jan 20 15:20:50 2026 +0100) (1020.83ms elapsed) ***


**** Processor usage ****

E-Cluster Online: 100%
E-Cluster HW active frequency: 1493 MHz
E-Cluster HW active residency:  44.14% (1020 MHz:  26% 1404 MHz: 3.0% 1788 MHz: 2.0% 2112 MHz: 4.2% 2352 MHz: 4.5% 2532 MHz: 1.3% 2592 MHz: 3.7%)
E-Cluster idle residency:  55.86%
E-Cluster down residency:   0.00%
CPU 0 frequency: 1473 MHz
CPU 0 active residency:  26.45% (1020 MHz:  16% 1404 MHz: 1.9% 1788 MHz: 1.2% 2112 MHz: 2.4% 2352 MHz: 2.1% 2532 MHz: .58% 2592 MHz: 2.5%)
CPU 0 idle residency:  73.55%
CPU 0 down residency:   0.00%
CPU 1 frequency: 1570 MHz
CPU 1 active residency:  22.04% (1020 MHz:  11% 1404 MHz: 1.6% 1788 MHz: 1.1% 2112 MHz: 2.4% 2352 MHz: 2.3% 2532 MHz: .99% 2592 MHz: 2.2%)
CPU 1 idle residency:  77.96%
CPU 1 down residency:   0.00%
CPU 2 frequency: 1652 MHz
CPU 2 active residency:  17.10% (1020 MHz: 7.3% 1404 MHz: 1.6% 1788 MHz: 1.1% 2112 MHz: 2.5% 2352 MHz: 2.3% 2532 MHz: .22% 2592 MHz: 2.0%)
CPU 2 idle residency:  82.90%
CPU 2 down residency:   0.00%
CPU 3 frequency: 1687 MHz
CPU 3 active residency:  14.64% (1020 MHz: 6.1% 1404 MHz: 1.4% 1788 MHz: .71% 2112 MHz: 1.6% 2352 MHz: 2.9% 2532 MHz: .21% 2592 MHz: 1.7%)
CPU 3 idle residency:  85.36%
CPU 3 down residency:   0.00%

P0-Cluster Online: 2%
P0-Cluster HW active frequency: 1649 MHz
P0-Cluster HW active residency:   0.48% (1260 MHz: .42% 1512 MHz:   0% 1800 MHz:   0% 2088 MHz:   0% 2352 MHz:   0% 2616 MHz:   0% 2868 MHz:   0% 3096 MHz:   0% 3300 MHz:   0% 3468 MHz:   0% 3624 MHz:   0% 3756 MHz:   0% 3828 MHz:   0% 3888 MHz: .01% 3948 MHz: .04% 3996 MHz:   0% 4044 MHz:   0% 4104 MHz:   0% 4416 MHz: .00% 4512 MHz: .02%)
P0-Cluster idle residency:   1.40%
P0-Cluster down residency:  98.12%
CPU 4 frequency: 4408 MHz
CPU 4 active residency:   0.31% (1260 MHz: .01% 1512 MHz:   0% 1800 MHz:   0% 2088 MHz: .00% 2352 MHz:   0% 2616 MHz:   0% 2868 MHz:   0% 3096 MHz:   0% 3300 MHz:   0% 3468 MHz:   0% 3624 MHz:   0% 3756 MHz:   0% 3828 MHz:   0% 3888 MHz:   0% 3948 MHz:   0% 3996 MHz:   0% 4044 MHz:   0% 4104 MHz:   0% 4416 MHz:   0% 4512 MHz: .30%)
CPU 4 idle residency:   1.80%
CPU 4 down residency:  97.89%
CPU 5 frequency: 4272 MHz
CPU 5 active residency:   0.34% (1260 MHz: .02% 1512 MHz:   0% 1800 MHz:   0% 2088 MHz: .00% 2352 MHz: .01% 2616 MHz:   0% 2868 MHz:   0% 3096 MHz:   0% 3300 MHz:   0% 3468 MHz:   0% 3624 MHz:   0% 3756 MHz:   0% 3828 MHz:   0% 3888 MHz:   0% 3948 MHz:   0% 3996 MHz:   0% 4044 MHz:   0% 4104 MHz:   0% 4416 MHz:   0% 4512 MHz: .32%)
CPU 5 idle residency:   1.80%
CPU 5 down residency:  97.86%
CPU 6 frequency: 4279 MHz
CPU 6 active residency:   0.36% (1260 MHz: .02% 1512 MHz:   0% 1800 MHz: .00% 2088 MHz: .00% 2352 MHz: .00% 2616 MHz:   0% 2868 MHz:   0% 3096 MHz:   0% 3300 MHz:   0% 3468 MHz:   0% 3624 MHz:   0% 3756 MHz:   0% 3828 MHz:   0% 3888 MHz:   0% 3948 MHz:   0% 3996 MHz:   0% 4044 MHz:   0% 4104 MHz:   0% 4416 MHz:   0% 4512 MHz: .33%)
CPU 6 idle residency:   1.80%
CPU 6 down residency:  97.84%
CPU 7 frequency: 4325 MHz
CPU 7 active residency:   0.33% (1260 MHz: .02% 1512 MHz:   0% 1800 MHz:   0% 2088 MHz: .00% 2352 MHz: .00% 2616 MHz:   0% 2868 MHz:   0% 3096 MHz:   0% 3300 MHz:   0% 3468 MHz:   0% 3624 MHz:   0% 3756 MHz:   0% 3828 MHz:   0% 3888 MHz:   0% 3948 MHz:   0% 3996 MHz:   0% 4044 MHz:   0% 4104 MHz:   0% 4416 MHz:   0% 4512 MHz: .31%)
CPU 7 idle residency:   1.79%
CPU 7 down residency:  97.88%
CPU 8 frequency: 4326 MHz
CPU 8 active residency:   0.33% (1260 MHz: .02% 1512 MHz:   0% 1800 MHz:   0% 2088 MHz: .00% 2352 MHz:   0% 2616 MHz:   0% 2868 MHz:   0% 3096 MHz:   0% 3300 MHz:   0% 3468 MHz:   0% 3624 MHz:   0% 3756 MHz:   0% 3828 MHz:   0% 3888 MHz:   0% 3948 MHz:   0% 3996 MHz:   0% 4044 MHz:   0% 4104 MHz:   0% 4416 MHz:   0% 4512 MHz: .31%)
CPU 8 idle residency:   1.80%
CPU 8 down residency:  97.87%
CPU 9 frequency: 4356 MHz
CPU 9 active residency:   0.32% (1260 MHz: .01% 1512 MHz:   0% 1800 MHz:   0% 2088 MHz: .00% 2352 MHz:   0% 2616 MHz:   0% 2868 MHz:   0% 3096 MHz:   0% 3300 MHz:   0% 3468 MHz:   0% 3624 MHz:   0% 3756 MHz:   0% 3828 MHz:   0% 3888 MHz:   0% 3948 MHz:   0% 3996 MHz:   0% 4044 MHz:   0% 4104 MHz:   0% 4416 MHz:   0% 4512 MHz: .30%)
CPU 9 idle residency:   1.80%
CPU 9 down residency:  97.89%

P1-Cluster HW active frequency: 3236 MHz
P1-Cluster HW active residency:  61.17% (1260 MHz: 5.2% 1512 MHz: 2.2% 1800 MHz: 3.8% 2088 MHz: 3.6% 2352 MHz: 3.0% 2616 MHz: 4.4% 2868 MHz: 1.2% 3096 MHz: .92% 3300 MHz: .44% 3468 MHz: .42% 3624 MHz: .67% 3756 MHz:   0% 3828 MHz: .44% 3888 MHz: .27% 3948 MHz: 1.3% 3996 MHz: 2.3% 4044 MHz:  29% 4104 MHz: .14% 4416 MHz: .08% 4512 MHz: 1.4%)
P1-Cluster idle residency:  28.12%
P1-Cluster down residency:  10.71%
CPU 10 frequency: 2571 MHz
CPU 10 active residency:   1.40% (1260 MHz: .07% 1512 MHz: .02% 1800 MHz: .29% 2088 MHz: .46% 2352 MHz: .00% 2616 MHz: .26% 2868 MHz:   0% 3096 MHz: .01% 3300 MHz:   0% 3468 MHz: .00% 3624 MHz: .01% 3756 MHz:   0% 3828 MHz:   0% 3888 MHz: .00% 3948 MHz:   0% 3996 MHz:   0% 4044 MHz:   0% 4104 MHz: .01% 4416 MHz:   0% 4512 MHz: .27%)
CPU 10 idle residency:  87.88%
CPU 10 down residency:  10.72%
CPU 11 frequency: 3981 MHz
CPU 11 active residency:  32.02% (1260 MHz: .25% 1512 MHz: .81% 1800 MHz: 1.1% 2088 MHz: 1.1% 2352 MHz: .64% 2616 MHz: 1.7% 2868 MHz: .43% 3096 MHz: .46% 3300 MHz: .44% 3468 MHz: .42% 3624 MHz: .43% 3756 MHz:   0% 3828 MHz: .44% 3888 MHz: .01% 3948 MHz:   0% 3996 MHz: .42% 4044 MHz:   0% 4104 MHz: .43% 4416 MHz: .44% 4512 MHz:  22%)
CPU 11 idle residency:  57.26%
CPU 11 down residency:  10.72%
CPU 12 frequency: 2676 MHz
CPU 12 active residency:   9.62% (1260 MHz: .18% 1512 MHz: .61% 1800 MHz: 1.7% 2088 MHz: 1.3% 2352 MHz: 1.8% 2616 MHz: 1.2% 2868 MHz: .66% 3096 MHz: .28% 3300 MHz: .00% 3468 MHz: .01% 3624 MHz: .01% 3756 MHz:   0% 3828 MHz: .02% 3888 MHz: .01% 3948 MHz:   0% 3996 MHz:   0% 4044 MHz:   0% 4104 MHz:   0% 4416 MHz:   0% 4512 MHz: 1.9%)
CPU 12 idle residency:  79.66%
CPU 12 down residency:  10.72%
CPU 13 frequency: 4247 MHz
CPU 13 active residency:  12.33% (1260 MHz: .06% 1512 MHz: .00% 1800 MHz: .57% 2088 MHz: .59% 2352 MHz: .03% 2616 MHz: .02% 2868 MHz:   0% 3096 MHz: .00% 3300 MHz:   0% 3468 MHz: .00% 3624 MHz:   0% 3756 MHz:   0% 3828 MHz:   0% 3888 MHz:   0% 3948 MHz:   0% 3996 MHz:   0% 4044 MHz:   0% 4104 MHz:   0% 4416 MHz:   0% 4512 MHz:  11%)
CPU 13 idle residency:  76.95%
CPU 13 down residency:  10.72%
CPU 14 frequency: 2684 MHz
CPU 14 active residency:   5.91% (1260 MHz: .23% 1512 MHz: .78% 1800 MHz: .88% 2088 MHz: .87% 2352 MHz: .70% 2616 MHz: .67% 2868 MHz: .05% 3096 MHz: .14% 3300 MHz:   0% 3468 MHz: .01% 3624 MHz: .13% 3756 MHz:   0% 3828 MHz: .00% 3888 MHz: .06% 3948 MHz:   0% 3996 MHz:   0% 4044 MHz:   0% 4104 MHz:   0% 4416 MHz:   0% 4512 MHz: 1.4%)
CPU 14 idle residency:  83.37%
CPU 14 down residency:  10.72%
CPU 15 frequency: 3746 MHz
CPU 15 active residency:   2.06% (1260 MHz: .07% 1512 MHz: .02% 1800 MHz: .24% 2088 MHz: .07% 2352 MHz: .05% 2616 MHz: .18% 2868 MHz: .00% 3096 MHz: .00% 3300 MHz:   0% 3468 MHz:   0% 3624 MHz:   0% 3756 MHz:   0% 3828 MHz:   0% 3888 MHz:   0% 3948 MHz:   0% 3996 MHz:   0% 4044 MHz:   0% 4104 MHz:   0% 4416 MHz:   0% 4512 MHz: 1.4%)
CPU 15 idle residency:  87.22%
CPU 15 down residency:  10.72%

CPU Power: 2089 mW
GPU Power: 87 mW
ANE Power: 0 mW
Combined Power (CPU + GPU + ANE): 2177 mW

**** GPU usage ****

GPU HW active frequency: 338 MHz
GPU HW active residency:   7.00% (338 MHz: 7.0% 618 MHz:   0% 796 MHz:   0% 924 MHz:   0% 952 MHz:   0% 1056 MHz:   0% 1062 MHz:   0% 1182 MHz:   0% 1182 MHz:   0% 1312 MHz:   0% 1242 MHz:   0% 1380 MHz:   0% 1326 MHz:   0% 1470 MHz:   0% 1578 MHz:   0%)
GPU SW requested state: (P1 : 100% P2 :   0% P3 :   0% P4 :   0% P5 :   0% P6 :   0% P7 :   0% P8 :   0% P9 :   0% P10 : .21% P11 :   0% P12 :   0% P13 :   0% P14 :   0% P15 :   0%)
GPU SW state: (SW_P1 : 7.0% SW_P2 :   0% SW_P3 :   0% SW_P4 :   0% SW_P5 :   0% SW_P6 :   0% SW_P7 :   0% SW_P8 :   0% SW_P9 :   0% SW_P10 :   0% SW_P11 :   0% SW_P12 :   0% SW_P13 :   0% SW_P14 :   0% SW_P15 :   0%)
GPU idle residency:  93.00%
GPU Power: 89 mW

