Machine model: Mac16,5
OS version: 24G419
Boot arguments: 
Boot time: Sun Jan 18 19:40:49 2026



*** Sampled system activity (Tue Jan 20 15:14:56 2026 +0100) (1018.80ms elapsed) ***


**** Processor usage ****

E-Cluster Online: 100%
E-Cluster HW active frequency: 1790 MHz
E-Cluster HW active residency:  66.37% (1020 MHz:  25% 1404 MHz: 4.9% 1788 MHz: 6.6% 2112 MHz: 4.2% 2352 MHz: 1.4% 2532 MHz: 1.9% 2592 MHz:  22%)
E-Cluster idle residency:  33.63%
E-Cluster down residency:   0.00%
CPU 0 frequency: 1775 MHz
CPU 0 active residency:  34.41% (1020 MHz:  13% 1404 MHz: 2.8% 1788 MHz: 3.8% 2112 MHz: 2.0% 2352 MHz: .88% 2532 MHz: .96% 2592 MHz:  11%)
CPU 0 idle residency:  65.59%
CPU 0 down residency:   0.00%
CPU 1 frequency: 1773 MHz
CPU 1 active residency:  22.99% (1020 MHz: 8.5% 1404 MHz: 1.9% 1788 MHz: 2.8% 2112 MHz: 1.4% 2352 MHz: .52% 2532 MHz: .77% 2592 MHz: 7.0%)
CPU 1 idle residency:  77.01%
CPU 1 down residency:   0.00%
CPU 2 frequency: 1831 MHz
CPU 2 active residency:  19.11% (1020 MHz: 6.1% 1404 MHz: 1.8% 1788 MHz: 2.5% 2112 MHz: 1.4% 2352 MHz: .51% 2532 MHz: .90% 2592 MHz: 5.9%)
CPU 2 idle residency:  80.89%
CPU 2 down residency:   0.00%
CPU 3 frequency: 1880 MHz
CPU 3 active residency:  11.01% (1020 MHz: 3.3% 1404 MHz: .84% 1788 MHz: 1.5% 2112 MHz: .66% 2352 MHz: .27% 2532 MHz: .49% 2592 MHz: 3.9%)
CPU 3 idle residency:  88.99%
CPU 3 down residency:   0.00%

P0-Cluster Online: 17%
P0-Cluster HW active frequency: 3008 MHz
P0-Cluster HW active residency:  15.15% (1260 MHz: .99% 1512 MHz:   0% 1800 MHz: .12% 2088 MHz:   0% 2352 MHz:   0% 2616 MHz:   0% 2868 MHz: 5.8% 3096 MHz: 6.0% 3300 MHz: .08% 3468 MHz: .09% 3624 MHz: .17% 3756 MHz: .08% 3828 MHz:   0% 3888 MHz: .28% 3948 MHz: 1.1% 3996 MHz: .00% 4044 MHz:   0% 4104 MHz:   0% 4416 MHz: .24% 4512 MHz: .21%)
P0-Cluster idle residency:   2.47%
P0-Cluster down residency:  82.38%
CPU 4 frequency: 4091 MHz
CPU 4 active residency:   1.46% (1260 MHz:   0% 1512 MHz:   0% 1800 MHz:   0% 2088 MHz:   0% 2352 MHz:   0% 2616 MHz:   0% 2868 MHz: .37% 3096 MHz:   0% 3300 MHz:   0% 3468 MHz:   0% 3624 MHz:   0% 3756 MHz:   0% 3828 MHz:   0% 3888 MHz:   0% 3948 MHz:   0% 3996 MHz:   0% 4044 MHz:   0% 4104 MHz:   0% 4416 MHz:   0% 4512 MHz: 1.1%)
CPU 4 idle residency:   7.57%
CPU 4 down residency:  90.97%
CPU 5 frequency: 4444 MHz
CPU 5 active residency:   0.53% (1260 MHz:   0% 1512 MHz:   0% 1800 MHz:   0% 2088 MHz:   0% 2352 MHz:   0% 2616 MHz:   0% 2868 MHz: .02% 3096 MHz:   0% 3300 MHz:   0% 3468 MHz:   0% 3624 MHz:   0% 3756 MHz:   0% 3828 MHz:   0% 3888 MHz:   0% 3948 MHz:   0% 3996 MHz:   0% 4044 MHz:   0% 4104 MHz:   0% 4416 MHz:   0% 4512 MHz: .51%)
CPU 5 idle residency:  14.33%
CPU 5 down residency:  85.14%
CPU 6 frequency: 4222 MHz
CPU 6 active residency:   1.94% (1260 MHz:   0% 1512 MHz:   0% 1800 MHz:   0% 2088 MHz:   0% 2352 MHz:   0% 2616 MHz:   0% 2868 MHz: .34% 3096 MHz:   0% 3300 MHz:   0% 3468 MHz:   0% 3624 MHz:   0% 3756 MHz:   0% 3828 MHz:   0% 3888 MHz:   0% 3948 MHz:   0% 3996 MHz:   0% 4044 MHz:   0% 4104 MHz:   0% 4416 MHz:   0% 4512 MHz: 1.6%)
CPU 6 idle residency:   9.21%
CPU 6 down residency:  88.85%
CPU 7 frequency: 4270 MHz
CPU 7 active residency:   0.39% (1260 MHz:   0% 1512 MHz:   0% 1800 MHz:   0% 2088 MHz:   0% 2352 MHz:   0% 2616 MHz:   0% 2868 MHz: .06% 3096 MHz:   0% 3300 MHz:   0% 3468 MHz:   0% 3624 MHz:   0% 3756 MHz:   0% 3828 MHz:   0% 3888 MHz:   0% 3948 MHz:   0% 3996 MHz:   0% 4044 MHz:   0% 4104 MHz:   0% 4416 MHz:   0% 4512 MHz: .33%)
CPU 7 idle residency:  14.42%
CPU 7 down residency:  85.19%
CPU 8 frequency: 4035 MHz
CPU 8 active residency:   1.38% (1260 MHz:   0% 1512 MHz:   0% 1800 MHz:   0% 2088 MHz:   0% 2352 MHz:   0% 2616 MHz:   0% 2868 MHz: .40% 3096 MHz:   0% 3300 MHz:   0% 3468 MHz:   0% 3624 MHz:   0% 3756 MHz:   0% 3828 MHz:   0% 3888 MHz:   0% 3948 MHz:   0% 3996 MHz:   0% 4044 MHz:   0% 4104 MHz:   0% 4416 MHz:   0% 4512 MHz: .98%)
CPU 8 idle residency:   9.17%
CPU 8 down residency:  89.44%
CPU 9 frequency: 4512 MHz
CPU 9 active residency:   0.28% (1260 MHz:   0% 1512 MHz:   0% 1800 MHz:   0% 2088 MHz:   0% 2352 MHz:   0% 2616 MHz:   0% 2868 MHz:   0% 3096 MHz:   0% 3300 MHz:   0% 3468 MHz:   0% 3624 MHz:   0% 3756 MHz:   0% 3828 MHz:   0% 3888 MHz:   0% 3948 MHz:   0% 3996 MHz:   0% 4044 MHz:   0% 4104 MHz:   0% 4416 MHz:   0% 4512 MHz: .28%)
CPU 9 idle residency:  16.85%
CPU 9 down residency:  82.87%

P1-Cluster HW active frequency: 3312 MHz
P1-Cluster HW active residency:  84.75% (1260 MHz: .30% 1512 MHz:   0% 1800 MHz: .05% 2088 MHz:   0% 2352 MHz: 3.3% 2616 MHz: 6.6% 2868 MHz:  25% 3096 MHz:  14% 3300 MHz: .39% 3468 MHz: .39% 3624 MHz: .39% 3756 MHz:   0% 3828 MHz: .39% 3888 MHz: 4.4% 3948 MHz:  22% 3996 MHz: 3.3% 4044 MHz: 3.8% 4104 MHz:   0% 4416 MHz: .31% 4512 MHz: .16%)
P1-Cluster idle residency:   2.03%
P1-Cluster down residency:  13.22%
CPU 10 frequency: 4015 MHz
CPU 10 active residency:  33.30% (1260 MHz: .34% 1512 MHz:   0% 1800 MHz: .01% 2088 MHz:   0% 2352 MHz: .29% 2616 MHz: .55% 2868 MHz: 4.6% 3096 MHz: 3.0% 3300 MHz: .40% 3468 MHz: .39% 3624 MHz: .39% 3756 MHz:   0% 3828 MHz: .38% 3888 MHz:   0% 3948 MHz: .39% 3996 MHz:   0% 4044 MHz:   0% 4104 MHz: .39% 4416 MHz: .38% 4512 MHz:  22%)
CPU 10 idle residency:  53.57%
CPU 10 down residency:  13.13%
CPU 11 frequency: 4230 MHz
CPU 11 active residency:  23.56% (1260 MHz: .34% 1512 MHz:   0% 1800 MHz: .01% 2088 MHz:   0% 2352 MHz:   0% 2616 MHz: .05% 2868 MHz: 1.2% 3096 MHz: 1.6% 3300 MHz: .06% 3468 MHz: .22% 3624 MHz: .37% 3756 MHz:   0% 3828 MHz: .36% 3888 MHz:   0% 3948 MHz: .35% 3996 MHz:   0% 4044 MHz:   0% 4104 MHz: .38% 4416 MHz: .38% 4512 MHz:  18%)
CPU 11 idle residency:  63.31%
CPU 11 down residency:  13.13%
CPU 12 frequency: 3411 MHz
CPU 12 active residency:  58.51% (1260 MHz: .34% 1512 MHz:   0% 1800 MHz: .02% 2088 MHz:   0% 2352 MHz: 2.2% 2616 MHz: 5.0% 2868 MHz:  20% 3096 MHz:  11% 3300 MHz: .38% 3468 MHz: .39% 3624 MHz: .38% 3756 MHz:   0% 3828 MHz: .13% 3888 MHz:   0% 3948 MHz: .16% 3996 MHz:   0% 4044 MHz:   0% 4104 MHz: .39% 4416 MHz: .31% 4512 MHz:  18%)
CPU 12 idle residency:  28.36%
CPU 12 down residency:  13.13%
CPU 13 frequency: 3972 MHz
CPU 13 active residency:  18.85% (1260 MHz: .34% 1512 MHz:   0% 1800 MHz:   0% 2088 MHz:   0% 2352 MHz: .72% 2616 MHz: 1.2% 2868 MHz: .72% 3096 MHz: 1.5% 3300 MHz: .38% 3468 MHz: .39% 3624 MHz: .39% 3756 MHz:   0% 3828 MHz: .39% 3888 MHz:   0% 3948 MHz: .39% 3996 MHz:   0% 4044 MHz:   0% 4104 MHz: .39% 4416 MHz: .38% 4512 MHz:  12%)
CPU 13 idle residency:  68.02%
CPU 13 down residency:  13.13%
CPU 14 frequency: 3401 MHz
CPU 14 active residency:  51.49% (1260 MHz: .35% 1512 MHz:   0% 1800 MHz: .01% 2088 MHz:   0% 2352 MHz: 2.4% 2616 MHz: 4.9% 2868 MHz:  17% 3096 MHz: 9.3% 3300 MHz: .06% 3468 MHz: .18% 3624 MHz: .09% 3756 MHz:   0% 3828 MHz: .10% 3888 MHz:   0% 3948 MHz: .01% 3996 MHz:   0% 4044 MHz:   0% 4104 MHz: .06% 4416 MHz: .08% 4512 MHz:  17%)
CPU 14 idle residency:  35.38%
CPU 14 down residency:  13.13%
CPU 15 frequency: 3460 MHz
CPU 15 active residency:  58.50% (1260 MHz: .34% 1512 MHz:   0% 1800 MHz: .01% 2088 MHz:   0% 2352 MHz: 1.9% 2616 MHz: 5.2% 2868 MHz:  18% 3096 MHz:  11% 3300 MHz: .37% 3468 MHz: .39% 3624 MHz: .15% 3756 MHz:   0% 3828 MHz: .38% 3888 MHz:   0% 3948 MHz: .28% 3996 MHz:   0% 4044 MHz:   0% 4104 MHz: .10% 4416 MHz: .27% 4512 MHz:  20%)
CPU 15 idle residency:  28.37%
CPU 15 down residency:  13.13%

CPU Power: 4057 mW
GPU Power: 27246 mW
ANE Power: 0 mW
Combined Power (CPU + GPU + ANE): 31302 mW

**** GPU usage ****

GPU HW active frequency: 1578 MHz
GPU HW active residency: 100.00% (338 MHz:   0% 618 MHz:   0% 796 MHz:   0% 924 MHz:   0% 952 MHz:   0% 1056 MHz:   0% 1062 MHz:   0% 1182 MHz:   0% 1182 MHz:   0% 1312 MHz:   0% 1242 MHz:   0% 1380 MHz:   0% 1326 MHz:   0% 1470 MHz:   0% 1578 MHz: 100%)
GPU SW requested state: (P1 :   0% P2 :   0% P3 :   0% P4 :   0% P5 :   0% P6 :   0% P7 :   0% P8 :   0% P9 :   0% P10 : 100% P11 :   0% P12 :   0% P13 :   0% P14 :   0% P15 :   0%)
GPU SW state: (SW_P1 :   0% SW_P2 :   0% SW_P3 :   0% SW_P4 :   0% SW_P5 :   0% SW_P6 :   0% SW_P7 :   0% SW_P8 :   0% SW_P9 :   0% SW_P10 : 100% SW_P11 :   0% SW_P12 :   0% SW_P13 :   0% SW_P14 :   0% SW_P15 :   0%)
GPU idle residency:   0.00%
GPU Power: 27246 mW



*** Sampled system activity (Tue Jan 20 15:14:57 2026 +0100) (1026.00ms elapsed) ***


**** Processor usage ****

E-Cluster Online: 100%
E-Cluster HW active frequency: 1679 MHz
E-Cluster HW active residency:  58.66% (1020 MHz:  27% 1404 MHz: 6.9% 1788 MHz: 3.2% 2112 MHz: 1.3% 2352 MHz: .99% 2532 MHz: 1.4% 2592 MHz:  18%)
E-Cluster idle residency:  41.34%
E-Cluster down residency:   0.00%
CPU 0 frequency: 1613 MHz
CPU 0 active residency:  29.13% (1020 MHz:  14% 1404 MHz: 3.6% 1788 MHz: 1.5% 2112 MHz: .66% 2352 MHz: .21% 2532 MHz: .87% 2592 MHz: 7.9%)
CPU 0 idle residency:  70.87%
CPU 0 down residency:   0.00%
CPU 1 frequency: 1627 MHz
CPU 1 active residency:  17.86% (1020 MHz: 8.4% 1404 MHz: 2.1% 1788 MHz: 1.6% 2112 MHz: .25% 2352 MHz: .24% 2532 MHz: .29% 2592 MHz: 4.9%)
CPU 1 idle residency:  82.14%
CPU 1 down residency:   0.00%
CPU 2 frequency: 1605 MHz
CPU 2 active residency:  10.77% (1020 MHz: 5.2% 1404 MHz: 1.2% 1788 MHz: 1.1% 2112 MHz: .19% 2352 MHz: .03% 2532 MHz: .33% 2592 MHz: 2.7%)
CPU 2 idle residency:  89.23%
CPU 2 down residency:   0.00%
CPU 3 frequency: 1735 MHz
CPU 3 active residency:   6.22% (1020 MHz: 2.7% 1404 MHz: .58% 1788 MHz: .50% 2112 MHz: .11% 2352 MHz: .00% 2532 MHz: .20% 2592 MHz: 2.2%)
CPU 3 idle residency:  93.78%
CPU 3 down residency:   0.00%

P0-Cluster Online: 4%
P0-Cluster HW active frequency: 1260 MHz
P0-Cluster HW active residency:   0.72% (1260 MHz: .72% 1512 MHz:   0% 1800 MHz:   0% 2088 MHz:   0% 2352 MHz:   0% 2616 MHz:   0% 2868 MHz:   0% 3096 MHz:   0% 3300 MHz:   0% 3468 MHz:   0% 3624 MHz:   0% 3756 MHz:   0% 3828 MHz:   0% 3888 MHz:   0% 3948 MHz:   0% 3996 MHz:   0% 4044 MHz:   0% 4104 MHz:   0% 4416 MHz:   0% 4512 MHz:   0%)
P0-Cluster idle residency:   2.43%
P0-Cluster down residency:  96.85%
CPU 4 frequency: 0 MHz
CPU 4 active residency:   0.00% (1260 MHz:   0% 1512 MHz:   0% 1800 MHz:   0% 2088 MHz:   0% 2352 MHz:   0% 2616 MHz:   0% 2868 MHz:   0% 3096 MHz:   0% 3300 MHz:   0% 3468 MHz:   0% 3624 MHz:   0% 3756 MHz:   0% 3828 MHz:   0% 3888 MHz:   0% 3948 MHz:   0% 3996 MHz:   0% 4044 MHz:   0% 4104 MHz:   0% 4416 MHz:   0% 4512 MHz:   0%)
CPU 4 idle residency:   3.02%
CPU 4 down residency:  96.98%
CPU 5 frequency: 0 MHz
CPU 5 active residency:   0.00% (1260 MHz:   0% 1512 MHz:   0% 1800 MHz:   0% 2088 MHz:   0% 2352 MHz:   0% 2616 MHz:   0% 2868 MHz:   0% 3096 MHz:   0% 3300 MHz:   0% 3468 MHz:   0% 3624 MHz:   0% 3756 MHz:   0% 3828 MHz:   0% 3888 MHz:   0% 3948 MHz:   0% 3996 MHz:   0% 4044 MHz:   0% 4104 MHz:   0% 4416 MHz:   0% 4512 MHz:   0%)
CPU 5 idle residency:   3.03%
CPU 5 down residency:  96.97%
CPU 6 frequency: 0 MHz
CPU 6 active residency:   0.00% (1260 MHz:   0% 1512 MHz:   0% 1800 MHz:   0% 2088 MHz:   0% 2352 MHz:   0% 2616 MHz:   0% 2868 MHz:   0% 3096 MHz:   0% 3300 MHz:   0% 3468 MHz:   0% 3624 MHz:   0% 3756 MHz:   0% 3828 MHz:   0% 3888 MHz:   0% 3948 MHz:   0% 3996 MHz:   0% 4044 MHz:   0% 4104 MHz:   0% 4416 MHz:   0% 4512 MHz:   0%)
CPU 6 idle residency:   3.03%
CPU 6 down residency:  96.97%
CPU 7 frequency: 0 MHz
CPU 7 active residency:   0.00% (1260 MHz:   0% 1512 MHz:   0% 1800 MHz:   0% 2088 MHz:   0% 2352 MHz:   0% 2616 MHz:   0% 2868 MHz:   0% 3096 MHz:   0% 3300 MHz:   0% 3468 MHz:   0% 3624 MHz:   0% 3756 MHz:   0% 3828 MHz:   0% 3888 MHz:   0% 3948 MHz:   0% 3996 MHz:   0% 4044 MHz:   0% 4104 MHz:   0% 4416 MHz:   0% 4512 MHz:   0%)
CPU 7 idle residency:   3.03%
CPU 7 down residency:  96.97%
CPU 8 frequency: 0 MHz
CPU 8 active residency:   0.00% (1260 MHz:   0% 1512 MHz:   0% 1800 MHz:   0% 2088 MHz:   0% 2352 MHz:   0% 2616 MHz:   0% 2868 MHz:   0% 3096 MHz:   0% 3300 MHz:   0% 3468 MHz:   0% 3624 MHz:   0% 3756 MHz:   0% 3828 MHz:   0% 3888 MHz:   0% 3948 MHz:   0% 3996 MHz:   0% 4044 MHz:   0% 4104 MHz:   0% 4416 MHz:   0% 4512 MHz:   0%)
CPU 8 idle residency:   3.03%
CPU 8 down residency:  96.97%
CPU 9 frequency: 0 MHz
CPU 9 active residency:   0.00% (1260 MHz:   0% 1512 MHz:   0% 1800 MHz:   0% 2088 MHz:   0% 2352 MHz:   0% 2616 MHz:   0% 2868 MHz:   0% 3096 MHz:   0% 3300 MHz:   0% 3468 MHz:   0% 3624 MHz:   0% 3756 MHz:   0% 3828 MHz:   0% 3888 MHz:   0% 3948 MHz:   0% 3996 MHz:   0% 4044 MHz:   0% 4104 MHz:   0% 4416 MHz:   0% 4512 MHz:   0%)
CPU 9 idle residency:   3.03%
CPU 9 down residency:  96.97%

P1-Cluster HW active frequency: 3364 MHz
P1-Cluster HW active residency:  98.50% (1260 MHz: .04% 1512 MHz:   0% 1800 MHz: .01% 2088 MHz:   0% 2352 MHz:   0% 2616 MHz:   0% 2868 MHz:  18% 3096 MHz:  43% 3300 MHz: .58% 3468 MHz: .77% 3624 MHz: 1.3% 3756 MHz:   0% 3828 MHz: .38% 3888 MHz: 8.0% 3948 MHz:  20% 3996 MHz: 2.9% 4044 MHz: 2.4% 4104 MHz:   0% 4416 MHz: .28% 4512 MHz: .33%)
P1-Cluster idle residency:   1.50%
P1-Cluster down residency:   0.00%
CPU 10 frequency: 3965 MHz
CPU 10 active residency:  33.45% (1260 MHz: .00% 1512 MHz:   0% 1800 MHz:   0% 2088 MHz:   0% 2352 MHz:   0% 2616 MHz:   0% 2868 MHz: 3.4% 3096 MHz: 7.1% 3300 MHz: .56% 3468 MHz: .67% 3624 MHz: .88% 3756 MHz:   0% 3828 MHz: .11% 3888 MHz:   0% 3948 MHz: .32% 3996 MHz:   0% 4044 MHz:   0% 4104 MHz: .30% 4416 MHz: .33% 4512 MHz:  20%)
CPU 10 idle residency:  66.55%
CPU 10 down residency:   0.00%
CPU 11 frequency: 3543 MHz
CPU 11 active residency:  66.25% (1260 MHz: .01% 1512 MHz:   0% 1800 MHz:   0% 2088 MHz:   0% 2352 MHz:   0% 2616 MHz:   0% 2868 MHz:  14% 3096 MHz:  28% 3300 MHz: .23% 3468 MHz: .17% 3624 MHz: .75% 3756 MHz:   0% 3828 MHz: .33% 3888 MHz:   0% 3948 MHz: .12% 3996 MHz:   0% 4044 MHz:   0% 4104 MHz:   0% 4416 MHz: .19% 4512 MHz:  22%)
CPU 11 idle residency:  33.75%
CPU 11 down residency:   0.00%
CPU 12 frequency: 3489 MHz
CPU 12 active residency:  68.70% (1260 MHz: .00% 1512 MHz:   0% 1800 MHz: .00% 2088 MHz:   0% 2352 MHz:   0% 2616 MHz:   0% 2868 MHz:  12% 3096 MHz:  34% 3300 MHz: .58% 3468 MHz: .76% 3624 MHz: .50% 3756 MHz:   0% 3828 MHz: .31% 3888 MHz:   0% 3948 MHz: .20% 3996 MHz:   0% 4044 MHz:   0% 4104 MHz: .30% 4416 MHz: .21% 4512 MHz:  20%)
CPU 12 idle residency:  31.30%
CPU 12 down residency:   0.00%
CPU 13 frequency: 4312 MHz
CPU 13 active residency:  31.62% (1260 MHz:   0% 1512 MHz:   0% 1800 MHz:   0% 2088 MHz:   0% 2352 MHz:   0% 2616 MHz:   0% 2868 MHz: 1.1% 3096 MHz: 1.9% 3300 MHz: .33% 3468 MHz: .51% 3624 MHz: .38% 3756 MHz:   0% 3828 MHz: .28% 3888 MHz:   0% 3948 MHz: .28% 3996 MHz:   0% 4044 MHz:   0% 4104 MHz: .27% 4416 MHz: .31% 4512 MHz:  26%)
CPU 13 idle residency:  68.38%
CPU 13 down residency:   0.00%
CPU 14 frequency: 3861 MHz
CPU 14 active residency:  22.67% (1260 MHz: .00% 1512 MHz:   0% 1800 MHz:   0% 2088 MHz:   0% 2352 MHz:   0% 2616 MHz:   0% 2868 MHz: .34% 3096 MHz: 7.7% 3300 MHz: .52% 3468 MHz: .75% 3624 MHz: 1.4% 3756 MHz:   0% 3828 MHz: .38% 3888 MHz:   0% 3948 MHz: .38% 3996 MHz:   0% 4044 MHz:   0% 4104 MHz: .38% 4416 MHz: .39% 4512 MHz:  10%)
CPU 14 idle residency:  77.33%
CPU 14 down residency:   0.00%
CPU 15 frequency: 3480 MHz
CPU 15 active residency:  69.34% (1260 MHz: .01% 1512 MHz:   0% 1800 MHz: .01% 2088 MHz:   0% 2352 MHz:   0% 2616 MHz:   0% 2868 MHz:  14% 3096 MHz:  33% 3300 MHz: .57% 3468 MHz: .65% 3624 MHz: 1.1% 3756 MHz:   0% 3828 MHz: .03% 3888 MHz:   0% 3948 MHz: .02% 3996 MHz:   0% 4044 MHz:   0% 4104 MHz:   0% 4416 MHz: .05% 4512 MHz:  20%)
CPU 15 idle residency:  30.66%
CPU 15 down residency:   0.00%

CPU Power: 4332 mW
GPU Power: 27240 mW
ANE Power: 0 mW
Combined Power (CPU + GPU + ANE): 31572 mW

**** GPU usage ****

GPU HW active frequency: 1578 MHz
GPU HW active residency: 100.00% (338 MHz:   0% 618 MHz:   0% 796 MHz:   0% 924 MHz:   0% 952 MHz:   0% 1056 MHz:   0% 1062 MHz:   0% 1182 MHz:   0% 1182 MHz:   0% 1312 MHz:   0% 1242 MHz:   0% 1380 MHz:   0% 1326 MHz:   0% 1470 MHz:   0% 1578 MHz: 100%)
GPU SW requested state: (P1 :   0% P2 :   0% P3 :   0% P4 :   0% P5 :   0% P6 :   0% P7 :   0% P8 :   0% P9 :   0% P10 : 100% P11 :   0% P12 :   0% P13 :   0% P14 :   0% P15 :   0%)
GPU SW state: (SW_P1 :   0% SW_P2 :   0% SW_P3 :   0% SW_P4 :   0% SW_P5 :   0% SW_P6 :   0% SW_P7 :   0% SW_P8 :   0% SW_P9 :   0% SW_P10 : 100% SW_P11 :   0% SW_P12 :   0% SW_P13 :   0% SW_P14 :   0% SW_P15 :   0%)
GPU idle residency:   0.00%
GPU Power: 27238 mW



*** Sampled system activity (Tue Jan 20 15:14:58 2026 +0100) (1022.62ms elapsed) ***


**** Processor usage ****

E-Cluster Online: 100%
E-Cluster HW active frequency: 1659 MHz
E-Cluster HW active residency:  59.73% (1020 MHz:  27% 1404 MHz: 7.9% 1788 MHz: 3.8% 2112 MHz: 1.4% 2352 MHz: 1.9% 2532 MHz: 1.8% 2592 MHz:  16%)
E-Cluster idle residency:  40.27%
E-Cluster down residency:   0.00%
CPU 0 frequency: 1611 MHz
CPU 0 active residency:  29.33% (1020 MHz:  14% 1404 MHz: 4.3% 1788 MHz: 2.2% 2112 MHz: .45% 2352 MHz: 1.1% 2532 MHz: .87% 2592 MHz: 6.8%)
CPU 0 idle residency:  70.67%
CPU 0 down residency:   0.00%
CPU 1 frequency: 1595 MHz
CPU 1 active residency:  18.81% (1020 MHz: 8.9% 1404 MHz: 2.5% 1788 MHz: 1.9% 2112 MHz: .25% 2352 MHz: .78% 2532 MHz: 1.0% 2592 MHz: 3.5%)
CPU 1 idle residency:  81.19%
CPU 1 down residency:   0.00%
CPU 2 frequency: 1578 MHz
CPU 2 active residency:   9.77% (1020 MHz: 4.3% 1404 MHz: 1.4% 1788 MHz: 1.2% 2112 MHz: .42% 2352 MHz: .60% 2532 MHz: .69% 2592 MHz: 1.1%)
CPU 2 idle residency:  90.23%
CPU 2 down residency:   0.00%
CPU 3 frequency: 1610 MHz
CPU 3 active residency:   7.45% (1020 MHz: 3.0% 1404 MHz: 1.3% 1788 MHz: 1.0% 2112 MHz: .21% 2352 MHz: .70% 2532 MHz: .72% 2592 MHz: .55%)
CPU 3 idle residency:  92.55%
CPU 3 down residency:   0.00%

P0-Cluster Online: 2%
P0-Cluster HW active frequency: 1387 MHz
P0-Cluster HW active residency:   0.30% (1260 MHz: .23% 1512 MHz:   0% 1800 MHz: .07% 2088 MHz:   0% 2352 MHz:   0% 2616 MHz:   0% 2868 MHz:   0% 3096 MHz:   0% 3300 MHz:   0% 3468 MHz:   0% 3624 MHz:   0% 3756 MHz:   0% 3828 MHz:   0% 3888 MHz:   0% 3948 MHz:   0% 3996 MHz:   0% 4044 MHz:   0% 4104 MHz:   0% 4416 MHz:   0% 4512 MHz:   0%)
P0-Cluster idle residency:   1.09%
P0-Cluster down residency:  98.61%
CPU 4 frequency: 0 MHz
CPU 4 active residency:   0.00% (1260 MHz:   0% 1512 MHz:   0% 1800 MHz:   0% 2088 MHz:   0% 2352 MHz:   0% 2616 MHz:   0% 2868 MHz:   0% 3096 MHz:   0% 3300 MHz:   0% 3468 MHz:   0% 3624 MHz:   0% 3756 MHz:   0% 3828 MHz:   0% 3888 MHz:   0% 3948 MHz:   0% 3996 MHz:   0% 4044 MHz:   0% 4104 MHz:   0% 4416 MHz:   0% 4512 MHz:   0%)
CPU 4 idle residency:   1.31%
CPU 4 down residency:  98.69%
CPU 5 frequency: 0 MHz
CPU 5 active residency:   0.00% (1260 MHz:   0% 1512 MHz:   0% 1800 MHz:   0% 2088 MHz:   0% 2352 MHz:   0% 2616 MHz:   0% 2868 MHz:   0% 3096 MHz:   0% 3300 MHz:   0% 3468 MHz:   0% 3624 MHz:   0% 3756 MHz:   0% 3828 MHz:   0% 3888 MHz:   0% 3948 MHz:   0% 3996 MHz:   0% 4044 MHz:   0% 4104 MHz:   0% 4416 MHz:   0% 4512 MHz:   0%)
CPU 5 idle residency:   1.33%
CPU 5 down residency:  98.67%
CPU 6 frequency: 0 MHz
CPU 6 active residency:   0.00% (1260 MHz:   0% 1512 MHz:   0% 1800 MHz:   0% 2088 MHz:   0% 2352 MHz:   0% 2616 MHz:   0% 2868 MHz:   0% 3096 MHz:   0% 3300 MHz:   0% 3468 MHz:   0% 3624 MHz:   0% 3756 MHz:   0% 3828 MHz:   0% 3888 MHz:   0% 3948 MHz:   0% 3996 MHz:   0% 4044 MHz:   0% 4104 MHz:   0% 4416 MHz:   0% 4512 MHz:   0%)
CPU 6 idle residency:   1.31%
CPU 6 down residency:  98.69%
CPU 7 frequency: 0 MHz
CPU 7 active residency:   0.00% (1260 MHz:   0% 1512 MHz:   0% 1800 MHz:   0% 2088 MHz:   0% 2352 MHz:   0% 2616 MHz:   0% 2868 MHz:   0% 3096 MHz:   0% 3300 MHz:   0% 3468 MHz:   0% 3624 MHz:   0% 3756 MHz:   0% 3828 MHz:   0% 3888 MHz:   0% 3948 MHz:   0% 3996 MHz:   0% 4044 MHz:   0% 4104 MHz:   0% 4416 MHz:   0% 4512 MHz:   0%)
CPU 7 idle residency:   1.33%
CPU 7 down residency:  98.67%
CPU 8 frequency: 0 MHz
CPU 8 active residency:   0.00% (1260 MHz:   0% 1512 MHz:   0% 1800 MHz:   0% 2088 MHz:   0% 2352 MHz:   0% 2616 MHz:   0% 2868 MHz:   0% 3096 MHz:   0% 3300 MHz:   0% 3468 MHz:   0% 3624 MHz:   0% 3756 MHz:   0% 3828 MHz:   0% 3888 MHz:   0% 3948 MHz:   0% 3996 MHz:   0% 4044 MHz:   0% 4104 MHz:   0% 4416 MHz:   0% 4512 MHz:   0%)
CPU 8 idle residency:   1.32%
CPU 8 down residency:  98.68%
CPU 9 frequency: 0 MHz
CPU 9 active residency:   0.00% (1260 MHz:   0% 1512 MHz:   0% 1800 MHz:   0% 2088 MHz:   0% 2352 MHz:   0% 2616 MHz:   0% 2868 MHz:   0% 3096 MHz:   0% 3300 MHz:   0% 3468 MHz:   0% 3624 MHz:   0% 3756 MHz:   0% 3828 MHz:   0% 3888 MHz:   0% 3948 MHz:   0% 3996 MHz:   0% 4044 MHz:   0% 4104 MHz:   0% 4416 MHz:   0% 4512 MHz:   0%)
CPU 9 idle residency:   1.33%
CPU 9 down residency:  98.67%

P1-Cluster HW active frequency: 3379 MHz
P1-Cluster HW active residency:  97.93% (1260 MHz: .04% 1512 MHz:   0% 1800 MHz:   0% 2088 MHz:   0% 2352 MHz: 2.2% 2616 MHz: 6.0% 2868 MHz:  15% 3096 MHz:  16% 3300 MHz:  23% 3468 MHz: 1.5% 3624 MHz: .39% 3756 MHz:   0% 3828 MHz: .38% 3888 MHz: 4.2% 3948 MHz:  20% 3996 MHz: 4.6% 4044 MHz: 5.0% 4104 MHz:   0% 4416 MHz: .16% 4512 MHz: .12%)
P1-Cluster idle residency:   2.07%
P1-Cluster down residency:   0.00%
CPU 10 frequency: 3739 MHz
CPU 10 active residency:  32.70% (1260 MHz:   0% 1512 MHz:   0% 1800 MHz:   0% 2088 MHz:   0% 2352 MHz:   0% 2616 MHz: .78% 2868 MHz: 7.5% 3096 MHz: 3.1% 3300 MHz: 4.8% 3468 MHz: .54% 3624 MHz: .34% 3756 MHz:   0% 3828 MHz: .09% 3888 MHz:   0% 3948 MHz: .12% 3996 MHz:   0% 4044 MHz:   0% 4104 MHz: .27% 4416 MHz: .29% 4512 MHz:  15%)
CPU 10 idle residency:  67.30%
CPU 10 down residency:   0.00%
CPU 11 frequency: 3508 MHz
CPU 11 active residency:  62.35% (1260 MHz: .01% 1512 MHz:   0% 1800 MHz:   0% 2088 MHz:   0% 2352 MHz: 1.5% 2616 MHz: 2.4% 2868 MHz: 9.9% 3096 MHz:  12% 3300 MHz:  16% 3468 MHz: 1.2% 3624 MHz: .35% 3756 MHz:   0% 3828 MHz: .35% 3888 MHz:   0% 3948 MHz: .31% 3996 MHz:   0% 4044 MHz:   0% 4104 MHz: .32% 4416 MHz: .26% 4512 MHz:  18%)
CPU 11 idle residency:  37.65%
CPU 11 down residency:   0.00%
CPU 12 frequency: 3517 MHz
CPU 12 active residency:  65.03% (1260 MHz:   0% 1512 MHz:   0% 1800 MHz:   0% 2088 MHz:   0% 2352 MHz: 2.0% 2616 MHz: 3.3% 2868 MHz:  11% 3096 MHz:  11% 3300 MHz:  16% 3468 MHz: 1.0% 3624 MHz: .29% 3756 MHz:   0% 3828 MHz: .35% 3888 MHz:   0% 3948 MHz: .24% 3996 MHz:   0% 4044 MHz:   0% 4104 MHz: .30% 4416 MHz: .39% 4512 MHz:  20%)
CPU 12 idle residency:  34.97%
CPU 12 down residency:   0.00%
CPU 13 frequency: 3527 MHz
CPU 13 active residency:  53.33% (1260 MHz: .01% 1512 MHz:   0% 1800 MHz:   0% 2088 MHz:   0% 2352 MHz: 1.6% 2616 MHz: 3.7% 2868 MHz: 5.1% 3096 MHz:  11% 3300 MHz:  15% 3468 MHz: .69% 3624 MHz:   0% 3756 MHz:   0% 3828 MHz:   0% 3888 MHz:   0% 3948 MHz: .03% 3996 MHz:   0% 4044 MHz:   0% 4104 MHz: .26% 4416 MHz: .31% 4512 MHz:  16%)
CPU 13 idle residency:  46.67%
CPU 13 down residency:   0.00%
CPU 14 frequency: 4257 MHz
CPU 14 active residency:  27.46% (1260 MHz:   0% 1512 MHz:   0% 1800 MHz:   0% 2088 MHz:   0% 2352 MHz: .15% 2616 MHz: .23% 2868 MHz: .77% 3096 MHz: 1.7% 3300 MHz: 2.1% 3468 MHz: .02% 3624 MHz: .03% 3756 MHz:   0% 3828 MHz:   0% 3888 MHz:   0% 3948 MHz: .00% 3996 MHz:   0% 4044 MHz:   0% 4104 MHz:   0% 4416 MHz: .02% 4512 MHz:  22%)
CPU 14 idle residency:  72.54%
CPU 14 down residency:   0.00%
CPU 15 frequency: 3556 MHz
CPU 15 active residency:  28.77% (1260 MHz: .01% 1512 MHz:   0% 1800 MHz:   0% 2088 MHz:   0% 2352 MHz: 1.0% 2616 MHz: 3.0% 2868 MHz: 8.8% 3096 MHz: .89% 3300 MHz: 1.9% 3468 MHz: .53% 3624 MHz: .39% 3756 MHz:   0% 3828 MHz: .38% 3888 MHz:   0% 3948 MHz: .39% 3996 MHz:   0% 4044 MHz:   0% 4104 MHz: .38% 4416 MHz: .39% 4512 MHz:  11%)
CPU 15 idle residency:  71.23%
CPU 15 down residency:   0.00%

CPU Power: 4141 mW
GPU Power: 27455 mW
ANE Power: 0 mW
Combined Power (CPU + GPU + ANE): 31596 mW

**** GPU usage ****

GPU HW active frequency: 1578 MHz
GPU HW active residency: 100.00% (338 MHz:   0% 618 MHz:   0% 796 MHz:   0% 924 MHz:   0% 952 MHz:   0% 1056 MHz:   0% 1062 MHz:   0% 1182 MHz:   0% 1182 MHz:   0% 1312 MHz:   0% 1242 MHz:   0% 1380 MHz:   0% 1326 MHz:   0% 1470 MHz:   0% 1578 MHz: 100%)
GPU SW requested state: (P1 :   0% P2 :   0% P3 :   0% P4 :   0% P5 :   0% P6 :   0% P7 :   0% P8 :   0% P9 :   0% P10 : 100% P11 :   0% P12 :   0% P13 :   0% P14 :   0% P15 :   0%)
GPU SW state: (SW_P1 :   0% SW_P2 :   0% SW_P3 :   0% SW_P4 :   0% SW_P5 :   0% SW_P6 :   0% SW_P7 :   0% SW_P8 :   0% SW_P9 :   0% SW_P10 : 100% SW_P11 :   0% SW_P12 :   0% SW_P13 :   0% SW_P14 :   0% SW_P15 :   0%)
GPU idle residency:   0.00%
GPU Power: 27461 mW



*** Sampled system activity (Tue Jan 20 15:14:59 2026 +0100) (1020.20ms elapsed) ***


**** Processor usage ****

E-Cluster Online: 100%
E-Cluster HW active frequency: 1655 MHz
E-Cluster HW active residency:  58.13% (1020 MHz:  28% 1404 MHz: 4.8% 1788 MHz: 3.9% 2112 MHz: 1.6% 2352 MHz: 1.6% 2532 MHz: 1.2% 2592 MHz:  17%)
E-Cluster idle residency:  41.87%
E-Cluster down residency:   0.00%
CPU 0 frequency: 1637 MHz
CPU 0 active residency:  27.47% (1020 MHz:  14% 1404 MHz: 2.4% 1788 MHz: 1.8% 2112 MHz: .43% 2352 MHz: 1.1% 2532 MHz: .54% 2592 MHz: 7.6%)
CPU 0 idle residency:  72.53%
CPU 0 down residency:   0.00%
CPU 1 frequency: 1586 MHz
CPU 1 active residency:  19.65% (1020 MHz:  10% 1404 MHz: 1.7% 1788 MHz: 2.1% 2112 MHz: .39% 2352 MHz: .96% 2532 MHz: .35% 2592 MHz: 4.2%)
CPU 1 idle residency:  80.35%
CPU 1 down residency:   0.00%
CPU 2 frequency: 1719 MHz
CPU 2 active residency:  11.23% (1020 MHz: 4.7% 1404 MHz: .75% 1788 MHz: 1.1% 2112 MHz: .87% 2352 MHz: .55% 2532 MHz: .29% 2592 MHz: 2.9%)
CPU 2 idle residency:  88.77%
CPU 2 down residency:   0.00%
CPU 3 frequency: 1675 MHz
CPU 3 active residency:   7.91% (1020 MHz: 3.7% 1404 MHz: .74% 1788 MHz: .57% 2112 MHz: .08% 2352 MHz: .38% 2532 MHz: .07% 2592 MHz: 2.4%)
CPU 3 idle residency:  92.09%
CPU 3 down residency:   0.00%

P0-Cluster Online: 27%
P0-Cluster HW active frequency: 2286 MHz
P0-Cluster HW active residency:   7.98% (1260 MHz: 4.0% 1512 MHz: .29% 1800 MHz:   0% 2088 MHz:   0% 2352 MHz: .26% 2616 MHz: .24% 2868 MHz: .77% 3096 MHz: .25% 3300 MHz:   0% 3468 MHz:   0% 3624 MHz:   0% 3756 MHz:   0% 3828 MHz:   0% 3888 MHz: .62% 3948 MHz: .35% 3996 MHz: .12% 4044 MHz: .96% 4104 MHz:   0% 4416 MHz: .03% 4512 MHz: .04%)
P0-Cluster idle residency:  18.75%
P0-Cluster down residency:  73.27%
CPU 4 frequency: 2990 MHz
CPU 4 active residency:   8.81% (1260 MHz: .27% 1512 MHz:   0% 1800 MHz: .04% 2088 MHz:   0% 2352 MHz:   0% 2616 MHz:   0% 2868 MHz: 3.6% 3096 MHz: 4.4% 3300 MHz: .08% 3468 MHz: .01% 3624 MHz: .14% 3756 MHz: .07% 3828 MHz:   0% 3888 MHz: .07% 3948 MHz:   0% 3996 MHz:   0% 4044 MHz:   0% 4104 MHz: .07% 4416 MHz: .13% 4512 MHz:   0%)
CPU 4 idle residency:  22.77%
CPU 4 down residency:  68.42%
CPU 5 frequency: 2976 MHz
CPU 5 active residency:   3.23% (1260 MHz: .28% 1512 MHz:   0% 1800 MHz: .02% 2088 MHz:   0% 2352 MHz:   0% 2616 MHz:   0% 2868 MHz: .72% 3096 MHz: 1.8% 3300 MHz: .03% 3468 MHz: .01% 3624 MHz: .12% 3756 MHz: .04% 3828 MHz:   0% 3888 MHz: .04% 3948 MHz:   0% 3996 MHz:   0% 4044 MHz:   0% 4104 MHz: .04% 4416 MHz: .10% 4512 MHz:   0%)
CPU 5 idle residency:  24.34%
CPU 5 down residency:  72.43%
CPU 6 frequency: 2962 MHz
CPU 6 active residency:   7.06% (1260 MHz: .29% 1512 MHz:   0% 1800 MHz: .05% 2088 MHz:   0% 2352 MHz:   0% 2616 MHz:   0% 2868 MHz: 3.3% 3096 MHz: 2.8% 3300 MHz: .08% 3468 MHz: .02% 3624 MHz: .14% 3756 MHz: .08% 3828 MHz:   0% 3888 MHz: .04% 3948 MHz:   0% 3996 MHz:   0% 4044 MHz:   0% 4104 MHz: .07% 4416 MHz: .11% 4512 MHz:   0%)
CPU 6 idle residency:  22.61%
CPU 6 down residency:  70.33%
CPU 7 frequency: 2955 MHz
CPU 7 active residency:   3.31% (1260 MHz: .28% 1512 MHz:   0% 1800 MHz: .02% 2088 MHz:   0% 2352 MHz:   0% 2616 MHz:   0% 2868 MHz: .49% 3096 MHz: 2.3% 3300 MHz: .03% 3468 MHz: .00% 3624 MHz: .04% 3756 MHz: .06% 3828 MHz:   0% 3888 MHz: .02% 3948 MHz:   0% 3996 MHz:   0% 4044 MHz:   0% 4104 MHz: .03% 4416 MHz: .05% 4512 MHz:   0%)
CPU 7 idle residency:  24.88%
CPU 7 down residency:  71.80%
CPU 8 frequency: 2957 MHz
CPU 8 active residency:   7.55% (1260 MHz: .28% 1512 MHz:   0% 1800 MHz: .12% 2088 MHz:   0% 2352 MHz:   0% 2616 MHz:   0% 2868 MHz: 3.6% 3096 MHz: 3.0% 3300 MHz: .06% 3468 MHz: .03% 3624 MHz: .16% 3756 MHz: .08% 3828 MHz:   0% 3888 MHz: .06% 3948 MHz:   0% 3996 MHz:   0% 4044 MHz:   0% 4104 MHz: .06% 4416 MHz: .12% 4512 MHz:   0%)
CPU 8 idle residency:  23.06%
CPU 8 down residency:  69.39%
CPU 9 frequency: 2333 MHz
CPU 9 active residency:   0.67% (1260 MHz: .29% 1512 MHz:   0% 1800 MHz: .01% 2088 MHz:   0% 2352 MHz:   0% 2616 MHz:   0% 2868 MHz: .13% 3096 MHz: .15% 3300 MHz: .02% 3468 MHz:   0% 3624 MHz: .02% 3756 MHz: .03% 3828 MHz:   0% 3888 MHz:   0% 3948 MHz:   0% 3996 MHz:   0% 4044 MHz:   0% 4104 MHz: .02% 4416 MHz:   0% 4512 MHz:   0%)
CPU 9 idle residency:  25.47%
CPU 9 down residency:  73.86%

P1-Cluster HW active frequency: 3289 MHz
P1-Cluster HW active residency:  98.08% (1260 MHz: .05% 1512 MHz:   0% 1800 MHz:   0% 2088 MHz:   0% 2352 MHz: 1.2% 2616 MHz:  11% 2868 MHz:  30% 3096 MHz:  18% 3300 MHz: .77% 3468 MHz: .78% 3624 MHz: 1.2% 3756 MHz: 2.7% 3828 MHz:   0% 3888 MHz: 4.0% 3948 MHz:  19% 3996 MHz: 3.9% 4044 MHz: 4.6% 4104 MHz:   0% 4416 MHz: .47% 4512 MHz: .46%)
P1-Cluster idle residency:   1.92%
P1-Cluster down residency:   0.00%
CPU 10 frequency: 3497 MHz
CPU 10 active residency:  54.91% (1260 MHz:   0% 1512 MHz:   0% 1800 MHz:   0% 2088 MHz:   0% 2352 MHz:   0% 2616 MHz: 2.7% 2868 MHz:  20% 3096 MHz:  10% 3300 MHz: .59% 3468 MHz: .51% 3624 MHz: .73% 3756 MHz: 2.0% 3828 MHz:   0% 3888 MHz: .19% 3948 MHz: .23% 3996 MHz:   0% 4044 MHz:   0% 4104 MHz: .10% 4416 MHz: .32% 4512 MHz:  18%)
CPU 10 idle residency:  45.09%
CPU 10 down residency:   0.00%
CPU 11 frequency: 3555 MHz
CPU 11 active residency:  42.12% (1260 MHz:   0% 1512 MHz:   0% 1800 MHz:   0% 2088 MHz:   0% 2352 MHz: .77% 2616 MHz: 7.4% 2868 MHz: 7.3% 3096 MHz: 7.4% 3300 MHz: .31% 3468 MHz: .29% 3624 MHz: .68% 3756 MHz: .78% 3828 MHz:   0% 3888 MHz: .22% 3948 MHz: .32% 3996 MHz:   0% 4044 MHz:   0% 4104 MHz: .00% 4416 MHz: .22% 4512 MHz:  16%)
CPU 11 idle residency:  57.88%
CPU 11 down residency:   0.00%
CPU 12 frequency: 3344 MHz
CPU 12 active residency:  60.78% (1260 MHz: .01% 1512 MHz:   0% 1800 MHz:   0% 2088 MHz:   0% 2352 MHz: .90% 2616 MHz: 7.5% 2868 MHz:  20% 3096 MHz:  13% 3300 MHz: .54% 3468 MHz: .57% 3624 MHz: .97% 3756 MHz: 1.9% 3828 MHz:   0% 3888 MHz: .23% 3948 MHz: .29% 3996 MHz:   0% 4044 MHz:   0% 4104 MHz: .08% 4416 MHz: .18% 4512 MHz:  15%)
CPU 12 idle residency:  39.22%
CPU 12 down residency:   0.00%
CPU 13 frequency: 3538 MHz
CPU 13 active residency:  34.27% (1260 MHz:   0% 1512 MHz:   0% 1800 MHz:   0% 2088 MHz:   0% 2352 MHz: .06% 2616 MHz: 3.4% 2868 MHz: 6.1% 3096 MHz: 8.6% 3300 MHz: .77% 3468 MHz: .78% 3624 MHz: .86% 3756 MHz: 1.9% 3828 MHz:   0% 3888 MHz: .11% 3948 MHz: .39% 3996 MHz:   0% 4044 MHz:   0% 4104 MHz: .39% 4416 MHz: .44% 4512 MHz:  10%)
CPU 13 idle residency:  65.73%
CPU 13 down residency:   0.00%
CPU 14 frequency: 3706 MHz
CPU 14 active residency:  36.88% (1260 MHz:   0% 1512 MHz:   0% 1800 MHz:   0% 2088 MHz:   0% 2352 MHz: .87% 2616 MHz: 7.7% 2868 MHz: 4.2% 3096 MHz: 2.3% 3300 MHz: .32% 3468 MHz: .37% 3624 MHz: .66% 3756 MHz: 2.1% 3828 MHz:   0% 3888 MHz: .22% 3948 MHz: .02% 3996 MHz:   0% 4044 MHz:   0% 4104 MHz:   0% 4416 MHz: .06% 4512 MHz:  18%)
CPU 14 idle residency:  63.12%
CPU 14 down residency:   0.00%
CPU 15 frequency: 3587 MHz
CPU 15 active residency:  47.87% (1260 MHz: .02% 1512 MHz:   0% 1800 MHz:   0% 2088 MHz:   0% 2352 MHz: .04% 2616 MHz: .61% 2868 MHz:  20% 3096 MHz: 7.3% 3300 MHz:   0% 3468 MHz: .02% 3624 MHz: .23% 3756 MHz: .09% 3828 MHz:   0% 3888 MHz: .04% 3948 MHz:   0% 3996 MHz:   0% 4044 MHz:   0% 4104 MHz:   0% 4416 MHz:   0% 4512 MHz:  20%)
CPU 15 idle residency:  52.13%
CPU 15 down residency:   0.00%

CPU Power: 4496 mW
GPU Power: 27271 mW
ANE Power: 0 mW
Combined Power (CPU + GPU + ANE): 31767 mW

**** GPU usage ****

GPU HW active frequency: 1578 MHz
GPU HW active residency: 100.00% (338 MHz:   0% 618 MHz:   0% 796 MHz:   0% 924 MHz:   0% 952 MHz:   0% 1056 MHz:   0% 1062 MHz:   0% 1182 MHz:   0% 1182 MHz:   0% 1312 MHz:   0% 1242 MHz:   0% 1380 MHz:   0% 1326 MHz:   0% 1470 MHz:   0% 1578 MHz: 100%)
GPU SW requested state: (P1 :   0% P2 :   0% P3 :   0% P4 :   0% P5 :   0% P6 :   0% P7 :   0% P8 :   0% P9 :   0% P10 : 100% P11 :   0% P12 :   0% P13 :   0% P14 :   0% P15 :   0%)
GPU SW state: (SW_P1 :   0% SW_P2 :   0% SW_P3 :   0% SW_P4 :   0% SW_P5 :   0% SW_P6 :   0% SW_P7 :   0% SW_P8 :   0% SW_P9 :   0% SW_P10 : 100% SW_P11 :   0% SW_P12 :   0% SW_P13 :   0% SW_P14 :   0% SW_P15 :   0%)
GPU idle residency:   0.00%
GPU Power: 27273 mW



*** Sampled system activity (Tue Jan 20 15:15:00 2026 +0100) (1024.45ms elapsed) ***


**** Processor usage ****

E-Cluster Online: 100%
E-Cluster HW active frequency: 1496 MHz
E-Cluster HW active residency:  58.40% (1020 MHz:  29% 1404 MHz:  12% 1788 MHz: 4.1% 2112 MHz: 2.4% 2352 MHz: 2.5% 2532 MHz: 1.2% 2592 MHz: 7.9%)
E-Cluster idle residency:  41.60%
E-Cluster down residency:   0.00%
CPU 0 frequency: 1437 MHz
CPU 0 active residency:  29.85% (1020 MHz:  16% 1404 MHz: 6.6% 1788 MHz: 1.5% 2112 MHz: 1.0% 2352 MHz: .89% 2532 MHz: .76% 2592 MHz: 3.4%)
CPU 0 idle residency:  70.15%
CPU 0 down residency:   0.00%
CPU 1 frequency: 1439 MHz
CPU 1 active residency:  16.81% (1020 MHz: 8.8% 1404 MHz: 3.6% 1788 MHz: 1.1% 2112 MHz: .34% 2352 MHz: .65% 2532 MHz: .60% 2592 MHz: 1.7%)
CPU 1 idle residency:  83.19%
CPU 1 down residency:   0.00%
CPU 2 frequency: 1439 MHz
CPU 2 active residency:  11.94% (1020 MHz: 5.9% 1404 MHz: 2.6% 1788 MHz: 1.2% 2112 MHz: .58% 2352 MHz: .33% 2532 MHz: .49% 2592 MHz: .79%)
CPU 2 idle residency:  88.06%
CPU 2 down residency:   0.00%
CPU 3 frequency: 1582 MHz
CPU 3 active residency:   7.68% (1020 MHz: 3.0% 1404 MHz: 1.7% 1788 MHz: .81% 2112 MHz: .42% 2352 MHz: .71% 2532 MHz: .50% 2592 MHz: .54%)
CPU 3 idle residency:  92.32%
CPU 3 down residency:   0.00%

P0-Cluster Online: 2%
P0-Cluster HW active frequency: 1260 MHz
P0-Cluster HW active residency:   0.31% (1260 MHz: .31% 1512 MHz:   0% 1800 MHz:   0% 2088 MHz:   0% 2352 MHz:   0% 2616 MHz:   0% 2868 MHz:   0% 3096 MHz:   0% 3300 MHz:   0% 3468 MHz:   0% 3624 MHz:   0% 3756 MHz:   0% 3828 MHz:   0% 3888 MHz:   0% 3948 MHz:   0% 3996 MHz:   0% 4044 MHz:   0% 4104 MHz:   0% 4416 MHz:   0% 4512 MHz:   0%)
P0-Cluster idle residency:   1.06%
P0-Cluster down residency:  98.63%
CPU 4 frequency: 0 MHz
CPU 4 active residency:   0.00% (1260 MHz:   0% 1512 MHz:   0% 1800 MHz:   0% 2088 MHz:   0% 2352 MHz:   0% 2616 MHz:   0% 2868 MHz:   0% 3096 MHz:   0% 3300 MHz:   0% 3468 MHz:   0% 3624 MHz:   0% 3756 MHz:   0% 3828 MHz:   0% 3888 MHz:   0% 3948 MHz:   0% 3996 MHz:   0% 4044 MHz:   0% 4104 MHz:   0% 4416 MHz:   0% 4512 MHz:   0%)
CPU 4 idle residency:   1.31%
CPU 4 down residency:  98.69%
CPU 5 frequency: 0 MHz
CPU 5 active residency:   0.00% (1260 MHz:   0% 1512 MHz:   0% 1800 MHz:   0% 2088 MHz:   0% 2352 MHz:   0% 2616 MHz:   0% 2868 MHz:   0% 3096 MHz:   0% 3300 MHz:   0% 3468 MHz:   0% 3624 MHz:   0% 3756 MHz:   0% 3828 MHz:   0% 3888 MHz:   0% 3948 MHz:   0% 3996 MHz:   0% 4044 MHz:   0% 4104 MHz:   0% 4416 MHz:   0% 4512 MHz:   0%)
CPU 5 idle residency:   1.31%
CPU 5 down residency:  98.69%
CPU 6 frequency: 0 MHz
CPU 6 active residency:   0.00% (1260 MHz:   0% 1512 MHz:   0% 1800 MHz:   0% 2088 MHz:   0% 2352 MHz:   0% 2616 MHz:   0% 2868 MHz:   0% 3096 MHz:   0% 3300 MHz:   0% 3468 MHz:   0% 3624 MHz:   0% 3756 MHz:   0% 3828 MHz:   0% 3888 MHz:   0% 3948 MHz:   0% 3996 MHz:   0% 4044 MHz:   0% 4104 MHz:   0% 4416 MHz:   0% 4512 MHz:   0%)
CPU 6 idle residency:   1.31%
CPU 6 down residency:  98.69%
CPU 7 frequency: 0 MHz
CPU 7 active residency:   0.00% (1260 MHz:   0% 1512 MHz:   0% 1800 MHz:   0% 2088 MHz:   0% 2352 MHz:   0% 2616 MHz:   0% 2868 MHz:   0% 3096 MHz:   0% 3300 MHz:   0% 3468 MHz:   0% 3624 MHz:   0% 3756 MHz:   0% 3828 MHz:   0% 3888 MHz:   0% 3948 MHz:   0% 3996 MHz:   0% 4044 MHz:   0% 4104 MHz:   0% 4416 MHz:   0% 4512 MHz:   0%)
CPU 7 idle residency:   1.31%
CPU 7 down residency:  98.69%
CPU 8 frequency: 0 MHz
CPU 8 active residency:   0.00% (1260 MHz:   0% 1512 MHz:   0% 1800 MHz:   0% 2088 MHz:   0% 2352 MHz:   0% 2616 MHz:   0% 2868 MHz:   0% 3096 MHz:   0% 3300 MHz:   0% 3468 MHz:   0% 3624 MHz:   0% 3756 MHz:   0% 3828 MHz:   0% 3888 MHz:   0% 3948 MHz:   0% 3996 MHz:   0% 4044 MHz:   0% 4104 MHz:   0% 4416 MHz:   0% 4512 MHz:   0%)
CPU 8 idle residency:   1.31%
CPU 8 down residency:  98.69%
CPU 9 frequency: 0 MHz
CPU 9 active residency:   0.00% (1260 MHz:   0% 1512 MHz:   0% 1800 MHz:   0% 2088 MHz:   0% 2352 MHz:   0% 2616 MHz:   0% 2868 MHz:   0% 3096 MHz:   0% 3300 MHz:   0% 3468 MHz:   0% 3624 MHz:   0% 3756 MHz:   0% 3828 MHz:   0% 3888 MHz:   0% 3948 MHz:   0% 3996 MHz:   0% 4044 MHz:   0% 4104 MHz:   0% 4416 MHz:   0% 4512 MHz:   0%)
CPU 9 idle residency:   1.31%
CPU 9 down residency:  98.69%

P1-Cluster HW active frequency: 3332 MHz
P1-Cluster HW active residency:  97.42% (1260 MHz: .09% 1512 MHz: .00% 1800 MHz:   0% 2088 MHz:   0% 2352 MHz: .50% 2616 MHz: 5.4% 2868 MHz:  20% 3096 MHz:  35% 3300 MHz: .62% 3468 MHz: .39% 3624 MHz: .39% 3756 MHz: .38% 3828 MHz:   0% 3888 MHz: 5.8% 3948 MHz:  21% 3996 MHz: 3.5% 4044 MHz: 4.1% 4104 MHz:   0% 4416 MHz: .18% 4512 MHz: .14%)
P1-Cluster idle residency:   2.58%
P1-Cluster down residency:   0.00%
CPU 10 frequency: 3964 MHz
CPU 10 active residency:  38.23% (1260 MHz:   0% 1512 MHz: .00% 1800 MHz:   0% 2088 MHz:   0% 2352 MHz: .01% 2616 MHz: .35% 2868 MHz: 5.8% 3096 MHz: 6.1% 3300 MHz: .43% 3468 MHz: .39% 3624 MHz: .39% 3756 MHz: .38% 3828 MHz:   0% 3888 MHz: .39% 3948 MHz:   0% 3996 MHz:   0% 4044 MHz: .39% 4104 MHz: .38% 4416 MHz: .32% 4512 MHz:  23%)
CPU 10 idle residency:  61.77%
CPU 10 down residency:   0.00%
CPU 11 frequency: 4149 MHz
CPU 11 active residency:  26.34% (1260 MHz: .00% 1512 MHz:   0% 1800 MHz:   0% 2088 MHz:   0% 2352 MHz:   0% 2616 MHz: .09% 2868 MHz: 3.2% 3096 MHz: 2.4% 3300 MHz: .00% 3468 MHz: .00% 3624 MHz: .16% 3756 MHz: .27% 3828 MHz:   0% 3888 MHz: .27% 3948 MHz:   0% 3996 MHz:   0% 4044 MHz: .03% 4104 MHz: .30% 4416 MHz: .35% 4512 MHz:  19%)
CPU 11 idle residency:  73.66%
CPU 11 down residency:   0.00%
CPU 12 frequency: 4044 MHz
CPU 12 active residency:  18.71% (1260 MHz:   0% 1512 MHz:   0% 1800 MHz:   0% 2088 MHz:   0% 2352 MHz:   0% 2616 MHz:   0% 2868 MHz: 2.4% 3096 MHz: 2.5% 3300 MHz: .06% 3468 MHz: .06% 3624 MHz: .22% 3756 MHz: .37% 3828 MHz:   0% 3888 MHz: .34% 3948 MHz:   0% 3996 MHz:   0% 4044 MHz: .34% 4104 MHz: .38% 4416 MHz: .39% 4512 MHz:  12%)
CPU 12 idle residency:  81.29%
CPU 12 down residency:   0.00%
CPU 13 frequency: 3446 MHz
CPU 13 active residency:  60.88% (1260 MHz: .03% 1512 MHz:   0% 1800 MHz:   0% 2088 MHz:   0% 2352 MHz: .43% 2616 MHz: 4.1% 2868 MHz:  13% 3096 MHz:  23% 3300 MHz: .21% 3468 MHz:   0% 3624 MHz: .09% 3756 MHz: .32% 3828 MHz:   0% 3888 MHz: .36% 3948 MHz:   0% 3996 MHz:   0% 4044 MHz: .24% 4104 MHz: .34% 4416 MHz: .39% 4512 MHz:  18%)
CPU 13 idle residency:  39.12%
CPU 13 down residency:   0.00%
CPU 14 frequency: 3508 MHz
CPU 14 active residency:  55.16% (1260 MHz: .02% 1512 MHz:   0% 1800 MHz:   0% 2088 MHz:   0% 2352 MHz: .32% 2616 MHz: 3.7% 2868 MHz:  10% 3096 MHz:  22% 3300 MHz: .19% 3468 MHz:   0% 3624 MHz: .01% 3756 MHz: .02% 3828 MHz:   0% 3888 MHz: .19% 3948 MHz:   0% 3996 MHz:   0% 4044 MHz:   0% 4104 MHz: .17% 4416 MHz: .34% 4512 MHz:  19%)
CPU 14 idle residency:  44.84%
CPU 14 down residency:   0.00%
CPU 15 frequency: 3464 MHz
CPU 15 active residency:  63.27% (1260 MHz: .01% 1512 MHz: .00% 1800 MHz:   0% 2088 MHz:   0% 2352 MHz: .29% 2616 MHz: 3.8% 2868 MHz:  14% 3096 MHz:  24% 3300 MHz: .35% 3468 MHz: .18% 3624 MHz: .19% 3756 MHz: .34% 3828 MHz:   0% 3888 MHz: .35% 3948 MHz:   0% 3996 MHz:   0% 4044 MHz: .33% 4104 MHz: .15% 4416 MHz: .07% 4512 MHz:  19%)
CPU 15 idle residency:  36.73%
CPU 15 down residency:   0.00%

CPU Power: 4010 mW
GPU Power: 27462 mW
ANE Power: 0 mW
Combined Power (CPU + GPU + ANE): 31472 mW

**** GPU usage ****

GPU HW active frequency: 1578 MHz
GPU HW active residency: 100.00% (338 MHz:   0% 618 MHz:   0% 796 MHz:   0% 924 MHz:   0% 952 MHz:   0% 1056 MHz:   0% 1062 MHz:   0% 1182 MHz:   0% 1182 MHz:   0% 1312 MHz:   0% 1242 MHz:   0% 1380 MHz:   0% 1326 MHz:   0% 1470 MHz:   0% 1578 MHz: 100%)
GPU SW requested state: (P1 :   0% P2 :   0% P3 :   0% P4 :   0% P5 :   0% P6 :   0% P7 :   0% P8 :   0% P9 :   0% P10 : 100% P11 :   0% P12 :   0% P13 :   0% P14 :   0% P15 :   0%)
GPU SW state: (SW_P1 :   0% SW_P2 :   0% SW_P3 :   0% SW_P4 :   0% SW_P5 :   0% SW_P6 :   0% SW_P7 :   0% SW_P8 :   0% SW_P9 :   0% SW_P10 : 100% SW_P11 :   0% SW_P12 :   0% SW_P13 :   0% SW_P14 :   0% SW_P15 :   0%)
GPU idle residency:   0.00%
GPU Power: 27458 mW



*** Sampled system activity (Tue Jan 20 15:15:01 2026 +0100) (1019.94ms elapsed) ***


**** Processor usage ****

E-Cluster Online: 100%
E-Cluster HW active frequency: 1683 MHz
E-Cluster HW active residency:  72.04% (1020 MHz:  33% 1404 MHz: 6.2% 1788 MHz: 6.4% 2112 MHz: 2.0% 2352 MHz: 1.7% 2532 MHz: 2.5% 2592 MHz:  20%)
E-Cluster idle residency:  27.96%
E-Cluster down residency:   0.00%
CPU 0 frequency: 1681 MHz
CPU 0 active residency:  33.15% (1020 MHz:  15% 1404 MHz: 2.8% 1788 MHz: 3.1% 2112 MHz: .89% 2352 MHz: .90% 2532 MHz: 1.2% 2592 MHz: 9.3%)
CPU 0 idle residency:  66.85%
CPU 0 down residency:   0.00%
CPU 1 frequency: 1662 MHz
CPU 1 active residency:  24.68% (1020 MHz:  11% 1404 MHz: 2.0% 1788 MHz: 2.8% 2112 MHz: .69% 2352 MHz: .44% 2532 MHz: .80% 2592 MHz: 6.6%)
CPU 1 idle residency:  75.32%
CPU 1 down residency:   0.00%
CPU 2 frequency: 1792 MHz
CPU 2 active residency:  19.31% (1020 MHz: 7.8% 1404 MHz: 1.3% 1788 MHz: 1.5% 2112 MHz: .62% 2352 MHz: .61% 2532 MHz: .79% 2592 MHz: 6.8%)
CPU 2 idle residency:  80.69%
CPU 2 down residency:   0.00%
CPU 3 frequency: 1848 MHz
CPU 3 active residency:  16.78% (1020 MHz: 6.0% 1404 MHz: 1.7% 1788 MHz: 1.2% 2112 MHz: .08% 2352 MHz: .19% 2532 MHz: .63% 2592 MHz: 7.0%)
CPU 3 idle residency:  83.22%
CPU 3 down residency:   0.00%

P0-Cluster Online: 25%
P0-Cluster HW active frequency: 2686 MHz
P0-Cluster HW active residency:  18.42% (1260 MHz: 1.9% 1512 MHz:   0% 1800 MHz: .15% 2088 MHz: 1.6% 2352 MHz: 2.5% 2616 MHz: 8.4% 2868 MHz: .25% 3096 MHz:   0% 3300 MHz:   0% 3468 MHz:   0% 3624 MHz:   0% 3756 MHz:   0% 3828 MHz:   0% 3888 MHz: .27% 3948 MHz: 1.9% 3996 MHz: .28% 4044 MHz: .33% 4104 MHz:   0% 4416 MHz: .46% 4512 MHz: .43%)
P0-Cluster idle residency:   5.34%
P0-Cluster down residency:  76.23%
CPU 4 frequency: 3893 MHz
CPU 4 active residency:   5.58% (1260 MHz: .31% 1512 MHz: .02% 1800 MHz:   0% 2088 MHz: .04% 2352 MHz: .06% 2616 MHz: .25% 2868 MHz: .88% 3096 MHz: .17% 3300 MHz:   0% 3468 MHz:   0% 3624 MHz:   0% 3756 MHz:   0% 3828 MHz:   0% 3888 MHz:   0% 3948 MHz:   0% 3996 MHz:   0% 4044 MHz:   0% 4104 MHz:   0% 4416 MHz: .11% 4512 MHz: 3.7%)
CPU 4 idle residency:  12.29%
CPU 4 down residency:  82.13%
CPU 5 frequency: 3765 MHz
CPU 5 active residency:   3.54% (1260 MHz: .28% 1512 MHz: .02% 1800 MHz:   0% 2088 MHz: .04% 2352 MHz: .05% 2616 MHz: .13% 2868 MHz: .66% 3096 MHz: .10% 3300 MHz:   0% 3468 MHz:   0% 3624 MHz:   0% 3756 MHz:   0% 3828 MHz:   0% 3888 MHz:   0% 3948 MHz:   0% 3996 MHz:   0% 4044 MHz:   0% 4104 MHz:   0% 4416 MHz: .10% 4512 MHz: 2.2%)
CPU 5 idle residency:  21.29%
CPU 5 down residency:  75.17%
CPU 6 frequency: 3920 MHz
CPU 6 active residency:   5.99% (1260 MHz: .30% 1512 MHz: .02% 1800 MHz:   0% 2088 MHz: .09% 2352 MHz: .08% 2616 MHz: .20% 2868 MHz: .91% 3096 MHz: .17% 3300 MHz:   0% 3468 MHz:   0% 3624 MHz:   0% 3756 MHz:   0% 3828 MHz:   0% 3888 MHz:   0% 3948 MHz:   0% 3996 MHz:   0% 4044 MHz:   0% 4104 MHz:   0% 4416 MHz: .11% 4512 MHz: 4.1%)
CPU 6 idle residency:  12.87%
CPU 6 down residency:  81.13%
CPU 7 frequency: 3468 MHz
CPU 7 active residency:   1.73% (1260 MHz: .28% 1512 MHz: .01% 1800 MHz:   0% 2088 MHz: .03% 2352 MHz: .01% 2616 MHz:   0% 2868 MHz: .43% 3096 MHz: .05% 3300 MHz:   0% 3468 MHz:   0% 3624 MHz:   0% 3756 MHz:   0% 3828 MHz:   0% 3888 MHz:   0% 3948 MHz:   0% 3996 MHz:   0% 4044 MHz:   0% 4104 MHz:   0% 4416 MHz:   0% 4512 MHz: .92%)
CPU 7 idle residency:  22.52%
CPU 7 down residency:  75.75%
CPU 8 frequency: 3997 MHz
CPU 8 active residency:   6.02% (1260 MHz: .33% 1512 MHz: .01% 1800 MHz:   0% 2088 MHz: .04% 2352 MHz: .06% 2616 MHz: .20% 2868 MHz: .66% 3096 MHz: .19% 3300 MHz:   0% 3468 MHz:   0% 3624 MHz:   0% 3756 MHz:   0% 3828 MHz:   0% 3888 MHz:   0% 3948 MHz:   0% 3996 MHz:   0% 4044 MHz:   0% 4104 MHz:   0% 4416 MHz: .11% 4512 MHz: 4.4%)
CPU 8 idle residency:  12.55%
CPU 8 down residency:  81.43%
CPU 9 frequency: 2843 MHz
CPU 9 active residency:   1.67% (1260 MHz: .27% 1512 MHz: .02% 1800 MHz:   0% 2088 MHz: .03% 2352 MHz: .01% 2616 MHz: .19% 2868 MHz: .74% 3096 MHz: .12% 3300 MHz:   0% 3468 MHz:   0% 3624 MHz:   0% 3756 MHz:   0% 3828 MHz:   0% 3888 MHz:   0% 3948 MHz:   0% 3996 MHz:   0% 4044 MHz:   0% 4104 MHz:   0% 4416 MHz:   0% 4512 MHz: .29%)
CPU 9 idle residency:  23.03%
CPU 9 down residency:  75.30%

P1-Cluster HW active frequency: 3388 MHz
P1-Cluster HW active residency:  81.88% (1260 MHz: .09% 1512 MHz: .01% 1800 MHz: .01% 2088 MHz: .01% 2352 MHz:   0% 2616 MHz: .57% 2868 MHz:  21% 3096 MHz:  20% 3300 MHz: 5.9% 3468 MHz: 2.6% 3624 MHz: .78% 3756 MHz:   0% 3828 MHz: .39% 3888 MHz: 2.7% 3948 MHz:  20% 3996 MHz: 3.7% 4044 MHz: 4.0% 4104 MHz:   0% 4416 MHz: .03% 4512 MHz: .04%)
P1-Cluster idle residency:   1.53%
P1-Cluster down residency:  16.60%
CPU 10 frequency: 3463 MHz
CPU 10 active residency:  51.32% (1260 MHz: .04% 1512 MHz: .01% 1800 MHz: .00% 2088 MHz: .00% 2352 MHz:   0% 2616 MHz: .48% 2868 MHz:  15% 3096 MHz:  14% 3300 MHz: 4.1% 3468 MHz: 2.1% 3624 MHz: .47% 3756 MHz:   0% 3828 MHz: .09% 3888 MHz:   0% 3948 MHz: .18% 3996 MHz:   0% 4044 MHz:   0% 4104 MHz: .33% 4416 MHz: .16% 4512 MHz:  14%)
CPU 10 idle residency:  32.07%
CPU 10 down residency:  16.60%
CPU 11 frequency: 3545 MHz
CPU 11 active residency:  51.18% (1260 MHz: .02% 1512 MHz: .01% 1800 MHz: .01% 2088 MHz: .00% 2352 MHz:   0% 2616 MHz: .44% 2868 MHz:  14% 3096 MHz:  13% 3300 MHz: 3.8% 3468 MHz: 1.4% 3624 MHz: .37% 3756 MHz:   0% 3828 MHz: .01% 3888 MHz:   0% 3948 MHz: .05% 3996 MHz:   0% 4044 MHz:   0% 4104 MHz: .29% 4416 MHz: .29% 4512 MHz:  17%)
CPU 11 idle residency:  32.22%
CPU 11 down residency:  16.60%
CPU 12 frequency: 3493 MHz
CPU 12 active residency:  47.52% (1260 MHz: .01% 1512 MHz:   0% 1800 MHz: .01% 2088 MHz: .00% 2352 MHz:   0% 2616 MHz: .33% 2868 MHz:  14% 3096 MHz:  13% 3300 MHz: 3.3% 3468 MHz: 1.5% 3624 MHz: .29% 3756 MHz:   0% 3828 MHz:   0% 3888 MHz:   0% 3948 MHz: .04% 3996 MHz:   0% 4044 MHz:   0% 4104 MHz: .29% 4416 MHz: .34% 4512 MHz:  14%)
CPU 12 idle residency:  35.88%
CPU 12 down residency:  16.60%
CPU 13 frequency: 3824 MHz
CPU 13 active residency:  36.41% (1260 MHz:   0% 1512 MHz:   0% 1800 MHz:   0% 2088 MHz:   0% 2352 MHz:   0% 2616 MHz: .09% 2868 MHz: 6.8% 3096 MHz: 6.4% 3300 MHz: 2.1% 3468 MHz: 1.6% 3624 MHz: .32% 3756 MHz:   0% 3828 MHz: .07% 3888 MHz:   0% 3948 MHz: .04% 3996 MHz:   0% 4044 MHz:   0% 4104 MHz: .03% 4416 MHz: .28% 4512 MHz:  19%)
CPU 13 idle residency:  46.99%
CPU 13 down residency:  16.60%
CPU 14 frequency: 3771 MHz
CPU 14 active residency:  21.49% (1260 MHz:   0% 1512 MHz:   0% 1800 MHz:   0% 2088 MHz:   0% 2352 MHz:   0% 2616 MHz: .03% 2868 MHz: 5.5% 3096 MHz: 3.8% 3300 MHz: .61% 3468 MHz: .34% 3624 MHz: .28% 3756 MHz:   0% 3828 MHz: .10% 3888 MHz:   0% 3948 MHz: .03% 3996 MHz:   0% 4044 MHz:   0% 4104 MHz: .03% 4416 MHz: .07% 4512 MHz:  11%)
CPU 14 idle residency:  60.81%
CPU 14 down residency:  17.70%
CPU 15 frequency: 3980 MHz
CPU 15 active residency:  19.76% (1260 MHz:   0% 1512 MHz:   0% 1800 MHz:   0% 2088 MHz: .00% 2352 MHz:   0% 2616 MHz:   0% 2868 MHz: 2.8% 3096 MHz: 2.7% 3300 MHz: .41% 3468 MHz: .48% 3624 MHz: .39% 3756 MHz:   0% 3828 MHz: .39% 3888 MHz:   0% 3948 MHz: .39% 3996 MHz:   0% 4044 MHz:   0% 4104 MHz: .39% 4416 MHz: .39% 4512 MHz:  11%)
CPU 15 idle residency:  63.64%
CPU 15 down residency:  16.60%

CPU Power: 4295 mW
GPU Power: 27815 mW
ANE Power: 0 mW
Combined Power (CPU + GPU + ANE): 32111 mW

**** GPU usage ****

GPU HW active frequency: 1578 MHz
GPU HW active residency: 100.00% (338 MHz:   0% 618 MHz:   0% 796 MHz:   0% 924 MHz:   0% 952 MHz:   0% 1056 MHz:   0% 1062 MHz:   0% 1182 MHz:   0% 1182 MHz:   0% 1312 MHz:   0% 1242 MHz:   0% 1380 MHz:   0% 1326 MHz:   0% 1470 MHz:   0% 1578 MHz: 100%)
GPU SW requested state: (P1 :   0% P2 :   0% P3 :   0% P4 :   0% P5 :   0% P6 :   0% P7 :   0% P8 :   0% P9 :   0% P10 : 100% P11 :   0% P12 :   0% P13 :   0% P14 :   0% P15 :   0%)
GPU SW state: (SW_P1 :   0% SW_P2 :   0% SW_P3 :   0% SW_P4 :   0% SW_P5 :   0% SW_P6 :   0% SW_P7 :   0% SW_P8 :   0% SW_P9 :   0% SW_P10 : 100% SW_P11 :   0% SW_P12 :   0% SW_P13 :   0% SW_P14 :   0% SW_P15 :   0%)
GPU idle residency:   0.00%
GPU Power: 27590 mW



*** Sampled system activity (Tue Jan 20 15:15:02 2026 +0100) (1021.35ms elapsed) ***


**** Processor usage ****

E-Cluster Online: 100%
E-Cluster HW active frequency: 1367 MHz
E-Cluster HW active residency:  59.65% (1020 MHz:  37% 1404 MHz: 8.5% 1788 MHz: 5.0% 2112 MHz: 1.8% 2352 MHz: 2.4% 2532 MHz: 1.8% 2592 MHz: 3.7%)
E-Cluster idle residency:  40.35%
E-Cluster down residency:   0.00%
CPU 0 frequency: 1331 MHz
CPU 0 active residency:  28.61% (1020 MHz:  18% 1404 MHz: 4.0% 1788 MHz: 2.2% 2112 MHz: .96% 2352 MHz: .91% 2532 MHz: .90% 2592 MHz: 1.3%)
CPU 0 idle residency:  71.39%
CPU 0 down residency:   0.00%
CPU 1 frequency: 1388 MHz
CPU 1 active residency:  20.30% (1020 MHz:  13% 1404 MHz: 2.3% 1788 MHz: 1.7% 2112 MHz: .50% 2352 MHz: .64% 2532 MHz: .95% 2592 MHz: 1.5%)
CPU 1 idle residency:  79.70%
CPU 1 down residency:   0.00%
CPU 2 frequency: 1340 MHz
CPU 2 active residency:  11.37% (1020 MHz: 7.1% 1404 MHz: 1.4% 1788 MHz: 1.4% 2112 MHz: .21% 2352 MHz: .67% 2532 MHz: .22% 2592 MHz: .37%)
CPU 2 idle residency:  88.63%
CPU 2 down residency:   0.00%
CPU 3 frequency: 1282 MHz
CPU 3 active residency:   7.31% (1020 MHz: 4.8% 1404 MHz: 1.2% 1788 MHz: .53% 2112 MHz: .06% 2352 MHz: .31% 2532 MHz: .11% 2592 MHz: .25%)
CPU 3 idle residency:  92.69%
CPU 3 down residency:   0.00%

P0-Cluster Online: 2%
P0-Cluster HW active frequency: 1260 MHz
P0-Cluster HW active residency:   0.22% (1260 MHz: .22% 1512 MHz:   0% 1800 MHz:   0% 2088 MHz:   0% 2352 MHz:   0% 2616 MHz:   0% 2868 MHz:   0% 3096 MHz:   0% 3300 MHz:   0% 3468 MHz:   0% 3624 MHz:   0% 3756 MHz:   0% 3828 MHz:   0% 3888 MHz:   0% 3948 MHz:   0% 3996 MHz:   0% 4044 MHz:   0% 4104 MHz:   0% 4416 MHz:   0% 4512 MHz:   0%)
P0-Cluster idle residency:   1.04%
P0-Cluster down residency:  98.74%
CPU 4 frequency: 0 MHz
CPU 4 active residency:   0.00% (1260 MHz:   0% 1512 MHz:   0% 1800 MHz:   0% 2088 MHz:   0% 2352 MHz:   0% 2616 MHz:   0% 2868 MHz:   0% 3096 MHz:   0% 3300 MHz:   0% 3468 MHz:   0% 3624 MHz:   0% 3756 MHz:   0% 3828 MHz:   0% 3888 MHz:   0% 3948 MHz:   0% 3996 MHz:   0% 4044 MHz:   0% 4104 MHz:   0% 4416 MHz:   0% 4512 MHz:   0%)
CPU 4 idle residency:   1.21%
CPU 4 down residency:  98.79%
CPU 5 frequency: 0 MHz
CPU 5 active residency:   0.00% (1260 MHz:   0% 1512 MHz:   0% 1800 MHz:   0% 2088 MHz:   0% 2352 MHz:   0% 2616 MHz:   0% 2868 MHz:   0% 3096 MHz:   0% 3300 MHz:   0% 3468 MHz:   0% 3624 MHz:   0% 3756 MHz:   0% 3828 MHz:   0% 3888 MHz:   0% 3948 MHz:   0% 3996 MHz:   0% 4044 MHz:   0% 4104 MHz:   0% 4416 MHz:   0% 4512 MHz:   0%)
CPU 5 idle residency:   1.21%
CPU 5 down residency:  98.79%
CPU 6 frequency: 0 MHz
CPU 6 active residency:   0.00% (1260 MHz:   0% 1512 MHz:   0% 1800 MHz:   0% 2088 MHz:   0% 2352 MHz:   0% 2616 MHz:   0% 2868 MHz:   0% 3096 MHz:   0% 3300 MHz:   0% 3468 MHz:   0% 3624 MHz:   0% 3756 MHz:   0% 3828 MHz:   0% 3888 MHz:   0% 3948 MHz:   0% 3996 MHz:   0% 4044 MHz:   0% 4104 MHz:   0% 4416 MHz:   0% 4512 MHz:   0%)
CPU 6 idle residency:   1.21%
CPU 6 down residency:  98.79%
CPU 7 frequency: 0 MHz
CPU 7 active residency:   0.00% (1260 MHz:   0% 1512 MHz:   0% 1800 MHz:   0% 2088 MHz:   0% 2352 MHz:   0% 2616 MHz:   0% 2868 MHz:   0% 3096 MHz:   0% 3300 MHz:   0% 3468 MHz:   0% 3624 MHz:   0% 3756 MHz:   0% 3828 MHz:   0% 3888 MHz:   0% 3948 MHz:   0% 3996 MHz:   0% 4044 MHz:   0% 4104 MHz:   0% 4416 MHz:   0% 4512 MHz:   0%)
CPU 7 idle residency:   1.21%
CPU 7 down residency:  98.79%
CPU 8 frequency: 0 MHz
CPU 8 active residency:   0.00% (1260 MHz:   0% 1512 MHz:   0% 1800 MHz:   0% 2088 MHz:   0% 2352 MHz:   0% 2616 MHz:   0% 2868 MHz:   0% 3096 MHz:   0% 3300 MHz:   0% 3468 MHz:   0% 3624 MHz:   0% 3756 MHz:   0% 3828 MHz:   0% 3888 MHz:   0% 3948 MHz:   0% 3996 MHz:   0% 4044 MHz:   0% 4104 MHz:   0% 4416 MHz:   0% 4512 MHz:   0%)
CPU 8 idle residency:   1.21%
CPU 8 down residency:  98.79%
CPU 9 frequency: 0 MHz
CPU 9 active residency:   0.00% (1260 MHz:   0% 1512 MHz:   0% 1800 MHz:   0% 2088 MHz:   0% 2352 MHz:   0% 2616 MHz:   0% 2868 MHz:   0% 3096 MHz:   0% 3300 MHz:   0% 3468 MHz:   0% 3624 MHz:   0% 3756 MHz:   0% 3828 MHz:   0% 3888 MHz:   0% 3948 MHz:   0% 3996 MHz:   0% 4044 MHz:   0% 4104 MHz:   0% 4416 MHz:   0% 4512 MHz:   0%)
CPU 9 idle residency:   1.21%
CPU 9 down residency:  98.79%

P1-Cluster HW active frequency: 3232 MHz
P1-Cluster HW active residency:  97.24% (1260 MHz: .09% 1512 MHz: .00% 1800 MHz: .02% 2088 MHz:   0% 2352 MHz: 4.4% 2616 MHz: 8.7% 2868 MHz:  42% 3096 MHz: 5.7% 3300 MHz: .39% 3468 MHz: .39% 3624 MHz: .38% 3756 MHz:   0% 3828 MHz: .39% 3888 MHz: 3.2% 3948 MHz:  22% 3996 MHz: 3.7% 4044 MHz: 4.7% 4104 MHz:   0% 4416 MHz: .17% 4512 MHz: .19%)
P1-Cluster idle residency:   2.76%
P1-Cluster down residency:   0.00%
CPU 10 frequency: 3962 MHz
CPU 10 active residency:  30.47% (1260 MHz:   0% 1512 MHz:   0% 1800 MHz:   0% 2088 MHz:   0% 2352 MHz: .20% 2616 MHz: .50% 2868 MHz: 6.3% 3096 MHz: 2.5% 3300 MHz: .36% 3468 MHz: .38% 3624 MHz: .31% 3756 MHz:   0% 3828 MHz: .32% 3888 MHz:   0% 3948 MHz: .11% 3996 MHz:   0% 4044 MHz:   0% 4104 MHz: .31% 4416 MHz: .29% 4512 MHz:  19%)
CPU 10 idle residency:  69.53%
CPU 10 down residency:   0.00%
CPU 11 frequency: 4072 MHz
CPU 11 active residency:  28.80% (1260 MHz:   0% 1512 MHz:   0% 1800 MHz:   0% 2088 MHz:   0% 2352 MHz: 1.3% 2616 MHz: 1.7% 2868 MHz: 1.4% 3096 MHz: 1.9% 3300 MHz: .35% 3468 MHz: .36% 3624 MHz: .32% 3756 MHz:   0% 3828 MHz: .29% 3888 MHz:   0% 3948 MHz: .05% 3996 MHz:   0% 4044 MHz:   0% 4104 MHz: .34% 4416 MHz: .10% 4512 MHz:  21%)
CPU 11 idle residency:  71.20%
CPU 11 down residency:   0.00%
CPU 12 frequency: 4159 MHz
CPU 12 active residency:  18.01% (1260 MHz:   0% 1512 MHz:   0% 1800 MHz:   0% 2088 MHz:   0% 2352 MHz:   0% 2616 MHz: .02% 2868 MHz: .36% 3096 MHz: 2.7% 3300 MHz: .39% 3468 MHz: .39% 3624 MHz: .38% 3756 MHz:   0% 3828 MHz: .39% 3888 MHz:   0% 3948 MHz: .39% 3996 MHz:   0% 4044 MHz:   0% 4104 MHz: .38% 4416 MHz: .39% 4512 MHz:  12%)
CPU 12 idle residency:  81.99%
CPU 12 down residency:   0.00%
CPU 13 frequency: 3343 MHz
CPU 13 active residency:  59.98% (1260 MHz: .02% 1512 MHz:   0% 1800 MHz: .00% 2088 MHz:   0% 2352 MHz: 3.1% 2616 MHz: 4.8% 2868 MHz:  29% 3096 MHz: 3.7% 3300 MHz: .17% 3468 MHz: .17% 3624 MHz: .19% 3756 MHz:   0% 3828 MHz: .12% 3888 MHz:   0% 3948 MHz: .14% 3996 MHz:   0% 4044 MHz:   0% 4104 MHz: .08% 4416 MHz: .28% 4512 MHz:  18%)
CPU 13 idle residency:  40.02%
CPU 13 down residency:   0.00%
CPU 14 frequency: 3304 MHz
CPU 14 active residency:  61.01% (1260 MHz: .02% 1512 MHz: .00% 1800 MHz: .02% 2088 MHz:   0% 2352 MHz: 3.3% 2616 MHz: 6.4% 2868 MHz:  30% 3096 MHz: 3.3% 3300 MHz: .07% 3468 MHz: .07% 3624 MHz: .03% 3756 MHz:   0% 3828 MHz: .00% 3888 MHz:   0% 3948 MHz: .00% 3996 MHz:   0% 4044 MHz:   0% 4104 MHz:   0% 4416 MHz: .09% 4512 MHz:  18%)
CPU 14 idle residency:  38.99%
CPU 14 down residency:   0.00%
CPU 15 frequency: 3295 MHz
CPU 15 active residency:  55.78% (1260 MHz: .01% 1512 MHz: .00% 1800 MHz: .00% 2088 MHz:   0% 2352 MHz: 3.0% 2616 MHz: 5.7% 2868 MHz:  29% 3096 MHz: 1.9% 3300 MHz: .02% 3468 MHz: .03% 3624 MHz:   0% 3756 MHz:   0% 3828 MHz:   0% 3888 MHz:   0% 3948 MHz:   0% 3996 MHz:   0% 4044 MHz:   0% 4104 MHz:   0% 4416 MHz: .11% 4512 MHz:  16%)
CPU 15 idle residency:  44.22%
CPU 15 down residency:   0.00%

CPU Power: 3951 mW
GPU Power: 27515 mW
ANE Power: 0 mW
Combined Power (CPU + GPU + ANE): 31466 mW

**** GPU usage ****

GPU HW active frequency: 1578 MHz
GPU HW active residency: 100.00% (338 MHz:   0% 618 MHz:   0% 796 MHz:   0% 924 MHz:   0% 952 MHz:   0% 1056 MHz:   0% 1062 MHz:   0% 1182 MHz:   0% 1182 MHz:   0% 1312 MHz:   0% 1242 MHz:   0% 1380 MHz:   0% 1326 MHz:   0% 1470 MHz:   0% 1578 MHz: 100%)
GPU SW requested state: (P1 :   0% P2 :   0% P3 :   0% P4 :   0% P5 :   0% P6 :   0% P7 :   0% P8 :   0% P9 :   0% P10 : 100% P11 :   0% P12 :   0% P13 :   0% P14 :   0% P15 :   0%)
GPU SW state: (SW_P1 :   0% SW_P2 :   0% SW_P3 :   0% SW_P4 :   0% SW_P5 :   0% SW_P6 :   0% SW_P7 :   0% SW_P8 :   0% SW_P9 :   0% SW_P10 : 100% SW_P11 :   0% SW_P12 :   0% SW_P13 :   0% SW_P14 :   0% SW_P15 :   0%)
GPU idle residency:   0.00%
GPU Power: 27742 mW



*** Sampled system activity (Tue Jan 20 15:15:03 2026 +0100) (1020.32ms elapsed) ***


**** Processor usage ****

E-Cluster Online: 100%
E-Cluster HW active frequency: 1400 MHz
E-Cluster HW active residency:  59.14% (1020 MHz:  37% 1404 MHz: 5.9% 1788 MHz: 4.4% 2112 MHz: 1.7% 2352 MHz: 1.5% 2532 MHz: 1.4% 2592 MHz: 6.9%)
E-Cluster idle residency:  40.86%
E-Cluster down residency:   0.00%
CPU 0 frequency: 1367 MHz
CPU 0 active residency:  29.12% (1020 MHz:  19% 1404 MHz: 3.1% 1788 MHz: 2.5% 2112 MHz: .73% 2352 MHz: .66% 2532 MHz: .55% 2592 MHz: 2.9%)
CPU 0 idle residency:  70.88%
CPU 0 down residency:   0.00%
CPU 1 frequency: 1371 MHz
CPU 1 active residency:  19.56% (1020 MHz:  12% 1404 MHz: 2.5% 1788 MHz: 1.8% 2112 MHz: .58% 2352 MHz: .26% 2532 MHz: .47% 2592 MHz: 1.8%)
CPU 1 idle residency:  80.44%
CPU 1 down residency:   0.00%
CPU 2 frequency: 1448 MHz
CPU 2 active residency:  13.50% (1020 MHz: 7.7% 1404 MHz: 1.6% 1788 MHz: 1.4% 2112 MHz: .57% 2352 MHz: .15% 2532 MHz: .86% 2592 MHz: 1.3%)
CPU 2 idle residency:  86.50%
CPU 2 down residency:   0.00%
CPU 3 frequency: 1363 MHz
CPU 3 active residency:   8.21% (1020 MHz: 5.0% 1404 MHz: .99% 1788 MHz: 1.1% 2112 MHz: .20% 2352 MHz: .22% 2532 MHz: .12% 2592 MHz: .57%)
CPU 3 idle residency:  91.79%
CPU 3 down residency:   0.00%

P0-Cluster Online: 12%
P0-Cluster HW active frequency: 2083 MHz
P0-Cluster HW active residency:   3.21% (1260 MHz: 2.1% 1512 MHz:   0% 1800 MHz:   0% 2088 MHz:   0% 2352 MHz:   0% 2616 MHz: .13% 2868 MHz:   0% 3096 MHz: .11% 3300 MHz: .25% 3468 MHz:   0% 3624 MHz:   0% 3756 MHz:   0% 3828 MHz:   0% 3888 MHz: .00% 3948 MHz:   0% 3996 MHz:   0% 4044 MHz: .42% 4104 MHz:   0% 4416 MHz: .00% 4512 MHz: .18%)
P0-Cluster idle residency:   6.14%
P0-Cluster down residency:  90.65%
CPU 4 frequency: 2503 MHz
CPU 4 active residency:   9.17% (1260 MHz: .38% 1512 MHz:   0% 1800 MHz: .02% 2088 MHz: 1.2% 2352 MHz: 1.9% 2616 MHz: 5.3% 2868 MHz:   0% 3096 MHz: .07% 3300 MHz: .11% 3468 MHz:   0% 3624 MHz:   0% 3756 MHz:   0% 3828 MHz:   0% 3888 MHz:   0% 3948 MHz:   0% 3996 MHz:   0% 4044 MHz:   0% 4104 MHz:   0% 4416 MHz:   0% 4512 MHz: .26%)
CPU 4 idle residency:   7.50%
CPU 4 down residency:  83.33%
CPU 5 frequency: 2138 MHz
CPU 5 active residency:   1.07% (1260 MHz: .39% 1512 MHz:   0% 1800 MHz:   0% 2088 MHz: .03% 2352 MHz: .11% 2616 MHz: .43% 2868 MHz:   0% 3096 MHz: .07% 3300 MHz: .02% 3468 MHz:   0% 3624 MHz:   0% 3756 MHz:   0% 3828 MHz:   0% 3888 MHz:   0% 3948 MHz:   0% 3996 MHz:   0% 4044 MHz:   0% 4104 MHz:   0% 4416 MHz:   0% 4512 MHz: .01%)
CPU 5 idle residency:   8.79%
CPU 5 down residency:  90.14%
CPU 6 frequency: 2458 MHz
CPU 6 active residency:   8.85% (1260 MHz: .37% 1512 MHz:   0% 1800 MHz: .08% 2088 MHz: .95% 2352 MHz: 1.9% 2616 MHz: 5.4% 2868 MHz:   0% 3096 MHz: .07% 3300 MHz: .07% 3468 MHz:   0% 3624 MHz:   0% 3756 MHz:   0% 3828 MHz:   0% 3888 MHz:   0% 3948 MHz:   0% 3996 MHz:   0% 4044 MHz:   0% 4104 MHz:   0% 4416 MHz:   0% 4512 MHz: .04%)
CPU 6 idle residency:   8.05%
CPU 6 down residency:  83.10%
CPU 7 frequency: 2080 MHz
CPU 7 active residency:   1.07% (1260 MHz: .41% 1512 MHz:   0% 1800 MHz:   0% 2088 MHz: .14% 2352 MHz: .09% 2616 MHz: .33% 2868 MHz:   0% 3096 MHz: .07% 3300 MHz: .02% 3468 MHz:   0% 3624 MHz:   0% 3756 MHz:   0% 3828 MHz:   0% 3888 MHz:   0% 3948 MHz:   0% 3996 MHz:   0% 4044 MHz:   0% 4104 MHz:   0% 4416 MHz:   0% 4512 MHz: .01%)
CPU 7 idle residency:   8.79%
CPU 7 down residency:  90.13%
CPU 8 frequency: 2485 MHz
CPU 8 active residency:   8.61% (1260 MHz: .38% 1512 MHz:   0% 1800 MHz: .06% 2088 MHz: .98% 2352 MHz: 1.9% 2616 MHz: 5.0% 2868 MHz:   0% 3096 MHz: .07% 3300 MHz: .12% 3468 MHz:   0% 3624 MHz:   0% 3756 MHz:   0% 3828 MHz:   0% 3888 MHz:   0% 3948 MHz:   0% 3996 MHz:   0% 4044 MHz:   0% 4104 MHz:   0% 4416 MHz:   0% 4512 MHz: .17%)
CPU 8 idle residency:   7.94%
CPU 8 down residency:  83.44%
CPU 9 frequency: 1841 MHz
CPU 9 active residency:   0.59% (1260 MHz: .39% 1512 MHz:   0% 1800 MHz:   0% 2088 MHz: .00% 2352 MHz: .00% 2616 MHz: .09% 2868 MHz:   0% 3096 MHz: .07% 3300 MHz: .02% 3468 MHz:   0% 3624 MHz:   0% 3756 MHz:   0% 3828 MHz:   0% 3888 MHz:   0% 3948 MHz:   0% 3996 MHz:   0% 4044 MHz:   0% 4104 MHz:   0% 4416 MHz:   0% 4512 MHz: .02%)
CPU 9 idle residency:   8.84%
CPU 9 down residency:  90.57%

P1-Cluster HW active frequency: 3260 MHz
P1-Cluster HW active residency:  97.47% (1260 MHz: .07% 1512 MHz: .00% 1800 MHz: .00% 2088 MHz: .00% 2352 MHz: .58% 2616 MHz:  11% 2868 MHz:  40% 3096 MHz: 8.3% 3300 MHz: 1.7% 3468 MHz: 1.2% 3624 MHz: .76% 3756 MHz: .54% 3828 MHz: .00% 3888 MHz: 6.1% 3948 MHz:  20% 3996 MHz: 3.7% 4044 MHz: 4.0% 4104 MHz:   0% 4416 MHz: .30% 4512 MHz: .09%)
P1-Cluster idle residency:   2.53%
P1-Cluster down residency:   0.00%
CPU 10 frequency: 3824 MHz
CPU 10 active residency:  35.61% (1260 MHz:   0% 1512 MHz:   0% 1800 MHz:   0% 2088 MHz:   0% 2352 MHz: .08% 2616 MHz: 5.4% 2868 MHz: 4.2% 3096 MHz: 2.8% 3300 MHz: 1.6% 3468 MHz: .62% 3624 MHz: .33% 3756 MHz: .16% 3828 MHz:   0% 3888 MHz:   0% 3948 MHz: .38% 3996 MHz:   0% 4044 MHz:   0% 4104 MHz: .36% 4416 MHz: .39% 4512 MHz:  19%)
CPU 10 idle residency:  64.39%
CPU 10 down residency:   0.00%
CPU 11 frequency: 3387 MHz
CPU 11 active residency:  66.42% (1260 MHz: .01% 1512 MHz: .00% 1800 MHz: .00% 2088 MHz: .00% 2352 MHz: .40% 2616 MHz: 7.1% 2868 MHz:  29% 3096 MHz: 5.9% 3300 MHz: 1.4% 3468 MHz: 1.1% 3624 MHz: .71% 3756 MHz: .55% 3828 MHz:   0% 3888 MHz:   0% 3948 MHz: .37% 3996 MHz:   0% 4044 MHz:   0% 4104 MHz: .34% 4416 MHz: .24% 4512 MHz:  19%)
CPU 11 idle residency:  33.58%
CPU 11 down residency:   0.00%
CPU 12 frequency: 4391 MHz
CPU 12 active residency:  27.78% (1260 MHz:   0% 1512 MHz:   0% 1800 MHz:   0% 2088 MHz:   0% 2352 MHz:   0% 2616 MHz: .03% 2868 MHz: .17% 3096 MHz: .24% 3300 MHz: .91% 3468 MHz: .71% 3624 MHz: .49% 3756 MHz: .47% 3828 MHz:   0% 3888 MHz:   0% 3948 MHz: .09% 3996 MHz:   0% 4044 MHz:   0% 4104 MHz:   0% 4416 MHz: .29% 4512 MHz:  24%)
CPU 12 idle residency:  72.22%
CPU 12 down residency:   0.00%
CPU 13 frequency: 3391 MHz
CPU 13 active residency:  64.06% (1260 MHz: .01% 1512 MHz:   0% 1800 MHz:   0% 2088 MHz: .00% 2352 MHz: .11% 2616 MHz: 7.7% 2868 MHz:  28% 3096 MHz: 5.9% 3300 MHz: .82% 3468 MHz: .93% 3624 MHz: .52% 3756 MHz: .41% 3828 MHz:   0% 3888 MHz:   0% 3948 MHz: .33% 3996 MHz:   0% 4044 MHz:   0% 4104 MHz: .38% 4416 MHz: .39% 4512 MHz:  19%)
CPU 13 idle residency:  35.94%
CPU 13 down residency:   0.00%
CPU 14 frequency: 3291 MHz
CPU 14 active residency:  53.25% (1260 MHz: .01% 1512 MHz: .00% 1800 MHz: .00% 2088 MHz:   0% 2352 MHz: .03% 2616 MHz: 5.0% 2868 MHz:  26% 3096 MHz: 5.9% 3300 MHz: 1.1% 3468 MHz: 1.2% 3624 MHz: .76% 3756 MHz: .59% 3828 MHz:   0% 3888 MHz:   0% 3948 MHz: .39% 3996 MHz:   0% 4044 MHz:   0% 4104 MHz: .38% 4416 MHz: .39% 4512 MHz:  11%)
CPU 14 idle residency:  46.75%
CPU 14 down residency:   0.00%
CPU 15 frequency: 3796 MHz
CPU 15 active residency:  29.49% (1260 MHz:   0% 1512 MHz:   0% 1800 MHz: .00% 2088 MHz: .00% 2352 MHz: .58% 2616 MHz: 2.1% 2868 MHz: 4.7% 3096 MHz: 2.9% 3300 MHz: 1.3% 3468 MHz: 1.1% 3624 MHz: .62% 3756 MHz: .54% 3828 MHz:   0% 3888 MHz:   0% 3948 MHz: .38% 3996 MHz:   0% 4044 MHz:   0% 4104 MHz: .31% 4416 MHz: .35% 4512 MHz:  15%)
CPU 15 idle residency:  70.51%
CPU 15 down residency:   0.00%

CPU Power: 4349 mW
GPU Power: 27580 mW
ANE Power: 0 mW
Combined Power (CPU + GPU + ANE): 31928 mW

**** GPU usage ****

GPU HW active frequency: 1578 MHz
GPU HW active residency: 100.00% (338 MHz:   0% 618 MHz:   0% 796 MHz:   0% 924 MHz:   0% 952 MHz:   0% 1056 MHz:   0% 1062 MHz:   0% 1182 MHz:   0% 1182 MHz:   0% 1312 MHz:   0% 1242 MHz:   0% 1380 MHz:   0% 1326 MHz:   0% 1470 MHz:   0% 1578 MHz: 100%)
GPU SW requested state: (P1 :   0% P2 :   0% P3 :   0% P4 :   0% P5 :   0% P6 :   0% P7 :   0% P8 :   0% P9 :   0% P10 : 100% P11 :   0% P12 :   0% P13 :   0% P14 :   0% P15 :   0%)
GPU SW state: (SW_P1 :   0% SW_P2 :   0% SW_P3 :   0% SW_P4 :   0% SW_P5 :   0% SW_P6 :   0% SW_P7 :   0% SW_P8 :   0% SW_P9 :   0% SW_P10 : 100% SW_P11 :   0% SW_P12 :   0% SW_P13 :   0% SW_P14 :   0% SW_P15 :   0%)
GPU idle residency:   0.00%
GPU Power: 27580 mW



*** Sampled system activity (Tue Jan 20 15:15:04 2026 +0100) (1019.56ms elapsed) ***


**** Processor usage ****

E-Cluster Online: 100%
E-Cluster HW active frequency: 1906 MHz
E-Cluster HW active residency:  72.97% (1020 MHz:  23% 1404 MHz: 6.6% 1788 MHz: 5.7% 2112 MHz: 2.7% 2352 MHz: 1.4% 2532 MHz: 1.1% 2592 MHz:  33%)
E-Cluster idle residency:  27.03%
E-Cluster down residency:   0.00%
CPU 0 frequency: 1844 MHz
CPU 0 active residency:  32.40% (1020 MHz:  11% 1404 MHz: 3.5% 1788 MHz: 2.1% 2112 MHz: 1.1% 2352 MHz: .40% 2532 MHz: .65% 2592 MHz:  13%)
CPU 0 idle residency:  67.60%
CPU 0 down residency:   0.00%
CPU 1 frequency: 1927 MHz
CPU 1 active residency:  27.81% (1020 MHz: 8.7% 1404 MHz: 2.4% 1788 MHz: 1.9% 2112 MHz: .63% 2352 MHz: .30% 2532 MHz: .37% 2592 MHz:  13%)
CPU 1 idle residency:  72.19%
CPU 1 down residency:   0.00%
CPU 2 frequency: 2040 MHz
CPU 2 active residency:  21.84% (1020 MHz: 5.5% 1404 MHz: 1.3% 1788 MHz: 2.1% 2112 MHz: .33% 2352 MHz: .44% 2532 MHz: .52% 2592 MHz:  12%)
CPU 2 idle residency:  78.16%
CPU 2 down residency:   0.00%
CPU 3 frequency: 2271 MHz
CPU 3 active residency:  18.94% (1020 MHz: 2.7% 1404 MHz: .56% 1788 MHz: 1.2% 2112 MHz: .25% 2352 MHz: .17% 2532 MHz: .11% 2592 MHz:  14%)
CPU 3 idle residency:  81.06%
CPU 3 down residency:   0.00%

P0-Cluster Online: 18%
P0-Cluster HW active frequency: 2552 MHz
P0-Cluster HW active residency:   6.88% (1260 MHz: 2.8% 1512 MHz: .07% 1800 MHz: .12% 2088 MHz: .13% 2352 MHz:   0% 2616 MHz: .05% 2868 MHz: .53% 3096 MHz: .69% 3300 MHz: .66% 3468 MHz:   0% 3624 MHz:   0% 3756 MHz: .16% 3828 MHz:   0% 3888 MHz: .00% 3948 MHz: .49% 3996 MHz: .46% 4044 MHz: .52% 4104 MHz:   0% 4416 MHz: .12% 4512 MHz: .11%)
P0-Cluster idle residency:   9.88%
P0-Cluster down residency:  83.25%
CPU 4 frequency: 1260 MHz
CPU 4 active residency:   0.02% (1260 MHz: .02% 1512 MHz:   0% 1800 MHz:   0% 2088 MHz:   0% 2352 MHz:   0% 2616 MHz:   0% 2868 MHz:   0% 3096 MHz:   0% 3300 MHz:   0% 3468 MHz:   0% 3624 MHz:   0% 3756 MHz:   0% 3828 MHz:   0% 3888 MHz:   0% 3948 MHz:   0% 3996 MHz:   0% 4044 MHz:   0% 4104 MHz:   0% 4416 MHz:   0% 4512 MHz:   0%)
CPU 4 idle residency:  15.05%
CPU 4 down residency:  84.93%
CPU 5 frequency: 1260 MHz
CPU 5 active residency:   0.02% (1260 MHz: .02% 1512 MHz:   0% 1800 MHz:   0% 2088 MHz:   0% 2352 MHz:   0% 2616 MHz:   0% 2868 MHz:   0% 3096 MHz:   0% 3300 MHz:   0% 3468 MHz:   0% 3624 MHz:   0% 3756 MHz:   0% 3828 MHz:   0% 3888 MHz:   0% 3948 MHz:   0% 3996 MHz:   0% 4044 MHz:   0% 4104 MHz:   0% 4416 MHz:   0% 4512 MHz:   0%)
CPU 5 idle residency:  16.53%
CPU 5 down residency:  83.45%
CPU 6 frequency: 1260 MHz
CPU 6 active residency:   0.02% (1260 MHz: .02% 1512 MHz:   0% 1800 MHz:   0% 2088 MHz:   0% 2352 MHz:   0% 2616 MHz:   0% 2868 MHz:   0% 3096 MHz:   0% 3300 MHz:   0% 3468 MHz:   0% 3624 MHz:   0% 3756 MHz:   0% 3828 MHz:   0% 3888 MHz:   0% 3948 MHz:   0% 3996 MHz:   0% 4044 MHz:   0% 4104 MHz:   0% 4416 MHz:   0% 4512 MHz:   0%)
CPU 6 idle residency:  15.51%
CPU 6 down residency:  84.47%
CPU 7 frequency: 1260 MHz
CPU 7 active residency:   0.02% (1260 MHz: .02% 1512 MHz:   0% 1800 MHz:   0% 2088 MHz:   0% 2352 MHz:   0% 2616 MHz:   0% 2868 MHz:   0% 3096 MHz:   0% 3300 MHz:   0% 3468 MHz:   0% 3624 MHz:   0% 3756 MHz:   0% 3828 MHz:   0% 3888 MHz:   0% 3948 MHz:   0% 3996 MHz:   0% 4044 MHz:   0% 4104 MHz:   0% 4416 MHz:   0% 4512 MHz:   0%)
CPU 7 idle residency:  16.54%
CPU 7 down residency:  83.44%
CPU 8 frequency: 1260 MHz
CPU 8 active residency:   0.02% (1260 MHz: .02% 1512 MHz:   0% 1800 MHz:   0% 2088 MHz:   0% 2352 MHz:   0% 2616 MHz:   0% 2868 MHz:   0% 3096 MHz:   0% 3300 MHz:   0% 3468 MHz:   0% 3624 MHz:   0% 3756 MHz:   0% 3828 MHz:   0% 3888 MHz:   0% 3948 MHz:   0% 3996 MHz:   0% 4044 MHz:   0% 4104 MHz:   0% 4416 MHz:   0% 4512 MHz:   0%)
CPU 8 idle residency:  14.84%
CPU 8 down residency:  85.14%
CPU 9 frequency: 1260 MHz
CPU 9 active residency:   0.02% (1260 MHz: .02% 1512 MHz:   0% 1800 MHz:   0% 2088 MHz:   0% 2352 MHz:   0% 2616 MHz:   0% 2868 MHz:   0% 3096 MHz:   0% 3300 MHz:   0% 3468 MHz:   0% 3624 MHz:   0% 3756 MHz:   0% 3828 MHz:   0% 3888 MHz:   0% 3948 MHz:   0% 3996 MHz:   0% 4044 MHz:   0% 4104 MHz:   0% 4416 MHz:   0% 4512 MHz:   0%)
CPU 9 idle residency:  16.54%
CPU 9 down residency:  83.44%

P1-Cluster HW active frequency: 3409 MHz
P1-Cluster HW active residency:  96.93% (1260 MHz: .26% 1512 MHz:   0% 1800 MHz:   0% 2088 MHz: .00% 2352 MHz: .00% 2616 MHz: .01% 2868 MHz:  21% 3096 MHz:  27% 3300 MHz: 6.7% 3468 MHz: 4.8% 3624 MHz: .61% 3756 MHz: .89% 3828 MHz:   0% 3888 MHz: 6.2% 3948 MHz:  19% 3996 MHz: 4.7% 4044 MHz: 6.1% 4104 MHz:   0% 4416 MHz: .22% 4512 MHz: .30%)
P1-Cluster idle residency:   3.07%
P1-Cluster down residency:   0.00%
CPU 10 frequency: 3471 MHz
CPU 10 active residency:  60.80% (1260 MHz: .03% 1512 MHz:   0% 1800 MHz:   0% 2088 MHz: .00% 2352 MHz:   0% 2616 MHz:   0% 2868 MHz:  15% 3096 MHz:  19% 3300 MHz: 5.5% 3468 MHz: 3.1% 3624 MHz: .52% 3756 MHz: .46% 3828 MHz:   0% 3888 MHz:   0% 3948 MHz: .55% 3996 MHz:   0% 4044 MHz:   0% 4104 MHz: .40% 4416 MHz: .57% 4512 MHz:  15%)
CPU 10 idle residency:  39.20%
CPU 10 down residency:   0.00%
CPU 11 frequency: 3997 MHz
CPU 11 active residency:  23.07% (1260 MHz:   0% 1512 MHz:   0% 1800 MHz:   0% 2088 MHz: .00% 2352 MHz:   0% 2616 MHz: .00% 2868 MHz: 2.7% 3096 MHz: 2.9% 3300 MHz: 1.2% 3468 MHz: .74% 3624 MHz: .24% 3756 MHz: .48% 3828 MHz:   0% 3888 MHz:   0% 3948 MHz: .51% 3996 MHz:   0% 4044 MHz:   0% 4104 MHz: .43% 4416 MHz: .39% 4512 MHz:  13%)
CPU 11 idle residency:  76.93%
CPU 11 down residency:   0.00%
CPU 12 frequency: 3567 MHz
CPU 12 active residency:  68.19% (1260 MHz: .04% 1512 MHz:   0% 1800 MHz:   0% 2088 MHz:   0% 2352 MHz: .00% 2616 MHz: .01% 2868 MHz:  15% 3096 MHz:  20% 3300 MHz: 5.6% 3468 MHz: 3.6% 3624 MHz: .56% 3756 MHz: .79% 3828 MHz:   0% 3888 MHz:   0% 3948 MHz: .72% 3996 MHz:   0% 4044 MHz:   0% 4104 MHz: .49% 4416 MHz: .73% 4512 MHz:  21%)
CPU 12 idle residency:  31.81%
CPU 12 down residency:   0.00%
CPU 13 frequency: 4439 MHz
CPU 13 active residency:  27.93% (1260 MHz:   0% 1512 MHz:   0% 1800 MHz:   0% 2088 MHz:   0% 2352 MHz:   0% 2616 MHz:   0% 2868 MHz: .32% 3096 MHz: .35% 3300 MHz: .19% 3468 MHz: .04% 3624 MHz: .07% 3756 MHz: .44% 3828 MHz:   0% 3888 MHz:   0% 3948 MHz: .47% 3996 MHz:   0% 4044 MHz:   0% 4104 MHz: .17% 4416 MHz: .38% 4512 MHz:  26%)
CPU 13 idle residency:  72.07%
CPU 13 down residency:   0.00%
CPU 14 frequency: 3477 MHz
CPU 14 active residency:  57.30% (1260 MHz: .08% 1512 MHz:   0% 1800 MHz:   0% 2088 MHz:   0% 2352 MHz:   0% 2616 MHz:   0% 2868 MHz:  15% 3096 MHz:  17% 3300 MHz: 5.5% 3468 MHz: 2.4% 3624 MHz: .28% 3756 MHz: .60% 3828 MHz:   0% 3888 MHz:   0% 3948 MHz: .23% 3996 MHz:   0% 4044 MHz:   0% 4104 MHz: .28% 4416 MHz: .42% 4512 MHz:  15%)
CPU 14 idle residency:  42.70%
CPU 14 down residency:   0.00%
CPU 15 frequency: 3850 MHz
CPU 15 active residency:  31.21% (1260 MHz: .01% 1512 MHz:   0% 1800 MHz:   0% 2088 MHz:   0% 2352 MHz: .00% 2616 MHz:   0% 2868 MHz: 4.8% 3096 MHz: 6.4% 3300 MHz: 1.5% 3468 MHz: .79% 3624 MHz: .28% 3756 MHz: .67% 3828 MHz:   0% 3888 MHz:   0% 3948 MHz: .52% 3996 MHz:   0% 4044 MHz:   0% 4104 MHz: .11% 4416 MHz: .17% 4512 MHz:  16%)
CPU 15 idle residency:  68.79%
CPU 15 down residency:   0.00%

CPU Power: 4687 mW
GPU Power: 27664 mW
ANE Power: 0 mW
Combined Power (CPU + GPU + ANE): 32351 mW

**** GPU usage ****

GPU HW active frequency: 1578 MHz
GPU HW active residency: 100.00% (338 MHz:   0% 618 MHz:   0% 796 MHz:   0% 924 MHz:   0% 952 MHz:   0% 1056 MHz:   0% 1062 MHz:   0% 1182 MHz:   0% 1182 MHz:   0% 1312 MHz:   0% 1242 MHz:   0% 1380 MHz:   0% 1326 MHz:   0% 1470 MHz:   0% 1578 MHz: 100%)
GPU SW requested state: (P1 :   0% P2 :   0% P3 :   0% P4 :   0% P5 :   0% P6 :   0% P7 :   0% P8 :   0% P9 :   0% P10 : 100% P11 :   0% P12 :   0% P13 :   0% P14 :   0% P15 :   0%)
GPU SW state: (SW_P1 :   0% SW_P2 :   0% SW_P3 :   0% SW_P4 :   0% SW_P5 :   0% SW_P6 :   0% SW_P7 :   0% SW_P8 :   0% SW_P9 :   0% SW_P10 : 100% SW_P11 :   0% SW_P12 :   0% SW_P13 :   0% SW_P14 :   0% SW_P15 :   0%)
GPU idle residency:   0.00%
GPU Power: 27663 mW



*** Sampled system activity (Tue Jan 20 15:15:05 2026 +0100) (1017.19ms elapsed) ***


**** Processor usage ****

E-Cluster Online: 100%
E-Cluster HW active frequency: 1444 MHz
E-Cluster HW active residency:  56.87% (1020 MHz:  34% 1404 MHz: 6.2% 1788 MHz: 5.0% 2112 MHz: .99% 2352 MHz: 1.6% 2532 MHz: 1.1% 2592 MHz: 8.3%)
E-Cluster idle residency:  43.13%
E-Cluster down residency:   0.00%
CPU 0 frequency: 1430 MHz
CPU 0 active residency:  27.97% (1020 MHz:  17% 1404 MHz: 3.0% 1788 MHz: 2.8% 2112 MHz: .53% 2352 MHz: .80% 2532 MHz: .46% 2592 MHz: 3.7%)
CPU 0 idle residency:  72.03%
CPU 0 down residency:   0.00%
CPU 1 frequency: 1480 MHz
CPU 1 active residency:  19.00% (1020 MHz:  11% 1404 MHz: 1.8% 1788 MHz: 1.5% 2112 MHz: .31% 2352 MHz: .72% 2532 MHz: .72% 2592 MHz: 2.9%)
CPU 1 idle residency:  81.00%
CPU 1 down residency:   0.00%
CPU 2 frequency: 1483 MHz
CPU 2 active residency:  10.89% (1020 MHz: 6.3% 1404 MHz: 1.0% 1788 MHz: .94% 2112 MHz: .10% 2352 MHz: .45% 2532 MHz: .36% 2592 MHz: 1.7%)
CPU 2 idle residency:  89.11%
CPU 2 down residency:   0.00%
CPU 3 frequency: 1508 MHz
CPU 3 active residency:   7.32% (1020 MHz: 4.1% 1404 MHz: .52% 1788 MHz: .93% 2112 MHz: .07% 2352 MHz: .41% 2532 MHz: .19% 2592 MHz: 1.1%)
CPU 3 idle residency:  92.68%
CPU 3 down residency:   0.00%

P0-Cluster Online: 4%
P0-Cluster HW active frequency: 1685 MHz
P0-Cluster HW active residency:   1.15% (1260 MHz: .75% 1512 MHz:   0% 1800 MHz: .07% 2088 MHz:   0% 2352 MHz:   0% 2616 MHz: .34% 2868 MHz:   0% 3096 MHz:   0% 3300 MHz:   0% 3468 MHz:   0% 3624 MHz:   0% 3756 MHz:   0% 3828 MHz:   0% 3888 MHz:   0% 3948 MHz:   0% 3996 MHz:   0% 4044 MHz:   0% 4104 MHz:   0% 4416 MHz:   0% 4512 MHz:   0%)
P0-Cluster idle residency:   2.48%
P0-Cluster down residency:  96.36%
CPU 4 frequency: 3864 MHz
CPU 4 active residency:   1.92% (1260 MHz: .18% 1512 MHz:   0% 1800 MHz:   0% 2088 MHz: .02% 2352 MHz:   0% 2616 MHz:   0% 2868 MHz:   0% 3096 MHz: .16% 3300 MHz: .24% 3468 MHz:   0% 3624 MHz:   0% 3756 MHz: .03% 3828 MHz:   0% 3888 MHz:   0% 3948 MHz: .08% 3996 MHz:   0% 4044 MHz:   0% 4104 MHz:   0% 4416 MHz:   0% 4512 MHz: 1.2%)
CPU 4 idle residency:   3.27%
CPU 4 down residency:  94.82%
CPU 5 frequency: 1512 MHz
CPU 5 active residency:   0.21% (1260 MHz: .18% 1512 MHz:   0% 1800 MHz:   0% 2088 MHz: .02% 2352 MHz:   0% 2616 MHz:   0% 2868 MHz:   0% 3096 MHz:   0% 3300 MHz:   0% 3468 MHz:   0% 3624 MHz:   0% 3756 MHz:   0% 3828 MHz:   0% 3888 MHz:   0% 3948 MHz:   0% 3996 MHz:   0% 4044 MHz:   0% 4104 MHz:   0% 4416 MHz:   0% 4512 MHz: .01%)
CPU 5 idle residency:   3.43%
CPU 5 down residency:  96.36%
CPU 6 frequency: 3535 MHz
CPU 6 active residency:   1.41% (1260 MHz: .19% 1512 MHz:   0% 1800 MHz:   0% 2088 MHz: .02% 2352 MHz:   0% 2616 MHz:   0% 2868 MHz:   0% 3096 MHz: .30% 3300 MHz: .13% 3468 MHz:   0% 3624 MHz:   0% 3756 MHz: .12% 3828 MHz:   0% 3888 MHz:   0% 3948 MHz: .06% 3996 MHz:   0% 4044 MHz:   0% 4104 MHz:   0% 4416 MHz:   0% 4512 MHz: .58%)
CPU 6 idle residency:   3.37%
CPU 6 down residency:  95.23%
CPU 7 frequency: 1345 MHz
CPU 7 active residency:   0.20% (1260 MHz: .18% 1512 MHz:   0% 1800 MHz:   0% 2088 MHz: .02% 2352 MHz:   0% 2616 MHz:   0% 2868 MHz:   0% 3096 MHz:   0% 3300 MHz:   0% 3468 MHz:   0% 3624 MHz:   0% 3756 MHz:   0% 3828 MHz:   0% 3888 MHz:   0% 3948 MHz:   0% 3996 MHz:   0% 4044 MHz:   0% 4104 MHz:   0% 4416 MHz:   0% 4512 MHz:   0%)
CPU 7 idle residency:   3.43%
CPU 7 down residency:  96.37%
CPU 8 frequency: 3327 MHz
CPU 8 active residency:   2.15% (1260 MHz: .19% 1512 MHz:   0% 1800 MHz:   0% 2088 MHz: .02% 2352 MHz:   0% 2616 MHz:   0% 2868 MHz:   0% 3096 MHz: .68% 3300 MHz: .57% 3468 MHz:   0% 3624 MHz:   0% 3756 MHz: .03% 3828 MHz:   0% 3888 MHz:   0% 3948 MHz: .38% 3996 MHz:   0% 4044 MHz:   0% 4104 MHz:   0% 4416 MHz:   0% 4512 MHz: .28%)
CPU 8 idle residency:   3.27%
CPU 8 down residency:  94.58%
CPU 9 frequency: 1344 MHz
CPU 9 active residency:   0.20% (1260 MHz: .18% 1512 MHz:   0% 1800 MHz:   0% 2088 MHz: .02% 2352 MHz:   0% 2616 MHz:   0% 2868 MHz:   0% 3096 MHz:   0% 3300 MHz:   0% 3468 MHz:   0% 3624 MHz:   0% 3756 MHz:   0% 3828 MHz:   0% 3888 MHz:   0% 3948 MHz:   0% 3996 MHz:   0% 4044 MHz:   0% 4104 MHz:   0% 4416 MHz:   0% 4512 MHz:   0%)
CPU 9 idle residency:   3.44%
CPU 9 down residency:  96.35%

P1-Cluster HW active frequency: 3275 MHz
P1-Cluster HW active residency:  97.25% (1260 MHz: .13% 1512 MHz: .00% 1800 MHz: .01% 2088 MHz: 1.6% 2352 MHz: 3.1% 2616 MHz: 8.4% 2868 MHz:  30% 3096 MHz:  13% 3300 MHz: 4.7% 3468 MHz: .39% 3624 MHz: .37% 3756 MHz: .39% 3828 MHz:   0% 3888 MHz: 5.4% 3948 MHz:  22% 3996 MHz: 3.4% 4044 MHz: 4.2% 4104 MHz:   0% 4416 MHz: .19% 4512 MHz: .30%)
P1-Cluster idle residency:   2.75%
P1-Cluster down residency:   0.00%
CPU 10 frequency: 3370 MHz
CPU 10 active residency:  64.91% (1260 MHz: .03% 1512 MHz: .00% 1800 MHz: .01% 2088 MHz: 1.4% 2352 MHz: 1.9% 2616 MHz: 6.3% 2868 MHz:  23% 3096 MHz: 8.5% 3300 MHz: 3.0% 3468 MHz: .34% 3624 MHz: .28% 3756 MHz: .34% 3828 MHz:   0% 3888 MHz:   0% 3948 MHz: .37% 3996 MHz:   0% 4044 MHz:   0% 4104 MHz: .28% 4416 MHz: .33% 4512 MHz:  19%)
CPU 10 idle residency:  35.09%
CPU 10 down residency:   0.00%
CPU 11 frequency: 4493 MHz
CPU 11 active residency:  27.59% (1260 MHz:   0% 1512 MHz:   0% 1800 MHz:   0% 2088 MHz:   0% 2352 MHz:   0% 2616 MHz: .00% 2868 MHz: .23% 3096 MHz:   0% 3300 MHz:   0% 3468 MHz:   0% 3624 MHz:   0% 3756 MHz:   0% 3828 MHz:   0% 3888 MHz:   0% 3948 MHz: .03% 3996 MHz:   0% 4044 MHz:   0% 4104 MHz: .27% 4416 MHz: .31% 4512 MHz:  27%)
CPU 11 idle residency:  72.41%
CPU 11 down residency:   0.00%
CPU 12 frequency: 3832 MHz
CPU 12 active residency:  21.22% (1260 MHz: .00% 1512 MHz:   0% 1800 MHz:   0% 2088 MHz: .15% 2352 MHz: .13% 2616 MHz: 2.1% 2868 MHz: 3.5% 3096 MHz: 1.9% 3300 MHz: .38% 3468 MHz: .32% 3624 MHz: .30% 3756 MHz: .10% 3828 MHz:   0% 3888 MHz:   0% 3948 MHz: .13% 3996 MHz:   0% 4044 MHz:   0% 4104 MHz: .04% 4416 MHz: .04% 4512 MHz:  12%)
CPU 12 idle residency:  78.78%
CPU 12 down residency:   0.00%
CPU 13 frequency: 3965 MHz
CPU 13 active residency:  29.50% (1260 MHz: .00% 1512 MHz:   0% 1800 MHz:   0% 2088 MHz: .67% 2352 MHz: 2.1% 2616 MHz: 2.5% 2868 MHz: 2.1% 3096 MHz: 1.1% 3300 MHz: .13% 3468 MHz: .03% 3624 MHz: .05% 3756 MHz:   0% 3828 MHz:   0% 3888 MHz:   0% 3948 MHz: .09% 3996 MHz:   0% 4044 MHz:   0% 4104 MHz:   0% 4416 MHz: .06% 4512 MHz:  21%)
CPU 13 idle residency:  70.50%
CPU 13 down residency:   0.00%
CPU 14 frequency: 3289 MHz
CPU 14 active residency:  50.65% (1260 MHz: .02% 1512 MHz: .00% 1800 MHz: .01% 2088 MHz: .68% 2352 MHz: 1.9% 2616 MHz: 4.9% 2868 MHz:  19% 3096 MHz: 7.8% 3300 MHz: 3.0% 3468 MHz: .30% 3624 MHz: .32% 3756 MHz: .32% 3828 MHz:   0% 3888 MHz:   0% 3948 MHz: .37% 3996 MHz:   0% 4044 MHz:   0% 4104 MHz: .28% 4416 MHz: .31% 4512 MHz:  12%)
CPU 14 idle residency:  49.35%
CPU 14 down residency:   0.00%
CPU 15 frequency: 3494 MHz
CPU 15 active residency:  67.16% (1260 MHz: .01% 1512 MHz:   0% 1800 MHz:   0% 2088 MHz: 1.3% 2352 MHz: .89% 2616 MHz: 6.3% 2868 MHz:  20% 3096 MHz: 9.5% 3300 MHz: 2.8% 3468 MHz: .39% 3624 MHz: .37% 3756 MHz: .39% 3828 MHz:   0% 3888 MHz:   0% 3948 MHz: .39% 3996 MHz:   0% 4044 MHz:   0% 4104 MHz: .38% 4416 MHz: .39% 4512 MHz:  24%)
CPU 15 idle residency:  32.84%
CPU 15 down residency:   0.00%

CPU Power: 4018 mW
GPU Power: 28110 mW
ANE Power: 0 mW
Combined Power (CPU + GPU + ANE): 32128 mW

**** GPU usage ****

GPU HW active frequency: 1578 MHz
GPU HW active residency: 100.00% (338 MHz:   0% 618 MHz:   0% 796 MHz:   0% 924 MHz:   0% 952 MHz:   0% 1056 MHz:   0% 1062 MHz:   0% 1182 MHz:   0% 1182 MHz:   0% 1312 MHz:   0% 1242 MHz:   0% 1380 MHz:   0% 1326 MHz:   0% 1470 MHz:   0% 1578 MHz: 100%)
GPU SW requested state: (P1 :   0% P2 :   0% P3 :   0% P4 :   0% P5 :   0% P6 :   0% P7 :   0% P8 :   0% P9 :   0% P10 : 100% P11 :   0% P12 :   0% P13 :   0% P14 :   0% P15 :   0%)
GPU SW state: (SW_P1 :   0% SW_P2 :   0% SW_P3 :   0% SW_P4 :   0% SW_P5 :   0% SW_P6 :   0% SW_P7 :   0% SW_P8 :   0% SW_P9 :   0% SW_P10 : 100% SW_P11 :   0% SW_P12 :   0% SW_P13 :   0% SW_P14 :   0% SW_P15 :   0%)
GPU idle residency:   0.00%
GPU Power: 28116 mW



*** Sampled system activity (Tue Jan 20 15:15:06 2026 +0100) (1020.25ms elapsed) ***


**** Processor usage ****

E-Cluster Online: 100%
E-Cluster HW active frequency: 1407 MHz
E-Cluster HW active residency:  60.64% (1020 MHz:  37% 1404 MHz: 7.5% 1788 MHz: 5.1% 2112 MHz: 1.7% 2352 MHz: 1.1% 2532 MHz: 1.8% 2592 MHz: 6.8%)
E-Cluster idle residency:  39.36%
E-Cluster down residency:   0.00%
CPU 0 frequency: 1394 MHz
CPU 0 active residency:  30.99% (1020 MHz:  19% 1404 MHz: 3.6% 1788 MHz: 3.0% 2112 MHz: .36% 2352 MHz: .47% 2532 MHz: .56% 2592 MHz: 3.9%)
CPU 0 idle residency:  69.01%
CPU 0 down residency:   0.00%
CPU 1 frequency: 1400 MHz
CPU 1 active residency:  19.62% (1020 MHz:  12% 1404 MHz: 2.8% 1788 MHz: 1.7% 2112 MHz: .83% 2352 MHz: .15% 2532 MHz: .24% 2592 MHz: 2.3%)
CPU 1 idle residency:  80.38%
CPU 1 down residency:   0.00%
CPU 2 frequency: 1429 MHz
CPU 2 active residency:  11.50% (1020 MHz: 7.1% 1404 MHz: 1.4% 1788 MHz: .50% 2112 MHz: .15% 2352 MHz: .07% 2532 MHz: .75% 2592 MHz: 1.5%)
CPU 2 idle residency:  88.50%
CPU 2 down residency:   0.00%
CPU 3 frequency: 1396 MHz
CPU 3 active residency:   7.13% (1020 MHz: 4.7% 1404 MHz: .64% 1788 MHz: .37% 2112 MHz: .07% 2352 MHz: .23% 2532 MHz: .24% 2592 MHz: .89%)
CPU 3 idle residency:  92.87%
CPU 3 down residency:   0.00%

P0-Cluster Online: 2%
P0-Cluster HW active frequency: 1348 MHz
P0-Cluster HW active residency:   0.77% (1260 MHz: .71% 1512 MHz:   0% 1800 MHz:   0% 2088 MHz: .05% 2352 MHz:   0% 2616 MHz:   0% 2868 MHz:   0% 3096 MHz: .02% 3300 MHz:   0% 3468 MHz:   0% 3624 MHz:   0% 3756 MHz:   0% 3828 MHz:   0% 3888 MHz:   0% 3948 MHz:   0% 3996 MHz:   0% 4044 MHz:   0% 4104 MHz:   0% 4416 MHz:   0% 4512 MHz:   0%)
P0-Cluster idle residency:   1.47%
P0-Cluster down residency:  97.76%
CPU 4 frequency: 1929 MHz
CPU 4 active residency:   0.26% (1260 MHz: .12% 1512 MHz:   0% 1800 MHz: .01% 2088 MHz:   0% 2352 MHz:   0% 2616 MHz: .12% 2868 MHz:   0% 3096 MHz:   0% 3300 MHz:   0% 3468 MHz:   0% 3624 MHz:   0% 3756 MHz:   0% 3828 MHz:   0% 3888 MHz:   0% 3948 MHz:   0% 3996 MHz:   0% 4044 MHz:   0% 4104 MHz:   0% 4416 MHz:   0% 4512 MHz:   0%)
CPU 4 idle residency:   2.10%
CPU 4 down residency:  97.64%
CPU 5 frequency: 1526 MHz
CPU 5 active residency:   0.16% (1260 MHz: .12% 1512 MHz:   0% 1800 MHz: .01% 2088 MHz:   0% 2352 MHz:   0% 2616 MHz: .03% 2868 MHz:   0% 3096 MHz:   0% 3300 MHz:   0% 3468 MHz:   0% 3624 MHz:   0% 3756 MHz:   0% 3828 MHz:   0% 3888 MHz:   0% 3948 MHz:   0% 3996 MHz:   0% 4044 MHz:   0% 4104 MHz:   0% 4416 MHz:   0% 4512 MHz:   0%)
CPU 5 idle residency:   2.11%
CPU 5 down residency:  97.74%
CPU 6 frequency: 1603 MHz
CPU 6 active residency:   0.18% (1260 MHz: .12% 1512 MHz:   0% 1800 MHz: .02% 2088 MHz:   0% 2352 MHz:   0% 2616 MHz: .04% 2868 MHz:   0% 3096 MHz: .00% 3300 MHz:   0% 3468 MHz:   0% 3624 MHz:   0% 3756 MHz:   0% 3828 MHz:   0% 3888 MHz:   0% 3948 MHz:   0% 3996 MHz:   0% 4044 MHz:   0% 4104 MHz:   0% 4416 MHz:   0% 4512 MHz:   0%)
CPU 6 idle residency:   2.10%
CPU 6 down residency:  97.72%
CPU 7 frequency: 1578 MHz
CPU 7 active residency:   0.15% (1260 MHz: .12% 1512 MHz:   0% 1800 MHz: .00% 2088 MHz:   0% 2352 MHz:   0% 2616 MHz: .04% 2868 MHz:   0% 3096 MHz:   0% 3300 MHz:   0% 3468 MHz:   0% 3624 MHz:   0% 3756 MHz:   0% 3828 MHz:   0% 3888 MHz:   0% 3948 MHz:   0% 3996 MHz:   0% 4044 MHz:   0% 4104 MHz:   0% 4416 MHz:   0% 4512 MHz:   0%)
CPU 7 idle residency:   2.11%
CPU 7 down residency:  97.74%
CPU 8 frequency: 1888 MHz
CPU 8 active residency:   0.25% (1260 MHz: .12% 1512 MHz:   0% 1800 MHz: .02% 2088 MHz:   0% 2352 MHz:   0% 2616 MHz: .11% 2868 MHz:   0% 3096 MHz:   0% 3300 MHz:   0% 3468 MHz:   0% 3624 MHz:   0% 3756 MHz:   0% 3828 MHz:   0% 3888 MHz:   0% 3948 MHz:   0% 3996 MHz:   0% 4044 MHz:   0% 4104 MHz:   0% 4416 MHz:   0% 4512 MHz:   0%)
CPU 8 idle residency:   2.09%
CPU 8 down residency:  97.66%
CPU 9 frequency: 1475 MHz
CPU 9 active residency:   0.14% (1260 MHz: .12% 1512 MHz:   0% 1800 MHz:   0% 2088 MHz:   0% 2352 MHz:   0% 2616 MHz: .02% 2868 MHz:   0% 3096 MHz:   0% 3300 MHz:   0% 3468 MHz:   0% 3624 MHz:   0% 3756 MHz:   0% 3828 MHz:   0% 3888 MHz:   0% 3948 MHz:   0% 3996 MHz:   0% 4044 MHz:   0% 4104 MHz:   0% 4416 MHz:   0% 4512 MHz:   0%)
CPU 9 idle residency:   2.11%
CPU 9 down residency:  97.76%

P1-Cluster HW active frequency: 3229 MHz
P1-Cluster HW active residency:  97.52% (1260 MHz: .07% 1512 MHz:   0% 1800 MHz: .02% 2088 MHz: .14% 2352 MHz: 8.6% 2616 MHz: 6.8% 2868 MHz:  41% 3096 MHz: 2.5% 3300 MHz: .39% 3468 MHz: .39% 3624 MHz: .39% 3756 MHz:   0% 3828 MHz: .37% 3888 MHz: 6.6% 3948 MHz:  21% 3996 MHz: 4.4% 4044 MHz: 4.6% 4104 MHz:   0% 4416 MHz: .18% 4512 MHz: .24%)
P1-Cluster idle residency:   2.48%
P1-Cluster down residency:   0.00%
CPU 10 frequency: 3681 MHz
CPU 10 active residency:  29.41% (1260 MHz:   0% 1512 MHz:   0% 1800 MHz:   0% 2088 MHz: .11% 2352 MHz: 5.1% 2616 MHz: 2.8% 2868 MHz: 4.7% 3096 MHz: .09% 3300 MHz:   0% 3468 MHz: .01% 3624 MHz:   0% 3756 MHz:   0% 3828 MHz: .07% 3888 MHz:   0% 3948 MHz:   0% 3996 MHz:   0% 4044 MHz:   0% 4104 MHz: .07% 4416 MHz: .02% 4512 MHz:  16%)
CPU 10 idle residency:  70.59%
CPU 10 down residency:   0.00%
CPU 11 frequency: 3387 MHz
CPU 11 active residency:  65.54% (1260 MHz: .01% 1512 MHz:   0% 1800 MHz: .00% 2088 MHz:   0% 2352 MHz: 3.7% 2616 MHz: 5.3% 2868 MHz:  32% 3096 MHz: 1.5% 3300 MHz: .33% 3468 MHz: .19% 3624 MHz: .29% 3756 MHz:   0% 3828 MHz: .28% 3888 MHz:   0% 3948 MHz: .27% 3996 MHz:   0% 4044 MHz:   0% 4104 MHz: .33% 4416 MHz: .29% 4512 MHz:  21%)
CPU 11 idle residency:  34.46%
CPU 11 down residency:   0.00%
CPU 12 frequency: 3382 MHz
CPU 12 active residency:  65.07% (1260 MHz: .02% 1512 MHz:   0% 1800 MHz: .02% 2088 MHz: .14% 2352 MHz: 5.7% 2616 MHz: 4.9% 2868 MHz:  29% 3096 MHz: 1.5% 3300 MHz: .33% 3468 MHz: .08% 3624 MHz: .30% 3756 MHz:   0% 3828 MHz: .29% 3888 MHz:   0% 3948 MHz: .24% 3996 MHz:   0% 4044 MHz:   0% 4104 MHz: .31% 4416 MHz: .30% 4512 MHz:  22%)
CPU 12 idle residency:  34.93%
CPU 12 down residency:   0.00%
CPU 13 frequency: 4475 MHz
CPU 13 active residency:  24.64% (1260 MHz:   0% 1512 MHz:   0% 1800 MHz:   0% 2088 MHz:   0% 2352 MHz: .20% 2616 MHz: .08% 2868 MHz: .19% 3096 MHz:   0% 3300 MHz:   0% 3468 MHz: .00% 3624 MHz: .03% 3756 MHz:   0% 3828 MHz: .02% 3888 MHz:   0% 3948 MHz:   0% 3996 MHz:   0% 4044 MHz:   0% 4104 MHz:   0% 4416 MHz:   0% 4512 MHz:  24%)
CPU 13 idle residency:  75.36%
CPU 13 down residency:   0.00%
CPU 14 frequency: 3360 MHz
CPU 14 active residency:  63.48% (1260 MHz: .01% 1512 MHz:   0% 1800 MHz: .00% 2088 MHz: .06% 2352 MHz: 6.0% 2616 MHz: 4.7% 2868 MHz:  29% 3096 MHz: 1.4% 3300 MHz: .39% 3468 MHz: .39% 3624 MHz: .39% 3756 MHz:   0% 3828 MHz: .37% 3888 MHz:   0% 3948 MHz: .39% 3996 MHz:   0% 4044 MHz:   0% 4104 MHz: .39% 4416 MHz: .39% 4512 MHz:  20%)
CPU 14 idle residency:  36.52%
CPU 14 down residency:   0.00%
CPU 15 frequency: 3990 MHz
CPU 15 active residency:  19.66% (1260 MHz:   0% 1512 MHz:   0% 1800 MHz:   0% 2088 MHz:   0% 2352 MHz: .13% 2616 MHz: 1.1% 2868 MHz: 4.3% 3096 MHz: .30% 3300 MHz: .02% 3468 MHz: .06% 3624 MHz: .07% 3756 MHz:   0% 3828 MHz: .25% 3888 MHz:   0% 3948 MHz: .23% 3996 MHz:   0% 4044 MHz:   0% 4104 MHz: .08% 4416 MHz: .08% 4512 MHz:  13%)
CPU 15 idle residency:  80.34%
CPU 15 down residency:   0.00%

CPU Power: 4206 mW
GPU Power: 27885 mW
ANE Power: 0 mW
Combined Power (CPU + GPU + ANE): 32091 mW

**** GPU usage ****

GPU HW active frequency: 1578 MHz
GPU HW active residency: 100.00% (338 MHz:   0% 618 MHz:   0% 796 MHz:   0% 924 MHz:   0% 952 MHz:   0% 1056 MHz:   0% 1062 MHz:   0% 1182 MHz:   0% 1182 MHz:   0% 1312 MHz:   0% 1242 MHz:   0% 1380 MHz:   0% 1326 MHz:   0% 1470 MHz:   0% 1578 MHz: 100%)
GPU SW requested state: (P1 :   0% P2 :   0% P3 :   0% P4 :   0% P5 :   0% P6 :   0% P7 :   0% P8 :   0% P9 :   0% P10 : 100% P11 :   0% P12 :   0% P13 :   0% P14 :   0% P15 :   0%)
GPU SW state: (SW_P1 :   0% SW_P2 :   0% SW_P3 :   0% SW_P4 :   0% SW_P5 :   0% SW_P6 :   0% SW_P7 :   0% SW_P8 :   0% SW_P9 :   0% SW_P10 : 100% SW_P11 :   0% SW_P12 :   0% SW_P13 :   0% SW_P14 :   0% SW_P15 :   0%)
GPU idle residency:   0.00%
GPU Power: 27886 mW



*** Sampled system activity (Tue Jan 20 15:15:07 2026 +0100) (1020.67ms elapsed) ***


**** Processor usage ****

E-Cluster Online: 100%
E-Cluster HW active frequency: 1449 MHz
E-Cluster HW active residency:  57.00% (1020 MHz:  33% 1404 MHz: 5.4% 1788 MHz: 6.5% 2112 MHz: 2.4% 2352 MHz: 3.2% 2532 MHz: 1.6% 2592 MHz: 5.2%)
E-Cluster idle residency:  43.00%
E-Cluster down residency:   0.00%
CPU 0 frequency: 1465 MHz
CPU 0 active residency:  27.73% (1020 MHz:  16% 1404 MHz: 2.4% 1788 MHz: 3.1% 2112 MHz: 1.4% 2352 MHz: 2.1% 2532 MHz: .55% 2592 MHz: 2.6%)
CPU 0 idle residency:  72.27%
CPU 0 down residency:   0.00%
CPU 1 frequency: 1509 MHz
CPU 1 active residency:  17.97% (1020 MHz: 9.7% 1404 MHz: 1.3% 1788 MHz: 2.5% 2112 MHz: .41% 2352 MHz: 1.6% 2532 MHz: .71% 2592 MHz: 1.7%)
CPU 1 idle residency:  82.03%
CPU 1 down residency:   0.00%
CPU 2 frequency: 1485 MHz
CPU 2 active residency:   9.39% (1020 MHz: 5.4% 1404 MHz: .46% 1788 MHz: 1.5% 2112 MHz: .15% 2352 MHz: .64% 2532 MHz: .11% 2592 MHz: 1.2%)
CPU 2 idle residency:  90.61%
CPU 2 down residency:   0.00%
CPU 3 frequency: 1625 MHz
CPU 3 active residency:   7.31% (1020 MHz: 3.3% 1404 MHz: .35% 1788 MHz: 1.4% 2112 MHz: .44% 2352 MHz: .49% 2532 MHz: .04% 2592 MHz: 1.3%)
CPU 3 idle residency:  92.69%
CPU 3 down residency:   0.00%

P0-Cluster Online: 23%
P0-Cluster HW active frequency: 3292 MHz
P0-Cluster HW active residency:  17.54% (1260 MHz: 1.8% 1512 MHz: .04% 1800 MHz: .11% 2088 MHz: .13% 2352 MHz:   0% 2616 MHz: .05% 2868 MHz: .07% 3096 MHz: 6.3% 3300 MHz: .38% 3468 MHz: .39% 3624 MHz: .39% 3756 MHz: .38% 3828 MHz:   0% 3888 MHz: 1.9% 3948 MHz: 4.3% 3996 MHz: 1.0% 4044 MHz: .29% 4104 MHz:   0% 4416 MHz: .02% 4512 MHz: .02%)
P0-Cluster idle residency:   3.74%
P0-Cluster down residency:  78.72%
CPU 4 frequency: 3799 MHz
CPU 4 active residency:  14.86% (1260 MHz: .21% 1512 MHz: .00% 1800 MHz: .00% 2088 MHz: .07% 2352 MHz:   0% 2616 MHz: .02% 2868 MHz: .07% 3096 MHz: 5.4% 3300 MHz: .38% 3468 MHz: .39% 3624 MHz: .39% 3756 MHz: .38% 3828 MHz:   0% 3888 MHz:   0% 3948 MHz: .39% 3996 MHz:   0% 4044 MHz:   0% 4104 MHz: .39% 4416 MHz: .39% 4512 MHz: 6.4%)
CPU 4 idle residency:   6.49%
CPU 4 down residency:  78.65%
CPU 5 frequency: 3916 MHz
CPU 5 active residency:   6.86% (1260 MHz: .18% 1512 MHz: .00% 1800 MHz: .00% 2088 MHz: .04% 2352 MHz:   0% 2616 MHz:   0% 2868 MHz:   0% 3096 MHz: 2.0% 3300 MHz: .20% 3468 MHz: .02% 3624 MHz: .12% 3756 MHz: .25% 3828 MHz:   0% 3888 MHz:   0% 3948 MHz: .00% 3996 MHz:   0% 4044 MHz:   0% 4104 MHz: .00% 4416 MHz: .16% 4512 MHz: 3.9%)
CPU 5 idle residency:  14.50%
CPU 5 down residency:  78.65%
CPU 6 frequency: 3742 MHz
CPU 6 active residency:  11.06% (1260 MHz: .19% 1512 MHz: .00% 1800 MHz: .01% 2088 MHz: .04% 2352 MHz:   0% 2616 MHz:   0% 2868 MHz: .05% 3096 MHz: 4.7% 3300 MHz: .29% 3468 MHz: .13% 3624 MHz: .33% 3756 MHz: .27% 3828 MHz:   0% 3888 MHz:   0% 3948 MHz: .15% 3996 MHz:   0% 4044 MHz:   0% 4104 MHz: .06% 4416 MHz: .22% 4512 MHz: 4.7%)
CPU 6 idle residency:  10.29%
CPU 6 down residency:  78.65%
CPU 7 frequency: 4093 MHz
CPU 7 active residency:   4.70% (1260 MHz: .19% 1512 MHz: .02% 1800 MHz: .07% 2088 MHz: .10% 2352 MHz:   0% 2616 MHz:   0% 2868 MHz: .00% 3096 MHz: .54% 3300 MHz: .03% 3468 MHz: .00% 3624 MHz: .02% 3756 MHz:   0% 3828 MHz:   0% 3888 MHz:   0% 3948 MHz: .00% 3996 MHz:   0% 4044 MHz:   0% 4104 MHz:   0% 4416 MHz: .02% 4512 MHz: 3.7%)
CPU 7 idle residency:  16.65%
CPU 7 down residency:  78.65%
CPU 8 frequency: 3640 MHz
CPU 8 active residency:   9.60% (1260 MHz: .21% 1512 MHz: .01% 1800 MHz: .01% 2088 MHz: .05% 2352 MHz:   0% 2616 MHz: .00% 2868 MHz: .01% 3096 MHz: 4.5% 3300 MHz: .30% 3468 MHz: .11% 3624 MHz: .30% 3756 MHz: .30% 3828 MHz:   0% 3888 MHz:   0% 3948 MHz: .07% 3996 MHz:   0% 4044 MHz:   0% 4104 MHz: .11% 4416 MHz: .26% 4512 MHz: 3.3%)
CPU 8 idle residency:  11.76%
CPU 8 down residency:  78.64%
CPU 9 frequency: 4260 MHz
CPU 9 active residency:   3.03% (1260 MHz: .18% 1512 MHz: .00% 1800 MHz:   0% 2088 MHz: .03% 2352 MHz:   0% 2616 MHz:   0% 2868 MHz:   0% 3096 MHz: .06% 3300 MHz:   0% 3468 MHz:   0% 3624 MHz:   0% 3756 MHz:   0% 3828 MHz:   0% 3888 MHz:   0% 3948 MHz:   0% 3996 MHz:   0% 4044 MHz:   0% 4104 MHz:   0% 4416 MHz:   0% 4512 MHz: 2.7%)
CPU 9 idle residency:  18.32%
CPU 9 down residency:  78.65%

P1-Cluster HW active frequency: 3271 MHz
P1-Cluster HW active residency:  82.23% (1260 MHz: .45% 1512 MHz:   0% 1800 MHz: .58% 2088 MHz: 2.8% 2352 MHz: 4.9% 2616 MHz: 9.8% 2868 MHz: 1.4% 3096 MHz:  24% 3300 MHz: 7.0% 3468 MHz: 2.2% 3624 MHz:   0% 3756 MHz:   0% 3828 MHz:   0% 3888 MHz: 3.4% 3948 MHz:  17% 3996 MHz: 3.6% 4044 MHz: 5.1% 4104 MHz:   0% 4416 MHz: .10% 4512 MHz: .14%)
P1-Cluster idle residency:   4.13%
P1-Cluster down residency:  13.63%
CPU 10 frequency: 3385 MHz
CPU 10 active residency:  51.59% (1260 MHz: .01% 1512 MHz:   0% 1800 MHz: .49% 2088 MHz: 1.9% 2352 MHz: 4.5% 2616 MHz: 6.9% 2868 MHz: 1.2% 3096 MHz:  14% 3300 MHz: 5.3% 3468 MHz: 1.6% 3624 MHz:   0% 3756 MHz:   0% 3828 MHz:   0% 3888 MHz:   0% 3948 MHz:   0% 3996 MHz:   0% 4044 MHz:   0% 4104 MHz:   0% 4416 MHz:   0% 4512 MHz:  16%)
CPU 10 idle residency:  34.28%
CPU 10 down residency:  14.13%
CPU 11 frequency: 3946 MHz
CPU 11 active residency:  27.91% (1260 MHz:   0% 1512 MHz:   0% 1800 MHz:   0% 2088 MHz: .01% 2352 MHz: .44% 2616 MHz: 2.9% 2868 MHz: 1.1% 3096 MHz: 3.9% 3300 MHz: 1.1% 3468 MHz: .74% 3624 MHz:   0% 3756 MHz:   0% 3828 MHz:   0% 3888 MHz:   0% 3948 MHz:   0% 3996 MHz:   0% 4044 MHz:   0% 4104 MHz:   0% 4416 MHz:   0% 4512 MHz:  18%)
CPU 11 idle residency:  58.16%
CPU 11 down residency:  13.93%
CPU 12 frequency: 4268 MHz
CPU 12 active residency:  21.25% (1260 MHz:   0% 1512 MHz:   0% 1800 MHz: .02% 2088 MHz: .10% 2352 MHz: .40% 2616 MHz: .46% 2868 MHz: .70% 3096 MHz: 1.0% 3300 MHz: .38% 3468 MHz: .09% 3624 MHz:   0% 3756 MHz:   0% 3828 MHz:   0% 3888 MHz:   0% 3948 MHz:   0% 3996 MHz:   0% 4044 MHz:   0% 4104 MHz:   0% 4416 MHz:   0% 4512 MHz:  18%)
CPU 12 idle residency:  64.93%
CPU 12 down residency:  13.82%
CPU 13 frequency: 3375 MHz
CPU 13 active residency:  48.45% (1260 MHz: .01% 1512 MHz:   0% 1800 MHz: .48% 2088 MHz: 1.9% 2352 MHz: 3.9% 2616 MHz: 7.0% 2868 MHz: 1.2% 3096 MHz:  13% 3300 MHz: 5.0% 3468 MHz: 1.2% 3624 MHz:   0% 3756 MHz:   0% 3828 MHz:   0% 3888 MHz:   0% 3948 MHz:   0% 3996 MHz:   0% 4044 MHz:   0% 4104 MHz:   0% 4416 MHz:   0% 4512 MHz:  15%)
CPU 13 idle residency:  37.46%
CPU 13 down residency:  14.09%
CPU 14 frequency: 4268 MHz
CPU 14 active residency:   7.61% (1260 MHz:   0% 1512 MHz:   0% 1800 MHz: .04% 2088 MHz: .08% 2352 MHz: .15% 2616 MHz: .25% 2868 MHz: .19% 3096 MHz: .27% 3300 MHz: .04% 3468 MHz:   0% 3624 MHz:   0% 3756 MHz:   0% 3828 MHz:   0% 3888 MHz:   0% 3948 MHz:   0% 3996 MHz:   0% 4044 MHz:   0% 4104 MHz:   0% 4416 MHz:   0% 4512 MHz: 6.6%)
CPU 14 idle residency:  78.71%
CPU 14 down residency:  13.68%
CPU 15 frequency: 3383 MHz
CPU 15 active residency:  52.43% (1260 MHz: .02% 1512 MHz:   0% 1800 MHz: .43% 2088 MHz: 2.1% 2352 MHz: 4.1% 2616 MHz: 7.5% 2868 MHz: 1.4% 3096 MHz:  14% 3300 MHz: 4.8% 3468 MHz: 1.4% 3624 MHz:   0% 3756 MHz:   0% 3828 MHz:   0% 3888 MHz:   0% 3948 MHz:   0% 3996 MHz:   0% 4044 MHz:   0% 4104 MHz:   0% 4416 MHz:   0% 4512 MHz:  16%)
CPU 15 idle residency:  33.46%
CPU 15 down residency:  14.11%

CPU Power: 4079 mW
GPU Power: 27881 mW
ANE Power: 0 mW
Combined Power (CPU + GPU + ANE): 31959 mW

**** GPU usage ****

GPU HW active frequency: 1578 MHz
GPU HW active residency: 100.00% (338 MHz:   0% 618 MHz:   0% 796 MHz:   0% 924 MHz:   0% 952 MHz:   0% 1056 MHz:   0% 1062 MHz:   0% 1182 MHz:   0% 1182 MHz:   0% 1312 MHz:   0% 1242 MHz:   0% 1380 MHz:   0% 1326 MHz:   0% 1470 MHz:   0% 1578 MHz: 100%)
GPU SW requested state: (P1 :   0% P2 :   0% P3 :   0% P4 :   0% P5 :   0% P6 :   0% P7 :   0% P8 :   0% P9 :   0% P10 : 100% P11 :   0% P12 :   0% P13 :   0% P14 :   0% P15 :   0%)
GPU SW state: (SW_P1 :   0% SW_P2 :   0% SW_P3 :   0% SW_P4 :   0% SW_P5 :   0% SW_P6 :   0% SW_P7 :   0% SW_P8 :   0% SW_P9 :   0% SW_P10 : 100% SW_P11 :   0% SW_P12 :   0% SW_P13 :   0% SW_P14 :   0% SW_P15 :   0%)
GPU idle residency:   0.00%
GPU Power: 27878 mW



*** Sampled system activity (Tue Jan 20 15:15:08 2026 +0100) (1017.55ms elapsed) ***


**** Processor usage ****

E-Cluster Online: 100%
E-Cluster HW active frequency: 1519 MHz
E-Cluster HW active residency:  62.62% (1020 MHz:  32% 1404 MHz: 8.4% 1788 MHz: 5.4% 2112 MHz: 3.2% 2352 MHz: 2.1% 2532 MHz: 2.2% 2592 MHz: 9.1%)
E-Cluster idle residency:  37.38%
E-Cluster down residency:   0.00%
CPU 0 frequency: 1497 MHz
CPU 0 active residency:  30.66% (1020 MHz:  15% 1404 MHz: 5.1% 1788 MHz: 3.1% 2112 MHz: 1.4% 2352 MHz: .90% 2532 MHz: 1.0% 2592 MHz: 3.8%)
CPU 0 idle residency:  69.34%
CPU 0 down residency:   0.00%
CPU 1 frequency: 1564 MHz
CPU 1 active residency:  21.49% (1020 MHz:  10% 1404 MHz: 3.2% 1788 MHz: 1.7% 2112 MHz: 1.2% 2352 MHz: 1.1% 2532 MHz: 1.0% 2592 MHz: 3.1%)
CPU 1 idle residency:  78.51%
CPU 1 down residency:   0.00%
CPU 2 frequency: 1475 MHz
CPU 2 active residency:  13.69% (1020 MHz: 7.0% 1404 MHz: 2.1% 1788 MHz: 1.5% 2112 MHz: .69% 2352 MHz: .50% 2532 MHz: .54% 2592 MHz: 1.3%)
CPU 2 idle residency:  86.31%
CPU 2 down residency:   0.00%
CPU 3 frequency: 1382 MHz
CPU 3 active residency:  10.12% (1020 MHz: 5.3% 1404 MHz: 2.5% 1788 MHz: .84% 2112 MHz: .39% 2352 MHz: .25% 2532 MHz: .27% 2592 MHz: .57%)
CPU 3 idle residency:  89.88%
CPU 3 down residency:   0.00%

P0-Cluster Online: 42%
P0-Cluster HW active frequency: 3509 MHz
P0-Cluster HW active residency:  40.66% (1260 MHz: .69% 1512 MHz:   0% 1800 MHz:   0% 2088 MHz: .20% 2352 MHz: 7.7% 2616 MHz: .39% 2868 MHz: 1.1% 3096 MHz: .39% 3300 MHz: .70% 3468 MHz: 2.5% 3624 MHz:   0% 3756 MHz: .20% 3828 MHz:   0% 3888 MHz: 2.4% 3948 MHz:  16% 3996 MHz: 3.7% 4044 MHz: 4.2% 4104 MHz:   0% 4416 MHz: .02% 4512 MHz: .01%)
P0-Cluster idle residency:   1.19%
P0-Cluster down residency:  58.14%
CPU 4 frequency: 4512 MHz
CPU 4 active residency:  10.02% (1260 MHz:   0% 1512 MHz:   0% 1800 MHz:   0% 2088 MHz:   0% 2352 MHz:   0% 2616 MHz:   0% 2868 MHz:   0% 3096 MHz:   0% 3300 MHz:   0% 3468 MHz:   0% 3624 MHz:   0% 3756 MHz:   0% 3828 MHz:   0% 3888 MHz:   0% 3948 MHz:   0% 3996 MHz:   0% 4044 MHz:   0% 4104 MHz:   0% 4416 MHz:   0% 4512 MHz:  10%)
CPU 4 idle residency:  31.10%
CPU 4 down residency:  58.87%
CPU 5 frequency: 4512 MHz
CPU 5 active residency:  16.45% (1260 MHz:   0% 1512 MHz:   0% 1800 MHz:   0% 2088 MHz:   0% 2352 MHz:   0% 2616 MHz:   0% 2868 MHz:   0% 3096 MHz:   0% 3300 MHz:   0% 3468 MHz:   0% 3624 MHz:   0% 3756 MHz:   0% 3828 MHz:   0% 3888 MHz:   0% 3948 MHz:   0% 3996 MHz:   0% 4044 MHz:   0% 4104 MHz:   0% 4416 MHz:   0% 4512 MHz:  16%)
CPU 5 idle residency:  19.06%
CPU 5 down residency:  64.49%
CPU 6 frequency: 4512 MHz
CPU 6 active residency:  17.04% (1260 MHz:   0% 1512 MHz:   0% 1800 MHz:   0% 2088 MHz:   0% 2352 MHz:   0% 2616 MHz:   0% 2868 MHz:   0% 3096 MHz:   0% 3300 MHz:   0% 3468 MHz:   0% 3624 MHz:   0% 3756 MHz:   0% 3828 MHz:   0% 3888 MHz:   0% 3948 MHz:   0% 3996 MHz:   0% 4044 MHz:   0% 4104 MHz:   0% 4416 MHz:   0% 4512 MHz:  17%)
CPU 6 idle residency:  24.59%
CPU 6 down residency:  58.37%
CPU 7 frequency: 4512 MHz
CPU 7 active residency:  12.43% (1260 MHz:   0% 1512 MHz:   0% 1800 MHz:   0% 2088 MHz:   0% 2352 MHz:   0% 2616 MHz:   0% 2868 MHz:   0% 3096 MHz:   0% 3300 MHz:   0% 3468 MHz:   0% 3624 MHz:   0% 3756 MHz:   0% 3828 MHz:   0% 3888 MHz:   0% 3948 MHz:   0% 3996 MHz:   0% 4044 MHz:   0% 4104 MHz:   0% 4416 MHz:   0% 4512 MHz:  12%)
CPU 7 idle residency:  23.97%
CPU 7 down residency:  63.60%
CPU 8 frequency: 4512 MHz
CPU 8 active residency:  12.40% (1260 MHz:   0% 1512 MHz:   0% 1800 MHz:   0% 2088 MHz:   0% 2352 MHz:   0% 2616 MHz:   0% 2868 MHz:   0% 3096 MHz:   0% 3300 MHz:   0% 3468 MHz:   0% 3624 MHz:   0% 3756 MHz:   0% 3828 MHz:   0% 3888 MHz:   0% 3948 MHz:   0% 3996 MHz:   0% 4044 MHz:   0% 4104 MHz:   0% 4416 MHz:   0% 4512 MHz:  12%)
CPU 8 idle residency:  23.31%
CPU 8 down residency:  64.29%
CPU 9 frequency: 4512 MHz
CPU 9 active residency:  17.94% (1260 MHz:   0% 1512 MHz:   0% 1800 MHz:   0% 2088 MHz:   0% 2352 MHz:   0% 2616 MHz:   0% 2868 MHz:   0% 3096 MHz:   0% 3300 MHz:   0% 3468 MHz:   0% 3624 MHz:   0% 3756 MHz:   0% 3828 MHz:   0% 3888 MHz:   0% 3948 MHz:   0% 3996 MHz:   0% 4044 MHz:   0% 4104 MHz:   0% 4416 MHz:   0% 4512 MHz:  18%)
CPU 9 idle residency:  18.35%
CPU 9 down residency:  63.71%

P1-Cluster HW active frequency: 3060 MHz
P1-Cluster HW active residency:  58.63% (1260 MHz: .17% 1512 MHz:   0% 1800 MHz: .00% 2088 MHz:   0% 2352 MHz: .03% 2616 MHz: 4.4% 2868 MHz:  36% 3096 MHz: 7.1% 3300 MHz: .39% 3468 MHz: .40% 3624 MHz: .38% 3756 MHz:   0% 3828 MHz: .39% 3888 MHz: 1.2% 3948 MHz: 5.4% 3996 MHz: 1.3% 4044 MHz: 1.2% 4104 MHz:   0% 4416 MHz:   0% 4512 MHz:   0%)
P1-Cluster idle residency:   2.03%
P1-Cluster down residency:  39.34%
CPU 10 frequency: 3033 MHz
CPU 10 active residency:  41.84% (1260 MHz: .14% 1512 MHz:   0% 1800 MHz:   0% 2088 MHz:   0% 2352 MHz: .00% 2616 MHz: 3.3% 2868 MHz:  26% 3096 MHz: 8.6% 3300 MHz: .32% 3468 MHz: .34% 3624 MHz: .06% 3756 MHz:   0% 3828 MHz: .19% 3888 MHz:   0% 3948 MHz: .31% 3996 MHz:   0% 4044 MHz:   0% 4104 MHz: .16% 4416 MHz:   0% 4512 MHz: 3.0%)
CPU 10 idle residency:  20.08%
CPU 10 down residency:  38.08%
CPU 11 frequency: 3360 MHz
CPU 11 active residency:  17.16% (1260 MHz: .11% 1512 MHz:   0% 1800 MHz: .00% 2088 MHz:   0% 2352 MHz:   0% 2616 MHz: .28% 2868 MHz: 7.0% 3096 MHz: 4.8% 3300 MHz: .27% 3468 MHz: .09% 3624 MHz: .12% 3756 MHz:   0% 3828 MHz: .02% 3888 MHz:   0% 3948 MHz:   0% 3996 MHz:   0% 4044 MHz:   0% 4104 MHz: .06% 4416 MHz: .13% 4512 MHz: 4.3%)
CPU 11 idle residency:  44.26%
CPU 11 down residency:  38.58%
CPU 12 frequency: 3668 MHz
CPU 12 active residency:  10.35% (1260 MHz: .11% 1512 MHz:   0% 1800 MHz:   0% 2088 MHz:   0% 2352 MHz:   0% 2616 MHz: .27% 2868 MHz: 3.1% 3096 MHz: 1.7% 3300 MHz:   0% 3468 MHz: .02% 3624 MHz: .01% 3756 MHz:   0% 3828 MHz: .04% 3888 MHz:   0% 3948 MHz: .26% 3996 MHz:   0% 4044 MHz:   0% 4104 MHz: .21% 4416 MHz: .28% 4512 MHz: 4.3%)
CPU 12 idle residency:  50.75%
CPU 12 down residency:  38.89%
CPU 13 frequency: 3021 MHz
CPU 13 active residency:  39.19% (1260 MHz: .14% 1512 MHz:   0% 1800 MHz:   0% 2088 MHz:   0% 2352 MHz: .03% 2616 MHz: 2.8% 2868 MHz:  24% 3096 MHz: 8.3% 3300 MHz: .33% 3468 MHz: .33% 3624 MHz: .01% 3756 MHz:   0% 3828 MHz: .01% 3888 MHz:   0% 3948 MHz: .19% 3996 MHz:   0% 4044 MHz:   0% 4104 MHz: .30% 4416 MHz: .29% 4512 MHz: 2.2%)
CPU 13 idle residency:  22.63%
CPU 13 down residency:  38.17%
CPU 14 frequency: 3676 MHz
CPU 14 active residency:   7.91% (1260 MHz: .12% 1512 MHz:   0% 1800 MHz:   0% 2088 MHz:   0% 2352 MHz:   0% 2616 MHz: .12% 2868 MHz: 3.2% 3096 MHz: .37% 3300 MHz:   0% 3468 MHz:   0% 3624 MHz: .00% 3756 MHz:   0% 3828 MHz: .03% 3888 MHz:   0% 3948 MHz: .13% 3996 MHz:   0% 4044 MHz:   0% 4104 MHz: .29% 4416 MHz: .20% 4512 MHz: 3.5%)
CPU 14 idle residency:  52.81%
CPU 14 down residency:  39.28%
CPU 15 frequency: 3215 MHz
CPU 15 active residency:  47.15% (1260 MHz: .13% 1512 MHz:   0% 1800 MHz: .00% 2088 MHz:   0% 2352 MHz: .00% 2616 MHz: 2.9% 2868 MHz:  25% 3096 MHz: 8.3% 3300 MHz: .38% 3468 MHz: .38% 3624 MHz: .37% 3756 MHz:   0% 3828 MHz: .38% 3888 MHz:   0% 3948 MHz: .38% 3996 MHz:   0% 4044 MHz:   0% 4104 MHz: .37% 4416 MHz: .37% 4512 MHz: 7.8%)
CPU 15 idle residency:  14.73%
CPU 15 down residency:  38.12%

CPU Power: 4242 mW
GPU Power: 28245 mW
ANE Power: 0 mW
Combined Power (CPU + GPU + ANE): 32487 mW

**** GPU usage ****

GPU HW active frequency: 1578 MHz
GPU HW active residency: 100.00% (338 MHz:   0% 618 MHz:   0% 796 MHz:   0% 924 MHz:   0% 952 MHz:   0% 1056 MHz:   0% 1062 MHz:   0% 1182 MHz:   0% 1182 MHz:   0% 1312 MHz:   0% 1242 MHz:   0% 1380 MHz:   0% 1326 MHz:   0% 1470 MHz:   0% 1578 MHz: 100%)
GPU SW requested state: (P1 :   0% P2 :   0% P3 :   0% P4 :   0% P5 :   0% P6 :   0% P7 :   0% P8 :   0% P9 :   0% P10 : 100% P11 :   0% P12 :   0% P13 :   0% P14 :   0% P15 :   0%)
GPU SW state: (SW_P1 :   0% SW_P2 :   0% SW_P3 :   0% SW_P4 :   0% SW_P5 :   0% SW_P6 :   0% SW_P7 :   0% SW_P8 :   0% SW_P9 :   0% SW_P10 : 100% SW_P11 :   0% SW_P12 :   0% SW_P13 :   0% SW_P14 :   0% SW_P15 :   0%)
GPU idle residency:   0.00%
GPU Power: 28246 mW



*** Sampled system activity (Tue Jan 20 15:15:09 2026 +0100) (1020.65ms elapsed) ***


**** Processor usage ****

E-Cluster Online: 100%
E-Cluster HW active frequency: 1543 MHz
E-Cluster HW active residency:  57.83% (1020 MHz:  31% 1404 MHz: 6.6% 1788 MHz: 3.7% 2112 MHz: 2.1% 2352 MHz: .83% 2532 MHz: 2.4% 2592 MHz:  11%)
E-Cluster idle residency:  42.17%
E-Cluster down residency:   0.00%
CPU 0 frequency: 1526 MHz
CPU 0 active residency:  27.70% (1020 MHz:  15% 1404 MHz: 3.1% 1788 MHz: 1.8% 2112 MHz: .97% 2352 MHz: .66% 2532 MHz: 1.3% 2592 MHz: 4.9%)
CPU 0 idle residency:  72.30%
CPU 0 down residency:   0.00%
CPU 1 frequency: 1577 MHz
CPU 1 active residency:  15.69% (1020 MHz: 8.1% 1404 MHz: 1.5% 1788 MHz: 1.1% 2112 MHz: .82% 2352 MHz: .46% 2532 MHz: .65% 2592 MHz: 3.1%)
CPU 1 idle residency:  84.31%
CPU 1 down residency:   0.00%
CPU 2 frequency: 1570 MHz
CPU 2 active residency:   9.65% (1020 MHz: 5.2% 1404 MHz: .71% 1788 MHz: .53% 2112 MHz: .76% 2352 MHz: .28% 2532 MHz: .47% 2592 MHz: 1.7%)
CPU 2 idle residency:  90.35%
CPU 2 down residency:   0.00%
CPU 3 frequency: 1709 MHz
CPU 3 active residency:   9.66% (1020 MHz: 3.1% 1404 MHz: 2.0% 1788 MHz: .88% 2112 MHz: 1.0% 2352 MHz: .31% 2532 MHz: .74% 2592 MHz: 1.6%)
CPU 3 idle residency:  90.34%
CPU 3 down residency:   0.00%

P0-Cluster Online: 8%
P0-Cluster HW active frequency: 1825 MHz
P0-Cluster HW active residency:   2.93% (1260 MHz: 1.9% 1512 MHz: .11% 1800 MHz: .32% 2088 MHz:   0% 2352 MHz:   0% 2616 MHz: .20% 2868 MHz: .05% 3096 MHz:   0% 3300 MHz:   0% 3468 MHz:   0% 3624 MHz:   0% 3756 MHz: .04% 3828 MHz:   0% 3888 MHz: .02% 3948 MHz: .11% 3996 MHz: .00% 4044 MHz: .10% 4104 MHz:   0% 4416 MHz:   0% 4512 MHz: .12%)
P0-Cluster idle residency:   3.94%
P0-Cluster down residency:  93.13%
CPU 4 frequency: 2680 MHz
CPU 4 active residency:   1.18% (1260 MHz: .05% 1512 MHz:   0% 1800 MHz:   0% 2088 MHz:   0% 2352 MHz: .59% 2616 MHz: .15% 2868 MHz: .05% 3096 MHz:   0% 3300 MHz: .08% 3468 MHz: .23% 3624 MHz:   0% 3756 MHz: .03% 3828 MHz:   0% 3888 MHz:   0% 3948 MHz:   0% 3996 MHz:   0% 4044 MHz:   0% 4104 MHz:   0% 4416 MHz:   0% 4512 MHz:   0%)
CPU 4 idle residency:   6.50%
CPU 4 down residency:  92.33%
CPU 5 frequency: 2830 MHz
CPU 5 active residency:   9.01% (1260 MHz: .05% 1512 MHz:   0% 1800 MHz:   0% 2088 MHz: .18% 2352 MHz: 4.6% 2616 MHz: .27% 2868 MHz: .55% 3096 MHz: .27% 3300 MHz: .55% 3468 MHz: 2.0% 3624 MHz:   0% 3756 MHz: .15% 3828 MHz:   0% 3888 MHz:   0% 3948 MHz:   0% 3996 MHz:   0% 4044 MHz:   0% 4104 MHz:   0% 4416 MHz:   0% 4512 MHz: .40%)
CPU 5 idle residency:   5.55%
CPU 5 down residency:  85.44%
CPU 6 frequency: 2446 MHz
CPU 6 active residency:   0.33% (1260 MHz: .05% 1512 MHz:   0% 1800 MHz:   0% 2088 MHz:   0% 2352 MHz: .20% 2616 MHz:   0% 2868 MHz: .01% 3096 MHz:   0% 3300 MHz: .02% 3468 MHz: .03% 3624 MHz:   0% 3756 MHz: .02% 3828 MHz:   0% 3888 MHz:   0% 3948 MHz:   0% 3996 MHz:   0% 4044 MHz:   0% 4104 MHz:   0% 4416 MHz:   0% 4512 MHz:   0%)
CPU 6 idle residency:   6.57%
CPU 6 down residency:  93.10%
CPU 7 frequency: 2794 MHz
CPU 7 active residency:   7.87% (1260 MHz: .05% 1512 MHz:   0% 1800 MHz:   0% 2088 MHz: .16% 2352 MHz: 4.0% 2616 MHz: .36% 2868 MHz: .47% 3096 MHz: .27% 3300 MHz: .40% 3468 MHz: 1.8% 3624 MHz:   0% 3756 MHz: .10% 3828 MHz:   0% 3888 MHz:   0% 3948 MHz:   0% 3996 MHz:   0% 4044 MHz:   0% 4104 MHz:   0% 4416 MHz:   0% 4512 MHz: .25%)
CPU 7 idle residency:   6.01%
CPU 7 down residency:  86.12%
CPU 8 frequency: 2755 MHz
CPU 8 active residency:   8.69% (1260 MHz: .05% 1512 MHz:   0% 1800 MHz:   0% 2088 MHz: .17% 2352 MHz: 4.9% 2616 MHz: .32% 2868 MHz: .55% 3096 MHz: .28% 3300 MHz: .32% 3468 MHz: 1.7% 3624 MHz:   0% 3756 MHz: .15% 3828 MHz:   0% 3888 MHz:   0% 3948 MHz:   0% 3996 MHz:   0% 4044 MHz:   0% 4104 MHz:   0% 4416 MHz:   0% 4512 MHz: .27%)
CPU 8 idle residency:   5.91%
CPU 8 down residency:  85.40%
CPU 9 frequency: 2778 MHz
CPU 9 active residency:   8.00% (1260 MHz: .05% 1512 MHz:   0% 1800 MHz:   0% 2088 MHz: .18% 2352 MHz: 4.1% 2616 MHz: .33% 2868 MHz: .73% 3096 MHz: .36% 3300 MHz: .39% 3468 MHz: 1.5% 3624 MHz:   0% 3756 MHz: .13% 3828 MHz:   0% 3888 MHz:   0% 3948 MHz:   0% 3996 MHz:   0% 4044 MHz:   0% 4104 MHz:   0% 4416 MHz:   0% 4512 MHz: .24%)
CPU 9 idle residency:   6.07%
CPU 9 down residency:  85.93%

P1-Cluster HW active frequency: 3370 MHz
P1-Cluster HW active residency:  97.91% (1260 MHz: .05% 1512 MHz: .00% 1800 MHz: .00% 2088 MHz:   0% 2352 MHz: 2.7% 2616 MHz: 3.6% 2868 MHz:  26% 3096 MHz:  16% 3300 MHz: 8.5% 3468 MHz: .76% 3624 MHz: .77% 3756 MHz: .39% 3828 MHz: .39% 3888 MHz: 4.2% 3948 MHz:  21% 3996 MHz: 5.6% 4044 MHz: 7.2% 4104 MHz:   0% 4416 MHz: .17% 4512 MHz: .15%)
P1-Cluster idle residency:   2.09%
P1-Cluster down residency:   0.00%
CPU 10 frequency: 3465 MHz
CPU 10 active residency:  66.59% (1260 MHz: .02% 1512 MHz: .00% 1800 MHz:   0% 2088 MHz:   0% 2352 MHz: 2.0% 2616 MHz: 3.3% 2868 MHz:  19% 3096 MHz:  13% 3300 MHz: 6.0% 3468 MHz: .58% 3624 MHz: .77% 3756 MHz: .39% 3828 MHz: .39% 3888 MHz:   0% 3948 MHz: .76% 3996 MHz:   0% 4044 MHz:   0% 4104 MHz: .50% 4416 MHz: .82% 4512 MHz:  19%)
CPU 10 idle residency:  33.41%
CPU 10 down residency:   0.00%
CPU 11 frequency: 3941 MHz
CPU 11 active residency:  30.86% (1260 MHz: .01% 1512 MHz:   0% 1800 MHz:   0% 2088 MHz:   0% 2352 MHz: .51% 2616 MHz: .72% 2868 MHz: 4.4% 3096 MHz: 2.8% 3300 MHz: 1.9% 3468 MHz: .32% 3624 MHz: .47% 3756 MHz: .39% 3828 MHz: .25% 3888 MHz:   0% 3948 MHz: .60% 3996 MHz:   0% 4044 MHz:   0% 4104 MHz: .39% 4416 MHz: .41% 4512 MHz:  18%)
CPU 11 idle residency:  69.14%
CPU 11 down residency:   0.00%
CPU 12 frequency: 3410 MHz
CPU 12 active residency:  61.36% (1260 MHz: .01% 1512 MHz:   0% 1800 MHz:   0% 2088 MHz:   0% 2352 MHz: 2.4% 2616 MHz: 3.0% 2868 MHz:  18% 3096 MHz:  12% 3300 MHz: 6.2% 3468 MHz: .55% 3624 MHz: .69% 3756 MHz: .39% 3828 MHz: .28% 3888 MHz:   0% 3948 MHz: .68% 3996 MHz:   0% 4044 MHz:   0% 4104 MHz: .42% 4416 MHz: .79% 4512 MHz:  16%)
CPU 12 idle residency:  38.64%
CPU 12 down residency:   0.00%
CPU 13 frequency: 3524 MHz
CPU 13 active residency:  69.76% (1260 MHz: .01% 1512 MHz: .00% 1800 MHz: .00% 2088 MHz:   0% 2352 MHz: 2.1% 2616 MHz: 3.0% 2868 MHz:  19% 3096 MHz:  12% 3300 MHz: 6.6% 3468 MHz: .50% 3624 MHz: .68% 3756 MHz: .39% 3828 MHz: .32% 3888 MHz:   0% 3948 MHz: .66% 3996 MHz:   0% 4044 MHz:   0% 4104 MHz: .75% 4416 MHz: .86% 4512 MHz:  23%)
CPU 13 idle residency:  30.24%
CPU 13 down residency:   0.00%
CPU 14 frequency: 4062 MHz
CPU 14 active residency:  32.31% (1260 MHz: .00% 1512 MHz:   0% 1800 MHz: .00% 2088 MHz:   0% 2352 MHz: .98% 2616 MHz: 1.9% 2868 MHz: 2.2% 3096 MHz: 1.1% 3300 MHz: 2.0% 3468 MHz: .20% 3624 MHz: .38% 3756 MHz: .39% 3828 MHz: .03% 3888 MHz:   0% 3948 MHz: .38% 3996 MHz:   0% 4044 MHz:   0% 4104 MHz: .36% 4416 MHz: .44% 4512 MHz:  22%)
CPU 14 idle residency:  67.69%
CPU 14 down residency:   0.00%
CPU 15 frequency: 4210 MHz
CPU 15 active residency:   9.65% (1260 MHz:   0% 1512 MHz:   0% 1800 MHz:   0% 2088 MHz:   0% 2352 MHz: .21% 2616 MHz: .41% 2868 MHz: .15% 3096 MHz: .26% 3300 MHz: .30% 3468 MHz: .04% 3624 MHz: .15% 3756 MHz: .36% 3828 MHz: .03% 3888 MHz:   0% 3948 MHz: .28% 3996 MHz:   0% 4044 MHz:   0% 4104 MHz: .12% 4416 MHz: .22% 4512 MHz: 7.1%)
CPU 15 idle residency:  90.35%
CPU 15 down residency:   0.00%

CPU Power: 4321 mW
GPU Power: 27912 mW
ANE Power: 0 mW
Combined Power (CPU + GPU + ANE): 32233 mW

**** GPU usage ****

GPU HW active frequency: 1578 MHz
GPU HW active residency: 100.00% (338 MHz:   0% 618 MHz:   0% 796 MHz:   0% 924 MHz:   0% 952 MHz:   0% 1056 MHz:   0% 1062 MHz:   0% 1182 MHz:   0% 1182 MHz:   0% 1312 MHz:   0% 1242 MHz:   0% 1380 MHz:   0% 1326 MHz:   0% 1470 MHz:   0% 1578 MHz: 100%)
GPU SW requested state: (P1 :   0% P2 :   0% P3 :   0% P4 :   0% P5 :   0% P6 :   0% P7 :   0% P8 :   0% P9 :   0% P10 : 100% P11 :   0% P12 :   0% P13 :   0% P14 :   0% P15 :   0%)
GPU SW state: (SW_P1 :   0% SW_P2 :   0% SW_P3 :   0% SW_P4 :   0% SW_P5 :   0% SW_P6 :   0% SW_P7 :   0% SW_P8 :   0% SW_P9 :   0% SW_P10 : 100% SW_P11 :   0% SW_P12 :   0% SW_P13 :   0% SW_P14 :   0% SW_P15 :   0%)
GPU idle residency:   0.00%
GPU Power: 27911 mW



*** Sampled system activity (Tue Jan 20 15:15:10 2026 +0100) (1020.01ms elapsed) ***


**** Processor usage ****

E-Cluster Online: 100%
E-Cluster HW active frequency: 1372 MHz
E-Cluster HW active residency:  69.30% (1020 MHz:  43% 1404 MHz: 7.9% 1788 MHz: 6.9% 2112 MHz: 3.7% 2352 MHz: 1.5% 2532 MHz: 2.1% 2592 MHz: 4.4%)
E-Cluster idle residency:  30.70%
E-Cluster down residency:   0.00%
CPU 0 frequency: 1293 MHz
CPU 0 active residency:  40.46% (1020 MHz:  28% 1404 MHz: 4.8% 1788 MHz: 3.2% 2112 MHz: 1.6% 2352 MHz: .76% 2532 MHz: .68% 2592 MHz: 1.8%)
CPU 0 idle residency:  59.54%
CPU 0 down residency:   0.00%
CPU 1 frequency: 1379 MHz
CPU 1 active residency:  22.82% (1020 MHz:  14% 1404 MHz: 2.3% 1788 MHz: 1.9% 2112 MHz: 1.7% 2352 MHz: .47% 2532 MHz: .39% 2592 MHz: 1.8%)
CPU 1 idle residency:  77.18%
CPU 1 down residency:   0.00%
CPU 2 frequency: 1424 MHz
CPU 2 active residency:  18.97% (1020 MHz:  11% 1404 MHz: 1.9% 1788 MHz: 2.1% 2112 MHz: 1.2% 2352 MHz: .69% 2532 MHz: 1.3% 2592 MHz: .72%)
CPU 2 idle residency:  81.03%
CPU 2 down residency:   0.00%
CPU 3 frequency: 1290 MHz
CPU 3 active residency:  11.13% (1020 MHz: 7.7% 1404 MHz: .96% 1788 MHz: 1.0% 2112 MHz: .76% 2352 MHz: .18% 2532 MHz: .13% 2592 MHz: .38%)
CPU 3 idle residency:  88.87%
CPU 3 down residency:   0.00%

P0-Cluster Online: 14%
P0-Cluster HW active frequency: 2866 MHz
P0-Cluster HW active residency:   5.40% (1260 MHz: 1.4% 1512 MHz:   0% 1800 MHz: .06% 2088 MHz: .03% 2352 MHz: .14% 2616 MHz:   0% 2868 MHz: .37% 3096 MHz: .97% 3300 MHz: .78% 3468 MHz: .26% 3624 MHz:   0% 3756 MHz:   0% 3828 MHz:   0% 3888 MHz: .00% 3948 MHz: .43% 3996 MHz: .21% 4044 MHz: .23% 4104 MHz:   0% 4416 MHz: .14% 4512 MHz: .34%)
P0-Cluster idle residency:   8.39%
P0-Cluster down residency:  86.21%
CPU 4 frequency: 2322 MHz
CPU 4 active residency:   0.43% (1260 MHz: .27% 1512 MHz:   0% 1800 MHz: .02% 2088 MHz:   0% 2352 MHz:   0% 2616 MHz:   0% 2868 MHz: .00% 3096 MHz:   0% 3300 MHz:   0% 3468 MHz:   0% 3624 MHz:   0% 3756 MHz: .00% 3828 MHz:   0% 3888 MHz:   0% 3948 MHz: .02% 3996 MHz:   0% 4044 MHz:   0% 4104 MHz:   0% 4416 MHz:   0% 4512 MHz: .12%)
CPU 4 idle residency:  13.57%
CPU 4 down residency:  86.01%
CPU 5 frequency: 3412 MHz
CPU 5 active residency:   2.45% (1260 MHz: .27% 1512 MHz: .11% 1800 MHz: .08% 2088 MHz: .00% 2352 MHz:   0% 2616 MHz: .16% 2868 MHz: .04% 3096 MHz: .31% 3300 MHz: .27% 3468 MHz: .10% 3624 MHz:   0% 3756 MHz:   0% 3828 MHz:   0% 3888 MHz:   0% 3948 MHz: .03% 3996 MHz:   0% 4044 MHz:   0% 4104 MHz:   0% 4416 MHz:   0% 4512 MHz: 1.1%)
CPU 5 idle residency:  11.84%
CPU 5 down residency:  85.72%
CPU 6 frequency: 1470 MHz
CPU 6 active residency:   0.29% (1260 MHz: .26% 1512 MHz:   0% 1800 MHz: .01% 2088 MHz:   0% 2352 MHz:   0% 2616 MHz:   0% 2868 MHz:   0% 3096 MHz:   0% 3300 MHz:   0% 3468 MHz:   0% 3624 MHz:   0% 3756 MHz:   0% 3828 MHz:   0% 3888 MHz:   0% 3948 MHz: .02% 3996 MHz:   0% 4044 MHz:   0% 4104 MHz:   0% 4416 MHz:   0% 4512 MHz:   0%)
CPU 6 idle residency:  13.69%
CPU 6 down residency:  86.02%
CPU 7 frequency: 3381 MHz
CPU 7 active residency:   2.68% (1260 MHz: .28% 1512 MHz: .00% 1800 MHz: .05% 2088 MHz: .02% 2352 MHz:   0% 2616 MHz:   0% 2868 MHz: .03% 3096 MHz: .70% 3300 MHz: .58% 3468 MHz: .20% 3624 MHz:   0% 3756 MHz: .00% 3828 MHz:   0% 3888 MHz:   0% 3948 MHz: .04% 3996 MHz:   0% 4044 MHz:   0% 4104 MHz:   0% 4416 MHz:   0% 4512 MHz: .80%)
CPU 7 idle residency:  11.36%
CPU 7 down residency:  85.96%
CPU 8 frequency: 3165 MHz
CPU 8 active residency:   1.99% (1260 MHz: .27% 1512 MHz:   0% 1800 MHz: .07% 2088 MHz: .00% 2352 MHz:   0% 2616 MHz:   0% 2868 MHz: .13% 3096 MHz: .73% 3300 MHz: .18% 3468 MHz: .09% 3624 MHz:   0% 3756 MHz: .00% 3828 MHz:   0% 3888 MHz:   0% 3948 MHz: .08% 3996 MHz:   0% 4044 MHz:   0% 4104 MHz:   0% 4416 MHz:   0% 4512 MHz: .43%)
CPU 8 idle residency:  12.10%
CPU 8 down residency:  85.91%
CPU 9 frequency: 1408 MHz
CPU 9 active residency:   0.28% (1260 MHz: .26% 1512 MHz:   0% 1800 MHz: .00% 2088 MHz:   0% 2352 MHz:   0% 2616 MHz:   0% 2868 MHz:   0% 3096 MHz:   0% 3300 MHz:   0% 3468 MHz:   0% 3624 MHz:   0% 3756 MHz:   0% 3828 MHz:   0% 3888 MHz:   0% 3948 MHz: .01% 3996 MHz:   0% 4044 MHz:   0% 4104 MHz:   0% 4416 MHz:   0% 4512 MHz:   0%)
CPU 9 idle residency:  13.69%
CPU 9 down residency:  86.03%

P1-Cluster HW active frequency: 3257 MHz
P1-Cluster HW active residency:  98.50% (1260 MHz: .02% 1512 MHz:   0% 1800 MHz: 1.5% 2088 MHz: 2.9% 2352 MHz: 7.5% 2616 MHz: 6.4% 2868 MHz:  19% 3096 MHz:  15% 3300 MHz: 7.8% 3468 MHz: .47% 3624 MHz: .39% 3756 MHz: .38% 3828 MHz:   0% 3888 MHz: 6.2% 3948 MHz:  21% 3996 MHz: 4.0% 4044 MHz: 4.9% 4104 MHz:   0% 4416 MHz: .16% 4512 MHz: .26%)
P1-Cluster idle residency:   1.50%
P1-Cluster down residency:   0.00%
CPU 10 frequency: 3362 MHz
CPU 10 active residency:  69.09% (1260 MHz: .00% 1512 MHz:   0% 1800 MHz: .88% 2088 MHz: 2.5% 2352 MHz: 5.8% 2616 MHz: 4.8% 2868 MHz:  15% 3096 MHz:  11% 3300 MHz: 5.8% 3468 MHz: .37% 3624 MHz: .25% 3756 MHz: .22% 3828 MHz:   0% 3888 MHz:   0% 3948 MHz: .39% 3996 MHz:   0% 4044 MHz:   0% 4104 MHz: .39% 4416 MHz: .39% 4512 MHz:  21%)
CPU 10 idle residency:  30.91%
CPU 10 down residency:   0.00%
CPU 11 frequency: 3894 MHz
CPU 11 active residency:  45.19% (1260 MHz:   0% 1512 MHz:   0% 1800 MHz: .03% 2088 MHz: .10% 2352 MHz: 1.4% 2616 MHz: 1.3% 2868 MHz: 6.1% 3096 MHz: 4.5% 3300 MHz: 4.2% 3468 MHz: .17% 3624 MHz: .21% 3756 MHz: .07% 3828 MHz:   0% 3888 MHz:   0% 3948 MHz: .38% 3996 MHz:   0% 4044 MHz:   0% 4104 MHz: .39% 4416 MHz: .36% 4512 MHz:  26%)
CPU 11 idle residency:  54.81%
CPU 11 down residency:   0.00%
CPU 12 frequency: 3341 MHz
CPU 12 active residency:  63.95% (1260 MHz:   0% 1512 MHz:   0% 1800 MHz: .84% 2088 MHz: 2.3% 2352 MHz: 4.4% 2616 MHz: 4.3% 2868 MHz:  14% 3096 MHz:  12% 3300 MHz: 6.0% 3468 MHz: .41% 3624 MHz: .28% 3756 MHz: .15% 3828 MHz:   0% 3888 MHz:   0% 3948 MHz: .39% 3996 MHz:   0% 4044 MHz:   0% 4104 MHz: .38% 4416 MHz: .37% 4512 MHz:  18%)
CPU 12 idle residency:  36.05%
CPU 12 down residency:   0.00%
CPU 13 frequency: 4061 MHz
CPU 13 active residency:  11.87% (1260 MHz:   0% 1512 MHz:   0% 1800 MHz:   0% 2088 MHz:   0% 2352 MHz:   0% 2616 MHz: .19% 2868 MHz: 1.0% 3096 MHz: .91% 3300 MHz: 1.1% 3468 MHz: .10% 3624 MHz:   0% 3756 MHz: .12% 3828 MHz:   0% 3888 MHz:   0% 3948 MHz: .39% 3996 MHz:   0% 4044 MHz:   0% 4104 MHz: .39% 4416 MHz: .39% 4512 MHz: 7.2%)
CPU 13 idle residency:  88.13%
CPU 13 down residency:   0.00%
CPU 14 frequency: 4303 MHz
CPU 14 active residency:  26.46% (1260 MHz:   0% 1512 MHz:   0% 1800 MHz: .12% 2088 MHz: .52% 2352 MHz: .26% 2616 MHz: .25% 2868 MHz: .54% 3096 MHz: .74% 3300 MHz: .44% 3468 MHz:   0% 3624 MHz:   0% 3756 MHz: .08% 3828 MHz:   0% 3888 MHz:   0% 3948 MHz: .39% 3996 MHz:   0% 4044 MHz:   0% 4104 MHz: .35% 4416 MHz: .36% 4512 MHz:  22%)
CPU 14 idle residency:  73.54%
CPU 14 down residency:   0.00%
CPU 15 frequency: 3367 MHz
CPU 15 active residency:  65.35% (1260 MHz: .01% 1512 MHz:   0% 1800 MHz: .77% 2088 MHz: 2.6% 2352 MHz: 5.2% 2616 MHz: 4.6% 2868 MHz:  15% 3096 MHz: 9.9% 3300 MHz: 5.5% 3468 MHz: .47% 3624 MHz: .39% 3756 MHz: .38% 3828 MHz:   0% 3888 MHz:   0% 3948 MHz: .39% 3996 MHz:   0% 4044 MHz:   0% 4104 MHz: .38% 4416 MHz: .37% 4512 MHz:  20%)
CPU 15 idle residency:  34.65%
CPU 15 down residency:   0.00%

CPU Power: 4505 mW
GPU Power: 27946 mW
ANE Power: 0 mW
Combined Power (CPU + GPU + ANE): 32451 mW

**** GPU usage ****

GPU HW active frequency: 1578 MHz
GPU HW active residency: 100.00% (338 MHz:   0% 618 MHz:   0% 796 MHz:   0% 924 MHz:   0% 952 MHz:   0% 1056 MHz:   0% 1062 MHz:   0% 1182 MHz:   0% 1182 MHz:   0% 1312 MHz:   0% 1242 MHz:   0% 1380 MHz:   0% 1326 MHz:   0% 1470 MHz:   0% 1578 MHz: 100%)
GPU SW requested state: (P1 :   0% P2 :   0% P3 :   0% P4 :   0% P5 :   0% P6 :   0% P7 :   0% P8 :   0% P9 :   0% P10 : 100% P11 :   0% P12 :   0% P13 :   0% P14 :   0% P15 :   0%)
GPU SW state: (SW_P1 :   0% SW_P2 :   0% SW_P3 :   0% SW_P4 :   0% SW_P5 :   0% SW_P6 :   0% SW_P7 :   0% SW_P8 :   0% SW_P9 :   0% SW_P10 : 100% SW_P11 :   0% SW_P12 :   0% SW_P13 :   0% SW_P14 :   0% SW_P15 :   0%)
GPU idle residency:   0.00%
GPU Power: 27946 mW



*** Sampled system activity (Tue Jan 20 15:15:11 2026 +0100) (1017.16ms elapsed) ***


**** Processor usage ****

E-Cluster Online: 100%
E-Cluster HW active frequency: 1315 MHz
E-Cluster HW active residency:  60.73% (1020 MHz:  41% 1404 MHz: 6.2% 1788 MHz: 4.8% 2112 MHz: 1.2% 2352 MHz: 1.8% 2532 MHz: 2.1% 2592 MHz: 3.1%)
E-Cluster idle residency:  39.27%
E-Cluster down residency:   0.00%
CPU 0 frequency: 1335 MHz
CPU 0 active residency:  30.95% (1020 MHz:  20% 1404 MHz: 3.5% 1788 MHz: 2.7% 2112 MHz: .45% 2352 MHz: .81% 2532 MHz: 1.4% 2592 MHz: 1.7%)
CPU 0 idle residency:  69.05%
CPU 0 down residency:   0.00%
CPU 1 frequency: 1395 MHz
CPU 1 active residency:  20.58% (1020 MHz:  13% 1404 MHz: 1.7% 1788 MHz: 2.0% 2112 MHz: .30% 2352 MHz: 1.1% 2532 MHz: 1.1% 2592 MHz: 1.3%)
CPU 1 idle residency:  79.42%
CPU 1 down residency:   0.00%
CPU 2 frequency: 1370 MHz
CPU 2 active residency:  14.43% (1020 MHz: 9.4% 1404 MHz: .87% 1788 MHz: 1.8% 2112 MHz: .13% 2352 MHz: .78% 2532 MHz: .71% 2592 MHz: .68%)
CPU 2 idle residency:  85.57%
CPU 2 down residency:   0.00%
CPU 3 frequency: 1399 MHz
CPU 3 active residency:  11.44% (1020 MHz: 6.8% 1404 MHz: 1.1% 1788 MHz: 1.9% 2112 MHz: .09% 2352 MHz: .36% 2532 MHz: .76% 2592 MHz: .47%)
CPU 3 idle residency:  88.56%
CPU 3 down residency:   0.00%

P0-Cluster Online: 4%
P0-Cluster HW active frequency: 1471 MHz
P0-Cluster HW active residency:   1.10% (1260 MHz: .92% 1512 MHz:   0% 1800 MHz: .05% 2088 MHz:   0% 2352 MHz:   0% 2616 MHz:   0% 2868 MHz: .13% 3096 MHz:   0% 3300 MHz:   0% 3468 MHz:   0% 3624 MHz:   0% 3756 MHz:   0% 3828 MHz:   0% 3888 MHz:   0% 3948 MHz:   0% 3996 MHz:   0% 4044 MHz:   0% 4104 MHz:   0% 4416 MHz:   0% 4512 MHz:   0%)
P0-Cluster idle residency:   2.44%
P0-Cluster down residency:  96.46%
CPU 4 frequency: 0 MHz
CPU 4 active residency:   0.00% (1260 MHz:   0% 1512 MHz:   0% 1800 MHz:   0% 2088 MHz:   0% 2352 MHz:   0% 2616 MHz:   0% 2868 MHz:   0% 3096 MHz:   0% 3300 MHz:   0% 3468 MHz:   0% 3624 MHz:   0% 3756 MHz:   0% 3828 MHz:   0% 3888 MHz:   0% 3948 MHz:   0% 3996 MHz:   0% 4044 MHz:   0% 4104 MHz:   0% 4416 MHz:   0% 4512 MHz:   0%)
CPU 4 idle residency:   3.31%
CPU 4 down residency:  96.69%
CPU 5 frequency: 0 MHz
CPU 5 active residency:   0.00% (1260 MHz:   0% 1512 MHz:   0% 1800 MHz:   0% 2088 MHz:   0% 2352 MHz:   0% 2616 MHz:   0% 2868 MHz:   0% 3096 MHz:   0% 3300 MHz:   0% 3468 MHz:   0% 3624 MHz:   0% 3756 MHz:   0% 3828 MHz:   0% 3888 MHz:   0% 3948 MHz:   0% 3996 MHz:   0% 4044 MHz:   0% 4104 MHz:   0% 4416 MHz:   0% 4512 MHz:   0%)
CPU 5 idle residency:   3.28%
CPU 5 down residency:  96.72%
CPU 6 frequency: 0 MHz
CPU 6 active residency:   0.00% (1260 MHz:   0% 1512 MHz:   0% 1800 MHz:   0% 2088 MHz:   0% 2352 MHz:   0% 2616 MHz:   0% 2868 MHz:   0% 3096 MHz:   0% 3300 MHz:   0% 3468 MHz:   0% 3624 MHz:   0% 3756 MHz:   0% 3828 MHz:   0% 3888 MHz:   0% 3948 MHz:   0% 3996 MHz:   0% 4044 MHz:   0% 4104 MHz:   0% 4416 MHz:   0% 4512 MHz:   0%)
CPU 6 idle residency:   3.33%
CPU 6 down residency:  96.67%
CPU 7 frequency: 0 MHz
CPU 7 active residency:   0.00% (1260 MHz:   0% 1512 MHz:   0% 1800 MHz:   0% 2088 MHz:   0% 2352 MHz:   0% 2616 MHz:   0% 2868 MHz:   0% 3096 MHz:   0% 3300 MHz:   0% 3468 MHz:   0% 3624 MHz:   0% 3756 MHz:   0% 3828 MHz:   0% 3888 MHz:   0% 3948 MHz:   0% 3996 MHz:   0% 4044 MHz:   0% 4104 MHz:   0% 4416 MHz:   0% 4512 MHz:   0%)
CPU 7 idle residency:   3.28%
CPU 7 down residency:  96.72%
CPU 8 frequency: 0 MHz
CPU 8 active residency:   0.00% (1260 MHz:   0% 1512 MHz:   0% 1800 MHz:   0% 2088 MHz:   0% 2352 MHz:   0% 2616 MHz:   0% 2868 MHz:   0% 3096 MHz:   0% 3300 MHz:   0% 3468 MHz:   0% 3624 MHz:   0% 3756 MHz:   0% 3828 MHz:   0% 3888 MHz:   0% 3948 MHz:   0% 3996 MHz:   0% 4044 MHz:   0% 4104 MHz:   0% 4416 MHz:   0% 4512 MHz:   0%)
CPU 8 idle residency:   3.30%
CPU 8 down residency:  96.70%
CPU 9 frequency: 0 MHz
CPU 9 active residency:   0.00% (1260 MHz:   0% 1512 MHz:   0% 1800 MHz:   0% 2088 MHz:   0% 2352 MHz:   0% 2616 MHz:   0% 2868 MHz:   0% 3096 MHz:   0% 3300 MHz:   0% 3468 MHz:   0% 3624 MHz:   0% 3756 MHz:   0% 3828 MHz:   0% 3888 MHz:   0% 3948 MHz:   0% 3996 MHz:   0% 4044 MHz:   0% 4104 MHz:   0% 4416 MHz:   0% 4512 MHz:   0%)
CPU 9 idle residency:   3.32%
CPU 9 down residency:  96.68%

P1-Cluster HW active frequency: 3283 MHz
P1-Cluster HW active residency:  97.85% (1260 MHz: .05% 1512 MHz: .00% 1800 MHz: .01% 2088 MHz: .00% 2352 MHz:   0% 2616 MHz:  15% 2868 MHz:  32% 3096 MHz:  13% 3300 MHz: .39% 3468 MHz: .39% 3624 MHz: .39% 3756 MHz:   0% 3828 MHz: .39% 3888 MHz: 3.3% 3948 MHz:  20% 3996 MHz: 5.9% 4044 MHz: 7.3% 4104 MHz:   0% 4416 MHz: .12% 4512 MHz: .13%)
P1-Cluster idle residency:   2.15%
P1-Cluster down residency:   0.00%
CPU 10 frequency: 3851 MHz
CPU 10 active residency:  34.84% (1260 MHz: .01% 1512 MHz:   0% 1800 MHz: .01% 2088 MHz: .00% 2352 MHz:   0% 2616 MHz: 2.5% 2868 MHz: 7.7% 3096 MHz: 3.5% 3300 MHz: .09% 3468 MHz: .26% 3624 MHz: .13% 3756 MHz:   0% 3828 MHz: .00% 3888 MHz:   0% 3948 MHz:   0% 3996 MHz: .05% 4044 MHz:   0% 4104 MHz: .25% 4416 MHz: .09% 4512 MHz:  20%)
CPU 10 idle residency:  65.16%
CPU 10 down residency:   0.00%
CPU 11 frequency: 4034 MHz
CPU 11 active residency:  11.57% (1260 MHz:   0% 1512 MHz:   0% 1800 MHz: .01% 2088 MHz:   0% 2352 MHz:   0% 2616 MHz: .52% 2868 MHz: 1.8% 3096 MHz: 1.0% 3300 MHz:   0% 3468 MHz:   0% 3624 MHz: .03% 3756 MHz:   0% 3828 MHz: .01% 3888 MHz:   0% 3948 MHz:   0% 3996 MHz: .05% 4044 MHz:   0% 4104 MHz: .03% 4416 MHz: .20% 4512 MHz: 7.9%)
CPU 11 idle residency:  88.43%
CPU 11 down residency:   0.00%
CPU 12 frequency: 3249 MHz
CPU 12 active residency:  58.22% (1260 MHz: .01% 1512 MHz: .00% 1800 MHz: .01% 2088 MHz:   0% 2352 MHz:   0% 2616 MHz:  12% 2868 MHz:  23% 3096 MHz: 8.5% 3300 MHz: .30% 3468 MHz: .30% 3624 MHz: .27% 3756 MHz:   0% 3828 MHz: .04% 3888 MHz:   0% 3948 MHz:   0% 3996 MHz: .31% 4044 MHz:   0% 4104 MHz: .26% 4416 MHz: .24% 4512 MHz:  13%)
CPU 12 idle residency:  41.78%
CPU 12 down residency:   0.00%
CPU 13 frequency: 4449 MHz
CPU 13 active residency:  22.35% (1260 MHz:   0% 1512 MHz:   0% 1800 MHz: .01% 2088 MHz:   0% 2352 MHz:   0% 2616 MHz: .12% 2868 MHz: .59% 3096 MHz: .11% 3300 MHz:   0% 3468 MHz:   0% 3624 MHz:   0% 3756 MHz:   0% 3828 MHz:   0% 3888 MHz:   0% 3948 MHz:   0% 3996 MHz:   0% 4044 MHz:   0% 4104 MHz: .03% 4416 MHz: .27% 4512 MHz:  21%)
CPU 13 idle residency:  77.65%
CPU 13 down residency:   0.00%
CPU 14 frequency: 3376 MHz
CPU 14 active residency:  63.59% (1260 MHz: .02% 1512 MHz: .00% 1800 MHz: .01% 2088 MHz:   0% 2352 MHz:   0% 2616 MHz:  11% 2868 MHz:  23% 3096 MHz: 9.4% 3300 MHz: .29% 3468 MHz: .30% 3624 MHz: .28% 3756 MHz:   0% 3828 MHz: .16% 3888 MHz:   0% 3948 MHz:   0% 3996 MHz: .30% 4044 MHz:   0% 4104 MHz: .28% 4416 MHz: .12% 4512 MHz:  19%)
CPU 14 idle residency:  36.41%
CPU 14 down residency:   0.00%
CPU 15 frequency: 3401 MHz
CPU 15 active residency:  63.88% (1260 MHz:   0% 1512 MHz:   0% 1800 MHz: .01% 2088 MHz: .00% 2352 MHz:   0% 2616 MHz: 9.9% 2868 MHz:  23% 3096 MHz: 8.8% 3300 MHz: .39% 3468 MHz: .39% 3624 MHz: .39% 3756 MHz:   0% 3828 MHz: .39% 3888 MHz:   0% 3948 MHz:   0% 3996 MHz: .39% 4044 MHz:   0% 4104 MHz: .39% 4416 MHz: .39% 4512 MHz:  19%)
CPU 15 idle residency:  36.12%
CPU 15 down residency:   0.00%

CPU Power: 3980 mW
GPU Power: 28441 mW
ANE Power: 0 mW
Combined Power (CPU + GPU + ANE): 32421 mW

**** GPU usage ****

GPU HW active frequency: 1578 MHz
GPU HW active residency: 100.00% (338 MHz:   0% 618 MHz:   0% 796 MHz:   0% 924 MHz:   0% 952 MHz:   0% 1056 MHz:   0% 1062 MHz:   0% 1182 MHz:   0% 1182 MHz:   0% 1312 MHz:   0% 1242 MHz:   0% 1380 MHz:   0% 1326 MHz:   0% 1470 MHz:   0% 1578 MHz: 100%)
GPU SW requested state: (P1 :   0% P2 :   0% P3 :   0% P4 :   0% P5 :   0% P6 :   0% P7 :   0% P8 :   0% P9 :   0% P10 : 100% P11 :   0% P12 :   0% P13 :   0% P14 :   0% P15 :   0%)
GPU SW state: (SW_P1 :   0% SW_P2 :   0% SW_P3 :   0% SW_P4 :   0% SW_P5 :   0% SW_P6 :   0% SW_P7 :   0% SW_P8 :   0% SW_P9 :   0% SW_P10 : 100% SW_P11 :   0% SW_P12 :   0% SW_P13 :   0% SW_P14 :   0% SW_P15 :   0%)
GPU idle residency:   0.00%
GPU Power: 28445 mW



*** Sampled system activity (Tue Jan 20 15:15:12 2026 +0100) (1019.31ms elapsed) ***


**** Processor usage ****

E-Cluster Online: 100%
E-Cluster HW active frequency: 1335 MHz
E-Cluster HW active residency:  58.76% (1020 MHz:  38% 1404 MHz: 8.0% 1788 MHz: 4.8% 2112 MHz: 1.4% 2352 MHz: 1.4% 2532 MHz: 2.1% 2592 MHz: 3.3%)
E-Cluster idle residency:  41.24%
E-Cluster down residency:   0.00%
CPU 0 frequency: 1332 MHz
CPU 0 active residency:  29.27% (1020 MHz:  19% 1404 MHz: 4.1% 1788 MHz: 2.5% 2112 MHz: .66% 2352 MHz: .69% 2532 MHz: 1.0% 2592 MHz: 1.5%)
CPU 0 idle residency:  70.73%
CPU 0 down residency:   0.00%
CPU 1 frequency: 1390 MHz
CPU 1 active residency:  18.27% (1020 MHz:  11% 1404 MHz: 2.8% 1788 MHz: 1.5% 2112 MHz: .49% 2352 MHz: .45% 2532 MHz: 1.1% 2592 MHz: 1.2%)
CPU 1 idle residency:  81.73%
CPU 1 down residency:   0.00%
CPU 2 frequency: 1403 MHz
CPU 2 active residency:  12.42% (1020 MHz: 7.6% 1404 MHz: 1.1% 1788 MHz: 1.7% 2112 MHz: .17% 2352 MHz: .37% 2532 MHz: .71% 2592 MHz: .80%)
CPU 2 idle residency:  87.58%
CPU 2 down residency:   0.00%
CPU 3 frequency: 1448 MHz
CPU 3 active residency:   8.39% (1020 MHz: 4.9% 1404 MHz: .80% 1788 MHz: .96% 2112 MHz: .05% 2352 MHz: .53% 2532 MHz: .35% 2592 MHz: .79%)
CPU 3 idle residency:  91.61%
CPU 3 down residency:   0.00%

P0-Cluster Online: 4%
P0-Cluster HW active frequency: 1360 MHz
P0-Cluster HW active residency:   0.88% (1260 MHz: .82% 1512 MHz:   0% 1800 MHz:   0% 2088 MHz:   0% 2352 MHz:   0% 2616 MHz: .07% 2868 MHz:   0% 3096 MHz:   0% 3300 MHz:   0% 3468 MHz:   0% 3624 MHz:   0% 3756 MHz:   0% 3828 MHz:   0% 3888 MHz:   0% 3948 MHz:   0% 3996 MHz:   0% 4044 MHz:   0% 4104 MHz:   0% 4416 MHz:   0% 4512 MHz:   0%)
P0-Cluster idle residency:   2.01%
P0-Cluster down residency:  97.11%
CPU 4 frequency: 0 MHz
CPU 4 active residency:   0.00% (1260 MHz:   0% 1512 MHz:   0% 1800 MHz:   0% 2088 MHz:   0% 2352 MHz:   0% 2616 MHz:   0% 2868 MHz:   0% 3096 MHz:   0% 3300 MHz:   0% 3468 MHz:   0% 3624 MHz:   0% 3756 MHz:   0% 3828 MHz:   0% 3888 MHz:   0% 3948 MHz:   0% 3996 MHz:   0% 4044 MHz:   0% 4104 MHz:   0% 4416 MHz:   0% 4512 MHz:   0%)
CPU 4 idle residency:   2.74%
CPU 4 down residency:  97.26%
CPU 5 frequency: 0 MHz
CPU 5 active residency:   0.00% (1260 MHz:   0% 1512 MHz:   0% 1800 MHz:   0% 2088 MHz:   0% 2352 MHz:   0% 2616 MHz:   0% 2868 MHz:   0% 3096 MHz:   0% 3300 MHz:   0% 3468 MHz:   0% 3624 MHz:   0% 3756 MHz:   0% 3828 MHz:   0% 3888 MHz:   0% 3948 MHz:   0% 3996 MHz:   0% 4044 MHz:   0% 4104 MHz:   0% 4416 MHz:   0% 4512 MHz:   0%)
CPU 5 idle residency:   2.75%
CPU 5 down residency:  97.25%
CPU 6 frequency: 0 MHz
CPU 6 active residency:   0.00% (1260 MHz:   0% 1512 MHz:   0% 1800 MHz:   0% 2088 MHz:   0% 2352 MHz:   0% 2616 MHz:   0% 2868 MHz:   0% 3096 MHz:   0% 3300 MHz:   0% 3468 MHz:   0% 3624 MHz:   0% 3756 MHz:   0% 3828 MHz:   0% 3888 MHz:   0% 3948 MHz:   0% 3996 MHz:   0% 4044 MHz:   0% 4104 MHz:   0% 4416 MHz:   0% 4512 MHz:   0%)
CPU 6 idle residency:   2.75%
CPU 6 down residency:  97.25%
CPU 7 frequency: 0 MHz
CPU 7 active residency:   0.00% (1260 MHz:   0% 1512 MHz:   0% 1800 MHz:   0% 2088 MHz:   0% 2352 MHz:   0% 2616 MHz:   0% 2868 MHz:   0% 3096 MHz:   0% 3300 MHz:   0% 3468 MHz:   0% 3624 MHz:   0% 3756 MHz:   0% 3828 MHz:   0% 3888 MHz:   0% 3948 MHz:   0% 3996 MHz:   0% 4044 MHz:   0% 4104 MHz:   0% 4416 MHz:   0% 4512 MHz:   0%)
CPU 7 idle residency:   2.75%
CPU 7 down residency:  97.25%
CPU 8 frequency: 0 MHz
CPU 8 active residency:   0.00% (1260 MHz:   0% 1512 MHz:   0% 1800 MHz:   0% 2088 MHz:   0% 2352 MHz:   0% 2616 MHz:   0% 2868 MHz:   0% 3096 MHz:   0% 3300 MHz:   0% 3468 MHz:   0% 3624 MHz:   0% 3756 MHz:   0% 3828 MHz:   0% 3888 MHz:   0% 3948 MHz:   0% 3996 MHz:   0% 4044 MHz:   0% 4104 MHz:   0% 4416 MHz:   0% 4512 MHz:   0%)
CPU 8 idle residency:   2.73%
CPU 8 down residency:  97.27%
CPU 9 frequency: 0 MHz
CPU 9 active residency:   0.00% (1260 MHz:   0% 1512 MHz:   0% 1800 MHz:   0% 2088 MHz:   0% 2352 MHz:   0% 2616 MHz:   0% 2868 MHz:   0% 3096 MHz:   0% 3300 MHz:   0% 3468 MHz:   0% 3624 MHz:   0% 3756 MHz:   0% 3828 MHz:   0% 3888 MHz:   0% 3948 MHz:   0% 3996 MHz:   0% 4044 MHz:   0% 4104 MHz:   0% 4416 MHz:   0% 4512 MHz:   0%)
CPU 9 idle residency:   2.75%
CPU 9 down residency:  97.25%

P1-Cluster HW active frequency: 3182 MHz
P1-Cluster HW active residency:  97.05% (1260 MHz: .04% 1512 MHz: .01% 1800 MHz:   0% 2088 MHz:   0% 2352 MHz: 6.7% 2616 MHz:  36% 2868 MHz:  13% 3096 MHz: 1.3% 3300 MHz: .76% 3468 MHz: 2.3% 3624 MHz: .58% 3756 MHz: .39% 3828 MHz:   0% 3888 MHz: 4.7% 3948 MHz:  20% 3996 MHz: 5.3% 4044 MHz: 6.0% 4104 MHz:   0% 4416 MHz: .22% 4512 MHz: .37%)
P1-Cluster idle residency:   2.95%
P1-Cluster down residency:   0.00%
CPU 10 frequency: 3608 MHz
CPU 10 active residency:  37.86% (1260 MHz: .01% 1512 MHz:   0% 1800 MHz:   0% 2088 MHz:   0% 2352 MHz: 5.1% 2616 MHz: 8.4% 2868 MHz: 3.2% 3096 MHz: .19% 3300 MHz: .42% 3468 MHz: 1.0% 3624 MHz: .15% 3756 MHz: .02% 3828 MHz:   0% 3888 MHz:   0% 3948 MHz: .02% 3996 MHz:   0% 4044 MHz:   0% 4104 MHz: .16% 4416 MHz: .20% 4512 MHz:  19%)
CPU 10 idle residency:  62.14%
CPU 10 down residency:   0.00%
CPU 11 frequency: 4091 MHz
CPU 11 active residency:  29.29% (1260 MHz:   0% 1512 MHz:   0% 1800 MHz:   0% 2088 MHz:   0% 2352 MHz: .31% 2616 MHz: 2.6% 2868 MHz: 3.2% 3096 MHz: .79% 3300 MHz: .04% 3468 MHz: .27% 3624 MHz: .12% 3756 MHz: .00% 3828 MHz:   0% 3888 MHz:   0% 3948 MHz:   0% 3996 MHz:   0% 4044 MHz:   0% 4104 MHz: .05% 4416 MHz:   0% 4512 MHz:  22%)
CPU 11 idle residency:  70.71%
CPU 11 down residency:   0.00%
CPU 12 frequency: 3238 MHz
CPU 12 active residency:  56.15% (1260 MHz: .01% 1512 MHz: .00% 1800 MHz:   0% 2088 MHz:   0% 2352 MHz: 4.5% 2616 MHz:  23% 2868 MHz: 8.2% 3096 MHz: .71% 3300 MHz: .63% 3468 MHz: 1.9% 3624 MHz: .21% 3756 MHz: .19% 3828 MHz:   0% 3888 MHz:   0% 3948 MHz: .31% 3996 MHz:   0% 4044 MHz:   0% 4104 MHz: .33% 4416 MHz: .30% 4512 MHz:  16%)
CPU 12 idle residency:  43.85%
CPU 12 down residency:   0.00%
CPU 13 frequency: 3340 MHz
CPU 13 active residency:  60.01% (1260 MHz: .00% 1512 MHz: .00% 1800 MHz:   0% 2088 MHz:   0% 2352 MHz: 5.0% 2616 MHz:  23% 2868 MHz: 7.7% 3096 MHz: .68% 3300 MHz: .64% 3468 MHz: 1.7% 3624 MHz: .23% 3756 MHz: .07% 3828 MHz:   0% 3888 MHz:   0% 3948 MHz: .30% 3996 MHz:   0% 4044 MHz:   0% 4104 MHz: .30% 4416 MHz: .28% 4512 MHz:  21%)
CPU 13 idle residency:  39.99%
CPU 13 down residency:   0.00%
CPU 14 frequency: 4283 MHz
CPU 14 active residency:  20.01% (1260 MHz:   0% 1512 MHz:   0% 1800 MHz:   0% 2088 MHz:   0% 2352 MHz:   0% 2616 MHz: 1.6% 2868 MHz: .38% 3096 MHz: .05% 3300 MHz: .16% 3468 MHz: .55% 3624 MHz:   0% 3756 MHz:   0% 3828 MHz:   0% 3888 MHz:   0% 3948 MHz:   0% 3996 MHz:   0% 4044 MHz:   0% 4104 MHz: .02% 4416 MHz:   0% 4512 MHz:  17%)
CPU 14 idle residency:  79.99%
CPU 14 down residency:   0.00%
CPU 15 frequency: 3199 MHz
CPU 15 active residency:  53.89% (1260 MHz: .00% 1512 MHz: .01% 1800 MHz:   0% 2088 MHz:   0% 2352 MHz: 1.2% 2616 MHz:  24% 2868 MHz:  10% 3096 MHz: .98% 3300 MHz: .76% 3468 MHz: 1.9% 3624 MHz: .55% 3756 MHz: .39% 3828 MHz:   0% 3888 MHz:   0% 3948 MHz: .38% 3996 MHz:   0% 4044 MHz:   0% 4104 MHz: .39% 4416 MHz: .38% 4512 MHz:  13%)
CPU 15 idle residency:  46.11%
CPU 15 down residency:   0.00%

CPU Power: 4052 mW
GPU Power: 28133 mW
ANE Power: 0 mW
Combined Power (CPU + GPU + ANE): 32185 mW

**** GPU usage ****

GPU HW active frequency: 1578 MHz
GPU HW active residency: 100.00% (338 MHz:   0% 618 MHz:   0% 796 MHz:   0% 924 MHz:   0% 952 MHz:   0% 1056 MHz:   0% 1062 MHz:   0% 1182 MHz:   0% 1182 MHz:   0% 1312 MHz:   0% 1242 MHz:   0% 1380 MHz:   0% 1326 MHz:   0% 1470 MHz:   0% 1578 MHz: 100%)
GPU SW requested state: (P1 :   0% P2 :   0% P3 :   0% P4 :   0% P5 :   0% P6 :   0% P7 :   0% P8 :   0% P9 :   0% P10 : 100% P11 :   0% P12 :   0% P13 :   0% P14 :   0% P15 :   0%)
GPU SW state: (SW_P1 :   0% SW_P2 :   0% SW_P3 :   0% SW_P4 :   0% SW_P5 :   0% SW_P6 :   0% SW_P7 :   0% SW_P8 :   0% SW_P9 :   0% SW_P10 : 100% SW_P11 :   0% SW_P12 :   0% SW_P13 :   0% SW_P14 :   0% SW_P15 :   0%)
GPU idle residency:   0.00%
GPU Power: 28128 mW



*** Sampled system activity (Tue Jan 20 15:15:13 2026 +0100) (1018.34ms elapsed) ***


**** Processor usage ****

E-Cluster Online: 100%
E-Cluster HW active frequency: 1305 MHz
E-Cluster HW active residency:  56.72% (1020 MHz:  37% 1404 MHz: 6.7% 1788 MHz: 6.0% 2112 MHz: 1.6% 2352 MHz: 2.3% 2532 MHz: 1.0% 2592 MHz: 1.7%)
E-Cluster idle residency:  43.28%
E-Cluster down residency:   0.00%
CPU 0 frequency: 1300 MHz
CPU 0 active residency:  27.35% (1020 MHz:  18% 1404 MHz: 3.6% 1788 MHz: 3.1% 2112 MHz: .59% 2352 MHz: 1.2% 2532 MHz: .51% 2592 MHz: .60%)
CPU 0 idle residency:  72.65%
CPU 0 down residency:   0.00%
CPU 1 frequency: 1311 MHz
CPU 1 active residency:  15.25% (1020 MHz:  10% 1404 MHz: 1.6% 1788 MHz: 1.7% 2112 MHz: .27% 2352 MHz: .84% 2532 MHz: .42% 2592 MHz: .31%)
CPU 1 idle residency:  84.75%
CPU 1 down residency:   0.00%
CPU 2 frequency: 1412 MHz
CPU 2 active residency:  13.06% (1020 MHz: 7.3% 1404 MHz: 1.6% 1788 MHz: 2.1% 2112 MHz: .33% 2352 MHz: .91% 2532 MHz: .20% 2592 MHz: .66%)
CPU 2 idle residency:  86.94%
CPU 2 down residency:   0.00%
CPU 3 frequency: 1370 MHz
CPU 3 active residency:   5.01% (1020 MHz: 2.9% 1404 MHz: .63% 1788 MHz: .81% 2112 MHz: .11% 2352 MHz: .29% 2532 MHz: .12% 2592 MHz: .13%)
CPU 3 idle residency:  94.99%
CPU 3 down residency:   0.00%

P0-Cluster Online: 22%
P0-Cluster HW active frequency: 3896 MHz
P0-Cluster HW active residency:  19.15% (1260 MHz: .34% 1512 MHz:   0% 1800 MHz: .18% 2088 MHz:   0% 2352 MHz:   0% 2616 MHz:   0% 2868 MHz:   0% 3096 MHz: .09% 3300 MHz:   0% 3468 MHz:   0% 3624 MHz:   0% 3756 MHz:   0% 3828 MHz:   0% 3888 MHz: 1.5% 3948 MHz:  11% 3996 MHz: 2.3% 4044 MHz: 3.5% 4104 MHz: .05% 4416 MHz:   0% 4512 MHz:   0%)
P0-Cluster idle residency:   1.35%
P0-Cluster down residency:  79.49%
CPU 4 frequency: 4348 MHz
CPU 4 active residency:   8.14% (1260 MHz: .36% 1512 MHz:   0% 1800 MHz: .04% 2088 MHz:   0% 2352 MHz:   0% 2616 MHz:   0% 2868 MHz: .02% 3096 MHz: .01% 3300 MHz:   0% 3468 MHz:   0% 3624 MHz:   0% 3756 MHz:   0% 3828 MHz:   0% 3888 MHz:   0% 3948 MHz: .01% 3996 MHz:   0% 4044 MHz:   0% 4104 MHz: .00% 4416 MHz: .04% 4512 MHz: 7.7%)
CPU 4 idle residency:  12.62%
CPU 4 down residency:  79.23%
CPU 5 frequency: 4339 MHz
CPU 5 active residency:   8.75% (1260 MHz: .35% 1512 MHz:   0% 1800 MHz: .06% 2088 MHz:   0% 2352 MHz:   0% 2616 MHz:   0% 2868 MHz: .04% 3096 MHz: .00% 3300 MHz:   0% 3468 MHz:   0% 3624 MHz:   0% 3756 MHz:   0% 3828 MHz:   0% 3888 MHz:   0% 3948 MHz: .17% 3996 MHz:   0% 4044 MHz:   0% 4104 MHz: .08% 4416 MHz: .17% 4512 MHz: 7.9%)
CPU 5 idle residency:  12.04%
CPU 5 down residency:  79.21%
CPU 6 frequency: 4348 MHz
CPU 6 active residency:   7.48% (1260 MHz: .35% 1512 MHz:   0% 1800 MHz: .02% 2088 MHz:   0% 2352 MHz:   0% 2616 MHz:   0% 2868 MHz: .01% 3096 MHz:   0% 3300 MHz:   0% 3468 MHz:   0% 3624 MHz:   0% 3756 MHz:   0% 3828 MHz:   0% 3888 MHz:   0% 3948 MHz: .00% 3996 MHz:   0% 4044 MHz:   0% 4104 MHz:   0% 4416 MHz: .00% 4512 MHz: 7.1%)
CPU 6 idle residency:  13.27%
CPU 6 down residency:  79.25%
CPU 7 frequency: 4348 MHz
CPU 7 active residency:   9.40% (1260 MHz: .38% 1512 MHz:   0% 1800 MHz: .06% 2088 MHz:   0% 2352 MHz:   0% 2616 MHz:   0% 2868 MHz: .03% 3096 MHz: .01% 3300 MHz:   0% 3468 MHz:   0% 3624 MHz:   0% 3756 MHz:   0% 3828 MHz:   0% 3888 MHz:   0% 3948 MHz: .06% 3996 MHz:   0% 4044 MHz:   0% 4104 MHz: .10% 4416 MHz: .10% 4512 MHz: 8.7%)
CPU 7 idle residency:  11.39%
CPU 7 down residency:  79.21%
CPU 8 frequency: 4396 MHz
CPU 8 active residency:  16.97% (1260 MHz: .36% 1512 MHz:   0% 1800 MHz: .12% 2088 MHz:   0% 2352 MHz:   0% 2616 MHz: .02% 2868 MHz: .03% 3096 MHz: .04% 3300 MHz:   0% 3468 MHz:   0% 3624 MHz:   0% 3756 MHz:   0% 3828 MHz:   0% 3888 MHz:   0% 3948 MHz: .22% 3996 MHz:   0% 4044 MHz:   0% 4104 MHz: .39% 4416 MHz: .39% 4512 MHz:  15%)
CPU 8 idle residency:   3.82%
CPU 8 down residency:  79.21%
CPU 9 frequency: 4306 MHz
CPU 9 active residency:   6.17% (1260 MHz: .35% 1512 MHz:   0% 1800 MHz: .03% 2088 MHz:   0% 2352 MHz:   0% 2616 MHz:   0% 2868 MHz: .02% 3096 MHz:   0% 3300 MHz:   0% 3468 MHz:   0% 3624 MHz:   0% 3756 MHz:   0% 3828 MHz:   0% 3888 MHz:   0% 3948 MHz:   0% 3996 MHz:   0% 4044 MHz:   0% 4104 MHz:   0% 4416 MHz: .00% 4512 MHz: 5.8%)
CPU 9 idle residency:  14.59%
CPU 9 down residency:  79.24%

P1-Cluster HW active frequency: 3118 MHz
P1-Cluster HW active residency:  78.62% (1260 MHz: .08% 1512 MHz: .35% 1800 MHz: 1.5% 2088 MHz: 2.8% 2352 MHz: 4.8% 2616 MHz: 1.0% 2868 MHz:  28% 3096 MHz:  15% 3300 MHz: 5.8% 3468 MHz: .38% 3624 MHz: .39% 3756 MHz:   0% 3828 MHz: .39% 3888 MHz: 1.9% 3948 MHz:  11% 3996 MHz: 2.2% 4044 MHz: 2.9% 4104 MHz:   0% 4416 MHz: .15% 4512 MHz: .20%)
P1-Cluster idle residency:   2.83%
P1-Cluster down residency:  18.54%
CPU 10 frequency: 3804 MHz
CPU 10 active residency:  22.63% (1260 MHz:   0% 1512 MHz: .05% 1800 MHz: .12% 2088 MHz: 1.5% 2352 MHz: .23% 2616 MHz:   0% 2868 MHz: 3.9% 3096 MHz: 2.9% 3300 MHz: .94% 3468 MHz:   0% 3624 MHz:   0% 3756 MHz:   0% 3828 MHz:   0% 3888 MHz:   0% 3948 MHz:   0% 3996 MHz:   0% 4044 MHz:   0% 4104 MHz:   0% 4416 MHz:   0% 4512 MHz:  13%)
CPU 10 idle residency:  57.93%
CPU 10 down residency:  19.43%
CPU 11 frequency: 4214 MHz
CPU 11 active residency:  16.80% (1260 MHz:   0% 1512 MHz: .00% 1800 MHz: .05% 2088 MHz:   0% 2352 MHz: .15% 2616 MHz: .03% 2868 MHz: .83% 3096 MHz: 1.8% 3300 MHz: .54% 3468 MHz:   0% 3624 MHz:   0% 3756 MHz:   0% 3828 MHz:   0% 3888 MHz:   0% 3948 MHz:   0% 3996 MHz:   0% 4044 MHz:   0% 4104 MHz:   0% 4416 MHz:   0% 4512 MHz:  13%)
CPU 11 idle residency:  64.36%
CPU 11 down residency:  18.84%
CPU 12 frequency: 3265 MHz
CPU 12 active residency:  52.49% (1260 MHz: .01% 1512 MHz: .08% 1800 MHz: 1.5% 2088 MHz: 2.1% 2352 MHz: 4.1% 2616 MHz: 1.0% 2868 MHz:  14% 3096 MHz:  12% 3300 MHz: 4.2% 3468 MHz:   0% 3624 MHz:   0% 3756 MHz:   0% 3828 MHz:   0% 3888 MHz:   0% 3948 MHz:   0% 3996 MHz:   0% 4044 MHz:   0% 4104 MHz:   0% 4416 MHz:   0% 4512 MHz:  13%)
CPU 12 idle residency:  26.78%
CPU 12 down residency:  20.72%
CPU 13 frequency: 3076 MHz
CPU 13 active residency:  38.41% (1260 MHz: .01% 1512 MHz: .07% 1800 MHz: 1.4% 2088 MHz: 1.4% 2352 MHz: 1.9% 2616 MHz: .47% 2868 MHz:  13% 3096 MHz:  12% 3300 MHz: 4.2% 3468 MHz:   0% 3624 MHz:   0% 3756 MHz:   0% 3828 MHz:   0% 3888 MHz:   0% 3948 MHz:   0% 3996 MHz:   0% 4044 MHz:   0% 4104 MHz:   0% 4416 MHz:   0% 4512 MHz: 4.5%)
CPU 13 idle residency:  41.30%
CPU 13 down residency:  20.29%
CPU 14 frequency: 3281 MHz
CPU 14 active residency:  46.61% (1260 MHz: .01% 1512 MHz: .34% 1800 MHz: 1.5% 2088 MHz: 1.4% 2352 MHz: 3.0% 2616 MHz: .53% 2868 MHz:  14% 3096 MHz:  10% 3300 MHz: 3.9% 3468 MHz:   0% 3624 MHz:   0% 3756 MHz:   0% 3828 MHz:   0% 3888 MHz:   0% 3948 MHz:   0% 3996 MHz:   0% 4044 MHz:   0% 4104 MHz:   0% 4416 MHz:   0% 4512 MHz:  12%)
CPU 14 idle residency:  33.05%
CPU 14 down residency:  20.35%
CPU 15 frequency: 2776 MHz
CPU 15 active residency:   4.70% (1260 MHz: .00% 1512 MHz:   0% 1800 MHz:   0% 2088 MHz: .86% 2352 MHz: 1.9% 2616 MHz:   0% 2868 MHz: .23% 3096 MHz: .95% 3300 MHz: .18% 3468 MHz:   0% 3624 MHz:   0% 3756 MHz:   0% 3828 MHz:   0% 3888 MHz:   0% 3948 MHz:   0% 3996 MHz:   0% 4044 MHz:   0% 4104 MHz:   0% 4416 MHz:   0% 4512 MHz: .57%)
CPU 15 idle residency:  76.49%
CPU 15 down residency:  18.80%

CPU Power: 3929 mW
GPU Power: 28215 mW
ANE Power: 0 mW
Combined Power (CPU + GPU + ANE): 32144 mW

**** GPU usage ****

GPU HW active frequency: 1578 MHz
GPU HW active residency: 100.00% (338 MHz:   0% 618 MHz:   0% 796 MHz:   0% 924 MHz:   0% 952 MHz:   0% 1056 MHz:   0% 1062 MHz:   0% 1182 MHz:   0% 1182 MHz:   0% 1312 MHz:   0% 1242 MHz:   0% 1380 MHz:   0% 1326 MHz:   0% 1470 MHz:   0% 1578 MHz: 100%)
GPU SW requested state: (P1 :   0% P2 :   0% P3 :   0% P4 :   0% P5 :   0% P6 :   0% P7 :   0% P8 :   0% P9 :   0% P10 : 100% P11 :   0% P12 :   0% P13 :   0% P14 :   0% P15 :   0%)
GPU SW state: (SW_P1 :   0% SW_P2 :   0% SW_P3 :   0% SW_P4 :   0% SW_P5 :   0% SW_P6 :   0% SW_P7 :   0% SW_P8 :   0% SW_P9 :   0% SW_P10 : 100% SW_P11 :   0% SW_P12 :   0% SW_P13 :   0% SW_P14 :   0% SW_P15 :   0%)
GPU idle residency:   0.00%
GPU Power: 28215 mW



*** Sampled system activity (Tue Jan 20 15:15:14 2026 +0100) (1020.89ms elapsed) ***


**** Processor usage ****

E-Cluster Online: 100%
E-Cluster HW active frequency: 1295 MHz
E-Cluster HW active residency:  63.13% (1020 MHz:  42% 1404 MHz: 9.2% 1788 MHz: 4.7% 2112 MHz: 1.7% 2352 MHz: .97% 2532 MHz: 1.8% 2592 MHz: 2.8%)
E-Cluster idle residency:  36.87%
E-Cluster down residency:   0.00%
CPU 0 frequency: 1318 MHz
CPU 0 active residency:  31.60% (1020 MHz:  20% 1404 MHz: 5.1% 1788 MHz: 2.3% 2112 MHz: .89% 2352 MHz: .61% 2532 MHz: 1.3% 2592 MHz: 1.2%)
CPU 0 idle residency:  68.40%
CPU 0 down residency:   0.00%
CPU 1 frequency: 1295 MHz
CPU 1 active residency:  23.39% (1020 MHz:  15% 1404 MHz: 3.8% 1788 MHz: 2.3% 2112 MHz: .41% 2352 MHz: .29% 2532 MHz: .42% 2592 MHz: 1.1%)
CPU 1 idle residency:  76.61%
CPU 1 down residency:   0.00%
CPU 2 frequency: 1307 MHz
CPU 2 active residency:  15.51% (1020 MHz: 9.8% 1404 MHz: 2.6% 1788 MHz: 1.4% 2112 MHz: .50% 2352 MHz: .27% 2532 MHz: .30% 2592 MHz: .65%)
CPU 2 idle residency:  84.49%
CPU 2 down residency:   0.00%
CPU 3 frequency: 1283 MHz
CPU 3 active residency:  10.62% (1020 MHz: 7.0% 1404 MHz: 1.5% 1788 MHz: 1.2% 2112 MHz: .25% 2352 MHz: .03% 2532 MHz: .39% 2592 MHz: .26%)
CPU 3 idle residency:  89.38%
CPU 3 down residency:   0.00%

P0-Cluster Online: 32%
P0-Cluster HW active frequency: 3135 MHz
P0-Cluster HW active residency:  28.72% (1260 MHz: .78% 1512 MHz: .51% 1800 MHz: 2.1% 2088 MHz: 2.1% 2352 MHz: 5.9% 2616 MHz: 2.0% 2868 MHz:   0% 3096 MHz:   0% 3300 MHz:   0% 3468 MHz:   0% 3624 MHz:   0% 3756 MHz:   0% 3828 MHz:   0% 3888 MHz: 1.1% 3948 MHz: 8.8% 3996 MHz: 2.3% 4044 MHz: 2.9% 4104 MHz:   0% 4416 MHz: .11% 4512 MHz: .18%)
P0-Cluster idle residency:   3.47%
P0-Cluster down residency:  67.80%
CPU 4 frequency: 4512 MHz
CPU 4 active residency:   6.31% (1260 MHz:   0% 1512 MHz:   0% 1800 MHz:   0% 2088 MHz:   0% 2352 MHz:   0% 2616 MHz:   0% 2868 MHz:   0% 3096 MHz:   0% 3300 MHz:   0% 3468 MHz:   0% 3624 MHz:   0% 3756 MHz:   0% 3828 MHz:   0% 3888 MHz:   0% 3948 MHz:   0% 3996 MHz:   0% 4044 MHz:   0% 4104 MHz:   0% 4416 MHz:   0% 4512 MHz: 6.3%)
CPU 4 idle residency:  23.66%
CPU 4 down residency:  70.03%
CPU 5 frequency: 4512 MHz
CPU 5 active residency:   9.10% (1260 MHz:   0% 1512 MHz:   0% 1800 MHz:   0% 2088 MHz:   0% 2352 MHz:   0% 2616 MHz:   0% 2868 MHz:   0% 3096 MHz:   0% 3300 MHz:   0% 3468 MHz:   0% 3624 MHz:   0% 3756 MHz:   0% 3828 MHz:   0% 3888 MHz:   0% 3948 MHz:   0% 3996 MHz:   0% 4044 MHz:   0% 4104 MHz:   0% 4416 MHz:   0% 4512 MHz: 9.1%)
CPU 5 idle residency:  16.93%
CPU 5 down residency:  73.97%
CPU 6 frequency: 4512 MHz
CPU 6 active residency:   8.19% (1260 MHz:   0% 1512 MHz:   0% 1800 MHz:   0% 2088 MHz:   0% 2352 MHz:   0% 2616 MHz:   0% 2868 MHz:   0% 3096 MHz:   0% 3300 MHz:   0% 3468 MHz:   0% 3624 MHz:   0% 3756 MHz:   0% 3828 MHz:   0% 3888 MHz:   0% 3948 MHz:   0% 3996 MHz:   0% 4044 MHz:   0% 4104 MHz:   0% 4416 MHz:   0% 4512 MHz: 8.2%)
CPU 6 idle residency:  17.39%
CPU 6 down residency:  74.41%
CPU 7 frequency: 4512 MHz
CPU 7 active residency:  13.14% (1260 MHz:   0% 1512 MHz:   0% 1800 MHz:   0% 2088 MHz:   0% 2352 MHz:   0% 2616 MHz:   0% 2868 MHz:   0% 3096 MHz:   0% 3300 MHz:   0% 3468 MHz:   0% 3624 MHz:   0% 3756 MHz:   0% 3828 MHz:   0% 3888 MHz:   0% 3948 MHz:   0% 3996 MHz:   0% 4044 MHz:   0% 4104 MHz:   0% 4416 MHz:   0% 4512 MHz:  13%)
CPU 7 idle residency:  18.77%
CPU 7 down residency:  68.09%
CPU 8 frequency: 4512 MHz
CPU 8 active residency:   0.13% (1260 MHz:   0% 1512 MHz:   0% 1800 MHz:   0% 2088 MHz:   0% 2352 MHz:   0% 2616 MHz:   0% 2868 MHz:   0% 3096 MHz:   0% 3300 MHz:   0% 3468 MHz:   0% 3624 MHz:   0% 3756 MHz:   0% 3828 MHz:   0% 3888 MHz:   0% 3948 MHz:   0% 3996 MHz:   0% 4044 MHz:   0% 4104 MHz:   0% 4416 MHz:   0% 4512 MHz: .13%)
CPU 8 idle residency:  31.59%
CPU 8 down residency:  68.28%
CPU 9 frequency: 4512 MHz
CPU 9 active residency:   8.51% (1260 MHz:   0% 1512 MHz:   0% 1800 MHz:   0% 2088 MHz:   0% 2352 MHz:   0% 2616 MHz:   0% 2868 MHz:   0% 3096 MHz:   0% 3300 MHz:   0% 3468 MHz:   0% 3624 MHz:   0% 3756 MHz:   0% 3828 MHz:   0% 3888 MHz:   0% 3948 MHz:   0% 3996 MHz:   0% 4044 MHz:   0% 4104 MHz:   0% 4416 MHz:   0% 4512 MHz: 8.5%)
CPU 9 idle residency:  17.46%
CPU 9 down residency:  74.04%

P1-Cluster HW active frequency: 3053 MHz
P1-Cluster HW active residency:  69.28% (1260 MHz: .10% 1512 MHz:   0% 1800 MHz:   0% 2088 MHz:   0% 2352 MHz: 2.1% 2616 MHz:  39% 2868 MHz: 4.8% 3096 MHz: .37% 3300 MHz: .39% 3468 MHz: .39% 3624 MHz: .38% 3756 MHz: .39% 3828 MHz:   0% 3888 MHz: 3.8% 3948 MHz:  11% 3996 MHz: 2.9% 4044 MHz: 3.4% 4104 MHz:   0% 4416 MHz: .06% 4512 MHz: .09%)
P1-Cluster idle residency:   2.18%
P1-Cluster down residency:  28.54%
CPU 10 frequency: 3383 MHz
CPU 10 active residency:  27.37% (1260 MHz: .00% 1512 MHz:   0% 1800 MHz:   0% 2088 MHz:   0% 2352 MHz: .31% 2616 MHz:  11% 2868 MHz: 4.3% 3096 MHz: .93% 3300 MHz: .45% 3468 MHz: .35% 3624 MHz: .38% 3756 MHz: .37% 3828 MHz: .02% 3888 MHz:   0% 3948 MHz: .27% 3996 MHz:   0% 4044 MHz:   0% 4104 MHz: .29% 4416 MHz: .30% 4512 MHz: 8.9%)
CPU 10 idle residency:  45.31%
CPU 10 down residency:  27.33%
CPU 11 frequency: 3794 MHz
CPU 11 active residency:  17.39% (1260 MHz: .00% 1512 MHz:   0% 1800 MHz:   0% 2088 MHz:   0% 2352 MHz: .04% 2616 MHz: 4.2% 2868 MHz: 1.4% 3096 MHz: .65% 3300 MHz: .06% 3468 MHz: .20% 3624 MHz: .34% 3756 MHz: .38% 3828 MHz:   0% 3888 MHz:   0% 3948 MHz: .32% 3996 MHz:   0% 4044 MHz:   0% 4104 MHz: .27% 4416 MHz: .25% 4512 MHz: 9.3%)
CPU 11 idle residency:  54.48%
CPU 11 down residency:  28.13%
CPU 12 frequency: 3157 MHz
CPU 12 active residency:  50.19% (1260 MHz: .02% 1512 MHz:   0% 1800 MHz:   0% 2088 MHz:   0% 2352 MHz: 1.3% 2616 MHz:  23% 2868 MHz:  11% 3096 MHz: 1.0% 3300 MHz: .70% 3468 MHz: .70% 3624 MHz: .70% 3756 MHz: .35% 3828 MHz: .35% 3888 MHz:   0% 3948 MHz: .38% 3996 MHz:   0% 4044 MHz:   0% 4104 MHz: .34% 4416 MHz: .35% 4512 MHz:  11%)
CPU 12 idle residency:  23.92%
CPU 12 down residency:  25.89%
CPU 13 frequency: 3141 MHz
CPU 13 active residency:  46.09% (1260 MHz: .03% 1512 MHz:   0% 1800 MHz:   0% 2088 MHz:   0% 2352 MHz: 1.3% 2616 MHz:  23% 2868 MHz: 9.2% 3096 MHz: .63% 3300 MHz: .40% 3468 MHz: .35% 3624 MHz: .38% 3756 MHz: .20% 3828 MHz: .25% 3888 MHz:   0% 3948 MHz: .12% 3996 MHz:   0% 4044 MHz:   0% 4104 MHz: .04% 4416 MHz: .14% 4512 MHz:  11%)
CPU 13 idle residency:  27.60%
CPU 13 down residency:  26.31%
CPU 14 frequency: 3061 MHz
CPU 14 active residency:  44.29% (1260 MHz: .03% 1512 MHz:   0% 1800 MHz:   0% 2088 MHz:   0% 2352 MHz: 1.3% 2616 MHz:  23% 2868 MHz: 9.2% 3096 MHz: .79% 3300 MHz: .37% 3468 MHz: .45% 3624 MHz: .44% 3756 MHz: .18% 3828 MHz: .25% 3888 MHz:   0% 3948 MHz: .49% 3996 MHz:   0% 4044 MHz:   0% 4104 MHz: .35% 4416 MHz: .31% 4512 MHz: 7.4%)
CPU 14 idle residency:  29.47%
CPU 14 down residency:  26.24%
CPU 15 frequency: 4307 MHz
CPU 15 active residency:  14.14% (1260 MHz:   0% 1512 MHz:   0% 1800 MHz:   0% 2088 MHz:   0% 2352 MHz:   0% 2616 MHz: .14% 2868 MHz: 1.1% 3096 MHz: .02% 3300 MHz:   0% 3468 MHz: .02% 3624 MHz: .25% 3756 MHz: .34% 3828 MHz:   0% 3888 MHz:   0% 3948 MHz: .31% 3996 MHz:   0% 4044 MHz:   0% 4104 MHz: .24% 4416 MHz: .27% 4512 MHz:  11%)
CPU 15 idle residency:  57.67%
CPU 15 down residency:  28.19%

CPU Power: 3925 mW
GPU Power: 28403 mW
ANE Power: 0 mW
Combined Power (CPU + GPU + ANE): 32328 mW

**** GPU usage ****

GPU HW active frequency: 1578 MHz
GPU HW active residency: 100.00% (338 MHz:   0% 618 MHz:   0% 796 MHz:   0% 924 MHz:   0% 952 MHz:   0% 1056 MHz:   0% 1062 MHz:   0% 1182 MHz:   0% 1182 MHz:   0% 1312 MHz:   0% 1242 MHz:   0% 1380 MHz:   0% 1326 MHz:   0% 1470 MHz:   0% 1578 MHz: 100%)
GPU SW requested state: (P1 :   0% P2 :   0% P3 :   0% P4 :   0% P5 :   0% P6 :   0% P7 :   0% P8 :   0% P9 :   0% P10 : 100% P11 :   0% P12 :   0% P13 :   0% P14 :   0% P15 :   0%)
GPU SW state: (SW_P1 :   0% SW_P2 :   0% SW_P3 :   0% SW_P4 :   0% SW_P5 :   0% SW_P6 :   0% SW_P7 :   0% SW_P8 :   0% SW_P9 :   0% SW_P10 : 100% SW_P11 :   0% SW_P12 :   0% SW_P13 :   0% SW_P14 :   0% SW_P15 :   0%)
GPU idle residency:   0.00%
GPU Power: 28407 mW



*** Sampled system activity (Tue Jan 20 15:15:15 2026 +0100) (1020.19ms elapsed) ***


**** Processor usage ****

E-Cluster Online: 100%
E-Cluster HW active frequency: 1267 MHz
E-Cluster HW active residency:  53.93% (1020 MHz:  39% 1404 MHz: 5.2% 1788 MHz: 2.9% 2112 MHz: 2.3% 2352 MHz: 2.5% 2532 MHz: .58% 2592 MHz: 1.5%)
E-Cluster idle residency:  46.07%
E-Cluster down residency:   0.00%
CPU 0 frequency: 1271 MHz
CPU 0 active residency:  25.23% (1020 MHz:  18% 1404 MHz: 2.3% 1788 MHz: 1.4% 2112 MHz: .96% 2352 MHz: 1.4% 2532 MHz: .36% 2592 MHz: .55%)
CPU 0 idle residency:  74.77%
CPU 0 down residency:   0.00%
CPU 1 frequency: 1383 MHz
CPU 1 active residency:  15.65% (1020 MHz: 9.9% 1404 MHz: 1.3% 1788 MHz: 1.3% 2112 MHz: 1.1% 2352 MHz: 1.1% 2532 MHz: .46% 2592 MHz: .57%)
CPU 1 idle residency:  84.35%
CPU 1 down residency:   0.00%
CPU 2 frequency: 1401 MHz
CPU 2 active residency:   8.30% (1020 MHz: 5.1% 1404 MHz: .82% 1788 MHz: .63% 2112 MHz: .56% 2352 MHz: .71% 2532 MHz: .20% 2592 MHz: .32%)
CPU 2 idle residency:  91.70%
CPU 2 down residency:   0.00%
CPU 3 frequency: 1446 MHz
CPU 3 active residency:   6.89% (1020 MHz: 3.6% 1404 MHz: .98% 1788 MHz: .90% 2112 MHz: .47% 2352 MHz: .48% 2532 MHz: .23% 2592 MHz: .23%)
CPU 3 idle residency:  93.11%
CPU 3 down residency:   0.00%

P0-Cluster Online: 4%
P0-Cluster HW active frequency: 1506 MHz
P0-Cluster HW active residency:   1.10% (1260 MHz: .80% 1512 MHz:   0% 1800 MHz: .10% 2088 MHz: .02% 2352 MHz: .12% 2616 MHz: .05% 2868 MHz:   0% 3096 MHz:   0% 3300 MHz:   0% 3468 MHz:   0% 3624 MHz:   0% 3756 MHz:   0% 3828 MHz:   0% 3888 MHz:   0% 3948 MHz:   0% 3996 MHz:   0% 4044 MHz:   0% 4104 MHz:   0% 4416 MHz:   0% 4512 MHz:   0%)
P0-Cluster idle residency:   2.26%
P0-Cluster down residency:  96.64%
CPU 4 frequency: 0 MHz
CPU 4 active residency:   0.00% (1260 MHz:   0% 1512 MHz:   0% 1800 MHz:   0% 2088 MHz:   0% 2352 MHz:   0% 2616 MHz:   0% 2868 MHz:   0% 3096 MHz:   0% 3300 MHz:   0% 3468 MHz:   0% 3624 MHz:   0% 3756 MHz:   0% 3828 MHz:   0% 3888 MHz:   0% 3948 MHz:   0% 3996 MHz:   0% 4044 MHz:   0% 4104 MHz:   0% 4416 MHz:   0% 4512 MHz:   0%)
CPU 4 idle residency:   3.17%
CPU 4 down residency:  96.83%
CPU 5 frequency: 0 MHz
CPU 5 active residency:   0.00% (1260 MHz:   0% 1512 MHz:   0% 1800 MHz:   0% 2088 MHz:   0% 2352 MHz:   0% 2616 MHz:   0% 2868 MHz:   0% 3096 MHz:   0% 3300 MHz:   0% 3468 MHz:   0% 3624 MHz:   0% 3756 MHz:   0% 3828 MHz:   0% 3888 MHz:   0% 3948 MHz:   0% 3996 MHz:   0% 4044 MHz:   0% 4104 MHz:   0% 4416 MHz:   0% 4512 MHz:   0%)
CPU 5 idle residency:   3.13%
CPU 5 down residency:  96.87%
CPU 6 frequency: 0 MHz
CPU 6 active residency:   0.00% (1260 MHz:   0% 1512 MHz:   0% 1800 MHz:   0% 2088 MHz:   0% 2352 MHz:   0% 2616 MHz:   0% 2868 MHz:   0% 3096 MHz:   0% 3300 MHz:   0% 3468 MHz:   0% 3624 MHz:   0% 3756 MHz:   0% 3828 MHz:   0% 3888 MHz:   0% 3948 MHz:   0% 3996 MHz:   0% 4044 MHz:   0% 4104 MHz:   0% 4416 MHz:   0% 4512 MHz:   0%)
CPU 6 idle residency:   3.13%
CPU 6 down residency:  96.87%
CPU 7 frequency: 0 MHz
CPU 7 active residency:   0.00% (1260 MHz:   0% 1512 MHz:   0% 1800 MHz:   0% 2088 MHz:   0% 2352 MHz:   0% 2616 MHz:   0% 2868 MHz:   0% 3096 MHz:   0% 3300 MHz:   0% 3468 MHz:   0% 3624 MHz:   0% 3756 MHz:   0% 3828 MHz:   0% 3888 MHz:   0% 3948 MHz:   0% 3996 MHz:   0% 4044 MHz:   0% 4104 MHz:   0% 4416 MHz:   0% 4512 MHz:   0%)
CPU 7 idle residency:   3.18%
CPU 7 down residency:  96.82%
CPU 8 frequency: 0 MHz
CPU 8 active residency:   0.00% (1260 MHz:   0% 1512 MHz:   0% 1800 MHz:   0% 2088 MHz:   0% 2352 MHz:   0% 2616 MHz:   0% 2868 MHz:   0% 3096 MHz:   0% 3300 MHz:   0% 3468 MHz:   0% 3624 MHz:   0% 3756 MHz:   0% 3828 MHz:   0% 3888 MHz:   0% 3948 MHz:   0% 3996 MHz:   0% 4044 MHz:   0% 4104 MHz:   0% 4416 MHz:   0% 4512 MHz:   0%)
CPU 8 idle residency:   3.12%
CPU 8 down residency:  96.88%
CPU 9 frequency: 0 MHz
CPU 9 active residency:   0.00% (1260 MHz:   0% 1512 MHz:   0% 1800 MHz:   0% 2088 MHz:   0% 2352 MHz:   0% 2616 MHz:   0% 2868 MHz:   0% 3096 MHz:   0% 3300 MHz:   0% 3468 MHz:   0% 3624 MHz:   0% 3756 MHz:   0% 3828 MHz:   0% 3888 MHz:   0% 3948 MHz:   0% 3996 MHz:   0% 4044 MHz:   0% 4104 MHz:   0% 4416 MHz:   0% 4512 MHz:   0%)
CPU 9 idle residency:   3.14%
CPU 9 down residency:  96.86%

P1-Cluster HW active frequency: 3157 MHz
P1-Cluster HW active residency:  97.60% (1260 MHz: .01% 1512 MHz:   0% 1800 MHz:   0% 2088 MHz: 2.5% 2352 MHz: 9.8% 2616 MHz:  29% 2868 MHz:  11% 3096 MHz: 6.2% 3300 MHz: .39% 3468 MHz: .38% 3624 MHz: .39% 3756 MHz:   0% 3828 MHz: .39% 3888 MHz: 3.7% 3948 MHz:  23% 3996 MHz: 4.3% 4044 MHz: 5.8% 4104 MHz:   0% 4416 MHz: .06% 4512 MHz: .05%)
P1-Cluster idle residency:   2.40%
P1-Cluster down residency:   0.00%
CPU 10 frequency: 3672 MHz
CPU 10 active residency:  33.26% (1260 MHz:   0% 1512 MHz:   0% 1800 MHz:   0% 2088 MHz: 1.3% 2352 MHz: 3.3% 2616 MHz: 5.9% 2868 MHz: 2.0% 3096 MHz: 1.4% 3300 MHz: .21% 3468 MHz: .29% 3624 MHz: .31% 3756 MHz:   0% 3828 MHz: .29% 3888 MHz:   0% 3948 MHz:   0% 3996 MHz:   0% 4044 MHz: .29% 4104 MHz: .27% 4416 MHz: .28% 4512 MHz:  17%)
CPU 10 idle residency:  66.74%
CPU 10 down residency:   0.00%
CPU 11 frequency: 4276 MHz
CPU 11 active residency:  30.30% (1260 MHz:   0% 1512 MHz:   0% 1800 MHz:   0% 2088 MHz: .08% 2352 MHz: 1.0% 2616 MHz: 1.6% 2868 MHz: .80% 3096 MHz: .10% 3300 MHz: .00% 3468 MHz:   0% 3624 MHz: .14% 3756 MHz:   0% 3828 MHz:   0% 3888 MHz:   0% 3948 MHz:   0% 3996 MHz:   0% 4044 MHz: .04% 4104 MHz:   0% 4416 MHz: .09% 4512 MHz:  26%)
CPU 11 idle residency:  69.70%
CPU 11 down residency:   0.00%
CPU 12 frequency: 3936 MHz
CPU 12 active residency:  14.51% (1260 MHz:   0% 1512 MHz:   0% 1800 MHz:   0% 2088 MHz: .06% 2352 MHz: 1.4% 2616 MHz: 2.2% 2868 MHz: .43% 3096 MHz: .09% 3300 MHz:   0% 3468 MHz:   0% 3624 MHz: .06% 3756 MHz:   0% 3828 MHz:   0% 3888 MHz:   0% 3948 MHz:   0% 3996 MHz:   0% 4044 MHz: .02% 4104 MHz: .03% 4416 MHz: .02% 4512 MHz:  10%)
CPU 12 idle residency:  85.49%
CPU 12 down residency:   0.00%
CPU 13 frequency: 3298 MHz
CPU 13 active residency:  66.28% (1260 MHz: .00% 1512 MHz:   0% 1800 MHz:   0% 2088 MHz: 1.6% 2352 MHz: 7.3% 2616 MHz:  21% 2868 MHz: 8.1% 3096 MHz: 3.6% 3300 MHz: .39% 3468 MHz: .38% 3624 MHz: .39% 3756 MHz:   0% 3828 MHz: .40% 3888 MHz:   0% 3948 MHz:   0% 3996 MHz:   0% 4044 MHz: .38% 4104 MHz: .39% 4416 MHz: .39% 4512 MHz:  22%)
CPU 13 idle residency:  33.72%
CPU 13 down residency:   0.00%
CPU 14 frequency: 3274 MHz
CPU 14 active residency:  61.57% (1260 MHz: .00% 1512 MHz:   0% 1800 MHz:   0% 2088 MHz: 1.2% 2352 MHz: 6.7% 2616 MHz:  20% 2868 MHz: 8.7% 3096 MHz: 3.9% 3300 MHz: .06% 3468 MHz: .25% 3624 MHz: .29% 3756 MHz:   0% 3828 MHz: .27% 3888 MHz:   0% 3948 MHz:   0% 3996 MHz:   0% 4044 MHz: .30% 4104 MHz: .26% 4416 MHz: .31% 4512 MHz:  19%)
CPU 14 idle residency:  38.43%
CPU 14 down residency:   0.00%
CPU 15 frequency: 3183 MHz
CPU 15 active residency:  54.39% (1260 MHz:   0% 1512 MHz:   0% 1800 MHz:   0% 2088 MHz: 1.6% 2352 MHz: 5.7% 2616 MHz:  20% 2868 MHz: 7.6% 3096 MHz: 3.9% 3300 MHz: .06% 3468 MHz: .28% 3624 MHz: .33% 3756 MHz:   0% 3828 MHz: .28% 3888 MHz:   0% 3948 MHz:   0% 3996 MHz:   0% 4044 MHz: .28% 4104 MHz: .26% 4416 MHz: .30% 4512 MHz:  14%)
CPU 15 idle residency:  45.61%
CPU 15 down residency:   0.00%

CPU Power: 3862 mW
GPU Power: 28151 mW
ANE Power: 0 mW
Combined Power (CPU + GPU + ANE): 32013 mW

**** GPU usage ****

GPU HW active frequency: 1578 MHz
GPU HW active residency: 100.00% (338 MHz:   0% 618 MHz:   0% 796 MHz:   0% 924 MHz:   0% 952 MHz:   0% 1056 MHz:   0% 1062 MHz:   0% 1182 MHz:   0% 1182 MHz:   0% 1312 MHz:   0% 1242 MHz:   0% 1380 MHz:   0% 1326 MHz:   0% 1470 MHz:   0% 1578 MHz: 100%)
GPU SW requested state: (P1 :   0% P2 :   0% P3 :   0% P4 :   0% P5 :   0% P6 :   0% P7 :   0% P8 :   0% P9 :   0% P10 : 100% P11 :   0% P12 :   0% P13 :   0% P14 :   0% P15 :   0%)
GPU SW state: (SW_P1 :   0% SW_P2 :   0% SW_P3 :   0% SW_P4 :   0% SW_P5 :   0% SW_P6 :   0% SW_P7 :   0% SW_P8 :   0% SW_P9 :   0% SW_P10 : 100% SW_P11 :   0% SW_P12 :   0% SW_P13 :   0% SW_P14 :   0% SW_P15 :   0%)
GPU idle residency:   0.00%
GPU Power: 28152 mW



*** Sampled system activity (Tue Jan 20 15:15:16 2026 +0100) (1019.60ms elapsed) ***


**** Processor usage ****

E-Cluster Online: 100%
E-Cluster HW active frequency: 1346 MHz
E-Cluster HW active residency:  64.16% (1020 MHz:  42% 1404 MHz: 7.1% 1788 MHz: 5.3% 2112 MHz: 2.3% 2352 MHz: 1.2% 2532 MHz: 2.7% 2592 MHz: 3.8%)
E-Cluster idle residency:  35.84%
E-Cluster down residency:   0.00%
CPU 0 frequency: 1337 MHz
CPU 0 active residency:  32.65% (1020 MHz:  21% 1404 MHz: 4.0% 1788 MHz: 2.5% 2112 MHz: .69% 2352 MHz: .73% 2532 MHz: 1.2% 2592 MHz: 2.2%)
CPU 0 idle residency:  67.35%
CPU 0 down residency:   0.00%
CPU 1 frequency: 1349 MHz
CPU 1 active residency:  21.30% (1020 MHz:  14% 1404 MHz: 2.1% 1788 MHz: 2.5% 2112 MHz: .87% 2352 MHz: .37% 2532 MHz: .91% 2592 MHz: .92%)
CPU 1 idle residency:  78.70%
CPU 1 down residency:   0.00%
CPU 2 frequency: 1310 MHz
CPU 2 active residency:  12.75% (1020 MHz: 8.5% 1404 MHz: 1.2% 1788 MHz: 1.8% 2112 MHz: .15% 2352 MHz: .12% 2532 MHz: .59% 2592 MHz: .42%)
CPU 2 idle residency:  87.25%
CPU 2 down residency:   0.00%
CPU 3 frequency: 1363 MHz
CPU 3 active residency:   8.33% (1020 MHz: 5.4% 1404 MHz: .79% 1788 MHz: .67% 2112 MHz: .38% 2352 MHz: .24% 2532 MHz: .70% 2592 MHz: .16%)
CPU 3 idle residency:  91.67%
CPU 3 down residency:   0.00%

P0-Cluster Online: 13%
P0-Cluster HW active frequency: 2189 MHz
P0-Cluster HW active residency:   6.16% (1260 MHz: 2.2% 1512 MHz: .22% 1800 MHz: .32% 2088 MHz: .31% 2352 MHz: .35% 2616 MHz: .78% 2868 MHz: .61% 3096 MHz: .58% 3300 MHz: .50% 3468 MHz: .33% 3624 MHz:   0% 3756 MHz:   0% 3828 MHz:   0% 3888 MHz:   0% 3948 MHz:   0% 3996 MHz:   0% 4044 MHz:   0% 4104 MHz:   0% 4416 MHz:   0% 4512 MHz:   0%)
P0-Cluster idle residency:   5.91%
P0-Cluster down residency:  87.93%
CPU 4 frequency: 0 MHz
CPU 4 active residency:   0.00% (1260 MHz:   0% 1512 MHz:   0% 1800 MHz:   0% 2088 MHz:   0% 2352 MHz:   0% 2616 MHz:   0% 2868 MHz:   0% 3096 MHz:   0% 3300 MHz:   0% 3468 MHz:   0% 3624 MHz:   0% 3756 MHz:   0% 3828 MHz:   0% 3888 MHz:   0% 3948 MHz:   0% 3996 MHz:   0% 4044 MHz:   0% 4104 MHz:   0% 4416 MHz:   0% 4512 MHz:   0%)
CPU 4 idle residency:  11.92%
CPU 4 down residency:  88.08%
CPU 5 frequency: 0 MHz
CPU 5 active residency:   0.00% (1260 MHz:   0% 1512 MHz:   0% 1800 MHz:   0% 2088 MHz:   0% 2352 MHz:   0% 2616 MHz:   0% 2868 MHz:   0% 3096 MHz:   0% 3300 MHz:   0% 3468 MHz:   0% 3624 MHz:   0% 3756 MHz:   0% 3828 MHz:   0% 3888 MHz:   0% 3948 MHz:   0% 3996 MHz:   0% 4044 MHz:   0% 4104 MHz:   0% 4416 MHz:   0% 4512 MHz:   0%)
CPU 5 idle residency:   9.54%
CPU 5 down residency:  90.46%
CPU 6 frequency: 0 MHz
CPU 6 active residency:   0.00% (1260 MHz:   0% 1512 MHz:   0% 1800 MHz:   0% 2088 MHz:   0% 2352 MHz:   0% 2616 MHz:   0% 2868 MHz:   0% 3096 MHz:   0% 3300 MHz:   0% 3468 MHz:   0% 3624 MHz:   0% 3756 MHz:   0% 3828 MHz:   0% 3888 MHz:   0% 3948 MHz:   0% 3996 MHz:   0% 4044 MHz:   0% 4104 MHz:   0% 4416 MHz:   0% 4512 MHz:   0%)
CPU 6 idle residency:  11.57%
CPU 6 down residency:  88.43%
CPU 7 frequency: 0 MHz
CPU 7 active residency:   0.00% (1260 MHz:   0% 1512 MHz:   0% 1800 MHz:   0% 2088 MHz:   0% 2352 MHz:   0% 2616 MHz:   0% 2868 MHz:   0% 3096 MHz:   0% 3300 MHz:   0% 3468 MHz:   0% 3624 MHz:   0% 3756 MHz:   0% 3828 MHz:   0% 3888 MHz:   0% 3948 MHz:   0% 3996 MHz:   0% 4044 MHz:   0% 4104 MHz:   0% 4416 MHz:   0% 4512 MHz:   0%)
CPU 7 idle residency:  11.93%
CPU 7 down residency:  88.07%
CPU 8 frequency: 0 MHz
CPU 8 active residency:   0.00% (1260 MHz:   0% 1512 MHz:   0% 1800 MHz:   0% 2088 MHz:   0% 2352 MHz:   0% 2616 MHz:   0% 2868 MHz:   0% 3096 MHz:   0% 3300 MHz:   0% 3468 MHz:   0% 3624 MHz:   0% 3756 MHz:   0% 3828 MHz:   0% 3888 MHz:   0% 3948 MHz:   0% 3996 MHz:   0% 4044 MHz:   0% 4104 MHz:   0% 4416 MHz:   0% 4512 MHz:   0%)
CPU 8 idle residency:  11.93%
CPU 8 down residency:  88.07%
CPU 9 frequency: 0 MHz
CPU 9 active residency:   0.00% (1260 MHz:   0% 1512 MHz:   0% 1800 MHz:   0% 2088 MHz:   0% 2352 MHz:   0% 2616 MHz:   0% 2868 MHz:   0% 3096 MHz:   0% 3300 MHz:   0% 3468 MHz:   0% 3624 MHz:   0% 3756 MHz:   0% 3828 MHz:   0% 3888 MHz:   0% 3948 MHz:   0% 3996 MHz:   0% 4044 MHz:   0% 4104 MHz:   0% 4416 MHz:   0% 4512 MHz:   0%)
CPU 9 idle residency:  11.50%
CPU 9 down residency:  88.50%

P1-Cluster HW active frequency: 3323 MHz
P1-Cluster HW active residency:  97.35% (1260 MHz: .01% 1512 MHz: .24% 1800 MHz: 1.4% 2088 MHz: 9.1% 2352 MHz: .58% 2616 MHz: .78% 2868 MHz:  16% 3096 MHz:  11% 3300 MHz:  12% 3468 MHz: 8.9% 3624 MHz: 1.4% 3756 MHz: .38% 3828 MHz:   0% 3888 MHz: 4.2% 3948 MHz:  22% 3996 MHz: 4.8% 4044 MHz: 5.3% 4104 MHz:   0% 4416 MHz: .04% 4512 MHz: .10%)
P1-Cluster idle residency:   2.65%
P1-Cluster down residency:   0.00%
CPU 10 frequency: 3910 MHz
CPU 10 active residency:  38.42% (1260 MHz:   0% 1512 MHz:   0% 1800 MHz: .16% 2088 MHz: .74% 2352 MHz: .58% 2616 MHz: .77% 2868 MHz: 4.9% 3096 MHz: 2.2% 3300 MHz: 4.0% 3468 MHz: 1.5% 3624 MHz: .17% 3756 MHz: .01% 3828 MHz:   0% 3888 MHz:   0% 3948 MHz: .28% 3996 MHz:   0% 4044 MHz:   0% 4104 MHz: .14% 4416 MHz: .33% 4512 MHz:  22%)
CPU 10 idle residency:  61.58%
CPU 10 down residency:   0.00%
CPU 11 frequency: 3521 MHz
CPU 11 active residency:  48.21% (1260 MHz: .00% 1512 MHz:   0% 1800 MHz: .04% 2088 MHz: .32% 2352 MHz: .57% 2616 MHz: .78% 2868 MHz:  11% 3096 MHz: 8.0% 3300 MHz: 7.6% 3468 MHz: 4.7% 3624 MHz: .72% 3756 MHz: .16% 3828 MHz:   0% 3888 MHz:   0% 3948 MHz: .31% 3996 MHz:   0% 4044 MHz:   0% 4104 MHz: .29% 4416 MHz: .32% 4512 MHz:  14%)
CPU 11 idle residency:  51.79%
CPU 11 down residency:   0.00%
CPU 12 frequency: 3708 MHz
CPU 12 active residency:  41.98% (1260 MHz:   0% 1512 MHz: .13% 1800 MHz: 1.1% 2088 MHz: 6.4% 2352 MHz: .55% 2616 MHz: .78% 2868 MHz: 2.1% 3096 MHz: .94% 3300 MHz: 1.7% 3468 MHz: 4.1% 3624 MHz: .77% 3756 MHz: .03% 3828 MHz:   0% 3888 MHz:   0% 3948 MHz:   0% 3996 MHz:   0% 4044 MHz:   0% 4104 MHz: .05% 4416 MHz: .05% 4512 MHz:  23%)
CPU 12 idle residency:  58.02%
CPU 12 down residency:   0.00%
CPU 13 frequency: 3492 MHz
CPU 13 active residency:  47.99% (1260 MHz:   0% 1512 MHz:   0% 1800 MHz: .03% 2088 MHz: .28% 2352 MHz: .55% 2616 MHz: .52% 2868 MHz:  12% 3096 MHz: 8.2% 3300 MHz: 5.8% 3468 MHz: 6.0% 3624 MHz: .82% 3756 MHz: .38% 3828 MHz:   0% 3888 MHz:   0% 3948 MHz: .39% 3996 MHz:   0% 4044 MHz:   0% 4104 MHz: .39% 4416 MHz: .38% 4512 MHz:  12%)
CPU 13 idle residency:  52.01%
CPU 13 down residency:   0.00%
CPU 14 frequency: 3662 MHz
CPU 14 active residency:  35.07% (1260 MHz:   0% 1512 MHz: .08% 1800 MHz: 1.0% 2088 MHz: 6.2% 2352 MHz: .58% 2616 MHz: .77% 2868 MHz: 1.8% 3096 MHz: .50% 3300 MHz: 2.0% 3468 MHz: 2.8% 3624 MHz: .10% 3756 MHz:   0% 3828 MHz:   0% 3888 MHz:   0% 3948 MHz:   0% 3996 MHz:   0% 4044 MHz:   0% 4104 MHz: .02% 4416 MHz:   0% 4512 MHz:  19%)
CPU 14 idle residency:  64.93%
CPU 14 down residency:   0.00%
CPU 15 frequency: 3414 MHz
CPU 15 active residency:  59.30% (1260 MHz: .00% 1512 MHz: .05% 1800 MHz: 1.1% 2088 MHz: 6.2% 2352 MHz: .58% 2616 MHz: .78% 2868 MHz:  12% 3096 MHz: 7.4% 3300 MHz: 6.8% 3468 MHz: 4.7% 3624 MHz: .95% 3756 MHz: .07% 3828 MHz:   0% 3888 MHz:   0% 3948 MHz: .28% 3996 MHz:   0% 4044 MHz:   0% 4104 MHz: .30% 4416 MHz: .06% 4512 MHz:  18%)
CPU 15 idle residency:  40.70%
CPU 15 down residency:   0.00%

CPU Power: 4275 mW
GPU Power: 28394 mW
ANE Power: 0 mW
Combined Power (CPU + GPU + ANE): 32670 mW

**** GPU usage ****

GPU HW active frequency: 1578 MHz
GPU HW active residency: 100.00% (338 MHz:   0% 618 MHz:   0% 796 MHz:   0% 924 MHz:   0% 952 MHz:   0% 1056 MHz:   0% 1062 MHz:   0% 1182 MHz:   0% 1182 MHz:   0% 1312 MHz:   0% 1242 MHz:   0% 1380 MHz:   0% 1326 MHz:   0% 1470 MHz:   0% 1578 MHz: 100%)
GPU SW requested state: (P1 :   0% P2 :   0% P3 :   0% P4 :   0% P5 :   0% P6 :   0% P7 :   0% P8 :   0% P9 :   0% P10 : 100% P11 :   0% P12 :   0% P13 :   0% P14 :   0% P15 :   0%)
GPU SW state: (SW_P1 :   0% SW_P2 :   0% SW_P3 :   0% SW_P4 :   0% SW_P5 :   0% SW_P6 :   0% SW_P7 :   0% SW_P8 :   0% SW_P9 :   0% SW_P10 : 100% SW_P11 :   0% SW_P12 :   0% SW_P13 :   0% SW_P14 :   0% SW_P15 :   0%)
GPU idle residency:   0.00%
GPU Power: 28393 mW



*** Sampled system activity (Tue Jan 20 15:15:17 2026 +0100) (1021.25ms elapsed) ***


**** Processor usage ****

E-Cluster Online: 100%
E-Cluster HW active frequency: 1253 MHz
E-Cluster HW active residency:  56.91% (1020 MHz:  42% 1404 MHz: 5.5% 1788 MHz: 3.6% 2112 MHz: 1.1% 2352 MHz: .99% 2532 MHz: 1.1% 2592 MHz: 2.7%)
E-Cluster idle residency:  43.09%
E-Cluster down residency:   0.00%
CPU 0 frequency: 1249 MHz
CPU 0 active residency:  29.70% (1020 MHz:  21% 1404 MHz: 3.5% 1788 MHz: 2.3% 2112 MHz: .59% 2352 MHz: .45% 2532 MHz: .61% 2592 MHz: .99%)
CPU 0 idle residency:  70.30%
CPU 0 down residency:   0.00%
CPU 1 frequency: 1317 MHz
CPU 1 active residency:  15.54% (1020 MHz:  11% 1404 MHz: 1.7% 1788 MHz: 1.1% 2112 MHz: .21% 2352 MHz: .54% 2532 MHz: .71% 2592 MHz: .70%)
CPU 1 idle residency:  84.46%
CPU 1 down residency:   0.00%
CPU 2 frequency: 1274 MHz
CPU 2 active residency:  10.41% (1020 MHz: 7.6% 1404 MHz: .83% 1788 MHz: .88% 2112 MHz: .09% 2352 MHz: .26% 2532 MHz: .27% 2592 MHz: .51%)
CPU 2 idle residency:  89.59%
CPU 2 down residency:   0.00%
CPU 3 frequency: 1355 MHz
CPU 3 active residency:   6.38% (1020 MHz: 4.2% 1404 MHz: .61% 1788 MHz: .66% 2112 MHz: .03% 2352 MHz: .23% 2532 MHz: .22% 2592 MHz: .46%)
CPU 3 idle residency:  93.62%
CPU 3 down residency:   0.00%

P0-Cluster Online: 6%
P0-Cluster HW active frequency: 1567 MHz
P0-Cluster HW active residency:   1.77% (1260 MHz: 1.4% 1512 MHz:   0% 1800 MHz:   0% 2088 MHz:   0% 2352 MHz: .06% 2616 MHz: .19% 2868 MHz: .13% 3096 MHz:   0% 3300 MHz:   0% 3468 MHz:   0% 3624 MHz:   0% 3756 MHz:   0% 3828 MHz:   0% 3888 MHz:   0% 3948 MHz:   0% 3996 MHz:   0% 4044 MHz:   0% 4104 MHz:   0% 4416 MHz:   0% 4512 MHz:   0%)
P0-Cluster idle residency:   3.92%
P0-Cluster down residency:  94.32%
CPU 4 frequency: 2178 MHz
CPU 4 active residency:   3.25% (1260 MHz: .42% 1512 MHz: .12% 1800 MHz: .75% 2088 MHz: 1.1% 2352 MHz: .28% 2616 MHz: .24% 2868 MHz:   0% 3096 MHz:   0% 3300 MHz:   0% 3468 MHz:   0% 3624 MHz:   0% 3756 MHz:   0% 3828 MHz:   0% 3888 MHz:   0% 3948 MHz:   0% 3996 MHz:   0% 4044 MHz:   0% 4104 MHz:   0% 4416 MHz:   0% 4512 MHz: .30%)
CPU 4 idle residency:   5.24%
CPU 4 down residency:  91.52%
CPU 5 frequency: 2414 MHz
CPU 5 active residency:  10.00% (1260 MHz: .44% 1512 MHz: .30% 1800 MHz: .90% 2088 MHz: 1.1% 2352 MHz: 3.7% 2616 MHz: 1.9% 2868 MHz: .52% 3096 MHz: .53% 3300 MHz: .22% 3468 MHz: .27% 3624 MHz:   0% 3756 MHz:   0% 3828 MHz:   0% 3888 MHz:   0% 3948 MHz:   0% 3996 MHz:   0% 4044 MHz:   0% 4104 MHz:   0% 4416 MHz:   0% 4512 MHz: .22%)
CPU 5 idle residency:   4.87%
CPU 5 down residency:  85.13%
CPU 6 frequency: 2267 MHz
CPU 6 active residency:   8.69% (1260 MHz: .42% 1512 MHz: .45% 1800 MHz: 1.6% 2088 MHz: .31% 2352 MHz: 4.3% 2616 MHz: 1.1% 2868 MHz: .00% 3096 MHz: .03% 3300 MHz: .14% 3468 MHz: .10% 3624 MHz:   0% 3756 MHz:   0% 3828 MHz:   0% 3888 MHz:   0% 3948 MHz:   0% 3996 MHz:   0% 4044 MHz:   0% 4104 MHz:   0% 4416 MHz:   0% 4512 MHz: .23%)
CPU 6 idle residency:   4.93%
CPU 6 down residency:  86.39%
CPU 7 frequency: 1461 MHz
CPU 7 active residency:   0.57% (1260 MHz: .43% 1512 MHz: .02% 1800 MHz: .03% 2088 MHz: .03% 2352 MHz: .07% 2616 MHz:   0% 2868 MHz:   0% 3096 MHz:   0% 3300 MHz:   0% 3468 MHz:   0% 3624 MHz:   0% 3756 MHz:   0% 3828 MHz:   0% 3888 MHz:   0% 3948 MHz:   0% 3996 MHz:   0% 4044 MHz:   0% 4104 MHz:   0% 4416 MHz:   0% 4512 MHz:   0%)
CPU 7 idle residency:   5.39%
CPU 7 down residency:  94.04%
CPU 8 frequency: 1892 MHz
CPU 8 active residency:   0.92% (1260 MHz: .43% 1512 MHz:   0% 1800 MHz: .01% 2088 MHz: .02% 2352 MHz: .24% 2616 MHz: .22% 2868 MHz:   0% 3096 MHz:   0% 3300 MHz:   0% 3468 MHz:   0% 3624 MHz:   0% 3756 MHz:   0% 3828 MHz:   0% 3888 MHz:   0% 3948 MHz:   0% 3996 MHz:   0% 4044 MHz:   0% 4104 MHz:   0% 4416 MHz:   0% 4512 MHz:   0%)
CPU 8 idle residency:   5.37%
CPU 8 down residency:  93.71%
CPU 9 frequency: 2259 MHz
CPU 9 active residency:   8.40% (1260 MHz: .43% 1512 MHz: .37% 1800 MHz: 1.2% 2088 MHz: .87% 2352 MHz: 3.6% 2616 MHz: 1.5% 2868 MHz:   0% 3096 MHz: .00% 3300 MHz: .19% 3468 MHz: .11% 3624 MHz:   0% 3756 MHz:   0% 3828 MHz:   0% 3888 MHz:   0% 3948 MHz:   0% 3996 MHz:   0% 4044 MHz:   0% 4104 MHz:   0% 4416 MHz:   0% 4512 MHz: .09%)
CPU 9 idle residency:   4.70%
CPU 9 down residency:  86.90%

P1-Cluster HW active frequency: 3270 MHz
P1-Cluster HW active residency:  96.48% (1260 MHz: .07% 1512 MHz: .01% 1800 MHz: 2.4% 2088 MHz: 2.4% 2352 MHz: 3.4% 2616 MHz: 8.9% 2868 MHz:  20% 3096 MHz:  15% 3300 MHz: 5.7% 3468 MHz: .99% 3624 MHz: .39% 3756 MHz:   0% 3828 MHz: .39% 3888 MHz: 5.2% 3948 MHz:  20% 3996 MHz: 5.3% 4044 MHz: 5.9% 4104 MHz:   0% 4416 MHz: .01% 4512 MHz: .01%)
P1-Cluster idle residency:   3.52%
P1-Cluster down residency:   0.00%
CPU 10 frequency: 3370 MHz
CPU 10 active residency:  63.71% (1260 MHz: .00% 1512 MHz: .01% 1800 MHz: 1.8% 2088 MHz: 1.6% 2352 MHz: 2.2% 2616 MHz: 7.2% 2868 MHz:  15% 3096 MHz:  10% 3300 MHz: 4.0% 3468 MHz: .85% 3624 MHz: .33% 3756 MHz:   0% 3828 MHz: .28% 3888 MHz:   0% 3948 MHz: .24% 3996 MHz:   0% 4044 MHz:   0% 4104 MHz: .30% 4416 MHz: .33% 4512 MHz:  19%)
CPU 10 idle residency:  36.29%
CPU 10 down residency:   0.00%
CPU 11 frequency: 4001 MHz
CPU 11 active residency:  32.72% (1260 MHz:   0% 1512 MHz:   0% 1800 MHz: .80% 2088 MHz: .12% 2352 MHz: .37% 2616 MHz: 2.1% 2868 MHz: 3.4% 3096 MHz: 1.5% 3300 MHz: .73% 3468 MHz: .33% 3624 MHz: .20% 3756 MHz:   0% 3828 MHz: .30% 3888 MHz:   0% 3948 MHz: .17% 3996 MHz:   0% 4044 MHz:   0% 4104 MHz: .00% 4416 MHz: .08% 4512 MHz:  23%)
CPU 11 idle residency:  67.28%
CPU 11 down residency:   0.00%
CPU 12 frequency: 4199 MHz
CPU 12 active residency:  22.70% (1260 MHz:   0% 1512 MHz:   0% 1800 MHz:   0% 2088 MHz: .01% 2352 MHz: .15% 2616 MHz: 1.3% 2868 MHz: 1.5% 3096 MHz: .71% 3300 MHz: .19% 3468 MHz: .34% 3624 MHz: .08% 3756 MHz:   0% 3828 MHz: .05% 3888 MHz:   0% 3948 MHz: .20% 3996 MHz:   0% 4044 MHz:   0% 4104 MHz: .26% 4416 MHz: .36% 4512 MHz:  18%)
CPU 12 idle residency:  77.30%
CPU 12 down residency:   0.00%
CPU 13 frequency: 4207 MHz
CPU 13 active residency:  17.06% (1260 MHz:   0% 1512 MHz:   0% 1800 MHz:   0% 2088 MHz:   0% 2352 MHz: .05% 2616 MHz: 1.5% 2868 MHz: .71% 3096 MHz: .04% 3300 MHz: .03% 3468 MHz: .21% 3624 MHz: .39% 3756 MHz:   0% 3828 MHz: .39% 3888 MHz:   0% 3948 MHz: .39% 3996 MHz:   0% 4044 MHz:   0% 4104 MHz: .12% 4416 MHz: .01% 4512 MHz:  13%)
CPU 13 idle residency:  82.94%
CPU 13 down residency:   0.00%
CPU 14 frequency: 3372 MHz
CPU 14 active residency:  61.30% (1260 MHz: .03% 1512 MHz: .00% 1800 MHz: 1.8% 2088 MHz: 1.7% 2352 MHz: 2.1% 2616 MHz: 6.7% 2868 MHz:  14% 3096 MHz:  10% 3300 MHz: 3.5% 3468 MHz: .87% 3624 MHz: .31% 3756 MHz:   0% 3828 MHz: .27% 3888 MHz:   0% 3948 MHz: .29% 3996 MHz:   0% 4044 MHz:   0% 4104 MHz: .24% 4416 MHz: .35% 4512 MHz:  19%)
CPU 14 idle residency:  38.70%
CPU 14 down residency:   0.00%
CPU 15 frequency: 3386 MHz
CPU 15 active residency:  58.90% (1260 MHz: .02% 1512 MHz: .01% 1800 MHz: .97% 2088 MHz: 1.6% 2352 MHz: 2.0% 2616 MHz: 7.6% 2868 MHz:  13% 3096 MHz: 9.9% 3300 MHz: 3.2% 3468 MHz: .70% 3624 MHz: .39% 3756 MHz:   0% 3828 MHz: .39% 3888 MHz:   0% 3948 MHz: .39% 3996 MHz:   0% 4044 MHz:   0% 4104 MHz: .39% 4416 MHz: .39% 4512 MHz:  18%)
CPU 15 idle residency:  41.10%
CPU 15 down residency:   0.00%

CPU Power: 4073 mW
GPU Power: 28145 mW
ANE Power: 0 mW
Combined Power (CPU + GPU + ANE): 32218 mW

**** GPU usage ****

GPU HW active frequency: 1578 MHz
GPU HW active residency: 100.00% (338 MHz:   0% 618 MHz:   0% 796 MHz:   0% 924 MHz:   0% 952 MHz:   0% 1056 MHz:   0% 1062 MHz:   0% 1182 MHz:   0% 1182 MHz:   0% 1312 MHz:   0% 1242 MHz:   0% 1380 MHz:   0% 1326 MHz:   0% 1470 MHz:   0% 1578 MHz: 100%)
GPU SW requested state: (P1 :   0% P2 :   0% P3 :   0% P4 :   0% P5 :   0% P6 :   0% P7 :   0% P8 :   0% P9 :   0% P10 : 100% P11 :   0% P12 :   0% P13 :   0% P14 :   0% P15 :   0%)
GPU SW state: (SW_P1 :   0% SW_P2 :   0% SW_P3 :   0% SW_P4 :   0% SW_P5 :   0% SW_P6 :   0% SW_P7 :   0% SW_P8 :   0% SW_P9 :   0% SW_P10 : 100% SW_P11 :   0% SW_P12 :   0% SW_P13 :   0% SW_P14 :   0% SW_P15 :   0%)
GPU idle residency:   0.00%
GPU Power: 28144 mW



*** Sampled system activity (Tue Jan 20 15:15:18 2026 +0100) (1020.09ms elapsed) ***


**** Processor usage ****

E-Cluster Online: 100%
E-Cluster HW active frequency: 1248 MHz
E-Cluster HW active residency:  58.21% (1020 MHz:  42% 1404 MHz: 6.5% 1788 MHz: 4.4% 2112 MHz: .86% 2352 MHz: 1.2% 2532 MHz: 1.6% 2592 MHz: 1.5%)
E-Cluster idle residency:  41.79%
E-Cluster down residency:   0.00%
CPU 0 frequency: 1295 MHz
CPU 0 active residency:  33.02% (1020 MHz:  22% 1404 MHz: 3.6% 1788 MHz: 3.2% 2112 MHz: .59% 2352 MHz: .99% 2532 MHz: 1.4% 2592 MHz: .73%)
CPU 0 idle residency:  66.98%
CPU 0 down residency:   0.00%
CPU 1 frequency: 1263 MHz
CPU 1 active residency:  15.92% (1020 MHz:  12% 1404 MHz: 1.5% 1788 MHz: 1.1% 2112 MHz: .20% 2352 MHz: .38% 2532 MHz: .47% 2592 MHz: .63%)
CPU 1 idle residency:  84.08%
CPU 1 down residency:   0.00%
CPU 2 frequency: 1303 MHz
CPU 2 active residency:  11.44% (1020 MHz: 8.0% 1404 MHz: .94% 1788 MHz: 1.2% 2112 MHz: .08% 2352 MHz: .29% 2532 MHz: .33% 2592 MHz: .61%)
CPU 2 idle residency:  88.56%
CPU 2 down residency:   0.00%
CPU 3 frequency: 1293 MHz
CPU 3 active residency:   6.24% (1020 MHz: 4.3% 1404 MHz: .43% 1788 MHz: .92% 2112 MHz: .05% 2352 MHz: .18% 2532 MHz: .11% 2592 MHz: .24%)
CPU 3 idle residency:  93.76%
CPU 3 down residency:   0.00%

P0-Cluster Online: 5%
P0-Cluster HW active frequency: 1453 MHz
P0-Cluster HW active residency:   1.48% (1260 MHz: 1.3% 1512 MHz:   0% 1800 MHz:   0% 2088 MHz:   0% 2352 MHz:   0% 2616 MHz: .04% 2868 MHz: .15% 3096 MHz:   0% 3300 MHz:   0% 3468 MHz:   0% 3624 MHz:   0% 3756 MHz:   0% 3828 MHz:   0% 3888 MHz:   0% 3948 MHz:   0% 3996 MHz:   0% 4044 MHz:   0% 4104 MHz:   0% 4416 MHz:   0% 4512 MHz:   0%)
P0-Cluster idle residency:   2.65%
P0-Cluster down residency:  95.87%
CPU 4 frequency: 0 MHz
CPU 4 active residency:   0.00% (1260 MHz:   0% 1512 MHz:   0% 1800 MHz:   0% 2088 MHz:   0% 2352 MHz:   0% 2616 MHz:   0% 2868 MHz:   0% 3096 MHz:   0% 3300 MHz:   0% 3468 MHz:   0% 3624 MHz:   0% 3756 MHz:   0% 3828 MHz:   0% 3888 MHz:   0% 3948 MHz:   0% 3996 MHz:   0% 4044 MHz:   0% 4104 MHz:   0% 4416 MHz:   0% 4512 MHz:   0%)
CPU 4 idle residency:   3.97%
CPU 4 down residency:  96.03%
CPU 5 frequency: 0 MHz
CPU 5 active residency:   0.00% (1260 MHz:   0% 1512 MHz:   0% 1800 MHz:   0% 2088 MHz:   0% 2352 MHz:   0% 2616 MHz:   0% 2868 MHz:   0% 3096 MHz:   0% 3300 MHz:   0% 3468 MHz:   0% 3624 MHz:   0% 3756 MHz:   0% 3828 MHz:   0% 3888 MHz:   0% 3948 MHz:   0% 3996 MHz:   0% 4044 MHz:   0% 4104 MHz:   0% 4416 MHz:   0% 4512 MHz:   0%)
CPU 5 idle residency:   3.98%
CPU 5 down residency:  96.02%
CPU 6 frequency: 0 MHz
CPU 6 active residency:   0.00% (1260 MHz:   0% 1512 MHz:   0% 1800 MHz:   0% 2088 MHz:   0% 2352 MHz:   0% 2616 MHz:   0% 2868 MHz:   0% 3096 MHz:   0% 3300 MHz:   0% 3468 MHz:   0% 3624 MHz:   0% 3756 MHz:   0% 3828 MHz:   0% 3888 MHz:   0% 3948 MHz:   0% 3996 MHz:   0% 4044 MHz:   0% 4104 MHz:   0% 4416 MHz:   0% 4512 MHz:   0%)
CPU 6 idle residency:   3.97%
CPU 6 down residency:  96.03%
CPU 7 frequency: 0 MHz
CPU 7 active residency:   0.00% (1260 MHz:   0% 1512 MHz:   0% 1800 MHz:   0% 2088 MHz:   0% 2352 MHz:   0% 2616 MHz:   0% 2868 MHz:   0% 3096 MHz:   0% 3300 MHz:   0% 3468 MHz:   0% 3624 MHz:   0% 3756 MHz:   0% 3828 MHz:   0% 3888 MHz:   0% 3948 MHz:   0% 3996 MHz:   0% 4044 MHz:   0% 4104 MHz:   0% 4416 MHz:   0% 4512 MHz:   0%)
CPU 7 idle residency:   3.98%
CPU 7 down residency:  96.02%
CPU 8 frequency: 0 MHz
CPU 8 active residency:   0.00% (1260 MHz:   0% 1512 MHz:   0% 1800 MHz:   0% 2088 MHz:   0% 2352 MHz:   0% 2616 MHz:   0% 2868 MHz:   0% 3096 MHz:   0% 3300 MHz:   0% 3468 MHz:   0% 3624 MHz:   0% 3756 MHz:   0% 3828 MHz:   0% 3888 MHz:   0% 3948 MHz:   0% 3996 MHz:   0% 4044 MHz:   0% 4104 MHz:   0% 4416 MHz:   0% 4512 MHz:   0%)
CPU 8 idle residency:   3.98%
CPU 8 down residency:  96.02%
CPU 9 frequency: 0 MHz
CPU 9 active residency:   0.00% (1260 MHz:   0% 1512 MHz:   0% 1800 MHz:   0% 2088 MHz:   0% 2352 MHz:   0% 2616 MHz:   0% 2868 MHz:   0% 3096 MHz:   0% 3300 MHz:   0% 3468 MHz:   0% 3624 MHz:   0% 3756 MHz:   0% 3828 MHz:   0% 3888 MHz:   0% 3948 MHz:   0% 3996 MHz:   0% 4044 MHz:   0% 4104 MHz:   0% 4416 MHz:   0% 4512 MHz:   0%)
CPU 9 idle residency:   3.89%
CPU 9 down residency:  96.11%

P1-Cluster HW active frequency: 3146 MHz
P1-Cluster HW active residency:  97.15% (1260 MHz: .04% 1512 MHz:   0% 1800 MHz:   0% 2088 MHz: 3.1% 2352 MHz:  10% 2616 MHz:  27% 2868 MHz:  19% 3096 MHz: .77% 3300 MHz: .39% 3468 MHz: .39% 3624 MHz: .39% 3756 MHz:   0% 3828 MHz: .38% 3888 MHz: 3.7% 3948 MHz:  20% 3996 MHz: 5.5% 4044 MHz: 6.5% 4104 MHz:   0% 4416 MHz: .13% 4512 MHz: .24%)
P1-Cluster idle residency:   2.85%
P1-Cluster down residency:   0.00%
CPU 10 frequency: 3216 MHz
CPU 10 active residency:  63.59% (1260 MHz: .01% 1512 MHz:   0% 1800 MHz:   0% 2088 MHz: 1.8% 2352 MHz: 8.6% 2616 MHz:  19% 2868 MHz:  13% 3096 MHz: .77% 3300 MHz: .39% 3468 MHz: .39% 3624 MHz: .39% 3756 MHz:   0% 3828 MHz: .38% 3888 MHz:   0% 3948 MHz: .39% 3996 MHz:   0% 4044 MHz:   0% 4104 MHz: .39% 4416 MHz: .39% 4512 MHz:  18%)
CPU 10 idle residency:  36.41%
CPU 10 down residency:   0.00%
CPU 11 frequency: 3151 MHz
CPU 11 active residency:  57.84% (1260 MHz: .01% 1512 MHz:   0% 1800 MHz:   0% 2088 MHz: 1.9% 2352 MHz: 8.4% 2616 MHz:  17% 2868 MHz:  13% 3096 MHz: .64% 3300 MHz: .31% 3468 MHz: .34% 3624 MHz: .28% 3756 MHz:   0% 3828 MHz: .17% 3888 MHz:   0% 3948 MHz: .30% 3996 MHz:   0% 4044 MHz:   0% 4104 MHz: .32% 4416 MHz: .05% 4512 MHz:  15%)
CPU 11 idle residency:  42.16%
CPU 11 down residency:   0.00%
CPU 12 frequency: 3742 MHz
CPU 12 active residency:  34.19% (1260 MHz:   0% 1512 MHz:   0% 1800 MHz:   0% 2088 MHz: .14% 2352 MHz: 1.0% 2616 MHz: 6.6% 2868 MHz: 6.1% 3096 MHz: .51% 3300 MHz: .04% 3468 MHz: .19% 3624 MHz: .31% 3756 MHz:   0% 3828 MHz: .02% 3888 MHz:   0% 3948 MHz: .02% 3996 MHz:   0% 4044 MHz:   0% 4104 MHz: .10% 4416 MHz: .00% 4512 MHz:  19%)
CPU 12 idle residency:  65.81%
CPU 12 down residency:   0.00%
CPU 13 frequency: 4184 MHz
CPU 13 active residency:  25.77% (1260 MHz:   0% 1512 MHz:   0% 1800 MHz:   0% 2088 MHz: .29% 2352 MHz: .35% 2616 MHz: 1.4% 2868 MHz: 2.3% 3096 MHz: .18% 3300 MHz: .22% 3468 MHz: .05% 3624 MHz:   0% 3756 MHz:   0% 3828 MHz: .02% 3888 MHz:   0% 3948 MHz:   0% 3996 MHz:   0% 4044 MHz:   0% 4104 MHz: .05% 4416 MHz:   0% 4512 MHz:  21%)
CPU 13 idle residency:  74.23%
CPU 13 down residency:   0.00%
CPU 14 frequency: 3249 MHz
CPU 14 active residency:  59.44% (1260 MHz: .01% 1512 MHz:   0% 1800 MHz:   0% 2088 MHz: 2.4% 2352 MHz: 6.8% 2616 MHz:  16% 2868 MHz:  13% 3096 MHz: .64% 3300 MHz: .32% 3468 MHz: .36% 3624 MHz: .24% 3756 MHz:   0% 3828 MHz: .07% 3888 MHz:   0% 3948 MHz: .30% 3996 MHz:   0% 4044 MHz:   0% 4104 MHz: .27% 4416 MHz: .10% 4512 MHz:  19%)
CPU 14 idle residency:  40.56%
CPU 14 down residency:   0.00%
CPU 15 frequency: 4311 MHz
CPU 15 active residency:  14.84% (1260 MHz:   0% 1512 MHz:   0% 1800 MHz:   0% 2088 MHz:   0% 2352 MHz:   0% 2616 MHz: .34% 2868 MHz: 1.4% 3096 MHz: .06% 3300 MHz: .03% 3468 MHz:   0% 3624 MHz:   0% 3756 MHz:   0% 3828 MHz: .00% 3888 MHz:   0% 3948 MHz:   0% 3996 MHz:   0% 4044 MHz:   0% 4104 MHz:   0% 4416 MHz:   0% 4512 MHz:  13%)
CPU 15 idle residency:  85.16%
CPU 15 down residency:   0.00%

CPU Power: 3813 mW
GPU Power: 28480 mW
ANE Power: 0 mW
Combined Power (CPU + GPU + ANE): 32293 mW

**** GPU usage ****

GPU HW active frequency: 1578 MHz
GPU HW active residency: 100.00% (338 MHz:   0% 618 MHz:   0% 796 MHz:   0% 924 MHz:   0% 952 MHz:   0% 1056 MHz:   0% 1062 MHz:   0% 1182 MHz:   0% 1182 MHz:   0% 1312 MHz:   0% 1242 MHz:   0% 1380 MHz:   0% 1326 MHz:   0% 1470 MHz:   0% 1578 MHz: 100%)
GPU SW requested state: (P1 :   0% P2 :   0% P3 :   0% P4 :   0% P5 :   0% P6 :   0% P7 :   0% P8 :   0% P9 :   0% P10 : 100% P11 :   0% P12 :   0% P13 :   0% P14 :   0% P15 :   0%)
GPU SW state: (SW_P1 :   0% SW_P2 :   0% SW_P3 :   0% SW_P4 :   0% SW_P5 :   0% SW_P6 :   0% SW_P7 :   0% SW_P8 :   0% SW_P9 :   0% SW_P10 : 100% SW_P11 :   0% SW_P12 :   0% SW_P13 :   0% SW_P14 :   0% SW_P15 :   0%)
GPU idle residency:   0.00%
GPU Power: 28247 mW



*** Sampled system activity (Tue Jan 20 15:15:19 2026 +0100) (1020.66ms elapsed) ***


**** Processor usage ****

E-Cluster Online: 100%
E-Cluster HW active frequency: 1333 MHz
E-Cluster HW active residency:  59.61% (1020 MHz:  38% 1404 MHz: 8.3% 1788 MHz: 5.8% 2112 MHz: 1.2% 2352 MHz: 2.0% 2532 MHz: 1.2% 2592 MHz: 3.3%)
E-Cluster idle residency:  40.39%
E-Cluster down residency:   0.00%
CPU 0 frequency: 1341 MHz
CPU 0 active residency:  28.71% (1020 MHz:  18% 1404 MHz: 4.2% 1788 MHz: 3.3% 2112 MHz: .55% 2352 MHz: .85% 2532 MHz: .60% 2592 MHz: 1.5%)
CPU 0 idle residency:  71.29%
CPU 0 down residency:   0.00%
CPU 1 frequency: 1379 MHz
CPU 1 active residency:  20.03% (1020 MHz:  12% 1404 MHz: 2.7% 1788 MHz: 2.5% 2112 MHz: .21% 2352 MHz: .79% 2532 MHz: .48% 2592 MHz: 1.4%)
CPU 1 idle residency:  79.97%
CPU 1 down residency:   0.00%
CPU 2 frequency: 1516 MHz
CPU 2 active residency:  11.76% (1020 MHz: 5.7% 1404 MHz: 1.7% 1788 MHz: 1.6% 2112 MHz: .16% 2352 MHz: 1.1% 2532 MHz: .67% 2592 MHz: .83%)
CPU 2 idle residency:  88.24%
CPU 2 down residency:   0.00%
CPU 3 frequency: 1541 MHz
CPU 3 active residency:   8.61% (1020 MHz: 4.0% 1404 MHz: 1.2% 1788 MHz: 1.1% 2112 MHz: .72% 2352 MHz: .45% 2532 MHz: .59% 2592 MHz: .58%)
CPU 3 idle residency:  91.39%
CPU 3 down residency:   0.00%

P0-Cluster Online: 41%
P0-Cluster HW active frequency: 3754 MHz
P0-Cluster HW active residency:  38.39% (1260 MHz: .39% 1512 MHz: .00% 1800 MHz: .01% 2088 MHz:   0% 2352 MHz: .00% 2616 MHz: .10% 2868 MHz: 4.7% 3096 MHz: 1.0% 3300 MHz: .38% 3468 MHz: .39% 3624 MHz: .38% 3756 MHz:   0% 3828 MHz: .38% 3888 MHz: 4.2% 3948 MHz:  19% 3996 MHz: 3.2% 4044 MHz: 4.1% 4104 MHz:   0% 4416 MHz: .02% 4512 MHz: .01%)
P0-Cluster idle residency:   1.03%
P0-Cluster down residency:  60.58%
CPU 4 frequency: 4213 MHz
CPU 4 active residency:  21.36% (1260 MHz: .41% 1512 MHz:   0% 1800 MHz: .00% 2088 MHz:   0% 2352 MHz:   0% 2616 MHz: .06% 2868 MHz: 2.1% 3096 MHz: .89% 3300 MHz:   0% 3468 MHz: .07% 3624 MHz:   0% 3756 MHz:   0% 3828 MHz: .09% 3888 MHz:   0% 3948 MHz:   0% 3996 MHz:   0% 4044 MHz: .01% 4104 MHz: .00% 4416 MHz: .02% 4512 MHz:  18%)
CPU 4 idle residency:  18.31%
CPU 4 down residency:  60.33%
CPU 5 frequency: 3923 MHz
CPU 5 active residency:  17.51% (1260 MHz: .42% 1512 MHz: .00% 1800 MHz:   0% 2088 MHz:   0% 2352 MHz: .00% 2616 MHz: .13% 2868 MHz: 3.7% 3096 MHz: .87% 3300 MHz: .30% 3468 MHz: .37% 3624 MHz: .28% 3756 MHz:   0% 3828 MHz: .34% 3888 MHz:   0% 3948 MHz:   0% 3996 MHz:   0% 4044 MHz: .28% 4104 MHz: .14% 4416 MHz: .27% 4512 MHz:  10%)
CPU 5 idle residency:  22.17%
CPU 5 down residency:  60.32%
CPU 6 frequency: 4086 MHz
CPU 6 active residency:  22.79% (1260 MHz: .42% 1512 MHz:   0% 1800 MHz:   0% 2088 MHz:   0% 2352 MHz: .01% 2616 MHz: .10% 2868 MHz: 3.5% 3096 MHz: .63% 3300 MHz: .31% 3468 MHz: .35% 3624 MHz: .32% 3756 MHz:   0% 3828 MHz: .34% 3888 MHz:   0% 3948 MHz:   0% 3996 MHz:   0% 4044 MHz: .27% 4104 MHz: .09% 4416 MHz: .25% 4512 MHz:  16%)
CPU 6 idle residency:  16.91%
CPU 6 down residency:  60.31%
CPU 7 frequency: 4449 MHz
CPU 7 active residency:  23.27% (1260 MHz: .40% 1512 MHz:   0% 1800 MHz:   0% 2088 MHz:   0% 2352 MHz:   0% 2616 MHz: .08% 2868 MHz: .00% 3096 MHz:   0% 3300 MHz:   0% 3468 MHz:   0% 3624 MHz:   0% 3756 MHz:   0% 3828 MHz:   0% 3888 MHz:   0% 3948 MHz:   0% 3996 MHz:   0% 4044 MHz:   0% 4104 MHz:   0% 4416 MHz:   0% 4512 MHz:  23%)
CPU 7 idle residency:  16.40%
CPU 7 down residency:  60.33%
CPU 8 frequency: 4295 MHz
CPU 8 active residency:  16.90% (1260 MHz: .40% 1512 MHz:   0% 1800 MHz:   0% 2088 MHz:   0% 2352 MHz:   0% 2616 MHz: .10% 2868 MHz: .74% 3096 MHz: .13% 3300 MHz: .19% 3468 MHz: .11% 3624 MHz: .24% 3756 MHz:   0% 3828 MHz: .08% 3888 MHz:   0% 3948 MHz:   0% 3996 MHz:   0% 4044 MHz: .26% 4104 MHz: .04% 4416 MHz: .25% 4512 MHz:  14%)
CPU 8 idle residency:  22.77%
CPU 8 down residency:  60.33%
CPU 9 frequency: 3985 MHz
CPU 9 active residency:  24.20% (1260 MHz: .41% 1512 MHz: .00% 1800 MHz: .01% 2088 MHz:   0% 2352 MHz: .00% 2616 MHz: .21% 2868 MHz: 4.7% 3096 MHz: .98% 3300 MHz: .38% 3468 MHz: .38% 3624 MHz: .38% 3756 MHz:   0% 3828 MHz: .38% 3888 MHz:   0% 3948 MHz:   0% 3996 MHz:   0% 4044 MHz: .38% 4104 MHz: .39% 4416 MHz: .38% 4512 MHz:  15%)
CPU 9 idle residency:  15.72%
CPU 9 down residency:  60.09%

P1-Cluster HW active frequency: 2866 MHz
P1-Cluster HW active residency:  61.69% (1260 MHz: 2.4% 1512 MHz: .75% 1800 MHz: 2.2% 2088 MHz: 5.4% 2352 MHz: 6.2% 2616 MHz: .91% 2868 MHz:  12% 3096 MHz:  17% 3300 MHz: 7.7% 3468 MHz: 1.2% 3624 MHz:   0% 3756 MHz:   0% 3828 MHz:   0% 3888 MHz: 1.7% 3948 MHz: 4.1% 3996 MHz: .41% 4044 MHz: .10% 4104 MHz:   0% 4416 MHz: .04% 4512 MHz: .01%)
P1-Cluster idle residency:  10.51%
P1-Cluster down residency:  27.80%
CPU 10 frequency: 3320 MHz
CPU 10 active residency:   6.39% (1260 MHz:   0% 1512 MHz:   0% 1800 MHz: .03% 2088 MHz: .03% 2352 MHz: 1.3% 2616 MHz: .06% 2868 MHz: .62% 3096 MHz: 1.7% 3300 MHz: .72% 3468 MHz: .21% 3624 MHz:   0% 3756 MHz:   0% 3828 MHz:   0% 3888 MHz:   0% 3948 MHz:   0% 3996 MHz:   0% 4044 MHz:   0% 4104 MHz:   0% 4416 MHz:   0% 4512 MHz: 1.7%)
CPU 10 idle residency:  65.23%
CPU 10 down residency:  28.38%
CPU 11 frequency: 3174 MHz
CPU 11 active residency:  16.03% (1260 MHz:   0% 1512 MHz: .37% 1800 MHz: 1.6% 2088 MHz: 4.1% 2352 MHz: .10% 2616 MHz: .14% 2868 MHz: .85% 3096 MHz: .88% 3300 MHz: 2.4% 3468 MHz: .11% 3624 MHz:   0% 3756 MHz:   0% 3828 MHz:   0% 3888 MHz:   0% 3948 MHz:   0% 3996 MHz:   0% 4044 MHz:   0% 4104 MHz:   0% 4416 MHz:   0% 4512 MHz: 5.5%)
CPU 11 idle residency:  55.94%
CPU 11 down residency:  28.03%
CPU 12 frequency: 3701 MHz
CPU 12 active residency:   2.61% (1260 MHz:   0% 1512 MHz:   0% 1800 MHz:   0% 2088 MHz:   0% 2352 MHz: .00% 2616 MHz: .03% 2868 MHz: .06% 3096 MHz: .26% 3300 MHz: .81% 3468 MHz: .59% 3624 MHz:   0% 3756 MHz:   0% 3828 MHz:   0% 3888 MHz:   0% 3948 MHz:   0% 3996 MHz:   0% 4044 MHz:   0% 4104 MHz:   0% 4416 MHz:   0% 4512 MHz: .86%)
CPU 12 idle residency:  69.46%
CPU 12 down residency:  27.93%
CPU 13 frequency: 3133 MHz
CPU 13 active residency:  41.03% (1260 MHz: .06% 1512 MHz:   0% 1800 MHz: .18% 2088 MHz: 3.3% 2352 MHz: 4.8% 2616 MHz: .72% 2868 MHz: 5.6% 3096 MHz:  13% 3300 MHz: 5.8% 3468 MHz: .73% 3624 MHz:   0% 3756 MHz:   0% 3828 MHz:   0% 3888 MHz:   0% 3948 MHz:   0% 3996 MHz:   0% 4044 MHz:   0% 4104 MHz:   0% 4416 MHz:   0% 4512 MHz: 6.3%)
CPU 13 idle residency:  30.05%
CPU 13 down residency:  28.92%
CPU 14 frequency: 3066 MHz
CPU 14 active residency:  39.77% (1260 MHz: .09% 1512 MHz: .32% 1800 MHz: 1.4% 2088 MHz: 3.9% 2352 MHz: 3.4% 2616 MHz: .66% 2868 MHz: 5.1% 3096 MHz:  13% 3300 MHz: 5.6% 3468 MHz: .70% 3624 MHz:   0% 3756 MHz:   0% 3828 MHz:   0% 3888 MHz:   0% 3948 MHz:   0% 3996 MHz:   0% 4044 MHz:   0% 4104 MHz:   0% 4416 MHz:   0% 4512 MHz: 5.5%)
CPU 14 idle residency:  31.36%
CPU 14 down residency:  28.88%
CPU 15 frequency: 3112 MHz
CPU 15 active residency:  38.22% (1260 MHz: .04% 1512 MHz: .36% 1800 MHz: 1.3% 2088 MHz: 2.0% 2352 MHz: 4.3% 2616 MHz: .31% 2868 MHz: 4.8% 3096 MHz:  13% 3300 MHz: 5.7% 3468 MHz: .39% 3624 MHz:   0% 3756 MHz:   0% 3828 MHz:   0% 3888 MHz:   0% 3948 MHz:   0% 3996 MHz:   0% 4044 MHz:   0% 4104 MHz:   0% 4416 MHz:   0% 4512 MHz: 5.7%)
CPU 15 idle residency:  32.96%
CPU 15 down residency:  28.82%

CPU Power: 4174 mW
GPU Power: 28061 mW
ANE Power: 0 mW
Combined Power (CPU + GPU + ANE): 32235 mW

**** GPU usage ****

GPU HW active frequency: 1578 MHz
GPU HW active residency: 100.00% (338 MHz:   0% 618 MHz:   0% 796 MHz:   0% 924 MHz:   0% 952 MHz:   0% 1056 MHz:   0% 1062 MHz:   0% 1182 MHz:   0% 1182 MHz:   0% 1312 MHz:   0% 1242 MHz:   0% 1380 MHz:   0% 1326 MHz:   0% 1470 MHz:   0% 1578 MHz: 100%)
GPU SW requested state: (P1 :   0% P2 :   0% P3 :   0% P4 :   0% P5 :   0% P6 :   0% P7 :   0% P8 :   0% P9 :   0% P10 : 100% P11 :   0% P12 :   0% P13 :   0% P14 :   0% P15 :   0%)
GPU SW state: (SW_P1 :   0% SW_P2 :   0% SW_P3 :   0% SW_P4 :   0% SW_P5 :   0% SW_P6 :   0% SW_P7 :   0% SW_P8 :   0% SW_P9 :   0% SW_P10 : 100% SW_P11 :   0% SW_P12 :   0% SW_P13 :   0% SW_P14 :   0% SW_P15 :   0%)
GPU idle residency:   0.00%
GPU Power: 28291 mW



*** Sampled system activity (Tue Jan 20 15:15:20 2026 +0100) (1022.33ms elapsed) ***


**** Processor usage ****

E-Cluster Online: 100%
E-Cluster HW active frequency: 1237 MHz
E-Cluster HW active residency:  60.21% (1020 MHz:  42% 1404 MHz:  11% 1788 MHz: 3.2% 2112 MHz: .38% 2352 MHz: .98% 2532 MHz: .65% 2592 MHz: 2.4%)
E-Cluster idle residency:  39.79%
E-Cluster down residency:   0.00%
CPU 0 frequency: 1243 MHz
CPU 0 active residency:  28.17% (1020 MHz:  20% 1404 MHz: 5.0% 1788 MHz: 1.3% 2112 MHz: .20% 2352 MHz: .45% 2532 MHz: .34% 2592 MHz: 1.3%)
CPU 0 idle residency:  71.83%
CPU 0 down residency:   0.00%
CPU 1 frequency: 1283 MHz
CPU 1 active residency:  20.27% (1020 MHz:  13% 1404 MHz: 3.6% 1788 MHz: 1.7% 2112 MHz: .09% 2352 MHz: .55% 2532 MHz: .29% 2592 MHz: .89%)
CPU 1 idle residency:  79.73%
CPU 1 down residency:   0.00%
CPU 2 frequency: 1226 MHz
CPU 2 active residency:  10.54% (1020 MHz: 6.6% 1404 MHz: 3.0% 1788 MHz: .54% 2112 MHz: .08% 2352 MHz: .04% 2532 MHz: .02% 2592 MHz: .28%)
CPU 2 idle residency:  89.46%
CPU 2 down residency:   0.00%
CPU 3 frequency: 1266 MHz
CPU 3 active residency:   6.78% (1020 MHz: 4.4% 1404 MHz: 1.4% 1788 MHz: .32% 2112 MHz: .13% 2352 MHz: .37% 2532 MHz: .02% 2592 MHz: .16%)
CPU 3 idle residency:  93.22%
CPU 3 down residency:   0.00%

P0-Cluster Online: 22%
P0-Cluster HW active frequency: 2732 MHz
P0-Cluster HW active residency:  17.99% (1260 MHz: 1.2% 1512 MHz:   0% 1800 MHz:   0% 2088 MHz: 2.7% 2352 MHz: 5.5% 2616 MHz: 4.0% 2868 MHz: .09% 3096 MHz:   0% 3300 MHz:   0% 3468 MHz:   0% 3624 MHz:   0% 3756 MHz:   0% 3828 MHz:   0% 3888 MHz: .12% 3948 MHz: 1.7% 3996 MHz: 1.1% 4044 MHz: 1.1% 4104 MHz:   0% 4416 MHz: .16% 4512 MHz: .39%)
P0-Cluster idle residency:   3.41%
P0-Cluster down residency:  78.60%
CPU 4 frequency: 2606 MHz
CPU 4 active residency:   8.23% (1260 MHz: .15% 1512 MHz:   0% 1800 MHz:   0% 2088 MHz: 2.3% 2352 MHz: 4.4% 2616 MHz: .11% 2868 MHz:   0% 3096 MHz:   0% 3300 MHz:   0% 3468 MHz:   0% 3624 MHz:   0% 3756 MHz:   0% 3828 MHz:   0% 3888 MHz:   0% 3948 MHz:   0% 3996 MHz:   0% 4044 MHz:   0% 4104 MHz:   0% 4416 MHz:   0% 4512 MHz: 1.3%)
CPU 4 idle residency:  13.24%
CPU 4 down residency:  78.52%
CPU 5 frequency: 2964 MHz
CPU 5 active residency:   7.84% (1260 MHz: .16% 1512 MHz:   0% 1800 MHz:   0% 2088 MHz: 1.8% 2352 MHz: 1.3% 2616 MHz: 2.3% 2868 MHz:   0% 3096 MHz:   0% 3300 MHz:   0% 3468 MHz:   0% 3624 MHz:   0% 3756 MHz:   0% 3828 MHz:   0% 3888 MHz:   0% 3948 MHz:   0% 3996 MHz:   0% 4044 MHz:   0% 4104 MHz:   0% 4416 MHz:   0% 4512 MHz: 2.2%)
CPU 5 idle residency:  13.45%
CPU 5 down residency:  78.71%
CPU 6 frequency: 2807 MHz
CPU 6 active residency:  10.48% (1260 MHz: .16% 1512 MHz:   0% 1800 MHz:   0% 2088 MHz: 1.6% 2352 MHz: 3.7% 2616 MHz: 3.0% 2868 MHz:   0% 3096 MHz:   0% 3300 MHz:   0% 3468 MHz:   0% 3624 MHz:   0% 3756 MHz:   0% 3828 MHz:   0% 3888 MHz:   0% 3948 MHz:   0% 3996 MHz:   0% 4044 MHz:   0% 4104 MHz:   0% 4416 MHz:   0% 4512 MHz: 2.1%)
CPU 6 idle residency:  10.98%
CPU 6 down residency:  78.55%
CPU 7 frequency: 3772 MHz
CPU 7 active residency:   1.13% (1260 MHz: .14% 1512 MHz:   0% 1800 MHz:   0% 2088 MHz: .03% 2352 MHz: .07% 2616 MHz: .05% 2868 MHz: .03% 3096 MHz:   0% 3300 MHz:   0% 3468 MHz:   0% 3624 MHz:   0% 3756 MHz:   0% 3828 MHz:   0% 3888 MHz:   0% 3948 MHz:   0% 3996 MHz:   0% 4044 MHz:   0% 4104 MHz:   0% 4416 MHz:   0% 4512 MHz: .80%)
CPU 7 idle residency:  20.35%
CPU 7 down residency:  78.52%
CPU 8 frequency: 3090 MHz
CPU 8 active residency:  10.51% (1260 MHz: .16% 1512 MHz:   0% 1800 MHz:   0% 2088 MHz: .71% 2352 MHz: 3.4% 2616 MHz: 2.8% 2868 MHz:   0% 3096 MHz:   0% 3300 MHz:   0% 3468 MHz:   0% 3624 MHz:   0% 3756 MHz:   0% 3828 MHz:   0% 3888 MHz:   0% 3948 MHz:   0% 3996 MHz:   0% 4044 MHz:   0% 4104 MHz:   0% 4416 MHz:   0% 4512 MHz: 3.4%)
CPU 8 idle residency:  10.97%
CPU 8 down residency:  78.52%
CPU 9 frequency: 2421 MHz
CPU 9 active residency:   1.00% (1260 MHz: .14% 1512 MHz:   0% 1800 MHz:   0% 2088 MHz: .03% 2352 MHz: .04% 2616 MHz: .78% 2868 MHz:   0% 3096 MHz:   0% 3300 MHz:   0% 3468 MHz:   0% 3624 MHz:   0% 3756 MHz:   0% 3828 MHz:   0% 3888 MHz:   0% 3948 MHz:   0% 3996 MHz:   0% 4044 MHz:   0% 4104 MHz:   0% 4416 MHz:   0% 4512 MHz: .01%)
CPU 9 idle residency:  20.48%
CPU 9 down residency:  78.52%

P1-Cluster HW active frequency: 3281 MHz
P1-Cluster HW active residency:  80.86% (1260 MHz: .39% 1512 MHz: .01% 1800 MHz: .01% 2088 MHz: .00% 2352 MHz: .28% 2616 MHz: 5.6% 2868 MHz:  41% 3096 MHz: .77% 3300 MHz: .39% 3468 MHz: .39% 3624 MHz: .38% 3756 MHz:   0% 3828 MHz: .39% 3888 MHz: 4.8% 3948 MHz:  18% 3996 MHz: 4.1% 4044 MHz: 4.6% 4104 MHz:   0% 4416 MHz: .04% 4512 MHz: .08%)
P1-Cluster idle residency:   2.92%
P1-Cluster down residency:  16.22%
CPU 10 frequency: 3588 MHz
CPU 10 active residency:  33.88% (1260 MHz: .10% 1512 MHz: .01% 1800 MHz: .01% 2088 MHz: .00% 2352 MHz: .27% 2616 MHz: 2.2% 2868 MHz:  14% 3096 MHz: .76% 3300 MHz: .38% 3468 MHz: .38% 3624 MHz: .38% 3756 MHz:   0% 3828 MHz: .38% 3888 MHz:   0% 3948 MHz:   0% 3996 MHz: .38% 4044 MHz:   0% 4104 MHz: .38% 4416 MHz: .38% 4512 MHz:  14%)
CPU 10 idle residency:  50.27%
CPU 10 down residency:  15.85%
CPU 11 frequency: 4138 MHz
CPU 11 active residency:  22.22% (1260 MHz: .07% 1512 MHz:   0% 1800 MHz: .01% 2088 MHz:   0% 2352 MHz: .28% 2616 MHz: .87% 2868 MHz: 3.4% 3096 MHz: .06% 3300 MHz: .02% 3468 MHz: .06% 3624 MHz:   0% 3756 MHz:   0% 3828 MHz: .07% 3888 MHz:   0% 3948 MHz:   0% 3996 MHz:   0% 4044 MHz:   0% 4104 MHz: .09% 4416 MHz: .01% 4512 MHz:  17%)
CPU 11 idle residency:  61.74%
CPU 11 down residency:  16.04%
CPU 12 frequency: 4358 MHz
CPU 12 active residency:  20.46% (1260 MHz: .07% 1512 MHz:   0% 1800 MHz: .00% 2088 MHz:   0% 2352 MHz: .24% 2616 MHz: .72% 2868 MHz: .59% 3096 MHz:   0% 3300 MHz:   0% 3468 MHz:   0% 3624 MHz:   0% 3756 MHz:   0% 3828 MHz: .05% 3888 MHz:   0% 3948 MHz:   0% 3996 MHz:   0% 4044 MHz:   0% 4104 MHz: .07% 4416 MHz: .02% 4512 MHz:  19%)
CPU 12 idle residency:  63.44%
CPU 12 down residency:  16.10%
CPU 13 frequency: 3404 MHz
CPU 13 active residency:  54.45% (1260 MHz: .16% 1512 MHz: .00% 1800 MHz: .01% 2088 MHz:   0% 2352 MHz: .27% 2616 MHz: 3.6% 2868 MHz:  30% 3096 MHz: .57% 3300 MHz: .31% 3468 MHz: .30% 3624 MHz: .26% 3756 MHz:   0% 3828 MHz: .32% 3888 MHz:   0% 3948 MHz:   0% 3996 MHz: .28% 4044 MHz:   0% 4104 MHz: .32% 4416 MHz: .25% 4512 MHz:  17%)
CPU 13 idle residency:  29.98%
CPU 13 down residency:  15.57%
CPU 14 frequency: 3297 MHz
CPU 14 active residency:  48.14% (1260 MHz: .14% 1512 MHz: .00% 1800 MHz: .02% 2088 MHz: .00% 2352 MHz: .27% 2616 MHz: 3.6% 2868 MHz:  30% 3096 MHz: .55% 3300 MHz: .30% 3468 MHz: .29% 3624 MHz: .27% 3756 MHz:   0% 3828 MHz: .30% 3888 MHz:   0% 3948 MHz:   0% 3996 MHz: .23% 4044 MHz:   0% 4104 MHz: .29% 4416 MHz: .27% 4512 MHz:  12%)
CPU 14 idle residency:  36.26%
CPU 14 down residency:  15.60%
CPU 15 frequency: 3394 MHz
CPU 15 active residency:  50.76% (1260 MHz: .16% 1512 MHz: .05% 1800 MHz: .19% 2088 MHz:   0% 2352 MHz: .27% 2616 MHz: 3.5% 2868 MHz:  28% 3096 MHz: .62% 3300 MHz: .33% 3468 MHz: .32% 3624 MHz: .28% 3756 MHz:   0% 3828 MHz: .33% 3888 MHz:   0% 3948 MHz:   0% 3996 MHz: .25% 4044 MHz:   0% 4104 MHz: .33% 4416 MHz: .28% 4512 MHz:  16%)
CPU 15 idle residency:  33.62%
CPU 15 down residency:  15.63%

CPU Power: 3904 mW
GPU Power: 28341 mW
ANE Power: 0 mW
Combined Power (CPU + GPU + ANE): 32245 mW

**** GPU usage ****

GPU HW active frequency: 1578 MHz
GPU HW active residency: 100.00% (338 MHz:   0% 618 MHz:   0% 796 MHz:   0% 924 MHz:   0% 952 MHz:   0% 1056 MHz:   0% 1062 MHz:   0% 1182 MHz:   0% 1182 MHz:   0% 1312 MHz:   0% 1242 MHz:   0% 1380 MHz:   0% 1326 MHz:   0% 1470 MHz:   0% 1578 MHz: 100%)
GPU SW requested state: (P1 :   0% P2 :   0% P3 :   0% P4 :   0% P5 :   0% P6 :   0% P7 :   0% P8 :   0% P9 :   0% P10 : 100% P11 :   0% P12 :   0% P13 :   0% P14 :   0% P15 :   0%)
GPU SW state: (SW_P1 :   0% SW_P2 :   0% SW_P3 :   0% SW_P4 :   0% SW_P5 :   0% SW_P6 :   0% SW_P7 :   0% SW_P8 :   0% SW_P9 :   0% SW_P10 : 100% SW_P11 :   0% SW_P12 :   0% SW_P13 :   0% SW_P14 :   0% SW_P15 :   0%)
GPU idle residency:   0.00%
GPU Power: 28341 mW



*** Sampled system activity (Tue Jan 20 15:15:21 2026 +0100) (1023.22ms elapsed) ***


**** Processor usage ****

E-Cluster Online: 100%
E-Cluster HW active frequency: 1312 MHz
E-Cluster HW active residency:  58.05% (1020 MHz:  39% 1404 MHz: 6.3% 1788 MHz: 4.8% 2112 MHz: 2.4% 2352 MHz: 1.5% 2532 MHz: 1.8% 2592 MHz: 2.2%)
E-Cluster idle residency:  41.95%
E-Cluster down residency:   0.00%
CPU 0 frequency: 1279 MHz
CPU 0 active residency:  26.33% (1020 MHz:  18% 1404 MHz: 3.4% 1788 MHz: 2.3% 2112 MHz: .93% 2352 MHz: .40% 2532 MHz: .45% 2592 MHz: .96%)
CPU 0 idle residency:  73.67%
CPU 0 down residency:   0.00%
CPU 1 frequency: 1338 MHz
CPU 1 active residency:  15.55% (1020 MHz: 9.9% 1404 MHz: 1.9% 1788 MHz: 1.6% 2112 MHz: .53% 2352 MHz: .37% 2532 MHz: .49% 2592 MHz: .74%)
CPU 1 idle residency:  84.45%
CPU 1 down residency:   0.00%
CPU 2 frequency: 1412 MHz
CPU 2 active residency:  12.44% (1020 MHz: 7.1% 1404 MHz: 1.4% 1788 MHz: 1.7% 2112 MHz: .78% 2352 MHz: .42% 2532 MHz: .61% 2592 MHz: .47%)
CPU 2 idle residency:  87.56%
CPU 2 down residency:   0.00%
CPU 3 frequency: 1379 MHz
CPU 3 active residency:   7.75% (1020 MHz: 4.3% 1404 MHz: 1.3% 1788 MHz: .95% 2112 MHz: .53% 2352 MHz: .29% 2532 MHz: .09% 2592 MHz: .28%)
CPU 3 idle residency:  92.25%
CPU 3 down residency:   0.00%

P0-Cluster Online: 11%
P0-Cluster HW active frequency: 2907 MHz
P0-Cluster HW active residency:   3.60% (1260 MHz: .99% 1512 MHz:   0% 1800 MHz: .09% 2088 MHz:   0% 2352 MHz: .02% 2616 MHz: .26% 2868 MHz:   0% 3096 MHz: .52% 3300 MHz: .05% 3468 MHz:   0% 3624 MHz: .37% 3756 MHz:   0% 3828 MHz:   0% 3888 MHz: .00% 3948 MHz: .54% 3996 MHz: .40% 4044 MHz: .28% 4104 MHz:   0% 4416 MHz: .06% 4512 MHz: .01%)
P0-Cluster idle residency:   8.59%
P0-Cluster down residency:  87.81%
CPU 4 frequency: 0 MHz
CPU 4 active residency:   0.00% (1260 MHz:   0% 1512 MHz:   0% 1800 MHz:   0% 2088 MHz:   0% 2352 MHz:   0% 2616 MHz:   0% 2868 MHz:   0% 3096 MHz:   0% 3300 MHz:   0% 3468 MHz:   0% 3624 MHz:   0% 3756 MHz:   0% 3828 MHz:   0% 3888 MHz:   0% 3948 MHz:   0% 3996 MHz:   0% 4044 MHz:   0% 4104 MHz:   0% 4416 MHz:   0% 4512 MHz:   0%)
CPU 4 idle residency:  11.90%
CPU 4 down residency:  88.10%
CPU 5 frequency: 3778 MHz
CPU 5 active residency:   1.32% (1260 MHz: .00% 1512 MHz:   0% 1800 MHz:   0% 2088 MHz:   0% 2352 MHz:   0% 2616 MHz:   0% 2868 MHz:   0% 3096 MHz: .53% 3300 MHz:   0% 3468 MHz:   0% 3624 MHz: .24% 3756 MHz:   0% 3828 MHz:   0% 3888 MHz:   0% 3948 MHz:   0% 3996 MHz:   0% 4044 MHz:   0% 4104 MHz:   0% 4416 MHz:   0% 4512 MHz: .55%)
CPU 5 idle residency:  10.41%
CPU 5 down residency:  88.27%
CPU 6 frequency: 3695 MHz
CPU 6 active residency:   1.16% (1260 MHz:   0% 1512 MHz:   0% 1800 MHz:   0% 2088 MHz:   0% 2352 MHz:   0% 2616 MHz:   0% 2868 MHz:   0% 3096 MHz: .52% 3300 MHz:   0% 3468 MHz:   0% 3624 MHz: .24% 3756 MHz:   0% 3828 MHz:   0% 3888 MHz:   0% 3948 MHz:   0% 3996 MHz:   0% 4044 MHz:   0% 4104 MHz:   0% 4416 MHz:   0% 4512 MHz: .40%)
CPU 6 idle residency:  10.32%
CPU 6 down residency:  88.52%
CPU 7 frequency: 0 MHz
CPU 7 active residency:   0.00% (1260 MHz:   0% 1512 MHz:   0% 1800 MHz:   0% 2088 MHz:   0% 2352 MHz:   0% 2616 MHz:   0% 2868 MHz:   0% 3096 MHz:   0% 3300 MHz:   0% 3468 MHz:   0% 3624 MHz:   0% 3756 MHz:   0% 3828 MHz:   0% 3888 MHz:   0% 3948 MHz:   0% 3996 MHz:   0% 4044 MHz:   0% 4104 MHz:   0% 4416 MHz:   0% 4512 MHz:   0%)
CPU 7 idle residency:  11.90%
CPU 7 down residency:  88.10%
CPU 8 frequency: 3941 MHz
CPU 8 active residency:   1.22% (1260 MHz: .00% 1512 MHz:   0% 1800 MHz:   0% 2088 MHz:   0% 2352 MHz:   0% 2616 MHz:   0% 2868 MHz:   0% 3096 MHz: .35% 3300 MHz:   0% 3468 MHz:   0% 3624 MHz: .22% 3756 MHz:   0% 3828 MHz:   0% 3888 MHz:   0% 3948 MHz:   0% 3996 MHz:   0% 4044 MHz:   0% 4104 MHz:   0% 4416 MHz:   0% 4512 MHz: .65%)
CPU 8 idle residency:  10.28%
CPU 8 down residency:  88.50%
CPU 9 frequency: 3312 MHz
CPU 9 active residency:   0.13% (1260 MHz:   0% 1512 MHz:   0% 1800 MHz:   0% 2088 MHz:   0% 2352 MHz:   0% 2616 MHz:   0% 2868 MHz:   0% 3096 MHz: .08% 3300 MHz:   0% 3468 MHz:   0% 3624 MHz: .05% 3756 MHz:   0% 3828 MHz:   0% 3888 MHz:   0% 3948 MHz:   0% 3996 MHz:   0% 4044 MHz:   0% 4104 MHz:   0% 4416 MHz:   0% 4512 MHz: .00%)
CPU 9 idle residency:  11.77%
CPU 9 down residency:  88.10%

P1-Cluster HW active frequency: 3407 MHz
P1-Cluster HW active residency:  95.92% (1260 MHz: .39% 1512 MHz: .00% 1800 MHz: .58% 2088 MHz: .37% 2352 MHz: .01% 2616 MHz:   0% 2868 MHz:  19% 3096 MHz:  22% 3300 MHz:  11% 3468 MHz: 5.0% 3624 MHz: .77% 3756 MHz:   0% 3828 MHz: .38% 3888 MHz: 5.5% 3948 MHz:  21% 3996 MHz: 4.1% 4044 MHz: 5.4% 4104 MHz:   0% 4416 MHz: .12% 4512 MHz: .33%)
P1-Cluster idle residency:   4.08%
P1-Cluster down residency:   0.00%
CPU 10 frequency: 3810 MHz
CPU 10 active residency:  36.41% (1260 MHz: .03% 1512 MHz:   0% 1800 MHz: .52% 2088 MHz: .33% 2352 MHz:   0% 2616 MHz:   0% 2868 MHz: 8.3% 3096 MHz: 4.1% 3300 MHz: 2.8% 3468 MHz: .13% 3624 MHz: .03% 3756 MHz:   0% 3828 MHz: .04% 3888 MHz:   0% 3948 MHz:   0% 3996 MHz: .03% 4044 MHz:   0% 4104 MHz: .34% 4416 MHz: .38% 4512 MHz:  19%)
CPU 10 idle residency:  63.59%
CPU 10 down residency:   0.00%
CPU 11 frequency: 4019 MHz
CPU 11 active residency:  27.01% (1260 MHz:   0% 1512 MHz:   0% 1800 MHz: .54% 2088 MHz: .37% 2352 MHz:   0% 2616 MHz:   0% 2868 MHz: 1.3% 3096 MHz: 3.0% 3300 MHz: 2.6% 3468 MHz: 1.1% 3624 MHz: .28% 3756 MHz:   0% 3828 MHz: .01% 3888 MHz:   0% 3948 MHz:   0% 3996 MHz:   0% 4044 MHz:   0% 4104 MHz: .06% 4416 MHz: .11% 4512 MHz:  18%)
CPU 11 idle residency:  72.99%
CPU 11 down residency:   0.00%
CPU 12 frequency: 4190 MHz
CPU 12 active residency:  20.13% (1260 MHz: .01% 1512 MHz:   0% 1800 MHz: .47% 2088 MHz: .42% 2352 MHz:   0% 2616 MHz:   0% 2868 MHz: .56% 3096 MHz: .89% 3300 MHz: 1.4% 3468 MHz: .06% 3624 MHz: .30% 3756 MHz:   0% 3828 MHz: .01% 3888 MHz:   0% 3948 MHz:   0% 3996 MHz:   0% 4044 MHz:   0% 4104 MHz: .07% 4416 MHz:   0% 4512 MHz:  16%)
CPU 12 idle residency:  79.87%
CPU 12 down residency:   0.00%
CPU 13 frequency: 3586 MHz
CPU 13 active residency:  62.31% (1260 MHz: .08% 1512 MHz: .00% 1800 MHz: .07% 2088 MHz: .32% 2352 MHz: .00% 2616 MHz:   0% 2868 MHz:  13% 3096 MHz:  15% 3300 MHz: 7.4% 3468 MHz: 3.8% 3624 MHz: .35% 3756 MHz:   0% 3828 MHz: .07% 3888 MHz:   0% 3948 MHz:   0% 3996 MHz: .39% 4044 MHz:   0% 4104 MHz: .34% 4416 MHz: .16% 4512 MHz:  21%)
CPU 13 idle residency:  37.69%
CPU 13 down residency:   0.00%
CPU 14 frequency: 3506 MHz
CPU 14 active residency:  50.90% (1260 MHz: .07% 1512 MHz: .00% 1800 MHz: .04% 2088 MHz: .05% 2352 MHz: .01% 2616 MHz:   0% 2868 MHz:  13% 3096 MHz:  13% 3300 MHz: 5.6% 3468 MHz: 2.7% 3624 MHz: .39% 3756 MHz:   0% 3828 MHz: .38% 3888 MHz:   0% 3948 MHz:   0% 3996 MHz: .39% 4044 MHz:   0% 4104 MHz: .39% 4416 MHz: .38% 4512 MHz:  14%)
CPU 14 idle residency:  49.10%
CPU 14 down residency:   0.00%
CPU 15 frequency: 3625 MHz
CPU 15 active residency:  62.53% (1260 MHz: .07% 1512 MHz:   0% 1800 MHz: .04% 2088 MHz: .00% 2352 MHz: .00% 2616 MHz:   0% 2868 MHz:  14% 3096 MHz:  15% 3300 MHz: 6.5% 3468 MHz: 3.4% 3624 MHz: .14% 3756 MHz:   0% 3828 MHz: .13% 3888 MHz:   0% 3948 MHz:   0% 3996 MHz: .38% 4044 MHz:   0% 4104 MHz: .32% 4416 MHz: .34% 4512 MHz:  23%)
CPU 15 idle residency:  37.47%
CPU 15 down residency:   0.00%

CPU Power: 4163 mW
GPU Power: 28255 mW
ANE Power: 0 mW
Combined Power (CPU + GPU + ANE): 32418 mW

**** GPU usage ****

GPU HW active frequency: 1578 MHz
GPU HW active residency: 100.00% (338 MHz:   0% 618 MHz:   0% 796 MHz:   0% 924 MHz:   0% 952 MHz:   0% 1056 MHz:   0% 1062 MHz:   0% 1182 MHz:   0% 1182 MHz:   0% 1312 MHz:   0% 1242 MHz:   0% 1380 MHz:   0% 1326 MHz:   0% 1470 MHz:   0% 1578 MHz: 100%)
GPU SW requested state: (P1 :   0% P2 :   0% P3 :   0% P4 :   0% P5 :   0% P6 :   0% P7 :   0% P8 :   0% P9 :   0% P10 : 100% P11 :   0% P12 :   0% P13 :   0% P14 :   0% P15 :   0%)
GPU SW state: (SW_P1 :   0% SW_P2 :   0% SW_P3 :   0% SW_P4 :   0% SW_P5 :   0% SW_P6 :   0% SW_P7 :   0% SW_P8 :   0% SW_P9 :   0% SW_P10 : 100% SW_P11 :   0% SW_P12 :   0% SW_P13 :   0% SW_P14 :   0% SW_P15 :   0%)
GPU idle residency:   0.00%
GPU Power: 28255 mW



*** Sampled system activity (Tue Jan 20 15:15:22 2026 +0100) (1021.84ms elapsed) ***


**** Processor usage ****

E-Cluster Online: 100%
E-Cluster HW active frequency: 1220 MHz
E-Cluster HW active residency:  59.27% (1020 MHz:  44% 1404 MHz: 7.1% 1788 MHz: 4.4% 2112 MHz: 1.1% 2352 MHz: .74% 2532 MHz: 1.3% 2592 MHz: 1.1%)
E-Cluster idle residency:  40.73%
E-Cluster down residency:   0.00%
CPU 0 frequency: 1215 MHz
CPU 0 active residency:  30.16% (1020 MHz:  23% 1404 MHz: 3.0% 1788 MHz: 2.6% 2112 MHz: .66% 2352 MHz: .31% 2532 MHz: .60% 2592 MHz: .43%)
CPU 0 idle residency:  69.84%
CPU 0 down residency:   0.00%
CPU 1 frequency: 1239 MHz
CPU 1 active residency:  17.46% (1020 MHz:  13% 1404 MHz: 1.7% 1788 MHz: 1.3% 2112 MHz: .39% 2352 MHz: .41% 2532 MHz: .52% 2592 MHz: .27%)
CPU 1 idle residency:  82.54%
CPU 1 down residency:   0.00%
CPU 2 frequency: 1233 MHz
CPU 2 active residency:  11.44% (1020 MHz: 8.6% 1404 MHz: 1.1% 1788 MHz: .78% 2112 MHz: .13% 2352 MHz: .32% 2532 MHz: .32% 2592 MHz: .24%)
CPU 2 idle residency:  88.56%
CPU 2 down residency:   0.00%
CPU 3 frequency: 1221 MHz
CPU 3 active residency:   7.17% (1020 MHz: 5.4% 1404 MHz: .59% 1788 MHz: .64% 2112 MHz: .08% 2352 MHz: .18% 2532 MHz: .07% 2592 MHz: .19%)
CPU 3 idle residency:  92.83%
CPU 3 down residency:   0.00%

P0-Cluster Online: 2%
P0-Cluster HW active frequency: 1260 MHz
P0-Cluster HW active residency:   0.26% (1260 MHz: .26% 1512 MHz:   0% 1800 MHz:   0% 2088 MHz:   0% 2352 MHz:   0% 2616 MHz:   0% 2868 MHz:   0% 3096 MHz:   0% 3300 MHz:   0% 3468 MHz:   0% 3624 MHz:   0% 3756 MHz:   0% 3828 MHz:   0% 3888 MHz:   0% 3948 MHz:   0% 3996 MHz:   0% 4044 MHz:   0% 4104 MHz:   0% 4416 MHz:   0% 4512 MHz:   0%)
P0-Cluster idle residency:   0.97%
P0-Cluster down residency:  98.76%
CPU 4 frequency: 0 MHz
CPU 4 active residency:   0.00% (1260 MHz:   0% 1512 MHz:   0% 1800 MHz:   0% 2088 MHz:   0% 2352 MHz:   0% 2616 MHz:   0% 2868 MHz:   0% 3096 MHz:   0% 3300 MHz:   0% 3468 MHz:   0% 3624 MHz:   0% 3756 MHz:   0% 3828 MHz:   0% 3888 MHz:   0% 3948 MHz:   0% 3996 MHz:   0% 4044 MHz:   0% 4104 MHz:   0% 4416 MHz:   0% 4512 MHz:   0%)
CPU 4 idle residency:   1.19%
CPU 4 down residency:  98.81%
CPU 5 frequency: 0 MHz
CPU 5 active residency:   0.00% (1260 MHz:   0% 1512 MHz:   0% 1800 MHz:   0% 2088 MHz:   0% 2352 MHz:   0% 2616 MHz:   0% 2868 MHz:   0% 3096 MHz:   0% 3300 MHz:   0% 3468 MHz:   0% 3624 MHz:   0% 3756 MHz:   0% 3828 MHz:   0% 3888 MHz:   0% 3948 MHz:   0% 3996 MHz:   0% 4044 MHz:   0% 4104 MHz:   0% 4416 MHz:   0% 4512 MHz:   0%)
CPU 5 idle residency:   1.19%
CPU 5 down residency:  98.81%
CPU 6 frequency: 0 MHz
CPU 6 active residency:   0.00% (1260 MHz:   0% 1512 MHz:   0% 1800 MHz:   0% 2088 MHz:   0% 2352 MHz:   0% 2616 MHz:   0% 2868 MHz:   0% 3096 MHz:   0% 3300 MHz:   0% 3468 MHz:   0% 3624 MHz:   0% 3756 MHz:   0% 3828 MHz:   0% 3888 MHz:   0% 3948 MHz:   0% 3996 MHz:   0% 4044 MHz:   0% 4104 MHz:   0% 4416 MHz:   0% 4512 MHz:   0%)
CPU 6 idle residency:   1.19%
CPU 6 down residency:  98.81%
CPU 7 frequency: 0 MHz
CPU 7 active residency:   0.00% (1260 MHz:   0% 1512 MHz:   0% 1800 MHz:   0% 2088 MHz:   0% 2352 MHz:   0% 2616 MHz:   0% 2868 MHz:   0% 3096 MHz:   0% 3300 MHz:   0% 3468 MHz:   0% 3624 MHz:   0% 3756 MHz:   0% 3828 MHz:   0% 3888 MHz:   0% 3948 MHz:   0% 3996 MHz:   0% 4044 MHz:   0% 4104 MHz:   0% 4416 MHz:   0% 4512 MHz:   0%)
CPU 7 idle residency:   1.19%
CPU 7 down residency:  98.81%
CPU 8 frequency: 0 MHz
CPU 8 active residency:   0.00% (1260 MHz:   0% 1512 MHz:   0% 1800 MHz:   0% 2088 MHz:   0% 2352 MHz:   0% 2616 MHz:   0% 2868 MHz:   0% 3096 MHz:   0% 3300 MHz:   0% 3468 MHz:   0% 3624 MHz:   0% 3756 MHz:   0% 3828 MHz:   0% 3888 MHz:   0% 3948 MHz:   0% 3996 MHz:   0% 4044 MHz:   0% 4104 MHz:   0% 4416 MHz:   0% 4512 MHz:   0%)
CPU 8 idle residency:   1.19%
CPU 8 down residency:  98.81%
CPU 9 frequency: 0 MHz
CPU 9 active residency:   0.00% (1260 MHz:   0% 1512 MHz:   0% 1800 MHz:   0% 2088 MHz:   0% 2352 MHz:   0% 2616 MHz:   0% 2868 MHz:   0% 3096 MHz:   0% 3300 MHz:   0% 3468 MHz:   0% 3624 MHz:   0% 3756 MHz:   0% 3828 MHz:   0% 3888 MHz:   0% 3948 MHz:   0% 3996 MHz:   0% 4044 MHz:   0% 4104 MHz:   0% 4416 MHz:   0% 4512 MHz:   0%)
CPU 9 idle residency:   1.19%
CPU 9 down residency:  98.81%

P1-Cluster HW active frequency: 3227 MHz
P1-Cluster HW active residency:  95.69% (1260 MHz: .41% 1512 MHz: .01% 1800 MHz: .01% 2088 MHz: 2.6% 2352 MHz: 3.4% 2616 MHz:  15% 2868 MHz:  24% 3096 MHz:  13% 3300 MHz: 2.2% 3468 MHz: .39% 3624 MHz: .39% 3756 MHz: .38% 3828 MHz:   0% 3888 MHz: 5.0% 3948 MHz:  18% 3996 MHz: 5.2% 4044 MHz: 6.0% 4104 MHz:   0% 4416 MHz: .09% 4512 MHz: .12%)
P1-Cluster idle residency:   4.31%
P1-Cluster down residency:   0.00%
CPU 10 frequency: 3339 MHz
CPU 10 active residency:  61.11% (1260 MHz: .09% 1512 MHz: .00% 1800 MHz: .01% 2088 MHz: .21% 2352 MHz: 1.8% 2616 MHz:  12% 2868 MHz:  17% 3096 MHz: 9.3% 3300 MHz: 1.7% 3468 MHz: .39% 3624 MHz: .39% 3756 MHz: .38% 3828 MHz:   0% 3888 MHz:   0% 3948 MHz: .39% 3996 MHz:   0% 4044 MHz:   0% 4104 MHz: .39% 4416 MHz: .38% 4512 MHz:  17%)
CPU 10 idle residency:  38.89%
CPU 10 down residency:   0.00%
CPU 11 frequency: 3816 MHz
CPU 11 active residency:  34.21% (1260 MHz: .00% 1512 MHz: .00% 1800 MHz: .00% 2088 MHz: .15% 2352 MHz: 2.3% 2616 MHz: 2.3% 2868 MHz: 5.3% 3096 MHz: 2.8% 3300 MHz: .58% 3468 MHz: .32% 3624 MHz: .19% 3756 MHz: .11% 3828 MHz:   0% 3888 MHz:   0% 3948 MHz: .24% 3996 MHz:   0% 4044 MHz:   0% 4104 MHz: .03% 4416 MHz: .00% 4512 MHz:  20%)
CPU 11 idle residency:  65.79%
CPU 11 down residency:   0.00%
CPU 12 frequency: 3248 MHz
CPU 12 active residency:  57.68% (1260 MHz: .09% 1512 MHz: .00% 1800 MHz:   0% 2088 MHz: 2.0% 2352 MHz: 1.9% 2616 MHz:  11% 2868 MHz:  17% 3096 MHz: 8.7% 3300 MHz: 1.8% 3468 MHz: .32% 3624 MHz: .27% 3756 MHz: .30% 3828 MHz:   0% 3888 MHz:   0% 3948 MHz: .24% 3996 MHz:   0% 4044 MHz:   0% 4104 MHz: .14% 4416 MHz: .07% 4512 MHz:  14%)
CPU 12 idle residency:  42.32%
CPU 12 down residency:   0.00%
CPU 13 frequency: 3362 MHz
CPU 13 active residency:  57.56% (1260 MHz: .07% 1512 MHz: .00% 1800 MHz:   0% 2088 MHz: 1.7% 2352 MHz: .78% 2616 MHz:  10% 2868 MHz:  16% 3096 MHz: 8.4% 3300 MHz: 1.4% 3468 MHz: .29% 3624 MHz: .27% 3756 MHz: .32% 3828 MHz:   0% 3888 MHz:   0% 3948 MHz: .21% 3996 MHz:   0% 4044 MHz:   0% 4104 MHz: .06% 4416 MHz: .08% 4512 MHz:  18%)
CPU 13 idle residency:  42.44%
CPU 13 down residency:   0.00%
CPU 14 frequency: 4108 MHz
CPU 14 active residency:  21.06% (1260 MHz: .01% 1512 MHz:   0% 1800 MHz:   0% 2088 MHz: 1.8% 2352 MHz: .05% 2616 MHz: .19% 2868 MHz: 1.5% 3096 MHz: .52% 3300 MHz: .38% 3468 MHz: .07% 3624 MHz:   0% 3756 MHz: .02% 3828 MHz:   0% 3888 MHz:   0% 3948 MHz:   0% 3996 MHz:   0% 4044 MHz:   0% 4104 MHz: .00% 4416 MHz:   0% 4512 MHz:  17%)
CPU 14 idle residency:  78.94%
CPU 14 down residency:   0.00%
CPU 15 frequency: 4463 MHz
CPU 15 active residency:  17.32% (1260 MHz:   0% 1512 MHz:   0% 1800 MHz:   0% 2088 MHz: .12% 2352 MHz:   0% 2616 MHz:   0% 2868 MHz: .16% 3096 MHz: .15% 3300 MHz: .05% 3468 MHz: .04% 3624 MHz:   0% 3756 MHz:   0% 3828 MHz:   0% 3888 MHz:   0% 3948 MHz:   0% 3996 MHz:   0% 4044 MHz:   0% 4104 MHz:   0% 4416 MHz:   0% 4512 MHz:  17%)
CPU 15 idle residency:  82.68%
CPU 15 down residency:   0.00%

CPU Power: 3790 mW
GPU Power: 28140 mW
ANE Power: 0 mW
Combined Power (CPU + GPU + ANE): 31931 mW

**** GPU usage ****

GPU HW active frequency: 1578 MHz
GPU HW active residency: 100.00% (338 MHz:   0% 618 MHz:   0% 796 MHz:   0% 924 MHz:   0% 952 MHz:   0% 1056 MHz:   0% 1062 MHz:   0% 1182 MHz:   0% 1182 MHz:   0% 1312 MHz:   0% 1242 MHz:   0% 1380 MHz:   0% 1326 MHz:   0% 1470 MHz:   0% 1578 MHz: 100%)
GPU SW requested state: (P1 :   0% P2 :   0% P3 :   0% P4 :   0% P5 :   0% P6 :   0% P7 :   0% P8 :   0% P9 :   0% P10 : 100% P11 :   0% P12 :   0% P13 :   0% P14 :   0% P15 :   0%)
GPU SW state: (SW_P1 :   0% SW_P2 :   0% SW_P3 :   0% SW_P4 :   0% SW_P5 :   0% SW_P6 :   0% SW_P7 :   0% SW_P8 :   0% SW_P9 :   0% SW_P10 : 100% SW_P11 :   0% SW_P12 :   0% SW_P13 :   0% SW_P14 :   0% SW_P15 :   0%)
GPU idle residency:   0.00%
GPU Power: 28142 mW



*** Sampled system activity (Tue Jan 20 15:15:23 2026 +0100) (1022.16ms elapsed) ***


**** Processor usage ****

E-Cluster Online: 100%
E-Cluster HW active frequency: 1338 MHz
E-Cluster HW active residency:  60.00% (1020 MHz:  37% 1404 MHz: 9.2% 1788 MHz: 6.1% 2112 MHz: 1.6% 2352 MHz: .69% 2532 MHz: 1.9% 2592 MHz: 3.5%)
E-Cluster idle residency:  40.00%
E-Cluster down residency:   0.00%
CPU 0 frequency: 1335 MHz
CPU 0 active residency:  27.32% (1020 MHz:  18% 1404 MHz: 3.6% 1788 MHz: 2.6% 2112 MHz: .60% 2352 MHz: .34% 2532 MHz: 1.2% 2592 MHz: 1.5%)
CPU 0 idle residency:  72.68%
CPU 0 down residency:   0.00%
CPU 1 frequency: 1353 MHz
CPU 1 active residency:  19.37% (1020 MHz:  11% 1404 MHz: 3.6% 1788 MHz: 1.9% 2112 MHz: .51% 2352 MHz: .18% 2532 MHz: .56% 2592 MHz: 1.2%)
CPU 1 idle residency:  80.63%
CPU 1 down residency:   0.00%
CPU 2 frequency: 1419 MHz
CPU 2 active residency:  13.54% (1020 MHz: 7.0% 1404 MHz: 2.3% 1788 MHz: 2.3% 2112 MHz: .41% 2352 MHz: .22% 2532 MHz: .15% 2592 MHz: 1.1%)
CPU 2 idle residency:  86.46%
CPU 2 down residency:   0.00%
CPU 3 frequency: 1381 MHz
CPU 3 active residency:   7.93% (1020 MHz: 4.4% 1404 MHz: 1.8% 1788 MHz: .62% 2112 MHz: .07% 2352 MHz: .01% 2532 MHz: .19% 2592 MHz: .84%)
CPU 3 idle residency:  92.07%
CPU 3 down residency:   0.00%

P0-Cluster Online: 5%
P0-Cluster HW active frequency: 2220 MHz
P0-Cluster HW active residency:   1.32% (1260 MHz: .76% 1512 MHz:   0% 1800 MHz:   0% 2088 MHz: .02% 2352 MHz: .01% 2616 MHz: .18% 2868 MHz:   0% 3096 MHz:   0% 3300 MHz:   0% 3468 MHz:   0% 3624 MHz:   0% 3756 MHz:   0% 3828 MHz:   0% 3888 MHz: .02% 3948 MHz: .02% 3996 MHz: .02% 4044 MHz: .16% 4104 MHz:   0% 4416 MHz: .01% 4512 MHz: .10%)
P0-Cluster idle residency:   1.80%
P0-Cluster down residency:  96.88%
CPU 4 frequency: 0 MHz
CPU 4 active residency:   0.00% (1260 MHz:   0% 1512 MHz:   0% 1800 MHz:   0% 2088 MHz:   0% 2352 MHz:   0% 2616 MHz:   0% 2868 MHz:   0% 3096 MHz:   0% 3300 MHz:   0% 3468 MHz:   0% 3624 MHz:   0% 3756 MHz:   0% 3828 MHz:   0% 3888 MHz:   0% 3948 MHz:   0% 3996 MHz:   0% 4044 MHz:   0% 4104 MHz:   0% 4416 MHz:   0% 4512 MHz:   0%)
CPU 4 idle residency:   2.83%
CPU 4 down residency:  97.17%
CPU 5 frequency: 0 MHz
CPU 5 active residency:   0.00% (1260 MHz:   0% 1512 MHz:   0% 1800 MHz:   0% 2088 MHz:   0% 2352 MHz:   0% 2616 MHz:   0% 2868 MHz:   0% 3096 MHz:   0% 3300 MHz:   0% 3468 MHz:   0% 3624 MHz:   0% 3756 MHz:   0% 3828 MHz:   0% 3888 MHz:   0% 3948 MHz:   0% 3996 MHz:   0% 4044 MHz:   0% 4104 MHz:   0% 4416 MHz:   0% 4512 MHz:   0%)
CPU 5 idle residency:   2.86%
CPU 5 down residency:  97.14%
CPU 6 frequency: 0 MHz
CPU 6 active residency:   0.00% (1260 MHz:   0% 1512 MHz:   0% 1800 MHz:   0% 2088 MHz:   0% 2352 MHz:   0% 2616 MHz:   0% 2868 MHz:   0% 3096 MHz:   0% 3300 MHz:   0% 3468 MHz:   0% 3624 MHz:   0% 3756 MHz:   0% 3828 MHz:   0% 3888 MHz:   0% 3948 MHz:   0% 3996 MHz:   0% 4044 MHz:   0% 4104 MHz:   0% 4416 MHz:   0% 4512 MHz:   0%)
CPU 6 idle residency:   2.87%
CPU 6 down residency:  97.13%
CPU 7 frequency: 0 MHz
CPU 7 active residency:   0.00% (1260 MHz:   0% 1512 MHz:   0% 1800 MHz:   0% 2088 MHz:   0% 2352 MHz:   0% 2616 MHz:   0% 2868 MHz:   0% 3096 MHz:   0% 3300 MHz:   0% 3468 MHz:   0% 3624 MHz:   0% 3756 MHz:   0% 3828 MHz:   0% 3888 MHz:   0% 3948 MHz:   0% 3996 MHz:   0% 4044 MHz:   0% 4104 MHz:   0% 4416 MHz:   0% 4512 MHz:   0%)
CPU 7 idle residency:   2.68%
CPU 7 down residency:  97.32%
CPU 8 frequency: 0 MHz
CPU 8 active residency:   0.00% (1260 MHz:   0% 1512 MHz:   0% 1800 MHz:   0% 2088 MHz:   0% 2352 MHz:   0% 2616 MHz:   0% 2868 MHz:   0% 3096 MHz:   0% 3300 MHz:   0% 3468 MHz:   0% 3624 MHz:   0% 3756 MHz:   0% 3828 MHz:   0% 3888 MHz:   0% 3948 MHz:   0% 3996 MHz:   0% 4044 MHz:   0% 4104 MHz:   0% 4416 MHz:   0% 4512 MHz:   0%)
CPU 8 idle residency:   2.88%
CPU 8 down residency:  97.12%
CPU 9 frequency: 0 MHz
CPU 9 active residency:   0.00% (1260 MHz:   0% 1512 MHz:   0% 1800 MHz:   0% 2088 MHz:   0% 2352 MHz:   0% 2616 MHz:   0% 2868 MHz:   0% 3096 MHz:   0% 3300 MHz:   0% 3468 MHz:   0% 3624 MHz:   0% 3756 MHz:   0% 3828 MHz:   0% 3888 MHz:   0% 3948 MHz:   0% 3996 MHz:   0% 4044 MHz:   0% 4104 MHz:   0% 4416 MHz:   0% 4512 MHz:   0%)
CPU 9 idle residency:   2.85%
CPU 9 down residency:  97.15%

P1-Cluster HW active frequency: 3205 MHz
P1-Cluster HW active residency:  95.19% (1260 MHz: .35% 1512 MHz: .02% 1800 MHz: .01% 2088 MHz: .03% 2352 MHz: 9.8% 2616 MHz:  24% 2868 MHz: 8.2% 3096 MHz:  11% 3300 MHz: 4.1% 3468 MHz: 2.2% 3624 MHz: .38% 3756 MHz:   0% 3828 MHz: .39% 3888 MHz: 3.6% 3948 MHz:  18% 3996 MHz: 5.3% 4044 MHz: 6.4% 4104 MHz:   0% 4416 MHz: .10% 4512 MHz: .19%)
P1-Cluster idle residency:   4.81%
P1-Cluster down residency:   0.00%
CPU 10 frequency: 3691 MHz
CPU 10 active residency:  32.06% (1260 MHz: .01% 1512 MHz:   0% 1800 MHz: .00% 2088 MHz:   0% 2352 MHz: 2.1% 2616 MHz: 5.4% 2868 MHz: 2.5% 3096 MHz: 3.2% 3300 MHz: .53% 3468 MHz: 1.6% 3624 MHz: .11% 3756 MHz:   0% 3828 MHz: .28% 3888 MHz:   0% 3948 MHz: .38% 3996 MHz:   0% 4044 MHz:   0% 4104 MHz: .03% 4416 MHz: .00% 4512 MHz:  16%)
CPU 10 idle residency:  67.94%
CPU 10 down residency:   0.00%
CPU 11 frequency: 4304 MHz
CPU 11 active residency:  22.65% (1260 MHz: .01% 1512 MHz:   0% 1800 MHz:   0% 2088 MHz:   0% 2352 MHz: .11% 2616 MHz: .52% 2868 MHz: 1.4% 3096 MHz: .55% 3300 MHz: .13% 3468 MHz: .18% 3624 MHz: .03% 3756 MHz:   0% 3828 MHz: .04% 3888 MHz:   0% 3948 MHz: .03% 3996 MHz:   0% 4044 MHz:   0% 4104 MHz:   0% 4416 MHz: .00% 4512 MHz:  20%)
CPU 11 idle residency:  77.35%
CPU 11 down residency:   0.00%
CPU 12 frequency: 3234 MHz
CPU 12 active residency:  54.16% (1260 MHz: .05% 1512 MHz: .01% 1800 MHz: .00% 2088 MHz: .02% 2352 MHz: 6.9% 2616 MHz:  14% 2868 MHz: 5.8% 3096 MHz: 8.8% 3300 MHz: 2.5% 3468 MHz: 1.9% 3624 MHz: .39% 3756 MHz:   0% 3828 MHz: .39% 3888 MHz:   0% 3948 MHz: .38% 3996 MHz:   0% 4044 MHz:   0% 4104 MHz: .39% 4416 MHz: .39% 4512 MHz:  12%)
CPU 12 idle residency:  45.84%
CPU 12 down residency:   0.00%
CPU 13 frequency: 3323 MHz
CPU 13 active residency:  52.89% (1260 MHz: .10% 1512 MHz: .00% 1800 MHz: .00% 2088 MHz: .00% 2352 MHz: 6.1% 2616 MHz:  13% 2868 MHz: 5.3% 3096 MHz: 8.0% 3300 MHz: 2.2% 3468 MHz: 1.7% 3624 MHz: .19% 3756 MHz:   0% 3828 MHz: .35% 3888 MHz:   0% 3948 MHz: .30% 3996 MHz:   0% 4044 MHz:   0% 4104 MHz: .06% 4416 MHz: .06% 4512 MHz:  16%)
CPU 13 idle residency:  47.11%
CPU 13 down residency:   0.00%
CPU 14 frequency: 3321 MHz
CPU 14 active residency:  52.17% (1260 MHz: .08% 1512 MHz: .00% 1800 MHz: .00% 2088 MHz: .00% 2352 MHz: 4.7% 2616 MHz:  15% 2868 MHz: 5.2% 3096 MHz: 7.7% 3300 MHz: 1.9% 3468 MHz: 1.4% 3624 MHz: .05% 3756 MHz:   0% 3828 MHz: .32% 3888 MHz:   0% 3948 MHz: .33% 3996 MHz:   0% 4044 MHz:   0% 4104 MHz: .05% 4416 MHz: .18% 4512 MHz:  15%)
CPU 14 idle residency:  47.83%
CPU 14 down residency:   0.00%
CPU 15 frequency: 4078 MHz
CPU 15 active residency:  22.85% (1260 MHz: .01% 1512 MHz:   0% 1800 MHz:   0% 2088 MHz:   0% 2352 MHz: .60% 2616 MHz: 3.9% 2868 MHz: .67% 3096 MHz: .04% 3300 MHz: .00% 3468 MHz:   0% 3624 MHz: .01% 3756 MHz:   0% 3828 MHz: .03% 3888 MHz:   0% 3948 MHz:   0% 3996 MHz:   0% 4044 MHz:   0% 4104 MHz:   0% 4416 MHz:   0% 4512 MHz:  18%)
CPU 15 idle residency:  77.15%
CPU 15 down residency:   0.00%

CPU Power: 3897 mW
GPU Power: 28839 mW
ANE Power: 0 mW
Combined Power (CPU + GPU + ANE): 32736 mW

**** GPU usage ****

GPU HW active frequency: 1578 MHz
GPU HW active residency: 100.00% (338 MHz:   0% 618 MHz:   0% 796 MHz:   0% 924 MHz:   0% 952 MHz:   0% 1056 MHz:   0% 1062 MHz:   0% 1182 MHz:   0% 1182 MHz:   0% 1312 MHz:   0% 1242 MHz:   0% 1380 MHz:   0% 1326 MHz:   0% 1470 MHz:   0% 1578 MHz: 100%)
GPU SW requested state: (P1 :   0% P2 :   0% P3 :   0% P4 :   0% P5 :   0% P6 :   0% P7 :   0% P8 :   0% P9 :   0% P10 : 100% P11 :   0% P12 :   0% P13 :   0% P14 :   0% P15 :   0%)
GPU SW state: (SW_P1 :   0% SW_P2 :   0% SW_P3 :   0% SW_P4 :   0% SW_P5 :   0% SW_P6 :   0% SW_P7 :   0% SW_P8 :   0% SW_P9 :   0% SW_P10 : 100% SW_P11 :   0% SW_P12 :   0% SW_P13 :   0% SW_P14 :   0% SW_P15 :   0%)
GPU idle residency:   0.00%
GPU Power: 28870 mW



*** Sampled system activity (Tue Jan 20 15:15:24 2026 +0100) (1021.63ms elapsed) ***


**** Processor usage ****

E-Cluster Online: 100%
E-Cluster HW active frequency: 1339 MHz
E-Cluster HW active residency:  63.24% (1020 MHz:  42% 1404 MHz: 7.0% 1788 MHz: 4.3% 2112 MHz: 1.9% 2352 MHz: 2.2% 2532 MHz: 1.6% 2592 MHz: 4.4%)
E-Cluster idle residency:  36.76%
E-Cluster down residency:   0.00%
CPU 0 frequency: 1287 MHz
CPU 0 active residency:  32.71% (1020 MHz:  23% 1404 MHz: 4.0% 1788 MHz: 2.3% 2112 MHz: .74% 2352 MHz: 1.2% 2532 MHz: .61% 2592 MHz: 1.4%)
CPU 0 idle residency:  67.29%
CPU 0 down residency:   0.00%
CPU 1 frequency: 1424 MHz
CPU 1 active residency:  22.84% (1020 MHz:  14% 1404 MHz: 2.2% 1788 MHz: 2.3% 2112 MHz: 1.2% 2352 MHz: .75% 2532 MHz: 1.1% 2592 MHz: 1.7%)
CPU 1 idle residency:  77.16%
CPU 1 down residency:   0.00%
CPU 2 frequency: 1308 MHz
CPU 2 active residency:  13.73% (1020 MHz: 9.0% 1404 MHz: 1.5% 1788 MHz: 1.8% 2112 MHz: .26% 2352 MHz: .34% 2532 MHz: .27% 2592 MHz: .53%)
CPU 2 idle residency:  86.27%
CPU 2 down residency:   0.00%
CPU 3 frequency: 1333 MHz
CPU 3 active residency:   9.58% (1020 MHz: 6.2% 1404 MHz: .93% 1788 MHz: 1.1% 2112 MHz: .19% 2352 MHz: .48% 2532 MHz: .33% 2592 MHz: .28%)
CPU 3 idle residency:  90.42%
CPU 3 down residency:   0.00%

P0-Cluster Online: 4%
P0-Cluster HW active frequency: 1572 MHz
P0-Cluster HW active residency:   1.73% (1260 MHz: 1.4% 1512 MHz:   0% 1800 MHz:   0% 2088 MHz:   0% 2352 MHz:   0% 2616 MHz:   0% 2868 MHz: .20% 3096 MHz: .07% 3300 MHz:   0% 3468 MHz:   0% 3624 MHz:   0% 3756 MHz:   0% 3828 MHz:   0% 3888 MHz: .00% 3948 MHz: .00% 3996 MHz:   0% 4044 MHz:   0% 4104 MHz:   0% 4416 MHz: .00% 4512 MHz: .02%)
P0-Cluster idle residency:   2.10%
P0-Cluster down residency:  96.17%
CPU 4 frequency: 2169 MHz
CPU 4 active residency:   0.41% (1260 MHz: .25% 1512 MHz:   0% 1800 MHz:   0% 2088 MHz: .00% 2352 MHz: .01% 2616 MHz: .05% 2868 MHz:   0% 3096 MHz:   0% 3300 MHz:   0% 3468 MHz:   0% 3624 MHz:   0% 3756 MHz:   0% 3828 MHz:   0% 3888 MHz:   0% 3948 MHz:   0% 3996 MHz:   0% 4044 MHz:   0% 4104 MHz:   0% 4416 MHz:   0% 4512 MHz: .09%)
CPU 4 idle residency:   3.60%
CPU 4 down residency:  96.00%
CPU 5 frequency: 2819 MHz
CPU 5 active residency:   0.57% (1260 MHz: .26% 1512 MHz:   0% 1800 MHz:   0% 2088 MHz: .00% 2352 MHz: .00% 2616 MHz: .06% 2868 MHz:   0% 3096 MHz:   0% 3300 MHz:   0% 3468 MHz:   0% 3624 MHz:   0% 3756 MHz:   0% 3828 MHz:   0% 3888 MHz:   0% 3948 MHz:   0% 3996 MHz:   0% 4044 MHz:   0% 4104 MHz:   0% 4416 MHz:   0% 4512 MHz: .25%)
CPU 5 idle residency:   3.61%
CPU 5 down residency:  95.82%
CPU 6 frequency: 3301 MHz
CPU 6 active residency:   0.83% (1260 MHz: .26% 1512 MHz:   0% 1800 MHz:   0% 2088 MHz: .00% 2352 MHz: .00% 2616 MHz: .08% 2868 MHz:   0% 3096 MHz:   0% 3300 MHz: .01% 3468 MHz:   0% 3624 MHz:   0% 3756 MHz:   0% 3828 MHz:   0% 3888 MHz:   0% 3948 MHz:   0% 3996 MHz:   0% 4044 MHz:   0% 4104 MHz:   0% 4416 MHz:   0% 4512 MHz: .48%)
CPU 6 idle residency:   3.44%
CPU 6 down residency:  95.73%
CPU 7 frequency: 1718 MHz
CPU 7 active residency:   0.31% (1260 MHz: .25% 1512 MHz:   0% 1800 MHz:   0% 2088 MHz:   0% 2352 MHz:   0% 2616 MHz: .03% 2868 MHz:   0% 3096 MHz:   0% 3300 MHz:   0% 3468 MHz:   0% 3624 MHz:   0% 3756 MHz:   0% 3828 MHz:   0% 3888 MHz:   0% 3948 MHz:   0% 3996 MHz:   0% 4044 MHz:   0% 4104 MHz:   0% 4416 MHz:   0% 4512 MHz: .03%)
CPU 7 idle residency:   3.59%
CPU 7 down residency:  96.10%
CPU 8 frequency: 3314 MHz
CPU 8 active residency:   0.80% (1260 MHz: .26% 1512 MHz:   0% 1800 MHz:   0% 2088 MHz: .00% 2352 MHz: .00% 2616 MHz: .07% 2868 MHz:   0% 3096 MHz:   0% 3300 MHz:   0% 3468 MHz:   0% 3624 MHz:   0% 3756 MHz:   0% 3828 MHz:   0% 3888 MHz:   0% 3948 MHz:   0% 3996 MHz:   0% 4044 MHz:   0% 4104 MHz:   0% 4416 MHz:   0% 4512 MHz: .48%)
CPU 8 idle residency:   3.59%
CPU 8 down residency:  95.61%
CPU 9 frequency: 2057 MHz
CPU 9 active residency:   0.40% (1260 MHz: .25% 1512 MHz:   0% 1800 MHz:   0% 2088 MHz: .00% 2352 MHz:   0% 2616 MHz: .08% 2868 MHz:   0% 3096 MHz:   0% 3300 MHz:   0% 3468 MHz:   0% 3624 MHz:   0% 3756 MHz:   0% 3828 MHz:   0% 3888 MHz:   0% 3948 MHz:   0% 3996 MHz:   0% 4044 MHz:   0% 4104 MHz:   0% 4416 MHz:   0% 4512 MHz: .06%)
CPU 9 idle residency:   3.62%
CPU 9 down residency:  95.98%

P1-Cluster HW active frequency: 3163 MHz
P1-Cluster HW active residency:  96.67% (1260 MHz: .46% 1512 MHz: .00% 1800 MHz: .00% 2088 MHz: 2.9% 2352 MHz: 4.0% 2616 MHz:  24% 2868 MHz:  28% 3096 MHz: .96% 3300 MHz: .97% 3468 MHz: .58% 3624 MHz: .39% 3756 MHz:   0% 3828 MHz: .38% 3888 MHz: 2.6% 3948 MHz:  20% 3996 MHz: 5.1% 4044 MHz: 6.3% 4104 MHz:   0% 4416 MHz: .14% 4512 MHz: .30%)
P1-Cluster idle residency:   3.33%
P1-Cluster down residency:   0.00%
CPU 10 frequency: 3825 MHz
CPU 10 active residency:  29.95% (1260 MHz: .01% 1512 MHz:   0% 1800 MHz:   0% 2088 MHz: .17% 2352 MHz: .16% 2616 MHz: 4.2% 2868 MHz: 5.9% 3096 MHz: .47% 3300 MHz: .11% 3468 MHz: .37% 3624 MHz: .34% 3756 MHz:   0% 3828 MHz: .38% 3888 MHz:   0% 3948 MHz: .35% 3996 MHz:   0% 4044 MHz:   0% 4104 MHz: .38% 4416 MHz: .34% 4512 MHz:  17%)
CPU 10 idle residency:  70.05%
CPU 10 down residency:   0.00%
CPU 11 frequency: 3746 MHz
CPU 11 active residency:  25.00% (1260 MHz: .02% 1512 MHz:   0% 1800 MHz:   0% 2088 MHz: 1.3% 2352 MHz: 3.4% 2616 MHz: 1.3% 2868 MHz: 3.0% 3096 MHz: .31% 3300 MHz: .13% 3468 MHz: .21% 3624 MHz: .32% 3756 MHz:   0% 3828 MHz: .02% 3888 MHz:   0% 3948 MHz: .07% 3996 MHz:   0% 4044 MHz:   0% 4104 MHz: .04% 4416 MHz:   0% 4512 MHz:  15%)
CPU 11 idle residency:  75.00%
CPU 11 down residency:   0.00%
CPU 12 frequency: 3972 MHz
CPU 12 active residency:  17.67% (1260 MHz:   0% 1512 MHz:   0% 1800 MHz:   0% 2088 MHz: .03% 2352 MHz: .01% 2616 MHz: .36% 2868 MHz: 2.8% 3096 MHz: .96% 3300 MHz: .97% 3468 MHz: .58% 3624 MHz: .39% 3756 MHz:   0% 3828 MHz: .38% 3888 MHz:   0% 3948 MHz: .39% 3996 MHz:   0% 4044 MHz:   0% 4104 MHz: .38% 4416 MHz: .38% 4512 MHz:  10%)
CPU 12 idle residency:  82.33%
CPU 12 down residency:   0.00%
CPU 13 frequency: 3197 MHz
CPU 13 active residency:  63.34% (1260 MHz: .09% 1512 MHz: .00% 1800 MHz: .00% 2088 MHz: 2.2% 2352 MHz: 2.7% 2616 MHz:  18% 2868 MHz:  22% 3096 MHz: .46% 3300 MHz: .30% 3468 MHz: .05% 3624 MHz: .08% 3756 MHz:   0% 3828 MHz: .04% 3888 MHz:   0% 3948 MHz: .30% 3996 MHz:   0% 4044 MHz:   0% 4104 MHz: .34% 4416 MHz: .27% 4512 MHz:  17%)
CPU 13 idle residency:  36.66%
CPU 13 down residency:   0.00%
CPU 14 frequency: 3218 MHz
CPU 14 active residency:  59.62% (1260 MHz: .05% 1512 MHz:   0% 1800 MHz:   0% 2088 MHz: 2.3% 2352 MHz: 3.1% 2616 MHz:  15% 2868 MHz:  20% 3096 MHz: .65% 3300 MHz: .46% 3468 MHz: .39% 3624 MHz: .17% 3756 MHz:   0% 3828 MHz: .31% 3888 MHz:   0% 3948 MHz:   0% 3996 MHz:   0% 4044 MHz:   0% 4104 MHz:   0% 4416 MHz:   0% 4512 MHz:  17%)
CPU 14 idle residency:  40.38%
CPU 14 down residency:   0.00%
CPU 15 frequency: 3387 MHz
CPU 15 active residency:  60.04% (1260 MHz: .07% 1512 MHz: .00% 1800 MHz: .00% 2088 MHz: 1.4% 2352 MHz: .70% 2616 MHz:  16% 2868 MHz:  18% 3096 MHz: .62% 3300 MHz: .55% 3468 MHz: .23% 3624 MHz: .35% 3756 MHz:   0% 3828 MHz: .37% 3888 MHz:   0% 3948 MHz: .33% 3996 MHz:   0% 4044 MHz:   0% 4104 MHz: .33% 4416 MHz: .31% 4512 MHz:  21%)
CPU 15 idle residency:  39.96%
CPU 15 down residency:   0.00%

CPU Power: 3805 mW
GPU Power: 32277 mW
ANE Power: 0 mW
Combined Power (CPU + GPU + ANE): 36081 mW

**** GPU usage ****

GPU HW active frequency: 1578 MHz
GPU HW active residency: 100.00% (338 MHz:   0% 618 MHz:   0% 796 MHz:   0% 924 MHz:   0% 952 MHz:   0% 1056 MHz:   0% 1062 MHz:   0% 1182 MHz:   0% 1182 MHz:   0% 1312 MHz:   0% 1242 MHz:   0% 1380 MHz:   0% 1326 MHz:   0% 1470 MHz:   0% 1578 MHz: 100%)
GPU SW requested state: (P1 :   0% P2 :   0% P3 :   0% P4 :   0% P5 :   0% P6 :   0% P7 :   0% P8 :   0% P9 :   0% P10 : 100% P11 :   0% P12 :   0% P13 :   0% P14 :   0% P15 :   0%)
GPU SW state: (SW_P1 :   0% SW_P2 :   0% SW_P3 :   0% SW_P4 :   0% SW_P5 :   0% SW_P6 :   0% SW_P7 :   0% SW_P8 :   0% SW_P9 :   0% SW_P10 : 100% SW_P11 :   0% SW_P12 :   0% SW_P13 :   0% SW_P14 :   0% SW_P15 :   0%)
GPU idle residency:   0.00%
GPU Power: 32013 mW



*** Sampled system activity (Tue Jan 20 15:15:25 2026 +0100) (1022.09ms elapsed) ***


**** Processor usage ****

E-Cluster Online: 100%
E-Cluster HW active frequency: 1404 MHz
E-Cluster HW active residency:  61.01% (1020 MHz:  38% 1404 MHz: 6.3% 1788 MHz: 4.1% 2112 MHz: 2.1% 2352 MHz: 1.6% 2532 MHz: 1.7% 2592 MHz: 6.9%)
E-Cluster idle residency:  38.99%
E-Cluster down residency:   0.00%
CPU 0 frequency: 1374 MHz
CPU 0 active residency:  27.78% (1020 MHz:  18% 1404 MHz: 3.2% 1788 MHz: 1.9% 2112 MHz: .84% 2352 MHz: .76% 2532 MHz: .77% 2592 MHz: 2.6%)
CPU 0 idle residency:  72.22%
CPU 0 down residency:   0.00%
CPU 1 frequency: 1358 MHz
CPU 1 active residency:  20.85% (1020 MHz:  13% 1404 MHz: 2.4% 1788 MHz: 2.6% 2112 MHz: .53% 2352 MHz: .69% 2532 MHz: .37% 2592 MHz: 1.3%)
CPU 1 idle residency:  79.15%
CPU 1 down residency:   0.00%
CPU 2 frequency: 1454 MHz
CPU 2 active residency:  11.59% (1020 MHz: 6.4% 1404 MHz: 1.3% 1788 MHz: 1.1% 2112 MHz: .83% 2352 MHz: .80% 2532 MHz: .36% 2592 MHz: .73%)
CPU 2 idle residency:  88.41%
CPU 2 down residency:   0.00%
CPU 3 frequency: 1560 MHz
CPU 3 active residency:   7.43% (1020 MHz: 3.5% 1404 MHz: .68% 1788 MHz: 1.1% 2112 MHz: .73% 2352 MHz: .28% 2532 MHz: .88% 2592 MHz: .26%)
CPU 3 idle residency:  92.57%
CPU 3 down residency:   0.00%

P0-Cluster Online: 22%
P0-Cluster HW active frequency: 2732 MHz
P0-Cluster HW active residency:  15.16% (1260 MHz: 3.0% 1512 MHz: .02% 1800 MHz: .18% 2088 MHz:   0% 2352 MHz: .11% 2616 MHz: .63% 2868 MHz: .43% 3096 MHz: 8.2% 3300 MHz: 1.8% 3468 MHz: .80% 3624 MHz:   0% 3756 MHz:   0% 3828 MHz:   0% 3888 MHz:   0% 3948 MHz:   0% 3996 MHz:   0% 4044 MHz:   0% 4104 MHz:   0% 4416 MHz:   0% 4512 MHz:   0%)
P0-Cluster idle residency:   5.18%
P0-Cluster down residency:  79.66%
CPU 4 frequency: 2657 MHz
CPU 4 active residency:   1.08% (1260 MHz: .30% 1512 MHz:   0% 1800 MHz: .00% 2088 MHz:   0% 2352 MHz:   0% 2616 MHz:   0% 2868 MHz: .02% 3096 MHz: .39% 3300 MHz: .35% 3468 MHz: .03% 3624 MHz:   0% 3756 MHz:   0% 3828 MHz:   0% 3888 MHz:   0% 3948 MHz:   0% 3996 MHz:   0% 4044 MHz:   0% 4104 MHz:   0% 4416 MHz:   0% 4512 MHz:   0%)
CPU 4 idle residency:  19.38%
CPU 4 down residency:  79.54%
CPU 5 frequency: 2953 MHz
CPU 5 active residency:   8.64% (1260 MHz: .68% 1512 MHz: .00% 1800 MHz: .01% 2088 MHz:   0% 2352 MHz:   0% 2616 MHz: .34% 2868 MHz: .30% 3096 MHz: 6.0% 3300 MHz: 1.2% 3468 MHz: .09% 3624 MHz:   0% 3756 MHz:   0% 3828 MHz:   0% 3888 MHz:   0% 3948 MHz:   0% 3996 MHz:   0% 4044 MHz:   0% 4104 MHz:   0% 4416 MHz:   0% 4512 MHz:   0%)
CPU 5 idle residency:  11.81%
CPU 5 down residency:  79.55%
CPU 6 frequency: 2990 MHz
CPU 6 active residency:   8.65% (1260 MHz: .62% 1512 MHz: .02% 1800 MHz: .02% 2088 MHz:   0% 2352 MHz: .00% 2616 MHz: .21% 2868 MHz: .38% 3096 MHz: 5.7% 3300 MHz: 1.1% 3468 MHz: .66% 3624 MHz:   0% 3756 MHz:   0% 3828 MHz:   0% 3888 MHz:   0% 3948 MHz:   0% 3996 MHz:   0% 4044 MHz:   0% 4104 MHz:   0% 4416 MHz:   0% 4512 MHz:   0%)
CPU 6 idle residency:  11.94%
CPU 6 down residency:  79.41%
CPU 7 frequency: 1798 MHz
CPU 7 active residency:   0.42% (1260 MHz: .30% 1512 MHz:   0% 1800 MHz:   0% 2088 MHz:   0% 2352 MHz:   0% 2616 MHz:   0% 2868 MHz: .03% 3096 MHz: .07% 3300 MHz:   0% 3468 MHz: .02% 3624 MHz:   0% 3756 MHz:   0% 3828 MHz:   0% 3888 MHz:   0% 3948 MHz:   0% 3996 MHz:   0% 4044 MHz:   0% 4104 MHz:   0% 4416 MHz:   0% 4512 MHz:   0%)
CPU 7 idle residency:  20.06%
CPU 7 down residency:  79.53%
CPU 8 frequency: 2944 MHz
CPU 8 active residency:   8.34% (1260 MHz: .58% 1512 MHz:   0% 1800 MHz: .02% 2088 MHz:   0% 2352 MHz: .05% 2616 MHz: .58% 2868 MHz: .27% 3096 MHz: 5.9% 3300 MHz: .86% 3468 MHz: .07% 3624 MHz:   0% 3756 MHz:   0% 3828 MHz:   0% 3888 MHz:   0% 3948 MHz:   0% 3996 MHz:   0% 4044 MHz:   0% 4104 MHz:   0% 4416 MHz:   0% 4512 MHz:   0%)
CPU 8 idle residency:  12.00%
CPU 8 down residency:  79.67%
CPU 9 frequency: 2753 MHz
CPU 9 active residency:   1.68% (1260 MHz: .31% 1512 MHz:   0% 1800 MHz: .02% 2088 MHz:   0% 2352 MHz:   0% 2616 MHz: .04% 2868 MHz:   0% 3096 MHz: 1.2% 3300 MHz: .10% 3468 MHz: .03% 3624 MHz:   0% 3756 MHz:   0% 3828 MHz:   0% 3888 MHz:   0% 3948 MHz:   0% 3996 MHz:   0% 4044 MHz:   0% 4104 MHz:   0% 4416 MHz:   0% 4512 MHz:   0%)
CPU 9 idle residency:  18.77%
CPU 9 down residency:  79.55%

P1-Cluster HW active frequency: 3266 MHz
P1-Cluster HW active residency:  87.87% (1260 MHz: .38% 1512 MHz: .02% 1800 MHz: .01% 2088 MHz: .45% 2352 MHz:  10% 2616 MHz:  13% 2868 MHz:  12% 3096 MHz:  10% 3300 MHz: 2.4% 3468 MHz: 3.8% 3624 MHz: 1.2% 3756 MHz:   0% 3828 MHz: .39% 3888 MHz: 5.0% 3948 MHz:  21% 3996 MHz: 4.1% 4044 MHz: 4.3% 4104 MHz:   0% 4416 MHz: .03% 4512 MHz: .03%)
P1-Cluster idle residency:   2.12%
P1-Cluster down residency:  10.01%
CPU 10 frequency: 3618 MHz
CPU 10 active residency:  41.59% (1260 MHz: .02% 1512 MHz:   0% 1800 MHz: .00% 2088 MHz: .06% 2352 MHz: 3.9% 2616 MHz: 3.3% 2868 MHz: 7.2% 3096 MHz: 3.6% 3300 MHz: .91% 3468 MHz: 3.3% 3624 MHz: .45% 3756 MHz:   0% 3828 MHz: .35% 3888 MHz:   0% 3948 MHz: .24% 3996 MHz:   0% 4044 MHz:   0% 4104 MHz: .26% 4416 MHz: .31% 4512 MHz:  18%)
CPU 10 idle residency:  48.39%
CPU 10 down residency:  10.02%
CPU 11 frequency: 3256 MHz
CPU 11 active residency:  51.57% (1260 MHz: .07% 1512 MHz:   0% 1800 MHz: .01% 2088 MHz: .26% 2352 MHz: 6.9% 2616 MHz: 9.9% 2868 MHz: 8.9% 3096 MHz: 7.5% 3300 MHz: 1.8% 3468 MHz: 1.6% 3624 MHz: .43% 3756 MHz:   0% 3828 MHz: .39% 3888 MHz:   0% 3948 MHz: .39% 3996 MHz:   0% 4044 MHz:   0% 4104 MHz: .39% 4416 MHz: .39% 4512 MHz:  13%)
CPU 11 idle residency:  38.41%
CPU 11 down residency:  10.02%
CPU 12 frequency: 4017 MHz
CPU 12 active residency:  27.36% (1260 MHz: .01% 1512 MHz: .02% 1800 MHz: .00% 2088 MHz: .00% 2352 MHz: 1.5% 2616 MHz: .97% 2868 MHz: 1.0% 3096 MHz: 1.3% 3300 MHz: .68% 3468 MHz: 2.8% 3624 MHz: .67% 3756 MHz:   0% 3828 MHz: .18% 3888 MHz:   0% 3948 MHz: .26% 3996 MHz:   0% 4044 MHz:   0% 4104 MHz: .35% 4416 MHz: .20% 4512 MHz:  17%)
CPU 12 idle residency:  62.62%
CPU 12 down residency:  10.02%
CPU 13 frequency: 3482 MHz
CPU 13 active residency:  59.33% (1260 MHz: .06% 1512 MHz: .00% 1800 MHz: .01% 2088 MHz: .14% 2352 MHz: 5.6% 2616 MHz: 9.2% 2868 MHz: 8.6% 3096 MHz: 7.7% 3300 MHz: 1.6% 3468 MHz: 2.6% 3624 MHz: .68% 3756 MHz:   0% 3828 MHz: .33% 3888 MHz:   0% 3948 MHz: .22% 3996 MHz:   0% 4044 MHz:   0% 4104 MHz: .36% 4416 MHz: .33% 4512 MHz:  22%)
CPU 13 idle residency:  30.65%
CPU 13 down residency:  10.02%
CPU 14 frequency: 3471 MHz
CPU 14 active residency:  59.28% (1260 MHz: .06% 1512 MHz: .02% 1800 MHz: .00% 2088 MHz: .18% 2352 MHz: 6.2% 2616 MHz: 8.0% 2868 MHz: 8.7% 3096 MHz: 8.4% 3300 MHz: 1.4% 3468 MHz: 3.0% 3624 MHz: .93% 3756 MHz:   0% 3828 MHz: .39% 3888 MHz:   0% 3948 MHz: .39% 3996 MHz:   0% 4044 MHz:   0% 4104 MHz: .26% 4416 MHz: .27% 4512 MHz:  21%)
CPU 14 idle residency:  30.70%
CPU 14 down residency:  10.02%
CPU 15 frequency: 4190 MHz
CPU 15 active residency:  23.59% (1260 MHz:   0% 1512 MHz:   0% 1800 MHz:   0% 2088 MHz: .03% 2352 MHz: .64% 2616 MHz: 1.0% 2868 MHz: .93% 3096 MHz: .83% 3300 MHz: .25% 3468 MHz: .87% 3624 MHz: .03% 3756 MHz:   0% 3828 MHz: .04% 3888 MHz:   0% 3948 MHz: .14% 3996 MHz:   0% 4044 MHz:   0% 4104 MHz: .33% 4416 MHz: .15% 4512 MHz:  18%)
CPU 15 idle residency:  66.39%
CPU 15 down residency:  10.02%

CPU Power: 4368 mW
GPU Power: 31948 mW
ANE Power: 0 mW
Combined Power (CPU + GPU + ANE): 36316 mW

**** GPU usage ****

GPU HW active frequency: 1578 MHz
GPU HW active residency: 100.00% (338 MHz:   0% 618 MHz:   0% 796 MHz:   0% 924 MHz:   0% 952 MHz:   0% 1056 MHz:   0% 1062 MHz:   0% 1182 MHz:   0% 1182 MHz:   0% 1312 MHz:   0% 1242 MHz:   0% 1380 MHz:   0% 1326 MHz:   0% 1470 MHz:   0% 1578 MHz: 100%)
GPU SW requested state: (P1 :   0% P2 :   0% P3 :   0% P4 :   0% P5 :   0% P6 :   0% P7 :   0% P8 :   0% P9 :   0% P10 : 100% P11 :   0% P12 :   0% P13 :   0% P14 :   0% P15 :   0%)
GPU SW state: (SW_P1 :   0% SW_P2 :   0% SW_P3 :   0% SW_P4 :   0% SW_P5 :   0% SW_P6 :   0% SW_P7 :   0% SW_P8 :   0% SW_P9 :   0% SW_P10 : 100% SW_P11 :   0% SW_P12 :   0% SW_P13 :   0% SW_P14 :   0% SW_P15 :   0%)
GPU idle residency:   0.00%
GPU Power: 32213 mW



*** Sampled system activity (Tue Jan 20 15:15:26 2026 +0100) (1018.27ms elapsed) ***


**** Processor usage ****

E-Cluster Online: 100%
E-Cluster HW active frequency: 1327 MHz
E-Cluster HW active residency:  60.13% (1020 MHz:  37% 1404 MHz: 9.2% 1788 MHz: 7.1% 2112 MHz: 2.1% 2352 MHz: 1.9% 2532 MHz: 1.3% 2592 MHz: 1.7%)
E-Cluster idle residency:  39.87%
E-Cluster down residency:   0.00%
CPU 0 frequency: 1303 MHz
CPU 0 active residency:  31.82% (1020 MHz:  20% 1404 MHz: 5.2% 1788 MHz: 3.8% 2112 MHz: .57% 2352 MHz: 1.1% 2532 MHz: .67% 2592 MHz: .60%)
CPU 0 idle residency:  68.18%
CPU 0 down residency:   0.00%
CPU 1 frequency: 1383 MHz
CPU 1 active residency:  19.27% (1020 MHz:  11% 1404 MHz: 2.4% 1788 MHz: 3.3% 2112 MHz: .38% 2352 MHz: .64% 2532 MHz: .33% 2592 MHz: 1.1%)
CPU 1 idle residency:  80.73%
CPU 1 down residency:   0.00%
CPU 2 frequency: 1356 MHz
CPU 2 active residency:  11.35% (1020 MHz: 7.0% 1404 MHz: 1.3% 1788 MHz: 1.5% 2112 MHz: .14% 2352 MHz: .76% 2532 MHz: .45% 2592 MHz: .20%)
CPU 2 idle residency:  88.65%
CPU 2 down residency:   0.00%
CPU 3 frequency: 1335 MHz
CPU 3 active residency:   8.49% (1020 MHz: 5.3% 1404 MHz: .85% 1788 MHz: 1.2% 2112 MHz: .54% 2352 MHz: .19% 2532 MHz: .16% 2592 MHz: .22%)
CPU 3 idle residency:  91.51%
CPU 3 down residency:   0.00%

P0-Cluster Online: 2%
P0-Cluster HW active frequency: 1260 MHz
P0-Cluster HW active residency:   0.43% (1260 MHz: .43% 1512 MHz:   0% 1800 MHz:   0% 2088 MHz:   0% 2352 MHz:   0% 2616 MHz:   0% 2868 MHz:   0% 3096 MHz:   0% 3300 MHz:   0% 3468 MHz:   0% 3624 MHz:   0% 3756 MHz:   0% 3828 MHz:   0% 3888 MHz:   0% 3948 MHz:   0% 3996 MHz:   0% 4044 MHz:   0% 4104 MHz:   0% 4416 MHz:   0% 4512 MHz:   0%)
P0-Cluster idle residency:   1.73%
P0-Cluster down residency:  97.84%
CPU 4 frequency: 0 MHz
CPU 4 active residency:   0.00% (1260 MHz:   0% 1512 MHz:   0% 1800 MHz:   0% 2088 MHz:   0% 2352 MHz:   0% 2616 MHz:   0% 2868 MHz:   0% 3096 MHz:   0% 3300 MHz:   0% 3468 MHz:   0% 3624 MHz:   0% 3756 MHz:   0% 3828 MHz:   0% 3888 MHz:   0% 3948 MHz:   0% 3996 MHz:   0% 4044 MHz:   0% 4104 MHz:   0% 4416 MHz:   0% 4512 MHz:   0%)
CPU 4 idle residency:   2.05%
CPU 4 down residency:  97.95%
CPU 5 frequency: 0 MHz
CPU 5 active residency:   0.00% (1260 MHz:   0% 1512 MHz:   0% 1800 MHz:   0% 2088 MHz:   0% 2352 MHz:   0% 2616 MHz:   0% 2868 MHz:   0% 3096 MHz:   0% 3300 MHz:   0% 3468 MHz:   0% 3624 MHz:   0% 3756 MHz:   0% 3828 MHz:   0% 3888 MHz:   0% 3948 MHz:   0% 3996 MHz:   0% 4044 MHz:   0% 4104 MHz:   0% 4416 MHz:   0% 4512 MHz:   0%)
CPU 5 idle residency:   2.05%
CPU 5 down residency:  97.95%
CPU 6 frequency: 0 MHz
CPU 6 active residency:   0.00% (1260 MHz:   0% 1512 MHz:   0% 1800 MHz:   0% 2088 MHz:   0% 2352 MHz:   0% 2616 MHz:   0% 2868 MHz:   0% 3096 MHz:   0% 3300 MHz:   0% 3468 MHz:   0% 3624 MHz:   0% 3756 MHz:   0% 3828 MHz:   0% 3888 MHz:   0% 3948 MHz:   0% 3996 MHz:   0% 4044 MHz:   0% 4104 MHz:   0% 4416 MHz:   0% 4512 MHz:   0%)
CPU 6 idle residency:   2.05%
CPU 6 down residency:  97.95%
CPU 7 frequency: 0 MHz
CPU 7 active residency:   0.00% (1260 MHz:   0% 1512 MHz:   0% 1800 MHz:   0% 2088 MHz:   0% 2352 MHz:   0% 2616 MHz:   0% 2868 MHz:   0% 3096 MHz:   0% 3300 MHz:   0% 3468 MHz:   0% 3624 MHz:   0% 3756 MHz:   0% 3828 MHz:   0% 3888 MHz:   0% 3948 MHz:   0% 3996 MHz:   0% 4044 MHz:   0% 4104 MHz:   0% 4416 MHz:   0% 4512 MHz:   0%)
CPU 7 idle residency:   2.05%
CPU 7 down residency:  97.95%
CPU 8 frequency: 0 MHz
CPU 8 active residency:   0.00% (1260 MHz:   0% 1512 MHz:   0% 1800 MHz:   0% 2088 MHz:   0% 2352 MHz:   0% 2616 MHz:   0% 2868 MHz:   0% 3096 MHz:   0% 3300 MHz:   0% 3468 MHz:   0% 3624 MHz:   0% 3756 MHz:   0% 3828 MHz:   0% 3888 MHz:   0% 3948 MHz:   0% 3996 MHz:   0% 4044 MHz:   0% 4104 MHz:   0% 4416 MHz:   0% 4512 MHz:   0%)
CPU 8 idle residency:   2.05%
CPU 8 down residency:  97.95%
CPU 9 frequency: 0 MHz
CPU 9 active residency:   0.00% (1260 MHz:   0% 1512 MHz:   0% 1800 MHz:   0% 2088 MHz:   0% 2352 MHz:   0% 2616 MHz:   0% 2868 MHz:   0% 3096 MHz:   0% 3300 MHz:   0% 3468 MHz:   0% 3624 MHz:   0% 3756 MHz:   0% 3828 MHz:   0% 3888 MHz:   0% 3948 MHz:   0% 3996 MHz:   0% 4044 MHz:   0% 4104 MHz:   0% 4416 MHz:   0% 4512 MHz:   0%)
CPU 9 idle residency:   2.05%
CPU 9 down residency:  97.95%

P1-Cluster HW active frequency: 3301 MHz
P1-Cluster HW active residency:  96.39% (1260 MHz: .48% 1512 MHz:   0% 1800 MHz: .01% 2088 MHz: .01% 2352 MHz: .68% 2616 MHz: 8.2% 2868 MHz:  33% 3096 MHz:  11% 3300 MHz: 4.6% 3468 MHz: 2.7% 3624 MHz: .39% 3756 MHz:   0% 3828 MHz: .39% 3888 MHz: 4.6% 3948 MHz:  21% 3996 MHz: 4.1% 4044 MHz: 5.4% 4104 MHz:   0% 4416 MHz: .00% 4512 MHz:   0%)
P1-Cluster idle residency:   3.61%
P1-Cluster down residency:   0.00%
CPU 10 frequency: 3408 MHz
CPU 10 active residency:  55.92% (1260 MHz: .09% 1512 MHz:   0% 1800 MHz: .01% 2088 MHz: .00% 2352 MHz: .04% 2616 MHz: 2.2% 2868 MHz:  23% 3096 MHz: 8.3% 3300 MHz: 3.3% 3468 MHz: 2.2% 3624 MHz: .39% 3756 MHz:   0% 3828 MHz: .39% 3888 MHz:   0% 3948 MHz: .38% 3996 MHz:   0% 4044 MHz:   0% 4104 MHz: .39% 4416 MHz: .39% 4512 MHz:  15%)
CPU 10 idle residency:  44.08%
CPU 10 down residency:   0.00%
CPU 11 frequency: 3783 MHz
CPU 11 active residency:  31.91% (1260 MHz: .01% 1512 MHz:   0% 1800 MHz:   0% 2088 MHz:   0% 2352 MHz: .62% 2616 MHz: 4.3% 2868 MHz: 6.6% 3096 MHz: 1.4% 3300 MHz: .10% 3468 MHz: .24% 3624 MHz: .29% 3756 MHz:   0% 3828 MHz: .34% 3888 MHz:   0% 3948 MHz: .11% 3996 MHz:   0% 4044 MHz:   0% 4104 MHz: .05% 4416 MHz: .01% 4512 MHz:  18%)
CPU 11 idle residency:  68.09%
CPU 11 down residency:   0.00%
CPU 12 frequency: 3561 MHz
CPU 12 active residency:  54.91% (1260 MHz: .05% 1512 MHz:   0% 1800 MHz:   0% 2088 MHz: .01% 2352 MHz: .37% 2616 MHz: 2.1% 2868 MHz:  19% 3096 MHz: 6.8% 3300 MHz: 2.6% 3468 MHz: 2.0% 3624 MHz: .20% 3756 MHz:   0% 3828 MHz: .30% 3888 MHz:   0% 3948 MHz: .01% 3996 MHz:   0% 4044 MHz:   0% 4104 MHz: .14% 4416 MHz: .08% 4512 MHz:  21%)
CPU 12 idle residency:  45.09%
CPU 12 down residency:   0.00%
CPU 13 frequency: 3854 MHz
CPU 13 active residency:  31.94% (1260 MHz: .03% 1512 MHz:   0% 1800 MHz:   0% 2088 MHz: .00% 2352 MHz: .54% 2616 MHz: 4.3% 2868 MHz: 4.8% 3096 MHz: 2.2% 3300 MHz: .25% 3468 MHz: .45% 3624 MHz:   0% 3756 MHz:   0% 3828 MHz:   0% 3888 MHz:   0% 3948 MHz:   0% 3996 MHz:   0% 4044 MHz:   0% 4104 MHz:   0% 4416 MHz:   0% 4512 MHz:  19%)
CPU 13 idle residency:  68.06%
CPU 13 down residency:   0.00%
CPU 14 frequency: 3447 MHz
CPU 14 active residency:  56.57% (1260 MHz: .08% 1512 MHz:   0% 1800 MHz: .01% 2088 MHz: .01% 2352 MHz: .09% 2616 MHz: 4.4% 2868 MHz:  22% 3096 MHz: 7.2% 3300 MHz: 2.7% 3468 MHz: 1.5% 3624 MHz: .28% 3756 MHz:   0% 3828 MHz: .27% 3888 MHz:   0% 3948 MHz: .04% 3996 MHz:   0% 4044 MHz:   0% 4104 MHz: .06% 4416 MHz: .06% 4512 MHz:  18%)
CPU 14 idle residency:  43.43%
CPU 14 down residency:   0.00%
CPU 15 frequency: 4022 MHz
CPU 15 active residency:  24.00% (1260 MHz: .01% 1512 MHz:   0% 1800 MHz:   0% 2088 MHz:   0% 2352 MHz: .59% 2616 MHz: 2.8% 2868 MHz: 2.9% 3096 MHz: .21% 3300 MHz: .03% 3468 MHz: .03% 3624 MHz:   0% 3756 MHz:   0% 3828 MHz:   0% 3888 MHz:   0% 3948 MHz:   0% 3996 MHz:   0% 4044 MHz:   0% 4104 MHz:   0% 4416 MHz:   0% 4512 MHz:  17%)
CPU 15 idle residency:  76.00%
CPU 15 down residency:   0.00%

CPU Power: 3874 mW
GPU Power: 32131 mW
ANE Power: 0 mW
Combined Power (CPU + GPU + ANE): 36005 mW

**** GPU usage ****

GPU HW active frequency: 1578 MHz
GPU HW active residency: 100.00% (338 MHz:   0% 618 MHz:   0% 796 MHz:   0% 924 MHz:   0% 952 MHz:   0% 1056 MHz:   0% 1062 MHz:   0% 1182 MHz:   0% 1182 MHz:   0% 1312 MHz:   0% 1242 MHz:   0% 1380 MHz:   0% 1326 MHz:   0% 1470 MHz:   0% 1578 MHz: 100%)
GPU SW requested state: (P1 :   0% P2 :   0% P3 :   0% P4 :   0% P5 :   0% P6 :   0% P7 :   0% P8 :   0% P9 :   0% P10 : 100% P11 :   0% P12 :   0% P13 :   0% P14 :   0% P15 :   0%)
GPU SW state: (SW_P1 :   0% SW_P2 :   0% SW_P3 :   0% SW_P4 :   0% SW_P5 :   0% SW_P6 :   0% SW_P7 :   0% SW_P8 :   0% SW_P9 :   0% SW_P10 : 100% SW_P11 :   0% SW_P12 :   0% SW_P13 :   0% SW_P14 :   0% SW_P15 :   0%)
GPU idle residency:   0.00%
GPU Power: 32129 mW



*** Sampled system activity (Tue Jan 20 15:15:27 2026 +0100) (1021.11ms elapsed) ***


**** Processor usage ****

E-Cluster Online: 100%
E-Cluster HW active frequency: 1426 MHz
E-Cluster HW active residency:  62.39% (1020 MHz:  36% 1404 MHz: 7.3% 1788 MHz: 7.1% 2112 MHz: 2.5% 2352 MHz: 2.4% 2532 MHz: 1.9% 2592 MHz: 5.3%)
E-Cluster idle residency:  37.61%
E-Cluster down residency:   0.00%
CPU 0 frequency: 1485 MHz
CPU 0 active residency:  29.84% (1020 MHz:  16% 1404 MHz: 4.0% 1788 MHz: 2.8% 2112 MHz: .93% 2352 MHz: 1.4% 2532 MHz: 1.0% 2592 MHz: 3.7%)
CPU 0 idle residency:  70.16%
CPU 0 down residency:   0.00%
CPU 1 frequency: 1550 MHz
CPU 1 active residency:  24.45% (1020 MHz:  11% 1404 MHz: 3.9% 1788 MHz: 2.9% 2112 MHz: 1.3% 2352 MHz: .84% 2532 MHz: .83% 2592 MHz: 3.5%)
CPU 1 idle residency:  75.55%
CPU 1 down residency:   0.00%
CPU 2 frequency: 1614 MHz
CPU 2 active residency:  14.57% (1020 MHz: 6.1% 1404 MHz: 2.4% 1788 MHz: 1.6% 2112 MHz: .84% 2352 MHz: .34% 2532 MHz: .45% 2592 MHz: 2.8%)
CPU 2 idle residency:  85.43%
CPU 2 down residency:   0.00%
CPU 3 frequency: 1756 MHz
CPU 3 active residency:  12.16% (1020 MHz: 3.5% 1404 MHz: 2.1% 1788 MHz: 2.2% 2112 MHz: .66% 2352 MHz: .46% 2532 MHz: .46% 2592 MHz: 2.8%)
CPU 3 idle residency:  87.84%
CPU 3 down residency:   0.00%

P0-Cluster Online: 8%
P0-Cluster HW active frequency: 1325 MHz
P0-Cluster HW active residency:   1.98% (1260 MHz: 1.9% 1512 MHz:   0% 1800 MHz:   0% 2088 MHz:   0% 2352 MHz:   0% 2616 MHz:   0% 2868 MHz: .08% 3096 MHz:   0% 3300 MHz:   0% 3468 MHz:   0% 3624 MHz:   0% 3756 MHz:   0% 3828 MHz:   0% 3888 MHz:   0% 3948 MHz:   0% 3996 MHz:   0% 4044 MHz:   0% 4104 MHz:   0% 4416 MHz:   0% 4512 MHz:   0%)
P0-Cluster idle residency:   4.47%
P0-Cluster down residency:  93.55%
CPU 4 frequency: 0 MHz
CPU 4 active residency:   0.00% (1260 MHz:   0% 1512 MHz:   0% 1800 MHz:   0% 2088 MHz:   0% 2352 MHz:   0% 2616 MHz:   0% 2868 MHz:   0% 3096 MHz:   0% 3300 MHz:   0% 3468 MHz:   0% 3624 MHz:   0% 3756 MHz:   0% 3828 MHz:   0% 3888 MHz:   0% 3948 MHz:   0% 3996 MHz:   0% 4044 MHz:   0% 4104 MHz:   0% 4416 MHz:   0% 4512 MHz:   0%)
CPU 4 idle residency:   6.19%
CPU 4 down residency:  93.81%
CPU 5 frequency: 0 MHz
CPU 5 active residency:   0.00% (1260 MHz:   0% 1512 MHz:   0% 1800 MHz:   0% 2088 MHz:   0% 2352 MHz:   0% 2616 MHz:   0% 2868 MHz:   0% 3096 MHz:   0% 3300 MHz:   0% 3468 MHz:   0% 3624 MHz:   0% 3756 MHz:   0% 3828 MHz:   0% 3888 MHz:   0% 3948 MHz:   0% 3996 MHz:   0% 4044 MHz:   0% 4104 MHz:   0% 4416 MHz:   0% 4512 MHz:   0%)
CPU 5 idle residency:   6.19%
CPU 5 down residency:  93.81%
CPU 6 frequency: 0 MHz
CPU 6 active residency:   0.00% (1260 MHz:   0% 1512 MHz:   0% 1800 MHz:   0% 2088 MHz:   0% 2352 MHz:   0% 2616 MHz:   0% 2868 MHz:   0% 3096 MHz:   0% 3300 MHz:   0% 3468 MHz:   0% 3624 MHz:   0% 3756 MHz:   0% 3828 MHz:   0% 3888 MHz:   0% 3948 MHz:   0% 3996 MHz:   0% 4044 MHz:   0% 4104 MHz:   0% 4416 MHz:   0% 4512 MHz:   0%)
CPU 6 idle residency:   6.17%
CPU 6 down residency:  93.83%
CPU 7 frequency: 0 MHz
CPU 7 active residency:   0.00% (1260 MHz:   0% 1512 MHz:   0% 1800 MHz:   0% 2088 MHz:   0% 2352 MHz:   0% 2616 MHz:   0% 2868 MHz:   0% 3096 MHz:   0% 3300 MHz:   0% 3468 MHz:   0% 3624 MHz:   0% 3756 MHz:   0% 3828 MHz:   0% 3888 MHz:   0% 3948 MHz:   0% 3996 MHz:   0% 4044 MHz:   0% 4104 MHz:   0% 4416 MHz:   0% 4512 MHz:   0%)
CPU 7 idle residency:   6.19%
CPU 7 down residency:  93.81%
CPU 8 frequency: 0 MHz
CPU 8 active residency:   0.00% (1260 MHz:   0% 1512 MHz:   0% 1800 MHz:   0% 2088 MHz:   0% 2352 MHz:   0% 2616 MHz:   0% 2868 MHz:   0% 3096 MHz:   0% 3300 MHz:   0% 3468 MHz:   0% 3624 MHz:   0% 3756 MHz:   0% 3828 MHz:   0% 3888 MHz:   0% 3948 MHz:   0% 3996 MHz:   0% 4044 MHz:   0% 4104 MHz:   0% 4416 MHz:   0% 4512 MHz:   0%)
CPU 8 idle residency:   6.19%
CPU 8 down residency:  93.81%
CPU 9 frequency: 0 MHz
CPU 9 active residency:   0.00% (1260 MHz:   0% 1512 MHz:   0% 1800 MHz:   0% 2088 MHz:   0% 2352 MHz:   0% 2616 MHz:   0% 2868 MHz:   0% 3096 MHz:   0% 3300 MHz:   0% 3468 MHz:   0% 3624 MHz:   0% 3756 MHz:   0% 3828 MHz:   0% 3888 MHz:   0% 3948 MHz:   0% 3996 MHz:   0% 4044 MHz:   0% 4104 MHz:   0% 4416 MHz:   0% 4512 MHz:   0%)
CPU 9 idle residency:   6.19%
CPU 9 down residency:  93.81%

P1-Cluster HW active frequency: 3204 MHz
P1-Cluster HW active residency:  96.31% (1260 MHz: .46% 1512 MHz: .03% 1800 MHz: .01% 2088 MHz: .02% 2352 MHz: 1.8% 2616 MHz:  19% 2868 MHz:  36% 3096 MHz: 2.0% 3300 MHz: .39% 3468 MHz: .38% 3624 MHz: .39% 3756 MHz:   0% 3828 MHz: .39% 3888 MHz: 8.8% 3948 MHz:  19% 3996 MHz: 4.2% 4044 MHz: 2.9% 4104 MHz:   0% 4416 MHz: .03% 4512 MHz: .01%)
P1-Cluster idle residency:   3.69%
P1-Cluster down residency:   0.00%
CPU 10 frequency: 3733 MHz
CPU 10 active residency:  43.37% (1260 MHz: .01% 1512 MHz: .00% 1800 MHz: .00% 2088 MHz:   0% 2352 MHz: 1.6% 2616 MHz: 6.0% 2868 MHz: 9.6% 3096 MHz: 1.5% 3300 MHz: .38% 3468 MHz: .35% 3624 MHz: .02% 3756 MHz:   0% 3828 MHz: .00% 3888 MHz:   0% 3948 MHz:   0% 3996 MHz: .08% 4044 MHz:   0% 4104 MHz: .32% 4416 MHz: .38% 4512 MHz:  23%)
CPU 10 idle residency:  56.63%
CPU 10 down residency:   0.00%
CPU 11 frequency: 3504 MHz
CPU 11 active residency:  61.23% (1260 MHz: .07% 1512 MHz: .00% 1800 MHz: .00% 2088 MHz: .02% 2352 MHz: .13% 2616 MHz:  11% 2868 MHz:  22% 3096 MHz: 1.6% 3300 MHz: .39% 3468 MHz: .33% 3624 MHz: .03% 3756 MHz:   0% 3828 MHz: .06% 3888 MHz:   0% 3948 MHz:   0% 3996 MHz: .05% 4044 MHz:   0% 4104 MHz: .28% 4416 MHz: .36% 4512 MHz:  24%)
CPU 11 idle residency:  38.77%
CPU 11 down residency:   0.00%
CPU 12 frequency: 3854 MHz
CPU 12 active residency:  34.61% (1260 MHz: .02% 1512 MHz:   0% 1800 MHz:   0% 2088 MHz:   0% 2352 MHz: 1.5% 2616 MHz: 4.9% 2868 MHz: 5.7% 3096 MHz: .61% 3300 MHz: .12% 3468 MHz:   0% 3624 MHz: .00% 3756 MHz:   0% 3828 MHz: .00% 3888 MHz:   0% 3948 MHz:   0% 3996 MHz: .02% 4044 MHz:   0% 4104 MHz:   0% 4416 MHz: .05% 4512 MHz:  22%)
CPU 12 idle residency:  65.39%
CPU 12 down residency:   0.00%
CPU 13 frequency: 3371 MHz
CPU 13 active residency:  56.00% (1260 MHz: .07% 1512 MHz: .00% 1800 MHz: .01% 2088 MHz: .01% 2352 MHz: 1.7% 2616 MHz:  11% 2868 MHz:  22% 3096 MHz: 1.2% 3300 MHz: .22% 3468 MHz: .32% 3624 MHz: .21% 3756 MHz:   0% 3828 MHz: .09% 3888 MHz:   0% 3948 MHz:   0% 3996 MHz: .16% 4044 MHz:   0% 4104 MHz: .30% 4416 MHz: .31% 4512 MHz:  18%)
CPU 13 idle residency:  44.00%
CPU 13 down residency:   0.00%
CPU 14 frequency: 4448 MHz
CPU 14 active residency:  20.46% (1260 MHz:   0% 1512 MHz:   0% 1800 MHz:   0% 2088 MHz:   0% 2352 MHz:   0% 2616 MHz: .33% 2868 MHz: .37% 3096 MHz: .06% 3300 MHz:   0% 3468 MHz:   0% 3624 MHz:   0% 3756 MHz:   0% 3828 MHz: .01% 3888 MHz:   0% 3948 MHz:   0% 3996 MHz: .01% 4044 MHz:   0% 4104 MHz:   0% 4416 MHz:   0% 4512 MHz:  20%)
CPU 14 idle residency:  79.54%
CPU 14 down residency:   0.00%
CPU 15 frequency: 3230 MHz
CPU 15 active residency:  56.76% (1260 MHz: .08% 1512 MHz: .02% 1800 MHz: .00% 2088 MHz: .02% 2352 MHz: .91% 2616 MHz:  13% 2868 MHz:  26% 3096 MHz: 1.5% 3300 MHz: .39% 3468 MHz: .38% 3624 MHz: .39% 3756 MHz:   0% 3828 MHz: .39% 3888 MHz:   0% 3948 MHz:   0% 3996 MHz: .38% 4044 MHz:   0% 4104 MHz: .39% 4416 MHz: .39% 4512 MHz:  13%)
CPU 15 idle residency:  43.24%
CPU 15 down residency:   0.00%

CPU Power: 4267 mW
GPU Power: 32377 mW
ANE Power: 0 mW
Combined Power (CPU + GPU + ANE): 36644 mW

**** GPU usage ****

GPU HW active frequency: 1578 MHz
GPU HW active residency: 100.00% (338 MHz:   0% 618 MHz:   0% 796 MHz:   0% 924 MHz:   0% 952 MHz:   0% 1056 MHz:   0% 1062 MHz:   0% 1182 MHz:   0% 1182 MHz:   0% 1312 MHz:   0% 1242 MHz:   0% 1380 MHz:   0% 1326 MHz:   0% 1470 MHz:   0% 1578 MHz: 100%)
GPU SW requested state: (P1 :   0% P2 :   0% P3 :   0% P4 :   0% P5 :   0% P6 :   0% P7 :   0% P8 :   0% P9 :   0% P10 : 100% P11 :   0% P12 :   0% P13 :   0% P14 :   0% P15 :   0%)
GPU SW state: (SW_P1 :   0% SW_P2 :   0% SW_P3 :   0% SW_P4 :   0% SW_P5 :   0% SW_P6 :   0% SW_P7 :   0% SW_P8 :   0% SW_P9 :   0% SW_P10 : 100% SW_P11 :   0% SW_P12 :   0% SW_P13 :   0% SW_P14 :   0% SW_P15 :   0%)
GPU idle residency:   0.00%
GPU Power: 32114 mW



*** Sampled system activity (Tue Jan 20 15:15:28 2026 +0100) (1018.79ms elapsed) ***


**** Processor usage ****

E-Cluster Online: 100%
E-Cluster HW active frequency: 1259 MHz
E-Cluster HW active residency:  60.97% (1020 MHz:  44% 1404 MHz: 6.0% 1788 MHz: 5.7% 2112 MHz: 1.7% 2352 MHz: .87% 2532 MHz: 1.2% 2592 MHz: 1.9%)
E-Cluster idle residency:  39.03%
E-Cluster down residency:   0.00%
CPU 0 frequency: 1224 MHz
CPU 0 active residency:  30.26% (1020 MHz:  22% 1404 MHz: 3.0% 1788 MHz: 2.7% 2112 MHz: .59% 2352 MHz: .43% 2532 MHz: .28% 2592 MHz: .83%)
CPU 0 idle residency:  69.74%
CPU 0 down residency:   0.00%
CPU 1 frequency: 1262 MHz
CPU 1 active residency:  20.25% (1020 MHz:  15% 1404 MHz: 1.8% 1788 MHz: 1.7% 2112 MHz: .50% 2352 MHz: .43% 2532 MHz: .56% 2592 MHz: .58%)
CPU 1 idle residency:  79.75%
CPU 1 down residency:   0.00%
CPU 2 frequency: 1307 MHz
CPU 2 active residency:  10.37% (1020 MHz: 7.2% 1404 MHz: .73% 1788 MHz: 1.1% 2112 MHz: .20% 2352 MHz: .37% 2532 MHz: .25% 2592 MHz: .46%)
CPU 2 idle residency:  89.63%
CPU 2 down residency:   0.00%
CPU 3 frequency: 1352 MHz
CPU 3 active residency:   7.40% (1020 MHz: 4.6% 1404 MHz: .75% 1788 MHz: .94% 2112 MHz: .41% 2352 MHz: .12% 2532 MHz: .17% 2592 MHz: .37%)
CPU 3 idle residency:  92.60%
CPU 3 down residency:   0.00%

P0-Cluster Online: 3%
P0-Cluster HW active frequency: 2020 MHz
P0-Cluster HW active residency:   0.77% (1260 MHz: .36% 1512 MHz:   0% 1800 MHz:   0% 2088 MHz:   0% 2352 MHz: .13% 2616 MHz:   0% 2868 MHz: .27% 3096 MHz:   0% 3300 MHz:   0% 3468 MHz:   0% 3624 MHz:   0% 3756 MHz:   0% 3828 MHz:   0% 3888 MHz:   0% 3948 MHz:   0% 3996 MHz:   0% 4044 MHz:   0% 4104 MHz:   0% 4416 MHz:   0% 4512 MHz:   0%)
P0-Cluster idle residency:   1.40%
P0-Cluster down residency:  97.83%
CPU 4 frequency: 0 MHz
CPU 4 active residency:   0.00% (1260 MHz:   0% 1512 MHz:   0% 1800 MHz:   0% 2088 MHz:   0% 2352 MHz:   0% 2616 MHz:   0% 2868 MHz:   0% 3096 MHz:   0% 3300 MHz:   0% 3468 MHz:   0% 3624 MHz:   0% 3756 MHz:   0% 3828 MHz:   0% 3888 MHz:   0% 3948 MHz:   0% 3996 MHz:   0% 4044 MHz:   0% 4104 MHz:   0% 4416 MHz:   0% 4512 MHz:   0%)
CPU 4 idle residency:   2.06%
CPU 4 down residency:  97.94%
CPU 5 frequency: 0 MHz
CPU 5 active residency:   0.00% (1260 MHz:   0% 1512 MHz:   0% 1800 MHz:   0% 2088 MHz:   0% 2352 MHz:   0% 2616 MHz:   0% 2868 MHz:   0% 3096 MHz:   0% 3300 MHz:   0% 3468 MHz:   0% 3624 MHz:   0% 3756 MHz:   0% 3828 MHz:   0% 3888 MHz:   0% 3948 MHz:   0% 3996 MHz:   0% 4044 MHz:   0% 4104 MHz:   0% 4416 MHz:   0% 4512 MHz:   0%)
CPU 5 idle residency:   2.03%
CPU 5 down residency:  97.97%
CPU 6 frequency: 0 MHz
CPU 6 active residency:   0.00% (1260 MHz:   0% 1512 MHz:   0% 1800 MHz:   0% 2088 MHz:   0% 2352 MHz:   0% 2616 MHz:   0% 2868 MHz:   0% 3096 MHz:   0% 3300 MHz:   0% 3468 MHz:   0% 3624 MHz:   0% 3756 MHz:   0% 3828 MHz:   0% 3888 MHz:   0% 3948 MHz:   0% 3996 MHz:   0% 4044 MHz:   0% 4104 MHz:   0% 4416 MHz:   0% 4512 MHz:   0%)
CPU 6 idle residency:   1.82%
CPU 6 down residency:  98.18%
CPU 7 frequency: 0 MHz
CPU 7 active residency:   0.00% (1260 MHz:   0% 1512 MHz:   0% 1800 MHz:   0% 2088 MHz:   0% 2352 MHz:   0% 2616 MHz:   0% 2868 MHz:   0% 3096 MHz:   0% 3300 MHz:   0% 3468 MHz:   0% 3624 MHz:   0% 3756 MHz:   0% 3828 MHz:   0% 3888 MHz:   0% 3948 MHz:   0% 3996 MHz:   0% 4044 MHz:   0% 4104 MHz:   0% 4416 MHz:   0% 4512 MHz:   0%)
CPU 7 idle residency:   2.08%
CPU 7 down residency:  97.92%
CPU 8 frequency: 0 MHz
CPU 8 active residency:   0.00% (1260 MHz:   0% 1512 MHz:   0% 1800 MHz:   0% 2088 MHz:   0% 2352 MHz:   0% 2616 MHz:   0% 2868 MHz:   0% 3096 MHz:   0% 3300 MHz:   0% 3468 MHz:   0% 3624 MHz:   0% 3756 MHz:   0% 3828 MHz:   0% 3888 MHz:   0% 3948 MHz:   0% 3996 MHz:   0% 4044 MHz:   0% 4104 MHz:   0% 4416 MHz:   0% 4512 MHz:   0%)
CPU 8 idle residency:   2.05%
CPU 8 down residency:  97.95%
CPU 9 frequency: 0 MHz
CPU 9 active residency:   0.00% (1260 MHz:   0% 1512 MHz:   0% 1800 MHz:   0% 2088 MHz:   0% 2352 MHz:   0% 2616 MHz:   0% 2868 MHz:   0% 3096 MHz:   0% 3300 MHz:   0% 3468 MHz:   0% 3624 MHz:   0% 3756 MHz:   0% 3828 MHz:   0% 3888 MHz:   0% 3948 MHz:   0% 3996 MHz:   0% 4044 MHz:   0% 4104 MHz:   0% 4416 MHz:   0% 4512 MHz:   0%)
CPU 9 idle residency:   2.07%
CPU 9 down residency:  97.93%

P1-Cluster HW active frequency: 3327 MHz
P1-Cluster HW active residency:  96.73% (1260 MHz: .50% 1512 MHz: .02% 1800 MHz: .03% 2088 MHz: .51% 2352 MHz: 3.6% 2616 MHz: 5.4% 2868 MHz:  21% 3096 MHz:  17% 3300 MHz: 8.6% 3468 MHz: 4.1% 3624 MHz: .39% 3756 MHz: .39% 3828 MHz:   0% 3888 MHz: 2.4% 3948 MHz:  20% 3996 MHz: 4.7% 4044 MHz: 7.1% 4104 MHz:   0% 4416 MHz: .02% 4512 MHz: .00%)
P1-Cluster idle residency:   3.27%
P1-Cluster down residency:   0.00%
CPU 10 frequency: 3437 MHz
CPU 10 active residency:  50.57% (1260 MHz: .10% 1512 MHz: .00% 1800 MHz: .00% 2088 MHz: .01% 2352 MHz: .13% 2616 MHz: .36% 2868 MHz:  14% 3096 MHz:  13% 3300 MHz: 5.9% 3468 MHz: 2.5% 3624 MHz: .39% 3756 MHz: .39% 3828 MHz:   0% 3888 MHz:   0% 3948 MHz: .39% 3996 MHz:   0% 4044 MHz:   0% 4104 MHz: .38% 4416 MHz: .39% 4512 MHz:  12%)
CPU 10 idle residency:  49.43%
CPU 10 down residency:   0.00%
CPU 11 frequency: 3583 MHz
CPU 11 active residency:  37.93% (1260 MHz: .03% 1512 MHz:   0% 1800 MHz: .00% 2088 MHz: .07% 2352 MHz: 3.4% 2616 MHz: 3.8% 2868 MHz: 9.0% 3096 MHz: 2.3% 3300 MHz: .93% 3468 MHz: .61% 3624 MHz: .35% 3756 MHz: .26% 3828 MHz:   0% 3888 MHz:   0% 3948 MHz: .17% 3996 MHz:   0% 4044 MHz:   0% 4104 MHz: .30% 4416 MHz: .38% 4512 MHz:  16%)
CPU 11 idle residency:  62.07%
CPU 11 down residency:   0.00%
CPU 12 frequency: 3391 MHz
CPU 12 active residency:  60.04% (1260 MHz: .07% 1512 MHz: .01% 1800 MHz: .00% 2088 MHz: .11% 2352 MHz: 3.2% 2616 MHz: 3.6% 2868 MHz:  15% 3096 MHz:  13% 3300 MHz: 6.1% 3468 MHz: 2.3% 3624 MHz: .33% 3756 MHz: .30% 3828 MHz:   0% 3888 MHz:   0% 3948 MHz: .39% 3996 MHz:   0% 4044 MHz:   0% 4104 MHz: .30% 4416 MHz: .36% 4512 MHz:  15%)
CPU 12 idle residency:  39.96%
CPU 12 down residency:   0.00%
CPU 13 frequency: 3600 MHz
CPU 13 active residency:  33.25% (1260 MHz: .03% 1512 MHz: .00% 1800 MHz: .02% 2088 MHz: .37% 2352 MHz: 3.3% 2616 MHz: 4.6% 2868 MHz: 6.2% 3096 MHz: 1.5% 3300 MHz: .85% 3468 MHz: .06% 3624 MHz: .04% 3756 MHz:   0% 3828 MHz:   0% 3888 MHz:   0% 3948 MHz:   0% 3996 MHz:   0% 4044 MHz:   0% 4104 MHz:   0% 4416 MHz: .15% 4512 MHz:  16%)
CPU 13 idle residency:  66.75%
CPU 13 down residency:   0.00%
CPU 14 frequency: 4300 MHz
CPU 14 active residency:  19.74% (1260 MHz: .01% 1512 MHz:   0% 1800 MHz:   0% 2088 MHz:   0% 2352 MHz: .03% 2616 MHz: .07% 2868 MHz: 1.8% 3096 MHz: .45% 3300 MHz: .26% 3468 MHz: .05% 3624 MHz: .03% 3756 MHz:   0% 3828 MHz:   0% 3888 MHz:   0% 3948 MHz: .06% 3996 MHz:   0% 4044 MHz:   0% 4104 MHz:   0% 4416 MHz: .05% 4512 MHz:  17%)
CPU 14 idle residency:  80.26%
CPU 14 down residency:   0.00%
CPU 15 frequency: 3558 MHz
CPU 15 active residency:  55.23% (1260 MHz: .05% 1512 MHz: .00% 1800 MHz: .01% 2088 MHz: .04% 2352 MHz: .52% 2616 MHz: 1.9% 2868 MHz:  12% 3096 MHz:  13% 3300 MHz: 5.6% 3468 MHz: 2.5% 3624 MHz: .36% 3756 MHz: .33% 3828 MHz:   0% 3888 MHz:   0% 3948 MHz: .38% 3996 MHz:   0% 4044 MHz:   0% 4104 MHz: .29% 4416 MHz: .06% 4512 MHz:  19%)
CPU 15 idle residency:  44.77%
CPU 15 down residency:   0.00%

CPU Power: 3869 mW
GPU Power: 32172 mW
ANE Power: 0 mW
Combined Power (CPU + GPU + ANE): 36041 mW

**** GPU usage ****

GPU HW active frequency: 1578 MHz
GPU HW active residency: 100.00% (338 MHz:   0% 618 MHz:   0% 796 MHz:   0% 924 MHz:   0% 952 MHz:   0% 1056 MHz:   0% 1062 MHz:   0% 1182 MHz:   0% 1182 MHz:   0% 1312 MHz:   0% 1242 MHz:   0% 1380 MHz:   0% 1326 MHz:   0% 1470 MHz:   0% 1578 MHz: 100%)
GPU SW requested state: (P1 :   0% P2 :   0% P3 :   0% P4 :   0% P5 :   0% P6 :   0% P7 :   0% P8 :   0% P9 :   0% P10 : 100% P11 :   0% P12 :   0% P13 :   0% P14 :   0% P15 :   0%)
GPU SW state: (SW_P1 :   0% SW_P2 :   0% SW_P3 :   0% SW_P4 :   0% SW_P5 :   0% SW_P6 :   0% SW_P7 :   0% SW_P8 :   0% SW_P9 :   0% SW_P10 : 100% SW_P11 :   0% SW_P12 :   0% SW_P13 :   0% SW_P14 :   0% SW_P15 :   0%)
GPU idle residency:   0.00%
GPU Power: 32439 mW



*** Sampled system activity (Tue Jan 20 15:15:29 2026 +0100) (1018.97ms elapsed) ***


**** Processor usage ****

E-Cluster Online: 100%
E-Cluster HW active frequency: 1384 MHz
E-Cluster HW active residency:  59.71% (1020 MHz:  36% 1404 MHz: 6.5% 1788 MHz: 8.1% 2112 MHz: 3.6% 2352 MHz: 1.0% 2532 MHz: 1.7% 2592 MHz: 3.3%)
E-Cluster idle residency:  40.29%
E-Cluster down residency:   0.00%
CPU 0 frequency: 1420 MHz
CPU 0 active residency:  32.04% (1020 MHz:  18% 1404 MHz: 4.2% 1788 MHz: 4.4% 2112 MHz: 2.4% 2352 MHz: .68% 2532 MHz: 1.1% 2592 MHz: 1.7%)
CPU 0 idle residency:  67.96%
CPU 0 down residency:   0.00%
CPU 1 frequency: 1419 MHz
CPU 1 active residency:  16.53% (1020 MHz: 9.3% 1404 MHz: 2.4% 1788 MHz: 1.9% 2112 MHz: .75% 2352 MHz: .26% 2532 MHz: .49% 2592 MHz: 1.5%)
CPU 1 idle residency:  83.47%
CPU 1 down residency:   0.00%
CPU 2 frequency: 1455 MHz
CPU 2 active residency:  11.01% (1020 MHz: 5.7% 1404 MHz: 1.8% 1788 MHz: 1.2% 2112 MHz: .92% 2352 MHz: .08% 2532 MHz: .58% 2592 MHz: .76%)
CPU 2 idle residency:  88.99%
CPU 2 down residency:   0.00%
CPU 3 frequency: 1431 MHz
CPU 3 active residency:   7.92% (1020 MHz: 4.1% 1404 MHz: 1.2% 1788 MHz: 1.3% 2112 MHz: .40% 2352 MHz: .04% 2532 MHz: .10% 2592 MHz: .73%)
CPU 3 idle residency:  92.08%
CPU 3 down residency:   0.00%

P0-Cluster Online: 5%
P0-Cluster HW active frequency: 1260 MHz
P0-Cluster HW active residency:   0.90% (1260 MHz: .90% 1512 MHz:   0% 1800 MHz:   0% 2088 MHz:   0% 2352 MHz:   0% 2616 MHz:   0% 2868 MHz:   0% 3096 MHz:   0% 3300 MHz:   0% 3468 MHz:   0% 3624 MHz:   0% 3756 MHz:   0% 3828 MHz:   0% 3888 MHz:   0% 3948 MHz:   0% 3996 MHz:   0% 4044 MHz:   0% 4104 MHz:   0% 4416 MHz:   0% 4512 MHz:   0%)
P0-Cluster idle residency:   3.47%
P0-Cluster down residency:  95.63%
CPU 4 frequency: 0 MHz
CPU 4 active residency:   0.00% (1260 MHz:   0% 1512 MHz:   0% 1800 MHz:   0% 2088 MHz:   0% 2352 MHz:   0% 2616 MHz:   0% 2868 MHz:   0% 3096 MHz:   0% 3300 MHz:   0% 3468 MHz:   0% 3624 MHz:   0% 3756 MHz:   0% 3828 MHz:   0% 3888 MHz:   0% 3948 MHz:   0% 3996 MHz:   0% 4044 MHz:   0% 4104 MHz:   0% 4416 MHz:   0% 4512 MHz:   0%)
CPU 4 idle residency:   4.16%
CPU 4 down residency:  95.84%
CPU 5 frequency: 0 MHz
CPU 5 active residency:   0.00% (1260 MHz:   0% 1512 MHz:   0% 1800 MHz:   0% 2088 MHz:   0% 2352 MHz:   0% 2616 MHz:   0% 2868 MHz:   0% 3096 MHz:   0% 3300 MHz:   0% 3468 MHz:   0% 3624 MHz:   0% 3756 MHz:   0% 3828 MHz:   0% 3888 MHz:   0% 3948 MHz:   0% 3996 MHz:   0% 4044 MHz:   0% 4104 MHz:   0% 4416 MHz:   0% 4512 MHz:   0%)
CPU 5 idle residency:   4.17%
CPU 5 down residency:  95.83%
CPU 6 frequency: 0 MHz
CPU 6 active residency:   0.00% (1260 MHz:   0% 1512 MHz:   0% 1800 MHz:   0% 2088 MHz:   0% 2352 MHz:   0% 2616 MHz:   0% 2868 MHz:   0% 3096 MHz:   0% 3300 MHz:   0% 3468 MHz:   0% 3624 MHz:   0% 3756 MHz:   0% 3828 MHz:   0% 3888 MHz:   0% 3948 MHz:   0% 3996 MHz:   0% 4044 MHz:   0% 4104 MHz:   0% 4416 MHz:   0% 4512 MHz:   0%)
CPU 6 idle residency:   4.17%
CPU 6 down residency:  95.83%
CPU 7 frequency: 0 MHz
CPU 7 active residency:   0.00% (1260 MHz:   0% 1512 MHz:   0% 1800 MHz:   0% 2088 MHz:   0% 2352 MHz:   0% 2616 MHz:   0% 2868 MHz:   0% 3096 MHz:   0% 3300 MHz:   0% 3468 MHz:   0% 3624 MHz:   0% 3756 MHz:   0% 3828 MHz:   0% 3888 MHz:   0% 3948 MHz:   0% 3996 MHz:   0% 4044 MHz:   0% 4104 MHz:   0% 4416 MHz:   0% 4512 MHz:   0%)
CPU 7 idle residency:   4.17%
CPU 7 down residency:  95.83%
CPU 8 frequency: 0 MHz
CPU 8 active residency:   0.00% (1260 MHz:   0% 1512 MHz:   0% 1800 MHz:   0% 2088 MHz:   0% 2352 MHz:   0% 2616 MHz:   0% 2868 MHz:   0% 3096 MHz:   0% 3300 MHz:   0% 3468 MHz:   0% 3624 MHz:   0% 3756 MHz:   0% 3828 MHz:   0% 3888 MHz:   0% 3948 MHz:   0% 3996 MHz:   0% 4044 MHz:   0% 4104 MHz:   0% 4416 MHz:   0% 4512 MHz:   0%)
CPU 8 idle residency:   4.17%
CPU 8 down residency:  95.83%
CPU 9 frequency: 0 MHz
CPU 9 active residency:   0.00% (1260 MHz:   0% 1512 MHz:   0% 1800 MHz:   0% 2088 MHz:   0% 2352 MHz:   0% 2616 MHz:   0% 2868 MHz:   0% 3096 MHz:   0% 3300 MHz:   0% 3468 MHz:   0% 3624 MHz:   0% 3756 MHz:   0% 3828 MHz:   0% 3888 MHz:   0% 3948 MHz:   0% 3996 MHz:   0% 4044 MHz:   0% 4104 MHz:   0% 4416 MHz:   0% 4512 MHz:   0%)
CPU 9 idle residency:   4.17%
CPU 9 down residency:  95.83%

P1-Cluster HW active frequency: 3193 MHz
P1-Cluster HW active residency:  96.49% (1260 MHz: .47% 1512 MHz: .04% 1800 MHz: .01% 2088 MHz: .01% 2352 MHz: .01% 2616 MHz:  28% 2868 MHz:  31% 3096 MHz: 1.1% 3300 MHz: .39% 3468 MHz: .38% 3624 MHz: .39% 3756 MHz:   0% 3828 MHz: .39% 3888 MHz: 5.4% 3948 MHz:  19% 3996 MHz: 4.5% 4044 MHz: 5.7% 4104 MHz:   0% 4416 MHz: .04% 4512 MHz: .09%)
P1-Cluster idle residency:   3.51%
P1-Cluster down residency:   0.00%
CPU 10 frequency: 3522 MHz
CPU 10 active residency:  43.04% (1260 MHz: .01% 1512 MHz: .01% 1800 MHz: .00% 2088 MHz: .00% 2352 MHz: .01% 2616 MHz:  14% 2868 MHz: 8.8% 3096 MHz: .82% 3300 MHz: .30% 3468 MHz: .34% 3624 MHz: .21% 3756 MHz:   0% 3828 MHz: .23% 3888 MHz:   0% 3948 MHz: .22% 3996 MHz:   0% 4044 MHz:   0% 4104 MHz: .04% 4416 MHz: .02% 4512 MHz:  18%)
CPU 10 idle residency:  56.96%
CPU 10 down residency:   0.00%
CPU 11 frequency: 3336 MHz
CPU 11 active residency:  60.16% (1260 MHz: .08% 1512 MHz: .00% 1800 MHz: .00% 2088 MHz: .00% 2352 MHz:   0% 2616 MHz:  17% 2868 MHz:  22% 3096 MHz: .74% 3300 MHz: .39% 3468 MHz: .32% 3624 MHz: .04% 3756 MHz:   0% 3828 MHz: .24% 3888 MHz:   0% 3948 MHz: .31% 3996 MHz:   0% 4044 MHz:   0% 4104 MHz: .08% 4416 MHz: .06% 4512 MHz:  19%)
CPU 11 idle residency:  39.84%
CPU 11 down residency:   0.00%
CPU 12 frequency: 3281 MHz
CPU 12 active residency:  61.78% (1260 MHz: .07% 1512 MHz: .00% 1800 MHz:   0% 2088 MHz: .00% 2352 MHz: .00% 2616 MHz:  20% 2868 MHz:  22% 3096 MHz: .82% 3300 MHz: .35% 3468 MHz: .30% 3624 MHz: .06% 3756 MHz:   0% 3828 MHz: .27% 3888 MHz:   0% 3948 MHz: .32% 3996 MHz:   0% 4044 MHz:   0% 4104 MHz: .04% 4416 MHz: .20% 4512 MHz:  18%)
CPU 12 idle residency:  38.22%
CPU 12 down residency:   0.00%
CPU 13 frequency: 3303 MHz
CPU 13 active residency:  47.11% (1260 MHz: .06% 1512 MHz: .02% 1800 MHz: .01% 2088 MHz: .01% 2352 MHz: .00% 2616 MHz:  13% 2868 MHz:  18% 3096 MHz: .77% 3300 MHz: .39% 3468 MHz: .38% 3624 MHz: .39% 3756 MHz:   0% 3828 MHz: .39% 3888 MHz:   0% 3948 MHz: .38% 3996 MHz:   0% 4044 MHz:   0% 4104 MHz: .39% 4416 MHz: .39% 4512 MHz:  13%)
CPU 13 idle residency:  52.89%
CPU 13 down residency:   0.00%
CPU 14 frequency: 4317 MHz
CPU 14 active residency:  24.18% (1260 MHz: .01% 1512 MHz:   0% 1800 MHz:   0% 2088 MHz:   0% 2352 MHz:   0% 2616 MHz: 1.9% 2868 MHz: .57% 3096 MHz: .12% 3300 MHz: .03% 3468 MHz:   0% 3624 MHz: .00% 3756 MHz:   0% 3828 MHz:   0% 3888 MHz:   0% 3948 MHz:   0% 3996 MHz:   0% 4044 MHz:   0% 4104 MHz:   0% 4416 MHz: .00% 4512 MHz:  22%)
CPU 14 idle residency:  75.82%
CPU 14 down residency:   0.00%
CPU 15 frequency: 3744 MHz
CPU 15 active residency:  29.54% (1260 MHz: .03% 1512 MHz:   0% 1800 MHz: .00% 2088 MHz:   0% 2352 MHz: .00% 2616 MHz: 8.3% 2868 MHz: 3.9% 3096 MHz: .18% 3300 MHz: .04% 3468 MHz:   0% 3624 MHz: .02% 3756 MHz:   0% 3828 MHz:   0% 3888 MHz:   0% 3948 MHz:   0% 3996 MHz:   0% 4044 MHz:   0% 4104 MHz:   0% 4416 MHz: .05% 4512 MHz:  17%)
CPU 15 idle residency:  70.46%
CPU 15 down residency:   0.00%

CPU Power: 3969 mW
GPU Power: 32335 mW
ANE Power: 0 mW
Combined Power (CPU + GPU + ANE): 36303 mW

**** GPU usage ****

GPU HW active frequency: 1578 MHz
GPU HW active residency: 100.00% (338 MHz:   0% 618 MHz:   0% 796 MHz:   0% 924 MHz:   0% 952 MHz:   0% 1056 MHz:   0% 1062 MHz:   0% 1182 MHz:   0% 1182 MHz:   0% 1312 MHz:   0% 1242 MHz:   0% 1380 MHz:   0% 1326 MHz:   0% 1470 MHz:   0% 1578 MHz: 100%)
GPU SW requested state: (P1 :   0% P2 :   0% P3 :   0% P4 :   0% P5 :   0% P6 :   0% P7 :   0% P8 :   0% P9 :   0% P10 : 100% P11 :   0% P12 :   0% P13 :   0% P14 :   0% P15 :   0%)
GPU SW state: (SW_P1 :   0% SW_P2 :   0% SW_P3 :   0% SW_P4 :   0% SW_P5 :   0% SW_P6 :   0% SW_P7 :   0% SW_P8 :   0% SW_P9 :   0% SW_P10 : 100% SW_P11 :   0% SW_P12 :   0% SW_P13 :   0% SW_P14 :   0% SW_P15 :   0%)
GPU idle residency:   0.00%
GPU Power: 32334 mW



*** Sampled system activity (Tue Jan 20 15:15:30 2026 +0100) (1018.16ms elapsed) ***


**** Processor usage ****

E-Cluster Online: 100%
E-Cluster HW active frequency: 1342 MHz
E-Cluster HW active residency:  59.83% (1020 MHz:  37% 1404 MHz: 8.2% 1788 MHz: 6.9% 2112 MHz: 2.1% 2352 MHz: 1.6% 2532 MHz: 1.6% 2592 MHz: 2.6%)
E-Cluster idle residency:  40.17%
E-Cluster down residency:   0.00%
CPU 0 frequency: 1325 MHz
CPU 0 active residency:  30.91% (1020 MHz:  19% 1404 MHz: 5.2% 1788 MHz: 3.5% 2112 MHz: .98% 2352 MHz: .75% 2532 MHz: .99% 2592 MHz: .78%)
CPU 0 idle residency:  69.09%
CPU 0 down residency:   0.00%
CPU 1 frequency: 1401 MHz
CPU 1 active residency:  17.02% (1020 MHz:  10% 1404 MHz: 2.1% 1788 MHz: 2.1% 2112 MHz: .39% 2352 MHz: .50% 2532 MHz: .78% 2592 MHz: 1.2%)
CPU 1 idle residency:  82.98%
CPU 1 down residency:   0.00%
CPU 2 frequency: 1444 MHz
CPU 2 active residency:  11.04% (1020 MHz: 6.1% 1404 MHz: 1.2% 1788 MHz: 1.7% 2112 MHz: .39% 2352 MHz: .59% 2532 MHz: .68% 2592 MHz: .44%)
CPU 2 idle residency:  88.96%
CPU 2 down residency:   0.00%
CPU 3 frequency: 1407 MHz
CPU 3 active residency:   6.58% (1020 MHz: 3.9% 1404 MHz: .62% 1788 MHz: .89% 2112 MHz: .30% 2352 MHz: .18% 2532 MHz: .44% 2592 MHz: .25%)
CPU 3 idle residency:  93.42%
CPU 3 down residency:   0.00%

P0-Cluster Online: 10%
P0-Cluster HW active frequency: 1996 MHz
P0-Cluster HW active residency:   4.22% (1260 MHz: 2.7% 1512 MHz:   0% 1800 MHz: .13% 2088 MHz:   0% 2352 MHz:   0% 2616 MHz:   0% 2868 MHz: .09% 3096 MHz:   0% 3300 MHz: .41% 3468 MHz: .30% 3624 MHz: .21% 3756 MHz: .21% 3828 MHz: .15% 3888 MHz:   0% 3948 MHz:   0% 3996 MHz:   0% 4044 MHz:   0% 4104 MHz:   0% 4416 MHz:   0% 4512 MHz:   0%)
P0-Cluster idle residency:   5.10%
P0-Cluster down residency:  90.68%
CPU 4 frequency: 0 MHz
CPU 4 active residency:   0.00% (1260 MHz:   0% 1512 MHz:   0% 1800 MHz:   0% 2088 MHz:   0% 2352 MHz:   0% 2616 MHz:   0% 2868 MHz:   0% 3096 MHz:   0% 3300 MHz:   0% 3468 MHz:   0% 3624 MHz:   0% 3756 MHz:   0% 3828 MHz:   0% 3888 MHz:   0% 3948 MHz:   0% 3996 MHz:   0% 4044 MHz:   0% 4104 MHz:   0% 4416 MHz:   0% 4512 MHz:   0%)
CPU 4 idle residency:   9.17%
CPU 4 down residency:  90.83%
CPU 5 frequency: 0 MHz
CPU 5 active residency:   0.00% (1260 MHz:   0% 1512 MHz:   0% 1800 MHz:   0% 2088 MHz:   0% 2352 MHz:   0% 2616 MHz:   0% 2868 MHz:   0% 3096 MHz:   0% 3300 MHz:   0% 3468 MHz:   0% 3624 MHz:   0% 3756 MHz:   0% 3828 MHz:   0% 3888 MHz:   0% 3948 MHz:   0% 3996 MHz:   0% 4044 MHz:   0% 4104 MHz:   0% 4416 MHz:   0% 4512 MHz:   0%)
CPU 5 idle residency:   8.86%
CPU 5 down residency:  91.14%
CPU 6 frequency: 0 MHz
CPU 6 active residency:   0.00% (1260 MHz:   0% 1512 MHz:   0% 1800 MHz:   0% 2088 MHz:   0% 2352 MHz:   0% 2616 MHz:   0% 2868 MHz:   0% 3096 MHz:   0% 3300 MHz:   0% 3468 MHz:   0% 3624 MHz:   0% 3756 MHz:   0% 3828 MHz:   0% 3888 MHz:   0% 3948 MHz:   0% 3996 MHz:   0% 4044 MHz:   0% 4104 MHz:   0% 4416 MHz:   0% 4512 MHz:   0%)
CPU 6 idle residency:   8.66%
CPU 6 down residency:  91.34%
CPU 7 frequency: 0 MHz
CPU 7 active residency:   0.00% (1260 MHz:   0% 1512 MHz:   0% 1800 MHz:   0% 2088 MHz:   0% 2352 MHz:   0% 2616 MHz:   0% 2868 MHz:   0% 3096 MHz:   0% 3300 MHz:   0% 3468 MHz:   0% 3624 MHz:   0% 3756 MHz:   0% 3828 MHz:   0% 3888 MHz:   0% 3948 MHz:   0% 3996 MHz:   0% 4044 MHz:   0% 4104 MHz:   0% 4416 MHz:   0% 4512 MHz:   0%)
CPU 7 idle residency:   9.18%
CPU 7 down residency:  90.82%
CPU 8 frequency: 0 MHz
CPU 8 active residency:   0.00% (1260 MHz:   0% 1512 MHz:   0% 1800 MHz:   0% 2088 MHz:   0% 2352 MHz:   0% 2616 MHz:   0% 2868 MHz:   0% 3096 MHz:   0% 3300 MHz:   0% 3468 MHz:   0% 3624 MHz:   0% 3756 MHz:   0% 3828 MHz:   0% 3888 MHz:   0% 3948 MHz:   0% 3996 MHz:   0% 4044 MHz:   0% 4104 MHz:   0% 4416 MHz:   0% 4512 MHz:   0%)
CPU 8 idle residency:   9.02%
CPU 8 down residency:  90.98%
CPU 9 frequency: 0 MHz
CPU 9 active residency:   0.00% (1260 MHz:   0% 1512 MHz:   0% 1800 MHz:   0% 2088 MHz:   0% 2352 MHz:   0% 2616 MHz:   0% 2868 MHz:   0% 3096 MHz:   0% 3300 MHz:   0% 3468 MHz:   0% 3624 MHz:   0% 3756 MHz:   0% 3828 MHz:   0% 3888 MHz:   0% 3948 MHz:   0% 3996 MHz:   0% 4044 MHz:   0% 4104 MHz:   0% 4416 MHz:   0% 4512 MHz:   0%)
CPU 9 idle residency:   9.17%
CPU 9 down residency:  90.83%

P1-Cluster HW active frequency: 3389 MHz
P1-Cluster HW active residency:  96.88% (1260 MHz: .51% 1512 MHz:   0% 1800 MHz: .01% 2088 MHz: .46% 2352 MHz: 1.6% 2616 MHz: 8.6% 2868 MHz:  19% 3096 MHz:  10% 3300 MHz: 6.1% 3468 MHz: 6.0% 3624 MHz: 6.7% 3756 MHz: 2.6% 3828 MHz: 1.1% 3888 MHz: 2.1% 3948 MHz:  21% 3996 MHz: 4.4% 4044 MHz: 6.4% 4104 MHz:   0% 4416 MHz: .04% 4512 MHz: .02%)
P1-Cluster idle residency:   3.12%
P1-Cluster down residency:   0.00%
CPU 10 frequency: 3450 MHz
CPU 10 active residency:  56.37% (1260 MHz: .03% 1512 MHz:   0% 1800 MHz: .00% 2088 MHz: .33% 2352 MHz: 1.4% 2616 MHz: 7.3% 2868 MHz:  15% 3096 MHz: 6.6% 3300 MHz: 2.6% 3468 MHz: 2.0% 3624 MHz: 3.2% 3756 MHz: .72% 3828 MHz: .08% 3888 MHz:   0% 3948 MHz: .02% 3996 MHz:   0% 4044 MHz:   0% 4104 MHz: .17% 4416 MHz: .29% 4512 MHz:  17%)
CPU 10 idle residency:  43.63%
CPU 10 down residency:   0.00%
CPU 11 frequency: 3412 MHz
CPU 11 active residency:  43.88% (1260 MHz: .06% 1512 MHz:   0% 1800 MHz: .01% 2088 MHz: .37% 2352 MHz: 1.2% 2616 MHz: 6.1% 2868 MHz: 6.2% 3096 MHz: 6.8% 3300 MHz: 4.4% 3468 MHz: 3.7% 3624 MHz: 3.2% 3756 MHz: .61% 3828 MHz: .50% 3888 MHz:   0% 3948 MHz: .39% 3996 MHz:   0% 4044 MHz:   0% 4104 MHz: .39% 4416 MHz: .39% 4512 MHz: 9.6%)
CPU 11 idle residency:  56.12%
CPU 11 down residency:   0.00%
CPU 12 frequency: 3652 MHz
CPU 12 active residency:  40.22% (1260 MHz: .04% 1512 MHz:   0% 1800 MHz:   0% 2088 MHz: .37% 2352 MHz: 1.2% 2616 MHz: 1.1% 2868 MHz: 9.9% 3096 MHz: 3.6% 3300 MHz: 1.1% 3468 MHz: 1.1% 3624 MHz: 3.7% 3756 MHz: 2.2% 3828 MHz: .26% 3888 MHz:   0% 3948 MHz:   0% 3996 MHz:   0% 4044 MHz:   0% 4104 MHz: .12% 4416 MHz: .28% 4512 MHz:  15%)
CPU 12 idle residency:  59.78%
CPU 12 down residency:   0.00%
CPU 13 frequency: 3867 MHz
CPU 13 active residency:  33.86% (1260 MHz: .01% 1512 MHz:   0% 1800 MHz:   0% 2088 MHz:   0% 2352 MHz: .04% 2616 MHz: .56% 2868 MHz: .99% 3096 MHz: 4.6% 3300 MHz: 4.0% 3468 MHz: 3.0% 3624 MHz: 3.2% 3756 MHz: 1.6% 3828 MHz: .34% 3888 MHz:   0% 3948 MHz: .30% 3996 MHz:   0% 4044 MHz:   0% 4104 MHz: .27% 4416 MHz: .04% 4512 MHz:  15%)
CPU 13 idle residency:  66.14%
CPU 13 down residency:   0.00%
CPU 14 frequency: 3980 MHz
CPU 14 active residency:  42.74% (1260 MHz: .04% 1512 MHz:   0% 1800 MHz: .01% 2088 MHz:   0% 2352 MHz: .01% 2616 MHz: .07% 2868 MHz: 1.1% 3096 MHz: 5.3% 3300 MHz: 4.3% 3468 MHz: 4.1% 3624 MHz: 1.7% 3756 MHz: 2.1% 3828 MHz: .39% 3888 MHz:   0% 3948 MHz: .31% 3996 MHz:   0% 4044 MHz:   0% 4104 MHz: .35% 4416 MHz: .09% 4512 MHz:  23%)
CPU 14 idle residency:  57.26%
CPU 14 down residency:   0.00%
CPU 15 frequency: 3517 MHz
CPU 15 active residency:  47.94% (1260 MHz: .08% 1512 MHz:   0% 1800 MHz: .00% 2088 MHz: .00% 2352 MHz: .06% 2616 MHz: 7.4% 2868 MHz:  13% 3096 MHz: 3.7% 3300 MHz: 1.5% 3468 MHz: 1.3% 3624 MHz: 2.9% 3756 MHz: .90% 3828 MHz: .08% 3888 MHz:   0% 3948 MHz:   0% 3996 MHz:   0% 4044 MHz:   0% 4104 MHz: .02% 4416 MHz:   0% 4512 MHz:  17%)
CPU 15 idle residency:  52.06%
CPU 15 down residency:   0.00%

CPU Power: 4178 mW
GPU Power: 32360 mW
ANE Power: 0 mW
Combined Power (CPU + GPU + ANE): 36539 mW

**** GPU usage ****

GPU HW active frequency: 1578 MHz
GPU HW active residency: 100.00% (338 MHz:   0% 618 MHz:   0% 796 MHz:   0% 924 MHz:   0% 952 MHz:   0% 1056 MHz:   0% 1062 MHz:   0% 1182 MHz:   0% 1182 MHz:   0% 1312 MHz:   0% 1242 MHz:   0% 1380 MHz:   0% 1326 MHz:   0% 1470 MHz:   0% 1578 MHz: 100%)
GPU SW requested state: (P1 :   0% P2 :   0% P3 :   0% P4 :   0% P5 :   0% P6 :   0% P7 :   0% P8 :   0% P9 :   0% P10 : 100% P11 :   0% P12 :   0% P13 :   0% P14 :   0% P15 :   0%)
GPU SW state: (SW_P1 :   0% SW_P2 :   0% SW_P3 :   0% SW_P4 :   0% SW_P5 :   0% SW_P6 :   0% SW_P7 :   0% SW_P8 :   0% SW_P9 :   0% SW_P10 : 100% SW_P11 :   0% SW_P12 :   0% SW_P13 :   0% SW_P14 :   0% SW_P15 :   0%)
GPU idle residency:   0.00%
GPU Power: 32361 mW



*** Sampled system activity (Tue Jan 20 15:15:31 2026 +0100) (1017.89ms elapsed) ***


**** Processor usage ****

E-Cluster Online: 100%
E-Cluster HW active frequency: 1386 MHz
E-Cluster HW active residency:  57.39% (1020 MHz:  34% 1404 MHz: 7.8% 1788 MHz: 5.9% 2112 MHz: 2.1% 2352 MHz: 1.4% 2532 MHz: 1.2% 2592 MHz: 4.8%)
E-Cluster idle residency:  42.61%
E-Cluster down residency:   0.00%
CPU 0 frequency: 1347 MHz
CPU 0 active residency:  28.20% (1020 MHz:  17% 1404 MHz: 4.4% 1788 MHz: 2.7% 2112 MHz: .68% 2352 MHz: .63% 2532 MHz: .51% 2592 MHz: 2.0%)
CPU 0 idle residency:  71.80%
CPU 0 down residency:   0.00%
CPU 1 frequency: 1342 MHz
CPU 1 active residency:  16.08% (1020 MHz: 9.9% 1404 MHz: 2.6% 1788 MHz: 1.5% 2112 MHz: .33% 2352 MHz: .47% 2532 MHz: .23% 2592 MHz: 1.1%)
CPU 1 idle residency:  83.92%
CPU 1 down residency:   0.00%
CPU 2 frequency: 1448 MHz
CPU 2 active residency:  11.06% (1020 MHz: 5.8% 1404 MHz: 1.5% 1788 MHz: 1.6% 2112 MHz: .81% 2352 MHz: .11% 2532 MHz: .75% 2592 MHz: .47%)
CPU 2 idle residency:  88.94%
CPU 2 down residency:   0.00%
CPU 3 frequency: 1298 MHz
CPU 3 active residency:   4.59% (1020 MHz: 3.0% 1404 MHz: .59% 1788 MHz: .53% 2112 MHz: .07% 2352 MHz: .06% 2532 MHz: .09% 2592 MHz: .22%)
CPU 3 idle residency:  95.41%
CPU 3 down residency:   0.00%

P0-Cluster Online: 56%
P0-Cluster HW active frequency: 3559 MHz
P0-Cluster HW active residency:  54.67% (1260 MHz: .21% 1512 MHz: .01% 1800 MHz: .27% 2088 MHz: .77% 2352 MHz: 2.2% 2616 MHz: 6.1% 2868 MHz: .79% 3096 MHz: 6.6% 3300 MHz: .77% 3468 MHz: .78% 3624 MHz: 1.7% 3756 MHz:   0% 3828 MHz: .39% 3888 MHz: 1.8% 3948 MHz:  19% 3996 MHz: 5.3% 4044 MHz: 7.9% 4104 MHz:   0% 4416 MHz: .00% 4512 MHz: .02%)
P0-Cluster idle residency:   1.35%
P0-Cluster down residency:  43.98%
CPU 4 frequency: 4321 MHz
CPU 4 active residency:  16.46% (1260 MHz: .74% 1512 MHz:   0% 1800 MHz: .00% 2088 MHz:   0% 2352 MHz: .02% 2616 MHz:   0% 2868 MHz: .01% 3096 MHz: .36% 3300 MHz: .03% 3468 MHz: .09% 3624 MHz: .00% 3756 MHz:   0% 3828 MHz: .00% 3888 MHz:   0% 3948 MHz: .00% 3996 MHz:   0% 4044 MHz:   0% 4104 MHz: .00% 4416 MHz:   0% 4512 MHz:  15%)
CPU 4 idle residency:  35.90%
CPU 4 down residency:  47.64%
CPU 5 frequency: 4005 MHz
CPU 5 active residency:  22.28% (1260 MHz: .82% 1512 MHz:   0% 1800 MHz: .03% 2088 MHz:   0% 2352 MHz: .05% 2616 MHz:   0% 2868 MHz: .02% 3096 MHz: 4.9% 3300 MHz: .40% 3468 MHz: .61% 3624 MHz: .13% 3756 MHz: .04% 3828 MHz: .08% 3888 MHz:   0% 3948 MHz: .11% 3996 MHz:   0% 4044 MHz:   0% 4104 MHz: .19% 4416 MHz: .06% 4512 MHz:  15%)
CPU 5 idle residency:  29.98%
CPU 5 down residency:  47.75%
CPU 6 frequency: 4011 MHz
CPU 6 active residency:  21.87% (1260 MHz: .79% 1512 MHz:   0% 1800 MHz: .03% 2088 MHz: .00% 2352 MHz: .02% 2616 MHz:   0% 2868 MHz: .29% 3096 MHz: 4.4% 3300 MHz: .60% 3468 MHz: .40% 3624 MHz: .08% 3756 MHz: .09% 3828 MHz: .27% 3888 MHz:   0% 3948 MHz: .08% 3996 MHz:   0% 4044 MHz:   0% 4104 MHz: .07% 4416 MHz: .11% 4512 MHz:  15%)
CPU 6 idle residency:  32.18%
CPU 6 down residency:  45.95%
CPU 7 frequency: 4402 MHz
CPU 7 active residency:  21.21% (1260 MHz: .68% 1512 MHz:   0% 1800 MHz:   0% 2088 MHz:   0% 2352 MHz: .01% 2616 MHz:   0% 2868 MHz: .01% 3096 MHz: .05% 3300 MHz:   0% 3468 MHz:   0% 3624 MHz:   0% 3756 MHz:   0% 3828 MHz:   0% 3888 MHz:   0% 3948 MHz: .00% 3996 MHz:   0% 4044 MHz:   0% 4104 MHz:   0% 4416 MHz:   0% 4512 MHz:  20%)
CPU 7 idle residency:  34.67%
CPU 7 down residency:  44.12%
CPU 8 frequency: 4010 MHz
CPU 8 active residency:  24.68% (1260 MHz: .76% 1512 MHz:   0% 1800 MHz: .05% 2088 MHz: .02% 2352 MHz: .07% 2616 MHz: .00% 2868 MHz: .03% 3096 MHz: 5.3% 3300 MHz: .42% 3468 MHz: .42% 3624 MHz: .40% 3756 MHz: .01% 3828 MHz: .40% 3888 MHz:   0% 3948 MHz: .39% 3996 MHz:   0% 4044 MHz:   0% 4104 MHz: .39% 4416 MHz: .38% 4512 MHz:  16%)
CPU 8 idle residency:  30.98%
CPU 8 down residency:  44.34%
CPU 9 frequency: 4242 MHz
CPU 9 active residency:  17.24% (1260 MHz: .74% 1512 MHz:   0% 1800 MHz: .01% 2088 MHz:   0% 2352 MHz: .02% 2616 MHz: .00% 2868 MHz: .01% 3096 MHz: 1.4% 3300 MHz: .12% 3468 MHz: .06% 3624 MHz: .00% 3756 MHz:   0% 3828 MHz: .00% 3888 MHz:   0% 3948 MHz: .01% 3996 MHz:   0% 4044 MHz:   0% 4104 MHz: .00% 4416 MHz: .00% 4512 MHz:  15%)
CPU 9 idle residency:  35.27%
CPU 9 down residency:  47.48%

P1-Cluster HW active frequency: 3093 MHz
P1-Cluster HW active residency:  42.24% (1260 MHz: .63% 1512 MHz: .01% 1800 MHz: .01% 2088 MHz: .04% 2352 MHz:   0% 2616 MHz: 1.6% 2868 MHz:  12% 3096 MHz:  14% 3300 MHz: 6.5% 3468 MHz: 6.4% 3624 MHz: 1.1% 3756 MHz: .22% 3828 MHz:   0% 3888 MHz:   0% 3948 MHz: .11% 3996 MHz: .00% 4044 MHz:   0% 4104 MHz:   0% 4416 MHz: .02% 4512 MHz: .01%)
P1-Cluster idle residency:   3.32%
P1-Cluster down residency:  54.44%
CPU 10 frequency: 3126 MHz
CPU 10 active residency:  28.19% (1260 MHz: .06% 1512 MHz:   0% 1800 MHz: .00% 2088 MHz:   0% 2352 MHz:   0% 2616 MHz: .89% 2868 MHz: 8.3% 3096 MHz: 8.2% 3300 MHz: 5.2% 3468 MHz: 4.8% 3624 MHz: .50% 3756 MHz: .09% 3828 MHz:   0% 3888 MHz:   0% 3948 MHz:   0% 3996 MHz:   0% 4044 MHz:   0% 4104 MHz:   0% 4416 MHz:   0% 4512 MHz: .09%)
CPU 10 idle residency:  17.34%
CPU 10 down residency:  54.48%
CPU 11 frequency: 3118 MHz
CPU 11 active residency:  28.74% (1260 MHz: .11% 1512 MHz: .00% 1800 MHz: .00% 2088 MHz: .01% 2352 MHz:   0% 2616 MHz: 1.1% 2868 MHz: 8.2% 3096 MHz: 8.9% 3300 MHz: 5.0% 3468 MHz: 4.6% 3624 MHz: .67% 3756 MHz: .07% 3828 MHz:   0% 3888 MHz:   0% 3948 MHz:   0% 3996 MHz:   0% 4044 MHz:   0% 4104 MHz:   0% 4416 MHz:   0% 4512 MHz: .08%)
CPU 11 idle residency:  16.78%
CPU 11 down residency:  54.48%
CPU 12 frequency: 3178 MHz
CPU 12 active residency:   8.82% (1260 MHz: .03% 1512 MHz:   0% 1800 MHz:   0% 2088 MHz:   0% 2352 MHz:   0% 2616 MHz: .04% 2868 MHz: 2.2% 3096 MHz: 2.8% 3300 MHz: 1.5% 3468 MHz: 1.7% 3624 MHz: .39% 3756 MHz: .06% 3828 MHz:   0% 3888 MHz:   0% 3948 MHz:   0% 3996 MHz:   0% 4044 MHz:   0% 4104 MHz:   0% 4416 MHz:   0% 4512 MHz: .09%)
CPU 12 idle residency:  36.71%
CPU 12 down residency:  54.47%
CPU 13 frequency: 3161 MHz
CPU 13 active residency:   3.67% (1260 MHz: .02% 1512 MHz:   0% 1800 MHz:   0% 2088 MHz: .01% 2352 MHz:   0% 2616 MHz: .00% 2868 MHz: .47% 3096 MHz: 1.8% 3300 MHz: .78% 3468 MHz: .47% 3624 MHz: .11% 3756 MHz: .00% 3828 MHz:   0% 3888 MHz:   0% 3948 MHz:   0% 3996 MHz:   0% 4044 MHz:   0% 4104 MHz:   0% 4416 MHz:   0% 4512 MHz:   0%)
CPU 13 idle residency:  41.88%
CPU 13 down residency:  54.45%
CPU 14 frequency: 3039 MHz
CPU 14 active residency:   0.62% (1260 MHz: .02% 1512 MHz:   0% 1800 MHz:   0% 2088 MHz: .01% 2352 MHz:   0% 2616 MHz:   0% 2868 MHz: .24% 3096 MHz: .06% 3300 MHz: .23% 3468 MHz: .05% 3624 MHz: .00% 3756 MHz:   0% 3828 MHz:   0% 3888 MHz:   0% 3948 MHz:   0% 3996 MHz:   0% 4044 MHz:   0% 4104 MHz:   0% 4416 MHz:   0% 4512 MHz:   0%)
CPU 14 idle residency:  44.93%
CPU 14 down residency:  54.45%
CPU 15 frequency: 3111 MHz
CPU 15 active residency:  27.23% (1260 MHz: .07% 1512 MHz: .01% 1800 MHz: .00% 2088 MHz:   0% 2352 MHz:   0% 2616 MHz: .90% 2868 MHz: 8.3% 3096 MHz: 8.7% 3300 MHz: 4.4% 3468 MHz: 4.1% 3624 MHz: .60% 3756 MHz: .09% 3828 MHz:   0% 3888 MHz:   0% 3948 MHz:   0% 3996 MHz:   0% 4044 MHz:   0% 4104 MHz:   0% 4416 MHz:   0% 4512 MHz: .06%)
CPU 15 idle residency:  18.32%
CPU 15 down residency:  54.45%

CPU Power: 3858 mW
GPU Power: 32410 mW
ANE Power: 0 mW
Combined Power (CPU + GPU + ANE): 36268 mW

**** GPU usage ****

GPU HW active frequency: 1578 MHz
GPU HW active residency: 100.00% (338 MHz:   0% 618 MHz:   0% 796 MHz:   0% 924 MHz:   0% 952 MHz:   0% 1056 MHz:   0% 1062 MHz:   0% 1182 MHz:   0% 1182 MHz:   0% 1312 MHz:   0% 1242 MHz:   0% 1380 MHz:   0% 1326 MHz:   0% 1470 MHz:   0% 1578 MHz: 100%)
GPU SW requested state: (P1 :   0% P2 :   0% P3 :   0% P4 :   0% P5 :   0% P6 :   0% P7 :   0% P8 :   0% P9 :   0% P10 : 100% P11 :   0% P12 :   0% P13 :   0% P14 :   0% P15 :   0%)
GPU SW state: (SW_P1 :   0% SW_P2 :   0% SW_P3 :   0% SW_P4 :   0% SW_P5 :   0% SW_P6 :   0% SW_P7 :   0% SW_P8 :   0% SW_P9 :   0% SW_P10 : 100% SW_P11 :   0% SW_P12 :   0% SW_P13 :   0% SW_P14 :   0% SW_P15 :   0%)
GPU idle residency:   0.00%
GPU Power: 32411 mW



*** Sampled system activity (Tue Jan 20 15:15:32 2026 +0100) (1018.30ms elapsed) ***


**** Processor usage ****

E-Cluster Online: 100%
E-Cluster HW active frequency: 1652 MHz
E-Cluster HW active residency:  67.69% (1020 MHz:  31% 1404 MHz: 7.3% 1788 MHz: 5.9% 2112 MHz: 2.0% 2352 MHz: 1.4% 2532 MHz: 1.3% 2592 MHz:  19%)
E-Cluster idle residency:  32.31%
E-Cluster down residency:   0.00%
CPU 0 frequency: 1725 MHz
CPU 0 active residency:  36.30% (1020 MHz:  15% 1404 MHz: 4.0% 1788 MHz: 2.6% 2112 MHz: 1.3% 2352 MHz: .66% 2532 MHz: 1.2% 2592 MHz:  11%)
CPU 0 idle residency:  63.70%
CPU 0 down residency:   0.00%
CPU 1 frequency: 1817 MHz
CPU 1 active residency:  27.79% (1020 MHz: 9.7% 1404 MHz: 2.9% 1788 MHz: 2.7% 2112 MHz: 1.0% 2352 MHz: .55% 2532 MHz: 1.2% 2592 MHz: 9.8%)
CPU 1 idle residency:  72.21%
CPU 1 down residency:   0.00%
CPU 2 frequency: 1881 MHz
CPU 2 active residency:  22.80% (1020 MHz: 6.2% 1404 MHz: 2.6% 1788 MHz: 3.3% 2112 MHz: 1.0% 2352 MHz: .43% 2532 MHz: 1.1% 2592 MHz: 8.1%)
CPU 2 idle residency:  77.20%
CPU 2 down residency:   0.00%
CPU 3 frequency: 2005 MHz
CPU 3 active residency:  15.58% (1020 MHz: 3.6% 1404 MHz: 1.6% 1788 MHz: 1.5% 2112 MHz: .56% 2352 MHz: .58% 2532 MHz: .63% 2592 MHz: 7.2%)
CPU 3 idle residency:  84.42%
CPU 3 down residency:   0.00%

P0-Cluster Online: 36%
P0-Cluster HW active frequency: 3012 MHz
P0-Cluster HW active residency:  27.08% (1260 MHz: 8.5% 1512 MHz:   0% 1800 MHz: .22% 2088 MHz: .07% 2352 MHz: .30% 2616 MHz: .62% 2868 MHz: .55% 3096 MHz: .56% 3300 MHz: 1.2% 3468 MHz:   0% 3624 MHz: .09% 3756 MHz: .02% 3828 MHz:   0% 3888 MHz: .57% 3948 MHz: 1.4% 3996 MHz: 1.6% 4044 MHz:  11% 4104 MHz:   0% 4416 MHz: .07% 4512 MHz: .37%)
P0-Cluster idle residency:   8.42%
P0-Cluster down residency:  64.50%
CPU 4 frequency: 0 MHz
CPU 4 active residency:   0.00% (1260 MHz:   0% 1512 MHz:   0% 1800 MHz:   0% 2088 MHz:   0% 2352 MHz:   0% 2616 MHz:   0% 2868 MHz:   0% 3096 MHz:   0% 3300 MHz:   0% 3468 MHz:   0% 3624 MHz:   0% 3756 MHz:   0% 3828 MHz:   0% 3888 MHz:   0% 3948 MHz:   0% 3996 MHz:   0% 4044 MHz:   0% 4104 MHz:   0% 4416 MHz:   0% 4512 MHz:   0%)
CPU 4 idle residency:  27.82%
CPU 4 down residency:  72.18%
CPU 5 frequency: 0 MHz
CPU 5 active residency:   0.00% (1260 MHz:   0% 1512 MHz:   0% 1800 MHz:   0% 2088 MHz:   0% 2352 MHz:   0% 2616 MHz:   0% 2868 MHz:   0% 3096 MHz:   0% 3300 MHz:   0% 3468 MHz:   0% 3624 MHz:   0% 3756 MHz:   0% 3828 MHz:   0% 3888 MHz:   0% 3948 MHz:   0% 3996 MHz:   0% 4044 MHz:   0% 4104 MHz:   0% 4416 MHz:   0% 4512 MHz:   0%)
CPU 5 idle residency:  34.56%
CPU 5 down residency:  65.44%
CPU 6 frequency: 0 MHz
CPU 6 active residency:   0.00% (1260 MHz:   0% 1512 MHz:   0% 1800 MHz:   0% 2088 MHz:   0% 2352 MHz:   0% 2616 MHz:   0% 2868 MHz:   0% 3096 MHz:   0% 3300 MHz:   0% 3468 MHz:   0% 3624 MHz:   0% 3756 MHz:   0% 3828 MHz:   0% 3888 MHz:   0% 3948 MHz:   0% 3996 MHz:   0% 4044 MHz:   0% 4104 MHz:   0% 4416 MHz:   0% 4512 MHz:   0%)
CPU 6 idle residency:  30.24%
CPU 6 down residency:  69.76%
CPU 7 frequency: 0 MHz
CPU 7 active residency:   0.00% (1260 MHz:   0% 1512 MHz:   0% 1800 MHz:   0% 2088 MHz:   0% 2352 MHz:   0% 2616 MHz:   0% 2868 MHz:   0% 3096 MHz:   0% 3300 MHz:   0% 3468 MHz:   0% 3624 MHz:   0% 3756 MHz:   0% 3828 MHz:   0% 3888 MHz:   0% 3948 MHz:   0% 3996 MHz:   0% 4044 MHz:   0% 4104 MHz:   0% 4416 MHz:   0% 4512 MHz:   0%)
CPU 7 idle residency:  34.27%
CPU 7 down residency:  65.73%
CPU 8 frequency: 0 MHz
CPU 8 active residency:   0.00% (1260 MHz:   0% 1512 MHz:   0% 1800 MHz:   0% 2088 MHz:   0% 2352 MHz:   0% 2616 MHz:   0% 2868 MHz:   0% 3096 MHz:   0% 3300 MHz:   0% 3468 MHz:   0% 3624 MHz:   0% 3756 MHz:   0% 3828 MHz:   0% 3888 MHz:   0% 3948 MHz:   0% 3996 MHz:   0% 4044 MHz:   0% 4104 MHz:   0% 4416 MHz:   0% 4512 MHz:   0%)
CPU 8 idle residency:  34.71%
CPU 8 down residency:  65.29%
CPU 9 frequency: 0 MHz
CPU 9 active residency:   0.00% (1260 MHz:   0% 1512 MHz:   0% 1800 MHz:   0% 2088 MHz:   0% 2352 MHz:   0% 2616 MHz:   0% 2868 MHz:   0% 3096 MHz:   0% 3300 MHz:   0% 3468 MHz:   0% 3624 MHz:   0% 3756 MHz:   0% 3828 MHz:   0% 3888 MHz:   0% 3948 MHz:   0% 3996 MHz:   0% 4044 MHz:   0% 4104 MHz:   0% 4416 MHz:   0% 4512 MHz:   0%)
CPU 9 idle residency:  31.92%
CPU 9 down residency:  68.08%

P1-Cluster HW active frequency: 3303 MHz
P1-Cluster HW active residency:  95.88% (1260 MHz: .56% 1512 MHz: .02% 1800 MHz: .05% 2088 MHz: .01% 2352 MHz: .01% 2616 MHz: .05% 2868 MHz:  31% 3096 MHz:  26% 3300 MHz: 3.0% 3468 MHz: 1.0% 3624 MHz: .56% 3756 MHz: .27% 3828 MHz: .24% 3888 MHz:  18% 3948 MHz:  11% 3996 MHz: 1.7% 4044 MHz: 1.2% 4104 MHz:   0% 4416 MHz:   0% 4512 MHz:   0%)
P1-Cluster idle residency:   4.12%
P1-Cluster down residency:   0.00%
CPU 10 frequency: 3574 MHz
CPU 10 active residency:  60.31% (1260 MHz: .06% 1512 MHz: .02% 1800 MHz: .03% 2088 MHz: .01% 2352 MHz: .01% 2616 MHz: .03% 2868 MHz:  17% 3096 MHz:  18% 3300 MHz: .94% 3468 MHz: .72% 3624 MHz: .21% 3756 MHz: .27% 3828 MHz: .24% 3888 MHz:   0% 3948 MHz: .14% 3996 MHz: .02% 4044 MHz: .08% 4104 MHz: .75% 4416 MHz: .36% 4512 MHz:  22%)
CPU 10 idle residency:  39.69%
CPU 10 down residency:   0.00%
CPU 11 frequency: 3592 MHz
CPU 11 active residency:  60.47% (1260 MHz: .05% 1512 MHz: .00% 1800 MHz: .02% 2088 MHz: .01% 2352 MHz: .01% 2616 MHz: .03% 2868 MHz:  15% 3096 MHz:  19% 3300 MHz: 2.1% 3468 MHz: .56% 3624 MHz: .35% 3756 MHz: .25% 3828 MHz: .20% 3888 MHz:   0% 3948 MHz: .14% 3996 MHz: .02% 4044 MHz: .07% 4104 MHz: .81% 4416 MHz: .37% 4512 MHz:  22%)
CPU 11 idle residency:  39.53%
CPU 11 down residency:   0.00%
CPU 12 frequency: 3713 MHz
CPU 12 active residency:  50.35% (1260 MHz: .02% 1512 MHz:   0% 1800 MHz: .01% 2088 MHz:   0% 2352 MHz: .00% 2616 MHz: .01% 2868 MHz:  14% 3096 MHz: 9.8% 3300 MHz: 1.4% 3468 MHz: .64% 3624 MHz: .22% 3756 MHz: .27% 3828 MHz: .20% 3888 MHz:   0% 3948 MHz: .10% 3996 MHz: .01% 4044 MHz: .08% 4104 MHz: .84% 4416 MHz: .48% 4512 MHz:  22%)
CPU 12 idle residency:  49.65%
CPU 12 down residency:   0.00%
CPU 13 frequency: 4115 MHz
CPU 13 active residency:  36.26% (1260 MHz: .01% 1512 MHz:   0% 1800 MHz: .01% 2088 MHz:   0% 2352 MHz:   0% 2616 MHz: .01% 2868 MHz: 3.8% 3096 MHz: 3.8% 3300 MHz: .94% 3468 MHz: .63% 3624 MHz: .15% 3756 MHz: .27% 3828 MHz: .24% 3888 MHz:   0% 3948 MHz: .09% 3996 MHz: .00% 4044 MHz: .08% 4104 MHz: .51% 4416 MHz: .44% 4512 MHz:  25%)
CPU 13 idle residency:  63.74%
CPU 13 down residency:   0.00%
CPU 14 frequency: 3911 MHz
CPU 14 active residency:  39.81% (1260 MHz: .03% 1512 MHz:   0% 1800 MHz:   0% 2088 MHz:   0% 2352 MHz:   0% 2616 MHz: .01% 2868 MHz: 7.9% 3096 MHz: 5.6% 3300 MHz: .90% 3468 MHz: .67% 3624 MHz: .28% 3756 MHz: .24% 3828 MHz: .17% 3888 MHz:   0% 3948 MHz: .14% 3996 MHz: .02% 4044 MHz: .08% 4104 MHz: .85% 4416 MHz: .33% 4512 MHz:  23%)
CPU 14 idle residency:  60.19%
CPU 14 down residency:   0.00%
CPU 15 frequency: 3545 MHz
CPU 15 active residency:  66.81% (1260 MHz: .09% 1512 MHz:   0% 1800 MHz: .00% 2088 MHz: .00% 2352 MHz: .01% 2616 MHz: .03% 2868 MHz:  21% 3096 MHz:  19% 3300 MHz: 1.8% 3468 MHz: .43% 3624 MHz: .08% 3756 MHz: .27% 3828 MHz: .21% 3888 MHz:   0% 3948 MHz: .09% 3996 MHz: .02% 4044 MHz: .08% 4104 MHz: .83% 4416 MHz: .43% 4512 MHz:  23%)
CPU 15 idle residency:  33.19%
CPU 15 down residency:   0.00%

CPU Power: 5358 mW
GPU Power: 32566 mW
ANE Power: 0 mW
Combined Power (CPU + GPU + ANE): 37924 mW

**** GPU usage ****

GPU HW active frequency: 1578 MHz
GPU HW active residency: 100.00% (338 MHz:   0% 618 MHz:   0% 796 MHz:   0% 924 MHz:   0% 952 MHz:   0% 1056 MHz:   0% 1062 MHz:   0% 1182 MHz:   0% 1182 MHz:   0% 1312 MHz:   0% 1242 MHz:   0% 1380 MHz:   0% 1326 MHz:   0% 1470 MHz:   0% 1578 MHz: 100%)
GPU SW requested state: (P1 :   0% P2 :   0% P3 :   0% P4 :   0% P5 :   0% P6 :   0% P7 :   0% P8 :   0% P9 :   0% P10 : 100% P11 :   0% P12 :   0% P13 :   0% P14 :   0% P15 :   0%)
GPU SW state: (SW_P1 :   0% SW_P2 :   0% SW_P3 :   0% SW_P4 :   0% SW_P5 :   0% SW_P6 :   0% SW_P7 :   0% SW_P8 :   0% SW_P9 :   0% SW_P10 : 100% SW_P11 :   0% SW_P12 :   0% SW_P13 :   0% SW_P14 :   0% SW_P15 :   0%)
GPU idle residency:   0.00%
GPU Power: 32565 mW



*** Sampled system activity (Tue Jan 20 15:15:33 2026 +0100) (1021.27ms elapsed) ***


**** Processor usage ****

E-Cluster Online: 100%
E-Cluster HW active frequency: 1393 MHz
E-Cluster HW active residency:  57.41% (1020 MHz:  34% 1404 MHz: 6.3% 1788 MHz: 7.5% 2112 MHz: 2.9% 2352 MHz: 1.7% 2532 MHz: 2.0% 2592 MHz: 3.0%)
E-Cluster idle residency:  42.59%
E-Cluster down residency:   0.00%
CPU 0 frequency: 1356 MHz
CPU 0 active residency:  29.11% (1020 MHz:  18% 1404 MHz: 3.3% 1788 MHz: 4.2% 2112 MHz: 1.4% 2352 MHz: .52% 2532 MHz: .85% 2592 MHz: 1.2%)
CPU 0 idle residency:  70.89%
CPU 0 down residency:   0.00%
CPU 1 frequency: 1404 MHz
CPU 1 active residency:  18.72% (1020 MHz:  11% 1404 MHz: 2.1% 1788 MHz: 2.7% 2112 MHz: 1.1% 2352 MHz: .70% 2532 MHz: .78% 2592 MHz: .65%)
CPU 1 idle residency:  81.28%
CPU 1 down residency:   0.00%
CPU 2 frequency: 1388 MHz
CPU 2 active residency:   9.63% (1020 MHz: 5.7% 1404 MHz: .96% 1788 MHz: 1.4% 2112 MHz: .46% 2352 MHz: .33% 2532 MHz: .30% 2592 MHz: .46%)
CPU 2 idle residency:  90.37%
CPU 2 down residency:   0.00%
CPU 3 frequency: 1378 MHz
CPU 3 active residency:   7.00% (1020 MHz: 4.0% 1404 MHz: .80% 1788 MHz: 1.3% 2112 MHz: .40% 2352 MHz: .19% 2532 MHz: .24% 2592 MHz: .11%)
CPU 3 idle residency:  93.00%
CPU 3 down residency:   0.00%

P0-Cluster Online: 1%
P0-Cluster HW active frequency: 1260 MHz
P0-Cluster HW active residency:   0.09% (1260 MHz: .09% 1512 MHz:   0% 1800 MHz:   0% 2088 MHz:   0% 2352 MHz:   0% 2616 MHz:   0% 2868 MHz:   0% 3096 MHz:   0% 3300 MHz:   0% 3468 MHz:   0% 3624 MHz:   0% 3756 MHz:   0% 3828 MHz:   0% 3888 MHz:   0% 3948 MHz:   0% 3996 MHz:   0% 4044 MHz:   0% 4104 MHz:   0% 4416 MHz:   0% 4512 MHz:   0%)
P0-Cluster idle residency:   0.42%
P0-Cluster down residency:  99.50%
CPU 4 frequency: 0 MHz
CPU 4 active residency:   0.00% (1260 MHz:   0% 1512 MHz:   0% 1800 MHz:   0% 2088 MHz:   0% 2352 MHz:   0% 2616 MHz:   0% 2868 MHz:   0% 3096 MHz:   0% 3300 MHz:   0% 3468 MHz:   0% 3624 MHz:   0% 3756 MHz:   0% 3828 MHz:   0% 3888 MHz:   0% 3948 MHz:   0% 3996 MHz:   0% 4044 MHz:   0% 4104 MHz:   0% 4416 MHz:   0% 4512 MHz:   0%)
CPU 4 idle residency:   0.48%
CPU 4 down residency:  99.52%
CPU 5 frequency: 0 MHz
CPU 5 active residency:   0.00% (1260 MHz:   0% 1512 MHz:   0% 1800 MHz:   0% 2088 MHz:   0% 2352 MHz:   0% 2616 MHz:   0% 2868 MHz:   0% 3096 MHz:   0% 3300 MHz:   0% 3468 MHz:   0% 3624 MHz:   0% 3756 MHz:   0% 3828 MHz:   0% 3888 MHz:   0% 3948 MHz:   0% 3996 MHz:   0% 4044 MHz:   0% 4104 MHz:   0% 4416 MHz:   0% 4512 MHz:   0%)
CPU 5 idle residency:   0.48%
CPU 5 down residency:  99.52%
CPU 6 frequency: 0 MHz
CPU 6 active residency:   0.00% (1260 MHz:   0% 1512 MHz:   0% 1800 MHz:   0% 2088 MHz:   0% 2352 MHz:   0% 2616 MHz:   0% 2868 MHz:   0% 3096 MHz:   0% 3300 MHz:   0% 3468 MHz:   0% 3624 MHz:   0% 3756 MHz:   0% 3828 MHz:   0% 3888 MHz:   0% 3948 MHz:   0% 3996 MHz:   0% 4044 MHz:   0% 4104 MHz:   0% 4416 MHz:   0% 4512 MHz:   0%)
CPU 6 idle residency:   0.48%
CPU 6 down residency:  99.52%
CPU 7 frequency: 0 MHz
CPU 7 active residency:   0.00% (1260 MHz:   0% 1512 MHz:   0% 1800 MHz:   0% 2088 MHz:   0% 2352 MHz:   0% 2616 MHz:   0% 2868 MHz:   0% 3096 MHz:   0% 3300 MHz:   0% 3468 MHz:   0% 3624 MHz:   0% 3756 MHz:   0% 3828 MHz:   0% 3888 MHz:   0% 3948 MHz:   0% 3996 MHz:   0% 4044 MHz:   0% 4104 MHz:   0% 4416 MHz:   0% 4512 MHz:   0%)
CPU 7 idle residency:   0.48%
CPU 7 down residency:  99.52%
CPU 8 frequency: 0 MHz
CPU 8 active residency:   0.00% (1260 MHz:   0% 1512 MHz:   0% 1800 MHz:   0% 2088 MHz:   0% 2352 MHz:   0% 2616 MHz:   0% 2868 MHz:   0% 3096 MHz:   0% 3300 MHz:   0% 3468 MHz:   0% 3624 MHz:   0% 3756 MHz:   0% 3828 MHz:   0% 3888 MHz:   0% 3948 MHz:   0% 3996 MHz:   0% 4044 MHz:   0% 4104 MHz:   0% 4416 MHz:   0% 4512 MHz:   0%)
CPU 8 idle residency:   0.48%
CPU 8 down residency:  99.52%
CPU 9 frequency: 0 MHz
CPU 9 active residency:   0.00% (1260 MHz:   0% 1512 MHz:   0% 1800 MHz:   0% 2088 MHz:   0% 2352 MHz:   0% 2616 MHz:   0% 2868 MHz:   0% 3096 MHz:   0% 3300 MHz:   0% 3468 MHz:   0% 3624 MHz:   0% 3756 MHz:   0% 3828 MHz:   0% 3888 MHz:   0% 3948 MHz:   0% 3996 MHz:   0% 4044 MHz:   0% 4104 MHz:   0% 4416 MHz:   0% 4512 MHz:   0%)
CPU 9 idle residency:   0.48%
CPU 9 down residency:  99.52%

P1-Cluster HW active frequency: 3208 MHz
P1-Cluster HW active residency:  96.36% (1260 MHz: .43% 1512 MHz: .01% 1800 MHz: .18% 2088 MHz: 3.3% 2352 MHz: 5.7% 2616 MHz: 8.6% 2868 MHz:  32% 3096 MHz:  10% 3300 MHz: .39% 3468 MHz: .39% 3624 MHz: .39% 3756 MHz: .39% 3828 MHz:   0% 3888 MHz: 2.7% 3948 MHz:  22% 3996 MHz: 4.2% 4044 MHz: 6.1% 4104 MHz:   0% 4416 MHz:   0% 4512 MHz:   0%)
P1-Cluster idle residency:   3.64%
P1-Cluster down residency:   0.00%
CPU 10 frequency: 3875 MHz
CPU 10 active residency:  29.57% (1260 MHz: .01% 1512 MHz:   0% 1800 MHz: .00% 2088 MHz: .00% 2352 MHz: .25% 2616 MHz: 2.3% 2868 MHz: 6.7% 3096 MHz: 1.5% 3300 MHz: .35% 3468 MHz: .05% 3624 MHz: .02% 3756 MHz: .13% 3828 MHz:   0% 3888 MHz: .00% 3948 MHz:   0% 3996 MHz:   0% 4044 MHz: .00% 4104 MHz: .00% 4416 MHz: .07% 4512 MHz:  18%)
CPU 10 idle residency:  70.43%
CPU 10 down residency:   0.00%
CPU 11 frequency: 3495 MHz
CPU 11 active residency:  36.75% (1260 MHz: .03% 1512 MHz:   0% 1800 MHz: .13% 2088 MHz: 2.5% 2352 MHz: 3.5% 2616 MHz: 6.7% 2868 MHz: 5.8% 3096 MHz: .86% 3300 MHz: .03% 3468 MHz: .00% 3624 MHz:   0% 3756 MHz: .02% 3828 MHz:   0% 3888 MHz:   0% 3948 MHz:   0% 3996 MHz:   0% 4044 MHz: .00% 4104 MHz:   0% 4416 MHz: .02% 4512 MHz:  17%)
CPU 11 idle residency:  63.25%
CPU 11 down residency:   0.00%
CPU 12 frequency: 3409 MHz
CPU 12 active residency:  42.96% (1260 MHz: .05% 1512 MHz:   0% 1800 MHz: .02% 2088 MHz: .01% 2352 MHz: .01% 2616 MHz: .21% 2868 MHz:  21% 3096 MHz: 6.8% 3300 MHz: .39% 3468 MHz: .39% 3624 MHz: .39% 3756 MHz: .39% 3828 MHz:   0% 3888 MHz: .38% 3948 MHz:   0% 3996 MHz:   0% 4044 MHz: .39% 4104 MHz: .39% 4416 MHz: .39% 4512 MHz:  11%)
CPU 12 idle residency:  57.04%
CPU 12 down residency:   0.00%
CPU 13 frequency: 3598 MHz
CPU 13 active residency:  35.87% (1260 MHz: .02% 1512 MHz:   0% 1800 MHz: .15% 2088 MHz: 1.9% 2352 MHz: 3.1% 2616 MHz: 6.0% 2868 MHz: 4.5% 3096 MHz: 1.6% 3300 MHz: .03% 3468 MHz:   0% 3624 MHz:   0% 3756 MHz:   0% 3828 MHz:   0% 3888 MHz:   0% 3948 MHz:   0% 3996 MHz:   0% 4044 MHz:   0% 4104 MHz:   0% 4416 MHz: .01% 4512 MHz:  19%)
CPU 13 idle residency:  64.13%
CPU 13 down residency:   0.00%
CPU 14 frequency: 3564 MHz
CPU 14 active residency:  44.38% (1260 MHz: .05% 1512 MHz:   0% 1800 MHz: .03% 2088 MHz: .12% 2352 MHz: .09% 2616 MHz: .19% 2868 MHz:  20% 3096 MHz: 5.0% 3300 MHz: .28% 3468 MHz: .06% 3624 MHz: .32% 3756 MHz: .33% 3828 MHz:   0% 3888 MHz: .05% 3948 MHz:   0% 3996 MHz:   0% 4044 MHz: .17% 4104 MHz: .07% 4416 MHz: .16% 4512 MHz:  18%)
CPU 14 idle residency:  55.62%
CPU 14 down residency:   0.00%
CPU 15 frequency: 3313 MHz
CPU 15 active residency:  60.08% (1260 MHz: .08% 1512 MHz: .00% 1800 MHz: .13% 2088 MHz: 2.2% 2352 MHz: 3.4% 2616 MHz: 5.1% 2868 MHz:  23% 3096 MHz: 6.8% 3300 MHz: .24% 3468 MHz: .21% 3624 MHz: .31% 3756 MHz: .35% 3828 MHz:   0% 3888 MHz: .10% 3948 MHz:   0% 3996 MHz:   0% 4044 MHz: .07% 4104 MHz: .09% 4416 MHz: .05% 4512 MHz:  18%)
CPU 15 idle residency:  39.92%
CPU 15 down residency:   0.00%

CPU Power: 3695 mW
GPU Power: 32288 mW
ANE Power: 0 mW
Combined Power (CPU + GPU + ANE): 35984 mW

**** GPU usage ****

GPU HW active frequency: 1578 MHz
GPU HW active residency: 100.00% (338 MHz:   0% 618 MHz:   0% 796 MHz:   0% 924 MHz:   0% 952 MHz:   0% 1056 MHz:   0% 1062 MHz:   0% 1182 MHz:   0% 1182 MHz:   0% 1312 MHz:   0% 1242 MHz:   0% 1380 MHz:   0% 1326 MHz:   0% 1470 MHz:   0% 1578 MHz: 100%)
GPU SW requested state: (P1 :   0% P2 :   0% P3 :   0% P4 :   0% P5 :   0% P6 :   0% P7 :   0% P8 :   0% P9 :   0% P10 : 100% P11 :   0% P12 :   0% P13 :   0% P14 :   0% P15 :   0%)
GPU SW state: (SW_P1 :   0% SW_P2 :   0% SW_P3 :   0% SW_P4 :   0% SW_P5 :   0% SW_P6 :   0% SW_P7 :   0% SW_P8 :   0% SW_P9 :   0% SW_P10 : 100% SW_P11 :   0% SW_P12 :   0% SW_P13 :   0% SW_P14 :   0% SW_P15 :   0%)
GPU idle residency:   0.00%
GPU Power: 32288 mW



*** Sampled system activity (Tue Jan 20 15:15:34 2026 +0100) (1021.25ms elapsed) ***


**** Processor usage ****

E-Cluster Online: 100%
E-Cluster HW active frequency: 1400 MHz
E-Cluster HW active residency:  60.85% (1020 MHz:  35% 1404 MHz: 8.1% 1788 MHz: 7.2% 2112 MHz: 2.4% 2352 MHz: 2.1% 2532 MHz: 1.9% 2592 MHz: 4.0%)
E-Cluster idle residency:  39.15%
E-Cluster down residency:   0.00%
CPU 0 frequency: 1414 MHz
CPU 0 active residency:  32.31% (1020 MHz:  18% 1404 MHz: 4.9% 1788 MHz: 4.0% 2112 MHz: 1.1% 2352 MHz: 1.2% 2532 MHz: 1.0% 2592 MHz: 2.3%)
CPU 0 idle residency:  67.69%
CPU 0 down residency:   0.00%
CPU 1 frequency: 1416 MHz
CPU 1 active residency:  19.33% (1020 MHz:  11% 1404 MHz: 2.1% 1788 MHz: 2.4% 2112 MHz: 1.1% 2352 MHz: .83% 2532 MHz: .57% 2592 MHz: 1.2%)
CPU 1 idle residency:  80.67%
CPU 1 down residency:   0.00%
CPU 2 frequency: 1407 MHz
CPU 2 active residency:  10.03% (1020 MHz: 5.9% 1404 MHz: 1.1% 1788 MHz: 1.3% 2112 MHz: .33% 2352 MHz: .46% 2532 MHz: .36% 2592 MHz: .62%)
CPU 2 idle residency:  89.97%
CPU 2 down residency:   0.00%
CPU 3 frequency: 1459 MHz
CPU 3 active residency:   8.11% (1020 MHz: 4.5% 1404 MHz: .81% 1788 MHz: 1.1% 2112 MHz: .09% 2352 MHz: .65% 2532 MHz: .61% 2592 MHz: .31%)
CPU 3 idle residency:  91.89%
CPU 3 down residency:   0.00%

P0-Cluster Online: 18%
P0-Cluster HW active frequency: 3002 MHz
P0-Cluster HW active residency:   6.47% (1260 MHz: 1.4% 1512 MHz:   0% 1800 MHz: .27% 2088 MHz: .10% 2352 MHz: .02% 2616 MHz: .05% 2868 MHz: .40% 3096 MHz: .77% 3300 MHz: .58% 3468 MHz: .55% 3624 MHz:   0% 3756 MHz:   0% 3828 MHz:   0% 3888 MHz: .02% 3948 MHz: .14% 3996 MHz: .95% 4044 MHz: .67% 4104 MHz: .14% 4416 MHz: .30% 4512 MHz: .08%)
P0-Cluster idle residency:  10.96%
P0-Cluster down residency:  82.58%
CPU 4 frequency: 0 MHz
CPU 4 active residency:   0.00% (1260 MHz:   0% 1512 MHz:   0% 1800 MHz:   0% 2088 MHz:   0% 2352 MHz:   0% 2616 MHz:   0% 2868 MHz:   0% 3096 MHz:   0% 3300 MHz:   0% 3468 MHz:   0% 3624 MHz:   0% 3756 MHz:   0% 3828 MHz:   0% 3888 MHz:   0% 3948 MHz:   0% 3996 MHz:   0% 4044 MHz:   0% 4104 MHz:   0% 4416 MHz:   0% 4512 MHz:   0%)
CPU 4 idle residency:  15.50%
CPU 4 down residency:  84.50%
CPU 5 frequency: 0 MHz
CPU 5 active residency:   0.00% (1260 MHz:   0% 1512 MHz:   0% 1800 MHz:   0% 2088 MHz:   0% 2352 MHz:   0% 2616 MHz:   0% 2868 MHz:   0% 3096 MHz:   0% 3300 MHz:   0% 3468 MHz:   0% 3624 MHz:   0% 3756 MHz:   0% 3828 MHz:   0% 3888 MHz:   0% 3948 MHz:   0% 3996 MHz:   0% 4044 MHz:   0% 4104 MHz:   0% 4416 MHz:   0% 4512 MHz:   0%)
CPU 5 idle residency:  17.24%
CPU 5 down residency:  82.76%
CPU 6 frequency: 0 MHz
CPU 6 active residency:   0.00% (1260 MHz:   0% 1512 MHz:   0% 1800 MHz:   0% 2088 MHz:   0% 2352 MHz:   0% 2616 MHz:   0% 2868 MHz:   0% 3096 MHz:   0% 3300 MHz:   0% 3468 MHz:   0% 3624 MHz:   0% 3756 MHz:   0% 3828 MHz:   0% 3888 MHz:   0% 3948 MHz:   0% 3996 MHz:   0% 4044 MHz:   0% 4104 MHz:   0% 4416 MHz:   0% 4512 MHz:   0%)
CPU 6 idle residency:  15.97%
CPU 6 down residency:  84.03%
CPU 7 frequency: 0 MHz
CPU 7 active residency:   0.00% (1260 MHz:   0% 1512 MHz:   0% 1800 MHz:   0% 2088 MHz:   0% 2352 MHz:   0% 2616 MHz:   0% 2868 MHz:   0% 3096 MHz:   0% 3300 MHz:   0% 3468 MHz:   0% 3624 MHz:   0% 3756 MHz:   0% 3828 MHz:   0% 3888 MHz:   0% 3948 MHz:   0% 3996 MHz:   0% 4044 MHz:   0% 4104 MHz:   0% 4416 MHz:   0% 4512 MHz:   0%)
CPU 7 idle residency:  17.27%
CPU 7 down residency:  82.73%
CPU 8 frequency: 0 MHz
CPU 8 active residency:   0.00% (1260 MHz:   0% 1512 MHz:   0% 1800 MHz:   0% 2088 MHz:   0% 2352 MHz:   0% 2616 MHz:   0% 2868 MHz:   0% 3096 MHz:   0% 3300 MHz:   0% 3468 MHz:   0% 3624 MHz:   0% 3756 MHz:   0% 3828 MHz:   0% 3888 MHz:   0% 3948 MHz:   0% 3996 MHz:   0% 4044 MHz:   0% 4104 MHz:   0% 4416 MHz:   0% 4512 MHz:   0%)
CPU 8 idle residency:  16.48%
CPU 8 down residency:  83.52%
CPU 9 frequency: 0 MHz
CPU 9 active residency:   0.00% (1260 MHz:   0% 1512 MHz:   0% 1800 MHz:   0% 2088 MHz:   0% 2352 MHz:   0% 2616 MHz:   0% 2868 MHz:   0% 3096 MHz:   0% 3300 MHz:   0% 3468 MHz:   0% 3624 MHz:   0% 3756 MHz:   0% 3828 MHz:   0% 3888 MHz:   0% 3948 MHz:   0% 3996 MHz:   0% 4044 MHz:   0% 4104 MHz:   0% 4416 MHz:   0% 4512 MHz:   0%)
CPU 9 idle residency:  14.51%
CPU 9 down residency:  85.49%

P1-Cluster HW active frequency: 3437 MHz
P1-Cluster HW active residency:  97.41% (1260 MHz: .40% 1512 MHz: .02% 1800 MHz: .04% 2088 MHz: .02% 2352 MHz: .67% 2616 MHz:  19% 2868 MHz:  11% 3096 MHz: .78% 3300 MHz: 7.8% 3468 MHz: 7.0% 3624 MHz: 4.0% 3756 MHz: 4.7% 3828 MHz: 3.4% 3888 MHz: 6.0% 3948 MHz:  24% 3996 MHz: 3.9% 4044 MHz: 5.3% 4104 MHz:   0% 4416 MHz:   0% 4512 MHz:   0%)
P1-Cluster idle residency:   2.59%
P1-Cluster down residency:   0.00%
CPU 10 frequency: 3538 MHz
CPU 10 active residency:  62.42% (1260 MHz: .06% 1512 MHz: .00% 1800 MHz: .01% 2088 MHz: .01% 2352 MHz: .39% 2616 MHz:  15% 2868 MHz: 7.8% 3096 MHz: .76% 3300 MHz: 4.9% 3468 MHz: 3.5% 3624 MHz: 2.2% 3756 MHz: 3.4% 3828 MHz: 1.8% 3888 MHz: .79% 3948 MHz: 1.4% 3996 MHz: .23% 4044 MHz:   0% 4104 MHz: .32% 4416 MHz: .38% 4512 MHz:  19%)
CPU 10 idle residency:  37.58%
CPU 10 down residency:   0.00%
CPU 11 frequency: 3614 MHz
CPU 11 active residency:  52.81% (1260 MHz: .05% 1512 MHz:   0% 1800 MHz: .02% 2088 MHz: .00% 2352 MHz: .56% 2616 MHz:  13% 2868 MHz: 6.9% 3096 MHz: .76% 3300 MHz: 1.4% 3468 MHz: 1.7% 3624 MHz: 2.0% 3756 MHz: 1.9% 3828 MHz: 2.0% 3888 MHz: .76% 3948 MHz: 1.2% 3996 MHz: .13% 4044 MHz:   0% 4104 MHz: .29% 4416 MHz: .26% 4512 MHz:  20%)
CPU 11 idle residency:  47.19%
CPU 11 down residency:   0.00%
CPU 12 frequency: 3567 MHz
CPU 12 active residency:  56.08% (1260 MHz: .07% 1512 MHz: .00% 1800 MHz: .03% 2088 MHz:   0% 2352 MHz: .40% 2616 MHz:  13% 2868 MHz: 4.5% 3096 MHz: .78% 3300 MHz: 6.7% 3468 MHz: 5.0% 3624 MHz: 1.4% 3756 MHz: 3.1% 3828 MHz: 1.3% 3888 MHz: .11% 3948 MHz: .62% 3996 MHz: .02% 4044 MHz:   0% 4104 MHz: .21% 4416 MHz: .09% 4512 MHz:  19%)
CPU 12 idle residency:  43.92%
CPU 12 down residency:   0.00%
CPU 13 frequency: 3811 MHz
CPU 13 active residency:  37.99% (1260 MHz: .00% 1512 MHz: .01% 1800 MHz: .02% 2088 MHz: .00% 2352 MHz: .00% 2616 MHz: .83% 2868 MHz: 3.4% 3096 MHz: .75% 3300 MHz: 6.6% 3468 MHz: 4.5% 3624 MHz: 1.6% 3756 MHz: 2.1% 3828 MHz: 1.4% 3888 MHz: .96% 3948 MHz: 1.5% 3996 MHz: .09% 4044 MHz:   0% 4104 MHz: .39% 4416 MHz: .39% 4512 MHz:  13%)
CPU 13 idle residency:  62.01%
CPU 13 down residency:   0.00%
CPU 14 frequency: 3969 MHz
CPU 14 active residency:  42.83% (1260 MHz: .02% 1512 MHz: .00% 1800 MHz: .02% 2088 MHz:   0% 2352 MHz: .00% 2616 MHz: 3.2% 2868 MHz: .77% 3096 MHz: .72% 3300 MHz: 5.4% 3468 MHz: 3.9% 3624 MHz: .89% 3756 MHz: 1.9% 3828 MHz: 2.4% 3888 MHz: .25% 3948 MHz: .33% 3996 MHz: .02% 4044 MHz:   0% 4104 MHz: .03% 4416 MHz: .17% 4512 MHz:  23%)
CPU 14 idle residency:  57.17%
CPU 14 down residency:   0.00%
CPU 15 frequency: 4077 MHz
CPU 15 active residency:  32.55% (1260 MHz: .01% 1512 MHz:   0% 1800 MHz: .00% 2088 MHz:   0% 2352 MHz:   0% 2616 MHz: .01% 2868 MHz: 3.5% 3096 MHz: .77% 3300 MHz: .92% 3468 MHz: .66% 3624 MHz: 2.0% 3756 MHz: 2.4% 3828 MHz: 1.3% 3888 MHz: .31% 3948 MHz: 1.2% 3996 MHz: .19% 4044 MHz:   0% 4104 MHz:   0% 4416 MHz: .12% 4512 MHz:  19%)
CPU 15 idle residency:  67.45%
CPU 15 down residency:   0.00%

CPU Power: 4627 mW
GPU Power: 32587 mW
ANE Power: 0 mW
Combined Power (CPU + GPU + ANE): 37213 mW

**** GPU usage ****

GPU HW active frequency: 1578 MHz
GPU HW active residency: 100.00% (338 MHz:   0% 618 MHz:   0% 796 MHz:   0% 924 MHz:   0% 952 MHz:   0% 1056 MHz:   0% 1062 MHz:   0% 1182 MHz:   0% 1182 MHz:   0% 1312 MHz:   0% 1242 MHz:   0% 1380 MHz:   0% 1326 MHz:   0% 1470 MHz:   0% 1578 MHz: 100%)
GPU SW requested state: (P1 :   0% P2 :   0% P3 :   0% P4 :   0% P5 :   0% P6 :   0% P7 :   0% P8 :   0% P9 :   0% P10 : 100% P11 :   0% P12 :   0% P13 :   0% P14 :   0% P15 :   0%)
GPU SW state: (SW_P1 :   0% SW_P2 :   0% SW_P3 :   0% SW_P4 :   0% SW_P5 :   0% SW_P6 :   0% SW_P7 :   0% SW_P8 :   0% SW_P9 :   0% SW_P10 : 100% SW_P11 :   0% SW_P12 :   0% SW_P13 :   0% SW_P14 :   0% SW_P15 :   0%)
GPU idle residency:   0.00%
GPU Power: 32587 mW



*** Sampled system activity (Tue Jan 20 15:15:35 2026 +0100) (1021.61ms elapsed) ***


**** Processor usage ****

E-Cluster Online: 100%
E-Cluster HW active frequency: 1393 MHz
E-Cluster HW active residency:  56.70% (1020 MHz:  33% 1404 MHz: 7.0% 1788 MHz: 8.7% 2112 MHz: 1.9% 2352 MHz: 1.0% 2532 MHz: 1.4% 2592 MHz: 4.0%)
E-Cluster idle residency:  43.30%
E-Cluster down residency:   0.00%
CPU 0 frequency: 1416 MHz
CPU 0 active residency:  26.59% (1020 MHz:  15% 1404 MHz: 3.0% 1788 MHz: 4.4% 2112 MHz: 1.0% 2352 MHz: .36% 2532 MHz: .77% 2592 MHz: 2.1%)
CPU 0 idle residency:  73.41%
CPU 0 down residency:   0.00%
CPU 1 frequency: 1434 MHz
CPU 1 active residency:  15.65% (1020 MHz: 8.5% 1404 MHz: 1.9% 1788 MHz: 2.8% 2112 MHz: .35% 2352 MHz: .18% 2532 MHz: .37% 2592 MHz: 1.6%)
CPU 1 idle residency:  84.35%
CPU 1 down residency:   0.00%
CPU 2 frequency: 1494 MHz
CPU 2 active residency:  11.62% (1020 MHz: 5.0% 1404 MHz: 1.4% 1788 MHz: 3.8% 2112 MHz: .18% 2352 MHz: .31% 2532 MHz: .20% 2592 MHz: .72%)
CPU 2 idle residency:  88.38%
CPU 2 down residency:   0.00%
CPU 3 frequency: 1470 MHz
CPU 3 active residency:   5.67% (1020 MHz: 2.6% 1404 MHz: .68% 1788 MHz: 1.7% 2112 MHz: .18% 2352 MHz: .05% 2532 MHz: .08% 2592 MHz: .41%)
CPU 3 idle residency:  94.33%
CPU 3 down residency:   0.00%

P0-Cluster Online: 4%
P0-Cluster HW active frequency: 1260 MHz
P0-Cluster HW active residency:   0.48% (1260 MHz: .48% 1512 MHz:   0% 1800 MHz:   0% 2088 MHz:   0% 2352 MHz:   0% 2616 MHz:   0% 2868 MHz:   0% 3096 MHz:   0% 3300 MHz:   0% 3468 MHz:   0% 3624 MHz:   0% 3756 MHz:   0% 3828 MHz:   0% 3888 MHz:   0% 3948 MHz:   0% 3996 MHz:   0% 4044 MHz:   0% 4104 MHz:   0% 4416 MHz:   0% 4512 MHz:   0%)
P0-Cluster idle residency:   2.51%
P0-Cluster down residency:  97.01%
CPU 4 frequency: 0 MHz
CPU 4 active residency:   0.00% (1260 MHz:   0% 1512 MHz:   0% 1800 MHz:   0% 2088 MHz:   0% 2352 MHz:   0% 2616 MHz:   0% 2868 MHz:   0% 3096 MHz:   0% 3300 MHz:   0% 3468 MHz:   0% 3624 MHz:   0% 3756 MHz:   0% 3828 MHz:   0% 3888 MHz:   0% 3948 MHz:   0% 3996 MHz:   0% 4044 MHz:   0% 4104 MHz:   0% 4416 MHz:   0% 4512 MHz:   0%)
CPU 4 idle residency:   2.87%
CPU 4 down residency:  97.13%
CPU 5 frequency: 0 MHz
CPU 5 active residency:   0.00% (1260 MHz:   0% 1512 MHz:   0% 1800 MHz:   0% 2088 MHz:   0% 2352 MHz:   0% 2616 MHz:   0% 2868 MHz:   0% 3096 MHz:   0% 3300 MHz:   0% 3468 MHz:   0% 3624 MHz:   0% 3756 MHz:   0% 3828 MHz:   0% 3888 MHz:   0% 3948 MHz:   0% 3996 MHz:   0% 4044 MHz:   0% 4104 MHz:   0% 4416 MHz:   0% 4512 MHz:   0%)
CPU 5 idle residency:   2.87%
CPU 5 down residency:  97.13%
CPU 6 frequency: 0 MHz
CPU 6 active residency:   0.00% (1260 MHz:   0% 1512 MHz:   0% 1800 MHz:   0% 2088 MHz:   0% 2352 MHz:   0% 2616 MHz:   0% 2868 MHz:   0% 3096 MHz:   0% 3300 MHz:   0% 3468 MHz:   0% 3624 MHz:   0% 3756 MHz:   0% 3828 MHz:   0% 3888 MHz:   0% 3948 MHz:   0% 3996 MHz:   0% 4044 MHz:   0% 4104 MHz:   0% 4416 MHz:   0% 4512 MHz:   0%)
CPU 6 idle residency:   2.87%
CPU 6 down residency:  97.13%
CPU 7 frequency: 0 MHz
CPU 7 active residency:   0.00% (1260 MHz:   0% 1512 MHz:   0% 1800 MHz:   0% 2088 MHz:   0% 2352 MHz:   0% 2616 MHz:   0% 2868 MHz:   0% 3096 MHz:   0% 3300 MHz:   0% 3468 MHz:   0% 3624 MHz:   0% 3756 MHz:   0% 3828 MHz:   0% 3888 MHz:   0% 3948 MHz:   0% 3996 MHz:   0% 4044 MHz:   0% 4104 MHz:   0% 4416 MHz:   0% 4512 MHz:   0%)
CPU 7 idle residency:   2.87%
CPU 7 down residency:  97.13%
CPU 8 frequency: 0 MHz
CPU 8 active residency:   0.00% (1260 MHz:   0% 1512 MHz:   0% 1800 MHz:   0% 2088 MHz:   0% 2352 MHz:   0% 2616 MHz:   0% 2868 MHz:   0% 3096 MHz:   0% 3300 MHz:   0% 3468 MHz:   0% 3624 MHz:   0% 3756 MHz:   0% 3828 MHz:   0% 3888 MHz:   0% 3948 MHz:   0% 3996 MHz:   0% 4044 MHz:   0% 4104 MHz:   0% 4416 MHz:   0% 4512 MHz:   0%)
CPU 8 idle residency:   2.87%
CPU 8 down residency:  97.13%
CPU 9 frequency: 0 MHz
CPU 9 active residency:   0.00% (1260 MHz:   0% 1512 MHz:   0% 1800 MHz:   0% 2088 MHz:   0% 2352 MHz:   0% 2616 MHz:   0% 2868 MHz:   0% 3096 MHz:   0% 3300 MHz:   0% 3468 MHz:   0% 3624 MHz:   0% 3756 MHz:   0% 3828 MHz:   0% 3888 MHz:   0% 3948 MHz:   0% 3996 MHz:   0% 4044 MHz:   0% 4104 MHz:   0% 4416 MHz:   0% 4512 MHz:   0%)
CPU 9 idle residency:   2.87%
CPU 9 down residency:  97.13%

P1-Cluster HW active frequency: 3305 MHz
P1-Cluster HW active residency:  96.35% (1260 MHz: .51% 1512 MHz: .01% 1800 MHz: .01% 2088 MHz: .03% 2352 MHz: .00% 2616 MHz:  15% 2868 MHz:  12% 3096 MHz:  29% 3300 MHz: 4.3% 3468 MHz: .39% 3624 MHz: .39% 3756 MHz:   0% 3828 MHz: .38% 3888 MHz: 3.2% 3948 MHz:  21% 3996 MHz: 4.4% 4044 MHz: 5.9% 4104 MHz:   0% 4416 MHz:   0% 4512 MHz:   0%)
P1-Cluster idle residency:   3.65%
P1-Cluster down residency:   0.00%
CPU 10 frequency: 3415 MHz
CPU 10 active residency:  66.22% (1260 MHz: .06% 1512 MHz: .01% 1800 MHz: .01% 2088 MHz: .01% 2352 MHz:   0% 2616 MHz:  10% 2868 MHz:  10% 3096 MHz:  22% 3300 MHz: 3.6% 3468 MHz: .35% 3624 MHz: .20% 3756 MHz:   0% 3828 MHz: .30% 3888 MHz:   0% 3948 MHz: .34% 3996 MHz:   0% 4044 MHz:   0% 4104 MHz: .30% 4416 MHz: .31% 4512 MHz:  19%)
CPU 10 idle residency:  33.78%
CPU 10 down residency:   0.00%
CPU 11 frequency: 3541 MHz
CPU 11 active residency:  45.21% (1260 MHz: .06% 1512 MHz: .00% 1800 MHz: .01% 2088 MHz: .03% 2352 MHz: .00% 2616 MHz: .65% 2868 MHz: 5.3% 3096 MHz:  20% 3300 MHz: 3.3% 3468 MHz: .39% 3624 MHz: .39% 3756 MHz:   0% 3828 MHz: .38% 3888 MHz:   0% 3948 MHz: .39% 3996 MHz:   0% 4044 MHz:   0% 4104 MHz: .39% 4416 MHz: .38% 4512 MHz:  14%)
CPU 11 idle residency:  54.79%
CPU 11 down residency:   0.00%
CPU 12 frequency: 3406 MHz
CPU 12 active residency:  62.35% (1260 MHz: .08% 1512 MHz: .00% 1800 MHz: .00% 2088 MHz: .00% 2352 MHz: .00% 2616 MHz:  11% 2868 MHz: 9.1% 3096 MHz:  20% 3300 MHz: 3.1% 3468 MHz: .32% 3624 MHz: .09% 3756 MHz:   0% 3828 MHz: .30% 3888 MHz:   0% 3948 MHz: .32% 3996 MHz:   0% 4044 MHz:   0% 4104 MHz: .27% 4416 MHz: .33% 4512 MHz:  17%)
CPU 12 idle residency:  37.65%
CPU 12 down residency:   0.00%
CPU 13 frequency: 4028 MHz
CPU 13 active residency:  26.31% (1260 MHz: .01% 1512 MHz:   0% 1800 MHz:   0% 2088 MHz: .00% 2352 MHz:   0% 2616 MHz: .91% 2868 MHz: 1.9% 3096 MHz: 4.7% 3300 MHz: .60% 3468 MHz: .31% 3624 MHz: .03% 3756 MHz:   0% 3828 MHz: .02% 3888 MHz:   0% 3948 MHz: .08% 3996 MHz:   0% 4044 MHz:   0% 4104 MHz:   0% 4416 MHz: .19% 4512 MHz:  18%)
CPU 13 idle residency:  73.69%
CPU 13 down residency:   0.00%
CPU 14 frequency: 3534 MHz
CPU 14 active residency:  37.01% (1260 MHz: .06% 1512 MHz:   0% 1800 MHz:   0% 2088 MHz:   0% 2352 MHz:   0% 2616 MHz:  10% 2868 MHz: 7.9% 3096 MHz: 2.7% 3300 MHz: .08% 3468 MHz: .00% 3624 MHz: .00% 3756 MHz:   0% 3828 MHz:   0% 3888 MHz:   0% 3948 MHz: .25% 3996 MHz:   0% 4044 MHz:   0% 4104 MHz: .17% 4416 MHz: .02% 4512 MHz:  16%)
CPU 14 idle residency:  62.99%
CPU 14 down residency:   0.00%
CPU 15 frequency: 4380 MHz
CPU 15 active residency:  17.63% (1260 MHz:   0% 1512 MHz:   0% 1800 MHz:   0% 2088 MHz:   0% 2352 MHz:   0% 2616 MHz: .58% 2868 MHz: .41% 3096 MHz: .33% 3300 MHz: .04% 3468 MHz: .00% 3624 MHz: .01% 3756 MHz:   0% 3828 MHz: .01% 3888 MHz:   0% 3948 MHz: .06% 3996 MHz:   0% 4044 MHz:   0% 4104 MHz:   0% 4416 MHz:   0% 4512 MHz:  16%)
CPU 15 idle residency:  82.37%
CPU 15 down residency:   0.00%

CPU Power: 3815 mW
GPU Power: 32502 mW
ANE Power: 0 mW
Combined Power (CPU + GPU + ANE): 36316 mW

**** GPU usage ****

GPU HW active frequency: 1578 MHz
GPU HW active residency: 100.00% (338 MHz:   0% 618 MHz:   0% 796 MHz:   0% 924 MHz:   0% 952 MHz:   0% 1056 MHz:   0% 1062 MHz:   0% 1182 MHz:   0% 1182 MHz:   0% 1312 MHz:   0% 1242 MHz:   0% 1380 MHz:   0% 1326 MHz:   0% 1470 MHz:   0% 1578 MHz: 100%)
GPU SW requested state: (P1 :   0% P2 :   0% P3 :   0% P4 :   0% P5 :   0% P6 :   0% P7 :   0% P8 :   0% P9 :   0% P10 : 100% P11 :   0% P12 :   0% P13 :   0% P14 :   0% P15 :   0%)
GPU SW state: (SW_P1 :   0% SW_P2 :   0% SW_P3 :   0% SW_P4 :   0% SW_P5 :   0% SW_P6 :   0% SW_P7 :   0% SW_P8 :   0% SW_P9 :   0% SW_P10 : 100% SW_P11 :   0% SW_P12 :   0% SW_P13 :   0% SW_P14 :   0% SW_P15 :   0%)
GPU idle residency:   0.00%
GPU Power: 32236 mW



*** Sampled system activity (Tue Jan 20 15:15:36 2026 +0100) (1021.07ms elapsed) ***


**** Processor usage ****

E-Cluster Online: 100%
E-Cluster HW active frequency: 1421 MHz
E-Cluster HW active residency:  61.39% (1020 MHz:  37% 1404 MHz: 6.6% 1788 MHz: 5.4% 2112 MHz: 2.9% 2352 MHz: .97% 2532 MHz: 1.6% 2592 MHz: 7.0%)
E-Cluster idle residency:  38.61%
E-Cluster down residency:   0.00%
CPU 0 frequency: 1412 MHz
CPU 0 active residency:  30.58% (1020 MHz:  18% 1404 MHz: 3.4% 1788 MHz: 3.0% 2112 MHz: 1.7% 2352 MHz: .60% 2532 MHz: .83% 2592 MHz: 2.9%)
CPU 0 idle residency:  69.42%
CPU 0 down residency:   0.00%
CPU 1 frequency: 1444 MHz
CPU 1 active residency:  21.79% (1020 MHz:  12% 1404 MHz: 2.4% 1788 MHz: 2.2% 2112 MHz: 1.6% 2352 MHz: .25% 2532 MHz: .91% 2592 MHz: 2.0%)
CPU 1 idle residency:  78.21%
CPU 1 down residency:   0.00%
CPU 2 frequency: 1550 MHz
CPU 2 active residency:  13.41% (1020 MHz: 6.8% 1404 MHz: 1.1% 1788 MHz: 2.0% 2112 MHz: .59% 2352 MHz: .13% 2532 MHz: .36% 2592 MHz: 2.4%)
CPU 2 idle residency:  86.59%
CPU 2 down residency:   0.00%
CPU 3 frequency: 1443 MHz
CPU 3 active residency:   7.88% (1020 MHz: 4.5% 1404 MHz: .73% 1788 MHz: 1.0% 2112 MHz: .41% 2352 MHz: .28% 2532 MHz: .05% 2592 MHz: .87%)
CPU 3 idle residency:  92.12%
CPU 3 down residency:   0.00%

P0-Cluster Online: 4%
P0-Cluster HW active frequency: 2376 MHz
P0-Cluster HW active residency:   1.42% (1260 MHz: .62% 1512 MHz:   0% 1800 MHz: .15% 2088 MHz:   0% 2352 MHz: .10% 2616 MHz: .04% 2868 MHz: .06% 3096 MHz:   0% 3300 MHz:   0% 3468 MHz:   0% 3624 MHz:   0% 3756 MHz:   0% 3828 MHz:   0% 3888 MHz: .01% 3948 MHz: .01% 3996 MHz: .02% 4044 MHz: .34% 4104 MHz:   0% 4416 MHz: .01% 4512 MHz: .05%)
P0-Cluster idle residency:   2.13%
P0-Cluster down residency:  96.45%
CPU 4 frequency: 0 MHz
CPU 4 active residency:   0.00% (1260 MHz:   0% 1512 MHz:   0% 1800 MHz:   0% 2088 MHz:   0% 2352 MHz:   0% 2616 MHz:   0% 2868 MHz:   0% 3096 MHz:   0% 3300 MHz:   0% 3468 MHz:   0% 3624 MHz:   0% 3756 MHz:   0% 3828 MHz:   0% 3888 MHz:   0% 3948 MHz:   0% 3996 MHz:   0% 4044 MHz:   0% 4104 MHz:   0% 4416 MHz:   0% 4512 MHz:   0%)
CPU 4 idle residency:   3.36%
CPU 4 down residency:  96.64%
CPU 5 frequency: 0 MHz
CPU 5 active residency:   0.00% (1260 MHz:   0% 1512 MHz:   0% 1800 MHz:   0% 2088 MHz:   0% 2352 MHz:   0% 2616 MHz:   0% 2868 MHz:   0% 3096 MHz:   0% 3300 MHz:   0% 3468 MHz:   0% 3624 MHz:   0% 3756 MHz:   0% 3828 MHz:   0% 3888 MHz:   0% 3948 MHz:   0% 3996 MHz:   0% 4044 MHz:   0% 4104 MHz:   0% 4416 MHz:   0% 4512 MHz:   0%)
CPU 5 idle residency:   3.37%
CPU 5 down residency:  96.63%
CPU 6 frequency: 0 MHz
CPU 6 active residency:   0.00% (1260 MHz:   0% 1512 MHz:   0% 1800 MHz:   0% 2088 MHz:   0% 2352 MHz:   0% 2616 MHz:   0% 2868 MHz:   0% 3096 MHz:   0% 3300 MHz:   0% 3468 MHz:   0% 3624 MHz:   0% 3756 MHz:   0% 3828 MHz:   0% 3888 MHz:   0% 3948 MHz:   0% 3996 MHz:   0% 4044 MHz:   0% 4104 MHz:   0% 4416 MHz:   0% 4512 MHz:   0%)
CPU 6 idle residency:   3.38%
CPU 6 down residency:  96.62%
CPU 7 frequency: 0 MHz
CPU 7 active residency:   0.00% (1260 MHz:   0% 1512 MHz:   0% 1800 MHz:   0% 2088 MHz:   0% 2352 MHz:   0% 2616 MHz:   0% 2868 MHz:   0% 3096 MHz:   0% 3300 MHz:   0% 3468 MHz:   0% 3624 MHz:   0% 3756 MHz:   0% 3828 MHz:   0% 3888 MHz:   0% 3948 MHz:   0% 3996 MHz:   0% 4044 MHz:   0% 4104 MHz:   0% 4416 MHz:   0% 4512 MHz:   0%)
CPU 7 idle residency:   3.39%
CPU 7 down residency:  96.61%
CPU 8 frequency: 0 MHz
CPU 8 active residency:   0.00% (1260 MHz:   0% 1512 MHz:   0% 1800 MHz:   0% 2088 MHz:   0% 2352 MHz:   0% 2616 MHz:   0% 2868 MHz:   0% 3096 MHz:   0% 3300 MHz:   0% 3468 MHz:   0% 3624 MHz:   0% 3756 MHz:   0% 3828 MHz:   0% 3888 MHz:   0% 3948 MHz:   0% 3996 MHz:   0% 4044 MHz:   0% 4104 MHz:   0% 4416 MHz:   0% 4512 MHz:   0%)
CPU 8 idle residency:   3.30%
CPU 8 down residency:  96.70%
CPU 9 frequency: 0 MHz
CPU 9 active residency:   0.00% (1260 MHz:   0% 1512 MHz:   0% 1800 MHz:   0% 2088 MHz:   0% 2352 MHz:   0% 2616 MHz:   0% 2868 MHz:   0% 3096 MHz:   0% 3300 MHz:   0% 3468 MHz:   0% 3624 MHz:   0% 3756 MHz:   0% 3828 MHz:   0% 3888 MHz:   0% 3948 MHz:   0% 3996 MHz:   0% 4044 MHz:   0% 4104 MHz:   0% 4416 MHz:   0% 4512 MHz:   0%)
CPU 9 idle residency:   2.83%
CPU 9 down residency:  97.17%

P1-Cluster HW active frequency: 3204 MHz
P1-Cluster HW active residency:  96.43% (1260 MHz: .48% 1512 MHz: .03% 1800 MHz: .43% 2088 MHz: 2.6% 2352 MHz: 7.7% 2616 MHz: 6.7% 2868 MHz:  33% 3096 MHz: 7.4% 3300 MHz: .76% 3468 MHz: 2.5% 3624 MHz: .67% 3756 MHz: .39% 3828 MHz:   0% 3888 MHz: 3.4% 3948 MHz:  22% 3996 MHz: 3.6% 4044 MHz: 4.5% 4104 MHz:   0% 4416 MHz:   0% 4512 MHz:   0%)
P1-Cluster idle residency:   3.57%
P1-Cluster down residency:   0.00%
CPU 10 frequency: 3344 MHz
CPU 10 active residency:  42.97% (1260 MHz: .02% 1512 MHz: .00% 1800 MHz:   0% 2088 MHz: .25% 2352 MHz: 1.9% 2616 MHz: 1.5% 2868 MHz:  19% 3096 MHz: 4.8% 3300 MHz: .76% 3468 MHz: 2.5% 3624 MHz: .67% 3756 MHz: .39% 3828 MHz:   0% 3888 MHz:   0% 3948 MHz: .39% 3996 MHz:   0% 4044 MHz:   0% 4104 MHz: .39% 4416 MHz: .37% 4512 MHz:  10%)
CPU 10 idle residency:  57.03%
CPU 10 down residency:   0.00%
CPU 11 frequency: 3840 MHz
CPU 11 active residency:  26.74% (1260 MHz: .00% 1512 MHz:   0% 1800 MHz: .01% 2088 MHz: .09% 2352 MHz: .12% 2616 MHz: 1.4% 2868 MHz: 6.2% 3096 MHz: 1.2% 3300 MHz: .33% 3468 MHz: 1.8% 3624 MHz: .45% 3756 MHz: .04% 3828 MHz:   0% 3888 MHz:   0% 3948 MHz: .16% 3996 MHz:   0% 4044 MHz:   0% 4104 MHz: .23% 4416 MHz: .09% 4512 MHz:  15%)
CPU 11 idle residency:  73.26%
CPU 11 down residency:   0.00%
CPU 12 frequency: 3706 MHz
CPU 12 active residency:  46.29% (1260 MHz: .05% 1512 MHz:   0% 1800 MHz: .01% 2088 MHz: .00% 2352 MHz: .06% 2616 MHz: 1.0% 2868 MHz:  16% 3096 MHz: 4.0% 3300 MHz: .42% 3468 MHz: 1.4% 3624 MHz: .40% 3756 MHz: .11% 3828 MHz:   0% 3888 MHz:   0% 3948 MHz: .13% 3996 MHz:   0% 4044 MHz:   0% 4104 MHz: .26% 4416 MHz: .25% 4512 MHz:  22%)
CPU 12 idle residency:  53.71%
CPU 12 down residency:   0.00%
CPU 13 frequency: 3478 MHz
CPU 13 active residency:  45.75% (1260 MHz: .05% 1512 MHz:   0% 1800 MHz: .38% 2088 MHz: 2.0% 2352 MHz: 5.9% 2616 MHz: 4.4% 2868 MHz: 9.3% 3096 MHz: 1.4% 3300 MHz: .29% 3468 MHz: 1.8% 3624 MHz: .56% 3756 MHz: .01% 3828 MHz:   0% 3888 MHz:   0% 3948 MHz: .02% 3996 MHz:   0% 4044 MHz:   0% 4104 MHz: .21% 4416 MHz: .29% 4512 MHz:  19%)
CPU 13 idle residency:  54.25%
CPU 13 down residency:   0.00%
CPU 14 frequency: 3322 MHz
CPU 14 active residency:  60.86% (1260 MHz: .07% 1512 MHz: .03% 1800 MHz: .40% 2088 MHz: 2.0% 2352 MHz: 4.9% 2616 MHz: 4.9% 2868 MHz:  23% 3096 MHz: 5.0% 3300 MHz: .32% 3468 MHz: 1.3% 3624 MHz: .23% 3756 MHz:   0% 3828 MHz:   0% 3888 MHz:   0% 3948 MHz: .00% 3996 MHz:   0% 4044 MHz:   0% 4104 MHz: .09% 4416 MHz: .30% 4512 MHz:  19%)
CPU 14 idle residency:  39.14%
CPU 14 down residency:   0.00%
CPU 15 frequency: 3486 MHz
CPU 15 active residency:  44.16% (1260 MHz: .05% 1512 MHz:   0% 1800 MHz: .41% 2088 MHz: 2.2% 2352 MHz: 5.6% 2616 MHz: 4.1% 2868 MHz: 8.8% 3096 MHz: 1.4% 3300 MHz: .25% 3468 MHz: 1.8% 3624 MHz: .21% 3756 MHz:   0% 3828 MHz:   0% 3888 MHz:   0% 3948 MHz: .01% 3996 MHz:   0% 4044 MHz:   0% 4104 MHz:   0% 4416 MHz: .03% 4512 MHz:  19%)
CPU 15 idle residency:  55.84%
CPU 15 down residency:   0.00%

CPU Power: 3977 mW
GPU Power: 32291 mW
ANE Power: 0 mW
Combined Power (CPU + GPU + ANE): 36268 mW

**** GPU usage ****

GPU HW active frequency: 1578 MHz
GPU HW active residency: 100.00% (338 MHz:   0% 618 MHz:   0% 796 MHz:   0% 924 MHz:   0% 952 MHz:   0% 1056 MHz:   0% 1062 MHz:   0% 1182 MHz:   0% 1182 MHz:   0% 1312 MHz:   0% 1242 MHz:   0% 1380 MHz:   0% 1326 MHz:   0% 1470 MHz:   0% 1578 MHz: 100%)
GPU SW requested state: (P1 :   0% P2 :   0% P3 :   0% P4 :   0% P5 :   0% P6 :   0% P7 :   0% P8 :   0% P9 :   0% P10 : 100% P11 :   0% P12 :   0% P13 :   0% P14 :   0% P15 :   0%)
GPU SW state: (SW_P1 :   0% SW_P2 :   0% SW_P3 :   0% SW_P4 :   0% SW_P5 :   0% SW_P6 :   0% SW_P7 :   0% SW_P8 :   0% SW_P9 :   0% SW_P10 : 100% SW_P11 :   0% SW_P12 :   0% SW_P13 :   0% SW_P14 :   0% SW_P15 :   0%)
GPU idle residency:   0.00%
GPU Power: 32557 mW



*** Sampled system activity (Tue Jan 20 15:15:37 2026 +0100) (1020.25ms elapsed) ***


**** Processor usage ****

E-Cluster Online: 100%
E-Cluster HW active frequency: 1298 MHz
E-Cluster HW active residency:  57.20% (1020 MHz:  39% 1404 MHz: 6.3% 1788 MHz: 4.4% 2112 MHz: 2.3% 2352 MHz: 1.6% 2532 MHz: .74% 2592 MHz: 2.9%)
E-Cluster idle residency:  42.80%
E-Cluster down residency:   0.00%
CPU 0 frequency: 1292 MHz
CPU 0 active residency:  25.10% (1020 MHz:  18% 1404 MHz: 2.4% 1788 MHz: 1.5% 2112 MHz: .77% 2352 MHz: 1.1% 2532 MHz: .42% 2592 MHz: 1.1%)
CPU 0 idle residency:  74.90%
CPU 0 down residency:   0.00%
CPU 1 frequency: 1310 MHz
CPU 1 active residency:  14.81% (1020 MHz:  10% 1404 MHz: 1.5% 1788 MHz: 1.3% 2112 MHz: .64% 2352 MHz: .18% 2532 MHz: .27% 2592 MHz: .86%)
CPU 1 idle residency:  85.19%
CPU 1 down residency:   0.00%
CPU 2 frequency: 1352 MHz
CPU 2 active residency:  11.03% (1020 MHz: 6.4% 1404 MHz: 1.6% 1788 MHz: 1.7% 2112 MHz: .59% 2352 MHz: .36% 2532 MHz: .07% 2592 MHz: .33%)
CPU 2 idle residency:  88.97%
CPU 2 down residency:   0.00%
CPU 3 frequency: 1334 MHz
CPU 3 active residency:   6.60% (1020 MHz: 4.0% 1404 MHz: .73% 1788 MHz: 1.2% 2112 MHz: .30% 2352 MHz: .12% 2532 MHz: .02% 2592 MHz: .25%)
CPU 3 idle residency:  93.40%
CPU 3 down residency:   0.00%

P0-Cluster Online: 50%
P0-Cluster HW active frequency: 3725 MHz
P0-Cluster HW active residency:  46.28% (1260 MHz: .75% 1512 MHz:   0% 1800 MHz:   0% 2088 MHz:   0% 2352 MHz:   0% 2616 MHz:   0% 2868 MHz:   0% 3096 MHz: 5.8% 3300 MHz: 5.1% 3468 MHz: .86% 3624 MHz:   0% 3756 MHz:   0% 3828 MHz:   0% 3888 MHz: 6.2% 3948 MHz:  18% 3996 MHz: 4.6% 4044 MHz: 4.9% 4104 MHz:   0% 4416 MHz:   0% 4512 MHz:   0%)
P0-Cluster idle residency:   3.25%
P0-Cluster down residency:  50.47%
CPU 4 frequency: 4006 MHz
CPU 4 active residency:  36.25% (1260 MHz: .47% 1512 MHz:   0% 1800 MHz: .19% 2088 MHz: .48% 2352 MHz: 1.2% 2616 MHz: 3.8% 2868 MHz: .81% 3096 MHz: 1.1% 3300 MHz: .96% 3468 MHz: .43% 3624 MHz: .60% 3756 MHz: .02% 3828 MHz:   0% 3888 MHz:   0% 3948 MHz: .03% 3996 MHz: .07% 4044 MHz:   0% 4104 MHz: .26% 4416 MHz: .30% 4512 MHz:  25%)
CPU 4 idle residency:  21.80%
CPU 4 down residency:  41.95%
CPU 5 frequency: 3888 MHz
CPU 5 active residency:  28.06% (1260 MHz: .45% 1512 MHz: .01% 1800 MHz: .22% 2088 MHz: .69% 2352 MHz: 1.3% 2616 MHz: 3.8% 2868 MHz: .79% 3096 MHz: .57% 3300 MHz: .39% 3468 MHz: .30% 3624 MHz: .65% 3756 MHz:   0% 3828 MHz:   0% 3888 MHz:   0% 3948 MHz: .28% 3996 MHz: .00% 4044 MHz:   0% 4104 MHz: .24% 4416 MHz:   0% 4512 MHz:  18%)
CPU 5 idle residency:  24.13%
CPU 5 down residency:  47.81%
CPU 6 frequency: 4016 MHz
CPU 6 active residency:  28.79% (1260 MHz: .62% 1512 MHz:   0% 1800 MHz: .18% 2088 MHz: .10% 2352 MHz: .30% 2616 MHz: 3.0% 2868 MHz: 1.0% 3096 MHz: .79% 3300 MHz: .85% 3468 MHz: .46% 3624 MHz: .49% 3756 MHz: .02% 3828 MHz:   0% 3888 MHz:   0% 3948 MHz: .31% 3996 MHz: .07% 4044 MHz:   0% 4104 MHz: .53% 4416 MHz: .65% 4512 MHz:  19%)
CPU 6 idle residency:  25.28%
CPU 6 down residency:  45.93%
CPU 7 frequency: 4336 MHz
CPU 7 active residency:  22.11% (1260 MHz: .49% 1512 MHz:   0% 1800 MHz: .08% 2088 MHz: .03% 2352 MHz: .03% 2616 MHz: .84% 2868 MHz: .11% 3096 MHz: .04% 3300 MHz:   0% 3468 MHz:   0% 3624 MHz: .02% 3756 MHz:   0% 3828 MHz:   0% 3888 MHz:   0% 3948 MHz: .10% 3996 MHz: .01% 4044 MHz:   0% 4104 MHz: .15% 4416 MHz:   0% 4512 MHz:  20%)
CPU 7 idle residency:  25.12%
CPU 7 down residency:  52.77%
CPU 8 frequency: 4187 MHz
CPU 8 active residency:  21.51% (1260 MHz: .51% 1512 MHz:   0% 1800 MHz: .20% 2088 MHz:   0% 2352 MHz: .02% 2616 MHz: .97% 2868 MHz: .71% 3096 MHz: .74% 3300 MHz: .42% 3468 MHz: .03% 3624 MHz: .02% 3756 MHz: .00% 3828 MHz:   0% 3888 MHz:   0% 3948 MHz: .05% 3996 MHz: .01% 4044 MHz:   0% 4104 MHz: .31% 4416 MHz: .02% 4512 MHz:  18%)
CPU 8 idle residency:  26.30%
CPU 8 down residency:  52.18%
CPU 9 frequency: 3909 MHz
CPU 9 active residency:  32.05% (1260 MHz: .54% 1512 MHz: .00% 1800 MHz: .30% 2088 MHz: .46% 2352 MHz: 1.7% 2616 MHz: 3.0% 2868 MHz: 1.2% 3096 MHz: 1.3% 3300 MHz: 1.0% 3468 MHz: .47% 3624 MHz: .42% 3756 MHz: .02% 3828 MHz:   0% 3888 MHz:   0% 3948 MHz: .07% 3996 MHz: .17% 4044 MHz:   0% 4104 MHz: .52% 4416 MHz: .35% 4512 MHz:  20%)
CPU 9 idle residency:  24.88%
CPU 9 down residency:  43.07%

P1-Cluster HW active frequency: 3061 MHz
P1-Cluster HW active residency:  55.14% (1260 MHz: 1.9% 1512 MHz: .02% 1800 MHz: .01% 2088 MHz: .02% 2352 MHz: .00% 2616 MHz: .70% 2868 MHz:  12% 3096 MHz:  27% 3300 MHz: 8.4% 3468 MHz: 2.7% 3624 MHz: .73% 3756 MHz:   0% 3828 MHz: .39% 3888 MHz: .00% 3948 MHz: .43% 3996 MHz: .70% 4044 MHz: .29% 4104 MHz:   0% 4416 MHz: .01% 4512 MHz:   0%)
P1-Cluster idle residency:  12.32%
P1-Cluster down residency:  32.54%
CPU 10 frequency: 3166 MHz
CPU 10 active residency:   9.82% (1260 MHz: .09% 1512 MHz:   0% 1800 MHz:   0% 2088 MHz: .00% 2352 MHz:   0% 2616 MHz: .00% 2868 MHz: 1.6% 3096 MHz: 4.1% 3300 MHz: 2.7% 3468 MHz: .58% 3624 MHz: .30% 3756 MHz:   0% 3828 MHz: .33% 3888 MHz:   0% 3948 MHz:   0% 3996 MHz: .05% 4044 MHz:   0% 4104 MHz:   0% 4416 MHz:   0% 4512 MHz:   0%)
CPU 10 idle residency:  57.61%
CPU 10 down residency:  32.57%
CPU 11 frequency: 3110 MHz
CPU 11 active residency:   4.08% (1260 MHz: .09% 1512 MHz:   0% 1800 MHz:   0% 2088 MHz:   0% 2352 MHz:   0% 2616 MHz:   0% 2868 MHz: .30% 3096 MHz: 2.5% 3300 MHz: .83% 3468 MHz: .32% 3624 MHz:   0% 3756 MHz:   0% 3828 MHz:   0% 3888 MHz:   0% 3948 MHz:   0% 3996 MHz: .01% 4044 MHz:   0% 4104 MHz:   0% 4416 MHz:   0% 4512 MHz:   0%)
CPU 11 idle residency:  63.36%
CPU 11 down residency:  32.56%
CPU 12 frequency: 2925 MHz
CPU 12 active residency:   0.63% (1260 MHz: .08% 1512 MHz:   0% 1800 MHz:   0% 2088 MHz:   0% 2352 MHz:   0% 2616 MHz:   0% 2868 MHz: .04% 3096 MHz: .36% 3300 MHz: .05% 3468 MHz: .09% 3624 MHz:   0% 3756 MHz:   0% 3828 MHz:   0% 3888 MHz:   0% 3948 MHz:   0% 3996 MHz: .01% 4044 MHz:   0% 4104 MHz:   0% 4416 MHz:   0% 4512 MHz:   0%)
CPU 12 idle residency:  66.80%
CPU 12 down residency:  32.56%
CPU 13 frequency: 3128 MHz
CPU 13 active residency:  38.36% (1260 MHz: .14% 1512 MHz: .01% 1800 MHz:   0% 2088 MHz: .01% 2352 MHz: .00% 2616 MHz: .16% 2868 MHz: 8.6% 3096 MHz:  20% 3300 MHz: 5.9% 3468 MHz: 2.3% 3624 MHz: .61% 3756 MHz:   0% 3828 MHz: .33% 3888 MHz:   0% 3948 MHz:   0% 3996 MHz: .09% 4044 MHz:   0% 4104 MHz:   0% 4416 MHz: .11% 4512 MHz: .53%)
CPU 13 idle residency:  29.06%
CPU 13 down residency:  32.58%
CPU 14 frequency: 3137 MHz
CPU 14 active residency:  41.10% (1260 MHz: .18% 1512 MHz: .02% 1800 MHz: .01% 2088 MHz: .00% 2352 MHz: .00% 2616 MHz: .22% 2868 MHz: 9.1% 3096 MHz:  21% 3300 MHz: 6.5% 3468 MHz: 2.0% 3624 MHz: .72% 3756 MHz:   0% 3828 MHz: .39% 3888 MHz:   0% 3948 MHz:   0% 3996 MHz: .01% 4044 MHz:   0% 4104 MHz:   0% 4416 MHz: .34% 4512 MHz: .73%)
CPU 14 idle residency:  26.28%
CPU 14 down residency:  32.62%
CPU 15 frequency: 3106 MHz
CPU 15 active residency:  37.31% (1260 MHz: .16% 1512 MHz: .01% 1800 MHz: .01% 2088 MHz:   0% 2352 MHz:   0% 2616 MHz: .58% 2868 MHz: 9.4% 3096 MHz:  19% 3300 MHz: 4.8% 3468 MHz: 1.6% 3624 MHz: .48% 3756 MHz:   0% 3828 MHz: .25% 3888 MHz:   0% 3948 MHz:   0% 3996 MHz: .13% 4044 MHz:   0% 4104 MHz:   0% 4416 MHz: .35% 4512 MHz: .34%)
CPU 15 idle residency:  30.13%
CPU 15 down residency:  32.56%

CPU Power: 4394 mW
GPU Power: 32563 mW
ANE Power: 0 mW
Combined Power (CPU + GPU + ANE): 36957 mW

**** GPU usage ****

GPU HW active frequency: 1578 MHz
GPU HW active residency: 100.00% (338 MHz:   0% 618 MHz:   0% 796 MHz:   0% 924 MHz:   0% 952 MHz:   0% 1056 MHz:   0% 1062 MHz:   0% 1182 MHz:   0% 1182 MHz:   0% 1312 MHz:   0% 1242 MHz:   0% 1380 MHz:   0% 1326 MHz:   0% 1470 MHz:   0% 1578 MHz: 100%)
GPU SW requested state: (P1 :   0% P2 :   0% P3 :   0% P4 :   0% P5 :   0% P6 :   0% P7 :   0% P8 :   0% P9 :   0% P10 : 100% P11 :   0% P12 :   0% P13 :   0% P14 :   0% P15 :   0%)
GPU SW state: (SW_P1 :   0% SW_P2 :   0% SW_P3 :   0% SW_P4 :   0% SW_P5 :   0% SW_P6 :   0% SW_P7 :   0% SW_P8 :   0% SW_P9 :   0% SW_P10 : 100% SW_P11 :   0% SW_P12 :   0% SW_P13 :   0% SW_P14 :   0% SW_P15 :   0%)
GPU idle residency:   0.00%
GPU Power: 32297 mW



*** Sampled system activity (Tue Jan 20 15:15:39 2026 +0100) (1021.68ms elapsed) ***


**** Processor usage ****

E-Cluster Online: 100%
E-Cluster HW active frequency: 1334 MHz
E-Cluster HW active residency:  62.27% (1020 MHz:  40% 1404 MHz: 6.7% 1788 MHz: 7.5% 2112 MHz: 2.3% 2352 MHz: 1.1% 2532 MHz: 1.8% 2592 MHz: 2.9%)
E-Cluster idle residency:  37.73%
E-Cluster down residency:   0.00%
CPU 0 frequency: 1343 MHz
CPU 0 active residency:  31.26% (1020 MHz:  19% 1404 MHz: 3.6% 1788 MHz: 5.0% 2112 MHz: 1.2% 2352 MHz: .51% 2532 MHz: .61% 2592 MHz: 1.3%)
CPU 0 idle residency:  68.74%
CPU 0 down residency:   0.00%
CPU 1 frequency: 1371 MHz
CPU 1 active residency:  20.35% (1020 MHz:  12% 1404 MHz: 2.8% 1788 MHz: 2.5% 2112 MHz: .44% 2352 MHz: .62% 2532 MHz: .85% 2592 MHz: 1.0%)
CPU 1 idle residency:  79.65%
CPU 1 down residency:   0.00%
CPU 2 frequency: 1447 MHz
CPU 2 active residency:  13.89% (1020 MHz: 7.9% 1404 MHz: 1.2% 1788 MHz: 1.9% 2112 MHz: .67% 2352 MHz: .40% 2532 MHz: .99% 2592 MHz: .79%)
CPU 2 idle residency:  86.11%
CPU 2 down residency:   0.00%
CPU 3 frequency: 1348 MHz
CPU 3 active residency:   8.53% (1020 MHz: 5.3% 1404 MHz: .95% 1788 MHz: 1.2% 2112 MHz: .11% 2352 MHz: .27% 2532 MHz: .25% 2592 MHz: .40%)
CPU 3 idle residency:  91.47%
CPU 3 down residency:   0.00%

P0-Cluster Online: 17%
P0-Cluster HW active frequency: 2165 MHz
P0-Cluster HW active residency:   5.36% (1260 MHz: 3.5% 1512 MHz:   0% 1800 MHz:   0% 2088 MHz:   0% 2352 MHz:   0% 2616 MHz: .09% 2868 MHz: .19% 3096 MHz:   0% 3300 MHz:   0% 3468 MHz:   0% 3624 MHz:   0% 3756 MHz:   0% 3828 MHz:   0% 3888 MHz: .30% 3948 MHz: .29% 3996 MHz: .09% 4044 MHz: .92% 4104 MHz:   0% 4416 MHz:   0% 4512 MHz: .01%)
P0-Cluster idle residency:  11.14%
P0-Cluster down residency:  83.50%
CPU 4 frequency: 0 MHz
CPU 4 active residency:   0.00% (1260 MHz:   0% 1512 MHz:   0% 1800 MHz:   0% 2088 MHz:   0% 2352 MHz:   0% 2616 MHz:   0% 2868 MHz:   0% 3096 MHz:   0% 3300 MHz:   0% 3468 MHz:   0% 3624 MHz:   0% 3756 MHz:   0% 3828 MHz:   0% 3888 MHz:   0% 3948 MHz:   0% 3996 MHz:   0% 4044 MHz:   0% 4104 MHz:   0% 4416 MHz:   0% 4512 MHz:   0%)
CPU 4 idle residency:  15.89%
CPU 4 down residency:  84.11%
CPU 5 frequency: 0 MHz
CPU 5 active residency:   0.00% (1260 MHz:   0% 1512 MHz:   0% 1800 MHz:   0% 2088 MHz:   0% 2352 MHz:   0% 2616 MHz:   0% 2868 MHz:   0% 3096 MHz:   0% 3300 MHz:   0% 3468 MHz:   0% 3624 MHz:   0% 3756 MHz:   0% 3828 MHz:   0% 3888 MHz:   0% 3948 MHz:   0% 3996 MHz:   0% 4044 MHz:   0% 4104 MHz:   0% 4416 MHz:   0% 4512 MHz:   0%)
CPU 5 idle residency:  15.33%
CPU 5 down residency:  84.67%
CPU 6 frequency: 0 MHz
CPU 6 active residency:   0.00% (1260 MHz:   0% 1512 MHz:   0% 1800 MHz:   0% 2088 MHz:   0% 2352 MHz:   0% 2616 MHz:   0% 2868 MHz:   0% 3096 MHz:   0% 3300 MHz:   0% 3468 MHz:   0% 3624 MHz:   0% 3756 MHz:   0% 3828 MHz:   0% 3888 MHz:   0% 3948 MHz:   0% 3996 MHz:   0% 4044 MHz:   0% 4104 MHz:   0% 4416 MHz:   0% 4512 MHz:   0%)
CPU 6 idle residency:  15.81%
CPU 6 down residency:  84.19%
CPU 7 frequency: 0 MHz
CPU 7 active residency:   0.00% (1260 MHz:   0% 1512 MHz:   0% 1800 MHz:   0% 2088 MHz:   0% 2352 MHz:   0% 2616 MHz:   0% 2868 MHz:   0% 3096 MHz:   0% 3300 MHz:   0% 3468 MHz:   0% 3624 MHz:   0% 3756 MHz:   0% 3828 MHz:   0% 3888 MHz:   0% 3948 MHz:   0% 3996 MHz:   0% 4044 MHz:   0% 4104 MHz:   0% 4416 MHz:   0% 4512 MHz:   0%)
CPU 7 idle residency:  16.08%
CPU 7 down residency:  83.92%
CPU 8 frequency: 0 MHz
CPU 8 active residency:   0.00% (1260 MHz:   0% 1512 MHz:   0% 1800 MHz:   0% 2088 MHz:   0% 2352 MHz:   0% 2616 MHz:   0% 2868 MHz:   0% 3096 MHz:   0% 3300 MHz:   0% 3468 MHz:   0% 3624 MHz:   0% 3756 MHz:   0% 3828 MHz:   0% 3888 MHz:   0% 3948 MHz:   0% 3996 MHz:   0% 4044 MHz:   0% 4104 MHz:   0% 4416 MHz:   0% 4512 MHz:   0%)
CPU 8 idle residency:  15.72%
CPU 8 down residency:  84.28%
CPU 9 frequency: 0 MHz
CPU 9 active residency:   0.00% (1260 MHz:   0% 1512 MHz:   0% 1800 MHz:   0% 2088 MHz:   0% 2352 MHz:   0% 2616 MHz:   0% 2868 MHz:   0% 3096 MHz:   0% 3300 MHz:   0% 3468 MHz:   0% 3624 MHz:   0% 3756 MHz:   0% 3828 MHz:   0% 3888 MHz:   0% 3948 MHz:   0% 3996 MHz:   0% 4044 MHz:   0% 4104 MHz:   0% 4416 MHz:   0% 4512 MHz:   0%)
CPU 9 idle residency:  16.15%
CPU 9 down residency:  83.85%

P1-Cluster HW active frequency: 3296 MHz
P1-Cluster HW active residency:  95.09% (1260 MHz: .44% 1512 MHz: .01% 1800 MHz: .02% 2088 MHz: .01% 2352 MHz: .00% 2616 MHz: 1.3% 2868 MHz:  40% 3096 MHz:  19% 3300 MHz: .39% 3468 MHz: .39% 3624 MHz: .38% 3756 MHz: .39% 3828 MHz:   0% 3888 MHz: 4.9% 3948 MHz:  16% 3996 MHz: 6.0% 4044 MHz: 6.1% 4104 MHz:   0% 4416 MHz: .01% 4512 MHz: .05%)
P1-Cluster idle residency:   4.91%
P1-Cluster down residency:   0.00%
CPU 10 frequency: 3555 MHz
CPU 10 active residency:  46.28% (1260 MHz: .03% 1512 MHz:   0% 1800 MHz: .01% 2088 MHz: .00% 2352 MHz: .00% 2616 MHz: .77% 2868 MHz:  19% 3096 MHz: 6.6% 3300 MHz: .34% 3468 MHz: .39% 3624 MHz: .09% 3756 MHz: .19% 3828 MHz:   0% 3888 MHz:   0% 3948 MHz: .36% 3996 MHz:   0% 4044 MHz:   0% 4104 MHz: .36% 4416 MHz: .34% 4512 MHz:  17%)
CPU 10 idle residency:  53.72%
CPU 10 down residency:   0.00%
CPU 11 frequency: 3538 MHz
CPU 11 active residency:  40.56% (1260 MHz: .05% 1512 MHz:   0% 1800 MHz:   0% 2088 MHz:   0% 2352 MHz:   0% 2616 MHz: 1.3% 2868 MHz:  19% 3096 MHz: 3.8% 3300 MHz:   0% 3468 MHz: .07% 3624 MHz: .04% 3756 MHz: .08% 3828 MHz:   0% 3888 MHz:   0% 3948 MHz:   0% 3996 MHz:   0% 4044 MHz:   0% 4104 MHz: .03% 4416 MHz: .15% 4512 MHz:  16%)
CPU 11 idle residency:  59.44%
CPU 11 down residency:   0.00%
CPU 12 frequency: 3979 MHz
CPU 12 active residency:  23.92% (1260 MHz: .03% 1512 MHz:   0% 1800 MHz:   0% 2088 MHz:   0% 2352 MHz:   0% 2616 MHz: .89% 2868 MHz: 5.9% 3096 MHz: .83% 3300 MHz:   0% 3468 MHz:   0% 3624 MHz:   0% 3756 MHz: .03% 3828 MHz:   0% 3888 MHz:   0% 3948 MHz:   0% 3996 MHz:   0% 4044 MHz:   0% 4104 MHz: .03% 4416 MHz: .03% 4512 MHz:  16%)
CPU 12 idle residency:  76.08%
CPU 12 down residency:   0.00%
CPU 13 frequency: 3537 MHz
CPU 13 active residency:  39.03% (1260 MHz: .05% 1512 MHz: .01% 1800 MHz: .02% 2088 MHz: .01% 2352 MHz: .00% 2616 MHz: .56% 2868 MHz:  11% 3096 MHz:  12% 3300 MHz: .39% 3468 MHz: .39% 3624 MHz: .38% 3756 MHz: .39% 3828 MHz:   0% 3888 MHz:   0% 3948 MHz: .39% 3996 MHz:   0% 4044 MHz:   0% 4104 MHz: .39% 4416 MHz: .38% 4512 MHz:  13%)
CPU 13 idle residency:  60.97%
CPU 13 down residency:   0.00%
CPU 14 frequency: 3699 MHz
CPU 14 active residency:  42.88% (1260 MHz: .02% 1512 MHz:   0% 1800 MHz: .00% 2088 MHz: .00% 2352 MHz:   0% 2616 MHz: .95% 2868 MHz: 9.3% 3096 MHz:  11% 3300 MHz: .34% 3468 MHz: .36% 3624 MHz: .35% 3756 MHz: .38% 3828 MHz:   0% 3888 MHz:   0% 3948 MHz: .34% 3996 MHz:   0% 4044 MHz:   0% 4104 MHz: .37% 4416 MHz: .35% 4512 MHz:  19%)
CPU 14 idle residency:  57.12%
CPU 14 down residency:   0.00%
CPU 15 frequency: 3392 MHz
CPU 15 active residency:  54.13% (1260 MHz: .08% 1512 MHz: .00% 1800 MHz:   0% 2088 MHz: .01% 2352 MHz: .00% 2616 MHz: .73% 2868 MHz:  26% 3096 MHz:  10% 3300 MHz: .35% 3468 MHz: .39% 3624 MHz: .35% 3756 MHz: .39% 3828 MHz:   0% 3888 MHz:   0% 3948 MHz: .36% 3996 MHz:   0% 4044 MHz:   0% 4104 MHz: .39% 4416 MHz: .23% 4512 MHz:  15%)
CPU 15 idle residency:  45.87%
CPU 15 down residency:   0.00%

CPU Power: 4121 mW
GPU Power: 32244 mW
ANE Power: 0 mW
Combined Power (CPU + GPU + ANE): 36364 mW

**** GPU usage ****

GPU HW active frequency: 1578 MHz
GPU HW active residency: 100.00% (338 MHz:   0% 618 MHz:   0% 796 MHz:   0% 924 MHz:   0% 952 MHz:   0% 1056 MHz:   0% 1062 MHz:   0% 1182 MHz:   0% 1182 MHz:   0% 1312 MHz:   0% 1242 MHz:   0% 1380 MHz:   0% 1326 MHz:   0% 1470 MHz:   0% 1578 MHz: 100%)
GPU SW requested state: (P1 :   0% P2 :   0% P3 :   0% P4 :   0% P5 :   0% P6 :   0% P7 :   0% P8 :   0% P9 :   0% P10 : 100% P11 :   0% P12 :   0% P13 :   0% P14 :   0% P15 :   0%)
GPU SW state: (SW_P1 :   0% SW_P2 :   0% SW_P3 :   0% SW_P4 :   0% SW_P5 :   0% SW_P6 :   0% SW_P7 :   0% SW_P8 :   0% SW_P9 :   0% SW_P10 : 100% SW_P11 :   0% SW_P12 :   0% SW_P13 :   0% SW_P14 :   0% SW_P15 :   0%)
GPU idle residency:   0.00%
GPU Power: 32507 mW



*** Sampled system activity (Tue Jan 20 15:15:40 2026 +0100) (1021.56ms elapsed) ***


**** Processor usage ****

E-Cluster Online: 100%
E-Cluster HW active frequency: 1344 MHz
E-Cluster HW active residency:  59.46% (1020 MHz:  35% 1404 MHz: 7.8% 1788 MHz: 9.3% 2112 MHz: 2.0% 2352 MHz: 2.5% 2532 MHz: .94% 2592 MHz: 1.4%)
E-Cluster idle residency:  40.54%
E-Cluster down residency:   0.00%
CPU 0 frequency: 1321 MHz
CPU 0 active residency:  28.19% (1020 MHz:  18% 1404 MHz: 3.6% 1788 MHz: 3.8% 2112 MHz: .69% 2352 MHz: 1.4% 2532 MHz: .60% 2592 MHz: .39%)
CPU 0 idle residency:  71.81%
CPU 0 down residency:   0.00%
CPU 1 frequency: 1344 MHz
CPU 1 active residency:  20.94% (1020 MHz:  12% 1404 MHz: 2.6% 1788 MHz: 3.7% 2112 MHz: .72% 2352 MHz: 1.2% 2532 MHz: .17% 2592 MHz: .20%)
CPU 1 idle residency:  79.06%
CPU 1 down residency:   0.00%
CPU 2 frequency: 1261 MHz
CPU 2 active residency:  12.21% (1020 MHz: 8.4% 1404 MHz: 1.4% 1788 MHz: 1.5% 2112 MHz: .16% 2352 MHz: .55% 2532 MHz: .05% 2592 MHz: .18%)
CPU 2 idle residency:  87.79%
CPU 2 down residency:   0.00%
CPU 3 frequency: 1374 MHz
CPU 3 active residency:   8.29% (1020 MHz: 4.6% 1404 MHz: 1.2% 1788 MHz: 1.5% 2112 MHz: .06% 2352 MHz: .39% 2532 MHz: .06% 2592 MHz: .39%)
CPU 3 idle residency:  91.71%
CPU 3 down residency:   0.00%

P0-Cluster Online: 2%
P0-Cluster HW active frequency: 1260 MHz
P0-Cluster HW active residency:   0.33% (1260 MHz: .33% 1512 MHz:   0% 1800 MHz:   0% 2088 MHz:   0% 2352 MHz:   0% 2616 MHz:   0% 2868 MHz:   0% 3096 MHz:   0% 3300 MHz:   0% 3468 MHz:   0% 3624 MHz:   0% 3756 MHz:   0% 3828 MHz:   0% 3888 MHz:   0% 3948 MHz:   0% 3996 MHz:   0% 4044 MHz:   0% 4104 MHz:   0% 4416 MHz:   0% 4512 MHz:   0%)
P0-Cluster idle residency:   1.39%
P0-Cluster down residency:  98.28%
CPU 4 frequency: 0 MHz
CPU 4 active residency:   0.00% (1260 MHz:   0% 1512 MHz:   0% 1800 MHz:   0% 2088 MHz:   0% 2352 MHz:   0% 2616 MHz:   0% 2868 MHz:   0% 3096 MHz:   0% 3300 MHz:   0% 3468 MHz:   0% 3624 MHz:   0% 3756 MHz:   0% 3828 MHz:   0% 3888 MHz:   0% 3948 MHz:   0% 3996 MHz:   0% 4044 MHz:   0% 4104 MHz:   0% 4416 MHz:   0% 4512 MHz:   0%)
CPU 4 idle residency:   1.63%
CPU 4 down residency:  98.37%
CPU 5 frequency: 0 MHz
CPU 5 active residency:   0.00% (1260 MHz:   0% 1512 MHz:   0% 1800 MHz:   0% 2088 MHz:   0% 2352 MHz:   0% 2616 MHz:   0% 2868 MHz:   0% 3096 MHz:   0% 3300 MHz:   0% 3468 MHz:   0% 3624 MHz:   0% 3756 MHz:   0% 3828 MHz:   0% 3888 MHz:   0% 3948 MHz:   0% 3996 MHz:   0% 4044 MHz:   0% 4104 MHz:   0% 4416 MHz:   0% 4512 MHz:   0%)
CPU 5 idle residency:   1.63%
CPU 5 down residency:  98.37%
CPU 6 frequency: 0 MHz
CPU 6 active residency:   0.00% (1260 MHz:   0% 1512 MHz:   0% 1800 MHz:   0% 2088 MHz:   0% 2352 MHz:   0% 2616 MHz:   0% 2868 MHz:   0% 3096 MHz:   0% 3300 MHz:   0% 3468 MHz:   0% 3624 MHz:   0% 3756 MHz:   0% 3828 MHz:   0% 3888 MHz:   0% 3948 MHz:   0% 3996 MHz:   0% 4044 MHz:   0% 4104 MHz:   0% 4416 MHz:   0% 4512 MHz:   0%)
CPU 6 idle residency:   1.63%
CPU 6 down residency:  98.37%
CPU 7 frequency: 0 MHz
CPU 7 active residency:   0.00% (1260 MHz:   0% 1512 MHz:   0% 1800 MHz:   0% 2088 MHz:   0% 2352 MHz:   0% 2616 MHz:   0% 2868 MHz:   0% 3096 MHz:   0% 3300 MHz:   0% 3468 MHz:   0% 3624 MHz:   0% 3756 MHz:   0% 3828 MHz:   0% 3888 MHz:   0% 3948 MHz:   0% 3996 MHz:   0% 4044 MHz:   0% 4104 MHz:   0% 4416 MHz:   0% 4512 MHz:   0%)
CPU 7 idle residency:   1.63%
CPU 7 down residency:  98.37%
CPU 8 frequency: 0 MHz
CPU 8 active residency:   0.00% (1260 MHz:   0% 1512 MHz:   0% 1800 MHz:   0% 2088 MHz:   0% 2352 MHz:   0% 2616 MHz:   0% 2868 MHz:   0% 3096 MHz:   0% 3300 MHz:   0% 3468 MHz:   0% 3624 MHz:   0% 3756 MHz:   0% 3828 MHz:   0% 3888 MHz:   0% 3948 MHz:   0% 3996 MHz:   0% 4044 MHz:   0% 4104 MHz:   0% 4416 MHz:   0% 4512 MHz:   0%)
CPU 8 idle residency:   1.63%
CPU 8 down residency:  98.37%
CPU 9 frequency: 0 MHz
CPU 9 active residency:   0.00% (1260 MHz:   0% 1512 MHz:   0% 1800 MHz:   0% 2088 MHz:   0% 2352 MHz:   0% 2616 MHz:   0% 2868 MHz:   0% 3096 MHz:   0% 3300 MHz:   0% 3468 MHz:   0% 3624 MHz:   0% 3756 MHz:   0% 3828 MHz:   0% 3888 MHz:   0% 3948 MHz:   0% 3996 MHz:   0% 4044 MHz:   0% 4104 MHz:   0% 4416 MHz:   0% 4512 MHz:   0%)
CPU 9 idle residency:   1.63%
CPU 9 down residency:  98.37%

P1-Cluster HW active frequency: 3216 MHz
P1-Cluster HW active residency:  95.21% (1260 MHz: .40% 1512 MHz:   0% 1800 MHz: .02% 2088 MHz: 1.2% 2352 MHz: 3.0% 2616 MHz:  13% 2868 MHz:  40% 3096 MHz: .77% 3300 MHz: .39% 3468 MHz: .39% 3624 MHz: .38% 3756 MHz:   0% 3828 MHz: .39% 3888 MHz: 2.1% 3948 MHz:  18% 3996 MHz: 5.8% 4044 MHz: 8.2% 4104 MHz:   0% 4416 MHz:   0% 4512 MHz:   0%)
P1-Cluster idle residency:   4.79%
P1-Cluster down residency:   0.00%
CPU 10 frequency: 3503 MHz
CPU 10 active residency:  40.62% (1260 MHz: .04% 1512 MHz:   0% 1800 MHz: .01% 2088 MHz: .02% 2352 MHz: .46% 2616 MHz: 1.9% 2868 MHz:  20% 3096 MHz: .77% 3300 MHz: .39% 3468 MHz: .39% 3624 MHz: .38% 3756 MHz:   0% 3828 MHz: .39% 3888 MHz:   0% 3948 MHz: .39% 3996 MHz:   0% 4044 MHz:   0% 4104 MHz: .38% 4416 MHz: .39% 4512 MHz:  15%)
CPU 10 idle residency:  59.38%
CPU 10 down residency:   0.00%
CPU 11 frequency: 3330 MHz
CPU 11 active residency:  52.27% (1260 MHz: .06% 1512 MHz:   0% 1800 MHz: .01% 2088 MHz: 1.1% 2352 MHz: .70% 2616 MHz: 8.8% 2868 MHz:  24% 3096 MHz: .25% 3300 MHz: .21% 3468 MHz: .13% 3624 MHz: .04% 3756 MHz:   0% 3828 MHz: .07% 3888 MHz:   0% 3948 MHz: .14% 3996 MHz:   0% 4044 MHz:   0% 4104 MHz: .09% 4416 MHz: .15% 4512 MHz:  16%)
CPU 11 idle residency:  47.73%
CPU 11 down residency:   0.00%
CPU 12 frequency: 4003 MHz
CPU 12 active residency:  22.66% (1260 MHz: .01% 1512 MHz:   0% 1800 MHz: .00% 2088 MHz: .26% 2352 MHz: 1.2% 2616 MHz: .38% 2868 MHz: 4.6% 3096 MHz: .02% 3300 MHz: .02% 3468 MHz: .00% 3624 MHz: .00% 3756 MHz:   0% 3828 MHz: .00% 3888 MHz:   0% 3948 MHz: .00% 3996 MHz:   0% 4044 MHz:   0% 4104 MHz: .00% 4416 MHz: .08% 4512 MHz:  16%)
CPU 12 idle residency:  77.34%
CPU 12 down residency:   0.00%
CPU 13 frequency: 3364 MHz
CPU 13 active residency:  39.07% (1260 MHz: .06% 1512 MHz:   0% 1800 MHz:   0% 2088 MHz: .80% 2352 MHz: 1.7% 2616 MHz: 8.3% 2868 MHz:  14% 3096 MHz: .00% 3300 MHz:   0% 3468 MHz:   0% 3624 MHz:   0% 3756 MHz:   0% 3828 MHz:   0% 3888 MHz:   0% 3948 MHz: .00% 3996 MHz:   0% 4044 MHz:   0% 4104 MHz: .00% 4416 MHz: .01% 4512 MHz:  14%)
CPU 13 idle residency:  60.93%
CPU 13 down residency:   0.00%
CPU 14 frequency: 3419 MHz
CPU 14 active residency:  35.33% (1260 MHz: .05% 1512 MHz:   0% 1800 MHz:   0% 2088 MHz: .91% 2352 MHz: 1.7% 2616 MHz: 7.2% 2868 MHz:  11% 3096 MHz:   0% 3300 MHz:   0% 3468 MHz:   0% 3624 MHz:   0% 3756 MHz:   0% 3828 MHz:   0% 3888 MHz:   0% 3948 MHz:   0% 3996 MHz:   0% 4044 MHz:   0% 4104 MHz:   0% 4416 MHz:   0% 4512 MHz:  14%)
CPU 14 idle residency:  64.67%
CPU 14 down residency:   0.00%
CPU 15 frequency: 3732 MHz
CPU 15 active residency:  32.40% (1260 MHz: .03% 1512 MHz:   0% 1800 MHz: .00% 2088 MHz: .00% 2352 MHz:   0% 2616 MHz: .26% 2868 MHz:  15% 3096 MHz: .23% 3300 MHz: .04% 3468 MHz: .06% 3624 MHz: .19% 3756 MHz:   0% 3828 MHz: .10% 3888 MHz:   0% 3948 MHz: .09% 3996 MHz:   0% 4044 MHz:   0% 4104 MHz: .09% 4416 MHz: .09% 4512 MHz:  17%)
CPU 15 idle residency:  67.60%
CPU 15 down residency:   0.00%

CPU Power: 3682 mW
GPU Power: 32516 mW
ANE Power: 0 mW
Combined Power (CPU + GPU + ANE): 36197 mW

**** GPU usage ****

GPU HW active frequency: 1578 MHz
GPU HW active residency: 100.00% (338 MHz:   0% 618 MHz:   0% 796 MHz:   0% 924 MHz:   0% 952 MHz:   0% 1056 MHz:   0% 1062 MHz:   0% 1182 MHz:   0% 1182 MHz:   0% 1312 MHz:   0% 1242 MHz:   0% 1380 MHz:   0% 1326 MHz:   0% 1470 MHz:   0% 1578 MHz: 100%)
GPU SW requested state: (P1 :   0% P2 :   0% P3 :   0% P4 :   0% P5 :   0% P6 :   0% P7 :   0% P8 :   0% P9 :   0% P10 : 100% P11 :   0% P12 :   0% P13 :   0% P14 :   0% P15 :   0%)
GPU SW state: (SW_P1 :   0% SW_P2 :   0% SW_P3 :   0% SW_P4 :   0% SW_P5 :   0% SW_P6 :   0% SW_P7 :   0% SW_P8 :   0% SW_P9 :   0% SW_P10 : 100% SW_P11 :   0% SW_P12 :   0% SW_P13 :   0% SW_P14 :   0% SW_P15 :   0%)
GPU idle residency:   0.00%
GPU Power: 32518 mW



*** Sampled system activity (Tue Jan 20 15:15:41 2026 +0100) (1021.21ms elapsed) ***


**** Processor usage ****

E-Cluster Online: 100%
E-Cluster HW active frequency: 1388 MHz
E-Cluster HW active residency:  66.26% (1020 MHz:  39% 1404 MHz: 8.7% 1788 MHz: 7.9% 2112 MHz: 3.1% 2352 MHz: 1.5% 2532 MHz: 2.4% 2592 MHz: 3.8%)
E-Cluster idle residency:  33.74%
E-Cluster down residency:   0.00%
CPU 0 frequency: 1409 MHz
CPU 0 active residency:  37.34% (1020 MHz:  21% 1404 MHz: 5.0% 1788 MHz: 4.9% 2112 MHz: 2.0% 2352 MHz: .74% 2532 MHz: 1.5% 2592 MHz: 2.2%)
CPU 0 idle residency:  62.66%
CPU 0 down residency:   0.00%
CPU 1 frequency: 1471 MHz
CPU 1 active residency:  25.21% (1020 MHz:  13% 1404 MHz: 3.6% 1788 MHz: 3.2% 2112 MHz: 1.6% 2352 MHz: .66% 2532 MHz: 1.5% 2592 MHz: 1.6%)
CPU 1 idle residency:  74.79%
CPU 1 down residency:   0.00%
CPU 2 frequency: 1445 MHz
CPU 2 active residency:  18.39% (1020 MHz: 9.9% 1404 MHz: 2.4% 1788 MHz: 2.5% 2112 MHz: 1.0% 2352 MHz: .57% 2532 MHz: .64% 2592 MHz: 1.4%)
CPU 2 idle residency:  81.61%
CPU 2 down residency:   0.00%
CPU 3 frequency: 1558 MHz
CPU 3 active residency:  11.95% (1020 MHz: 5.1% 1404 MHz: 2.1% 1788 MHz: 1.5% 2112 MHz: .92% 2352 MHz: .44% 2532 MHz: .51% 2592 MHz: 1.4%)
CPU 3 idle residency:  88.05%
CPU 3 down residency:   0.00%

P0-Cluster Online: 9%
P0-Cluster HW active frequency: 1426 MHz
P0-Cluster HW active residency:   1.85% (1260 MHz: 1.6% 1512 MHz:   0% 1800 MHz: .08% 2088 MHz:   0% 2352 MHz: .17% 2616 MHz:   0% 2868 MHz:   0% 3096 MHz: .04% 3300 MHz:   0% 3468 MHz:   0% 3624 MHz:   0% 3756 MHz:   0% 3828 MHz:   0% 3888 MHz:   0% 3948 MHz:   0% 3996 MHz:   0% 4044 MHz:   0% 4104 MHz:   0% 4416 MHz:   0% 4512 MHz:   0%)
P0-Cluster idle residency:   4.34%
P0-Cluster down residency:  93.81%
CPU 4 frequency: 0 MHz
CPU 4 active residency:   0.00% (1260 MHz:   0% 1512 MHz:   0% 1800 MHz:   0% 2088 MHz:   0% 2352 MHz:   0% 2616 MHz:   0% 2868 MHz:   0% 3096 MHz:   0% 3300 MHz:   0% 3468 MHz:   0% 3624 MHz:   0% 3756 MHz:   0% 3828 MHz:   0% 3888 MHz:   0% 3948 MHz:   0% 3996 MHz:   0% 4044 MHz:   0% 4104 MHz:   0% 4416 MHz:   0% 4512 MHz:   0%)
CPU 4 idle residency:   5.82%
CPU 4 down residency:  94.18%
CPU 5 frequency: 0 MHz
CPU 5 active residency:   0.00% (1260 MHz:   0% 1512 MHz:   0% 1800 MHz:   0% 2088 MHz:   0% 2352 MHz:   0% 2616 MHz:   0% 2868 MHz:   0% 3096 MHz:   0% 3300 MHz:   0% 3468 MHz:   0% 3624 MHz:   0% 3756 MHz:   0% 3828 MHz:   0% 3888 MHz:   0% 3948 MHz:   0% 3996 MHz:   0% 4044 MHz:   0% 4104 MHz:   0% 4416 MHz:   0% 4512 MHz:   0%)
CPU 5 idle residency:   5.79%
CPU 5 down residency:  94.21%
CPU 6 frequency: 0 MHz
CPU 6 active residency:   0.00% (1260 MHz:   0% 1512 MHz:   0% 1800 MHz:   0% 2088 MHz:   0% 2352 MHz:   0% 2616 MHz:   0% 2868 MHz:   0% 3096 MHz:   0% 3300 MHz:   0% 3468 MHz:   0% 3624 MHz:   0% 3756 MHz:   0% 3828 MHz:   0% 3888 MHz:   0% 3948 MHz:   0% 3996 MHz:   0% 4044 MHz:   0% 4104 MHz:   0% 4416 MHz:   0% 4512 MHz:   0%)
CPU 6 idle residency:   5.73%
CPU 6 down residency:  94.27%
CPU 7 frequency: 0 MHz
CPU 7 active residency:   0.00% (1260 MHz:   0% 1512 MHz:   0% 1800 MHz:   0% 2088 MHz:   0% 2352 MHz:   0% 2616 MHz:   0% 2868 MHz:   0% 3096 MHz:   0% 3300 MHz:   0% 3468 MHz:   0% 3624 MHz:   0% 3756 MHz:   0% 3828 MHz:   0% 3888 MHz:   0% 3948 MHz:   0% 3996 MHz:   0% 4044 MHz:   0% 4104 MHz:   0% 4416 MHz:   0% 4512 MHz:   0%)
CPU 7 idle residency:   5.85%
CPU 7 down residency:  94.15%
CPU 8 frequency: 0 MHz
CPU 8 active residency:   0.00% (1260 MHz:   0% 1512 MHz:   0% 1800 MHz:   0% 2088 MHz:   0% 2352 MHz:   0% 2616 MHz:   0% 2868 MHz:   0% 3096 MHz:   0% 3300 MHz:   0% 3468 MHz:   0% 3624 MHz:   0% 3756 MHz:   0% 3828 MHz:   0% 3888 MHz:   0% 3948 MHz:   0% 3996 MHz:   0% 4044 MHz:   0% 4104 MHz:   0% 4416 MHz:   0% 4512 MHz:   0%)
CPU 8 idle residency:   5.83%
CPU 8 down residency:  94.17%
CPU 9 frequency: 0 MHz
CPU 9 active residency:   0.00% (1260 MHz:   0% 1512 MHz:   0% 1800 MHz:   0% 2088 MHz:   0% 2352 MHz:   0% 2616 MHz:   0% 2868 MHz:   0% 3096 MHz:   0% 3300 MHz:   0% 3468 MHz:   0% 3624 MHz:   0% 3756 MHz:   0% 3828 MHz:   0% 3888 MHz:   0% 3948 MHz:   0% 3996 MHz:   0% 4044 MHz:   0% 4104 MHz:   0% 4416 MHz:   0% 4512 MHz:   0%)
CPU 9 idle residency:   5.86%
CPU 9 down residency:  94.14%

P1-Cluster HW active frequency: 3269 MHz
P1-Cluster HW active residency:  97.52% (1260 MHz: .43% 1512 MHz: .01% 1800 MHz: .02% 2088 MHz: 2.3% 2352 MHz: 3.8% 2616 MHz: 7.7% 2868 MHz:  25% 3096 MHz:  17% 3300 MHz: 3.3% 3468 MHz: 1.6% 3624 MHz: 1.6% 3756 MHz:   0% 3828 MHz: .37% 3888 MHz: 3.7% 3948 MHz:  20% 3996 MHz: 4.9% 4044 MHz: 6.3% 4104 MHz:   0% 4416 MHz:   0% 4512 MHz:   0%)
P1-Cluster idle residency:   2.48%
P1-Cluster down residency:   0.00%
CPU 10 frequency: 3492 MHz
CPU 10 active residency:  40.82% (1260 MHz: .01% 1512 MHz:   0% 1800 MHz:   0% 2088 MHz: .79% 2352 MHz: 3.2% 2616 MHz: 5.6% 2868 MHz: 7.1% 3096 MHz: 5.0% 3300 MHz: .67% 3468 MHz: .97% 3624 MHz: 1.3% 3756 MHz:   0% 3828 MHz: .36% 3888 MHz:   0% 3948 MHz: .35% 3996 MHz:   0% 4044 MHz:   0% 4104 MHz: .08% 4416 MHz: .29% 4512 MHz:  15%)
CPU 10 idle residency:  59.18%
CPU 10 down residency:   0.00%
CPU 11 frequency: 3410 MHz
CPU 11 active residency:  61.14% (1260 MHz: .08% 1512 MHz:   0% 1800 MHz: .01% 2088 MHz: .15% 2352 MHz: 1.9% 2616 MHz: 4.9% 2868 MHz:  19% 3096 MHz:  11% 3300 MHz: 2.3% 3468 MHz: 1.4% 3624 MHz: 1.3% 3756 MHz:   0% 3828 MHz: .33% 3888 MHz:   0% 3948 MHz: .31% 3996 MHz:   0% 4044 MHz:   0% 4104 MHz: .05% 4416 MHz: .15% 4512 MHz:  18%)
CPU 11 idle residency:  38.86%
CPU 11 down residency:   0.00%
CPU 12 frequency: 3892 MHz
CPU 12 active residency:  31.20% (1260 MHz: .00% 1512 MHz: .00% 1800 MHz: .00% 2088 MHz: 1.5% 2352 MHz: 1.2% 2616 MHz: 2.5% 2868 MHz: .97% 3096 MHz: 3.3% 3300 MHz: .11% 3468 MHz: 1.0% 3624 MHz: .92% 3756 MHz:   0% 3828 MHz:   0% 3888 MHz:   0% 3948 MHz:   0% 3996 MHz:   0% 4044 MHz:   0% 4104 MHz: .04% 4416 MHz: .17% 4512 MHz:  19%)
CPU 12 idle residency:  68.80%
CPU 12 down residency:   0.00%
CPU 13 frequency: 3422 MHz
CPU 13 active residency:  47.63% (1260 MHz: .06% 1512 MHz:   0% 1800 MHz: .00% 2088 MHz: .00% 2352 MHz: .05% 2616 MHz: 1.5% 2868 MHz:  17% 3096 MHz:  12% 3300 MHz: 2.3% 3468 MHz: .40% 3624 MHz: .55% 3756 MHz:   0% 3828 MHz: .36% 3888 MHz:   0% 3948 MHz: .39% 3996 MHz:   0% 4044 MHz:   0% 4104 MHz: .38% 4416 MHz: .38% 4512 MHz:  13%)
CPU 13 idle residency:  52.37%
CPU 13 down residency:   0.00%
CPU 14 frequency: 3329 MHz
CPU 14 active residency:  63.13% (1260 MHz: .08% 1512 MHz: .01% 1800 MHz: .01% 2088 MHz: 1.9% 2352 MHz: 3.0% 2616 MHz: 6.5% 2868 MHz:  19% 3096 MHz:  10% 3300 MHz: 2.4% 3468 MHz: 1.2% 3624 MHz: 1.1% 3756 MHz:   0% 3828 MHz: .20% 3888 MHz:   0% 3948 MHz: .32% 3996 MHz:   0% 4044 MHz:   0% 4104 MHz: .16% 4416 MHz: .15% 4512 MHz:  17%)
CPU 14 idle residency:  36.87%
CPU 14 down residency:   0.00%
CPU 15 frequency: 3770 MHz
CPU 15 active residency:  31.59% (1260 MHz:   0% 1512 MHz:   0% 1800 MHz: .01% 2088 MHz: 2.2% 2352 MHz: 3.1% 2616 MHz: 1.9% 2868 MHz: .44% 3096 MHz: 3.0% 3300 MHz: .19% 3468 MHz: 1.3% 3624 MHz: 1.5% 3756 MHz:   0% 3828 MHz: .14% 3888 MHz:   0% 3948 MHz:   0% 3996 MHz:   0% 4044 MHz:   0% 4104 MHz: .00% 4416 MHz: .04% 4512 MHz:  18%)
CPU 15 idle residency:  68.41%
CPU 15 down residency:   0.00%

CPU Power: 4120 mW
GPU Power: 32336 mW
ANE Power: 0 mW
Combined Power (CPU + GPU + ANE): 36456 mW

**** GPU usage ****

GPU HW active frequency: 1578 MHz
GPU HW active residency: 100.00% (338 MHz:   0% 618 MHz:   0% 796 MHz:   0% 924 MHz:   0% 952 MHz:   0% 1056 MHz:   0% 1062 MHz:   0% 1182 MHz:   0% 1182 MHz:   0% 1312 MHz:   0% 1242 MHz:   0% 1380 MHz:   0% 1326 MHz:   0% 1470 MHz:   0% 1578 MHz: 100%)
GPU SW requested state: (P1 :   0% P2 :   0% P3 :   0% P4 :   0% P5 :   0% P6 :   0% P7 :   0% P8 :   0% P9 :   0% P10 : 100% P11 :   0% P12 :   0% P13 :   0% P14 :   0% P15 :   0%)
GPU SW state: (SW_P1 :   0% SW_P2 :   0% SW_P3 :   0% SW_P4 :   0% SW_P5 :   0% SW_P6 :   0% SW_P7 :   0% SW_P8 :   0% SW_P9 :   0% SW_P10 : 100% SW_P11 :   0% SW_P12 :   0% SW_P13 :   0% SW_P14 :   0% SW_P15 :   0%)
GPU idle residency:   0.00%
GPU Power: 32334 mW



*** Sampled system activity (Tue Jan 20 15:15:42 2026 +0100) (1021.03ms elapsed) ***


**** Processor usage ****

E-Cluster Online: 100%
E-Cluster HW active frequency: 1476 MHz
E-Cluster HW active residency:  56.59% (1020 MHz:  31% 1404 MHz: 8.6% 1788 MHz: 5.0% 2112 MHz: .55% 2352 MHz: 1.0% 2532 MHz: 1.3% 2592 MHz: 9.4%)
E-Cluster idle residency:  43.41%
E-Cluster down residency:   0.00%
CPU 0 frequency: 1450 MHz
CPU 0 active residency:  25.12% (1020 MHz:  14% 1404 MHz: 3.8% 1788 MHz: 2.2% 2112 MHz: .32% 2352 MHz: .45% 2532 MHz: .63% 2592 MHz: 3.7%)
CPU 0 idle residency:  74.88%
CPU 0 down residency:   0.00%
CPU 1 frequency: 1480 MHz
CPU 1 active residency:  20.23% (1020 MHz: 9.4% 1404 MHz: 4.5% 1788 MHz: 2.9% 2112 MHz: .07% 2352 MHz: .34% 2532 MHz: .48% 2592 MHz: 2.6%)
CPU 1 idle residency:  79.77%
CPU 1 down residency:   0.00%
CPU 2 frequency: 1455 MHz
CPU 2 active residency:  12.23% (1020 MHz: 6.5% 1404 MHz: 2.3% 1788 MHz: 1.1% 2112 MHz: .04% 2352 MHz: .27% 2532 MHz: .42% 2592 MHz: 1.6%)
CPU 2 idle residency:  87.77%
CPU 2 down residency:   0.00%
CPU 3 frequency: 1439 MHz
CPU 3 active residency:   5.56% (1020 MHz: 2.8% 1404 MHz: 1.0% 1788 MHz: .70% 2112 MHz: .19% 2352 MHz: .14% 2532 MHz: .14% 2592 MHz: .50%)
CPU 3 idle residency:  94.44%
CPU 3 down residency:   0.00%

P0-Cluster Online: 13%
P0-Cluster HW active frequency: 2568 MHz
P0-Cluster HW active residency:   4.85% (1260 MHz: 1.1% 1512 MHz: .08% 1800 MHz: .33% 2088 MHz: .28% 2352 MHz: .16% 2616 MHz: .24% 2868 MHz: .49% 3096 MHz: .59% 3300 MHz: .69% 3468 MHz: .26% 3624 MHz: .41% 3756 MHz: .24% 3828 MHz:   0% 3888 MHz:   0% 3948 MHz:   0% 3996 MHz:   0% 4044 MHz:   0% 4104 MHz:   0% 4416 MHz:   0% 4512 MHz:   0%)
P0-Cluster idle residency:   7.73%
P0-Cluster down residency:  87.41%
CPU 4 frequency: 3255 MHz
CPU 4 active residency:   2.47% (1260 MHz: .45% 1512 MHz:   0% 1800 MHz: .00% 2088 MHz:   0% 2352 MHz: .04% 2616 MHz: .00% 2868 MHz: .00% 3096 MHz: .66% 3300 MHz: .31% 3468 MHz: .22% 3624 MHz: .00% 3756 MHz:   0% 3828 MHz:   0% 3888 MHz:   0% 3948 MHz:   0% 3996 MHz:   0% 4044 MHz:   0% 4104 MHz:   0% 4416 MHz:   0% 4512 MHz: .78%)
CPU 4 idle residency:  12.10%
CPU 4 down residency:  85.43%
CPU 5 frequency: 3269 MHz
CPU 5 active residency:   7.39% (1260 MHz: .44% 1512 MHz:   0% 1800 MHz: .01% 2088 MHz: .03% 2352 MHz: .10% 2616 MHz: .00% 2868 MHz: .19% 3096 MHz: 3.5% 3300 MHz: 1.5% 3468 MHz: .08% 3624 MHz: .10% 3756 MHz: .21% 3828 MHz:   0% 3888 MHz:   0% 3948 MHz:   0% 3996 MHz:   0% 4044 MHz:   0% 4104 MHz:   0% 4416 MHz:   0% 4512 MHz: 1.2%)
CPU 5 idle residency:  10.82%
CPU 5 down residency:  81.80%
CPU 6 frequency: 3227 MHz
CPU 6 active residency:   8.77% (1260 MHz: .45% 1512 MHz: .04% 1800 MHz: .01% 2088 MHz: .04% 2352 MHz: .14% 2616 MHz: .00% 2868 MHz: .48% 3096 MHz: 2.3% 3300 MHz: 3.2% 3468 MHz: .75% 3624 MHz: .35% 3756 MHz: .21% 3828 MHz:   0% 3888 MHz:   0% 3948 MHz:   0% 3996 MHz:   0% 4044 MHz:   0% 4104 MHz:   0% 4416 MHz:   0% 4512 MHz: .74%)
CPU 6 idle residency:   9.32%
CPU 6 down residency:  81.91%
CPU 7 frequency: 3190 MHz
CPU 7 active residency:   8.01% (1260 MHz: .44% 1512 MHz:   0% 1800 MHz:   0% 2088 MHz:   0% 2352 MHz: .01% 2616 MHz: .06% 2868 MHz:   0% 3096 MHz: 3.5% 3300 MHz: 2.9% 3468 MHz: .50% 3624 MHz:   0% 3756 MHz:   0% 3828 MHz:   0% 3888 MHz:   0% 3948 MHz:   0% 3996 MHz:   0% 4044 MHz:   0% 4104 MHz:   0% 4416 MHz:   0% 4512 MHz: .59%)
CPU 7 idle residency:  11.42%
CPU 7 down residency:  80.57%
CPU 8 frequency: 3246 MHz
CPU 8 active residency:   9.14% (1260 MHz: .47% 1512 MHz: .01% 1800 MHz: .00% 2088 MHz: .02% 2352 MHz: .05% 2616 MHz: .06% 2868 MHz: .12% 3096 MHz: 3.1% 3300 MHz: 3.6% 3468 MHz: .68% 3624 MHz: .11% 3756 MHz:   0% 3828 MHz:   0% 3888 MHz:   0% 3948 MHz:   0% 3996 MHz:   0% 4044 MHz:   0% 4104 MHz:   0% 4416 MHz:   0% 4512 MHz: .92%)
CPU 8 idle residency:  10.15%
CPU 8 down residency:  80.71%
CPU 9 frequency: 2666 MHz
CPU 9 active residency:   0.91% (1260 MHz: .45% 1512 MHz:   0% 1800 MHz:   0% 2088 MHz:   0% 2352 MHz: .00% 2616 MHz: .00% 2868 MHz:   0% 3096 MHz: .06% 3300 MHz: .06% 3468 MHz: .03% 3624 MHz:   0% 3756 MHz:   0% 3828 MHz:   0% 3888 MHz:   0% 3948 MHz:   0% 3996 MHz:   0% 4044 MHz:   0% 4104 MHz:   0% 4416 MHz:   0% 4512 MHz: .30%)
CPU 9 idle residency:  12.30%
CPU 9 down residency:  86.79%

P1-Cluster HW active frequency: 3360 MHz
P1-Cluster HW active residency:  96.13% (1260 MHz: .53% 1512 MHz: .00% 1800 MHz: .01% 2088 MHz: .02% 2352 MHz:   0% 2616 MHz: 7.8% 2868 MHz:  31% 3096 MHz: .59% 3300 MHz:  10% 3468 MHz: 5.0% 3624 MHz: 4.0% 3756 MHz: 2.2% 3828 MHz: .39% 3888 MHz: 3.2% 3948 MHz:  22% 3996 MHz: 3.7% 4044 MHz: 4.9% 4104 MHz:   0% 4416 MHz:   0% 4512 MHz:   0%)
P1-Cluster idle residency:   3.87%
P1-Cluster down residency:   0.00%
CPU 10 frequency: 3991 MHz
CPU 10 active residency:  37.91% (1260 MHz: .01% 1512 MHz:   0% 1800 MHz:   0% 2088 MHz:   0% 2352 MHz:   0% 2616 MHz: .65% 2868 MHz: 4.4% 3096 MHz: .57% 3300 MHz: 4.0% 3468 MHz: 2.8% 3624 MHz: 1.6% 3756 MHz: .83% 3828 MHz: .39% 3888 MHz:   0% 3948 MHz: .35% 3996 MHz:   0% 4044 MHz:   0% 4104 MHz: .39% 4416 MHz: .35% 4512 MHz:  22%)
CPU 10 idle residency:  62.09%
CPU 10 down residency:   0.00%
CPU 11 frequency: 3480 MHz
CPU 11 active residency:  58.62% (1260 MHz: .05% 1512 MHz:   0% 1800 MHz:   0% 2088 MHz: .00% 2352 MHz:   0% 2616 MHz: 5.4% 2868 MHz:  24% 3096 MHz: .54% 3300 MHz: 3.4% 3468 MHz: 3.1% 3624 MHz: 2.1% 3756 MHz: .68% 3828 MHz: .36% 3888 MHz:   0% 3948 MHz: .33% 3996 MHz:   0% 4044 MHz:   0% 4104 MHz: .26% 4416 MHz: .32% 4512 MHz:  18%)
CPU 11 idle residency:  41.38%
CPU 11 down residency:   0.00%
CPU 12 frequency: 3482 MHz
CPU 12 active residency:  58.10% (1260 MHz: .10% 1512 MHz: .00% 1800 MHz: .01% 2088 MHz: .01% 2352 MHz:   0% 2616 MHz: 4.8% 2868 MHz:  23% 3096 MHz: .58% 3300 MHz: 6.1% 3468 MHz: 2.0% 3624 MHz: 1.0% 3756 MHz: .85% 3828 MHz: .06% 3888 MHz:   0% 3948 MHz:   0% 3996 MHz:   0% 4044 MHz:   0% 4104 MHz: .04% 4416 MHz:   0% 4512 MHz:  19%)
CPU 12 idle residency:  41.90%
CPU 12 down residency:   0.00%
CPU 13 frequency: 3730 MHz
CPU 13 active residency:  27.62% (1260 MHz: .02% 1512 MHz:   0% 1800 MHz: .01% 2088 MHz: .01% 2352 MHz:   0% 2616 MHz: .37% 2868 MHz: 1.7% 3096 MHz: .58% 3300 MHz: 8.5% 3468 MHz: 3.3% 3624 MHz: 1.9% 3756 MHz: 1.4% 3828 MHz: .39% 3888 MHz:   0% 3948 MHz: .39% 3996 MHz:   0% 4044 MHz:   0% 4104 MHz: .39% 4416 MHz: .39% 4512 MHz: 8.3%)
CPU 13 idle residency:  72.38%
CPU 13 down residency:   0.00%
CPU 14 frequency: 3547 MHz
CPU 14 active residency:  54.71% (1260 MHz: .07% 1512 MHz:   0% 1800 MHz:   0% 2088 MHz:   0% 2352 MHz:   0% 2616 MHz: 5.2% 2868 MHz:  21% 3096 MHz: .51% 3300 MHz: 1.4% 3468 MHz: 1.1% 3624 MHz: 2.4% 3756 MHz: 1.5% 3828 MHz: .36% 3888 MHz:   0% 3948 MHz: .31% 3996 MHz:   0% 4044 MHz:   0% 4104 MHz: .25% 4416 MHz:   0% 4512 MHz:  20%)
CPU 14 idle residency:  45.29%
CPU 14 down residency:   0.00%
CPU 15 frequency: 3862 MHz
CPU 15 active residency:  31.51% (1260 MHz: .01% 1512 MHz: .00% 1800 MHz: .00% 2088 MHz:   0% 2352 MHz:   0% 2616 MHz: .72% 2868 MHz: 3.7% 3096 MHz: .59% 3300 MHz: 5.4% 3468 MHz: 2.8% 3624 MHz: 2.4% 3756 MHz: .31% 3828 MHz: .09% 3888 MHz:   0% 3948 MHz: .04% 3996 MHz:   0% 4044 MHz:   0% 4104 MHz: .26% 4416 MHz: .32% 4512 MHz:  15%)
CPU 15 idle residency:  68.49%
CPU 15 down residency:   0.00%

CPU Power: 4168 mW
GPU Power: 32565 mW
ANE Power: 0 mW
Combined Power (CPU + GPU + ANE): 36734 mW

**** GPU usage ****

GPU HW active frequency: 1578 MHz
GPU HW active residency: 100.00% (338 MHz:   0% 618 MHz:   0% 796 MHz:   0% 924 MHz:   0% 952 MHz:   0% 1056 MHz:   0% 1062 MHz:   0% 1182 MHz:   0% 1182 MHz:   0% 1312 MHz:   0% 1242 MHz:   0% 1380 MHz:   0% 1326 MHz:   0% 1470 MHz:   0% 1578 MHz: 100%)
GPU SW requested state: (P1 :   0% P2 :   0% P3 :   0% P4 :   0% P5 :   0% P6 :   0% P7 :   0% P8 :   0% P9 :   0% P10 : 100% P11 :   0% P12 :   0% P13 :   0% P14 :   0% P15 :   0%)
GPU SW state: (SW_P1 :   0% SW_P2 :   0% SW_P3 :   0% SW_P4 :   0% SW_P5 :   0% SW_P6 :   0% SW_P7 :   0% SW_P8 :   0% SW_P9 :   0% SW_P10 : 100% SW_P11 :   0% SW_P12 :   0% SW_P13 :   0% SW_P14 :   0% SW_P15 :   0%)
GPU idle residency:   0.00%
GPU Power: 32567 mW



*** Sampled system activity (Tue Jan 20 15:15:43 2026 +0100) (1020.58ms elapsed) ***


**** Processor usage ****

E-Cluster Online: 100%
E-Cluster HW active frequency: 1430 MHz
E-Cluster HW active residency:  62.31% (1020 MHz:  36% 1404 MHz: 6.5% 1788 MHz: 7.9% 2112 MHz: 2.9% 2352 MHz: 1.2% 2532 MHz: 2.7% 2592 MHz: 5.1%)
E-Cluster idle residency:  37.69%
E-Cluster down residency:   0.00%
CPU 0 frequency: 1443 MHz
CPU 0 active residency:  29.39% (1020 MHz:  17% 1404 MHz: 2.7% 1788 MHz: 3.8% 2112 MHz: 1.3% 2352 MHz: .95% 2532 MHz: 1.7% 2592 MHz: 2.0%)
CPU 0 idle residency:  70.61%
CPU 0 down residency:   0.00%
CPU 1 frequency: 1414 MHz
CPU 1 active residency:  20.18% (1020 MHz:  11% 1404 MHz: 2.3% 1788 MHz: 3.4% 2112 MHz: .52% 2352 MHz: .49% 2532 MHz: .69% 2592 MHz: 1.4%)
CPU 1 idle residency:  79.82%
CPU 1 down residency:   0.00%
CPU 2 frequency: 1472 MHz
CPU 2 active residency:  12.73% (1020 MHz: 6.5% 1404 MHz: 1.5% 1788 MHz: 2.1% 2112 MHz: .81% 2352 MHz: .33% 2532 MHz: .77% 2592 MHz: .68%)
CPU 2 idle residency:  87.27%
CPU 2 down residency:   0.00%
CPU 3 frequency: 1477 MHz
CPU 3 active residency:   7.44% (1020 MHz: 3.8% 1404 MHz: .69% 1788 MHz: 1.6% 2112 MHz: .16% 2352 MHz: .37% 2532 MHz: .44% 2592 MHz: .35%)
CPU 3 idle residency:  92.56%
CPU 3 down residency:   0.00%

P0-Cluster Online: 17%
P0-Cluster HW active frequency: 3012 MHz
P0-Cluster HW active residency:  11.62% (1260 MHz: 1.1% 1512 MHz:   0% 1800 MHz: .07% 2088 MHz: .12% 2352 MHz:   0% 2616 MHz: .08% 2868 MHz: .82% 3096 MHz: 3.5% 3300 MHz: 3.8% 3468 MHz: 1.9% 3624 MHz: .17% 3756 MHz:   0% 3828 MHz:   0% 3888 MHz:   0% 3948 MHz:   0% 3996 MHz:   0% 4044 MHz:   0% 4104 MHz:   0% 4416 MHz:   0% 4512 MHz:   0%)
P0-Cluster idle residency:   4.33%
P0-Cluster down residency:  84.05%
CPU 4 frequency: 0 MHz
CPU 4 active residency:   0.00% (1260 MHz:   0% 1512 MHz:   0% 1800 MHz:   0% 2088 MHz:   0% 2352 MHz:   0% 2616 MHz:   0% 2868 MHz:   0% 3096 MHz:   0% 3300 MHz:   0% 3468 MHz:   0% 3624 MHz:   0% 3756 MHz:   0% 3828 MHz:   0% 3888 MHz:   0% 3948 MHz:   0% 3996 MHz:   0% 4044 MHz:   0% 4104 MHz:   0% 4416 MHz:   0% 4512 MHz:   0%)
CPU 4 idle residency:  11.00%
CPU 4 down residency:  89.00%
CPU 5 frequency: 0 MHz
CPU 5 active residency:   0.00% (1260 MHz:   0% 1512 MHz:   0% 1800 MHz:   0% 2088 MHz:   0% 2352 MHz:   0% 2616 MHz:   0% 2868 MHz:   0% 3096 MHz:   0% 3300 MHz:   0% 3468 MHz:   0% 3624 MHz:   0% 3756 MHz:   0% 3828 MHz:   0% 3888 MHz:   0% 3948 MHz:   0% 3996 MHz:   0% 4044 MHz:   0% 4104 MHz:   0% 4416 MHz:   0% 4512 MHz:   0%)
CPU 5 idle residency:   8.90%
CPU 5 down residency:  91.10%
CPU 6 frequency: 0 MHz
CPU 6 active residency:   0.00% (1260 MHz:   0% 1512 MHz:   0% 1800 MHz:   0% 2088 MHz:   0% 2352 MHz:   0% 2616 MHz:   0% 2868 MHz:   0% 3096 MHz:   0% 3300 MHz:   0% 3468 MHz:   0% 3624 MHz:   0% 3756 MHz:   0% 3828 MHz:   0% 3888 MHz:   0% 3948 MHz:   0% 3996 MHz:   0% 4044 MHz:   0% 4104 MHz:   0% 4416 MHz:   0% 4512 MHz:   0%)
CPU 6 idle residency:   8.87%
CPU 6 down residency:  91.13%
CPU 7 frequency: 0 MHz
CPU 7 active residency:   0.00% (1260 MHz:   0% 1512 MHz:   0% 1800 MHz:   0% 2088 MHz:   0% 2352 MHz:   0% 2616 MHz:   0% 2868 MHz:   0% 3096 MHz:   0% 3300 MHz:   0% 3468 MHz:   0% 3624 MHz:   0% 3756 MHz:   0% 3828 MHz:   0% 3888 MHz:   0% 3948 MHz:   0% 3996 MHz:   0% 4044 MHz:   0% 4104 MHz:   0% 4416 MHz:   0% 4512 MHz:   0%)
CPU 7 idle residency:  13.78%
CPU 7 down residency:  86.22%
CPU 8 frequency: 0 MHz
CPU 8 active residency:   0.00% (1260 MHz:   0% 1512 MHz:   0% 1800 MHz:   0% 2088 MHz:   0% 2352 MHz:   0% 2616 MHz:   0% 2868 MHz:   0% 3096 MHz:   0% 3300 MHz:   0% 3468 MHz:   0% 3624 MHz:   0% 3756 MHz:   0% 3828 MHz:   0% 3888 MHz:   0% 3948 MHz:   0% 3996 MHz:   0% 4044 MHz:   0% 4104 MHz:   0% 4416 MHz:   0% 4512 MHz:   0%)
CPU 8 idle residency:   9.19%
CPU 8 down residency:  90.81%
CPU 9 frequency: 0 MHz
CPU 9 active residency:   0.00% (1260 MHz:   0% 1512 MHz:   0% 1800 MHz:   0% 2088 MHz:   0% 2352 MHz:   0% 2616 MHz:   0% 2868 MHz:   0% 3096 MHz:   0% 3300 MHz:   0% 3468 MHz:   0% 3624 MHz:   0% 3756 MHz:   0% 3828 MHz:   0% 3888 MHz:   0% 3948 MHz:   0% 3996 MHz:   0% 4044 MHz:   0% 4104 MHz:   0% 4416 MHz:   0% 4512 MHz:   0%)
CPU 9 idle residency:  15.44%
CPU 9 down residency:  84.56%

P1-Cluster HW active frequency: 3293 MHz
P1-Cluster HW active residency:  87.14% (1260 MHz: .50% 1512 MHz: .01% 1800 MHz: .01% 2088 MHz: 1.2% 2352 MHz: 2.1% 2616 MHz: 4.8% 2868 MHz:  33% 3096 MHz: 9.7% 3300 MHz: .39% 3468 MHz: .39% 3624 MHz: .39% 3756 MHz:   0% 3828 MHz: .39% 3888 MHz: 4.0% 3948 MHz:  21% 3996 MHz: 4.5% 4044 MHz: 4.7% 4104 MHz:   0% 4416 MHz:   0% 4512 MHz:   0%)
P1-Cluster idle residency:   2.90%
P1-Cluster down residency:   9.96%
CPU 10 frequency: 3641 MHz
CPU 10 active residency:  32.55% (1260 MHz: .05% 1512 MHz:   0% 1800 MHz: .00% 2088 MHz: .58% 2352 MHz: .61% 2616 MHz: 2.9% 2868 MHz:  10% 3096 MHz: 1.4% 3300 MHz: .23% 3468 MHz: .33% 3624 MHz: .36% 3756 MHz:   0% 3828 MHz: .09% 3888 MHz:   0% 3948 MHz: .18% 3996 MHz:   0% 4044 MHz:   0% 4104 MHz: .35% 4416 MHz: .38% 4512 MHz:  15%)
CPU 10 idle residency:  57.50%
CPU 10 down residency:   9.95%
CPU 11 frequency: 3355 MHz
CPU 11 active residency:  55.94% (1260 MHz: .12% 1512 MHz: .01% 1800 MHz: .00% 2088 MHz: 1.0% 2352 MHz: 1.2% 2616 MHz: 3.9% 2868 MHz:  24% 3096 MHz: 6.9% 3300 MHz: .39% 3468 MHz: .39% 3624 MHz: .39% 3756 MHz:   0% 3828 MHz: .38% 3888 MHz:   0% 3948 MHz: .39% 3996 MHz:   0% 4044 MHz:   0% 4104 MHz: .30% 4416 MHz: .05% 4512 MHz:  16%)
CPU 11 idle residency:  34.11%
CPU 11 down residency:   9.95%
CPU 12 frequency: 3851 MHz
CPU 12 active residency:  40.38% (1260 MHz: .04% 1512 MHz: .00% 1800 MHz:   0% 2088 MHz: .05% 2352 MHz:   0% 2616 MHz: 1.4% 2868 MHz:  13% 3096 MHz: .90% 3300 MHz: .09% 3468 MHz: .32% 3624 MHz: .31% 3756 MHz:   0% 3828 MHz: .08% 3888 MHz:   0% 3948 MHz: .04% 3996 MHz:   0% 4044 MHz:   0% 4104 MHz:   0% 4416 MHz: .06% 4512 MHz:  24%)
CPU 12 idle residency:  49.67%
CPU 12 down residency:   9.95%
CPU 13 frequency: 3649 MHz
CPU 13 active residency:  43.93% (1260 MHz: .06% 1512 MHz:   0% 1800 MHz: .00% 2088 MHz: 1.1% 2352 MHz: 1.1% 2616 MHz: 1.2% 2868 MHz:  12% 3096 MHz: 7.2% 3300 MHz: .06% 3468 MHz: .18% 3624 MHz: .26% 3756 MHz:   0% 3828 MHz: .00% 3888 MHz:   0% 3948 MHz: .11% 3996 MHz:   0% 4044 MHz:   0% 4104 MHz: .28% 4416 MHz: .34% 4512 MHz:  20%)
CPU 13 idle residency:  46.11%
CPU 13 down residency:   9.97%
CPU 14 frequency: 3552 MHz
CPU 14 active residency:  30.92% (1260 MHz: .05% 1512 MHz: .00% 1800 MHz: .00% 2088 MHz: .00% 2352 MHz:   0% 2616 MHz: 1.3% 2868 MHz:  14% 3096 MHz: 1.3% 3300 MHz: .39% 3468 MHz: .39% 3624 MHz: .39% 3756 MHz:   0% 3828 MHz: .39% 3888 MHz:   0% 3948 MHz: .39% 3996 MHz:   0% 4044 MHz:   0% 4104 MHz: .39% 4416 MHz: .39% 4512 MHz:  11%)
CPU 14 idle residency:  59.13%
CPU 14 down residency:   9.95%
CPU 15 frequency: 3610 MHz
CPU 15 active residency:  43.92% (1260 MHz: .06% 1512 MHz:   0% 1800 MHz: .00% 2088 MHz: .68% 2352 MHz: 1.0% 2616 MHz: 2.8% 2868 MHz:  13% 3096 MHz: 6.5% 3300 MHz: .02% 3468 MHz: .08% 3624 MHz: .04% 3756 MHz:   0% 3828 MHz:   0% 3888 MHz:   0% 3948 MHz: .04% 3996 MHz:   0% 4044 MHz:   0% 4104 MHz: .25% 4416 MHz: .35% 4512 MHz:  19%)
CPU 15 idle residency:  46.12%
CPU 15 down residency:   9.95%

CPU Power: 4201 mW
GPU Power: 32330 mW
ANE Power: 0 mW
Combined Power (CPU + GPU + ANE): 36530 mW

**** GPU usage ****

GPU HW active frequency: 1578 MHz
GPU HW active residency: 100.00% (338 MHz:   0% 618 MHz:   0% 796 MHz:   0% 924 MHz:   0% 952 MHz:   0% 1056 MHz:   0% 1062 MHz:   0% 1182 MHz:   0% 1182 MHz:   0% 1312 MHz:   0% 1242 MHz:   0% 1380 MHz:   0% 1326 MHz:   0% 1470 MHz:   0% 1578 MHz: 100%)
GPU SW requested state: (P1 :   0% P2 :   0% P3 :   0% P4 :   0% P5 :   0% P6 :   0% P7 :   0% P8 :   0% P9 :   0% P10 : 100% P11 :   0% P12 :   0% P13 :   0% P14 :   0% P15 :   0%)
GPU SW state: (SW_P1 :   0% SW_P2 :   0% SW_P3 :   0% SW_P4 :   0% SW_P5 :   0% SW_P6 :   0% SW_P7 :   0% SW_P8 :   0% SW_P9 :   0% SW_P10 : 100% SW_P11 :   0% SW_P12 :   0% SW_P13 :   0% SW_P14 :   0% SW_P15 :   0%)
GPU idle residency:   0.00%
GPU Power: 32331 mW



*** Sampled system activity (Tue Jan 20 15:15:44 2026 +0100) (1021.45ms elapsed) ***


**** Processor usage ****

E-Cluster Online: 100%
E-Cluster HW active frequency: 1320 MHz
E-Cluster HW active residency:  61.35% (1020 MHz:  37% 1404 MHz:  12% 1788 MHz: 5.0% 2112 MHz: 1.8% 2352 MHz: .96% 2532 MHz: 1.7% 2592 MHz: 2.6%)
E-Cluster idle residency:  38.65%
E-Cluster down residency:   0.00%
CPU 0 frequency: 1287 MHz
CPU 0 active residency:  30.11% (1020 MHz:  19% 1404 MHz: 6.1% 1788 MHz: 2.2% 2112 MHz: .80% 2352 MHz: .47% 2532 MHz: .76% 2592 MHz: .87%)
CPU 0 idle residency:  69.89%
CPU 0 down residency:   0.00%
CPU 1 frequency: 1301 MHz
CPU 1 active residency:  18.56% (1020 MHz:  12% 1404 MHz: 3.5% 1788 MHz: 1.6% 2112 MHz: .36% 2352 MHz: .44% 2532 MHz: .49% 2592 MHz: .58%)
CPU 1 idle residency:  81.44%
CPU 1 down residency:   0.00%
CPU 2 frequency: 1273 MHz
CPU 2 active residency:  12.83% (1020 MHz: 8.5% 1404 MHz: 2.3% 1788 MHz: .76% 2112 MHz: .33% 2352 MHz: .21% 2532 MHz: .39% 2592 MHz: .34%)
CPU 2 idle residency:  87.17%
CPU 2 down residency:   0.00%
CPU 3 frequency: 1371 MHz
CPU 3 active residency:  12.01% (1020 MHz: 6.6% 1404 MHz: 2.2% 1788 MHz: 1.6% 2112 MHz: .69% 2352 MHz: .17% 2532 MHz: .42% 2592 MHz: .32%)
CPU 3 idle residency:  87.99%
CPU 3 down residency:   0.00%

P0-Cluster Online: 1%
P0-Cluster HW active frequency: 1260 MHz
P0-Cluster HW active residency:   0.13% (1260 MHz: .13% 1512 MHz:   0% 1800 MHz:   0% 2088 MHz:   0% 2352 MHz:   0% 2616 MHz:   0% 2868 MHz:   0% 3096 MHz:   0% 3300 MHz:   0% 3468 MHz:   0% 3624 MHz:   0% 3756 MHz:   0% 3828 MHz:   0% 3888 MHz:   0% 3948 MHz:   0% 3996 MHz:   0% 4044 MHz:   0% 4104 MHz:   0% 4416 MHz:   0% 4512 MHz:   0%)
P0-Cluster idle residency:   0.53%
P0-Cluster down residency:  99.34%
CPU 4 frequency: 0 MHz
CPU 4 active residency:   0.00% (1260 MHz:   0% 1512 MHz:   0% 1800 MHz:   0% 2088 MHz:   0% 2352 MHz:   0% 2616 MHz:   0% 2868 MHz:   0% 3096 MHz:   0% 3300 MHz:   0% 3468 MHz:   0% 3624 MHz:   0% 3756 MHz:   0% 3828 MHz:   0% 3888 MHz:   0% 3948 MHz:   0% 3996 MHz:   0% 4044 MHz:   0% 4104 MHz:   0% 4416 MHz:   0% 4512 MHz:   0%)
CPU 4 idle residency:   0.63%
CPU 4 down residency:  99.37%
CPU 5 frequency: 0 MHz
CPU 5 active residency:   0.00% (1260 MHz:   0% 1512 MHz:   0% 1800 MHz:   0% 2088 MHz:   0% 2352 MHz:   0% 2616 MHz:   0% 2868 MHz:   0% 3096 MHz:   0% 3300 MHz:   0% 3468 MHz:   0% 3624 MHz:   0% 3756 MHz:   0% 3828 MHz:   0% 3888 MHz:   0% 3948 MHz:   0% 3996 MHz:   0% 4044 MHz:   0% 4104 MHz:   0% 4416 MHz:   0% 4512 MHz:   0%)
CPU 5 idle residency:   0.63%
CPU 5 down residency:  99.37%
CPU 6 frequency: 0 MHz
CPU 6 active residency:   0.00% (1260 MHz:   0% 1512 MHz:   0% 1800 MHz:   0% 2088 MHz:   0% 2352 MHz:   0% 2616 MHz:   0% 2868 MHz:   0% 3096 MHz:   0% 3300 MHz:   0% 3468 MHz:   0% 3624 MHz:   0% 3756 MHz:   0% 3828 MHz:   0% 3888 MHz:   0% 3948 MHz:   0% 3996 MHz:   0% 4044 MHz:   0% 4104 MHz:   0% 4416 MHz:   0% 4512 MHz:   0%)
CPU 6 idle residency:   0.63%
CPU 6 down residency:  99.37%
CPU 7 frequency: 0 MHz
CPU 7 active residency:   0.00% (1260 MHz:   0% 1512 MHz:   0% 1800 MHz:   0% 2088 MHz:   0% 2352 MHz:   0% 2616 MHz:   0% 2868 MHz:   0% 3096 MHz:   0% 3300 MHz:   0% 3468 MHz:   0% 3624 MHz:   0% 3756 MHz:   0% 3828 MHz:   0% 3888 MHz:   0% 3948 MHz:   0% 3996 MHz:   0% 4044 MHz:   0% 4104 MHz:   0% 4416 MHz:   0% 4512 MHz:   0%)
CPU 7 idle residency:   0.63%
CPU 7 down residency:  99.37%
CPU 8 frequency: 0 MHz
CPU 8 active residency:   0.00% (1260 MHz:   0% 1512 MHz:   0% 1800 MHz:   0% 2088 MHz:   0% 2352 MHz:   0% 2616 MHz:   0% 2868 MHz:   0% 3096 MHz:   0% 3300 MHz:   0% 3468 MHz:   0% 3624 MHz:   0% 3756 MHz:   0% 3828 MHz:   0% 3888 MHz:   0% 3948 MHz:   0% 3996 MHz:   0% 4044 MHz:   0% 4104 MHz:   0% 4416 MHz:   0% 4512 MHz:   0%)
CPU 8 idle residency:   0.63%
CPU 8 down residency:  99.37%
CPU 9 frequency: 0 MHz
CPU 9 active residency:   0.00% (1260 MHz:   0% 1512 MHz:   0% 1800 MHz:   0% 2088 MHz:   0% 2352 MHz:   0% 2616 MHz:   0% 2868 MHz:   0% 3096 MHz:   0% 3300 MHz:   0% 3468 MHz:   0% 3624 MHz:   0% 3756 MHz:   0% 3828 MHz:   0% 3888 MHz:   0% 3948 MHz:   0% 3996 MHz:   0% 4044 MHz:   0% 4104 MHz:   0% 4416 MHz:   0% 4512 MHz:   0%)
CPU 9 idle residency:   0.63%
CPU 9 down residency:  99.37%

P1-Cluster HW active frequency: 3224 MHz
P1-Cluster HW active residency:  95.91% (1260 MHz: .53% 1512 MHz: .00% 1800 MHz: .00% 2088 MHz: 1.5% 2352 MHz:  12% 2616 MHz: 7.5% 2868 MHz:  22% 3096 MHz: 6.7% 3300 MHz: 9.5% 3468 MHz: 1.5% 3624 MHz: .39% 3756 MHz: .38% 3828 MHz:   0% 3888 MHz: 3.6% 3948 MHz:  22% 3996 MHz: 3.5% 4044 MHz: 4.5% 4104 MHz:   0% 4416 MHz:   0% 4512 MHz:   0%)
P1-Cluster idle residency:   4.09%
P1-Cluster down residency:   0.00%
CPU 10 frequency: 3369 MHz
CPU 10 active residency:  58.51% (1260 MHz: .08% 1512 MHz:   0% 1800 MHz:   0% 2088 MHz: 1.1% 2352 MHz: 8.6% 2616 MHz: 4.9% 2868 MHz:  16% 3096 MHz: 4.6% 3300 MHz: 2.2% 3468 MHz: .06% 3624 MHz: .32% 3756 MHz: .19% 3828 MHz:   0% 3888 MHz:   0% 3948 MHz: .29% 3996 MHz:   0% 4044 MHz:   0% 4104 MHz: .28% 4416 MHz: .22% 4512 MHz:  20%)
CPU 10 idle residency:  41.49%
CPU 10 down residency:   0.00%
CPU 11 frequency: 3682 MHz
CPU 11 active residency:  31.63% (1260 MHz: .01% 1512 MHz:   0% 1800 MHz: .00% 2088 MHz: .14% 2352 MHz: .47% 2616 MHz: .30% 2868 MHz: 2.9% 3096 MHz: 5.9% 3300 MHz: 7.6% 3468 MHz: .90% 3624 MHz: .39% 3756 MHz: .38% 3828 MHz:   0% 3888 MHz:   0% 3948 MHz: .39% 3996 MHz:   0% 4044 MHz:   0% 4104 MHz: .39% 4416 MHz: .77% 4512 MHz:  11%)
CPU 11 idle residency:  68.37%
CPU 11 down residency:   0.00%
CPU 12 frequency: 3235 MHz
CPU 12 active residency:  43.32% (1260 MHz: .07% 1512 MHz:   0% 1800 MHz:   0% 2088 MHz: 1.1% 2352 MHz: 8.7% 2616 MHz: 4.3% 2868 MHz:  14% 3096 MHz: .78% 3300 MHz: .27% 3468 MHz: .02% 3624 MHz:   0% 3756 MHz: .07% 3828 MHz:   0% 3888 MHz:   0% 3948 MHz: .00% 3996 MHz:   0% 4044 MHz:   0% 4104 MHz: .22% 4416 MHz: .15% 4512 MHz:  13%)
CPU 12 idle residency:  56.68%
CPU 12 down residency:   0.00%
CPU 13 frequency: 3353 MHz
CPU 13 active residency:  59.75% (1260 MHz: .09% 1512 MHz: .00% 1800 MHz: .00% 2088 MHz: .74% 2352 MHz: 8.9% 2616 MHz: 5.1% 2868 MHz:  14% 3096 MHz: 4.9% 3300 MHz: 6.6% 3468 MHz: .23% 3624 MHz: .26% 3756 MHz: .33% 3828 MHz:   0% 3888 MHz:   0% 3948 MHz: .26% 3996 MHz:   0% 4044 MHz:   0% 4104 MHz: .07% 4416 MHz: .19% 4512 MHz:  18%)
CPU 13 idle residency:  40.25%
CPU 13 down residency:   0.00%
CPU 14 frequency: 4299 MHz
CPU 14 active residency:  25.47% (1260 MHz: .00% 1512 MHz:   0% 1800 MHz:   0% 2088 MHz: .70% 2352 MHz: 1.1% 2616 MHz: .03% 2868 MHz: .71% 3096 MHz: .09% 3300 MHz: .00% 3468 MHz: .00% 3624 MHz:   0% 3756 MHz: .02% 3828 MHz:   0% 3888 MHz:   0% 3948 MHz:   0% 3996 MHz:   0% 4044 MHz:   0% 4104 MHz: .04% 4416 MHz: .34% 4512 MHz:  22%)
CPU 14 idle residency:  74.53%
CPU 14 down residency:   0.00%
CPU 15 frequency: 3973 MHz
CPU 15 active residency:  34.61% (1260 MHz: .03% 1512 MHz: .00% 1800 MHz:   0% 2088 MHz: .01% 2352 MHz: .07% 2616 MHz: .03% 2868 MHz: .70% 3096 MHz: 5.6% 3300 MHz: 6.5% 3468 MHz: .55% 3624 MHz: .29% 3756 MHz: .33% 3828 MHz:   0% 3888 MHz:   0% 3948 MHz: .25% 3996 MHz:   0% 4044 MHz:   0% 4104 MHz: .30% 4416 MHz: .29% 4512 MHz:  20%)
CPU 15 idle residency:  65.39%
CPU 15 down residency:   0.00%

CPU Power: 3834 mW
GPU Power: 32706 mW
ANE Power: 0 mW
Combined Power (CPU + GPU + ANE): 36540 mW

**** GPU usage ****

GPU HW active frequency: 1578 MHz
GPU HW active residency: 100.00% (338 MHz:   0% 618 MHz:   0% 796 MHz:   0% 924 MHz:   0% 952 MHz:   0% 1056 MHz:   0% 1062 MHz:   0% 1182 MHz:   0% 1182 MHz:   0% 1312 MHz:   0% 1242 MHz:   0% 1380 MHz:   0% 1326 MHz:   0% 1470 MHz:   0% 1578 MHz: 100%)
GPU SW requested state: (P1 :   0% P2 :   0% P3 :   0% P4 :   0% P5 :   0% P6 :   0% P7 :   0% P8 :   0% P9 :   0% P10 : 100% P11 :   0% P12 :   0% P13 :   0% P14 :   0% P15 :   0%)
GPU SW state: (SW_P1 :   0% SW_P2 :   0% SW_P3 :   0% SW_P4 :   0% SW_P5 :   0% SW_P6 :   0% SW_P7 :   0% SW_P8 :   0% SW_P9 :   0% SW_P10 : 100% SW_P11 :   0% SW_P12 :   0% SW_P13 :   0% SW_P14 :   0% SW_P15 :   0%)
GPU idle residency:   0.00%
GPU Power: 32707 mW



*** Sampled system activity (Tue Jan 20 15:15:45 2026 +0100) (1021.63ms elapsed) ***


**** Processor usage ****

E-Cluster Online: 100%
E-Cluster HW active frequency: 1362 MHz
E-Cluster HW active residency:  60.34% (1020 MHz:  39% 1404 MHz: 5.4% 1788 MHz: 5.9% 2112 MHz: 2.5% 2352 MHz: 2.0% 2532 MHz: 1.1% 2592 MHz: 4.5%)
E-Cluster idle residency:  39.66%
E-Cluster down residency:   0.00%
CPU 0 frequency: 1371 MHz
CPU 0 active residency:  27.85% (1020 MHz:  17% 1404 MHz: 2.8% 1788 MHz: 2.9% 2112 MHz: 1.3% 2352 MHz: .94% 2532 MHz: .84% 2592 MHz: 1.6%)
CPU 0 idle residency:  72.15%
CPU 0 down residency:   0.00%
CPU 1 frequency: 1364 MHz
CPU 1 active residency:  19.18% (1020 MHz:  12% 1404 MHz: 2.3% 1788 MHz: 2.2% 2112 MHz: .50% 2352 MHz: .88% 2532 MHz: .26% 2592 MHz: 1.2%)
CPU 1 idle residency:  80.82%
CPU 1 down residency:   0.00%
CPU 2 frequency: 1431 MHz
CPU 2 active residency:  10.18% (1020 MHz: 5.9% 1404 MHz: .96% 1788 MHz: 1.1% 2112 MHz: .50% 2352 MHz: .98% 2532 MHz: .25% 2592 MHz: .49%)
CPU 2 idle residency:  89.82%
CPU 2 down residency:   0.00%
CPU 3 frequency: 1393 MHz
CPU 3 active residency:   7.61% (1020 MHz: 4.5% 1404 MHz: .92% 1788 MHz: 1.0% 2112 MHz: .16% 2352 MHz: .38% 2532 MHz: .40% 2592 MHz: .26%)
CPU 3 idle residency:  92.39%
CPU 3 down residency:   0.00%

P0-Cluster Online: 23%
P0-Cluster HW active frequency: 2423 MHz
P0-Cluster HW active residency:   9.34% (1260 MHz: 4.4% 1512 MHz: .15% 1800 MHz: .06% 2088 MHz: .05% 2352 MHz:   0% 2616 MHz:   0% 2868 MHz: .54% 3096 MHz: .74% 3300 MHz: .45% 3468 MHz: .47% 3624 MHz: .38% 3756 MHz:   0% 3828 MHz: .39% 3888 MHz: .10% 3948 MHz: .60% 3996 MHz: .03% 4044 MHz: .98% 4104 MHz:   0% 4416 MHz:   0% 4512 MHz:   0%)
P0-Cluster idle residency:  12.27%
P0-Cluster down residency:  78.38%
CPU 4 frequency: 0 MHz
CPU 4 active residency:   0.00% (1260 MHz:   0% 1512 MHz:   0% 1800 MHz:   0% 2088 MHz:   0% 2352 MHz:   0% 2616 MHz:   0% 2868 MHz:   0% 3096 MHz:   0% 3300 MHz:   0% 3468 MHz:   0% 3624 MHz:   0% 3756 MHz:   0% 3828 MHz:   0% 3888 MHz:   0% 3948 MHz:   0% 3996 MHz:   0% 4044 MHz:   0% 4104 MHz:   0% 4416 MHz:   0% 4512 MHz:   0%)
CPU 4 idle residency:  20.85%
CPU 4 down residency:  79.15%
CPU 5 frequency: 0 MHz
CPU 5 active residency:   0.00% (1260 MHz:   0% 1512 MHz:   0% 1800 MHz:   0% 2088 MHz:   0% 2352 MHz:   0% 2616 MHz:   0% 2868 MHz:   0% 3096 MHz:   0% 3300 MHz:   0% 3468 MHz:   0% 3624 MHz:   0% 3756 MHz:   0% 3828 MHz:   0% 3888 MHz:   0% 3948 MHz:   0% 3996 MHz:   0% 4044 MHz:   0% 4104 MHz:   0% 4416 MHz:   0% 4512 MHz:   0%)
CPU 5 idle residency:  19.21%
CPU 5 down residency:  80.79%
CPU 6 frequency: 0 MHz
CPU 6 active residency:   0.00% (1260 MHz:   0% 1512 MHz:   0% 1800 MHz:   0% 2088 MHz:   0% 2352 MHz:   0% 2616 MHz:   0% 2868 MHz:   0% 3096 MHz:   0% 3300 MHz:   0% 3468 MHz:   0% 3624 MHz:   0% 3756 MHz:   0% 3828 MHz:   0% 3888 MHz:   0% 3948 MHz:   0% 3996 MHz:   0% 4044 MHz:   0% 4104 MHz:   0% 4416 MHz:   0% 4512 MHz:   0%)
CPU 6 idle residency:  19.93%
CPU 6 down residency:  80.07%
CPU 7 frequency: 0 MHz
CPU 7 active residency:   0.00% (1260 MHz:   0% 1512 MHz:   0% 1800 MHz:   0% 2088 MHz:   0% 2352 MHz:   0% 2616 MHz:   0% 2868 MHz:   0% 3096 MHz:   0% 3300 MHz:   0% 3468 MHz:   0% 3624 MHz:   0% 3756 MHz:   0% 3828 MHz:   0% 3888 MHz:   0% 3948 MHz:   0% 3996 MHz:   0% 4044 MHz:   0% 4104 MHz:   0% 4416 MHz:   0% 4512 MHz:   0%)
CPU 7 idle residency:  21.10%
CPU 7 down residency:  78.90%
CPU 8 frequency: 0 MHz
CPU 8 active residency:   0.00% (1260 MHz:   0% 1512 MHz:   0% 1800 MHz:   0% 2088 MHz:   0% 2352 MHz:   0% 2616 MHz:   0% 2868 MHz:   0% 3096 MHz:   0% 3300 MHz:   0% 3468 MHz:   0% 3624 MHz:   0% 3756 MHz:   0% 3828 MHz:   0% 3888 MHz:   0% 3948 MHz:   0% 3996 MHz:   0% 4044 MHz:   0% 4104 MHz:   0% 4416 MHz:   0% 4512 MHz:   0%)
CPU 8 idle residency:  18.06%
CPU 8 down residency:  81.94%
CPU 9 frequency: 0 MHz
CPU 9 active residency:   0.00% (1260 MHz:   0% 1512 MHz:   0% 1800 MHz:   0% 2088 MHz:   0% 2352 MHz:   0% 2616 MHz:   0% 2868 MHz:   0% 3096 MHz:   0% 3300 MHz:   0% 3468 MHz:   0% 3624 MHz:   0% 3756 MHz:   0% 3828 MHz:   0% 3888 MHz:   0% 3948 MHz:   0% 3996 MHz:   0% 4044 MHz:   0% 4104 MHz:   0% 4416 MHz:   0% 4512 MHz:   0%)
CPU 9 idle residency:  21.29%
CPU 9 down residency:  78.71%

P1-Cluster HW active frequency: 3305 MHz
P1-Cluster HW active residency:  97.01% (1260 MHz: .44% 1512 MHz: .05% 1800 MHz: .02% 2088 MHz: .02% 2352 MHz: .01% 2616 MHz: 3.5% 2868 MHz:  38% 3096 MHz:  15% 3300 MHz: 4.4% 3468 MHz: .60% 3624 MHz: .20% 3756 MHz: .26% 3828 MHz:   0% 3888 MHz: 6.5% 3948 MHz:  21% 3996 MHz: 4.2% 4044 MHz: 3.2% 4104 MHz:   0% 4416 MHz:   0% 4512 MHz:   0%)
P1-Cluster idle residency:   2.99%
P1-Cluster down residency:   0.00%
CPU 10 frequency: 3601 MHz
CPU 10 active residency:  50.52% (1260 MHz: .06% 1512 MHz: .02% 1800 MHz: .01% 2088 MHz: .01% 2352 MHz:   0% 2616 MHz: 1.7% 2868 MHz:  18% 3096 MHz: 5.8% 3300 MHz: 3.4% 3468 MHz: .56% 3624 MHz: .18% 3756 MHz: .24% 3828 MHz:   0% 3888 MHz:   0% 3948 MHz:   0% 3996 MHz:   0% 4044 MHz:   0% 4104 MHz:   0% 4416 MHz:   0% 4512 MHz:  21%)
CPU 10 idle residency:  49.48%
CPU 10 down residency:   0.00%
CPU 11 frequency: 3513 MHz
CPU 11 active residency:  55.89% (1260 MHz: .05% 1512 MHz:   0% 1800 MHz: .01% 2088 MHz: .00% 2352 MHz: .01% 2616 MHz: 3.1% 2868 MHz:  21% 3096 MHz: 8.5% 3300 MHz: 1.2% 3468 MHz: .67% 3624 MHz: .10% 3756 MHz: .22% 3828 MHz:   0% 3888 MHz:   0% 3948 MHz:   0% 3996 MHz:   0% 4044 MHz:   0% 4104 MHz:   0% 4416 MHz:   0% 4512 MHz:  21%)
CPU 11 idle residency:  44.11%
CPU 11 down residency:   0.00%
CPU 12 frequency: 3760 MHz
CPU 12 active residency:  34.81% (1260 MHz: .01% 1512 MHz: .00% 1800 MHz: .01% 2088 MHz: .00% 2352 MHz: .00% 2616 MHz: .83% 2868 MHz:  12% 3096 MHz: 2.0% 3300 MHz: .92% 3468 MHz: .57% 3624 MHz: .20% 3756 MHz: .06% 3828 MHz:   0% 3888 MHz:   0% 3948 MHz:   0% 3996 MHz:   0% 4044 MHz:   0% 4104 MHz:   0% 4416 MHz:   0% 4512 MHz:  18%)
CPU 12 idle residency:  65.19%
CPU 12 down residency:   0.00%
CPU 13 frequency: 3903 MHz
CPU 13 active residency:  38.14% (1260 MHz: .02% 1512 MHz: .03% 1800 MHz: .00% 2088 MHz: .01% 2352 MHz:   0% 2616 MHz: .40% 2868 MHz:  12% 3096 MHz: 1.1% 3300 MHz: .76% 3468 MHz: .54% 3624 MHz: .17% 3756 MHz: .15% 3828 MHz:   0% 3888 MHz:   0% 3948 MHz:   0% 3996 MHz:   0% 4044 MHz:   0% 4104 MHz:   0% 4416 MHz:   0% 4512 MHz:  23%)
CPU 13 idle residency:  61.86%
CPU 13 down residency:   0.00%
CPU 14 frequency: 3445 MHz
CPU 14 active residency:  50.86% (1260 MHz: .06% 1512 MHz: .01% 1800 MHz: .01% 2088 MHz: .00% 2352 MHz:   0% 2616 MHz: 2.1% 2868 MHz:  18% 3096 MHz: 9.9% 3300 MHz: 3.9% 3468 MHz: .62% 3624 MHz: .20% 3756 MHz: .19% 3828 MHz:   0% 3888 MHz:   0% 3948 MHz:   0% 3996 MHz:   0% 4044 MHz:   0% 4104 MHz:   0% 4416 MHz:   0% 4512 MHz:  15%)
CPU 14 idle residency:  49.14%
CPU 14 down residency:   0.00%
CPU 15 frequency: 3643 MHz
CPU 15 active residency:  53.04% (1260 MHz: .05% 1512 MHz:   0% 1800 MHz: .02% 2088 MHz: .00% 2352 MHz: .00% 2616 MHz: 2.1% 2868 MHz:  15% 3096 MHz: 9.1% 3300 MHz: 3.3% 3468 MHz: .59% 3624 MHz: .20% 3756 MHz: .16% 3828 MHz:   0% 3888 MHz:   0% 3948 MHz:   0% 3996 MHz:   0% 4044 MHz:   0% 4104 MHz:   0% 4416 MHz:   0% 4512 MHz:  23%)
CPU 15 idle residency:  46.96%
CPU 15 down residency:   0.00%

CPU Power: 4611 mW
GPU Power: 32502 mW
ANE Power: 0 mW
Combined Power (CPU + GPU + ANE): 37113 mW

**** GPU usage ****

GPU HW active frequency: 1578 MHz
GPU HW active residency: 100.00% (338 MHz:   0% 618 MHz:   0% 796 MHz:   0% 924 MHz:   0% 952 MHz:   0% 1056 MHz:   0% 1062 MHz:   0% 1182 MHz:   0% 1182 MHz:   0% 1312 MHz:   0% 1242 MHz:   0% 1380 MHz:   0% 1326 MHz:   0% 1470 MHz:   0% 1578 MHz: 100%)
GPU SW requested state: (P1 :   0% P2 :   0% P3 :   0% P4 :   0% P5 :   0% P6 :   0% P7 :   0% P8 :   0% P9 :   0% P10 : 100% P11 :   0% P12 :   0% P13 :   0% P14 :   0% P15 :   0%)
GPU SW state: (SW_P1 :   0% SW_P2 :   0% SW_P3 :   0% SW_P4 :   0% SW_P5 :   0% SW_P6 :   0% SW_P7 :   0% SW_P8 :   0% SW_P9 :   0% SW_P10 : 100% SW_P11 :   0% SW_P12 :   0% SW_P13 :   0% SW_P14 :   0% SW_P15 :   0%)
GPU idle residency:   0.00%
GPU Power: 32500 mW



*** Sampled system activity (Tue Jan 20 15:15:46 2026 +0100) (1020.36ms elapsed) ***


**** Processor usage ****

E-Cluster Online: 100%
E-Cluster HW active frequency: 1387 MHz
E-Cluster HW active residency:  61.02% (1020 MHz:  37% 1404 MHz: 6.7% 1788 MHz: 6.5% 2112 MHz: 3.4% 2352 MHz: 1.8% 2532 MHz: 1.5% 2592 MHz: 4.2%)
E-Cluster idle residency:  38.98%
E-Cluster down residency:   0.00%
CPU 0 frequency: 1344 MHz
CPU 0 active residency:  33.11% (1020 MHz:  21% 1404 MHz: 4.1% 1788 MHz: 3.6% 2112 MHz: 1.4% 2352 MHz: .75% 2532 MHz: .67% 2592 MHz: 1.8%)
CPU 0 idle residency:  66.89%
CPU 0 down residency:   0.00%
CPU 1 frequency: 1378 MHz
CPU 1 active residency:  20.33% (1020 MHz:  12% 1404 MHz: 2.2% 1788 MHz: 2.5% 2112 MHz: 1.3% 2352 MHz: .83% 2532 MHz: .53% 2592 MHz: .82%)
CPU 1 idle residency:  79.67%
CPU 1 down residency:   0.00%
CPU 2 frequency: 1308 MHz
CPU 2 active residency:  11.37% (1020 MHz: 7.6% 1404 MHz: 1.2% 1788 MHz: 1.3% 2112 MHz: .31% 2352 MHz: .36% 2532 MHz: .16% 2592 MHz: .51%)
CPU 2 idle residency:  88.63%
CPU 2 down residency:   0.00%
CPU 3 frequency: 1345 MHz
CPU 3 active residency:   7.35% (1020 MHz: 4.5% 1404 MHz: .92% 1788 MHz: .81% 2112 MHz: .55% 2352 MHz: .27% 2532 MHz: .06% 2592 MHz: .23%)
CPU 3 idle residency:  92.65%
CPU 3 down residency:   0.00%

P0-Cluster Online: 4%
P0-Cluster HW active frequency: 1260 MHz
P0-Cluster HW active residency:   0.58% (1260 MHz: .58% 1512 MHz:   0% 1800 MHz:   0% 2088 MHz:   0% 2352 MHz:   0% 2616 MHz:   0% 2868 MHz:   0% 3096 MHz:   0% 3300 MHz:   0% 3468 MHz:   0% 3624 MHz:   0% 3756 MHz:   0% 3828 MHz:   0% 3888 MHz:   0% 3948 MHz:   0% 3996 MHz:   0% 4044 MHz:   0% 4104 MHz:   0% 4416 MHz:   0% 4512 MHz:   0%)
P0-Cluster idle residency:   2.37%
P0-Cluster down residency:  97.05%
CPU 4 frequency: 0 MHz
CPU 4 active residency:   0.00% (1260 MHz:   0% 1512 MHz:   0% 1800 MHz:   0% 2088 MHz:   0% 2352 MHz:   0% 2616 MHz:   0% 2868 MHz:   0% 3096 MHz:   0% 3300 MHz:   0% 3468 MHz:   0% 3624 MHz:   0% 3756 MHz:   0% 3828 MHz:   0% 3888 MHz:   0% 3948 MHz:   0% 3996 MHz:   0% 4044 MHz:   0% 4104 MHz:   0% 4416 MHz:   0% 4512 MHz:   0%)
CPU 4 idle residency:   2.79%
CPU 4 down residency:  97.21%
CPU 5 frequency: 0 MHz
CPU 5 active residency:   0.00% (1260 MHz:   0% 1512 MHz:   0% 1800 MHz:   0% 2088 MHz:   0% 2352 MHz:   0% 2616 MHz:   0% 2868 MHz:   0% 3096 MHz:   0% 3300 MHz:   0% 3468 MHz:   0% 3624 MHz:   0% 3756 MHz:   0% 3828 MHz:   0% 3888 MHz:   0% 3948 MHz:   0% 3996 MHz:   0% 4044 MHz:   0% 4104 MHz:   0% 4416 MHz:   0% 4512 MHz:   0%)
CPU 5 idle residency:   2.80%
CPU 5 down residency:  97.20%
CPU 6 frequency: 0 MHz
CPU 6 active residency:   0.00% (1260 MHz:   0% 1512 MHz:   0% 1800 MHz:   0% 2088 MHz:   0% 2352 MHz:   0% 2616 MHz:   0% 2868 MHz:   0% 3096 MHz:   0% 3300 MHz:   0% 3468 MHz:   0% 3624 MHz:   0% 3756 MHz:   0% 3828 MHz:   0% 3888 MHz:   0% 3948 MHz:   0% 3996 MHz:   0% 4044 MHz:   0% 4104 MHz:   0% 4416 MHz:   0% 4512 MHz:   0%)
CPU 6 idle residency:   2.80%
CPU 6 down residency:  97.20%
CPU 7 frequency: 0 MHz
CPU 7 active residency:   0.00% (1260 MHz:   0% 1512 MHz:   0% 1800 MHz:   0% 2088 MHz:   0% 2352 MHz:   0% 2616 MHz:   0% 2868 MHz:   0% 3096 MHz:   0% 3300 MHz:   0% 3468 MHz:   0% 3624 MHz:   0% 3756 MHz:   0% 3828 MHz:   0% 3888 MHz:   0% 3948 MHz:   0% 3996 MHz:   0% 4044 MHz:   0% 4104 MHz:   0% 4416 MHz:   0% 4512 MHz:   0%)
CPU 7 idle residency:   2.80%
CPU 7 down residency:  97.20%
CPU 8 frequency: 0 MHz
CPU 8 active residency:   0.00% (1260 MHz:   0% 1512 MHz:   0% 1800 MHz:   0% 2088 MHz:   0% 2352 MHz:   0% 2616 MHz:   0% 2868 MHz:   0% 3096 MHz:   0% 3300 MHz:   0% 3468 MHz:   0% 3624 MHz:   0% 3756 MHz:   0% 3828 MHz:   0% 3888 MHz:   0% 3948 MHz:   0% 3996 MHz:   0% 4044 MHz:   0% 4104 MHz:   0% 4416 MHz:   0% 4512 MHz:   0%)
CPU 8 idle residency:   2.80%
CPU 8 down residency:  97.20%
CPU 9 frequency: 0 MHz
CPU 9 active residency:   0.00% (1260 MHz:   0% 1512 MHz:   0% 1800 MHz:   0% 2088 MHz:   0% 2352 MHz:   0% 2616 MHz:   0% 2868 MHz:   0% 3096 MHz:   0% 3300 MHz:   0% 3468 MHz:   0% 3624 MHz:   0% 3756 MHz:   0% 3828 MHz:   0% 3888 MHz:   0% 3948 MHz:   0% 3996 MHz:   0% 4044 MHz:   0% 4104 MHz:   0% 4416 MHz:   0% 4512 MHz:   0%)
CPU 9 idle residency:   2.79%
CPU 9 down residency:  97.21%

P1-Cluster HW active frequency: 3207 MHz
P1-Cluster HW active residency:  96.36% (1260 MHz: .45% 1512 MHz: .02% 1800 MHz: .02% 2088 MHz: .64% 2352 MHz: 1.7% 2616 MHz:  27% 2868 MHz:  21% 3096 MHz: 6.7% 3300 MHz: 1.5% 3468 MHz: 1.9% 3624 MHz: .75% 3756 MHz:   0% 3828 MHz: .39% 3888 MHz: 3.0% 3948 MHz:  20% 3996 MHz: 5.0% 4044 MHz: 6.1% 4104 MHz:   0% 4416 MHz:   0% 4512 MHz:   0%)
P1-Cluster idle residency:   3.64%
P1-Cluster down residency:   0.00%
CPU 10 frequency: 3306 MHz
CPU 10 active residency:  56.13% (1260 MHz: .11% 1512 MHz:   0% 1800 MHz: .00% 2088 MHz: .63% 2352 MHz: .74% 2616 MHz:  18% 2868 MHz:  14% 3096 MHz: 3.0% 3300 MHz: .95% 3468 MHz: .62% 3624 MHz: .36% 3756 MHz:   0% 3828 MHz:   0% 3888 MHz:   0% 3948 MHz:   0% 3996 MHz: .00% 4044 MHz:   0% 4104 MHz: .05% 4416 MHz: .06% 4512 MHz:  17%)
CPU 10 idle residency:  43.87%
CPU 10 down residency:   0.00%
CPU 11 frequency: 3824 MHz
CPU 11 active residency:  35.58% (1260 MHz: .02% 1512 MHz: .01% 1800 MHz:   0% 2088 MHz:   0% 2352 MHz: .43% 2616 MHz: 4.5% 2868 MHz: 3.4% 3096 MHz: 4.4% 3300 MHz: .81% 3468 MHz: 1.4% 3624 MHz: .62% 3756 MHz:   0% 3828 MHz: .17% 3888 MHz:   0% 3948 MHz:   0% 3996 MHz: .00% 4044 MHz:   0% 4104 MHz: .06% 4416 MHz: .26% 4512 MHz:  20%)
CPU 11 idle residency:  64.42%
CPU 11 down residency:   0.00%
CPU 12 frequency: 3364 MHz
CPU 12 active residency:  54.01% (1260 MHz: .04% 1512 MHz:   0% 1800 MHz:   0% 2088 MHz: .47% 2352 MHz: 1.1% 2616 MHz:  17% 2868 MHz:  13% 3096 MHz: 2.4% 3300 MHz: .77% 3468 MHz: .46% 3624 MHz: .34% 3756 MHz:   0% 3828 MHz:   0% 3888 MHz:   0% 3948 MHz:   0% 3996 MHz: .00% 4044 MHz:   0% 4104 MHz: .01% 4416 MHz: .15% 4512 MHz:  18%)
CPU 12 idle residency:  45.99%
CPU 12 down residency:   0.00%
CPU 13 frequency: 4133 MHz
CPU 13 active residency:  17.36% (1260 MHz: .01% 1512 MHz:   0% 1800 MHz:   0% 2088 MHz:   0% 2352 MHz: .00% 2616 MHz: .31% 2868 MHz: .84% 3096 MHz: 1.8% 3300 MHz: .44% 3468 MHz: .39% 3624 MHz: .41% 3756 MHz:   0% 3828 MHz: .39% 3888 MHz:   0% 3948 MHz:   0% 3996 MHz: .38% 4044 MHz:   0% 4104 MHz: .39% 4416 MHz: .38% 4512 MHz:  12%)
CPU 13 idle residency:  82.64%
CPU 13 down residency:   0.00%
CPU 14 frequency: 3757 MHz
CPU 14 active residency:  30.44% (1260 MHz: .02% 1512 MHz: .01% 1800 MHz: .02% 2088 MHz: .43% 2352 MHz: .02% 2616 MHz: 3.3% 2868 MHz: 3.8% 3096 MHz: 4.9% 3300 MHz: .38% 3468 MHz: 1.2% 3624 MHz: .62% 3756 MHz:   0% 3828 MHz: .01% 3888 MHz:   0% 3948 MHz:   0% 3996 MHz: .09% 4044 MHz:   0% 4104 MHz: .01% 4416 MHz: .30% 4512 MHz:  15%)
CPU 14 idle residency:  69.56%
CPU 14 down residency:   0.00%
CPU 15 frequency: 3304 MHz
CPU 15 active residency:  57.38% (1260 MHz: .09% 1512 MHz: .02% 1800 MHz: .01% 2088 MHz: .23% 2352 MHz: .59% 2616 MHz:  17% 2868 MHz:  15% 3096 MHz: 5.1% 3300 MHz: .85% 3468 MHz: 1.5% 3624 MHz: .52% 3756 MHz:   0% 3828 MHz: .07% 3888 MHz:   0% 3948 MHz:   0% 3996 MHz: .06% 4044 MHz:   0% 4104 MHz: .16% 4416 MHz: .20% 4512 MHz:  16%)
CPU 15 idle residency:  42.62%
CPU 15 down residency:   0.00%

CPU Power: 3842 mW
GPU Power: 32820 mW
ANE Power: 0 mW
Combined Power (CPU + GPU + ANE): 36662 mW

**** GPU usage ****

GPU HW active frequency: 1578 MHz
GPU HW active residency: 100.00% (338 MHz:   0% 618 MHz:   0% 796 MHz:   0% 924 MHz:   0% 952 MHz:   0% 1056 MHz:   0% 1062 MHz:   0% 1182 MHz:   0% 1182 MHz:   0% 1312 MHz:   0% 1242 MHz:   0% 1380 MHz:   0% 1326 MHz:   0% 1470 MHz:   0% 1578 MHz: 100%)
GPU SW requested state: (P1 :   0% P2 :   0% P3 :   0% P4 :   0% P5 :   0% P6 :   0% P7 :   0% P8 :   0% P9 :   0% P10 : 100% P11 :   0% P12 :   0% P13 :   0% P14 :   0% P15 :   0%)
GPU SW state: (SW_P1 :   0% SW_P2 :   0% SW_P3 :   0% SW_P4 :   0% SW_P5 :   0% SW_P6 :   0% SW_P7 :   0% SW_P8 :   0% SW_P9 :   0% SW_P10 : 100% SW_P11 :   0% SW_P12 :   0% SW_P13 :   0% SW_P14 :   0% SW_P15 :   0%)
GPU idle residency:   0.00%
GPU Power: 32825 mW



*** Sampled system activity (Tue Jan 20 15:15:47 2026 +0100) (1025.67ms elapsed) ***


**** Processor usage ****

E-Cluster Online: 100%
E-Cluster HW active frequency: 1300 MHz
E-Cluster HW active residency:  55.85% (1020 MHz:  38% 1404 MHz: 5.0% 1788 MHz: 6.6% 2112 MHz: 1.9% 2352 MHz: 1.0% 2532 MHz: 1.8% 2592 MHz: 1.6%)
E-Cluster idle residency:  44.15%
E-Cluster down residency:   0.00%
CPU 0 frequency: 1315 MHz
CPU 0 active residency:  26.43% (1020 MHz:  18% 1404 MHz: 2.1% 1788 MHz: 3.4% 2112 MHz: .78% 2352 MHz: .69% 2532 MHz: .87% 2592 MHz: .80%)
CPU 0 idle residency:  73.57%
CPU 0 down residency:   0.00%
CPU 1 frequency: 1267 MHz
CPU 1 active residency:  16.04% (1020 MHz:  11% 1404 MHz: 1.2% 1788 MHz: 1.9% 2112 MHz: .33% 2352 MHz: .37% 2532 MHz: .43% 2592 MHz: .35%)
CPU 1 idle residency:  83.96%
CPU 1 down residency:   0.00%
CPU 2 frequency: 1469 MHz
CPU 2 active residency:   9.70% (1020 MHz: 5.4% 1404 MHz: .51% 1788 MHz: 1.9% 2112 MHz: .31% 2352 MHz: .42% 2532 MHz: .91% 2592 MHz: .28%)
CPU 2 idle residency:  90.30%
CPU 2 down residency:   0.00%
CPU 3 frequency: 1501 MHz
CPU 3 active residency:   6.85% (1020 MHz: 3.5% 1404 MHz: .37% 1788 MHz: 1.6% 2112 MHz: .05% 2352 MHz: .46% 2532 MHz: .52% 2592 MHz: .29%)
CPU 3 idle residency:  93.15%
CPU 3 down residency:   0.00%

P0-Cluster Online: 5%
P0-Cluster HW active frequency: 1451 MHz
P0-Cluster HW active residency:   1.43% (1260 MHz: 1.2% 1512 MHz:   0% 1800 MHz: .06% 2088 MHz: .08% 2352 MHz:   0% 2616 MHz: .06% 2868 MHz: .06% 3096 MHz:   0% 3300 MHz:   0% 3468 MHz:   0% 3624 MHz:   0% 3756 MHz:   0% 3828 MHz:   0% 3888 MHz:   0% 3948 MHz:   0% 3996 MHz:   0% 4044 MHz:   0% 4104 MHz:   0% 4416 MHz:   0% 4512 MHz:   0%)
P0-Cluster idle residency:   2.89%
P0-Cluster down residency:  95.68%
CPU 4 frequency: 3082 MHz
CPU 4 active residency:   6.24% (1260 MHz: .74% 1512 MHz:   0% 1800 MHz: .01% 2088 MHz:   0% 2352 MHz:   0% 2616 MHz: .03% 2868 MHz: .70% 3096 MHz: 1.5% 3300 MHz: 1.4% 3468 MHz: 1.2% 3624 MHz: .22% 3756 MHz:   0% 3828 MHz: .14% 3888 MHz:   0% 3948 MHz:   0% 3996 MHz:   0% 4044 MHz:   0% 4104 MHz:   0% 4416 MHz:   0% 4512 MHz: .35%)
CPU 4 idle residency:   3.81%
CPU 4 down residency:  89.95%
CPU 5 frequency: 3196 MHz
CPU 5 active residency:   9.83% (1260 MHz: .71% 1512 MHz:   0% 1800 MHz: .01% 2088 MHz:   0% 2352 MHz:   0% 2616 MHz: .02% 2868 MHz: .73% 3096 MHz: 2.8% 3300 MHz: 2.6% 3468 MHz: 1.6% 3624 MHz: .46% 3756 MHz:   0% 3828 MHz: .33% 3888 MHz:   0% 3948 MHz:   0% 3996 MHz:   0% 4044 MHz:   0% 4104 MHz:   0% 4416 MHz:   0% 4512 MHz: .61%)
CPU 5 idle residency:   3.64%
CPU 5 down residency:  86.53%
CPU 6 frequency: 3186 MHz
CPU 6 active residency:   9.14% (1260 MHz: .73% 1512 MHz:   0% 1800 MHz: .01% 2088 MHz:   0% 2352 MHz:   0% 2616 MHz: .03% 2868 MHz: .73% 3096 MHz: 2.1% 3300 MHz: 2.7% 3468 MHz: 1.8% 3624 MHz: .43% 3756 MHz:   0% 3828 MHz: .10% 3888 MHz:   0% 3948 MHz: .00% 3996 MHz:   0% 4044 MHz:   0% 4104 MHz:   0% 4416 MHz:   0% 4512 MHz: .59%)
CPU 6 idle residency:   3.70%
CPU 6 down residency:  87.16%
CPU 7 frequency: 2760 MHz
CPU 7 active residency:   3.25% (1260 MHz: .75% 1512 MHz:   0% 1800 MHz: .00% 2088 MHz: .07% 2352 MHz:   0% 2616 MHz: .06% 2868 MHz: .59% 3096 MHz: .79% 3300 MHz: .38% 3468 MHz: .24% 3624 MHz: .13% 3756 MHz:   0% 3828 MHz: .06% 3888 MHz:   0% 3948 MHz:   0% 3996 MHz:   0% 4044 MHz:   0% 4104 MHz:   0% 4416 MHz:   0% 4512 MHz: .17%)
CPU 7 idle residency:   3.93%
CPU 7 down residency:  92.82%
CPU 8 frequency: 3304 MHz
CPU 8 active residency:  10.69% (1260 MHz: .70% 1512 MHz: .00% 1800 MHz: .07% 2088 MHz: .00% 2352 MHz:   0% 2616 MHz: .03% 2868 MHz: .53% 3096 MHz: 2.6% 3300 MHz: 2.6% 3468 MHz: 1.8% 3624 MHz: .49% 3756 MHz:   0% 3828 MHz: .35% 3888 MHz:   0% 3948 MHz: .04% 3996 MHz:   0% 4044 MHz:   0% 4104 MHz: .03% 4416 MHz: .35% 4512 MHz: 1.1%)
CPU 8 idle residency:   3.63%
CPU 8 down residency:  85.68%
CPU 9 frequency: 2043 MHz
CPU 9 active residency:   1.20% (1260 MHz: .76% 1512 MHz:   0% 1800 MHz:   0% 2088 MHz:   0% 2352 MHz:   0% 2616 MHz: .02% 2868 MHz: .14% 3096 MHz: .05% 3300 MHz:   0% 3468 MHz:   0% 3624 MHz: .16% 3756 MHz:   0% 3828 MHz: .01% 3888 MHz:   0% 3948 MHz:   0% 3996 MHz:   0% 4044 MHz:   0% 4104 MHz:   0% 4416 MHz:   0% 4512 MHz: .07%)
CPU 9 idle residency:   4.02%
CPU 9 down residency:  94.78%

P1-Cluster HW active frequency: 3268 MHz
P1-Cluster HW active residency:  95.52% (1260 MHz: .53% 1512 MHz: .03% 1800 MHz: .03% 2088 MHz: .01% 2352 MHz: 3.3% 2616 MHz: 9.4% 2868 MHz:  31% 3096 MHz:  10% 3300 MHz: 5.2% 3468 MHz: .39% 3624 MHz: .61% 3756 MHz:   0% 3828 MHz: .39% 3888 MHz: 3.5% 3948 MHz:  22% 3996 MHz: 4.0% 4044 MHz: 4.6% 4104 MHz:   0% 4416 MHz:   0% 4512 MHz:   0%)
P1-Cluster idle residency:   4.48%
P1-Cluster down residency:   0.00%
CPU 10 frequency: 3604 MHz
CPU 10 active residency:  35.20% (1260 MHz: .02% 1512 MHz: .03% 1800 MHz: .02% 2088 MHz: .00% 2352 MHz: .05% 2616 MHz: 3.3% 2868 MHz: 4.2% 3096 MHz: 8.4% 3300 MHz: 4.2% 3468 MHz: .39% 3624 MHz: .53% 3756 MHz:   0% 3828 MHz: .38% 3888 MHz:   0% 3948 MHz: .39% 3996 MHz:   0% 4044 MHz:   0% 4104 MHz: .39% 4416 MHz: .39% 4512 MHz:  13%)
CPU 10 idle residency:  64.80%
CPU 10 down residency:   0.00%
CPU 11 frequency: 4121 MHz
CPU 11 active residency:  28.53% (1260 MHz: .02% 1512 MHz: .00% 1800 MHz: .02% 2088 MHz: .00% 2352 MHz:   0% 2616 MHz: .42% 2868 MHz: 1.1% 3096 MHz: 3.4% 3300 MHz: 2.7% 3468 MHz: .21% 3624 MHz: .04% 3756 MHz:   0% 3828 MHz: .08% 3888 MHz:   0% 3948 MHz: .03% 3996 MHz:   0% 4044 MHz:   0% 4104 MHz: .12% 4416 MHz: .36% 4512 MHz:  20%)
CPU 11 idle residency:  71.47%
CPU 11 down residency:   0.00%
CPU 12 frequency: 3811 MHz
CPU 12 active residency:  33.50% (1260 MHz: .02% 1512 MHz:   0% 1800 MHz: .02% 2088 MHz: .01% 2352 MHz: 2.3% 2616 MHz: 1.5% 2868 MHz: 2.6% 3096 MHz: 4.2% 3300 MHz: 3.7% 3468 MHz: .33% 3624 MHz: .32% 3756 MHz:   0% 3828 MHz: .05% 3888 MHz:   0% 3948 MHz: .16% 3996 MHz:   0% 4044 MHz:   0% 4104 MHz: .13% 4416 MHz: .26% 4512 MHz:  18%)
CPU 12 idle residency:  66.50%
CPU 12 down residency:   0.00%
CPU 13 frequency: 3450 MHz
CPU 13 active residency:  53.91% (1260 MHz: .07% 1512 MHz:   0% 1800 MHz: .01% 2088 MHz:   0% 2352 MHz: 2.0% 2616 MHz: 6.1% 2868 MHz:  22% 3096 MHz: 3.4% 3300 MHz: .30% 3468 MHz:   0% 3624 MHz: .00% 3756 MHz:   0% 3828 MHz:   0% 3888 MHz:   0% 3948 MHz: .03% 3996 MHz:   0% 4044 MHz:   0% 4104 MHz: .29% 4416 MHz: .37% 4512 MHz:  20%)
CPU 13 idle residency:  46.09%
CPU 13 down residency:   0.00%
CPU 14 frequency: 3378 MHz
CPU 14 active residency:  46.37% (1260 MHz: .10% 1512 MHz:   0% 1800 MHz: .00% 2088 MHz:   0% 2352 MHz: 2.3% 2616 MHz: 6.3% 2868 MHz:  19% 3096 MHz: 2.7% 3300 MHz: .15% 3468 MHz:   0% 3624 MHz:   0% 3756 MHz:   0% 3828 MHz:   0% 3888 MHz:   0% 3948 MHz: .01% 3996 MHz:   0% 4044 MHz:   0% 4104 MHz:   0% 4416 MHz: .07% 4512 MHz:  16%)
CPU 14 idle residency:  53.63%
CPU 14 down residency:   0.00%
CPU 15 frequency: 3459 MHz
CPU 15 active residency:  56.85% (1260 MHz: .06% 1512 MHz:   0% 1800 MHz: .00% 2088 MHz:   0% 2352 MHz: .48% 2616 MHz: 5.5% 2868 MHz:  20% 3096 MHz: 7.2% 3300 MHz: 3.6% 3468 MHz: .34% 3624 MHz: .21% 3756 MHz:   0% 3828 MHz: .04% 3888 MHz:   0% 3948 MHz: .14% 3996 MHz:   0% 4044 MHz:   0% 4104 MHz: .28% 4416 MHz: .11% 4512 MHz:  19%)
CPU 15 idle residency:  43.15%
CPU 15 down residency:   0.00%

CPU Power: 3837 mW
GPU Power: 32644 mW
ANE Power: 0 mW
Combined Power (CPU + GPU + ANE): 36481 mW

**** GPU usage ****

GPU HW active frequency: 1578 MHz
GPU HW active residency: 100.00% (338 MHz:   0% 618 MHz:   0% 796 MHz:   0% 924 MHz:   0% 952 MHz:   0% 1056 MHz:   0% 1062 MHz:   0% 1182 MHz:   0% 1182 MHz:   0% 1312 MHz:   0% 1242 MHz:   0% 1380 MHz:   0% 1326 MHz:   0% 1470 MHz:   0% 1578 MHz: 100%)
GPU SW requested state: (P1 :   0% P2 :   0% P3 :   0% P4 :   0% P5 :   0% P6 :   0% P7 :   0% P8 :   0% P9 :   0% P10 : 100% P11 :   0% P12 :   0% P13 :   0% P14 :   0% P15 :   0%)
GPU SW state: (SW_P1 :   0% SW_P2 :   0% SW_P3 :   0% SW_P4 :   0% SW_P5 :   0% SW_P6 :   0% SW_P7 :   0% SW_P8 :   0% SW_P9 :   0% SW_P10 : 100% SW_P11 :   0% SW_P12 :   0% SW_P13 :   0% SW_P14 :   0% SW_P15 :   0%)
GPU idle residency:   0.00%
GPU Power: 32642 mW



*** Sampled system activity (Tue Jan 20 15:15:48 2026 +0100) (1022.74ms elapsed) ***


**** Processor usage ****

E-Cluster Online: 100%
E-Cluster HW active frequency: 1399 MHz
E-Cluster HW active residency:  67.75% (1020 MHz:  40% 1404 MHz: 8.9% 1788 MHz: 7.9% 2112 MHz: 1.7% 2352 MHz: 2.2% 2532 MHz: 1.4% 2592 MHz: 5.8%)
E-Cluster idle residency:  32.25%
E-Cluster down residency:   0.00%
CPU 0 frequency: 1378 MHz
CPU 0 active residency:  38.03% (1020 MHz:  22% 1404 MHz: 5.5% 1788 MHz: 5.0% 2112 MHz: .52% 2352 MHz: 1.4% 2532 MHz: .59% 2592 MHz: 2.8%)
CPU 0 idle residency:  61.97%
CPU 0 down residency:   0.00%
CPU 1 frequency: 1436 MHz
CPU 1 active residency:  27.25% (1020 MHz:  14% 1404 MHz: 4.0% 1788 MHz: 4.1% 2112 MHz: .80% 2352 MHz: 1.2% 2532 MHz: .60% 2592 MHz: 2.1%)
CPU 1 idle residency:  72.75%
CPU 1 down residency:   0.00%
CPU 2 frequency: 1478 MHz
CPU 2 active residency:  20.27% (1020 MHz:  11% 1404 MHz: 2.8% 1788 MHz: 2.7% 2112 MHz: .32% 2352 MHz: 1.3% 2532 MHz: .64% 2592 MHz: 1.9%)
CPU 2 idle residency:  79.73%
CPU 2 down residency:   0.00%
CPU 3 frequency: 1458 MHz
CPU 3 active residency:  15.42% (1020 MHz: 8.5% 1404 MHz: 2.0% 1788 MHz: 1.7% 2112 MHz: .19% 2352 MHz: 1.0% 2532 MHz: .72% 2592 MHz: 1.3%)
CPU 3 idle residency:  84.58%
CPU 3 down residency:   0.00%

P0-Cluster Online: 24%
P0-Cluster HW active frequency: 3163 MHz
P0-Cluster HW active residency:   7.59% (1260 MHz: 2.0% 1512 MHz: .06% 1800 MHz:   0% 2088 MHz:   0% 2352 MHz:   0% 2616 MHz:   0% 2868 MHz:   0% 3096 MHz: .53% 3300 MHz: .33% 3468 MHz:   0% 3624 MHz: .04% 3756 MHz:   0% 3828 MHz: .04% 3888 MHz: .30% 3948 MHz: 2.1% 3996 MHz: .50% 4044 MHz: 1.5% 4104 MHz:   0% 4416 MHz:   0% 4512 MHz: .23%)
P0-Cluster idle residency:  15.69%
P0-Cluster down residency:  76.72%
CPU 4 frequency: 3984 MHz
CPU 4 active residency:   1.94% (1260 MHz: .26% 1512 MHz:   0% 1800 MHz:   0% 2088 MHz: .04% 2352 MHz:   0% 2616 MHz:   0% 2868 MHz: .00% 3096 MHz: .01% 3300 MHz: .05% 3468 MHz:   0% 3624 MHz:   0% 3756 MHz:   0% 3828 MHz:   0% 3888 MHz:   0% 3948 MHz:   0% 3996 MHz:   0% 4044 MHz:   0% 4104 MHz:   0% 4416 MHz:   0% 4512 MHz: 1.6%)
CPU 4 idle residency:  21.43%
CPU 4 down residency:  76.62%
CPU 5 frequency: 3898 MHz
CPU 5 active residency:   3.32% (1260 MHz: .27% 1512 MHz:   0% 1800 MHz: .02% 2088 MHz: .05% 2352 MHz:   0% 2616 MHz:   0% 2868 MHz: .00% 3096 MHz: .42% 3300 MHz: .33% 3468 MHz:   0% 3624 MHz:   0% 3756 MHz:   0% 3828 MHz:   0% 3888 MHz:   0% 3948 MHz:   0% 3996 MHz:   0% 4044 MHz:   0% 4104 MHz:   0% 4416 MHz:   0% 4512 MHz: 2.2%)
CPU 5 idle residency:  20.08%
CPU 5 down residency:  76.60%
CPU 6 frequency: 4007 MHz
CPU 6 active residency:   3.70% (1260 MHz: .27% 1512 MHz:   0% 1800 MHz:   0% 2088 MHz: .04% 2352 MHz:   0% 2616 MHz:   0% 2868 MHz: .00% 3096 MHz: .36% 3300 MHz: .33% 3468 MHz:   0% 3624 MHz:   0% 3756 MHz:   0% 3828 MHz:   0% 3888 MHz:   0% 3948 MHz:   0% 3996 MHz:   0% 4044 MHz:   0% 4104 MHz:   0% 4416 MHz:   0% 4512 MHz: 2.7%)
CPU 6 idle residency:  19.68%
CPU 6 down residency:  76.62%
CPU 7 frequency: 3682 MHz
CPU 7 active residency:   2.34% (1260 MHz: .26% 1512 MHz:   0% 1800 MHz:   0% 2088 MHz: .03% 2352 MHz:   0% 2616 MHz: .02% 2868 MHz:   0% 3096 MHz: .45% 3300 MHz: .28% 3468 MHz:   0% 3624 MHz:   0% 3756 MHz:   0% 3828 MHz:   0% 3888 MHz:   0% 3948 MHz:   0% 3996 MHz:   0% 4044 MHz:   0% 4104 MHz:   0% 4416 MHz:   0% 4512 MHz: 1.3%)
CPU 7 idle residency:  21.05%
CPU 7 down residency:  76.62%
CPU 8 frequency: 3964 MHz
CPU 8 active residency:   2.97% (1260 MHz: .27% 1512 MHz:   0% 1800 MHz:   0% 2088 MHz: .04% 2352 MHz:   0% 2616 MHz:   0% 2868 MHz: .00% 3096 MHz: .25% 3300 MHz: .25% 3468 MHz:   0% 3624 MHz:   0% 3756 MHz:   0% 3828 MHz:   0% 3888 MHz:   0% 3948 MHz:   0% 3996 MHz:   0% 4044 MHz:   0% 4104 MHz:   0% 4416 MHz:   0% 4512 MHz: 2.2%)
CPU 8 idle residency:  20.41%
CPU 8 down residency:  76.61%
CPU 9 frequency: 2007 MHz
CPU 9 active residency:   0.37% (1260 MHz: .26% 1512 MHz:   0% 1800 MHz:   0% 2088 MHz: .03% 2352 MHz:   0% 2616 MHz:   0% 2868 MHz: .01% 3096 MHz:   0% 3300 MHz:   0% 3468 MHz:   0% 3624 MHz:   0% 3756 MHz:   0% 3828 MHz:   0% 3888 MHz:   0% 3948 MHz:   0% 3996 MHz:   0% 4044 MHz:   0% 4104 MHz:   0% 4416 MHz:   0% 4512 MHz: .07%)
CPU 9 idle residency:  23.01%
CPU 9 down residency:  76.62%

P1-Cluster HW active frequency: 3343 MHz
P1-Cluster HW active residency:  96.21% (1260 MHz: .55% 1512 MHz: .02% 1800 MHz: .02% 2088 MHz: .01% 2352 MHz: .00% 2616 MHz: .00% 2868 MHz:  23% 3096 MHz:  36% 3300 MHz: 1.9% 3468 MHz: .38% 3624 MHz: .39% 3756 MHz:   0% 3828 MHz: .39% 3888 MHz: 7.1% 3948 MHz:  16% 3996 MHz: 5.2% 4044 MHz: 5.2% 4104 MHz:   0% 4416 MHz:   0% 4512 MHz:   0%)
P1-Cluster idle residency:   3.79%
P1-Cluster down residency:   0.00%
CPU 10 frequency: 3355 MHz
CPU 10 active residency:  56.24% (1260 MHz: .10% 1512 MHz: .00% 1800 MHz: .01% 2088 MHz: .00% 2352 MHz: .00% 2616 MHz: .00% 2868 MHz:  16% 3096 MHz:  25% 3300 MHz: 1.5% 3468 MHz: .38% 3624 MHz: .39% 3756 MHz:   0% 3828 MHz: .39% 3888 MHz:   0% 3948 MHz:   0% 3996 MHz: .38% 4044 MHz:   0% 4104 MHz: .38% 4416 MHz: .40% 4512 MHz:  11%)
CPU 10 idle residency:  43.76%
CPU 10 down residency:   0.00%
CPU 11 frequency: 4160 MHz
CPU 11 active residency:  29.83% (1260 MHz: .01% 1512 MHz:   0% 1800 MHz:   0% 2088 MHz:   0% 2352 MHz:   0% 2616 MHz:   0% 2868 MHz: 2.6% 3096 MHz: 4.1% 3300 MHz: .08% 3468 MHz:   0% 3624 MHz: .07% 3756 MHz:   0% 3828 MHz: .03% 3888 MHz:   0% 3948 MHz:   0% 3996 MHz: .34% 4044 MHz:   0% 4104 MHz: .32% 4416 MHz: .16% 4512 MHz:  22%)
CPU 11 idle residency:  70.17%
CPU 11 down residency:   0.00%
CPU 12 frequency: 4034 MHz
CPU 12 active residency:  27.33% (1260 MHz: .02% 1512 MHz:   0% 1800 MHz:   0% 2088 MHz:   0% 2352 MHz:   0% 2616 MHz:   0% 2868 MHz: 1.6% 3096 MHz: 6.0% 3300 MHz: 1.4% 3468 MHz:   0% 3624 MHz:   0% 3756 MHz:   0% 3828 MHz:   0% 3888 MHz:   0% 3948 MHz:   0% 3996 MHz: .05% 4044 MHz:   0% 4104 MHz:   0% 4416 MHz: .29% 4512 MHz:  18%)
CPU 12 idle residency:  72.67%
CPU 12 down residency:   0.00%
CPU 13 frequency: 3493 MHz
CPU 13 active residency:  59.37% (1260 MHz: .06% 1512 MHz: .00% 1800 MHz: .01% 2088 MHz: .00% 2352 MHz:   0% 2616 MHz:   0% 2868 MHz:  18% 3096 MHz:  21% 3300 MHz: .49% 3468 MHz: .33% 3624 MHz: .30% 3756 MHz:   0% 3828 MHz: .38% 3888 MHz:   0% 3948 MHz:   0% 3996 MHz: .37% 4044 MHz:   0% 4104 MHz: .32% 4416 MHz: .25% 4512 MHz:  18%)
CPU 13 idle residency:  40.63%
CPU 13 down residency:   0.00%
CPU 14 frequency: 4034 MHz
CPU 14 active residency:  30.85% (1260 MHz: .01% 1512 MHz:   0% 1800 MHz: .01% 2088 MHz: .00% 2352 MHz:   0% 2616 MHz: .00% 2868 MHz: 8.0% 3096 MHz: .19% 3300 MHz: .05% 3468 MHz: .29% 3624 MHz: .33% 3756 MHz:   0% 3828 MHz: .39% 3888 MHz:   0% 3948 MHz:   0% 3996 MHz: .31% 4044 MHz:   0% 4104 MHz: .37% 4416 MHz: .34% 4512 MHz:  21%)
CPU 14 idle residency:  69.15%
CPU 14 down residency:   0.00%
CPU 15 frequency: 3420 MHz
CPU 15 active residency:  60.61% (1260 MHz: .06% 1512 MHz: .01% 1800 MHz: .01% 2088 MHz: .00% 2352 MHz: .00% 2616 MHz:   0% 2868 MHz:  18% 3096 MHz:  24% 3300 MHz: 1.3% 3468 MHz: .35% 3624 MHz: .32% 3756 MHz:   0% 3828 MHz: .39% 3888 MHz:   0% 3948 MHz:   0% 3996 MHz: .38% 4044 MHz:   0% 4104 MHz: .34% 4416 MHz: .38% 4512 MHz:  15%)
CPU 15 idle residency:  39.39%
CPU 15 down residency:   0.00%

CPU Power: 4669 mW
GPU Power: 32754 mW
ANE Power: 0 mW
Combined Power (CPU + GPU + ANE): 37423 mW

**** GPU usage ****

GPU HW active frequency: 1578 MHz
GPU HW active residency: 100.00% (338 MHz:   0% 618 MHz:   0% 796 MHz:   0% 924 MHz:   0% 952 MHz:   0% 1056 MHz:   0% 1062 MHz:   0% 1182 MHz:   0% 1182 MHz:   0% 1312 MHz:   0% 1242 MHz:   0% 1380 MHz:   0% 1326 MHz:   0% 1470 MHz:   0% 1578 MHz: 100%)
GPU SW requested state: (P1 :   0% P2 :   0% P3 :   0% P4 :   0% P5 :   0% P6 :   0% P7 :   0% P8 :   0% P9 :   0% P10 : 100% P11 :   0% P12 :   0% P13 :   0% P14 :   0% P15 :   0%)
GPU SW state: (SW_P1 :   0% SW_P2 :   0% SW_P3 :   0% SW_P4 :   0% SW_P5 :   0% SW_P6 :   0% SW_P7 :   0% SW_P8 :   0% SW_P9 :   0% SW_P10 : 100% SW_P11 :   0% SW_P12 :   0% SW_P13 :   0% SW_P14 :   0% SW_P15 :   0%)
GPU idle residency:   0.00%
GPU Power: 32752 mW



*** Sampled system activity (Tue Jan 20 15:15:49 2026 +0100) (1021.20ms elapsed) ***


**** Processor usage ****

E-Cluster Online: 100%
E-Cluster HW active frequency: 1331 MHz
E-Cluster HW active residency:  61.68% (1020 MHz:  40% 1404 MHz: 7.4% 1788 MHz: 6.7% 2112 MHz: 1.8% 2352 MHz: 1.8% 2532 MHz: 1.5% 2592 MHz: 2.9%)
E-Cluster idle residency:  38.32%
E-Cluster down residency:   0.00%
CPU 0 frequency: 1303 MHz
CPU 0 active residency:  32.20% (1020 MHz:  21% 1404 MHz: 3.8% 1788 MHz: 3.9% 2112 MHz: .60% 2352 MHz: 1.0% 2532 MHz: .72% 2592 MHz: 1.0%)
CPU 0 idle residency:  67.80%
CPU 0 down residency:   0.00%
CPU 1 frequency: 1322 MHz
CPU 1 active residency:  20.70% (1020 MHz:  13% 1404 MHz: 2.9% 1788 MHz: 2.4% 2112 MHz: .33% 2352 MHz: .81% 2532 MHz: .58% 2592 MHz: .61%)
CPU 1 idle residency:  79.30%
CPU 1 down residency:   0.00%
CPU 2 frequency: 1290 MHz
CPU 2 active residency:  13.66% (1020 MHz: 9.1% 1404 MHz: 1.6% 1788 MHz: 1.5% 2112 MHz: .15% 2352 MHz: .53% 2532 MHz: .42% 2592 MHz: .24%)
CPU 2 idle residency:  86.34%
CPU 2 down residency:   0.00%
CPU 3 frequency: 1481 MHz
CPU 3 active residency:  11.87% (1020 MHz: 6.4% 1404 MHz: 1.1% 1788 MHz: 1.9% 2112 MHz: .41% 2352 MHz: .94% 2532 MHz: .36% 2592 MHz: .88%)
CPU 3 idle residency:  88.13%
CPU 3 down residency:   0.00%

P0-Cluster Online: 5%
P0-Cluster HW active frequency: 1430 MHz
P0-Cluster HW active residency:   1.29% (1260 MHz: 1.0% 1512 MHz:   0% 1800 MHz: .20% 2088 MHz:   0% 2352 MHz:   0% 2616 MHz:   0% 2868 MHz: .07% 3096 MHz:   0% 3300 MHz:   0% 3468 MHz:   0% 3624 MHz:   0% 3756 MHz:   0% 3828 MHz:   0% 3888 MHz:   0% 3948 MHz:   0% 3996 MHz:   0% 4044 MHz:   0% 4104 MHz:   0% 4416 MHz:   0% 4512 MHz:   0%)
P0-Cluster idle residency:   2.83%
P0-Cluster down residency:  95.88%
CPU 4 frequency: 1452 MHz
CPU 4 active residency:   0.28% (1260 MHz: .18% 1512 MHz:   0% 1800 MHz: .10% 2088 MHz:   0% 2352 MHz:   0% 2616 MHz:   0% 2868 MHz:   0% 3096 MHz:   0% 3300 MHz:   0% 3468 MHz:   0% 3624 MHz:   0% 3756 MHz:   0% 3828 MHz:   0% 3888 MHz:   0% 3948 MHz:   0% 3996 MHz:   0% 4044 MHz:   0% 4104 MHz:   0% 4416 MHz:   0% 4512 MHz:   0%)
CPU 4 idle residency:   3.82%
CPU 4 down residency:  95.90%
CPU 5 frequency: 1288 MHz
CPU 5 active residency:   0.19% (1260 MHz: .18% 1512 MHz:   0% 1800 MHz: .01% 2088 MHz:   0% 2352 MHz:   0% 2616 MHz:   0% 2868 MHz:   0% 3096 MHz:   0% 3300 MHz:   0% 3468 MHz:   0% 3624 MHz:   0% 3756 MHz:   0% 3828 MHz:   0% 3888 MHz:   0% 3948 MHz:   0% 3996 MHz:   0% 4044 MHz:   0% 4104 MHz:   0% 4416 MHz:   0% 4512 MHz:   0%)
CPU 5 idle residency:   3.92%
CPU 5 down residency:  95.90%
CPU 6 frequency: 1493 MHz
CPU 6 active residency:   0.30% (1260 MHz: .18% 1512 MHz:   0% 1800 MHz: .12% 2088 MHz:   0% 2352 MHz:   0% 2616 MHz:   0% 2868 MHz: .00% 3096 MHz:   0% 3300 MHz:   0% 3468 MHz:   0% 3624 MHz:   0% 3756 MHz:   0% 3828 MHz:   0% 3888 MHz:   0% 3948 MHz:   0% 3996 MHz:   0% 4044 MHz:   0% 4104 MHz:   0% 4416 MHz:   0% 4512 MHz:   0%)
CPU 6 idle residency:   3.80%
CPU 6 down residency:  95.90%
CPU 7 frequency: 1533 MHz
CPU 7 active residency:   0.36% (1260 MHz: .21% 1512 MHz:   0% 1800 MHz: .12% 2088 MHz:   0% 2352 MHz:   0% 2616 MHz:   0% 2868 MHz: .02% 3096 MHz:   0% 3300 MHz:   0% 3468 MHz:   0% 3624 MHz:   0% 3756 MHz:   0% 3828 MHz:   0% 3888 MHz:   0% 3948 MHz:   0% 3996 MHz:   0% 4044 MHz:   0% 4104 MHz:   0% 4416 MHz:   0% 4512 MHz:   0%)
CPU 7 idle residency:   3.75%
CPU 7 down residency:  95.90%
CPU 8 frequency: 1510 MHz
CPU 8 active residency:   0.33% (1260 MHz: .18% 1512 MHz:   0% 1800 MHz: .15% 2088 MHz:   0% 2352 MHz:   0% 2616 MHz:   0% 2868 MHz: .00% 3096 MHz:   0% 3300 MHz:   0% 3468 MHz:   0% 3624 MHz:   0% 3756 MHz:   0% 3828 MHz:   0% 3888 MHz:   0% 3948 MHz:   0% 3996 MHz:   0% 4044 MHz:   0% 4104 MHz:   0% 4416 MHz:   0% 4512 MHz:   0%)
CPU 8 idle residency:   3.77%
CPU 8 down residency:  95.90%
CPU 9 frequency: 1482 MHz
CPU 9 active residency:   0.30% (1260 MHz: .18% 1512 MHz:   0% 1800 MHz: .12% 2088 MHz:   0% 2352 MHz:   0% 2616 MHz:   0% 2868 MHz: .00% 3096 MHz:   0% 3300 MHz:   0% 3468 MHz:   0% 3624 MHz:   0% 3756 MHz:   0% 3828 MHz:   0% 3888 MHz:   0% 3948 MHz:   0% 3996 MHz:   0% 4044 MHz:   0% 4104 MHz:   0% 4416 MHz:   0% 4512 MHz:   0%)
CPU 9 idle residency:   3.80%
CPU 9 down residency:  95.90%

P1-Cluster HW active frequency: 3219 MHz
P1-Cluster HW active residency:  96.11% (1260 MHz: .46% 1512 MHz: .02% 1800 MHz: .05% 2088 MHz: .00% 2352 MHz: 3.0% 2616 MHz:  24% 2868 MHz:  21% 3096 MHz: 6.1% 3300 MHz: 5.9% 3468 MHz: .81% 3624 MHz: .38% 3756 MHz:   0% 3828 MHz: .38% 3888 MHz: 3.4% 3948 MHz:  22% 3996 MHz: 4.3% 4044 MHz: 4.5% 4104 MHz:   0% 4416 MHz:   0% 4512 MHz:   0%)
P1-Cluster idle residency:   3.89%
P1-Cluster down residency:   0.00%
CPU 10 frequency: 3315 MHz
CPU 10 active residency:  64.97% (1260 MHz: .07% 1512 MHz:   0% 1800 MHz: .02% 2088 MHz:   0% 2352 MHz: 2.9% 2616 MHz:  16% 2868 MHz:  17% 3096 MHz: 4.5% 3300 MHz: 4.3% 3468 MHz: .70% 3624 MHz: .38% 3756 MHz:   0% 3828 MHz: .08% 3888 MHz:   0% 3948 MHz:   0% 3996 MHz: .08% 4044 MHz:   0% 4104 MHz: .09% 4416 MHz: .07% 4512 MHz:  19%)
CPU 10 idle residency:  35.03%
CPU 10 down residency:   0.00%
CPU 11 frequency: 3367 MHz
CPU 11 active residency:  54.23% (1260 MHz: .10% 1512 MHz: .02% 1800 MHz: .05% 2088 MHz:   0% 2352 MHz: 1.3% 2616 MHz:  15% 2868 MHz:  14% 3096 MHz: 2.1% 3300 MHz: 4.0% 3468 MHz: .69% 3624 MHz: .14% 3756 MHz:   0% 3828 MHz: .01% 3888 MHz:   0% 3948 MHz:   0% 3996 MHz: .00% 4044 MHz:   0% 4104 MHz: .00% 4416 MHz: .00% 4512 MHz:  18%)
CPU 11 idle residency:  45.77%
CPU 11 down residency:   0.00%
CPU 12 frequency: 3870 MHz
CPU 12 active residency:  31.52% (1260 MHz: .01% 1512 MHz:   0% 1800 MHz: .01% 2088 MHz:   0% 2352 MHz: 1.9% 2616 MHz: 3.3% 2868 MHz: 4.3% 3096 MHz: .55% 3300 MHz: 1.3% 3468 MHz: .33% 3624 MHz: .03% 3756 MHz:   0% 3828 MHz:   0% 3888 MHz:   0% 3948 MHz:   0% 3996 MHz:   0% 4044 MHz:   0% 4104 MHz:   0% 4416 MHz: .04% 4512 MHz:  20%)
CPU 12 idle residency:  68.48%
CPU 12 down residency:   0.00%
CPU 13 frequency: 3798 MHz
CPU 13 active residency:  25.15% (1260 MHz: .01% 1512 MHz:   0% 1800 MHz: .03% 2088 MHz: .00% 2352 MHz: .00% 2616 MHz: .68% 2868 MHz: 3.7% 3096 MHz: 5.2% 3300 MHz: 1.4% 3468 MHz: .42% 3624 MHz: .38% 3756 MHz:   0% 3828 MHz: .39% 3888 MHz:   0% 3948 MHz:   0% 3996 MHz: .39% 4044 MHz:   0% 4104 MHz: .39% 4416 MHz: .39% 4512 MHz:  12%)
CPU 13 idle residency:  74.85%
CPU 13 down residency:   0.00%
CPU 14 frequency: 4362 MHz
CPU 14 active residency:  20.93% (1260 MHz:   0% 1512 MHz:   0% 1800 MHz: .01% 2088 MHz:   0% 2352 MHz: .15% 2616 MHz: .38% 2868 MHz: .91% 3096 MHz: .13% 3300 MHz: .26% 3468 MHz: .04% 3624 MHz: .04% 3756 MHz:   0% 3828 MHz:   0% 3888 MHz:   0% 3948 MHz:   0% 3996 MHz:   0% 4044 MHz:   0% 4104 MHz:   0% 4416 MHz: .02% 4512 MHz:  19%)
CPU 14 idle residency:  79.07%
CPU 14 down residency:   0.00%
CPU 15 frequency: 3338 MHz
CPU 15 active residency:  59.08% (1260 MHz: .09% 1512 MHz: .00% 1800 MHz: .01% 2088 MHz: .00% 2352 MHz: 2.0% 2616 MHz:  15% 2868 MHz:  15% 3096 MHz: 4.1% 3300 MHz: 4.4% 3468 MHz: .54% 3624 MHz: .36% 3756 MHz:   0% 3828 MHz: .08% 3888 MHz:   0% 3948 MHz:   0% 3996 MHz: .16% 4044 MHz:   0% 4104 MHz: .07% 4416 MHz: .17% 4512 MHz:  17%)
CPU 15 idle residency:  40.92%
CPU 15 down residency:   0.00%

CPU Power: 3892 mW
GPU Power: 32498 mW
ANE Power: 0 mW
Combined Power (CPU + GPU + ANE): 36391 mW

**** GPU usage ****

GPU HW active frequency: 1578 MHz
GPU HW active residency: 100.00% (338 MHz:   0% 618 MHz:   0% 796 MHz:   0% 924 MHz:   0% 952 MHz:   0% 1056 MHz:   0% 1062 MHz:   0% 1182 MHz:   0% 1182 MHz:   0% 1312 MHz:   0% 1242 MHz:   0% 1380 MHz:   0% 1326 MHz:   0% 1470 MHz:   0% 1578 MHz: 100%)
GPU SW requested state: (P1 :   0% P2 :   0% P3 :   0% P4 :   0% P5 :   0% P6 :   0% P7 :   0% P8 :   0% P9 :   0% P10 : 100% P11 :   0% P12 :   0% P13 :   0% P14 :   0% P15 :   0%)
GPU SW state: (SW_P1 :   0% SW_P2 :   0% SW_P3 :   0% SW_P4 :   0% SW_P5 :   0% SW_P6 :   0% SW_P7 :   0% SW_P8 :   0% SW_P9 :   0% SW_P10 : 100% SW_P11 :   0% SW_P12 :   0% SW_P13 :   0% SW_P14 :   0% SW_P15 :   0%)
GPU idle residency:   0.00%
GPU Power: 32498 mW



*** Sampled system activity (Tue Jan 20 15:15:50 2026 +0100) (1021.95ms elapsed) ***


**** Processor usage ****

E-Cluster Online: 100%
E-Cluster HW active frequency: 1419 MHz
E-Cluster HW active residency:  64.18% (1020 MHz:  37% 1404 MHz: 8.4% 1788 MHz: 7.1% 2112 MHz: 3.0% 2352 MHz: 2.5% 2532 MHz: 2.2% 2592 MHz: 4.4%)
E-Cluster idle residency:  35.82%
E-Cluster down residency:   0.00%
CPU 0 frequency: 1422 MHz
CPU 0 active residency:  33.26% (1020 MHz:  19% 1404 MHz: 4.1% 1788 MHz: 3.7% 2112 MHz: 1.6% 2352 MHz: 1.5% 2532 MHz: 1.4% 2592 MHz: 2.0%)
CPU 0 idle residency:  66.74%
CPU 0 down residency:   0.00%
CPU 1 frequency: 1450 MHz
CPU 1 active residency:  22.50% (1020 MHz:  12% 1404 MHz: 3.0% 1788 MHz: 3.0% 2112 MHz: 1.2% 2352 MHz: 1.3% 2532 MHz: .85% 2592 MHz: 1.2%)
CPU 1 idle residency:  77.50%
CPU 1 down residency:   0.00%
CPU 2 frequency: 1520 MHz
CPU 2 active residency:  15.49% (1020 MHz: 6.9% 1404 MHz: 2.5% 1788 MHz: 2.6% 2112 MHz: 1.0% 2352 MHz: .59% 2532 MHz: 1.0% 2592 MHz: .89%)
CPU 2 idle residency:  84.51%
CPU 2 down residency:   0.00%
CPU 3 frequency: 1586 MHz
CPU 3 active residency:   9.01% (1020 MHz: 3.8% 1404 MHz: 1.4% 1788 MHz: 1.2% 2112 MHz: .62% 2352 MHz: .54% 2532 MHz: .49% 2592 MHz: .93%)
CPU 3 idle residency:  90.99%
CPU 3 down residency:   0.00%

P0-Cluster Online: 51%
P0-Cluster HW active frequency: 3570 MHz
P0-Cluster HW active residency:  47.88% (1260 MHz: .82% 1512 MHz:   0% 1800 MHz:   0% 2088 MHz:   0% 2352 MHz: 1.2% 2616 MHz: 6.0% 2868 MHz: 5.0% 3096 MHz: .43% 3300 MHz: .60% 3468 MHz: .16% 3624 MHz:   0% 3756 MHz:   0% 3828 MHz:   0% 3888 MHz: 6.4% 3948 MHz:  19% 3996 MHz: 3.7% 4044 MHz: 4.4% 4104 MHz:   0% 4416 MHz:   0% 4512 MHz:   0%)
P0-Cluster idle residency:   1.60%
P0-Cluster down residency:  50.52%
CPU 4 frequency: 4157 MHz
CPU 4 active residency:  22.73% (1260 MHz: .05% 1512 MHz:   0% 1800 MHz:   0% 2088 MHz:   0% 2352 MHz: .81% 2616 MHz: 2.4% 2868 MHz: .89% 3096 MHz: .00% 3300 MHz:   0% 3468 MHz: .00% 3624 MHz:   0% 3756 MHz:   0% 3828 MHz:   0% 3888 MHz:   0% 3948 MHz: .00% 3996 MHz:   0% 4044 MHz:   0% 4104 MHz: .27% 4416 MHz:   0% 4512 MHz:  18%)
CPU 4 idle residency:  26.80%
CPU 4 down residency:  50.47%
CPU 5 frequency: 3907 MHz
CPU 5 active residency:  26.30% (1260 MHz: .11% 1512 MHz:   0% 1800 MHz:   0% 2088 MHz:   0% 2352 MHz: 1.0% 2616 MHz: 3.6% 2868 MHz: 3.5% 3096 MHz: .38% 3300 MHz: .02% 3468 MHz: .10% 3624 MHz:   0% 3756 MHz:   0% 3828 MHz:   0% 3888 MHz:   0% 3948 MHz:   0% 3996 MHz:   0% 4044 MHz:   0% 4104 MHz: .07% 4416 MHz:   0% 4512 MHz:  17%)
CPU 5 idle residency:  23.16%
CPU 5 down residency:  50.53%
CPU 6 frequency: 3970 MHz
CPU 6 active residency:  27.17% (1260 MHz: .14% 1512 MHz:   0% 1800 MHz:   0% 2088 MHz:   0% 2352 MHz: .60% 2616 MHz: 3.9% 2868 MHz: 3.2% 3096 MHz: .01% 3300 MHz: .03% 3468 MHz: .09% 3624 MHz:   0% 3756 MHz:   0% 3828 MHz:   0% 3888 MHz:   0% 3948 MHz: .08% 3996 MHz:   0% 4044 MHz:   0% 4104 MHz: .38% 4416 MHz: .36% 4512 MHz:  18%)
CPU 6 idle residency:  22.36%
CPU 6 down residency:  50.47%
CPU 7 frequency: 3836 MHz
CPU 7 active residency:  27.78% (1260 MHz: .13% 1512 MHz:   0% 1800 MHz:   0% 2088 MHz:   0% 2352 MHz: 1.1% 2616 MHz: 4.5% 2868 MHz: 3.6% 3096 MHz: .38% 3300 MHz: .56% 3468 MHz: .14% 3624 MHz:   0% 3756 MHz:   0% 3828 MHz:   0% 3888 MHz:   0% 3948 MHz: .06% 3996 MHz:   0% 4044 MHz:   0% 4104 MHz: .39% 4416 MHz: .33% 4512 MHz:  17%)
CPU 7 idle residency:  21.74%
CPU 7 down residency:  50.48%
CPU 8 frequency: 4459 MHz
CPU 8 active residency:  18.07% (1260 MHz: .05% 1512 MHz:   0% 1800 MHz:   0% 2088 MHz:   0% 2352 MHz: .09% 2616 MHz: .10% 2868 MHz: .06% 3096 MHz:   0% 3300 MHz:   0% 3468 MHz:   0% 3624 MHz:   0% 3756 MHz:   0% 3828 MHz:   0% 3888 MHz:   0% 3948 MHz: .22% 3996 MHz:   0% 4044 MHz:   0% 4104 MHz: .39% 4416 MHz: .39% 4512 MHz:  17%)
CPU 8 idle residency:  31.46%
CPU 8 down residency:  50.47%
CPU 9 frequency: 4492 MHz
CPU 9 active residency:  21.84% (1260 MHz: .05% 1512 MHz:   0% 1800 MHz:   0% 2088 MHz:   0% 2352 MHz:   0% 2616 MHz: .03% 2868 MHz: .02% 3096 MHz:   0% 3300 MHz:   0% 3468 MHz:   0% 3624 MHz:   0% 3756 MHz:   0% 3828 MHz:   0% 3888 MHz:   0% 3948 MHz: .03% 3996 MHz:   0% 4044 MHz:   0% 4104 MHz: .32% 4416 MHz: .35% 4512 MHz:  21%)
CPU 9 idle residency:  27.69%
CPU 9 down residency:  50.47%

P1-Cluster HW active frequency: 2851 MHz
P1-Cluster HW active residency:  51.38% (1260 MHz: 1.4% 1512 MHz: .02% 1800 MHz: .03% 2088 MHz: .00% 2352 MHz: .10% 2616 MHz:  14% 2868 MHz:  26% 3096 MHz: 2.1% 3300 MHz: 5.8% 3468 MHz: .56% 3624 MHz: .39% 3756 MHz:   0% 3828 MHz: .38% 3888 MHz: .10% 3948 MHz: .63% 3996 MHz: .16% 4044 MHz: .10% 4104 MHz:   0% 4416 MHz:   0% 4512 MHz:   0%)
P1-Cluster idle residency:   6.35%
P1-Cluster down residency:  42.27%
CPU 10 frequency: 3087 MHz
CPU 10 active residency:  15.33% (1260 MHz: .19% 1512 MHz: .00% 1800 MHz:   0% 2088 MHz: .00% 2352 MHz: .01% 2616 MHz: 2.9% 2868 MHz: 3.0% 3096 MHz: 2.0% 3300 MHz: 5.4% 3468 MHz: .63% 3624 MHz: .39% 3756 MHz:   0% 3828 MHz: .38% 3888 MHz:   0% 3948 MHz: .01% 3996 MHz:   0% 4044 MHz:   0% 4104 MHz:   0% 4416 MHz:   0% 4512 MHz: .33%)
CPU 10 idle residency:  42.30%
CPU 10 down residency:  42.37%
CPU 11 frequency: 2911 MHz
CPU 11 active residency:  37.45% (1260 MHz: .24% 1512 MHz: .02% 1800 MHz: .01% 2088 MHz: .00% 2352 MHz: .02% 2616 MHz: 9.6% 2868 MHz:  19% 3096 MHz: 1.9% 3300 MHz: 4.2% 3468 MHz: .52% 3624 MHz: .29% 3756 MHz:   0% 3828 MHz: .36% 3888 MHz:   0% 3948 MHz: .13% 3996 MHz:   0% 4044 MHz:   0% 4104 MHz:   0% 4416 MHz:   0% 4512 MHz: .72%)
CPU 11 idle residency:  20.25%
CPU 11 down residency:  42.30%
CPU 12 frequency: 3180 MHz
CPU 12 active residency:   7.46% (1260 MHz: .19% 1512 MHz:   0% 1800 MHz: .00% 2088 MHz:   0% 2352 MHz:   0% 2616 MHz: .35% 2868 MHz: 1.1% 3096 MHz: 1.7% 3300 MHz: 2.9% 3468 MHz: .38% 3624 MHz: .31% 3756 MHz:   0% 3828 MHz: .36% 3888 MHz:   0% 3948 MHz: .11% 3996 MHz:   0% 4044 MHz:   0% 4104 MHz:   0% 4416 MHz:   0% 4512 MHz: .09%)
CPU 12 idle residency:  50.24%
CPU 12 down residency:  42.30%
CPU 13 frequency: 2837 MHz
CPU 13 active residency:  29.23% (1260 MHz: .27% 1512 MHz: .00% 1800 MHz: .01% 2088 MHz:   0% 2352 MHz: .00% 2616 MHz: 9.8% 2868 MHz:  16% 3096 MHz: .94% 3300 MHz: 1.1% 3468 MHz: .31% 3624 MHz: .03% 3756 MHz:   0% 3828 MHz: .09% 3888 MHz:   0% 3948 MHz: .01% 3996 MHz:   0% 4044 MHz:   0% 4104 MHz:   0% 4416 MHz:   0% 4512 MHz: .62%)
CPU 13 idle residency:  28.47%
CPU 13 down residency:  42.30%
CPU 14 frequency: 2830 MHz
CPU 14 active residency:  29.58% (1260 MHz: .25% 1512 MHz:   0% 1800 MHz: .00% 2088 MHz:   0% 2352 MHz: .01% 2616 MHz: 9.2% 2868 MHz:  18% 3096 MHz: .80% 3300 MHz: .92% 3468 MHz: .25% 3624 MHz:   0% 3756 MHz:   0% 3828 MHz:   0% 3888 MHz:   0% 3948 MHz: .01% 3996 MHz:   0% 4044 MHz:   0% 4104 MHz:   0% 4416 MHz:   0% 4512 MHz: .51%)
CPU 14 idle residency:  28.12%
CPU 14 down residency:  42.30%
CPU 15 frequency: 3220 MHz
CPU 15 active residency:   8.26% (1260 MHz: .18% 1512 MHz: .00% 1800 MHz: .01% 2088 MHz:   0% 2352 MHz:   0% 2616 MHz: .16% 2868 MHz: .53% 3096 MHz: 1.7% 3300 MHz: 4.4% 3468 MHz: .54% 3624 MHz: .31% 3756 MHz:   0% 3828 MHz: .35% 3888 MHz:   0% 3948 MHz: .07% 3996 MHz:   0% 4044 MHz:   0% 4104 MHz:   0% 4416 MHz:   0% 4512 MHz:   0%)
CPU 15 idle residency:  49.44%
CPU 15 down residency:  42.30%

CPU Power: 4328 mW
GPU Power: 32732 mW
ANE Power: 0 mW
Combined Power (CPU + GPU + ANE): 37060 mW

**** GPU usage ****

GPU HW active frequency: 1578 MHz
GPU HW active residency: 100.00% (338 MHz:   0% 618 MHz:   0% 796 MHz:   0% 924 MHz:   0% 952 MHz:   0% 1056 MHz:   0% 1062 MHz:   0% 1182 MHz:   0% 1182 MHz:   0% 1312 MHz:   0% 1242 MHz:   0% 1380 MHz:   0% 1326 MHz:   0% 1470 MHz:   0% 1578 MHz: 100%)
GPU SW requested state: (P1 :   0% P2 :   0% P3 :   0% P4 :   0% P5 :   0% P6 :   0% P7 :   0% P8 :   0% P9 :   0% P10 : 100% P11 :   0% P12 :   0% P13 :   0% P14 :   0% P15 :   0%)
GPU SW state: (SW_P1 :   0% SW_P2 :   0% SW_P3 :   0% SW_P4 :   0% SW_P5 :   0% SW_P6 :   0% SW_P7 :   0% SW_P8 :   0% SW_P9 :   0% SW_P10 : 100% SW_P11 :   0% SW_P12 :   0% SW_P13 :   0% SW_P14 :   0% SW_P15 :   0%)
GPU idle residency:   0.00%
GPU Power: 32730 mW



*** Sampled system activity (Tue Jan 20 15:15:51 2026 +0100) (1020.29ms elapsed) ***


**** Processor usage ****

E-Cluster Online: 100%
E-Cluster HW active frequency: 1316 MHz
E-Cluster HW active residency:  57.45% (1020 MHz:  39% 1404 MHz: 5.9% 1788 MHz: 5.8% 2112 MHz: 1.0% 2352 MHz: 1.8% 2532 MHz: 2.1% 2592 MHz: 2.3%)
E-Cluster idle residency:  42.55%
E-Cluster down residency:   0.00%
CPU 0 frequency: 1313 MHz
CPU 0 active residency:  29.16% (1020 MHz:  19% 1404 MHz: 3.0% 1788 MHz: 3.3% 2112 MHz: .44% 2352 MHz: 1.1% 2532 MHz: .90% 2592 MHz: 1.0%)
CPU 0 idle residency:  70.84%
CPU 0 down residency:   0.00%
CPU 1 frequency: 1293 MHz
CPU 1 active residency:  16.43% (1020 MHz:  12% 1404 MHz: 1.2% 1788 MHz: 1.5% 2112 MHz: .19% 2352 MHz: .56% 2532 MHz: .62% 2592 MHz: .60%)
CPU 1 idle residency:  83.57%
CPU 1 down residency:   0.00%
CPU 2 frequency: 1452 MHz
CPU 2 active residency:  10.21% (1020 MHz: 6.2% 1404 MHz: .49% 1788 MHz: 1.1% 2112 MHz: .40% 2352 MHz: .50% 2532 MHz: 1.0% 2592 MHz: .45%)
CPU 2 idle residency:  89.79%
CPU 2 down residency:   0.00%
CPU 3 frequency: 1399 MHz
CPU 3 active residency:   6.49% (1020 MHz: 3.8% 1404 MHz: .64% 1788 MHz: 1.1% 2112 MHz: .01% 2352 MHz: .34% 2532 MHz: .30% 2592 MHz: .29%)
CPU 3 idle residency:  93.51%
CPU 3 down residency:   0.00%

P0-Cluster Online: 19%
P0-Cluster HW active frequency: 1920 MHz
P0-Cluster HW active residency:   6.69% (1260 MHz: 4.0% 1512 MHz: .04% 1800 MHz: .33% 2088 MHz: .38% 2352 MHz: .25% 2616 MHz:   0% 2868 MHz: .35% 3096 MHz:   0% 3300 MHz:   0% 3468 MHz: .44% 3624 MHz: .48% 3756 MHz: .39% 3828 MHz:   0% 3888 MHz:   0% 3948 MHz:   0% 3996 MHz:   0% 4044 MHz:   0% 4104 MHz:   0% 4416 MHz:   0% 4512 MHz:   0%)
P0-Cluster idle residency:  12.31%
P0-Cluster down residency:  80.99%
CPU 4 frequency: 2528 MHz
CPU 4 active residency:   0.19% (1260 MHz: .09% 1512 MHz:   0% 1800 MHz:   0% 2088 MHz:   0% 2352 MHz:   0% 2616 MHz:   0% 2868 MHz:   0% 3096 MHz:   0% 3300 MHz:   0% 3468 MHz:   0% 3624 MHz: .08% 3756 MHz: .02% 3828 MHz:   0% 3888 MHz:   0% 3948 MHz:   0% 3996 MHz:   0% 4044 MHz:   0% 4104 MHz:   0% 4416 MHz:   0% 4512 MHz:   0%)
CPU 4 idle residency:  18.62%
CPU 4 down residency:  81.19%
CPU 5 frequency: 3397 MHz
CPU 5 active residency:   1.21% (1260 MHz: .10% 1512 MHz: .00% 1800 MHz: .02% 2088 MHz:   0% 2352 MHz:   0% 2616 MHz:   0% 2868 MHz:   0% 3096 MHz:   0% 3300 MHz:   0% 3468 MHz: .33% 3624 MHz: .40% 3756 MHz: .35% 3828 MHz:   0% 3888 MHz:   0% 3948 MHz:   0% 3996 MHz:   0% 4044 MHz:   0% 4104 MHz:   0% 4416 MHz:   0% 4512 MHz:   0%)
CPU 5 idle residency:  17.59%
CPU 5 down residency:  81.20%
CPU 6 frequency: 3437 MHz
CPU 6 active residency:   0.87% (1260 MHz: .09% 1512 MHz:   0% 1800 MHz: .00% 2088 MHz:   0% 2352 MHz:   0% 2616 MHz:   0% 2868 MHz:   0% 3096 MHz:   0% 3300 MHz:   0% 3468 MHz:   0% 3624 MHz: .40% 3756 MHz: .38% 3828 MHz:   0% 3888 MHz:   0% 3948 MHz:   0% 3996 MHz:   0% 4044 MHz:   0% 4104 MHz:   0% 4416 MHz:   0% 4512 MHz:   0%)
CPU 6 idle residency:  17.73%
CPU 6 down residency:  81.40%
CPU 7 frequency: 3018 MHz
CPU 7 active residency:   2.01% (1260 MHz: .09% 1512 MHz: .00% 1800 MHz: .07% 2088 MHz: .39% 2352 MHz: .20% 2616 MHz:   0% 2868 MHz: .01% 3096 MHz:   0% 3300 MHz:   0% 3468 MHz: .37% 3624 MHz: .48% 3756 MHz: .39% 3828 MHz:   0% 3888 MHz:   0% 3948 MHz:   0% 3996 MHz:   0% 4044 MHz:   0% 4104 MHz:   0% 4416 MHz:   0% 4512 MHz:   0%)
CPU 7 idle residency:  16.76%
CPU 7 down residency:  81.24%
CPU 8 frequency: 1260 MHz
CPU 8 active residency:   0.09% (1260 MHz: .09% 1512 MHz:   0% 1800 MHz:   0% 2088 MHz:   0% 2352 MHz:   0% 2616 MHz:   0% 2868 MHz:   0% 3096 MHz:   0% 3300 MHz:   0% 3468 MHz:   0% 3624 MHz:   0% 3756 MHz:   0% 3828 MHz:   0% 3888 MHz:   0% 3948 MHz:   0% 3996 MHz:   0% 4044 MHz:   0% 4104 MHz:   0% 4416 MHz:   0% 4512 MHz:   0%)
CPU 8 idle residency:  18.67%
CPU 8 down residency:  81.24%
CPU 9 frequency: 1260 MHz
CPU 9 active residency:   0.09% (1260 MHz: .09% 1512 MHz:   0% 1800 MHz:   0% 2088 MHz:   0% 2352 MHz:   0% 2616 MHz:   0% 2868 MHz:   0% 3096 MHz:   0% 3300 MHz:   0% 3468 MHz:   0% 3624 MHz:   0% 3756 MHz:   0% 3828 MHz:   0% 3888 MHz:   0% 3948 MHz:   0% 3996 MHz:   0% 4044 MHz:   0% 4104 MHz:   0% 4416 MHz:   0% 4512 MHz:   0%)
CPU 9 idle residency:  18.57%
CPU 9 down residency:  81.34%

P1-Cluster HW active frequency: 3325 MHz
P1-Cluster HW active residency:  95.42% (1260 MHz: .51% 1512 MHz: .00% 1800 MHz: .03% 2088 MHz: .02% 2352 MHz:   0% 2616 MHz: 7.1% 2868 MHz:  31% 3096 MHz:  15% 3300 MHz: 2.2% 3468 MHz: .41% 3624 MHz: 1.8% 3756 MHz: 3.0% 3828 MHz: .39% 3888 MHz: 3.7% 3948 MHz:  21% 3996 MHz: 4.2% 4044 MHz: 5.5% 4104 MHz:   0% 4416 MHz:   0% 4512 MHz:   0%)
P1-Cluster idle residency:   4.58%
P1-Cluster down residency:   0.00%
CPU 10 frequency: 3423 MHz
CPU 10 active residency:  62.74% (1260 MHz: .06% 1512 MHz:   0% 1800 MHz: .01% 2088 MHz: .00% 2352 MHz:   0% 2616 MHz: 5.9% 2868 MHz:  23% 3096 MHz:  11% 3300 MHz: 1.2% 3468 MHz: .33% 3624 MHz: .91% 3756 MHz: .55% 3828 MHz: .04% 3888 MHz:   0% 3948 MHz: .03% 3996 MHz:   0% 4044 MHz:   0% 4104 MHz: .03% 4416 MHz: .24% 4512 MHz:  19%)
CPU 10 idle residency:  37.26%
CPU 10 down residency:   0.00%
CPU 11 frequency: 3719 MHz
CPU 11 active residency:  24.10% (1260 MHz: .02% 1512 MHz:   0% 1800 MHz: .00% 2088 MHz:   0% 2352 MHz:   0% 2616 MHz: .54% 2868 MHz: 5.2% 3096 MHz: 3.4% 3300 MHz: .14% 3468 MHz: .30% 3624 MHz: 1.7% 3756 MHz: 2.5% 3828 MHz: .39% 3888 MHz:   0% 3948 MHz: .39% 3996 MHz:   0% 4044 MHz:   0% 4104 MHz: .39% 4416 MHz: .39% 4512 MHz: 8.7%)
CPU 11 idle residency:  75.90%
CPU 11 down residency:   0.00%
CPU 12 frequency: 3422 MHz
CPU 12 active residency:  59.52% (1260 MHz: .13% 1512 MHz: .00% 1800 MHz: .02% 2088 MHz: .02% 2352 MHz:   0% 2616 MHz: 5.7% 2868 MHz:  21% 3096 MHz:  11% 3300 MHz: 1.0% 3468 MHz: .20% 3624 MHz: 1.5% 3756 MHz: 1.3% 3828 MHz: .07% 3888 MHz:   0% 3948 MHz: .05% 3996 MHz:   0% 4044 MHz:   0% 4104 MHz: .00% 4416 MHz: .12% 4512 MHz:  18%)
CPU 12 idle residency:  40.48%
CPU 12 down residency:   0.00%
CPU 13 frequency: 3469 MHz
CPU 13 active residency:  57.41% (1260 MHz: .08% 1512 MHz: .00% 1800 MHz: .00% 2088 MHz:   0% 2352 MHz:   0% 2616 MHz: 5.3% 2868 MHz:  18% 3096 MHz:  11% 3300 MHz: 1.2% 3468 MHz: .21% 3624 MHz: .88% 3756 MHz: 1.3% 3828 MHz: .39% 3888 MHz:   0% 3948 MHz: .32% 3996 MHz:   0% 4044 MHz:   0% 4104 MHz: .10% 4416 MHz: .02% 4512 MHz:  18%)
CPU 13 idle residency:  42.59%
CPU 13 down residency:   0.00%
CPU 14 frequency: 4108 MHz
CPU 14 active residency:  27.17% (1260 MHz: .01% 1512 MHz: .00% 1800 MHz:   0% 2088 MHz:   0% 2352 MHz:   0% 2616 MHz: .44% 2868 MHz: 3.2% 3096 MHz: 1.3% 3300 MHz: .05% 3468 MHz: .33% 3624 MHz: 1.5% 3756 MHz: 1.1% 3828 MHz: .36% 3888 MHz:   0% 3948 MHz: .33% 3996 MHz:   0% 4044 MHz:   0% 4104 MHz: .12% 4416 MHz: .26% 4512 MHz:  18%)
CPU 14 idle residency:  72.83%
CPU 14 down residency:   0.00%
CPU 15 frequency: 4251 MHz
CPU 15 active residency:  27.75% (1260 MHz:   0% 1512 MHz:   0% 1800 MHz:   0% 2088 MHz:   0% 2352 MHz:   0% 2616 MHz: .48% 2868 MHz: .97% 3096 MHz: 1.6% 3300 MHz: .03% 3468 MHz: .16% 3624 MHz: 1.6% 3756 MHz: .61% 3828 MHz: .30% 3888 MHz:   0% 3948 MHz: .33% 3996 MHz:   0% 4044 MHz:   0% 4104 MHz: .15% 4416 MHz: .19% 4512 MHz:  21%)
CPU 15 idle residency:  72.25%
CPU 15 down residency:   0.00%

CPU Power: 4052 mW
GPU Power: 32555 mW
ANE Power: 0 mW
Combined Power (CPU + GPU + ANE): 36607 mW

**** GPU usage ****

GPU HW active frequency: 1578 MHz
GPU HW active residency: 100.00% (338 MHz:   0% 618 MHz:   0% 796 MHz:   0% 924 MHz:   0% 952 MHz:   0% 1056 MHz:   0% 1062 MHz:   0% 1182 MHz:   0% 1182 MHz:   0% 1312 MHz:   0% 1242 MHz:   0% 1380 MHz:   0% 1326 MHz:   0% 1470 MHz:   0% 1578 MHz: 100%)
GPU SW requested state: (P1 :   0% P2 :   0% P3 :   0% P4 :   0% P5 :   0% P6 :   0% P7 :   0% P8 :   0% P9 :   0% P10 : 100% P11 :   0% P12 :   0% P13 :   0% P14 :   0% P15 :   0%)
GPU SW state: (SW_P1 :   0% SW_P2 :   0% SW_P3 :   0% SW_P4 :   0% SW_P5 :   0% SW_P6 :   0% SW_P7 :   0% SW_P8 :   0% SW_P9 :   0% SW_P10 : 100% SW_P11 :   0% SW_P12 :   0% SW_P13 :   0% SW_P14 :   0% SW_P15 :   0%)
GPU idle residency:   0.00%
GPU Power: 32555 mW



*** Sampled system activity (Tue Jan 20 15:15:52 2026 +0100) (1020.45ms elapsed) ***


**** Processor usage ****

E-Cluster Online: 100%
E-Cluster HW active frequency: 1416 MHz
E-Cluster HW active residency:  64.63% (1020 MHz:  39% 1404 MHz: 8.5% 1788 MHz: 4.9% 2112 MHz: 1.5% 2352 MHz: .91% 2532 MHz: 2.0% 2592 MHz: 8.1%)
E-Cluster idle residency:  35.37%
E-Cluster down residency:   0.00%
CPU 0 frequency: 1343 MHz
CPU 0 active residency:  32.71% (1020 MHz:  21% 1404 MHz: 5.0% 1788 MHz: 2.9% 2112 MHz: .43% 2352 MHz: .60% 2532 MHz: .52% 2592 MHz: 2.8%)
CPU 0 idle residency:  67.29%
CPU 0 down residency:   0.00%
CPU 1 frequency: 1325 MHz
CPU 1 active residency:  20.42% (1020 MHz:  13% 1404 MHz: 3.2% 1788 MHz: 1.8% 2112 MHz: .22% 2352 MHz: .30% 2532 MHz: .39% 2592 MHz: 1.5%)
CPU 1 idle residency:  79.58%
CPU 1 down residency:   0.00%
CPU 2 frequency: 1434 MHz
CPU 2 active residency:  13.89% (1020 MHz: 7.7% 1404 MHz: 2.1% 1788 MHz: 1.4% 2112 MHz: .62% 2352 MHz: .05% 2532 MHz: .73% 2592 MHz: 1.3%)
CPU 2 idle residency:  86.11%
CPU 2 down residency:   0.00%
CPU 3 frequency: 1448 MHz
CPU 3 active residency:  10.05% (1020 MHz: 5.7% 1404 MHz: 1.4% 1788 MHz: .81% 2112 MHz: .55% 2352 MHz: .06% 2532 MHz: .47% 2592 MHz: 1.1%)
CPU 3 idle residency:  89.95%
CPU 3 down residency:   0.00%

P0-Cluster Online: 7%
P0-Cluster HW active frequency: 1347 MHz
P0-Cluster HW active residency:   0.94% (1260 MHz: .89% 1512 MHz:   0% 1800 MHz:   0% 2088 MHz:   0% 2352 MHz:   0% 2616 MHz:   0% 2868 MHz:   0% 3096 MHz: .04% 3300 MHz:   0% 3468 MHz:   0% 3624 MHz:   0% 3756 MHz:   0% 3828 MHz:   0% 3888 MHz:   0% 3948 MHz:   0% 3996 MHz:   0% 4044 MHz:   0% 4104 MHz:   0% 4416 MHz:   0% 4512 MHz:   0%)
P0-Cluster idle residency:   4.32%
P0-Cluster down residency:  94.74%
CPU 4 frequency: 0 MHz
CPU 4 active residency:   0.00% (1260 MHz:   0% 1512 MHz:   0% 1800 MHz:   0% 2088 MHz:   0% 2352 MHz:   0% 2616 MHz:   0% 2868 MHz:   0% 3096 MHz:   0% 3300 MHz:   0% 3468 MHz:   0% 3624 MHz:   0% 3756 MHz:   0% 3828 MHz:   0% 3888 MHz:   0% 3948 MHz:   0% 3996 MHz:   0% 4044 MHz:   0% 4104 MHz:   0% 4416 MHz:   0% 4512 MHz:   0%)
CPU 4 idle residency:   4.97%
CPU 4 down residency:  95.03%
CPU 5 frequency: 0 MHz
CPU 5 active residency:   0.00% (1260 MHz:   0% 1512 MHz:   0% 1800 MHz:   0% 2088 MHz:   0% 2352 MHz:   0% 2616 MHz:   0% 2868 MHz:   0% 3096 MHz:   0% 3300 MHz:   0% 3468 MHz:   0% 3624 MHz:   0% 3756 MHz:   0% 3828 MHz:   0% 3888 MHz:   0% 3948 MHz:   0% 3996 MHz:   0% 4044 MHz:   0% 4104 MHz:   0% 4416 MHz:   0% 4512 MHz:   0%)
CPU 5 idle residency:   4.98%
CPU 5 down residency:  95.02%
CPU 6 frequency: 0 MHz
CPU 6 active residency:   0.00% (1260 MHz:   0% 1512 MHz:   0% 1800 MHz:   0% 2088 MHz:   0% 2352 MHz:   0% 2616 MHz:   0% 2868 MHz:   0% 3096 MHz:   0% 3300 MHz:   0% 3468 MHz:   0% 3624 MHz:   0% 3756 MHz:   0% 3828 MHz:   0% 3888 MHz:   0% 3948 MHz:   0% 3996 MHz:   0% 4044 MHz:   0% 4104 MHz:   0% 4416 MHz:   0% 4512 MHz:   0%)
CPU 6 idle residency:   4.98%
CPU 6 down residency:  95.02%
CPU 7 frequency: 0 MHz
CPU 7 active residency:   0.00% (1260 MHz:   0% 1512 MHz:   0% 1800 MHz:   0% 2088 MHz:   0% 2352 MHz:   0% 2616 MHz:   0% 2868 MHz:   0% 3096 MHz:   0% 3300 MHz:   0% 3468 MHz:   0% 3624 MHz:   0% 3756 MHz:   0% 3828 MHz:   0% 3888 MHz:   0% 3948 MHz:   0% 3996 MHz:   0% 4044 MHz:   0% 4104 MHz:   0% 4416 MHz:   0% 4512 MHz:   0%)
CPU 7 idle residency:   4.98%
CPU 7 down residency:  95.02%
CPU 8 frequency: 0 MHz
CPU 8 active residency:   0.00% (1260 MHz:   0% 1512 MHz:   0% 1800 MHz:   0% 2088 MHz:   0% 2352 MHz:   0% 2616 MHz:   0% 2868 MHz:   0% 3096 MHz:   0% 3300 MHz:   0% 3468 MHz:   0% 3624 MHz:   0% 3756 MHz:   0% 3828 MHz:   0% 3888 MHz:   0% 3948 MHz:   0% 3996 MHz:   0% 4044 MHz:   0% 4104 MHz:   0% 4416 MHz:   0% 4512 MHz:   0%)
CPU 8 idle residency:   4.98%
CPU 8 down residency:  95.02%
CPU 9 frequency: 0 MHz
CPU 9 active residency:   0.00% (1260 MHz:   0% 1512 MHz:   0% 1800 MHz:   0% 2088 MHz:   0% 2352 MHz:   0% 2616 MHz:   0% 2868 MHz:   0% 3096 MHz:   0% 3300 MHz:   0% 3468 MHz:   0% 3624 MHz:   0% 3756 MHz:   0% 3828 MHz:   0% 3888 MHz:   0% 3948 MHz:   0% 3996 MHz:   0% 4044 MHz:   0% 4104 MHz:   0% 4416 MHz:   0% 4512 MHz:   0%)
CPU 9 idle residency:   4.97%
CPU 9 down residency:  95.03%

P1-Cluster HW active frequency: 3300 MHz
P1-Cluster HW active residency:  96.78% (1260 MHz: .52% 1512 MHz: .01% 1800 MHz: .01% 2088 MHz: .01% 2352 MHz: 1.1% 2616 MHz:  13% 2868 MHz:  25% 3096 MHz:  12% 3300 MHz: 7.7% 3468 MHz: 2.3% 3624 MHz: 1.0% 3756 MHz:   0% 3828 MHz: .39% 3888 MHz: 1.9% 3948 MHz:  20% 3996 MHz: 5.6% 4044 MHz: 6.6% 4104 MHz:   0% 4416 MHz:   0% 4512 MHz:   0%)
P1-Cluster idle residency:   3.22%
P1-Cluster down residency:   0.00%
CPU 10 frequency: 3832 MHz
CPU 10 active residency:  36.12% (1260 MHz: .01% 1512 MHz:   0% 1800 MHz:   0% 2088 MHz:   0% 2352 MHz: .21% 2616 MHz: 4.8% 2868 MHz: 3.2% 3096 MHz: 3.9% 3300 MHz: 1.6% 3468 MHz: 1.1% 3624 MHz: .79% 3756 MHz:   0% 3828 MHz: .22% 3888 MHz:   0% 3948 MHz: .31% 3996 MHz:   0% 4044 MHz:   0% 4104 MHz: .36% 4416 MHz: .27% 4512 MHz:  19%)
CPU 10 idle residency:  63.88%
CPU 10 down residency:   0.00%
CPU 11 frequency: 3347 MHz
CPU 11 active residency:  61.06% (1260 MHz: .06% 1512 MHz: .01% 1800 MHz: .01% 2088 MHz: .00% 2352 MHz: .91% 2616 MHz: 9.4% 2868 MHz:  19% 3096 MHz: 8.6% 3300 MHz: 3.4% 3468 MHz: 1.9% 3624 MHz: .78% 3756 MHz:   0% 3828 MHz: .08% 3888 MHz:   0% 3948 MHz: .31% 3996 MHz:   0% 4044 MHz:   0% 4104 MHz: .31% 4416 MHz:   0% 4512 MHz:  16%)
CPU 11 idle residency:  38.94%
CPU 11 down residency:   0.00%
CPU 12 frequency: 3822 MHz
CPU 12 active residency:  23.79% (1260 MHz: .02% 1512 MHz:   0% 1800 MHz:   0% 2088 MHz: .00% 2352 MHz: .03% 2616 MHz: 2.2% 2868 MHz: 2.2% 3096 MHz: 3.0% 3300 MHz: 1.4% 3468 MHz: 1.3% 3624 MHz: .52% 3756 MHz:   0% 3828 MHz: .39% 3888 MHz:   0% 3948 MHz: .38% 3996 MHz:   0% 4044 MHz:   0% 4104 MHz: .39% 4416 MHz: .39% 4512 MHz:  12%)
CPU 12 idle residency:  76.21%
CPU 12 down residency:   0.00%
CPU 13 frequency: 3359 MHz
CPU 13 active residency:  59.58% (1260 MHz: .09% 1512 MHz: .01% 1800 MHz: .00% 2088 MHz: .00% 2352 MHz: .70% 2616 MHz: 8.7% 2868 MHz:  17% 3096 MHz: 9.6% 3300 MHz: 5.3% 3468 MHz: 1.7% 3624 MHz: .89% 3756 MHz:   0% 3828 MHz: .07% 3888 MHz:   0% 3948 MHz: .21% 3996 MHz:   0% 4044 MHz:   0% 4104 MHz: .13% 4416 MHz: .28% 4512 MHz:  15%)
CPU 13 idle residency:  40.42%
CPU 13 down residency:   0.00%
CPU 14 frequency: 3391 MHz
CPU 14 active residency:  54.99% (1260 MHz: .04% 1512 MHz: .01% 1800 MHz: .01% 2088 MHz: .00% 2352 MHz: .79% 2616 MHz: 7.9% 2868 MHz:  16% 3096 MHz: 8.7% 3300 MHz: 4.0% 3468 MHz: 1.3% 3624 MHz: .64% 3756 MHz:   0% 3828 MHz: .01% 3888 MHz:   0% 3948 MHz:   0% 3996 MHz:   0% 4044 MHz:   0% 4104 MHz: .18% 4416 MHz: .29% 4512 MHz:  16%)
CPU 14 idle residency:  45.01%
CPU 14 down residency:   0.00%
CPU 15 frequency: 4357 MHz
CPU 15 active residency:  17.62% (1260 MHz: .01% 1512 MHz:   0% 1800 MHz:   0% 2088 MHz:   0% 2352 MHz:   0% 2616 MHz: .09% 2868 MHz: .61% 3096 MHz: .32% 3300 MHz: .65% 3468 MHz: .14% 3624 MHz: .10% 3756 MHz:   0% 3828 MHz: .00% 3888 MHz:   0% 3948 MHz: .02% 3996 MHz:   0% 4044 MHz:   0% 4104 MHz: .08% 4416 MHz:   0% 4512 MHz:  16%)
CPU 15 idle residency:  82.38%
CPU 15 down residency:   0.00%

CPU Power: 4099 mW
GPU Power: 32845 mW
ANE Power: 0 mW
Combined Power (CPU + GPU + ANE): 36944 mW

**** GPU usage ****

GPU HW active frequency: 1578 MHz
GPU HW active residency: 100.00% (338 MHz:   0% 618 MHz:   0% 796 MHz:   0% 924 MHz:   0% 952 MHz:   0% 1056 MHz:   0% 1062 MHz:   0% 1182 MHz:   0% 1182 MHz:   0% 1312 MHz:   0% 1242 MHz:   0% 1380 MHz:   0% 1326 MHz:   0% 1470 MHz:   0% 1578 MHz: 100%)
GPU SW requested state: (P1 :   0% P2 :   0% P3 :   0% P4 :   0% P5 :   0% P6 :   0% P7 :   0% P8 :   0% P9 :   0% P10 : 100% P11 :   0% P12 :   0% P13 :   0% P14 :   0% P15 :   0%)
GPU SW state: (SW_P1 :   0% SW_P2 :   0% SW_P3 :   0% SW_P4 :   0% SW_P5 :   0% SW_P6 :   0% SW_P7 :   0% SW_P8 :   0% SW_P9 :   0% SW_P10 : 100% SW_P11 :   0% SW_P12 :   0% SW_P13 :   0% SW_P14 :   0% SW_P15 :   0%)
GPU idle residency:   0.00%
GPU Power: 32849 mW



*** Sampled system activity (Tue Jan 20 15:15:53 2026 +0100) (1020.37ms elapsed) ***


**** Processor usage ****

E-Cluster Online: 100%
E-Cluster HW active frequency: 1345 MHz
E-Cluster HW active residency:  55.86% (1020 MHz:  37% 1404 MHz: 6.3% 1788 MHz: 4.4% 2112 MHz: 1.3% 2352 MHz: 1.0% 2532 MHz: 1.2% 2592 MHz: 4.9%)
E-Cluster idle residency:  44.14%
E-Cluster down residency:   0.00%
CPU 0 frequency: 1327 MHz
CPU 0 active residency:  26.61% (1020 MHz:  17% 1404 MHz: 3.6% 1788 MHz: 2.4% 2112 MHz: .55% 2352 MHz: .68% 2532 MHz: .59% 2592 MHz: 1.6%)
CPU 0 idle residency:  73.39%
CPU 0 down residency:   0.00%
CPU 1 frequency: 1377 MHz
CPU 1 active residency:  14.14% (1020 MHz: 8.9% 1404 MHz: 1.7% 1788 MHz: 1.1% 2112 MHz: .55% 2352 MHz: .18% 2532 MHz: .62% 2592 MHz: 1.1%)
CPU 1 idle residency:  85.86%
CPU 1 down residency:   0.00%
CPU 2 frequency: 1308 MHz
CPU 2 active residency:   8.34% (1020 MHz: 5.6% 1404 MHz: 1.1% 1788 MHz: .62% 2112 MHz: .19% 2352 MHz: .09% 2532 MHz: .12% 2592 MHz: .63%)
CPU 2 idle residency:  91.66%
CPU 2 down residency:   0.00%
CPU 3 frequency: 1393 MHz
CPU 3 active residency:   5.55% (1020 MHz: 3.1% 1404 MHz: .94% 1788 MHz: .76% 2112 MHz: .09% 2352 MHz: .03% 2532 MHz: .06% 2592 MHz: .57%)
CPU 3 idle residency:  94.45%
CPU 3 down residency:   0.00%

P0-Cluster Online: 11%
P0-Cluster HW active frequency: 2472 MHz
P0-Cluster HW active residency:   4.64% (1260 MHz: 1.6% 1512 MHz: .35% 1800 MHz: .20% 2088 MHz:   0% 2352 MHz:   0% 2616 MHz:   0% 2868 MHz: .09% 3096 MHz: .42% 3300 MHz: .70% 3468 MHz: .39% 3624 MHz: .21% 3756 MHz: .40% 3828 MHz:   0% 3888 MHz:   0% 3948 MHz: .02% 3996 MHz: .07% 4044 MHz: .07% 4104 MHz:   0% 4416 MHz: .08% 4512 MHz:   0%)
P0-Cluster idle residency:   5.89%
P0-Cluster down residency:  89.47%
CPU 4 frequency: 1412 MHz
CPU 4 active residency:   0.37% (1260 MHz: .33% 1512 MHz:   0% 1800 MHz: .02% 2088 MHz:   0% 2352 MHz:   0% 2616 MHz:   0% 2868 MHz: .03% 3096 MHz:   0% 3300 MHz:   0% 3468 MHz:   0% 3624 MHz:   0% 3756 MHz:   0% 3828 MHz:   0% 3888 MHz:   0% 3948 MHz:   0% 3996 MHz:   0% 4044 MHz:   0% 4104 MHz:   0% 4416 MHz:   0% 4512 MHz:   0%)
CPU 4 idle residency:  10.25%
CPU 4 down residency:  89.37%
CPU 5 frequency: 1477 MHz
CPU 5 active residency:   0.40% (1260 MHz: .33% 1512 MHz:   0% 1800 MHz: .02% 2088 MHz:   0% 2352 MHz:   0% 2616 MHz:   0% 2868 MHz: .05% 3096 MHz:   0% 3300 MHz:   0% 3468 MHz:   0% 3624 MHz:   0% 3756 MHz:   0% 3828 MHz:   0% 3888 MHz:   0% 3948 MHz:   0% 3996 MHz:   0% 4044 MHz:   0% 4104 MHz:   0% 4416 MHz:   0% 4512 MHz:   0%)
CPU 5 idle residency:   8.51%
CPU 5 down residency:  91.09%
CPU 6 frequency: 1463 MHz
CPU 6 active residency:   0.43% (1260 MHz: .35% 1512 MHz: .01% 1800 MHz: .02% 2088 MHz:   0% 2352 MHz:   0% 2616 MHz:   0% 2868 MHz: .05% 3096 MHz:   0% 3300 MHz:   0% 3468 MHz:   0% 3624 MHz:   0% 3756 MHz:   0% 3828 MHz:   0% 3888 MHz:   0% 3948 MHz:   0% 3996 MHz:   0% 4044 MHz:   0% 4104 MHz:   0% 4416 MHz:   0% 4512 MHz:   0%)
CPU 6 idle residency:   9.12%
CPU 6 down residency:  90.45%
CPU 7 frequency: 1616 MHz
CPU 7 active residency:   0.44% (1260 MHz: .33% 1512 MHz:   0% 1800 MHz: .02% 2088 MHz:   0% 2352 MHz:   0% 2616 MHz:   0% 2868 MHz: .09% 3096 MHz:   0% 3300 MHz:   0% 3468 MHz:   0% 3624 MHz:   0% 3756 MHz:   0% 3828 MHz:   0% 3888 MHz:   0% 3948 MHz:   0% 3996 MHz:   0% 4044 MHz:   0% 4104 MHz:   0% 4416 MHz:   0% 4512 MHz:   0%)
CPU 7 idle residency:   9.74%
CPU 7 down residency:  89.83%
CPU 8 frequency: 1563 MHz
CPU 8 active residency:   0.44% (1260 MHz: .34% 1512 MHz:   0% 1800 MHz: .02% 2088 MHz:   0% 2352 MHz:   0% 2616 MHz:   0% 2868 MHz: .08% 3096 MHz:   0% 3300 MHz:   0% 3468 MHz:   0% 3624 MHz:   0% 3756 MHz:   0% 3828 MHz:   0% 3888 MHz:   0% 3948 MHz:   0% 3996 MHz:   0% 4044 MHz:   0% 4104 MHz:   0% 4416 MHz:   0% 4512 MHz:   0%)
CPU 8 idle residency:  10.27%
CPU 8 down residency:  89.29%
CPU 9 frequency: 1921 MHz
CPU 9 active residency:   0.57% (1260 MHz: .33% 1512 MHz:   0% 1800 MHz: .02% 2088 MHz:   0% 2352 MHz:   0% 2616 MHz:   0% 2868 MHz: .21% 3096 MHz: .01% 3300 MHz:   0% 3468 MHz:   0% 3624 MHz:   0% 3756 MHz:   0% 3828 MHz:   0% 3888 MHz:   0% 3948 MHz:   0% 3996 MHz:   0% 4044 MHz:   0% 4104 MHz:   0% 4416 MHz:   0% 4512 MHz:   0%)
CPU 9 idle residency:  10.26%
CPU 9 down residency:  89.17%

P1-Cluster HW active frequency: 3357 MHz
P1-Cluster HW active residency:  95.30% (1260 MHz: .42% 1512 MHz: .02% 1800 MHz: .01% 2088 MHz: .00% 2352 MHz: 1.5% 2616 MHz:  22% 2868 MHz: 8.2% 3096 MHz: 5.1% 3300 MHz: 9.1% 3468 MHz: 5.2% 3624 MHz: 4.0% 3756 MHz: 3.7% 3828 MHz: .96% 3888 MHz: 4.4% 3948 MHz:  21% 3996 MHz: 4.6% 4044 MHz: 4.7% 4104 MHz:   0% 4416 MHz:   0% 4512 MHz:   0%)
P1-Cluster idle residency:   4.70%
P1-Cluster down residency:   0.00%
CPU 10 frequency: 4008 MHz
CPU 10 active residency:  40.56% (1260 MHz: .01% 1512 MHz: .00% 1800 MHz: .00% 2088 MHz:   0% 2352 MHz: .02% 2616 MHz: 2.2% 2868 MHz: .75% 3096 MHz: 2.7% 3300 MHz: 3.8% 3468 MHz: 2.8% 3624 MHz: 1.5% 3756 MHz: 1.9% 3828 MHz: .86% 3888 MHz:   0% 3948 MHz: .31% 3996 MHz:   0% 4044 MHz:   0% 4104 MHz: .08% 4416 MHz: .80% 4512 MHz:  23%)
CPU 10 idle residency:  59.44%
CPU 10 down residency:   0.00%
CPU 11 frequency: 3611 MHz
CPU 11 active residency:  49.24% (1260 MHz: .05% 1512 MHz:   0% 1800 MHz: .00% 2088 MHz:   0% 2352 MHz: 1.5% 2616 MHz:  12% 2868 MHz: 5.0% 3096 MHz: .79% 3300 MHz: 2.8% 3468 MHz: 2.5% 3624 MHz: 1.3% 3756 MHz: 1.4% 3828 MHz: .83% 3888 MHz:   0% 3948 MHz: .33% 3996 MHz:   0% 4044 MHz:   0% 4104 MHz: .32% 4416 MHz: .72% 4512 MHz:  20%)
CPU 11 idle residency:  50.76%
CPU 11 down residency:   0.00%
CPU 12 frequency: 3670 MHz
CPU 12 active residency:  40.28% (1260 MHz: .03% 1512 MHz: .02% 1800 MHz: .00% 2088 MHz: .00% 2352 MHz: .79% 2616 MHz: 5.1% 2868 MHz: 1.2% 3096 MHz: 4.2% 3300 MHz: 6.2% 3468 MHz: 3.7% 3624 MHz: 1.3% 3756 MHz: 1.9% 3828 MHz: .12% 3888 MHz:   0% 3948 MHz: .14% 3996 MHz:   0% 4044 MHz:   0% 4104 MHz: .06% 4416 MHz: .44% 4512 MHz:  15%)
CPU 12 idle residency:  59.72%
CPU 12 down residency:   0.00%
CPU 13 frequency: 3878 MHz
CPU 13 active residency:  29.35% (1260 MHz: .01% 1512 MHz: .00% 1800 MHz: .01% 2088 MHz: .00% 2352 MHz: .00% 2616 MHz: .12% 2868 MHz: .34% 3096 MHz: 3.7% 3300 MHz: 6.3% 3468 MHz: 1.5% 3624 MHz: 2.2% 3756 MHz: .61% 3828 MHz: .46% 3888 MHz:   0% 3948 MHz: .48% 3996 MHz:   0% 4044 MHz:   0% 4104 MHz: .44% 4416 MHz: .79% 4512 MHz:  12%)
CPU 13 idle residency:  70.65%
CPU 13 down residency:   0.00%
CPU 14 frequency: 3539 MHz
CPU 14 active residency:  58.69% (1260 MHz: .07% 1512 MHz:   0% 1800 MHz: .00% 2088 MHz:   0% 2352 MHz: .87% 2616 MHz:  15% 2868 MHz: 4.7% 3096 MHz: 4.6% 3300 MHz: 5.7% 3468 MHz: 2.2% 3624 MHz: 1.4% 3756 MHz: 2.5% 3828 MHz: .23% 3888 MHz:   0% 3948 MHz: .70% 3996 MHz:   0% 4044 MHz:   0% 4104 MHz: .32% 4416 MHz: .69% 4512 MHz:  20%)
CPU 14 idle residency:  41.31%
CPU 14 down residency:   0.00%
CPU 15 frequency: 3449 MHz
CPU 15 active residency:  44.21% (1260 MHz: .07% 1512 MHz:   0% 1800 MHz:   0% 2088 MHz:   0% 2352 MHz: .81% 2616 MHz:  16% 2868 MHz: 4.8% 3096 MHz: .77% 3300 MHz: 1.0% 3468 MHz: 2.0% 3624 MHz: 1.6% 3756 MHz: 1.3% 3828 MHz: .73% 3888 MHz:   0% 3948 MHz: .03% 3996 MHz:   0% 4044 MHz:   0% 4104 MHz: .23% 4416 MHz: .48% 4512 MHz:  15%)
CPU 15 idle residency:  55.79%
CPU 15 down residency:   0.00%

CPU Power: 4377 mW
GPU Power: 32540 mW
ANE Power: 0 mW
Combined Power (CPU + GPU + ANE): 36917 mW

**** GPU usage ****

GPU HW active frequency: 1578 MHz
GPU HW active residency: 100.00% (338 MHz:   0% 618 MHz:   0% 796 MHz:   0% 924 MHz:   0% 952 MHz:   0% 1056 MHz:   0% 1062 MHz:   0% 1182 MHz:   0% 1182 MHz:   0% 1312 MHz:   0% 1242 MHz:   0% 1380 MHz:   0% 1326 MHz:   0% 1470 MHz:   0% 1578 MHz: 100%)
GPU SW requested state: (P1 :   0% P2 :   0% P3 :   0% P4 :   0% P5 :   0% P6 :   0% P7 :   0% P8 :   0% P9 :   0% P10 : 100% P11 :   0% P12 :   0% P13 :   0% P14 :   0% P15 :   0%)
GPU SW state: (SW_P1 :   0% SW_P2 :   0% SW_P3 :   0% SW_P4 :   0% SW_P5 :   0% SW_P6 :   0% SW_P7 :   0% SW_P8 :   0% SW_P9 :   0% SW_P10 : 100% SW_P11 :   0% SW_P12 :   0% SW_P13 :   0% SW_P14 :   0% SW_P15 :   0%)
GPU idle residency:   0.00%
GPU Power: 32538 mW



*** Sampled system activity (Tue Jan 20 15:15:54 2026 +0100) (1019.67ms elapsed) ***


**** Processor usage ****

E-Cluster Online: 100%
E-Cluster HW active frequency: 1369 MHz
E-Cluster HW active residency:  61.90% (1020 MHz:  35% 1404 MHz:  12% 1788 MHz: 7.2% 2112 MHz: 2.0% 2352 MHz: 2.2% 2532 MHz: 1.2% 2592 MHz: 2.9%)
E-Cluster idle residency:  38.10%
E-Cluster down residency:   0.00%
CPU 0 frequency: 1373 MHz
CPU 0 active residency:  32.26% (1020 MHz:  18% 1404 MHz: 6.3% 1788 MHz: 3.7% 2112 MHz: .96% 2352 MHz: .87% 2532 MHz: .97% 2592 MHz: 1.6%)
CPU 0 idle residency:  67.74%
CPU 0 down residency:   0.00%
CPU 1 frequency: 1403 MHz
CPU 1 active residency:  21.13% (1020 MHz:  11% 1404 MHz: 3.9% 1788 MHz: 3.2% 2112 MHz: .88% 2352 MHz: .89% 2532 MHz: .20% 2592 MHz: 1.1%)
CPU 1 idle residency:  78.87%
CPU 1 down residency:   0.00%
CPU 2 frequency: 1361 MHz
CPU 2 active residency:  12.45% (1020 MHz: 6.9% 1404 MHz: 2.2% 1788 MHz: 1.8% 2112 MHz: .63% 2352 MHz: .21% 2532 MHz: .12% 2592 MHz: .54%)
CPU 2 idle residency:  87.55%
CPU 2 down residency:   0.00%
CPU 3 frequency: 1321 MHz
CPU 3 active residency:   7.63% (1020 MHz: 4.4% 1404 MHz: 1.4% 1788 MHz: 1.3% 2112 MHz: .26% 2352 MHz: .04% 2532 MHz: .03% 2592 MHz: .27%)
CPU 3 idle residency:  92.37%
CPU 3 down residency:   0.00%

P0-Cluster Online: 3%
P0-Cluster HW active frequency: 1542 MHz
P0-Cluster HW active residency:   0.74% (1260 MHz: .57% 1512 MHz:   0% 1800 MHz:   0% 2088 MHz:   0% 2352 MHz: .12% 2616 MHz:   0% 2868 MHz:   0% 3096 MHz: .04% 3300 MHz:   0% 3468 MHz:   0% 3624 MHz:   0% 3756 MHz:   0% 3828 MHz:   0% 3888 MHz:   0% 3948 MHz:   0% 3996 MHz:   0% 4044 MHz:   0% 4104 MHz:   0% 4416 MHz:   0% 4512 MHz:   0%)
P0-Cluster idle residency:   1.96%
P0-Cluster down residency:  97.30%
CPU 4 frequency: 0 MHz
CPU 4 active residency:   0.00% (1260 MHz:   0% 1512 MHz:   0% 1800 MHz:   0% 2088 MHz:   0% 2352 MHz:   0% 2616 MHz:   0% 2868 MHz:   0% 3096 MHz:   0% 3300 MHz:   0% 3468 MHz:   0% 3624 MHz:   0% 3756 MHz:   0% 3828 MHz:   0% 3888 MHz:   0% 3948 MHz:   0% 3996 MHz:   0% 4044 MHz:   0% 4104 MHz:   0% 4416 MHz:   0% 4512 MHz:   0%)
CPU 4 idle residency:   2.54%
CPU 4 down residency:  97.46%
CPU 5 frequency: 0 MHz
CPU 5 active residency:   0.00% (1260 MHz:   0% 1512 MHz:   0% 1800 MHz:   0% 2088 MHz:   0% 2352 MHz:   0% 2616 MHz:   0% 2868 MHz:   0% 3096 MHz:   0% 3300 MHz:   0% 3468 MHz:   0% 3624 MHz:   0% 3756 MHz:   0% 3828 MHz:   0% 3888 MHz:   0% 3948 MHz:   0% 3996 MHz:   0% 4044 MHz:   0% 4104 MHz:   0% 4416 MHz:   0% 4512 MHz:   0%)
CPU 5 idle residency:   2.52%
CPU 5 down residency:  97.48%
CPU 6 frequency: 0 MHz
CPU 6 active residency:   0.00% (1260 MHz:   0% 1512 MHz:   0% 1800 MHz:   0% 2088 MHz:   0% 2352 MHz:   0% 2616 MHz:   0% 2868 MHz:   0% 3096 MHz:   0% 3300 MHz:   0% 3468 MHz:   0% 3624 MHz:   0% 3756 MHz:   0% 3828 MHz:   0% 3888 MHz:   0% 3948 MHz:   0% 3996 MHz:   0% 4044 MHz:   0% 4104 MHz:   0% 4416 MHz:   0% 4512 MHz:   0%)
CPU 6 idle residency:   2.53%
CPU 6 down residency:  97.47%
CPU 7 frequency: 0 MHz
CPU 7 active residency:   0.00% (1260 MHz:   0% 1512 MHz:   0% 1800 MHz:   0% 2088 MHz:   0% 2352 MHz:   0% 2616 MHz:   0% 2868 MHz:   0% 3096 MHz:   0% 3300 MHz:   0% 3468 MHz:   0% 3624 MHz:   0% 3756 MHz:   0% 3828 MHz:   0% 3888 MHz:   0% 3948 MHz:   0% 3996 MHz:   0% 4044 MHz:   0% 4104 MHz:   0% 4416 MHz:   0% 4512 MHz:   0%)
CPU 7 idle residency:   2.52%
CPU 7 down residency:  97.48%
CPU 8 frequency: 0 MHz
CPU 8 active residency:   0.00% (1260 MHz:   0% 1512 MHz:   0% 1800 MHz:   0% 2088 MHz:   0% 2352 MHz:   0% 2616 MHz:   0% 2868 MHz:   0% 3096 MHz:   0% 3300 MHz:   0% 3468 MHz:   0% 3624 MHz:   0% 3756 MHz:   0% 3828 MHz:   0% 3888 MHz:   0% 3948 MHz:   0% 3996 MHz:   0% 4044 MHz:   0% 4104 MHz:   0% 4416 MHz:   0% 4512 MHz:   0%)
CPU 8 idle residency:   2.54%
CPU 8 down residency:  97.46%
CPU 9 frequency: 0 MHz
CPU 9 active residency:   0.00% (1260 MHz:   0% 1512 MHz:   0% 1800 MHz:   0% 2088 MHz:   0% 2352 MHz:   0% 2616 MHz:   0% 2868 MHz:   0% 3096 MHz:   0% 3300 MHz:   0% 3468 MHz:   0% 3624 MHz:   0% 3756 MHz:   0% 3828 MHz:   0% 3888 MHz:   0% 3948 MHz:   0% 3996 MHz:   0% 4044 MHz:   0% 4104 MHz:   0% 4416 MHz:   0% 4512 MHz:   0%)
CPU 9 idle residency:   2.55%
CPU 9 down residency:  97.45%

P1-Cluster HW active frequency: 3403 MHz
P1-Cluster HW active residency:  95.88% (1260 MHz: .36% 1512 MHz: .01% 1800 MHz: .03% 2088 MHz: .04% 2352 MHz: 2.3% 2616 MHz: 1.4% 2868 MHz: 7.2% 3096 MHz:  40% 3300 MHz: 6.3% 3468 MHz: .48% 3624 MHz: .39% 3756 MHz:   0% 3828 MHz: .39% 3888 MHz: 3.3% 3948 MHz:  20% 3996 MHz: 5.9% 4044 MHz: 8.1% 4104 MHz:   0% 4416 MHz:   0% 4512 MHz:   0%)
P1-Cluster idle residency:   4.12%
P1-Cluster down residency:   0.00%
CPU 10 frequency: 3469 MHz
CPU 10 active residency:  60.36% (1260 MHz: .06% 1512 MHz: .00% 1800 MHz:   0% 2088 MHz: .01% 2352 MHz: 2.1% 2616 MHz: 1.1% 2868 MHz: 5.7% 3096 MHz:  28% 3300 MHz: 4.7% 3468 MHz: .42% 3624 MHz: .34% 3756 MHz:   0% 3828 MHz: .37% 3888 MHz:   0% 3948 MHz: .33% 3996 MHz:   0% 4044 MHz:   0% 4104 MHz: .38% 4416 MHz: .73% 4512 MHz:  16%)
CPU 10 idle residency:  39.64%
CPU 10 down residency:   0.00%
CPU 11 frequency: 3564 MHz
CPU 11 active residency:  61.04% (1260 MHz: .08% 1512 MHz:   0% 1800 MHz: .02% 2088 MHz: .03% 2352 MHz: .77% 2616 MHz: 1.0% 2868 MHz: 5.2% 3096 MHz:  27% 3300 MHz: 4.6% 3468 MHz: .42% 3624 MHz: .39% 3756 MHz:   0% 3828 MHz: .39% 3888 MHz:   0% 3948 MHz: .38% 3996 MHz:   0% 4044 MHz:   0% 4104 MHz: .39% 4416 MHz: .42% 4512 MHz:  20%)
CPU 11 idle residency:  38.96%
CPU 11 down residency:   0.00%
CPU 12 frequency: 3760 MHz
CPU 12 active residency:  37.60% (1260 MHz: .02% 1512 MHz:   0% 1800 MHz: .00% 2088 MHz: .01% 2352 MHz: 2.0% 2616 MHz: 1.1% 2868 MHz: 1.1% 3096 MHz:  11% 3300 MHz: 2.2% 3468 MHz: .20% 3624 MHz: .30% 3756 MHz:   0% 3828 MHz: .36% 3888 MHz:   0% 3948 MHz: .26% 3996 MHz:   0% 4044 MHz:   0% 4104 MHz: .23% 4416 MHz: .50% 4512 MHz:  18%)
CPU 12 idle residency:  62.40%
CPU 12 down residency:   0.00%
CPU 13 frequency: 3386 MHz
CPU 13 active residency:  49.12% (1260 MHz: .06% 1512 MHz: .00% 1800 MHz: .01% 2088 MHz: .02% 2352 MHz: 1.5% 2616 MHz: 1.3% 2868 MHz: 5.2% 3096 MHz:  24% 3300 MHz: 4.1% 3468 MHz: .41% 3624 MHz: .31% 3756 MHz:   0% 3828 MHz: .35% 3888 MHz:   0% 3948 MHz: .31% 3996 MHz:   0% 4044 MHz:   0% 4104 MHz: .51% 4416 MHz: .71% 4512 MHz:  10%)
CPU 13 idle residency:  50.88%
CPU 13 down residency:   0.00%
CPU 14 frequency: 4174 MHz
CPU 14 active residency:  21.62% (1260 MHz:   0% 1512 MHz:   0% 1800 MHz:   0% 2088 MHz: .00% 2352 MHz: .07% 2616 MHz: .15% 2868 MHz: .58% 3096 MHz: 3.8% 3300 MHz: .23% 3468 MHz: .09% 3624 MHz: .02% 3756 MHz:   0% 3828 MHz: .05% 3888 MHz:   0% 3948 MHz:   0% 3996 MHz:   0% 4044 MHz:   0% 4104 MHz: .36% 4416 MHz: .39% 4512 MHz:  16%)
CPU 14 idle residency:  78.38%
CPU 14 down residency:   0.00%
CPU 15 frequency: 4451 MHz
CPU 15 active residency:  20.24% (1260 MHz:   0% 1512 MHz:   0% 1800 MHz:   0% 2088 MHz:   0% 2352 MHz: .03% 2616 MHz: .03% 2868 MHz: .14% 3096 MHz: .56% 3300 MHz: .05% 3468 MHz: .03% 3624 MHz:   0% 3756 MHz:   0% 3828 MHz:   0% 3888 MHz:   0% 3948 MHz:   0% 3996 MHz:   0% 4044 MHz:   0% 4104 MHz:   0% 4416 MHz:   0% 4512 MHz:  19%)
CPU 15 idle residency:  79.76%
CPU 15 down residency:   0.00%

CPU Power: 4200 mW
GPU Power: 32840 mW
ANE Power: 0 mW
Combined Power (CPU + GPU + ANE): 37041 mW

**** GPU usage ****

GPU HW active frequency: 1578 MHz
GPU HW active residency: 100.00% (338 MHz:   0% 618 MHz:   0% 796 MHz:   0% 924 MHz:   0% 952 MHz:   0% 1056 MHz:   0% 1062 MHz:   0% 1182 MHz:   0% 1182 MHz:   0% 1312 MHz:   0% 1242 MHz:   0% 1380 MHz:   0% 1326 MHz:   0% 1470 MHz:   0% 1578 MHz: 100%)
GPU SW requested state: (P1 :   0% P2 :   0% P3 :   0% P4 :   0% P5 :   0% P6 :   0% P7 :   0% P8 :   0% P9 :   0% P10 : 100% P11 :   0% P12 :   0% P13 :   0% P14 :   0% P15 :   0%)
GPU SW state: (SW_P1 :   0% SW_P2 :   0% SW_P3 :   0% SW_P4 :   0% SW_P5 :   0% SW_P6 :   0% SW_P7 :   0% SW_P8 :   0% SW_P9 :   0% SW_P10 : 100% SW_P11 :   0% SW_P12 :   0% SW_P13 :   0% SW_P14 :   0% SW_P15 :   0%)
GPU idle residency:   0.00%
GPU Power: 32571 mW



*** Sampled system activity (Tue Jan 20 15:15:55 2026 +0100) (1020.96ms elapsed) ***


**** Processor usage ****

E-Cluster Online: 100%
E-Cluster HW active frequency: 1331 MHz
E-Cluster HW active residency:  57.71% (1020 MHz:  37% 1404 MHz: 7.0% 1788 MHz: 6.0% 2112 MHz: 1.5% 2352 MHz: .89% 2532 MHz: 1.2% 2592 MHz: 3.8%)
E-Cluster idle residency:  42.29%
E-Cluster down residency:   0.00%
CPU 0 frequency: 1334 MHz
CPU 0 active residency:  26.16% (1020 MHz:  17% 1404 MHz: 3.1% 1788 MHz: 3.1% 2112 MHz: .84% 2352 MHz: .32% 2532 MHz: .74% 2592 MHz: 1.4%)
CPU 0 idle residency:  73.84%
CPU 0 down residency:   0.00%
CPU 1 frequency: 1366 MHz
CPU 1 active residency:  17.09% (1020 MHz:  10% 1404 MHz: 2.3% 1788 MHz: 2.1% 2112 MHz: .25% 2352 MHz: .44% 2532 MHz: .37% 2592 MHz: 1.3%)
CPU 1 idle residency:  82.91%
CPU 1 down residency:   0.00%
CPU 2 frequency: 1309 MHz
CPU 2 active residency:  10.94% (1020 MHz: 6.8% 1404 MHz: 1.7% 1788 MHz: 1.6% 2112 MHz: .14% 2352 MHz: .09% 2532 MHz: .21% 2592 MHz: .45%)
CPU 2 idle residency:  89.06%
CPU 2 down residency:   0.00%
CPU 3 frequency: 1545 MHz
CPU 3 active residency:   7.31% (1020 MHz: 3.6% 1404 MHz: .93% 1788 MHz: 1.0% 2112 MHz: .11% 2352 MHz: .22% 2532 MHz: .49% 2592 MHz: .97%)
CPU 3 idle residency:  92.69%
CPU 3 down residency:   0.00%

P0-Cluster Online: 17%
P0-Cluster HW active frequency: 3398 MHz
P0-Cluster HW active residency:  12.91% (1260 MHz: .56% 1512 MHz:   0% 1800 MHz:   0% 2088 MHz: .00% 2352 MHz:   0% 2616 MHz:   0% 2868 MHz: .01% 3096 MHz: 4.0% 3300 MHz: 3.0% 3468 MHz: .39% 3624 MHz: .39% 3756 MHz:   0% 3828 MHz: .39% 3888 MHz: .30% 3948 MHz: 2.2% 3996 MHz: .75% 4044 MHz: .96% 4104 MHz:   0% 4416 MHz:   0% 4512 MHz:   0%)
P0-Cluster idle residency:   2.36%
P0-Cluster down residency:  84.73%
CPU 4 frequency: 3350 MHz
CPU 4 active residency:   5.82% (1260 MHz: .49% 1512 MHz:   0% 1800 MHz:   0% 2088 MHz:   0% 2352 MHz: .00% 2616 MHz:   0% 2868 MHz:   0% 3096 MHz: 2.7% 3300 MHz: .39% 3468 MHz: .30% 3624 MHz: .34% 3756 MHz:   0% 3828 MHz: .03% 3888 MHz:   0% 3948 MHz: .15% 3996 MHz:   0% 4044 MHz:   0% 4104 MHz: .30% 4416 MHz: .07% 4512 MHz: 1.0%)
CPU 4 idle residency:   9.73%
CPU 4 down residency:  84.44%
CPU 5 frequency: 3409 MHz
CPU 5 active residency:   9.52% (1260 MHz: .59% 1512 MHz: .07% 1800 MHz:   0% 2088 MHz:   0% 2352 MHz: .01% 2616 MHz:   0% 2868 MHz: .00% 3096 MHz: 3.1% 3300 MHz: 1.8% 3468 MHz: .68% 3624 MHz: .49% 3756 MHz: .38% 3828 MHz: .08% 3888 MHz:   0% 3948 MHz: .33% 3996 MHz:   0% 4044 MHz:   0% 4104 MHz: .29% 4416 MHz: .56% 4512 MHz: 1.2%)
CPU 5 idle residency:   7.63%
CPU 5 down residency:  82.84%
CPU 6 frequency: 3418 MHz
CPU 6 active residency:   9.52% (1260 MHz: .59% 1512 MHz: .06% 1800 MHz:   0% 2088 MHz: .00% 2352 MHz: .01% 2616 MHz:   0% 2868 MHz: .01% 3096 MHz: 3.1% 3300 MHz: 2.2% 3468 MHz: .32% 3624 MHz: .53% 3756 MHz: .06% 3828 MHz: .18% 3888 MHz:   0% 3948 MHz: .34% 3996 MHz:   0% 4044 MHz:   0% 4104 MHz: .30% 4416 MHz: .41% 4512 MHz: 1.5%)
CPU 6 idle residency:   7.09%
CPU 6 down residency:  83.39%
CPU 7 frequency: 3553 MHz
CPU 7 active residency:  11.79% (1260 MHz: .57% 1512 MHz: .07% 1800 MHz: .04% 2088 MHz: .00% 2352 MHz: .02% 2616 MHz:   0% 2868 MHz: .08% 3096 MHz: 4.0% 3300 MHz: 1.4% 3468 MHz: .42% 3624 MHz: .48% 3756 MHz: .05% 3828 MHz: .38% 3888 MHz:   0% 3948 MHz: .38% 3996 MHz:   0% 4044 MHz:   0% 4104 MHz: .38% 4416 MHz: .45% 4512 MHz: 3.0%)
CPU 7 idle residency:   4.27%
CPU 7 down residency:  83.94%
CPU 8 frequency: 2855 MHz
CPU 8 active residency:   1.82% (1260 MHz: .48% 1512 MHz:   0% 1800 MHz:   0% 2088 MHz:   0% 2352 MHz:   0% 2616 MHz:   0% 2868 MHz: .00% 3096 MHz: .91% 3300 MHz: .05% 3468 MHz: .01% 3624 MHz: .02% 3756 MHz:   0% 3828 MHz: .01% 3888 MHz:   0% 3948 MHz: .03% 3996 MHz:   0% 4044 MHz:   0% 4104 MHz: .07% 4416 MHz: .03% 4512 MHz: .20%)
CPU 8 idle residency:  13.72%
CPU 8 down residency:  84.46%
CPU 9 frequency: 3124 MHz
CPU 9 active residency:   1.29% (1260 MHz: .48% 1512 MHz:   0% 1800 MHz:   0% 2088 MHz:   0% 2352 MHz:   0% 2616 MHz:   0% 2868 MHz:   0% 3096 MHz: .14% 3300 MHz:   0% 3468 MHz:   0% 3624 MHz:   0% 3756 MHz:   0% 3828 MHz: .00% 3888 MHz:   0% 3948 MHz: .01% 3996 MHz:   0% 4044 MHz:   0% 4104 MHz: .04% 4416 MHz:   0% 4512 MHz: .62%)
CPU 9 idle residency:  14.25%
CPU 9 down residency:  84.46%

P1-Cluster HW active frequency: 3234 MHz
P1-Cluster HW active residency:  82.47% (1260 MHz: .40% 1512 MHz: .01% 1800 MHz: .01% 2088 MHz: .26% 2352 MHz: 2.0% 2616 MHz:  14% 2868 MHz:  33% 3096 MHz: 1.2% 3300 MHz: .25% 3468 MHz:   0% 3624 MHz:   0% 3756 MHz:   0% 3828 MHz:   0% 3888 MHz: 2.3% 3948 MHz:  18% 3996 MHz: 5.0% 4044 MHz: 7.1% 4104 MHz:   0% 4416 MHz:   0% 4512 MHz:   0%)
P1-Cluster idle residency:   4.84%
P1-Cluster down residency:  12.69%
CPU 10 frequency: 3339 MHz
CPU 10 active residency:  46.96% (1260 MHz: .05% 1512 MHz:   0% 1800 MHz:   0% 2088 MHz: .15% 2352 MHz: 1.8% 2616 MHz: 7.1% 2868 MHz:  22% 3096 MHz: .38% 3300 MHz:   0% 3468 MHz:   0% 3624 MHz:   0% 3756 MHz:   0% 3828 MHz:   0% 3888 MHz:   0% 3948 MHz:   0% 3996 MHz:   0% 4044 MHz:   0% 4104 MHz:   0% 4416 MHz:   0% 4512 MHz:  15%)
CPU 10 idle residency:  39.78%
CPU 10 down residency:  13.26%
CPU 11 frequency: 3883 MHz
CPU 11 active residency:  23.89% (1260 MHz: .01% 1512 MHz:   0% 1800 MHz: .00% 2088 MHz:   0% 2352 MHz: .00% 2616 MHz: 1.0% 2868 MHz: 7.9% 3096 MHz:   0% 3300 MHz:   0% 3468 MHz:   0% 3624 MHz:   0% 3756 MHz:   0% 3828 MHz:   0% 3888 MHz:   0% 3948 MHz:   0% 3996 MHz:   0% 4044 MHz:   0% 4104 MHz:   0% 4416 MHz:   0% 4512 MHz:  15%)
CPU 11 idle residency:  63.15%
CPU 11 down residency:  12.96%
CPU 12 frequency: 4158 MHz
CPU 12 active residency:  20.72% (1260 MHz: .00% 1512 MHz:   0% 1800 MHz:   0% 2088 MHz:   0% 2352 MHz: .06% 2616 MHz: 1.6% 2868 MHz: 2.5% 3096 MHz: .02% 3300 MHz:   0% 3468 MHz:   0% 3624 MHz:   0% 3756 MHz:   0% 3828 MHz:   0% 3888 MHz:   0% 3948 MHz:   0% 3996 MHz:   0% 4044 MHz:   0% 4104 MHz:   0% 4416 MHz:   0% 4512 MHz:  17%)
CPU 12 idle residency:  66.43%
CPU 12 down residency:  12.85%
CPU 13 frequency: 3386 MHz
CPU 13 active residency:  46.48% (1260 MHz: .09% 1512 MHz: .00% 1800 MHz:   0% 2088 MHz: .23% 2352 MHz: 1.2% 2616 MHz: 6.9% 2868 MHz:  22% 3096 MHz: .35% 3300 MHz:   0% 3468 MHz:   0% 3624 MHz:   0% 3756 MHz:   0% 3828 MHz:   0% 3888 MHz:   0% 3948 MHz:   0% 3996 MHz:   0% 4044 MHz:   0% 4104 MHz:   0% 4416 MHz:   0% 4512 MHz:  16%)
CPU 13 idle residency:  40.31%
CPU 13 down residency:  13.21%
CPU 14 frequency: 4451 MHz
CPU 14 active residency:  19.26% (1260 MHz: .00% 1512 MHz:   0% 1800 MHz:   0% 2088 MHz:   0% 2352 MHz:   0% 2616 MHz: .08% 2868 MHz: .61% 3096 MHz:   0% 3300 MHz:   0% 3468 MHz:   0% 3624 MHz:   0% 3756 MHz:   0% 3828 MHz:   0% 3888 MHz:   0% 3948 MHz:   0% 3996 MHz:   0% 4044 MHz:   0% 4104 MHz:   0% 4416 MHz:   0% 4512 MHz:  19%)
CPU 14 idle residency:  67.96%
CPU 14 down residency:  12.78%
CPU 15 frequency: 3277 MHz
CPU 15 active residency:  39.79% (1260 MHz: .07% 1512 MHz: .01% 1800 MHz: .01% 2088 MHz: .27% 2352 MHz: 1.2% 2616 MHz: 6.2% 2868 MHz:  20% 3096 MHz: .30% 3300 MHz:   0% 3468 MHz:   0% 3624 MHz:   0% 3756 MHz:   0% 3828 MHz:   0% 3888 MHz:   0% 3948 MHz:   0% 3996 MHz:   0% 4044 MHz:   0% 4104 MHz:   0% 4416 MHz:   0% 4512 MHz:  11%)
CPU 15 idle residency:  47.03%
CPU 15 down residency:  13.18%

CPU Power: 3821 mW
GPU Power: 32523 mW
ANE Power: 0 mW
Combined Power (CPU + GPU + ANE): 36344 mW

**** GPU usage ****

GPU HW active frequency: 1578 MHz
GPU HW active residency: 100.00% (338 MHz:   0% 618 MHz:   0% 796 MHz:   0% 924 MHz:   0% 952 MHz:   0% 1056 MHz:   0% 1062 MHz:   0% 1182 MHz:   0% 1182 MHz:   0% 1312 MHz:   0% 1242 MHz:   0% 1380 MHz:   0% 1326 MHz:   0% 1470 MHz:   0% 1578 MHz: 100%)
GPU SW requested state: (P1 :   0% P2 :   0% P3 :   0% P4 :   0% P5 :   0% P6 :   0% P7 :   0% P8 :   0% P9 :   0% P10 : 100% P11 :   0% P12 :   0% P13 :   0% P14 :   0% P15 :   0%)
GPU SW state: (SW_P1 :   0% SW_P2 :   0% SW_P3 :   0% SW_P4 :   0% SW_P5 :   0% SW_P6 :   0% SW_P7 :   0% SW_P8 :   0% SW_P9 :   0% SW_P10 : 100% SW_P11 :   0% SW_P12 :   0% SW_P13 :   0% SW_P14 :   0% SW_P15 :   0%)
GPU idle residency:   0.00%
GPU Power: 32795 mW



*** Sampled system activity (Tue Jan 20 15:15:56 2026 +0100) (1021.18ms elapsed) ***


**** Processor usage ****

E-Cluster Online: 100%
E-Cluster HW active frequency: 1391 MHz
E-Cluster HW active residency:  62.40% (1020 MHz:  37% 1404 MHz: 8.5% 1788 MHz: 5.8% 2112 MHz: 3.0% 2352 MHz: 2.2% 2532 MHz: 1.1% 2592 MHz: 4.9%)
E-Cluster idle residency:  37.60%
E-Cluster down residency:   0.00%
CPU 0 frequency: 1382 MHz
CPU 0 active residency:  30.82% (1020 MHz:  19% 1404 MHz: 4.4% 1788 MHz: 2.7% 2112 MHz: .99% 2352 MHz: .84% 2532 MHz: .51% 2592 MHz: 2.8%)
CPU 0 idle residency:  69.18%
CPU 0 down residency:   0.00%
CPU 1 frequency: 1413 MHz
CPU 1 active residency:  20.76% (1020 MHz:  12% 1404 MHz: 3.1% 1788 MHz: 2.2% 2112 MHz: .95% 2352 MHz: .85% 2532 MHz: .49% 2592 MHz: 1.5%)
CPU 1 idle residency:  79.24%
CPU 1 down residency:   0.00%
CPU 2 frequency: 1387 MHz
CPU 2 active residency:  11.60% (1020 MHz: 6.4% 1404 MHz: 2.3% 1788 MHz: 1.3% 2112 MHz: .31% 2352 MHz: .33% 2532 MHz: .21% 2592 MHz: .83%)
CPU 2 idle residency:  88.40%
CPU 2 down residency:   0.00%
CPU 3 frequency: 1476 MHz
CPU 3 active residency:   8.85% (1020 MHz: 4.5% 1404 MHz: 1.4% 1788 MHz: 1.0% 2112 MHz: .35% 2352 MHz: .50% 2532 MHz: .43% 2592 MHz: .63%)
CPU 3 idle residency:  91.15%
CPU 3 down residency:   0.00%

P0-Cluster Online: 42%
P0-Cluster HW active frequency: 3733 MHz
P0-Cluster HW active residency:  41.82% (1260 MHz: .27% 1512 MHz: .02% 1800 MHz:   0% 2088 MHz: .23% 2352 MHz: .59% 2616 MHz: .77% 2868 MHz: .77% 3096 MHz: 1.6% 3300 MHz: 4.8% 3468 MHz: 2.6% 3624 MHz:   0% 3756 MHz:   0% 3828 MHz:   0% 3888 MHz: 3.2% 3948 MHz:  16% 3996 MHz: 4.7% 4044 MHz: 6.6% 4104 MHz:   0% 4416 MHz:   0% 4512 MHz:   0%)
P0-Cluster idle residency:   1.56%
P0-Cluster down residency:  56.63%
CPU 4 frequency: 4064 MHz
CPU 4 active residency:  23.67% (1260 MHz: .02% 1512 MHz: .00% 1800 MHz:   0% 2088 MHz: .23% 2352 MHz: .59% 2616 MHz: .68% 2868 MHz: .67% 3096 MHz: .58% 3300 MHz: 2.8% 3468 MHz: 1.7% 3624 MHz:   0% 3756 MHz:   0% 3828 MHz:   0% 3888 MHz:   0% 3948 MHz: .43% 3996 MHz:   0% 4044 MHz:   0% 4104 MHz:   0% 4416 MHz:   0% 4512 MHz:  16%)
CPU 4 idle residency:  19.64%
CPU 4 down residency:  56.69%
CPU 5 frequency: 4045 MHz
CPU 5 active residency:  24.01% (1260 MHz: .03% 1512 MHz:   0% 1800 MHz:   0% 2088 MHz: .23% 2352 MHz: .59% 2616 MHz: .67% 2868 MHz: .77% 3096 MHz: 1.1% 3300 MHz: 2.8% 3468 MHz: 1.5% 3624 MHz:   0% 3756 MHz:   0% 3828 MHz:   0% 3888 MHz:   0% 3948 MHz: .42% 3996 MHz:   0% 4044 MHz:   0% 4104 MHz:   0% 4416 MHz:   0% 4512 MHz:  16%)
CPU 5 idle residency:  19.29%
CPU 5 down residency:  56.69%
CPU 6 frequency: 4062 MHz
CPU 6 active residency:  18.26% (1260 MHz: .02% 1512 MHz:   0% 1800 MHz:   0% 2088 MHz: .20% 2352 MHz: .59% 2616 MHz: .77% 2868 MHz: .72% 3096 MHz: .99% 3300 MHz: 1.2% 3468 MHz: .65% 3624 MHz:   0% 3756 MHz:   0% 3828 MHz:   0% 3888 MHz:   0% 3948 MHz: .42% 3996 MHz:   0% 4044 MHz:   0% 4104 MHz:   0% 4416 MHz:   0% 4512 MHz:  13%)
CPU 6 idle residency:  25.04%
CPU 6 down residency:  56.69%
CPU 7 frequency: 3829 MHz
CPU 7 active residency:  14.52% (1260 MHz: .02% 1512 MHz:   0% 1800 MHz:   0% 2088 MHz: .23% 2352 MHz: .57% 2616 MHz: .66% 2868 MHz: .75% 3096 MHz: 1.0% 3300 MHz: 2.2% 3468 MHz: 1.2% 3624 MHz:   0% 3756 MHz:   0% 3828 MHz:   0% 3888 MHz:   0% 3948 MHz: .44% 3996 MHz:   0% 4044 MHz:   0% 4104 MHz:   0% 4416 MHz:   0% 4512 MHz: 7.5%)
CPU 7 idle residency:  28.79%
CPU 7 down residency:  56.69%
CPU 8 frequency: 4198 MHz
CPU 8 active residency:  21.53% (1260 MHz: .01% 1512 MHz:   0% 1800 MHz:   0% 2088 MHz: .23% 2352 MHz: .59% 2616 MHz: .64% 2868 MHz: .59% 3096 MHz: .57% 3300 MHz: .52% 3468 MHz: 1.0% 3624 MHz:   0% 3756 MHz:   0% 3828 MHz:   0% 3888 MHz:   0% 3948 MHz: .41% 3996 MHz:   0% 4044 MHz:   0% 4104 MHz:   0% 4416 MHz:   0% 4512 MHz:  17%)
CPU 8 idle residency:  21.78%
CPU 8 down residency:  56.69%
CPU 9 frequency: 4288 MHz
CPU 9 active residency:  20.07% (1260 MHz: .01% 1512 MHz:   0% 1800 MHz:   0% 2088 MHz: .15% 2352 MHz: .56% 2616 MHz: .67% 2868 MHz: .30% 3096 MHz: .04% 3300 MHz: .52% 3468 MHz: .24% 3624 MHz:   0% 3756 MHz:   0% 3828 MHz:   0% 3888 MHz:   0% 3948 MHz: .34% 3996 MHz:   0% 4044 MHz:   0% 4104 MHz:   0% 4416 MHz:   0% 4512 MHz:  17%)
CPU 9 idle residency:  23.24%
CPU 9 down residency:  56.69%

P1-Cluster HW active frequency: 3116 MHz
P1-Cluster HW active residency:  59.45% (1260 MHz: 3.3% 1512 MHz: .02% 1800 MHz: .17% 2088 MHz: .07% 2352 MHz: .22% 2616 MHz: .29% 2868 MHz: 5.7% 3096 MHz:  30% 3300 MHz:  11% 3468 MHz: .34% 3624 MHz: .39% 3756 MHz: .39% 3828 MHz:   0% 3888 MHz: 1.0% 3948 MHz: 3.8% 3996 MHz: 1.1% 4044 MHz: 1.4% 4104 MHz:   0% 4416 MHz:   0% 4512 MHz:   0%)
P1-Cluster idle residency:   8.76%
P1-Cluster down residency:  31.79%
CPU 10 frequency: 3287 MHz
CPU 10 active residency:  43.15% (1260 MHz: .32% 1512 MHz: .01% 1800 MHz: .02% 2088 MHz: .01% 2352 MHz: .11% 2616 MHz: 2.4% 2868 MHz: 5.4% 3096 MHz:  19% 3300 MHz: 8.0% 3468 MHz: .26% 3624 MHz: .37% 3756 MHz: .37% 3828 MHz:   0% 3888 MHz: .37% 3948 MHz: .02% 3996 MHz:   0% 4044 MHz: .37% 4104 MHz: .37% 4416 MHz: .37% 4512 MHz: 5.4%)
CPU 10 idle residency:  26.28%
CPU 10 down residency:  30.57%
CPU 11 frequency: 3261 MHz
CPU 11 active residency:  17.37% (1260 MHz: .09% 1512 MHz:   0% 1800 MHz: .01% 2088 MHz: .00% 2352 MHz: .00% 2616 MHz: .55% 2868 MHz: 3.4% 3096 MHz: 7.8% 3300 MHz: 2.6% 3468 MHz: .17% 3624 MHz: .34% 3756 MHz: .00% 3828 MHz:   0% 3888 MHz: .01% 3948 MHz:   0% 3996 MHz:   0% 4044 MHz: .04% 4104 MHz: .19% 4416 MHz: .07% 4512 MHz: 2.1%)
CPU 11 idle residency:  51.40%
CPU 11 down residency:  31.23%
CPU 12 frequency: 3495 MHz
CPU 12 active residency:   8.40% (1260 MHz: .08% 1512 MHz:   0% 1800 MHz:   0% 2088 MHz:   0% 2352 MHz:   0% 2616 MHz: .36% 2868 MHz: 1.0% 3096 MHz: 2.4% 3300 MHz: 1.9% 3468 MHz: .15% 3624 MHz:   0% 3756 MHz: .00% 3828 MHz:   0% 3888 MHz: .00% 3948 MHz:   0% 3996 MHz:   0% 4044 MHz: .02% 4104 MHz: .00% 4416 MHz: .04% 4512 MHz: 2.4%)
CPU 12 idle residency:  60.10%
CPU 12 down residency:  31.50%
CPU 13 frequency: 3154 MHz
CPU 13 active residency:  34.66% (1260 MHz: .37% 1512 MHz: .01% 1800 MHz: .02% 2088 MHz: .00% 2352 MHz: .04% 2616 MHz: 2.2% 2868 MHz: 5.1% 3096 MHz:  18% 3300 MHz: 5.5% 3468 MHz: .24% 3624 MHz: .27% 3756 MHz: .08% 3828 MHz:   0% 3888 MHz: .19% 3948 MHz: .05% 3996 MHz:   0% 4044 MHz: .09% 4104 MHz: .01% 4416 MHz: .00% 4512 MHz: 2.3%)
CPU 13 idle residency:  34.66%
CPU 13 down residency:  30.68%
CPU 14 frequency: 3829 MHz
CPU 14 active residency:   7.82% (1260 MHz: .08% 1512 MHz: .00% 1800 MHz:   0% 2088 MHz:   0% 2352 MHz:   0% 2616 MHz: .06% 2868 MHz: 1.1% 3096 MHz: 1.2% 3300 MHz: 1.2% 3468 MHz:   0% 3624 MHz:   0% 3756 MHz:   0% 3828 MHz:   0% 3888 MHz: .00% 3948 MHz:   0% 3996 MHz:   0% 4044 MHz: .00% 4104 MHz: .01% 4416 MHz: .05% 4512 MHz: 4.1%)
CPU 14 idle residency:  60.51%
CPU 14 down residency:  31.67%
CPU 15 frequency: 3168 MHz
CPU 15 active residency:  34.47% (1260 MHz: .37% 1512 MHz: .01% 1800 MHz: .04% 2088 MHz: .03% 2352 MHz: .12% 2616 MHz: 2.0% 2868 MHz: 4.9% 3096 MHz:  17% 3300 MHz: 6.2% 3468 MHz: .26% 3624 MHz: .28% 3756 MHz: .08% 3828 MHz:   0% 3888 MHz: .04% 3948 MHz:   0% 3996 MHz:   0% 4044 MHz: .01% 4104 MHz: .03% 4416 MHz: .01% 4512 MHz: 2.7%)
CPU 15 idle residency:  34.79%
CPU 15 down residency:  30.75%

CPU Power: 4459 mW
GPU Power: 32767 mW
ANE Power: 0 mW
Combined Power (CPU + GPU + ANE): 37225 mW

**** GPU usage ****

GPU HW active frequency: 1578 MHz
GPU HW active residency: 100.00% (338 MHz:   0% 618 MHz:   0% 796 MHz:   0% 924 MHz:   0% 952 MHz:   0% 1056 MHz:   0% 1062 MHz:   0% 1182 MHz:   0% 1182 MHz:   0% 1312 MHz:   0% 1242 MHz:   0% 1380 MHz:   0% 1326 MHz:   0% 1470 MHz:   0% 1578 MHz: 100%)
GPU SW requested state: (P1 :   0% P2 :   0% P3 :   0% P4 :   0% P5 :   0% P6 :   0% P7 :   0% P8 :   0% P9 :   0% P10 : 100% P11 :   0% P12 :   0% P13 :   0% P14 :   0% P15 :   0%)
GPU SW state: (SW_P1 :   0% SW_P2 :   0% SW_P3 :   0% SW_P4 :   0% SW_P5 :   0% SW_P6 :   0% SW_P7 :   0% SW_P8 :   0% SW_P9 :   0% SW_P10 : 100% SW_P11 :   0% SW_P12 :   0% SW_P13 :   0% SW_P14 :   0% SW_P15 :   0%)
GPU idle residency:   0.00%
GPU Power: 32496 mW



*** Sampled system activity (Tue Jan 20 15:15:57 2026 +0100) (1020.43ms elapsed) ***


**** Processor usage ****

E-Cluster Online: 100%
E-Cluster HW active frequency: 1335 MHz
E-Cluster HW active residency:  57.43% (1020 MHz:  37% 1404 MHz: 7.1% 1788 MHz: 5.3% 2112 MHz: 2.2% 2352 MHz: 1.1% 2532 MHz: 2.4% 2592 MHz: 2.3%)
E-Cluster idle residency:  42.57%
E-Cluster down residency:   0.00%
CPU 0 frequency: 1320 MHz
CPU 0 active residency:  26.74% (1020 MHz:  17% 1404 MHz: 3.6% 1788 MHz: 2.6% 2112 MHz: .68% 2352 MHz: .69% 2532 MHz: 1.0% 2592 MHz: .94%)
CPU 0 idle residency:  73.26%
CPU 0 down residency:   0.00%
CPU 1 frequency: 1394 MHz
CPU 1 active residency:  15.05% (1020 MHz: 9.2% 1404 MHz: 1.7% 1788 MHz: 1.3% 2112 MHz: .72% 2352 MHz: .47% 2532 MHz: .99% 2592 MHz: .71%)
CPU 1 idle residency:  84.95%
CPU 1 down residency:   0.00%
CPU 2 frequency: 1372 MHz
CPU 2 active residency:   9.66% (1020 MHz: 5.2% 1404 MHz: 1.9% 1788 MHz: 1.4% 2112 MHz: .25% 2352 MHz: .27% 2532 MHz: .35% 2592 MHz: .28%)
CPU 2 idle residency:  90.34%
CPU 2 down residency:   0.00%
CPU 3 frequency: 1472 MHz
CPU 3 active residency:   6.43% (1020 MHz: 3.6% 1404 MHz: .46% 1788 MHz: .77% 2112 MHz: .63% 2352 MHz: .40% 2532 MHz: .30% 2592 MHz: .30%)
CPU 3 idle residency:  93.57%
CPU 3 down residency:   0.00%

P0-Cluster Online: 2%
P0-Cluster HW active frequency: 1260 MHz
P0-Cluster HW active residency:   0.32% (1260 MHz: .32% 1512 MHz:   0% 1800 MHz:   0% 2088 MHz:   0% 2352 MHz:   0% 2616 MHz:   0% 2868 MHz:   0% 3096 MHz:   0% 3300 MHz:   0% 3468 MHz:   0% 3624 MHz:   0% 3756 MHz:   0% 3828 MHz:   0% 3888 MHz:   0% 3948 MHz:   0% 3996 MHz:   0% 4044 MHz:   0% 4104 MHz:   0% 4416 MHz:   0% 4512 MHz:   0%)
P0-Cluster idle residency:   1.24%
P0-Cluster down residency:  98.44%
CPU 4 frequency: 0 MHz
CPU 4 active residency:   0.00% (1260 MHz:   0% 1512 MHz:   0% 1800 MHz:   0% 2088 MHz:   0% 2352 MHz:   0% 2616 MHz:   0% 2868 MHz:   0% 3096 MHz:   0% 3300 MHz:   0% 3468 MHz:   0% 3624 MHz:   0% 3756 MHz:   0% 3828 MHz:   0% 3888 MHz:   0% 3948 MHz:   0% 3996 MHz:   0% 4044 MHz:   0% 4104 MHz:   0% 4416 MHz:   0% 4512 MHz:   0%)
CPU 4 idle residency:   1.49%
CPU 4 down residency:  98.51%
CPU 5 frequency: 0 MHz
CPU 5 active residency:   0.00% (1260 MHz:   0% 1512 MHz:   0% 1800 MHz:   0% 2088 MHz:   0% 2352 MHz:   0% 2616 MHz:   0% 2868 MHz:   0% 3096 MHz:   0% 3300 MHz:   0% 3468 MHz:   0% 3624 MHz:   0% 3756 MHz:   0% 3828 MHz:   0% 3888 MHz:   0% 3948 MHz:   0% 3996 MHz:   0% 4044 MHz:   0% 4104 MHz:   0% 4416 MHz:   0% 4512 MHz:   0%)
CPU 5 idle residency:   1.49%
CPU 5 down residency:  98.51%
CPU 6 frequency: 0 MHz
CPU 6 active residency:   0.00% (1260 MHz:   0% 1512 MHz:   0% 1800 MHz:   0% 2088 MHz:   0% 2352 MHz:   0% 2616 MHz:   0% 2868 MHz:   0% 3096 MHz:   0% 3300 MHz:   0% 3468 MHz:   0% 3624 MHz:   0% 3756 MHz:   0% 3828 MHz:   0% 3888 MHz:   0% 3948 MHz:   0% 3996 MHz:   0% 4044 MHz:   0% 4104 MHz:   0% 4416 MHz:   0% 4512 MHz:   0%)
CPU 6 idle residency:   1.49%
CPU 6 down residency:  98.51%
CPU 7 frequency: 0 MHz
CPU 7 active residency:   0.00% (1260 MHz:   0% 1512 MHz:   0% 1800 MHz:   0% 2088 MHz:   0% 2352 MHz:   0% 2616 MHz:   0% 2868 MHz:   0% 3096 MHz:   0% 3300 MHz:   0% 3468 MHz:   0% 3624 MHz:   0% 3756 MHz:   0% 3828 MHz:   0% 3888 MHz:   0% 3948 MHz:   0% 3996 MHz:   0% 4044 MHz:   0% 4104 MHz:   0% 4416 MHz:   0% 4512 MHz:   0%)
CPU 7 idle residency:   1.49%
CPU 7 down residency:  98.51%
CPU 8 frequency: 0 MHz
CPU 8 active residency:   0.00% (1260 MHz:   0% 1512 MHz:   0% 1800 MHz:   0% 2088 MHz:   0% 2352 MHz:   0% 2616 MHz:   0% 2868 MHz:   0% 3096 MHz:   0% 3300 MHz:   0% 3468 MHz:   0% 3624 MHz:   0% 3756 MHz:   0% 3828 MHz:   0% 3888 MHz:   0% 3948 MHz:   0% 3996 MHz:   0% 4044 MHz:   0% 4104 MHz:   0% 4416 MHz:   0% 4512 MHz:   0%)
CPU 8 idle residency:   1.49%
CPU 8 down residency:  98.51%
CPU 9 frequency: 0 MHz
CPU 9 active residency:   0.00% (1260 MHz:   0% 1512 MHz:   0% 1800 MHz:   0% 2088 MHz:   0% 2352 MHz:   0% 2616 MHz:   0% 2868 MHz:   0% 3096 MHz:   0% 3300 MHz:   0% 3468 MHz:   0% 3624 MHz:   0% 3756 MHz:   0% 3828 MHz:   0% 3888 MHz:   0% 3948 MHz:   0% 3996 MHz:   0% 4044 MHz:   0% 4104 MHz:   0% 4416 MHz:   0% 4512 MHz:   0%)
CPU 9 idle residency:   1.49%
CPU 9 down residency:  98.51%

P1-Cluster HW active frequency: 3341 MHz
P1-Cluster HW active residency:  95.81% (1260 MHz: .45% 1512 MHz: .03% 1800 MHz: .02% 2088 MHz: .56% 2352 MHz: .77% 2616 MHz: 5.7% 2868 MHz:  27% 3096 MHz:  14% 3300 MHz: 8.8% 3468 MHz: .80% 3624 MHz: .39% 3756 MHz: .40% 3828 MHz:   0% 3888 MHz: 3.4% 3948 MHz:  20% 3996 MHz: 6.7% 4044 MHz: 6.5% 4104 MHz:   0% 4416 MHz:   0% 4512 MHz:   0%)
P1-Cluster idle residency:   4.19%
P1-Cluster down residency:   0.00%
CPU 10 frequency: 3625 MHz
CPU 10 active residency:  21.18% (1260 MHz:   0% 1512 MHz: .00% 1800 MHz:   0% 2088 MHz:   0% 2352 MHz: .03% 2616 MHz: 2.7% 2868 MHz: 3.8% 3096 MHz: 3.0% 3300 MHz: 1.4% 3468 MHz: .59% 3624 MHz: .16% 3756 MHz: .31% 3828 MHz:   0% 3888 MHz:   0% 3948 MHz: .12% 3996 MHz:   0% 4044 MHz:   0% 4104 MHz: .33% 4416 MHz: .72% 4512 MHz: 7.9%)
CPU 10 idle residency:  78.82%
CPU 10 down residency:   0.00%
CPU 11 frequency: 4085 MHz
CPU 11 active residency:  30.92% (1260 MHz: .01% 1512 MHz:   0% 1800 MHz: .00% 2088 MHz: .00% 2352 MHz: .21% 2616 MHz: 1.4% 2868 MHz: 2.2% 3096 MHz: 2.7% 3300 MHz: 1.9% 3468 MHz:   0% 3624 MHz: .06% 3756 MHz:   0% 3828 MHz:   0% 3888 MHz:   0% 3948 MHz: .09% 3996 MHz:   0% 4044 MHz:   0% 4104 MHz: .09% 4416 MHz: .66% 4512 MHz:  22%)
CPU 11 idle residency:  69.08%
CPU 11 down residency:   0.00%
CPU 12 frequency: 3467 MHz
CPU 12 active residency:  62.68% (1260 MHz: .12% 1512 MHz: .01% 1800 MHz:   0% 2088 MHz: .42% 2352 MHz: .60% 2616 MHz: 4.1% 2868 MHz:  18% 3096 MHz: 9.8% 3300 MHz: 7.7% 3468 MHz: .74% 3624 MHz: .37% 3756 MHz: .31% 3828 MHz:   0% 3888 MHz:   0% 3948 MHz: .37% 3996 MHz:   0% 4044 MHz:   0% 4104 MHz: .28% 4416 MHz: .24% 4512 MHz:  19%)
CPU 12 idle residency:  37.32%
CPU 12 down residency:   0.00%
CPU 13 frequency: 4444 MHz
CPU 13 active residency:  20.82% (1260 MHz:   0% 1512 MHz:   0% 1800 MHz:   0% 2088 MHz:   0% 2352 MHz: .00% 2616 MHz: .02% 2868 MHz: .47% 3096 MHz: .14% 3300 MHz: .32% 3468 MHz:   0% 3624 MHz:   0% 3756 MHz:   0% 3828 MHz:   0% 3888 MHz:   0% 3948 MHz:   0% 3996 MHz:   0% 4044 MHz:   0% 4104 MHz: .02% 4416 MHz: .03% 4512 MHz:  20%)
CPU 13 idle residency:  79.18%
CPU 13 down residency:   0.00%
CPU 14 frequency: 3368 MHz
CPU 14 active residency:  55.47% (1260 MHz: .09% 1512 MHz: .02% 1800 MHz: .00% 2088 MHz: .48% 2352 MHz: .59% 2616 MHz: 4.2% 2868 MHz:  17% 3096 MHz: 9.7% 3300 MHz: 7.3% 3468 MHz: .66% 3624 MHz: .38% 3756 MHz: .32% 3828 MHz:   0% 3888 MHz:   0% 3948 MHz: .33% 3996 MHz:   0% 4044 MHz:   0% 4104 MHz: .27% 4416 MHz: .47% 4512 MHz:  13%)
CPU 14 idle residency:  44.53%
CPU 14 down residency:   0.00%
CPU 15 frequency: 3530 MHz
CPU 15 active residency:  57.93% (1260 MHz: .08% 1512 MHz: .03% 1800 MHz: .01% 2088 MHz: .43% 2352 MHz: .48% 2616 MHz: 2.7% 2868 MHz:  17% 3096 MHz: 7.4% 3300 MHz: 7.1% 3468 MHz: .75% 3624 MHz: .39% 3756 MHz: .40% 3828 MHz:   0% 3888 MHz:   0% 3948 MHz: .38% 3996 MHz:   0% 4044 MHz:   0% 4104 MHz: .39% 4416 MHz: .78% 4512 MHz:  19%)
CPU 15 idle residency:  42.07%
CPU 15 down residency:   0.00%

CPU Power: 4088 mW
GPU Power: 32554 mW
ANE Power: 0 mW
Combined Power (CPU + GPU + ANE): 36642 mW

**** GPU usage ****

GPU HW active frequency: 1578 MHz
GPU HW active residency: 100.00% (338 MHz:   0% 618 MHz:   0% 796 MHz:   0% 924 MHz:   0% 952 MHz:   0% 1056 MHz:   0% 1062 MHz:   0% 1182 MHz:   0% 1182 MHz:   0% 1312 MHz:   0% 1242 MHz:   0% 1380 MHz:   0% 1326 MHz:   0% 1470 MHz:   0% 1578 MHz: 100%)
GPU SW requested state: (P1 :   0% P2 :   0% P3 :   0% P4 :   0% P5 :   0% P6 :   0% P7 :   0% P8 :   0% P9 :   0% P10 : 100% P11 :   0% P12 :   0% P13 :   0% P14 :   0% P15 :   0%)
GPU SW state: (SW_P1 :   0% SW_P2 :   0% SW_P3 :   0% SW_P4 :   0% SW_P5 :   0% SW_P6 :   0% SW_P7 :   0% SW_P8 :   0% SW_P9 :   0% SW_P10 : 100% SW_P11 :   0% SW_P12 :   0% SW_P13 :   0% SW_P14 :   0% SW_P15 :   0%)
GPU idle residency:   0.00%
GPU Power: 32822 mW



*** Sampled system activity (Tue Jan 20 15:15:58 2026 +0100) (1017.70ms elapsed) ***


**** Processor usage ****

E-Cluster Online: 100%
E-Cluster HW active frequency: 1472 MHz
E-Cluster HW active residency:  62.14% (1020 MHz:  32% 1404 MHz:  10% 1788 MHz: 7.1% 2112 MHz: 2.0% 2352 MHz: 1.7% 2532 MHz: 1.8% 2592 MHz: 7.4%)
E-Cluster idle residency:  37.86%
E-Cluster down residency:   0.00%
CPU 0 frequency: 1437 MHz
CPU 0 active residency:  30.38% (1020 MHz:  16% 1404 MHz: 5.6% 1788 MHz: 3.1% 2112 MHz: .77% 2352 MHz: 1.3% 2532 MHz: .99% 2592 MHz: 2.6%)
CPU 0 idle residency:  69.62%
CPU 0 down residency:   0.00%
CPU 1 frequency: 1461 MHz
CPU 1 active residency:  17.64% (1020 MHz: 8.8% 1404 MHz: 3.3% 1788 MHz: 2.1% 2112 MHz: .58% 2352 MHz: .56% 2532 MHz: .47% 2592 MHz: 1.8%)
CPU 1 idle residency:  82.36%
CPU 1 down residency:   0.00%
CPU 2 frequency: 1473 MHz
CPU 2 active residency:  13.03% (1020 MHz: 6.3% 1404 MHz: 2.3% 1788 MHz: 2.1% 2112 MHz: .19% 2352 MHz: .36% 2532 MHz: .47% 2592 MHz: 1.3%)
CPU 2 idle residency:  86.97%
CPU 2 down residency:   0.00%
CPU 3 frequency: 1521 MHz
CPU 3 active residency:   6.99% (1020 MHz: 3.4% 1404 MHz: 1.1% 1788 MHz: .69% 2112 MHz: .16% 2352 MHz: .25% 2532 MHz: .79% 2592 MHz: .53%)
CPU 3 idle residency:  93.01%
CPU 3 down residency:   0.00%

P0-Cluster Online: 20%
P0-Cluster HW active frequency: 2314 MHz
P0-Cluster HW active residency:   6.83% (1260 MHz: 2.6% 1512 MHz: .35% 1800 MHz: .95% 2088 MHz: .15% 2352 MHz: .23% 2616 MHz:   0% 2868 MHz:   0% 3096 MHz:   0% 3300 MHz: .13% 3468 MHz: .75% 3624 MHz: .37% 3756 MHz: .38% 3828 MHz: .12% 3888 MHz: .19% 3948 MHz: .41% 3996 MHz: .18% 4044 MHz: .03% 4104 MHz:   0% 4416 MHz:   0% 4512 MHz:   0%)
P0-Cluster idle residency:  12.20%
P0-Cluster down residency:  80.97%
CPU 4 frequency: 0 MHz
CPU 4 active residency:   0.00% (1260 MHz:   0% 1512 MHz:   0% 1800 MHz:   0% 2088 MHz:   0% 2352 MHz:   0% 2616 MHz:   0% 2868 MHz:   0% 3096 MHz:   0% 3300 MHz:   0% 3468 MHz:   0% 3624 MHz:   0% 3756 MHz:   0% 3828 MHz:   0% 3888 MHz:   0% 3948 MHz:   0% 3996 MHz:   0% 4044 MHz:   0% 4104 MHz:   0% 4416 MHz:   0% 4512 MHz:   0%)
CPU 4 idle residency:  17.48%
CPU 4 down residency:  82.52%
CPU 5 frequency: 0 MHz
CPU 5 active residency:   0.00% (1260 MHz:   0% 1512 MHz:   0% 1800 MHz:   0% 2088 MHz:   0% 2352 MHz:   0% 2616 MHz:   0% 2868 MHz:   0% 3096 MHz:   0% 3300 MHz:   0% 3468 MHz:   0% 3624 MHz:   0% 3756 MHz:   0% 3828 MHz:   0% 3888 MHz:   0% 3948 MHz:   0% 3996 MHz:   0% 4044 MHz:   0% 4104 MHz:   0% 4416 MHz:   0% 4512 MHz:   0%)
CPU 5 idle residency:  17.71%
CPU 5 down residency:  82.29%
CPU 6 frequency: 0 MHz
CPU 6 active residency:   0.00% (1260 MHz:   0% 1512 MHz:   0% 1800 MHz:   0% 2088 MHz:   0% 2352 MHz:   0% 2616 MHz:   0% 2868 MHz:   0% 3096 MHz:   0% 3300 MHz:   0% 3468 MHz:   0% 3624 MHz:   0% 3756 MHz:   0% 3828 MHz:   0% 3888 MHz:   0% 3948 MHz:   0% 3996 MHz:   0% 4044 MHz:   0% 4104 MHz:   0% 4416 MHz:   0% 4512 MHz:   0%)
CPU 6 idle residency:  18.81%
CPU 6 down residency:  81.19%
CPU 7 frequency: 0 MHz
CPU 7 active residency:   0.00% (1260 MHz:   0% 1512 MHz:   0% 1800 MHz:   0% 2088 MHz:   0% 2352 MHz:   0% 2616 MHz:   0% 2868 MHz:   0% 3096 MHz:   0% 3300 MHz:   0% 3468 MHz:   0% 3624 MHz:   0% 3756 MHz:   0% 3828 MHz:   0% 3888 MHz:   0% 3948 MHz:   0% 3996 MHz:   0% 4044 MHz:   0% 4104 MHz:   0% 4416 MHz:   0% 4512 MHz:   0%)
CPU 7 idle residency:  18.84%
CPU 7 down residency:  81.16%
CPU 8 frequency: 0 MHz
CPU 8 active residency:   0.00% (1260 MHz:   0% 1512 MHz:   0% 1800 MHz:   0% 2088 MHz:   0% 2352 MHz:   0% 2616 MHz:   0% 2868 MHz:   0% 3096 MHz:   0% 3300 MHz:   0% 3468 MHz:   0% 3624 MHz:   0% 3756 MHz:   0% 3828 MHz:   0% 3888 MHz:   0% 3948 MHz:   0% 3996 MHz:   0% 4044 MHz:   0% 4104 MHz:   0% 4416 MHz:   0% 4512 MHz:   0%)
CPU 8 idle residency:  17.15%
CPU 8 down residency:  82.85%
CPU 9 frequency: 0 MHz
CPU 9 active residency:   0.00% (1260 MHz:   0% 1512 MHz:   0% 1800 MHz:   0% 2088 MHz:   0% 2352 MHz:   0% 2616 MHz:   0% 2868 MHz:   0% 3096 MHz:   0% 3300 MHz:   0% 3468 MHz:   0% 3624 MHz:   0% 3756 MHz:   0% 3828 MHz:   0% 3888 MHz:   0% 3948 MHz:   0% 3996 MHz:   0% 4044 MHz:   0% 4104 MHz:   0% 4416 MHz:   0% 4512 MHz:   0%)
CPU 9 idle residency:  18.84%
CPU 9 down residency:  81.16%

P1-Cluster HW active frequency: 3344 MHz
P1-Cluster HW active residency:  95.25% (1260 MHz: .45% 1512 MHz: .01% 1800 MHz:   0% 2088 MHz: 2.0% 2352 MHz: 5.2% 2616 MHz: 4.3% 2868 MHz:  23% 3096 MHz:  12% 3300 MHz: 4.3% 3468 MHz: .97% 3624 MHz: .25% 3756 MHz: .72% 3828 MHz: .37% 3888 MHz: 7.0% 3948 MHz:  20% 3996 MHz: 7.0% 4044 MHz: 6.8% 4104 MHz:   0% 4416 MHz:   0% 4512 MHz:   0%)
P1-Cluster idle residency:   4.75%
P1-Cluster down residency:   0.00%
CPU 10 frequency: 3486 MHz
CPU 10 active residency:  59.26% (1260 MHz: .07% 1512 MHz: .00% 1800 MHz:   0% 2088 MHz: 1.2% 2352 MHz: 2.4% 2616 MHz: 3.3% 2868 MHz:  16% 3096 MHz: 9.0% 3300 MHz: 2.2% 3468 MHz: .97% 3624 MHz: .25% 3756 MHz: .71% 3828 MHz: .37% 3888 MHz: .95% 3948 MHz: 1.1% 3996 MHz: .71% 4044 MHz: .54% 4104 MHz: .01% 4416 MHz: .36% 4512 MHz:  19%)
CPU 10 idle residency:  40.74%
CPU 10 down residency:   0.00%
CPU 11 frequency: 3789 MHz
CPU 11 active residency:  34.83% (1260 MHz: .03% 1512 MHz:   0% 1800 MHz:   0% 2088 MHz: 1.3% 2352 MHz: 2.6% 2616 MHz: 1.4% 2868 MHz: 4.3% 3096 MHz: 1.4% 3300 MHz: .47% 3468 MHz: .80% 3624 MHz: .25% 3756 MHz: .68% 3828 MHz: .37% 3888 MHz: .91% 3948 MHz: 1.4% 3996 MHz: .80% 4044 MHz: .67% 4104 MHz: .16% 4416 MHz: .16% 4512 MHz:  17%)
CPU 11 idle residency:  65.17%
CPU 11 down residency:   0.00%
CPU 12 frequency: 3461 MHz
CPU 12 active residency:  44.76% (1260 MHz: .11% 1512 MHz: .01% 1800 MHz:   0% 2088 MHz: .43% 2352 MHz: 2.3% 2616 MHz: 2.1% 2868 MHz:  12% 3096 MHz: 7.8% 3300 MHz: 1.6% 3468 MHz: .79% 3624 MHz: .25% 3756 MHz: .69% 3828 MHz: .37% 3888 MHz: .43% 3948 MHz: .57% 3996 MHz: .76% 4044 MHz: .96% 4104 MHz: .02% 4416 MHz: .06% 4512 MHz:  13%)
CPU 12 idle residency:  55.24%
CPU 12 down residency:   0.00%
CPU 13 frequency: 4370 MHz
CPU 13 active residency:  28.90% (1260 MHz:   0% 1512 MHz:   0% 1800 MHz:   0% 2088 MHz: .03% 2352 MHz: .06% 2616 MHz:   0% 2868 MHz: .18% 3096 MHz: .17% 3300 MHz: .40% 3468 MHz: .64% 3624 MHz: .25% 3756 MHz: .72% 3828 MHz: .37% 3888 MHz: .43% 3948 MHz: .91% 3996 MHz: .16% 4044 MHz: .68% 4104 MHz: .02% 4416 MHz: .05% 4512 MHz:  24%)
CPU 13 idle residency:  71.10%
CPU 13 down residency:   0.00%
CPU 14 frequency: 3603 MHz
CPU 14 active residency:  59.20% (1260 MHz: .05% 1512 MHz: .00% 1800 MHz:   0% 2088 MHz: .79% 2352 MHz: 2.3% 2616 MHz: 2.9% 2868 MHz:  14% 3096 MHz: 7.6% 3300 MHz: 1.9% 3468 MHz: .80% 3624 MHz: .25% 3756 MHz: .72% 3828 MHz: .37% 3888 MHz: 1.1% 3948 MHz: 1.7% 3996 MHz: .97% 4044 MHz: 1.2% 4104 MHz: .39% 4416 MHz: .39% 4512 MHz:  21%)
CPU 14 idle residency:  40.80%
CPU 14 down residency:   0.00%
CPU 15 frequency: 4072 MHz
CPU 15 active residency:  20.67% (1260 MHz:   0% 1512 MHz:   0% 1800 MHz:   0% 2088 MHz: .03% 2352 MHz: .12% 2616 MHz: .15% 2868 MHz: 1.6% 3096 MHz: 1.3% 3300 MHz: .50% 3468 MHz: .83% 3624 MHz: .25% 3756 MHz: .72% 3828 MHz: .37% 3888 MHz: .92% 3948 MHz: .61% 3996 MHz: .16% 4044 MHz: .96% 4104 MHz:   0% 4416 MHz: .00% 4512 MHz:  12%)
CPU 15 idle residency:  79.33%
CPU 15 down residency:   0.00%

CPU Power: 4726 mW
GPU Power: 32617 mW
ANE Power: 0 mW
Combined Power (CPU + GPU + ANE): 37343 mW

**** GPU usage ****

GPU HW active frequency: 1578 MHz
GPU HW active residency: 100.00% (338 MHz:   0% 618 MHz:   0% 796 MHz:   0% 924 MHz:   0% 952 MHz:   0% 1056 MHz:   0% 1062 MHz:   0% 1182 MHz:   0% 1182 MHz:   0% 1312 MHz:   0% 1242 MHz:   0% 1380 MHz:   0% 1326 MHz:   0% 1470 MHz:   0% 1578 MHz: 100%)
GPU SW requested state: (P1 :   0% P2 :   0% P3 :   0% P4 :   0% P5 :   0% P6 :   0% P7 :   0% P8 :   0% P9 :   0% P10 : 100% P11 :   0% P12 :   0% P13 :   0% P14 :   0% P15 :   0%)
GPU SW state: (SW_P1 :   0% SW_P2 :   0% SW_P3 :   0% SW_P4 :   0% SW_P5 :   0% SW_P6 :   0% SW_P7 :   0% SW_P8 :   0% SW_P9 :   0% SW_P10 : 100% SW_P11 :   0% SW_P12 :   0% SW_P13 :   0% SW_P14 :   0% SW_P15 :   0%)
GPU idle residency:   0.00%
GPU Power: 32621 mW



*** Sampled system activity (Tue Jan 20 15:15:59 2026 +0100) (1021.01ms elapsed) ***


**** Processor usage ****

E-Cluster Online: 100%
E-Cluster HW active frequency: 1342 MHz
E-Cluster HW active residency:  54.84% (1020 MHz:  37% 1404 MHz: 4.7% 1788 MHz: 4.7% 2112 MHz: 2.0% 2352 MHz: 1.6% 2532 MHz: 1.6% 2592 MHz: 3.4%)
E-Cluster idle residency:  45.16%
E-Cluster down residency:   0.00%
CPU 0 frequency: 1310 MHz
CPU 0 active residency:  25.26% (1020 MHz:  18% 1404 MHz: 2.0% 1788 MHz: 1.9% 2112 MHz: .81% 2352 MHz: .88% 2532 MHz: .53% 2592 MHz: 1.4%)
CPU 0 idle residency:  74.74%
CPU 0 down residency:   0.00%
CPU 1 frequency: 1377 MHz
CPU 1 active residency:  15.14% (1020 MHz: 9.1% 1404 MHz: 1.7% 1788 MHz: 2.1% 2112 MHz: .37% 2352 MHz: .61% 2532 MHz: .55% 2592 MHz: .68%)
CPU 1 idle residency:  84.86%
CPU 1 down residency:   0.00%
CPU 2 frequency: 1273 MHz
CPU 2 active residency:   8.25% (1020 MHz: 5.7% 1404 MHz: .93% 1788 MHz: .64% 2112 MHz: .39% 2352 MHz: .22% 2532 MHz: .15% 2592 MHz: .19%)
CPU 2 idle residency:  91.75%
CPU 2 down residency:   0.00%
CPU 3 frequency: 1500 MHz
CPU 3 active residency:   7.42% (1020 MHz: 3.9% 1404 MHz: .49% 1788 MHz: 1.3% 2112 MHz: .52% 2352 MHz: .11% 2532 MHz: .52% 2592 MHz: .55%)
CPU 3 idle residency:  92.58%
CPU 3 down residency:   0.00%

P0-Cluster Online: 1%
P0-Cluster HW active frequency: 1260 MHz
P0-Cluster HW active residency:   0.14% (1260 MHz: .14% 1512 MHz:   0% 1800 MHz:   0% 2088 MHz:   0% 2352 MHz:   0% 2616 MHz:   0% 2868 MHz:   0% 3096 MHz:   0% 3300 MHz:   0% 3468 MHz:   0% 3624 MHz:   0% 3756 MHz:   0% 3828 MHz:   0% 3888 MHz:   0% 3948 MHz:   0% 3996 MHz:   0% 4044 MHz:   0% 4104 MHz:   0% 4416 MHz:   0% 4512 MHz:   0%)
P0-Cluster idle residency:   0.56%
P0-Cluster down residency:  99.31%
CPU 4 frequency: 0 MHz
CPU 4 active residency:   0.00% (1260 MHz:   0% 1512 MHz:   0% 1800 MHz:   0% 2088 MHz:   0% 2352 MHz:   0% 2616 MHz:   0% 2868 MHz:   0% 3096 MHz:   0% 3300 MHz:   0% 3468 MHz:   0% 3624 MHz:   0% 3756 MHz:   0% 3828 MHz:   0% 3888 MHz:   0% 3948 MHz:   0% 3996 MHz:   0% 4044 MHz:   0% 4104 MHz:   0% 4416 MHz:   0% 4512 MHz:   0%)
CPU 4 idle residency:   0.66%
CPU 4 down residency:  99.34%
CPU 5 frequency: 0 MHz
CPU 5 active residency:   0.00% (1260 MHz:   0% 1512 MHz:   0% 1800 MHz:   0% 2088 MHz:   0% 2352 MHz:   0% 2616 MHz:   0% 2868 MHz:   0% 3096 MHz:   0% 3300 MHz:   0% 3468 MHz:   0% 3624 MHz:   0% 3756 MHz:   0% 3828 MHz:   0% 3888 MHz:   0% 3948 MHz:   0% 3996 MHz:   0% 4044 MHz:   0% 4104 MHz:   0% 4416 MHz:   0% 4512 MHz:   0%)
CPU 5 idle residency:   0.66%
CPU 5 down residency:  99.34%
CPU 6 frequency: 0 MHz
CPU 6 active residency:   0.00% (1260 MHz:   0% 1512 MHz:   0% 1800 MHz:   0% 2088 MHz:   0% 2352 MHz:   0% 2616 MHz:   0% 2868 MHz:   0% 3096 MHz:   0% 3300 MHz:   0% 3468 MHz:   0% 3624 MHz:   0% 3756 MHz:   0% 3828 MHz:   0% 3888 MHz:   0% 3948 MHz:   0% 3996 MHz:   0% 4044 MHz:   0% 4104 MHz:   0% 4416 MHz:   0% 4512 MHz:   0%)
CPU 6 idle residency:   0.66%
CPU 6 down residency:  99.34%
CPU 7 frequency: 0 MHz
CPU 7 active residency:   0.00% (1260 MHz:   0% 1512 MHz:   0% 1800 MHz:   0% 2088 MHz:   0% 2352 MHz:   0% 2616 MHz:   0% 2868 MHz:   0% 3096 MHz:   0% 3300 MHz:   0% 3468 MHz:   0% 3624 MHz:   0% 3756 MHz:   0% 3828 MHz:   0% 3888 MHz:   0% 3948 MHz:   0% 3996 MHz:   0% 4044 MHz:   0% 4104 MHz:   0% 4416 MHz:   0% 4512 MHz:   0%)
CPU 7 idle residency:   0.66%
CPU 7 down residency:  99.34%
CPU 8 frequency: 0 MHz
CPU 8 active residency:   0.00% (1260 MHz:   0% 1512 MHz:   0% 1800 MHz:   0% 2088 MHz:   0% 2352 MHz:   0% 2616 MHz:   0% 2868 MHz:   0% 3096 MHz:   0% 3300 MHz:   0% 3468 MHz:   0% 3624 MHz:   0% 3756 MHz:   0% 3828 MHz:   0% 3888 MHz:   0% 3948 MHz:   0% 3996 MHz:   0% 4044 MHz:   0% 4104 MHz:   0% 4416 MHz:   0% 4512 MHz:   0%)
CPU 8 idle residency:   0.66%
CPU 8 down residency:  99.34%
CPU 9 frequency: 0 MHz
CPU 9 active residency:   0.00% (1260 MHz:   0% 1512 MHz:   0% 1800 MHz:   0% 2088 MHz:   0% 2352 MHz:   0% 2616 MHz:   0% 2868 MHz:   0% 3096 MHz:   0% 3300 MHz:   0% 3468 MHz:   0% 3624 MHz:   0% 3756 MHz:   0% 3828 MHz:   0% 3888 MHz:   0% 3948 MHz:   0% 3996 MHz:   0% 4044 MHz:   0% 4104 MHz:   0% 4416 MHz:   0% 4512 MHz:   0%)
CPU 9 idle residency:   0.66%
CPU 9 down residency:  99.34%

P1-Cluster HW active frequency: 3320 MHz
P1-Cluster HW active residency:  93.94% (1260 MHz: .49% 1512 MHz: .03% 1800 MHz: .01% 2088 MHz: .01% 2352 MHz:   0% 2616 MHz: .12% 2868 MHz:  45% 3096 MHz:  11% 3300 MHz: .39% 3468 MHz: .38% 3624 MHz: .58% 3756 MHz:   0% 3828 MHz: .40% 3888 MHz: 2.7% 3948 MHz:  20% 3996 MHz: 5.7% 4044 MHz: 7.7% 4104 MHz:   0% 4416 MHz:   0% 4512 MHz:   0%)
P1-Cluster idle residency:   6.06%
P1-Cluster down residency:   0.00%
CPU 10 frequency: 3552 MHz
CPU 10 active residency:  64.51% (1260 MHz: .10% 1512 MHz: .03% 1800 MHz: .01% 2088 MHz: .00% 2352 MHz:   0% 2616 MHz: .12% 2868 MHz:  27% 3096 MHz:  10% 3300 MHz: .39% 3468 MHz: .38% 3624 MHz: .56% 3756 MHz:   0% 3828 MHz: .40% 3888 MHz:   0% 3948 MHz: .38% 3996 MHz:   0% 4044 MHz:   0% 4104 MHz: .38% 4416 MHz: .38% 4512 MHz:  24%)
CPU 10 idle residency:  35.49%
CPU 10 down residency:   0.00%
CPU 11 frequency: 4014 MHz
CPU 11 active residency:  27.80% (1260 MHz: .00% 1512 MHz:   0% 1800 MHz:   0% 2088 MHz: .00% 2352 MHz:   0% 2616 MHz: .03% 2868 MHz: 5.6% 3096 MHz: 2.7% 3300 MHz: .33% 3468 MHz: .29% 3624 MHz: .03% 3756 MHz:   0% 3828 MHz: .00% 3888 MHz:   0% 3948 MHz: .00% 3996 MHz:   0% 4044 MHz:   0% 4104 MHz: .02% 4416 MHz: .09% 4512 MHz:  19%)
CPU 11 idle residency:  72.20%
CPU 11 down residency:   0.00%
CPU 12 frequency: 3413 MHz
CPU 12 active residency:  53.18% (1260 MHz: .12% 1512 MHz: .00% 1800 MHz: .01% 2088 MHz: .00% 2352 MHz:   0% 2616 MHz: .11% 2868 MHz:  27% 3096 MHz: 8.3% 3300 MHz: .29% 3468 MHz: .29% 3624 MHz: .23% 3756 MHz:   0% 3828 MHz: .07% 3888 MHz:   0% 3948 MHz: .17% 3996 MHz:   0% 4044 MHz:   0% 4104 MHz: .06% 4416 MHz: .05% 4512 MHz:  16%)
CPU 12 idle residency:  46.82%
CPU 12 down residency:   0.00%
CPU 13 frequency: 3419 MHz
CPU 13 active residency:  51.36% (1260 MHz: .05% 1512 MHz:   0% 1800 MHz: .00% 2088 MHz: .00% 2352 MHz:   0% 2616 MHz: .08% 2868 MHz:  26% 3096 MHz: 8.2% 3300 MHz: .36% 3468 MHz: .32% 3624 MHz: .35% 3756 MHz:   0% 3828 MHz: .08% 3888 MHz:   0% 3948 MHz: .07% 3996 MHz:   0% 4044 MHz:   0% 4104 MHz: .08% 4416 MHz: .13% 4512 MHz:  15%)
CPU 13 idle residency:  48.64%
CPU 13 down residency:   0.00%
CPU 14 frequency: 3926 MHz
CPU 14 active residency:   6.56% (1260 MHz:   0% 1512 MHz:   0% 1800 MHz:   0% 2088 MHz: .01% 2352 MHz:   0% 2616 MHz: .01% 2868 MHz: 1.8% 3096 MHz: .65% 3300 MHz:   0% 3468 MHz:   0% 3624 MHz: .00% 3756 MHz:   0% 3828 MHz:   0% 3888 MHz:   0% 3948 MHz: .00% 3996 MHz:   0% 4044 MHz:   0% 4104 MHz: .01% 4416 MHz: .02% 4512 MHz: 4.1%)
CPU 14 idle residency:  93.44%
CPU 14 down residency:   0.00%
CPU 15 frequency: 4397 MHz
CPU 15 active residency:  22.53% (1260 MHz:   0% 1512 MHz:   0% 1800 MHz:   0% 2088 MHz:   0% 2352 MHz:   0% 2616 MHz: .01% 2868 MHz: 1.4% 3096 MHz: .23% 3300 MHz:   0% 3468 MHz:   0% 3624 MHz: .00% 3756 MHz:   0% 3828 MHz:   0% 3888 MHz:   0% 3948 MHz:   0% 3996 MHz:   0% 4044 MHz:   0% 4104 MHz: .00% 4416 MHz:   0% 4512 MHz:  21%)
CPU 15 idle residency:  77.47%
CPU 15 down residency:   0.00%

CPU Power: 3817 mW
GPU Power: 32734 mW
ANE Power: 0 mW
Combined Power (CPU + GPU + ANE): 36551 mW

**** GPU usage ****

GPU HW active frequency: 1578 MHz
GPU HW active residency: 100.00% (338 MHz:   0% 618 MHz:   0% 796 MHz:   0% 924 MHz:   0% 952 MHz:   0% 1056 MHz:   0% 1062 MHz:   0% 1182 MHz:   0% 1182 MHz:   0% 1312 MHz:   0% 1242 MHz:   0% 1380 MHz:   0% 1326 MHz:   0% 1470 MHz:   0% 1578 MHz: 100%)
GPU SW requested state: (P1 :   0% P2 :   0% P3 :   0% P4 :   0% P5 :   0% P6 :   0% P7 :   0% P8 :   0% P9 :   0% P10 : 100% P11 :   0% P12 :   0% P13 :   0% P14 :   0% P15 :   0%)
GPU SW state: (SW_P1 :   0% SW_P2 :   0% SW_P3 :   0% SW_P4 :   0% SW_P5 :   0% SW_P6 :   0% SW_P7 :   0% SW_P8 :   0% SW_P9 :   0% SW_P10 : 100% SW_P11 :   0% SW_P12 :   0% SW_P13 :   0% SW_P14 :   0% SW_P15 :   0%)
GPU idle residency:   0.00%
GPU Power: 32731 mW



*** Sampled system activity (Tue Jan 20 15:16:00 2026 +0100) (1020.86ms elapsed) ***


**** Processor usage ****

E-Cluster Online: 100%
E-Cluster HW active frequency: 1405 MHz
E-Cluster HW active residency:  61.97% (1020 MHz:  35% 1404 MHz: 9.1% 1788 MHz: 7.1% 2112 MHz: 2.1% 2352 MHz: 1.5% 2532 MHz: 1.9% 2592 MHz: 4.9%)
E-Cluster idle residency:  38.03%
E-Cluster down residency:   0.00%
CPU 0 frequency: 1368 MHz
CPU 0 active residency:  33.45% (1020 MHz:  20% 1404 MHz: 5.1% 1788 MHz: 3.6% 2112 MHz: .92% 2352 MHz: 1.4% 2532 MHz: .78% 2592 MHz: 1.8%)
CPU 0 idle residency:  66.55%
CPU 0 down residency:   0.00%
CPU 1 frequency: 1397 MHz
CPU 1 active residency:  21.41% (1020 MHz:  12% 1404 MHz: 3.1% 1788 MHz: 3.4% 2112 MHz: .79% 2352 MHz: .61% 2532 MHz: .82% 2592 MHz: .88%)
CPU 1 idle residency:  78.59%
CPU 1 down residency:   0.00%
CPU 2 frequency: 1355 MHz
CPU 2 active residency:  13.66% (1020 MHz: 7.5% 1404 MHz: 2.6% 1788 MHz: 2.2% 2112 MHz: .28% 2352 MHz: .66% 2532 MHz: .15% 2592 MHz: .32%)
CPU 2 idle residency:  86.34%
CPU 2 down residency:   0.00%
CPU 3 frequency: 1447 MHz
CPU 3 active residency:  11.11% (1020 MHz: 6.1% 1404 MHz: 1.4% 1788 MHz: 1.5% 2112 MHz: .39% 2352 MHz: .52% 2532 MHz: .35% 2592 MHz: .90%)
CPU 3 idle residency:  88.89%
CPU 3 down residency:   0.00%

P0-Cluster Online: 2%
P0-Cluster HW active frequency: 1597 MHz
P0-Cluster HW active residency:   0.80% (1260 MHz: .57% 1512 MHz:   0% 1800 MHz: .08% 2088 MHz:   0% 2352 MHz:   0% 2616 MHz: .14% 2868 MHz:   0% 3096 MHz: .02% 3300 MHz:   0% 3468 MHz:   0% 3624 MHz:   0% 3756 MHz:   0% 3828 MHz:   0% 3888 MHz:   0% 3948 MHz:   0% 3996 MHz:   0% 4044 MHz:   0% 4104 MHz:   0% 4416 MHz:   0% 4512 MHz:   0%)
P0-Cluster idle residency:   1.05%
P0-Cluster down residency:  98.15%
CPU 4 frequency: 0 MHz
CPU 4 active residency:   0.00% (1260 MHz:   0% 1512 MHz:   0% 1800 MHz:   0% 2088 MHz:   0% 2352 MHz:   0% 2616 MHz:   0% 2868 MHz:   0% 3096 MHz:   0% 3300 MHz:   0% 3468 MHz:   0% 3624 MHz:   0% 3756 MHz:   0% 3828 MHz:   0% 3888 MHz:   0% 3948 MHz:   0% 3996 MHz:   0% 4044 MHz:   0% 4104 MHz:   0% 4416 MHz:   0% 4512 MHz:   0%)
CPU 4 idle residency:   1.69%
CPU 4 down residency:  98.31%
CPU 5 frequency: 0 MHz
CPU 5 active residency:   0.00% (1260 MHz:   0% 1512 MHz:   0% 1800 MHz:   0% 2088 MHz:   0% 2352 MHz:   0% 2616 MHz:   0% 2868 MHz:   0% 3096 MHz:   0% 3300 MHz:   0% 3468 MHz:   0% 3624 MHz:   0% 3756 MHz:   0% 3828 MHz:   0% 3888 MHz:   0% 3948 MHz:   0% 3996 MHz:   0% 4044 MHz:   0% 4104 MHz:   0% 4416 MHz:   0% 4512 MHz:   0%)
CPU 5 idle residency:   1.68%
CPU 5 down residency:  98.32%
CPU 6 frequency: 0 MHz
CPU 6 active residency:   0.00% (1260 MHz:   0% 1512 MHz:   0% 1800 MHz:   0% 2088 MHz:   0% 2352 MHz:   0% 2616 MHz:   0% 2868 MHz:   0% 3096 MHz:   0% 3300 MHz:   0% 3468 MHz:   0% 3624 MHz:   0% 3756 MHz:   0% 3828 MHz:   0% 3888 MHz:   0% 3948 MHz:   0% 3996 MHz:   0% 4044 MHz:   0% 4104 MHz:   0% 4416 MHz:   0% 4512 MHz:   0%)
CPU 6 idle residency:   1.70%
CPU 6 down residency:  98.30%
CPU 7 frequency: 0 MHz
CPU 7 active residency:   0.00% (1260 MHz:   0% 1512 MHz:   0% 1800 MHz:   0% 2088 MHz:   0% 2352 MHz:   0% 2616 MHz:   0% 2868 MHz:   0% 3096 MHz:   0% 3300 MHz:   0% 3468 MHz:   0% 3624 MHz:   0% 3756 MHz:   0% 3828 MHz:   0% 3888 MHz:   0% 3948 MHz:   0% 3996 MHz:   0% 4044 MHz:   0% 4104 MHz:   0% 4416 MHz:   0% 4512 MHz:   0%)
CPU 7 idle residency:   1.71%
CPU 7 down residency:  98.29%
CPU 8 frequency: 0 MHz
CPU 8 active residency:   0.00% (1260 MHz:   0% 1512 MHz:   0% 1800 MHz:   0% 2088 MHz:   0% 2352 MHz:   0% 2616 MHz:   0% 2868 MHz:   0% 3096 MHz:   0% 3300 MHz:   0% 3468 MHz:   0% 3624 MHz:   0% 3756 MHz:   0% 3828 MHz:   0% 3888 MHz:   0% 3948 MHz:   0% 3996 MHz:   0% 4044 MHz:   0% 4104 MHz:   0% 4416 MHz:   0% 4512 MHz:   0%)
CPU 8 idle residency:   1.66%
CPU 8 down residency:  98.34%
CPU 9 frequency: 0 MHz
CPU 9 active residency:   0.00% (1260 MHz:   0% 1512 MHz:   0% 1800 MHz:   0% 2088 MHz:   0% 2352 MHz:   0% 2616 MHz:   0% 2868 MHz:   0% 3096 MHz:   0% 3300 MHz:   0% 3468 MHz:   0% 3624 MHz:   0% 3756 MHz:   0% 3828 MHz:   0% 3888 MHz:   0% 3948 MHz:   0% 3996 MHz:   0% 4044 MHz:   0% 4104 MHz:   0% 4416 MHz:   0% 4512 MHz:   0%)
CPU 9 idle residency:   1.72%
CPU 9 down residency:  98.28%

P1-Cluster HW active frequency: 3347 MHz
P1-Cluster HW active residency:  94.24% (1260 MHz: .44% 1512 MHz: .02% 1800 MHz: .01% 2088 MHz: .01% 2352 MHz: 2.4% 2616 MHz: 3.9% 2868 MHz:  23% 3096 MHz:  22% 3300 MHz: 3.5% 3468 MHz: .78% 3624 MHz: .39% 3756 MHz:   0% 3828 MHz: .39% 3888 MHz: 2.5% 3948 MHz:  21% 3996 MHz: 5.5% 4044 MHz: 7.5% 4104 MHz:   0% 4416 MHz:   0% 4512 MHz:   0%)
P1-Cluster idle residency:   5.76%
P1-Cluster down residency:   0.00%
CPU 10 frequency: 3782 MHz
CPU 10 active residency:  23.59% (1260 MHz:   0% 1512 MHz: .01% 1800 MHz:   0% 2088 MHz: .00% 2352 MHz: .02% 2616 MHz: .68% 2868 MHz: 4.4% 3096 MHz: 5.0% 3300 MHz: .62% 3468 MHz: .39% 3624 MHz: .23% 3756 MHz:   0% 3828 MHz: .02% 3888 MHz:   0% 3948 MHz: .04% 3996 MHz:   0% 4044 MHz:   0% 4104 MHz: .25% 4416 MHz: .09% 4512 MHz:  12%)
CPU 10 idle residency:  76.41%
CPU 10 down residency:   0.00%
CPU 11 frequency: 4264 MHz
CPU 11 active residency:  20.32% (1260 MHz:   0% 1512 MHz:   0% 1800 MHz:   0% 2088 MHz:   0% 2352 MHz:   0% 2616 MHz: .43% 2868 MHz: 1.5% 3096 MHz: 1.2% 3300 MHz: .02% 3468 MHz: .03% 3624 MHz: .01% 3756 MHz:   0% 3828 MHz: .00% 3888 MHz:   0% 3948 MHz: .01% 3996 MHz:   0% 4044 MHz:   0% 4104 MHz: .01% 4416 MHz: .02% 4512 MHz:  17%)
CPU 11 idle residency:  79.68%
CPU 11 down residency:   0.00%
CPU 12 frequency: 3441 MHz
CPU 12 active residency:  52.27% (1260 MHz: .07% 1512 MHz: .01% 1800 MHz: .00% 2088 MHz: .00% 2352 MHz: .52% 2616 MHz: 2.5% 2868 MHz:  14% 3096 MHz:  16% 3300 MHz: 2.2% 3468 MHz: .58% 3624 MHz: .34% 3756 MHz:   0% 3828 MHz: .18% 3888 MHz:   0% 3948 MHz: .35% 3996 MHz:   0% 4044 MHz:   0% 4104 MHz: .24% 4416 MHz: .02% 4512 MHz:  15%)
CPU 12 idle residency:  47.73%
CPU 12 down residency:   0.00%
CPU 13 frequency: 4425 MHz
CPU 13 active residency:  20.39% (1260 MHz:   0% 1512 MHz: .00% 1800 MHz:   0% 2088 MHz:   0% 2352 MHz: .01% 2616 MHz: .56% 2868 MHz: .13% 3096 MHz: .29% 3300 MHz: .06% 3468 MHz: .00% 3624 MHz:   0% 3756 MHz:   0% 3828 MHz:   0% 3888 MHz:   0% 3948 MHz:   0% 3996 MHz:   0% 4044 MHz:   0% 4104 MHz:   0% 4416 MHz:   0% 4512 MHz:  19%)
CPU 13 idle residency:  79.61%
CPU 13 down residency:   0.00%
CPU 14 frequency: 3602 MHz
CPU 14 active residency:  59.20% (1260 MHz: .09% 1512 MHz: .02% 1800 MHz: .00% 2088 MHz: .00% 2352 MHz: .83% 2616 MHz: 2.4% 2868 MHz:  13% 3096 MHz:  15% 3300 MHz: 2.4% 3468 MHz: .56% 3624 MHz: .39% 3756 MHz:   0% 3828 MHz: .39% 3888 MHz:   0% 3948 MHz: .39% 3996 MHz:   0% 4044 MHz:   0% 4104 MHz: .39% 4416 MHz: .39% 4512 MHz:  23%)
CPU 14 idle residency:  40.80%
CPU 14 down residency:   0.00%
CPU 15 frequency: 3475 MHz
CPU 15 active residency:  51.34% (1260 MHz: .06% 1512 MHz: .02% 1800 MHz: .00% 2088 MHz: .00% 2352 MHz: .99% 2616 MHz: 2.4% 2868 MHz:  12% 3096 MHz:  15% 3300 MHz: 2.3% 3468 MHz: .47% 3624 MHz: .34% 3756 MHz:   0% 3828 MHz: .07% 3888 MHz:   0% 3948 MHz: .34% 3996 MHz:   0% 4044 MHz:   0% 4104 MHz: .28% 4416 MHz: .06% 4512 MHz:  16%)
CPU 15 idle residency:  48.66%
CPU 15 down residency:   0.00%

CPU Power: 3912 mW
GPU Power: 32463 mW
ANE Power: 0 mW
Combined Power (CPU + GPU + ANE): 36375 mW

**** GPU usage ****

GPU HW active frequency: 1578 MHz
GPU HW active residency: 100.00% (338 MHz:   0% 618 MHz:   0% 796 MHz:   0% 924 MHz:   0% 952 MHz:   0% 1056 MHz:   0% 1062 MHz:   0% 1182 MHz:   0% 1182 MHz:   0% 1312 MHz:   0% 1242 MHz:   0% 1380 MHz:   0% 1326 MHz:   0% 1470 MHz:   0% 1578 MHz: 100%)
GPU SW requested state: (P1 :   0% P2 :   0% P3 :   0% P4 :   0% P5 :   0% P6 :   0% P7 :   0% P8 :   0% P9 :   0% P10 : 100% P11 :   0% P12 :   0% P13 :   0% P14 :   0% P15 :   0%)
GPU SW state: (SW_P1 :   0% SW_P2 :   0% SW_P3 :   0% SW_P4 :   0% SW_P5 :   0% SW_P6 :   0% SW_P7 :   0% SW_P8 :   0% SW_P9 :   0% SW_P10 : 100% SW_P11 :   0% SW_P12 :   0% SW_P13 :   0% SW_P14 :   0% SW_P15 :   0%)
GPU idle residency:   0.00%
GPU Power: 32462 mW



*** Sampled system activity (Tue Jan 20 15:16:01 2026 +0100) (1021.08ms elapsed) ***


**** Processor usage ****

E-Cluster Online: 100%
E-Cluster HW active frequency: 1396 MHz
E-Cluster HW active residency:  59.50% (1020 MHz:  36% 1404 MHz: 7.0% 1788 MHz: 5.6% 2112 MHz: 1.5% 2352 MHz: 1.8% 2532 MHz: 1.4% 2592 MHz: 5.8%)
E-Cluster idle residency:  40.50%
E-Cluster down residency:   0.00%
CPU 0 frequency: 1434 MHz
CPU 0 active residency:  30.76% (1020 MHz:  17% 1404 MHz: 3.6% 1788 MHz: 3.7% 2112 MHz: 1.1% 2352 MHz: .93% 2532 MHz: 1.1% 2592 MHz: 2.8%)
CPU 0 idle residency:  69.24%
CPU 0 down residency:   0.00%
CPU 1 frequency: 1378 MHz
CPU 1 active residency:  15.89% (1020 MHz: 9.8% 1404 MHz: 2.0% 1788 MHz: 1.6% 2112 MHz: .33% 2352 MHz: .72% 2532 MHz: .25% 2592 MHz: 1.3%)
CPU 1 idle residency:  84.11%
CPU 1 down residency:   0.00%
CPU 2 frequency: 1353 MHz
CPU 2 active residency:   9.04% (1020 MHz: 5.6% 1404 MHz: 1.2% 1788 MHz: 1.0% 2112 MHz: .19% 2352 MHz: .20% 2532 MHz: .08% 2592 MHz: .75%)
CPU 2 idle residency:  90.96%
CPU 2 down residency:   0.00%
CPU 3 frequency: 1397 MHz
CPU 3 active residency:   6.65% (1020 MHz: 3.7% 1404 MHz: 1.0% 1788 MHz: 1.0% 2112 MHz: .10% 2352 MHz: .12% 2532 MHz: .06% 2592 MHz: .63%)
CPU 3 idle residency:  93.35%
CPU 3 down residency:   0.00%

P0-Cluster Online: 38%
P0-Cluster HW active frequency: 3505 MHz
P0-Cluster HW active residency:  29.44% (1260 MHz: 2.2% 1512 MHz: .14% 1800 MHz:   0% 2088 MHz: .04% 2352 MHz: .08% 2616 MHz: .36% 2868 MHz: .64% 3096 MHz: 3.6% 3300 MHz: .90% 3468 MHz: 3.3% 3624 MHz: 1.2% 3756 MHz:   0% 3828 MHz: .39% 3888 MHz: 1.9% 3948 MHz: 8.7% 3996 MHz: 2.4% 4044 MHz: 3.5% 4104 MHz:   0% 4416 MHz:   0% 4512 MHz:   0%)
P0-Cluster idle residency:   6.64%
P0-Cluster down residency:  63.93%
CPU 4 frequency: 3790 MHz
CPU 4 active residency:  15.07% (1260 MHz: .74% 1512 MHz: .00% 1800 MHz: .08% 2088 MHz: .02% 2352 MHz: .14% 2616 MHz: .26% 2868 MHz: .14% 3096 MHz: 1.8% 3300 MHz: .70% 3468 MHz: 2.3% 3624 MHz: .66% 3756 MHz: .31% 3828 MHz: .35% 3888 MHz: .05% 3948 MHz: .00% 3996 MHz: .47% 4044 MHz: .12% 4104 MHz: .09% 4416 MHz: .04% 4512 MHz: 6.8%)
CPU 4 idle residency:  22.30%
CPU 4 down residency:  62.63%
CPU 5 frequency: 3666 MHz
CPU 5 active residency:  14.21% (1260 MHz: .68% 1512 MHz:   0% 1800 MHz: .18% 2088 MHz: .01% 2352 MHz: .10% 2616 MHz: .25% 2868 MHz: .61% 3096 MHz: 2.6% 3300 MHz: .69% 3468 MHz: 1.6% 3624 MHz: .51% 3756 MHz: .05% 3828 MHz: .36% 3888 MHz: .14% 3948 MHz: .19% 3996 MHz: .51% 4044 MHz: .22% 4104 MHz: .06% 4416 MHz: .19% 4512 MHz: 5.2%)
CPU 5 idle residency:  23.01%
CPU 5 down residency:  62.78%
CPU 6 frequency: 3985 MHz
CPU 6 active residency:  10.34% (1260 MHz: .45% 1512 MHz:   0% 1800 MHz: .02% 2088 MHz: .02% 2352 MHz: .07% 2616 MHz: .03% 2868 MHz: .03% 3096 MHz: .76% 3300 MHz: .49% 3468 MHz: 1.1% 3624 MHz: .42% 3756 MHz: .01% 3828 MHz: .30% 3888 MHz:   0% 3948 MHz:   0% 3996 MHz: .36% 4044 MHz:   0% 4104 MHz: .03% 4416 MHz: .01% 4512 MHz: 6.2%)
CPU 6 idle residency:  26.04%
CPU 6 down residency:  63.62%
CPU 7 frequency: 4243 MHz
CPU 7 active residency:  13.86% (1260 MHz: .45% 1512 MHz:   0% 1800 MHz: .01% 2088 MHz: .02% 2352 MHz: .06% 2616 MHz: .02% 2868 MHz:   0% 3096 MHz: .44% 3300 MHz: .57% 3468 MHz: .46% 3624 MHz: .07% 3756 MHz:   0% 3828 MHz: .03% 3888 MHz:   0% 3948 MHz:   0% 3996 MHz:   0% 4044 MHz:   0% 4104 MHz: .28% 4416 MHz: .38% 4512 MHz:  11%)
CPU 7 idle residency:  22.48%
CPU 7 down residency:  63.66%
CPU 8 frequency: 3749 MHz
CPU 8 active residency:  18.58% (1260 MHz: .68% 1512 MHz: .00% 1800 MHz: .41% 2088 MHz: .01% 2352 MHz: .14% 2616 MHz: .32% 2868 MHz: .15% 3096 MHz: 1.9% 3300 MHz: .80% 3468 MHz: 3.3% 3624 MHz: 1.5% 3756 MHz: .37% 3828 MHz: .49% 3888 MHz: .10% 3948 MHz: .19% 3996 MHz: .57% 4044 MHz: .20% 4104 MHz: .10% 4416 MHz:   0% 4512 MHz: 7.4%)
CPU 8 idle residency:  19.05%
CPU 8 down residency:  62.36%
CPU 9 frequency: 4293 MHz
CPU 9 active residency:  10.08% (1260 MHz: .46% 1512 MHz:   0% 1800 MHz: .00% 2088 MHz: .02% 2352 MHz: .06% 2616 MHz: .02% 2868 MHz:   0% 3096 MHz: .12% 3300 MHz: .25% 3468 MHz: .00% 3624 MHz: .02% 3756 MHz:   0% 3828 MHz: .03% 3888 MHz:   0% 3948 MHz:   0% 3996 MHz:   0% 4044 MHz:   0% 4104 MHz: .00% 4416 MHz: .01% 4512 MHz: 9.1%)
CPU 9 idle residency:  26.26%
CPU 9 down residency:  63.66%

P1-Cluster HW active frequency: 3275 MHz
P1-Cluster HW active residency:  71.71% (1260 MHz: 1.0% 1512 MHz: .02% 1800 MHz: .23% 2088 MHz: 1.7% 2352 MHz: 4.9% 2616 MHz: .77% 2868 MHz: 2.9% 3096 MHz:  27% 3300 MHz: 5.8% 3468 MHz: 6.6% 3624 MHz: .22% 3756 MHz:   0% 3828 MHz:   0% 3888 MHz: 3.6% 3948 MHz:  10% 3996 MHz: 3.8% 4044 MHz: 3.0% 4104 MHz:   0% 4416 MHz:   0% 4512 MHz:   0%)
P1-Cluster idle residency:   6.62%
P1-Cluster down residency:  21.67%
CPU 10 frequency: 3923 MHz
CPU 10 active residency:  25.42% (1260 MHz: .11% 1512 MHz: .00% 1800 MHz:   0% 2088 MHz: .00% 2352 MHz: .96% 2616 MHz: .71% 2868 MHz: 1.1% 3096 MHz: 5.0% 3300 MHz: .98% 3468 MHz: .96% 3624 MHz: .22% 3756 MHz:   0% 3828 MHz:   0% 3888 MHz:   0% 3948 MHz:   0% 3996 MHz:   0% 4044 MHz:   0% 4104 MHz:   0% 4416 MHz:   0% 4512 MHz:  15%)
CPU 10 idle residency:  52.90%
CPU 10 down residency:  21.68%
CPU 11 frequency: 3373 MHz
CPU 11 active residency:  47.00% (1260 MHz: .17% 1512 MHz: .01% 1800 MHz: .11% 2088 MHz: .57% 2352 MHz: 4.6% 2616 MHz: .78% 2868 MHz: 2.7% 3096 MHz:  18% 3300 MHz: 3.3% 3468 MHz: 5.2% 3624 MHz: .19% 3756 MHz:   0% 3828 MHz:   0% 3888 MHz:   0% 3948 MHz:   0% 3996 MHz:   0% 4044 MHz:   0% 4104 MHz:   0% 4416 MHz:   0% 4512 MHz:  11%)
CPU 11 idle residency:  31.32%
CPU 11 down residency:  21.68%
CPU 12 frequency: 3366 MHz
CPU 12 active residency:  47.77% (1260 MHz: .17% 1512 MHz: .01% 1800 MHz: .19% 2088 MHz: .63% 2352 MHz: 4.4% 2616 MHz: .78% 2868 MHz: 2.6% 3096 MHz:  20% 3300 MHz: 3.5% 3468 MHz: 4.6% 3624 MHz: .18% 3756 MHz:   0% 3828 MHz:   0% 3888 MHz:   0% 3948 MHz:   0% 3996 MHz:   0% 4044 MHz:   0% 4104 MHz:   0% 4416 MHz:   0% 4512 MHz:  11%)
CPU 12 idle residency:  30.55%
CPU 12 down residency:  21.68%
CPU 13 frequency: 3897 MHz
CPU 13 active residency:  18.08% (1260 MHz: .12% 1512 MHz:   0% 1800 MHz:   0% 2088 MHz: .02% 2352 MHz: .84% 2616 MHz: .78% 2868 MHz: 1.8% 3096 MHz: 2.1% 3300 MHz: .62% 3468 MHz: .68% 3624 MHz: .03% 3756 MHz:   0% 3828 MHz:   0% 3888 MHz:   0% 3948 MHz:   0% 3996 MHz:   0% 4044 MHz:   0% 4104 MHz:   0% 4416 MHz:   0% 4512 MHz:  11%)
CPU 13 idle residency:  60.24%
CPU 13 down residency:  21.68%
CPU 14 frequency: 3747 MHz
CPU 14 active residency:   7.94% (1260 MHz: .11% 1512 MHz:   0% 1800 MHz:   0% 2088 MHz: .00% 2352 MHz: .51% 2616 MHz: .78% 2868 MHz: .71% 3096 MHz: .63% 3300 MHz: .34% 3468 MHz: .60% 3624 MHz: .03% 3756 MHz:   0% 3828 MHz:   0% 3888 MHz:   0% 3948 MHz:   0% 3996 MHz:   0% 4044 MHz:   0% 4104 MHz:   0% 4416 MHz:   0% 4512 MHz: 4.2%)
CPU 14 idle residency:  70.39%
CPU 14 down residency:  21.68%
CPU 15 frequency: 3348 MHz
CPU 15 active residency:  44.13% (1260 MHz: .21% 1512 MHz: .02% 1800 MHz: .21% 2088 MHz: 1.0% 2352 MHz: 4.4% 2616 MHz: .78% 2868 MHz: 2.1% 3096 MHz:  18% 3300 MHz: 2.9% 3468 MHz: 4.2% 3624 MHz: .04% 3756 MHz:   0% 3828 MHz:   0% 3888 MHz:   0% 3948 MHz:   0% 3996 MHz:   0% 4044 MHz:   0% 4104 MHz:   0% 4416 MHz:   0% 4512 MHz:  10%)
CPU 15 idle residency:  34.20%
CPU 15 down residency:  21.68%

CPU Power: 4609 mW
GPU Power: 32748 mW
ANE Power: 0 mW
Combined Power (CPU + GPU + ANE): 37356 mW

**** GPU usage ****

GPU HW active frequency: 1578 MHz
GPU HW active residency: 100.00% (338 MHz:   0% 618 MHz:   0% 796 MHz:   0% 924 MHz:   0% 952 MHz:   0% 1056 MHz:   0% 1062 MHz:   0% 1182 MHz:   0% 1182 MHz:   0% 1312 MHz:   0% 1242 MHz:   0% 1380 MHz:   0% 1326 MHz:   0% 1470 MHz:   0% 1578 MHz: 100%)
GPU SW requested state: (P1 :   0% P2 :   0% P3 :   0% P4 :   0% P5 :   0% P6 :   0% P7 :   0% P8 :   0% P9 :   0% P10 : 100% P11 :   0% P12 :   0% P13 :   0% P14 :   0% P15 :   0%)
GPU SW state: (SW_P1 :   0% SW_P2 :   0% SW_P3 :   0% SW_P4 :   0% SW_P5 :   0% SW_P6 :   0% SW_P7 :   0% SW_P8 :   0% SW_P9 :   0% SW_P10 : 100% SW_P11 :   0% SW_P12 :   0% SW_P13 :   0% SW_P14 :   0% SW_P15 :   0%)
GPU idle residency:   0.00%
GPU Power: 32748 mW



*** Sampled system activity (Tue Jan 20 15:16:02 2026 +0100) (1021.27ms elapsed) ***


**** Processor usage ****

E-Cluster Online: 100%
E-Cluster HW active frequency: 1324 MHz
E-Cluster HW active residency:  62.01% (1020 MHz:  38% 1404 MHz:  11% 1788 MHz: 6.2% 2112 MHz: 2.6% 2352 MHz: 1.2% 2532 MHz: 1.9% 2592 MHz: 1.7%)
E-Cluster idle residency:  37.99%
E-Cluster down residency:   0.00%
CPU 0 frequency: 1306 MHz
CPU 0 active residency:  31.21% (1020 MHz:  19% 1404 MHz: 5.2% 1788 MHz: 3.2% 2112 MHz: 1.1% 2352 MHz: .79% 2532 MHz: .74% 2592 MHz: .67%)
CPU 0 idle residency:  68.79%
CPU 0 down residency:   0.00%
CPU 1 frequency: 1375 MHz
CPU 1 active residency:  21.83% (1020 MHz:  13% 1404 MHz: 3.6% 1788 MHz: 2.2% 2112 MHz: .73% 2352 MHz: .73% 2532 MHz: 1.1% 2592 MHz: .80%)
CPU 1 idle residency:  78.17%
CPU 1 down residency:   0.00%
CPU 2 frequency: 1421 MHz
CPU 2 active residency:  13.86% (1020 MHz: 7.4% 1404 MHz: 2.4% 1788 MHz: 1.6% 2112 MHz: .56% 2352 MHz: .52% 2532 MHz: .90% 2592 MHz: .44%)
CPU 2 idle residency:  86.14%
CPU 2 down residency:   0.00%
CPU 3 frequency: 1445 MHz
CPU 3 active residency:   7.63% (1020 MHz: 3.6% 1404 MHz: 1.5% 1788 MHz: 1.4% 2112 MHz: .07% 2352 MHz: .38% 2532 MHz: .52% 2592 MHz: .15%)
CPU 3 idle residency:  92.37%
CPU 3 down residency:   0.00%

P0-Cluster Online: 35%
P0-Cluster HW active frequency: 3416 MHz
P0-Cluster HW active residency:  30.44% (1260 MHz: .94% 1512 MHz:   0% 1800 MHz: .20% 2088 MHz:   0% 2352 MHz:   0% 2616 MHz: 3.6% 2868 MHz: 8.4% 3096 MHz:   0% 3300 MHz:   0% 3468 MHz:   0% 3624 MHz:   0% 3756 MHz:   0% 3828 MHz:   0% 3888 MHz: 1.1% 3948 MHz: 7.2% 3996 MHz: 3.7% 4044 MHz: 5.3% 4104 MHz:   0% 4416 MHz:   0% 4512 MHz:   0%)
P0-Cluster idle residency:   4.23%
P0-Cluster down residency:  65.33%
CPU 4 frequency: 3609 MHz
CPU 4 active residency:  15.82% (1260 MHz: .17% 1512 MHz:   0% 1800 MHz: .05% 2088 MHz:   0% 2352 MHz:   0% 2616 MHz: 2.7% 2868 MHz: 5.2% 3096 MHz:   0% 3300 MHz:   0% 3468 MHz:   0% 3624 MHz:   0% 3756 MHz:   0% 3828 MHz:   0% 3888 MHz:   0% 3948 MHz:   0% 3996 MHz:   0% 4044 MHz:   0% 4104 MHz:   0% 4416 MHz:   0% 4512 MHz: 7.7%)
CPU 4 idle residency:  18.79%
CPU 4 down residency:  65.39%
CPU 5 frequency: 4081 MHz
CPU 5 active residency:  12.75% (1260 MHz: .16% 1512 MHz:   0% 1800 MHz: .02% 2088 MHz:   0% 2352 MHz:   0% 2616 MHz: 2.3% 2868 MHz: .41% 3096 MHz:   0% 3300 MHz:   0% 3468 MHz:   0% 3624 MHz:   0% 3756 MHz:   0% 3828 MHz:   0% 3888 MHz:   0% 3948 MHz:   0% 3996 MHz:   0% 4044 MHz:   0% 4104 MHz:   0% 4416 MHz:   0% 4512 MHz: 9.9%)
CPU 5 idle residency:  21.87%
CPU 5 down residency:  65.38%
CPU 6 frequency: 3584 MHz
CPU 6 active residency:  15.87% (1260 MHz: .16% 1512 MHz:   0% 1800 MHz: .04% 2088 MHz:   0% 2352 MHz:   0% 2616 MHz: 3.2% 2868 MHz: 4.8% 3096 MHz:   0% 3300 MHz:   0% 3468 MHz:   0% 3624 MHz:   0% 3756 MHz:   0% 3828 MHz:   0% 3888 MHz:   0% 3948 MHz:   0% 3996 MHz:   0% 4044 MHz:   0% 4104 MHz:   0% 4416 MHz:   0% 4512 MHz: 7.6%)
CPU 6 idle residency:  18.74%
CPU 6 down residency:  65.38%
CPU 7 frequency: 3392 MHz
CPU 7 active residency:   0.69% (1260 MHz: .16% 1512 MHz:   0% 1800 MHz: .00% 2088 MHz:   0% 2352 MHz:   0% 2616 MHz: .09% 2868 MHz: .05% 3096 MHz:   0% 3300 MHz:   0% 3468 MHz:   0% 3624 MHz:   0% 3756 MHz:   0% 3828 MHz:   0% 3888 MHz:   0% 3948 MHz:   0% 3996 MHz:   0% 4044 MHz:   0% 4104 MHz:   0% 4416 MHz:   0% 4512 MHz: .39%)
CPU 7 idle residency:  33.93%
CPU 7 down residency:  65.38%
CPU 8 frequency: 3645 MHz
CPU 8 active residency:  15.90% (1260 MHz: .18% 1512 MHz:   0% 1800 MHz: .04% 2088 MHz:   0% 2352 MHz:   0% 2616 MHz: 1.9% 2868 MHz: 5.7% 3096 MHz:   0% 3300 MHz:   0% 3468 MHz:   0% 3624 MHz:   0% 3756 MHz:   0% 3828 MHz:   0% 3888 MHz:   0% 3948 MHz:   0% 3996 MHz:   0% 4044 MHz:   0% 4104 MHz:   0% 4416 MHz:   0% 4512 MHz: 8.0%)
CPU 8 idle residency:  18.72%
CPU 8 down residency:  65.38%
CPU 9 frequency: 4433 MHz
CPU 9 active residency:   9.76% (1260 MHz: .15% 1512 MHz:   0% 1800 MHz: .00% 2088 MHz:   0% 2352 MHz:   0% 2616 MHz: .03% 2868 MHz: .13% 3096 MHz:   0% 3300 MHz:   0% 3468 MHz:   0% 3624 MHz:   0% 3756 MHz:   0% 3828 MHz:   0% 3888 MHz:   0% 3948 MHz:   0% 3996 MHz:   0% 4044 MHz:   0% 4104 MHz:   0% 4416 MHz:   0% 4512 MHz: 9.4%)
CPU 9 idle residency:  24.86%
CPU 9 down residency:  65.38%

P1-Cluster HW active frequency: 3300 MHz
P1-Cluster HW active residency:  65.57% (1260 MHz: .41% 1512 MHz: .02% 1800 MHz: .04% 2088 MHz: .01% 2352 MHz: .00% 2616 MHz: .06% 2868 MHz:  15% 3096 MHz:  27% 3300 MHz: 3.1% 3468 MHz: .39% 3624 MHz: .39% 3756 MHz: .39% 3828 MHz:   0% 3888 MHz: 3.6% 3948 MHz: 8.1% 3996 MHz: 3.2% 4044 MHz: 4.0% 4104 MHz:   0% 4416 MHz:   0% 4512 MHz:   0%)
P1-Cluster idle residency:   4.19%
P1-Cluster down residency:  30.25%
CPU 10 frequency: 3739 MHz
CPU 10 active residency:  27.07% (1260 MHz: .04% 1512 MHz:   0% 1800 MHz:   0% 2088 MHz:   0% 2352 MHz: .00% 2616 MHz:   0% 2868 MHz: 5.9% 3096 MHz: 6.8% 3300 MHz: .81% 3468 MHz: .34% 3624 MHz: .05% 3756 MHz:   0% 3828 MHz:   0% 3888 MHz:   0% 3948 MHz: .28% 3996 MHz:   0% 4044 MHz:   0% 4104 MHz: .07% 4416 MHz: .03% 4512 MHz:  13%)
CPU 10 idle residency:  42.66%
CPU 10 down residency:  30.28%
CPU 11 frequency: 3479 MHz
CPU 11 active residency:  41.82% (1260 MHz: .09% 1512 MHz: .01% 1800 MHz: .03% 2088 MHz: .00% 2352 MHz:   0% 2616 MHz: .00% 2868 MHz: 8.9% 3096 MHz:  16% 3300 MHz: 2.8% 3468 MHz: .39% 3624 MHz: .39% 3756 MHz: .39% 3828 MHz:   0% 3888 MHz:   0% 3948 MHz: .38% 3996 MHz:   0% 4044 MHz:   0% 4104 MHz: .39% 4416 MHz: .39% 4512 MHz:  11%)
CPU 11 idle residency:  27.90%
CPU 11 down residency:  30.28%
CPU 12 frequency: 3373 MHz
CPU 12 active residency:  39.05% (1260 MHz: .09% 1512 MHz: .00% 1800 MHz: .04% 2088 MHz: .00% 2352 MHz: .00% 2616 MHz: .06% 2868 MHz:  10% 3096 MHz:  17% 3300 MHz: 2.4% 3468 MHz: .32% 3624 MHz: .05% 3756 MHz: .27% 3828 MHz:   0% 3888 MHz:   0% 3948 MHz: .32% 3996 MHz:   0% 4044 MHz:   0% 4104 MHz: .11% 4416 MHz: .02% 4512 MHz: 8.6%)
CPU 12 idle residency:  30.68%
CPU 12 down residency:  30.28%
CPU 13 frequency: 3992 MHz
CPU 13 active residency:  10.11% (1260 MHz: .02% 1512 MHz:   0% 1800 MHz: .00% 2088 MHz:   0% 2352 MHz:   0% 2616 MHz:   0% 2868 MHz: .81% 3096 MHz: 2.0% 3300 MHz: .21% 3468 MHz: .30% 3624 MHz: .21% 3756 MHz: .29% 3828 MHz:   0% 3888 MHz:   0% 3948 MHz: .06% 3996 MHz:   0% 4044 MHz:   0% 4104 MHz: .01% 4416 MHz: .01% 4512 MHz: 6.2%)
CPU 13 idle residency:  59.61%
CPU 13 down residency:  30.28%
CPU 14 frequency: 4157 MHz
CPU 14 active residency:  11.02% (1260 MHz: .02% 1512 MHz: .00% 1800 MHz: .03% 2088 MHz:   0% 2352 MHz:   0% 2616 MHz: .04% 2868 MHz: .40% 3096 MHz: 1.8% 3300 MHz: .43% 3468 MHz:   0% 3624 MHz:   0% 3756 MHz:   0% 3828 MHz:   0% 3888 MHz:   0% 3948 MHz:   0% 3996 MHz:   0% 4044 MHz:   0% 4104 MHz:   0% 4416 MHz: .03% 4512 MHz: 8.3%)
CPU 14 idle residency:  58.70%
CPU 14 down residency:  30.28%
CPU 15 frequency: 3348 MHz
CPU 15 active residency:  36.46% (1260 MHz: .07% 1512 MHz:   0% 1800 MHz: .03% 2088 MHz: .00% 2352 MHz:   0% 2616 MHz: .04% 2868 MHz:  10% 3096 MHz:  16% 3300 MHz: 2.4% 3468 MHz: .07% 3624 MHz: .02% 3756 MHz: .28% 3828 MHz:   0% 3888 MHz:   0% 3948 MHz: .11% 3996 MHz:   0% 4044 MHz:   0% 4104 MHz: .01% 4416 MHz: .17% 4512 MHz: 7.5%)
CPU 15 idle residency:  33.26%
CPU 15 down residency:  30.28%

CPU Power: 4088 mW
GPU Power: 32481 mW
ANE Power: 0 mW
Combined Power (CPU + GPU + ANE): 36569 mW

**** GPU usage ****

GPU HW active frequency: 1578 MHz
GPU HW active residency: 100.00% (338 MHz:   0% 618 MHz:   0% 796 MHz:   0% 924 MHz:   0% 952 MHz:   0% 1056 MHz:   0% 1062 MHz:   0% 1182 MHz:   0% 1182 MHz:   0% 1312 MHz:   0% 1242 MHz:   0% 1380 MHz:   0% 1326 MHz:   0% 1470 MHz:   0% 1578 MHz: 100%)
GPU SW requested state: (P1 :   0% P2 :   0% P3 :   0% P4 :   0% P5 :   0% P6 :   0% P7 :   0% P8 :   0% P9 :   0% P10 : 100% P11 :   0% P12 :   0% P13 :   0% P14 :   0% P15 :   0%)
GPU SW state: (SW_P1 :   0% SW_P2 :   0% SW_P3 :   0% SW_P4 :   0% SW_P5 :   0% SW_P6 :   0% SW_P7 :   0% SW_P8 :   0% SW_P9 :   0% SW_P10 : 100% SW_P11 :   0% SW_P12 :   0% SW_P13 :   0% SW_P14 :   0% SW_P15 :   0%)
GPU idle residency:   0.00%
GPU Power: 32481 mW



*** Sampled system activity (Tue Jan 20 15:16:03 2026 +0100) (1017.18ms elapsed) ***


**** Processor usage ****

E-Cluster Online: 100%
E-Cluster HW active frequency: 1376 MHz
E-Cluster HW active residency:  58.41% (1020 MHz:  35% 1404 MHz: 7.6% 1788 MHz: 6.8% 2112 MHz: 2.2% 2352 MHz: 1.5% 2532 MHz: 1.7% 2592 MHz: 3.7%)
E-Cluster idle residency:  41.59%
E-Cluster down residency:   0.00%
CPU 0 frequency: 1399 MHz
CPU 0 active residency:  29.60% (1020 MHz:  17% 1404 MHz: 3.7% 1788 MHz: 3.4% 2112 MHz: 1.0% 2352 MHz: 1.1% 2532 MHz: 1.3% 2592 MHz: 1.6%)
CPU 0 idle residency:  70.40%
CPU 0 down residency:   0.00%
CPU 1 frequency: 1442 MHz
CPU 1 active residency:  16.39% (1020 MHz: 9.1% 1404 MHz: 1.8% 1788 MHz: 2.5% 2112 MHz: .50% 2352 MHz: .59% 2532 MHz: .73% 2592 MHz: 1.2%)
CPU 1 idle residency:  83.61%
CPU 1 down residency:   0.00%
CPU 2 frequency: 1419 MHz
CPU 2 active residency:  11.75% (1020 MHz: 7.0% 1404 MHz: 1.2% 1788 MHz: 1.4% 2112 MHz: .39% 2352 MHz: .44% 2532 MHz: .45% 2592 MHz: .95%)
CPU 2 idle residency:  88.25%
CPU 2 down residency:   0.00%
CPU 3 frequency: 1360 MHz
CPU 3 active residency:   7.35% (1020 MHz: 4.2% 1404 MHz: 1.2% 1788 MHz: 1.2% 2112 MHz: .14% 2352 MHz: .19% 2532 MHz: .23% 2592 MHz: .25%)
CPU 3 idle residency:  92.65%
CPU 3 down residency:   0.00%

P0-Cluster Online: 12%
P0-Cluster HW active frequency: 2318 MHz
P0-Cluster HW active residency:   3.83% (1260 MHz: 2.1% 1512 MHz:   0% 1800 MHz:   0% 2088 MHz:   0% 2352 MHz:   0% 2616 MHz:   0% 2868 MHz:   0% 3096 MHz:   0% 3300 MHz: .12% 3468 MHz: .46% 3624 MHz: .58% 3756 MHz: .28% 3828 MHz: .28% 3888 MHz:   0% 3948 MHz:   0% 3996 MHz:   0% 4044 MHz:   0% 4104 MHz:   0% 4416 MHz:   0% 4512 MHz:   0%)
P0-Cluster idle residency:   7.45%
P0-Cluster down residency:  88.72%
CPU 4 frequency: 1856 MHz
CPU 4 active residency:   0.36% (1260 MHz: .26% 1512 MHz:   0% 1800 MHz:   0% 2088 MHz:   0% 2352 MHz:   0% 2616 MHz:   0% 2868 MHz:   0% 3096 MHz:   0% 3300 MHz: .03% 3468 MHz: .07% 3624 MHz:   0% 3756 MHz:   0% 3828 MHz:   0% 3888 MHz:   0% 3948 MHz:   0% 3996 MHz:   0% 4044 MHz:   0% 4104 MHz:   0% 4416 MHz:   0% 4512 MHz:   0%)
CPU 4 idle residency:  10.63%
CPU 4 down residency:  89.01%
CPU 5 frequency: 1552 MHz
CPU 5 active residency:   0.23% (1260 MHz: .19% 1512 MHz:   0% 1800 MHz:   0% 2088 MHz:   0% 2352 MHz:   0% 2616 MHz:   0% 2868 MHz:   0% 3096 MHz:   0% 3300 MHz: .03% 3468 MHz:   0% 3624 MHz:   0% 3756 MHz:   0% 3828 MHz:   0% 3888 MHz:   0% 3948 MHz:   0% 3996 MHz:   0% 4044 MHz:   0% 4104 MHz:   0% 4416 MHz:   0% 4512 MHz:   0%)
CPU 5 idle residency:  10.96%
CPU 5 down residency:  88.81%
CPU 6 frequency: 3106 MHz
CPU 6 active residency:   1.29% (1260 MHz: .25% 1512 MHz:   0% 1800 MHz:   0% 2088 MHz:   0% 2352 MHz:   0% 2616 MHz:   0% 2868 MHz:   0% 3096 MHz:   0% 3300 MHz: .03% 3468 MHz: .47% 3624 MHz: .54% 3756 MHz:   0% 3828 MHz:   0% 3888 MHz:   0% 3948 MHz:   0% 3996 MHz:   0% 4044 MHz:   0% 4104 MHz:   0% 4416 MHz:   0% 4512 MHz:   0%)
CPU 6 idle residency:   9.46%
CPU 6 down residency:  89.25%
CPU 7 frequency: 1552 MHz
CPU 7 active residency:   0.23% (1260 MHz: .19% 1512 MHz:   0% 1800 MHz:   0% 2088 MHz:   0% 2352 MHz:   0% 2616 MHz:   0% 2868 MHz:   0% 3096 MHz:   0% 3300 MHz: .03% 3468 MHz:   0% 3624 MHz:   0% 3756 MHz:   0% 3828 MHz:   0% 3888 MHz:   0% 3948 MHz:   0% 3996 MHz:   0% 4044 MHz:   0% 4104 MHz:   0% 4416 MHz:   0% 4512 MHz:   0%)
CPU 7 idle residency:  10.97%
CPU 7 down residency:  88.81%
CPU 8 frequency: 1854 MHz
CPU 8 active residency:   0.33% (1260 MHz: .24% 1512 MHz:   0% 1800 MHz:   0% 2088 MHz:   0% 2352 MHz:   0% 2616 MHz:   0% 2868 MHz:   0% 3096 MHz:   0% 3300 MHz: .03% 3468 MHz: .04% 3624 MHz: .02% 3756 MHz:   0% 3828 MHz:   0% 3888 MHz:   0% 3948 MHz:   0% 3996 MHz:   0% 4044 MHz:   0% 4104 MHz:   0% 4416 MHz:   0% 4512 MHz:   0%)
CPU 8 idle residency:  10.71%
CPU 8 down residency:  88.96%
CPU 9 frequency: 1551 MHz
CPU 9 active residency:   0.23% (1260 MHz: .20% 1512 MHz:   0% 1800 MHz:   0% 2088 MHz:   0% 2352 MHz:   0% 2616 MHz:   0% 2868 MHz:   0% 3096 MHz:   0% 3300 MHz: .03% 3468 MHz:   0% 3624 MHz:   0% 3756 MHz:   0% 3828 MHz:   0% 3888 MHz:   0% 3948 MHz:   0% 3996 MHz:   0% 4044 MHz:   0% 4104 MHz:   0% 4416 MHz:   0% 4512 MHz:   0%)
CPU 9 idle residency:  10.97%
CPU 9 down residency:  88.81%

P1-Cluster HW active frequency: 3455 MHz
P1-Cluster HW active residency:  96.80% (1260 MHz: .36% 1512 MHz: .04% 1800 MHz: .02% 2088 MHz: .03% 2352 MHz: 2.2% 2616 MHz: 4.7% 2868 MHz: 9.9% 3096 MHz:  14% 3300 MHz:  15% 3468 MHz: 4.9% 3624 MHz: 4.0% 3756 MHz: 3.2% 3828 MHz: 1.8% 3888 MHz: 5.1% 3948 MHz:  23% 3996 MHz: 3.6% 4044 MHz: 4.5% 4104 MHz:   0% 4416 MHz:   0% 4512 MHz:   0%)
P1-Cluster idle residency:   3.20%
P1-Cluster down residency:   0.00%
CPU 10 frequency: 3686 MHz
CPU 10 active residency:  54.28% (1260 MHz: .05% 1512 MHz:   0% 1800 MHz:   0% 2088 MHz: .01% 2352 MHz: .19% 2616 MHz: .42% 2868 MHz: 6.0% 3096 MHz:  11% 3300 MHz: 7.8% 3468 MHz: 3.3% 3624 MHz: 2.2% 3756 MHz: 2.0% 3828 MHz: 1.3% 3888 MHz:   0% 3948 MHz: .05% 3996 MHz:   0% 4044 MHz:   0% 4104 MHz: .21% 4416 MHz: .26% 4512 MHz:  19%)
CPU 10 idle residency:  45.72%
CPU 10 down residency:   0.00%
CPU 11 frequency: 3596 MHz
CPU 11 active residency:  40.48% (1260 MHz: .03% 1512 MHz: .00% 1800 MHz:   0% 2088 MHz:   0% 2352 MHz: .01% 2616 MHz: .03% 2868 MHz: 5.3% 3096 MHz: 9.7% 3300 MHz: 7.0% 3468 MHz: 3.0% 3624 MHz: 1.8% 3756 MHz: 1.4% 3828 MHz: .30% 3888 MHz:   0% 3948 MHz: .00% 3996 MHz:   0% 4044 MHz:   0% 4104 MHz:   0% 4416 MHz: .03% 4512 MHz:  12%)
CPU 11 idle residency:  59.52%
CPU 11 down residency:   0.00%
CPU 12 frequency: 3790 MHz
CPU 12 active residency:  54.27% (1260 MHz: .04% 1512 MHz: .00% 1800 MHz:   0% 2088 MHz: .02% 2352 MHz: 1.9% 2616 MHz: 3.6% 2868 MHz: 2.7% 3096 MHz: 3.8% 3300 MHz:  11% 3468 MHz: 1.8% 3624 MHz: 1.0% 3756 MHz: 1.9% 3828 MHz: .88% 3888 MHz:   0% 3948 MHz: .20% 3996 MHz:   0% 4044 MHz:   0% 4104 MHz: .29% 4416 MHz: .35% 4512 MHz:  25%)
CPU 12 idle residency:  45.73%
CPU 12 down residency:   0.00%
CPU 13 frequency: 3827 MHz
CPU 13 active residency:  50.75% (1260 MHz: .04% 1512 MHz: .00% 1800 MHz: .00% 2088 MHz:   0% 2352 MHz: .11% 2616 MHz: .28% 2868 MHz: 5.1% 3096 MHz: 9.7% 3300 MHz: 4.9% 3468 MHz: 2.7% 3624 MHz: 2.7% 3756 MHz: .68% 3828 MHz: .15% 3888 MHz:   0% 3948 MHz: .06% 3996 MHz:   0% 4044 MHz:   0% 4104 MHz:   0% 4416 MHz:   0% 4512 MHz:  24%)
CPU 13 idle residency:  49.25%
CPU 13 down residency:   0.00%
CPU 14 frequency: 3732 MHz
CPU 14 active residency:  45.44% (1260 MHz: .02% 1512 MHz: .01% 1800 MHz: .02% 2088 MHz: .02% 2352 MHz: 1.9% 2616 MHz: 3.0% 2868 MHz: 1.8% 3096 MHz: 1.6% 3300 MHz: 8.7% 3468 MHz: 4.6% 3624 MHz: 2.6% 3756 MHz: 1.7% 3828 MHz: 1.1% 3888 MHz:   0% 3948 MHz: .39% 3996 MHz:   0% 4044 MHz:   0% 4104 MHz: .39% 4416 MHz: .39% 4512 MHz:  17%)
CPU 14 idle residency:  54.56%
CPU 14 down residency:   0.00%
CPU 15 frequency: 3774 MHz
CPU 15 active residency:  42.62% (1260 MHz: .03% 1512 MHz: .03% 1800 MHz:   0% 2088 MHz: .01% 2352 MHz: 1.9% 2616 MHz: 3.5% 2868 MHz: 1.6% 3096 MHz: 1.4% 3300 MHz: 8.1% 3468 MHz: 1.4% 3624 MHz: 2.5% 3756 MHz: 2.1% 3828 MHz: 1.0% 3888 MHz:   0% 3948 MHz: .04% 3996 MHz:   0% 4044 MHz:   0% 4104 MHz: .25% 4416 MHz: .32% 4512 MHz:  18%)
CPU 15 idle residency:  57.38%
CPU 15 down residency:   0.00%

CPU Power: 4678 mW
GPU Power: 32709 mW
ANE Power: 0 mW
Combined Power (CPU + GPU + ANE): 37387 mW

**** GPU usage ****

GPU HW active frequency: 1578 MHz
GPU HW active residency: 100.00% (338 MHz:   0% 618 MHz:   0% 796 MHz:   0% 924 MHz:   0% 952 MHz:   0% 1056 MHz:   0% 1062 MHz:   0% 1182 MHz:   0% 1182 MHz:   0% 1312 MHz:   0% 1242 MHz:   0% 1380 MHz:   0% 1326 MHz:   0% 1470 MHz:   0% 1578 MHz: 100%)
GPU SW requested state: (P1 :   0% P2 :   0% P3 :   0% P4 :   0% P5 :   0% P6 :   0% P7 :   0% P8 :   0% P9 :   0% P10 : 100% P11 :   0% P12 :   0% P13 :   0% P14 :   0% P15 :   0%)
GPU SW state: (SW_P1 :   0% SW_P2 :   0% SW_P3 :   0% SW_P4 :   0% SW_P5 :   0% SW_P6 :   0% SW_P7 :   0% SW_P8 :   0% SW_P9 :   0% SW_P10 : 100% SW_P11 :   0% SW_P12 :   0% SW_P13 :   0% SW_P14 :   0% SW_P15 :   0%)
GPU idle residency:   0.00%
GPU Power: 32708 mW



*** Sampled system activity (Tue Jan 20 15:16:04 2026 +0100) (1020.90ms elapsed) ***


**** Processor usage ****

E-Cluster Online: 100%
E-Cluster HW active frequency: 1409 MHz
E-Cluster HW active residency:  63.59% (1020 MHz:  37% 1404 MHz: 9.2% 1788 MHz: 6.2% 2112 MHz: 1.2% 2352 MHz: 1.4% 2532 MHz: 2.1% 2592 MHz: 6.4%)
E-Cluster idle residency:  36.41%
E-Cluster down residency:   0.00%
CPU 0 frequency: 1397 MHz
CPU 0 active residency:  30.71% (1020 MHz:  18% 1404 MHz: 4.3% 1788 MHz: 3.1% 2112 MHz: .26% 2352 MHz: .86% 2532 MHz: 1.2% 2592 MHz: 2.7%)
CPU 0 idle residency:  69.29%
CPU 0 down residency:   0.00%
CPU 1 frequency: 1361 MHz
CPU 1 active residency:  23.02% (1020 MHz:  14% 1404 MHz: 3.1% 1788 MHz: 2.7% 2112 MHz: .13% 2352 MHz: .67% 2532 MHz: .94% 2592 MHz: 1.4%)
CPU 1 idle residency:  76.98%
CPU 1 down residency:   0.00%
CPU 2 frequency: 1417 MHz
CPU 2 active residency:  12.85% (1020 MHz: 7.3% 1404 MHz: 1.6% 1788 MHz: 1.8% 2112 MHz: .42% 2352 MHz: .43% 2532 MHz: .53% 2592 MHz: .83%)
CPU 2 idle residency:  87.15%
CPU 2 down residency:   0.00%
CPU 3 frequency: 1308 MHz
CPU 3 active residency:   9.91% (1020 MHz: 6.6% 1404 MHz: 1.4% 1788 MHz: .75% 2112 MHz: .01% 2352 MHz: .37% 2532 MHz: .18% 2592 MHz: .62%)
CPU 3 idle residency:  90.09%
CPU 3 down residency:   0.00%

P0-Cluster Online: 8%
P0-Cluster HW active frequency: 1503 MHz
P0-Cluster HW active residency:   1.72% (1260 MHz: 1.4% 1512 MHz:   0% 1800 MHz: .08% 2088 MHz: .07% 2352 MHz:   0% 2616 MHz:   0% 2868 MHz:   0% 3096 MHz: .17% 3300 MHz:   0% 3468 MHz:   0% 3624 MHz:   0% 3756 MHz:   0% 3828 MHz:   0% 3888 MHz:   0% 3948 MHz:   0% 3996 MHz:   0% 4044 MHz:   0% 4104 MHz:   0% 4416 MHz:   0% 4512 MHz:   0%)
P0-Cluster idle residency:   4.26%
P0-Cluster down residency:  94.03%
CPU 4 frequency: 0 MHz
CPU 4 active residency:   0.00% (1260 MHz:   0% 1512 MHz:   0% 1800 MHz:   0% 2088 MHz:   0% 2352 MHz:   0% 2616 MHz:   0% 2868 MHz:   0% 3096 MHz:   0% 3300 MHz:   0% 3468 MHz:   0% 3624 MHz:   0% 3756 MHz:   0% 3828 MHz:   0% 3888 MHz:   0% 3948 MHz:   0% 3996 MHz:   0% 4044 MHz:   0% 4104 MHz:   0% 4416 MHz:   0% 4512 MHz:   0%)
CPU 4 idle residency:   5.64%
CPU 4 down residency:  94.36%
CPU 5 frequency: 0 MHz
CPU 5 active residency:   0.00% (1260 MHz:   0% 1512 MHz:   0% 1800 MHz:   0% 2088 MHz:   0% 2352 MHz:   0% 2616 MHz:   0% 2868 MHz:   0% 3096 MHz:   0% 3300 MHz:   0% 3468 MHz:   0% 3624 MHz:   0% 3756 MHz:   0% 3828 MHz:   0% 3888 MHz:   0% 3948 MHz:   0% 3996 MHz:   0% 4044 MHz:   0% 4104 MHz:   0% 4416 MHz:   0% 4512 MHz:   0%)
CPU 5 idle residency:   5.66%
CPU 5 down residency:  94.34%
CPU 6 frequency: 0 MHz
CPU 6 active residency:   0.00% (1260 MHz:   0% 1512 MHz:   0% 1800 MHz:   0% 2088 MHz:   0% 2352 MHz:   0% 2616 MHz:   0% 2868 MHz:   0% 3096 MHz:   0% 3300 MHz:   0% 3468 MHz:   0% 3624 MHz:   0% 3756 MHz:   0% 3828 MHz:   0% 3888 MHz:   0% 3948 MHz:   0% 3996 MHz:   0% 4044 MHz:   0% 4104 MHz:   0% 4416 MHz:   0% 4512 MHz:   0%)
CPU 6 idle residency:   5.63%
CPU 6 down residency:  94.37%
CPU 7 frequency: 0 MHz
CPU 7 active residency:   0.00% (1260 MHz:   0% 1512 MHz:   0% 1800 MHz:   0% 2088 MHz:   0% 2352 MHz:   0% 2616 MHz:   0% 2868 MHz:   0% 3096 MHz:   0% 3300 MHz:   0% 3468 MHz:   0% 3624 MHz:   0% 3756 MHz:   0% 3828 MHz:   0% 3888 MHz:   0% 3948 MHz:   0% 3996 MHz:   0% 4044 MHz:   0% 4104 MHz:   0% 4416 MHz:   0% 4512 MHz:   0%)
CPU 7 idle residency:   5.68%
CPU 7 down residency:  94.32%
CPU 8 frequency: 0 MHz
CPU 8 active residency:   0.00% (1260 MHz:   0% 1512 MHz:   0% 1800 MHz:   0% 2088 MHz:   0% 2352 MHz:   0% 2616 MHz:   0% 2868 MHz:   0% 3096 MHz:   0% 3300 MHz:   0% 3468 MHz:   0% 3624 MHz:   0% 3756 MHz:   0% 3828 MHz:   0% 3888 MHz:   0% 3948 MHz:   0% 3996 MHz:   0% 4044 MHz:   0% 4104 MHz:   0% 4416 MHz:   0% 4512 MHz:   0%)
CPU 8 idle residency:   5.66%
CPU 8 down residency:  94.34%
CPU 9 frequency: 0 MHz
CPU 9 active residency:   0.00% (1260 MHz:   0% 1512 MHz:   0% 1800 MHz:   0% 2088 MHz:   0% 2352 MHz:   0% 2616 MHz:   0% 2868 MHz:   0% 3096 MHz:   0% 3300 MHz:   0% 3468 MHz:   0% 3624 MHz:   0% 3756 MHz:   0% 3828 MHz:   0% 3888 MHz:   0% 3948 MHz:   0% 3996 MHz:   0% 4044 MHz:   0% 4104 MHz:   0% 4416 MHz:   0% 4512 MHz:   0%)
CPU 9 idle residency:   5.69%
CPU 9 down residency:  94.31%

P1-Cluster HW active frequency: 3322 MHz
P1-Cluster HW active residency:  96.64% (1260 MHz: .47% 1512 MHz: .00% 1800 MHz: .02% 2088 MHz: .01% 2352 MHz: 1.6% 2616 MHz:  12% 2868 MHz:  14% 3096 MHz:  25% 3300 MHz: 4.7% 3468 MHz: 1.4% 3624 MHz: 1.1% 3756 MHz:   0% 3828 MHz: .39% 3888 MHz: 5.0% 3948 MHz:  21% 3996 MHz: 4.9% 4044 MHz: 4.9% 4104 MHz:   0% 4416 MHz:   0% 4512 MHz:   0%)
P1-Cluster idle residency:   3.36%
P1-Cluster down residency:   0.00%
CPU 10 frequency: 3483 MHz
CPU 10 active residency:  71.64% (1260 MHz: .10% 1512 MHz: .00% 1800 MHz: .01% 2088 MHz: .00% 2352 MHz: 1.5% 2616 MHz: 8.5% 2868 MHz:  12% 3096 MHz:  20% 3300 MHz: 3.7% 3468 MHz: .66% 3624 MHz: .87% 3756 MHz:   0% 3828 MHz: .32% 3888 MHz:   0% 3948 MHz: .25% 3996 MHz:   0% 4044 MHz:   0% 4104 MHz: .11% 4416 MHz: .26% 4512 MHz:  24%)
CPU 10 idle residency:  28.36%
CPU 10 down residency:   0.00%
CPU 11 frequency: 3465 MHz
CPU 11 active residency:  66.43% (1260 MHz: .07% 1512 MHz: .00% 1800 MHz: .02% 2088 MHz: .00% 2352 MHz: 1.1% 2616 MHz: 7.7% 2868 MHz:  11% 3096 MHz:  19% 3300 MHz: 3.5% 3468 MHz: 1.4% 3624 MHz: 1.1% 3756 MHz:   0% 3828 MHz: .39% 3888 MHz:   0% 3948 MHz: .38% 3996 MHz:   0% 4044 MHz:   0% 4104 MHz: .39% 4416 MHz: .39% 4512 MHz:  20%)
CPU 11 idle residency:  33.57%
CPU 11 down residency:   0.00%
CPU 12 frequency: 4378 MHz
CPU 12 active residency:  16.54% (1260 MHz:   0% 1512 MHz:   0% 1800 MHz: .01% 2088 MHz:   0% 2352 MHz: .00% 2616 MHz: .10% 2868 MHz: .05% 3096 MHz: .55% 3300 MHz: .06% 3468 MHz: .23% 3624 MHz: .66% 3756 MHz:   0% 3828 MHz: .35% 3888 MHz:   0% 3948 MHz: .03% 3996 MHz:   0% 4044 MHz:   0% 4104 MHz: .01% 4416 MHz:   0% 4512 MHz:  14%)
CPU 12 idle residency:  83.46%
CPU 12 down residency:   0.00%
CPU 13 frequency: 3437 MHz
CPU 13 active residency:  60.46% (1260 MHz: .06% 1512 MHz:   0% 1800 MHz: .01% 2088 MHz: .01% 2352 MHz: 1.2% 2616 MHz: 7.7% 2868 MHz:  10% 3096 MHz:  17% 3300 MHz: 3.9% 3468 MHz: 1.0% 3624 MHz: .37% 3756 MHz:   0% 3828 MHz: .14% 3888 MHz:   0% 3948 MHz: .28% 3996 MHz:   0% 4044 MHz:   0% 4104 MHz: .02% 4416 MHz: .06% 4512 MHz:  18%)
CPU 13 idle residency:  39.54%
CPU 13 down residency:   0.00%
CPU 14 frequency: 3865 MHz
CPU 14 active residency:  22.64% (1260 MHz:   0% 1512 MHz:   0% 1800 MHz: .01% 2088 MHz: .00% 2352 MHz:   0% 2616 MHz: .45% 2868 MHz: 1.1% 3096 MHz: 5.7% 3300 MHz: 1.6% 3468 MHz: .76% 3624 MHz: .84% 3756 MHz:   0% 3828 MHz: .32% 3888 MHz:   0% 3948 MHz: .30% 3996 MHz:   0% 4044 MHz:   0% 4104 MHz: .17% 4416 MHz: .27% 4512 MHz:  11%)
CPU 14 idle residency:  77.36%
CPU 14 down residency:   0.00%
CPU 15 frequency: 4186 MHz
CPU 15 active residency:  28.96% (1260 MHz: .02% 1512 MHz:   0% 1800 MHz: .01% 2088 MHz:   0% 2352 MHz: .04% 2616 MHz: .61% 2868 MHz: .46% 3096 MHz: 3.9% 3300 MHz: .46% 3468 MHz: .80% 3624 MHz: .37% 3756 MHz:   0% 3828 MHz: .02% 3888 MHz:   0% 3948 MHz: .03% 3996 MHz:   0% 4044 MHz:   0% 4104 MHz: .03% 4416 MHz: .29% 4512 MHz:  22%)
CPU 15 idle residency:  71.04%
CPU 15 down residency:   0.00%

CPU Power: 4195 mW
GPU Power: 32825 mW
ANE Power: 0 mW
Combined Power (CPU + GPU + ANE): 37020 mW

**** GPU usage ****

GPU HW active frequency: 1578 MHz
GPU HW active residency: 100.00% (338 MHz:   0% 618 MHz:   0% 796 MHz:   0% 924 MHz:   0% 952 MHz:   0% 1056 MHz:   0% 1062 MHz:   0% 1182 MHz:   0% 1182 MHz:   0% 1312 MHz:   0% 1242 MHz:   0% 1380 MHz:   0% 1326 MHz:   0% 1470 MHz:   0% 1578 MHz: 100%)
GPU SW requested state: (P1 :   0% P2 :   0% P3 :   0% P4 :   0% P5 :   0% P6 :   0% P7 :   0% P8 :   0% P9 :   0% P10 : 100% P11 :   0% P12 :   0% P13 :   0% P14 :   0% P15 :   0%)
GPU SW state: (SW_P1 :   0% SW_P2 :   0% SW_P3 :   0% SW_P4 :   0% SW_P5 :   0% SW_P6 :   0% SW_P7 :   0% SW_P8 :   0% SW_P9 :   0% SW_P10 : 100% SW_P11 :   0% SW_P12 :   0% SW_P13 :   0% SW_P14 :   0% SW_P15 :   0%)
GPU idle residency:   0.00%
GPU Power: 32558 mW



*** Sampled system activity (Tue Jan 20 15:16:05 2026 +0100) (1017.47ms elapsed) ***


**** Processor usage ****

E-Cluster Online: 100%
E-Cluster HW active frequency: 1329 MHz
E-Cluster HW active residency:  59.16% (1020 MHz:  39% 1404 MHz: 6.0% 1788 MHz: 6.0% 2112 MHz: 2.2% 2352 MHz: .65% 2532 MHz: 1.8% 2592 MHz: 3.5%)
E-Cluster idle residency:  40.84%
E-Cluster down residency:   0.00%
CPU 0 frequency: 1317 MHz
CPU 0 active residency:  27.80% (1020 MHz:  19% 1404 MHz: 3.1% 1788 MHz: 2.5% 2112 MHz: .86% 2352 MHz: .38% 2532 MHz: .78% 2592 MHz: 1.6%)
CPU 0 idle residency:  72.20%
CPU 0 down residency:   0.00%
CPU 1 frequency: 1392 MHz
CPU 1 active residency:  16.41% (1020 MHz: 9.9% 1404 MHz: 1.6% 1788 MHz: 2.2% 2112 MHz: .71% 2352 MHz: .19% 2532 MHz: .80% 2592 MHz: 1.0%)
CPU 1 idle residency:  83.59%
CPU 1 down residency:   0.00%
CPU 2 frequency: 1355 MHz
CPU 2 active residency:  14.72% (1020 MHz: 9.1% 1404 MHz: 2.2% 1788 MHz: 1.5% 2112 MHz: .19% 2352 MHz: .17% 2532 MHz: .52% 2592 MHz: 1.1%)
CPU 2 idle residency:  85.28%
CPU 2 down residency:   0.00%
CPU 3 frequency: 1371 MHz
CPU 3 active residency:   6.85% (1020 MHz: 4.4% 1404 MHz: .78% 1788 MHz: .51% 2112 MHz: .07% 2352 MHz: .18% 2532 MHz: .30% 2592 MHz: .59%)
CPU 3 idle residency:  93.15%
CPU 3 down residency:   0.00%

P0-Cluster Online: 13%
P0-Cluster HW active frequency: 2885 MHz
P0-Cluster HW active residency:   5.25% (1260 MHz: 1.5% 1512 MHz:   0% 1800 MHz:   0% 2088 MHz:   0% 2352 MHz:   0% 2616 MHz: .59% 2868 MHz: .73% 3096 MHz:   0% 3300 MHz:   0% 3468 MHz:   0% 3624 MHz:   0% 3756 MHz:   0% 3828 MHz:   0% 3888 MHz: .00% 3948 MHz: .43% 3996 MHz: 1.1% 4044 MHz: .84% 4104 MHz:   0% 4416 MHz: .01% 4512 MHz: .00%)
P0-Cluster idle residency:   5.24%
P0-Cluster down residency:  89.51%
CPU 4 frequency: 3211 MHz
CPU 4 active residency:   2.76% (1260 MHz: .56% 1512 MHz:   0% 1800 MHz: .01% 2088 MHz: .01% 2352 MHz:   0% 2616 MHz: .50% 2868 MHz: .35% 3096 MHz: .04% 3300 MHz:   0% 3468 MHz:   0% 3624 MHz:   0% 3756 MHz: .16% 3828 MHz: .01% 3888 MHz:   0% 3948 MHz:   0% 3996 MHz:   0% 4044 MHz:   0% 4104 MHz:   0% 4416 MHz:   0% 4512 MHz: 1.1%)
CPU 4 idle residency:   8.19%
CPU 4 down residency:  89.05%
CPU 5 frequency: 1552 MHz
CPU 5 active residency:   0.59% (1260 MHz: .50% 1512 MHz:   0% 1800 MHz: .02% 2088 MHz:   0% 2352 MHz:   0% 2616 MHz: .02% 2868 MHz:   0% 3096 MHz: .03% 3300 MHz:   0% 3468 MHz:   0% 3624 MHz:   0% 3756 MHz:   0% 3828 MHz:   0% 3888 MHz:   0% 3948 MHz:   0% 3996 MHz:   0% 4044 MHz:   0% 4104 MHz:   0% 4416 MHz:   0% 4512 MHz: .03%)
CPU 5 idle residency:  10.16%
CPU 5 down residency:  89.26%
CPU 6 frequency: 3273 MHz
CPU 6 active residency:   1.96% (1260 MHz: .55% 1512 MHz:   0% 1800 MHz: .01% 2088 MHz: .00% 2352 MHz:   0% 2616 MHz: .06% 2868 MHz: .08% 3096 MHz: .08% 3300 MHz:   0% 3468 MHz:   0% 3624 MHz:   0% 3756 MHz: .13% 3828 MHz: .21% 3888 MHz:   0% 3948 MHz:   0% 3996 MHz:   0% 4044 MHz:   0% 4104 MHz:   0% 4416 MHz:   0% 4512 MHz: .83%)
CPU 6 idle residency:   9.17%
CPU 6 down residency:  88.87%
CPU 7 frequency: 1415 MHz
CPU 7 active residency:   0.55% (1260 MHz: .49% 1512 MHz:   0% 1800 MHz: .00% 2088 MHz:   0% 2352 MHz:   0% 2616 MHz: .02% 2868 MHz:   0% 3096 MHz: .03% 3300 MHz:   0% 3468 MHz:   0% 3624 MHz:   0% 3756 MHz:   0% 3828 MHz:   0% 3888 MHz:   0% 3948 MHz:   0% 3996 MHz:   0% 4044 MHz:   0% 4104 MHz:   0% 4416 MHz:   0% 4512 MHz: .00%)
CPU 7 idle residency:  10.18%
CPU 7 down residency:  89.27%
CPU 8 frequency: 3689 MHz
CPU 8 active residency:   3.91% (1260 MHz: .55% 1512 MHz:   0% 1800 MHz: .01% 2088 MHz: .01% 2352 MHz:   0% 2616 MHz: .11% 2868 MHz: .64% 3096 MHz: .03% 3300 MHz:   0% 3468 MHz:   0% 3624 MHz:   0% 3756 MHz: .13% 3828 MHz: .00% 3888 MHz:   0% 3948 MHz:   0% 3996 MHz:   0% 4044 MHz:   0% 4104 MHz:   0% 4416 MHz:   0% 4512 MHz: 2.4%)
CPU 8 idle residency:   6.99%
CPU 8 down residency:  89.09%
CPU 9 frequency: 1416 MHz
CPU 9 active residency:   0.55% (1260 MHz: .50% 1512 MHz:   0% 1800 MHz:   0% 2088 MHz:   0% 2352 MHz:   0% 2616 MHz: .03% 2868 MHz:   0% 3096 MHz: .02% 3300 MHz:   0% 3468 MHz:   0% 3624 MHz:   0% 3756 MHz:   0% 3828 MHz:   0% 3888 MHz:   0% 3948 MHz:   0% 3996 MHz:   0% 4044 MHz:   0% 4104 MHz:   0% 4416 MHz:   0% 4512 MHz:   0%)
CPU 9 idle residency:  10.17%
CPU 9 down residency:  89.28%

P1-Cluster HW active frequency: 3333 MHz
P1-Cluster HW active residency:  97.17% (1260 MHz: .44% 1512 MHz: .00% 1800 MHz: .01% 2088 MHz: .03% 2352 MHz: .00% 2616 MHz: 1.1% 2868 MHz:  31% 3096 MHz:  26% 3300 MHz: 2.4% 3468 MHz: .39% 3624 MHz: .55% 3756 MHz:   0% 3828 MHz: .37% 3888 MHz: 5.3% 3948 MHz:  22% 3996 MHz: 3.9% 4044 MHz: 4.1% 4104 MHz:   0% 4416 MHz:   0% 4512 MHz:   0%)
P1-Cluster idle residency:   2.83%
P1-Cluster down residency:   0.00%
CPU 10 frequency: 3797 MHz
CPU 10 active residency:  37.97% (1260 MHz: .01% 1512 MHz:   0% 1800 MHz:   0% 2088 MHz:   0% 2352 MHz: .00% 2616 MHz: .14% 2868 MHz:  11% 3096 MHz: 5.1% 3300 MHz: .94% 3468 MHz: .02% 3624 MHz: .53% 3756 MHz:   0% 3828 MHz: .35% 3888 MHz:   0% 3948 MHz: .11% 3996 MHz:   0% 4044 MHz:   0% 4104 MHz: .22% 4416 MHz: .45% 4512 MHz:  19%)
CPU 10 idle residency:  62.03%
CPU 10 down residency:   0.00%
CPU 11 frequency: 4136 MHz
CPU 11 active residency:  17.15% (1260 MHz:   0% 1512 MHz:   0% 1800 MHz: .00% 2088 MHz:   0% 2352 MHz:   0% 2616 MHz:   0% 2868 MHz: 1.6% 3096 MHz: 2.2% 3300 MHz: .31% 3468 MHz: .00% 3624 MHz: .24% 3756 MHz:   0% 3828 MHz: .05% 3888 MHz:   0% 3948 MHz:   0% 3996 MHz:   0% 4044 MHz:   0% 4104 MHz: .08% 4416 MHz: .38% 4512 MHz:  12%)
CPU 11 idle residency:  82.85%
CPU 11 down residency:   0.00%
CPU 12 frequency: 3442 MHz
CPU 12 active residency:  64.73% (1260 MHz: .07% 1512 MHz: .00% 1800 MHz: .00% 2088 MHz: .01% 2352 MHz: .00% 2616 MHz: .96% 2868 MHz:  22% 3096 MHz:  19% 3300 MHz: 1.9% 3468 MHz: .22% 3624 MHz: .38% 3756 MHz:   0% 3828 MHz: .08% 3888 MHz:   0% 3948 MHz: .25% 3996 MHz:   0% 4044 MHz:   0% 4104 MHz: .37% 4416 MHz: .38% 4512 MHz:  19%)
CPU 12 idle residency:  35.27%
CPU 12 down residency:   0.00%
CPU 13 frequency: 3473 MHz
CPU 13 active residency:  68.91% (1260 MHz: .08% 1512 MHz: .00% 1800 MHz: .01% 2088 MHz: .01% 2352 MHz: .00% 2616 MHz: .90% 2868 MHz:  23% 3096 MHz:  20% 3300 MHz: 2.0% 3468 MHz: .39% 3624 MHz: .52% 3756 MHz:   0% 3828 MHz: .37% 3888 MHz:   0% 3948 MHz: .39% 3996 MHz:   0% 4044 MHz:   0% 4104 MHz: .39% 4416 MHz: .46% 4512 MHz:  21%)
CPU 13 idle residency:  31.09%
CPU 13 down residency:   0.00%
CPU 14 frequency: 3458 MHz
CPU 14 active residency:  62.92% (1260 MHz: .06% 1512 MHz: .00% 1800 MHz: .00% 2088 MHz: .02% 2352 MHz:   0% 2616 MHz: .95% 2868 MHz:  22% 3096 MHz:  18% 3300 MHz: 1.8% 3468 MHz: .09% 3624 MHz: .49% 3756 MHz:   0% 3828 MHz: .33% 3888 MHz:   0% 3948 MHz: .30% 3996 MHz:   0% 4044 MHz:   0% 4104 MHz: .36% 4416 MHz: .64% 4512 MHz:  18%)
CPU 14 idle residency:  37.08%
CPU 14 down residency:   0.00%
CPU 15 frequency: 4080 MHz
CPU 15 active residency:  31.96% (1260 MHz: .01% 1512 MHz:   0% 1800 MHz:   0% 2088 MHz: .02% 2352 MHz:   0% 2616 MHz: .16% 2868 MHz: 4.9% 3096 MHz: 3.1% 3300 MHz: .08% 3468 MHz: .02% 3624 MHz: .50% 3756 MHz:   0% 3828 MHz: .33% 3888 MHz:   0% 3948 MHz: .14% 3996 MHz:   0% 4044 MHz:   0% 4104 MHz: .05% 4416 MHz: .38% 4512 MHz:  22%)
CPU 15 idle residency:  68.04%
CPU 15 down residency:   0.00%

CPU Power: 4539 mW
GPU Power: 32675 mW
ANE Power: 0 mW
Combined Power (CPU + GPU + ANE): 37214 mW

**** GPU usage ****

GPU HW active frequency: 1578 MHz
GPU HW active residency: 100.00% (338 MHz:   0% 618 MHz:   0% 796 MHz:   0% 924 MHz:   0% 952 MHz:   0% 1056 MHz:   0% 1062 MHz:   0% 1182 MHz:   0% 1182 MHz:   0% 1312 MHz:   0% 1242 MHz:   0% 1380 MHz:   0% 1326 MHz:   0% 1470 MHz:   0% 1578 MHz: 100%)
GPU SW requested state: (P1 :   0% P2 :   0% P3 :   0% P4 :   0% P5 :   0% P6 :   0% P7 :   0% P8 :   0% P9 :   0% P10 : 100% P11 :   0% P12 :   0% P13 :   0% P14 :   0% P15 :   0%)
GPU SW state: (SW_P1 :   0% SW_P2 :   0% SW_P3 :   0% SW_P4 :   0% SW_P5 :   0% SW_P6 :   0% SW_P7 :   0% SW_P8 :   0% SW_P9 :   0% SW_P10 : 100% SW_P11 :   0% SW_P12 :   0% SW_P13 :   0% SW_P14 :   0% SW_P15 :   0%)
GPU idle residency:   0.00%
GPU Power: 32942 mW



*** Sampled system activity (Tue Jan 20 15:16:06 2026 +0100) (1020.85ms elapsed) ***


**** Processor usage ****

E-Cluster Online: 100%
E-Cluster HW active frequency: 1397 MHz
E-Cluster HW active residency:  60.18% (1020 MHz:  35% 1404 MHz: 8.5% 1788 MHz: 6.6% 2112 MHz: 1.6% 2352 MHz: 1.6% 2532 MHz: 1.8% 2592 MHz: 4.9%)
E-Cluster idle residency:  39.82%
E-Cluster down residency:   0.00%
CPU 0 frequency: 1389 MHz
CPU 0 active residency:  31.39% (1020 MHz:  18% 1404 MHz: 4.5% 1788 MHz: 3.5% 2112 MHz: .60% 2352 MHz: .71% 2532 MHz: 1.1% 2592 MHz: 2.5%)
CPU 0 idle residency:  68.61%
CPU 0 down residency:   0.00%
CPU 1 frequency: 1438 MHz
CPU 1 active residency:  18.61% (1020 MHz:  10% 1404 MHz: 2.6% 1788 MHz: 2.2% 2112 MHz: .30% 2352 MHz: .78% 2532 MHz: .86% 2592 MHz: 1.5%)
CPU 1 idle residency:  81.39%
CPU 1 down residency:   0.00%
CPU 2 frequency: 1460 MHz
CPU 2 active residency:   9.93% (1020 MHz: 5.5% 1404 MHz: 1.0% 1788 MHz: 1.5% 2112 MHz: .10% 2352 MHz: .52% 2532 MHz: .55% 2592 MHz: .77%)
CPU 2 idle residency:  90.07%
CPU 2 down residency:   0.00%
CPU 3 frequency: 1467 MHz
CPU 3 active residency:   9.14% (1020 MHz: 4.5% 1404 MHz: 1.4% 1788 MHz: 1.7% 2112 MHz: .18% 2352 MHz: .29% 2532 MHz: .35% 2592 MHz: .71%)
CPU 3 idle residency:  90.86%
CPU 3 down residency:   0.00%

P0-Cluster Online: 14%
P0-Cluster HW active frequency: 1626 MHz
P0-Cluster HW active residency:   4.93% (1260 MHz: 3.8% 1512 MHz:   0% 1800 MHz: .28% 2088 MHz: .18% 2352 MHz: .04% 2616 MHz: .08% 2868 MHz:   0% 3096 MHz: .08% 3300 MHz:   0% 3468 MHz:   0% 3624 MHz:   0% 3756 MHz:   0% 3828 MHz:   0% 3888 MHz:   0% 3948 MHz:   0% 3996 MHz:   0% 4044 MHz: .43% 4104 MHz:   0% 4416 MHz:   0% 4512 MHz:   0%)
P0-Cluster idle residency:   8.85%
P0-Cluster down residency:  86.22%
CPU 4 frequency: 0 MHz
CPU 4 active residency:   0.00% (1260 MHz:   0% 1512 MHz:   0% 1800 MHz:   0% 2088 MHz:   0% 2352 MHz:   0% 2616 MHz:   0% 2868 MHz:   0% 3096 MHz:   0% 3300 MHz:   0% 3468 MHz:   0% 3624 MHz:   0% 3756 MHz:   0% 3828 MHz:   0% 3888 MHz:   0% 3948 MHz:   0% 3996 MHz:   0% 4044 MHz:   0% 4104 MHz:   0% 4416 MHz:   0% 4512 MHz:   0%)
CPU 4 idle residency:  13.45%
CPU 4 down residency:  86.55%
CPU 5 frequency: 0 MHz
CPU 5 active residency:   0.00% (1260 MHz:   0% 1512 MHz:   0% 1800 MHz:   0% 2088 MHz:   0% 2352 MHz:   0% 2616 MHz:   0% 2868 MHz:   0% 3096 MHz:   0% 3300 MHz:   0% 3468 MHz:   0% 3624 MHz:   0% 3756 MHz:   0% 3828 MHz:   0% 3888 MHz:   0% 3948 MHz:   0% 3996 MHz:   0% 4044 MHz:   0% 4104 MHz:   0% 4416 MHz:   0% 4512 MHz:   0%)
CPU 5 idle residency:  13.46%
CPU 5 down residency:  86.54%
CPU 6 frequency: 0 MHz
CPU 6 active residency:   0.00% (1260 MHz:   0% 1512 MHz:   0% 1800 MHz:   0% 2088 MHz:   0% 2352 MHz:   0% 2616 MHz:   0% 2868 MHz:   0% 3096 MHz:   0% 3300 MHz:   0% 3468 MHz:   0% 3624 MHz:   0% 3756 MHz:   0% 3828 MHz:   0% 3888 MHz:   0% 3948 MHz:   0% 3996 MHz:   0% 4044 MHz:   0% 4104 MHz:   0% 4416 MHz:   0% 4512 MHz:   0%)
CPU 6 idle residency:  13.45%
CPU 6 down residency:  86.55%
CPU 7 frequency: 0 MHz
CPU 7 active residency:   0.00% (1260 MHz:   0% 1512 MHz:   0% 1800 MHz:   0% 2088 MHz:   0% 2352 MHz:   0% 2616 MHz:   0% 2868 MHz:   0% 3096 MHz:   0% 3300 MHz:   0% 3468 MHz:   0% 3624 MHz:   0% 3756 MHz:   0% 3828 MHz:   0% 3888 MHz:   0% 3948 MHz:   0% 3996 MHz:   0% 4044 MHz:   0% 4104 MHz:   0% 4416 MHz:   0% 4512 MHz:   0%)
CPU 7 idle residency:  13.47%
CPU 7 down residency:  86.53%
CPU 8 frequency: 4512 MHz
CPU 8 active residency:   0.34% (1260 MHz:   0% 1512 MHz:   0% 1800 MHz:   0% 2088 MHz:   0% 2352 MHz:   0% 2616 MHz:   0% 2868 MHz:   0% 3096 MHz:   0% 3300 MHz:   0% 3468 MHz:   0% 3624 MHz:   0% 3756 MHz:   0% 3828 MHz:   0% 3888 MHz:   0% 3948 MHz:   0% 3996 MHz:   0% 4044 MHz:   0% 4104 MHz:   0% 4416 MHz:   0% 4512 MHz: .34%)
CPU 8 idle residency:  13.12%
CPU 8 down residency:  86.54%
CPU 9 frequency: 0 MHz
CPU 9 active residency:   0.00% (1260 MHz:   0% 1512 MHz:   0% 1800 MHz:   0% 2088 MHz:   0% 2352 MHz:   0% 2616 MHz:   0% 2868 MHz:   0% 3096 MHz:   0% 3300 MHz:   0% 3468 MHz:   0% 3624 MHz:   0% 3756 MHz:   0% 3828 MHz:   0% 3888 MHz:   0% 3948 MHz:   0% 3996 MHz:   0% 4044 MHz:   0% 4104 MHz:   0% 4416 MHz:   0% 4512 MHz:   0%)
CPU 9 idle residency:  13.47%
CPU 9 down residency:  86.53%

P1-Cluster HW active frequency: 3452 MHz
P1-Cluster HW active residency:  96.70% (1260 MHz: .55% 1512 MHz: .00% 1800 MHz: .03% 2088 MHz:   0% 2352 MHz:   0% 2616 MHz: .01% 2868 MHz: 7.0% 3096 MHz:  33% 3300 MHz:  12% 3468 MHz: 5.2% 3624 MHz: .93% 3756 MHz:   0% 3828 MHz: .38% 3888 MHz: 4.2% 3948 MHz:  24% 3996 MHz: 4.0% 4044 MHz: 4.8% 4104 MHz:   0% 4416 MHz:   0% 4512 MHz:   0%)
P1-Cluster idle residency:   3.30%
P1-Cluster down residency:   0.00%
CPU 10 frequency: 3923 MHz
CPU 10 active residency:  31.67% (1260 MHz: .00% 1512 MHz:   0% 1800 MHz: .00% 2088 MHz:   0% 2352 MHz:   0% 2616 MHz:   0% 2868 MHz: .69% 3096 MHz: 8.3% 3300 MHz: 3.1% 3468 MHz: .95% 3624 MHz: .67% 3756 MHz:   0% 3828 MHz: .37% 3888 MHz:   0% 3948 MHz: .33% 3996 MHz:   0% 4044 MHz:   0% 4104 MHz: .02% 4416 MHz: .02% 4512 MHz:  17%)
CPU 10 idle residency:  68.33%
CPU 10 down residency:   0.00%
CPU 11 frequency: 4155 MHz
CPU 11 active residency:  29.10% (1260 MHz: .03% 1512 MHz:   0% 1800 MHz: .00% 2088 MHz:   0% 2352 MHz:   0% 2616 MHz:   0% 2868 MHz: .13% 3096 MHz: 5.0% 3300 MHz: 1.2% 3468 MHz: .60% 3624 MHz: .38% 3756 MHz:   0% 3828 MHz: .35% 3888 MHz:   0% 3948 MHz: .30% 3996 MHz:   0% 4044 MHz:   0% 4104 MHz: .19% 4416 MHz: .02% 4512 MHz:  21%)
CPU 11 idle residency:  70.90%
CPU 11 down residency:   0.00%
CPU 12 frequency: 3652 MHz
CPU 12 active residency:  70.88% (1260 MHz: .08% 1512 MHz: .00% 1800 MHz: .03% 2088 MHz:   0% 2352 MHz:   0% 2616 MHz: .00% 2868 MHz: 5.2% 3096 MHz:  27% 3300 MHz: 8.4% 3468 MHz: 3.1% 3624 MHz: .70% 3756 MHz:   0% 3828 MHz: .15% 3888 MHz:   0% 3948 MHz: .03% 3996 MHz:   0% 4044 MHz:   0% 4104 MHz: .03% 4416 MHz: .24% 4512 MHz:  26%)
CPU 12 idle residency:  29.12%
CPU 12 down residency:   0.00%
CPU 13 frequency: 4256 MHz
CPU 13 active residency:  17.89% (1260 MHz: .00% 1512 MHz:   0% 1800 MHz: .00% 2088 MHz:   0% 2352 MHz:   0% 2616 MHz:   0% 2868 MHz: 1.1% 3096 MHz: .98% 3300 MHz: .89% 3468 MHz: .05% 3624 MHz: .05% 3756 MHz:   0% 3828 MHz: .08% 3888 MHz:   0% 3948 MHz: .00% 3996 MHz:   0% 4044 MHz:   0% 4104 MHz: .05% 4416 MHz: .23% 4512 MHz:  14%)
CPU 13 idle residency:  82.11%
CPU 13 down residency:   0.00%
CPU 14 frequency: 3606 MHz
CPU 14 active residency:  62.38% (1260 MHz: .10% 1512 MHz: .00% 1800 MHz: .02% 2088 MHz:   0% 2352 MHz:   0% 2616 MHz:   0% 2868 MHz: 4.6% 3096 MHz:  24% 3300 MHz: 8.0% 3468 MHz: 3.6% 3624 MHz: .43% 3756 MHz:   0% 3828 MHz: .20% 3888 MHz:   0% 3948 MHz: .29% 3996 MHz:   0% 4044 MHz:   0% 4104 MHz: .04% 4416 MHz: .26% 4512 MHz:  21%)
CPU 14 idle residency:  37.62%
CPU 14 down residency:   0.00%
CPU 15 frequency: 3548 MHz
CPU 15 active residency:  57.51% (1260 MHz: .05% 1512 MHz:   0% 1800 MHz: .01% 2088 MHz:   0% 2352 MHz:   0% 2616 MHz: .01% 2868 MHz: 5.0% 3096 MHz:  23% 3300 MHz: 8.6% 3468 MHz: 3.2% 3624 MHz: .61% 3756 MHz:   0% 3828 MHz: .38% 3888 MHz:   0% 3948 MHz: .39% 3996 MHz:   0% 4044 MHz:   0% 4104 MHz: .39% 4416 MHz: .38% 4512 MHz:  16%)
CPU 15 idle residency:  42.49%
CPU 15 down residency:   0.00%

CPU Power: 4233 mW
GPU Power: 32560 mW
ANE Power: 0 mW
Combined Power (CPU + GPU + ANE): 36793 mW

**** GPU usage ****

GPU HW active frequency: 1578 MHz
GPU HW active residency: 100.00% (338 MHz:   0% 618 MHz:   0% 796 MHz:   0% 924 MHz:   0% 952 MHz:   0% 1056 MHz:   0% 1062 MHz:   0% 1182 MHz:   0% 1182 MHz:   0% 1312 MHz:   0% 1242 MHz:   0% 1380 MHz:   0% 1326 MHz:   0% 1470 MHz:   0% 1578 MHz: 100%)
GPU SW requested state: (P1 :   0% P2 :   0% P3 :   0% P4 :   0% P5 :   0% P6 :   0% P7 :   0% P8 :   0% P9 :   0% P10 : 100% P11 :   0% P12 :   0% P13 :   0% P14 :   0% P15 :   0%)
GPU SW state: (SW_P1 :   0% SW_P2 :   0% SW_P3 :   0% SW_P4 :   0% SW_P5 :   0% SW_P6 :   0% SW_P7 :   0% SW_P8 :   0% SW_P9 :   0% SW_P10 : 100% SW_P11 :   0% SW_P12 :   0% SW_P13 :   0% SW_P14 :   0% SW_P15 :   0%)
GPU idle residency:   0.00%
GPU Power: 32562 mW



*** Sampled system activity (Tue Jan 20 15:16:07 2026 +0100) (1019.71ms elapsed) ***


**** Processor usage ****

E-Cluster Online: 100%
E-Cluster HW active frequency: 1388 MHz
E-Cluster HW active residency:  58.74% (1020 MHz:  36% 1404 MHz: 6.2% 1788 MHz: 6.8% 2112 MHz: 2.6% 2352 MHz: .91% 2532 MHz: 2.0% 2592 MHz: 4.4%)
E-Cluster idle residency:  41.26%
E-Cluster down residency:   0.00%
CPU 0 frequency: 1372 MHz
CPU 0 active residency:  29.82% (1020 MHz:  18% 1404 MHz: 3.6% 1788 MHz: 3.7% 2112 MHz: 1.0% 2352 MHz: .46% 2532 MHz: .95% 2592 MHz: 2.0%)
CPU 0 idle residency:  70.18%
CPU 0 down residency:   0.00%
CPU 1 frequency: 1443 MHz
CPU 1 active residency:  16.24% (1020 MHz: 8.9% 1404 MHz: 2.1% 1788 MHz: 2.2% 2112 MHz: .70% 2352 MHz: .24% 2532 MHz: .94% 2592 MHz: 1.2%)
CPU 1 idle residency:  83.76%
CPU 1 down residency:   0.00%
CPU 2 frequency: 1509 MHz
CPU 2 active residency:  10.36% (1020 MHz: 5.4% 1404 MHz: .97% 1788 MHz: 1.6% 2112 MHz: .41% 2352 MHz: .23% 2532 MHz: .56% 2592 MHz: 1.2%)
CPU 2 idle residency:  89.64%
CPU 2 down residency:   0.00%
CPU 3 frequency: 1389 MHz
CPU 3 active residency:   6.65% (1020 MHz: 3.9% 1404 MHz: .76% 1788 MHz: 1.1% 2112 MHz: .14% 2352 MHz: .14% 2532 MHz: .22% 2592 MHz: .41%)
CPU 3 idle residency:  93.35%
CPU 3 down residency:   0.00%

P0-Cluster Online: 35%
P0-Cluster HW active frequency: 3820 MHz
P0-Cluster HW active residency:  29.59% (1260 MHz: 1.3% 1512 MHz:   0% 1800 MHz:   0% 2088 MHz:   0% 2352 MHz:   0% 2616 MHz: .01% 2868 MHz: .06% 3096 MHz: .06% 3300 MHz: .22% 3468 MHz: .19% 3624 MHz: .11% 3756 MHz: .03% 3828 MHz:   0% 3888 MHz: 5.0% 3948 MHz:  16% 3996 MHz: 3.1% 4044 MHz: 3.7% 4104 MHz:   0% 4416 MHz:   0% 4512 MHz:   0%)
P0-Cluster idle residency:   3.16%
P0-Cluster down residency:  67.25%
CPU 4 frequency: 4394 MHz
CPU 4 active residency:  16.79% (1260 MHz: .32% 1512 MHz:   0% 1800 MHz: .01% 2088 MHz: .03% 2352 MHz: .03% 2616 MHz: .01% 2868 MHz:   0% 3096 MHz: .04% 3300 MHz: .18% 3468 MHz: .19% 3624 MHz: .11% 3756 MHz: .03% 3828 MHz:   0% 3888 MHz:   0% 3948 MHz:   0% 3996 MHz:   0% 4044 MHz:   0% 4104 MHz: .38% 4416 MHz: .12% 4512 MHz:  15%)
CPU 4 idle residency:  16.14%
CPU 4 down residency:  67.07%
CPU 5 frequency: 4412 MHz
CPU 5 active residency:  16.47% (1260 MHz: .33% 1512 MHz:   0% 1800 MHz: .00% 2088 MHz: .03% 2352 MHz: .00% 2616 MHz:   0% 2868 MHz:   0% 3096 MHz: .03% 3300 MHz: .14% 3468 MHz: .19% 3624 MHz: .00% 3756 MHz: .03% 3828 MHz:   0% 3888 MHz:   0% 3948 MHz:   0% 3996 MHz:   0% 4044 MHz:   0% 4104 MHz: .12% 4416 MHz: .10% 4512 MHz:  15%)
CPU 5 idle residency:  16.46%
CPU 5 down residency:  67.07%
CPU 6 frequency: 4399 MHz
CPU 6 active residency:  17.78% (1260 MHz: .34% 1512 MHz:   0% 1800 MHz: .01% 2088 MHz: .03% 2352 MHz: .00% 2616 MHz: .01% 2868 MHz:   0% 3096 MHz: .04% 3300 MHz: .16% 3468 MHz: .19% 3624 MHz: .11% 3756 MHz: .03% 3828 MHz:   0% 3888 MHz:   0% 3948 MHz:   0% 3996 MHz:   0% 4044 MHz:   0% 4104 MHz: .38% 4416 MHz: .39% 4512 MHz:  16%)
CPU 6 idle residency:  15.15%
CPU 6 down residency:  67.06%
CPU 7 frequency: 4420 MHz
CPU 7 active residency:  14.57% (1260 MHz: .34% 1512 MHz:   0% 1800 MHz:   0% 2088 MHz: .03% 2352 MHz: .00% 2616 MHz:   0% 2868 MHz: .03% 3096 MHz: .02% 3300 MHz:   0% 3468 MHz: .05% 3624 MHz: .00% 3756 MHz: .03% 3828 MHz:   0% 3888 MHz:   0% 3948 MHz:   0% 3996 MHz:   0% 4044 MHz:   0% 4104 MHz: .03% 4416 MHz:   0% 4512 MHz:  14%)
CPU 7 idle residency:  18.35%
CPU 7 down residency:  67.07%
CPU 8 frequency: 4432 MHz
CPU 8 active residency:  21.46% (1260 MHz: .34% 1512 MHz:   0% 1800 MHz: .01% 2088 MHz: .03% 2352 MHz: .00% 2616 MHz: .00% 2868 MHz:   0% 3096 MHz: .04% 3300 MHz: .16% 3468 MHz: .19% 3624 MHz: .01% 3756 MHz: .03% 3828 MHz:   0% 3888 MHz:   0% 3948 MHz:   0% 3996 MHz:   0% 4044 MHz:   0% 4104 MHz: .06% 4416 MHz: .05% 4512 MHz:  21%)
CPU 8 idle residency:  11.48%
CPU 8 down residency:  67.06%
CPU 9 frequency: 4362 MHz
CPU 9 active residency:   8.85% (1260 MHz: .34% 1512 MHz:   0% 1800 MHz:   0% 2088 MHz: .03% 2352 MHz: .00% 2616 MHz:   0% 2868 MHz:   0% 3096 MHz: .02% 3300 MHz: .02% 3468 MHz:   0% 3624 MHz: .00% 3756 MHz: .04% 3828 MHz:   0% 3888 MHz:   0% 3948 MHz:   0% 3996 MHz:   0% 4044 MHz:   0% 4104 MHz: .18% 4416 MHz:   0% 4512 MHz: 8.2%)
CPU 9 idle residency:  24.07%
CPU 9 down residency:  67.07%

P1-Cluster HW active frequency: 2922 MHz
P1-Cluster HW active residency:  69.51% (1260 MHz: 1.1% 1512 MHz: .02% 1800 MHz:   0% 2088 MHz: .04% 2352 MHz: 1.4% 2616 MHz:  21% 2868 MHz:  32% 3096 MHz: 1.1% 3300 MHz: .74% 3468 MHz: 2.3% 3624 MHz: .44% 3756 MHz: .38% 3828 MHz:   0% 3888 MHz: .47% 3948 MHz: 5.1% 3996 MHz: 1.2% 4044 MHz: 1.4% 4104 MHz:   0% 4416 MHz:   0% 4512 MHz:   0%)
P1-Cluster idle residency:   5.65%
P1-Cluster down residency:  24.84%
CPU 10 frequency: 3794 MHz
CPU 10 active residency:  13.85% (1260 MHz: .01% 1512 MHz:   0% 1800 MHz:   0% 2088 MHz:   0% 2352 MHz: .20% 2616 MHz: 3.0% 2868 MHz: 2.3% 3096 MHz:   0% 3300 MHz:   0% 3468 MHz:   0% 3624 MHz:   0% 3756 MHz:   0% 3828 MHz:   0% 3888 MHz:   0% 3948 MHz:   0% 3996 MHz:   0% 4044 MHz:   0% 4104 MHz:   0% 4416 MHz:   0% 4512 MHz: 8.3%)
CPU 10 idle residency:  59.15%
CPU 10 down residency:  27.00%
CPU 11 frequency: 2945 MHz
CPU 11 active residency:  46.05% (1260 MHz: .11% 1512 MHz:   0% 1800 MHz:   0% 2088 MHz:   0% 2352 MHz: 1.0% 2616 MHz:  18% 2868 MHz:  21% 3096 MHz:   0% 3300 MHz:   0% 3468 MHz:   0% 3624 MHz:   0% 3756 MHz:   0% 3828 MHz:   0% 3888 MHz:   0% 3948 MHz:   0% 3996 MHz:   0% 4044 MHz:   0% 4104 MHz:   0% 4416 MHz:   0% 4512 MHz: 5.4%)
CPU 11 idle residency:  26.31%
CPU 11 down residency:  27.64%
CPU 12 frequency: 3079 MHz
CPU 12 active residency:   2.31% (1260 MHz:   0% 1512 MHz:   0% 1800 MHz:   0% 2088 MHz:   0% 2352 MHz: .01% 2616 MHz: 1.2% 2868 MHz: .61% 3096 MHz:   0% 3300 MHz:   0% 3468 MHz:   0% 3624 MHz:   0% 3756 MHz:   0% 3828 MHz:   0% 3888 MHz:   0% 3948 MHz:   0% 3996 MHz:   0% 4044 MHz:   0% 4104 MHz:   0% 4416 MHz:   0% 4512 MHz: .48%)
CPU 12 idle residency:  71.38%
CPU 12 down residency:  26.32%
CPU 13 frequency: 2963 MHz
CPU 13 active residency:  43.71% (1260 MHz: .07% 1512 MHz:   0% 1800 MHz:   0% 2088 MHz:   0% 2352 MHz: 1.1% 2616 MHz:  16% 2868 MHz:  21% 3096 MHz:   0% 3300 MHz:   0% 3468 MHz:   0% 3624 MHz:   0% 3756 MHz:   0% 3828 MHz:   0% 3888 MHz:   0% 3948 MHz:   0% 3996 MHz:   0% 4044 MHz:   0% 4104 MHz:   0% 4416 MHz:   0% 4512 MHz: 5.4%)
CPU 13 idle residency:  28.44%
CPU 13 down residency:  27.85%
CPU 14 frequency: 2948 MHz
CPU 14 active residency:  41.07% (1260 MHz: .10% 1512 MHz:   0% 1800 MHz:   0% 2088 MHz:   0% 2352 MHz: 1.2% 2616 MHz:  17% 2868 MHz:  18% 3096 MHz:   0% 3300 MHz:   0% 3468 MHz:   0% 3624 MHz:   0% 3756 MHz:   0% 3828 MHz:   0% 3888 MHz:   0% 3948 MHz:   0% 3996 MHz:   0% 4044 MHz:   0% 4104 MHz:   0% 4416 MHz:   0% 4512 MHz: 5.0%)
CPU 14 idle residency:  30.88%
CPU 14 down residency:  28.05%
CPU 15 frequency: 2975 MHz
CPU 15 active residency:   2.70% (1260 MHz: .00% 1512 MHz:   0% 1800 MHz:   0% 2088 MHz:   0% 2352 MHz:   0% 2616 MHz: .22% 2868 MHz: 2.3% 3096 MHz:   0% 3300 MHz:   0% 3468 MHz:   0% 3624 MHz:   0% 3756 MHz:   0% 3828 MHz:   0% 3888 MHz:   0% 3948 MHz:   0% 3996 MHz:   0% 4044 MHz:   0% 4104 MHz:   0% 4416 MHz:   0% 4512 MHz: .21%)
CPU 15 idle residency:  71.37%
CPU 15 down residency:  25.93%

CPU Power: 4335 mW
GPU Power: 32841 mW
ANE Power: 0 mW
Combined Power (CPU + GPU + ANE): 37175 mW

**** GPU usage ****

GPU HW active frequency: 1578 MHz
GPU HW active residency: 100.00% (338 MHz:   0% 618 MHz:   0% 796 MHz:   0% 924 MHz:   0% 952 MHz:   0% 1056 MHz:   0% 1062 MHz:   0% 1182 MHz:   0% 1182 MHz:   0% 1312 MHz:   0% 1242 MHz:   0% 1380 MHz:   0% 1326 MHz:   0% 1470 MHz:   0% 1578 MHz: 100%)
GPU SW requested state: (P1 :   0% P2 :   0% P3 :   0% P4 :   0% P5 :   0% P6 :   0% P7 :   0% P8 :   0% P9 :   0% P10 : 100% P11 :   0% P12 :   0% P13 :   0% P14 :   0% P15 :   0%)
GPU SW state: (SW_P1 :   0% SW_P2 :   0% SW_P3 :   0% SW_P4 :   0% SW_P5 :   0% SW_P6 :   0% SW_P7 :   0% SW_P8 :   0% SW_P9 :   0% SW_P10 : 100% SW_P11 :   0% SW_P12 :   0% SW_P13 :   0% SW_P14 :   0% SW_P15 :   0%)
GPU idle residency:   0.00%
GPU Power: 32840 mW



*** Sampled system activity (Tue Jan 20 15:16:08 2026 +0100) (1021.71ms elapsed) ***


**** Processor usage ****

E-Cluster Online: 100%
E-Cluster HW active frequency: 1373 MHz
E-Cluster HW active residency:  61.53% (1020 MHz:  35% 1404 MHz:  12% 1788 MHz: 6.7% 2112 MHz: 1.9% 2352 MHz: 1.8% 2532 MHz: 1.8% 2592 MHz: 3.1%)
E-Cluster idle residency:  38.47%
E-Cluster down residency:   0.00%
CPU 0 frequency: 1346 MHz
CPU 0 active residency:  30.12% (1020 MHz:  18% 1404 MHz: 5.5% 1788 MHz: 3.3% 2112 MHz: .70% 2352 MHz: .69% 2532 MHz: .77% 2592 MHz: 1.5%)
CPU 0 idle residency:  69.88%
CPU 0 down residency:   0.00%
CPU 1 frequency: 1436 MHz
CPU 1 active residency:  19.87% (1020 MHz:  10% 1404 MHz: 3.8% 1788 MHz: 2.0% 2112 MHz: .85% 2352 MHz: .90% 2532 MHz: 1.2% 2592 MHz: .86%)
CPU 1 idle residency:  80.13%
CPU 1 down residency:   0.00%
CPU 2 frequency: 1349 MHz
CPU 2 active residency:  11.66% (1020 MHz: 6.7% 1404 MHz: 2.0% 1788 MHz: 1.6% 2112 MHz: .31% 2352 MHz: .44% 2532 MHz: .18% 2592 MHz: .39%)
CPU 2 idle residency:  88.34%
CPU 2 down residency:   0.00%
CPU 3 frequency: 1377 MHz
CPU 3 active residency:   8.64% (1020 MHz: 5.1% 1404 MHz: .96% 1788 MHz: 1.3% 2112 MHz: .35% 2352 MHz: .43% 2532 MHz: .19% 2592 MHz: .31%)
CPU 3 idle residency:  91.36%
CPU 3 down residency:   0.00%

P0-Cluster Online: 32%
P0-Cluster HW active frequency: 2875 MHz
P0-Cluster HW active residency:  22.92% (1260 MHz: 2.5% 1512 MHz: .24% 1800 MHz: .12% 2088 MHz:   0% 2352 MHz:   0% 2616 MHz:  12% 2868 MHz: .06% 3096 MHz: .64% 3300 MHz: .59% 3468 MHz: .47% 3624 MHz: .28% 3756 MHz: .31% 3828 MHz:   0% 3888 MHz: .82% 3948 MHz: 3.7% 3996 MHz: .60% 4044 MHz: .77% 4104 MHz:   0% 4416 MHz:   0% 4512 MHz:   0%)
P0-Cluster idle residency:   8.72%
P0-Cluster down residency:  68.36%
CPU 4 frequency: 4512 MHz
CPU 4 active residency:   4.53% (1260 MHz:   0% 1512 MHz:   0% 1800 MHz:   0% 2088 MHz:   0% 2352 MHz:   0% 2616 MHz:   0% 2868 MHz:   0% 3096 MHz:   0% 3300 MHz:   0% 3468 MHz:   0% 3624 MHz:   0% 3756 MHz:   0% 3828 MHz:   0% 3888 MHz:   0% 3948 MHz:   0% 3996 MHz:   0% 4044 MHz:   0% 4104 MHz:   0% 4416 MHz:   0% 4512 MHz: 4.5%)
CPU 4 idle residency:  23.13%
CPU 4 down residency:  72.34%
CPU 5 frequency: 4512 MHz
CPU 5 active residency:   3.17% (1260 MHz:   0% 1512 MHz:   0% 1800 MHz:   0% 2088 MHz:   0% 2352 MHz:   0% 2616 MHz:   0% 2868 MHz:   0% 3096 MHz:   0% 3300 MHz:   0% 3468 MHz:   0% 3624 MHz:   0% 3756 MHz:   0% 3828 MHz:   0% 3888 MHz:   0% 3948 MHz:   0% 3996 MHz:   0% 4044 MHz:   0% 4104 MHz:   0% 4416 MHz:   0% 4512 MHz: 3.2%)
CPU 5 idle residency:  21.51%
CPU 5 down residency:  75.32%
CPU 6 frequency: 4512 MHz
CPU 6 active residency:   0.12% (1260 MHz:   0% 1512 MHz:   0% 1800 MHz:   0% 2088 MHz:   0% 2352 MHz:   0% 2616 MHz:   0% 2868 MHz:   0% 3096 MHz:   0% 3300 MHz:   0% 3468 MHz:   0% 3624 MHz:   0% 3756 MHz:   0% 3828 MHz:   0% 3888 MHz:   0% 3948 MHz:   0% 3996 MHz:   0% 4044 MHz:   0% 4104 MHz:   0% 4416 MHz:   0% 4512 MHz: .12%)
CPU 6 idle residency:  31.08%
CPU 6 down residency:  68.80%
CPU 7 frequency: 4512 MHz
CPU 7 active residency:   4.22% (1260 MHz:   0% 1512 MHz:   0% 1800 MHz:   0% 2088 MHz:   0% 2352 MHz:   0% 2616 MHz:   0% 2868 MHz:   0% 3096 MHz:   0% 3300 MHz:   0% 3468 MHz:   0% 3624 MHz:   0% 3756 MHz:   0% 3828 MHz:   0% 3888 MHz:   0% 3948 MHz:   0% 3996 MHz:   0% 4044 MHz:   0% 4104 MHz:   0% 4416 MHz:   0% 4512 MHz: 4.2%)
CPU 7 idle residency:  20.57%
CPU 7 down residency:  75.21%
CPU 8 frequency: 4512 MHz
CPU 8 active residency:   3.45% (1260 MHz:   0% 1512 MHz:   0% 1800 MHz:   0% 2088 MHz:   0% 2352 MHz:   0% 2616 MHz:   0% 2868 MHz:   0% 3096 MHz:   0% 3300 MHz:   0% 3468 MHz:   0% 3624 MHz:   0% 3756 MHz:   0% 3828 MHz:   0% 3888 MHz:   0% 3948 MHz:   0% 3996 MHz:   0% 4044 MHz:   0% 4104 MHz:   0% 4416 MHz:   0% 4512 MHz: 3.4%)
CPU 8 idle residency:  27.97%
CPU 8 down residency:  68.59%
CPU 9 frequency: 4512 MHz
CPU 9 active residency:   3.98% (1260 MHz:   0% 1512 MHz:   0% 1800 MHz:   0% 2088 MHz:   0% 2352 MHz:   0% 2616 MHz:   0% 2868 MHz:   0% 3096 MHz:   0% 3300 MHz:   0% 3468 MHz:   0% 3624 MHz:   0% 3756 MHz:   0% 3828 MHz:   0% 3888 MHz:   0% 3948 MHz:   0% 3996 MHz:   0% 4044 MHz:   0% 4104 MHz:   0% 4416 MHz:   0% 4512 MHz: 4.0%)
CPU 9 idle residency:  23.31%
CPU 9 down residency:  72.72%

P1-Cluster HW active frequency: 3531 MHz
P1-Cluster HW active residency:  77.93% (1260 MHz: .43% 1512 MHz: .01% 1800 MHz:   0% 2088 MHz: .01% 2352 MHz: .00% 2616 MHz: .58% 2868 MHz: 1.2% 3096 MHz:  19% 3300 MHz:  13% 3468 MHz: 6.6% 3624 MHz: 3.7% 3756 MHz: 2.5% 3828 MHz: .38% 3888 MHz: 4.2% 3948 MHz:  19% 3996 MHz: 3.1% 4044 MHz: 3.9% 4104 MHz:   0% 4416 MHz:   0% 4512 MHz:   0%)
P1-Cluster idle residency:   3.10%
P1-Cluster down residency:  18.96%
CPU 10 frequency: 3834 MHz
CPU 10 active residency:  37.69% (1260 MHz: .15% 1512 MHz:   0% 1800 MHz:   0% 2088 MHz: .02% 2352 MHz: .01% 2616 MHz: .41% 2868 MHz: 3.9% 3096 MHz: 5.9% 3300 MHz: 2.4% 3468 MHz: 3.5% 3624 MHz: 1.4% 3756 MHz: 1.6% 3828 MHz: .09% 3888 MHz:   0% 3948 MHz: .21% 3996 MHz:   0% 4044 MHz:   0% 4104 MHz: .37% 4416 MHz: .26% 4512 MHz:  17%)
CPU 10 idle residency:  44.76%
CPU 10 down residency:  17.55%
CPU 11 frequency: 3854 MHz
CPU 11 active residency:  31.87% (1260 MHz: .15% 1512 MHz: .00% 1800 MHz:   0% 2088 MHz: .03% 2352 MHz: .01% 2616 MHz: .33% 2868 MHz: 5.6% 3096 MHz: 2.1% 3300 MHz: 1.5% 3468 MHz: 3.3% 3624 MHz: 1.2% 3756 MHz: 1.2% 3828 MHz: .02% 3888 MHz:   0% 3948 MHz: .37% 3996 MHz:   0% 4044 MHz:   0% 4104 MHz: .09% 4416 MHz: .06% 4512 MHz:  16%)
CPU 11 idle residency:  50.92%
CPU 11 down residency:  17.21%
CPU 12 frequency: 3826 MHz
CPU 12 active residency:  37.45% (1260 MHz: .17% 1512 MHz:   0% 1800 MHz:   0% 2088 MHz:   0% 2352 MHz:   0% 2616 MHz: .39% 2868 MHz: 1.9% 3096 MHz: 7.4% 3300 MHz: 1.4% 3468 MHz: 6.4% 3624 MHz: 1.7% 3756 MHz: 1.1% 3828 MHz: .01% 3888 MHz:   0% 3948 MHz: .02% 3996 MHz:   0% 4044 MHz:   0% 4104 MHz: .04% 4416 MHz:   0% 4512 MHz:  17%)
CPU 12 idle residency:  44.60%
CPU 12 down residency:  17.95%
CPU 13 frequency: 3583 MHz
CPU 13 active residency:  54.60% (1260 MHz: .22% 1512 MHz: .03% 1800 MHz:   0% 2088 MHz: .04% 2352 MHz: .00% 2616 MHz: .04% 2868 MHz: 5.7% 3096 MHz:  13% 3300 MHz:  10% 3468 MHz: 6.0% 3624 MHz: 1.8% 3756 MHz: 1.6% 3828 MHz: .34% 3888 MHz:   0% 3948 MHz: .62% 3996 MHz:   0% 4044 MHz:   0% 4104 MHz: .38% 4416 MHz: .34% 4512 MHz:  14%)
CPU 13 idle residency:  28.30%
CPU 13 down residency:  17.10%
CPU 14 frequency: 3609 MHz
CPU 14 active residency:  50.96% (1260 MHz: .22% 1512 MHz: .00% 1800 MHz:   0% 2088 MHz: .01% 2352 MHz: .01% 2616 MHz: .00% 2868 MHz: 6.0% 3096 MHz:  11% 3300 MHz: 8.5% 3468 MHz: 6.5% 3624 MHz: 1.1% 3756 MHz: 2.0% 3828 MHz: .06% 3888 MHz:   0% 3948 MHz: .30% 3996 MHz:   0% 4044 MHz:   0% 4104 MHz: .30% 4416 MHz: .23% 4512 MHz:  15%)
CPU 14 idle residency:  32.03%
CPU 14 down residency:  17.01%
CPU 15 frequency: 3581 MHz
CPU 15 active residency:  40.46% (1260 MHz: .21% 1512 MHz:   0% 1800 MHz:   0% 2088 MHz: .01% 2352 MHz:   0% 2616 MHz:   0% 2868 MHz: 1.0% 3096 MHz:  12% 3300 MHz: 9.0% 3468 MHz: 4.3% 3624 MHz: 1.3% 3756 MHz: 1.9% 3828 MHz: .18% 3888 MHz:   0% 3948 MHz: .28% 3996 MHz:   0% 4044 MHz:   0% 4104 MHz: .36% 4416 MHz: .21% 4512 MHz: 9.8%)
CPU 15 idle residency:  41.35%
CPU 15 down residency:  18.19%

CPU Power: 4377 mW
GPU Power: 32499 mW
ANE Power: 0 mW
Combined Power (CPU + GPU + ANE): 36876 mW

**** GPU usage ****

GPU HW active frequency: 1578 MHz
GPU HW active residency: 100.00% (338 MHz:   0% 618 MHz:   0% 796 MHz:   0% 924 MHz:   0% 952 MHz:   0% 1056 MHz:   0% 1062 MHz:   0% 1182 MHz:   0% 1182 MHz:   0% 1312 MHz:   0% 1242 MHz:   0% 1380 MHz:   0% 1326 MHz:   0% 1470 MHz:   0% 1578 MHz: 100%)
GPU SW requested state: (P1 :   0% P2 :   0% P3 :   0% P4 :   0% P5 :   0% P6 :   0% P7 :   0% P8 :   0% P9 :   0% P10 : 100% P11 :   0% P12 :   0% P13 :   0% P14 :   0% P15 :   0%)
GPU SW state: (SW_P1 :   0% SW_P2 :   0% SW_P3 :   0% SW_P4 :   0% SW_P5 :   0% SW_P6 :   0% SW_P7 :   0% SW_P8 :   0% SW_P9 :   0% SW_P10 : 100% SW_P11 :   0% SW_P12 :   0% SW_P13 :   0% SW_P14 :   0% SW_P15 :   0%)
GPU idle residency:   0.00%
GPU Power: 32499 mW



*** Sampled system activity (Tue Jan 20 15:16:09 2026 +0100) (1019.57ms elapsed) ***


**** Processor usage ****

E-Cluster Online: 100%
E-Cluster HW active frequency: 1412 MHz
E-Cluster HW active residency:  58.71% (1020 MHz:  33% 1404 MHz: 9.9% 1788 MHz: 4.9% 2112 MHz: 1.8% 2352 MHz: 1.8% 2532 MHz: 1.4% 2592 MHz: 5.7%)
E-Cluster idle residency:  41.29%
E-Cluster down residency:   0.00%
CPU 0 frequency: 1422 MHz
CPU 0 active residency:  31.44% (1020 MHz:  17% 1404 MHz: 6.1% 1788 MHz: 3.1% 2112 MHz: 1.0% 2352 MHz: 1.3% 2532 MHz: .56% 2592 MHz: 2.7%)
CPU 0 idle residency:  68.56%
CPU 0 down residency:   0.00%
CPU 1 frequency: 1486 MHz
CPU 1 active residency:  17.41% (1020 MHz: 8.9% 1404 MHz: 3.1% 1788 MHz: 1.4% 2112 MHz: .42% 2352 MHz: 1.1% 2532 MHz: .71% 2592 MHz: 1.8%)
CPU 1 idle residency:  82.59%
CPU 1 down residency:   0.00%
CPU 2 frequency: 1512 MHz
CPU 2 active residency:   9.50% (1020 MHz: 4.5% 1404 MHz: 1.6% 1788 MHz: 1.2% 2112 MHz: .20% 2352 MHz: .76% 2532 MHz: .12% 2592 MHz: 1.1%)
CPU 2 idle residency:  90.50%
CPU 2 down residency:   0.00%
CPU 3 frequency: 1553 MHz
CPU 3 active residency:   8.50% (1020 MHz: 3.8% 1404 MHz: 1.7% 1788 MHz: .69% 2112 MHz: .29% 2352 MHz: .69% 2532 MHz: .48% 2592 MHz: .89%)
CPU 3 idle residency:  91.50%
CPU 3 down residency:   0.00%

P0-Cluster Online: 8%
P0-Cluster HW active frequency: 1384 MHz
P0-Cluster HW active residency:   1.81% (1260 MHz: 1.6% 1512 MHz:   0% 1800 MHz:   0% 2088 MHz:   0% 2352 MHz:   0% 2616 MHz: .17% 2868 MHz:   0% 3096 MHz:   0% 3300 MHz:   0% 3468 MHz:   0% 3624 MHz:   0% 3756 MHz:   0% 3828 MHz:   0% 3888 MHz:   0% 3948 MHz:   0% 3996 MHz:   0% 4044 MHz:   0% 4104 MHz:   0% 4416 MHz:   0% 4512 MHz:   0%)
P0-Cluster idle residency:   4.82%
P0-Cluster down residency:  93.37%
CPU 4 frequency: 2799 MHz
CPU 4 active residency:   5.16% (1260 MHz: .28% 1512 MHz: .00% 1800 MHz: .04% 2088 MHz:   0% 2352 MHz:   0% 2616 MHz: 3.5% 2868 MHz: .00% 3096 MHz: .47% 3300 MHz: .05% 3468 MHz: .01% 3624 MHz: .27% 3756 MHz: .29% 3828 MHz:   0% 3888 MHz:   0% 3948 MHz:   0% 3996 MHz:   0% 4044 MHz:   0% 4104 MHz:   0% 4416 MHz:   0% 4512 MHz: .26%)
CPU 4 idle residency:   6.06%
CPU 4 down residency:  88.78%
CPU 5 frequency: 2637 MHz
CPU 5 active residency:   8.44% (1260 MHz: .27% 1512 MHz:   0% 1800 MHz: .02% 2088 MHz:   0% 2352 MHz:   0% 2616 MHz: 7.4% 2868 MHz: .00% 3096 MHz: .06% 3300 MHz: .47% 3468 MHz: .21% 3624 MHz: .00% 3756 MHz: .00% 3828 MHz:   0% 3888 MHz:   0% 3948 MHz:   0% 3996 MHz:   0% 4044 MHz:   0% 4104 MHz:   0% 4416 MHz:   0% 4512 MHz: .02%)
CPU 5 idle residency:   5.78%
CPU 5 down residency:  85.78%
CPU 6 frequency: 2097 MHz
CPU 6 active residency:   0.55% (1260 MHz: .21% 1512 MHz:   0% 1800 MHz: .02% 2088 MHz:   0% 2352 MHz:   0% 2616 MHz: .30% 2868 MHz:   0% 3096 MHz: .02% 3300 MHz:   0% 3468 MHz:   0% 3624 MHz:   0% 3756 MHz:   0% 3828 MHz:   0% 3888 MHz:   0% 3948 MHz:   0% 3996 MHz:   0% 4044 MHz:   0% 4104 MHz:   0% 4416 MHz:   0% 4512 MHz:   0%)
CPU 6 idle residency:   6.36%
CPU 6 down residency:  93.09%
CPU 7 frequency: 2600 MHz
CPU 7 active residency:   8.32% (1260 MHz: .30% 1512 MHz:   0% 1800 MHz: .02% 2088 MHz:   0% 2352 MHz:   0% 2616 MHz: 7.6% 2868 MHz: .01% 3096 MHz: .18% 3300 MHz: .10% 3468 MHz: .01% 3624 MHz: .01% 3756 MHz:   0% 3828 MHz:   0% 3888 MHz:   0% 3948 MHz:   0% 3996 MHz:   0% 4044 MHz:   0% 4104 MHz:   0% 4416 MHz:   0% 4512 MHz: .06%)
CPU 7 idle residency:   5.80%
CPU 7 down residency:  85.87%
CPU 8 frequency: 1438 MHz
CPU 8 active residency:   0.25% (1260 MHz: .21% 1512 MHz:   0% 1800 MHz: .02% 2088 MHz:   0% 2352 MHz:   0% 2616 MHz: .03% 2868 MHz:   0% 3096 MHz: .00% 3300 MHz:   0% 3468 MHz:   0% 3624 MHz:   0% 3756 MHz:   0% 3828 MHz:   0% 3888 MHz:   0% 3948 MHz:   0% 3996 MHz:   0% 4044 MHz:   0% 4104 MHz:   0% 4416 MHz:   0% 4512 MHz:   0%)
CPU 8 idle residency:   6.38%
CPU 8 down residency:  93.37%
CPU 9 frequency: 2577 MHz
CPU 9 active residency:   5.61% (1260 MHz: .23% 1512 MHz:   0% 1800 MHz: .02% 2088 MHz:   0% 2352 MHz:   0% 2616 MHz: 5.3% 2868 MHz:   0% 3096 MHz:   0% 3300 MHz:   0% 3468 MHz:   0% 3624 MHz:   0% 3756 MHz:   0% 3828 MHz:   0% 3888 MHz:   0% 3948 MHz:   0% 3996 MHz:   0% 4044 MHz:   0% 4104 MHz:   0% 4416 MHz:   0% 4512 MHz: .06%)
CPU 9 idle residency:   6.04%
CPU 9 down residency:  88.36%

P1-Cluster HW active frequency: 3302 MHz
P1-Cluster HW active residency:  96.51% (1260 MHz: .57% 1512 MHz: .01% 1800 MHz: .01% 2088 MHz: .23% 2352 MHz: 1.5% 2616 MHz:  11% 2868 MHz:  25% 3096 MHz:  15% 3300 MHz: 6.8% 3468 MHz: .39% 3624 MHz: .39% 3756 MHz:   0% 3828 MHz: .39% 3888 MHz: 5.2% 3948 MHz:  21% 3996 MHz: 4.7% 4044 MHz: 5.1% 4104 MHz:   0% 4416 MHz:   0% 4512 MHz:   0%)
P1-Cluster idle residency:   3.49%
P1-Cluster down residency:   0.00%
CPU 10 frequency: 3832 MHz
CPU 10 active residency:  35.31% (1260 MHz: .06% 1512 MHz:   0% 1800 MHz:   0% 2088 MHz: .11% 2352 MHz: .40% 2616 MHz: 2.8% 2868 MHz: 6.3% 3096 MHz: 3.2% 3300 MHz: 1.2% 3468 MHz: .35% 3624 MHz: .18% 3756 MHz:   0% 3828 MHz: .34% 3888 MHz:   0% 3948 MHz: .29% 3996 MHz:   0% 4044 MHz:   0% 4104 MHz: .34% 4416 MHz: .39% 4512 MHz:  19%)
CPU 10 idle residency:  64.69%
CPU 10 down residency:   0.00%
CPU 11 frequency: 3350 MHz
CPU 11 active residency:  60.56% (1260 MHz: .08% 1512 MHz: .00% 1800 MHz: .00% 2088 MHz:   0% 2352 MHz: .75% 2616 MHz: 8.5% 2868 MHz:  18% 3096 MHz:  12% 3300 MHz: 4.2% 3468 MHz: .32% 3624 MHz: .38% 3756 MHz:   0% 3828 MHz: .34% 3888 MHz:   0% 3948 MHz: .38% 3996 MHz:   0% 4044 MHz:   0% 4104 MHz: .30% 4416 MHz: .36% 4512 MHz:  15%)
CPU 11 idle residency:  39.44%
CPU 11 down residency:   0.00%
CPU 12 frequency: 3443 MHz
CPU 12 active residency:  61.15% (1260 MHz: .08% 1512 MHz: .01% 1800 MHz:   0% 2088 MHz: .22% 2352 MHz: 1.1% 2616 MHz: 7.9% 2868 MHz:  15% 3096 MHz:  11% 3300 MHz: 4.7% 3468 MHz: .33% 3624 MHz: .39% 3756 MHz:   0% 3828 MHz: .34% 3888 MHz:   0% 3948 MHz: .38% 3996 MHz:   0% 4044 MHz:   0% 4104 MHz: .32% 4416 MHz: .35% 4512 MHz:  19%)
CPU 12 idle residency:  38.85%
CPU 12 down residency:   0.00%
CPU 13 frequency: 4300 MHz
CPU 13 active residency:  27.41% (1260 MHz:   0% 1512 MHz:   0% 1800 MHz:   0% 2088 MHz:   0% 2352 MHz:   0% 2616 MHz: .05% 2868 MHz: 1.3% 3096 MHz: 1.6% 3300 MHz: .92% 3468 MHz: .03% 3624 MHz: .11% 3756 MHz:   0% 3828 MHz:   0% 3888 MHz:   0% 3948 MHz: .06% 3996 MHz:   0% 4044 MHz:   0% 4104 MHz:   0% 4416 MHz: .07% 4512 MHz:  23%)
CPU 13 idle residency:  72.59%
CPU 13 down residency:   0.00%
CPU 14 frequency: 4271 MHz
CPU 14 active residency:  19.79% (1260 MHz:   0% 1512 MHz:   0% 1800 MHz:   0% 2088 MHz:   0% 2352 MHz: .08% 2616 MHz: .70% 2868 MHz: 1.2% 3096 MHz: .48% 3300 MHz: .51% 3468 MHz:   0% 3624 MHz: .03% 3756 MHz:   0% 3828 MHz:   0% 3888 MHz:   0% 3948 MHz:   0% 3996 MHz:   0% 4044 MHz:   0% 4104 MHz:   0% 4416 MHz:   0% 4512 MHz:  17%)
CPU 14 idle residency:  80.21%
CPU 14 down residency:   0.00%
CPU 15 frequency: 3393 MHz
CPU 15 active residency:  60.60% (1260 MHz: .11% 1512 MHz: .00% 1800 MHz: .00% 2088 MHz: .21% 2352 MHz: 1.2% 2616 MHz: 7.4% 2868 MHz:  18% 3096 MHz:  10% 3300 MHz: 3.6% 3468 MHz: .39% 3624 MHz: .39% 3756 MHz:   0% 3828 MHz: .39% 3888 MHz:   0% 3948 MHz: .39% 3996 MHz:   0% 4044 MHz:   0% 4104 MHz: .39% 4416 MHz: .39% 4512 MHz:  17%)
CPU 15 idle residency:  39.40%
CPU 15 down residency:   0.00%

CPU Power: 4256 mW
GPU Power: 32860 mW
ANE Power: 0 mW
Combined Power (CPU + GPU + ANE): 37116 mW

**** GPU usage ****

GPU HW active frequency: 1578 MHz
GPU HW active residency: 100.00% (338 MHz:   0% 618 MHz:   0% 796 MHz:   0% 924 MHz:   0% 952 MHz:   0% 1056 MHz:   0% 1062 MHz:   0% 1182 MHz:   0% 1182 MHz:   0% 1312 MHz:   0% 1242 MHz:   0% 1380 MHz:   0% 1326 MHz:   0% 1470 MHz:   0% 1578 MHz: 100%)
GPU SW requested state: (P1 :   0% P2 :   0% P3 :   0% P4 :   0% P5 :   0% P6 :   0% P7 :   0% P8 :   0% P9 :   0% P10 : 100% P11 :   0% P12 :   0% P13 :   0% P14 :   0% P15 :   0%)
GPU SW state: (SW_P1 :   0% SW_P2 :   0% SW_P3 :   0% SW_P4 :   0% SW_P5 :   0% SW_P6 :   0% SW_P7 :   0% SW_P8 :   0% SW_P9 :   0% SW_P10 : 100% SW_P11 :   0% SW_P12 :   0% SW_P13 :   0% SW_P14 :   0% SW_P15 :   0%)
GPU idle residency:   0.00%
GPU Power: 32859 mW



*** Sampled system activity (Tue Jan 20 15:16:10 2026 +0100) (1023.22ms elapsed) ***


**** Processor usage ****

E-Cluster Online: 100%
E-Cluster HW active frequency: 1439 MHz
E-Cluster HW active residency:  67.28% (1020 MHz:  34% 1404 MHz:  14% 1788 MHz: 7.3% 2112 MHz: .86% 2352 MHz: 2.0% 2532 MHz: .68% 2592 MHz: 8.0%)
E-Cluster idle residency:  32.72%
E-Cluster down residency:   0.00%
CPU 0 frequency: 1434 MHz
CPU 0 active residency:  33.36% (1020 MHz:  18% 1404 MHz: 6.6% 1788 MHz: 3.3% 2112 MHz: .42% 2352 MHz: 1.4% 2532 MHz: .39% 2592 MHz: 3.7%)
CPU 0 idle residency:  66.64%
CPU 0 down residency:   0.00%
CPU 1 frequency: 1414 MHz
CPU 1 active residency:  24.53% (1020 MHz:  12% 1404 MHz: 5.6% 1788 MHz: 3.3% 2112 MHz: .47% 2352 MHz: .63% 2532 MHz: .16% 2592 MHz: 2.1%)
CPU 1 idle residency:  75.47%
CPU 1 down residency:   0.00%
CPU 2 frequency: 1389 MHz
CPU 2 active residency:  17.86% (1020 MHz: 9.6% 1404 MHz: 4.1% 1788 MHz: 1.5% 2112 MHz: .25% 2352 MHz: .76% 2532 MHz: .09% 2592 MHz: 1.6%)
CPU 2 idle residency:  82.14%
CPU 2 down residency:   0.00%
CPU 3 frequency: 1346 MHz
CPU 3 active residency:  18.45% (1020 MHz: 9.1% 1404 MHz: 6.1% 1788 MHz: 1.5% 2112 MHz: .15% 2352 MHz: .38% 2532 MHz: .05% 2592 MHz: 1.1%)
CPU 3 idle residency:  81.55%
CPU 3 down residency:   0.00%

P0-Cluster Online: 16%
P0-Cluster HW active frequency: 1936 MHz
P0-Cluster HW active residency:   7.51% (1260 MHz: 5.2% 1512 MHz:   0% 1800 MHz: .01% 2088 MHz:   0% 2352 MHz:   0% 2616 MHz:   0% 2868 MHz: .01% 3096 MHz: .71% 3300 MHz: .40% 3468 MHz: .59% 3624 MHz: .17% 3756 MHz: .17% 3828 MHz: .08% 3888 MHz: .03% 3948 MHz: .02% 3996 MHz: .06% 4044 MHz: .12% 4104 MHz:   0% 4416 MHz: .01% 4512 MHz:   0%)
P0-Cluster idle residency:   7.49%
P0-Cluster down residency:  85.01%
CPU 4 frequency: 0 MHz
CPU 4 active residency:   0.00% (1260 MHz:   0% 1512 MHz:   0% 1800 MHz:   0% 2088 MHz:   0% 2352 MHz:   0% 2616 MHz:   0% 2868 MHz:   0% 3096 MHz:   0% 3300 MHz:   0% 3468 MHz:   0% 3624 MHz:   0% 3756 MHz:   0% 3828 MHz:   0% 3888 MHz:   0% 3948 MHz:   0% 3996 MHz:   0% 4044 MHz:   0% 4104 MHz:   0% 4416 MHz:   0% 4512 MHz:   0%)
CPU 4 idle residency:  14.29%
CPU 4 down residency:  85.71%
CPU 5 frequency: 0 MHz
CPU 5 active residency:   0.00% (1260 MHz:   0% 1512 MHz:   0% 1800 MHz:   0% 2088 MHz:   0% 2352 MHz:   0% 2616 MHz:   0% 2868 MHz:   0% 3096 MHz:   0% 3300 MHz:   0% 3468 MHz:   0% 3624 MHz:   0% 3756 MHz:   0% 3828 MHz:   0% 3888 MHz:   0% 3948 MHz:   0% 3996 MHz:   0% 4044 MHz:   0% 4104 MHz:   0% 4416 MHz:   0% 4512 MHz:   0%)
CPU 5 idle residency:  14.25%
CPU 5 down residency:  85.75%
CPU 6 frequency: 0 MHz
CPU 6 active residency:   0.00% (1260 MHz:   0% 1512 MHz:   0% 1800 MHz:   0% 2088 MHz:   0% 2352 MHz:   0% 2616 MHz:   0% 2868 MHz:   0% 3096 MHz:   0% 3300 MHz:   0% 3468 MHz:   0% 3624 MHz:   0% 3756 MHz:   0% 3828 MHz:   0% 3888 MHz:   0% 3948 MHz:   0% 3996 MHz:   0% 4044 MHz:   0% 4104 MHz:   0% 4416 MHz:   0% 4512 MHz:   0%)
CPU 6 idle residency:  14.73%
CPU 6 down residency:  85.27%
CPU 7 frequency: 0 MHz
CPU 7 active residency:   0.00% (1260 MHz:   0% 1512 MHz:   0% 1800 MHz:   0% 2088 MHz:   0% 2352 MHz:   0% 2616 MHz:   0% 2868 MHz:   0% 3096 MHz:   0% 3300 MHz:   0% 3468 MHz:   0% 3624 MHz:   0% 3756 MHz:   0% 3828 MHz:   0% 3888 MHz:   0% 3948 MHz:   0% 3996 MHz:   0% 4044 MHz:   0% 4104 MHz:   0% 4416 MHz:   0% 4512 MHz:   0%)
CPU 7 idle residency:  14.06%
CPU 7 down residency:  85.94%
CPU 8 frequency: 0 MHz
CPU 8 active residency:   0.00% (1260 MHz:   0% 1512 MHz:   0% 1800 MHz:   0% 2088 MHz:   0% 2352 MHz:   0% 2616 MHz:   0% 2868 MHz:   0% 3096 MHz:   0% 3300 MHz:   0% 3468 MHz:   0% 3624 MHz:   0% 3756 MHz:   0% 3828 MHz:   0% 3888 MHz:   0% 3948 MHz:   0% 3996 MHz:   0% 4044 MHz:   0% 4104 MHz:   0% 4416 MHz:   0% 4512 MHz:   0%)
CPU 8 idle residency:  14.75%
CPU 8 down residency:  85.25%
CPU 9 frequency: 0 MHz
CPU 9 active residency:   0.00% (1260 MHz:   0% 1512 MHz:   0% 1800 MHz:   0% 2088 MHz:   0% 2352 MHz:   0% 2616 MHz:   0% 2868 MHz:   0% 3096 MHz:   0% 3300 MHz:   0% 3468 MHz:   0% 3624 MHz:   0% 3756 MHz:   0% 3828 MHz:   0% 3888 MHz:   0% 3948 MHz:   0% 3996 MHz:   0% 4044 MHz:   0% 4104 MHz:   0% 4416 MHz:   0% 4512 MHz:   0%)
CPU 9 idle residency:  14.75%
CPU 9 down residency:  85.25%

P1-Cluster HW active frequency: 3395 MHz
P1-Cluster HW active residency:  96.15% (1260 MHz: .55% 1512 MHz: .01% 1800 MHz: .00% 2088 MHz: 1.1% 2352 MHz: .83% 2616 MHz:  11% 2868 MHz:  16% 3096 MHz: 8.4% 3300 MHz: 7.4% 3468 MHz: 7.3% 3624 MHz: 3.7% 3756 MHz: 2.3% 3828 MHz: .96% 3888 MHz: 5.3% 3948 MHz:  22% 3996 MHz: 4.4% 4044 MHz: 5.1% 4104 MHz:   0% 4416 MHz:   0% 4512 MHz:   0%)
P1-Cluster idle residency:   3.85%
P1-Cluster down residency:   0.00%
CPU 10 frequency: 3894 MHz
CPU 10 active residency:  43.68% (1260 MHz: .02% 1512 MHz:   0% 1800 MHz: .00% 2088 MHz: .67% 2352 MHz: .67% 2616 MHz: 4.5% 2868 MHz: 1.6% 3096 MHz: 4.2% 3300 MHz: 1.1% 3468 MHz: 2.7% 3624 MHz: 1.5% 3756 MHz: .71% 3828 MHz: .59% 3888 MHz:   0% 3948 MHz: .26% 3996 MHz:   0% 4044 MHz:   0% 4104 MHz: .36% 4416 MHz: .22% 4512 MHz:  25%)
CPU 10 idle residency:  56.32%
CPU 10 down residency:   0.00%
CPU 11 frequency: 3629 MHz
CPU 11 active residency:  46.00% (1260 MHz: .05% 1512 MHz:   0% 1800 MHz:   0% 2088 MHz: .78% 2352 MHz: .62% 2616 MHz: 5.2% 2868 MHz:  12% 3096 MHz: 1.2% 3300 MHz: .61% 3468 MHz: 3.5% 3624 MHz: .82% 3756 MHz: 1.1% 3828 MHz: .53% 3888 MHz:   0% 3948 MHz: .15% 3996 MHz:   0% 4044 MHz:   0% 4104 MHz: .35% 4416 MHz: .08% 4512 MHz:  19%)
CPU 11 idle residency:  54.00%
CPU 11 down residency:   0.00%
CPU 12 frequency: 3488 MHz
CPU 12 active residency:  53.96% (1260 MHz: .06% 1512 MHz:   0% 1800 MHz:   0% 2088 MHz: .89% 2352 MHz: .73% 2616 MHz: 6.0% 2868 MHz:  11% 3096 MHz: 5.7% 3300 MHz: 5.3% 3468 MHz: 4.0% 3624 MHz: 2.2% 3756 MHz: .58% 3828 MHz: .44% 3888 MHz:   0% 3948 MHz: .16% 3996 MHz:   0% 4044 MHz:   0% 4104 MHz: .06% 4416 MHz: .21% 4512 MHz:  16%)
CPU 12 idle residency:  46.04%
CPU 12 down residency:   0.00%
CPU 13 frequency: 3930 MHz
CPU 13 active residency:  35.28% (1260 MHz: .01% 1512 MHz: .00% 1800 MHz:   0% 2088 MHz: .00% 2352 MHz: .00% 2616 MHz: .10% 2868 MHz: .27% 3096 MHz: 5.6% 3300 MHz: 4.8% 3468 MHz: 3.2% 3624 MHz: 1.9% 3756 MHz: .89% 3828 MHz: .40% 3888 MHz:   0% 3948 MHz: .27% 3996 MHz:   0% 4044 MHz:   0% 4104 MHz: .05% 4416 MHz: .21% 4512 MHz:  18%)
CPU 13 idle residency:  64.72%
CPU 13 down residency:   0.00%
CPU 14 frequency: 3694 MHz
CPU 14 active residency:  49.20% (1260 MHz: .06% 1512 MHz:   0% 1800 MHz:   0% 2088 MHz: .12% 2352 MHz: .03% 2616 MHz: 6.8% 2868 MHz:  11% 3096 MHz: 1.2% 3300 MHz: .67% 3468 MHz: 2.8% 3624 MHz: 1.3% 3756 MHz: 1.8% 3828 MHz: .48% 3888 MHz:   0% 3948 MHz: .04% 3996 MHz:   0% 4044 MHz:   0% 4104 MHz: .11% 4416 MHz: .31% 4512 MHz:  22%)
CPU 14 idle residency:  50.80%
CPU 14 down residency:   0.00%
CPU 15 frequency: 3835 MHz
CPU 15 active residency:  38.38% (1260 MHz: .02% 1512 MHz: .00% 1800 MHz: .00% 2088 MHz: .02% 2352 MHz: .00% 2616 MHz: .29% 2868 MHz: .88% 3096 MHz: 7.5% 3300 MHz: 5.5% 3468 MHz: 3.1% 3624 MHz: 1.6% 3756 MHz: 1.3% 3828 MHz: .90% 3888 MHz:   0% 3948 MHz: .38% 3996 MHz:   0% 4044 MHz:   0% 4104 MHz: .39% 4416 MHz: .39% 4512 MHz:  16%)
CPU 15 idle residency:  61.62%
CPU 15 down residency:   0.00%

CPU Power: 4421 mW
GPU Power: 32724 mW
ANE Power: 0 mW
Combined Power (CPU + GPU + ANE): 37145 mW

**** GPU usage ****

GPU HW active frequency: 1578 MHz
GPU HW active residency: 100.00% (338 MHz:   0% 618 MHz:   0% 796 MHz:   0% 924 MHz:   0% 952 MHz:   0% 1056 MHz:   0% 1062 MHz:   0% 1182 MHz:   0% 1182 MHz:   0% 1312 MHz:   0% 1242 MHz:   0% 1380 MHz:   0% 1326 MHz:   0% 1470 MHz:   0% 1578 MHz: 100%)
GPU SW requested state: (P1 :   0% P2 :   0% P3 :   0% P4 :   0% P5 :   0% P6 :   0% P7 :   0% P8 :   0% P9 :   0% P10 : 100% P11 :   0% P12 :   0% P13 :   0% P14 :   0% P15 :   0%)
GPU SW state: (SW_P1 :   0% SW_P2 :   0% SW_P3 :   0% SW_P4 :   0% SW_P5 :   0% SW_P6 :   0% SW_P7 :   0% SW_P8 :   0% SW_P9 :   0% SW_P10 : 100% SW_P11 :   0% SW_P12 :   0% SW_P13 :   0% SW_P14 :   0% SW_P15 :   0%)
GPU idle residency:   0.00%
GPU Power: 32724 mW



*** Sampled system activity (Tue Jan 20 15:16:11 2026 +0100) (1021.91ms elapsed) ***


**** Processor usage ****

E-Cluster Online: 100%
E-Cluster HW active frequency: 1334 MHz
E-Cluster HW active residency:  58.86% (1020 MHz:  40% 1404 MHz: 4.6% 1788 MHz: 5.3% 2112 MHz: 1.4% 2352 MHz: 1.3% 2532 MHz: 1.8% 2592 MHz: 4.2%)
E-Cluster idle residency:  41.14%
E-Cluster down residency:   0.00%
CPU 0 frequency: 1330 MHz
CPU 0 active residency:  28.84% (1020 MHz:  20% 1404 MHz: 2.3% 1788 MHz: 2.9% 2112 MHz: .38% 2352 MHz: .74% 2532 MHz: 1.1% 2592 MHz: 1.8%)
CPU 0 idle residency:  71.16%
CPU 0 down residency:   0.00%
CPU 1 frequency: 1419 MHz
CPU 1 active residency:  17.79% (1020 MHz:  11% 1404 MHz: 1.3% 1788 MHz: 2.6% 2112 MHz: .78% 2352 MHz: .67% 2532 MHz: .77% 2592 MHz: 1.1%)
CPU 1 idle residency:  82.21%
CPU 1 down residency:   0.00%
CPU 2 frequency: 1385 MHz
CPU 2 active residency:  10.12% (1020 MHz: 6.6% 1404 MHz: .70% 1788 MHz: 1.2% 2112 MHz: .11% 2352 MHz: .22% 2532 MHz: .65% 2592 MHz: .72%)
CPU 2 idle residency:  89.88%
CPU 2 down residency:   0.00%
CPU 3 frequency: 1605 MHz
CPU 3 active residency:   6.46% (1020 MHz: 3.3% 1404 MHz: .44% 1788 MHz: .80% 2112 MHz: .04% 2352 MHz: .23% 2532 MHz: .48% 2592 MHz: 1.2%)
CPU 3 idle residency:  93.54%
CPU 3 down residency:   0.00%

P0-Cluster Online: 4%
P0-Cluster HW active frequency: 1260 MHz
P0-Cluster HW active residency:   0.71% (1260 MHz: .71% 1512 MHz:   0% 1800 MHz:   0% 2088 MHz:   0% 2352 MHz:   0% 2616 MHz:   0% 2868 MHz:   0% 3096 MHz:   0% 3300 MHz:   0% 3468 MHz:   0% 3624 MHz:   0% 3756 MHz:   0% 3828 MHz:   0% 3888 MHz:   0% 3948 MHz:   0% 3996 MHz:   0% 4044 MHz:   0% 4104 MHz:   0% 4416 MHz:   0% 4512 MHz:   0%)
P0-Cluster idle residency:   2.50%
P0-Cluster down residency:  96.79%
CPU 4 frequency: 0 MHz
CPU 4 active residency:   0.00% (1260 MHz:   0% 1512 MHz:   0% 1800 MHz:   0% 2088 MHz:   0% 2352 MHz:   0% 2616 MHz:   0% 2868 MHz:   0% 3096 MHz:   0% 3300 MHz:   0% 3468 MHz:   0% 3624 MHz:   0% 3756 MHz:   0% 3828 MHz:   0% 3888 MHz:   0% 3948 MHz:   0% 3996 MHz:   0% 4044 MHz:   0% 4104 MHz:   0% 4416 MHz:   0% 4512 MHz:   0%)
CPU 4 idle residency:   3.03%
CPU 4 down residency:  96.97%
CPU 5 frequency: 0 MHz
CPU 5 active residency:   0.00% (1260 MHz:   0% 1512 MHz:   0% 1800 MHz:   0% 2088 MHz:   0% 2352 MHz:   0% 2616 MHz:   0% 2868 MHz:   0% 3096 MHz:   0% 3300 MHz:   0% 3468 MHz:   0% 3624 MHz:   0% 3756 MHz:   0% 3828 MHz:   0% 3888 MHz:   0% 3948 MHz:   0% 3996 MHz:   0% 4044 MHz:   0% 4104 MHz:   0% 4416 MHz:   0% 4512 MHz:   0%)
CPU 5 idle residency:   3.04%
CPU 5 down residency:  96.96%
CPU 6 frequency: 0 MHz
CPU 6 active residency:   0.00% (1260 MHz:   0% 1512 MHz:   0% 1800 MHz:   0% 2088 MHz:   0% 2352 MHz:   0% 2616 MHz:   0% 2868 MHz:   0% 3096 MHz:   0% 3300 MHz:   0% 3468 MHz:   0% 3624 MHz:   0% 3756 MHz:   0% 3828 MHz:   0% 3888 MHz:   0% 3948 MHz:   0% 3996 MHz:   0% 4044 MHz:   0% 4104 MHz:   0% 4416 MHz:   0% 4512 MHz:   0%)
CPU 6 idle residency:   3.04%
CPU 6 down residency:  96.96%
CPU 7 frequency: 0 MHz
CPU 7 active residency:   0.00% (1260 MHz:   0% 1512 MHz:   0% 1800 MHz:   0% 2088 MHz:   0% 2352 MHz:   0% 2616 MHz:   0% 2868 MHz:   0% 3096 MHz:   0% 3300 MHz:   0% 3468 MHz:   0% 3624 MHz:   0% 3756 MHz:   0% 3828 MHz:   0% 3888 MHz:   0% 3948 MHz:   0% 3996 MHz:   0% 4044 MHz:   0% 4104 MHz:   0% 4416 MHz:   0% 4512 MHz:   0%)
CPU 7 idle residency:   3.04%
CPU 7 down residency:  96.96%
CPU 8 frequency: 0 MHz
CPU 8 active residency:   0.00% (1260 MHz:   0% 1512 MHz:   0% 1800 MHz:   0% 2088 MHz:   0% 2352 MHz:   0% 2616 MHz:   0% 2868 MHz:   0% 3096 MHz:   0% 3300 MHz:   0% 3468 MHz:   0% 3624 MHz:   0% 3756 MHz:   0% 3828 MHz:   0% 3888 MHz:   0% 3948 MHz:   0% 3996 MHz:   0% 4044 MHz:   0% 4104 MHz:   0% 4416 MHz:   0% 4512 MHz:   0%)
CPU 8 idle residency:   3.04%
CPU 8 down residency:  96.96%
CPU 9 frequency: 0 MHz
CPU 9 active residency:   0.00% (1260 MHz:   0% 1512 MHz:   0% 1800 MHz:   0% 2088 MHz:   0% 2352 MHz:   0% 2616 MHz:   0% 2868 MHz:   0% 3096 MHz:   0% 3300 MHz:   0% 3468 MHz:   0% 3624 MHz:   0% 3756 MHz:   0% 3828 MHz:   0% 3888 MHz:   0% 3948 MHz:   0% 3996 MHz:   0% 4044 MHz:   0% 4104 MHz:   0% 4416 MHz:   0% 4512 MHz:   0%)
CPU 9 idle residency:   3.04%
CPU 9 down residency:  96.96%

P1-Cluster HW active frequency: 3257 MHz
P1-Cluster HW active residency:  95.90% (1260 MHz: .50% 1512 MHz:   0% 1800 MHz: .01% 2088 MHz: .36% 2352 MHz: .62% 2616 MHz:  17% 2868 MHz:  22% 3096 MHz:  20% 3300 MHz: .39% 3468 MHz: .40% 3624 MHz: .36% 3756 MHz: .39% 3828 MHz:   0% 3888 MHz: 4.8% 3948 MHz:  20% 3996 MHz: 5.0% 4044 MHz: 4.5% 4104 MHz:   0% 4416 MHz:   0% 4512 MHz:   0%)
P1-Cluster idle residency:   4.10%
P1-Cluster down residency:   0.00%
CPU 10 frequency: 4018 MHz
CPU 10 active residency:  30.53% (1260 MHz:   0% 1512 MHz:   0% 1800 MHz:   0% 2088 MHz: .16% 2352 MHz: .61% 2616 MHz: 2.4% 2868 MHz: 3.3% 3096 MHz: 1.9% 3300 MHz: .12% 3468 MHz: .07% 3624 MHz: .10% 3756 MHz: .16% 3828 MHz:   0% 3888 MHz:   0% 3948 MHz: .16% 3996 MHz:   0% 4044 MHz:   0% 4104 MHz: .23% 4416 MHz: .39% 4512 MHz:  21%)
CPU 10 idle residency:  69.47%
CPU 10 down residency:   0.00%
CPU 11 frequency: 3301 MHz
CPU 11 active residency:  58.31% (1260 MHz: .09% 1512 MHz:   0% 1800 MHz: .01% 2088 MHz: .01% 2352 MHz: .03% 2616 MHz:  11% 2868 MHz:  16% 3096 MHz:  14% 3300 MHz: .39% 3468 MHz: .40% 3624 MHz: .36% 3756 MHz: .39% 3828 MHz:   0% 3888 MHz:   0% 3948 MHz: .39% 3996 MHz:   0% 4044 MHz:   0% 4104 MHz: .39% 4416 MHz: .39% 4512 MHz:  14%)
CPU 11 idle residency:  41.69%
CPU 11 down residency:   0.00%
CPU 12 frequency: 3365 MHz
CPU 12 active residency:  54.55% (1260 MHz: .08% 1512 MHz:   0% 1800 MHz: .01% 2088 MHz: .28% 2352 MHz: .61% 2616 MHz: 9.8% 2868 MHz:  13% 3096 MHz:  13% 3300 MHz: .37% 3468 MHz: .06% 3624 MHz: .07% 3756 MHz: .30% 3828 MHz:   0% 3888 MHz:   0% 3948 MHz: .37% 3996 MHz:   0% 4044 MHz:   0% 4104 MHz: .30% 4416 MHz: .25% 4512 MHz:  16%)
CPU 12 idle residency:  45.45%
CPU 12 down residency:   0.00%
CPU 13 frequency: 3417 MHz
CPU 13 active residency:  63.62% (1260 MHz: .09% 1512 MHz:   0% 1800 MHz:   0% 2088 MHz: .35% 2352 MHz: .67% 2616 MHz:  12% 2868 MHz:  15% 3096 MHz:  13% 3300 MHz: .36% 3468 MHz: .06% 3624 MHz: .16% 3756 MHz: .30% 3828 MHz:   0% 3888 MHz:   0% 3948 MHz: .38% 3996 MHz:   0% 4044 MHz:   0% 4104 MHz: .30% 4416 MHz: .11% 4512 MHz:  21%)
CPU 13 idle residency:  36.38%
CPU 13 down residency:   0.00%
CPU 14 frequency: 4274 MHz
CPU 14 active residency:  23.08% (1260 MHz:   0% 1512 MHz:   0% 1800 MHz:   0% 2088 MHz: .26% 2352 MHz: .17% 2616 MHz: 1.1% 2868 MHz: 1.1% 3096 MHz: .36% 3300 MHz:   0% 3468 MHz: .00% 3624 MHz: .01% 3756 MHz:   0% 3828 MHz:   0% 3888 MHz:   0% 3948 MHz: .14% 3996 MHz:   0% 4044 MHz:   0% 4104 MHz:   0% 4416 MHz: .14% 4512 MHz:  20%)
CPU 14 idle residency:  76.92%
CPU 14 down residency:   0.00%
CPU 15 frequency: 3800 MHz
CPU 15 active residency:  28.49% (1260 MHz: .03% 1512 MHz:   0% 1800 MHz:   0% 2088 MHz:   0% 2352 MHz:   0% 2616 MHz: 5.9% 2868 MHz: 2.6% 3096 MHz: 3.2% 3300 MHz:   0% 3468 MHz: .00% 3624 MHz: .00% 3756 MHz: .04% 3828 MHz:   0% 3888 MHz:   0% 3948 MHz: .10% 3996 MHz:   0% 4044 MHz:   0% 4104 MHz: .09% 4416 MHz: .14% 4512 MHz:  16%)
CPU 15 idle residency:  71.51%
CPU 15 down residency:   0.00%

CPU Power: 4116 mW
GPU Power: 32521 mW
ANE Power: 0 mW
Combined Power (CPU + GPU + ANE): 36637 mW

**** GPU usage ****

GPU HW active frequency: 1578 MHz
GPU HW active residency: 100.00% (338 MHz:   0% 618 MHz:   0% 796 MHz:   0% 924 MHz:   0% 952 MHz:   0% 1056 MHz:   0% 1062 MHz:   0% 1182 MHz:   0% 1182 MHz:   0% 1312 MHz:   0% 1242 MHz:   0% 1380 MHz:   0% 1326 MHz:   0% 1470 MHz:   0% 1578 MHz: 100%)
GPU SW requested state: (P1 :   0% P2 :   0% P3 :   0% P4 :   0% P5 :   0% P6 :   0% P7 :   0% P8 :   0% P9 :   0% P10 : 100% P11 :   0% P12 :   0% P13 :   0% P14 :   0% P15 :   0%)
GPU SW state: (SW_P1 :   0% SW_P2 :   0% SW_P3 :   0% SW_P4 :   0% SW_P5 :   0% SW_P6 :   0% SW_P7 :   0% SW_P8 :   0% SW_P9 :   0% SW_P10 : 100% SW_P11 :   0% SW_P12 :   0% SW_P13 :   0% SW_P14 :   0% SW_P15 :   0%)
GPU idle residency:   0.00%
GPU Power: 32521 mW



*** Sampled system activity (Tue Jan 20 15:16:12 2026 +0100) (1021.62ms elapsed) ***


**** Processor usage ****

E-Cluster Online: 100%
E-Cluster HW active frequency: 1468 MHz
E-Cluster HW active residency:  66.42% (1020 MHz:  34% 1404 MHz:  11% 1788 MHz: 7.8% 2112 MHz: 2.6% 2352 MHz: 1.1% 2532 MHz: 2.4% 2592 MHz: 7.5%)
E-Cluster idle residency:  33.58%
E-Cluster down residency:   0.00%
CPU 0 frequency: 1468 MHz
CPU 0 active residency:  34.62% (1020 MHz:  18% 1404 MHz: 6.1% 1788 MHz: 4.0% 2112 MHz: 1.4% 2352 MHz: .64% 2532 MHz: 1.5% 2592 MHz: 3.4%)
CPU 0 idle residency:  65.38%
CPU 0 down residency:   0.00%
CPU 1 frequency: 1500 MHz
CPU 1 active residency:  20.80% (1020 MHz:  10% 1404 MHz: 3.4% 1788 MHz: 3.0% 2112 MHz: .94% 2352 MHz: .13% 2532 MHz: .79% 2592 MHz: 2.5%)
CPU 1 idle residency:  79.20%
CPU 1 down residency:   0.00%
CPU 2 frequency: 1537 MHz
CPU 2 active residency:  12.39% (1020 MHz: 5.3% 1404 MHz: 2.8% 1788 MHz: 1.2% 2112 MHz: .72% 2352 MHz: .06% 2532 MHz: .54% 2592 MHz: 1.7%)
CPU 2 idle residency:  87.61%
CPU 2 down residency:   0.00%
CPU 3 frequency: 1427 MHz
CPU 3 active residency:  11.61% (1020 MHz: 6.1% 1404 MHz: 2.2% 1788 MHz: 1.4% 2112 MHz: .37% 2352 MHz: .02% 2532 MHz: .48% 2592 MHz: 1.0%)
CPU 3 idle residency:  88.39%
CPU 3 down residency:   0.00%

P0-Cluster Online: 30%
P0-Cluster HW active frequency: 2789 MHz
P0-Cluster HW active residency:  15.21% (1260 MHz: 5.8% 1512 MHz: .22% 1800 MHz:   0% 2088 MHz:   0% 2352 MHz:   0% 2616 MHz:   0% 2868 MHz:   0% 3096 MHz: .96% 3300 MHz: .77% 3468 MHz: .77% 3624 MHz: .19% 3756 MHz: .44% 3828 MHz: .17% 3888 MHz: .14% 3948 MHz: .46% 3996 MHz: .74% 4044 MHz: 4.5% 4104 MHz:   0% 4416 MHz: .02% 4512 MHz:   0%)
P0-Cluster idle residency:  13.17%
P0-Cluster down residency:  71.62%
CPU 4 frequency: 3014 MHz
CPU 4 active residency:   3.14% (1260 MHz: .71% 1512 MHz:   0% 1800 MHz: .00% 2088 MHz:   0% 2352 MHz:   0% 2616 MHz: .01% 2868 MHz:   0% 3096 MHz: .28% 3300 MHz: .29% 3468 MHz: .79% 3624 MHz: .27% 3756 MHz: .62% 3828 MHz: .04% 3888 MHz:   0% 3948 MHz: .07% 3996 MHz:   0% 4044 MHz:   0% 4104 MHz:   0% 4416 MHz:   0% 4512 MHz: .05%)
CPU 4 idle residency:  21.54%
CPU 4 down residency:  75.32%
CPU 5 frequency: 2320 MHz
CPU 5 active residency:   1.53% (1260 MHz: .76% 1512 MHz:   0% 1800 MHz: .00% 2088 MHz:   0% 2352 MHz:   0% 2616 MHz: .05% 2868 MHz: .02% 3096 MHz: .37% 3300 MHz: .08% 3468 MHz: .07% 3624 MHz: .01% 3756 MHz: .10% 3828 MHz: .00% 3888 MHz:   0% 3948 MHz: .01% 3996 MHz:   0% 4044 MHz:   0% 4104 MHz:   0% 4416 MHz:   0% 4512 MHz: .08%)
CPU 5 idle residency:  25.96%
CPU 5 down residency:  72.50%
CPU 6 frequency: 1551 MHz
CPU 6 active residency:   0.68% (1260 MHz: .60% 1512 MHz:   0% 1800 MHz:   0% 2088 MHz:   0% 2352 MHz:   0% 2616 MHz: .01% 2868 MHz:   0% 3096 MHz:   0% 3300 MHz: .01% 3468 MHz: .01% 3624 MHz:   0% 3756 MHz:   0% 3828 MHz:   0% 3888 MHz:   0% 3948 MHz:   0% 3996 MHz:   0% 4044 MHz:   0% 4104 MHz:   0% 4416 MHz:   0% 4512 MHz: .04%)
CPU 6 idle residency:  27.73%
CPU 6 down residency:  71.59%
CPU 7 frequency: 2504 MHz
CPU 7 active residency:   1.71% (1260 MHz: .74% 1512 MHz:   0% 1800 MHz: .00% 2088 MHz:   0% 2352 MHz:   0% 2616 MHz: .05% 2868 MHz:   0% 3096 MHz: .38% 3300 MHz: .18% 3468 MHz: .08% 3624 MHz: .02% 3756 MHz: .08% 3828 MHz: .00% 3888 MHz:   0% 3948 MHz:   0% 3996 MHz:   0% 4044 MHz:   0% 4104 MHz:   0% 4416 MHz:   0% 4512 MHz: .17%)
CPU 7 idle residency:  26.77%
CPU 7 down residency:  71.52%
CPU 8 frequency: 1470 MHz
CPU 8 active residency:   0.66% (1260 MHz: .60% 1512 MHz:   0% 1800 MHz:   0% 2088 MHz:   0% 2352 MHz:   0% 2616 MHz: .01% 2868 MHz:   0% 3096 MHz:   0% 3300 MHz: .01% 3468 MHz: .00% 3624 MHz:   0% 3756 MHz:   0% 3828 MHz:   0% 3888 MHz:   0% 3948 MHz:   0% 3996 MHz:   0% 4044 MHz:   0% 4104 MHz:   0% 4416 MHz:   0% 4512 MHz: .03%)
CPU 8 idle residency:  27.82%
CPU 8 down residency:  71.53%
CPU 9 frequency: 1475 MHz
CPU 9 active residency:   0.66% (1260 MHz: .60% 1512 MHz:   0% 1800 MHz:   0% 2088 MHz:   0% 2352 MHz:   0% 2616 MHz: .01% 2868 MHz:   0% 3096 MHz:   0% 3300 MHz: .01% 3468 MHz: .00% 3624 MHz:   0% 3756 MHz:   0% 3828 MHz:   0% 3888 MHz:   0% 3948 MHz:   0% 3996 MHz:   0% 4044 MHz:   0% 4104 MHz:   0% 4416 MHz:   0% 4512 MHz: .03%)
CPU 9 idle residency:  27.82%
CPU 9 down residency:  71.52%

P1-Cluster HW active frequency: 3360 MHz
P1-Cluster HW active residency:  96.75% (1260 MHz: .53% 1512 MHz: .04% 1800 MHz: .05% 2088 MHz: .03% 2352 MHz: .87% 2616 MHz: 9.1% 2868 MHz:  11% 3096 MHz:  25% 3300 MHz: 5.8% 3468 MHz: 3.7% 3624 MHz: 4.9% 3756 MHz: 2.9% 3828 MHz: 2.0% 3888 MHz: 8.3% 3948 MHz:  18% 3996 MHz: 2.4% 4044 MHz: 2.1% 4104 MHz:   0% 4416 MHz:   0% 4512 MHz:   0%)
P1-Cluster idle residency:   3.25%
P1-Cluster down residency:   0.00%
CPU 10 frequency: 3479 MHz
CPU 10 active residency:  64.27% (1260 MHz: .11% 1512 MHz: .04% 1800 MHz: .02% 2088 MHz: .01% 2352 MHz: .52% 2616 MHz: 6.6% 2868 MHz: 9.1% 3096 MHz:  19% 3300 MHz: 4.5% 3468 MHz: 1.2% 3624 MHz: .86% 3756 MHz: 1.8% 3828 MHz: 1.5% 3888 MHz: .64% 3948 MHz: .46% 3996 MHz:   0% 4044 MHz:   0% 4104 MHz:   0% 4416 MHz: .24% 4512 MHz:  18%)
CPU 10 idle residency:  35.73%
CPU 10 down residency:   0.00%
CPU 11 frequency: 3857 MHz
CPU 11 active residency:  38.10% (1260 MHz: .01% 1512 MHz: .02% 1800 MHz: .01% 2088 MHz: .01% 2352 MHz: .08% 2616 MHz: .76% 2868 MHz: 1.6% 3096 MHz: 6.3% 3300 MHz: 4.3% 3468 MHz: 1.1% 3624 MHz: 3.2% 3756 MHz: 2.3% 3828 MHz: .43% 3888 MHz: .06% 3948 MHz: .57% 3996 MHz:   0% 4044 MHz:   0% 4104 MHz: .12% 4416 MHz: .07% 4512 MHz:  17%)
CPU 11 idle residency:  61.90%
CPU 11 down residency:   0.00%
CPU 12 frequency: 3867 MHz
CPU 12 active residency:  40.13% (1260 MHz: .01% 1512 MHz: .02% 1800 MHz: .02% 2088 MHz:   0% 2352 MHz: .75% 2616 MHz: 1.5% 2868 MHz: .96% 3096 MHz: 5.8% 3300 MHz: 2.5% 3468 MHz: 2.5% 3624 MHz: 3.1% 3756 MHz: 1.6% 3828 MHz: 1.5% 3888 MHz: .52% 3948 MHz: .92% 3996 MHz:   0% 4044 MHz:   0% 4104 MHz: .34% 4416 MHz: .12% 4512 MHz:  18%)
CPU 12 idle residency:  59.87%
CPU 12 down residency:   0.00%
CPU 13 frequency: 3539 MHz
CPU 13 active residency:  66.78% (1260 MHz: .06% 1512 MHz:   0% 1800 MHz: .02% 2088 MHz: .00% 2352 MHz: .80% 2616 MHz: 5.6% 2868 MHz: 8.0% 3096 MHz:  19% 3300 MHz: 4.5% 3468 MHz: 2.1% 3624 MHz: 2.3% 3756 MHz: 1.1% 3828 MHz: .78% 3888 MHz: .78% 3948 MHz: .85% 3996 MHz:   0% 4044 MHz:   0% 4104 MHz: .32% 4416 MHz: .35% 4512 MHz:  20%)
CPU 13 idle residency:  33.22%
CPU 13 down residency:   0.00%
CPU 14 frequency: 3405 MHz
CPU 14 active residency:  52.18% (1260 MHz: .04% 1512 MHz: .01% 1800 MHz: .02% 2088 MHz: .03% 2352 MHz: .77% 2616 MHz: 6.4% 2868 MHz: 4.7% 3096 MHz:  16% 3300 MHz: 3.5% 3468 MHz: 3.4% 3624 MHz: 3.8% 3756 MHz: .79% 3828 MHz: .56% 3888 MHz: .03% 3948 MHz: .76% 3996 MHz:   0% 4044 MHz:   0% 4104 MHz: .39% 4416 MHz: .39% 4512 MHz:  10%)
CPU 14 idle residency:  47.82%
CPU 14 down residency:   0.00%
CPU 15 frequency: 3946 MHz
CPU 15 active residency:  36.30% (1260 MHz: .00% 1512 MHz: .01% 1800 MHz: .00% 2088 MHz: .01% 2352 MHz: .07% 2616 MHz: .07% 2868 MHz: 2.0% 3096 MHz: 4.3% 3300 MHz: 2.5% 3468 MHz: 2.4% 3624 MHz: 2.4% 3756 MHz: 1.7% 3828 MHz: 1.5% 3888 MHz: .18% 3948 MHz: .85% 3996 MHz:   0% 4044 MHz:   0% 4104 MHz: .30% 4416 MHz: .35% 4512 MHz:  18%)
CPU 15 idle residency:  63.70%
CPU 15 down residency:   0.00%

CPU Power: 5011 mW
GPU Power: 32807 mW
ANE Power: 0 mW
Combined Power (CPU + GPU + ANE): 37817 mW

**** GPU usage ****

GPU HW active frequency: 1578 MHz
GPU HW active residency: 100.00% (338 MHz:   0% 618 MHz:   0% 796 MHz:   0% 924 MHz:   0% 952 MHz:   0% 1056 MHz:   0% 1062 MHz:   0% 1182 MHz:   0% 1182 MHz:   0% 1312 MHz:   0% 1242 MHz:   0% 1380 MHz:   0% 1326 MHz:   0% 1470 MHz:   0% 1578 MHz: 100%)
GPU SW requested state: (P1 :   0% P2 :   0% P3 :   0% P4 :   0% P5 :   0% P6 :   0% P7 :   0% P8 :   0% P9 :   0% P10 : 100% P11 :   0% P12 :   0% P13 :   0% P14 :   0% P15 :   0%)
GPU SW state: (SW_P1 :   0% SW_P2 :   0% SW_P3 :   0% SW_P4 :   0% SW_P5 :   0% SW_P6 :   0% SW_P7 :   0% SW_P8 :   0% SW_P9 :   0% SW_P10 : 100% SW_P11 :   0% SW_P12 :   0% SW_P13 :   0% SW_P14 :   0% SW_P15 :   0%)
GPU idle residency:   0.00%
GPU Power: 32811 mW



*** Sampled system activity (Tue Jan 20 15:16:13 2026 +0100) (1020.77ms elapsed) ***


**** Processor usage ****

E-Cluster Online: 100%
E-Cluster HW active frequency: 1386 MHz
E-Cluster HW active residency:  56.50% (1020 MHz:  36% 1404 MHz: 5.0% 1788 MHz: 4.6% 2112 MHz: 2.3% 2352 MHz: 1.4% 2532 MHz: 1.7% 2592 MHz: 5.2%)
E-Cluster idle residency:  43.50%
E-Cluster down residency:   0.00%
CPU 0 frequency: 1378 MHz
CPU 0 active residency:  27.59% (1020 MHz:  18% 1404 MHz: 2.5% 1788 MHz: 2.5% 2112 MHz: .81% 2352 MHz: .71% 2532 MHz: 1.1% 2592 MHz: 2.2%)
CPU 0 idle residency:  72.41%
CPU 0 down residency:   0.00%
CPU 1 frequency: 1392 MHz
CPU 1 active residency:  14.31% (1020 MHz: 9.3% 1404 MHz: 1.1% 1788 MHz: 1.2% 2112 MHz: .47% 2352 MHz: .42% 2532 MHz: .53% 2592 MHz: 1.4%)
CPU 1 idle residency:  85.69%
CPU 1 down residency:   0.00%
CPU 2 frequency: 1383 MHz
CPU 2 active residency:   9.86% (1020 MHz: 6.2% 1404 MHz: .89% 1788 MHz: 1.0% 2112 MHz: .58% 2352 MHz: .24% 2532 MHz: .23% 2592 MHz: .74%)
CPU 2 idle residency:  90.14%
CPU 2 down residency:   0.00%
CPU 3 frequency: 1387 MHz
CPU 3 active residency:   6.17% (1020 MHz: 3.9% 1404 MHz: .61% 1788 MHz: .68% 2112 MHz: .08% 2352 MHz: .17% 2532 MHz: .23% 2592 MHz: .53%)
CPU 3 idle residency:  93.83%
CPU 3 down residency:   0.00%

P0-Cluster Online: 9%
P0-Cluster HW active frequency: 2780 MHz
P0-Cluster HW active residency:   4.94% (1260 MHz: .86% 1512 MHz:   0% 1800 MHz:   0% 2088 MHz:   0% 2352 MHz:   0% 2616 MHz:   0% 2868 MHz:   0% 3096 MHz: 4.0% 3300 MHz: .06% 3468 MHz:   0% 3624 MHz:   0% 3756 MHz:   0% 3828 MHz:   0% 3888 MHz:   0% 3948 MHz:   0% 3996 MHz:   0% 4044 MHz:   0% 4104 MHz:   0% 4416 MHz:   0% 4512 MHz:   0%)
P0-Cluster idle residency:   2.92%
P0-Cluster down residency:  92.14%
CPU 4 frequency: 0 MHz
CPU 4 active residency:   0.00% (1260 MHz:   0% 1512 MHz:   0% 1800 MHz:   0% 2088 MHz:   0% 2352 MHz:   0% 2616 MHz:   0% 2868 MHz:   0% 3096 MHz:   0% 3300 MHz:   0% 3468 MHz:   0% 3624 MHz:   0% 3756 MHz:   0% 3828 MHz:   0% 3888 MHz:   0% 3948 MHz:   0% 3996 MHz:   0% 4044 MHz:   0% 4104 MHz:   0% 4416 MHz:   0% 4512 MHz:   0%)
CPU 4 idle residency:   4.70%
CPU 4 down residency:  95.30%
CPU 5 frequency: 0 MHz
CPU 5 active residency:   0.00% (1260 MHz:   0% 1512 MHz:   0% 1800 MHz:   0% 2088 MHz:   0% 2352 MHz:   0% 2616 MHz:   0% 2868 MHz:   0% 3096 MHz:   0% 3300 MHz:   0% 3468 MHz:   0% 3624 MHz:   0% 3756 MHz:   0% 3828 MHz:   0% 3888 MHz:   0% 3948 MHz:   0% 3996 MHz:   0% 4044 MHz:   0% 4104 MHz:   0% 4416 MHz:   0% 4512 MHz:   0%)
CPU 5 idle residency:   4.37%
CPU 5 down residency:  95.63%
CPU 6 frequency: 0 MHz
CPU 6 active residency:   0.00% (1260 MHz:   0% 1512 MHz:   0% 1800 MHz:   0% 2088 MHz:   0% 2352 MHz:   0% 2616 MHz:   0% 2868 MHz:   0% 3096 MHz:   0% 3300 MHz:   0% 3468 MHz:   0% 3624 MHz:   0% 3756 MHz:   0% 3828 MHz:   0% 3888 MHz:   0% 3948 MHz:   0% 3996 MHz:   0% 4044 MHz:   0% 4104 MHz:   0% 4416 MHz:   0% 4512 MHz:   0%)
CPU 6 idle residency:   7.46%
CPU 6 down residency:  92.54%
CPU 7 frequency: 0 MHz
CPU 7 active residency:   0.00% (1260 MHz:   0% 1512 MHz:   0% 1800 MHz:   0% 2088 MHz:   0% 2352 MHz:   0% 2616 MHz:   0% 2868 MHz:   0% 3096 MHz:   0% 3300 MHz:   0% 3468 MHz:   0% 3624 MHz:   0% 3756 MHz:   0% 3828 MHz:   0% 3888 MHz:   0% 3948 MHz:   0% 3996 MHz:   0% 4044 MHz:   0% 4104 MHz:   0% 4416 MHz:   0% 4512 MHz:   0%)
CPU 7 idle residency:   4.75%
CPU 7 down residency:  95.25%
CPU 8 frequency: 0 MHz
CPU 8 active residency:   0.00% (1260 MHz:   0% 1512 MHz:   0% 1800 MHz:   0% 2088 MHz:   0% 2352 MHz:   0% 2616 MHz:   0% 2868 MHz:   0% 3096 MHz:   0% 3300 MHz:   0% 3468 MHz:   0% 3624 MHz:   0% 3756 MHz:   0% 3828 MHz:   0% 3888 MHz:   0% 3948 MHz:   0% 3996 MHz:   0% 4044 MHz:   0% 4104 MHz:   0% 4416 MHz:   0% 4512 MHz:   0%)
CPU 8 idle residency:   7.69%
CPU 8 down residency:  92.31%
CPU 9 frequency: 0 MHz
CPU 9 active residency:   0.00% (1260 MHz:   0% 1512 MHz:   0% 1800 MHz:   0% 2088 MHz:   0% 2352 MHz:   0% 2616 MHz:   0% 2868 MHz:   0% 3096 MHz:   0% 3300 MHz:   0% 3468 MHz:   0% 3624 MHz:   0% 3756 MHz:   0% 3828 MHz:   0% 3888 MHz:   0% 3948 MHz:   0% 3996 MHz:   0% 4044 MHz:   0% 4104 MHz:   0% 4416 MHz:   0% 4512 MHz:   0%)
CPU 9 idle residency:   7.66%
CPU 9 down residency:  92.34%

P1-Cluster HW active frequency: 3342 MHz
P1-Cluster HW active residency:  92.61% (1260 MHz: .51% 1512 MHz: .05% 1800 MHz: .03% 2088 MHz: .00% 2352 MHz: 2.4% 2616 MHz: 3.3% 2868 MHz:  15% 3096 MHz:  36% 3300 MHz: .39% 3468 MHz: .39% 3624 MHz: .38% 3756 MHz: .39% 3828 MHz:   0% 3888 MHz: 3.8% 3948 MHz:  21% 3996 MHz: 4.5% 4044 MHz: 5.1% 4104 MHz:   0% 4416 MHz:   0% 4512 MHz:   0%)
P1-Cluster idle residency:   3.18%
P1-Cluster down residency:   4.21%
CPU 10 frequency: 3481 MHz
CPU 10 active residency:  61.85% (1260 MHz: .09% 1512 MHz: .02% 1800 MHz: .00% 2088 MHz: .00% 2352 MHz: 1.2% 2616 MHz: 2.1% 2868 MHz:  10% 3096 MHz:  27% 3300 MHz: .39% 3468 MHz: .34% 3624 MHz: .08% 3756 MHz: .32% 3828 MHz:   0% 3888 MHz:   0% 3948 MHz: .32% 3996 MHz:   0% 4044 MHz:   0% 4104 MHz: .09% 4416 MHz: .20% 4512 MHz:  19%)
CPU 10 idle residency:  33.94%
CPU 10 down residency:   4.21%
CPU 11 frequency: 3480 MHz
CPU 11 active residency:  57.06% (1260 MHz: .09% 1512 MHz: .01% 1800 MHz: .00% 2088 MHz: .00% 2352 MHz: 1.3% 2616 MHz: .97% 2868 MHz: 9.7% 3096 MHz:  26% 3300 MHz: .33% 3468 MHz: .33% 3624 MHz: .21% 3756 MHz: .30% 3828 MHz:   0% 3888 MHz:   0% 3948 MHz: .33% 3996 MHz:   0% 4044 MHz:   0% 4104 MHz: .06% 4416 MHz: .06% 4512 MHz:  18%)
CPU 11 idle residency:  38.73%
CPU 11 down residency:   4.21%
CPU 12 frequency: 3742 MHz
CPU 12 active residency:  30.24% (1260 MHz: .02% 1512 MHz:   0% 1800 MHz: .00% 2088 MHz:   0% 2352 MHz: 2.0% 2616 MHz: 2.0% 2868 MHz: 2.3% 3096 MHz: 7.5% 3300 MHz: .29% 3468 MHz: .15% 3624 MHz: .03% 3756 MHz: .02% 3828 MHz:   0% 3888 MHz:   0% 3948 MHz: .19% 3996 MHz:   0% 4044 MHz:   0% 4104 MHz: .00% 4416 MHz: .04% 4512 MHz:  16%)
CPU 12 idle residency:  65.55%
CPU 12 down residency:   4.21%
CPU 13 frequency: 3443 MHz
CPU 13 active residency:  49.47% (1260 MHz: .06% 1512 MHz: .02% 1800 MHz: .03% 2088 MHz: .00% 2352 MHz: .14% 2616 MHz: .02% 2868 MHz: 9.3% 3096 MHz:  25% 3300 MHz: .39% 3468 MHz: .39% 3624 MHz: .38% 3756 MHz: .39% 3828 MHz:   0% 3888 MHz:   0% 3948 MHz: .39% 3996 MHz:   0% 4044 MHz:   0% 4104 MHz: .39% 4416 MHz: .39% 4512 MHz:  12%)
CPU 13 idle residency:  46.32%
CPU 13 down residency:   4.21%
CPU 14 frequency: 4344 MHz
CPU 14 active residency:  25.95% (1260 MHz: .01% 1512 MHz:   0% 1800 MHz:   0% 2088 MHz:   0% 2352 MHz: .02% 2616 MHz:   0% 2868 MHz: .33% 3096 MHz: 2.6% 3300 MHz:   0% 3468 MHz:   0% 3624 MHz: .00% 3756 MHz:   0% 3828 MHz:   0% 3888 MHz:   0% 3948 MHz:   0% 3996 MHz:   0% 4044 MHz:   0% 4104 MHz:   0% 4416 MHz: .00% 4512 MHz:  23%)
CPU 14 idle residency:  69.84%
CPU 14 down residency:   4.21%
CPU 15 frequency: 4016 MHz
CPU 15 active residency:  24.29% (1260 MHz:   0% 1512 MHz: .01% 1800 MHz:   0% 2088 MHz: .00% 2352 MHz: 1.8% 2616 MHz: 1.2% 2868 MHz: 2.5% 3096 MHz: 1.3% 3300 MHz:   0% 3468 MHz:   0% 3624 MHz: .02% 3756 MHz:   0% 3828 MHz:   0% 3888 MHz:   0% 3948 MHz:   0% 3996 MHz:   0% 4044 MHz:   0% 4104 MHz:   0% 4416 MHz: .00% 4512 MHz:  18%)
CPU 15 idle residency:  71.50%
CPU 15 down residency:   4.21%

CPU Power: 3967 mW
GPU Power: 32534 mW
ANE Power: 0 mW
Combined Power (CPU + GPU + ANE): 36501 mW

**** GPU usage ****

GPU HW active frequency: 1578 MHz
GPU HW active residency: 100.00% (338 MHz:   0% 618 MHz:   0% 796 MHz:   0% 924 MHz:   0% 952 MHz:   0% 1056 MHz:   0% 1062 MHz:   0% 1182 MHz:   0% 1182 MHz:   0% 1312 MHz:   0% 1242 MHz:   0% 1380 MHz:   0% 1326 MHz:   0% 1470 MHz:   0% 1578 MHz: 100%)
GPU SW requested state: (P1 :   0% P2 :   0% P3 :   0% P4 :   0% P5 :   0% P6 :   0% P7 :   0% P8 :   0% P9 :   0% P10 : 100% P11 :   0% P12 :   0% P13 :   0% P14 :   0% P15 :   0%)
GPU SW state: (SW_P1 :   0% SW_P2 :   0% SW_P3 :   0% SW_P4 :   0% SW_P5 :   0% SW_P6 :   0% SW_P7 :   0% SW_P8 :   0% SW_P9 :   0% SW_P10 : 100% SW_P11 :   0% SW_P12 :   0% SW_P13 :   0% SW_P14 :   0% SW_P15 :   0%)
GPU idle residency:   0.00%
GPU Power: 32528 mW



*** Sampled system activity (Tue Jan 20 15:16:14 2026 +0100) (1021.60ms elapsed) ***


**** Processor usage ****

E-Cluster Online: 100%
E-Cluster HW active frequency: 1400 MHz
E-Cluster HW active residency:  62.69% (1020 MHz:  39% 1404 MHz: 5.9% 1788 MHz: 5.7% 2112 MHz: 2.1% 2352 MHz: .96% 2532 MHz: 2.1% 2592 MHz: 6.7%)
E-Cluster idle residency:  37.31%
E-Cluster down residency:   0.00%
CPU 0 frequency: 1320 MHz
CPU 0 active residency:  32.11% (1020 MHz:  22% 1404 MHz: 3.3% 1788 MHz: 2.9% 2112 MHz: .73% 2352 MHz: .32% 2532 MHz: .84% 2592 MHz: 2.3%)
CPU 0 idle residency:  67.89%
CPU 0 down residency:   0.00%
CPU 1 frequency: 1518 MHz
CPU 1 active residency:  20.04% (1020 MHz:  11% 1404 MHz: 1.9% 1788 MHz: 1.8% 2112 MHz: .87% 2352 MHz: .36% 2532 MHz: .76% 2592 MHz: 3.3%)
CPU 1 idle residency:  79.96%
CPU 1 down residency:   0.00%
CPU 2 frequency: 1402 MHz
CPU 2 active residency:  12.21% (1020 MHz: 7.0% 1404 MHz: 1.2% 1788 MHz: 2.3% 2112 MHz: .48% 2352 MHz: .09% 2532 MHz: .15% 2592 MHz: 1.0%)
CPU 2 idle residency:  87.79%
CPU 2 down residency:   0.00%
CPU 3 frequency: 1451 MHz
CPU 3 active residency:   8.08% (1020 MHz: 4.7% 1404 MHz: .81% 1788 MHz: .96% 2112 MHz: .16% 2352 MHz: .22% 2532 MHz: .58% 2592 MHz: .70%)
CPU 3 idle residency:  91.92%
CPU 3 down residency:   0.00%

P0-Cluster Online: 26%
P0-Cluster HW active frequency: 2258 MHz
P0-Cluster HW active residency:  12.05% (1260 MHz: 6.4% 1512 MHz: .20% 1800 MHz:   0% 2088 MHz: .19% 2352 MHz: .17% 2616 MHz: .34% 2868 MHz: .56% 3096 MHz: .77% 3300 MHz: .39% 3468 MHz: .39% 3624 MHz: .39% 3756 MHz:   0% 3828 MHz: .39% 3888 MHz: .00% 3948 MHz: .57% 3996 MHz: .16% 4044 MHz: 1.2% 4104 MHz:   0% 4416 MHz: .01% 4512 MHz: .01%)
P0-Cluster idle residency:  12.95%
P0-Cluster down residency:  75.00%
CPU 4 frequency: 3692 MHz
CPU 4 active residency:  10.90% (1260 MHz: .33% 1512 MHz:   0% 1800 MHz:   0% 2088 MHz: .02% 2352 MHz: .02% 2616 MHz: .11% 2868 MHz: .02% 3096 MHz: 4.0% 3300 MHz: .66% 3468 MHz: .36% 3624 MHz: .36% 3756 MHz:   0% 3828 MHz: .26% 3888 MHz:   0% 3948 MHz:   0% 3996 MHz: .04% 4044 MHz:   0% 4104 MHz: .55% 4416 MHz:   0% 4512 MHz: 4.2%)
CPU 4 idle residency:  20.19%
CPU 4 down residency:  68.91%
CPU 5 frequency: 3512 MHz
CPU 5 active residency:   9.87% (1260 MHz: .37% 1512 MHz:   0% 1800 MHz:   0% 2088 MHz: .02% 2352 MHz: .03% 2616 MHz: .22% 2868 MHz: .30% 3096 MHz: 4.1% 3300 MHz: .42% 3468 MHz: .37% 3624 MHz: .37% 3756 MHz:   0% 3828 MHz: .37% 3888 MHz:   0% 3948 MHz:   0% 3996 MHz: .09% 4044 MHz:   0% 4104 MHz: .65% 4416 MHz: .37% 4512 MHz: 2.2%)
CPU 5 idle residency:  19.12%
CPU 5 down residency:  71.01%
CPU 6 frequency: 2811 MHz
CPU 6 active residency:   1.15% (1260 MHz: .33% 1512 MHz:   0% 1800 MHz:   0% 2088 MHz: .02% 2352 MHz: .02% 2616 MHz: .14% 2868 MHz:   0% 3096 MHz: .29% 3300 MHz: .04% 3468 MHz:   0% 3624 MHz: .04% 3756 MHz:   0% 3828 MHz:   0% 3888 MHz:   0% 3948 MHz:   0% 3996 MHz:   0% 4044 MHz:   0% 4104 MHz:   0% 4416 MHz:   0% 4512 MHz: .25%)
CPU 6 idle residency:  24.35%
CPU 6 down residency:  74.50%
CPU 7 frequency: 3338 MHz
CPU 7 active residency:   6.00% (1260 MHz: .33% 1512 MHz:   0% 1800 MHz:   0% 2088 MHz: .02% 2352 MHz: .07% 2616 MHz: .11% 2868 MHz: .07% 3096 MHz: 3.4% 3300 MHz: .13% 3468 MHz: .01% 3624 MHz: .17% 3756 MHz:   0% 3828 MHz: .23% 3888 MHz:   0% 3948 MHz:   0% 3996 MHz: .02% 4044 MHz:   0% 4104 MHz: .54% 4416 MHz:   0% 4512 MHz: .96%)
CPU 7 idle residency:  21.86%
CPU 7 down residency:  72.13%
CPU 8 frequency: 2355 MHz
CPU 8 active residency:   0.63% (1260 MHz: .33% 1512 MHz:   0% 1800 MHz:   0% 2088 MHz: .02% 2352 MHz: .02% 2616 MHz: .07% 2868 MHz:   0% 3096 MHz: .04% 3300 MHz:   0% 3468 MHz:   0% 3624 MHz:   0% 3756 MHz:   0% 3828 MHz:   0% 3888 MHz:   0% 3948 MHz:   0% 3996 MHz:   0% 4044 MHz:   0% 4104 MHz:   0% 4416 MHz:   0% 4512 MHz: .15%)
CPU 8 idle residency:  24.61%
CPU 8 down residency:  74.76%
CPU 9 frequency: 2351 MHz
CPU 9 active residency:   0.70% (1260 MHz: .33% 1512 MHz:   0% 1800 MHz:   0% 2088 MHz: .07% 2352 MHz: .02% 2616 MHz: .06% 2868 MHz:   0% 3096 MHz: .04% 3300 MHz: .03% 3468 MHz:   0% 3624 MHz:   0% 3756 MHz:   0% 3828 MHz:   0% 3888 MHz:   0% 3948 MHz:   0% 3996 MHz:   0% 4044 MHz:   0% 4104 MHz:   0% 4416 MHz:   0% 4512 MHz: .14%)
CPU 9 idle residency:  24.55%
CPU 9 down residency:  74.75%

P1-Cluster HW active frequency: 3246 MHz
P1-Cluster HW active residency:  96.98% (1260 MHz: .52% 1512 MHz: .01% 1800 MHz: .01% 2088 MHz: .04% 2352 MHz: .58% 2616 MHz:  12% 2868 MHz:  42% 3096 MHz: 2.9% 3300 MHz: 1.8% 3468 MHz: 1.3% 3624 MHz: .66% 3756 MHz: .92% 3828 MHz:   0% 3888 MHz: 4.9% 3948 MHz:  19% 3996 MHz: 4.3% 4044 MHz: 5.6% 4104 MHz:   0% 4416 MHz:   0% 4512 MHz:   0%)
P1-Cluster idle residency:   3.02%
P1-Cluster down residency:   0.00%
CPU 10 frequency: 3359 MHz
CPU 10 active residency:  65.92% (1260 MHz: .09% 1512 MHz: .00% 1800 MHz: .00% 2088 MHz: .01% 2352 MHz: .56% 2616 MHz: 8.6% 2868 MHz:  31% 3096 MHz: 2.1% 3300 MHz: 1.8% 3468 MHz: 1.2% 3624 MHz: .61% 3756 MHz: .72% 3828 MHz:   0% 3888 MHz:   0% 3948 MHz:   0% 3996 MHz:   0% 4044 MHz:   0% 4104 MHz: .62% 4416 MHz:   0% 4512 MHz:  19%)
CPU 10 idle residency:  34.08%
CPU 10 down residency:   0.00%
CPU 11 frequency: 3309 MHz
CPU 11 active residency:  60.54% (1260 MHz: .06% 1512 MHz: .01% 1800 MHz: .00% 2088 MHz: .01% 2352 MHz: .46% 2616 MHz: 7.0% 2868 MHz:  31% 3096 MHz: 2.0% 3300 MHz: 1.8% 3468 MHz: 1.1% 3624 MHz: .64% 3756 MHz: .14% 3828 MHz:   0% 3888 MHz:   0% 3948 MHz:   0% 3996 MHz:   0% 4044 MHz:   0% 4104 MHz: .62% 4416 MHz:   0% 4512 MHz:  16%)
CPU 11 idle residency:  39.46%
CPU 11 down residency:   0.00%
CPU 12 frequency: 3779 MHz
CPU 12 active residency:  32.96% (1260 MHz: .02% 1512 MHz: .00% 1800 MHz: .00% 2088 MHz: .00% 2352 MHz: .07% 2616 MHz: 4.3% 2868 MHz: 6.3% 3096 MHz: 1.1% 3300 MHz: 1.2% 3468 MHz: 1.1% 3624 MHz: .60% 3756 MHz: .59% 3828 MHz:   0% 3888 MHz:   0% 3948 MHz:   0% 3996 MHz:   0% 4044 MHz:   0% 4104 MHz: .62% 4416 MHz:   0% 4512 MHz:  17%)
CPU 12 idle residency:  67.04%
CPU 12 down residency:   0.00%
CPU 13 frequency: 4038 MHz
CPU 13 active residency:  28.59% (1260 MHz: .02% 1512 MHz:   0% 1800 MHz:   0% 2088 MHz:   0% 2352 MHz: .03% 2616 MHz: .59% 2868 MHz: 5.2% 3096 MHz: 1.0% 3300 MHz: .86% 3468 MHz: .61% 3624 MHz: .31% 3756 MHz: .10% 3828 MHz:   0% 3888 MHz:   0% 3948 MHz:   0% 3996 MHz:   0% 4044 MHz:   0% 4104 MHz: .62% 4416 MHz:   0% 4512 MHz:  19%)
CPU 13 idle residency:  71.41%
CPU 13 down residency:   0.00%
CPU 14 frequency: 4277 MHz
CPU 14 active residency:  20.98% (1260 MHz: .01% 1512 MHz:   0% 1800 MHz:   0% 2088 MHz:   0% 2352 MHz:   0% 2616 MHz: .03% 2868 MHz: 1.2% 3096 MHz: .71% 3300 MHz: .52% 3468 MHz: .58% 3624 MHz: .39% 3756 MHz: .11% 3828 MHz:   0% 3888 MHz:   0% 3948 MHz:   0% 3996 MHz:   0% 4044 MHz:   0% 4104 MHz: .60% 4416 MHz:   0% 4512 MHz:  17%)
CPU 14 idle residency:  79.02%
CPU 14 down residency:   0.00%
CPU 15 frequency: 3335 MHz
CPU 15 active residency:  62.80% (1260 MHz: .07% 1512 MHz:   0% 1800 MHz: .01% 2088 MHz: .03% 2352 MHz: .49% 2616 MHz: 8.6% 2868 MHz:  30% 3096 MHz: 2.3% 3300 MHz: 1.7% 3468 MHz: 1.1% 3624 MHz: .53% 3756 MHz: .51% 3828 MHz:   0% 3888 MHz:   0% 3948 MHz:   0% 3996 MHz:   0% 4044 MHz:   0% 4104 MHz: .63% 4416 MHz:   0% 4512 MHz:  17%)
CPU 15 idle residency:  37.20%
CPU 15 down residency:   0.00%

CPU Power: 4482 mW
GPU Power: 32768 mW
ANE Power: 0 mW
Combined Power (CPU + GPU + ANE): 37250 mW

**** GPU usage ****

GPU HW active frequency: 1578 MHz
GPU HW active residency: 100.00% (338 MHz:   0% 618 MHz:   0% 796 MHz:   0% 924 MHz:   0% 952 MHz:   0% 1056 MHz:   0% 1062 MHz:   0% 1182 MHz:   0% 1182 MHz:   0% 1312 MHz:   0% 1242 MHz:   0% 1380 MHz:   0% 1326 MHz:   0% 1470 MHz:   0% 1578 MHz: 100%)
GPU SW requested state: (P1 :   0% P2 :   0% P3 :   0% P4 :   0% P5 :   0% P6 :   0% P7 :   0% P8 :   0% P9 :   0% P10 : 100% P11 :   0% P12 :   0% P13 :   0% P14 :   0% P15 :   0%)
GPU SW state: (SW_P1 :   0% SW_P2 :   0% SW_P3 :   0% SW_P4 :   0% SW_P5 :   0% SW_P6 :   0% SW_P7 :   0% SW_P8 :   0% SW_P9 :   0% SW_P10 : 100% SW_P11 :   0% SW_P12 :   0% SW_P13 :   0% SW_P14 :   0% SW_P15 :   0%)
GPU idle residency:   0.00%
GPU Power: 32772 mW



*** Sampled system activity (Tue Jan 20 15:16:15 2026 +0100) (1021.15ms elapsed) ***


**** Processor usage ****

E-Cluster Online: 100%
E-Cluster HW active frequency: 1285 MHz
E-Cluster HW active residency:  56.41% (1020 MHz:  39% 1404 MHz: 6.3% 1788 MHz: 5.0% 2112 MHz: 1.8% 2352 MHz: 1.5% 2532 MHz: 1.2% 2592 MHz: 1.9%)
E-Cluster idle residency:  43.59%
E-Cluster down residency:   0.00%
CPU 0 frequency: 1286 MHz
CPU 0 active residency:  24.71% (1020 MHz:  17% 1404 MHz: 2.7% 1788 MHz: 1.7% 2112 MHz: .76% 2352 MHz: .89% 2532 MHz: .60% 2592 MHz: .86%)
CPU 0 idle residency:  75.29%
CPU 0 down residency:   0.00%
CPU 1 frequency: 1272 MHz
CPU 1 active residency:  17.21% (1020 MHz:  12% 1404 MHz: 2.0% 1788 MHz: 1.6% 2112 MHz: .42% 2352 MHz: .32% 2532 MHz: .33% 2592 MHz: .59%)
CPU 1 idle residency:  82.79%
CPU 1 down residency:   0.00%
CPU 2 frequency: 1396 MHz
CPU 2 active residency:   9.92% (1020 MHz: 5.7% 1404 MHz: 1.4% 1788 MHz: 1.0% 2112 MHz: .55% 2352 MHz: .37% 2532 MHz: .46% 2592 MHz: .40%)
CPU 2 idle residency:  90.08%
CPU 2 down residency:   0.00%
CPU 3 frequency: 1443 MHz
CPU 3 active residency:   5.72% (1020 MHz: 3.3% 1404 MHz: .55% 1788 MHz: .69% 2112 MHz: .13% 2352 MHz: .41% 2532 MHz: .26% 2592 MHz: .38%)
CPU 3 idle residency:  94.28%
CPU 3 down residency:   0.00%

P0-Cluster Online: 8%
P0-Cluster HW active frequency: 2422 MHz
P0-Cluster HW active residency:   2.99% (1260 MHz: .67% 1512 MHz:   0% 1800 MHz: .17% 2088 MHz:   0% 2352 MHz: .09% 2616 MHz: .63% 2868 MHz: .86% 3096 MHz: .57% 3300 MHz:   0% 3468 MHz:   0% 3624 MHz:   0% 3756 MHz:   0% 3828 MHz:   0% 3888 MHz:   0% 3948 MHz:   0% 3996 MHz:   0% 4044 MHz:   0% 4104 MHz:   0% 4416 MHz:   0% 4512 MHz:   0%)
P0-Cluster idle residency:   2.88%
P0-Cluster down residency:  94.13%
CPU 4 frequency: 2700 MHz
CPU 4 active residency:   2.01% (1260 MHz: .20% 1512 MHz:   0% 1800 MHz: .00% 2088 MHz:   0% 2352 MHz: .04% 2616 MHz: .41% 2868 MHz: .88% 3096 MHz: .48% 3300 MHz:   0% 3468 MHz:   0% 3624 MHz:   0% 3756 MHz:   0% 3828 MHz:   0% 3888 MHz:   0% 3948 MHz:   0% 3996 MHz:   0% 4044 MHz:   0% 4104 MHz:   0% 4416 MHz:   0% 4512 MHz:   0%)
CPU 4 idle residency:   3.94%
CPU 4 down residency:  94.04%
CPU 5 frequency: 2662 MHz
CPU 5 active residency:   2.03% (1260 MHz: .20% 1512 MHz:   0% 1800 MHz: .00% 2088 MHz:   0% 2352 MHz: .09% 2616 MHz: .54% 2868 MHz: .83% 3096 MHz: .37% 3300 MHz:   0% 3468 MHz:   0% 3624 MHz:   0% 3756 MHz:   0% 3828 MHz:   0% 3888 MHz:   0% 3948 MHz:   0% 3996 MHz:   0% 4044 MHz:   0% 4104 MHz:   0% 4416 MHz:   0% 4512 MHz:   0%)
CPU 5 idle residency:   3.90%
CPU 5 down residency:  94.07%
CPU 6 frequency: 2652 MHz
CPU 6 active residency:   1.72% (1260 MHz: .20% 1512 MHz:   0% 1800 MHz: .00% 2088 MHz:   0% 2352 MHz: .09% 2616 MHz: .32% 2868 MHz: .80% 3096 MHz: .32% 3300 MHz:   0% 3468 MHz:   0% 3624 MHz:   0% 3756 MHz:   0% 3828 MHz:   0% 3888 MHz:   0% 3948 MHz:   0% 3996 MHz:   0% 4044 MHz:   0% 4104 MHz:   0% 4416 MHz:   0% 4512 MHz:   0%)
CPU 6 idle residency:   4.20%
CPU 6 down residency:  94.07%
CPU 7 frequency: 2695 MHz
CPU 7 active residency:   2.09% (1260 MHz: .20% 1512 MHz:   0% 1800 MHz: .00% 2088 MHz:   0% 2352 MHz: .09% 2616 MHz: .45% 2868 MHz: .84% 3096 MHz: .52% 3300 MHz:   0% 3468 MHz:   0% 3624 MHz:   0% 3756 MHz:   0% 3828 MHz:   0% 3888 MHz:   0% 3948 MHz:   0% 3996 MHz:   0% 4044 MHz:   0% 4104 MHz:   0% 4416 MHz:   0% 4512 MHz:   0%)
CPU 7 idle residency:   3.83%
CPU 7 down residency:  94.07%
CPU 8 frequency: 2439 MHz
CPU 8 active residency:   0.75% (1260 MHz: .20% 1512 MHz:   0% 1800 MHz:   0% 2088 MHz:   0% 2352 MHz:   0% 2616 MHz: .06% 2868 MHz: .44% 3096 MHz: .05% 3300 MHz:   0% 3468 MHz:   0% 3624 MHz:   0% 3756 MHz:   0% 3828 MHz:   0% 3888 MHz:   0% 3948 MHz:   0% 3996 MHz:   0% 4044 MHz:   0% 4104 MHz:   0% 4416 MHz:   0% 4512 MHz:   0%)
CPU 8 idle residency:   5.17%
CPU 8 down residency:  94.07%
CPU 9 frequency: 2227 MHz
CPU 9 active residency:   0.47% (1260 MHz: .20% 1512 MHz:   0% 1800 MHz:   0% 2088 MHz:   0% 2352 MHz:   0% 2616 MHz: .03% 2868 MHz: .14% 3096 MHz: .10% 3300 MHz:   0% 3468 MHz:   0% 3624 MHz:   0% 3756 MHz:   0% 3828 MHz:   0% 3888 MHz:   0% 3948 MHz:   0% 3996 MHz:   0% 4044 MHz:   0% 4104 MHz:   0% 4416 MHz:   0% 4512 MHz:   0%)
CPU 9 idle residency:   5.46%
CPU 9 down residency:  94.07%

P1-Cluster HW active frequency: 3351 MHz
P1-Cluster HW active residency:  95.47% (1260 MHz: .49% 1512 MHz: .02% 1800 MHz: .02% 2088 MHz: .01% 2352 MHz: .93% 2616 MHz: 4.2% 2868 MHz:  22% 3096 MHz:  22% 3300 MHz: 6.1% 3468 MHz: 4.1% 3624 MHz: .39% 3756 MHz: .39% 3828 MHz:   0% 3888 MHz: 3.4% 3948 MHz:  21% 3996 MHz: 4.8% 4044 MHz: 5.4% 4104 MHz:   0% 4416 MHz:   0% 4512 MHz:   0%)
P1-Cluster idle residency:   4.53%
P1-Cluster down residency:   0.00%
CPU 10 frequency: 3401 MHz
CPU 10 active residency:  52.63% (1260 MHz: .06% 1512 MHz: .02% 1800 MHz: .02% 2088 MHz: .01% 2352 MHz: .04% 2616 MHz: .03% 2868 MHz:  15% 3096 MHz:  16% 3300 MHz: 4.5% 3468 MHz: 3.6% 3624 MHz: .39% 3756 MHz: .39% 3828 MHz:   0% 3888 MHz: .39% 3948 MHz:   0% 3996 MHz:   0% 4044 MHz: .38% 4104 MHz: .39% 4416 MHz: .39% 4512 MHz:  11%)
CPU 10 idle residency:  47.37%
CPU 10 down residency:   0.00%
CPU 11 frequency: 3532 MHz
CPU 11 active residency:  57.06% (1260 MHz: .09% 1512 MHz: .02% 1800 MHz: .00% 2088 MHz: .01% 2352 MHz: .16% 2616 MHz: .46% 2868 MHz:  15% 3096 MHz:  15% 3300 MHz: 3.7% 3468 MHz: 3.4% 3624 MHz: .20% 3756 MHz: .35% 3828 MHz:   0% 3888 MHz: .29% 3948 MHz:   0% 3996 MHz:   0% 4044 MHz: .09% 4104 MHz: .05% 4416 MHz: .06% 4512 MHz:  18%)
CPU 11 idle residency:  42.94%
CPU 11 down residency:   0.00%
CPU 12 frequency: 4000 MHz
CPU 12 active residency:  32.96% (1260 MHz: .02% 1512 MHz: .00% 1800 MHz: .00% 2088 MHz:   0% 2352 MHz: .00% 2616 MHz: .01% 2868 MHz: 5.6% 3096 MHz: 4.4% 3300 MHz: .75% 3468 MHz: .27% 3624 MHz: .02% 3756 MHz: .05% 3828 MHz:   0% 3888 MHz: .07% 3948 MHz:   0% 3996 MHz:   0% 4044 MHz: .09% 4104 MHz: .19% 4416 MHz: .31% 4512 MHz:  21%)
CPU 12 idle residency:  67.04%
CPU 12 down residency:   0.00%
CPU 13 frequency: 3701 MHz
CPU 13 active residency:  27.89% (1260 MHz: .04% 1512 MHz: .00% 1800 MHz:   0% 2088 MHz:   0% 2352 MHz: .61% 2616 MHz: 2.6% 2868 MHz: 4.2% 3096 MHz: 4.4% 3300 MHz: 2.1% 3468 MHz: .30% 3624 MHz: .10% 3756 MHz:   0% 3828 MHz:   0% 3888 MHz: .03% 3948 MHz:   0% 3996 MHz:   0% 4044 MHz: .00% 4104 MHz: .04% 4416 MHz: .17% 4512 MHz:  13%)
CPU 13 idle residency:  72.11%
CPU 13 down residency:   0.00%
CPU 14 frequency: 3969 MHz
CPU 14 active residency:  27.98% (1260 MHz: .01% 1512 MHz: .00% 1800 MHz:   0% 2088 MHz:   0% 2352 MHz: .63% 2616 MHz: 2.9% 2868 MHz: 2.7% 3096 MHz: 1.3% 3300 MHz: .70% 3468 MHz: .90% 3624 MHz: .01% 3756 MHz:   0% 3828 MHz:   0% 3888 MHz: .15% 3948 MHz:   0% 3996 MHz:   0% 4044 MHz:   0% 4104 MHz: .00% 4416 MHz: .29% 4512 MHz:  18%)
CPU 14 idle residency:  72.02%
CPU 14 down residency:   0.00%
CPU 15 frequency: 3468 MHz
CPU 15 active residency:  59.55% (1260 MHz: .07% 1512 MHz: .00% 1800 MHz:   0% 2088 MHz: .00% 2352 MHz: .69% 2616 MHz: 3.0% 2868 MHz:  15% 3096 MHz:  16% 3300 MHz: 3.1% 3468 MHz: 2.4% 3624 MHz: .04% 3756 MHz: .34% 3828 MHz:   0% 3888 MHz: .30% 3948 MHz:   0% 3996 MHz:   0% 4044 MHz: .01% 4104 MHz: .00% 4416 MHz: .06% 4512 MHz:  18%)
CPU 15 idle residency:  40.45%
CPU 15 down residency:   0.00%

CPU Power: 4120 mW
GPU Power: 32512 mW
ANE Power: 0 mW
Combined Power (CPU + GPU + ANE): 36632 mW

**** GPU usage ****

GPU HW active frequency: 1578 MHz
GPU HW active residency: 100.00% (338 MHz:   0% 618 MHz:   0% 796 MHz:   0% 924 MHz:   0% 952 MHz:   0% 1056 MHz:   0% 1062 MHz:   0% 1182 MHz:   0% 1182 MHz:   0% 1312 MHz:   0% 1242 MHz:   0% 1380 MHz:   0% 1326 MHz:   0% 1470 MHz:   0% 1578 MHz: 100%)
GPU SW requested state: (P1 :   0% P2 :   0% P3 :   0% P4 :   0% P5 :   0% P6 :   0% P7 :   0% P8 :   0% P9 :   0% P10 : 100% P11 :   0% P12 :   0% P13 :   0% P14 :   0% P15 :   0%)
GPU SW state: (SW_P1 :   0% SW_P2 :   0% SW_P3 :   0% SW_P4 :   0% SW_P5 :   0% SW_P6 :   0% SW_P7 :   0% SW_P8 :   0% SW_P9 :   0% SW_P10 : 100% SW_P11 :   0% SW_P12 :   0% SW_P13 :   0% SW_P14 :   0% SW_P15 :   0%)
GPU idle residency:   0.00%
GPU Power: 32511 mW



*** Sampled system activity (Tue Jan 20 15:16:16 2026 +0100) (1020.09ms elapsed) ***


**** Processor usage ****

E-Cluster Online: 100%
E-Cluster HW active frequency: 1400 MHz
E-Cluster HW active residency:  62.06% (1020 MHz:  36% 1404 MHz: 7.9% 1788 MHz: 7.2% 2112 MHz: 3.1% 2352 MHz: 1.2% 2532 MHz: 1.8% 2592 MHz: 4.7%)
E-Cluster idle residency:  37.94%
E-Cluster down residency:   0.00%
CPU 0 frequency: 1384 MHz
CPU 0 active residency:  32.36% (1020 MHz:  19% 1404 MHz: 4.2% 1788 MHz: 3.5% 2112 MHz: 1.3% 2352 MHz: .56% 2532 MHz: 1.1% 2592 MHz: 2.3%)
CPU 0 idle residency:  67.64%
CPU 0 down residency:   0.00%
CPU 1 frequency: 1340 MHz
CPU 1 active residency:  18.14% (1020 MHz:  11% 1404 MHz: 2.4% 1788 MHz: 1.9% 2112 MHz: .52% 2352 MHz: .40% 2532 MHz: .42% 2592 MHz: 1.1%)
CPU 1 idle residency:  81.86%
CPU 1 down residency:   0.00%
CPU 2 frequency: 1408 MHz
CPU 2 active residency:  11.31% (1020 MHz: 6.3% 1404 MHz: 1.6% 1788 MHz: 1.7% 2112 MHz: .36% 2352 MHz: .14% 2532 MHz: .50% 2592 MHz: .74%)
CPU 2 idle residency:  88.69%
CPU 2 down residency:   0.00%
CPU 3 frequency: 1369 MHz
CPU 3 active residency:   7.95% (1020 MHz: 4.6% 1404 MHz: 1.2% 1788 MHz: 1.2% 2112 MHz: .19% 2352 MHz: .27% 2532 MHz: .13% 2592 MHz: .40%)
CPU 3 idle residency:  92.05%
CPU 3 down residency:   0.00%

P0-Cluster Online: 32%
P0-Cluster HW active frequency: 2223 MHz
P0-Cluster HW active residency:  10.05% (1260 MHz: 5.7% 1512 MHz: .24% 1800 MHz: .18% 2088 MHz:   0% 2352 MHz:   0% 2616 MHz: .09% 2868 MHz: .03% 3096 MHz: .56% 3300 MHz: .13% 3468 MHz: .43% 3624 MHz: .38% 3756 MHz:   0% 3828 MHz: .39% 3888 MHz: .00% 3948 MHz: .48% 3996 MHz: .45% 4044 MHz: .92% 4104 MHz: .04% 4416 MHz:   0% 4512 MHz:   0%)
P0-Cluster idle residency:  22.41%
P0-Cluster down residency:  67.53%
CPU 4 frequency: 0 MHz
CPU 4 active residency:   0.00% (1260 MHz:   0% 1512 MHz:   0% 1800 MHz:   0% 2088 MHz:   0% 2352 MHz:   0% 2616 MHz:   0% 2868 MHz:   0% 3096 MHz:   0% 3300 MHz:   0% 3468 MHz:   0% 3624 MHz:   0% 3756 MHz:   0% 3828 MHz:   0% 3888 MHz:   0% 3948 MHz:   0% 3996 MHz:   0% 4044 MHz:   0% 4104 MHz:   0% 4416 MHz:   0% 4512 MHz:   0%)
CPU 4 idle residency:  31.49%
CPU 4 down residency:  68.51%
CPU 5 frequency: 0 MHz
CPU 5 active residency:   0.00% (1260 MHz:   0% 1512 MHz:   0% 1800 MHz:   0% 2088 MHz:   0% 2352 MHz:   0% 2616 MHz:   0% 2868 MHz:   0% 3096 MHz:   0% 3300 MHz:   0% 3468 MHz:   0% 3624 MHz:   0% 3756 MHz:   0% 3828 MHz:   0% 3888 MHz:   0% 3948 MHz:   0% 3996 MHz:   0% 4044 MHz:   0% 4104 MHz:   0% 4416 MHz:   0% 4512 MHz:   0%)
CPU 5 idle residency:  29.94%
CPU 5 down residency:  70.06%
CPU 6 frequency: 2616 MHz
CPU 6 active residency:   0.00% (1260 MHz:   0% 1512 MHz:   0% 1800 MHz:   0% 2088 MHz:   0% 2352 MHz:   0% 2616 MHz: .00% 2868 MHz:   0% 3096 MHz:   0% 3300 MHz:   0% 3468 MHz:   0% 3624 MHz:   0% 3756 MHz:   0% 3828 MHz:   0% 3888 MHz:   0% 3948 MHz:   0% 3996 MHz:   0% 4044 MHz:   0% 4104 MHz:   0% 4416 MHz:   0% 4512 MHz:   0%)
CPU 6 idle residency:  32.24%
CPU 6 down residency:  67.76%
CPU 7 frequency: 0 MHz
CPU 7 active residency:   0.00% (1260 MHz:   0% 1512 MHz:   0% 1800 MHz:   0% 2088 MHz:   0% 2352 MHz:   0% 2616 MHz:   0% 2868 MHz:   0% 3096 MHz:   0% 3300 MHz:   0% 3468 MHz:   0% 3624 MHz:   0% 3756 MHz:   0% 3828 MHz:   0% 3888 MHz:   0% 3948 MHz:   0% 3996 MHz:   0% 4044 MHz:   0% 4104 MHz:   0% 4416 MHz:   0% 4512 MHz:   0%)
CPU 7 idle residency:  31.15%
CPU 7 down residency:  68.85%
CPU 8 frequency: 0 MHz
CPU 8 active residency:   0.00% (1260 MHz:   0% 1512 MHz:   0% 1800 MHz:   0% 2088 MHz:   0% 2352 MHz:   0% 2616 MHz:   0% 2868 MHz:   0% 3096 MHz:   0% 3300 MHz:   0% 3468 MHz:   0% 3624 MHz:   0% 3756 MHz:   0% 3828 MHz:   0% 3888 MHz:   0% 3948 MHz:   0% 3996 MHz:   0% 4044 MHz:   0% 4104 MHz:   0% 4416 MHz:   0% 4512 MHz:   0%)
CPU 8 idle residency:  32.27%
CPU 8 down residency:  67.73%
CPU 9 frequency: 1800 MHz
CPU 9 active residency:   0.00% (1260 MHz:   0% 1512 MHz:   0% 1800 MHz: .00% 2088 MHz:   0% 2352 MHz:   0% 2616 MHz:   0% 2868 MHz:   0% 3096 MHz:   0% 3300 MHz:   0% 3468 MHz:   0% 3624 MHz:   0% 3756 MHz:   0% 3828 MHz:   0% 3888 MHz:   0% 3948 MHz:   0% 3996 MHz:   0% 4044 MHz:   0% 4104 MHz:   0% 4416 MHz:   0% 4512 MHz:   0%)
CPU 9 idle residency:  32.28%
CPU 9 down residency:  67.72%

P1-Cluster HW active frequency: 3372 MHz
P1-Cluster HW active residency:  96.52% (1260 MHz: .47% 1512 MHz: .03% 1800 MHz: .01% 2088 MHz: .04% 2352 MHz: .02% 2616 MHz: .01% 2868 MHz:  20% 3096 MHz:  31% 3300 MHz: 8.1% 3468 MHz: 1.9% 3624 MHz: .86% 3756 MHz: .58% 3828 MHz: .04% 3888 MHz: 5.3% 3948 MHz:  20% 3996 MHz: 4.0% 4044 MHz: 4.5% 4104 MHz:   0% 4416 MHz:   0% 4512 MHz:   0%)
P1-Cluster idle residency:   3.48%
P1-Cluster down residency:   0.00%
CPU 10 frequency: 3513 MHz
CPU 10 active residency:  60.88% (1260 MHz: .05% 1512 MHz:   0% 1800 MHz: .01% 2088 MHz: .00% 2352 MHz: .02% 2616 MHz: .00% 2868 MHz:  14% 3096 MHz:  19% 3300 MHz: 5.3% 3468 MHz: 1.8% 3624 MHz: .73% 3756 MHz: .47% 3828 MHz: .04% 3888 MHz:   0% 3948 MHz:   0% 3996 MHz:   0% 4044 MHz:   0% 4104 MHz:   0% 4416 MHz:   0% 4512 MHz:  19%)
CPU 10 idle residency:  39.12%
CPU 10 down residency:   0.00%
CPU 11 frequency: 3699 MHz
CPU 11 active residency:  57.69% (1260 MHz: .09% 1512 MHz: .01% 1800 MHz: .00% 2088 MHz:   0% 2352 MHz:   0% 2616 MHz:   0% 2868 MHz:  14% 3096 MHz:  13% 3300 MHz: 2.4% 3468 MHz: 1.7% 3624 MHz: .45% 3756 MHz: .41% 3828 MHz:   0% 3888 MHz:   0% 3948 MHz:   0% 3996 MHz:   0% 4044 MHz:   0% 4104 MHz:   0% 4416 MHz:   0% 4512 MHz:  26%)
CPU 11 idle residency:  42.31%
CPU 11 down residency:   0.00%
CPU 12 frequency: 3722 MHz
CPU 12 active residency:  50.56% (1260 MHz: .06% 1512 MHz: .02% 1800 MHz: .00% 2088 MHz: .03% 2352 MHz: .02% 2616 MHz: .01% 2868 MHz: 6.1% 3096 MHz:  14% 3300 MHz: 5.4% 3468 MHz: 1.7% 3624 MHz: .44% 3756 MHz: .40% 3828 MHz: .02% 3888 MHz:   0% 3948 MHz:   0% 3996 MHz:   0% 4044 MHz:   0% 4104 MHz:   0% 4416 MHz:   0% 4512 MHz:  22%)
CPU 12 idle residency:  49.44%
CPU 12 down residency:   0.00%
CPU 13 frequency: 3931 MHz
CPU 13 active residency:  26.51% (1260 MHz: .01% 1512 MHz: .00% 1800 MHz:   0% 2088 MHz: .01% 2352 MHz: .00% 2616 MHz:   0% 2868 MHz: 1.2% 3096 MHz: 7.3% 3300 MHz: 1.4% 3468 MHz: .72% 3624 MHz: .34% 3756 MHz: .39% 3828 MHz: .01% 3888 MHz:   0% 3948 MHz:   0% 3996 MHz:   0% 4044 MHz:   0% 4104 MHz:   0% 4416 MHz:   0% 4512 MHz:  15%)
CPU 13 idle residency:  73.49%
CPU 13 down residency:   0.00%
CPU 14 frequency: 3807 MHz
CPU 14 active residency:  30.95% (1260 MHz: .03% 1512 MHz:   0% 1800 MHz:   0% 2088 MHz: .01% 2352 MHz:   0% 2616 MHz: .01% 2868 MHz: 2.4% 3096 MHz: 6.6% 3300 MHz: 5.8% 3468 MHz: .64% 3624 MHz: .30% 3756 MHz: .57% 3828 MHz: .00% 3888 MHz:   0% 3948 MHz:   0% 3996 MHz:   0% 4044 MHz:   0% 4104 MHz:   0% 4416 MHz:   0% 4512 MHz:  15%)
CPU 14 idle residency:  69.05%
CPU 14 down residency:   0.00%
CPU 15 frequency: 3493 MHz
CPU 15 active residency:  52.16% (1260 MHz: .03% 1512 MHz: .00% 1800 MHz: .01% 2088 MHz: .00% 2352 MHz: .02% 2616 MHz: .00% 2868 MHz:  14% 3096 MHz:  15% 3300 MHz: 4.3% 3468 MHz: 1.8% 3624 MHz: .49% 3756 MHz: .42% 3828 MHz:   0% 3888 MHz:   0% 3948 MHz:   0% 3996 MHz:   0% 4044 MHz:   0% 4104 MHz:   0% 4416 MHz:   0% 4512 MHz:  16%)
CPU 15 idle residency:  47.84%
CPU 15 down residency:   0.00%

CPU Power: 4606 mW
GPU Power: 32807 mW
ANE Power: 0 mW
Combined Power (CPU + GPU + ANE): 37413 mW

**** GPU usage ****

GPU HW active frequency: 1578 MHz
GPU HW active residency: 100.00% (338 MHz:   0% 618 MHz:   0% 796 MHz:   0% 924 MHz:   0% 952 MHz:   0% 1056 MHz:   0% 1062 MHz:   0% 1182 MHz:   0% 1182 MHz:   0% 1312 MHz:   0% 1242 MHz:   0% 1380 MHz:   0% 1326 MHz:   0% 1470 MHz:   0% 1578 MHz: 100%)
GPU SW requested state: (P1 :   0% P2 :   0% P3 :   0% P4 :   0% P5 :   0% P6 :   0% P7 :   0% P8 :   0% P9 :   0% P10 : 100% P11 :   0% P12 :   0% P13 :   0% P14 :   0% P15 :   0%)
GPU SW state: (SW_P1 :   0% SW_P2 :   0% SW_P3 :   0% SW_P4 :   0% SW_P5 :   0% SW_P6 :   0% SW_P7 :   0% SW_P8 :   0% SW_P9 :   0% SW_P10 : 100% SW_P11 :   0% SW_P12 :   0% SW_P13 :   0% SW_P14 :   0% SW_P15 :   0%)
GPU idle residency:   0.00%
GPU Power: 32538 mW



*** Sampled system activity (Tue Jan 20 15:16:17 2026 +0100) (1018.29ms elapsed) ***


**** Processor usage ****

E-Cluster Online: 100%
E-Cluster HW active frequency: 1319 MHz
E-Cluster HW active residency:  55.73% (1020 MHz:  38% 1404 MHz: 5.9% 1788 MHz: 4.5% 2112 MHz: 1.7% 2352 MHz: 1.6% 2532 MHz: .64% 2592 MHz: 3.8%)
E-Cluster idle residency:  44.27%
E-Cluster down residency:   0.00%
CPU 0 frequency: 1315 MHz
CPU 0 active residency:  26.10% (1020 MHz:  17% 1404 MHz: 3.2% 1788 MHz: 2.5% 2112 MHz: .54% 2352 MHz: .79% 2532 MHz: .21% 2592 MHz: 1.7%)
CPU 0 idle residency:  73.90%
CPU 0 down residency:   0.00%
CPU 1 frequency: 1357 MHz
CPU 1 active residency:  15.61% (1020 MHz:  10% 1404 MHz: 1.4% 1788 MHz: 1.3% 2112 MHz: .38% 2352 MHz: .77% 2532 MHz: .45% 2592 MHz: 1.0%)
CPU 1 idle residency:  84.39%
CPU 1 down residency:   0.00%
CPU 2 frequency: 1307 MHz
CPU 2 active residency:   8.89% (1020 MHz: 5.4% 1404 MHz: 1.5% 1788 MHz: 1.1% 2112 MHz: .33% 2352 MHz: .15% 2532 MHz: .07% 2592 MHz: .30%)
CPU 2 idle residency:  91.11%
CPU 2 down residency:   0.00%
CPU 3 frequency: 1225 MHz
CPU 3 active residency:   4.43% (1020 MHz: 3.3% 1404 MHz: .39% 1788 MHz: .34% 2112 MHz: .10% 2352 MHz: .08% 2532 MHz: .02% 2592 MHz: .16%)
CPU 3 idle residency:  95.57%
CPU 3 down residency:   0.00%

P0-Cluster Online: 5%
P0-Cluster HW active frequency: 1350 MHz
P0-Cluster HW active residency:   1.02% (1260 MHz: .96% 1512 MHz:   0% 1800 MHz:   0% 2088 MHz:   0% 2352 MHz:   0% 2616 MHz:   0% 2868 MHz: .06% 3096 MHz:   0% 3300 MHz:   0% 3468 MHz:   0% 3624 MHz:   0% 3756 MHz:   0% 3828 MHz:   0% 3888 MHz:   0% 3948 MHz:   0% 3996 MHz:   0% 4044 MHz:   0% 4104 MHz:   0% 4416 MHz:   0% 4512 MHz:   0%)
P0-Cluster idle residency:   3.21%
P0-Cluster down residency:  95.77%
CPU 4 frequency: 0 MHz
CPU 4 active residency:   0.00% (1260 MHz:   0% 1512 MHz:   0% 1800 MHz:   0% 2088 MHz:   0% 2352 MHz:   0% 2616 MHz:   0% 2868 MHz:   0% 3096 MHz:   0% 3300 MHz:   0% 3468 MHz:   0% 3624 MHz:   0% 3756 MHz:   0% 3828 MHz:   0% 3888 MHz:   0% 3948 MHz:   0% 3996 MHz:   0% 4044 MHz:   0% 4104 MHz:   0% 4416 MHz:   0% 4512 MHz:   0%)
CPU 4 idle residency:   4.04%
CPU 4 down residency:  95.96%
CPU 5 frequency: 0 MHz
CPU 5 active residency:   0.00% (1260 MHz:   0% 1512 MHz:   0% 1800 MHz:   0% 2088 MHz:   0% 2352 MHz:   0% 2616 MHz:   0% 2868 MHz:   0% 3096 MHz:   0% 3300 MHz:   0% 3468 MHz:   0% 3624 MHz:   0% 3756 MHz:   0% 3828 MHz:   0% 3888 MHz:   0% 3948 MHz:   0% 3996 MHz:   0% 4044 MHz:   0% 4104 MHz:   0% 4416 MHz:   0% 4512 MHz:   0%)
CPU 5 idle residency:   4.01%
CPU 5 down residency:  95.99%
CPU 6 frequency: 0 MHz
CPU 6 active residency:   0.00% (1260 MHz:   0% 1512 MHz:   0% 1800 MHz:   0% 2088 MHz:   0% 2352 MHz:   0% 2616 MHz:   0% 2868 MHz:   0% 3096 MHz:   0% 3300 MHz:   0% 3468 MHz:   0% 3624 MHz:   0% 3756 MHz:   0% 3828 MHz:   0% 3888 MHz:   0% 3948 MHz:   0% 3996 MHz:   0% 4044 MHz:   0% 4104 MHz:   0% 4416 MHz:   0% 4512 MHz:   0%)
CPU 6 idle residency:   4.04%
CPU 6 down residency:  95.96%
CPU 7 frequency: 0 MHz
CPU 7 active residency:   0.00% (1260 MHz:   0% 1512 MHz:   0% 1800 MHz:   0% 2088 MHz:   0% 2352 MHz:   0% 2616 MHz:   0% 2868 MHz:   0% 3096 MHz:   0% 3300 MHz:   0% 3468 MHz:   0% 3624 MHz:   0% 3756 MHz:   0% 3828 MHz:   0% 3888 MHz:   0% 3948 MHz:   0% 3996 MHz:   0% 4044 MHz:   0% 4104 MHz:   0% 4416 MHz:   0% 4512 MHz:   0%)
CPU 7 idle residency:   4.04%
CPU 7 down residency:  95.96%
CPU 8 frequency: 0 MHz
CPU 8 active residency:   0.00% (1260 MHz:   0% 1512 MHz:   0% 1800 MHz:   0% 2088 MHz:   0% 2352 MHz:   0% 2616 MHz:   0% 2868 MHz:   0% 3096 MHz:   0% 3300 MHz:   0% 3468 MHz:   0% 3624 MHz:   0% 3756 MHz:   0% 3828 MHz:   0% 3888 MHz:   0% 3948 MHz:   0% 3996 MHz:   0% 4044 MHz:   0% 4104 MHz:   0% 4416 MHz:   0% 4512 MHz:   0%)
CPU 8 idle residency:   4.04%
CPU 8 down residency:  95.96%
CPU 9 frequency: 0 MHz
CPU 9 active residency:   0.00% (1260 MHz:   0% 1512 MHz:   0% 1800 MHz:   0% 2088 MHz:   0% 2352 MHz:   0% 2616 MHz:   0% 2868 MHz:   0% 3096 MHz:   0% 3300 MHz:   0% 3468 MHz:   0% 3624 MHz:   0% 3756 MHz:   0% 3828 MHz:   0% 3888 MHz:   0% 3948 MHz:   0% 3996 MHz:   0% 4044 MHz:   0% 4104 MHz:   0% 4416 MHz:   0% 4512 MHz:   0%)
CPU 9 idle residency:   4.04%
CPU 9 down residency:  95.96%

P1-Cluster HW active frequency: 3283 MHz
P1-Cluster HW active residency:  95.89% (1260 MHz: .48% 1512 MHz: .01% 1800 MHz: .01% 2088 MHz: .01% 2352 MHz: 4.2% 2616 MHz: 5.8% 2868 MHz:  25% 3096 MHz:  24% 3300 MHz: 1.3% 3468 MHz: .39% 3624 MHz:   0% 3756 MHz: .39% 3828 MHz:   0% 3888 MHz: 3.8% 3948 MHz:  21% 3996 MHz: 4.3% 4044 MHz: 5.1% 4104 MHz:   0% 4416 MHz:   0% 4512 MHz:   0%)
P1-Cluster idle residency:   4.11%
P1-Cluster down residency:   0.00%
CPU 10 frequency: 3483 MHz
CPU 10 active residency:  38.11% (1260 MHz: .05% 1512 MHz:   0% 1800 MHz: .00% 2088 MHz: .01% 2352 MHz: 4.1% 2616 MHz: 5.2% 2868 MHz: 7.3% 3096 MHz: 4.7% 3300 MHz: .81% 3468 MHz: .38% 3624 MHz:   0% 3756 MHz: .21% 3828 MHz:   0% 3888 MHz:   0% 3948 MHz:   0% 3996 MHz:   0% 4044 MHz: .17% 4104 MHz: .19% 4416 MHz: .30% 4512 MHz:  15%)
CPU 10 idle residency:  61.89%
CPU 10 down residency:   0.00%
CPU 11 frequency: 3728 MHz
CPU 11 active residency:  34.27% (1260 MHz: .01% 1512 MHz:   0% 1800 MHz:   0% 2088 MHz:   0% 2352 MHz: 3.8% 2616 MHz: 4.5% 2868 MHz: 3.6% 3096 MHz: 2.1% 3300 MHz: .33% 3468 MHz: .20% 3624 MHz:   0% 3756 MHz: .31% 3828 MHz:   0% 3888 MHz: .35% 3948 MHz:   0% 3996 MHz:   0% 4044 MHz: .28% 4104 MHz: .05% 4416 MHz: .29% 4512 MHz:  18%)
CPU 11 idle residency:  65.73%
CPU 11 down residency:   0.00%
CPU 12 frequency: 3385 MHz
CPU 12 active residency:  49.32% (1260 MHz: .05% 1512 MHz: .01% 1800 MHz: .00% 2088 MHz: .01% 2352 MHz: .23% 2616 MHz: .11% 2868 MHz:  16% 3096 MHz:  19% 3300 MHz: 1.2% 3468 MHz: .39% 3624 MHz:   0% 3756 MHz: .39% 3828 MHz:   0% 3888 MHz: .39% 3948 MHz:   0% 3996 MHz:   0% 4044 MHz: .39% 4104 MHz: .39% 4416 MHz: .39% 4512 MHz:  11%)
CPU 12 idle residency:  50.68%
CPU 12 down residency:   0.00%
CPU 13 frequency: 3830 MHz
CPU 13 active residency:  29.92% (1260 MHz: .00% 1512 MHz:   0% 1800 MHz:   0% 2088 MHz: .00% 2352 MHz: 2.8% 2616 MHz: 4.5% 2868 MHz: 2.6% 3096 MHz: .46% 3300 MHz: .50% 3468 MHz: .20% 3624 MHz:   0% 3756 MHz:   0% 3828 MHz:   0% 3888 MHz:   0% 3948 MHz:   0% 3996 MHz:   0% 4044 MHz:   0% 4104 MHz: .02% 4416 MHz: .04% 4512 MHz:  19%)
CPU 13 idle residency:  70.08%
CPU 13 down residency:   0.00%
CPU 14 frequency: 3559 MHz
CPU 14 active residency:  50.54% (1260 MHz: .07% 1512 MHz:   0% 1800 MHz: .00% 2088 MHz: .00% 2352 MHz:   0% 2616 MHz: .00% 2868 MHz:  14% 3096 MHz:  16% 3300 MHz: .72% 3468 MHz: .26% 3624 MHz:   0% 3756 MHz: .39% 3828 MHz:   0% 3888 MHz: .31% 3948 MHz:   0% 3996 MHz:   0% 4044 MHz: .17% 4104 MHz: .05% 4416 MHz: .03% 4512 MHz:  18%)
CPU 14 idle residency:  49.46%
CPU 14 down residency:   0.00%
CPU 15 frequency: 3563 MHz
CPU 15 active residency:  55.27% (1260 MHz: .08% 1512 MHz: .02% 1800 MHz: .00% 2088 MHz:   0% 2352 MHz: 2.4% 2616 MHz: .69% 2868 MHz:  14% 3096 MHz:  15% 3300 MHz: 1.1% 3468 MHz: .35% 3624 MHz:   0% 3756 MHz: .32% 3828 MHz:   0% 3888 MHz: .35% 3948 MHz:   0% 3996 MHz:   0% 4044 MHz: .33% 4104 MHz: .02% 4416 MHz: .05% 4512 MHz:  21%)
CPU 15 idle residency:  44.73%
CPU 15 down residency:   0.00%

CPU Power: 3980 mW
GPU Power: 32624 mW
ANE Power: 0 mW
Combined Power (CPU + GPU + ANE): 36605 mW

**** GPU usage ****

GPU HW active frequency: 1578 MHz
GPU HW active residency: 100.00% (338 MHz:   0% 618 MHz:   0% 796 MHz:   0% 924 MHz:   0% 952 MHz:   0% 1056 MHz:   0% 1062 MHz:   0% 1182 MHz:   0% 1182 MHz:   0% 1312 MHz:   0% 1242 MHz:   0% 1380 MHz:   0% 1326 MHz:   0% 1470 MHz:   0% 1578 MHz: 100%)
GPU SW requested state: (P1 :   0% P2 :   0% P3 :   0% P4 :   0% P5 :   0% P6 :   0% P7 :   0% P8 :   0% P9 :   0% P10 : 100% P11 :   0% P12 :   0% P13 :   0% P14 :   0% P15 :   0%)
GPU SW state: (SW_P1 :   0% SW_P2 :   0% SW_P3 :   0% SW_P4 :   0% SW_P5 :   0% SW_P6 :   0% SW_P7 :   0% SW_P8 :   0% SW_P9 :   0% SW_P10 : 100% SW_P11 :   0% SW_P12 :   0% SW_P13 :   0% SW_P14 :   0% SW_P15 :   0%)
GPU idle residency:   0.00%
GPU Power: 32894 mW



*** Sampled system activity (Tue Jan 20 15:16:18 2026 +0100) (1018.71ms elapsed) ***


**** Processor usage ****

E-Cluster Online: 100%
E-Cluster HW active frequency: 1387 MHz
E-Cluster HW active residency:  61.03% (1020 MHz:  36% 1404 MHz: 9.8% 1788 MHz: 5.5% 2112 MHz: 2.3% 2352 MHz: .98% 2532 MHz: 2.6% 2592 MHz: 4.2%)
E-Cluster idle residency:  38.97%
E-Cluster down residency:   0.00%
CPU 0 frequency: 1375 MHz
CPU 0 active residency:  30.03% (1020 MHz:  18% 1404 MHz: 4.9% 1788 MHz: 3.0% 2112 MHz: .77% 2352 MHz: .69% 2532 MHz: 1.3% 2592 MHz: 1.8%)
CPU 0 idle residency:  69.97%
CPU 0 down residency:   0.00%
CPU 1 frequency: 1383 MHz
CPU 1 active residency:  19.79% (1020 MHz:  11% 1404 MHz: 2.7% 1788 MHz: 2.9% 2112 MHz: .50% 2352 MHz: .52% 2532 MHz: .75% 2592 MHz: 1.0%)
CPU 1 idle residency:  80.21%
CPU 1 down residency:   0.00%
CPU 2 frequency: 1572 MHz
CPU 2 active residency:  13.60% (1020 MHz: 6.5% 1404 MHz: 1.6% 1788 MHz: 1.4% 2112 MHz: .88% 2352 MHz: .39% 2532 MHz: 1.2% 2592 MHz: 1.6%)
CPU 2 idle residency:  86.40%
CPU 2 down residency:   0.00%
CPU 3 frequency: 1527 MHz
CPU 3 active residency:   8.46% (1020 MHz: 4.0% 1404 MHz: 1.1% 1788 MHz: 1.3% 2112 MHz: .42% 2352 MHz: .47% 2532 MHz: .65% 2592 MHz: .50%)
CPU 3 idle residency:  91.54%
CPU 3 down residency:   0.00%

P0-Cluster Online: 50%
P0-Cluster HW active frequency: 3190 MHz
P0-Cluster HW active residency:  41.81% (1260 MHz: 6.0% 1512 MHz: .00% 1800 MHz: .37% 2088 MHz: .37% 2352 MHz: .39% 2616 MHz: 1.2% 2868 MHz: 6.8% 3096 MHz: 4.5% 3300 MHz: .52% 3468 MHz: .78% 3624 MHz: .68% 3756 MHz: .07% 3828 MHz: .66% 3888 MHz: 1.7% 3948 MHz:  11% 3996 MHz: 2.5% 4044 MHz: 4.1% 4104 MHz:   0% 4416 MHz: .01% 4512 MHz:   0%)
P0-Cluster idle residency:   7.64%
P0-Cluster down residency:  50.55%
CPU 4 frequency: 3636 MHz
CPU 4 active residency:  18.12% (1260 MHz: .46% 1512 MHz: .00% 1800 MHz: .00% 2088 MHz: .00% 2352 MHz: .01% 2616 MHz: .97% 2868 MHz: 3.8% 3096 MHz: 3.2% 3300 MHz: .36% 3468 MHz: .42% 3624 MHz: .41% 3756 MHz: .01% 3828 MHz: .44% 3888 MHz: .00% 3948 MHz: .21% 3996 MHz:   0% 4044 MHz:   0% 4104 MHz: .03% 4416 MHz: .00% 4512 MHz: 7.8%)
CPU 4 idle residency:  32.02%
CPU 4 down residency:  49.85%
CPU 5 frequency: 4174 MHz
CPU 5 active residency:  23.22% (1260 MHz: .69% 1512 MHz:   0% 1800 MHz: .04% 2088 MHz:   0% 2352 MHz:   0% 2616 MHz: .01% 2868 MHz: .69% 3096 MHz: .24% 3300 MHz: .31% 3468 MHz: 1.1% 3624 MHz: 1.0% 3756 MHz: .06% 3828 MHz: .88% 3888 MHz: .17% 3948 MHz: .74% 3996 MHz:   0% 4044 MHz:   0% 4104 MHz: .74% 4416 MHz: .75% 4512 MHz:  16%)
CPU 5 idle residency:  28.20%
CPU 5 down residency:  48.59%
CPU 6 frequency: 3671 MHz
CPU 6 active residency:  15.17% (1260 MHz: .40% 1512 MHz: .00% 1800 MHz:   0% 2088 MHz: .00% 2352 MHz:   0% 2616 MHz: .11% 2868 MHz: 5.4% 3096 MHz: 1.6% 3300 MHz: .04% 3468 MHz:   0% 3624 MHz: .00% 3756 MHz: .03% 3828 MHz:   0% 3888 MHz:   0% 3948 MHz:   0% 3996 MHz:   0% 4044 MHz:   0% 4104 MHz:   0% 4416 MHz:   0% 4512 MHz: 7.6%)
CPU 6 idle residency:  34.64%
CPU 6 down residency:  50.19%
CPU 7 frequency: 3673 MHz
CPU 7 active residency:  20.82% (1260 MHz: .43% 1512 MHz:   0% 1800 MHz: .27% 2088 MHz: .36% 2352 MHz: .32% 2616 MHz: .85% 2868 MHz: 4.3% 3096 MHz: 2.6% 3300 MHz: .22% 3468 MHz: .27% 3624 MHz: .39% 3756 MHz: .05% 3828 MHz: .19% 3888 MHz: .22% 3948 MHz: .15% 3996 MHz:   0% 4044 MHz:   0% 4104 MHz: .15% 4416 MHz: .00% 4512 MHz:  10%)
CPU 7 idle residency:  29.74%
CPU 7 down residency:  49.44%
CPU 8 frequency: 3600 MHz
CPU 8 active residency:  14.25% (1260 MHz: .40% 1512 MHz:   0% 1800 MHz:   0% 2088 MHz:   0% 2352 MHz:   0% 2616 MHz: .86% 2868 MHz: 3.9% 3096 MHz: 2.5% 3300 MHz: .03% 3468 MHz:   0% 3624 MHz: .00% 3756 MHz:   0% 3828 MHz:   0% 3888 MHz:   0% 3948 MHz:   0% 3996 MHz:   0% 4044 MHz:   0% 4104 MHz:   0% 4416 MHz:   0% 4512 MHz: 6.5%)
CPU 8 idle residency:  35.54%
CPU 8 down residency:  50.20%
CPU 9 frequency: 4018 MHz
CPU 9 active residency:   8.21% (1260 MHz: .38% 1512 MHz:   0% 1800 MHz:   0% 2088 MHz:   0% 2352 MHz:   0% 2616 MHz: .03% 2868 MHz: .85% 3096 MHz: .96% 3300 MHz: .01% 3468 MHz:   0% 3624 MHz:   0% 3756 MHz:   0% 3828 MHz:   0% 3888 MHz:   0% 3948 MHz:   0% 3996 MHz:   0% 4044 MHz:   0% 4104 MHz:   0% 4416 MHz:   0% 4512 MHz: 6.0%)
CPU 9 idle residency:  41.56%
CPU 9 down residency:  50.22%

P1-Cluster HW active frequency: 3361 MHz
P1-Cluster HW active residency:  66.84% (1260 MHz: .73% 1512 MHz: .03% 1800 MHz: .01% 2088 MHz: .05% 2352 MHz: .04% 2616 MHz: .01% 2868 MHz: 9.8% 3096 MHz:  22% 3300 MHz: 9.9% 3468 MHz: .78% 3624 MHz: .39% 3756 MHz: 2.9% 3828 MHz: 1.9% 3888 MHz: 3.3% 3948 MHz:  10% 3996 MHz: 2.1% 4044 MHz: 2.6% 4104 MHz:   0% 4416 MHz:   0% 4512 MHz:   0%)
P1-Cluster idle residency:   4.39%
P1-Cluster down residency:  28.77%
CPU 10 frequency: 3308 MHz
CPU 10 active residency:  39.06% (1260 MHz: .12% 1512 MHz: .02% 1800 MHz: .01% 2088 MHz: .01% 2352 MHz: .02% 2616 MHz: .00% 2868 MHz: 7.3% 3096 MHz:  15% 3300 MHz: 7.0% 3468 MHz: .71% 3624 MHz: .39% 3756 MHz: 2.5% 3828 MHz: 1.8% 3888 MHz: .59% 3948 MHz:   0% 3996 MHz:   0% 4044 MHz:   0% 4104 MHz: .12% 4416 MHz: .42% 4512 MHz: 3.0%)
CPU 10 idle residency:  32.16%
CPU 10 down residency:  28.79%
CPU 11 frequency: 3485 MHz
CPU 11 active residency:  43.10% (1260 MHz: .13% 1512 MHz: .03% 1800 MHz:   0% 2088 MHz: .00% 2352 MHz: .02% 2616 MHz: .01% 2868 MHz: 6.3% 3096 MHz:  15% 3300 MHz: 7.2% 3468 MHz: .78% 3624 MHz: .39% 3756 MHz: 2.0% 3828 MHz: 1.2% 3888 MHz: .33% 3948 MHz:   0% 3996 MHz:   0% 4044 MHz:   0% 4104 MHz: .09% 4416 MHz: .42% 4512 MHz: 9.5%)
CPU 11 idle residency:  28.11%
CPU 11 down residency:  28.78%
CPU 12 frequency: 3786 MHz
CPU 12 active residency:  25.05% (1260 MHz: .06% 1512 MHz:   0% 1800 MHz: .01% 2088 MHz: .05% 2352 MHz: .00% 2616 MHz:   0% 2868 MHz: 3.6% 3096 MHz: 3.6% 3300 MHz: 2.8% 3468 MHz: .78% 3624 MHz: .39% 3756 MHz: 1.8% 3828 MHz: 1.2% 3888 MHz: .12% 3948 MHz:   0% 3996 MHz:   0% 4044 MHz:   0% 4104 MHz:   0% 4416 MHz: .33% 4512 MHz:  10%)
CPU 12 idle residency:  46.17%
CPU 12 down residency:  28.79%
CPU 13 frequency: 3431 MHz
CPU 13 active residency:  38.15% (1260 MHz: .12% 1512 MHz: .00% 1800 MHz: .01% 2088 MHz:   0% 2352 MHz: .02% 2616 MHz: .00% 2868 MHz: 5.9% 3096 MHz:  15% 3300 MHz: 5.9% 3468 MHz: .78% 3624 MHz: .39% 3756 MHz: 1.1% 3828 MHz: .98% 3888 MHz: .20% 3948 MHz:   0% 3996 MHz:   0% 4044 MHz:   0% 4104 MHz: .11% 4416 MHz: .33% 4512 MHz: 7.4%)
CPU 13 idle residency:  33.03%
CPU 13 down residency:  28.82%
CPU 14 frequency: 3777 MHz
CPU 14 active residency:  19.56% (1260 MHz: .07% 1512 MHz: .00% 1800 MHz:   0% 2088 MHz: .00% 2352 MHz: .01% 2616 MHz: .00% 2868 MHz: 1.6% 3096 MHz: 3.7% 3300 MHz: 2.5% 3468 MHz: .73% 3624 MHz: .39% 3756 MHz: .98% 3828 MHz: 1.3% 3888 MHz: .65% 3948 MHz:   0% 3996 MHz:   0% 4044 MHz:   0% 4104 MHz:   0% 4416 MHz: .19% 4512 MHz: 7.4%)
CPU 14 idle residency:  51.66%
CPU 14 down residency:  28.79%
CPU 15 frequency: 4138 MHz
CPU 15 active residency:  24.96% (1260 MHz: .05% 1512 MHz:   0% 1800 MHz:   0% 2088 MHz: .01% 2352 MHz:   0% 2616 MHz: .00% 2868 MHz: .57% 3096 MHz: 1.6% 3300 MHz: 2.4% 3468 MHz: .76% 3624 MHz: .39% 3756 MHz: 1.3% 3828 MHz: .91% 3888 MHz: .52% 3948 MHz:   0% 3996 MHz:   0% 4044 MHz:   0% 4104 MHz:   0% 4416 MHz: .15% 4512 MHz:  16%)
CPU 15 idle residency:  46.25%
CPU 15 down residency:  28.78%

CPU Power: 4673 mW
GPU Power: 32584 mW
ANE Power: 0 mW
Combined Power (CPU + GPU + ANE): 37257 mW

**** GPU usage ****

GPU HW active frequency: 1578 MHz
GPU HW active residency: 100.00% (338 MHz:   0% 618 MHz:   0% 796 MHz:   0% 924 MHz:   0% 952 MHz:   0% 1056 MHz:   0% 1062 MHz:   0% 1182 MHz:   0% 1182 MHz:   0% 1312 MHz:   0% 1242 MHz:   0% 1380 MHz:   0% 1326 MHz:   0% 1470 MHz:   0% 1578 MHz: 100%)
GPU SW requested state: (P1 :   0% P2 :   0% P3 :   0% P4 :   0% P5 :   0% P6 :   0% P7 :   0% P8 :   0% P9 :   0% P10 : 100% P11 :   0% P12 :   0% P13 :   0% P14 :   0% P15 :   0%)
GPU SW state: (SW_P1 :   0% SW_P2 :   0% SW_P3 :   0% SW_P4 :   0% SW_P5 :   0% SW_P6 :   0% SW_P7 :   0% SW_P8 :   0% SW_P9 :   0% SW_P10 : 100% SW_P11 :   0% SW_P12 :   0% SW_P13 :   0% SW_P14 :   0% SW_P15 :   0%)
GPU idle residency:   0.00%
GPU Power: 32583 mW



*** Sampled system activity (Tue Jan 20 15:16:19 2026 +0100) (1018.08ms elapsed) ***


**** Processor usage ****

E-Cluster Online: 100%
E-Cluster HW active frequency: 1380 MHz
E-Cluster HW active residency:  57.39% (1020 MHz:  36% 1404 MHz: 6.7% 1788 MHz: 5.0% 2112 MHz: 2.1% 2352 MHz: .71% 2532 MHz: 1.1% 2592 MHz: 5.9%)
E-Cluster idle residency:  42.61%
E-Cluster down residency:   0.00%
CPU 0 frequency: 1349 MHz
CPU 0 active residency:  27.09% (1020 MHz:  17% 1404 MHz: 3.4% 1788 MHz: 2.4% 2112 MHz: .93% 2352 MHz: .20% 2532 MHz: .29% 2592 MHz: 2.6%)
CPU 0 idle residency:  72.91%
CPU 0 down residency:   0.00%
CPU 1 frequency: 1339 MHz
CPU 1 active residency:  19.69% (1020 MHz:  12% 1404 MHz: 2.9% 1788 MHz: 2.2% 2112 MHz: .45% 2352 MHz: .15% 2532 MHz: .13% 2592 MHz: 1.7%)
CPU 1 idle residency:  80.31%
CPU 1 down residency:   0.00%
CPU 2 frequency: 1504 MHz
CPU 2 active residency:  10.46% (1020 MHz: 5.9% 1404 MHz: .95% 1788 MHz: .81% 2112 MHz: .39% 2352 MHz: .28% 2532 MHz: .56% 2592 MHz: 1.5%)
CPU 2 idle residency:  89.54%
CPU 2 down residency:   0.00%
CPU 3 frequency: 1387 MHz
CPU 3 active residency:   6.44% (1020 MHz: 4.1% 1404 MHz: .57% 1788 MHz: .64% 2112 MHz: .07% 2352 MHz: .22% 2532 MHz: .14% 2592 MHz: .69%)
CPU 3 idle residency:  93.56%
CPU 3 down residency:   0.00%

P0-Cluster Online: 4%
P0-Cluster HW active frequency: 1260 MHz
P0-Cluster HW active residency:   0.63% (1260 MHz: .63% 1512 MHz:   0% 1800 MHz:   0% 2088 MHz:   0% 2352 MHz:   0% 2616 MHz:   0% 2868 MHz:   0% 3096 MHz:   0% 3300 MHz:   0% 3468 MHz:   0% 3624 MHz:   0% 3756 MHz:   0% 3828 MHz:   0% 3888 MHz:   0% 3948 MHz:   0% 3996 MHz:   0% 4044 MHz:   0% 4104 MHz:   0% 4416 MHz:   0% 4512 MHz:   0%)
P0-Cluster idle residency:   2.56%
P0-Cluster down residency:  96.81%
CPU 4 frequency: 0 MHz
CPU 4 active residency:   0.00% (1260 MHz:   0% 1512 MHz:   0% 1800 MHz:   0% 2088 MHz:   0% 2352 MHz:   0% 2616 MHz:   0% 2868 MHz:   0% 3096 MHz:   0% 3300 MHz:   0% 3468 MHz:   0% 3624 MHz:   0% 3756 MHz:   0% 3828 MHz:   0% 3888 MHz:   0% 3948 MHz:   0% 3996 MHz:   0% 4044 MHz:   0% 4104 MHz:   0% 4416 MHz:   0% 4512 MHz:   0%)
CPU 4 idle residency:   3.01%
CPU 4 down residency:  96.99%
CPU 5 frequency: 0 MHz
CPU 5 active residency:   0.00% (1260 MHz:   0% 1512 MHz:   0% 1800 MHz:   0% 2088 MHz:   0% 2352 MHz:   0% 2616 MHz:   0% 2868 MHz:   0% 3096 MHz:   0% 3300 MHz:   0% 3468 MHz:   0% 3624 MHz:   0% 3756 MHz:   0% 3828 MHz:   0% 3888 MHz:   0% 3948 MHz:   0% 3996 MHz:   0% 4044 MHz:   0% 4104 MHz:   0% 4416 MHz:   0% 4512 MHz:   0%)
CPU 5 idle residency:   3.01%
CPU 5 down residency:  96.99%
CPU 6 frequency: 0 MHz
CPU 6 active residency:   0.00% (1260 MHz:   0% 1512 MHz:   0% 1800 MHz:   0% 2088 MHz:   0% 2352 MHz:   0% 2616 MHz:   0% 2868 MHz:   0% 3096 MHz:   0% 3300 MHz:   0% 3468 MHz:   0% 3624 MHz:   0% 3756 MHz:   0% 3828 MHz:   0% 3888 MHz:   0% 3948 MHz:   0% 3996 MHz:   0% 4044 MHz:   0% 4104 MHz:   0% 4416 MHz:   0% 4512 MHz:   0%)
CPU 6 idle residency:   3.01%
CPU 6 down residency:  96.99%
CPU 7 frequency: 0 MHz
CPU 7 active residency:   0.00% (1260 MHz:   0% 1512 MHz:   0% 1800 MHz:   0% 2088 MHz:   0% 2352 MHz:   0% 2616 MHz:   0% 2868 MHz:   0% 3096 MHz:   0% 3300 MHz:   0% 3468 MHz:   0% 3624 MHz:   0% 3756 MHz:   0% 3828 MHz:   0% 3888 MHz:   0% 3948 MHz:   0% 3996 MHz:   0% 4044 MHz:   0% 4104 MHz:   0% 4416 MHz:   0% 4512 MHz:   0%)
CPU 7 idle residency:   3.01%
CPU 7 down residency:  96.99%
CPU 8 frequency: 0 MHz
CPU 8 active residency:   0.00% (1260 MHz:   0% 1512 MHz:   0% 1800 MHz:   0% 2088 MHz:   0% 2352 MHz:   0% 2616 MHz:   0% 2868 MHz:   0% 3096 MHz:   0% 3300 MHz:   0% 3468 MHz:   0% 3624 MHz:   0% 3756 MHz:   0% 3828 MHz:   0% 3888 MHz:   0% 3948 MHz:   0% 3996 MHz:   0% 4044 MHz:   0% 4104 MHz:   0% 4416 MHz:   0% 4512 MHz:   0%)
CPU 8 idle residency:   3.01%
CPU 8 down residency:  96.99%
CPU 9 frequency: 0 MHz
CPU 9 active residency:   0.00% (1260 MHz:   0% 1512 MHz:   0% 1800 MHz:   0% 2088 MHz:   0% 2352 MHz:   0% 2616 MHz:   0% 2868 MHz:   0% 3096 MHz:   0% 3300 MHz:   0% 3468 MHz:   0% 3624 MHz:   0% 3756 MHz:   0% 3828 MHz:   0% 3888 MHz:   0% 3948 MHz:   0% 3996 MHz:   0% 4044 MHz:   0% 4104 MHz:   0% 4416 MHz:   0% 4512 MHz:   0%)
CPU 9 idle residency:   3.01%
CPU 9 down residency:  96.99%

P1-Cluster HW active frequency: 3341 MHz
P1-Cluster HW active residency:  95.69% (1260 MHz: .44% 1512 MHz: .01% 1800 MHz: .02% 2088 MHz: .02% 2352 MHz: .02% 2616 MHz: 8.6% 2868 MHz:  12% 3096 MHz:  36% 3300 MHz: 3.8% 3468 MHz: .39% 3624 MHz: .40% 3756 MHz: .38% 3828 MHz:   0% 3888 MHz: 3.3% 3948 MHz:  20% 3996 MHz: 4.5% 4044 MHz: 6.5% 4104 MHz:   0% 4416 MHz:   0% 4512 MHz:   0%)
P1-Cluster idle residency:   4.31%
P1-Cluster down residency:   0.00%
CPU 10 frequency: 3742 MHz
CPU 10 active residency:  34.24% (1260 MHz: .04% 1512 MHz:   0% 1800 MHz:   0% 2088 MHz: .00% 2352 MHz: .00% 2616 MHz: 2.6% 2868 MHz: 3.1% 3096 MHz: 9.0% 3300 MHz: 2.2% 3468 MHz: .02% 3624 MHz: .27% 3756 MHz: .27% 3828 MHz:   0% 3888 MHz:   0% 3948 MHz: .34% 3996 MHz:   0% 4044 MHz:   0% 4104 MHz: .16% 4416 MHz: .34% 4512 MHz:  16%)
CPU 10 idle residency:  65.76%
CPU 10 down residency:   0.00%
CPU 11 frequency: 3579 MHz
CPU 11 active residency:  52.73% (1260 MHz: .08% 1512 MHz: .01% 1800 MHz: .01% 2088 MHz: .01% 2352 MHz:   0% 2616 MHz: .14% 2868 MHz: 6.5% 3096 MHz:  22% 3300 MHz: 3.8% 3468 MHz: .39% 3624 MHz: .40% 3756 MHz: .38% 3828 MHz:   0% 3888 MHz:   0% 3948 MHz: .39% 3996 MHz:   0% 4044 MHz:   0% 4104 MHz: .39% 4416 MHz: .38% 4512 MHz:  17%)
CPU 11 idle residency:  47.27%
CPU 11 down residency:   0.00%
CPU 12 frequency: 3683 MHz
CPU 12 active residency:  32.34% (1260 MHz: .03% 1512 MHz: .00% 1800 MHz:   0% 2088 MHz:   0% 2352 MHz:   0% 2616 MHz: 4.9% 2868 MHz: 2.4% 3096 MHz: 8.9% 3300 MHz: .80% 3468 MHz:   0% 3624 MHz: .04% 3756 MHz: .04% 3828 MHz:   0% 3888 MHz:   0% 3948 MHz: .08% 3996 MHz:   0% 4044 MHz:   0% 4104 MHz:   0% 4416 MHz: .19% 4512 MHz:  15%)
CPU 12 idle residency:  67.66%
CPU 12 down residency:   0.00%
CPU 13 frequency: 3497 MHz
CPU 13 active residency:  55.28% (1260 MHz: .09% 1512 MHz: .00% 1800 MHz: .01% 2088 MHz:   0% 2352 MHz:   0% 2616 MHz: 6.2% 2868 MHz: 6.0% 3096 MHz:  21% 3300 MHz: 2.3% 3468 MHz: .31% 3624 MHz: .34% 3756 MHz: .28% 3828 MHz:   0% 3888 MHz:   0% 3948 MHz: .32% 3996 MHz:   0% 4044 MHz:   0% 4104 MHz: .29% 4416 MHz: .32% 4512 MHz:  17%)
CPU 13 idle residency:  44.72%
CPU 13 down residency:   0.00%
CPU 14 frequency: 3606 MHz
CPU 14 active residency:  48.16% (1260 MHz: .04% 1512 MHz:   0% 1800 MHz: .01% 2088 MHz: .00% 2352 MHz:   0% 2616 MHz: .03% 2868 MHz: 5.9% 3096 MHz:  21% 3300 MHz: 2.9% 3468 MHz: .31% 3624 MHz: .35% 3756 MHz: .25% 3828 MHz:   0% 3888 MHz:   0% 3948 MHz: .32% 3996 MHz:   0% 4044 MHz:   0% 4104 MHz: .27% 4416 MHz: .12% 4512 MHz:  17%)
CPU 14 idle residency:  51.84%
CPU 14 down residency:   0.00%
CPU 15 frequency: 3773 MHz
CPU 15 active residency:  28.36% (1260 MHz: .01% 1512 MHz:   0% 1800 MHz: .01% 2088 MHz: .01% 2352 MHz: .02% 2616 MHz: 5.6% 2868 MHz: 2.2% 3096 MHz: 4.6% 3300 MHz: .05% 3468 MHz:   0% 3624 MHz:   0% 3756 MHz:   0% 3828 MHz:   0% 3888 MHz:   0% 3948 MHz: .02% 3996 MHz:   0% 4044 MHz:   0% 4104 MHz:   0% 4416 MHz:   0% 4512 MHz:  16%)
CPU 15 idle residency:  71.64%
CPU 15 down residency:   0.00%

CPU Power: 3900 mW
GPU Power: 32605 mW
ANE Power: 0 mW
Combined Power (CPU + GPU + ANE): 36506 mW

**** GPU usage ****

GPU HW active frequency: 1578 MHz
GPU HW active residency: 100.00% (338 MHz:   0% 618 MHz:   0% 796 MHz:   0% 924 MHz:   0% 952 MHz:   0% 1056 MHz:   0% 1062 MHz:   0% 1182 MHz:   0% 1182 MHz:   0% 1312 MHz:   0% 1242 MHz:   0% 1380 MHz:   0% 1326 MHz:   0% 1470 MHz:   0% 1578 MHz: 100%)
GPU SW requested state: (P1 :   0% P2 :   0% P3 :   0% P4 :   0% P5 :   0% P6 :   0% P7 :   0% P8 :   0% P9 :   0% P10 : 100% P11 :   0% P12 :   0% P13 :   0% P14 :   0% P15 :   0%)
GPU SW state: (SW_P1 :   0% SW_P2 :   0% SW_P3 :   0% SW_P4 :   0% SW_P5 :   0% SW_P6 :   0% SW_P7 :   0% SW_P8 :   0% SW_P9 :   0% SW_P10 : 100% SW_P11 :   0% SW_P12 :   0% SW_P13 :   0% SW_P14 :   0% SW_P15 :   0%)
GPU idle residency:   0.00%
GPU Power: 32605 mW



*** Sampled system activity (Tue Jan 20 15:16:20 2026 +0100) (1018.06ms elapsed) ***


**** Processor usage ****

E-Cluster Online: 100%
E-Cluster HW active frequency: 1287 MHz
E-Cluster HW active residency:  64.35% (1020 MHz:  45% 1404 MHz: 6.9% 1788 MHz: 4.8% 2112 MHz: 2.2% 2352 MHz: .80% 2532 MHz: 1.9% 2592 MHz: 2.9%)
E-Cluster idle residency:  35.65%
E-Cluster down residency:   0.00%
CPU 0 frequency: 1266 MHz
CPU 0 active residency:  30.71% (1020 MHz:  22% 1404 MHz: 3.0% 1788 MHz: 2.1% 2112 MHz: .80% 2352 MHz: .54% 2532 MHz: .93% 2592 MHz: 1.1%)
CPU 0 idle residency:  69.29%
CPU 0 down residency:   0.00%
CPU 1 frequency: 1320 MHz
CPU 1 active residency:  23.97% (1020 MHz:  15% 1404 MHz: 3.3% 1788 MHz: 2.0% 2112 MHz: 1.1% 2352 MHz: .39% 2532 MHz: .96% 2592 MHz: .81%)
CPU 1 idle residency:  76.03%
CPU 1 down residency:   0.00%
CPU 2 frequency: 1316 MHz
CPU 2 active residency:  13.41% (1020 MHz: 8.5% 1404 MHz: 1.8% 1788 MHz: 1.4% 2112 MHz: .80% 2352 MHz: .16% 2532 MHz: .32% 2592 MHz: .39%)
CPU 2 idle residency:  86.59%
CPU 2 down residency:   0.00%
CPU 3 frequency: 1246 MHz
CPU 3 active residency:   9.22% (1020 MHz: 6.2% 1404 MHz: 1.7% 1788 MHz: .53% 2112 MHz: .26% 2352 MHz: .10% 2532 MHz: .10% 2592 MHz: .28%)
CPU 3 idle residency:  90.78%
CPU 3 down residency:   0.00%

P0-Cluster Online: 15%
P0-Cluster HW active frequency: 1911 MHz
P0-Cluster HW active residency:   4.94% (1260 MHz: 3.4% 1512 MHz:   0% 1800 MHz:   0% 2088 MHz: .13% 2352 MHz:   0% 2616 MHz: .05% 2868 MHz: .08% 3096 MHz: .15% 3300 MHz: .25% 3468 MHz: .37% 3624 MHz: .21% 3756 MHz: .33% 3828 MHz:   0% 3888 MHz:   0% 3948 MHz:   0% 3996 MHz:   0% 4044 MHz:   0% 4104 MHz:   0% 4416 MHz:   0% 4512 MHz:   0%)
P0-Cluster idle residency:   8.52%
P0-Cluster down residency:  86.54%
CPU 4 frequency: 1528 MHz
CPU 4 active residency:   0.22% (1260 MHz: .19% 1512 MHz:   0% 1800 MHz:   0% 2088 MHz:   0% 2352 MHz:   0% 2616 MHz:   0% 2868 MHz:   0% 3096 MHz: .03% 3300 MHz:   0% 3468 MHz:   0% 3624 MHz:   0% 3756 MHz:   0% 3828 MHz:   0% 3888 MHz:   0% 3948 MHz:   0% 3996 MHz:   0% 4044 MHz:   0% 4104 MHz:   0% 4416 MHz:   0% 4512 MHz:   0%)
CPU 4 idle residency:  13.11%
CPU 4 down residency:  86.67%
CPU 5 frequency: 1528 MHz
CPU 5 active residency:   0.22% (1260 MHz: .19% 1512 MHz:   0% 1800 MHz:   0% 2088 MHz:   0% 2352 MHz:   0% 2616 MHz:   0% 2868 MHz:   0% 3096 MHz: .03% 3300 MHz:   0% 3468 MHz:   0% 3624 MHz:   0% 3756 MHz:   0% 3828 MHz:   0% 3888 MHz:   0% 3948 MHz:   0% 3996 MHz:   0% 4044 MHz:   0% 4104 MHz:   0% 4416 MHz:   0% 4512 MHz:   0%)
CPU 5 idle residency:  13.13%
CPU 5 down residency:  86.65%
CPU 6 frequency: 2469 MHz
CPU 6 active residency:   0.89% (1260 MHz: .39% 1512 MHz:   0% 1800 MHz:   0% 2088 MHz:   0% 2352 MHz:   0% 2616 MHz:   0% 2868 MHz:   0% 3096 MHz: .03% 3300 MHz: .15% 3468 MHz: .32% 3624 MHz:   0% 3756 MHz:   0% 3828 MHz:   0% 3888 MHz:   0% 3948 MHz:   0% 3996 MHz:   0% 4044 MHz:   0% 4104 MHz:   0% 4416 MHz:   0% 4512 MHz:   0%)
CPU 6 idle residency:  11.99%
CPU 6 down residency:  87.12%
CPU 7 frequency: 2362 MHz
CPU 7 active residency:   0.81% (1260 MHz: .39% 1512 MHz:   0% 1800 MHz:   0% 2088 MHz:   0% 2352 MHz:   0% 2616 MHz:   0% 2868 MHz:   0% 3096 MHz: .03% 3300 MHz: .07% 3468 MHz: .31% 3624 MHz:   0% 3756 MHz:   0% 3828 MHz:   0% 3888 MHz:   0% 3948 MHz:   0% 3996 MHz:   0% 4044 MHz:   0% 4104 MHz:   0% 4416 MHz:   0% 4512 MHz:   0%)
CPU 7 idle residency:  12.32%
CPU 7 down residency:  86.88%
CPU 8 frequency: 1803 MHz
CPU 8 active residency:   0.53% (1260 MHz: .38% 1512 MHz:   0% 1800 MHz:   0% 2088 MHz:   0% 2352 MHz:   0% 2616 MHz:   0% 2868 MHz:   0% 3096 MHz: .07% 3300 MHz: .07% 3468 MHz: .01% 3624 MHz:   0% 3756 MHz:   0% 3828 MHz:   0% 3888 MHz:   0% 3948 MHz:   0% 3996 MHz:   0% 4044 MHz:   0% 4104 MHz:   0% 4416 MHz:   0% 4512 MHz:   0%)
CPU 8 idle residency:  12.65%
CPU 8 down residency:  86.81%
CPU 9 frequency: 1528 MHz
CPU 9 active residency:   0.22% (1260 MHz: .19% 1512 MHz:   0% 1800 MHz:   0% 2088 MHz:   0% 2352 MHz:   0% 2616 MHz:   0% 2868 MHz:   0% 3096 MHz: .03% 3300 MHz:   0% 3468 MHz:   0% 3624 MHz:   0% 3756 MHz:   0% 3828 MHz:   0% 3888 MHz:   0% 3948 MHz:   0% 3996 MHz:   0% 4044 MHz:   0% 4104 MHz:   0% 4416 MHz:   0% 4512 MHz:   0%)
CPU 9 idle residency:  13.13%
CPU 9 down residency:  86.66%

P1-Cluster HW active frequency: 3351 MHz
P1-Cluster HW active residency:  96.39% (1260 MHz: .43% 1512 MHz: .01% 1800 MHz: .03% 2088 MHz: .01% 2352 MHz: .32% 2616 MHz: 5.5% 2868 MHz:  33% 3096 MHz: 8.6% 3300 MHz: 1.3% 3468 MHz: 5.8% 3624 MHz: 4.3% 3756 MHz: 2.1% 3828 MHz: .39% 3888 MHz: 5.5% 3948 MHz:  19% 3996 MHz: 4.4% 4044 MHz: 5.2% 4104 MHz:   0% 4416 MHz:   0% 4512 MHz:   0%)
P1-Cluster idle residency:   3.61%
P1-Cluster down residency:   0.00%
CPU 10 frequency: 3456 MHz
CPU 10 active residency:  64.44% (1260 MHz: .05% 1512 MHz: .01% 1800 MHz:   0% 2088 MHz:   0% 2352 MHz: .09% 2616 MHz: 4.4% 2868 MHz:  25% 3096 MHz: 8.1% 3300 MHz: 1.2% 3468 MHz: 2.3% 3624 MHz: 2.9% 3756 MHz: .66% 3828 MHz: .28% 3888 MHz:   0% 3948 MHz: .27% 3996 MHz:   0% 4044 MHz:   0% 4104 MHz: .34% 4416 MHz: .29% 4512 MHz:  19%)
CPU 10 idle residency:  35.56%
CPU 10 down residency:   0.00%
CPU 11 frequency: 4071 MHz
CPU 11 active residency:  31.38% (1260 MHz: .01% 1512 MHz: .00% 1800 MHz:   0% 2088 MHz: .00% 2352 MHz: .05% 2616 MHz: .26% 2868 MHz: 3.8% 3096 MHz: .96% 3300 MHz: 1.0% 3468 MHz: 2.5% 3624 MHz: 1.3% 3756 MHz: .38% 3828 MHz: .06% 3888 MHz:   0% 3948 MHz: .15% 3996 MHz:   0% 4044 MHz:   0% 4104 MHz: .31% 4416 MHz: .23% 4512 MHz:  20%)
CPU 11 idle residency:  68.62%
CPU 11 down residency:   0.00%
CPU 12 frequency: 3488 MHz
CPU 12 active residency:  58.85% (1260 MHz: .09% 1512 MHz:   0% 1800 MHz: .01% 2088 MHz:   0% 2352 MHz: .09% 2616 MHz: 3.8% 2868 MHz:  21% 3096 MHz: 6.9% 3300 MHz: 1.2% 3468 MHz: 2.8% 3624 MHz: 2.4% 3756 MHz: 1.0% 3828 MHz: .02% 3888 MHz:   0% 3948 MHz: .19% 3996 MHz:   0% 4044 MHz:   0% 4104 MHz: .32% 4416 MHz: .26% 4512 MHz:  18%)
CPU 12 idle residency:  41.15%
CPU 12 down residency:   0.00%
CPU 13 frequency: 3656 MHz
CPU 13 active residency:  49.60% (1260 MHz: .05% 1512 MHz:   0% 1800 MHz:   0% 2088 MHz:   0% 2352 MHz: .26% 2616 MHz: 4.0% 2868 MHz:  11% 3096 MHz: 5.4% 3300 MHz: .83% 3468 MHz: 2.8% 3624 MHz: 3.2% 3756 MHz: .91% 3828 MHz: .33% 3888 MHz:   0% 3948 MHz: .13% 3996 MHz:   0% 4044 MHz:   0% 4104 MHz: .06% 4416 MHz: .02% 4512 MHz:  20%)
CPU 13 idle residency:  50.40%
CPU 13 down residency:   0.00%
CPU 14 frequency: 3811 MHz
CPU 14 active residency:  25.61% (1260 MHz: .01% 1512 MHz:   0% 1800 MHz: .00% 2088 MHz: .01% 2352 MHz: .02% 2616 MHz: .09% 2868 MHz: 3.4% 3096 MHz: 1.6% 3300 MHz: 1.3% 3468 MHz: 5.2% 3624 MHz: 1.9% 3756 MHz: .64% 3828 MHz: .39% 3888 MHz:   0% 3948 MHz: .39% 3996 MHz:   0% 4044 MHz:   0% 4104 MHz: .39% 4416 MHz: .39% 4512 MHz: 9.9%)
CPU 14 idle residency:  74.39%
CPU 14 down residency:   0.00%
CPU 15 frequency: 3634 MHz
CPU 15 active residency:  45.60% (1260 MHz: .04% 1512 MHz:   0% 1800 MHz: .03% 2088 MHz:   0% 2352 MHz: .18% 2616 MHz: .30% 2868 MHz:  16% 3096 MHz: 4.7% 3300 MHz: .88% 3468 MHz: 1.6% 3624 MHz: 1.6% 3756 MHz: 1.0% 3828 MHz: .33% 3888 MHz:   0% 3948 MHz: .11% 3996 MHz:   0% 4044 MHz:   0% 4104 MHz: .06% 4416 MHz: .00% 4512 MHz:  18%)
CPU 15 idle residency:  54.40%
CPU 15 down residency:   0.00%

CPU Power: 4475 mW
GPU Power: 32654 mW
ANE Power: 0 mW
Combined Power (CPU + GPU + ANE): 37129 mW

**** GPU usage ****

GPU HW active frequency: 1578 MHz
GPU HW active residency: 100.00% (338 MHz:   0% 618 MHz:   0% 796 MHz:   0% 924 MHz:   0% 952 MHz:   0% 1056 MHz:   0% 1062 MHz:   0% 1182 MHz:   0% 1182 MHz:   0% 1312 MHz:   0% 1242 MHz:   0% 1380 MHz:   0% 1326 MHz:   0% 1470 MHz:   0% 1578 MHz: 100%)
GPU SW requested state: (P1 :   0% P2 :   0% P3 :   0% P4 :   0% P5 :   0% P6 :   0% P7 :   0% P8 :   0% P9 :   0% P10 : 100% P11 :   0% P12 :   0% P13 :   0% P14 :   0% P15 :   0%)
GPU SW state: (SW_P1 :   0% SW_P2 :   0% SW_P3 :   0% SW_P4 :   0% SW_P5 :   0% SW_P6 :   0% SW_P7 :   0% SW_P8 :   0% SW_P9 :   0% SW_P10 : 100% SW_P11 :   0% SW_P12 :   0% SW_P13 :   0% SW_P14 :   0% SW_P15 :   0%)
GPU idle residency:   0.00%
GPU Power: 32654 mW



*** Sampled system activity (Tue Jan 20 15:16:21 2026 +0100) (1017.91ms elapsed) ***


**** Processor usage ****

E-Cluster Online: 100%
E-Cluster HW active frequency: 1350 MHz
E-Cluster HW active residency:  55.16% (1020 MHz:  34% 1404 MHz: 8.5% 1788 MHz: 4.7% 2112 MHz: 1.5% 2352 MHz: 1.2% 2532 MHz: .95% 2592 MHz: 4.2%)
E-Cluster idle residency:  44.84%
E-Cluster down residency:   0.00%
CPU 0 frequency: 1317 MHz
CPU 0 active residency:  25.68% (1020 MHz:  16% 1404 MHz: 4.1% 1788 MHz: 2.1% 2112 MHz: .44% 2352 MHz: .50% 2532 MHz: .38% 2592 MHz: 1.7%)
CPU 0 idle residency:  74.32%
CPU 0 down residency:   0.00%
CPU 1 frequency: 1388 MHz
CPU 1 active residency:  15.65% (1020 MHz: 9.1% 1404 MHz: 2.4% 1788 MHz: 1.6% 2112 MHz: .54% 2352 MHz: .40% 2532 MHz: .59% 2592 MHz: 1.0%)
CPU 1 idle residency:  84.35%
CPU 1 down residency:   0.00%
CPU 2 frequency: 1264 MHz
CPU 2 active residency:   9.59% (1020 MHz: 6.4% 1404 MHz: 1.7% 1788 MHz: .67% 2112 MHz: .11% 2352 MHz: .16% 2532 MHz: .07% 2592 MHz: .47%)
CPU 2 idle residency:  90.41%
CPU 2 down residency:   0.00%
CPU 3 frequency: 1384 MHz
CPU 3 active residency:   5.47% (1020 MHz: 2.9% 1404 MHz: 1.2% 1788 MHz: .68% 2112 MHz: .03% 2352 MHz: .08% 2532 MHz: .06% 2592 MHz: .49%)
CPU 3 idle residency:  94.53%
CPU 3 down residency:   0.00%

P0-Cluster Online: 6%
P0-Cluster HW active frequency: 1762 MHz
P0-Cluster HW active residency:   1.07% (1260 MHz: .74% 1512 MHz:   0% 1800 MHz:   0% 2088 MHz:   0% 2352 MHz:   0% 2616 MHz: .10% 2868 MHz: .21% 3096 MHz:   0% 3300 MHz:   0% 3468 MHz: .03% 3624 MHz:   0% 3756 MHz:   0% 3828 MHz:   0% 3888 MHz:   0% 3948 MHz:   0% 3996 MHz:   0% 4044 MHz:   0% 4104 MHz:   0% 4416 MHz:   0% 4512 MHz:   0%)
P0-Cluster idle residency:   3.06%
P0-Cluster down residency:  95.86%
CPU 4 frequency: 0 MHz
CPU 4 active residency:   0.00% (1260 MHz:   0% 1512 MHz:   0% 1800 MHz:   0% 2088 MHz:   0% 2352 MHz:   0% 2616 MHz:   0% 2868 MHz:   0% 3096 MHz:   0% 3300 MHz:   0% 3468 MHz:   0% 3624 MHz:   0% 3756 MHz:   0% 3828 MHz:   0% 3888 MHz:   0% 3948 MHz:   0% 3996 MHz:   0% 4044 MHz:   0% 4104 MHz:   0% 4416 MHz:   0% 4512 MHz:   0%)
CPU 4 idle residency:   3.89%
CPU 4 down residency:  96.11%
CPU 5 frequency: 0 MHz
CPU 5 active residency:   0.00% (1260 MHz:   0% 1512 MHz:   0% 1800 MHz:   0% 2088 MHz:   0% 2352 MHz:   0% 2616 MHz:   0% 2868 MHz:   0% 3096 MHz:   0% 3300 MHz:   0% 3468 MHz:   0% 3624 MHz:   0% 3756 MHz:   0% 3828 MHz:   0% 3888 MHz:   0% 3948 MHz:   0% 3996 MHz:   0% 4044 MHz:   0% 4104 MHz:   0% 4416 MHz:   0% 4512 MHz:   0%)
CPU 5 idle residency:   3.95%
CPU 5 down residency:  96.05%
CPU 6 frequency: 0 MHz
CPU 6 active residency:   0.00% (1260 MHz:   0% 1512 MHz:   0% 1800 MHz:   0% 2088 MHz:   0% 2352 MHz:   0% 2616 MHz:   0% 2868 MHz:   0% 3096 MHz:   0% 3300 MHz:   0% 3468 MHz:   0% 3624 MHz:   0% 3756 MHz:   0% 3828 MHz:   0% 3888 MHz:   0% 3948 MHz:   0% 3996 MHz:   0% 4044 MHz:   0% 4104 MHz:   0% 4416 MHz:   0% 4512 MHz:   0%)
CPU 6 idle residency:   3.93%
CPU 6 down residency:  96.07%
CPU 7 frequency: 0 MHz
CPU 7 active residency:   0.00% (1260 MHz:   0% 1512 MHz:   0% 1800 MHz:   0% 2088 MHz:   0% 2352 MHz:   0% 2616 MHz:   0% 2868 MHz:   0% 3096 MHz:   0% 3300 MHz:   0% 3468 MHz:   0% 3624 MHz:   0% 3756 MHz:   0% 3828 MHz:   0% 3888 MHz:   0% 3948 MHz:   0% 3996 MHz:   0% 4044 MHz:   0% 4104 MHz:   0% 4416 MHz:   0% 4512 MHz:   0%)
CPU 7 idle residency:   3.93%
CPU 7 down residency:  96.07%
CPU 8 frequency: 0 MHz
CPU 8 active residency:   0.00% (1260 MHz:   0% 1512 MHz:   0% 1800 MHz:   0% 2088 MHz:   0% 2352 MHz:   0% 2616 MHz:   0% 2868 MHz:   0% 3096 MHz:   0% 3300 MHz:   0% 3468 MHz:   0% 3624 MHz:   0% 3756 MHz:   0% 3828 MHz:   0% 3888 MHz:   0% 3948 MHz:   0% 3996 MHz:   0% 4044 MHz:   0% 4104 MHz:   0% 4416 MHz:   0% 4512 MHz:   0%)
CPU 8 idle residency:   3.75%
CPU 8 down residency:  96.25%
CPU 9 frequency: 0 MHz
CPU 9 active residency:   0.00% (1260 MHz:   0% 1512 MHz:   0% 1800 MHz:   0% 2088 MHz:   0% 2352 MHz:   0% 2616 MHz:   0% 2868 MHz:   0% 3096 MHz:   0% 3300 MHz:   0% 3468 MHz:   0% 3624 MHz:   0% 3756 MHz:   0% 3828 MHz:   0% 3888 MHz:   0% 3948 MHz:   0% 3996 MHz:   0% 4044 MHz:   0% 4104 MHz:   0% 4416 MHz:   0% 4512 MHz:   0%)
CPU 9 idle residency:   3.94%
CPU 9 down residency:  96.06%

P1-Cluster HW active frequency: 3341 MHz
P1-Cluster HW active residency:  96.43% (1260 MHz: .46% 1512 MHz: .02% 1800 MHz: .05% 2088 MHz: .92% 2352 MHz:  11% 2616 MHz: 8.1% 2868 MHz: .00% 3096 MHz:  12% 3300 MHz:  18% 3468 MHz: 9.0% 3624 MHz: 1.3% 3756 MHz:   0% 3828 MHz: .39% 3888 MHz: 2.4% 3948 MHz:  22% 3996 MHz: 4.2% 4044 MHz: 5.3% 4104 MHz:   0% 4416 MHz:   0% 4512 MHz:   0%)
P1-Cluster idle residency:   3.57%
P1-Cluster down residency:   0.00%
CPU 10 frequency: 3603 MHz
CPU 10 active residency:  47.42% (1260 MHz: .07% 1512 MHz: .00% 1800 MHz: .05% 2088 MHz: .17% 2352 MHz: .43% 2616 MHz: .81% 2868 MHz: .00% 3096 MHz: 9.0% 3300 MHz:  16% 3468 MHz: 6.2% 3624 MHz: 1.3% 3756 MHz:   0% 3828 MHz: .39% 3888 MHz:   0% 3948 MHz: .39% 3996 MHz:   0% 4044 MHz:   0% 4104 MHz: .39% 4416 MHz: .39% 4512 MHz:  12%)
CPU 10 idle residency:  52.58%
CPU 10 down residency:   0.00%
CPU 11 frequency: 3477 MHz
CPU 11 active residency:  44.71% (1260 MHz: .04% 1512 MHz:   0% 1800 MHz: .00% 2088 MHz: .87% 2352 MHz:  10% 2616 MHz: 5.8% 2868 MHz:   0% 3096 MHz: 3.5% 3300 MHz: 3.7% 3468 MHz: 1.3% 3624 MHz: .30% 3756 MHz:   0% 3828 MHz: .07% 3888 MHz:   0% 3948 MHz: .23% 3996 MHz:   0% 4044 MHz:   0% 4104 MHz: .22% 4416 MHz: .27% 4512 MHz:  18%)
CPU 11 idle residency:  55.29%
CPU 11 down residency:   0.00%
CPU 12 frequency: 3423 MHz
CPU 12 active residency:  61.83% (1260 MHz: .12% 1512 MHz: .02% 1800 MHz: .02% 2088 MHz: .68% 2352 MHz: 9.2% 2616 MHz: 5.2% 2868 MHz: .00% 3096 MHz: 6.9% 3300 MHz:  15% 3468 MHz: 5.8% 3624 MHz: 1.1% 3756 MHz:   0% 3828 MHz: .35% 3888 MHz:   0% 3948 MHz: .29% 3996 MHz:   0% 4044 MHz:   0% 4104 MHz: .24% 4416 MHz: .27% 4512 MHz:  17%)
CPU 12 idle residency:  38.17%
CPU 12 down residency:   0.00%
CPU 13 frequency: 3761 MHz
CPU 13 active residency:  46.11% (1260 MHz: .05% 1512 MHz:   0% 1800 MHz: .00% 2088 MHz: .04% 2352 MHz: .02% 2616 MHz: .11% 2868 MHz:   0% 3096 MHz: 8.0% 3300 MHz:  13% 3468 MHz: 5.4% 3624 MHz: .94% 3756 MHz:   0% 3828 MHz: .34% 3888 MHz:   0% 3948 MHz: .28% 3996 MHz:   0% 4044 MHz:   0% 4104 MHz: .33% 4416 MHz: .28% 4512 MHz:  17%)
CPU 13 idle residency:  53.89%
CPU 13 down residency:   0.00%
CPU 14 frequency: 4128 MHz
CPU 14 active residency:  24.50% (1260 MHz: .00% 1512 MHz:   0% 1800 MHz:   0% 2088 MHz: .31% 2352 MHz: .84% 2616 MHz: .61% 2868 MHz:   0% 3096 MHz: 1.4% 3300 MHz: 1.5% 3468 MHz: 1.5% 3624 MHz: .08% 3756 MHz:   0% 3828 MHz: .06% 3888 MHz:   0% 3948 MHz:   0% 3996 MHz:   0% 4044 MHz:   0% 4104 MHz: .20% 4416 MHz: .02% 4512 MHz:  18%)
CPU 14 idle residency:  75.50%
CPU 14 down residency:   0.00%
CPU 15 frequency: 3492 MHz
CPU 15 active residency:  36.77% (1260 MHz: .03% 1512 MHz: .00% 1800 MHz:   0% 2088 MHz: .84% 2352 MHz: 9.4% 2616 MHz: 5.4% 2868 MHz:   0% 3096 MHz: .66% 3300 MHz: 2.2% 3468 MHz: .88% 3624 MHz: .24% 3756 MHz:   0% 3828 MHz:   0% 3888 MHz:   0% 3948 MHz:   0% 3996 MHz:   0% 4044 MHz:   0% 4104 MHz: .06% 4416 MHz: .03% 4512 MHz:  17%)
CPU 15 idle residency:  63.23%
CPU 15 down residency:   0.00%

CPU Power: 3918 mW
GPU Power: 32919 mW
ANE Power: 0 mW
Combined Power (CPU + GPU + ANE): 36837 mW

**** GPU usage ****

GPU HW active frequency: 1578 MHz
GPU HW active residency: 100.00% (338 MHz:   0% 618 MHz:   0% 796 MHz:   0% 924 MHz:   0% 952 MHz:   0% 1056 MHz:   0% 1062 MHz:   0% 1182 MHz:   0% 1182 MHz:   0% 1312 MHz:   0% 1242 MHz:   0% 1380 MHz:   0% 1326 MHz:   0% 1470 MHz:   0% 1578 MHz: 100%)
GPU SW requested state: (P1 :   0% P2 :   0% P3 :   0% P4 :   0% P5 :   0% P6 :   0% P7 :   0% P8 :   0% P9 :   0% P10 : 100% P11 :   0% P12 :   0% P13 :   0% P14 :   0% P15 :   0%)
GPU SW state: (SW_P1 :   0% SW_P2 :   0% SW_P3 :   0% SW_P4 :   0% SW_P5 :   0% SW_P6 :   0% SW_P7 :   0% SW_P8 :   0% SW_P9 :   0% SW_P10 : 100% SW_P11 :   0% SW_P12 :   0% SW_P13 :   0% SW_P14 :   0% SW_P15 :   0%)
GPU idle residency:   0.00%
GPU Power: 32651 mW



*** Sampled system activity (Tue Jan 20 15:16:22 2026 +0100) (1018.92ms elapsed) ***


**** Processor usage ****

E-Cluster Online: 100%
E-Cluster HW active frequency: 1302 MHz
E-Cluster HW active residency:  64.23% (1020 MHz:  43% 1404 MHz: 8.0% 1788 MHz: 5.0% 2112 MHz: 1.8% 2352 MHz: 1.2% 2532 MHz: 1.7% 2592 MHz: 3.3%)
E-Cluster idle residency:  35.77%
E-Cluster down residency:   0.00%
CPU 0 frequency: 1287 MHz
CPU 0 active residency:  31.01% (1020 MHz:  21% 1404 MHz: 4.2% 1788 MHz: 2.5% 2112 MHz: 1.0% 2352 MHz: .45% 2532 MHz: .82% 2592 MHz: 1.2%)
CPU 0 idle residency:  68.99%
CPU 0 down residency:   0.00%
CPU 1 frequency: 1291 MHz
CPU 1 active residency:  23.22% (1020 MHz:  15% 1404 MHz: 4.0% 1788 MHz: 2.3% 2112 MHz: .40% 2352 MHz: .44% 2532 MHz: .50% 2592 MHz: .78%)
CPU 1 idle residency:  76.78%
CPU 1 down residency:   0.00%
CPU 2 frequency: 1331 MHz
CPU 2 active residency:  14.02% (1020 MHz: 9.1% 1404 MHz: 1.4% 1788 MHz: 1.7% 2112 MHz: .31% 2352 MHz: .49% 2532 MHz: .41% 2592 MHz: .57%)
CPU 2 idle residency:  85.98%
CPU 2 down residency:   0.00%
CPU 3 frequency: 1359 MHz
CPU 3 active residency:   9.44% (1020 MHz: 6.0% 1404 MHz: 1.1% 1788 MHz: .83% 2112 MHz: .28% 2352 MHz: .36% 2532 MHz: .55% 2592 MHz: .33%)
CPU 3 idle residency:  90.56%
CPU 3 down residency:   0.00%

P0-Cluster Online: 16%
P0-Cluster HW active frequency: 1836 MHz
P0-Cluster HW active residency:   5.84% (1260 MHz: 4.3% 1512 MHz:   0% 1800 MHz:   0% 2088 MHz:   0% 2352 MHz:   0% 2616 MHz: .05% 2868 MHz:   0% 3096 MHz: .42% 3300 MHz: .46% 3468 MHz: .14% 3624 MHz: .20% 3756 MHz: .26% 3828 MHz: .06% 3888 MHz:   0% 3948 MHz:   0% 3996 MHz:   0% 4044 MHz:   0% 4104 MHz:   0% 4416 MHz:   0% 4512 MHz:   0%)
P0-Cluster idle residency:   8.92%
P0-Cluster down residency:  85.23%
CPU 4 frequency: 1357 MHz
CPU 4 active residency:   0.71% (1260 MHz: .67% 1512 MHz:   0% 1800 MHz:   0% 2088 MHz:   0% 2352 MHz:   0% 2616 MHz:   0% 2868 MHz: .02% 3096 MHz:   0% 3300 MHz:   0% 3468 MHz: .02% 3624 MHz:   0% 3756 MHz:   0% 3828 MHz:   0% 3888 MHz:   0% 3948 MHz:   0% 3996 MHz:   0% 4044 MHz:   0% 4104 MHz:   0% 4416 MHz:   0% 4512 MHz:   0%)
CPU 4 idle residency:  14.28%
CPU 4 down residency:  85.01%
CPU 5 frequency: 1330 MHz
CPU 5 active residency:   0.69% (1260 MHz: .67% 1512 MHz:   0% 1800 MHz:   0% 2088 MHz:   0% 2352 MHz:   0% 2616 MHz:   0% 2868 MHz: .00% 3096 MHz:   0% 3300 MHz:   0% 3468 MHz: .02% 3624 MHz:   0% 3756 MHz:   0% 3828 MHz:   0% 3888 MHz:   0% 3948 MHz:   0% 3996 MHz:   0% 4044 MHz:   0% 4104 MHz:   0% 4416 MHz:   0% 4512 MHz:   0%)
CPU 5 idle residency:  14.30%
CPU 5 down residency:  85.01%
CPU 6 frequency: 2465 MHz
CPU 6 active residency:   1.92% (1260 MHz: .85% 1512 MHz:   0% 1800 MHz:   0% 2088 MHz: .09% 2352 MHz:   0% 2616 MHz: .02% 2868 MHz: .01% 3096 MHz: .13% 3300 MHz: .03% 3468 MHz: .10% 3624 MHz: .28% 3756 MHz: .37% 3828 MHz: .03% 3888 MHz:   0% 3948 MHz:   0% 3996 MHz:   0% 4044 MHz:   0% 4104 MHz:   0% 4416 MHz:   0% 4512 MHz:   0%)
CPU 6 idle residency:  13.53%
CPU 6 down residency:  84.55%
CPU 7 frequency: 1894 MHz
CPU 7 active residency:   1.21% (1260 MHz: .86% 1512 MHz:   0% 1800 MHz:   0% 2088 MHz:   0% 2352 MHz:   0% 2616 MHz: .01% 2868 MHz: .01% 3096 MHz: .04% 3300 MHz: .03% 3468 MHz: .02% 3624 MHz: .22% 3756 MHz: .01% 3828 MHz:   0% 3888 MHz:   0% 3948 MHz:   0% 3996 MHz:   0% 4044 MHz:   0% 4104 MHz:   0% 4416 MHz:   0% 4512 MHz:   0%)
CPU 7 idle residency:  13.95%
CPU 7 down residency:  84.84%
CPU 8 frequency: 2246 MHz
CPU 8 active residency:   1.68% (1260 MHz: .85% 1512 MHz:   0% 1800 MHz:   0% 2088 MHz:   0% 2352 MHz:   0% 2616 MHz: .10% 2868 MHz: .10% 3096 MHz: .10% 3300 MHz: .27% 3468 MHz: .02% 3624 MHz: .22% 3756 MHz: .03% 3828 MHz:   0% 3888 MHz:   0% 3948 MHz:   0% 3996 MHz:   0% 4044 MHz:   0% 4104 MHz:   0% 4416 MHz:   0% 4512 MHz:   0%)
CPU 8 idle residency:  13.63%
CPU 8 down residency:  84.69%
CPU 9 frequency: 1334 MHz
CPU 9 active residency:   0.69% (1260 MHz: .67% 1512 MHz:   0% 1800 MHz:   0% 2088 MHz:   0% 2352 MHz:   0% 2616 MHz:   0% 2868 MHz: .00% 3096 MHz:   0% 3300 MHz:   0% 3468 MHz: .02% 3624 MHz:   0% 3756 MHz:   0% 3828 MHz:   0% 3888 MHz:   0% 3948 MHz:   0% 3996 MHz:   0% 4044 MHz:   0% 4104 MHz:   0% 4416 MHz:   0% 4512 MHz:   0%)
CPU 9 idle residency:  14.30%
CPU 9 down residency:  85.01%

P1-Cluster HW active frequency: 3410 MHz
P1-Cluster HW active residency:  95.86% (1260 MHz: .49% 1512 MHz: .02% 1800 MHz: .00% 2088 MHz:   0% 2352 MHz:   0% 2616 MHz: 1.7% 2868 MHz:  27% 3096 MHz:  11% 3300 MHz: 6.6% 3468 MHz: 6.1% 3624 MHz: 4.7% 3756 MHz: 2.2% 3828 MHz: .92% 3888 MHz: 5.2% 3948 MHz:  18% 3996 MHz: 6.0% 4044 MHz: 5.1% 4104 MHz:   0% 4416 MHz:   0% 4512 MHz:   0%)
P1-Cluster idle residency:   4.14%
P1-Cluster down residency:   0.00%
CPU 10 frequency: 3665 MHz
CPU 10 active residency:  52.09% (1260 MHz: .06% 1512 MHz:   0% 1800 MHz:   0% 2088 MHz:   0% 2352 MHz:   0% 2616 MHz: 1.5% 2868 MHz:  14% 3096 MHz: 4.5% 3300 MHz: 4.1% 3468 MHz: 2.9% 3624 MHz: 3.2% 3756 MHz: 1.2% 3828 MHz: .36% 3888 MHz:   0% 3948 MHz: .09% 3996 MHz:   0% 4044 MHz:   0% 4104 MHz: .34% 4416 MHz: .35% 4512 MHz:  20%)
CPU 10 idle residency:  47.91%
CPU 10 down residency:   0.00%
CPU 11 frequency: 3768 MHz
CPU 11 active residency:  37.37% (1260 MHz: .02% 1512 MHz:   0% 1800 MHz:   0% 2088 MHz:   0% 2352 MHz:   0% 2616 MHz: .80% 2868 MHz: 9.3% 3096 MHz: 3.2% 3300 MHz: 1.4% 3468 MHz: 2.4% 3624 MHz: 1.7% 3756 MHz: .63% 3828 MHz: .30% 3888 MHz:   0% 3948 MHz: .03% 3996 MHz:   0% 4044 MHz:   0% 4104 MHz: .29% 4416 MHz: .35% 4512 MHz:  17%)
CPU 11 idle residency:  62.63%
CPU 11 down residency:   0.00%
CPU 12 frequency: 3472 MHz
CPU 12 active residency:  51.84% (1260 MHz: .07% 1512 MHz: .01% 1800 MHz:   0% 2088 MHz:   0% 2352 MHz:   0% 2616 MHz: 1.5% 2868 MHz:  18% 3096 MHz: 7.2% 3300 MHz: 4.3% 3468 MHz: 3.1% 3624 MHz: 2.0% 3756 MHz: .73% 3828 MHz: .35% 3888 MHz:   0% 3948 MHz: .37% 3996 MHz:   0% 4044 MHz:   0% 4104 MHz: .33% 4416 MHz: .09% 4512 MHz:  14%)
CPU 12 idle residency:  48.16%
CPU 12 down residency:   0.00%
CPU 13 frequency: 3664 MHz
CPU 13 active residency:  41.75% (1260 MHz: .06% 1512 MHz:   0% 1800 MHz:   0% 2088 MHz:   0% 2352 MHz:   0% 2616 MHz: 1.3% 2868 MHz:  15% 3096 MHz: 1.3% 3300 MHz: 1.3% 3468 MHz: 2.9% 3624 MHz: 1.6% 3756 MHz: 1.3% 3828 MHz: .06% 3888 MHz:   0% 3948 MHz:   0% 3996 MHz:   0% 4044 MHz:   0% 4104 MHz: .02% 4416 MHz:   0% 4512 MHz:  17%)
CPU 13 idle residency:  58.25%
CPU 13 down residency:   0.00%
CPU 14 frequency: 3871 MHz
CPU 14 active residency:  40.38% (1260 MHz: .02% 1512 MHz: .00% 1800 MHz: .00% 2088 MHz:   0% 2352 MHz:   0% 2616 MHz: .11% 2868 MHz: 3.4% 3096 MHz: 5.7% 3300 MHz: 3.8% 3468 MHz: 3.4% 3624 MHz: 3.0% 3756 MHz: .69% 3828 MHz: .35% 3888 MHz:   0% 3948 MHz: .34% 3996 MHz:   0% 4044 MHz:   0% 4104 MHz: .05% 4416 MHz:   0% 4512 MHz:  19%)
CPU 14 idle residency:  59.62%
CPU 14 down residency:   0.00%
CPU 15 frequency: 3671 MHz
CPU 15 active residency:  44.78% (1260 MHz: .06% 1512 MHz: .02% 1800 MHz: .00% 2088 MHz:   0% 2352 MHz:   0% 2616 MHz: .61% 2868 MHz: 7.7% 3096 MHz: 8.3% 3300 MHz: 4.2% 3468 MHz: 3.7% 3624 MHz: 1.3% 3756 MHz: 1.3% 3828 MHz: .49% 3888 MHz:   0% 3948 MHz: .39% 3996 MHz:   0% 4044 MHz:   0% 4104 MHz: .38% 4416 MHz: .39% 4512 MHz:  16%)
CPU 15 idle residency:  55.22%
CPU 15 down residency:   0.00%

CPU Power: 4587 mW
GPU Power: 32576 mW
ANE Power: 0 mW
Combined Power (CPU + GPU + ANE): 37163 mW

**** GPU usage ****

GPU HW active frequency: 1578 MHz
GPU HW active residency: 100.00% (338 MHz:   0% 618 MHz:   0% 796 MHz:   0% 924 MHz:   0% 952 MHz:   0% 1056 MHz:   0% 1062 MHz:   0% 1182 MHz:   0% 1182 MHz:   0% 1312 MHz:   0% 1242 MHz:   0% 1380 MHz:   0% 1326 MHz:   0% 1470 MHz:   0% 1578 MHz: 100%)
GPU SW requested state: (P1 :   0% P2 :   0% P3 :   0% P4 :   0% P5 :   0% P6 :   0% P7 :   0% P8 :   0% P9 :   0% P10 : 100% P11 :   0% P12 :   0% P13 :   0% P14 :   0% P15 :   0%)
GPU SW state: (SW_P1 :   0% SW_P2 :   0% SW_P3 :   0% SW_P4 :   0% SW_P5 :   0% SW_P6 :   0% SW_P7 :   0% SW_P8 :   0% SW_P9 :   0% SW_P10 : 100% SW_P11 :   0% SW_P12 :   0% SW_P13 :   0% SW_P14 :   0% SW_P15 :   0%)
GPU idle residency:   0.00%
GPU Power: 32844 mW



*** Sampled system activity (Tue Jan 20 15:16:23 2026 +0100) (1021.06ms elapsed) ***


**** Processor usage ****

E-Cluster Online: 100%
E-Cluster HW active frequency: 1356 MHz
E-Cluster HW active residency:  57.49% (1020 MHz:  37% 1404 MHz: 6.0% 1788 MHz: 5.5% 2112 MHz: 1.8% 2352 MHz: 1.2% 2532 MHz: .83% 2592 MHz: 5.1%)
E-Cluster idle residency:  42.51%
E-Cluster down residency:   0.00%
CPU 0 frequency: 1346 MHz
CPU 0 active residency:  27.39% (1020 MHz:  18% 1404 MHz: 2.6% 1788 MHz: 3.0% 2112 MHz: .61% 2352 MHz: .55% 2532 MHz: .40% 2592 MHz: 2.3%)
CPU 0 idle residency:  72.61%
CPU 0 down residency:   0.00%
CPU 1 frequency: 1299 MHz
CPU 1 active residency:  17.30% (1020 MHz:  12% 1404 MHz: 1.8% 1788 MHz: 1.7% 2112 MHz: .41% 2352 MHz: .19% 2532 MHz: .22% 2592 MHz: 1.1%)
CPU 1 idle residency:  82.70%
CPU 1 down residency:   0.00%
CPU 2 frequency: 1407 MHz
CPU 2 active residency:  11.53% (1020 MHz: 7.1% 1404 MHz: .95% 1788 MHz: 1.4% 2112 MHz: .37% 2352 MHz: .31% 2532 MHz: .35% 2592 MHz: 1.1%)
CPU 2 idle residency:  88.47%
CPU 2 down residency:   0.00%
CPU 3 frequency: 1365 MHz
CPU 3 active residency:   5.48% (1020 MHz: 3.5% 1404 MHz: .61% 1788 MHz: .63% 2112 MHz: .04% 2352 MHz: .05% 2532 MHz: .02% 2592 MHz: .66%)
CPU 3 idle residency:  94.52%
CPU 3 down residency:   0.00%

P0-Cluster Online: 4%
P0-Cluster HW active frequency: 1521 MHz
P0-Cluster HW active residency:   0.96% (1260 MHz: .71% 1512 MHz:   0% 1800 MHz:   0% 2088 MHz: .18% 2352 MHz:   0% 2616 MHz: .08% 2868 MHz:   0% 3096 MHz:   0% 3300 MHz:   0% 3468 MHz:   0% 3624 MHz:   0% 3756 MHz:   0% 3828 MHz:   0% 3888 MHz:   0% 3948 MHz:   0% 3996 MHz:   0% 4044 MHz:   0% 4104 MHz:   0% 4416 MHz:   0% 4512 MHz:   0%)
P0-Cluster idle residency:   1.82%
P0-Cluster down residency:  97.21%
CPU 4 frequency: 0 MHz
CPU 4 active residency:   0.00% (1260 MHz:   0% 1512 MHz:   0% 1800 MHz:   0% 2088 MHz:   0% 2352 MHz:   0% 2616 MHz:   0% 2868 MHz:   0% 3096 MHz:   0% 3300 MHz:   0% 3468 MHz:   0% 3624 MHz:   0% 3756 MHz:   0% 3828 MHz:   0% 3888 MHz:   0% 3948 MHz:   0% 3996 MHz:   0% 4044 MHz:   0% 4104 MHz:   0% 4416 MHz:   0% 4512 MHz:   0%)
CPU 4 idle residency:   2.59%
CPU 4 down residency:  97.41%
CPU 5 frequency: 0 MHz
CPU 5 active residency:   0.00% (1260 MHz:   0% 1512 MHz:   0% 1800 MHz:   0% 2088 MHz:   0% 2352 MHz:   0% 2616 MHz:   0% 2868 MHz:   0% 3096 MHz:   0% 3300 MHz:   0% 3468 MHz:   0% 3624 MHz:   0% 3756 MHz:   0% 3828 MHz:   0% 3888 MHz:   0% 3948 MHz:   0% 3996 MHz:   0% 4044 MHz:   0% 4104 MHz:   0% 4416 MHz:   0% 4512 MHz:   0%)
CPU 5 idle residency:   2.55%
CPU 5 down residency:  97.45%
CPU 6 frequency: 0 MHz
CPU 6 active residency:   0.00% (1260 MHz:   0% 1512 MHz:   0% 1800 MHz:   0% 2088 MHz:   0% 2352 MHz:   0% 2616 MHz:   0% 2868 MHz:   0% 3096 MHz:   0% 3300 MHz:   0% 3468 MHz:   0% 3624 MHz:   0% 3756 MHz:   0% 3828 MHz:   0% 3888 MHz:   0% 3948 MHz:   0% 3996 MHz:   0% 4044 MHz:   0% 4104 MHz:   0% 4416 MHz:   0% 4512 MHz:   0%)
CPU 6 idle residency:   2.59%
CPU 6 down residency:  97.41%
CPU 7 frequency: 0 MHz
CPU 7 active residency:   0.00% (1260 MHz:   0% 1512 MHz:   0% 1800 MHz:   0% 2088 MHz:   0% 2352 MHz:   0% 2616 MHz:   0% 2868 MHz:   0% 3096 MHz:   0% 3300 MHz:   0% 3468 MHz:   0% 3624 MHz:   0% 3756 MHz:   0% 3828 MHz:   0% 3888 MHz:   0% 3948 MHz:   0% 3996 MHz:   0% 4044 MHz:   0% 4104 MHz:   0% 4416 MHz:   0% 4512 MHz:   0%)
CPU 7 idle residency:   2.57%
CPU 7 down residency:  97.43%
CPU 8 frequency: 0 MHz
CPU 8 active residency:   0.00% (1260 MHz:   0% 1512 MHz:   0% 1800 MHz:   0% 2088 MHz:   0% 2352 MHz:   0% 2616 MHz:   0% 2868 MHz:   0% 3096 MHz:   0% 3300 MHz:   0% 3468 MHz:   0% 3624 MHz:   0% 3756 MHz:   0% 3828 MHz:   0% 3888 MHz:   0% 3948 MHz:   0% 3996 MHz:   0% 4044 MHz:   0% 4104 MHz:   0% 4416 MHz:   0% 4512 MHz:   0%)
CPU 8 idle residency:   2.60%
CPU 8 down residency:  97.40%
CPU 9 frequency: 0 MHz
CPU 9 active residency:   0.00% (1260 MHz:   0% 1512 MHz:   0% 1800 MHz:   0% 2088 MHz:   0% 2352 MHz:   0% 2616 MHz:   0% 2868 MHz:   0% 3096 MHz:   0% 3300 MHz:   0% 3468 MHz:   0% 3624 MHz:   0% 3756 MHz:   0% 3828 MHz:   0% 3888 MHz:   0% 3948 MHz:   0% 3996 MHz:   0% 4044 MHz:   0% 4104 MHz:   0% 4416 MHz:   0% 4512 MHz:   0%)
CPU 9 idle residency:   2.60%
CPU 9 down residency:  97.40%

P1-Cluster HW active frequency: 3254 MHz
P1-Cluster HW active residency:  95.73% (1260 MHz: .48% 1512 MHz:   0% 1800 MHz: .01% 2088 MHz: .75% 2352 MHz: 2.2% 2616 MHz:  20% 2868 MHz:  14% 3096 MHz:  22% 3300 MHz: 1.8% 3468 MHz: .39% 3624 MHz: .39% 3756 MHz:   0% 3828 MHz: .39% 3888 MHz: 2.2% 3948 MHz:  21% 3996 MHz: 4.7% 4044 MHz: 6.7% 4104 MHz:   0% 4416 MHz:   0% 4512 MHz:   0%)
P1-Cluster idle residency:   4.27%
P1-Cluster down residency:   0.00%
CPU 10 frequency: 3455 MHz
CPU 10 active residency:  44.98% (1260 MHz: .05% 1512 MHz:   0% 1800 MHz: .01% 2088 MHz: .01% 2352 MHz: .06% 2616 MHz: 2.0% 2868 MHz:  11% 3096 MHz:  16% 3300 MHz: 1.6% 3468 MHz: .39% 3624 MHz: .39% 3756 MHz:   0% 3828 MHz: .39% 3888 MHz:   0% 3948 MHz: .38% 3996 MHz:   0% 4044 MHz:   0% 4104 MHz: .39% 4416 MHz: .39% 4512 MHz:  12%)
CPU 10 idle residency:  55.02%
CPU 10 down residency:   0.00%
CPU 11 frequency: 3414 MHz
CPU 11 active residency:  42.07% (1260 MHz: .05% 1512 MHz:   0% 1800 MHz: .00% 2088 MHz: .61% 2352 MHz: 1.7% 2616 MHz:  13% 2868 MHz: 5.2% 3096 MHz: 4.6% 3300 MHz: .53% 3468 MHz: .01% 3624 MHz: .00% 3756 MHz:   0% 3828 MHz: .00% 3888 MHz:   0% 3948 MHz: .00% 3996 MHz:   0% 4044 MHz:   0% 4104 MHz: .03% 4416 MHz: .02% 4512 MHz:  16%)
CPU 11 idle residency:  57.93%
CPU 11 down residency:   0.00%
CPU 12 frequency: 3283 MHz
CPU 12 active residency:  55.79% (1260 MHz: .09% 1512 MHz:   0% 1800 MHz: .01% 2088 MHz: .70% 2352 MHz: 1.8% 2616 MHz:  13% 2868 MHz:  10% 3096 MHz:  14% 3300 MHz: .98% 3468 MHz: .05% 3624 MHz: .09% 3756 MHz:   0% 3828 MHz: .06% 3888 MHz:   0% 3948 MHz: .11% 3996 MHz:   0% 4044 MHz:   0% 4104 MHz: .06% 4416 MHz: .07% 4512 MHz:  15%)
CPU 12 idle residency:  44.21%
CPU 12 down residency:   0.00%
CPU 13 frequency: 3323 MHz
CPU 13 active residency:  59.24% (1260 MHz: .10% 1512 MHz:   0% 1800 MHz: .01% 2088 MHz: .58% 2352 MHz: 1.6% 2616 MHz:  14% 2868 MHz:  10% 3096 MHz:  14% 3300 MHz: 1.0% 3468 MHz: .21% 3624 MHz: .07% 3756 MHz:   0% 3828 MHz: .19% 3888 MHz:   0% 3948 MHz: .05% 3996 MHz:   0% 4044 MHz:   0% 4104 MHz: .16% 4416 MHz: .07% 4512 MHz:  17%)
CPU 13 idle residency:  40.76%
CPU 13 down residency:   0.00%
CPU 14 frequency: 4258 MHz
CPU 14 active residency:  24.18% (1260 MHz: .01% 1512 MHz:   0% 1800 MHz:   0% 2088 MHz: .03% 2352 MHz: .14% 2616 MHz: .86% 2868 MHz: 1.6% 3096 MHz: 1.0% 3300 MHz: .07% 3468 MHz: .00% 3624 MHz:   0% 3756 MHz:   0% 3828 MHz:   0% 3888 MHz:   0% 3948 MHz: .00% 3996 MHz:   0% 4044 MHz:   0% 4104 MHz: .00% 4416 MHz:   0% 4512 MHz:  20%)
CPU 14 idle residency:  75.82%
CPU 14 down residency:   0.00%
CPU 15 frequency: 4466 MHz
CPU 15 active residency:  17.69% (1260 MHz: .01% 1512 MHz:   0% 1800 MHz:   0% 2088 MHz:   0% 2352 MHz:   0% 2616 MHz: .18% 2868 MHz: .07% 3096 MHz: .25% 3300 MHz: .00% 3468 MHz:   0% 3624 MHz:   0% 3756 MHz:   0% 3828 MHz:   0% 3888 MHz:   0% 3948 MHz:   0% 3996 MHz:   0% 4044 MHz:   0% 4104 MHz:   0% 4416 MHz:   0% 4512 MHz:  17%)
CPU 15 idle residency:  82.31%
CPU 15 down residency:   0.00%

CPU Power: 3847 mW
GPU Power: 32793 mW
ANE Power: 0 mW
Combined Power (CPU + GPU + ANE): 36640 mW

**** GPU usage ****

GPU HW active frequency: 1578 MHz
GPU HW active residency: 100.00% (338 MHz:   0% 618 MHz:   0% 796 MHz:   0% 924 MHz:   0% 952 MHz:   0% 1056 MHz:   0% 1062 MHz:   0% 1182 MHz:   0% 1182 MHz:   0% 1312 MHz:   0% 1242 MHz:   0% 1380 MHz:   0% 1326 MHz:   0% 1470 MHz:   0% 1578 MHz: 100%)
GPU SW requested state: (P1 :   0% P2 :   0% P3 :   0% P4 :   0% P5 :   0% P6 :   0% P7 :   0% P8 :   0% P9 :   0% P10 : 100% P11 :   0% P12 :   0% P13 :   0% P14 :   0% P15 :   0%)
GPU SW state: (SW_P1 :   0% SW_P2 :   0% SW_P3 :   0% SW_P4 :   0% SW_P5 :   0% SW_P6 :   0% SW_P7 :   0% SW_P8 :   0% SW_P9 :   0% SW_P10 : 100% SW_P11 :   0% SW_P12 :   0% SW_P13 :   0% SW_P14 :   0% SW_P15 :   0%)
GPU idle residency:   0.00%
GPU Power: 32792 mW



*** Sampled system activity (Tue Jan 20 15:16:24 2026 +0100) (1021.41ms elapsed) ***


**** Processor usage ****

E-Cluster Online: 100%
E-Cluster HW active frequency: 1387 MHz
E-Cluster HW active residency:  51.66% (1020 MHz:  33% 1404 MHz: 5.6% 1788 MHz: 2.9% 2112 MHz: 1.2% 2352 MHz: 3.6% 2532 MHz: 1.9% 2592 MHz: 3.6%)
E-Cluster idle residency:  48.34%
E-Cluster down residency:   0.00%
CPU 0 frequency: 1407 MHz
CPU 0 active residency:  27.97% (1020 MHz:  17% 1404 MHz: 3.2% 1788 MHz: 1.9% 2112 MHz: .72% 2352 MHz: 2.0% 2532 MHz: 1.1% 2592 MHz: 1.9%)
CPU 0 idle residency:  72.03%
CPU 0 down residency:   0.00%
CPU 1 frequency: 1379 MHz
CPU 1 active residency:  21.49% (1020 MHz:  13% 1404 MHz: 2.6% 1788 MHz: 1.5% 2112 MHz: .66% 2352 MHz: 1.6% 2532 MHz: .61% 2592 MHz: 1.2%)
CPU 1 idle residency:  78.51%
CPU 1 down residency:   0.00%
CPU 2 frequency: 1389 MHz
CPU 2 active residency:  13.53% (1020 MHz: 8.6% 1404 MHz: 1.2% 1788 MHz: .91% 2112 MHz: .50% 2352 MHz: 1.2% 2532 MHz: .43% 2592 MHz: .67%)
CPU 2 idle residency:  86.47%
CPU 2 down residency:   0.00%
CPU 3 frequency: 1487 MHz
CPU 3 active residency:   6.80% (1020 MHz: 3.6% 1404 MHz: .89% 1788 MHz: .68% 2112 MHz: .21% 2352 MHz: .80% 2532 MHz: .32% 2592 MHz: .34%)
CPU 3 idle residency:  93.20%
CPU 3 down residency:   0.00%

P0-Cluster Online: 36%
P0-Cluster HW active frequency: 3272 MHz
P0-Cluster HW active residency:  19.79% (1260 MHz: 3.7% 1512 MHz: .51% 1800 MHz: .36% 2088 MHz: .31% 2352 MHz: .55% 2616 MHz: .17% 2868 MHz:   0% 3096 MHz: .18% 3300 MHz: .35% 3468 MHz: .69% 3624 MHz: .38% 3756 MHz:   0% 3828 MHz: .17% 3888 MHz: .27% 3948 MHz: .66% 3996 MHz: 1.7% 4044 MHz: 9.3% 4104 MHz:   0% 4416 MHz: .02% 4512 MHz: .45%)
P0-Cluster idle residency:  15.38%
P0-Cluster down residency:  64.83%
CPU 4 frequency: 3755 MHz
CPU 4 active residency:   1.48% (1260 MHz: .31% 1512 MHz:   0% 1800 MHz:   0% 2088 MHz: .04% 2352 MHz:   0% 2616 MHz:   0% 2868 MHz:   0% 3096 MHz: .01% 3300 MHz:   0% 3468 MHz:   0% 3624 MHz:   0% 3756 MHz:   0% 3828 MHz:   0% 3888 MHz:   0% 3948 MHz:   0% 3996 MHz:   0% 4044 MHz:   0% 4104 MHz:   0% 4416 MHz:   0% 4512 MHz: 1.1%)
CPU 4 idle residency:  33.73%
CPU 4 down residency:  64.79%
CPU 5 frequency: 2817 MHz
CPU 5 active residency:   0.71% (1260 MHz: .30% 1512 MHz:   0% 1800 MHz:   0% 2088 MHz: .09% 2352 MHz:   0% 2616 MHz:   0% 2868 MHz:   0% 3096 MHz:   0% 3300 MHz:   0% 3468 MHz:   0% 3624 MHz:   0% 3756 MHz:   0% 3828 MHz:   0% 3888 MHz:   0% 3948 MHz:   0% 3996 MHz:   0% 4044 MHz:   0% 4104 MHz:   0% 4416 MHz:   0% 4512 MHz: .32%)
CPU 5 idle residency:  34.50%
CPU 5 down residency:  64.79%
CPU 6 frequency: 3477 MHz
CPU 6 active residency:   2.34% (1260 MHz: .34% 1512 MHz: .05% 1800 MHz: .13% 2088 MHz: .05% 2352 MHz: .05% 2616 MHz:   0% 2868 MHz:   0% 3096 MHz: .00% 3300 MHz: .07% 3468 MHz: .24% 3624 MHz:   0% 3756 MHz:   0% 3828 MHz: .17% 3888 MHz: .19% 3948 MHz: .05% 3996 MHz:   0% 4044 MHz:   0% 4104 MHz:   0% 4416 MHz:   0% 4512 MHz: 1.0%)
CPU 6 idle residency:  32.77%
CPU 6 down residency:  64.89%
CPU 7 frequency: 3635 MHz
CPU 7 active residency:   3.70% (1260 MHz: .34% 1512 MHz: .09% 1800 MHz: .04% 2088 MHz: .06% 2352 MHz: .04% 2616 MHz:   0% 2868 MHz:   0% 3096 MHz: .02% 3300 MHz: .18% 3468 MHz: .70% 3624 MHz: .38% 3756 MHz:   0% 3828 MHz: .12% 3888 MHz: .16% 3948 MHz: .04% 3996 MHz:   0% 4044 MHz:   0% 4104 MHz:   0% 4416 MHz:   0% 4512 MHz: 1.5%)
CPU 7 idle residency:  31.47%
CPU 7 down residency:  64.83%
CPU 8 frequency: 4130 MHz
CPU 8 active residency:   7.22% (1260 MHz: .33% 1512 MHz: .02% 1800 MHz: .04% 2088 MHz: .03% 2352 MHz: .05% 2616 MHz:   0% 2868 MHz:   0% 3096 MHz: .03% 3300 MHz: .33% 3468 MHz: .31% 3624 MHz: .35% 3756 MHz:   0% 3828 MHz: .16% 3888 MHz: .17% 3948 MHz: .03% 3996 MHz:   0% 4044 MHz:   0% 4104 MHz:   0% 4416 MHz:   0% 4512 MHz: 5.4%)
CPU 8 idle residency:  27.86%
CPU 8 down residency:  64.93%
CPU 9 frequency: 4335 MHz
CPU 9 active residency:   5.96% (1260 MHz: .31% 1512 MHz:   0% 1800 MHz:   0% 2088 MHz: .00% 2352 MHz:   0% 2616 MHz: .03% 2868 MHz:   0% 3096 MHz:   0% 3300 MHz:   0% 3468 MHz:   0% 3624 MHz:   0% 3756 MHz:   0% 3828 MHz:   0% 3888 MHz:   0% 3948 MHz:   0% 3996 MHz:   0% 4044 MHz:   0% 4104 MHz:   0% 4416 MHz:   0% 4512 MHz: 5.6%)
CPU 9 idle residency:  29.28%
CPU 9 down residency:  64.75%

P1-Cluster HW active frequency: 3372 MHz
P1-Cluster HW active residency:  66.52% (1260 MHz: 2.1% 1512 MHz: 1.1% 1800 MHz: 1.8% 2088 MHz: 1.4% 2352 MHz: 1.0% 2616 MHz: 2.6% 2868 MHz: 3.5% 3096 MHz:  12% 3300 MHz: 2.7% 3468 MHz: 4.2% 3624 MHz: 4.4% 3756 MHz: 4.1% 3828 MHz: 1.1% 3888 MHz: 3.0% 3948 MHz: .89% 3996 MHz: 3.1% 4044 MHz:  18% 4104 MHz:   0% 4416 MHz:   0% 4512 MHz:   0%)
P1-Cluster idle residency:   9.86%
P1-Cluster down residency:  23.62%
CPU 10 frequency: 3561 MHz
CPU 10 active residency:  13.75% (1260 MHz: .08% 1512 MHz:   0% 1800 MHz: .04% 2088 MHz:   0% 2352 MHz: .00% 2616 MHz: .22% 2868 MHz: .90% 3096 MHz: 3.2% 3300 MHz: 1.0% 3468 MHz: 2.3% 3624 MHz: 2.0% 3756 MHz: .09% 3828 MHz: .54% 3888 MHz: .39% 3948 MHz: .19% 3996 MHz:   0% 4044 MHz:   0% 4104 MHz: .01% 4416 MHz:   0% 4512 MHz: 2.7%)
CPU 10 idle residency:  62.63%
CPU 10 down residency:  23.62%
CPU 11 frequency: 3288 MHz
CPU 11 active residency:  20.28% (1260 MHz: .12% 1512 MHz:   0% 1800 MHz: .05% 2088 MHz: .03% 2352 MHz: .22% 2616 MHz: 1.5% 2868 MHz: 1.9% 3096 MHz: 8.3% 3300 MHz: 1.3% 3468 MHz: 2.1% 3624 MHz: 1.0% 3756 MHz: .36% 3828 MHz: .12% 3888 MHz: .99% 3948 MHz: .23% 3996 MHz:   0% 4044 MHz:   0% 4104 MHz: .00% 4416 MHz:   0% 4512 MHz: 1.9%)
CPU 11 idle residency:  56.10%
CPU 11 down residency:  23.62%
CPU 12 frequency: 3413 MHz
CPU 12 active residency:  17.82% (1260 MHz: .07% 1512 MHz:   0% 1800 MHz:   0% 2088 MHz:   0% 2352 MHz:   0% 2616 MHz: .23% 2868 MHz: .82% 3096 MHz: 7.4% 3300 MHz: 1.4% 3468 MHz: 2.3% 3624 MHz: 1.7% 3756 MHz: 1.5% 3828 MHz: .04% 3888 MHz: .22% 3948 MHz: .16% 3996 MHz:   0% 4044 MHz:   0% 4104 MHz:   0% 4416 MHz:   0% 4512 MHz: 1.9%)
CPU 12 idle residency:  58.05%
CPU 12 down residency:  24.13%
CPU 13 frequency: 3781 MHz
CPU 13 active residency:  41.85% (1260 MHz: .08% 1512 MHz: .38% 1800 MHz: .83% 2088 MHz: .61% 2352 MHz: .71% 2616 MHz: .77% 2868 MHz: 1.4% 3096 MHz: 8.3% 3300 MHz: 2.3% 3468 MHz: 1.9% 3624 MHz: 1.8% 3756 MHz: .97% 3828 MHz: .21% 3888 MHz: .80% 3948 MHz: .58% 3996 MHz:   0% 4044 MHz:   0% 4104 MHz: .39% 4416 MHz: .77% 4512 MHz:  19%)
CPU 13 idle residency:  34.52%
CPU 13 down residency:  23.62%
CPU 14 frequency: 3585 MHz
CPU 14 active residency:  12.99% (1260 MHz: .08% 1512 MHz:   0% 1800 MHz:   0% 2088 MHz: .00% 2352 MHz: .03% 2616 MHz: .25% 2868 MHz: .98% 3096 MHz: 2.1% 3300 MHz: .58% 3468 MHz: 1.7% 3624 MHz: 2.0% 3756 MHz: 1.4% 3828 MHz: .90% 3888 MHz: .90% 3948 MHz: .22% 3996 MHz:   0% 4044 MHz:   0% 4104 MHz: .00% 4416 MHz:   0% 4512 MHz: 1.8%)
CPU 14 idle residency:  63.39%
CPU 14 down residency:  23.62%
CPU 15 frequency: 3407 MHz
CPU 15 active residency:  15.25% (1260 MHz: .09% 1512 MHz: .76% 1800 MHz: .78% 2088 MHz: .76% 2352 MHz: .05% 2616 MHz: .08% 2868 MHz: .46% 3096 MHz: 1.0% 3300 MHz: .96% 3468 MHz: 1.8% 3624 MHz: 2.4% 3756 MHz: 2.3% 3828 MHz: .90% 3888 MHz: .49% 3948 MHz: .19% 3996 MHz:   0% 4044 MHz:   0% 4104 MHz: .00% 4416 MHz: .01% 4512 MHz: 2.3%)
CPU 15 idle residency:  61.13%
CPU 15 down residency:  23.62%

CPU Power: 3155 mW
GPU Power: 9393 mW
ANE Power: 0 mW
Combined Power (CPU + GPU + ANE): 12548 mW

**** GPU usage ****

GPU HW active frequency: 1440 MHz
GPU HW active residency:  32.31% (338 MHz: 3.6% 618 MHz:   0% 796 MHz:   0% 924 MHz:   0% 952 MHz:   0% 1056 MHz:   0% 1062 MHz:   0% 1182 MHz:   0% 1182 MHz:   0% 1312 MHz:   0% 1242 MHz:   0% 1380 MHz:   0% 1326 MHz:   0% 1470 MHz:   0% 1578 MHz:  29%)
GPU SW requested state: (P1 :  11% P2 :   0% P3 :   0% P4 :   0% P5 :   0% P6 :   0% P7 :   0% P8 :   0% P9 :   0% P10 :  89% P11 :   0% P12 :   0% P13 :   0% P14 :   0% P15 :   0%)
GPU SW state: (SW_P1 : 3.6% SW_P2 :   0% SW_P3 :   0% SW_P4 :   0% SW_P5 :   0% SW_P6 :   0% SW_P7 :   0% SW_P8 :   0% SW_P9 :   0% SW_P10 :  29% SW_P11 :   0% SW_P12 :   0% SW_P13 :   0% SW_P14 :   0% SW_P15 :   0%)
GPU idle residency:  67.69%
GPU Power: 9126 mW

